{
  "Bipolar Forceps": 0.0,
  "Electric Cautery": 0.05131023464919061,
  "Forceps": 0.007920792079207917,
  "Gauze": 0.007634099107649415,
  "Hook": 0.0,
  "Mouth Gag": 0.0,
  "Needle Holders": 0.0,
  "Raspatory": 4.6592894583576e-05,
  "Retractor": 0.0,
  "Scalpel": 0.04464468036655204,
  "Scissors": 0.020819243638183934,
  "Skewer": 0.0,
  "Suction Cannula": 0.0009934352893774066,
  "Syringe": 0.019907943080338723,
  "Tweezers": 0.059314933833714695
}
