{
  "epoch": 10,
  "mAP": 0.296,
  "val/AP_common": 0.2934166666666666,
  "val/AP_rare": 0.11133333333333334,
  "val/mAP": 0.296,
  "val/mAP_50": 0.402,
  "val/mAP_75": 0.322
}
