experiment_id,group,step,description,split,eval_recipe_id,n_runs,n_seeds,seeds,runs_per_seed_max,hosts,n_runs_excluded,per_class_kind,per_class_metric,arm,control_of,pairing_provenance,control_note_value,delta_method,n_command_variants,AP_common_mean,AP_common_pstd,AP_common_min,AP_common_max,AP_rare_mean,AP_rare_pstd,AP_rare_min,AP_rare_max,accuracy_mean,accuracy_pstd,accuracy_min,accuracy_max,best_epoch_mean,best_epoch_pstd,best_epoch_min,best_epoch_max,control_init_mAP_mean,control_init_mAP_pstd,control_init_mAP_min,control_init_mAP_max,control_mAP_mean,control_mAP_pstd,control_mAP_min,control_mAP_max,delta_control_mean,delta_control_pstd,delta_control_min,delta_control_max,delta_detection_mean,delta_detection_pstd,delta_detection_min,delta_detection_max,edit_score_mean,edit_score_pstd,edit_score_min,edit_score_max,frame_acc_inline_mean,frame_acc_inline_pstd,frame_acc_inline_min,frame_acc_inline_max,init_mAP_mean,init_mAP_pstd,init_mAP_min,init_mAP_max,injection_effect_mean,injection_effect_pstd,injection_effect_min,injection_effect_max,jaccard_mean,jaccard_pstd,jaccard_min,jaccard_max,mAP_mean,mAP_pstd,mAP_min,mAP_max,mAP_50_mean,mAP_50_pstd,mAP_50_min,mAP_50_max,mAP_75_mean,mAP_75_pstd,mAP_75_min,mAP_75_max,macro_f1_mean,macro_f1_pstd,macro_f1_min,macro_f1_max,seg_f1_10_mean,seg_f1_10_pstd,seg_f1_10_min,seg_f1_10_max,seg_f1_25_mean,seg_f1_25_pstd,seg_f1_25_min,seg_f1_25_max,seg_f1_50_mean,seg_f1_50_pstd,seg_f1_50_min,seg_f1_50_max,sigma2_d_mean,sigma2_d_pstd,sigma2_d_min,sigma2_d_max,sigma2_p_mean,sigma2_p_pstd,sigma2_p_min,sigma2_p_max,sticky_accuracy_mean,sticky_accuracy_pstd,sticky_accuracy_min,sticky_accuracy_max,sticky_edit_score_mean,sticky_edit_score_pstd,sticky_edit_score_min,sticky_edit_score_max,sticky_jaccard_mean,sticky_jaccard_pstd,sticky_jaccard_min,sticky_jaccard_max,sticky_macro_f1_mean,sticky_macro_f1_pstd,sticky_macro_f1_min,sticky_macro_f1_max,sticky_seg_f1_10_mean,sticky_seg_f1_10_pstd,sticky_seg_f1_10_min,sticky_seg_f1_10_max,sticky_seg_f1_25_mean,sticky_seg_f1_25_pstd,sticky_seg_f1_25_min,sticky_seg_f1_25_max,sticky_seg_f1_50_mean,sticky_seg_f1_50_pstd,sticky_seg_f1_50_min,sticky_seg_f1_50_max,tool_mAP_mean,tool_mAP_pstd,tool_mAP_min,tool_mAP_max,delta_AP_common,delta_pstd_AP_common,delta_AP_rare,delta_pstd_AP_rare,delta_accuracy,delta_pstd_accuracy,delta_best_epoch,delta_pstd_best_epoch,delta_control_init_mAP,delta_pstd_control_init_mAP,delta_control_mAP,delta_pstd_control_mAP,delta_delta_control,delta_pstd_delta_control,delta_delta_detection,delta_pstd_delta_detection,delta_edit_score,delta_pstd_edit_score,delta_frame_acc_inline,delta_pstd_frame_acc_inline,delta_init_mAP,delta_pstd_init_mAP,delta_injection_effect,delta_pstd_injection_effect,delta_jaccard,delta_pstd_jaccard,delta_mAP,delta_pstd_mAP,delta_mAP_50,delta_pstd_mAP_50,delta_mAP_75,delta_pstd_mAP_75,delta_macro_f1,delta_pstd_macro_f1,delta_seg_f1_10,delta_pstd_seg_f1_10,delta_seg_f1_25,delta_pstd_seg_f1_25,delta_seg_f1_50,delta_pstd_seg_f1_50,delta_sigma2_d,delta_pstd_sigma2_d,delta_sigma2_p,delta_pstd_sigma2_p,delta_sticky_accuracy,delta_pstd_sticky_accuracy,delta_sticky_edit_score,delta_pstd_sticky_edit_score,delta_sticky_jaccard,delta_pstd_sticky_jaccard,delta_sticky_macro_f1,delta_pstd_sticky_macro_f1,delta_sticky_seg_f1_10,delta_pstd_sticky_seg_f1_10,delta_sticky_seg_f1_25,delta_pstd_sticky_seg_f1_25,delta_sticky_seg_f1_50,delta_pstd_sticky_seg_f1_50,delta_tool_mAP,delta_pstd_tool_mAP
_smoke_prior/s0/maskdino_bbox@val,_smoke_prior,s0,maskdino_bbox,val,,3,3,"42,123,456",1,,3,tool,AP,unknown,,not_determinable,,,1,0.013682885605707316,0.0013475595892069618,0.01210447244929276,0.015396934981604306,0.008030959855702907,0.0023183385452926826,0.004781724597529957,0.010034909916396552,,,,,,,,,,,,,,,,,,,,,,,,,,,,,,,,,,,,,,,,,,,,,0.014483654371968963,0.0013228878761722862,0.013489107626207905,0.016353227302984486,0.04627873271783878,0.003492617231702507,0.041981073011607334,0.05053591583306546,0.005059741235516527,0.000408514308672957,0.004567326066807766,0.005567619198028157,,,,,,,,,,,,,,,,,,,,,,,,,,,,,,,,,,,,,,,,,,,,,,,,,,,,,,,,,,,,,,,,,,,,,,,,,,,,,,,,,,,,,,,,,,,,,,,,,,,,,,,,,,,,,,,,,,,,
_smoke_prior/s0/varifocanet_bbox@val,_smoke_prior,s0,varifocanet_bbox,val,,3,3,"42,123,456",1,,3,tool,AP,unknown,,not_determinable,,,1,0.01579218331108504,0.000687234158005935,0.014933618250961627,0.016615909385962288,0.007171434510382412,0.0003106625286033803,0.006798497039479038,0.007559037634028946,,,,,,,,,,,,,,,,,,,,,,,,,,,,,,,,,,,,,,,,,,,,,0.01623234640493598,0.0005972814967531946,0.015529271685663567,0.016989324554189632,0.05017998824963829,0.0016524017032822581,0.04844547523648742,0.05240343262628294,0.005983907399327779,0.0006742189341373561,0.005113251243369854,0.006755873488074087,,,,,,,,,,,,,,,,,,,,,,,,,,,,,,,,,,,,,,,,,,,,,,,,,,,,,,,,,,,,,,,,,,,,,,,,,,,,,,,,,,,,,,,,,,,,,,,,,,,,,,,,,,,,,,,,,,,,
baselines/s0/aligndetr_bbox@val,baselines,s0,aligndetr_bbox,val,1cf2eece1cd3,3,3,"42,123,456",1,philip,0,tool,AP,unknown,,not_determinable,,,1,0.7010190000000001,0.013658221480119593,0.682323,0.71457,0.7868366666666666,0.008184614237838108,0.776898,0.796944,,,,,,,,,,,,,,,,,,,,,,,,,,,,,,,,,,,,,,,,,,,,,0.713279,0.01148590066124549,0.69723,0.723474,0.8352873333333333,0.014300826673851973,0.81683,0.851676,0.769734,0.009916783383066674,0.755967,0.778934,,,,,,,,,,,,,,,,,,,,,,,,,,,,,,,,,,,,,,,,,,,,,,,,,,,,,,,,,,,,,,,,,,,,,,,,,,,,,,,,,,,,,,,,,,,,,,,,,,,,,,,,,,,,,,,,,,,,
baselines/s0/codetr_bbox@val,baselines,s0,codetr_bbox,val,857cd0f5a5da,3,3,"42,123,456",1,,0,tool,AP,unknown,,not_determinable,,,1,0.6366410256410256,0.003009736555819634,0.6323846153846154,0.6387692307692308,0.7425,0.007153087911291675,0.734,0.7515000000000001,,,,,,,,,,,,,,,,,,,,,,,,,,,,,,,,,,,,,,,,,,,,,0.6973333333333332,0.0038586123009300786,0.692,0.701,0.839,0.0016329931618554534,0.837,0.841,0.7613333333333333,0.005249338582674545,0.754,0.766,,,,,,,,,,,,,,,,,,,,,,,,,,,,,,,,,,,,,,,,,,,,,,,,,,,,,,,,,,,,,,,,,,,,,,,,,,,,,,,,,,,,,,,,,,,,,,,,,,,,,,,,,,,,,,,,,,,,
baselines/s0/dacdetr_bbox@val,baselines,s0,dacdetr_bbox,val,e82672cdfc7d,3,3,"42,123,456",1,philip,0,tool,AP,unknown,,not_determinable,,,1,0.7061737718000913,0.0002066222970246717,0.7058831884994007,0.7063457124553231,0.778226289770781,0.0031439451088082506,0.7745783770576111,0.7822516402080837,,,,,11,0.0,11,11,,,,,,,,,,,,,,,,,,,,,,,,,,,,,,,,,,,,,0.716466988653047,0.00028765460378638047,0.7160932359699357,0.7167929673149268,0.8378746893889936,0.0017749362312669459,0.8357210513055029,0.84006819110348,0.7669761706624711,0.0011303294789077466,0.7659897792574065,0.7685587428349819,,,,,,,,,,,,,,,,,,,,,,,,,,,,,,,,,,,,,,,,,,,,,,,,,,,,,0.716466988653047,0.00028765460378638047,0.7160932359699357,0.7167929673149268,,,,,,,,,,,,,,,,,,,,,,,,,,,,,,,,,,,,,,,,,,,,,,,,,,,,,,,,,,,,
baselines/s0/ddq_bbox@val,baselines,s0,ddq_bbox,val,a63aecae1158,3,3,"42,123,456",1,philip,0,tool,AP,unknown,,not_determinable,,,1,0.6556666666666667,0.0026306742622934387,0.6520769230769231,0.6583076923076923,0.7683333333333333,0.0015456030825826347,0.7669999999999999,0.7705,,,,,,,,,,,,,,,,,,,,,,,,,,,,,,,,,,,,,,,,,,,,,0.7186666666666667,0.0020548046676563273,0.716,0.721,0.8456666666666667,0.0018856180831641285,0.843,0.847,0.779,0.006164414002968982,0.771,0.786,,,,,,,,,,,,,,,,,,,,,,,,,,,,,,,,,,,,,,,,,,,,,,,,,,,,,,,,,,,,,,,,,,,,,,,,,,,,,,,,,,,,,,,,,,,,,,,,,,,,,,,,,,,,,,,,,,,,
baselines/s0/ddq_smoke@val,baselines,s0,ddq_smoke,val,a63aecae1158,1,1,42,1,,1,tool,AP,unknown,,not_determinable,,,1,0.0,0.0,0.0,0.0,0.0,0.0,0.0,0.0,,,,,,,,,,,,,,,,,,,,,,,,,,,,,,,,,,,,,,,,,,,,,0.0,0.0,0.0,0.0,0.0,0.0,0.0,0.0,0.0,0.0,0.0,0.0,,,,,,,,,,,,,,,,,,,,,,,,,,,,,,,,,,,,,,,,,,,,,,,,,,,,,,,,,,,,,,,,,,,,,,,,,,,,,,,,,,,,,,,,,,,,,,,,,,,,,,,,,,,,,,,,,,,,
baselines/s0/dimaskdino_bbox@val,baselines,s0,dimaskdino_bbox,val,1cf2eece1cd3,3,3,"42,123,456",1,philip,0,tool,AP,unknown,,not_determinable,,,1,0.38595233333333334,0.02673977873672273,0.352078,0.417447,0.3812123333333333,0.11512775317398011,0.223447,0.49494,,,,,,,,,,,,,,,,,,,,,,,,,,,,,,,,,,,,,,,,,,,,,0.38527533333333336,0.03915412680959981,0.333702,0.428518,0.589922,0.04263107544972331,0.533511,0.636552,0.455951,0.04990336477633547,0.390953,0.512261,,,,,,,,,,,,,,,,,,,,,,,,,,,,,,,,,,,,,,,,,,,,,,,,,,,,,,,,,,,,,,,,,,,,,,,,,,,,,,,,,,,,,,,,,,,,,,,,,,,,,,,,,,,,,,,,,,,,
baselines/s0/focusdetr_bbox@val,baselines,s0,focusdetr_bbox,val,1cf2eece1cd3,3,3,"42,123,456",1,philip,0,tool,AP,unknown,,not_determinable,,,1,0.6889556666666666,0.00929860295361025,0.675851,0.696455,0.760098,0.01733504479371193,0.735651,0.773907,,,,,,,,,,,,,,,,,,,,,,,,,,,,,,,,,,,,,,,,,,,,,0.6991189999999999,0.007044860869219969,0.689406,0.705896,0.842727,0.003161382292605588,0.838278,0.845334,0.7634676666666667,0.008565841361023554,0.753831,0.774643,,,,,,,,,,,,,,,,,,,,,,,,,,,,,,,,,,,,,,,,,,,,,,,,,,,,,,,,,,,,,,,,,,,,,,,,,,,,,,,,,,,,,,,,,,,,,,,,,,,,,,,,,,,,,,,,,,,,
baselines/s0/maskdino_bbox@val#None,baselines,s0,maskdino_bbox,val,,3,3,"42,123,456",1,,3,tool,AP,unknown,,not_determinable,,,1,0.3093888888888889,0.011974961016973111,0.2934166666666666,0.32225000000000004,0.1267777777777778,0.011707336520108315,0.11133333333333334,0.1396666666666667,,,,,,,,,,,,,,,,,,,,,,,,,,,,,,,,,,,,,,,,,,,,,0.31466666666666665,0.013424687043734857,0.296,0.327,0.42933333333333334,0.0204015249974658,0.402,0.451,0.3426666666666667,0.015412837362262512,0.322,0.359,,,,,,,,,,,,,,,,,,,,,,,,,,,,,,,,,,,,,,,,,,,,,,,,,,,,,,,,,,,,,,,,,,,,,,,,,,,,,,,,,,,,,,,,,,,,,,,,,,,,,,,,,,,,,,,,,,,,
baselines/s0/maskdino_bbox@val#a63aecae,baselines,s0,maskdino_bbox,val,a63aecae1158,3,3,"42,123,456",1,,0,tool,AP,unknown,,not_determinable,,,1,0.6056410256410256,0.005205949158450163,0.6017692307692308,0.613,0.764,0.010464224768228163,0.752,0.7775,,,,,,,,,,,,,,,,,,,,,,,,,,,,,,,,,,,,,,,,,,,,,0.6716666666666667,0.0038586123009300786,0.668,0.677,0.7986666666666667,0.006649979114420007,0.793,0.808,0.7303333333333333,0.0009428090415820643,0.729,0.731,,,,,,,,,,,,,,,,,,,,,,,,,,,,,,,,,,,,,,,,,,,,,,,,,,,,,,,,,,,,,,,,,,,,,,,,,,,,,,,,,,,,,,,,,,,,,,,,,,,,,,,,,,,,,,,,,,,,
baselines/s0/mrdetralign_bbox@val,baselines,s0,mrdetralign_bbox,val,1cf2eece1cd3,3,3,"42,123,456",1,philip,0,tool,AP,unknown,,not_determinable,,,1,0.711071,0.0009131181011603325,0.710174,0.712324,0.7698083333333333,0.0026770905019359477,0.766052,0.772096,,,,,,,,,,,,,,,,,,,,,,,,,,,,,,,,,,,,,,,,,,,,,0.7194619999999999,0.0004477104719198138,0.718903,0.719999,0.84031,0.0032412436913423263,0.835756,0.843039,0.7738236666666667,0.00405190336618347,0.768513,0.778343,,,,,,,,,,,,,,,,,,,,,,,,,,,,,,,,,,,,,,,,,,,,,,,,,,,,,,,,,,,,,,,,,,,,,,,,,,,,,,,,,,,,,,,,,,,,,,,,,,,,,,,,,,,,,,,,,,,,
baselines/s0/mrdetrdino_bbox@val,baselines,s0,mrdetrdino_bbox,val,1cf2eece1cd3,3,3,"42,123,456",1,philip,0,tool,AP,unknown,,not_determinable,,,1,0.7127243333333333,0.007076649034363332,0.703963,0.721294,0.7798546666666667,0.007052655733047591,0.769884,0.785062,,,,,,,,,,,,,,,,,,,,,,,,,,,,,,,,,,,,,,,,,,,,,0.7223143333333333,0.006154702935335107,0.715486,0.730403,0.8487133333333333,0.006221466565225811,0.841934,0.85696,0.779376,0.006550431487059969,0.770604,0.786341,,,,,,,,,,,,,,,,,,,,,,,,,,,,,,,,,,,,,,,,,,,,,,,,,,,,,,,,,,,,,,,,,,,,,,,,,,,,,,,,,,,,,,,,,,,,,,,,,,,,,,,,,,,,,,,,,,,,
baselines/s0/relationdetr_bbox@val,baselines,s0,relationdetr_bbox,val,b66459018a92,3,3,"42,123,456",1,philip,0,tool,AP,unknown,,not_determinable,,,1,0.723202,0.0025069608426672102,0.71966,0.725107,0.7483483333333334,0.008913591918462986,0.736307,0.757599,,,,,,,,,,,,,,,,,,,,,,,,,,,,,,,,,,,,,,,,,,,,,0.7267943333333333,0.0033960155411239916,0.722038,0.729749,0.8516666666666667,0.003299831645537225,0.847,0.854,0.7793333333333333,0.0023570226039551605,0.776,0.781,,,,,,,,,,,,,,,,,,,,,,,,,,,,,,,,,,,,,,,,,,,,,,,,,,,,,,,,,,,,,,,,,,,,,,,,,,,,,,,,,,,,,,,,,,,,,,,,,,,,,,,,,,,,,,,,,,,,
baselines/s0/sensex_codino_bbox@val,baselines,s0,sensex_codino_bbox,val,4c38a4a7853f,1,1,42,1,philip,0,tool,AP,unknown,,not_determinable,,,1,0.7142500000000002,0.0,0.7142500000000002,0.7142500000000002,0.7435,0.0,0.7435,0.7435,,,,,12,0.0,12,12,,,,,,,,,,,,,,,,,,,,,,,,,,,,,,,,,,,,,0.718,0.0,0.718,0.718,0.856,0.0,0.856,0.856,0.785,0.0,0.785,0.785,,,,,,,,,,,,,,,,,,,,,,,,,,,,,,,,,,,,,,,,,,,,,,,,,,,,,0.718,0.0,0.718,0.718,,,,,,,,,,,,,,,,,,,,,,,,,,,,,,,,,,,,,,,,,,,,,,,,,,,,,,,,,,,,
baselines/s0/stabledino_bbox@val,baselines,s0,stabledino_bbox,val,1cf2eece1cd3,3,3,"42,123,456",1,philip,0,tool,AP,unknown,,not_determinable,,,1,0.7140706666666666,0.004034974294286814,0.708395,0.71742,0.749936,0.016841648395174023,0.734605,0.773387,,,,,,,,,,,,,,,,,,,,,,,,,,,,,,,,,,,,,,,,,,,,,0.719194,0.005451893310279188,0.712139,0.725415,0.8493533333333334,0.006082723311880025,0.841134,0.855661,0.7781416666666666,0.009264499854582263,0.765449,0.787302,,,,,,,,,,,,,,,,,,,,,,,,,,,,,,,,,,,,,,,,,,,,,,,,,,,,,,,,,,,,,,,,,,,,,,,,,,,,,,,,,,,,,,,,,,,,,,,,,,,,,,,,,,,,,,,,,,,,
baselines/s0/varifocanet_bbox@val#None,baselines,s0,varifocanet_bbox,val,,3,3,"42,123,456",1,,3,tool,AP,unknown,,not_determinable,,,1,0.2683333333333333,0.004810771093963894,0.26316666666666666,0.27475,0.1297777777777778,0.003947182148518143,0.125,0.13466666666666668,,,,,,,,,,,,,,,,,,,,,,,,,,,,,,,,,,,,,,,,,,,,,0.2776666666666667,0.0054365021434333435,0.272,0.285,0.409,0.007483314773547865,0.399,0.417,0.29766666666666663,0.005249338582674545,0.293,0.305,,,,,,,,,,,,,,,,,,,,,,,,,,,,,,,,,,,,,,,,,,,,,,,,,,,,,,,,,,,,,,,,,,,,,,,,,,,,,,,,,,,,,,,,,,,,,,,,,,,,,,,,,,,,,,,,,,,,
baselines/s0/varifocanet_bbox@val#a63aecae,baselines,s0,varifocanet_bbox,val,a63aecae1158,3,3,"42,123,456",1,,0,tool,AP,unknown,,not_determinable,,,1,0.5547435897435897,0.0020296940950936594,0.551923076923077,0.5566153846153846,0.705,0.005354126134736383,0.698,0.7110000000000001,,,,,,,,,,,,,,,,,,,,,,,,,,,,,,,,,,,,,,,,,,,,,0.616,0.0016329931618554534,0.614,0.618,0.7553333333333333,0.0030912061651652374,0.751,0.758,0.6756666666666667,0.0038586123009300786,0.672,0.681,,,,,,,,,,,,,,,,,,,,,,,,,,,,,,,,,,,,,,,,,,,,,,,,,,,,,,,,,,,,,,,,,,,,,,,,,,,,,,,,,,,,,,,,,,,,,,,,,,,,,,,,,,,,,,,,,,,,
baselines/s0_frozen/relationdetr_s0frozen_cocohead@val,baselines,s0_frozen,relationdetr_s0frozen_cocohead,val,250424985fbf,3,3,"42,123,456",1,lecun,0,tool,AP,unknown,,not_determinable,,,2,0.6962713333333334,0.005321381169917743,0.688899,0.701266,0.7583546666666667,0.0074373835154276915,0.747916,0.764691,,,,,,,,,,,,,,,,,,,,,,,,,,,,,,,,,,,,,,,,,,,,,0.7051403333333333,0.004215369840107619,0.699726,0.710008,0.8296666666666667,0.006342099196813489,0.821,0.836,0.748,0.006976149845485456,0.739,0.756,,,,,,,,,,,,,,,,,,,,,,,,,,,,,,,,,,,,,,,,,,,,,,,,,,,,,,,,,,,,,,,,,,,,,,,,,,,,,,,,,,,,,,,,,,,,,,,,,,,,,,,,,,,,,,,,,,,,
baselines/s0_frozen/relationdetr_s0frozen_neck_cocohead@val,baselines,s0_frozen,relationdetr_s0frozen_neck_cocohead,val,250424985fbf,3,3,"42,123,456",1,lecun,0,tool,AP,unknown,,not_determinable,,,2,0.70068,0.00850757901324849,0.689405,0.709954,0.762733,0.011802553311324895,0.751444,0.779025,,,,,,,,,,,,,,,,,,,,,,,,,,,,,,,,,,,,,,,,,,,,,0.7095446666666666,0.007398339918897735,0.699166,0.715881,0.835,0.007788880963698622,0.825,0.844,0.7583333333333333,0.008178562764256872,0.747,0.766,,,,,,,,,,,,,,,,,,,,,,,,,,,,,,,,,,,,,,,,,,,,,,,,,,,,,,,,,,,,,,,,,,,,,,,,,,,,,,,,,,,,,,,,,,,,,,,,,,,,,,,,,,,,,,,,,,,,
phase0/s3/phase_frame@None,phase0,s3,phase_frame,,,3,3,"42,123,456",1,,3,None,None,unknown,,not_determinable,,,1,,,,,,,,,,,,,,,,,,,,,,,,,,,,,,,,,,,,,,,,,,,,,,,,,,,,,,,,,,,,,,,,,,,,,,,,,,,,,,,,,,,,,,,,,,,,,,,,,,,,,,,,,,,,,,,,,,,,,,,,,,,,,,,,,,,,,,,,,,,,,,,,,,,,,,,,,,,,,,,,,,,,,,,,,,,,,,,,,,,,
phase1/s4_phase_baseline/frozen_tecno_phase_baseline@val~relation_detr_augstrong_hires_seed42,phase1,s4_phase_baseline,frozen_tecno_phase_baseline,val,e98ffddee042,3,3,"42,123,456",1,efros,0,phase,F1,unknown,,not_determinable,,,1,,,,,,,,,0.9075907590759076,0.001616824912728172,0.9056105610561056,0.9095709570957096,,,,,,,,,,,,,,,,,,,,,41.60670194003527,2.9786675691689735,38.6039886039886,45.666666666666664,,,,,,,,,,,,,0.6729060137879274,0.0049518579936213905,0.6661906766697319,0.6779840113635878,,,,,,,,,,,,,0.7177688112876262,0.00825173126579274,0.7067123637130874,0.726530118525396,0.4735433702100369,0.0418097984782448,0.42676767676767674,0.5282539682539683,0.438336398532477,0.03034201139808361,0.4006238859180036,0.47492063492063497,0.380944175650058,0.05755036662753895,0.33110516934046347,0.4615873015873016,,,,,,,,,,,,,,,,,,,,,,,,,,,,,,,,,,,,,,,,,,,,,,,,,,,,,,,,,,,,,,,,,,,,,,,,,,,,,,,,,,,,,,,,,,,,,,,,,,,,
phase1/s4_phase_baseline/frozen_tecno_phase_baseline@val~relation_detr_augstrong_seed123,phase1,s4_phase_baseline,frozen_tecno_phase_baseline,val,e98ffddee042,6,3,"42,123,456",2,efros,0,phase,F1,unknown,,not_determinable,,,2,,,,,,,,,0.9074807480748075,0.008396225259886543,0.8950495049504951,0.9188118811881189,,,,,,,,,,,,,,,,,,,,,39.83904004810437,4.790903873773689,33.97435897435897,48.06060606060606,,,,,,,,,,,,,0.669935614983925,0.031382983743345555,0.6174612990378455,0.7121832374978618,,,,,,,,,,,,,0.7274490280728512,0.02944696151744545,0.6714755229639048,0.7642950884311769,0.443434136151223,0.05158413754782135,0.38300653594771245,0.5369075369075369,0.43646266069235257,0.05121892428546723,0.36993464052287583,0.5217560217560218,0.378319214243584,0.049436956861912025,0.3084967320261438,0.45066045066045063,,,,,,,,,,,,,,,,,,,,,,,,,,,,,,,,,,,,,,,,,,,,,,,,,,,,,,,,,,,,,,,,,,,,,,,,,,,,,,,,,,,,,,,,,,,,,,,,,,,,
phase1/s4_phase_baseline/frozen_tecno_phase_baseline@val~relation_detr_augstrong_seed42,phase1,s4_phase_baseline,frozen_tecno_phase_baseline,val,e98ffddee042,11,3,"42,123,456",5,efros,0,phase,F1,unknown,,not_determinable,,,2,,,,,,,,,0.9135313531353135,0.0020099771046437633,0.9089108910891089,0.9161716171617161,,,,,,,,,,,,,,,,,,,,,44.61523044814322,3.8742051804715185,35.913978494623656,49.40740740740741,,,,,,,,,,,,,0.6966459377135925,0.011123913623643794,0.6812336671374198,0.7187030719378921,,,,,,,,,,,,,0.7475244741749517,0.01171021490884695,0.7310019178016842,0.7701303805384035,0.5128470213186392,0.04825120406609238,0.42063492063492064,0.575318401405358,0.497400617709516,0.055373265546953016,0.3968253968253968,0.575318401405358,0.432218063358828,0.051668909032626206,0.308843537414966,0.49613784907902553,,,,,,,,,,,,,,,,,,,,,,,,,,,,,,,,,,,,,,,,,,,,,,,,,,,,,,,,,,,,,,,,,,,,,,,,,,,,,,,,,,,,,,,,,,,,,,,,,,,,
phase1/s4_phase_baseline/frozen_tecno_phase_baseline@val~relation_detr_augstrong_seed456,phase1,s4_phase_baseline,frozen_tecno_phase_baseline,val,e98ffddee042,6,3,"42,123,456",2,efros,0,phase,F1,unknown,,not_determinable,,,2,,,,,,,,,0.913971397139714,0.005357885879817789,0.9095709570957096,0.9254125412541254,,,,,,,,,,,,,,,,,,,,,41.997517914184584,7.026818676822174,27.40740740740741,49.0,,,,,,,,,,,,,0.6924248292997351,0.01701729398572264,0.6682353364186825,0.7226118416313183,,,,,,,,,,,,,0.7434123362360587,0.017869408236819338,0.7129012004554234,0.7716705349405126,0.5242069993881588,0.05271710353012392,0.44423076923076926,0.6074074074074075,0.5147208333802538,0.05550260283077982,0.44423076923076926,0.6074074074074075,0.4541506199114894,0.05678068118534996,0.37878787878787873,0.5444444444444444,,,,,,,,,,,,,,,,,,,,,,,,,,,,,,,,,,,,,,,,,,,,,,,,,,,,,,,,,,,,,,,,,,,,,,,,,,,,,,,,,,,,,,,,,,,,,,,,,,,,
phase1/s4_phase_baseline/frozen_tecno_phase_baseline@val~relation_detr_seed123,phase1,s4_phase_baseline,frozen_tecno_phase_baseline,val,e98ffddee042,6,3,"42,123,456",2,efros,0,phase,F1,unknown,,not_determinable,,,2,,,,,,,,,0.8964796479647965,0.004335326841636509,0.8910891089108911,0.9042904290429042,,,,,,,,,,,,,,,,,,,,,40.37830687830688,3.0724594836436188,34.53968253968254,43.77777777777777,,,,,,,,,,,,,0.6540020195866384,0.010449971626715354,0.6361511932415491,0.6677767310327359,,,,,,,,,,,,,0.7118556455574948,0.017045849114143134,0.6817126885167962,0.7373682349244055,0.4637778057187197,0.04311076722889214,0.39999999999999997,0.5096296296296297,0.44283281427727433,0.04825861489458248,0.3666666666666667,0.5035521454958795,0.3913467745135111,0.05403942840409312,0.29583333333333334,0.4549587951122478,,,,,,,,,,,,,,,,,,,,,,,,,,,,,,,,,,,,,,,,,,,,,,,,,,,,,,,,,,,,,,,,,,,,,,,,,,,,,,,,,,,,,,,,,,,,,,,,,,,,
phase1/s4_phase_baseline/frozen_tecno_phase_baseline@val~relation_detr_seed42,phase1,s4_phase_baseline,frozen_tecno_phase_baseline,val,e98ffddee042,17,3,"42,123,456",7,"efros,lecun",0,phase,F1,baseline,,referenced_as_denominator,,,3,,,,,,,,,0.8973014948553679,0.005917073407586465,0.8864686468646865,0.9082508250825082,,,,,,,,,,,,,,,,,,,,,39.91661295170067,2.5431040954436486,36.611111111111114,45.50877192982457,,,,,,,,,,,,,0.6321606095182377,0.021544225014892025,0.6001627230889609,0.6763951060549243,,,,,,,,,,,,,0.6940236889008451,0.0231088139573953,0.6571673826301749,0.7405981456025096,0.4440501224610123,0.03708702434647582,0.38877665544332213,0.5175983436853002,0.42525553436705016,0.033274546541537484,0.37665544332210993,0.4845616407482532,0.3605577121107815,0.037342040212962335,0.3037037037037037,0.42926155969634233,,,,,,,,,,,,,,,,,,,,,,,,,,,,,,,,,,,,,,,,,,,,,,,,,,,,,,,,,,,,,,,,,,,,,,,,,,,,,,,,,,,,,,,,,,,,,,,,,,,,
phase1/s4_phase_baseline/frozen_tecno_phase_baseline@val~relation_detr_seed456,phase1,s4_phase_baseline,frozen_tecno_phase_baseline,val,e98ffddee042,6,3,"42,123,456",2,efros,0,phase,F1,unknown,,not_determinable,,,2,,,,,,,,,0.8880088008800879,0.011700537558027146,0.8699669966996699,0.8996699669966997,,,,,,,,,,,,,,,,,,,,,36.73314022578728,6.9760566327464355,26.15740740740741,47.03703703703704,,,,,,,,,,,,,0.6303027638876195,0.015977911579975745,0.6095686448894656,0.6605047609477738,,,,,,,,,,,,,0.6862406368439926,0.018786624557609224,0.6684224498831494,0.7229598486716059,0.4628830006209625,0.05252521768192131,0.3732057416267942,0.5300236406619385,0.4500544224415072,0.05664311754510513,0.34896331738437003,0.5133569739952719,0.3880265422575986,0.06024884714755243,0.28293460925039876,0.4708037825059102,,,,,,,,,,,,,,,,,,,,,,,,,,,,,,,,,,,,,,,,,,,,,,,,,,,,,,,,,,,,,,,,,,,,,,,,,,,,,,,,,,,,,,,,,,,,,,,,,,,,
phase1/s4_phase_baseline/frozen_tecno_phase_baseline_neck@val~relation_detr_seed42,phase1,s4_phase_baseline,frozen_tecno_phase_baseline_neck,val,e98ffddee042,3,3,"42,123,456",1,lecun,0,phase,F1,unknown,,not_determinable,,,1,,,,,,,,,0.9141914191419142,0.0014259055442041738,0.9122112211221122,0.9155115511551155,,,,,,,,,,,,,,,,,,,,,41.08407535002081,2.7377816118573386,38.021185485688534,44.666666666666664,,,,,,,,,,,,,0.6644405964401366,0.0029317798324553558,0.6618385112968096,0.6685371468653297,,,,,,,,,,,,,0.7149323142747144,0.013830884195349094,0.6990341836456107,0.7327493641004368,0.4627193577485975,0.05762321173451104,0.40103963612735544,0.5396825396825397,0.43378543700181127,0.0608857489520049,0.3588044184535413,0.5079365079365079,0.3756833025107879,0.0472906791344977,0.30942170240415856,0.4166666666666667,,,,,,,,,,,,,,,,,,,,,,,,,,,,,,,,,,,,,,,,,,,,,,,,,,,,,,,,,,,,,,,,,,,,,,,,,,,,,,,,,,,,,,,,,,,,,,,,,,,,
phase1/s4_phase_baseline/frozen_tecno_phase_necktransfer@val~relation_detr_seed42,phase1,s4_phase_baseline,frozen_tecno_phase_necktransfer,val,e98ffddee042,3,3,"42,123,456",1,lecun,0,phase,F1,unknown,,not_determinable,,,1,,,,,,,,,0.9023102310231023,0.006467299650912642,0.8943894389438944,0.9102310231023102,,,,,,,,,,,,,,,,,,,,,42.39291992483482,4.436256874028666,39.23076923076923,48.666666666666664,,,,,,,,,,,,,0.6483251517224549,0.005032928798211803,0.6412552542610015,0.6525728211875549,,,,,,,,,,,,,0.7112933615675627,0.004182567940358901,0.7053876773882587,0.7145342707402278,0.49045709192768017,0.05621134933433002,0.4431966726084373,0.5694444444444445,0.46041436776730893,0.05758840080753894,0.41497326203208557,0.5416666666666666,0.4169878052230993,0.058784062101343584,0.3715983363042186,0.5,,,,,,,,,,,,,,,,,,,,,,,,,,,,,,,,,,,,,,,,,,,,,,,,,,,,,,,,,,,,,,,,,,,,,,,,,,,,,,,,,,,,,,,,,,,,,,,,,,,,
transfer/b1_mtl/b1_naive_mtl_fixed@val,transfer,b1_mtl,b1_naive_mtl_fixed,val,,3,3,"42,123,456",1,lecun,0,tool,AP,unknown,,not_determinable,,,1,,,,,,,,,0.8682068206820682,0.0035884502596919996,0.8653465346534653,0.8732673267326733,,,,,,,,,,,,,,,,,,,,,37.460054748488965,2.600837237994438,33.782267115600455,39.34299516908212,0.8682068206820682,0.0035884502596919996,0.8653465346534653,0.8732673267326733,,,,,,,,,0.6103275350425823,0.015079465960851426,0.5930934638917852,0.6298223247140092,0.7072149832669586,0.004065491395166525,0.701468625659661,0.7102520556734373,,,,,,,,,0.6965055845800472,0.010861146091607635,0.684186291214865,0.7106102296812535,0.4176978741722953,0.04808473072628715,0.35838455329980756,0.47615834457939715,0.39936549389522275,0.05093398772980471,0.3342646054510461,0.4586144849302744,0.371185139627912,0.05959581892151955,0.2958030669895077,0.44152046783625726,,,,,,,,,,,,,,,,,,,,,,,,,,,,,,,,,,,,,,,,,,,,,,,,,,,,,,,,,,,,,,,,,,,,,,,,,,,,,,,,,,,,,,,,,,,,,,,,,,,,
transfer/b1_mtl/b1_naive_mtl_uncertainty@val,transfer,b1_mtl,b1_naive_mtl_uncertainty,val,,3,3,"42,123,456",1,lecun,0,tool,AP,unknown,,not_determinable,,,1,,,,,,,,,0.8613861386138614,0.015878212147563214,0.838943894389439,0.8732673267326733,,,,,,,,,,,,,,,,,,,,,36.56123043623044,3.332360501671967,31.849747474747478,39.008547008547005,0.8613861386138614,0.015878212147563214,0.838943894389439,0.8732673267326733,,,,,,,,,0.5994317172062346,0.04097544135007336,0.5432627069720012,0.6398556675187355,0.7084275683597234,0.0047844640948121195,0.7021851616766687,0.7138095047934876,,,,,,,,,0.676577501293808,0.0428700272720009,0.6168919154911966,0.7156388620341269,0.3860721852941532,0.032099688287753655,0.3409356725146198,0.41283643892339544,0.3609830736260942,0.03516860102504006,0.31535087719298244,0.4009316770186335,0.3271224558981996,0.03338542471894253,0.2802631578947368,0.35555555555555557,15.586028416951498,0.02823708257256367,15.54832935333252,15.616283416748047,0.8769237995147705,0.0023537247919437863,0.8749191761016846,0.8802274465560913,,,,,,,,,,,,,,,,,,,,,,,,,,,,,,,,,,,,,,,,,,,,,,,,,,,,,,,,,,,,,,,,,,,,,,,,,,,,,,,,,,,,,,,,,,,,
transfer/b2a_base_oracle_noise_p010/b2a_base_oracle_noise_p010@val~relation_detr_seed42,transfer,b2a_base_oracle_noise_p010,b2a_base_oracle_noise_p010,val,4ac382e09c21,3,3,"42,123,456",1,lecun,0,phase,F1,injection,phase1/s4_phase_baseline/frozen_tecno_phase_baseline@val~relation_detr_seed42,from_config_yaml,,unpaired,1,,,,,,,,,0.9337733773377338,0.0039726006788268165,0.93003300330033,0.9392739273927393,,,,,,,,,,,,,,,,,,,,,42.85326582740376,4.90391955070556,38.958333333333336,49.77011494252874,,,,,,,,,,,,,0.7345731692764148,0.011151618481619366,0.7200632719126439,0.7471792908212357,,,,,,,,,,,,,0.784602414831866,0.007207701293505817,0.7754997503391153,0.7931264742591487,0.5135848881462917,0.0566916272942182,0.46228070175438596,0.5925925925925926,0.5135848881462917,0.0566916272942182,0.46228070175438596,0.5925925925925926,0.4737727807172252,0.05594137681230142,0.4274018379281537,0.5524691358024691,,,,,,,,,,,,,,,,,,,,,,,,,,,,,,,,,,,,,,,,,,,,,0.03647188248236588,,,,,,,,,,,,2.936652875703089,,,,,,,,0.10241255975817709,,,,,,,,0.0905787259310209,,0.06953476568527939,,0.0883293537792415,,0.11321506860644365,,,,,,,,,,,,,,,,,,,,,
transfer/b2a_base_oracle_noise_p020/b2a_base_oracle_noise_p020@val~relation_detr_seed42,transfer,b2a_base_oracle_noise_p020,b2a_base_oracle_noise_p020,val,4ac382e09c21,3,3,"42,123,456",1,lecun,0,phase,F1,injection,phase1/s4_phase_baseline/frozen_tecno_phase_baseline@val~relation_detr_seed42,from_config_yaml,,unpaired,1,,,,,,,,,0.9157315731573157,0.003898799812248505,0.9102310231023102,0.9188118811881189,,,,,,,,,,,,,,,,,,,,,42.46298654141791,6.05511641082964,33.89978213507625,46.76190476190476,,,,,,,,,,,,,0.6791511052344439,0.008062940493369317,0.6704253407937842,0.6898710536251083,,,,,,,,,,,,,0.7399317178112429,0.006662130297286325,0.7305651202234319,0.7454959861665068,0.4942893703910653,0.0677001230369657,0.3991928974979822,0.5514529914529914,0.4729004815021764,0.06596419213889923,0.3825262308313156,0.5381196581196581,0.4270653373619475,0.06723091580317331,0.3373284907183212,0.49914529914529915,,,,,,,,,,,,,,,,,,,,,,,,,,,,,,,,,,,,,,,,,,,,,0.01843007830194776,,,,,,,,,,,,2.5463735897172413,,,,,,,,0.04699049571620617,,,,,,,,0.0459080289103978,,0.05023924793005302,,0.04764494713512624,,0.06650762525116599,,,,,,,,,,,,,,,,,,,,,
transfer/b2a_base_oracle_noise_p030/b2a_base_oracle_noise_p030@val~relation_detr_seed42,transfer,b2a_base_oracle_noise_p030,b2a_base_oracle_noise_p030,val,4ac382e09c21,3,3,"42,123,456",1,lecun,0,phase,F1,injection,phase1/s4_phase_baseline/frozen_tecno_phase_baseline@val~relation_detr_seed42,from_config_yaml,,unpaired,1,,,,,,,,,0.9091309130913091,0.0008232469497852397,0.9082508250825082,0.9102310231023102,,,,,,,,,,,,,,,,,,,,,41.23524675570712,3.3023380314817343,37.53907360045468,45.555555555555564,,,,,,,,,,,,,0.6739262586385798,0.0050184138505493985,0.6673739381750573,0.6795639943551726,,,,,,,,,,,,,0.7360971223762119,0.006464315193364851,0.7287325288906547,0.7444701683633136,0.4537068032714427,0.04657133056065222,0.4126553672316384,0.51883541295306,0.4537068032714427,0.04657133056065222,0.4126553672316384,0.51883541295306,0.3823630791128298,0.04872596788539227,0.3407909604519774,0.45074272133095655,,,,,,,,,,,,,,,,,,,,,,,,,,,,,,,,,,,,,,,,,,,,,0.011829418235941191,,,,,,,,,,,,1.3186338040064456,,,,,,,,0.041765649120342085,,,,,,,,0.04207343347536685,,0.009656680810430418,,0.028451268904392535,,0.02180536700204827,,,,,,,,,,,,,,,,,,,,,
transfer/b2a_base_oracle_top3noise_p010/b2a_base_oracle_top3noise_p010@val~relation_detr_seed42,transfer,b2a_base_oracle_top3noise_p010,b2a_base_oracle_top3noise_p010,val,4ac382e09c21,3,3,"42,123,456",1,lecun,0,phase,F1,injection,phase1/s4_phase_baseline/frozen_tecno_phase_baseline@val~relation_detr_seed42,from_config_yaml,,unpaired,1,,,,,,,,,0.9414741474147414,0.002546938812495096,0.9379537953795379,0.9438943894389439,,,,,,,,,,,,,,,,,,,,,46.730158730158735,2.353492443536587,44.44444444444445,49.96825396825397,,,,,,,,,,,,,0.7524858640364811,0.003672386832135288,0.7472938417022411,0.7551905749176123,,,,,,,,,,,,,0.795855044887908,0.0025869374642624094,0.7922109422212867,0.7979577294023451,0.5411328357383149,0.02813487001242936,0.5186206896551724,0.580801209372638,0.5326990528684419,0.0245297959793303,0.5122807017543859,0.5671957671957673,0.5204573374688317,0.033720300943122755,0.48888888888888893,0.5671957671957673,,,,,,,,,,,,,,,,,,,,,,,,,,,,,,,,,,,,,,,,,,,,,0.044172652559373526,,,,,,,,,,,,6.813545778458064,,,,,,,,0.12032525451824339,,,,,,,,0.10183135598706294,,0.09708271327730267,,0.10744351850139172,,0.1598996253580502,,,,,,,,,,,,,,,,,,,,,
transfer/b2a_base_oracle_top3noise_p020/b2a_base_oracle_top3noise_p020@val~relation_detr_seed42,transfer,b2a_base_oracle_top3noise_p020,b2a_base_oracle_top3noise_p020,val,4ac382e09c21,3,3,"42,123,456",1,lecun,0,phase,F1,injection,phase1/s4_phase_baseline/frozen_tecno_phase_baseline@val~relation_detr_seed42,from_config_yaml,,unpaired,1,,,,,,,,,0.9331133113311331,0.002040400109019948,0.9313531353135314,0.935973597359736,,,,,,,,,,,,,,,,,,,,,40.17374202858074,3.408949205134509,35.35353535353536,42.65873015873016,,,,,,,,,,,,,0.7303627910450889,0.004704737726056961,0.7243316716926887,0.7358116684408447,,,,,,,,,,,,,0.7803194483222948,0.003986300517685572,0.7757965013848761,0.785495214325552,0.46454339657740734,0.03525004929840914,0.41504877813194246,0.49444444444444446,0.4565191068354858,0.0385994688803052,0.4035545252583792,0.49444444444444446,0.4147588450546849,0.03805539015105354,0.3609581763739979,0.44285714285714284,,,,,,,,,,,,,,,,,,,,,,,,,,,,,,,,,,,,,,,,,,,,,0.035811816475765146,,,,,,,,,,,,0.25712907688006936,,,,,,,,0.09820218152685123,,,,,,,,0.08629575942144974,,0.020493274116395066,,0.03126357246843564,,0.054201132943903385,,,,,,,,,,,,,,,,,,,,,
transfer/b2a_base_oracle_top3noise_p030/b2a_base_oracle_top3noise_p030@val~relation_detr_seed42,transfer,b2a_base_oracle_top3noise_p030,b2a_base_oracle_top3noise_p030,val,4ac382e09c21,3,3,"42,123,456",1,lecun,0,phase,F1,injection,phase1/s4_phase_baseline/frozen_tecno_phase_baseline@val~relation_detr_seed42,from_config_yaml,,unpaired,1,,,,,,,,,0.9271727172717271,0.003064551876168143,0.9240924092409241,0.9313531353135314,,,,,,,,,,,,,,,,,,,,,38.59785939894299,0.7313484423049343,37.94934640522876,39.61988304093567,,,,,,,,,,,,,0.7167447799292446,0.0033543867899651705,0.7135366464718461,0.7213751936133803,,,,,,,,,,,,,0.769773929170022,0.0019735768002959496,0.7670306892737547,0.7715910648122061,0.44989396568343937,0.00896435478791164,0.43742690058479533,0.4581196581196581,0.4313290348378067,0.011781517161404445,0.41988304093567247,0.4475376475376475,0.4079300816142921,0.013291150718637599,0.3964912280701755,0.4265664160401002,,,,,,,,,,,,,,,,,,,,,,,,,,,,,,,,,,,,,,,,,,,,,0.0298712224163592,,,,,,,,,,,,-1.3187535527576841,,,,,,,,0.08458417041100685,,,,,,,,0.07575024026917687,,0.005843843222427092,,0.006073500470756554,,0.04737236950351059,,,,,,,,,,,,,,,,,,,,,
transfer/b2a_det2phase/b2a_det2phase_toolpresence@val~relation_detr_seed42,transfer,b2a_det2phase,b2a_det2phase_toolpresence,val,4ac382e09c21,3,3,"42,123,456",1,lecun,0,phase,F1,injection,phase1/s4_phase_baseline/frozen_tecno_phase_baseline@val~relation_detr_seed42,from_config_yaml,,unpaired,1,,,,,,,,,0.9368536853685369,0.0011218964826386654,0.9353135313531353,0.9379537953795379,,,,,,,,,,,,,,,,,,,,,43.02982202982203,3.1253648721650755,40.63492063492063,47.44444444444445,,,,,,,,,,,,,0.7446626570045618,0.0024814218508185802,0.7415913981516912,0.7476685613701081,,,,,,,,,,,,,0.7903266760612341,0.0017608637727615682,0.7886815863627626,0.7927682396726599,0.4871264367816092,0.026325454604724834,0.45555555555555555,0.52,0.4788505747126437,0.021109500139028653,0.45555555555555555,0.5066666666666667,0.4593358876117497,0.025138797596424834,0.43333333333333335,0.49333333333333335,,,,,,,,,,,,,,,,,,,,,,,,,,,,,,,,,,,,,,,,,,,,,0.03955219051316894,,,,,,,,,,,,3.1132090781213577,,,,,,,,0.11250204748632409,,,,,,,,0.09630298716038899,,0.04307631432059694,,0.053595040345593536,,0.09877817550096818,,,,,,,,,,,,,,,,,,,,,
transfer/b2a_det2phase_oracletool/b2a_det2phase_oracletool@val~relation_detr_seed42,transfer,b2a_det2phase_oracletool,b2a_det2phase_oracletool,val,4ac382e09c21,8,5,"42,123,456,789,1000",2,"efros,lecun",0,phase,F1,injection,phase1/s4_phase_baseline/frozen_tecno_phase_baseline@val~relation_detr_seed42,from_config_yaml,,unpaired,2,,,,,,,,,0.9575907590759076,0.003126616389685883,0.9518151815181518,0.9617161716171617,,,,,,,,,,,,,,,,,,,,,54.0634230605495,3.8682724837745335,46.10472541507025,58.64197530864198,,,,,,,,,,,,,0.7961496033098547,0.005790046674856356,0.7852605101595961,0.8059375755552337,,,,,,,,,,,,,0.8244215227243904,0.003360921329971693,0.8182186380792239,0.8300697920334031,0.6193932773834735,0.0382087609858204,0.5384960718294053,0.6632478632478632,0.6161567263528048,0.037004077662368094,0.5384960718294053,0.6562091503267974,0.5741954663890938,0.04633681055698691,0.4958473625140292,0.6431372549019607,,,,,,,,,,,,,,,,,,,,,,,,,,,,,,,,,,,,,,,,,,,,,0.06028926422053971,,,,,,,,,,,,14.146810108848832,,,,,,,,0.16398899379161702,,,,,,,,0.1303978338235453,,0.17534315492246122,,0.19090119198575467,,0.21363775427831228,,,,,,,,,,,,,,,,,,,,,
transfer/b2a_det2phase_toolpresence/b2a_det2phase_toolpresence@val~relation_detr_augstrong_hires_seed42,transfer,b2a_det2phase_toolpresence,b2a_det2phase_toolpresence,val,4ac382e09c21,3,3,"42,123,456",1,efros,0,phase,F1,injection,phase1/s4_phase_baseline/frozen_tecno_phase_baseline@val~relation_detr_augstrong_hires_seed42,from_config_yaml,,paired,1,,,,,,,,,0.9311331133113311,0.0015557904976601894,0.93003300330033,0.9333333333333333,,,,,,,,,,,,,,,,,,,,,44.389563967324264,6.6463007510990435,38.1029810298103,53.584229390681,,,,,,,,,,,,,0.732455575176253,0.006259154479125598,0.7236490359121955,0.7376329067136209,,,,,,,,,,,,,0.779266067990699,0.005370659510919721,0.7717608976881605,0.7840287469102736,0.5341991341991342,0.0658180572126599,0.48138528138528147,0.626984126984127,0.5121212121212121,0.06442135530084635,0.4639249639249639,0.6031746031746031,0.48600288600288605,0.06618087698144064,0.43362193362193363,0.5793650793650794,,,,,,,,,,,,,,,,,,,,,,,,,,,,,,,,,,,,,,,,,,,,,0.02354235423542354,0.0022437929652773672,,,,,,,,,,,2.7828620272889943,8.409554128573399,,,,,,,0.05954956138832568,0.010203292191327321,,,,,,,0.06149725670307282,0.012397550222790958,0.06065576398909737,0.07988656251566993,0.07378481358873512,0.0714159740846151,0.105058710352828,0.10518418559921326,,,,,,,,,,,,,,,,,,,,
transfer/b2a_det2phase_toolpresence/b2a_det2phase_toolpresence@val~relation_detr_augstrong_seed123,transfer,b2a_det2phase_toolpresence,b2a_det2phase_toolpresence,val,4ac382e09c21,3,3,"42,123,456",1,efros,0,phase,F1,injection,phase1/s4_phase_baseline/frozen_tecno_phase_baseline@val~relation_detr_augstrong_seed123,from_config_yaml,,unpaired,1,,,,,,,,,0.9342134213421343,0.0024892647962562403,0.9306930693069307,0.935973597359736,,,,,,,,,,,,,,,,,,,,,43.657205592689465,3.9302984826428933,38.4984984984985,48.02867383512545,,,,,,,,,,,,,0.7471700109436668,0.009510063337485155,0.733724351623087,0.7541623607342787,,,,,,,,,,,,,0.7916288758723496,0.007799282475515394,0.7806023759687825,0.7973775734972929,0.5126957177890964,0.02057128519547199,0.48771121351766517,0.5380952380952381,0.5087970823115135,0.02137317206782738,0.48771121351766517,0.5380952380952381,0.43586924299997304,0.02421631294410661,0.4030337941628264,0.4607142857142857,,,,,,,,,,,,,,,,,,,,,,,,,,,,,,,,,,,,,,,,,,,,,0.026732673267326756,,,,,,,,,,,,3.818165544585092,,,,,,,,0.0772343959597418,,,,,,,,0.06417984779949848,,0.06926158163787338,,0.07233442161916098,,0.05755002875638904,,,,,,,,,,,,,,,,,,,,,
transfer/b2a_det2phase_toolpresence/b2a_det2phase_toolpresence@val~relation_detr_augstrong_seed42,transfer,b2a_det2phase_toolpresence,b2a_det2phase_toolpresence,val,4ac382e09c21,8,3,"42,123,456",4,efros,0,phase,F1,injection,phase1/s4_phase_baseline/frozen_tecno_phase_baseline@val~relation_detr_augstrong_seed42,from_config_yaml,,unpaired,1,,,,,,,,,0.938036303630363,0.0018504671198024405,0.935973597359736,0.9425742574257425,,,,,,,,,,,,,,,,,,,,,44.84860669805106,6.117800676085726,31.796536796536795,53.03030303030303,,,,,,,,,,,,,0.7554210124983112,0.004783239274831018,0.7471784115945229,0.7639697981534717,,,,,,,,,,,,,0.7980284641152279,0.003689428116457234,0.7916003012212924,0.8045674611098746,0.5334375177544664,0.0569540591052164,0.425925925925926,0.6417624521072797,0.5184190325103106,0.05495271467898123,0.4066022544283414,0.60727969348659,0.45971384089648454,0.05406101241246822,0.3502415458937198,0.5541187739463601,,,,,,,,,,,,,,,,,,,,,,,,,,,,,,,,,,,,,,,,,,,,,0.024504950495049527,,,,,,,,,,,,0.23337624990783468,,,,,,,,0.05877507478471866,,,,,,,,0.05050398994027616,,0.02059049643582711,,0.021018414800794638,,0.02749577753765653,,,,,,,,,,,,,,,,,,,,,
transfer/b2a_det2phase_toolpresence/b2a_det2phase_toolpresence@val~relation_detr_augstrong_seed456,transfer,b2a_det2phase_toolpresence,b2a_det2phase_toolpresence,val,4ac382e09c21,3,3,"42,123,456",1,efros,0,phase,F1,injection,phase1/s4_phase_baseline/frozen_tecno_phase_baseline@val~relation_detr_augstrong_seed456,from_config_yaml,,unpaired,1,,,,,,,,,0.9353135313531353,0.0014259055442041567,0.9333333333333333,0.9366336633663367,,,,,,,,,,,,,,,,,,,,,44.256294471811714,6.437771225830911,39.107142857142854,53.333333333333336,,,,,,,,,,,,,0.7487177771765204,0.0017756588821029704,0.7469922736367203,0.7511605368100053,,,,,,,,,,,,,0.7930569359706423,0.0014328098011594692,0.7915023684136023,0.7949597887929784,0.5368710778067503,0.0667827238502183,0.4890002784739627,0.6313131313131312,0.5289320382887635,0.06404350092454619,0.4773043720412142,0.6191919191919192,0.47439889004216496,0.06509455943455962,0.41687552213868,0.5654040404040405,,,,,,,,,,,,,,,,,,,,,,,,,,,,,,,,,,,,,,,,,,,,,0.02134213421342135,,,,,,,,,,,,2.2587765576271295,,,,,,,,0.05629294787678529,,,,,,,,0.04964459973458357,,0.012664078418591407,,0.01421120490850969,,0.02024827013067554,,,,,,,,,,,,,,,,,,,,,
transfer/b2a_det2phase_toolpresence/b2a_det2phase_toolpresence@val~relation_detr_seed123,transfer,b2a_det2phase_toolpresence,b2a_det2phase_toolpresence,val,4ac382e09c21,3,3,"42,123,456",1,efros,0,phase,F1,injection,phase1/s4_phase_baseline/frozen_tecno_phase_baseline@val~relation_detr_seed123,from_config_yaml,,unpaired,1,,,,,,,,,0.9403740374037404,0.0008232469497852397,0.9392739273927393,0.9412541254125413,,,,,,,,,,,,,,,,,,,,,44.455852789186125,4.35816620005997,38.35978835978836,48.2905982905983,,,,,,,,,,,,,0.7697677047853057,0.004018277847466932,0.7656491397948892,0.7752178429400712,,,,,,,,,,,,,0.8085228793793022,0.0025713769413782703,0.8060104111063009,0.8120558648076328,0.5420963638111593,0.04901080909991299,0.4734509271822705,0.5847222222222221,0.5319313074504508,0.041411354101133314,0.4734509271822705,0.5638888888888888,0.4518548424980936,0.043561150216702496,0.3933966530981457,0.4979166666666666,,,,,,,,,,,,,,,,,,,,,,,,,,,,,,,,,,,,,,,,,,,,,0.04389438943894386,,,,,,,,,,,,4.077545910879245,,,,,,,,0.11576568519866726,,,,,,,,0.09666723382180742,,0.07831855809243965,,0.08909849317317647,,0.060508067984582525,,,,,,,,,,,,,,,,,,,,,
transfer/b2a_det2phase_toolpresence/b2a_det2phase_toolpresence@val~relation_detr_seed42,transfer,b2a_det2phase_toolpresence,b2a_det2phase_toolpresence,val,4ac382e09c21,9,5,"42,123,456,789,1000",3,"efros,lecun",0,phase,F1,injection,phase1/s4_phase_baseline/frozen_tecno_phase_baseline@val~relation_detr_seed42,from_config_yaml,,unpaired,2,,,,,,,,,0.9369270260359369,0.0018698274710644725,0.933993399339934,0.9392739273927393,,,,,,,,,,,,,,,,,,,,,43.31280835965053,5.612936361613077,33.162393162393165,51.333333333333336,,,,,,,,,,,,,0.7446490489005801,0.005595483729892315,0.7378599220386397,0.7527664794741705,,,,,,,,,,,,,0.7905424423176497,0.004257277125884496,0.7853144824000488,0.7969485885117505,0.5035920800735615,0.056534846532847606,0.42371031746031745,0.6024691358024691,0.489440355597763,0.05926953172789311,0.40287698412698414,0.5901234567901233,0.4613526168618761,0.06562031451883309,0.37023809523809526,0.5733333333333333,,,,,,,,,,,,,,,,,,,,,,,,,,,,,,,,,,,,,,,,,,,,,0.039625531180568996,,,,,,,,,,,,3.396195407949861,,,,,,,,0.11248843938234243,,,,,,,,0.0965187534168046,,0.05954195761254921,,0.06418482123071284,,0.1007949047510946,,,,,,,,,,,,,,,,,,,,,
transfer/b2a_det2phase_toolpresence/b2a_det2phase_toolpresence@val~relation_detr_seed456,transfer,b2a_det2phase_toolpresence,b2a_det2phase_toolpresence,val,4ac382e09c21,3,3,"42,123,456",1,efros,0,phase,F1,injection,phase1/s4_phase_baseline/frozen_tecno_phase_baseline@val~relation_detr_seed456,from_config_yaml,,unpaired,1,,,,,,,,,0.9258525852585259,0.0008232469497852397,0.9247524752475248,0.9267326732673268,,,,,,,,,,,,,,,,,,,,,39.984768318101644,1.0899841891370583,38.46801346801346,40.98124098124098,,,,,,,,,,,,,0.7264795137415397,0.004373612289628688,0.7216979729524761,0.7322681330809008,,,,,,,,,,,,,0.7767490279585844,0.002432273063978689,0.7737320893339742,0.7796884023649246,0.48408257412416944,0.042150398272190144,0.45407925407925415,0.5436917974231407,0.466520113204723,0.04260094706876408,0.42168978562421183,0.523791299910703,0.41191906897803643,0.04322779788485302,0.3632618747372846,0.46829952800102054,,,,,,,,,,,,,,,,,,,,,,,,,,,,,,,,,,,,,,,,,,,,,0.03784378437843794,,,,,,,,,,,,3.2516280923143626,,,,,,,,0.09617674985392022,,,,,,,,0.09050839111459175,,0.021199573503206948,,0.0164656907632158,,0.023892526720437846,,,,,,,,,,,,,,,,,,,,,
transfer/b2a_mask_dim_00/b2a_mask_dim_00@val~relation_detr_seed42,transfer,b2a_mask_dim_00,b2a_mask_dim_00,val,4ac382e09c21,3,3,"42,123,456",1,lecun,0,phase,F1,injection,phase1/s4_phase_baseline/frozen_tecno_phase_baseline@val~relation_detr_seed42,from_config_yaml,,unpaired,1,,,,,,,,,0.9282728272827283,0.0006223161990640862,0.9273927392739274,0.9287128712871288,,,,,,,,,,,,,,,,,,,,,41.66472066472066,6.740675473483962,34.572649572649574,50.72727272727273,,,,,,,,,,,,,0.7134974207206217,0.00574829442711407,0.7058191002149792,0.7196489128896388,,,,,,,,,,,,,0.7628213689447644,0.0064710121910095085,0.7539713758156381,0.769263594890212,0.48794687988236374,0.06298601405423646,0.4273504273504274,0.5747863247863246,0.4725645620806911,0.06246663172323658,0.4273504273504274,0.5608974358974358,0.43023389394357137,0.09241578429433733,0.36239316239316244,0.5608974358974358,,,,,,,,,,,,,,,,,,,,,,,,,,,,,,,,,,,,,,,,,,,,,0.030971332427360387,,,,,,,,,,,,1.7481077130199907,,,,,,,,0.08133681120238401,,,,,,,,0.06879768004391928,,0.04389675742135146,,0.04730902771364093,,0.06967618183278984,,,,,,,,,,,,,,,,,,,,,
transfer/b2a_mask_dim_01/b2a_mask_dim_01@val~relation_detr_seed42,transfer,b2a_mask_dim_01,b2a_mask_dim_01,val,4ac382e09c21,3,3,"42,123,456",1,lecun,0,phase,F1,injection,phase1/s4_phase_baseline/frozen_tecno_phase_baseline@val~relation_detr_seed42,from_config_yaml,,unpaired,1,,,,,,,,,0.9366336633663367,0.0021557665503042444,0.933993399339934,0.9392739273927393,,,,,,,,,,,,,,,,,,,,,40.65838565838566,1.8087685686218093,38.28828828828829,42.676767676767675,,,,,,,,,,,,,0.7443263674945567,0.00617111711408198,0.7359764731278666,0.75069983183781,,,,,,,,,,,,,0.7903614860654701,0.004638105591986023,0.783995876269538,0.7949144348128433,0.4863334333857137,0.017523848591994656,0.46513056835637484,0.5080459770114943,0.4712549511214695,0.018217698643243616,0.45437788018433184,0.49655172413793097,0.44333298020728507,0.021711228651998492,0.42356321839080463,0.4735632183908047,,,,,,,,,,,,,,,,,,,,,,,,,,,,,,,,,,,,,,,,,,,,,0.03933216851096877,,,,,,,,,,,,0.7417727066849906,,,,,,,,0.112165757976319,,,,,,,,0.09633779716462498,,0.042283310924701445,,0.04599941675441932,,0.08277526809650354,,,,,,,,,,,,,,,,,,,,,
transfer/b2a_mask_dim_02/b2a_mask_dim_02@val~relation_detr_seed42,transfer,b2a_mask_dim_02,b2a_mask_dim_02,val,4ac382e09c21,3,3,"42,123,456",1,lecun,0,phase,F1,injection,phase1/s4_phase_baseline/frozen_tecno_phase_baseline@val~relation_detr_seed42,from_config_yaml,,unpaired,1,,,,,,,,,0.9348734873487349,0.0011218964826386654,0.9333333333333333,0.935973597359736,,,,,,,,,,,,,,,,,,,,,41.325417513589564,1.3756388922985427,40.11544011544012,43.24970131421745,,,,,,,,,,,,,0.7437871078039641,0.005049260969218098,0.7370862720543071,0.7492744989343559,,,,,,,,,,,,,0.7910708149425739,0.00422466069402446,0.7856227241022032,0.795918622735473,0.4703389671205763,0.008182517608270667,0.46074074074074073,0.4807359307359307,0.4595631050516108,0.01778780946679479,0.43721264367816093,0.4807359307359307,0.427786665229194,0.022313205010882107,0.40272988505747126,0.45692640692640696,,,,,,,,,,,,,,,,,,,,,,,,,,,,,,,,,,,,,,,,,,,,,0.03757199249336696,,,,,,,,,,,,1.4088045618888927,,,,,,,,0.11162649828572635,,,,,,,,0.09704712604172883,,0.026288844659564048,,0.03430757068456064,,0.06722895311841248,,,,,,,,,,,,,,,,,,,,,
transfer/b2a_mask_dim_03/b2a_mask_dim_03@val~relation_detr_seed42,transfer,b2a_mask_dim_03,b2a_mask_dim_03,val,4ac382e09c21,3,3,"42,123,456",1,lecun,0,phase,F1,injection,phase1/s4_phase_baseline/frozen_tecno_phase_baseline@val~relation_detr_seed42,from_config_yaml,,unpaired,1,,,,,,,,,0.937073707370737,0.0025469388124950607,0.9346534653465347,0.9405940594059405,,,,,,,,,,,,,,,,,,,,,45.684688519937566,3.5754328212249784,43.10344827586207,50.74074074074074,,,,,,,,,,,,,0.7448128138195413,0.010237231874256349,0.7372859570618563,0.7592865734342936,,,,,,,,,,,,,0.7909463039499459,0.007557729560785367,0.7854369432473535,0.8016328266255386,0.5297211313084329,0.06138581105180336,0.47548500881834216,0.6155431869717584,0.5254476270349286,0.0638334451274244,0.47548500881834216,0.6155431869717584,0.5091223884874678,0.0764591767495305,0.4393298059964727,0.6155431869717584,,,,,,,,,,,,,,,,,,,,,,,,,,,,,,,,,,,,,,,,,,,,,0.03977221251536911,,,,,,,,,,,,5.768075568236895,,,,,,,,0.11265220430130363,,,,,,,,0.09692261504910082,,0.08567100884742063,,0.10019209266787849,,0.1485646763766863,,,,,,,,,,,,,,,,,,,,,
transfer/b2a_mask_dim_04/b2a_mask_dim_04@val~relation_detr_seed42,transfer,b2a_mask_dim_04,b2a_mask_dim_04,val,4ac382e09c21,3,3,"42,123,456",1,lecun,0,phase,F1,injection,phase1/s4_phase_baseline/frozen_tecno_phase_baseline@val~relation_detr_seed42,from_config_yaml,,unpaired,1,,,,,,,,,0.9357535753575358,0.004356213393448473,0.93003300330033,0.9405940594059405,,,,,,,,,,,,,,,,,,,,,43.442901234567906,2.9788356035734678,39.81481481481482,47.111111111111114,,,,,,,,,,,,,0.7469148875383298,0.00942449383564476,0.7398519325303947,0.7602350128551504,,,,,,,,,,,,,0.7923927983623178,0.0064544645498787094,0.7865842784005216,0.8013950900607886,0.5031396458048194,0.032450875406245125,0.45730994152046783,0.5281323877068558,0.4819895483389325,0.040784945651547194,0.4289473684210527,0.5281323877068558,0.45937746256895196,0.042634481649942095,0.40058479532163743,0.5003546099290781,,,,,,,,,,,,,,,,,,,,,,,,,,,,,,,,,,,,,,,,,,,,,0.03845208050216786,,,,,,,,,,,,3.5262882828672346,,,,,,,,0.11475427802009208,,,,,,,,0.0983691094614727,,0.05908952334380713,,0.056734013971882324,,0.09881975045817043,,,,,,,,,,,,,,,,,,,,,
transfer/b2a_mask_dim_05/b2a_mask_dim_05@val~relation_detr_seed42,transfer,b2a_mask_dim_05,b2a_mask_dim_05,val,4ac382e09c21,3,3,"42,123,456",1,lecun,0,phase,F1,injection,phase1/s4_phase_baseline/frozen_tecno_phase_baseline@val~relation_detr_seed42,from_config_yaml,,unpaired,1,,,,,,,,,0.9377337733773378,0.004708676470634236,0.9313531353135314,0.9425742574257425,,,,,,,,,,,,,,,,,,,,,42.80191357610713,3.9181374490080456,37.86093786093787,47.44444444444445,,,,,,,,,,,,,0.7495866987729206,0.007891360477539081,0.7439881667750232,0.7607467473238251,,,,,,,,,,,,,0.7942816502551373,0.00555081396042215,0.7896130443912766,0.8020813345004593,0.4945144222563578,0.0260216394910141,0.4587813620071685,0.52,0.4829936849291688,0.029417604014455076,0.4480286738351255,0.52,0.4608653353814644,0.05194686340195387,0.3935483870967742,0.52,,,,,,,,,,,,,,,,,,,,,,,,,,,,,,,,,,,,,,,,,,,,,0.040432278521969844,,,,,,,,,,,,2.8853006244064616,,,,,,,,0.1174260892546829,,,,,,,,0.10025796135429221,,0.0504642997953455,,0.05773815056211862,,0.10030762327068288,,,,,,,,,,,,,,,,,,,,,
transfer/b2a_mask_dim_06/b2a_mask_dim_06@val~relation_detr_seed42,transfer,b2a_mask_dim_06,b2a_mask_dim_06,val,4ac382e09c21,3,3,"42,123,456",1,lecun,0,phase,F1,injection,phase1/s4_phase_baseline/frozen_tecno_phase_baseline@val~relation_detr_seed42,from_config_yaml,,unpaired,1,,,,,,,,,0.9311331133113312,0.0016464938995704895,0.9293729372937294,0.9333333333333333,,,,,,,,,,,,,,,,,,,,,46.190061534889125,3.275807563824428,43.111111111111114,50.72727272727273,,,,,,,,,,,,,0.7293607124361674,0.00967894218146172,0.7156752475897716,0.7364356550694486,,,,,,,,,,,,,0.7780551151428912,0.009017016106247156,0.7653037421024677,0.7845391223834294,0.5333444127888572,0.03965310120483405,0.4977777777777777,0.5886752136752137,0.5201551123773345,0.03923352383171573,0.4844444444444444,0.5747863247863246,0.49430357708135486,0.029042817047103497,0.4711111111111112,0.5352564102564102,,,,,,,,,,,,,,,,,,,,,,,,,,,,,,,,,,,,,,,,,,,,,0.033831618455963275,,,,,,,,,,,,6.273448583188454,,,,,,,,0.09720010291792969,,,,,,,,0.08403142624204607,,0.08929429032784497,,0.09489957801028431,,0.13374586497057334,,,,,,,,,,,,,,,,,,,,,
transfer/b2a_mask_dim_07/b2a_mask_dim_07@val~relation_detr_seed42,transfer,b2a_mask_dim_07,b2a_mask_dim_07,val,4ac382e09c21,3,3,"42,123,456",1,lecun,0,phase,F1,injection,phase1/s4_phase_baseline/frozen_tecno_phase_baseline@val~relation_detr_seed42,from_config_yaml,,unpaired,1,,,,,,,,,0.9322332233223323,0.003064551876168143,0.928052805280528,0.9353135313531353,,,,,,,,,,,,,,,,,,,,,41.58024691358025,1.6467488395588232,40.0,43.851851851851855,,,,,,,,,,,,,0.7277430658348316,0.011035459528021414,0.7121386336553096,0.7357651063043156,,,,,,,,,,,,,0.7774091711050314,0.009303697409020024,0.7642517747232758,0.7840070671586234,0.4824354430033943,0.01838165434578067,0.4650980392156863,0.5078787878787878,0.46971513648998436,0.018130044171945834,0.451764705882353,0.49454545454545445,0.4411996230048969,0.028359198066845476,0.41882352941176476,0.48121212121212126,,,,,,,,,,,,,,,,,,,,,,,,,,,,,,,,,,,,,,,,,,,,,0.03493172846696435,,,,,,,,,,,,1.663633961879576,,,,,,,,0.0955824563165939,,,,,,,,0.08338548220418629,,0.03838532054238203,,0.044459602122934205,,0.08064191089411538,,,,,,,,,,,,,,,,,,,,,
transfer/b2a_mask_dim_08/b2a_mask_dim_08@val~relation_detr_seed42,transfer,b2a_mask_dim_08,b2a_mask_dim_08,val,4ac382e09c21,3,3,"42,123,456",1,lecun,0,phase,F1,injection,phase1/s4_phase_baseline/frozen_tecno_phase_baseline@val~relation_detr_seed42,from_config_yaml,,unpaired,1,,,,,,,,,0.935973597359736,0.001943181708762996,0.9333333333333333,0.9379537953795379,,,,,,,,,,,,,,,,,,,,,41.328304637247726,7.802001271044017,33.78674171357098,52.074074074074076,,,,,,,,,,,,,0.7426437071244122,0.007930849034201881,0.7314326382503761,0.7485347247153394,,,,,,,,,,,,,0.7891288510570967,0.006053584312799605,0.780665089390564,0.7944753521787834,0.49236985236985237,0.07526103808413247,0.4222222222222223,0.5967676767676767,0.4819321419321419,0.08325217851772243,0.402020202020202,0.5967676767676767,0.44294742294742295,0.0913493791594152,0.35959595959595964,0.5701010101010101,,,,,,,,,,,,,,,,,,,,,,,,,,,,,,,,,,,,,,,,,,,,,0.03867210250436803,,,,,,,,,,,,1.411691685547055,,,,,,,,0.11048309760617447,,,,,,,,0.09510516215625164,,0.04831972990884009,,0.05667660756509174,,0.08238971083664143,,,,,,,,,,,,,,,,,,,,,
transfer/b2a_mask_dim_09/b2a_mask_dim_09@val~relation_detr_seed42,transfer,b2a_mask_dim_09,b2a_mask_dim_09,val,4ac382e09c21,3,3,"42,123,456",1,lecun,0,phase,F1,injection,phase1/s4_phase_baseline/frozen_tecno_phase_baseline@val~relation_detr_seed42,from_config_yaml,,unpaired,1,,,,,,,,,0.9273927392739274,0.000538941637576027,0.9267326732673268,0.928052805280528,,,,,,,,,,,,,,,,,,,,,43.28482302011714,3.8115692535564833,39.7979797979798,48.588235294117645,,,,,,,,,,,,,0.723821756605034,0.0030190709500259078,0.7208525125867118,0.7279634214387801,,,,,,,,,,,,,0.7762260927591389,0.0023374752654732114,0.7739490558272808,0.7794399456639631,0.4863130361030993,0.04375310430772259,0.44164976335361733,0.5457309941520467,0.4776757195412545,0.039335735385211144,0.44164976335361733,0.5323976608187134,0.44011429720750483,0.045965425459945,0.39093982420554435,0.5015204678362574,,,,,,,,,,,,,,,,,,,,,,,,,,,,,,,,,,,,,,,,,,,,,0.030091244418559482,,,,,,,,,,,,3.3682100684164666,,,,,,,,0.09166114708679629,,,,,,,,0.0822024038582938,,0.04226291364208701,,0.052420185174204326,,0.07955658509672331,,,,,,,,,,,,,,,,,,,,,
transfer/b2a_mask_dim_10/b2a_mask_dim_10@val~relation_detr_seed42,transfer,b2a_mask_dim_10,b2a_mask_dim_10,val,4ac382e09c21,3,3,"42,123,456",1,lecun,0,phase,F1,injection,phase1/s4_phase_baseline/frozen_tecno_phase_baseline@val~relation_detr_seed42,from_config_yaml,,unpaired,1,,,,,,,,,0.932013201320132,0.003886363417526017,0.928052805280528,0.9372937293729373,,,,,,,,,,,,,,,,,,,,,46.361220020223854,3.2343560051210467,43.82552313586797,50.925925925925924,,,,,,,,,,,,,0.7320707184869297,0.013214305134320033,0.7134571228735508,0.7428188122488537,,,,,,,,,,,,,0.7801192299543616,0.011953305123275445,0.7632347243002341,0.7892737725167064,0.5200379867046534,0.05594324189925345,0.47948717948717956,0.5991452991452991,0.5032605254827477,0.06781142531317332,0.45384615384615384,0.5991452991452991,0.47166824944602725,0.0769123810201612,0.38765432098765434,0.5735042735042736,,,,,,,,,,,,,,,,,,,,,,,,,,,,,,,,,,,,,,,,,,,,,0.03471170646476407,,,,,,,,,,,,6.444607068523183,,,,,,,,0.09991010896869201,,,,,,,,0.08609554105351647,,0.07598786424364112,,0.07800499111569753,,0.11111053733524573,,,,,,,,,,,,,,,,,,,,,
transfer/b2a_mask_dim_11/b2a_mask_dim_11@val~relation_detr_seed42,transfer,b2a_mask_dim_11,b2a_mask_dim_11,val,4ac382e09c21,3,3,"42,123,456",1,lecun,0,phase,F1,injection,phase1/s4_phase_baseline/frozen_tecno_phase_baseline@val~relation_detr_seed42,from_config_yaml,,unpaired,1,,,,,,,,,0.9350935093509352,0.003506573696481666,0.9306930693069307,0.9392739273927393,,,,,,,,,,,,,,,,,,,,,40.983245149911816,8.992817607276427,30.09259259259259,52.11640211640212,,,,,,,,,,,,,0.7353196082741779,0.009379567560188857,0.7274747168107831,0.7485052980310474,,,,,,,,,,,,,0.7852261389416972,0.006208814899275199,0.778970799032297,0.793690204275639,0.4875124662480984,0.09783777840379448,0.37564102564102564,0.613960113960114,0.48368104862357736,0.09855600173818979,0.37564102564102564,0.613960113960114,0.4516592390155608,0.10660084961638505,0.3282051282051282,0.5883190883190883,,,,,,,,,,,,,,,,,,,,,,,,,,,,,,,,,,,,,,,,,,,,,0.03779201449556724,,,,,,,,,,,,1.0666321982111455,,,,,,,,0.10315899875594015,,,,,,,,0.09120245004085215,,0.04346234378708613,,0.0584255142565272,,0.0911015269047793,,,,,,,,,,,,,,,,,,,,,
transfer/b2a_mask_dim_12/b2a_mask_dim_12@val~relation_detr_seed42,transfer,b2a_mask_dim_12,b2a_mask_dim_12,val,4ac382e09c21,3,3,"42,123,456",1,lecun,0,phase,F1,injection,phase1/s4_phase_baseline/frozen_tecno_phase_baseline@val~relation_detr_seed42,from_config_yaml,,unpaired,1,,,,,,,,,0.9368536853685369,0.0008232469497852397,0.935973597359736,0.9379537953795379,,,,,,,,,,,,,,,,,,,,,43.06667817778929,2.8786577200992034,39.47163947163947,46.518518518518526,,,,,,,,,,,,,0.7429322617518198,0.004020815558323552,0.737441456674073,0.7469577937098253,,,,,,,,,,,,,0.7891215914904559,0.0032452590549803895,0.7848095331321863,0.7926385666777248,0.48987183952701197,0.01899703759538699,0.4636015325670499,0.5078787878787878,0.48176691762898655,0.02290640773494827,0.4521072796934866,0.5078787878787878,0.46181014387910935,0.031994729021635505,0.4183908045977011,0.49454545454545445,,,,,,,,,,,,,,,,,,,,,,,,,,,,,,,,,,,,,,,,,,,,,0.03955219051316894,,,,,,,,,,,,3.1500652260886213,,,,,,,,0.1107716522335821,,,,,,,,0.09509790258961082,,0.04582171706599969,,0.05651138326193639,,0.10125243176832782,,,,,,,,,,,,,,,,,,,,,
transfer/b2a_mask_dim_13/b2a_mask_dim_13@val~relation_detr_seed42,transfer,b2a_mask_dim_13,b2a_mask_dim_13,val,4ac382e09c21,3,3,"42,123,456",1,lecun,0,phase,F1,injection,phase1/s4_phase_baseline/frozen_tecno_phase_baseline@val~relation_detr_seed42,from_config_yaml,,unpaired,1,,,,,,,,,0.9368536853685369,0.0016464938995704498,0.9346534653465347,0.9386138613861386,,,,,,,,,,,,,,,,,,,,,40.71375296865494,2.2467859534858117,37.55520226108462,42.5925925925926,,,,,,,,,,,,,0.7471885444468181,0.003991564577225274,0.7417686663509919,0.7512650751422348,,,,,,,,,,,,,0.7930247197907684,0.0034830390550877072,0.7882813874025326,0.7965465772646022,0.4758277737213595,0.03080399177116367,0.4400679117147708,0.5152542372881356,0.4647105876451795,0.026389731056548318,0.4293152235427278,0.4926553672316385,0.4370381906596692,0.0355859911671055,0.3942275042444822,0.4813559322033898,,,,,,,,,,,,,,,,,,,,,,,,,,,,,,,,,,,,,,,,,,,,,0.03955219051316894,,,,,,,,,,,,0.7971400169542662,,,,,,,,0.11502793492858043,,,,,,,,0.09900103088992329,,0.031777651260347206,,0.039455053278129315,,0.07648047854888768,,,,,,,,,,,,,,,,,,,,,
transfer/b2a_mask_dim_14/b2a_mask_dim_14@val~relation_detr_seed42,transfer,b2a_mask_dim_14,b2a_mask_dim_14,val,4ac382e09c21,3,3,"42,123,456",1,lecun,0,phase,F1,injection,phase1/s4_phase_baseline/frozen_tecno_phase_baseline@val~relation_detr_seed42,from_config_yaml,,unpaired,1,,,,,,,,,0.9364136413641364,0.0003111580995320693,0.935973597359736,0.9366336633663367,,,,,,,,,,,,,,,,,,,,,42.07714588602576,2.03793471007677,39.21568627450981,43.8058748403576,,,,,,,,,,,,,0.7413720250320968,0.0020533580474934336,0.7399147485930414,0.7442759052937751,,,,,,,,,,,,,0.7884815443526912,0.0021559329938720226,0.7869384753748475,0.7915304181242654,0.4843693726932899,0.013596768456649823,0.46585956416464896,0.4981351981351982,0.47221416373958747,0.01296177822429094,0.45456012913640037,0.48531468531468525,0.452177250105687,0.0165476465157868,0.4319612590799031,0.47249417249417247,,,,,,,,,,,,,,,,,,,,,,,,,,,,,,,,,,,,,,,,,,,,,0.039112146508768486,,,,,,,,,,,,2.16053293432509,,,,,,,,0.10921141551385904,,,,,,,,0.09445785545184615,,0.040319250232277615,,0.04695862937253731,,0.09161953799490546,,,,,,,,,,,,,,,,,,,,,
transfer/b2a_oracle_mask_00/b2a_oracle_mask_00@val~relation_detr_seed42,transfer,b2a_oracle_mask_00,b2a_oracle_mask_00,val,4ac382e09c21,3,3,"42,123,456",1,lecun,0,phase,F1,injection,phase1/s4_phase_baseline/frozen_tecno_phase_baseline@val~relation_detr_seed42,from_config_yaml,,unpaired,1,,,,,,,,,0.9465346534653465,0.003000700043341244,0.9425742574257425,0.9498349834983498,,,,,,,,,,,,,,,,,,,,,52.672545561434454,1.7287677514740656,51.3015873015873,55.111111111111114,,,,,,,,,,,,,0.7522150672878976,0.009382887097747502,0.7397998491324123,0.7624791063289695,,,,,,,,,,,,,0.7932147397546353,0.007435563354868808,0.7831444301541036,0.8008715451835092,0.6033469000135667,0.012418531663541867,0.587037037037037,0.6171428571428571,0.5899993216659883,0.01270080363694898,0.5731481481481482,0.6038095238095238,0.5325600325600325,0.008424220231861363,0.5222222222222221,0.5428571428571428,,,,,,,,,,,,,,,,,,,,,,,,,,,,,,,,,,,,,,,,,,,,,0.04923315860997857,,,,,,,,,,,,12.755932609733783,,,,,,,,0.12005445776965984,,,,,,,,0.09919105085379021,,0.15929677755255445,,0.16474378729893818,,0.17200232044925096,,,,,,,,,,,,,,,,,,,,,
transfer/b2a_oracle_mask_01/b2a_oracle_mask_01@val~relation_detr_seed42,transfer,b2a_oracle_mask_01,b2a_oracle_mask_01,val,4ac382e09c21,3,3,"42,123,456",1,lecun,0,phase,F1,injection,phase1/s4_phase_baseline/frozen_tecno_phase_baseline@val~relation_detr_seed42,from_config_yaml,,unpaired,1,,,,,,,,,0.9581958195819582,0.002546938812495096,0.9557755775577558,0.9617161716171617,,,,,,,,,,,,,,,,,,,,,56.267260481819875,0.7789354650466266,55.36398467432951,57.26495726495727,,,,,,,,,,,,,0.7932046356623161,0.0047926127987828636,0.7886496756285661,0.7998287190055589,,,,,,,,,,,,,0.8225315313444057,0.002807738309046595,0.8199206610164381,0.8264278367706828,0.6413068171238105,0.006831476727460373,0.6339869281045752,0.6504273504273503,0.6413068171238105,0.006831476727460373,0.6339869281045752,0.6504273504273503,0.6060410964005735,0.02820520593822971,0.5661764705882353,0.6271604938271604,,,,,,,,,,,,,,,,,,,,,,,,,,,,,,,,,,,,,,,,,,,,,0.06089432472659029,,,,,,,,,,,,16.350647530119204,,,,,,,,0.16104402614407842,,,,,,,,0.12850784244356062,,0.19725669466279827,,0.2160512827567604,,0.24548338428979194,,,,,,,,,,,,,,,,,,,,,
transfer/b2a_oracle_mask_02/b2a_oracle_mask_02@val~relation_detr_seed42,transfer,b2a_oracle_mask_02,b2a_oracle_mask_02,val,4ac382e09c21,3,3,"42,123,456",1,lecun,0,phase,F1,injection,phase1/s4_phase_baseline/frozen_tecno_phase_baseline@val~relation_detr_seed42,from_config_yaml,,unpaired,1,,,,,,,,,0.9588558855885588,0.0021781066967242234,0.9557755775577558,0.9603960396039604,,,,,,,,,,,,,,,,,,,,,53.380471380471384,4.517740678808077,47.47474747474748,58.44444444444445,,,,,,,,,,,,,0.7975509580371366,0.005603864217782498,0.7897247352727933,0.80254463371132,,,,,,,,,,,,,0.8252259701232072,0.0032191964546364298,0.8207221462300766,0.8280536567436381,0.6170031537519223,0.03537410993768355,0.5758620689655172,0.6622222222222223,0.6170031537519223,0.03537410993768355,0.5758620689655172,0.6622222222222223,0.5802457841374098,0.04947371229929295,0.5341954022988505,0.648888888888889,,,,,,,,,,,,,,,,,,,,,,,,,,,,,,,,,,,,,,,,,,,,,0.06155439073319091,,,,,,,,,,,,13.463858428770713,,,,,,,,0.1653903485188989,,,,,,,,0.1312022812223621,,0.17295303129091,,0.19174761938487211,,0.21968807202662827,,,,,,,,,,,,,,,,,,,,,
transfer/b2a_oracle_mask_03/b2a_oracle_mask_03@val~relation_detr_seed42,transfer,b2a_oracle_mask_03,b2a_oracle_mask_03,val,4ac382e09c21,3,3,"42,123,456",1,lecun,0,phase,F1,injection,phase1/s4_phase_baseline/frozen_tecno_phase_baseline@val~relation_detr_seed42,from_config_yaml,,unpaired,1,,,,,,,,,0.9595159515951595,0.0015557904976601894,0.9584158415841584,0.9617161716171617,,,,,,,,,,,,,,,,,,,,,55.52873563218391,2.3916906535060503,52.58620689655172,58.44444444444445,,,,,,,,,,,,,0.8002582865094271,0.002931340535734453,0.7962270389880717,0.8031111190677379,,,,,,,,,,,,,0.8268598407014737,0.0017877774510275035,0.8244283169114368,0.8286755954010049,0.6331687242798354,0.020573827031425903,0.6172839506172839,0.6622222222222223,0.6287242798353909,0.024079947227733055,0.6066666666666666,0.6622222222222223,0.6103909465020576,0.03459259601949996,0.565,0.648888888888889,,,,,,,,,,,,,,,,,,,,,,,,,,,,,,,,,,,,,,,,,,,,,0.062214456739791535,,,,,,,,,,,,15.612122680483239,,,,,,,,0.16809767699118938,,,,,,,,0.13283615180062858,,0.18911860181882312,,0.20346874546834076,,0.24983323439127608,,,,,,,,,,,,,,,,,,,,,
transfer/b2a_oracle_mask_04/b2a_oracle_mask_04@val~relation_detr_seed42,transfer,b2a_oracle_mask_04,b2a_oracle_mask_04,val,4ac382e09c21,3,3,"42,123,456",1,lecun,0,phase,F1,injection,phase1/s4_phase_baseline/frozen_tecno_phase_baseline@val~relation_detr_seed42,from_config_yaml,,unpaired,1,,,,,,,,,0.9586358635863587,0.0029682590898200043,0.9551155115511551,0.9623762376237623,,,,,,,,,,,,,,,,,,,,,54.158998373557765,1.0337896713752472,52.83950617283951,55.36398467432951,,,,,,,,,,,,,0.7972702391363915,0.005392028897569609,0.7917067122415469,0.804568233292723,,,,,,,,,,,,,0.8250324018079778,0.0031119739929557607,0.8219611709261228,0.8292978943252596,0.6196136954306889,0.015875194496230417,0.6006535947712419,0.6395061728395062,0.6153401911571846,0.017219654755260404,0.6006535947712419,0.6395061728395062,0.5814630600578313,0.032314397300664405,0.5582417582417581,0.6271604938271604,,,,,,,,,,,,,,,,,,,,,,,,,,,,,,,,,,,,,,,,,,,,,0.06133436873099074,,,,,,,,,,,,14.242385421857094,,,,,,,,0.16510962961815379,,,,,,,,0.13100871290713267,,0.17556357296967662,,0.19008465679013448,,0.2209053479470498,,,,,,,,,,,,,,,,,,,,,
transfer/b2a_oracle_mask_05/b2a_oracle_mask_05@val~relation_detr_seed42,transfer,b2a_oracle_mask_05,b2a_oracle_mask_05,val,4ac382e09c21,3,3,"42,123,456",1,lecun,0,phase,F1,injection,phase1/s4_phase_baseline/frozen_tecno_phase_baseline@val~relation_detr_seed42,from_config_yaml,,unpaired,1,,,,,,,,,0.9577557755775578,0.002851811088408296,0.9537953795379538,0.9603960396039604,,,,,,,,,,,,,,,,,,,,,54.60968660968661,4.089397993378387,49.77777777777778,59.77777777777778,,,,,,,,,,,,,0.7972833390254799,0.0043344093989242105,0.7917535013956823,0.8023387444911322,,,,,,,,,,,,,0.825242503346873,0.0024503838190665823,0.822209903635847,0.8282110688583969,0.6131919434440443,0.04536249006384659,0.5573696145124717,0.6684807256235827,0.6042994975768086,0.05098054610312468,0.5437641723356009,0.6684807256235827,0.5766162020363701,0.05805528594204679,0.5159863945578231,0.654875283446712,,,,,,,,,,,,,,,,,,,,,,,,,,,,,,,,,,,,,,,,,,,,,0.060454280722189835,,,,,,,,,,,,14.693073657985941,,,,,,,,0.16512272950724216,,,,,,,,0.1312188144460279,,0.169141820983032,,0.1790439632097584,,0.21605848992558857,,,,,,,,,,,,,,,,,,,,,
transfer/b2a_oracle_mask_06/b2a_oracle_mask_06@val~relation_detr_seed42,transfer,b2a_oracle_mask_06,b2a_oracle_mask_06,val,4ac382e09c21,3,3,"42,123,456",1,lecun,0,phase,F1,injection,phase1/s4_phase_baseline/frozen_tecno_phase_baseline@val~relation_detr_seed42,from_config_yaml,,unpaired,1,,,,,,,,,0.9526952695269527,0.0003111580995320693,0.9524752475247524,0.9531353135313532,,,,,,,,,,,,,,,,,,,,,46.61182688064409,2.1253463185202666,44.32497013142174,49.44444444444445,,,,,,,,,,,,,0.7881861169912538,0.0057017586346736655,0.7802429959481073,0.7933598415459588,,,,,,,,,,,,,0.8198968227540605,0.0036727558935562995,0.8147561185541046,0.8231102720682258,0.5640972339614104,0.026780456216873614,0.5283549783549782,0.5928153717627401,0.5640972339614104,0.026780456216873614,0.5283549783549782,0.5928153717627401,0.5188051997050299,0.035224794096073486,0.4742424242424243,0.56036866359447,,,,,,,,,,,,,,,,,,,,,,,,,,,,,,,,,,,,,,,,,,,,,0.055393774671584795,,,,,,,,,,,,6.695213928943417,,,,,,,,0.15602550747301613,,,,,,,,0.1258731338532154,,0.12004711150039815,,0.13884169959436027,,0.1582474875942484,,,,,,,,,,,,,,,,,,,,,
transfer/b2a_oracle_mask_07/b2a_oracle_mask_07@val~relation_detr_seed42,transfer,b2a_oracle_mask_07,b2a_oracle_mask_07,val,4ac382e09c21,3,3,"42,123,456",1,lecun,0,phase,F1,injection,phase1/s4_phase_baseline/frozen_tecno_phase_baseline@val~relation_detr_seed42,from_config_yaml,,unpaired,1,,,,,,,,,0.9564356435643564,0.0014259055442041738,0.9544554455445544,0.9577557755775578,,,,,,,,,,,,,,,,,,,,,55.262421699203315,0.9315911105109395,54.074074074074076,56.349206349206355,,,,,,,,,,,,,0.7939682196338012,0.004688989914940439,0.7877097314114201,0.7989957349351429,,,,,,,,,,,,,0.8231464405012575,0.0027849118118415295,0.8194217530461306,0.8261172192611151,0.6343504077256698,0.011293541597697753,0.6186813186813187,0.6448637316561845,0.6258840313347651,0.014462205612528796,0.6058608058608059,0.6395061728395062,0.5789885399948292,0.03810744775419896,0.5454212454212454,0.6322851153039832,,,,,,,,,,,,,,,,,,,,,,,,,,,,,,,,,,,,,,,,,,,,,0.059134148708988477,,,,,,,,,,,,15.345808747502645,,,,,,,,0.16180761011556344,,,,,,,,0.12912275160041242,,0.19030028526465748,,0.20062849696771495,,0.21843082788404772,,,,,,,,,,,,,,,,,,,,,
transfer/b2a_oracle_mask_08/b2a_oracle_mask_08@val~relation_detr_seed42,transfer,b2a_oracle_mask_08,b2a_oracle_mask_08,val,4ac382e09c21,3,3,"42,123,456",1,lecun,0,phase,F1,injection,phase1/s4_phase_baseline/frozen_tecno_phase_baseline@val~relation_detr_seed42,from_config_yaml,,unpaired,1,,,,,,,,,0.9586358635863587,0.0016464938995704992,0.9564356435643564,0.9603960396039604,,,,,,,,,,,,,,,,,,,,,56.66666666666667,1.3698697784375513,55.111111111111114,58.44444444444445,,,,,,,,,,,,,0.7954326763711133,0.0030100585917108074,0.79140525898657,0.7986403745927808,,,,,,,,,,,,,0.8238757505450818,0.001737007437610363,0.8215152293750893,0.8256448634986591,0.6431443688586547,0.013729908543700068,0.6304761904761905,0.6622222222222223,0.6386999244142102,0.018455963576151292,0.6171428571428571,0.6622222222222223,0.6342554799697657,0.013078290130477887,0.6171428571428571,0.648888888888889,,,,,,,,,,,,,,,,,,,,,,,,,,,,,,,,,,,,,,,,,,,,,0.06133436873099074,,,,,,,,,,,,16.750053714966,,,,,,,,0.16327206685287554,,,,,,,,0.12985206164423668,,0.1990942463976424,,0.21344439004716004,,0.2736977678589842,,,,,,,,,,,,,,,,,,,,,
transfer/b2a_oracle_mask_09/b2a_oracle_mask_09@val~relation_detr_seed42,transfer,b2a_oracle_mask_09,b2a_oracle_mask_09,val,4ac382e09c21,3,3,"42,123,456",1,lecun,0,phase,F1,injection,phase1/s4_phase_baseline/frozen_tecno_phase_baseline@val~relation_detr_seed42,from_config_yaml,,unpaired,1,,,,,,,,,0.9469746974697469,0.002040400109019948,0.9452145214521452,0.9498349834983498,,,,,,,,,,,,,,,,,,,,,42.78347578347579,3.506887589596625,37.90598290598291,46.0,,,,,,,,,,,,,0.7747127895064221,0.005669854817680422,0.7674558230817252,0.7812947806692385,,,,,,,,,,,,,0.8120799519450818,0.003757680521984418,0.8071848876723662,0.8163188533014607,0.501453914899293,0.025682698407372376,0.46666666666666673,0.527891156462585,0.501453914899293,0.025682698407372376,0.46666666666666673,0.527891156462585,0.4746621881075663,0.030686613068914008,0.4323232323232323,0.5040816326530613,,,,,,,,,,,,,,,,,,,,,,,,,,,,,,,,,,,,,,,,,,,,,0.04967320261437902,,,,,,,,,,,,2.8668628317751157,,,,,,,,0.14255217998818437,,,,,,,,0.11805626304423666,,0.057403792438280754,,0.07619838053224287,,0.11410447599678475,,,,,,,,,,,,,,,,,,,,,
transfer/b2a_oracle_mask_10/b2a_oracle_mask_10@val~relation_detr_seed42,transfer,b2a_oracle_mask_10,b2a_oracle_mask_10,val,4ac382e09c21,3,3,"42,123,456",1,lecun,0,phase,F1,injection,phase1/s4_phase_baseline/frozen_tecno_phase_baseline@val~relation_detr_seed42,from_config_yaml,,unpaired,1,,,,,,,,,0.9577557755775578,0.0026947081878803164,0.9544554455445544,0.9610561056105611,,,,,,,,,,,,,,,,,,,,,51.045991045991045,6.791528364136375,42.857142857142854,59.48717948717948,,,,,,,,,,,,,0.794416921150914,0.0021355977099492066,0.7923235180934747,0.7973489380637109,,,,,,,,,,,,,0.8233751600724264,0.0011783064144567888,0.8222553161633853,0.8250037593515228,0.6017582596685738,0.07242061095497254,0.5282651072124757,0.700280112044818,0.6017582596685738,0.07242061095497254,0.5282651072124757,0.700280112044818,0.5593406765773726,0.10112830800860143,0.4678362573099415,0.700280112044818,,,,,,,,,,,,,,,,,,,,,,,,,,,,,,,,,,,,,,,,,,,,,0.060454280722189835,,,,,,,,,,,,11.129378094290374,,,,,,,,0.1622563116326763,,,,,,,,0.1293514711715813,,0.1577081372075615,,0.1765027253015236,,0.1987829644665911,,,,,,,,,,,,,,,,,,,,,
transfer/b2a_oracle_mask_11/b2a_oracle_mask_11@val~relation_detr_seed42,transfer,b2a_oracle_mask_11,b2a_oracle_mask_11,val,4ac382e09c21,3,3,"42,123,456",1,lecun,0,phase,F1,injection,phase1/s4_phase_baseline/frozen_tecno_phase_baseline@val~relation_detr_seed42,from_config_yaml,,unpaired,1,,,,,,,,,0.9584158415841584,0.0014259055442041738,0.9564356435643564,0.9597359735973597,,,,,,,,,,,,,,,,,,,,,54.04469987228608,4.207699436645135,49.77777777777778,59.77011494252874,,,,,,,,,,,,,0.7958244639435257,0.004978545462872217,0.7893090078334662,0.8013931433496758,,,,,,,,,,,,,0.8242168364779937,0.002973242658618431,0.8203209392057891,0.8275347289793197,0.6401696481061561,0.06474760552266595,0.5748299319727892,0.7283950617283951,0.6401696481061561,0.06474760552266595,0.5748299319727892,0.7283950617283951,0.6319391954312589,0.06073176397165435,0.5748299319727892,0.7160493827160493,,,,,,,,,,,,,,,,,,,,,,,,,,,,,,,,,,,,,,,,,,,,,0.06111434672879046,,,,,,,,,,,,14.12808692058541,,,,,,,,0.16366385442528797,,,,,,,,0.13019314757714862,,0.1961195256451438,,0.2149141137391059,,0.27138148332047735,,,,,,,,,,,,,,,,,,,,,
transfer/b2a_oracle_mask_12/b2a_oracle_mask_12@val~relation_detr_seed42,transfer,b2a_oracle_mask_12,b2a_oracle_mask_12,val,4ac382e09c21,3,3,"42,123,456",1,lecun,0,phase,F1,injection,phase1/s4_phase_baseline/frozen_tecno_phase_baseline@val~relation_detr_seed42,from_config_yaml,,unpaired,1,,,,,,,,,0.9577557755775578,0.0019431817087629834,0.9551155115511551,0.9597359735973597,,,,,,,,,,,,,,,,,,,,,56.970108081219195,0.9088030956905174,56.17283950617284,58.24175824175825,,,,,,,,,,,,,0.7964894636936729,0.00307971841467247,0.7921513540298767,0.7989940802623162,,,,,,,,,,,,,0.8246481745110156,0.0018419704023767062,0.8220686608245235,0.8262523582945001,0.6388342231479486,0.008982451319551981,0.6285403050108932,0.6504273504273503,0.6344769246730031,0.011400816450448123,0.6244631185807656,0.6504273504273503,0.5933539227656875,0.022235509201462486,0.5768440709617181,0.6247863247863248,,,,,,,,,,,,,,,,,,,,,,,,,,,,,,,,,,,,,,,,,,,,,0.060454280722189835,,,,,,,,,,,,17.053495129518524,,,,,,,,0.1643288541754352,,,,,,,,0.13062448561017048,,0.1947841006869363,,0.20922139030595294,,0.23279621065490602,,,,,,,,,,,,,,,,,,,,,
transfer/b2a_oracle_mask_13/b2a_oracle_mask_13@val~relation_detr_seed42,transfer,b2a_oracle_mask_13,b2a_oracle_mask_13,val,4ac382e09c21,3,3,"42,123,456",1,lecun,0,phase,F1,injection,phase1/s4_phase_baseline/frozen_tecno_phase_baseline@val~relation_detr_seed42,from_config_yaml,,unpaired,1,,,,,,,,,0.9566556655665567,0.0013563067113242803,0.9551155115511551,0.9584158415841584,,,,,,,,,,,,,,,,,,,,,53.01953601953602,2.2149776583534986,49.96825396825397,55.15873015873016,,,,,,,,,,,,,0.7951678687551044,0.0023644462579774594,0.7926112816825766,0.7983126579559047,,,,,,,,,,,,,0.8240880360700004,0.0013267387526508488,0.8225541053374646,0.8257907609980762,0.6258249994616993,0.04221661167871091,0.5748148148148148,0.6781970649895177,0.621632127344299,0.03712443815402873,0.5748148148148148,0.6656184486373165,0.5623370564158577,0.03037026173657295,0.5244444444444444,0.5987945492662474,,,,,,,,,,,,,,,,,,,,,,,,,,,,,,,,,,,,,,,,,,,,,0.05935417071118876,,,,,,,,,,,,13.102923067835349,,,,,,,,0.16300725923686665,,,,,,,,0.13006434716915527,,0.18177487700068706,,0.1963765929772488,,0.2017793443050762,,,,,,,,,,,,,,,,,,,,,
transfer/b2a_oracle_mask_14/b2a_oracle_mask_14@val~relation_detr_seed42,transfer,b2a_oracle_mask_14,b2a_oracle_mask_14,val,4ac382e09c21,3,3,"42,123,456",1,lecun,0,phase,F1,injection,phase1/s4_phase_baseline/frozen_tecno_phase_baseline@val~relation_detr_seed42,from_config_yaml,,unpaired,1,,,,,,,,,0.9575357535753576,0.002712613422648645,0.9544554455445544,0.9610561056105611,,,,,,,,,,,,,,,,,,,,,51.631823689294954,5.951192974747783,45.88122605363984,59.82905982905984,,,,,,,,,,,,,0.7970341272025976,0.00779364013304061,0.7869714186515262,0.8059600497786202,,,,,,,,,,,,,0.82493513948741,0.004510653962931643,0.8191802797729838,0.8301958844749452,0.5974071873418278,0.05082292971160811,0.5612121212121212,0.6692810457516339,0.5974071873418278,0.05082292971160811,0.5612121212121212,0.6692810457516339,0.5649447635395348,0.06522458900114456,0.5077160493827161,0.6562091503267974,,,,,,,,,,,,,,,,,,,,,,,,,,,,,,,,,,,,,,,,,,,,,0.060234258719989664,,,,,,,,,,,,11.715210737594283,,,,,,,,0.16487351768435987,,,,,,,,0.13091145058656495,,0.15335706488081557,,0.1721516529747777,,0.2043870514287533,,,,,,,,,,,,,,,,,,,,,
transfer/b2a_oracle_mask_top3_joint/b2a_oracle_mask_top3_joint@val~relation_detr_seed42,transfer,b2a_oracle_mask_top3_joint,b2a_oracle_mask_top3_joint,val,4ac382e09c21,3,3,"42,123,456",1,lecun,0,phase,F1,injection,phase1/s4_phase_baseline/frozen_tecno_phase_baseline@val~relation_detr_seed42,from_config_yaml,,unpaired,1,,,,,,,,,0.9207920792079208,0.0037725914630323772,0.9174917491749175,0.926072607260726,,,,,,,,,,,,,,,,,,,,,39.543578390826966,1.987911753393223,37.18253968253968,42.04576785221946,,,,,,,,,,,,,0.7102643189513587,0.015617272999765721,0.6890652577383317,0.7262302894101922,,,,,,,,,,,,,0.7635213694376933,0.014020849024835594,0.7448265470780179,0.7785918937363663,0.45193555137057956,0.017446876827579953,0.4296296296296296,0.47222222222222215,0.4482318476668759,0.022294784215582026,0.4185185185185185,0.47222222222222215,0.38981369383911757,0.027099910602870054,0.35555555555555557,0.42182203389830514,,,,,,,,,,,,,,,,,,,,,,,,,,,,,,,,,,,,,,,,,,,,,0.023490584352552912,,,,,,,,,,,,-0.37303456087370535,,,,,,,,0.07810370943312095,,,,,,,,0.06949768053684824,,0.007885428909567282,,0.022976313299825746,,0.029255981728336045,,,,,,,,,,,,,,,,,,,,,
transfer/b2a_regiononly_mask_00/b2a_regiononly_mask_00@val~relation_detr_seed42,transfer,b2a_regiononly_mask_00,b2a_regiononly_mask_00,val,4ac382e09c21,3,3,"42,123,456",1,lecun,0,phase,F1,injection,phase1/s4_phase_baseline/frozen_tecno_phase_baseline@val~relation_detr_seed42,from_config_yaml,,unpaired,1,,,,,,,,,0.9256325632563256,0.0011218964826387016,0.9240924092409241,0.9267326732673268,,,,,,,,,,,,,,,,,,,,,37.62962962962963,0.41902624070314115,37.333333333333336,38.22222222222223,,,,,,,,,,,,,0.6647453827123563,0.003316667474653226,0.6610560641812617,0.6690984520895531,,,,,,,,,,,,,0.689303756968475,0.0033672642420769787,0.6861661051801521,0.6939748495590023,0.47288989669942055,0.006671085323725026,0.46349206349206357,0.4783068783068784,0.47288989669942055,0.006671085323725026,0.46349206349206357,0.4783068783068784,0.4296548248929202,0.007553622293476336,0.4190476190476191,0.43605442176870746,,,,,,,,,,,,,,,,,,,,,,,,,,,,,,,,,,,,,,,,,,,,,0.02833106840095767,,,,,,,,,,,,-2.2869833220710376,,,,,,,,0.032584773194118566,,,,,,,,-0.004719931932370081,,0.028839774238408278,,0.047634362332370395,,0.06909711278213865,,,,,,,,,,,,,,,,,,,,,
transfer/b2a_regiononly_mask_01/b2a_regiononly_mask_01@val~relation_detr_seed42,transfer,b2a_regiononly_mask_01,b2a_regiononly_mask_01,val,4ac382e09c21,3,3,"42,123,456",1,lecun,0,phase,F1,injection,phase1/s4_phase_baseline/frozen_tecno_phase_baseline@val~relation_detr_seed42,from_config_yaml,,unpaired,1,,,,,,,,,0.9394939493949395,0.002040400109019928,0.9366336633663367,0.9412541254125413,,,,,,,,,,,,,,,,,,,,,35.49565421658445,4.3705738264639,32.107117688513036,41.666666666666664,,,,,,,,,,,,,0.7349429524322674,0.004883736330874823,0.729596977955908,0.7414029884551666,,,,,,,,,,,,,0.782221574830269,0.003198254470816911,0.7794952105417604,0.786710209072206,0.44023421487259484,0.03943120154927703,0.40368455074337434,0.49498261301539986,0.43043029330396737,0.047070340296453954,0.3840767076061194,0.49498261301539986,0.39788242758348835,0.047569989531373036,0.3486317603964663,0.4621957277694982,,,,,,,,,,,,,,,,,,,,,,,,,,,,,,,,,,,,,,,,,,,,,0.042192454539571544,,,,,,,,,,,,-4.420958735116223,,,,,,,,0.10278234291402966,,,,,,,,0.0881978859294239,,-0.003815907588417433,,0.005174758936917212,,0.037324715472706826,,,,,,,,,,,,,,,,,,,,,
transfer/b2a_regiononly_mask_02/b2a_regiononly_mask_02@val~relation_detr_seed42,transfer,b2a_regiononly_mask_02,b2a_regiononly_mask_02,val,4ac382e09c21,3,3,"42,123,456",1,lecun,0,phase,F1,injection,phase1/s4_phase_baseline/frozen_tecno_phase_baseline@val~relation_detr_seed42,from_config_yaml,,unpaired,1,,,,,,,,,0.9467546754675468,0.0022437929652773672,0.9445544554455445,0.9498349834983498,,,,,,,,,,,,,,,,,,,,,40.435197101863764,0.9551939176918395,39.338624338624335,41.666666666666664,,,,,,,,,,,,,0.758078669476817,0.009410695512994878,0.7487395587818811,0.7709596524485324,,,,,,,,,,,,,0.7991944709474786,0.0071510735391869884,0.7919435639139324,0.8089252532463439,0.4924233055204323,0.00624492327063445,0.48382340185618883,0.4984639016897081,0.4924233055204323,0.00624492327063445,0.48382340185618883,0.4984639016897081,0.4474670148387758,0.023721680405908312,0.41399947957325006,0.46620583717357916,,,,,,,,,,,,,,,,,,,,,,,,,,,,,,,,,,,,,,,,,,,,,0.04945318061217885,,,,,,,,,,,,0.5185841501630932,,,,,,,,0.1259180599585793,,,,,,,,0.10517078204663355,,0.04837318305942001,,0.06716777115338213,,0.0869093027279943,,,,,,,,,,,,,,,,,,,,,
transfer/b2a_regiononly_mask_03/b2a_regiononly_mask_03@val~relation_detr_seed42,transfer,b2a_regiononly_mask_03,b2a_regiononly_mask_03,val,4ac382e09c21,3,3,"42,123,456",1,lecun,0,phase,F1,injection,phase1/s4_phase_baseline/frozen_tecno_phase_baseline@val~relation_detr_seed42,from_config_yaml,,unpaired,1,,,,,,,,,0.9482948294829483,0.0008232469497852397,0.9471947194719472,0.9491749174917492,,,,,,,,,,,,,,,,,,,,,38.970888181414495,3.6019311389511954,34.047619047619044,42.56474519632415,,,,,,,,,,,,,0.7625114024300091,0.001635524487308008,0.7603264318752967,0.7642610317396413,,,,,,,,,,,,,0.8029326677456566,0.001115418753754994,0.8014940897408743,0.8042124105708199,0.48674217239455564,0.02850618154549059,0.4474769012082445,0.5142857142857143,0.48674217239455564,0.02850618154549059,0.4474769012082445,0.5142857142857143,0.45145768002452324,0.04794893570524737,0.3842928216062545,0.4931216931216931,,,,,,,,,,,,,,,,,,,,,,,,,,,,,,,,,,,,,,,,,,,,,0.05099333462758038,,,,,,,,,,,,-0.9457247702861764,,,,,,,,0.13035079291177143,,,,,,,,0.10890897884481154,,0.04269204993354336,,0.06148663802750548,,0.09089996791374172,,,,,,,,,,,,,,,,,,,,,
transfer/b2a_regiononly_mask_04/b2a_regiononly_mask_04@val~relation_detr_seed42,transfer,b2a_regiononly_mask_04,b2a_regiononly_mask_04,val,4ac382e09c21,3,3,"42,123,456",1,lecun,0,phase,F1,injection,phase1/s4_phase_baseline/frozen_tecno_phase_baseline@val~relation_detr_seed42,from_config_yaml,,unpaired,1,,,,,,,,,0.9452145214521452,0.002349192134660329,0.9432343234323433,0.9485148514851485,,,,,,,,,,,,,,,,,,,,,39.87382987382988,0.8223473186917732,38.80952380952381,40.81196581196581,,,,,,,,,,,,,0.7536163800199287,0.012732646208179585,0.7431780550612485,0.7715422906370399,,,,,,,,,,,,,0.7957859220850602,0.00980418766785282,0.7873244728557821,0.809529062346893,0.48911690161690163,0.01143713594246123,0.47301587301587306,0.49850149850149855,0.48911690161690163,0.01143713594246123,0.47301587301587306,0.49850149850149855,0.4421034983534983,0.02555988775890166,0.4063492063492063,0.46458333333333335,,,,,,,,,,,,,,,,,,,,,,,,,,,,,,,,,,,,,,,,,,,,,0.04791302659677732,,,,,,,,,,,,-0.04278307787079427,,,,,,,,0.12145577050169098,,,,,,,,0.10176223318421507,,0.04506677915588936,,0.06386136724985148,,0.0815457862427168,,,,,,,,,,,,,,,,,,,,,
transfer/b2a_regiononly_mask_05/b2a_regiononly_mask_05@val~relation_detr_seed42,transfer,b2a_regiononly_mask_05,b2a_regiononly_mask_05,val,4ac382e09c21,3,3,"42,123,456",1,lecun,0,phase,F1,injection,phase1/s4_phase_baseline/frozen_tecno_phase_baseline@val~relation_detr_seed42,from_config_yaml,,unpaired,1,,,,,,,,,0.9463146314631463,0.0029682590898200485,0.9425742574257425,0.9498349834983498,,,,,,,,,,,,,,,,,,,,,35.643274853801174,0.2687832793983962,35.26315789473684,35.833333333333336,,,,,,,,,,,,,0.7557395994507043,0.008564768970183366,0.7436573446072129,0.7625204833807818,,,,,,,,,,,,,0.7979436972402273,0.006159023791761415,0.7892339568618477,0.8023739199817469,0.44919278252611594,0.007098887777479934,0.43915343915343924,0.4542124542124543,0.44919278252611594,0.007098887777479934,0.43915343915343924,0.4542124542124543,0.40809252475919144,0.013684197976677984,0.3902116402116402,0.4234432234432235,,,,,,,,,,,,,,,,,,,,,,,,,,,,,,,,,,,,,,,,,,,,,0.049013136607778396,,,,,,,,,,,,-4.273338097899497,,,,,,,,0.12357898993246663,,,,,,,,0.1039200083393822,,0.005142660065103666,,0.023937248159065783,,0.04753481264840992,,,,,,,,,,,,,,,,,,,,,
transfer/b2a_regiononly_mask_06/b2a_regiononly_mask_06@val~relation_detr_seed42,transfer,b2a_regiononly_mask_06,b2a_regiononly_mask_06,val,4ac382e09c21,3,3,"42,123,456",1,lecun,0,phase,F1,injection,phase1/s4_phase_baseline/frozen_tecno_phase_baseline@val~relation_detr_seed42,from_config_yaml,,unpaired,1,,,,,,,,,0.9256325632563256,0.002968259089820024,0.9214521452145215,0.928052805280528,,,,,,,,,,,,,,,,,,,,,49.15794283610376,2.000056994220317,46.59659659659659,51.477832512315274,,,,,,,,,,,,,0.7200148662554219,0.009200975515547896,0.7071704825627032,0.7282407435849615,,,,,,,,,,,,,0.7718728280601568,0.008335607137664982,0.7601229185581303,0.7785713358154615,0.581065131602766,0.00953564238269018,0.5692407950472466,0.5925925925925926,0.5661972170932744,0.013634498088512572,0.5477354187031606,0.5802469135802468,0.5175989283516165,0.00856481072280356,0.5066797002280873,0.5275985663082436,,,,,,,,,,,,,,,,,,,,,,,,,,,,,,,,,,,,,,,,,,,,,0.02833106840095767,,,,,,,,,,,,9.241329884403086,,,,,,,,0.08785425673718417,,,,,,,,0.07784913915931169,,0.13701500914175369,,0.14094168272622426,,0.15704121624083495,,,,,,,,,,,,,,,,,,,,,
transfer/b2a_regiononly_mask_07/b2a_regiononly_mask_07@val~relation_detr_seed42,transfer,b2a_regiononly_mask_07,b2a_regiononly_mask_07,val,4ac382e09c21,3,3,"42,123,456",1,lecun,0,phase,F1,injection,phase1/s4_phase_baseline/frozen_tecno_phase_baseline@val~relation_detr_seed42,from_config_yaml,,unpaired,1,,,,,,,,,0.9478547854785478,0.002155766550304199,0.9452145214521452,0.9504950495049505,,,,,,,,,,,,,,,,,,,,,38.612321471798595,3.3598061547138136,34.166666666666664,42.28758169934641,,,,,,,,,,,,,0.7647699312103521,0.0055797975965274985,0.7570161690370804,0.7699159028956358,,,,,,,,,,,,,0.8051821047646135,0.003569699531405358,0.8004123211793347,0.8089991297664821,0.47167001234797845,0.032054083209585846,0.431990231990232,0.5104923325262308,0.47167001234797845,0.032054083209585846,0.431990231990232,0.5104923325262308,0.4240152659644186,0.01612284384200725,0.4012210012210013,0.4358974358974359,,,,,,,,,,,,,,,,,,,,,,,,,,,,,,,,,,,,,,,,,,,,,0.050553290623179925,,,,,,,,,,,,-1.3042914799020764,,,,,,,,0.13260932169211437,,,,,,,,0.1111584158637684,,0.027619889886966176,,0.04641447798092829,,0.06345755385363705,,,,,,,,,,,,,,,,,,,,,
transfer/b2a_regiononly_mask_08/b2a_regiononly_mask_08@val~relation_detr_seed42,transfer,b2a_regiononly_mask_08,b2a_regiononly_mask_08,val,4ac382e09c21,3,3,"42,123,456",1,lecun,0,phase,F1,injection,phase1/s4_phase_baseline/frozen_tecno_phase_baseline@val~relation_detr_seed42,from_config_yaml,,unpaired,1,,,,,,,,,0.9452145214521452,0.0028004228957883093,0.9432343234323433,0.9491749174917492,,,,,,,,,,,,,,,,,,,,,39.839959006625676,2.8722147158629276,37.023809523809526,43.783068783068785,,,,,,,,,,,,,0.7479883646689881,0.010291106712966756,0.737885237219091,0.7621121622899987,,,,,,,,,,,,,0.7912925870702467,0.008403763859681068,0.7826468591594641,0.8026775620544635,0.4902970973832952,0.02279974809664998,0.46902726902726904,0.5219186399514268,0.4902970973832952,0.02279974809664998,0.46902726902726904,0.5219186399514268,0.43366767918151666,0.03940749156781491,0.4012210012210013,0.48913175470552517,,,,,,,,,,,,,,,,,,,,,,,,,,,,,,,,,,,,,,,,,,,,,0.04791302659677732,,,,,,,,,,,,-0.07665394507499457,,,,,,,,0.11582775515075039,,,,,,,,0.09726889816940165,,0.04624697492228291,,0.06504156301624503,,0.07310996707073514,,,,,,,,,,,,,,,,,,,,,
transfer/b2a_regiononly_mask_09/b2a_regiononly_mask_09@val~relation_detr_seed42,transfer,b2a_regiononly_mask_09,b2a_regiononly_mask_09,val,4ac382e09c21,3,3,"42,123,456",1,lecun,0,phase,F1,injection,phase1/s4_phase_baseline/frozen_tecno_phase_baseline@val~relation_detr_seed42,from_config_yaml,,unpaired,1,,,,,,,,,0.9388338833883388,0.0008232469497852496,0.9379537953795379,0.9399339933993399,,,,,,,,,,,,,,,,,,,,,44.655984447651115,1.0865364273119793,43.81914381914382,46.19047619047618,,,,,,,,,,,,,0.7401346304595029,0.004130946310377657,0.7368843679235694,0.7459637980277963,,,,,,,,,,,,,0.7865616568202232,0.0030085528162044854,0.7839742552257286,0.7907804387810355,0.5228007635751133,0.012689771190690306,0.5090873366735436,0.5396825396825397,0.5228007635751133,0.012689771190690306,0.5090873366735436,0.5396825396825397,0.5038318854410809,0.01312812892929982,0.48609883092641715,0.5174603174603175,,,,,,,,,,,,,,,,,,,,,,,,,,,,,,,,,,,,,,,,,,,,,0.04153238853297092,,,,,,,,,,,,4.739371495950444,,,,,,,,0.10797402094126518,,,,,,,,0.09253796791937807,,0.07875064111410102,,0.09754522920806313,,0.1432741733302994,,,,,,,,,,,,,,,,,,,,,
transfer/b2a_regiononly_mask_10/b2a_regiononly_mask_10@val~relation_detr_seed42,transfer,b2a_regiononly_mask_10,b2a_regiononly_mask_10,val,4ac382e09c21,3,3,"42,123,456",1,lecun,0,phase,F1,injection,phase1/s4_phase_baseline/frozen_tecno_phase_baseline@val~relation_detr_seed42,from_config_yaml,,unpaired,1,,,,,,,,,0.9377337733773378,0.002040400109019928,0.935973597359736,0.9405940594059405,,,,,,,,,,,,,,,,,,,,,35.19787470251866,2.962865035069999,32.613585245164195,39.346405228758165,,,,,,,,,,,,,0.7492821733562592,0.009189921925978355,0.7381283202813067,0.7606362677721293,,,,,,,,,,,,,0.7949070410440643,0.006668032316164304,0.7868596051434773,0.8031878782108673,0.41937557073332543,0.03087562453911827,0.38386243386243385,0.45913370998116765,0.41560909239057586,0.026118586639467457,0.38386243386243385,0.447834274952919,0.359139833160245,0.023023616819084918,0.32989417989417985,0.38615819209039554,,,,,,,,,,,,,,,,,,,,,,,,,,,,,,,,,,,,,,,,,,,,,0.040432278521969844,,,,,,,,,,,,-4.71873824918201,,,,,,,,0.11712156383802153,,,,,,,,0.1008833521432192,,-0.024674551727686844,,-0.009646441976474296,,-0.001417878950536522,,,,,,,,,,,,,,,,,,,,,
transfer/b2a_regiononly_mask_11/b2a_regiononly_mask_11@val~relation_detr_seed42,transfer,b2a_regiononly_mask_11,b2a_regiononly_mask_11,val,4ac382e09c21,3,3,"42,123,456",1,lecun,0,phase,F1,injection,phase1/s4_phase_baseline/frozen_tecno_phase_baseline@val~relation_detr_seed42,from_config_yaml,,unpaired,1,,,,,,,,,0.9397139713971397,0.0013563067113243224,0.9379537953795379,0.9412541254125413,,,,,,,,,,,,,,,,,,,,,34.41643323996265,2.2512986076833617,31.42857142857143,36.86274509803921,,,,,,,,,,,,,0.7375700775075869,0.0035734806567334462,0.7341263010945366,0.7424950812316606,,,,,,,,,,,,,0.7870516019402783,0.003579456183600692,0.7832566858092035,0.791850390480625,0.42876941012534237,0.020739403677517643,0.4042124542124543,0.4549367769706753,0.4253506067065389,0.024928098768110075,0.39395604395604394,0.4549367769706753,0.38544404434234947,0.01917420252069343,0.3628663003663004,0.4097390368576809,,,,,,,,,,,,,,,,,,,,,,,,,,,,,,,,,,,,,,,,,,,,,0.042412476541771826,,,,,,,,,,,,-5.500179711738021,,,,,,,,0.10540946798934914,,,,,,,,0.09302791303943325,,-0.01528071233566991,,9.507233948874427e-05,,0.024886332231567942,,,,,,,,,,,,,,,,,,,,,
transfer/b2a_regiononly_mask_12/b2a_regiononly_mask_12@val~relation_detr_seed42,transfer,b2a_regiononly_mask_12,b2a_regiononly_mask_12,val,4ac382e09c21,3,3,"42,123,456",1,lecun,0,phase,F1,injection,phase1/s4_phase_baseline/frozen_tecno_phase_baseline@val~relation_detr_seed42,from_config_yaml,,unpaired,1,,,,,,,,,0.9456545654565457,0.0021781066967242755,0.9425742574257425,0.9471947194719472,,,,,,,,,,,,,,,,,,,,,38.308518303437005,2.530750691196762,35.70267131242741,41.736111111111114,,,,,,,,,,,,,0.7538997703876623,0.0061890421427810574,0.7470429830469529,0.7620392907269674,,,,,,,,,,,,,0.7962152988553155,0.004624229772397977,0.7914043010490307,0.8024569386008723,0.48954885696329475,0.022255977629309434,0.46560846560846564,0.5192147034252298,0.4859058697137501,0.023739982568297426,0.46560846560846564,0.5192147034252298,0.4274770556407025,0.020917472408697534,0.40307051782461617,0.45415622389306604,,,,,,,,,,,,,,,,,,,,,,,,,,,,,,,,,,,,,,,,,,,,,0.04835307060117777,,,,,,,,,,,,-1.6080946482636662,,,,,,,,0.1217391608694246,,,,,,,,0.10219160995447041,,0.04549873450228248,,0.060650335346699946,,0.06691934352992096,,,,,,,,,,,,,,,,,,,,,
transfer/b2a_regiononly_mask_13/b2a_regiononly_mask_13@val~relation_detr_seed42,transfer,b2a_regiononly_mask_13,b2a_regiononly_mask_13,val,4ac382e09c21,3,3,"42,123,456",1,lecun,0,phase,F1,injection,phase1/s4_phase_baseline/frozen_tecno_phase_baseline@val~relation_detr_seed42,from_config_yaml,,unpaired,1,,,,,,,,,0.9465346534653465,0.0019431817087630337,0.9445544554455445,0.9491749174917492,,,,,,,,,,,,,,,,,,,,,38.55644011990761,1.9443808956044843,35.88235294117647,40.44834307992203,,,,,,,,,,,,,0.7574668051957294,0.008228173429186676,0.7498317603269969,0.768889182944991,,,,,,,,,,,,,0.7996782452243599,0.0060147499985828004,0.7940408187094399,0.8080133334722313,0.47536995539218385,0.0145199806622763,0.4549367769706753,0.4873496873496874,0.47536995539218385,0.0145199806622763,0.4549367769706753,0.4873496873496874,0.43049309387644114,0.01935284682646836,0.4045601291364003,0.45103651661028715,,,,,,,,,,,,,,,,,,,,,,,,,,,,,,,,,,,,,,,,,,,,,0.04923315860997857,,,,,,,,,,,,-1.360172831793058,,,,,,,,0.12530619567749168,,,,,,,,0.10565455632351484,,0.031319832931171576,,0.05011442102513369,,0.06993538176565961,,,,,,,,,,,,,,,,,,,,,
transfer/b2a_regiononly_mask_14/b2a_regiononly_mask_14@val~relation_detr_seed42,transfer,b2a_regiononly_mask_14,b2a_regiononly_mask_14,val,4ac382e09c21,3,3,"42,123,456",1,lecun,0,phase,F1,injection,phase1/s4_phase_baseline/frozen_tecno_phase_baseline@val~relation_detr_seed42,from_config_yaml,,unpaired,1,,,,,,,,,0.9460946094609461,0.0008232469497852496,0.9452145214521452,0.9471947194719472,,,,,,,,,,,,,,,,,,,,,36.6992266992267,1.805653532883896,34.84126984126984,39.14529914529914,,,,,,,,,,,,,0.7563781465391833,0.0029673895043083056,0.7531322938333409,0.7603046420498248,,,,,,,,,,,,,0.7980531418435617,0.00228806370278812,0.7954188742909472,0.8009976443881438,0.46233538405017965,0.020323397724908435,0.4474769012082445,0.4910714285714286,0.46233538405017965,0.020323397724908435,0.4474769012082445,0.4910714285714286,0.4355272447947659,0.01780943601265299,0.4176261549395878,0.4598214285714286,,,,,,,,,,,,,,,,,,,,,,,,,,,,,,,,,,,,,,,,,,,,,0.048793114605578225,,,,,,,,,,,,-3.217386252473972,,,,,,,,0.12421753702094562,,,,,,,,0.1040294529427166,,0.01828526158916738,,0.037079849683129495,,0.07496953268398437,,,,,,,,,,,,,,,,,,,,,
transfer/b2a_regiononly_oracle/b2a_regiononly_oracle@val~relation_detr_seed42,transfer,b2a_regiononly_oracle,b2a_regiononly_oracle,val,4ac382e09c21,3,3,"42,123,456",1,lecun,0,phase,F1,injection,phase1/s4_phase_baseline/frozen_tecno_phase_baseline@val~relation_detr_seed42,from_config_yaml,,unpaired,1,,,,,,,,,0.9665566556655666,0.0013563067113242803,0.9650165016501651,0.9683168316831683,,,,,,,,,,,,,,,,,,,,,64.74074074074075,3.6664796061524694,60.666666666666664,69.55555555555556,,,,,,,,,,,,,0.819380266961464,0.0013142435923347367,0.8180948032759795,0.8211855570457429,,,,,,,,,,,,,0.8375341328950083,0.0006764880993990321,0.836887926112561,0.8384681919463924,0.7394179894179894,0.0392534116211458,0.7055555555555556,0.7944444444444444,0.7394179894179894,0.0392534116211458,0.7055555555555556,0.7944444444444444,0.7235449735449735,0.0521211020360836,0.6706349206349206,0.7944444444444444,,,,,,,,,,,,,,,,,,,,,,,,,,,,,,,,,,,,,,,,,,,,,0.06925516081019867,,,,,,,,,,,,24.824127789040077,,,,,,,,0.18721965744322633,,,,,,,,0.14351044399416324,,0.29536786695697714,,0.31416245505093926,,0.36298726143419197,,,,,,,,,,,,,,,,,,,,,
transfer/b2a_regiononly_oracle_mask_top3/b2a_regiononly_oracle_mask_top3@val~relation_detr_seed42,transfer,b2a_regiononly_oracle_mask_top3,b2a_regiononly_oracle_mask_top3,val,4ac382e09c21,3,3,"42,123,456",1,lecun,0,phase,F1,injection,phase1/s4_phase_baseline/frozen_tecno_phase_baseline@val~relation_detr_seed42,from_config_yaml,,unpaired,1,,,,,,,,,0.8787678767876788,0.004356213393448514,0.8739273927392739,0.8844884488448845,,,,,,,,,,,,,,,,,,,,,55.408029878618116,8.310273497846275,44.509803921568626,64.66666666666667,,,,,,,,,,,,,0.6050048596241138,0.015194817061124567,0.5852625839703077,0.6222248485373034,,,,,,,,,,,,,0.6559228539630226,0.012023014021145176,0.6401315456122604,0.669277925200448,0.6336140663262816,0.07984215545577952,0.52311939268461,0.708994708994709,0.6103467884006186,0.08506714468899243,0.4941338854382333,0.6953892668178382,0.5922061988314576,0.0693479609761488,0.4941338854382333,0.6415172129457843,,,,,,,,,,,,,,,,,,,,,,,,,,,,,,,,,,,,,,,,,,,,,-0.01853361806768916,,,,,,,,,,,,15.491416926917445,,,,,,,,-0.02715574989412395,,,,,,,,-0.03810083493782246,,0.1895639438652693,,0.18509125403356846,,0.23164848672067612,,,,,,,,,,,,,,,,,,,,,
transfer/b2a_regiononly_pred/b2a_regiononly_pred@val~relation_detr_seed42,transfer,b2a_regiononly_pred,b2a_regiononly_pred,val,4ac382e09c21,3,3,"42,123,456",1,lecun,0,phase,F1,injection,phase1/s4_phase_baseline/frozen_tecno_phase_baseline@val~relation_detr_seed42,from_config_yaml,,unpaired,1,,,,,,,,,0.9456545654565457,0.0016464938995704895,0.9438943894389439,0.9478547854785478,,,,,,,,,,,,,,,,,,,,,40.14717654463571,3.808785328573417,36.929824561403514,45.49707602339182,,,,,,,,,,,,,0.7597035952885752,0.006842004129631989,0.7501583660312525,0.7658495196360235,,,,,,,,,,,,,0.8008439565248816,0.0053208502855032515,0.7934477268141285,0.8057416593055221,0.49579885135440693,0.04312745199007613,0.46137566137566144,0.5566137566137567,0.49227151449373674,0.038155366749838264,0.46137566137566144,0.546031746031746,0.44380681047347714,0.044715057725032564,0.3962962962962963,0.5037037037037037,,,,,,,,,,,,,,,,,,,,,,,,,,,,,,,,,,,,,,,,,,,,,0.04835307060117777,,,,,,,,,,,,0.23056359293504158,,,,,,,,0.1275429857703375,,,,,,,,0.10682026762403651,,0.05174872889339466,,0.06701598012668658,,0.08324909836269562,,,,,,,,,,,,,,,,,,,,,
transfer/b2a_ro_oracle_bipolarnoise_p010/b2a_ro_oracle_bipolarnoise_p010@val~relation_detr_seed42,transfer,b2a_ro_oracle_bipolarnoise_p010,b2a_ro_oracle_bipolarnoise_p010,val,4ac382e09c21,3,3,"42,123,456",1,lecun,0,phase,F1,injection,phase1/s4_phase_baseline/frozen_tecno_phase_baseline@val~relation_detr_seed42,from_config_yaml,,unpaired,1,,,,,,,,,0.9577557755775578,0.0019431817087629834,0.9557755775577558,0.9603960396039604,,,,,,,,,,,,,,,,,,,,,65.32510288065843,10.206113096286964,55.30864197530865,79.33333333333333,,,,,,,,,,,,,0.783712915041035,0.0055572369920599725,0.7792534895047457,0.7915470428003806,,,,,,,,,,,,,0.8155876829753854,0.003639271142858137,0.8123133100017703,0.82066366327676,0.7334138674564207,0.09590762712022395,0.6186813186813187,0.8534278959810875,0.7291403631829164,0.10107135446002544,0.6058608058608059,0.8534278959810875,0.6878904389542688,0.11016483354627599,0.5802197802197803,0.839243498817967,,,,,,,,,,,,,,,,,,,,,,,,,,,,,,,,,,,,,,,,,,,,,0.060454280722189835,,,,,,,,,,,,25.408489928957763,,,,,,,,0.1515523055227973,,,,,,,,0.12156399407454033,,0.2893637449954084,,0.30388482881586626,,0.3273327268434873,,,,,,,,,,,,,,,,,,,,,
transfer/b2a_ro_oracle_bipolarnoise_p020/b2a_ro_oracle_bipolarnoise_p020@val~relation_detr_seed42,transfer,b2a_ro_oracle_bipolarnoise_p020,b2a_ro_oracle_bipolarnoise_p020,val,4ac382e09c21,3,3,"42,123,456",1,lecun,0,phase,F1,injection,phase1/s4_phase_baseline/frozen_tecno_phase_baseline@val~relation_detr_seed42,from_config_yaml,,unpaired,1,,,,,,,,,0.9522552255225523,0.0024892647962562924,0.9504950495049505,0.9557755775577558,,,,,,,,,,,,,,,,,,,,,61.56378600823046,2.237018262562895,58.44444444444445,63.580246913580254,,,,,,,,,,,,,0.7640489025603445,0.009466606029343324,0.7566782614487035,0.7774130754125244,,,,,,,,,,,,,0.8009473809064428,0.0072920518863813285,0.7948738942144306,0.8112018524699686,0.7080657089167728,0.0337102628441332,0.6622222222222223,0.7423167848699763,0.6901751833666727,0.039588253558651004,0.6355555555555554,0.7281323877068558,0.6535951991271141,0.08037637023262746,0.54,0.7139479905437351,,,,,,,,,,,,,,,,,,,,,,,,,,,,,,,,,,,,,,,,,,,,,0.05495373066718434,,,,,,,,,,,,21.647173056529788,,,,,,,,0.1318882930421068,,,,,,,,0.1069236920055977,,0.2640155864557605,,0.26491964899962256,,0.29303748701633253,,,,,,,,,,,,,,,,,,,,,
transfer/b2a_ro_oracle_bipolarnoise_p030/b2a_ro_oracle_bipolarnoise_p030@val~relation_detr_seed42,transfer,b2a_ro_oracle_bipolarnoise_p030,b2a_ro_oracle_bipolarnoise_p030,val,4ac382e09c21,3,3,"42,123,456",1,lecun,0,phase,F1,injection,phase1/s4_phase_baseline/frozen_tecno_phase_baseline@val~relation_detr_seed42,from_config_yaml,,unpaired,1,,,,,,,,,0.9467546754675468,0.0008232469497852496,0.9458745874587459,0.9478547854785478,,,,,,,,,,,,,,,,,,,,,54.2880658436214,4.294324950182603,48.44444444444445,58.641975308641975,,,,,,,,,,,,,0.7385125276429609,0.003370473837298487,0.7338051613195119,0.7415147996995287,,,,,,,,,,,,,0.779129702451865,0.0030507645609180005,0.7748448789819602,0.7817091067302829,0.6401261989914472,0.05974405765166894,0.5756613756613757,0.7196581196581197,0.6309144231130047,0.05974423246598064,0.5608465608465609,0.7068376068376069,0.5799980948917118,0.07283544647739425,0.5127659574468085,0.6811965811965811,,,,,,,,,,,,,,,,,,,,,,,,,,,,,,,,,,,,,,,,,,,,,0.04945318061217885,,,,,,,,,,,,14.371452891920732,,,,,,,,0.10635191812472322,,,,,,,,0.08510601355101988,,0.1960760765304349,,0.20565888874595456,,0.2194403827809303,,,,,,,,,,,,,,,,,,,,,
transfer/b2a_ro_oracle_bsnoise_p010/b2a_ro_oracle_bsnoise_p010@val~relation_detr_seed42,transfer,b2a_ro_oracle_bsnoise_p010,b2a_ro_oracle_bsnoise_p010,val,4ac382e09c21,3,3,"42,123,456",1,lecun,0,phase,F1,injection,phase1/s4_phase_baseline/frozen_tecno_phase_baseline@val~relation_detr_seed42,from_config_yaml,,unpaired,1,,,,,,,,,0.9524752475247524,0.002469740849355739,0.9498349834983498,0.9557755775577558,,,,,,,,,,,,,,,,,,,,,57.78494623655914,2.7121226948087975,54.0,60.215053763440864,,,,,,,,,,,,,0.7667935267919792,0.004329208316923288,0.7624397949670513,0.772698238110899,,,,,,,,,,,,,0.8044386050473874,0.003047288983811911,0.8015208075929853,0.808644101440357,0.6529100529100529,0.02168989523044403,0.623015873015873,0.6738095238095237,0.6443121693121693,0.02487968304174891,0.6091269841269841,0.6619047619047619,0.6205026455026454,0.012616856708635354,0.6091269841269841,0.638095238095238,,,,,,,,,,,,,,,,,,,,,,,,,,,,,,,,,,,,,,,,,,,,,0.05517375266938451,,,,,,,,,,,,17.868333284858473,,,,,,,,0.1346329172737415,,,,,,,,0.11041491614654231,,0.2088599304490406,,0.21905663494511912,,0.2599449333918639,,,,,,,,,,,,,,,,,,,,,
transfer/b2a_ro_oracle_bsnoise_p020/b2a_ro_oracle_bsnoise_p020@val~relation_detr_seed42,transfer,b2a_ro_oracle_bsnoise_p020,b2a_ro_oracle_bsnoise_p020,val,4ac382e09c21,3,3,"42,123,456",1,lecun,0,phase,F1,injection,phase1/s4_phase_baseline/frozen_tecno_phase_baseline@val~relation_detr_seed42,from_config_yaml,,unpaired,1,,,,,,,,,0.9397139713971397,0.0021781066967242082,0.9372937293729373,0.9425742574257425,,,,,,,,,,,,,,,,,,,,,48.11490978157644,4.8579513377758,42.77777777777778,54.52991452991453,,,,,,,,,,,,,0.7233778628136809,0.01159778357408329,0.7115528549941044,0.7391336267676379,,,,,,,,,,,,,0.7714515277794842,0.009906137902114203,0.7599358724063718,0.7841187413431887,0.5721437809118165,0.039881313155369184,0.5260557053009883,0.623342670401494,0.551319930121262,0.0450565420196855,0.5008984725965858,0.6102707749766574,0.525974354498217,0.034182270333706855,0.4883198562443845,0.5710550887021476,,,,,,,,,,,,,,,,,,,,,,,,,,,,,,,,,,,,,,,,,,,,,0.042412476541771826,,,,,,,,,,,,8.198296829875773,,,,,,,,0.09121725329544317,,,,,,,,0.07742783887863913,,0.12809365845080423,,0.12606439575421186,,0.16541664238743542,,,,,,,,,,,,,,,,,,,,,
transfer/b2a_ro_oracle_bsnoise_p030/b2a_ro_oracle_bsnoise_p030@val~relation_detr_seed42,transfer,b2a_ro_oracle_bsnoise_p030,b2a_ro_oracle_bsnoise_p030,val,4ac382e09c21,3,3,"42,123,456",1,lecun,0,phase,F1,injection,phase1/s4_phase_baseline/frozen_tecno_phase_baseline@val~relation_detr_seed42,from_config_yaml,,unpaired,1,,,,,,,,,0.9157315731573157,0.005398391263535858,0.9089108910891089,0.9221122112211221,,,,,,,,,,,,,,,,,,,,,46.688453159041394,12.00842842843715,34.73202614379085,63.111111111111114,,,,,,,,,,,,,0.6497617626629406,0.013815481739337424,0.6379814179713683,0.6691507835798367,,,,,,,,,,,,,0.6880897800567832,0.018635303345549897,0.6744788776024094,0.714439266101636,0.5173276402759686,0.08838522412423062,0.40889902060114824,0.6253968253968254,0.507501487592673,0.0819404175338056,0.40889902060114824,0.6095238095238096,0.47707418664865475,0.06249761690099633,0.3947146234380277,0.546031746031746,,,,,,,,,,,,,,,,,,,,,,,,,,,,,,,,,,,,,,,,,,,,,0.01843007830194776,,,,,,,,,,,,6.771840207340723,,,,,,,,0.017601153144702897,,,,,,,,-0.005933908844061864,,0.07327751781495628,,0.08224595322562284,,0.11651647453787323,,,,,,,,,,,,,,,,,,,,,
transfer/b2a_ro_oracle_nhnoise_p010/b2a_ro_oracle_nhnoise_p010@val~relation_detr_seed42,transfer,b2a_ro_oracle_nhnoise_p010,b2a_ro_oracle_nhnoise_p010,val,4ac382e09c21,3,3,"42,123,456",1,lecun,0,phase,F1,injection,phase1/s4_phase_baseline/frozen_tecno_phase_baseline@val~relation_detr_seed42,from_config_yaml,,unpaired,1,,,,,,,,,0.9674367436743675,0.002658535967787594,0.9636963696369637,0.9696369636963696,,,,,,,,,,,,,,,,,,,,,61.641432641432644,2.6468378334412623,59.76190476190476,65.38461538461539,,,,,,,,,,,,,0.8163105265973107,0.006040733188410547,0.8081921656358576,0.8226729325674352,,,,,,,,,,,,,0.8357255357092312,0.0033064111461215784,0.831275425172348,0.8391939409517091,0.7206635274654934,0.0265211513239194,0.7018140589569161,0.7581699346405228,0.7206635274654934,0.0265211513239194,0.7018140589569161,0.7581699346405228,0.6865443242286432,0.04147044831596736,0.654387541179994,0.7450980392156863,,,,,,,,,,,,,,,,,,,,,,,,,,,,,,,,,,,,,,,,,,,,,0.07013524881899957,,,,,,,,,,,,21.724819689731973,,,,,,,,0.18414991707907302,,,,,,,,0.14170184680838616,,0.27661340500448117,,0.2954079930984433,,0.3259866121178617,,,,,,,,,,,,,,,,,,,,,
transfer/b2a_ro_oracle_nhnoise_p020/b2a_ro_oracle_nhnoise_p020@val~relation_detr_seed42,transfer,b2a_ro_oracle_nhnoise_p020,b2a_ro_oracle_nhnoise_p020,val,4ac382e09c21,3,3,"42,123,456",1,lecun,0,phase,F1,injection,phase1/s4_phase_baseline/frozen_tecno_phase_baseline@val~relation_detr_seed42,from_config_yaml,,unpaired,1,,,,,,,,,0.9665566556655666,0.002040400109019948,0.9636963696369637,0.9683168316831683,,,,,,,,,,,,,,,,,,,,,63.44748993024855,3.007211533984345,60.666666666666664,67.62452107279694,,,,,,,,,,,,,0.8174859812653898,0.0041463425231272584,0.8129823896936151,0.8229899273698541,,,,,,,,,,,,,0.8363470806943608,0.0023201678009908185,0.8338171232079903,0.8394215494969275,0.7479173150741778,0.02645558814796241,0.7264239028944911,0.7851851851851852,0.7479173150741778,0.02645558814796241,0.7264239028944911,0.7851851851851852,0.7115416536985164,0.05218054717599007,0.6706349206349206,0.7851851851851852,,,,,,,,,,,,,,,,,,,,,,,,,,,,,,,,,,,,,,,,,,,,,0.06925516081019867,,,,,,,,,,,,23.53087697854788,,,,,,,,0.18532537174715213,,,,,,,,0.14232339179351572,,0.3038671926131655,,0.32266178070712764,,0.3509839415877349,,,,,,,,,,,,,,,,,,,,,
transfer/b2a_ro_oracle_nhnoise_p030/b2a_ro_oracle_nhnoise_p030@val~relation_detr_seed42,transfer,b2a_ro_oracle_nhnoise_p030,b2a_ro_oracle_nhnoise_p030,val,4ac382e09c21,3,3,"42,123,456",1,lecun,0,phase,F1,injection,phase1/s4_phase_baseline/frozen_tecno_phase_baseline@val~relation_detr_seed42,from_config_yaml,,unpaired,1,,,,,,,,,0.9650165016501651,0.002851811088408279,0.9610561056105611,0.9676567656765677,,,,,,,,,,,,,,,,,,,,,64.88359788359789,3.2749826875601205,60.666666666666664,68.65079365079366,,,,,,,,,,,,,0.8123145483218298,0.003642466555201172,0.8073815651949101,0.8160657974541651,,,,,,,,,,,,,0.8334389314690278,0.002084180925542922,0.8306202331236612,0.8355945513191239,0.760096050999016,0.02401426118399967,0.7321428571428572,0.790775681341719,0.7555609036067257,0.02534855906353141,0.7321428571428572,0.790775681341719,0.7165397395855616,0.05298075112949349,0.6706349206349206,0.790775681341719,,,,,,,,,,,,,,,,,,,,,,,,,,,,,,,,,,,,,,,,,,,,,0.06771500679479714,,,,,,,,,,,,24.966984931897215,,,,,,,,0.1801539388035921,,,,,,,,0.13941524256818272,,0.31604592853800373,,0.3303053692396755,,0.3559820274747801,,,,,,,,,,,,,,,,,,,,,
transfer/b2a_ro_oracle_noise000/b2a_ro_oracle_noise000@val~relation_detr_seed42,transfer,b2a_ro_oracle_noise000,b2a_ro_oracle_noise000,val,4ac382e09c21,12,3,"42,123,456",4,lecun,0,phase,F1,injection,phase1/s4_phase_baseline/frozen_tecno_phase_baseline@val~relation_detr_seed42,from_config_yaml,,unpaired,4,,,,,,,,,0.9028052805280528,0.05772913105346304,0.7881188118811882,0.9584158415841584,,,,,,,,,,,,,,,,,,,,,38.565180475133616,15.079171585692734,13.897707231040563,61.111111111111114,,,,,,,,,,,,,0.6460475485081185,0.1304787837874117,0.40488102172833196,0.7756527413560793,,,,,,,,,,,,,0.7067149810364233,0.1099857019302764,0.5009706376344849,0.8105490513650826,0.4787561078993538,0.14034695185147417,0.24019607843137256,0.6755555555555555,0.4574668013392823,0.1519049533122756,0.20098039215686272,0.6755555555555555,0.40604158317255756,0.165680769562479,0.12254901960784315,0.6222222222222222,,,,,,,,,,,,,,,,,,,,,,,,,,,,,,,,,,,,,,,,,,,,,0.0055037856726848355,,,,,,,,,,,,-1.3514324765670551,,,,,,,,0.013886938989880804,,,,,,,,0.01269129213557818,,0.034705985438341524,,0.032211266972232144,,0.04548387106177604,,,,,,,,,,,,,,,,,,,,,
transfer/b2a_ro_oracle_scalpelnoise_p010/b2a_ro_oracle_scalpelnoise_p010@val~relation_detr_seed42,transfer,b2a_ro_oracle_scalpelnoise_p010,b2a_ro_oracle_scalpelnoise_p010,val,4ac382e09c21,3,3,"42,123,456",1,lecun,0,phase,F1,injection,phase1/s4_phase_baseline/frozen_tecno_phase_baseline@val~relation_detr_seed42,from_config_yaml,,unpaired,1,,,,,,,,,0.9645764576457646,0.0011218964826386654,0.9630363036303631,0.9656765676567657,,,,,,,,,,,,,,,,,,,,,63.95473251028807,5.846260923607995,59.75308641975309,72.22222222222223,,,,,,,,,,,,,0.8101676646029428,0.001956451115247605,0.8076277174277522,0.8123879290459931,,,,,,,,,,,,,0.8324669112380776,0.0010698692979700338,0.8311061953919097,0.8337202174673803,0.7165323565323566,0.0653088553572891,0.6695970695970695,0.8088888888888889,0.7165323565323566,0.0653088553572891,0.6695970695970695,0.8088888888888889,0.7078144078144079,0.06231774288377806,0.6567765567765568,0.7955555555555556,,,,,,,,,,,,,,,,,,,,,,,,,,,,,,,,,,,,,,,,,,,,,0.06727496279039669,,,,,,,,,,,,24.038119558587397,,,,,,,,0.17800705508470505,,,,,,,,0.1384432223372325,,0.2724822340713443,,0.2912768221653064,,0.34725669570362633,,,,,,,,,,,,,,,,,,,,,
transfer/b2a_ro_oracle_scalpelnoise_p020/b2a_ro_oracle_scalpelnoise_p020@val~relation_detr_seed42,transfer,b2a_ro_oracle_scalpelnoise_p020,b2a_ro_oracle_scalpelnoise_p020,val,4ac382e09c21,3,3,"42,123,456",1,lecun,0,phase,F1,injection,phase1/s4_phase_baseline/frozen_tecno_phase_baseline@val~relation_detr_seed42,from_config_yaml,,unpaired,1,,,,,,,,,0.9601760176017602,0.001555790497660137,0.9590759075907591,0.9623762376237623,,,,,,,,,,,,,,,,,,,,,59.41687445518863,3.5448271471847606,55.71975916803503,64.19753086419753,,,,,,,,,,,,,0.802275578178389,0.002098800581907044,0.800147783242623,0.8051316286412522,,,,,,,,,,,,,0.8281692387671713,0.001189224948848408,0.8269222289920296,0.8297700404029057,0.6859535526202194,0.048549561512263306,0.6370370370370372,0.7521367521367521,0.681680048346715,0.04275414867177427,0.6370370370370372,0.7393162393162392,0.6692509136953582,0.04251838168197807,0.6246913580246914,0.7264957264957265,,,,,,,,,,,,,,,,,,,,,,,,,,,,,,,,,,,,,,,,,,,,,0.06287452274639227,,,,,,,,,,,,19.500261503487963,,,,,,,,0.1701149686601513,,,,,,,,0.1341455498663262,,0.24190343015920712,,0.25642451397966487,,0.30869320158457664,,,,,,,,,,,,,,,,,,,,,
transfer/b2a_ro_oracle_scalpelnoise_p030/b2a_ro_oracle_scalpelnoise_p030@val~relation_detr_seed42,transfer,b2a_ro_oracle_scalpelnoise_p030,b2a_ro_oracle_scalpelnoise_p030,val,4ac382e09c21,3,3,"42,123,456",1,lecun,0,phase,F1,injection,phase1/s4_phase_baseline/frozen_tecno_phase_baseline@val~relation_detr_seed42,from_config_yaml,,unpaired,1,,,,,,,,,0.9562156215621562,0.001555790497660137,0.9551155115511551,0.9584158415841584,,,,,,,,,,,,,,,,,,,,,59.27314814814815,4.82694785376747,53.81944444444445,65.55555555555556,,,,,,,,,,,,,0.7952369028266536,0.00127187031895092,0.793453392106213,0.7963306440648397,,,,,,,,,,,,,0.8241832711055549,0.0007207778333954025,0.8231875005651172,0.8248698672677982,0.6873238652186021,0.0626194993721183,0.6307017543859649,0.7746031746031746,0.6834252297410193,0.06628045231442185,0.6190058479532164,0.7746031746031746,0.6756279587858536,0.07429188365379101,0.5956140350877194,0.7746031746031746,,,,,,,,,,,,,,,,,,,,,,,,,,,,,,,,,,,,,,,,,,,,,0.058914126706788306,,,,,,,,,,,,19.35653519644748,,,,,,,,0.1630762933084159,,,,,,,,0.1301595822047098,,0.24327374275758984,,0.2581696953739691,,0.31507024667507205,,,,,,,,,,,,,,,,,,,,,
transfer/b2a_ro_oracle_top3noise_p010/b2a_ro_oracle_top3noise_p010@val~relation_detr_seed42,transfer,b2a_ro_oracle_top3noise_p010,b2a_ro_oracle_top3noise_p010,val,4ac382e09c21,3,3,"42,123,456",1,lecun,0,phase,F1,injection,phase1/s4_phase_baseline/frozen_tecno_phase_baseline@val~relation_detr_seed42,from_config_yaml,,unpaired,1,,,,,,,,,0.9513751375137514,0.0054252268452972055,0.9452145214521452,0.9584158415841584,,,,,,,,,,,,,,,,,,,,,56.517608517608515,9.222510474466368,49.696969696969695,69.55555555555556,,,,,,,,,,,,,0.7665284930633832,0.012217521448079034,0.7557646035109196,0.7836153836651274,,,,,,,,,,,,,0.8044121537158981,0.008027691651247571,0.7974490814677687,0.8156591562471893,0.6622000929898594,0.09448706751863577,0.5881773399014779,0.7955555555555556,0.6509530283501362,0.10283860706887431,0.5651888341543514,0.7955555555555556,0.6319244781091278,0.10630632351137703,0.5536945812807882,0.7822222222222223,,,,,,,,,,,,,,,,,,,,,,,,,,,,,,,,,,,,,,,,,,,,,0.054073642658383436,,,,,,,,,,,,16.600995565907844,,,,,,,,0.1343678835451455,,,,,,,,0.11038846481505304,,0.2181499705288471,,0.22569749398308608,,0.27136676599834625,,,,,,,,,,,,,,,,,,,,,
transfer/b2a_ro_oracle_top3noise_p020/b2a_ro_oracle_top3noise_p020@val~relation_detr_seed42,transfer,b2a_ro_oracle_top3noise_p020,b2a_ro_oracle_top3noise_p020,val,4ac382e09c21,3,3,"42,123,456",1,lecun,0,phase,F1,injection,phase1/s4_phase_baseline/frozen_tecno_phase_baseline@val~relation_detr_seed42,from_config_yaml,,unpaired,1,,,,,,,,,0.9287128712871288,0.002349192134660329,0.9267326732673268,0.932013201320132,,,,,,,,,,,,,,,,,,,,,51.0999185999186,8.266809608714018,41.11111111111111,61.35531135531136,,,,,,,,,,,,,0.6946291198659563,0.012925706980703005,0.6775206073376608,0.7087587640743066,,,,,,,,,,,,,0.7389854664896183,0.013818454311481654,0.7198879570421044,0.752124258680359,0.6105979470949272,0.08108320708874803,0.4983086130627114,0.6868686868686869,0.586544456462743,0.07293973475179986,0.4873796513140775,0.6607248960190136,0.5554606395595078,0.08129437368845367,0.44366380431954205,0.6345811051693405,,,,,,,,,,,,,,,,,,,,,,,,,,,,,,,,,,,,,,,,,,,,,0.03141137643176084,,,,,,,,,,,,11.183305648217932,,,,,,,,0.06246851034771861,,,,,,,,0.04496177758877318,,0.16654782463391493,,0.16128892209569284,,0.19490292744872623,,,,,,,,,,,,,,,,,,,,,
transfer/b2a_ro_oracle_top3noise_p030/b2a_ro_oracle_top3noise_p030@val~relation_detr_seed42,transfer,b2a_ro_oracle_top3noise_p030,b2a_ro_oracle_top3noise_p030,val,4ac382e09c21,3,3,"42,123,456",1,lecun,0,phase,F1,injection,phase1/s4_phase_baseline/frozen_tecno_phase_baseline@val~relation_detr_seed42,from_config_yaml,,unpaired,1,,,,,,,,,0.8996699669966997,0.010899420089329682,0.8897689768976897,0.9148514851485149,,,,,,,,,,,,,,,,,,,,,47.1919191919192,0.8314430601244442,46.121212121212125,48.14814814814815,,,,,,,,,,,,,0.6316389754984257,0.00947137174979917,0.6218680350027402,0.6444589820028288,,,,,,,,,,,,,0.6682919603406299,0.006504469106862037,0.6616253375159544,0.6771142864758775,0.5903241412675375,0.009916308523789857,0.5794871794871795,0.6034510562812448,0.5860506369940331,0.015082521581308362,0.5666666666666665,0.6034510562812448,0.5619953770897166,0.011524742033852656,0.5538461538461538,0.5782938235768423,,,,,,,,,,,,,,,,,,,,,,,,,,,,,,,,,,,,,,,,,,,,,0.0023684721413317344,,,,,,,,,,,,7.2753062402185265,,,,,,,,-0.0005216340198119784,,,,,,,,-0.025731728560215217,,0.14627401880652524,,0.160795102626983,,0.20143766497893506,,,,,,,,,,,,,,,,,,,,,
transfer/haux_hand_count_oracle/haux_hand_count_oracle@val~relation_detr_seed42,transfer,haux_hand_count_oracle,haux_hand_count_oracle,val,9654d0c3dd0b,3,3,"42,123,456",1,efros,0,phase,F1,injection,phase1/s4_phase_baseline/frozen_tecno_phase_baseline@val~relation_detr_seed42,from_config_yaml,0.8986,unpaired,1,,,,,,,,,0.899009900990099,0.004277716632612453,0.8950495049504951,0.904950495049505,,,,,,,,,,,,,,,,,,,,,40.633936869230986,2.4485209144442646,37.20634920634921,42.773892773892776,,,,,,,,,,,,,0.6323399652599867,0.015386803031980499,0.6112913907899898,0.6476442834471019,,,,,,,,,,,,,0.6890196960009127,0.014864168405548593,0.6690164825167763,0.7046176266537111,0.471739079420698,0.050800498586011454,0.4033333333333333,0.5249558003535971,0.43835938645824163,0.044270699664146665,0.37666666666666665,0.4784441724466204,0.393183141201537,0.054718112244336516,0.31583333333333335,0.43382352941176466,,,,,,,,,,,,,,,,,,,,,,,,,,,,,,,,,,,,,,,,,,,,,0.0017084061347311108,,,,,,,,,,,,0.7173239175303152,,,,,,,,0.00017935574174898772,,,,,,,,-0.0050039928999323635,,0.027688956959685707,,0.01310385209119147,,0.0326254290907555,,,,,,,,,,,,,,,,,,,,,
transfer/haux_hand_geom_oracle/haux_hand_geom_oracle@val~relation_detr_seed42,transfer,haux_hand_geom_oracle,haux_hand_geom_oracle,val,808c165a56f7,3,3,"42,123,456",1,efros,0,phase,F1,injection,phase1/s4_phase_baseline/frozen_tecno_phase_baseline@val~relation_detr_seed42,from_config_yaml,0.8986,unpaired,1,,,,,,,,,0.9106710671067106,0.0036684998901062717,0.9056105610561056,0.9141914191419142,,,,,,,,,,,,,,,,,,,,,37.98892768483412,1.4241005724373605,36.01709401709402,39.329805996472665,,,,,,,,,,,,,0.6813168723778996,0.015637397189388218,0.6597842048369837,0.6964478891514313,,,,,,,,,,,,,0.7357389581903853,0.01956886748299793,0.7083703224226443,0.7529770338052003,0.4155333555333555,0.022363192904960878,0.3855555555555556,0.4392496392496392,0.4110889110889111,0.02839168721439427,0.37222222222222223,0.4392496392496392,0.33596079846079846,0.03721369282549829,0.2833333333333334,0.3625,,,,,,,,,,,,,,,,,,,,,,,,,,,,,,,,,,,,,,,,,,,,,0.01336957225134272,,,,,,,,,,,,-1.927685266866554,,,,,,,,0.0491562628596619,,,,,,,,0.04171526928954017,,-0.028516766927656756,,-0.014166623278139057,,-0.024596913649983065,,,,,,,,,,,,,,,,,,,,,
transfer/haux_hand_own_other_oracle/haux_hand_own_other_oracle@val~relation_detr_seed42,transfer,haux_hand_own_other_oracle,haux_hand_own_other_oracle,val,e3fad906aef0,3,3,"42,123,456",1,efros,0,phase,F1,injection,phase1/s4_phase_baseline/frozen_tecno_phase_baseline@val~relation_detr_seed42,from_config_yaml,0.8986,unpaired,1,,,,,,,,,0.899009900990099,0.0014259055442041738,0.8976897689768977,0.900990099009901,,,,,,,,,,,,,,,,,,,,,37.78787878787879,2.399891731961445,34.39393939393939,39.494949494949495,,,,,,,,,,,,,0.6435478818393847,0.007673498660156967,0.6335900037713798,0.6522623758279027,,,,,,,,,,,,,0.6939772831496178,0.01613540781274729,0.6715437952339574,0.7088107995469217,0.43248474750937804,0.03555458237237247,0.4065759637188209,0.4827586206896551,0.404895934206279,0.055058677758935554,0.3654761904761905,0.4827586206896551,0.3557639177097305,0.062897793732308,0.29914529914529914,0.4434865900383141,,,,,,,,,,,,,,,,,,,,,,,,,,,,,,,,,,,,,,,,,,,,,0.0017084061347311108,,,,,,,,,,,,-2.128734163821882,,,,,,,,0.011387272321147002,,,,,,,,-4.6405751227274195e-05,,-0.011565374951634233,,-0.020359600160771152,,-0.004793794401051044,,,,,,,,,,,,,,,,,,,,,
transfer/haux_hand_presence_oracle/haux_hand_presence_oracle@val~relation_detr_seed42,transfer,haux_hand_presence_oracle,haux_hand_presence_oracle,val,1f1c57947be2,3,3,"42,123,456",1,efros,0,phase,F1,injection,phase1/s4_phase_baseline/frozen_tecno_phase_baseline@val~relation_detr_seed42,from_config_yaml,0.8986,unpaired,1,,,,,,,,,0.9034103410341034,0.009824912458422892,0.8904290429042905,0.9141914191419142,,,,,,,,,,,,,,,,,,,,,39.69969699246238,1.251412376731417,38.81481481481482,41.469461347757495,,,,,,,,,,,,,0.6710898417358644,0.01852316396425051,0.6450246689032915,0.6863843916301586,,,,,,,,,,,,,0.7309184300143426,0.01939500636326785,0.7036861395899471,0.7473720347289531,0.4203683812706369,0.003791939933323269,0.41768707482993195,0.4257309941520468,0.40574253093050083,0.022817593611895927,0.3738095238095238,0.4257309941520468,0.3575848793058484,0.008115109442424568,0.3465986394557823,0.3659519168291099,,,,,,,,,,,,,,,,,,,,,,,,,,,,,,,,,,,,,,,,,,,,,0.0061088461787355275,,,,,,,,,,,,-0.21691595923829254,,,,,,,,0.038929232217626675,,,,,,,,0.03689474111349755,,-0.02368174119037536,,-0.019513003436549325,,-0.002972832804933101,,,,,,,,,,,,,,,,,,,,,
transfer/haux_hand_presence_oracle_shuffle/haux_hand_presence_oracle_shuffle@val~relation_detr_seed42,transfer,haux_hand_presence_oracle_shuffle,haux_hand_presence_oracle_shuffle,val,1f1c57947be2,3,3,"42,123,456",1,efros,0,phase,F1,injection,phase1/s4_phase_baseline/frozen_tecno_phase_baseline@val~relation_detr_seed42,from_config_yaml,0.8986,unpaired,1,,,,,,,,,0.8985698569856986,0.008161600436079823,0.8871287128712871,0.9056105610561056,,,,,,,,,,,,,,,,,,,,,38.22984119073341,0.6734127475192888,37.64855687606112,39.173789173789174,,,,,,,,,,,,,0.642817885218613,0.04546878008634266,0.5821772383687559,0.6916624874698136,,,,,,,,,,,,,0.7028735293395288,0.04720717838230152,0.6387368769536517,0.7509931452556492,0.429873902422922,0.04441166474833968,0.38888888888888884,0.49158249158249157,0.417433123642274,0.04439159146234264,0.376984126984127,0.4792368125701459,0.36205079113575844,0.02773746499606484,0.3333333333333333,0.39955106621773284,,,,,,,,,,,,,,,,,,,,,,,,,,,,,,,,,,,,,,,,,,,,,0.001268362130330658,,,,,,,,,,,,-1.686771760967261,,,,,,,,0.010657275700375335,,,,,,,,0.008849840438683754,,-0.01417622003809027,,-0.007822410724776185,,0.0014930790249769177,,,,,,,,,,,,,,,,,,,,,
transfer/haux_hand_presence_oracle_withtooloracle/haux_hand_presence_oracle_withtooloracle@val~relation_detr_seed42,transfer,haux_hand_presence_oracle_withtooloracle,haux_hand_presence_oracle_withtooloracle,val,c4b1eaca1657,3,3,"42,123,456",1,efros,0,phase,F1,injection,phase1/s4_phase_baseline/frozen_tecno_phase_baseline@val~relation_detr_seed42,from_config_yaml,0.8986,unpaired,1,,,,,,,,,0.9568756875687568,0.0017324549777803842,0.9544554455445544,0.9584158415841584,,,,,,,,,,,,,,,,,,,,,53.76909510242844,1.5034693215807964,51.851851851851855,55.52380952380952,,,,,,,,,,,,,0.7959920432203751,0.0025044847332067917,0.7924570764611589,0.7979510290196187,,,,,,,,,,,,,0.8244883281737777,0.0015074359309939563,0.822366176013263,0.825725180489046,0.6321239834965325,0.03397840876656274,0.5948717948717949,0.677037037037037,0.627766685021587,0.035486134085521655,0.5948717948717949,0.677037037037037,0.6101598474147495,0.022464720897447873,0.5820512820512821,0.6370370370370372,,,,,,,,,,,,,,,,,,,,,,,,,,,,,,,,,,,,,,,,,,,,,0.05957419271338893,,,,,,,,,,,,13.852482150727766,,,,,,,,0.16383143370213737,,,,,,,,0.13046463927293261,,0.18807386103552026,,0.2025111506545368,,0.24960213530396796,,,,,,,,,,,,,,,,,,,,,
transfer/hires_relation_detr_augstrong_hires_seed42/hires_relation_detr_augstrong_hires_seed42@val~relation_detr_augstrong_hires_seed42,transfer,hires_relation_detr_augstrong_hires_seed42_p123,hires_relation_detr_augstrong_hires_seed42,val,78e50862a7b3,3,3,"42,123,456",1,efros,0,phase,F1,injection,phase1/s4_phase_baseline/frozen_tecno_phase_baseline@val~relation_detr_augstrong_hires_seed42,from_config_yaml,0.8986,paired,1,,,,,,,,,0.9476347634763477,0.0013563067113243224,0.9458745874587459,0.9491749174917492,,,,,,,,,,,,,,,,,,,,,44.41803798902942,2.040889011625816,41.60206718346253,46.37426900584796,,,,,,,,,,,,,0.759352343326798,0.00524098070886474,0.7519644903397543,0.7635625443281265,,,,,,,,,,,,,0.8004023182802256,0.0036930988940686023,0.7952350727852195,0.8036440820899723,0.5507976409937195,0.018154349993070727,0.5254901960784314,0.5671957671957673,0.5475296671375103,0.02272328908018976,0.5156862745098039,0.5671957671957673,0.5102005474554494,0.02481367313901537,0.47647058823529403,0.5354497354497355,,,,,,,,,,,,,,,,,,,,,,,,,,,,,,,,,,,,,,,,,,,,,0.04004400440044006,0.0029682590898200485,,,,,,,,,,,2.811336048994152,2.5401698529473324,,,,,,,0.08644632953887062,0.00961140599973902,,,,,,,0.08263350699259937,0.01152649234789235,0.07725427078368259,0.03240750566992155,0.10919326860503331,0.018016625548020502,0.1292563718053914,0.053568896855604745,,,,,,,,,,,,,,,,,,,,
transfer/hires_relation_detr_augstrong_seed42/hires_relation_detr_augstrong_seed42@val~relation_detr_augstrong_seed42,transfer,hires_relation_detr_augstrong_seed42_p123,hires_relation_detr_augstrong_seed42,val,78e50862a7b3,3,3,"42,123,456",1,efros,0,phase,F1,injection,phase1/s4_phase_baseline/frozen_tecno_phase_baseline@val~relation_detr_augstrong_seed42,from_config_yaml,0.8986,unpaired,1,,,,,,,,,0.9520352035203521,0.0008232469497852496,0.9511551155115512,0.9531353135313532,,,,,,,,,,,,,,,,,,,,,44.70535312640576,0.7824933341065691,44.152046783625735,45.81196581196581,,,,,,,,,,,,,0.7815910643894923,0.002626786837061058,0.7782047797232393,0.7846070146264207,,,,,,,,,,,,,0.8155530357276781,0.0016715772747219009,0.8134466889628701,0.8175355816714573,0.550055114638448,0.009431208170587754,0.5433862433862434,0.5633928571428571,0.5360559964726632,0.004598688281526287,0.5328042328042328,0.5425595238095239,0.4801697530864198,0.029384838680261077,0.4593915343915344,0.5217261904761905,,,,,,,,,,,,,,,,,,,,,,,,,,,,,,,,,,,,,,,,,,,,,0.03850385038503856,,,,,,,,,,,,0.09012267826253861,,,,,,,,0.08494512667589982,,,,,,,,0.06802856155272641,,0.03720809331980879,,0.03865537876314723,,0.047951689727591784,,,,,,,,,,,,,,,,,,,,,
transfer/hires_relation_detr_seed42/hires_relation_detr_seed42@val~relation_detr_seed42,transfer,hires_relation_detr_seed42_p123,hires_relation_detr_seed42,val,78e50862a7b3,3,3,"42,123,456",1,efros,0,phase,F1,injection,phase1/s4_phase_baseline/frozen_tecno_phase_baseline@val~relation_detr_seed42,from_config_yaml,0.8986,unpaired,1,,,,,,,,,0.9478547854785478,0.000538941637576027,0.9471947194719472,0.9485148514851485,,,,,,,,,,,,,,,,,,,,,33.31704151417817,1.8645969846451251,30.693459416863664,34.85838779956427,,,,,,,,,,,,,0.7672120609222502,0.0026047530000091234,0.764054285040489,0.7704336435690973,,,,,,,,,,,,,0.8067833552356244,0.0015524234403713638,0.8049926761786612,0.8087787534868734,0.437774149177658,0.02110221884289865,0.40824915824915825,0.4562998405103668,0.4251921892272769,0.01268150885817911,0.40824915824915825,0.43875598086124395,0.40671797338464005,0.01859286535469527,0.38047138047138046,0.4212121212121212,,,,,,,,,,,,,,,,,,,,,,,,,,,,,,,,,,,,,,,,,,,,,0.050553290623179925,,,,,,,,,,,,-6.599571437522499,,,,,,,,0.13505145140401253,,,,,,,,0.1127596663347793,,-0.006275973283354275,,-6.334513977324097e-05,,0.04616026127385853,,,,,,,,,,,,,,,,,,,,,
transfer/t1a_3seed_det123_aug/t1a_3seed_det123_aug@val~relation_detr_augstrong_seed123,transfer,t1a_3seed_det123_p123_aug,t1a_3seed_det123_aug,val,78e50862a7b3,3,3,"42,123,456",1,efros,0,phase,F1,injection,phase1/s4_phase_baseline/frozen_tecno_phase_baseline@val~relation_detr_augstrong_seed123,from_config_yaml,0.8986,unpaired,1,,,,,,,,,0.9502750275027503,0.0011218964826386654,0.9491749174917492,0.9518151815181518,,,,,,,,,,,,,,,,,,,,,44.778613199665834,3.7946611927218514,40.47619047619048,49.707602339181285,,,,,,,,,,,,,0.791672024949706,0.0014788155704780028,0.7898937287332285,0.7935143730170712,,,,,,,,,,,,,0.8221528126263278,0.0009662527292716439,0.8209950343379269,0.8233602943105873,0.5612598383742662,0.03679363436671902,0.5202874516307352,0.6095238095238095,0.5475716654821132,0.04034354701094552,0.5003869541182975,0.5989417989417989,0.526618231593356,0.031490549557926406,0.49043670536207856,0.5671957671957671,,,,,,,,,,,,,,,,,,,,,,,,,,,,,,,,,,,,,,,,,,,,,0.04279427942794278,,,,,,,,,,,,4.939573151561461,,,,,,,,0.12173640996578106,,,,,,,,0.09470378455347661,,0.11782570222304317,,0.11110900478976066,,0.14829901734977197,,,,,,,,,,,,,,,,,,,,,
transfer/t1a_3seed_det123_frozen/t1a_3seed_det123_frozen@val~relation_detr_seed123,transfer,t1a_3seed_det123_p123_frozen,t1a_3seed_det123_frozen,val,78e50862a7b3,3,3,"42,123,456",1,efros,0,phase,F1,injection,phase1/s4_phase_baseline/frozen_tecno_phase_baseline@val~relation_detr_seed123,from_config_yaml,0.8986,unpaired,1,,,,,,,,,0.9573157315731573,0.0003111580995320169,0.9570957095709571,0.9577557755775578,,,,,,,,,,,,,,,,,,,,,41.70291238402693,3.1513235798063888,37.3015873015873,44.509803921568626,,,,,,,,,,,,,0.7989273456915804,0.002645298962037221,0.7952657755019884,0.8014222751290092,,,,,,,,,,,,,0.8262597990110084,0.0012654183559372236,0.8245297014098469,0.8275210764591598,0.5188471729083045,0.02864177562728027,0.47880597014925375,0.5441643323996265,0.5150806945655549,0.027162629643041804,0.47880597014925375,0.5441643323996265,0.467735830926928,0.02513852459707024,0.43223880597014924,0.48718406184953916,,,,,,,,,,,,,,,,,,,,,,,,,,,,,,,,,,,,,,,,,,,,,0.06083608360836079,,,,,,,,,,,,1.3246055057200508,,,,,,,,0.14492532610494202,,,,,,,,0.11440415345351362,,0.05506936718958483,,0.07224788028828061,,0.07638905641341692,,,,,,,,,,,,,,,,,,,,,
transfer/t1a_3seed_det42_aug/t1a_3seed_det42_aug@val~relation_detr_augstrong_seed42,transfer,t1a_3seed_det42_aug,t1a_3seed_det42_aug,val,78e50862a7b3,4,3,"42,123,456",2,efros,0,phase,F1,injection,phase1/s4_phase_baseline/frozen_tecno_phase_baseline@val~relation_detr_augstrong_seed42,from_config_yaml,0.8986,unpaired,1,,,,,,,,,0.9523102310231023,0.0014290848247267944,0.9504950495049505,0.9544554455445544,,,,,,,,,,,,,,,,,,,,,44.60480217059165,0.5038981726069117,44.152046783625735,45.370370370370374,,,,,,,,,,,,,0.7838542109551521,0.0035250098528440254,0.7815666337087288,0.789953719971515,,,,,,,,,,,,,0.8170678492734929,0.002227270340951999,0.8156768365487068,0.8209236627554652,0.5463626087370138,0.0033035452803110224,0.5433862433862434,0.5513661202185792,0.5329630189228286,0.005175172550122926,0.5258064516129033,0.5404371584699453,0.4749991780894743,0.018367493868470548,0.4593915343915344,0.5043010752688173,,,,,,,,,,,,,,,,,,,,,,,,,,,,,,,,,,,,,,,,,,,,,0.038778877887788776,,,,,,,,,,,,-0.010428277551575604,,,,,,,,0.08720827324155955,,,,,,,,0.06954337509854114,,0.03351558741837457,,0.03556240121331261,,0.042781114730646275,,,,,,,,,,,,,,,,,,,,,
transfer/t1a_3seed_det42_frozen/t1a_3seed_det42_frozen@val~relation_detr_seed42,transfer,t1a_3seed_det42_frozen,t1a_3seed_det42_frozen,val,78e50862a7b3,4,3,"42,123,456",2,efros,0,phase,F1,injection,phase1/s4_phase_baseline/frozen_tecno_phase_baseline@val~relation_detr_seed42,from_config_yaml,0.8986,unpaired,1,,,,,,,,,0.9483498349834983,0.0012675157999783387,0.9465346534653465,0.9498349834983498,,,,,,,,,,,,,,,,,,,,,35.47697827476614,2.048632292486059,33.333333333333336,38.82428940568476,,,,,,,,,,,,,0.7690877262583925,0.005612620580260241,0.7606487900286626,0.7760635504080584,,,,,,,,,,,,,0.8082420979364373,0.004047730183373323,0.8016274897101426,0.812600845989237,0.4561369762838912,0.023055967162023804,0.41900858704137395,0.48235294117647065,0.4486731811774271,0.019157221355400152,0.41900858704137395,0.47254901960784307,0.42828111009018194,0.019999165691709165,0.3971506635441062,0.45294117647058824,,,,,,,,,,,,,,,,,,,,,,,,,,,,,,,,,,,,,,,,,,,,,0.05104834012813042,,,,,,,,,,,,-4.439634676934531,,,,,,,,0.1369271167401548,,,,,,,,0.11421840903559222,,0.01208685382287894,,0.023417646810376946,,0.06772339797940041,,,,,,,,,,,,,,,,,,,,,
transfer/t1a_3seed_det456_aug/t1a_3seed_det456_aug@val~relation_detr_augstrong_seed456,transfer,t1a_3seed_det456_p123_aug,t1a_3seed_det456_aug,val,78e50862a7b3,3,3,"42,123,456",1,efros,0,phase,F1,injection,phase1/s4_phase_baseline/frozen_tecno_phase_baseline@val~relation_detr_augstrong_seed456,from_config_yaml,0.8986,unpaired,1,,,,,,,,,0.9485148514851485,0.0019431817087630337,0.9465346534653465,0.9511551155115512,,,,,,,,,,,,,,,,,,,,,38.28131236738724,2.255296663879004,35.138888888888886,40.325203252032516,,,,,,,,,,,,,0.7716808056406682,0.006159515737170165,0.7668526879359122,0.7803739098620841,,,,,,,,,,,,,0.8098459605619003,0.0038528213060562483,0.8065125494571076,0.8152453093907744,0.5068086180092627,0.01946025117972196,0.4810828440965427,0.5281385281385281,0.49071835735816405,0.01990815485944132,0.4628180039138943,0.507936507936508,0.4650480089642056,0.021913661549956963,0.4354207436399218,0.4877344877344878,,,,,,,,,,,,,,,,,,,,,,,,,,,,,,,,,,,,,,,,,,,,,0.03454345434543449,,,,,,,,,,,,-3.7162055467973474,,,,,,,,0.07925597634093307,,,,,,,,0.06643362432584154,,-0.017398381378896155,,-0.024002476022089714,,0.0108973890527162,,,,,,,,,,,,,,,,,,,,,
transfer/t1a_3seed_det456_frozen/t1a_3seed_det456_frozen@val~relation_detr_seed456,transfer,t1a_3seed_det456_p123_frozen,t1a_3seed_det456_frozen,val,78e50862a7b3,3,3,"42,123,456",1,efros,0,phase,F1,injection,phase1/s4_phase_baseline/frozen_tecno_phase_baseline@val~relation_detr_seed456,from_config_yaml,0.8986,unpaired,1,,,,,,,,,0.9522552255225523,0.0016464938995704895,0.9504950495049505,0.9544554455445544,,,,,,,,,,,,,,,,,,,,,38.89770723104056,4.637613842556412,34.39153439153439,45.27777777777778,,,,,,,,,,,,,0.7759793014558759,0.004354564345072702,0.772470570990431,0.7821165828232868,,,,,,,,,,,,,0.812189553325763,0.002556056351404057,0.810316424708939,0.8158035563348657,0.4895807895807896,0.04302170780733253,0.4502645502645503,0.5494505494505494,0.4795685795685796,0.04279935209432393,0.4407407407407408,0.5391941391941392,0.4367283950617284,0.06577346545778671,0.380026455026455,0.528937728937729,,,,,,,,,,,,,,,,,,,,,,,,,,,,,,,,,,,,,,,,,,,,,0.06424642464246433,,,,,,,,,,,,2.164567005253282,,,,,,,,0.14567653756825638,,,,,,,,0.12594891648177042,,0.026697788959827107,,0.02951415712707245,,0.04870185280412981,,,,,,,,,,,,,,,,,,,,,
transfer/t1a_appearance/t1a_appearance@val~relation_detr_seed42,transfer,t1a_appearance,t1a_appearance,val,78e50862a7b3,3,3,"42,123,456",1,efros,0,phase,F1,injection,phase1/s4_phase_baseline/frozen_tecno_phase_baseline@val~relation_detr_seed42,from_config_yaml,0.8986,unpaired,1,,,,,,,,,0.9491749174917491,0.0018669485971922063,0.9465346534653465,0.9504950495049505,,,,,,,,,,,,,,,,,,,,,43.04122574955908,11.564166940682194,34.166666666666664,59.37500000000001,,,,,,,,,,,,,0.7704667542174398,0.011472427801540916,0.7545956697859814,0.7813188712598264,,,,,,,,,,,,,0.8085961814572212,0.008364079781551943,0.7969645008052287,0.8162734056221386,0.5169284295757195,0.09933242516777369,0.4422466422466423,0.6573099415204678,0.5100908227381127,0.10479372988692945,0.4217338217338218,0.6573099415204678,0.4962419385043109,0.10562212232898492,0.4213779586913915,0.6456140350877194,,,,,,,,,,,,,,,,,,,,,,,,,,,,,,,,,,,,,,,,,,,,,0.05187342263638117,,,,,,,,,,,,3.1246127978584113,,,,,,,,0.1383061446992021,,,,,,,,0.11457249255637614,,0.07287830711470722,,0.08483528837106252,,0.1356842263935294,,,,,,,,,,,,,,,,,,,,,
transfer/t1a_b2a_combined/t1a_b2a_combined@val~relation_detr_seed42,transfer,t1a_b2a_combined,t1a_b2a_combined,val,25494806e106,3,3,"42,123,456",1,lecun,0,phase,F1,injection,phase1/s4_phase_baseline/frozen_tecno_phase_baseline@val~relation_detr_seed42,from_config_yaml,0.8986,unpaired,1,,,,,,,,,0.9465346534653466,0.0009334742985961031,0.9452145214521452,0.9471947194719472,,,,,,,,,,,,,,,,,,,,,34.90792010171855,2.3092362445785497,32.38095238095238,37.96296296296296,,,,,,,,,,,,,0.7623330889473401,0.0008403972886203862,0.7617199280265605,0.7635213874284158,,,,,,,,,,,,,0.8032135287819282,0.0010406965830818823,0.802211552370543,0.8046481156810261,0.44856761941924367,0.021016586994463876,0.4252546789860223,0.4761904761904761,0.44207626665923416,0.021025204423841332,0.4153044302298034,0.4666666666666666,0.42260638915599413,0.01810613477641535,0.40535418147358454,0.44761904761904764,,,,,,,,,,,,,,,,,,,,,,,,,,,,,,,,,,,,,,,,,,,,,0.04923315860997868,,,,,,,,,,,,-5.008692849982118,,,,,,,,0.13017247942910237,,,,,,,,0.1091898398810831,,0.004517496958231393,,0.016820732292184004,,0.06204867704521261,,,,,,,,,,,,,,,,,,,,,
transfer/t1a_base_env/t1a_base_env@val~relation_detr_seed42,transfer,t1a_base_env,t1a_base_env,val,78e50862a7b3,3,3,"42,123,456",1,efros,0,phase,F1,injection,phase1/s4_phase_baseline/frozen_tecno_phase_baseline@val~relation_detr_seed42,from_config_yaml,0.8986,unpaired,1,,,,,,,,,0.9476347634763476,0.0008232469497852496,0.9465346534653465,0.9485148514851485,,,,,,,,,,,,,,,,,,,,,32.955284587850656,4.806993290723291,27.95603089720737,39.44444444444445,,,,,,,,,,,,,0.7615572881790823,0.006553372481206853,0.7524658062425342,0.767661474996343,,,,,,,,,,,,,0.8030304875686147,0.005041158321102514,0.7960600519406995,0.8078117324638671,0.437457390644937,0.04287423314799025,0.3876518218623482,0.49230769230769234,0.4248548297102782,0.0428604380357218,0.37887989203778677,0.4820512820512821,0.4029855121404417,0.04485862372217702,0.3525641025641026,0.4615384615384615,,,,,,,,,,,,,,,,,,,,,,,,,,,,,,,,,,,,,,,,,,,,,0.05033326862097964,,,,,,,,,,,,-6.961328363850015,,,,,,,,0.1293966786608446,,,,,,,,0.10900679866776963,,-0.006592731816075281,,-0.0004007046567719441,,0.04242780002966018,,,,,,,,,,,,,,,,,,,,,
transfer/t1a_base_test/t1a_base_test@val~relation_detr_seed42,transfer,t1a_base_test,t1a_base_test,val,78e50862a7b3,3,3,"42,123,456",1,efros,0,phase,F1,injection,phase1/s4_phase_baseline/frozen_tecno_phase_baseline@val~relation_detr_seed42,from_config_yaml,0.8986,unpaired,1,,,,,,,,,0.9476347634763477,0.0006223161990640338,0.9471947194719472,0.9485148514851485,,,,,,,,,,,,,,,,,,,,,35.65056209494888,3.6937497006626883,31.80457052797478,40.63492063492063,,,,,,,,,,,,,0.7604069576485318,0.005808821779013088,0.7529534250683285,0.7671249201454028,,,,,,,,,,,,,0.8019107120984851,0.004254611512669236,0.7963241850462713,0.8066393348436439,0.4624431124431125,0.03277669264178054,0.4294131794131794,0.5071225071225071,0.4525708859042193,0.03242436374045344,0.42015392015392017,0.4968660968660969,0.4331070164403498,0.034329628915649835,0.39237614237614243,0.47635327635327646,,,,,,,,,,,,,,,,,,,,,,,,,,,,,,,,,,,,,,,,,,,,,0.050333268620979754,,,,,,,,,,,,-4.266050856751789,,,,,,,,0.12824634813029412,,,,,,,,0.10788702319763999,,0.018392989982100205,,0.02731535153716913,,0.0725493043295683,,,,,,,,,,,,,,,,,,,,,
transfer/t1a_boundary/t1a_boundary@val~relation_detr_seed42,transfer,t1a_boundary,t1a_boundary,val,e316a3163ea9,3,3,"42,123,456",1,efros,0,phase,F1,injection,transfer/t1a_regiontoken/t1a_regiontoken@val~relation_detr_seed42,from_config_yaml,,unpaired,1,,,,,,,,,0.9458745874587459,0.0014259055442041567,0.9445544554455445,0.9478547854785478,,,,,,,,,,,,,,,,,,,,,34.02264402264402,0.8712271363270799,33.24009324009324,35.238095238095234,,,,,,,,,,,,,0.7641293661492543,0.007586980121980396,0.754822714860838,0.7734068763057687,,,,,,,,,,,,,0.8048985830250024,0.005381064651341558,0.7979633718342305,0.811079290070283,0.43594067969067973,0.010578156951292722,0.4269688644688645,0.4507936507936509,0.42529253154253155,0.012490125988281139,0.40922619047619047,0.43968253968253973,0.40769993894993894,0.014812210122169782,0.3957188644688645,0.4285714285714286,,,,,,,,,0.7513751375137514,0.07690516511743731,0.6448844884488449,0.8237623762376237,48.569664902998234,4.774762835002135,42.518518518518526,54.19047619047618,0.5924138484209543,0.049628476573935446,0.5236608259973642,0.6390069451332266,0.6783137287475495,0.04739820644296331,0.6123701238381745,0.7217002174520403,0.5164756310146381,0.10697154744298547,0.37121212121212116,0.6256895193065407,0.5020673639467965,0.1067302308987866,0.3573232323232323,0.61150512214342,0.45739845261121853,0.10145755499279487,0.32702020202020204,0.5744680851063829,,,,,,,,,-0.0023762376237623783,,,,,,,,,,,,-1.9773559773559768,,,,,,,,0.0013712452473121362,,,,,,,,0.001042114479056444,,-0.019928969785527106,,-0.02251850987506726,,-0.017436509301263392,,,,,,,,,,,,,,,,,,,,,
transfer/t1a_combined_oracle/t1a_combined_oracle@val~relation_detr_seed42,transfer,t1a_combined_oracle,t1a_combined_oracle,val,25494806e106,3,3,"42,123,456",1,lecun,0,phase,F1,injection,phase1/s4_phase_baseline/frozen_tecno_phase_baseline@val~relation_detr_seed42,from_config_yaml,0.8986,unpaired,1,,,,,,,,,0.9471947194719472,0.0010778832751520994,0.9458745874587459,0.9485148514851485,,,,,,,,,,,,,,,,,,,,,35.040859181281874,2.7420427009809525,31.44927536231884,38.1029810298103,,,,,,,,,,,,,0.7647975850691678,0.0014885757538157587,0.7626935409293624,0.7659090659953077,,,,,,,,,,,,,0.8052798538941698,0.0017987157692869466,0.8027415798668786,0.8066937021713935,0.45584717122966234,0.018539081168899834,0.4317013190252627,0.4767676767676769,0.4459832740418214,0.016769625516974446,0.42231164766376034,0.45907251789604736,0.4172933089392631,0.030162841387911123,0.37575452716297786,0.44646464646464645,,,,,,,,,,,,,,,,,,,,,,,,,,,,,,,,,,,,,,,,,,,,,0.0498932246165793,,,,,,,,,,,,-4.875753770418797,,,,,,,,0.13263697555093013,,,,,,,,0.11125616499332469,,0.011797048768650065,,0.02072773967477126,,0.05673559682848156,,,,,,,,,,,,,,,,,,,,,
transfer/t1a_combined_oracle_noise_p010/t1a_combined_oracle_noise_p010@val~relation_detr_seed42,transfer,t1a_combined_oracle_noise_p010,t1a_combined_oracle_noise_p010,val,25494806e106,3,3,"42,123,456",1,lecun,0,phase,F1,injection,phase1/s4_phase_baseline/frozen_tecno_phase_baseline@val~relation_detr_seed42,from_config_yaml,0.8986,unpaired,1,,,,,,,,,0.9471947194719472,0.0005389416375760724,0.9465346534653465,0.9478547854785478,,,,,,,,,,,,,,,,,,,,,34.96837368930392,1.65141108768939,32.71317829457364,36.62162162162162,,,,,,,,,,,,,0.762424655665744,0.0025360676550320845,0.7601386645726868,0.7659610049822358,,,,,,,,,,,,,0.8032643376728059,0.0022415491344284564,0.8014583347818374,0.8064235702570358,0.45201416289335333,0.014478506224324813,0.43183940242763774,0.46513056835637484,0.4487461890371442,0.019048559742196405,0.4220354808590103,0.46513056835637484,0.4159786017154771,0.02977471030047344,0.3746498599439776,0.44362519201228884,,,,,,,,,,,,,,,,,,,,,,,,,,,,,,,,,,,,,,,,,,,,,0.0498932246165793,,,,,,,,,,,,-4.948239262396754,,,,,,,,0.1302640461475063,,,,,,,,0.10924064877196082,,0.007964040432341057,,0.023490654670094036,,0.0554208896046956,,,,,,,,,,,,,,,,,,,,,
transfer/t1a_combined_oracle_noise_p020/t1a_combined_oracle_noise_p020@val~relation_detr_seed42,transfer,t1a_combined_oracle_noise_p020,t1a_combined_oracle_noise_p020,val,25494806e106,3,3,"42,123,456",1,lecun,0,phase,F1,injection,phase1/s4_phase_baseline/frozen_tecno_phase_baseline@val~relation_detr_seed42,from_config_yaml,0.8986,unpaired,1,,,,,,,,,0.9465346534653465,0.0005389416375760724,0.9458745874587459,0.9471947194719472,,,,,,,,,,,,,,,,,,,,,32.99242282390243,2.182499412618181,31.078904991948463,36.04651162790697,,,,,,,,,,,,,0.7583891939462956,0.005429247658087693,0.7507352597366237,0.7627434783510437,,,,,,,,,,,,,0.800568076710965,0.003857173506150632,0.7952470827637893,0.8042687413371047,0.4353898594577965,0.02001201775505984,0.41111822449850616,0.46013071895424834,0.4322152562831933,0.0205819403524493,0.41111822449850616,0.46013071895424834,0.39741319774459793,0.023618443438430402,0.3785714285714286,0.43071895424836604,,,,,,,,,,,,,,,,,,,,,,,,,,,,,,,,,,,,,,,,,,,,,0.04923315860997857,,,,,,,,,,,,-6.924190127798241,,,,,,,,0.12622858442805784,,,,,,,,0.10654438781011988,,-0.008660263003215762,,0.006959721916143136,,0.03685548563381641,,,,,,,,,,,,,,,,,,,,,
transfer/t1a_combined_oracle_noise_p030/t1a_combined_oracle_noise_p030@val~relation_detr_seed42,transfer,t1a_combined_oracle_noise_p030,t1a_combined_oracle_noise_p030,val,25494806e106,3,3,"42,123,456",1,lecun,0,phase,F1,injection,phase1/s4_phase_baseline/frozen_tecno_phase_baseline@val~relation_detr_seed42,from_config_yaml,0.8986,unpaired,1,,,,,,,,,0.9478547854785478,0.000538941637576027,0.9471947194719472,0.9485148514851485,,,,,,,,,,,,,,,,,,,,,34.160982688114466,0.7415090043647937,33.45391903531438,35.18518518518518,,,,,,,,,,,,,0.7674433159491496,0.004127150273031206,0.7616974418070539,0.7712043700291942,,,,,,,,,,,,,0.8069447309264807,0.00346684175414791,0.8021934162695293,0.8103678825964372,0.44415593542728266,0.01496562184371281,0.4270353302611367,0.46349206349206346,0.4408879615710735,0.016118613006083662,0.4270353302611367,0.46349206349206346,0.41439177169727454,0.014561204036589174,0.402724726254138,0.43492063492063493,,,,,,,,,,,,,,,,,,,,,,,,,,,,,,,,,,,,,,,,,,,,,0.050553290623179925,,,,,,,,,,,,-5.755630263586205,,,,,,,,0.1352827064309119,,,,,,,,0.11292104202563558,,0.00010581296627037995,,0.015632427204023358,,0.05383405958649301,,,,,,,,,,,,,,,,,,,,,
transfer/t1a_combined_region_top3_mask/t1a_combined_region_top3_mask@val~relation_detr_seed42,transfer,t1a_combined_region_top3_mask,t1a_combined_region_top3_mask,val,25494806e106,3,3,"42,123,456",1,lecun,0,phase,F1,injection,phase1/s4_phase_baseline/frozen_tecno_phase_baseline@val~relation_detr_seed42,from_config_yaml,0.8986,unpaired,1,,,,,,,,,0.9207920792079208,0.006121200327059876,0.9155115511551155,0.9293729372937294,,,,,,,,,,,,,,,,,,,,,34.175274216853886,4.327372473776786,28.063318350596052,37.5,,,,,,,,,,,,,0.6862350118151278,0.024806578689763478,0.661043040634525,0.7199750973026559,,,,,,,,,,,,,0.7523128629903497,0.01831467357964743,0.7327804575464538,0.7768101469921971,0.40356230144138044,0.024308124141142022,0.3697397087489967,0.42579821200510853,0.3773874435167628,0.014650849427837717,0.3599357871803692,0.39578544061302684,0.34469744340567443,0.02455372141414851,0.31298016282536406,0.3727969348659004,,,,,,,,,,,,,,,,,,,,,,,,,,,,,,,,,,,,,,,,,,,,,0.023490584352552912,,,,,,,,,,,,-5.741338734846785,,,,,,,,0.05407440229689009,,,,,,,,0.058289174089504625,,-0.04048782101963183,,-0.04786809085028737,,-0.015860268705107095,,,,,,,,,,,,,,,,,,,,,
transfer/t1a_deep_3s10l96f/t1a_deep_3s10l96f@val~relation_detr_seed42,transfer,t1a_deep_3s10l96f,t1a_deep_3s10l96f,val,b6741af1041b,5,5,"42,123,456,789,1000",1,lecun,0,phase,F1,injection,phase1/s4_phase_baseline/frozen_tecno_phase_baseline@val~relation_detr_seed42,from_config_yaml,0.8986,unpaired,1,,,,,,,,,0.9474587458745874,0.0012242400654119473,0.9452145214521452,0.9485148514851485,,,,,,,,,,,,,,,,,,,,,33.75906462002454,1.8867254596819882,30.808416389811736,36.2962962962963,,,,,,,,,,,,,0.7713545568852272,0.0048974765524101675,0.7662679973911448,0.7777974909431357,,,,,,,,,,,,,0.8100148556499293,0.003299511272102732,0.8065925625202391,0.8141329519618337,0.43688521227335114,0.02029550261986169,0.40406162464986,0.4678163366687957,0.42314207476333804,0.020108105175538123,0.3942577030812325,0.45688737492016185,0.4053347296030517,0.029874801711847903,0.36362044817927175,0.45688737492016185,,,,,,,,,,,,,,,,,,,,,,,,,,,,,,,,,,,,,,,,,,,,,0.05015725101921953,,,,,,,,,,,,-6.157548331676132,,,,,,,,0.13919394736698953,,,,,,,,0.11599116674908416,,-0.007164910187661133,,-0.00211345960371212,,0.0447770174922702,,,,,,,,,,,,,,,,,,,,,
transfer/t1a_probe_aug/t1a_probe_aug@val~relation_detr_augstrong_seed42,transfer,t1a_probe_aug,t1a_probe_aug,val,78e50862a7b3,1,1,42,1,efros,0,phase,F1,injection,phase1/s4_phase_baseline/frozen_tecno_phase_baseline@val~relation_detr_augstrong_seed42,from_config_yaml,0.8986,unpaired,1,,,,,,,,,0.9531353135313532,0.0,0.9531353135313532,0.9531353135313532,,,,,,,,,,,,,,,,,,,,,46.732026143790854,0.0,46.732026143790854,46.732026143790854,,,,,,,,,,,,,0.7851029593563829,0.0,0.7851029593563829,0.7851029593563829,,,,,,,,,,,,,0.8176834650109586,0.0,0.8176834650109586,0.8176834650109586,0.5598870056497175,0.0,0.5598870056497175,0.5598870056497175,0.5372881355932203,0.0,0.5372881355932203,0.5372881355932203,0.4956214689265536,0.0,0.4956214689265536,0.4956214689265536,,,,,,,,,,,,,,,,,,,,,,,,,,,,,,,,,,,,,,,,,,,,,0.03960396039603964,,,,,,,,,,,,2.1167956956476317,,,,,,,,0.08845702164279035,,,,,,,,0.07015899083600685,,0.047039984331078255,,0.039887517883704315,,0.06340340556772561,,,,,,,,,,,,,,,,,,,,,
transfer/t1a_probe_frozen/t1a_probe_frozen@val~relation_detr_seed42,transfer,t1a_probe_frozen,t1a_probe_frozen,val,78e50862a7b3,1,1,42,1,efros,0,phase,F1,injection,phase1/s4_phase_baseline/frozen_tecno_phase_baseline@val~relation_detr_seed42,from_config_yaml,0.8986,unpaired,1,,,,,,,,,0.9478547854785478,0.0,0.9478547854785478,0.9478547854785478,,,,,,,,,,,,,,,,,,,,,37.62626262626262,0.0,37.62626262626262,37.62626262626262,,,,,,,,,,,,,0.7624831875343784,0.0,0.7624831875343784,0.7624831875343784,,,,,,,,,,,,,0.802951126546683,0.0,0.802951126546683,0.802951126546683,0.4792270531400966,0.0,0.4792270531400966,0.4792270531400966,0.4695652173913043,0.0,0.4695652173913043,0.4695652173913043,0.45024154589371984,0.0,0.45024154589371984,0.45024154589371984,,,,,,,,,,,,,,,,,,,,,,,,,,,,,,,,,,,,,,,,,,,,,0.050553290623179925,,,,,,,,,,,,-2.290350325438048,,,,,,,,0.13032257801614067,,,,,,,,0.1089274376458379,,0.03517693067908434,,0.04430968302425414,,0.08968383378293832,,,,,,,,,,,,,,,,,,,,,
transfer/t1a_region_mask_00/t1a_region_mask_00@val~relation_detr_seed42,transfer,t1a_region_mask_00,t1a_region_mask_00,val,78e50862a7b3,3,3,"42,123,456",1,lecun,0,phase,F1,injection,phase1/s4_phase_baseline/frozen_tecno_phase_baseline@val~relation_detr_seed42,from_config_yaml,0.8986,unpaired,1,,,,,,,,,0.9392739273927393,0.0010778832751520994,0.9379537953795379,0.9405940594059405,,,,,,,,,,,,,,,,,,,,,36.54763833108162,2.0708516422087535,34.00941377834831,39.08193908193908,,,,,,,,,,,,,0.7281248609680846,0.005849073302875673,0.7211940801996457,0.735500583334182,,,,,,,,,,,,,0.7768651519058979,0.0053263782877938735,0.7705691635032442,0.7835944665372143,0.44362919226544345,0.017401847138828974,0.42330133634481465,0.46580645161290324,0.4331927596278723,0.008616181636010264,0.42330133634481465,0.44430107526881724,0.4096045690567595,0.020770343790944445,0.3828972959407742,0.43354838709677423,,,,,,,,,,,,,,,,,,,,,,,,,,,,,,,,,,,,,,,,,,,,,0.041972432537371374,,,,,,,,,,,,-3.368974620619049,,,,,,,,0.09596425144984688,,,,,,,,0.0828414630050528,,-0.00042093019556882494,,0.007937225260822134,,0.04904685694597799,,,,,,,,,,,,,,,,,,,,,
transfer/t1a_region_mask_01/t1a_region_mask_01@val~relation_detr_seed42,transfer,t1a_region_mask_01,t1a_region_mask_01,val,78e50862a7b3,3,3,"42,123,456",1,lecun,0,phase,F1,injection,phase1/s4_phase_baseline/frozen_tecno_phase_baseline@val~relation_detr_seed42,from_config_yaml,0.8986,unpaired,1,,,,,,,,,0.9474147414741474,0.0006223161990640862,0.9465346534653465,0.9478547854785478,,,,,,,,,,,,,,,,,,,,,32.655217476208904,3.342785623124038,29.155982905982906,37.15762273901808,,,,,,,,,,,,,0.7651489699744299,0.0020073612636257857,0.7633804799275855,0.7679563845378868,,,,,,,,,,,,,0.8062566657028806,0.0019948224491835435,0.8041608228350169,0.8089399943981906,0.4198647901575648,0.028831848633773936,0.3941726462274408,0.46013071895424834,0.40649800254957386,0.030993880528549927,0.38412698412698415,0.4503267973856209,0.37548571940191605,0.04035669542990134,0.33542074363992175,0.43071895424836604,,,,,,,,,,,,,,,,,,,,,,,,,,,,,,,,,,,,,,,,,,,,,0.05011324661877947,,,,,,,,,,,,-7.261395475491767,,,,,,,,0.13298836045619222,,,,,,,,0.11223297680203548,,-0.024185332303447493,,-0.018757531817476303,,0.014928007291134526,,,,,,,,,,,,,,,,,,,,,
transfer/t1a_region_mask_02/t1a_region_mask_02@val~relation_detr_seed42,transfer,t1a_region_mask_02,t1a_region_mask_02,val,78e50862a7b3,3,3,"42,123,456",1,lecun,0,phase,F1,injection,phase1/s4_phase_baseline/frozen_tecno_phase_baseline@val~relation_detr_seed42,from_config_yaml,0.8986,unpaired,1,,,,,,,,,0.9493949394939494,0.0017324549777803842,0.9478547854785478,0.9518151815181518,,,,,,,,,,,,,,,,,,,,,35.66709919423098,1.041721717600604,34.37984496124031,36.93121693121693,,,,,,,,,,,,,0.7714483468852029,0.009098119707235418,0.762718224304055,0.7839989071281546,,,,,,,,,,,,,0.8098348599138774,0.0058226054987988085,0.8042930351225289,0.8178802614486493,0.4571628806922925,0.011072416334037575,0.44542124542124545,0.47200577200577204,0.4470165999577765,0.010389865201949604,0.43589743589743596,0.4608946608946609,0.4304277421924481,0.014052179752515376,0.41684981684981687,0.44978354978354984,,,,,,,,,,,,,,,,,,,,,,,,,,,,,,,,,,,,,,,,,,,,,0.052093444638581454,,,,,,,,,,,,-4.249513757469693,,,,,,,,0.1392877373669652,,,,,,,,0.11581117101303229,,0.01311275823128022,,0.021761065590726325,,0.06987003008166659,,,,,,,,,,,,,,,,,,,,,
transfer/t1a_region_mask_03/t1a_region_mask_03@val~relation_detr_seed42,transfer,t1a_region_mask_03,t1a_region_mask_03,val,78e50862a7b3,3,3,"42,123,456",1,lecun,0,phase,F1,injection,phase1/s4_phase_baseline/frozen_tecno_phase_baseline@val~relation_detr_seed42,from_config_yaml,0.8986,unpaired,1,,,,,,,,,0.9487348734873488,0.0006223161990640862,0.9478547854785478,0.9491749174917492,,,,,,,,,,,,,,,,,,,,,34.79361867702985,1.1873487119314305,33.28816621499548,36.19047619047619,,,,,,,,,,,,,0.7678262767622475,0.0022421824298994395,0.7660080473528154,0.7709851924435905,,,,,,,,,,,,,0.807327522682226,0.001377554859974699,0.8060196758760584,0.8092319014571875,0.45500425500425506,0.017852509097757405,0.4368686868686869,0.4792836792836794,0.4420456087122754,0.019134632263912474,0.42676767676767674,0.46902726902726904,0.4188823522156856,0.013867798992704714,0.4065656565656566,0.43825803825803833,,,,,,,,,,,,,,,,,,,,,,,,,,,,,,,,,,,,,,,,,,,,,0.05143337863198083,,,,,,,,,,,,-5.122994274670823,,,,,,,,0.13566566724400975,,,,,,,,0.11330383378138087,,0.01095413254324279,,0.016790074345225225,,0.05832464010490407,,,,,,,,,,,,,,,,,,,,,
transfer/t1a_region_mask_04/t1a_region_mask_04@val~relation_detr_seed42,transfer,t1a_region_mask_04,t1a_region_mask_04,val,78e50862a7b3,3,3,"42,123,456",1,lecun,0,phase,F1,injection,phase1/s4_phase_baseline/frozen_tecno_phase_baseline@val~relation_detr_seed42,from_config_yaml,0.8986,unpaired,1,,,,,,,,,0.9469746974697469,0.0003111580995320693,0.9465346534653465,0.9471947194719472,,,,,,,,,,,,,,,,,,,,,35.582354153782724,3.192146912148713,32.56854256854257,40.0,,,,,,,,,,,,,0.7644650274842899,0.008915622232440669,0.7548514732265854,0.7763370123657857,,,,,,,,,,,,,0.8052545189318321,0.006040732026570857,0.7985543179833463,0.8131944064994695,0.45519104232096647,0.029496699005264495,0.42665791919523266,0.4958105646630237,0.44189906181587124,0.022674379126353915,0.42508662508662515,0.4739526411657559,0.4259428070536463,0.034205578358575996,0.3968071729265759,0.4739526411657559,,,,,,,,,,,,,,,,,,,,,,,,,,,,,,,,,,,,,,,,,,,,,0.04967320261437902,,,,,,,,,,,,-4.334258797917947,,,,,,,,0.1323044179660522,,,,,,,,0.111230830030987,,0.01114091985995419,,0.016643527448821083,,0.06538509494286476,,,,,,,,,,,,,,,,,,,,,
transfer/t1a_region_mask_05/t1a_region_mask_05@val~relation_detr_seed42,transfer,t1a_region_mask_05,t1a_region_mask_05,val,78e50862a7b3,3,3,"42,123,456",1,lecun,0,phase,F1,injection,phase1/s4_phase_baseline/frozen_tecno_phase_baseline@val~relation_detr_seed42,from_config_yaml,0.8986,unpaired,1,,,,,,,,,0.9487348734873488,0.0013563067113242803,0.9471947194719472,0.9504950495049505,,,,,,,,,,,,,,,,,,,,,35.32653929030592,3.9095999159978674,29.899808623212877,38.956639566395665,,,,,,,,,,,,,0.7627307163528069,0.00910878287600825,0.7516310870149402,0.7739421173405089,,,,,,,,,,,,,0.8031034545595946,0.0064522795972725205,0.7951198781610945,0.8109220885774077,0.45915692876477193,0.037863429221789584,0.40824915824915825,0.49898989898989904,0.44915494817455603,0.029880158317433177,0.40824915824915825,0.4787878787878788,0.43307915758896154,0.0326951738510306,0.38973063973063976,0.46868686868686876,,,,,,,,,,,,,,,,,,,,,,,,,,,,,,,,,,,,,,,,,,,,,0.05143337863198083,,,,,,,,,,,,-4.590073661394754,,,,,,,,0.13057010683456916,,,,,,,,0.10907976565874955,,0.015106806303759657,,0.023899413807505876,,0.07252144547818001,,,,,,,,,,,,,,,,,,,,,
transfer/t1a_region_mask_06/t1a_region_mask_06@val~relation_detr_seed42,transfer,t1a_region_mask_06,t1a_region_mask_06,val,78e50862a7b3,3,3,"42,123,456",1,lecun,0,phase,F1,injection,phase1/s4_phase_baseline/frozen_tecno_phase_baseline@val~relation_detr_seed42,from_config_yaml,0.8986,unpaired,1,,,,,,,,,0.9432343234323431,0.0009334742985961031,0.9425742574257425,0.9445544554455445,,,,,,,,,,,,,,,,,,,,,43.72134038800706,6.826228478834372,34.126984126984134,49.44444444444445,,,,,,,,,,,,,0.7644050192371019,0.00629943054630943,0.7563838376867255,0.7717726507796312,,,,,,,,,,,,,0.8051794868028372,0.0044924076035343305,0.7993319995639878,0.8102544530648677,0.5246064076811119,0.05240658850617913,0.45107794361525716,0.5694235588972432,0.513748035368578,0.051730750407859044,0.4411276948590382,0.5577276524644946,0.49625616388523164,0.06038314167877074,0.4112769485903815,0.546031746031746,,,,,,,,,,,,,,,,,,,,,,,,,,,,,,,,,,,,,,,,,,,,,0.045932828576975226,,,,,,,,,,,,3.8047274363063863,,,,,,,,0.1322444097188642,,,,,,,,0.11115579790199215,,0.08055628522009961,,0.08849250100152789,,0.1356984517744501,,,,,,,,,,,,,,,,,,,,,
transfer/t1a_region_mask_07/t1a_region_mask_07@val~relation_detr_seed42,transfer,t1a_region_mask_07,t1a_region_mask_07,val,78e50862a7b3,3,3,"42,123,456",1,lecun,0,phase,F1,injection,phase1/s4_phase_baseline/frozen_tecno_phase_baseline@val~relation_detr_seed42,from_config_yaml,0.8986,unpaired,1,,,,,,,,,0.9465346534653465,0.0005389416375760724,0.9458745874587459,0.9471947194719472,,,,,,,,,,,,,,,,,,,,,34.53638035198318,1.9582872413570604,31.80457052797478,36.2962962962963,,,,,,,,,,,,,0.7692818041576409,0.0026548206026206977,0.7668274386929558,0.7729695104668812,,,,,,,,,,,,,0.8081745488886186,0.0017930962720641753,0.806415598813318,0.8106359096161295,0.44692961359628025,0.019630176442647945,0.42015392015392017,0.4666666666666666,0.43449575116241784,0.016756848384094896,0.4108946608946609,0.4481481481481482,0.40336700336700343,0.009652202826899776,0.39237614237614243,0.4158730158730159,,,,,,,,,,,,,,,,,,,,,,,,,,,,,,,,,,,,,,,,,,,,,0.04923315860997857,,,,,,,,,,,,-5.380232599717488,,,,,,,,0.1371211946394032,,,,,,,,0.11415085998777352,,0.0028794911352679753,,0.009240216795367684,,0.042809291256221904,,,,,,,,,,,,,,,,,,,,,
transfer/t1a_region_mask_08/t1a_region_mask_08@val~relation_detr_seed42,transfer,t1a_region_mask_08,t1a_region_mask_08,val,78e50862a7b3,3,3,"42,123,456",1,lecun,0,phase,F1,injection,phase1/s4_phase_baseline/frozen_tecno_phase_baseline@val~relation_detr_seed42,from_config_yaml,0.8986,unpaired,1,,,,,,,,,0.9487348734873488,0.0008232469497852496,0.9478547854785478,0.9498349834983498,,,,,,,,,,,,,,,,,,,,,34.728507636309054,3.15094898321862,31.6193853427896,39.047619047619044,,,,,,,,,,,,,0.7700372567199464,0.0030376820783302116,0.7666079097114473,0.7739926785221952,,,,,,,,,,,,,0.8085314782616643,0.002191230700246871,0.8058648662389578,0.8112319430834066,0.45493827160493827,0.02326070727316107,0.4380952380952381,0.4878306878306879,0.45185185185185184,0.02567455433520688,0.4296296296296296,0.4878306878306879,0.4256613756613757,0.02841997220337308,0.4018518518518519,0.46560846560846564,,,,,,,,,,,,,,,,,,,,,,,,,,,,,,,,,,,,,,,,,,,,,0.05143337863198083,,,,,,,,,,,,-5.188105315391617,,,,,,,,0.13787664720170867,,,,,,,,0.11450778936081918,,0.010888149143925996,,0.02659631748480168,,0.06510366355059416,,,,,,,,,,,,,,,,,,,,,
transfer/t1a_region_mask_09/t1a_region_mask_09@val~relation_detr_seed42,transfer,t1a_region_mask_09,t1a_region_mask_09,val,78e50862a7b3,3,3,"42,123,456",1,lecun,0,phase,F1,injection,phase1/s4_phase_baseline/frozen_tecno_phase_baseline@val~relation_detr_seed42,from_config_yaml,0.8986,unpaired,1,,,,,,,,,0.9401540154015401,0.0017324549777803654,0.9386138613861386,0.9425742574257425,,,,,,,,,,,,,,,,,,,,,37.208740934429386,2.1557677457387783,34.16020671834625,38.76183876183876,,,,,,,,,,,,,0.7471109782230713,0.005536534674656507,0.7393941418203358,0.7521172863388356,,,,,,,,,,,,,0.7964684410545423,0.00373184146268688,0.7912346088516701,0.799672904097147,0.4563277233597367,0.013815394105009,0.43725490196078437,0.4695340501792115,0.4399477653489692,0.016971021629521344,0.4176470588235294,0.4587813620071685,0.40690638945583574,0.020491613698000233,0.3784313725490196,0.4258064516129032,,,,,,,,,,,,,,,,,,,,,,,,,,,,,,,,,,,,,,,,,,,,,0.04285252054617217,,,,,,,,,,,,-2.707872017271285,,,,,,,,0.11495036870483355,,,,,,,,0.1024447521536972,,0.012277600898724428,,0.014692230981919019,,0.04634867734505421,,,,,,,,,,,,,,,,,,,,,
transfer/t1a_region_mask_10/t1a_region_mask_10@val~relation_detr_seed42,transfer,t1a_region_mask_10,t1a_region_mask_10,val,78e50862a7b3,3,3,"42,123,456",1,lecun,0,phase,F1,injection,phase1/s4_phase_baseline/frozen_tecno_phase_baseline@val~relation_detr_seed42,from_config_yaml,0.8986,unpaired,1,,,,,,,,,0.9434543454345434,0.0011218964826386654,0.9419141914191419,0.9445544554455445,,,,,,,,,,,,,,,,,,,,,29.059304705201363,1.847978333164594,27.324263038548754,31.6193853427896,,,,,,,,,,,,,0.7568320050025831,0.00335462103858209,0.7541271943056949,0.7615597951867527,,,,,,,,,,,,,0.800709761397418,0.0021398272771825898,0.7991295591423864,0.803734926682661,0.39032127365460695,0.020561519718371647,0.37387387387387383,0.4193121693121693,0.37792481922916704,0.016225082814895195,0.3648648648648649,0.40079365079365076,0.33773721962127756,0.016965885017193937,0.3169082125603864,0.35846560846560843,,,,,,,,,,,,,,,,,,,,,,,,,,,,,,,,,,,,,,,,,,,,,0.04615285057917551,,,,,,,,,,,,-10.857308246499308,,,,,,,,0.12467139548434536,,,,,,,,0.10668607249657291,,-0.05372884880640533,,-0.04733071513788312,,-0.022820492489503963,,,,,,,,,,,,,,,,,,,,,
transfer/t1a_region_mask_11/t1a_region_mask_11@val~relation_detr_seed42,transfer,t1a_region_mask_11,t1a_region_mask_11,val,78e50862a7b3,3,3,"42,123,456",1,lecun,0,phase,F1,injection,phase1/s4_phase_baseline/frozen_tecno_phase_baseline@val~relation_detr_seed42,from_config_yaml,0.8986,unpaired,1,,,,,,,,,0.9478547854785478,0.0018669485971922063,0.9465346534653465,0.9504950495049505,,,,,,,,,,,,,,,,,,,,,33.41825282301473,3.6919629024010145,30.35113035113035,38.611111111111114,,,,,,,,,,,,,0.7692651622136444,0.004321399339448572,0.7635360042279362,0.7739721038085877,,,,,,,,,,,,,0.8084872418835728,0.0029948967315441733,0.804409587015101,0.8115178645230513,0.44482787816121155,0.030595669279021232,0.41750841750841755,0.4875457875457876,0.4356012602389414,0.03675914798124251,0.4078465817596253,0.4875457875457876,0.412897620143997,0.031090740438125628,0.3885229102620407,0.4567765567765569,,,,,,,,,,,,,,,,,,,,,,,,,,,,,,,,,,,,,,,,,,,,,0.050553290623179925,,,,,,,,,,,,-6.498360128685938,,,,,,,,0.13710455269540667,,,,,,,,0.1144635529827277,,0.0007777557001992785,,0.010345725871891254,,0.052339908033215476,,,,,,,,,,,,,,,,,,,,,
transfer/t1a_region_mask_12/t1a_region_mask_12@val~relation_detr_seed42,transfer,t1a_region_mask_12,t1a_region_mask_12,val,78e50862a7b3,3,3,"42,123,456",1,lecun,0,phase,F1,injection,phase1/s4_phase_baseline/frozen_tecno_phase_baseline@val~relation_detr_seed42,from_config_yaml,0.8986,unpaired,1,,,,,,,,,0.9485148514851485,0.0010778832751520994,0.9471947194719472,0.9498349834983498,,,,,,,,,,,,,,,,,,,,,34.659767178564174,0.7085058573242459,33.6734693877551,35.305832147937416,,,,,,,,,,,,,0.765351623487079,0.004277953474660283,0.76000556042505,0.770477415952152,,,,,,,,,,,,,0.8053162508112757,0.0026299109857883625,0.8018844044037632,0.8082737336657085,0.4517823496785629,0.006694734709290123,0.44264264264264264,0.45849195218059174,0.4481981202878819,0.004734486720089072,0.44264264264264264,0.4542124542124543,0.41552120991111174,0.01488131156353878,0.3972483804180859,0.4336996336996337,,,,,,,,,,,,,,,,,,,,,,,,,,,,,,,,,,,,,,,,,,,,,0.05121335662978055,,,,,,,,,,,,-5.256845773136497,,,,,,,,0.13319101396884125,,,,,,,,0.11129256191043058,,0.007732227217550625,,0.02294258592083176,,0.05496349780033022,,,,,,,,,,,,,,,,,,,,,
transfer/t1a_region_mask_13/t1a_region_mask_13@val~relation_detr_seed42,transfer,t1a_region_mask_13,t1a_region_mask_13,val,78e50862a7b3,3,3,"42,123,456",1,lecun,0,phase,F1,injection,phase1/s4_phase_baseline/frozen_tecno_phase_baseline@val~relation_detr_seed42,from_config_yaml,0.8986,unpaired,1,,,,,,,,,0.9485148514851485,0.0005389416375760724,0.9478547854785478,0.9491749174917492,,,,,,,,,,,,,,,,,,,,,35.39740586842036,2.0934431079259426,32.44949494949495,37.1082621082621,,,,,,,,,,,,,0.7703760043998288,0.004166142248089878,0.7660125055359848,0.7759863133100016,,,,,,,,,,,,,0.8091853151095361,0.002926203937883124,0.8058597796111017,0.8129810653869549,0.45468302563372986,0.016421082588623244,0.432051282051282,0.4705078958600086,0.4450044413072582,0.01688853764989104,0.4217948717948718,0.46148989898989895,0.4249626091175387,0.017037751137961726,0.40128205128205136,0.4406565656565656,,,,,,,,,,,,,,,,,,,,,,,,,,,,,,,,,,,,,,,,,,,,,0.05121335662978055,,,,,,,,,,,,-4.519207083280314,,,,,,,,0.13821539488159107,,,,,,,,0.11516162620869097,,0.01063290317271759,,0.019748906940208033,,0.06440489700675717,,,,,,,,,,,,,,,,,,,,,
transfer/t1a_region_mask_14/t1a_region_mask_14@val~relation_detr_seed42,transfer,t1a_region_mask_14,t1a_region_mask_14,val,78e50862a7b3,3,3,"42,123,456",1,lecun,0,phase,F1,injection,phase1/s4_phase_baseline/frozen_tecno_phase_baseline@val~relation_detr_seed42,from_config_yaml,0.8986,unpaired,1,,,,,,,,,0.9489548954895489,0.0003111580995320693,0.9485148514851485,0.9491749174917492,,,,,,,,,,,,,,,,,,,,,34.50413783747118,7.23107753539203,27.454212454212453,44.44444444444445,,,,,,,,,,,,,0.7676999912442645,0.003787099540579278,0.7626518919925565,0.7717734616825714,,,,,,,,,,,,,0.8068961843894399,0.0025803586627762484,0.8033364315592265,0.8093713996310818,0.44816418149751486,0.05533929986187077,0.4016354016354016,0.525925925925926,0.4423921757255091,0.0605491451824317,0.38431938431938434,0.525925925925926,0.41968895302228637,0.06004377809750585,0.367003367003367,0.5037037037037037,,,,,,,,,,,,,,,,,,,,,,,,,,,,,,,,,,,,,,,,,,,,,0.051653400634181,,,,,,,,,,,,-5.412475114229494,,,,,,,,0.13553938172602675,,,,,,,,0.11287249548859479,,0.004114059036502582,,0.017136641358458937,,0.059131240911504845,,,,,,,,,,,,,,,,,,,,,
transfer/t1a_region_mask_top3/t1a_region_mask_top3@val~relation_detr_seed42,transfer,t1a_region_mask_top3,t1a_region_mask_top3,val,78e50862a7b3,3,3,"42,123,456",1,lecun,0,phase,F1,injection,phase1/s4_phase_baseline/frozen_tecno_phase_baseline@val~relation_detr_seed42,from_config_yaml,0.8986,unpaired,1,,,,,,,,,0.9161716171617161,0.0037725914630323772,0.9108910891089109,0.9194719471947195,,,,,,,,,,,,,,,,,,,,,34.53384430775508,1.7298145343197608,32.32565899232566,36.54970760233919,,,,,,,,,,,,,0.6659177155417473,0.008533613559954953,0.6546072409849625,0.675218321739908,,,,,,,,,,,,,0.7361745384181125,0.00687896978745854,0.7267617614773634,0.74300932081418,0.4098172552049179,0.011617071218082413,0.39631336405529954,0.4246727930938457,0.3767557084667064,0.013097979354262728,0.36405529953917054,0.3947832544323773,0.3466026675609773,0.010905486699837947,0.3317972350230414,0.35774621739534024,,,,,,,,,,,,,,,,,,,,,,,,,,,,,,,,,,,,,,,,,,,,,0.018870122306348214,,,,,,,,,,,,-5.382768643945589,,,,,,,,0.033757106023509564,,,,,,,,0.04215084951726744,,-0.03423286725609437,,-0.04849982590034374,,-0.01395504454980423,,,,,,,,,,,,,,,,,,,,,
transfer/t1a_region_only/t1a_region_only@val~relation_detr_seed42,transfer,t1a_region_only,t1a_region_only,val,f9c438e594a3,5,5,"42,123,456,789,1000",1,lecun,0,phase,F1,injection,phase1/s4_phase_baseline/frozen_tecno_phase_baseline@val~relation_detr_seed42,from_config_yaml,0.8986,unpaired,1,,,,,,,,,0.947986798679868,0.0015841584158415782,0.9458745874587459,0.9498349834983498,,,,,,,,,,,,,,,,,,,,,37.63025986849016,3.540730012816836,33.45391903531438,44.074074074074076,,,,,,,,,,,,,0.7649476303261973,0.008189403124569731,0.7552169787465969,0.7751393146627867,,,,,,,,,,,,,0.8051951252547891,0.005494308307765952,0.7993096106212435,0.81238453177878,0.47312282488753077,0.030170107037600775,0.43213649096002044,0.5212121212121211,0.46284865461336056,0.026213607904529583,0.43213649096002044,0.5090909090909091,0.44177149647737884,0.04056115905756232,0.3976190476190476,0.5090909090909091,,,,,,,,,,,,,,,,,,,,,,,,,,,,,,,,,,,,,,,,,,,,,0.050685303824500094,,,,,,,,,,,,-2.286353083210514,,,,,,,,0.13278702080795957,,,,,,,,0.111171436353944,,0.029072702426518493,,0.037593120246310396,,0.08121378436659732,,,,,,,,,,,,,,,,,,,,,
transfer/t1a_region_only_mask_top3/t1a_region_only_mask_top3@val~relation_detr_seed42,transfer,t1a_region_only_mask_top3,t1a_region_only_mask_top3,val,f9c438e594a3,3,3,"42,123,456",1,lecun,0,phase,F1,injection,phase1/s4_phase_baseline/frozen_tecno_phase_baseline@val~relation_detr_seed42,from_config_yaml,0.8986,unpaired,1,,,,,,,,,0.8972497249724972,0.0024892647962562924,0.8937293729372937,0.899009900990099,,,,,,,,,,,,,,,,,,,,,35.40151099426125,0.4967476046022671,34.746588693957115,35.949074074074076,,,,,,,,,,,,,0.6146057574426048,0.004638051285891217,0.608670255821262,0.6199910783087479,,,,,,,,,,,,,0.6885097970285582,0.007219787866704385,0.6820005008849753,0.6985769191771202,0.38823809628648903,0.005485418392889996,0.3825003621613791,0.3956284153005465,0.3595343587204317,0.0056460525164194605,0.3519125683060109,0.3654063450673621,0.32471789536805507,0.008595512742250629,0.3125910013128058,0.33150803998261624,,,,,,,,,,,,,,,,,,,,,,,,,,,,,,,,,,,,,,,,,,,,,-5.176988287070028e-05,,,,,,,,,,,,-4.51510195743942,,,,,,,,-0.0175548520756329,,,,,,,,-0.005513891872286902,,-0.055812026174523244,,-0.06572117564661845,,-0.03583981674272646,,,,,,,,,,,,,,,,,,,,,
transfer/t1a_regiontoken/t1a_regiontoken@val~relation_detr_seed42,transfer,t1a_regiontoken,t1a_regiontoken,val,78e50862a7b3,5,5,"42,123,456,789,1000",1,lecun,0,phase,F1,injection,phase1/s4_phase_baseline/frozen_tecno_phase_baseline@val~relation_detr_seed42,from_config_yaml,0.8986,unpaired,2,,,,,,,,,0.9482508250825082,0.0012242400654119833,0.9465346534653465,0.9498349834983498,,,,,,,,,,,,,,,,,,,,,36.0,1.9957087020890527,34.074074074074076,39.44444444444445,,,,,,,,,,,,,0.7627581209019422,0.006911196157428199,0.7524658062425342,0.7706461239100226,,,,,,,,,,,,,0.803856468545946,0.005116270001194232,0.7960600519406995,0.8090019195703662,0.45586964947620684,0.021702268781650325,0.4283159463487332,0.49230769230769234,0.4478110414175988,0.019407891460080266,0.4283159463487332,0.4820512820512821,0.42513644825120234,0.022410118659561332,0.39552906110283154,0.4615384615384615,,,,,,,,,,,,,,,,,,,,,,,,,,,,,,,,,,,,,,,,,,,,,0.05094933022714032,,,,,,,,,,,,-3.916612951700671,,,,,,,,0.13059751138370446,,,,,,,,0.10983277964510085,,0.011819527015194564,,0.02255550705054865,,0.06457873614042081,,,,,,,,,,,,,,,,,,,,,
transfer/t1a_regiontraj/t1a_regiontraj@val~relation_detr_seed42,transfer,t1a_regiontraj,t1a_regiontraj,val,0695cee60ff7,3,3,"42,123,456",1,efros,0,phase,F1,injection,transfer/t1a_regiontoken/t1a_regiontoken@val~relation_detr_seed42,from_config_yaml,,unpaired,1,,,,,,,,,0.9474147414741474,0.0017324549777803842,0.9458745874587459,0.9498349834983498,,,,,,,,,,,,,,,,,,,,,40.27084615689869,0.9384763149420177,39.056603773584904,41.34199134199134,,,,,,,,,,,,,0.7699944485164821,0.0006513929212641902,0.7691134231806485,0.770668016703587,,,,,,,,,,,,,0.8087343988623048,0.0007257316099936845,0.8077856967354625,0.8095478704950073,0.5484162361355344,0.015546344624589242,0.5364167995746943,0.5703703703703704,0.534309923345011,0.007875614499455402,0.5276448697501328,0.5453703703703704,0.47688047819626767,0.010530622653613047,0.4679487179487179,0.4916666666666667,,,,,,,,,0.9434543454345434,0.008893897879607328,0.9326732673267327,0.9544554455445544,51.88428059395802,1.6199020769918024,49.84639016897082,53.80952380952382,0.7559388469574225,0.009037341831219221,0.7435079312880907,0.7647261859670123,0.7994307020239777,0.005476449270521267,0.7921860804621546,0.8054244762219305,0.6189061928055638,0.027386924912539797,0.5846560846560847,0.6516921233902365,0.6107450667199095,0.027934085852217405,0.5727513227513228,0.6391135070380353,0.5424029150444244,0.04860449847439294,0.4761904761904761,0.5914944594189877,,,,,,,,,-0.0008360836083608492,,,,,,,,,,,,4.270846156898692,,,,,,,,0.007236327614539961,,,,,,,,0.004877930316358858,,0.09254658665932752,,0.08649888192741223,,0.05174402994506533,,,,,,,,,,,,,,,,,,,,,
transfer/t1a_regiontraj_test/t1a_regiontraj_test@val~relation_detr_seed42,transfer,t1a_regiontraj_test,t1a_regiontraj_test,val,0695cee60ff7,3,3,"42,123,456",1,efros,0,phase,F1,injection,transfer/t1a_regiontoken/t1a_regiontoken@val~relation_detr_seed42,from_config_yaml,,unpaired,1,,,,,,,,,0.9476347634763477,0.003668499890106323,0.9425742574257425,0.9511551155115512,,,,,,,,,,,,,,,,,,,,,39.24191012959129,4.968528949068202,32.36111111111111,43.91534391534392,,,,,,,,,,,,,0.7691349173492349,0.011638846085165945,0.7543336032980965,0.7827713529196976,,,,,,,,,,,,,0.8081278670319159,0.007008047959632076,0.7994252532653761,0.8165861788493901,0.5196081746958465,0.05087671509817673,0.4477495107632094,0.5586854460093896,0.5101173946261648,0.05063577685583862,0.4386170906718853,0.5492957746478874,0.46702534363126824,0.05011599832010376,0.3961513372472277,0.5027386541471048,,,,,,,,,0.9361936193619361,0.008861179566821671,0.928052805280528,0.9485148514851485,50.59435626102293,3.780302224266342,45.370370370370374,54.19047619047618,0.740256871684102,0.022317950870323556,0.7179455498622082,0.7707461842287983,0.7863951241264597,0.016079531819077206,0.7697527677989501,0.8081364735701284,0.6106191238431675,0.0364639888281897,0.5622950819672131,0.6503703703703704,0.6029357325532189,0.04052393447272708,0.5513661202185792,0.6503703703703704,0.5421995915438538,0.03589096853503598,0.49877049180327865,0.5866666666666666,,,,,,,,,-0.0006160616061605673,,,,,,,,,,,,3.2419101295912895,,,,,,,,0.006376796447292721,,,,,,,,0.004271398485969913,,0.06373852521963969,,0.06230635320856598,,0.041888895380065905,,,,,,,,,,,,,,,,,,,,,
transfer/t1a_shuffle/t1a_shuffle@val~relation_detr_seed42,transfer,t1a_shuffle,t1a_shuffle,val,78e50862a7b3,5,5,"42,123,456,789,1000",1,lecun,0,phase,F1,injection,phase1/s4_phase_baseline/frozen_tecno_phase_baseline@val~relation_detr_seed42,from_config_yaml,0.8986,unpaired,1,,,,,,,,,0.8572937293729374,0.011032386754205235,0.8363036303630363,0.8686468646864687,,,,,,,,,,,,,,,,,,,,,23.72902005581382,4.481929037484125,18.896564428479323,31.777777777777775,,,,,,,,,,,,,0.5654833075089044,0.01608443561452513,0.5371231193986612,0.5787406528803246,,,,,,,,,,,,,0.6298571808226338,0.00973732091564793,0.6129987598009308,0.6431402581746238,0.30604232279627147,0.07154104405145661,0.2215099715099715,0.42346061231510146,0.27784319672444774,0.06500992776668948,0.21225071225071226,0.38630890952872377,0.19516497561625334,0.08151688118402436,0.0984848484848485,0.31613347093223254,,,,,,,,,,,,,,,,,,,,,,,,,,,,,,,,,,,,,,,,,,,,,-0.04000776548243057,,,,,,,,,,,,-16.18759289588685,,,,,,,,-0.0666773020093333,,,,,,,,-0.06416650807821134,,-0.1380077996647408,,-0.14741233764260242,,-0.16539273649452818,,,,,,,,,,,,,,,,,,,,,
transfer/t1a_shuffle_oracle/t1a_shuffle_oracle@val~relation_detr_seed42,transfer,t1a_shuffle_oracle,t1a_shuffle_oracle,val,25494806e106,3,3,"42,123,456",1,lecun,0,phase,F1,injection,phase1/s4_phase_baseline/frozen_tecno_phase_baseline@val~relation_detr_seed42,from_config_yaml,0.8986,unpaired,1,,,,,,,,,0.9366336633663367,0.006880746213910608,0.9293729372937294,0.9458745874587459,,,,,,,,,,,,,,,,,,,,,42.73762529509656,0.839588147934038,41.71455938697318,43.77104377104377,,,,,,,,,,,,,0.7418819137183108,0.020608984407422766,0.7193318860922056,0.7691480984704945,,,,,,,,,,,,,0.7920378357402343,0.012548936186466023,0.7777421820622694,0.8082927704383431,0.5042784659642897,0.011314509156764414,0.4913580246913581,0.5189132706374086,0.4963318220023201,0.012406066942814377,0.47901234567901235,0.5074190177638455,0.4638481285990865,0.009603759466767206,0.45412748171368866,0.476923076923077,,,,,,,,,,,,,,,,,,,,,,,,,,,,,,,,,,,,,,,,,,,,,0.03933216851096877,,,,,,,,,,,,2.8210123433958856,,,,,,,,0.10972130420007309,,,,,,,,0.09801414683938925,,0.06022834350327744,,0.07107628763526996,,0.10329041648830495,,,,,,,,,,,,,,,,,,,,,
transfer/t1b_phasefilm/t1b_phasefilm@val,transfer,t1b_phasefilm,t1b_phasefilm,val,,2,2,"123,456",1,lecun,0,None,None,injection,,within_run_baseline,,,1,,,,,,,,,,,,,,,,,0.7254182505238241,0.003759559053466144,0.721658691470358,0.7291778095772903,0.7254182505238241,0.003759559053466144,0.721658691470358,0.7291778095772903,0.0,0.0,0.0,0.0,0.0,0.0,0.0,0.0,,,,,,,,,0.7254182505238241,0.003759559053466144,0.721658691470358,0.7291778095772903,0.0,0.0,0.0,0.0,,,,,0.7254182505238241,0.003759559053466144,0.721658691470358,0.7291778095772903,,,,,,,,,,,,,,,,,,,,,,,,,,,,,,,,,,,,,,,,,,,,,,,,,,,,,,,,,,,,,,,,,,,,,,,,,,,,,,,,,,,,,,,,,,,,,,,,,,,,,,,,,,,,,,,,,,,,,,,,,,,,
transfer/taux_mingru_nonek3/taux_mingru_nonek3@val~relation_detr_seed42,transfer,taux_mingru_nonek3,taux_mingru_nonek3,val,d8134ed513cb,3,3,"42,123,456",1,efros,0,phase,F1,injection,phase1/s4_phase_baseline/frozen_tecno_phase_baseline@val~relation_detr_seed42,from_config_yaml,0.8986,unpaired,1,,,,,,,,,0.9496149614961497,0.0003111580995320169,0.9491749174917492,0.9498349834983498,,,,,,,,,,,,,,,,,,,,,70.8962148962149,5.212103974406164,65.64102564102564,78.0,,,,,,,,,,,,,0.7580938815401366,0.00489721060673131,0.7530636765968541,0.7647316998959317,,,,,,,,,,,,,0.800663161646635,0.003174392685383639,0.7973062233416507,0.8049229826337135,0.7433890621238013,0.03747004297879152,0.7030812324929973,0.7933333333333333,0.7433890621238013,0.03747004297879152,0.7030812324929973,0.7933333333333333,0.7305588734445561,0.03503255841454855,0.7030812324929973,0.7799999999999999,,,,,,,,,,,,,,,,,,,,,,,,,,,,,,,,,,,,,,,,,,,,,0.052313466640781736,,,,,,,,,,,,30.97960194451423,,,,,,,,0.12593327202189886,,,,,,,,0.10663947274578989,,0.299338939662789,,0.31813352775675113,,0.37000116133377453,,,,,,,,,,,,,,,,,,,,,
transfer/taux_tecno_deltak3/taux_tecno_deltak3@val~relation_detr_seed42,transfer,taux_tecno_deltak3,taux_tecno_deltak3,val,1066ae78f50e,3,3,"42,123,456",1,efros,0,phase,F1,injection,phase1/s4_phase_baseline/frozen_tecno_phase_baseline@val~relation_detr_seed42,from_config_yaml,0.8986,unpaired,1,,,,,,,,,0.9300330033003301,0.0033656894479160327,0.9267326732673268,0.9346534653465347,,,,,,,,,,,,,,,,,,,,,31.65142903889707,3.4968938383241146,26.86842853083262,35.131313131313135,,,,,,,,,,,,,0.7286327320799639,0.010658403941853398,0.7155519421532157,0.7416594251440104,,,,,,,,,,,,,0.7822273431596619,0.008090386905546204,0.7717231179021928,0.7914072387797813,0.3741870054771054,0.014234639913173208,0.3600815418828762,0.3936781609195403,0.35273970907518104,0.012732009128717591,0.3425376822337534,0.37068965517241376,0.31966000479586526,0.015457698731738358,0.29901477832512313,0.33620689655172403,,,,,,,,,,,,,,,,,,,,,,,,,,,,,,,,,,,,,,,,,,,,,0.0327315084449622,,,,,,,,,,,,-8.2651839128036,,,,,,,,0.09647212256172621,,,,,,,,0.08820365425881682,,-0.06986311698390685,,-0.07251582529186912,,-0.040897707314916265,,,,,,,,,,,,,,,,,,,,,
transfer/taux_tecno_movavgk3/taux_tecno_movavgk3@val~relation_detr_seed42,transfer,taux_tecno_movavgk3,taux_tecno_movavgk3,val,0b3beb8ff80c,3,3,"42,123,456",1,efros,0,phase,F1,injection,phase1/s4_phase_baseline/frozen_tecno_phase_baseline@val~relation_detr_seed42,from_config_yaml,0.8986,unpaired,1,,,,,,,,,0.943014301430143,0.0032485859318445386,0.9392739273927393,0.9471947194719472,,,,,,,,,,,,,,,,,,,,,44.94923494923495,6.535817742194501,37.387387387387385,53.333333333333336,,,,,,,,,,,,,0.7463447391372764,0.009167798605311092,0.7377247008042787,0.7590418913809688,,,,,,,,,,,,,0.7923617494867596,0.006655250859146024,0.7865901329384509,0.8016861040107838,0.5433311610730965,0.0509288120807418,0.4865591397849462,0.61010101010101,0.5433311610730965,0.0509288120807418,0.4865591397849462,0.61010101010101,0.4990414901705224,0.05288917539901713,0.4583333333333333,0.5737373737373738,,,,,,,,,,,,,,,,,,,,,,,,,,,,,,,,,,,,,,,,,,,,,0.045712806574775056,,,,,,,,,,,,5.032621997534278,,,,,,,,0.11418412961903868,,,,,,,,0.09833806058591454,,0.09928103861208426,,0.11807562670604638,,0.13848377805974088,,,,,,,,,,,,,,,,,,,,,
transfer/taux_tecno_nonek3/taux_tecno_nonek3@val~relation_detr_seed42,transfer,taux_tecno_nonek3,taux_tecno_nonek3,val,3c5253a8c688,3,3,"42,123,456",1,efros,0,phase,F1,injection,phase1/s4_phase_baseline/frozen_tecno_phase_baseline@val~relation_detr_seed42,from_config_yaml,0.8986,unpaired,1,,,,,,,,,0.9489548954895489,0.002040400109019948,0.9471947194719472,0.9518151815181518,,,,,,,,,,,,,,,,,,,,,34.20181210961353,2.686748866993496,31.06382978723404,37.62626262626262,,,,,,,,,,,,,0.768876571004291,0.009182908890414367,0.7622838700415636,0.781862655436931,,,,,,,,,,,,,0.8077769801878607,0.006058357038968253,0.802951126546683,0.8163208847031467,0.4481787165974923,0.028680230754340324,0.41005291005291006,0.4792270531400966,0.4385549353427355,0.028478812231146493,0.40079365079365087,0.4695652173913043,0.4193073728332219,0.028080220386684014,0.3822751322751323,0.45024154589371984,,,,,,,,,,,,,,,,,,,,,,,,,,,,,,,,,,,,,,,,,,,,,0.051653400634181,,,,,,,,,,,,-5.7148008420871435,,,,,,,,0.13671596148605325,,,,,,,,0.11375329128701561,,0.004128594136480035,,0.013299400975685327,,0.05874966072244037,,,,,,,,,,,,,,,,,,,,,
transfer/taux_tecno_windowk3/taux_tecno_windowk3@val~relation_detr_seed42,transfer,taux_tecno_windowk3,taux_tecno_windowk3,val,ae6500121a89,3,3,"42,123,456",1,efros,0,phase,F1,injection,phase1/s4_phase_baseline/frozen_tecno_phase_baseline@val~relation_detr_seed42,from_config_yaml,0.8986,unpaired,1,,,,,,,,,0.9504950495049505,0.0014259055442041738,0.9485148514851485,0.9518151815181518,,,,,,,,,,,,,,,,,,,,,38.057353722988395,4.1747507406757896,32.16374269005848,41.307189542483655,,,,,,,,,,,,,0.7755336086840168,0.00134183852672287,0.7741044781295005,0.7773293702160352,,,,,,,,,,,,,0.8129031970657564,0.0009642066677196267,0.8119727881026317,0.814231706891977,0.468784333473599,0.04195959942253361,0.4113756613756614,0.5104923325262308,0.4650178551308495,0.03840307476765336,0.4113756613756614,0.49919289749798224,0.45019108324193075,0.03650730521301743,0.40079365079365087,0.4878934624697337,,,,,,,,,,,,,,,,,,,,,,,,,,,,,,,,,,,,,,,,,,,,,0.05319355464958253,,,,,,,,,,,,-1.8592592287122756,,,,,,,,0.14337299916577906,,,,,,,,0.11887950816491133,,0.024734211012586715,,0.03976232076379932,,0.08963337113114922,,,,,,,,,,,,,,,,,,,,,
