ledger_key,group,step,seed,split,host,excluded,per_class_kind,per_class_metric,class_name,value,is_nan
_smoke_prior__s0_001_maskdino_bbox_seed42,_smoke_prior,s0,42,val,,True,tool,AP,Bipolar Forceps,0.0,False
_smoke_prior__s0_001_maskdino_bbox_seed42,_smoke_prior,s0,42,val,,True,tool,AP,Electric Cautery,0.031844730697190585,False
_smoke_prior__s0_001_maskdino_bbox_seed42,_smoke_prior,s0,42,val,,True,tool,AP,Forceps,0.00024752475247524753,False
_smoke_prior__s0_001_maskdino_bbox_seed42,_smoke_prior,s0,42,val,,True,tool,AP,Gauze,0.011277933014254334,False
_smoke_prior__s0_001_maskdino_bbox_seed42,_smoke_prior,s0,42,val,,True,tool,AP,Hook,0.0,False
_smoke_prior__s0_001_maskdino_bbox_seed42,_smoke_prior,s0,42,val,,True,tool,AP,Mouth Gag,0.0,False
_smoke_prior__s0_001_maskdino_bbox_seed42,_smoke_prior,s0,42,val,,True,tool,AP,Needle Holders,0.0,False
_smoke_prior__s0_001_maskdino_bbox_seed42,_smoke_prior,s0,42,val,,True,tool,AP,Raspatory,0.0,False
_smoke_prior__s0_001_maskdino_bbox_seed42,_smoke_prior,s0,42,val,,True,tool,AP,Retractor,0.0,False
_smoke_prior__s0_001_maskdino_bbox_seed42,_smoke_prior,s0,42,val,,True,tool,AP,Scalpel,0.0112672350636158,False
_smoke_prior__s0_001_maskdino_bbox_seed42,_smoke_prior,s0,42,val,,True,tool,AP,Scissors,0.03570480447955701,False
_smoke_prior__s0_001_maskdino_bbox_seed42,_smoke_prior,s0,42,val,,True,tool,AP,Skewer,0.0,False
_smoke_prior__s0_001_maskdino_bbox_seed42,_smoke_prior,s0,42,val,,True,tool,AP,Suction Cannula,0.0010998196886804802,False
_smoke_prior__s0_001_maskdino_bbox_seed42,_smoke_prior,s0,42,val,,True,tool,AP,Syringe,0.029857204996714407,False
_smoke_prior__s0_001_maskdino_bbox_seed42,_smoke_prior,s0,42,val,,True,tool,AP,Tweezers,0.05405914644821492,False
_smoke_prior__s0_002_maskdino_bbox_seed123,_smoke_prior,s0,123,val,,True,tool,AP,Bipolar Forceps,0.0,False
_smoke_prior__s0_002_maskdino_bbox_seed123,_smoke_prior,s0,123,val,,True,tool,AP,Electric Cautery,0.05131023464919061,False
_smoke_prior__s0_002_maskdino_bbox_seed123,_smoke_prior,s0,123,val,,True,tool,AP,Forceps,0.007920792079207917,False
_smoke_prior__s0_002_maskdino_bbox_seed123,_smoke_prior,s0,123,val,,True,tool,AP,Gauze,0.007634099107649415,False
_smoke_prior__s0_002_maskdino_bbox_seed123,_smoke_prior,s0,123,val,,True,tool,AP,Hook,0.0,False
_smoke_prior__s0_002_maskdino_bbox_seed123,_smoke_prior,s0,123,val,,True,tool,AP,Mouth Gag,0.0,False
_smoke_prior__s0_002_maskdino_bbox_seed123,_smoke_prior,s0,123,val,,True,tool,AP,Needle Holders,0.0,False
_smoke_prior__s0_002_maskdino_bbox_seed123,_smoke_prior,s0,123,val,,True,tool,AP,Raspatory,4.6592894583576e-05,False
_smoke_prior__s0_002_maskdino_bbox_seed123,_smoke_prior,s0,123,val,,True,tool,AP,Retractor,0.0,False
_smoke_prior__s0_002_maskdino_bbox_seed123,_smoke_prior,s0,123,val,,True,tool,AP,Scalpel,0.04464468036655204,False
_smoke_prior__s0_002_maskdino_bbox_seed123,_smoke_prior,s0,123,val,,True,tool,AP,Scissors,0.020819243638183934,False
_smoke_prior__s0_002_maskdino_bbox_seed123,_smoke_prior,s0,123,val,,True,tool,AP,Skewer,0.0,False
_smoke_prior__s0_002_maskdino_bbox_seed123,_smoke_prior,s0,123,val,,True,tool,AP,Suction Cannula,0.0009934352893774066,False
_smoke_prior__s0_002_maskdino_bbox_seed123,_smoke_prior,s0,123,val,,True,tool,AP,Syringe,0.019907943080338723,False
_smoke_prior__s0_002_maskdino_bbox_seed123,_smoke_prior,s0,123,val,,True,tool,AP,Tweezers,0.059314933833714695,False
_smoke_prior__s0_003_maskdino_bbox_seed456,_smoke_prior,s0,456,val,,True,tool,AP,Bipolar Forceps,0.0,False
_smoke_prior__s0_003_maskdino_bbox_seed456,_smoke_prior,s0,456,val,,True,tool,AP,Electric Cautery,0.03957813035487578,False
_smoke_prior__s0_003_maskdino_bbox_seed456,_smoke_prior,s0,456,val,,True,tool,AP,Forceps,0.00016973125884016973,False
_smoke_prior__s0_003_maskdino_bbox_seed456,_smoke_prior,s0,456,val,,True,tool,AP,Gauze,0.009334556975781108,False
_smoke_prior__s0_003_maskdino_bbox_seed456,_smoke_prior,s0,456,val,,True,tool,AP,Hook,0.0010761945759793369,False
_smoke_prior__s0_003_maskdino_bbox_seed456,_smoke_prior,s0,456,val,,True,tool,AP,Mouth Gag,0.0,False
_smoke_prior__s0_003_maskdino_bbox_seed456,_smoke_prior,s0,456,val,,True,tool,AP,Needle Holders,0.0,False
_smoke_prior__s0_003_maskdino_bbox_seed456,_smoke_prior,s0,456,val,,True,tool,AP,Raspatory,0.0,False
_smoke_prior__s0_003_maskdino_bbox_seed456,_smoke_prior,s0,456,val,,True,tool,AP,Retractor,0.0,False
_smoke_prior__s0_003_maskdino_bbox_seed456,_smoke_prior,s0,456,val,,True,tool,AP,Scalpel,0.007001209248534571,False
_smoke_prior__s0_003_maskdino_bbox_seed456,_smoke_prior,s0,456,val,,True,tool,AP,Scissors,0.048632514166663914,False
_smoke_prior__s0_003_maskdino_bbox_seed456,_smoke_prior,s0,456,val,,True,tool,AP,Skewer,0.0,False
_smoke_prior__s0_003_maskdino_bbox_seed456,_smoke_prior,s0,456,val,,True,tool,AP,Suction Cannula,0.0012674488133853957,False
_smoke_prior__s0_003_maskdino_bbox_seed456,_smoke_prior,s0,456,val,,True,tool,AP,Syringe,0.014175442533749702,False
_smoke_prior__s0_003_maskdino_bbox_seed456,_smoke_prior,s0,456,val,,True,tool,AP,Tweezers,0.05567693849947849,False
_smoke_prior__s0_004_varifocanet_bbox_seed42,_smoke_prior,s0,42,val,,True,tool,AP,Bipolar Forceps,0.0,False
_smoke_prior__s0_004_varifocanet_bbox_seed42,_smoke_prior,s0,42,val,,True,tool,AP,Electric Cautery,0.016490872324239413,False
_smoke_prior__s0_004_varifocanet_bbox_seed42,_smoke_prior,s0,42,val,,True,tool,AP,Forceps,2.4346696964778446e-05,False
_smoke_prior__s0_004_varifocanet_bbox_seed42,_smoke_prior,s0,42,val,,True,tool,AP,Gauze,0.012734122230632954,False
_smoke_prior__s0_004_varifocanet_bbox_seed42,_smoke_prior,s0,42,val,,True,tool,AP,Hook,0.0,False
_smoke_prior__s0_004_varifocanet_bbox_seed42,_smoke_prior,s0,42,val,,True,tool,AP,Mouth Gag,0.0,False
_smoke_prior__s0_004_varifocanet_bbox_seed42,_smoke_prior,s0,42,val,,True,tool,AP,Needle Holders,0.0,False
_smoke_prior__s0_004_varifocanet_bbox_seed42,_smoke_prior,s0,42,val,,True,tool,AP,Raspatory,0.0004413988196849242,False
_smoke_prior__s0_004_varifocanet_bbox_seed42,_smoke_prior,s0,42,val,,True,tool,AP,Retractor,0.0,False
_smoke_prior__s0_004_varifocanet_bbox_seed42,_smoke_prior,s0,42,val,,True,tool,AP,Scalpel,0.01593758636801872,False
_smoke_prior__s0_004_varifocanet_bbox_seed42,_smoke_prior,s0,42,val,,True,tool,AP,Scissors,0.07904013094501325,False
_smoke_prior__s0_004_varifocanet_bbox_seed42,_smoke_prior,s0,42,val,,True,tool,AP,Skewer,0.0,False
_smoke_prior__s0_004_varifocanet_bbox_seed42,_smoke_prior,s0,42,val,,True,tool,AP,Suction Cannula,0.0008506703584240774,False
_smoke_prior__s0_004_varifocanet_bbox_seed42,_smoke_prior,s0,42,val,,True,tool,AP,Syringe,0.021445959875952974,False
_smoke_prior__s0_004_varifocanet_bbox_seed42,_smoke_prior,s0,42,val,,True,tool,AP,Tweezers,0.07389613158553412,False
_smoke_prior__s0_005_varifocanet_bbox_seed123,_smoke_prior,s0,123,val,,True,tool,AP,Bipolar Forceps,0.0,False
_smoke_prior__s0_005_varifocanet_bbox_seed123,_smoke_prior,s0,123,val,,True,tool,AP,Electric Cautery,0.048143375047815615,False
_smoke_prior__s0_005_varifocanet_bbox_seed123,_smoke_prior,s0,123,val,,True,tool,AP,Forceps,0.00099009900990099,False
_smoke_prior__s0_005_varifocanet_bbox_seed123,_smoke_prior,s0,123,val,,True,tool,AP,Gauze,0.007054152825428588,False
_smoke_prior__s0_005_varifocanet_bbox_seed123,_smoke_prior,s0,123,val,,True,tool,AP,Hook,0.00016015488011683263,False
_smoke_prior__s0_005_varifocanet_bbox_seed123,_smoke_prior,s0,123,val,,True,tool,AP,Mouth Gag,0.0,False
_smoke_prior__s0_005_varifocanet_bbox_seed123,_smoke_prior,s0,123,val,,True,tool,AP,Needle Holders,0.0,False
_smoke_prior__s0_005_varifocanet_bbox_seed123,_smoke_prior,s0,123,val,,True,tool,AP,Raspatory,0.0010558863195289628,False
_smoke_prior__s0_005_varifocanet_bbox_seed123,_smoke_prior,s0,123,val,,True,tool,AP,Retractor,0.0,False
_smoke_prior__s0_005_varifocanet_bbox_seed123,_smoke_prior,s0,123,val,,True,tool,AP,Scalpel,0.03988905517417262,False
_smoke_prior__s0_005_varifocanet_bbox_seed123,_smoke_prior,s0,123,val,,True,tool,AP,Scissors,0.008557103389000207,False
_smoke_prior__s0_005_varifocanet_bbox_seed123,_smoke_prior,s0,123,val,,True,tool,AP,Skewer,0.0,False
_smoke_prior__s0_005_varifocanet_bbox_seed123,_smoke_prior,s0,123,val,,True,tool,AP,Suction Cannula,0.001445043909657123,False
_smoke_prior__s0_005_varifocanet_bbox_seed123,_smoke_prior,s0,123,val,,True,tool,AP,Syringe,0.021687013892185848,False
_smoke_prior__s0_005_varifocanet_bbox_seed123,_smoke_prior,s0,123,val,,True,tool,AP,Tweezers,0.07289864746581959,False
_smoke_prior__s0_006_varifocanet_bbox_seed456,_smoke_prior,s0,456,val,,True,tool,AP,Bipolar Forceps,0.0,False
_smoke_prior__s0_006_varifocanet_bbox_seed456,_smoke_prior,s0,456,val,,True,tool,AP,Electric Cautery,0.04139177831595647,False
_smoke_prior__s0_006_varifocanet_bbox_seed456,_smoke_prior,s0,456,val,,True,tool,AP,Forceps,0.0006600660066006602,False
_smoke_prior__s0_006_varifocanet_bbox_seed456,_smoke_prior,s0,456,val,,True,tool,AP,Gauze,0.011120744658954362,False
_smoke_prior__s0_006_varifocanet_bbox_seed456,_smoke_prior,s0,456,val,,True,tool,AP,Hook,0.0010135610717469852,False
_smoke_prior__s0_006_varifocanet_bbox_seed456,_smoke_prior,s0,456,val,,True,tool,AP,Mouth Gag,0.0,False
_smoke_prior__s0_006_varifocanet_bbox_seed456,_smoke_prior,s0,456,val,,True,tool,AP,Needle Holders,0.0,False
_smoke_prior__s0_006_varifocanet_bbox_seed456,_smoke_prior,s0,456,val,,True,tool,AP,Raspatory,0.0,False
_smoke_prior__s0_006_varifocanet_bbox_seed456,_smoke_prior,s0,456,val,,True,tool,AP,Retractor,0.0003177151692003177,False
_smoke_prior__s0_006_varifocanet_bbox_seed456,_smoke_prior,s0,456,val,,True,tool,AP,Scalpel,0.014195847173560722,False
_smoke_prior__s0_006_varifocanet_bbox_seed456,_smoke_prior,s0,456,val,,True,tool,AP,Scissors,0.0312604339670654,False
_smoke_prior__s0_006_varifocanet_bbox_seed456,_smoke_prior,s0,456,val,,True,tool,AP,Skewer,0.0,False
_smoke_prior__s0_006_varifocanet_bbox_seed456,_smoke_prior,s0,456,val,,True,tool,AP,Suction Cannula,0.0029227977338523205,False
_smoke_prior__s0_006_varifocanet_bbox_seed456,_smoke_prior,s0,456,val,,True,tool,AP,Syringe,0.01973542511183645,False
_smoke_prior__s0_006_varifocanet_bbox_seed456,_smoke_prior,s0,456,val,,True,tool,AP,Tweezers,0.08770138946563796,False
baselines___legacy_score_thr_0__s0_007_codetr_bbox_seed42,baselines,s0,42,val,,False,tool,AP,Bipolar Forceps,0.841,False
baselines___legacy_score_thr_0__s0_007_codetr_bbox_seed42,baselines,s0,42,val,,False,tool,AP,Electric Cautery,0.896,False
baselines___legacy_score_thr_0__s0_007_codetr_bbox_seed42,baselines,s0,42,val,,False,tool,AP,Forceps,0.326,False
baselines___legacy_score_thr_0__s0_007_codetr_bbox_seed42,baselines,s0,42,val,,False,tool,AP,Gauze,0.275,False
baselines___legacy_score_thr_0__s0_007_codetr_bbox_seed42,baselines,s0,42,val,,False,tool,AP,Hook,0.582,False
baselines___legacy_score_thr_0__s0_007_codetr_bbox_seed42,baselines,s0,42,val,,False,tool,AP,Mouth Gag,0.787,False
baselines___legacy_score_thr_0__s0_007_codetr_bbox_seed42,baselines,s0,42,val,,False,tool,AP,Needle Holders,0.817,False
baselines___legacy_score_thr_0__s0_007_codetr_bbox_seed42,baselines,s0,42,val,,False,tool,AP,Raspatory,0.604,False
baselines___legacy_score_thr_0__s0_007_codetr_bbox_seed42,baselines,s0,42,val,,False,tool,AP,Retractor,,True
baselines___legacy_score_thr_0__s0_007_codetr_bbox_seed42,baselines,s0,42,val,,False,tool,AP,Scalpel,0.899,False
baselines___legacy_score_thr_0__s0_007_codetr_bbox_seed42,baselines,s0,42,val,,False,tool,AP,Scissors,0.704,False
baselines___legacy_score_thr_0__s0_007_codetr_bbox_seed42,baselines,s0,42,val,,False,tool,AP,Skewer,0.911,False
baselines___legacy_score_thr_0__s0_007_codetr_bbox_seed42,baselines,s0,42,val,,False,tool,AP,Suction Cannula,0.807,False
baselines___legacy_score_thr_0__s0_007_codetr_bbox_seed42,baselines,s0,42,val,,False,tool,AP,Syringe,0.592,False
baselines___legacy_score_thr_0__s0_007_codetr_bbox_seed42,baselines,s0,42,val,,False,tool,AP,Tweezers,0.766,False
baselines___legacy_score_thr_0__s0_008_codetr_bbox_seed123,baselines,s0,123,val,,False,tool,AP,Bipolar Forceps,0.73,False
baselines___legacy_score_thr_0__s0_008_codetr_bbox_seed123,baselines,s0,123,val,,False,tool,AP,Electric Cautery,0.889,False
baselines___legacy_score_thr_0__s0_008_codetr_bbox_seed123,baselines,s0,123,val,,False,tool,AP,Forceps,0.341,False
baselines___legacy_score_thr_0__s0_008_codetr_bbox_seed123,baselines,s0,123,val,,False,tool,AP,Gauze,0.272,False
baselines___legacy_score_thr_0__s0_008_codetr_bbox_seed123,baselines,s0,123,val,,False,tool,AP,Hook,0.581,False
baselines___legacy_score_thr_0__s0_008_codetr_bbox_seed123,baselines,s0,123,val,,False,tool,AP,Mouth Gag,0.789,False
baselines___legacy_score_thr_0__s0_008_codetr_bbox_seed123,baselines,s0,123,val,,False,tool,AP,Needle Holders,0.826,False
baselines___legacy_score_thr_0__s0_008_codetr_bbox_seed123,baselines,s0,123,val,,False,tool,AP,Raspatory,0.63,False
baselines___legacy_score_thr_0__s0_008_codetr_bbox_seed123,baselines,s0,123,val,,False,tool,AP,Retractor,,True
baselines___legacy_score_thr_0__s0_008_codetr_bbox_seed123,baselines,s0,123,val,,False,tool,AP,Scalpel,0.906,False
baselines___legacy_score_thr_0__s0_008_codetr_bbox_seed123,baselines,s0,123,val,,False,tool,AP,Scissors,0.697,False
baselines___legacy_score_thr_0__s0_008_codetr_bbox_seed123,baselines,s0,123,val,,False,tool,AP,Skewer,0.905,False
baselines___legacy_score_thr_0__s0_008_codetr_bbox_seed123,baselines,s0,123,val,,False,tool,AP,Suction Cannula,0.791,False
baselines___legacy_score_thr_0__s0_008_codetr_bbox_seed123,baselines,s0,123,val,,False,tool,AP,Syringe,0.563,False
baselines___legacy_score_thr_0__s0_008_codetr_bbox_seed123,baselines,s0,123,val,,False,tool,AP,Tweezers,0.769,False
baselines___legacy_score_thr_0__s0_009_codetr_bbox_seed456,baselines,s0,456,val,,False,tool,AP,Bipolar Forceps,0.846,False
baselines___legacy_score_thr_0__s0_009_codetr_bbox_seed456,baselines,s0,456,val,,False,tool,AP,Electric Cautery,0.901,False
baselines___legacy_score_thr_0__s0_009_codetr_bbox_seed456,baselines,s0,456,val,,False,tool,AP,Forceps,0.298,False
baselines___legacy_score_thr_0__s0_009_codetr_bbox_seed456,baselines,s0,456,val,,False,tool,AP,Gauze,0.27,False
baselines___legacy_score_thr_0__s0_009_codetr_bbox_seed456,baselines,s0,456,val,,False,tool,AP,Hook,0.586,False
baselines___legacy_score_thr_0__s0_009_codetr_bbox_seed456,baselines,s0,456,val,,False,tool,AP,Mouth Gag,0.797,False
baselines___legacy_score_thr_0__s0_009_codetr_bbox_seed456,baselines,s0,456,val,,False,tool,AP,Needle Holders,0.834,False
baselines___legacy_score_thr_0__s0_009_codetr_bbox_seed456,baselines,s0,456,val,,False,tool,AP,Raspatory,0.603,False
baselines___legacy_score_thr_0__s0_009_codetr_bbox_seed456,baselines,s0,456,val,,False,tool,AP,Retractor,,True
baselines___legacy_score_thr_0__s0_009_codetr_bbox_seed456,baselines,s0,456,val,,False,tool,AP,Scalpel,0.903,False
baselines___legacy_score_thr_0__s0_009_codetr_bbox_seed456,baselines,s0,456,val,,False,tool,AP,Scissors,0.698,False
baselines___legacy_score_thr_0__s0_009_codetr_bbox_seed456,baselines,s0,456,val,,False,tool,AP,Skewer,0.92,False
baselines___legacy_score_thr_0__s0_009_codetr_bbox_seed456,baselines,s0,456,val,,False,tool,AP,Suction Cannula,0.799,False
baselines___legacy_score_thr_0__s0_009_codetr_bbox_seed456,baselines,s0,456,val,,False,tool,AP,Syringe,0.564,False
baselines___legacy_score_thr_0__s0_009_codetr_bbox_seed456,baselines,s0,456,val,,False,tool,AP,Tweezers,0.769,False
baselines___legacy_score_thr_0__s0_016_relationdetr_bbox_seed42,baselines,s0,42,val,philip,False,tool,AP,Bipolar Forceps,0.778491910175864,False
baselines___legacy_score_thr_0__s0_016_relationdetr_bbox_seed42,baselines,s0,42,val,philip,False,tool,AP,Electric Cautery,0.9707898674565354,False
baselines___legacy_score_thr_0__s0_016_relationdetr_bbox_seed42,baselines,s0,42,val,philip,False,tool,AP,Forceps,0.38221254913072117,False
baselines___legacy_score_thr_0__s0_016_relationdetr_bbox_seed42,baselines,s0,42,val,philip,False,tool,AP,Gauze,0.2605965678663292,False
baselines___legacy_score_thr_0__s0_016_relationdetr_bbox_seed42,baselines,s0,42,val,philip,False,tool,AP,Hook,0.5944147377588471,False
baselines___legacy_score_thr_0__s0_016_relationdetr_bbox_seed42,baselines,s0,42,val,philip,False,tool,AP,Mouth Gag,0.8068646349516787,False
baselines___legacy_score_thr_0__s0_016_relationdetr_bbox_seed42,baselines,s0,42,val,philip,False,tool,AP,Needle Holders,0.851955711913807,False
baselines___legacy_score_thr_0__s0_016_relationdetr_bbox_seed42,baselines,s0,42,val,philip,False,tool,AP,Raspatory,0.8285294114992541,False
baselines___legacy_score_thr_0__s0_016_relationdetr_bbox_seed42,baselines,s0,42,val,philip,False,tool,AP,Retractor,,True
baselines___legacy_score_thr_0__s0_016_relationdetr_bbox_seed42,baselines,s0,42,val,philip,False,tool,AP,Scalpel,0.8975707613815618,False
baselines___legacy_score_thr_0__s0_016_relationdetr_bbox_seed42,baselines,s0,42,val,philip,False,tool,AP,Scissors,0.7147240549070494,False
baselines___legacy_score_thr_0__s0_016_relationdetr_bbox_seed42,baselines,s0,42,val,philip,False,tool,AP,Skewer,0.9444477397655142,False
baselines___legacy_score_thr_0__s0_016_relationdetr_bbox_seed42,baselines,s0,42,val,philip,False,tool,AP,Suction Cannula,0.831081641803072,False
baselines___legacy_score_thr_0__s0_016_relationdetr_bbox_seed42,baselines,s0,42,val,philip,False,tool,AP,Syringe,0.5707504233034592,False
baselines___legacy_score_thr_0__s0_016_relationdetr_bbox_seed42,baselines,s0,42,val,philip,False,tool,AP,Tweezers,0.7840512580055896,False
baselines___legacy_score_thr_0__s0_017_relationdetr_bbox_seed123,baselines,s0,123,val,philip,False,tool,AP,Bipolar Forceps,0.8272981176101939,False
baselines___legacy_score_thr_0__s0_017_relationdetr_bbox_seed123,baselines,s0,123,val,philip,False,tool,AP,Electric Cautery,0.9589687385941571,False
baselines___legacy_score_thr_0__s0_017_relationdetr_bbox_seed123,baselines,s0,123,val,philip,False,tool,AP,Forceps,0.3482068438670066,False
baselines___legacy_score_thr_0__s0_017_relationdetr_bbox_seed123,baselines,s0,123,val,philip,False,tool,AP,Gauze,0.28584422929655445,False
baselines___legacy_score_thr_0__s0_017_relationdetr_bbox_seed123,baselines,s0,123,val,philip,False,tool,AP,Hook,0.575138724537621,False
baselines___legacy_score_thr_0__s0_017_relationdetr_bbox_seed123,baselines,s0,123,val,philip,False,tool,AP,Mouth Gag,0.8078248553429599,False
baselines___legacy_score_thr_0__s0_017_relationdetr_bbox_seed123,baselines,s0,123,val,philip,False,tool,AP,Needle Holders,0.8414159855332495,False
baselines___legacy_score_thr_0__s0_017_relationdetr_bbox_seed123,baselines,s0,123,val,philip,False,tool,AP,Raspatory,0.8365150339734123,False
baselines___legacy_score_thr_0__s0_017_relationdetr_bbox_seed123,baselines,s0,123,val,philip,False,tool,AP,Retractor,,True
baselines___legacy_score_thr_0__s0_017_relationdetr_bbox_seed123,baselines,s0,123,val,philip,False,tool,AP,Scalpel,0.9098122144474482,False
baselines___legacy_score_thr_0__s0_017_relationdetr_bbox_seed123,baselines,s0,123,val,philip,False,tool,AP,Scissors,0.7106553264169209,False
baselines___legacy_score_thr_0__s0_017_relationdetr_bbox_seed123,baselines,s0,123,val,philip,False,tool,AP,Skewer,0.9292264993837784,False
baselines___legacy_score_thr_0__s0_017_relationdetr_bbox_seed123,baselines,s0,123,val,philip,False,tool,AP,Suction Cannula,0.8151012598390691,False
baselines___legacy_score_thr_0__s0_017_relationdetr_bbox_seed123,baselines,s0,123,val,philip,False,tool,AP,Syringe,0.5730520423297708,False
baselines___legacy_score_thr_0__s0_017_relationdetr_bbox_seed123,baselines,s0,123,val,philip,False,tool,AP,Tweezers,0.7812822846195138,False
baselines___legacy_score_thr_0__s0_018_relationdetr_bbox_seed456,baselines,s0,456,val,philip,False,tool,AP,Bipolar Forceps,0.7744026564821828,False
baselines___legacy_score_thr_0__s0_018_relationdetr_bbox_seed456,baselines,s0,456,val,philip,False,tool,AP,Electric Cautery,0.9597353962754714,False
baselines___legacy_score_thr_0__s0_018_relationdetr_bbox_seed456,baselines,s0,456,val,philip,False,tool,AP,Forceps,0.3772115806216069,False
baselines___legacy_score_thr_0__s0_018_relationdetr_bbox_seed456,baselines,s0,456,val,philip,False,tool,AP,Gauze,0.2880266557015294,False
baselines___legacy_score_thr_0__s0_018_relationdetr_bbox_seed456,baselines,s0,456,val,philip,False,tool,AP,Hook,0.5939893341631663,False
baselines___legacy_score_thr_0__s0_018_relationdetr_bbox_seed456,baselines,s0,456,val,philip,False,tool,AP,Mouth Gag,0.8089837983164314,False
baselines___legacy_score_thr_0__s0_018_relationdetr_bbox_seed456,baselines,s0,456,val,philip,False,tool,AP,Needle Holders,0.8451740094450872,False
baselines___legacy_score_thr_0__s0_018_relationdetr_bbox_seed456,baselines,s0,456,val,philip,False,tool,AP,Raspatory,0.8023804373422891,False
baselines___legacy_score_thr_0__s0_018_relationdetr_bbox_seed456,baselines,s0,456,val,philip,False,tool,AP,Retractor,,True
baselines___legacy_score_thr_0__s0_018_relationdetr_bbox_seed456,baselines,s0,456,val,philip,False,tool,AP,Scalpel,0.9011642964755474,False
baselines___legacy_score_thr_0__s0_018_relationdetr_bbox_seed456,baselines,s0,456,val,philip,False,tool,AP,Scissors,0.7077952977619776,False
baselines___legacy_score_thr_0__s0_018_relationdetr_bbox_seed456,baselines,s0,456,val,philip,False,tool,AP,Skewer,0.9473232029687024,False
baselines___legacy_score_thr_0__s0_018_relationdetr_bbox_seed456,baselines,s0,456,val,philip,False,tool,AP,Suction Cannula,0.7992639869045625,False
baselines___legacy_score_thr_0__s0_018_relationdetr_bbox_seed456,baselines,s0,456,val,philip,False,tool,AP,Syringe,0.5252911406583991,False
baselines___legacy_score_thr_0__s0_018_relationdetr_bbox_seed456,baselines,s0,456,val,philip,False,tool,AP,Tweezers,0.7777893349693156,False
baselines___legacy_score_thr_0__s0_019_stabledino_bbox_seed42,baselines,s0,42,val,philip,False,tool,AP,Bipolar Forceps,0.785754,False
baselines___legacy_score_thr_0__s0_019_stabledino_bbox_seed42,baselines,s0,42,val,philip,False,tool,AP,Electric Cautery,0.960086,False
baselines___legacy_score_thr_0__s0_019_stabledino_bbox_seed42,baselines,s0,42,val,philip,False,tool,AP,Forceps,0.337284,False
baselines___legacy_score_thr_0__s0_019_stabledino_bbox_seed42,baselines,s0,42,val,philip,False,tool,AP,Gauze,0.257651,False
baselines___legacy_score_thr_0__s0_019_stabledino_bbox_seed42,baselines,s0,42,val,philip,False,tool,AP,Hook,0.611208,False
baselines___legacy_score_thr_0__s0_019_stabledino_bbox_seed42,baselines,s0,42,val,philip,False,tool,AP,Mouth Gag,0.775474,False
baselines___legacy_score_thr_0__s0_019_stabledino_bbox_seed42,baselines,s0,42,val,philip,False,tool,AP,Needle Holders,0.842074,False
baselines___legacy_score_thr_0__s0_019_stabledino_bbox_seed42,baselines,s0,42,val,philip,False,tool,AP,Raspatory,0.772954,False
baselines___legacy_score_thr_0__s0_019_stabledino_bbox_seed42,baselines,s0,42,val,philip,False,tool,AP,Retractor,,True
baselines___legacy_score_thr_0__s0_019_stabledino_bbox_seed42,baselines,s0,42,val,philip,False,tool,AP,Scalpel,0.9165,False
baselines___legacy_score_thr_0__s0_019_stabledino_bbox_seed42,baselines,s0,42,val,philip,False,tool,AP,Scissors,0.709253,False
baselines___legacy_score_thr_0__s0_019_stabledino_bbox_seed42,baselines,s0,42,val,philip,False,tool,AP,Skewer,0.945568,False
baselines___legacy_score_thr_0__s0_019_stabledino_bbox_seed42,baselines,s0,42,val,philip,False,tool,AP,Suction Cannula,0.788513,False
baselines___legacy_score_thr_0__s0_019_stabledino_bbox_seed42,baselines,s0,42,val,philip,False,tool,AP,Syringe,0.523642,False
baselines___legacy_score_thr_0__s0_019_stabledino_bbox_seed42,baselines,s0,42,val,philip,False,tool,AP,Tweezers,0.743988,False
baselines___legacy_score_thr_0__s0_020_stabledino_bbox_seed123,baselines,s0,123,val,philip,False,tool,AP,Bipolar Forceps,0.830122,False
baselines___legacy_score_thr_0__s0_020_stabledino_bbox_seed123,baselines,s0,123,val,philip,False,tool,AP,Electric Cautery,0.958435,False
baselines___legacy_score_thr_0__s0_020_stabledino_bbox_seed123,baselines,s0,123,val,philip,False,tool,AP,Forceps,0.377238,False
baselines___legacy_score_thr_0__s0_020_stabledino_bbox_seed123,baselines,s0,123,val,philip,False,tool,AP,Gauze,0.248383,False
baselines___legacy_score_thr_0__s0_020_stabledino_bbox_seed123,baselines,s0,123,val,philip,False,tool,AP,Hook,0.591437,False
baselines___legacy_score_thr_0__s0_020_stabledino_bbox_seed123,baselines,s0,123,val,philip,False,tool,AP,Mouth Gag,0.783608,False
baselines___legacy_score_thr_0__s0_020_stabledino_bbox_seed123,baselines,s0,123,val,philip,False,tool,AP,Needle Holders,0.836739,False
baselines___legacy_score_thr_0__s0_020_stabledino_bbox_seed123,baselines,s0,123,val,philip,False,tool,AP,Raspatory,0.81132,False
baselines___legacy_score_thr_0__s0_020_stabledino_bbox_seed123,baselines,s0,123,val,philip,False,tool,AP,Retractor,,True
baselines___legacy_score_thr_0__s0_020_stabledino_bbox_seed123,baselines,s0,123,val,philip,False,tool,AP,Scalpel,0.903906,False
baselines___legacy_score_thr_0__s0_020_stabledino_bbox_seed123,baselines,s0,123,val,philip,False,tool,AP,Scissors,0.716862,False
baselines___legacy_score_thr_0__s0_020_stabledino_bbox_seed123,baselines,s0,123,val,philip,False,tool,AP,Skewer,0.936025,False
baselines___legacy_score_thr_0__s0_020_stabledino_bbox_seed123,baselines,s0,123,val,philip,False,tool,AP,Suction Cannula,0.795554,False
baselines___legacy_score_thr_0__s0_020_stabledino_bbox_seed123,baselines,s0,123,val,philip,False,tool,AP,Syringe,0.610749,False
baselines___legacy_score_thr_0__s0_020_stabledino_bbox_seed123,baselines,s0,123,val,philip,False,tool,AP,Tweezers,0.755435,False
baselines___legacy_score_thr_0__s0_021_stabledino_bbox_seed456,baselines,s0,456,val,philip,False,tool,AP,Bipolar Forceps,0.803673,False
baselines___legacy_score_thr_0__s0_021_stabledino_bbox_seed456,baselines,s0,456,val,philip,False,tool,AP,Electric Cautery,0.957582,False
baselines___legacy_score_thr_0__s0_021_stabledino_bbox_seed456,baselines,s0,456,val,philip,False,tool,AP,Forceps,0.316519,False
baselines___legacy_score_thr_0__s0_021_stabledino_bbox_seed456,baselines,s0,456,val,philip,False,tool,AP,Gauze,0.275154,False
baselines___legacy_score_thr_0__s0_021_stabledino_bbox_seed456,baselines,s0,456,val,philip,False,tool,AP,Hook,0.609206,False
baselines___legacy_score_thr_0__s0_021_stabledino_bbox_seed456,baselines,s0,456,val,philip,False,tool,AP,Mouth Gag,0.786879,False
baselines___legacy_score_thr_0__s0_021_stabledino_bbox_seed456,baselines,s0,456,val,philip,False,tool,AP,Needle Holders,0.844398,False
baselines___legacy_score_thr_0__s0_021_stabledino_bbox_seed456,baselines,s0,456,val,philip,False,tool,AP,Raspatory,0.819851,False
baselines___legacy_score_thr_0__s0_021_stabledino_bbox_seed456,baselines,s0,456,val,philip,False,tool,AP,Retractor,,True
baselines___legacy_score_thr_0__s0_021_stabledino_bbox_seed456,baselines,s0,456,val,philip,False,tool,AP,Scalpel,0.924988,False
baselines___legacy_score_thr_0__s0_021_stabledino_bbox_seed456,baselines,s0,456,val,philip,False,tool,AP,Scissors,0.705761,False
baselines___legacy_score_thr_0__s0_021_stabledino_bbox_seed456,baselines,s0,456,val,philip,False,tool,AP,Skewer,0.940572,False
baselines___legacy_score_thr_0__s0_021_stabledino_bbox_seed456,baselines,s0,456,val,philip,False,tool,AP,Suction Cannula,0.800471,False
baselines___legacy_score_thr_0__s0_021_stabledino_bbox_seed456,baselines,s0,456,val,philip,False,tool,AP,Syringe,0.54306,False
baselines___legacy_score_thr_0__s0_021_stabledino_bbox_seed456,baselines,s0,456,val,philip,False,tool,AP,Tweezers,0.752282,False
baselines___legacy_score_thr_0__s0_022_dimaskdino_bbox_seed42,baselines,s0,42,val,philip,False,tool,AP,Bipolar Forceps,0.209298,False
baselines___legacy_score_thr_0__s0_022_dimaskdino_bbox_seed42,baselines,s0,42,val,philip,False,tool,AP,Electric Cautery,0.604727,False
baselines___legacy_score_thr_0__s0_022_dimaskdino_bbox_seed42,baselines,s0,42,val,philip,False,tool,AP,Forceps,0.134954,False
baselines___legacy_score_thr_0__s0_022_dimaskdino_bbox_seed42,baselines,s0,42,val,philip,False,tool,AP,Gauze,0.065359,False
baselines___legacy_score_thr_0__s0_022_dimaskdino_bbox_seed42,baselines,s0,42,val,philip,False,tool,AP,Hook,0.296992,False
baselines___legacy_score_thr_0__s0_022_dimaskdino_bbox_seed42,baselines,s0,42,val,philip,False,tool,AP,Mouth Gag,0.471245,False
baselines___legacy_score_thr_0__s0_022_dimaskdino_bbox_seed42,baselines,s0,42,val,philip,False,tool,AP,Needle Holders,0.511925,False
baselines___legacy_score_thr_0__s0_022_dimaskdino_bbox_seed42,baselines,s0,42,val,philip,False,tool,AP,Raspatory,0.206703,False
baselines___legacy_score_thr_0__s0_022_dimaskdino_bbox_seed42,baselines,s0,42,val,philip,False,tool,AP,Retractor,,True
baselines___legacy_score_thr_0__s0_022_dimaskdino_bbox_seed42,baselines,s0,42,val,philip,False,tool,AP,Scalpel,0.507407,False
baselines___legacy_score_thr_0__s0_022_dimaskdino_bbox_seed42,baselines,s0,42,val,philip,False,tool,AP,Scissors,0.254482,False
baselines___legacy_score_thr_0__s0_022_dimaskdino_bbox_seed42,baselines,s0,42,val,philip,False,tool,AP,Skewer,0.223317,False
baselines___legacy_score_thr_0__s0_022_dimaskdino_bbox_seed42,baselines,s0,42,val,philip,False,tool,AP,Suction Cannula,0.496397,False
baselines___legacy_score_thr_0__s0_022_dimaskdino_bbox_seed42,baselines,s0,42,val,philip,False,tool,AP,Syringe,0.223577,False
baselines___legacy_score_thr_0__s0_022_dimaskdino_bbox_seed42,baselines,s0,42,val,philip,False,tool,AP,Tweezers,0.465448,False
baselines___legacy_score_thr_0__s0_023_dimaskdino_bbox_seed123,baselines,s0,123,val,philip,False,tool,AP,Bipolar Forceps,0.427281,False
baselines___legacy_score_thr_0__s0_023_dimaskdino_bbox_seed123,baselines,s0,123,val,philip,False,tool,AP,Electric Cautery,0.644924,False
baselines___legacy_score_thr_0__s0_023_dimaskdino_bbox_seed123,baselines,s0,123,val,philip,False,tool,AP,Forceps,0.073179,False
baselines___legacy_score_thr_0__s0_023_dimaskdino_bbox_seed123,baselines,s0,123,val,philip,False,tool,AP,Gauze,0.077705,False
baselines___legacy_score_thr_0__s0_023_dimaskdino_bbox_seed123,baselines,s0,123,val,philip,False,tool,AP,Hook,0.285429,False
baselines___legacy_score_thr_0__s0_023_dimaskdino_bbox_seed123,baselines,s0,123,val,philip,False,tool,AP,Mouth Gag,0.51489,False
baselines___legacy_score_thr_0__s0_023_dimaskdino_bbox_seed123,baselines,s0,123,val,philip,False,tool,AP,Needle Holders,0.526837,False
baselines___legacy_score_thr_0__s0_023_dimaskdino_bbox_seed123,baselines,s0,123,val,philip,False,tool,AP,Raspatory,0.350379,False
baselines___legacy_score_thr_0__s0_023_dimaskdino_bbox_seed123,baselines,s0,123,val,philip,False,tool,AP,Retractor,,True
baselines___legacy_score_thr_0__s0_023_dimaskdino_bbox_seed123,baselines,s0,123,val,philip,False,tool,AP,Scalpel,0.481552,False
baselines___legacy_score_thr_0__s0_023_dimaskdino_bbox_seed123,baselines,s0,123,val,philip,False,tool,AP,Scissors,0.294985,False
baselines___legacy_score_thr_0__s0_023_dimaskdino_bbox_seed123,baselines,s0,123,val,philip,False,tool,AP,Skewer,0.524054,False
baselines___legacy_score_thr_0__s0_023_dimaskdino_bbox_seed123,baselines,s0,123,val,philip,False,tool,AP,Suction Cannula,0.534835,False
baselines___legacy_score_thr_0__s0_023_dimaskdino_bbox_seed123,baselines,s0,123,val,philip,False,tool,AP,Syringe,0.326446,False
baselines___legacy_score_thr_0__s0_023_dimaskdino_bbox_seed123,baselines,s0,123,val,philip,False,tool,AP,Tweezers,0.447994,False
baselines___legacy_score_thr_0__s0_024_dimaskdino_bbox_seed456,baselines,s0,456,val,philip,False,tool,AP,Bipolar Forceps,0.379968,False
baselines___legacy_score_thr_0__s0_024_dimaskdino_bbox_seed456,baselines,s0,456,val,philip,False,tool,AP,Electric Cautery,0.684275,False
baselines___legacy_score_thr_0__s0_024_dimaskdino_bbox_seed456,baselines,s0,456,val,philip,False,tool,AP,Forceps,0.079241,False
baselines___legacy_score_thr_0__s0_024_dimaskdino_bbox_seed456,baselines,s0,456,val,philip,False,tool,AP,Gauze,0.089828,False
baselines___legacy_score_thr_0__s0_024_dimaskdino_bbox_seed456,baselines,s0,456,val,philip,False,tool,AP,Hook,0.349951,False
baselines___legacy_score_thr_0__s0_024_dimaskdino_bbox_seed456,baselines,s0,456,val,philip,False,tool,AP,Mouth Gag,0.467813,False
baselines___legacy_score_thr_0__s0_024_dimaskdino_bbox_seed456,baselines,s0,456,val,philip,False,tool,AP,Needle Holders,0.577487,False
baselines___legacy_score_thr_0__s0_024_dimaskdino_bbox_seed456,baselines,s0,456,val,philip,False,tool,AP,Raspatory,0.433534,False
baselines___legacy_score_thr_0__s0_024_dimaskdino_bbox_seed456,baselines,s0,456,val,philip,False,tool,AP,Retractor,,True
baselines___legacy_score_thr_0__s0_024_dimaskdino_bbox_seed456,baselines,s0,456,val,philip,False,tool,AP,Scalpel,0.493382,False
baselines___legacy_score_thr_0__s0_024_dimaskdino_bbox_seed456,baselines,s0,456,val,philip,False,tool,AP,Scissors,0.361858,False
baselines___legacy_score_thr_0__s0_024_dimaskdino_bbox_seed456,baselines,s0,456,val,philip,False,tool,AP,Skewer,0.595332,False
baselines___legacy_score_thr_0__s0_024_dimaskdino_bbox_seed456,baselines,s0,456,val,philip,False,tool,AP,Suction Cannula,0.575844,False
baselines___legacy_score_thr_0__s0_024_dimaskdino_bbox_seed456,baselines,s0,456,val,philip,False,tool,AP,Syringe,0.394548,False
baselines___legacy_score_thr_0__s0_024_dimaskdino_bbox_seed456,baselines,s0,456,val,philip,False,tool,AP,Tweezers,0.516188,False
baselines___legacy_score_thr_0__s0_025_focusdetr_bbox_seed42,baselines,s0,42,val,philip,False,tool,AP,Bipolar Forceps,0.772593,False
baselines___legacy_score_thr_0__s0_025_focusdetr_bbox_seed42,baselines,s0,42,val,philip,False,tool,AP,Electric Cautery,0.931621,False
baselines___legacy_score_thr_0__s0_025_focusdetr_bbox_seed42,baselines,s0,42,val,philip,False,tool,AP,Forceps,0.339936,False
baselines___legacy_score_thr_0__s0_025_focusdetr_bbox_seed42,baselines,s0,42,val,philip,False,tool,AP,Gauze,0.319142,False
baselines___legacy_score_thr_0__s0_025_focusdetr_bbox_seed42,baselines,s0,42,val,philip,False,tool,AP,Hook,0.56415,False
baselines___legacy_score_thr_0__s0_025_focusdetr_bbox_seed42,baselines,s0,42,val,philip,False,tool,AP,Mouth Gag,0.757207,False
baselines___legacy_score_thr_0__s0_025_focusdetr_bbox_seed42,baselines,s0,42,val,philip,False,tool,AP,Needle Holders,0.795347,False
baselines___legacy_score_thr_0__s0_025_focusdetr_bbox_seed42,baselines,s0,42,val,philip,False,tool,AP,Raspatory,0.565187,False
baselines___legacy_score_thr_0__s0_025_focusdetr_bbox_seed42,baselines,s0,42,val,philip,False,tool,AP,Retractor,,True
baselines___legacy_score_thr_0__s0_025_focusdetr_bbox_seed42,baselines,s0,42,val,philip,False,tool,AP,Scalpel,0.885048,False
baselines___legacy_score_thr_0__s0_025_focusdetr_bbox_seed42,baselines,s0,42,val,philip,False,tool,AP,Scissors,0.682121,False
baselines___legacy_score_thr_0__s0_025_focusdetr_bbox_seed42,baselines,s0,42,val,philip,False,tool,AP,Skewer,0.920015,False
baselines___legacy_score_thr_0__s0_025_focusdetr_bbox_seed42,baselines,s0,42,val,philip,False,tool,AP,Suction Cannula,0.772267,False
baselines___legacy_score_thr_0__s0_025_focusdetr_bbox_seed42,baselines,s0,42,val,philip,False,tool,AP,Syringe,0.621456,False
baselines___legacy_score_thr_0__s0_025_focusdetr_bbox_seed42,baselines,s0,42,val,philip,False,tool,AP,Tweezers,0.725595,False
baselines___legacy_score_thr_0__s0_026_focusdetr_bbox_seed123,baselines,s0,123,val,philip,False,tool,AP,Bipolar Forceps,0.790809,False
baselines___legacy_score_thr_0__s0_026_focusdetr_bbox_seed123,baselines,s0,123,val,philip,False,tool,AP,Electric Cautery,0.944976,False
baselines___legacy_score_thr_0__s0_026_focusdetr_bbox_seed123,baselines,s0,123,val,philip,False,tool,AP,Forceps,0.294675,False
baselines___legacy_score_thr_0__s0_026_focusdetr_bbox_seed123,baselines,s0,123,val,philip,False,tool,AP,Gauze,0.335393,False
baselines___legacy_score_thr_0__s0_026_focusdetr_bbox_seed123,baselines,s0,123,val,philip,False,tool,AP,Hook,0.571873,False
baselines___legacy_score_thr_0__s0_026_focusdetr_bbox_seed123,baselines,s0,123,val,philip,False,tool,AP,Mouth Gag,0.769021,False
baselines___legacy_score_thr_0__s0_026_focusdetr_bbox_seed123,baselines,s0,123,val,philip,False,tool,AP,Needle Holders,0.822277,False
baselines___legacy_score_thr_0__s0_026_focusdetr_bbox_seed123,baselines,s0,123,val,philip,False,tool,AP,Raspatory,0.704141,False
baselines___legacy_score_thr_0__s0_026_focusdetr_bbox_seed123,baselines,s0,123,val,philip,False,tool,AP,Retractor,,True
baselines___legacy_score_thr_0__s0_026_focusdetr_bbox_seed123,baselines,s0,123,val,philip,False,tool,AP,Scalpel,0.90118,False
baselines___legacy_score_thr_0__s0_026_focusdetr_bbox_seed123,baselines,s0,123,val,philip,False,tool,AP,Scissors,0.669104,False
baselines___legacy_score_thr_0__s0_026_focusdetr_bbox_seed123,baselines,s0,123,val,philip,False,tool,AP,Skewer,0.927225,False
baselines___legacy_score_thr_0__s0_026_focusdetr_bbox_seed123,baselines,s0,123,val,philip,False,tool,AP,Suction Cannula,0.812201,False
baselines___legacy_score_thr_0__s0_026_focusdetr_bbox_seed123,baselines,s0,123,val,philip,False,tool,AP,Syringe,0.544078,False
baselines___legacy_score_thr_0__s0_026_focusdetr_bbox_seed123,baselines,s0,123,val,philip,False,tool,AP,Tweezers,0.741812,False
baselines___legacy_score_thr_0__s0_027_focusdetr_bbox_seed456,baselines,s0,456,val,philip,False,tool,AP,Bipolar Forceps,0.756591,False
baselines___legacy_score_thr_0__s0_027_focusdetr_bbox_seed456,baselines,s0,456,val,philip,False,tool,AP,Electric Cautery,0.945979,False
baselines___legacy_score_thr_0__s0_027_focusdetr_bbox_seed456,baselines,s0,456,val,philip,False,tool,AP,Forceps,0.335614,False
baselines___legacy_score_thr_0__s0_027_focusdetr_bbox_seed456,baselines,s0,456,val,philip,False,tool,AP,Gauze,0.351481,False
baselines___legacy_score_thr_0__s0_027_focusdetr_bbox_seed456,baselines,s0,456,val,philip,False,tool,AP,Hook,0.544388,False
baselines___legacy_score_thr_0__s0_027_focusdetr_bbox_seed456,baselines,s0,456,val,philip,False,tool,AP,Mouth Gag,0.763706,False
baselines___legacy_score_thr_0__s0_027_focusdetr_bbox_seed456,baselines,s0,456,val,philip,False,tool,AP,Needle Holders,0.824656,False
baselines___legacy_score_thr_0__s0_027_focusdetr_bbox_seed456,baselines,s0,456,val,philip,False,tool,AP,Raspatory,0.677877,False
baselines___legacy_score_thr_0__s0_027_focusdetr_bbox_seed456,baselines,s0,456,val,philip,False,tool,AP,Retractor,,True
baselines___legacy_score_thr_0__s0_027_focusdetr_bbox_seed456,baselines,s0,456,val,philip,False,tool,AP,Scalpel,0.895401,False
baselines___legacy_score_thr_0__s0_027_focusdetr_bbox_seed456,baselines,s0,456,val,philip,False,tool,AP,Scissors,0.685671,False
baselines___legacy_score_thr_0__s0_027_focusdetr_bbox_seed456,baselines,s0,456,val,philip,False,tool,AP,Skewer,0.951991,False
baselines___legacy_score_thr_0__s0_027_focusdetr_bbox_seed456,baselines,s0,456,val,philip,False,tool,AP,Suction Cannula,0.807936,False
baselines___legacy_score_thr_0__s0_027_focusdetr_bbox_seed456,baselines,s0,456,val,philip,False,tool,AP,Syringe,0.595823,False
baselines___legacy_score_thr_0__s0_027_focusdetr_bbox_seed456,baselines,s0,456,val,philip,False,tool,AP,Tweezers,0.745434,False
baselines___legacy_score_thr_0__s0_028_aligndetr_bbox_seed42,baselines,s0,42,val,philip,False,tool,AP,Bipolar Forceps,0.788835,False
baselines___legacy_score_thr_0__s0_028_aligndetr_bbox_seed42,baselines,s0,42,val,philip,False,tool,AP,Electric Cautery,0.964636,False
baselines___legacy_score_thr_0__s0_028_aligndetr_bbox_seed42,baselines,s0,42,val,philip,False,tool,AP,Forceps,0.396883,False
baselines___legacy_score_thr_0__s0_028_aligndetr_bbox_seed42,baselines,s0,42,val,philip,False,tool,AP,Gauze,0.273923,False
baselines___legacy_score_thr_0__s0_028_aligndetr_bbox_seed42,baselines,s0,42,val,philip,False,tool,AP,Hook,0.512162,False
baselines___legacy_score_thr_0__s0_028_aligndetr_bbox_seed42,baselines,s0,42,val,philip,False,tool,AP,Mouth Gag,0.795966,False
baselines___legacy_score_thr_0__s0_028_aligndetr_bbox_seed42,baselines,s0,42,val,philip,False,tool,AP,Needle Holders,0.846129,False
baselines___legacy_score_thr_0__s0_028_aligndetr_bbox_seed42,baselines,s0,42,val,philip,False,tool,AP,Raspatory,0.671641,False
baselines___legacy_score_thr_0__s0_028_aligndetr_bbox_seed42,baselines,s0,42,val,philip,False,tool,AP,Retractor,,True
baselines___legacy_score_thr_0__s0_028_aligndetr_bbox_seed42,baselines,s0,42,val,philip,False,tool,AP,Scalpel,0.925684,False
baselines___legacy_score_thr_0__s0_028_aligndetr_bbox_seed42,baselines,s0,42,val,philip,False,tool,AP,Scissors,0.723971,False
baselines___legacy_score_thr_0__s0_028_aligndetr_bbox_seed42,baselines,s0,42,val,philip,False,tool,AP,Skewer,0.94968,False
baselines___legacy_score_thr_0__s0_028_aligndetr_bbox_seed42,baselines,s0,42,val,philip,False,tool,AP,Suction Cannula,0.816025,False
baselines___legacy_score_thr_0__s0_028_aligndetr_bbox_seed42,baselines,s0,42,val,philip,False,tool,AP,Syringe,0.644208,False
baselines___legacy_score_thr_0__s0_028_aligndetr_bbox_seed42,baselines,s0,42,val,philip,False,tool,AP,Tweezers,0.758113,False
baselines___legacy_score_thr_0__s0_029_aligndetr_bbox_seed123,baselines,s0,123,val,philip,False,tool,AP,Bipolar Forceps,0.807923,False
baselines___legacy_score_thr_0__s0_029_aligndetr_bbox_seed123,baselines,s0,123,val,philip,False,tool,AP,Electric Cautery,0.958651,False
baselines___legacy_score_thr_0__s0_029_aligndetr_bbox_seed123,baselines,s0,123,val,philip,False,tool,AP,Forceps,0.342595,False
baselines___legacy_score_thr_0__s0_029_aligndetr_bbox_seed123,baselines,s0,123,val,philip,False,tool,AP,Gauze,0.234555,False
baselines___legacy_score_thr_0__s0_029_aligndetr_bbox_seed123,baselines,s0,123,val,philip,False,tool,AP,Hook,0.581821,False
baselines___legacy_score_thr_0__s0_029_aligndetr_bbox_seed123,baselines,s0,123,val,philip,False,tool,AP,Mouth Gag,0.79721,False
baselines___legacy_score_thr_0__s0_029_aligndetr_bbox_seed123,baselines,s0,123,val,philip,False,tool,AP,Needle Holders,0.847765,False
baselines___legacy_score_thr_0__s0_029_aligndetr_bbox_seed123,baselines,s0,123,val,philip,False,tool,AP,Raspatory,0.836676,False
baselines___legacy_score_thr_0__s0_029_aligndetr_bbox_seed123,baselines,s0,123,val,philip,False,tool,AP,Retractor,,True
baselines___legacy_score_thr_0__s0_029_aligndetr_bbox_seed123,baselines,s0,123,val,philip,False,tool,AP,Scalpel,0.918706,False
baselines___legacy_score_thr_0__s0_029_aligndetr_bbox_seed123,baselines,s0,123,val,philip,False,tool,AP,Scissors,0.707373,False
baselines___legacy_score_thr_0__s0_029_aligndetr_bbox_seed123,baselines,s0,123,val,philip,False,tool,AP,Skewer,0.962287,False
baselines___legacy_score_thr_0__s0_029_aligndetr_bbox_seed123,baselines,s0,123,val,philip,False,tool,AP,Suction Cannula,0.780888,False
baselines___legacy_score_thr_0__s0_029_aligndetr_bbox_seed123,baselines,s0,123,val,philip,False,tool,AP,Syringe,0.59151,False
baselines___legacy_score_thr_0__s0_029_aligndetr_bbox_seed123,baselines,s0,123,val,philip,False,tool,AP,Tweezers,0.760682,False
baselines___legacy_score_thr_0__s0_030_aligndetr_bbox_seed456,baselines,s0,456,val,philip,False,tool,AP,Bipolar Forceps,0.742851,False
baselines___legacy_score_thr_0__s0_030_aligndetr_bbox_seed456,baselines,s0,456,val,philip,False,tool,AP,Electric Cautery,0.964622,False
baselines___legacy_score_thr_0__s0_030_aligndetr_bbox_seed456,baselines,s0,456,val,philip,False,tool,AP,Forceps,0.309173,False
baselines___legacy_score_thr_0__s0_030_aligndetr_bbox_seed456,baselines,s0,456,val,philip,False,tool,AP,Gauze,0.236899,False
baselines___legacy_score_thr_0__s0_030_aligndetr_bbox_seed456,baselines,s0,456,val,philip,False,tool,AP,Hook,0.5952,False
baselines___legacy_score_thr_0__s0_030_aligndetr_bbox_seed456,baselines,s0,456,val,philip,False,tool,AP,Mouth Gag,0.79061,False
baselines___legacy_score_thr_0__s0_030_aligndetr_bbox_seed456,baselines,s0,456,val,philip,False,tool,AP,Needle Holders,0.842546,False
baselines___legacy_score_thr_0__s0_030_aligndetr_bbox_seed456,baselines,s0,456,val,philip,False,tool,AP,Raspatory,0.573513,False
baselines___legacy_score_thr_0__s0_030_aligndetr_bbox_seed456,baselines,s0,456,val,philip,False,tool,AP,Retractor,,True
baselines___legacy_score_thr_0__s0_030_aligndetr_bbox_seed456,baselines,s0,456,val,philip,False,tool,AP,Scalpel,0.926913,False
baselines___legacy_score_thr_0__s0_030_aligndetr_bbox_seed456,baselines,s0,456,val,philip,False,tool,AP,Scissors,0.654158,False
baselines___legacy_score_thr_0__s0_030_aligndetr_bbox_seed456,baselines,s0,456,val,philip,False,tool,AP,Skewer,0.94032,False
baselines___legacy_score_thr_0__s0_030_aligndetr_bbox_seed456,baselines,s0,456,val,philip,False,tool,AP,Suction Cannula,0.794366,False
baselines___legacy_score_thr_0__s0_030_aligndetr_bbox_seed456,baselines,s0,456,val,philip,False,tool,AP,Syringe,0.633017,False
baselines___legacy_score_thr_0__s0_030_aligndetr_bbox_seed456,baselines,s0,456,val,philip,False,tool,AP,Tweezers,0.757031,False
baselines___legacy_score_thr_0__s0_031_mrdetrdino_bbox_seed42,baselines,s0,42,val,philip,False,tool,AP,Bipolar Forceps,0.79118,False
baselines___legacy_score_thr_0__s0_031_mrdetrdino_bbox_seed42,baselines,s0,42,val,philip,False,tool,AP,Electric Cautery,0.953528,False
baselines___legacy_score_thr_0__s0_031_mrdetrdino_bbox_seed42,baselines,s0,42,val,philip,False,tool,AP,Forceps,0.359432,False
baselines___legacy_score_thr_0__s0_031_mrdetrdino_bbox_seed42,baselines,s0,42,val,philip,False,tool,AP,Gauze,0.286805,False
baselines___legacy_score_thr_0__s0_031_mrdetrdino_bbox_seed42,baselines,s0,42,val,philip,False,tool,AP,Hook,0.60646,False
baselines___legacy_score_thr_0__s0_031_mrdetrdino_bbox_seed42,baselines,s0,42,val,philip,False,tool,AP,Mouth Gag,0.804843,False
baselines___legacy_score_thr_0__s0_031_mrdetrdino_bbox_seed42,baselines,s0,42,val,philip,False,tool,AP,Needle Holders,0.845036,False
baselines___legacy_score_thr_0__s0_031_mrdetrdino_bbox_seed42,baselines,s0,42,val,philip,False,tool,AP,Raspatory,0.834472,False
baselines___legacy_score_thr_0__s0_031_mrdetrdino_bbox_seed42,baselines,s0,42,val,philip,False,tool,AP,Retractor,,True
baselines___legacy_score_thr_0__s0_031_mrdetrdino_bbox_seed42,baselines,s0,42,val,philip,False,tool,AP,Scalpel,0.905025,False
baselines___legacy_score_thr_0__s0_031_mrdetrdino_bbox_seed42,baselines,s0,42,val,philip,False,tool,AP,Scissors,0.695763,False
baselines___legacy_score_thr_0__s0_031_mrdetrdino_bbox_seed42,baselines,s0,42,val,philip,False,tool,AP,Skewer,0.943664,False
baselines___legacy_score_thr_0__s0_031_mrdetrdino_bbox_seed42,baselines,s0,42,val,philip,False,tool,AP,Suction Cannula,0.805958,False
baselines___legacy_score_thr_0__s0_031_mrdetrdino_bbox_seed42,baselines,s0,42,val,philip,False,tool,AP,Syringe,0.62646,False
baselines___legacy_score_thr_0__s0_031_mrdetrdino_bbox_seed42,baselines,s0,42,val,philip,False,tool,AP,Tweezers,0.767021,False
baselines___legacy_score_thr_0__s0_032_mrdetrdino_bbox_seed123,baselines,s0,123,val,philip,False,tool,AP,Bipolar Forceps,0.745992,False
baselines___legacy_score_thr_0__s0_032_mrdetrdino_bbox_seed123,baselines,s0,123,val,philip,False,tool,AP,Electric Cautery,0.969797,False
baselines___legacy_score_thr_0__s0_032_mrdetrdino_bbox_seed123,baselines,s0,123,val,philip,False,tool,AP,Forceps,0.336517,False
baselines___legacy_score_thr_0__s0_032_mrdetrdino_bbox_seed123,baselines,s0,123,val,philip,False,tool,AP,Gauze,0.297229,False
baselines___legacy_score_thr_0__s0_032_mrdetrdino_bbox_seed123,baselines,s0,123,val,philip,False,tool,AP,Hook,0.58562,False
baselines___legacy_score_thr_0__s0_032_mrdetrdino_bbox_seed123,baselines,s0,123,val,philip,False,tool,AP,Mouth Gag,0.783025,False
baselines___legacy_score_thr_0__s0_032_mrdetrdino_bbox_seed123,baselines,s0,123,val,philip,False,tool,AP,Needle Holders,0.853996,False
baselines___legacy_score_thr_0__s0_032_mrdetrdino_bbox_seed123,baselines,s0,123,val,philip,False,tool,AP,Raspatory,0.732951,False
baselines___legacy_score_thr_0__s0_032_mrdetrdino_bbox_seed123,baselines,s0,123,val,philip,False,tool,AP,Retractor,,True
baselines___legacy_score_thr_0__s0_032_mrdetrdino_bbox_seed123,baselines,s0,123,val,philip,False,tool,AP,Scalpel,0.91029,False
baselines___legacy_score_thr_0__s0_032_mrdetrdino_bbox_seed123,baselines,s0,123,val,philip,False,tool,AP,Scissors,0.695461,False
baselines___legacy_score_thr_0__s0_032_mrdetrdino_bbox_seed123,baselines,s0,123,val,philip,False,tool,AP,Skewer,0.965922,False
baselines___legacy_score_thr_0__s0_032_mrdetrdino_bbox_seed123,baselines,s0,123,val,philip,False,tool,AP,Suction Cannula,0.768965,False
baselines___legacy_score_thr_0__s0_032_mrdetrdino_bbox_seed123,baselines,s0,123,val,philip,False,tool,AP,Syringe,0.603314,False
baselines___legacy_score_thr_0__s0_032_mrdetrdino_bbox_seed123,baselines,s0,123,val,philip,False,tool,AP,Tweezers,0.767718,False
baselines___legacy_score_thr_0__s0_033_mrdetrdino_bbox_seed456,baselines,s0,456,val,philip,False,tool,AP,Bipolar Forceps,0.77941,False
baselines___legacy_score_thr_0__s0_033_mrdetrdino_bbox_seed456,baselines,s0,456,val,philip,False,tool,AP,Electric Cautery,0.963352,False
baselines___legacy_score_thr_0__s0_033_mrdetrdino_bbox_seed456,baselines,s0,456,val,philip,False,tool,AP,Forceps,0.330024,False
baselines___legacy_score_thr_0__s0_033_mrdetrdino_bbox_seed456,baselines,s0,456,val,philip,False,tool,AP,Gauze,0.305289,False
baselines___legacy_score_thr_0__s0_033_mrdetrdino_bbox_seed456,baselines,s0,456,val,philip,False,tool,AP,Hook,0.558973,False
baselines___legacy_score_thr_0__s0_033_mrdetrdino_bbox_seed456,baselines,s0,456,val,philip,False,tool,AP,Mouth Gag,0.786253,False
baselines___legacy_score_thr_0__s0_033_mrdetrdino_bbox_seed456,baselines,s0,456,val,philip,False,tool,AP,Needle Holders,0.841623,False
baselines___legacy_score_thr_0__s0_033_mrdetrdino_bbox_seed456,baselines,s0,456,val,philip,False,tool,AP,Raspatory,0.805463,False
baselines___legacy_score_thr_0__s0_033_mrdetrdino_bbox_seed456,baselines,s0,456,val,philip,False,tool,AP,Retractor,,True
baselines___legacy_score_thr_0__s0_033_mrdetrdino_bbox_seed456,baselines,s0,456,val,philip,False,tool,AP,Scalpel,0.915116,False
baselines___legacy_score_thr_0__s0_033_mrdetrdino_bbox_seed456,baselines,s0,456,val,philip,False,tool,AP,Scissors,0.71548,False
baselines___legacy_score_thr_0__s0_033_mrdetrdino_bbox_seed456,baselines,s0,456,val,philip,False,tool,AP,Skewer,0.944372,False
baselines___legacy_score_thr_0__s0_033_mrdetrdino_bbox_seed456,baselines,s0,456,val,philip,False,tool,AP,Suction Cannula,0.77969,False
baselines___legacy_score_thr_0__s0_033_mrdetrdino_bbox_seed456,baselines,s0,456,val,philip,False,tool,AP,Syringe,0.595397,False
baselines___legacy_score_thr_0__s0_033_mrdetrdino_bbox_seed456,baselines,s0,456,val,philip,False,tool,AP,Tweezers,0.774317,False
baselines___legacy_score_thr_0__s0_034_mrdetralign_bbox_seed42,baselines,s0,42,val,philip,False,tool,AP,Bipolar Forceps,0.778306,False
baselines___legacy_score_thr_0__s0_034_mrdetralign_bbox_seed42,baselines,s0,42,val,philip,False,tool,AP,Electric Cautery,0.954031,False
baselines___legacy_score_thr_0__s0_034_mrdetralign_bbox_seed42,baselines,s0,42,val,philip,False,tool,AP,Forceps,0.359119,False
baselines___legacy_score_thr_0__s0_034_mrdetralign_bbox_seed42,baselines,s0,42,val,philip,False,tool,AP,Gauze,0.246262,False
baselines___legacy_score_thr_0__s0_034_mrdetralign_bbox_seed42,baselines,s0,42,val,philip,False,tool,AP,Hook,0.594231,False
baselines___legacy_score_thr_0__s0_034_mrdetralign_bbox_seed42,baselines,s0,42,val,philip,False,tool,AP,Mouth Gag,0.808482,False
baselines___legacy_score_thr_0__s0_034_mrdetralign_bbox_seed42,baselines,s0,42,val,philip,False,tool,AP,Needle Holders,0.861839,False
baselines___legacy_score_thr_0__s0_034_mrdetralign_bbox_seed42,baselines,s0,42,val,philip,False,tool,AP,Raspatory,0.716891,False
baselines___legacy_score_thr_0__s0_034_mrdetralign_bbox_seed42,baselines,s0,42,val,philip,False,tool,AP,Retractor,,True
baselines___legacy_score_thr_0__s0_034_mrdetralign_bbox_seed42,baselines,s0,42,val,philip,False,tool,AP,Scalpel,0.916384,False
baselines___legacy_score_thr_0__s0_034_mrdetralign_bbox_seed42,baselines,s0,42,val,philip,False,tool,AP,Scissors,0.7257,False
baselines___legacy_score_thr_0__s0_034_mrdetralign_bbox_seed42,baselines,s0,42,val,philip,False,tool,AP,Skewer,0.921303,False
baselines___legacy_score_thr_0__s0_034_mrdetralign_bbox_seed42,baselines,s0,42,val,philip,False,tool,AP,Suction Cannula,0.818279,False
baselines___legacy_score_thr_0__s0_034_mrdetralign_bbox_seed42,baselines,s0,42,val,philip,False,tool,AP,Syringe,0.610801,False
baselines___legacy_score_thr_0__s0_034_mrdetralign_bbox_seed42,baselines,s0,42,val,philip,False,tool,AP,Tweezers,0.768363,False
baselines___legacy_score_thr_0__s0_035_mrdetralign_bbox_seed123,baselines,s0,123,val,philip,False,tool,AP,Bipolar Forceps,0.750589,False
baselines___legacy_score_thr_0__s0_035_mrdetralign_bbox_seed123,baselines,s0,123,val,philip,False,tool,AP,Electric Cautery,0.966434,False
baselines___legacy_score_thr_0__s0_035_mrdetralign_bbox_seed123,baselines,s0,123,val,philip,False,tool,AP,Forceps,0.330361,False
baselines___legacy_score_thr_0__s0_035_mrdetralign_bbox_seed123,baselines,s0,123,val,philip,False,tool,AP,Gauze,0.253054,False
baselines___legacy_score_thr_0__s0_035_mrdetralign_bbox_seed123,baselines,s0,123,val,philip,False,tool,AP,Hook,0.635773,False
baselines___legacy_score_thr_0__s0_035_mrdetralign_bbox_seed123,baselines,s0,123,val,philip,False,tool,AP,Mouth Gag,0.803024,False
baselines___legacy_score_thr_0__s0_035_mrdetralign_bbox_seed123,baselines,s0,123,val,philip,False,tool,AP,Needle Holders,0.853552,False
baselines___legacy_score_thr_0__s0_035_mrdetralign_bbox_seed123,baselines,s0,123,val,philip,False,tool,AP,Raspatory,0.755991,False
baselines___legacy_score_thr_0__s0_035_mrdetralign_bbox_seed123,baselines,s0,123,val,philip,False,tool,AP,Retractor,,True
baselines___legacy_score_thr_0__s0_035_mrdetralign_bbox_seed123,baselines,s0,123,val,philip,False,tool,AP,Scalpel,0.909863,False
baselines___legacy_score_thr_0__s0_035_mrdetralign_bbox_seed123,baselines,s0,123,val,philip,False,tool,AP,Scissors,0.691789,False
baselines___legacy_score_thr_0__s0_035_mrdetralign_bbox_seed123,baselines,s0,123,val,philip,False,tool,AP,Skewer,0.922466,False
baselines___legacy_score_thr_0__s0_035_mrdetralign_bbox_seed123,baselines,s0,123,val,philip,False,tool,AP,Suction Cannula,0.803338,False
baselines___legacy_score_thr_0__s0_035_mrdetralign_bbox_seed123,baselines,s0,123,val,philip,False,tool,AP,Syringe,0.620087,False
baselines___legacy_score_thr_0__s0_035_mrdetralign_bbox_seed123,baselines,s0,123,val,philip,False,tool,AP,Tweezers,0.768325,False
baselines___legacy_score_thr_0__s0_036_mrdetralign_bbox_seed456,baselines,s0,456,val,philip,False,tool,AP,Bipolar Forceps,0.80735,False
baselines___legacy_score_thr_0__s0_036_mrdetralign_bbox_seed456,baselines,s0,456,val,philip,False,tool,AP,Electric Cautery,0.963675,False
baselines___legacy_score_thr_0__s0_036_mrdetralign_bbox_seed456,baselines,s0,456,val,philip,False,tool,AP,Forceps,0.33409,False
baselines___legacy_score_thr_0__s0_036_mrdetralign_bbox_seed456,baselines,s0,456,val,philip,False,tool,AP,Gauze,0.226914,False
baselines___legacy_score_thr_0__s0_036_mrdetralign_bbox_seed456,baselines,s0,456,val,philip,False,tool,AP,Hook,0.629309,False
baselines___legacy_score_thr_0__s0_036_mrdetralign_bbox_seed456,baselines,s0,456,val,philip,False,tool,AP,Mouth Gag,0.806276,False
baselines___legacy_score_thr_0__s0_036_mrdetralign_bbox_seed456,baselines,s0,456,val,philip,False,tool,AP,Needle Holders,0.857307,False
baselines___legacy_score_thr_0__s0_036_mrdetralign_bbox_seed456,baselines,s0,456,val,philip,False,tool,AP,Raspatory,0.706607,False
baselines___legacy_score_thr_0__s0_036_mrdetralign_bbox_seed456,baselines,s0,456,val,philip,False,tool,AP,Retractor,,True
baselines___legacy_score_thr_0__s0_036_mrdetralign_bbox_seed456,baselines,s0,456,val,philip,False,tool,AP,Scalpel,0.916301,False
baselines___legacy_score_thr_0__s0_036_mrdetralign_bbox_seed456,baselines,s0,456,val,philip,False,tool,AP,Scissors,0.680977,False
baselines___legacy_score_thr_0__s0_036_mrdetralign_bbox_seed456,baselines,s0,456,val,philip,False,tool,AP,Skewer,0.944975,False
baselines___legacy_score_thr_0__s0_036_mrdetralign_bbox_seed456,baselines,s0,456,val,philip,False,tool,AP,Suction Cannula,0.815863,False
baselines___legacy_score_thr_0__s0_036_mrdetralign_bbox_seed456,baselines,s0,456,val,philip,False,tool,AP,Syringe,0.599216,False
baselines___legacy_score_thr_0__s0_036_mrdetralign_bbox_seed456,baselines,s0,456,val,philip,False,tool,AP,Tweezers,0.783913,False
baselines___legacy_score_thr_0__s0_037_dacdetr_bbox_seed42,baselines,s0,42,val,philip,False,tool,AP,Bipolar Forceps,0.7602468669356394,False
baselines___legacy_score_thr_0__s0_037_dacdetr_bbox_seed42,baselines,s0,42,val,philip,False,tool,AP,Electric Cautery,0.9587014170784403,False
baselines___legacy_score_thr_0__s0_037_dacdetr_bbox_seed42,baselines,s0,42,val,philip,False,tool,AP,Forceps,0.2945980397602786,False
baselines___legacy_score_thr_0__s0_037_dacdetr_bbox_seed42,baselines,s0,42,val,philip,False,tool,AP,Gauze,0.26176673423819363,False
baselines___legacy_score_thr_0__s0_037_dacdetr_bbox_seed42,baselines,s0,42,val,philip,False,tool,AP,Hook,0.5567180212105223,False
baselines___legacy_score_thr_0__s0_037_dacdetr_bbox_seed42,baselines,s0,42,val,philip,False,tool,AP,Mouth Gag,0.8039142966841444,False
baselines___legacy_score_thr_0__s0_037_dacdetr_bbox_seed42,baselines,s0,42,val,philip,False,tool,AP,Needle Holders,0.8416625464148783,False
baselines___legacy_score_thr_0__s0_037_dacdetr_bbox_seed42,baselines,s0,42,val,philip,False,tool,AP,Raspatory,0.7729308734784395,False
baselines___legacy_score_thr_0__s0_037_dacdetr_bbox_seed42,baselines,s0,42,val,philip,False,tool,AP,Retractor,,True
baselines___legacy_score_thr_0__s0_037_dacdetr_bbox_seed42,baselines,s0,42,val,philip,False,tool,AP,Scalpel,0.9266240453820891,False
baselines___legacy_score_thr_0__s0_037_dacdetr_bbox_seed42,baselines,s0,42,val,philip,False,tool,AP,Scissors,0.7027140972956228,False
baselines___legacy_score_thr_0__s0_037_dacdetr_bbox_seed42,baselines,s0,42,val,philip,False,tool,AP,Skewer,0.9395736121095137,False
baselines___legacy_score_thr_0__s0_037_dacdetr_bbox_seed42,baselines,s0,42,val,philip,False,tool,AP,Suction Cannula,0.8228059936849381,False
baselines___legacy_score_thr_0__s0_037_dacdetr_bbox_seed42,baselines,s0,42,val,philip,False,tool,AP,Syringe,0.6161240919837825,False
baselines___legacy_score_thr_0__s0_037_dacdetr_bbox_seed42,baselines,s0,42,val,philip,False,tool,AP,Tweezers,0.7728260411834167,False
baselines___legacy_score_thr_0__s0_038_dacdetr_bbox_seed123,baselines,s0,123,val,philip,False,tool,AP,Bipolar Forceps,0.7401114310291355,False
baselines___legacy_score_thr_0__s0_038_dacdetr_bbox_seed123,baselines,s0,123,val,philip,False,tool,AP,Electric Cautery,0.9675037046315069,False
baselines___legacy_score_thr_0__s0_038_dacdetr_bbox_seed123,baselines,s0,123,val,philip,False,tool,AP,Forceps,0.3316864953132209,False
baselines___legacy_score_thr_0__s0_038_dacdetr_bbox_seed123,baselines,s0,123,val,philip,False,tool,AP,Gauze,0.2681049554880175,False
baselines___legacy_score_thr_0__s0_038_dacdetr_bbox_seed123,baselines,s0,123,val,philip,False,tool,AP,Hook,0.5231905421829842,False
baselines___legacy_score_thr_0__s0_038_dacdetr_bbox_seed123,baselines,s0,123,val,philip,False,tool,AP,Mouth Gag,0.8128447618911941,False
baselines___legacy_score_thr_0__s0_038_dacdetr_bbox_seed123,baselines,s0,123,val,philip,False,tool,AP,Needle Holders,0.8541123259743585,False
baselines___legacy_score_thr_0__s0_038_dacdetr_bbox_seed123,baselines,s0,123,val,philip,False,tool,AP,Raspatory,0.7535643214868557,False
baselines___legacy_score_thr_0__s0_038_dacdetr_bbox_seed123,baselines,s0,123,val,philip,False,tool,AP,Retractor,,True
baselines___legacy_score_thr_0__s0_038_dacdetr_bbox_seed123,baselines,s0,123,val,philip,False,tool,AP,Scalpel,0.9375804701595423,False
baselines___legacy_score_thr_0__s0_038_dacdetr_bbox_seed123,baselines,s0,123,val,philip,False,tool,AP,Scissors,0.6917185360797773,False
baselines___legacy_score_thr_0__s0_038_dacdetr_bbox_seed123,baselines,s0,123,val,philip,False,tool,AP,Skewer,0.9482827490524073,False
baselines___legacy_score_thr_0__s0_038_dacdetr_bbox_seed123,baselines,s0,123,val,philip,False,tool,AP,Suction Cannula,0.8187974952479056,False
baselines___legacy_score_thr_0__s0_038_dacdetr_bbox_seed123,baselines,s0,123,val,philip,False,tool,AP,Syringe,0.6162205313637601,False
baselines___legacy_score_thr_0__s0_038_dacdetr_bbox_seed123,baselines,s0,123,val,philip,False,tool,AP,Tweezers,0.7713832225083096,False
baselines___legacy_score_thr_0__s0_039_dacdetr_bbox_seed456,baselines,s0,456,val,philip,False,tool,AP,Bipolar Forceps,0.7701285724312568,False
baselines___legacy_score_thr_0__s0_039_dacdetr_bbox_seed456,baselines,s0,456,val,philip,False,tool,AP,Electric Cautery,0.9587485884177062,False
baselines___legacy_score_thr_0__s0_039_dacdetr_bbox_seed456,baselines,s0,456,val,philip,False,tool,AP,Forceps,0.32495262616515747,False
baselines___legacy_score_thr_0__s0_039_dacdetr_bbox_seed456,baselines,s0,456,val,philip,False,tool,AP,Gauze,0.2725070658283431,False
baselines___legacy_score_thr_0__s0_039_dacdetr_bbox_seed456,baselines,s0,456,val,philip,False,tool,AP,Hook,0.5670269911279728,False
baselines___legacy_score_thr_0__s0_039_dacdetr_bbox_seed456,baselines,s0,456,val,philip,False,tool,AP,Mouth Gag,0.8067230185479632,False
baselines___legacy_score_thr_0__s0_039_dacdetr_bbox_seed456,baselines,s0,456,val,philip,False,tool,AP,Needle Holders,0.8481446574890937,False
baselines___legacy_score_thr_0__s0_039_dacdetr_bbox_seed456,baselines,s0,456,val,philip,False,tool,AP,Raspatory,0.723153683346025,False
baselines___legacy_score_thr_0__s0_039_dacdetr_bbox_seed456,baselines,s0,456,val,philip,False,tool,AP,Retractor,,True
baselines___legacy_score_thr_0__s0_039_dacdetr_bbox_seed456,baselines,s0,456,val,philip,False,tool,AP,Scalpel,0.9263494828994516,False
baselines___legacy_score_thr_0__s0_039_dacdetr_bbox_seed456,baselines,s0,456,val,philip,False,tool,AP,Scissors,0.7005247348848009,False
baselines___legacy_score_thr_0__s0_039_dacdetr_bbox_seed456,baselines,s0,456,val,philip,False,tool,AP,Skewer,0.9542053981203059,False
baselines___legacy_score_thr_0__s0_039_dacdetr_bbox_seed456,baselines,s0,456,val,philip,False,tool,AP,Suction Cannula,0.8019543268988819,False
baselines___legacy_score_thr_0__s0_039_dacdetr_bbox_seed456,baselines,s0,456,val,philip,False,tool,AP,Syringe,0.5949513559949164,False
baselines___legacy_score_thr_0__s0_039_dacdetr_bbox_seed456,baselines,s0,456,val,philip,False,tool,AP,Tweezers,0.7759348014272252,False
baselines___legacy_score_thr_0__s0_frozen_001_relationdetr_s0frozen_cocohead_seed42,baselines,s0_frozen,42,val,lecun,False,tool,AP,Bipolar Forceps,0.7508640856427741,False
baselines___legacy_score_thr_0__s0_frozen_001_relationdetr_s0frozen_cocohead_seed42,baselines,s0_frozen,42,val,lecun,False,tool,AP,Electric Cautery,0.9625304169384109,False
baselines___legacy_score_thr_0__s0_frozen_001_relationdetr_s0frozen_cocohead_seed42,baselines,s0_frozen,42,val,lecun,False,tool,AP,Forceps,0.31352657349236174,False
baselines___legacy_score_thr_0__s0_frozen_001_relationdetr_s0frozen_cocohead_seed42,baselines,s0_frozen,42,val,lecun,False,tool,AP,Gauze,0.274864382207492,False
baselines___legacy_score_thr_0__s0_frozen_001_relationdetr_s0frozen_cocohead_seed42,baselines,s0_frozen,42,val,lecun,False,tool,AP,Hook,0.5569152763291142,False
baselines___legacy_score_thr_0__s0_frozen_001_relationdetr_s0frozen_cocohead_seed42,baselines,s0_frozen,42,val,lecun,False,tool,AP,Mouth Gag,0.7882852240626886,False
baselines___legacy_score_thr_0__s0_frozen_001_relationdetr_s0frozen_cocohead_seed42,baselines,s0_frozen,42,val,lecun,False,tool,AP,Needle Holders,0.8109069875977415,False
baselines___legacy_score_thr_0__s0_frozen_001_relationdetr_s0frozen_cocohead_seed42,baselines,s0_frozen,42,val,lecun,False,tool,AP,Raspatory,0.7981784841330049,False
baselines___legacy_score_thr_0__s0_frozen_001_relationdetr_s0frozen_cocohead_seed42,baselines,s0_frozen,42,val,lecun,False,tool,AP,Retractor,,True
baselines___legacy_score_thr_0__s0_frozen_001_relationdetr_s0frozen_cocohead_seed42,baselines,s0_frozen,42,val,lecun,False,tool,AP,Scalpel,0.8902289765792396,False
baselines___legacy_score_thr_0__s0_frozen_001_relationdetr_s0frozen_cocohead_seed42,baselines,s0_frozen,42,val,lecun,False,tool,AP,Scissors,0.6874302408473273,False
baselines___legacy_score_thr_0__s0_frozen_001_relationdetr_s0frozen_cocohead_seed42,baselines,s0_frozen,42,val,lecun,False,tool,AP,Skewer,0.9499415019566093,False
baselines___legacy_score_thr_0__s0_frozen_001_relationdetr_s0frozen_cocohead_seed42,baselines,s0_frozen,42,val,lecun,False,tool,AP,Suction Cannula,0.8301536848335112,False
baselines___legacy_score_thr_0__s0_frozen_001_relationdetr_s0frozen_cocohead_seed42,baselines,s0_frozen,42,val,lecun,False,tool,AP,Syringe,0.574972927797571,False
baselines___legacy_score_thr_0__s0_frozen_001_relationdetr_s0frozen_cocohead_seed42,baselines,s0_frozen,42,val,lecun,False,tool,AP,Tweezers,0.7513072810969342,False
baselines___legacy_score_thr_0__s0_frozen_002_relationdetr_s0frozen_cocohead_seed123,baselines,s0_frozen,123,val,lecun,False,tool,AP,Bipolar Forceps,0.720498179955685,False
baselines___legacy_score_thr_0__s0_frozen_002_relationdetr_s0frozen_cocohead_seed123,baselines,s0_frozen,123,val,lecun,False,tool,AP,Electric Cautery,0.9528545285774863,False
baselines___legacy_score_thr_0__s0_frozen_002_relationdetr_s0frozen_cocohead_seed123,baselines,s0_frozen,123,val,lecun,False,tool,AP,Forceps,0.2927472844489154,False
baselines___legacy_score_thr_0__s0_frozen_002_relationdetr_s0frozen_cocohead_seed123,baselines,s0_frozen,123,val,lecun,False,tool,AP,Gauze,0.28611998687352896,False
baselines___legacy_score_thr_0__s0_frozen_002_relationdetr_s0frozen_cocohead_seed123,baselines,s0_frozen,123,val,lecun,False,tool,AP,Hook,0.5829585689479522,False
baselines___legacy_score_thr_0__s0_frozen_002_relationdetr_s0frozen_cocohead_seed123,baselines,s0_frozen,123,val,lecun,False,tool,AP,Mouth Gag,0.7875704100638422,False
baselines___legacy_score_thr_0__s0_frozen_002_relationdetr_s0frozen_cocohead_seed123,baselines,s0_frozen,123,val,lecun,False,tool,AP,Needle Holders,0.7785732514295571,False
baselines___legacy_score_thr_0__s0_frozen_002_relationdetr_s0frozen_cocohead_seed123,baselines,s0_frozen,123,val,lecun,False,tool,AP,Raspatory,0.7651679743551457,False
baselines___legacy_score_thr_0__s0_frozen_002_relationdetr_s0frozen_cocohead_seed123,baselines,s0_frozen,123,val,lecun,False,tool,AP,Retractor,,True
baselines___legacy_score_thr_0__s0_frozen_002_relationdetr_s0frozen_cocohead_seed123,baselines,s0_frozen,123,val,lecun,False,tool,AP,Scalpel,0.9026713902550328,False
baselines___legacy_score_thr_0__s0_frozen_002_relationdetr_s0frozen_cocohead_seed123,baselines,s0_frozen,123,val,lecun,False,tool,AP,Scissors,0.6554955538793298,False
baselines___legacy_score_thr_0__s0_frozen_002_relationdetr_s0frozen_cocohead_seed123,baselines,s0_frozen,123,val,lecun,False,tool,AP,Skewer,0.9206676782050697,False
baselines___legacy_score_thr_0__s0_frozen_002_relationdetr_s0frozen_cocohead_seed123,baselines,s0_frozen,123,val,lecun,False,tool,AP,Suction Cannula,0.7947228666629357,False
baselines___legacy_score_thr_0__s0_frozen_002_relationdetr_s0frozen_cocohead_seed123,baselines,s0_frozen,123,val,lecun,False,tool,AP,Syringe,0.6087135352391623,False
baselines___legacy_score_thr_0__s0_frozen_002_relationdetr_s0frozen_cocohead_seed123,baselines,s0_frozen,123,val,lecun,False,tool,AP,Tweezers,0.7474081174780156,False
baselines___legacy_score_thr_0__s0_frozen_003_relationdetr_s0frozen_cocohead_seed456,baselines,s0_frozen,456,val,lecun,False,tool,AP,Bipolar Forceps,0.7460925586634718,False
baselines___legacy_score_thr_0__s0_frozen_003_relationdetr_s0frozen_cocohead_seed456,baselines,s0_frozen,456,val,lecun,False,tool,AP,Electric Cautery,0.956293611995496,False
baselines___legacy_score_thr_0__s0_frozen_003_relationdetr_s0frozen_cocohead_seed456,baselines,s0_frozen,456,val,lecun,False,tool,AP,Forceps,0.31269007535056004,False
baselines___legacy_score_thr_0__s0_frozen_003_relationdetr_s0frozen_cocohead_seed456,baselines,s0_frozen,456,val,lecun,False,tool,AP,Gauze,0.2908963651705328,False
baselines___legacy_score_thr_0__s0_frozen_003_relationdetr_s0frozen_cocohead_seed456,baselines,s0_frozen,456,val,lecun,False,tool,AP,Hook,0.5332572748829364,False
baselines___legacy_score_thr_0__s0_frozen_003_relationdetr_s0frozen_cocohead_seed456,baselines,s0_frozen,456,val,lecun,False,tool,AP,Mouth Gag,0.7971583686641286,False
baselines___legacy_score_thr_0__s0_frozen_003_relationdetr_s0frozen_cocohead_seed456,baselines,s0_frozen,456,val,lecun,False,tool,AP,Needle Holders,0.8256480488498106,False
baselines___legacy_score_thr_0__s0_frozen_003_relationdetr_s0frozen_cocohead_seed456,baselines,s0_frozen,456,val,lecun,False,tool,AP,Raspatory,0.7751279973413755,False
baselines___legacy_score_thr_0__s0_frozen_003_relationdetr_s0frozen_cocohead_seed456,baselines,s0_frozen,456,val,lecun,False,tool,AP,Retractor,,True
baselines___legacy_score_thr_0__s0_frozen_003_relationdetr_s0frozen_cocohead_seed456,baselines,s0_frozen,456,val,lecun,False,tool,AP,Scalpel,0.8856156044444338,False
baselines___legacy_score_thr_0__s0_frozen_003_relationdetr_s0frozen_cocohead_seed456,baselines,s0_frozen,456,val,lecun,False,tool,AP,Scissors,0.6912856611862638,False
baselines___legacy_score_thr_0__s0_frozen_003_relationdetr_s0frozen_cocohead_seed456,baselines,s0_frozen,456,val,lecun,False,tool,AP,Skewer,0.9332903133464153,False
baselines___legacy_score_thr_0__s0_frozen_003_relationdetr_s0frozen_cocohead_seed456,baselines,s0_frozen,456,val,lecun,False,tool,AP,Suction Cannula,0.8145706262635112,False
baselines___legacy_score_thr_0__s0_frozen_003_relationdetr_s0frozen_cocohead_seed456,baselines,s0_frozen,456,val,lecun,False,tool,AP,Syringe,0.5625410815935296,False
baselines___legacy_score_thr_0__s0_frozen_003_relationdetr_s0frozen_cocohead_seed456,baselines,s0_frozen,456,val,lecun,False,tool,AP,Tweezers,0.7551474467776933,False
baselines___legacy_score_thr_0__s0_frozen_004_relationdetr_s0frozen_neck_cocohead_seed42,baselines,s0_frozen,42,val,lecun,False,tool,AP,Bipolar Forceps,0.7678290792739881,False
baselines___legacy_score_thr_0__s0_frozen_004_relationdetr_s0frozen_neck_cocohead_seed42,baselines,s0_frozen,42,val,lecun,False,tool,AP,Electric Cautery,0.9561760812470737,False
baselines___legacy_score_thr_0__s0_frozen_004_relationdetr_s0frozen_neck_cocohead_seed42,baselines,s0_frozen,42,val,lecun,False,tool,AP,Forceps,0.3409768634957086,False
baselines___legacy_score_thr_0__s0_frozen_004_relationdetr_s0frozen_neck_cocohead_seed42,baselines,s0_frozen,42,val,lecun,False,tool,AP,Gauze,0.27504938226523995,False
baselines___legacy_score_thr_0__s0_frozen_004_relationdetr_s0frozen_neck_cocohead_seed42,baselines,s0_frozen,42,val,lecun,False,tool,AP,Hook,0.5838153940254179,False
baselines___legacy_score_thr_0__s0_frozen_004_relationdetr_s0frozen_neck_cocohead_seed42,baselines,s0_frozen,42,val,lecun,False,tool,AP,Mouth Gag,0.7943043893756936,False
baselines___legacy_score_thr_0__s0_frozen_004_relationdetr_s0frozen_neck_cocohead_seed42,baselines,s0_frozen,42,val,lecun,False,tool,AP,Needle Holders,0.8331230502331849,False
baselines___legacy_score_thr_0__s0_frozen_004_relationdetr_s0frozen_neck_cocohead_seed42,baselines,s0_frozen,42,val,lecun,False,tool,AP,Raspatory,0.7970828357198743,False
baselines___legacy_score_thr_0__s0_frozen_004_relationdetr_s0frozen_neck_cocohead_seed42,baselines,s0_frozen,42,val,lecun,False,tool,AP,Retractor,,True
baselines___legacy_score_thr_0__s0_frozen_004_relationdetr_s0frozen_neck_cocohead_seed42,baselines,s0_frozen,42,val,lecun,False,tool,AP,Scalpel,0.8826753908434392,False
baselines___legacy_score_thr_0__s0_frozen_004_relationdetr_s0frozen_neck_cocohead_seed42,baselines,s0_frozen,42,val,lecun,False,tool,AP,Scissors,0.7105496940585064,False
baselines___legacy_score_thr_0__s0_frozen_004_relationdetr_s0frozen_neck_cocohead_seed42,baselines,s0_frozen,42,val,lecun,False,tool,AP,Skewer,0.9286136928930814,False
baselines___legacy_score_thr_0__s0_frozen_004_relationdetr_s0frozen_neck_cocohead_seed42,baselines,s0_frozen,42,val,lecun,False,tool,AP,Suction Cannula,0.8246281521385395,False
baselines___legacy_score_thr_0__s0_frozen_004_relationdetr_s0frozen_neck_cocohead_seed42,baselines,s0_frozen,42,val,lecun,False,tool,AP,Syringe,0.5742741728868225,False
baselines___legacy_score_thr_0__s0_frozen_004_relationdetr_s0frozen_neck_cocohead_seed42,baselines,s0_frozen,42,val,lecun,False,tool,AP,Tweezers,0.753239961422244,False
baselines___legacy_score_thr_0__s0_frozen_005_relationdetr_s0frozen_neck_cocohead_seed123,baselines,s0_frozen,123,val,lecun,False,tool,AP,Bipolar Forceps,0.7357202022878137,False
baselines___legacy_score_thr_0__s0_frozen_005_relationdetr_s0frozen_neck_cocohead_seed123,baselines,s0_frozen,123,val,lecun,False,tool,AP,Electric Cautery,0.9618343007408772,False
baselines___legacy_score_thr_0__s0_frozen_005_relationdetr_s0frozen_neck_cocohead_seed123,baselines,s0_frozen,123,val,lecun,False,tool,AP,Forceps,0.33633215816916173,False
baselines___legacy_score_thr_0__s0_frozen_005_relationdetr_s0frozen_neck_cocohead_seed123,baselines,s0_frozen,123,val,lecun,False,tool,AP,Gauze,0.27627993677103235,False
baselines___legacy_score_thr_0__s0_frozen_005_relationdetr_s0frozen_neck_cocohead_seed123,baselines,s0_frozen,123,val,lecun,False,tool,AP,Hook,0.5001719427026633,False
baselines___legacy_score_thr_0__s0_frozen_005_relationdetr_s0frozen_neck_cocohead_seed123,baselines,s0_frozen,123,val,lecun,False,tool,AP,Mouth Gag,0.7888830035003225,False
baselines___legacy_score_thr_0__s0_frozen_005_relationdetr_s0frozen_neck_cocohead_seed123,baselines,s0_frozen,123,val,lecun,False,tool,AP,Needle Holders,0.8357030438287684,False
baselines___legacy_score_thr_0__s0_frozen_005_relationdetr_s0frozen_neck_cocohead_seed123,baselines,s0_frozen,123,val,lecun,False,tool,AP,Raspatory,0.6837725316764861,False
baselines___legacy_score_thr_0__s0_frozen_005_relationdetr_s0frozen_neck_cocohead_seed123,baselines,s0_frozen,123,val,lecun,False,tool,AP,Retractor,,True
baselines___legacy_score_thr_0__s0_frozen_005_relationdetr_s0frozen_neck_cocohead_seed123,baselines,s0_frozen,123,val,lecun,False,tool,AP,Scalpel,0.9059060786650766,False
baselines___legacy_score_thr_0__s0_frozen_005_relationdetr_s0frozen_neck_cocohead_seed123,baselines,s0_frozen,123,val,lecun,False,tool,AP,Scissors,0.6801380035458526,False
baselines___legacy_score_thr_0__s0_frozen_005_relationdetr_s0frozen_neck_cocohead_seed123,baselines,s0_frozen,123,val,lecun,False,tool,AP,Skewer,0.923623497052952,False
baselines___legacy_score_thr_0__s0_frozen_005_relationdetr_s0frozen_neck_cocohead_seed123,baselines,s0_frozen,123,val,lecun,False,tool,AP,Suction Cannula,0.8154807305530938,False
baselines___legacy_score_thr_0__s0_frozen_005_relationdetr_s0frozen_neck_cocohead_seed123,baselines,s0_frozen,123,val,lecun,False,tool,AP,Syringe,0.5918373874412145,False
baselines___legacy_score_thr_0__s0_frozen_005_relationdetr_s0frozen_neck_cocohead_seed123,baselines,s0_frozen,123,val,lecun,False,tool,AP,Tweezers,0.7526398346065363,False
baselines___legacy_score_thr_0__s0_frozen_006_relationdetr_s0frozen_neck_cocohead_seed456,baselines,s0_frozen,456,val,lecun,False,tool,AP,Bipolar Forceps,0.7894593495152522,False
baselines___legacy_score_thr_0__s0_frozen_006_relationdetr_s0frozen_neck_cocohead_seed456,baselines,s0_frozen,456,val,lecun,False,tool,AP,Electric Cautery,0.9623912300468747,False
baselines___legacy_score_thr_0__s0_frozen_006_relationdetr_s0frozen_neck_cocohead_seed456,baselines,s0_frozen,456,val,lecun,False,tool,AP,Forceps,0.3108887668898397,False
baselines___legacy_score_thr_0__s0_frozen_006_relationdetr_s0frozen_neck_cocohead_seed456,baselines,s0_frozen,456,val,lecun,False,tool,AP,Gauze,0.26775069705051063,False
baselines___legacy_score_thr_0__s0_frozen_006_relationdetr_s0frozen_neck_cocohead_seed456,baselines,s0_frozen,456,val,lecun,False,tool,AP,Hook,0.5379148869657486,False
baselines___legacy_score_thr_0__s0_frozen_006_relationdetr_s0frozen_neck_cocohead_seed456,baselines,s0_frozen,456,val,lecun,False,tool,AP,Mouth Gag,0.8044033156789435,False
baselines___legacy_score_thr_0__s0_frozen_006_relationdetr_s0frozen_neck_cocohead_seed456,baselines,s0_frozen,456,val,lecun,False,tool,AP,Needle Holders,0.8378133201458389,False
baselines___legacy_score_thr_0__s0_frozen_006_relationdetr_s0frozen_neck_cocohead_seed456,baselines,s0_frozen,456,val,lecun,False,tool,AP,Raspatory,0.7690140885473884,False
baselines___legacy_score_thr_0__s0_frozen_006_relationdetr_s0frozen_neck_cocohead_seed456,baselines,s0_frozen,456,val,lecun,False,tool,AP,Retractor,,True
baselines___legacy_score_thr_0__s0_frozen_006_relationdetr_s0frozen_neck_cocohead_seed456,baselines,s0_frozen,456,val,lecun,False,tool,AP,Scalpel,0.9027821139070734,False
baselines___legacy_score_thr_0__s0_frozen_006_relationdetr_s0frozen_neck_cocohead_seed456,baselines,s0_frozen,456,val,lecun,False,tool,AP,Scissors,0.664950450179613,False
baselines___legacy_score_thr_0__s0_frozen_006_relationdetr_s0frozen_neck_cocohead_seed456,baselines,s0_frozen,456,val,lecun,False,tool,AP,Skewer,0.9495985983353972,False
baselines___legacy_score_thr_0__s0_frozen_006_relationdetr_s0frozen_neck_cocohead_seed456,baselines,s0_frozen,456,val,lecun,False,tool,AP,Suction Cannula,0.8244697836400107,False
baselines___legacy_score_thr_0__s0_frozen_006_relationdetr_s0frozen_neck_cocohead_seed456,baselines,s0_frozen,456,val,lecun,False,tool,AP,Syringe,0.608450773182518,False
baselines___legacy_score_thr_0__s0_frozen_006_relationdetr_s0frozen_neck_cocohead_seed456,baselines,s0_frozen,456,val,lecun,False,tool,AP,Tweezers,0.760328369537826,False
baselines___smoke_ddq__s0_010_ddq_smoke_seed42,baselines,s0,42,val,,True,tool,AP,Bipolar Forceps,0.0,False
baselines___smoke_ddq__s0_010_ddq_smoke_seed42,baselines,s0,42,val,,True,tool,AP,Electric Cautery,0.0,False
baselines___smoke_ddq__s0_010_ddq_smoke_seed42,baselines,s0,42,val,,True,tool,AP,Forceps,0.0,False
baselines___smoke_ddq__s0_010_ddq_smoke_seed42,baselines,s0,42,val,,True,tool,AP,Gauze,0.0,False
baselines___smoke_ddq__s0_010_ddq_smoke_seed42,baselines,s0,42,val,,True,tool,AP,Hook,0.0,False
baselines___smoke_ddq__s0_010_ddq_smoke_seed42,baselines,s0,42,val,,True,tool,AP,Mouth Gag,0.0,False
baselines___smoke_ddq__s0_010_ddq_smoke_seed42,baselines,s0,42,val,,True,tool,AP,Needle Holders,0.0,False
baselines___smoke_ddq__s0_010_ddq_smoke_seed42,baselines,s0,42,val,,True,tool,AP,Raspatory,0.0,False
baselines___smoke_ddq__s0_010_ddq_smoke_seed42,baselines,s0,42,val,,True,tool,AP,Retractor,,True
baselines___smoke_ddq__s0_010_ddq_smoke_seed42,baselines,s0,42,val,,True,tool,AP,Scalpel,0.0,False
baselines___smoke_ddq__s0_010_ddq_smoke_seed42,baselines,s0,42,val,,True,tool,AP,Scissors,0.0,False
baselines___smoke_ddq__s0_010_ddq_smoke_seed42,baselines,s0,42,val,,True,tool,AP,Skewer,0.0,False
baselines___smoke_ddq__s0_010_ddq_smoke_seed42,baselines,s0,42,val,,True,tool,AP,Suction Cannula,0.0,False
baselines___smoke_ddq__s0_010_ddq_smoke_seed42,baselines,s0,42,val,,True,tool,AP,Syringe,0.0,False
baselines___smoke_ddq__s0_010_ddq_smoke_seed42,baselines,s0,42,val,,True,tool,AP,Tweezers,0.0,False
baselines___smoke_e3__s0_001_smoke_e3_seed42,baselines,s0,42,val,,True,tool,AP,Bipolar Forceps,0.049,False
baselines___smoke_e3__s0_001_smoke_e3_seed42,baselines,s0,42,val,,True,tool,AP,Electric Cautery,0.891,False
baselines___smoke_e3__s0_001_smoke_e3_seed42,baselines,s0,42,val,,True,tool,AP,Forceps,0.191,False
baselines___smoke_e3__s0_001_smoke_e3_seed42,baselines,s0,42,val,,True,tool,AP,Gauze,0.159,False
baselines___smoke_e3__s0_001_smoke_e3_seed42,baselines,s0,42,val,,True,tool,AP,Hook,0.146,False
baselines___smoke_e3__s0_001_smoke_e3_seed42,baselines,s0,42,val,,True,tool,AP,Mouth Gag,0.735,False
baselines___smoke_e3__s0_001_smoke_e3_seed42,baselines,s0,42,val,,True,tool,AP,Needle Holders,0.677,False
baselines___smoke_e3__s0_001_smoke_e3_seed42,baselines,s0,42,val,,True,tool,AP,Raspatory,0.159,False
baselines___smoke_e3__s0_001_smoke_e3_seed42,baselines,s0,42,val,,True,tool,AP,Retractor,,True
baselines___smoke_e3__s0_001_smoke_e3_seed42,baselines,s0,42,val,,True,tool,AP,Scalpel,0.543,False
baselines___smoke_e3__s0_001_smoke_e3_seed42,baselines,s0,42,val,,True,tool,AP,Scissors,0.318,False
baselines___smoke_e3__s0_001_smoke_e3_seed42,baselines,s0,42,val,,True,tool,AP,Skewer,0.459,False
baselines___smoke_e3__s0_001_smoke_e3_seed42,baselines,s0,42,val,,True,tool,AP,Suction Cannula,0.663,False
baselines___smoke_e3__s0_001_smoke_e3_seed42,baselines,s0,42,val,,True,tool,AP,Syringe,0.412,False
baselines___smoke_e3__s0_001_smoke_e3_seed42,baselines,s0,42,val,,True,tool,AP,Tweezers,0.631,False
baselines___smoke_prior_simplehead__s0_001_maskdino_bbox_seed42,baselines,s0,42,val,,True,tool,AP,Bipolar Forceps,0.0,False
baselines___smoke_prior_simplehead__s0_001_maskdino_bbox_seed42,baselines,s0,42,val,,True,tool,AP,Electric Cautery,0.0,False
baselines___smoke_prior_simplehead__s0_001_maskdino_bbox_seed42,baselines,s0,42,val,,True,tool,AP,Forceps,0.0,False
baselines___smoke_prior_simplehead__s0_001_maskdino_bbox_seed42,baselines,s0,42,val,,True,tool,AP,Gauze,0.0,False
baselines___smoke_prior_simplehead__s0_001_maskdino_bbox_seed42,baselines,s0,42,val,,True,tool,AP,Hook,0.0,False
baselines___smoke_prior_simplehead__s0_001_maskdino_bbox_seed42,baselines,s0,42,val,,True,tool,AP,Mouth Gag,0.0,False
baselines___smoke_prior_simplehead__s0_001_maskdino_bbox_seed42,baselines,s0,42,val,,True,tool,AP,Needle Holders,0.0,False
baselines___smoke_prior_simplehead__s0_001_maskdino_bbox_seed42,baselines,s0,42,val,,True,tool,AP,Raspatory,0.0,False
baselines___smoke_prior_simplehead__s0_001_maskdino_bbox_seed42,baselines,s0,42,val,,True,tool,AP,Retractor,0.0,False
baselines___smoke_prior_simplehead__s0_001_maskdino_bbox_seed42,baselines,s0,42,val,,True,tool,AP,Scalpel,0.0,False
baselines___smoke_prior_simplehead__s0_001_maskdino_bbox_seed42,baselines,s0,42,val,,True,tool,AP,Scissors,0.0,False
baselines___smoke_prior_simplehead__s0_001_maskdino_bbox_seed42,baselines,s0,42,val,,True,tool,AP,Skewer,0.0033479674911226576,False
baselines___smoke_prior_simplehead__s0_001_maskdino_bbox_seed42,baselines,s0,42,val,,True,tool,AP,Suction Cannula,0.0,False
baselines___smoke_prior_simplehead__s0_001_maskdino_bbox_seed42,baselines,s0,42,val,,True,tool,AP,Syringe,0.0,False
baselines___smoke_prior_simplehead__s0_001_maskdino_bbox_seed42,baselines,s0,42,val,,True,tool,AP,Tweezers,0.0,False
baselines___smoke_prior_simplehead__s0_002_maskdino_bbox_seed123,baselines,s0,123,val,,True,tool,AP,Bipolar Forceps,0.0,False
baselines___smoke_prior_simplehead__s0_002_maskdino_bbox_seed123,baselines,s0,123,val,,True,tool,AP,Electric Cautery,0.0,False
baselines___smoke_prior_simplehead__s0_002_maskdino_bbox_seed123,baselines,s0,123,val,,True,tool,AP,Forceps,0.0,False
baselines___smoke_prior_simplehead__s0_002_maskdino_bbox_seed123,baselines,s0,123,val,,True,tool,AP,Gauze,0.0,False
baselines___smoke_prior_simplehead__s0_002_maskdino_bbox_seed123,baselines,s0,123,val,,True,tool,AP,Hook,0.0,False
baselines___smoke_prior_simplehead__s0_002_maskdino_bbox_seed123,baselines,s0,123,val,,True,tool,AP,Mouth Gag,0.0,False
baselines___smoke_prior_simplehead__s0_002_maskdino_bbox_seed123,baselines,s0,123,val,,True,tool,AP,Needle Holders,0.0,False
baselines___smoke_prior_simplehead__s0_002_maskdino_bbox_seed123,baselines,s0,123,val,,True,tool,AP,Raspatory,0.0,False
baselines___smoke_prior_simplehead__s0_002_maskdino_bbox_seed123,baselines,s0,123,val,,True,tool,AP,Retractor,0.0,False
baselines___smoke_prior_simplehead__s0_002_maskdino_bbox_seed123,baselines,s0,123,val,,True,tool,AP,Scalpel,0.0,False
baselines___smoke_prior_simplehead__s0_002_maskdino_bbox_seed123,baselines,s0,123,val,,True,tool,AP,Scissors,0.0,False
baselines___smoke_prior_simplehead__s0_002_maskdino_bbox_seed123,baselines,s0,123,val,,True,tool,AP,Skewer,0.012473301834337886,False
baselines___smoke_prior_simplehead__s0_002_maskdino_bbox_seed123,baselines,s0,123,val,,True,tool,AP,Suction Cannula,0.0,False
baselines___smoke_prior_simplehead__s0_002_maskdino_bbox_seed123,baselines,s0,123,val,,True,tool,AP,Syringe,0.0,False
baselines___smoke_prior_simplehead__s0_002_maskdino_bbox_seed123,baselines,s0,123,val,,True,tool,AP,Tweezers,0.0,False
baselines___smoke_prior_simplehead__s0_003_maskdino_bbox_seed456,baselines,s0,456,val,,True,tool,AP,Bipolar Forceps,0.0,False
baselines___smoke_prior_simplehead__s0_003_maskdino_bbox_seed456,baselines,s0,456,val,,True,tool,AP,Electric Cautery,0.0,False
baselines___smoke_prior_simplehead__s0_003_maskdino_bbox_seed456,baselines,s0,456,val,,True,tool,AP,Forceps,0.0,False
baselines___smoke_prior_simplehead__s0_003_maskdino_bbox_seed456,baselines,s0,456,val,,True,tool,AP,Gauze,0.0,False
baselines___smoke_prior_simplehead__s0_003_maskdino_bbox_seed456,baselines,s0,456,val,,True,tool,AP,Hook,0.0,False
baselines___smoke_prior_simplehead__s0_003_maskdino_bbox_seed456,baselines,s0,456,val,,True,tool,AP,Mouth Gag,0.0,False
baselines___smoke_prior_simplehead__s0_003_maskdino_bbox_seed456,baselines,s0,456,val,,True,tool,AP,Needle Holders,0.0,False
baselines___smoke_prior_simplehead__s0_003_maskdino_bbox_seed456,baselines,s0,456,val,,True,tool,AP,Raspatory,0.0,False
baselines___smoke_prior_simplehead__s0_003_maskdino_bbox_seed456,baselines,s0,456,val,,True,tool,AP,Retractor,0.0,False
baselines___smoke_prior_simplehead__s0_003_maskdino_bbox_seed456,baselines,s0,456,val,,True,tool,AP,Scalpel,0.0,False
baselines___smoke_prior_simplehead__s0_003_maskdino_bbox_seed456,baselines,s0,456,val,,True,tool,AP,Scissors,0.0,False
baselines___smoke_prior_simplehead__s0_003_maskdino_bbox_seed456,baselines,s0,456,val,,True,tool,AP,Skewer,0.0010776258397156148,False
baselines___smoke_prior_simplehead__s0_003_maskdino_bbox_seed456,baselines,s0,456,val,,True,tool,AP,Suction Cannula,0.0,False
baselines___smoke_prior_simplehead__s0_003_maskdino_bbox_seed456,baselines,s0,456,val,,True,tool,AP,Syringe,0.0,False
baselines___smoke_prior_simplehead__s0_003_maskdino_bbox_seed456,baselines,s0,456,val,,True,tool,AP,Tweezers,0.0,False
baselines___smoke_prior_simplehead__s0_004_varifocanet_bbox_seed42,baselines,s0,42,val,,True,tool,AP,Bipolar Forceps,0.0,False
baselines___smoke_prior_simplehead__s0_004_varifocanet_bbox_seed42,baselines,s0,42,val,,True,tool,AP,Electric Cautery,0.0,False
baselines___smoke_prior_simplehead__s0_004_varifocanet_bbox_seed42,baselines,s0,42,val,,True,tool,AP,Forceps,0.0,False
baselines___smoke_prior_simplehead__s0_004_varifocanet_bbox_seed42,baselines,s0,42,val,,True,tool,AP,Gauze,0.0,False
baselines___smoke_prior_simplehead__s0_004_varifocanet_bbox_seed42,baselines,s0,42,val,,True,tool,AP,Hook,0.0,False
baselines___smoke_prior_simplehead__s0_004_varifocanet_bbox_seed42,baselines,s0,42,val,,True,tool,AP,Mouth Gag,0.0,False
baselines___smoke_prior_simplehead__s0_004_varifocanet_bbox_seed42,baselines,s0,42,val,,True,tool,AP,Needle Holders,0.0,False
baselines___smoke_prior_simplehead__s0_004_varifocanet_bbox_seed42,baselines,s0,42,val,,True,tool,AP,Raspatory,0.0,False
baselines___smoke_prior_simplehead__s0_004_varifocanet_bbox_seed42,baselines,s0,42,val,,True,tool,AP,Retractor,0.0,False
baselines___smoke_prior_simplehead__s0_004_varifocanet_bbox_seed42,baselines,s0,42,val,,True,tool,AP,Scalpel,0.0,False
baselines___smoke_prior_simplehead__s0_004_varifocanet_bbox_seed42,baselines,s0,42,val,,True,tool,AP,Scissors,0.0,False
baselines___smoke_prior_simplehead__s0_004_varifocanet_bbox_seed42,baselines,s0,42,val,,True,tool,AP,Skewer,0.002879388103274534,False
baselines___smoke_prior_simplehead__s0_004_varifocanet_bbox_seed42,baselines,s0,42,val,,True,tool,AP,Suction Cannula,0.0,False
baselines___smoke_prior_simplehead__s0_004_varifocanet_bbox_seed42,baselines,s0,42,val,,True,tool,AP,Syringe,0.0,False
baselines___smoke_prior_simplehead__s0_004_varifocanet_bbox_seed42,baselines,s0,42,val,,True,tool,AP,Tweezers,0.0,False
baselines___smoke_prior_simplehead__s0_005_varifocanet_bbox_seed123,baselines,s0,123,val,,True,tool,AP,Bipolar Forceps,0.0,False
baselines___smoke_prior_simplehead__s0_005_varifocanet_bbox_seed123,baselines,s0,123,val,,True,tool,AP,Electric Cautery,0.0,False
baselines___smoke_prior_simplehead__s0_005_varifocanet_bbox_seed123,baselines,s0,123,val,,True,tool,AP,Forceps,0.0,False
baselines___smoke_prior_simplehead__s0_005_varifocanet_bbox_seed123,baselines,s0,123,val,,True,tool,AP,Gauze,0.0,False
baselines___smoke_prior_simplehead__s0_005_varifocanet_bbox_seed123,baselines,s0,123,val,,True,tool,AP,Hook,0.0,False
baselines___smoke_prior_simplehead__s0_005_varifocanet_bbox_seed123,baselines,s0,123,val,,True,tool,AP,Mouth Gag,0.0,False
baselines___smoke_prior_simplehead__s0_005_varifocanet_bbox_seed123,baselines,s0,123,val,,True,tool,AP,Needle Holders,0.0,False
baselines___smoke_prior_simplehead__s0_005_varifocanet_bbox_seed123,baselines,s0,123,val,,True,tool,AP,Raspatory,0.0,False
baselines___smoke_prior_simplehead__s0_005_varifocanet_bbox_seed123,baselines,s0,123,val,,True,tool,AP,Retractor,0.0,False
baselines___smoke_prior_simplehead__s0_005_varifocanet_bbox_seed123,baselines,s0,123,val,,True,tool,AP,Scalpel,0.0,False
baselines___smoke_prior_simplehead__s0_005_varifocanet_bbox_seed123,baselines,s0,123,val,,True,tool,AP,Scissors,0.0,False
baselines___smoke_prior_simplehead__s0_005_varifocanet_bbox_seed123,baselines,s0,123,val,,True,tool,AP,Skewer,0.008450557565048079,False
baselines___smoke_prior_simplehead__s0_005_varifocanet_bbox_seed123,baselines,s0,123,val,,True,tool,AP,Suction Cannula,0.0,False
baselines___smoke_prior_simplehead__s0_005_varifocanet_bbox_seed123,baselines,s0,123,val,,True,tool,AP,Syringe,0.0,False
baselines___smoke_prior_simplehead__s0_005_varifocanet_bbox_seed123,baselines,s0,123,val,,True,tool,AP,Tweezers,0.0,False
baselines___smoke_prior_simplehead__s0_006_varifocanet_bbox_seed456,baselines,s0,456,val,,True,tool,AP,Bipolar Forceps,0.0,False
baselines___smoke_prior_simplehead__s0_006_varifocanet_bbox_seed456,baselines,s0,456,val,,True,tool,AP,Electric Cautery,0.0,False
baselines___smoke_prior_simplehead__s0_006_varifocanet_bbox_seed456,baselines,s0,456,val,,True,tool,AP,Forceps,0.0,False
baselines___smoke_prior_simplehead__s0_006_varifocanet_bbox_seed456,baselines,s0,456,val,,True,tool,AP,Gauze,0.0,False
baselines___smoke_prior_simplehead__s0_006_varifocanet_bbox_seed456,baselines,s0,456,val,,True,tool,AP,Hook,0.0,False
baselines___smoke_prior_simplehead__s0_006_varifocanet_bbox_seed456,baselines,s0,456,val,,True,tool,AP,Mouth Gag,0.0,False
baselines___smoke_prior_simplehead__s0_006_varifocanet_bbox_seed456,baselines,s0,456,val,,True,tool,AP,Needle Holders,0.0,False
baselines___smoke_prior_simplehead__s0_006_varifocanet_bbox_seed456,baselines,s0,456,val,,True,tool,AP,Raspatory,0.0,False
baselines___smoke_prior_simplehead__s0_006_varifocanet_bbox_seed456,baselines,s0,456,val,,True,tool,AP,Retractor,0.0,False
baselines___smoke_prior_simplehead__s0_006_varifocanet_bbox_seed456,baselines,s0,456,val,,True,tool,AP,Scalpel,0.0,False
baselines___smoke_prior_simplehead__s0_006_varifocanet_bbox_seed456,baselines,s0,456,val,,True,tool,AP,Scissors,0.0,False
baselines___smoke_prior_simplehead__s0_006_varifocanet_bbox_seed456,baselines,s0,456,val,,True,tool,AP,Skewer,0.0006209996392536116,False
baselines___smoke_prior_simplehead__s0_006_varifocanet_bbox_seed456,baselines,s0,456,val,,True,tool,AP,Suction Cannula,0.0,False
baselines___smoke_prior_simplehead__s0_006_varifocanet_bbox_seed456,baselines,s0,456,val,,True,tool,AP,Syringe,0.0,False
baselines___smoke_prior_simplehead__s0_006_varifocanet_bbox_seed456,baselines,s0,456,val,,True,tool,AP,Tweezers,0.0,False
baselines___smoke_v2_part3__s0_001_maskdino_bbox_seed42,baselines,s0,42,val,,True,tool,AP,Bipolar Forceps,0.0,False
baselines___smoke_v2_part3__s0_001_maskdino_bbox_seed42,baselines,s0,42,val,,True,tool,AP,Electric Cautery,0.0,False
baselines___smoke_v2_part3__s0_001_maskdino_bbox_seed42,baselines,s0,42,val,,True,tool,AP,Forceps,0.0,False
baselines___smoke_v2_part3__s0_001_maskdino_bbox_seed42,baselines,s0,42,val,,True,tool,AP,Gauze,0.0,False
baselines___smoke_v2_part3__s0_001_maskdino_bbox_seed42,baselines,s0,42,val,,True,tool,AP,Hook,0.0,False
baselines___smoke_v2_part3__s0_001_maskdino_bbox_seed42,baselines,s0,42,val,,True,tool,AP,Mouth Gag,0.0,False
baselines___smoke_v2_part3__s0_001_maskdino_bbox_seed42,baselines,s0,42,val,,True,tool,AP,Needle Holders,0.0,False
baselines___smoke_v2_part3__s0_001_maskdino_bbox_seed42,baselines,s0,42,val,,True,tool,AP,Raspatory,0.0,False
baselines___smoke_v2_part3__s0_001_maskdino_bbox_seed42,baselines,s0,42,val,,True,tool,AP,Retractor,,True
baselines___smoke_v2_part3__s0_001_maskdino_bbox_seed42,baselines,s0,42,val,,True,tool,AP,Scalpel,0.0,False
baselines___smoke_v2_part3__s0_001_maskdino_bbox_seed42,baselines,s0,42,val,,True,tool,AP,Scissors,0.0,False
baselines___smoke_v2_part3__s0_001_maskdino_bbox_seed42,baselines,s0,42,val,,True,tool,AP,Skewer,0.0,False
baselines___smoke_v2_part3__s0_001_maskdino_bbox_seed42,baselines,s0,42,val,,True,tool,AP,Suction Cannula,0.0,False
baselines___smoke_v2_part3__s0_001_maskdino_bbox_seed42,baselines,s0,42,val,,True,tool,AP,Syringe,0.0,False
baselines___smoke_v2_part3__s0_001_maskdino_bbox_seed42,baselines,s0,42,val,,True,tool,AP,Tweezers,0.0,False
baselines___smoke_v2_part3__s0_002_maskdino_bbox_seed123,baselines,s0,123,val,,True,tool,AP,Bipolar Forceps,0.0,False
baselines___smoke_v2_part3__s0_002_maskdino_bbox_seed123,baselines,s0,123,val,,True,tool,AP,Electric Cautery,0.0,False
baselines___smoke_v2_part3__s0_002_maskdino_bbox_seed123,baselines,s0,123,val,,True,tool,AP,Forceps,0.0,False
baselines___smoke_v2_part3__s0_002_maskdino_bbox_seed123,baselines,s0,123,val,,True,tool,AP,Gauze,0.0,False
baselines___smoke_v2_part3__s0_002_maskdino_bbox_seed123,baselines,s0,123,val,,True,tool,AP,Hook,0.0,False
baselines___smoke_v2_part3__s0_002_maskdino_bbox_seed123,baselines,s0,123,val,,True,tool,AP,Mouth Gag,0.0,False
baselines___smoke_v2_part3__s0_002_maskdino_bbox_seed123,baselines,s0,123,val,,True,tool,AP,Needle Holders,0.0,False
baselines___smoke_v2_part3__s0_002_maskdino_bbox_seed123,baselines,s0,123,val,,True,tool,AP,Raspatory,0.0,False
baselines___smoke_v2_part3__s0_002_maskdino_bbox_seed123,baselines,s0,123,val,,True,tool,AP,Retractor,,True
baselines___smoke_v2_part3__s0_002_maskdino_bbox_seed123,baselines,s0,123,val,,True,tool,AP,Scalpel,0.0,False
baselines___smoke_v2_part3__s0_002_maskdino_bbox_seed123,baselines,s0,123,val,,True,tool,AP,Scissors,0.0,False
baselines___smoke_v2_part3__s0_002_maskdino_bbox_seed123,baselines,s0,123,val,,True,tool,AP,Skewer,0.001,False
baselines___smoke_v2_part3__s0_002_maskdino_bbox_seed123,baselines,s0,123,val,,True,tool,AP,Suction Cannula,0.0,False
baselines___smoke_v2_part3__s0_002_maskdino_bbox_seed123,baselines,s0,123,val,,True,tool,AP,Syringe,0.0,False
baselines___smoke_v2_part3__s0_002_maskdino_bbox_seed123,baselines,s0,123,val,,True,tool,AP,Tweezers,0.0,False
baselines___smoke_v2_part3__s0_003_maskdino_bbox_seed456,baselines,s0,456,val,,True,tool,AP,Bipolar Forceps,0.0,False
baselines___smoke_v2_part3__s0_003_maskdino_bbox_seed456,baselines,s0,456,val,,True,tool,AP,Electric Cautery,0.0,False
baselines___smoke_v2_part3__s0_003_maskdino_bbox_seed456,baselines,s0,456,val,,True,tool,AP,Forceps,0.0,False
baselines___smoke_v2_part3__s0_003_maskdino_bbox_seed456,baselines,s0,456,val,,True,tool,AP,Gauze,0.0,False
baselines___smoke_v2_part3__s0_003_maskdino_bbox_seed456,baselines,s0,456,val,,True,tool,AP,Hook,0.0,False
baselines___smoke_v2_part3__s0_003_maskdino_bbox_seed456,baselines,s0,456,val,,True,tool,AP,Mouth Gag,0.0,False
baselines___smoke_v2_part3__s0_003_maskdino_bbox_seed456,baselines,s0,456,val,,True,tool,AP,Needle Holders,0.0,False
baselines___smoke_v2_part3__s0_003_maskdino_bbox_seed456,baselines,s0,456,val,,True,tool,AP,Raspatory,0.0,False
baselines___smoke_v2_part3__s0_003_maskdino_bbox_seed456,baselines,s0,456,val,,True,tool,AP,Retractor,,True
baselines___smoke_v2_part3__s0_003_maskdino_bbox_seed456,baselines,s0,456,val,,True,tool,AP,Scalpel,0.0,False
baselines___smoke_v2_part3__s0_003_maskdino_bbox_seed456,baselines,s0,456,val,,True,tool,AP,Scissors,0.0,False
baselines___smoke_v2_part3__s0_003_maskdino_bbox_seed456,baselines,s0,456,val,,True,tool,AP,Skewer,0.001,False
baselines___smoke_v2_part3__s0_003_maskdino_bbox_seed456,baselines,s0,456,val,,True,tool,AP,Suction Cannula,0.0,False
baselines___smoke_v2_part3__s0_003_maskdino_bbox_seed456,baselines,s0,456,val,,True,tool,AP,Syringe,0.0,False
baselines___smoke_v2_part3__s0_003_maskdino_bbox_seed456,baselines,s0,456,val,,True,tool,AP,Tweezers,0.0,False
baselines___smoke_v2_part3__s0_004_varifocanet_bbox_seed42,baselines,s0,42,val,,True,tool,AP,Bipolar Forceps,0.0,False
baselines___smoke_v2_part3__s0_004_varifocanet_bbox_seed42,baselines,s0,42,val,,True,tool,AP,Electric Cautery,0.0,False
baselines___smoke_v2_part3__s0_004_varifocanet_bbox_seed42,baselines,s0,42,val,,True,tool,AP,Forceps,0.0,False
baselines___smoke_v2_part3__s0_004_varifocanet_bbox_seed42,baselines,s0,42,val,,True,tool,AP,Gauze,0.0,False
baselines___smoke_v2_part3__s0_004_varifocanet_bbox_seed42,baselines,s0,42,val,,True,tool,AP,Hook,0.0,False
baselines___smoke_v2_part3__s0_004_varifocanet_bbox_seed42,baselines,s0,42,val,,True,tool,AP,Mouth Gag,0.0,False
baselines___smoke_v2_part3__s0_004_varifocanet_bbox_seed42,baselines,s0,42,val,,True,tool,AP,Needle Holders,0.0,False
baselines___smoke_v2_part3__s0_004_varifocanet_bbox_seed42,baselines,s0,42,val,,True,tool,AP,Raspatory,0.0,False
baselines___smoke_v2_part3__s0_004_varifocanet_bbox_seed42,baselines,s0,42,val,,True,tool,AP,Retractor,,True
baselines___smoke_v2_part3__s0_004_varifocanet_bbox_seed42,baselines,s0,42,val,,True,tool,AP,Scalpel,0.0,False
baselines___smoke_v2_part3__s0_004_varifocanet_bbox_seed42,baselines,s0,42,val,,True,tool,AP,Scissors,0.0,False
baselines___smoke_v2_part3__s0_004_varifocanet_bbox_seed42,baselines,s0,42,val,,True,tool,AP,Skewer,0.0,False
baselines___smoke_v2_part3__s0_004_varifocanet_bbox_seed42,baselines,s0,42,val,,True,tool,AP,Suction Cannula,0.0,False
baselines___smoke_v2_part3__s0_004_varifocanet_bbox_seed42,baselines,s0,42,val,,True,tool,AP,Syringe,0.0,False
baselines___smoke_v2_part3__s0_004_varifocanet_bbox_seed42,baselines,s0,42,val,,True,tool,AP,Tweezers,0.0,False
baselines___smoke_v2_part3__s0_005_varifocanet_bbox_seed123,baselines,s0,123,val,,True,tool,AP,Bipolar Forceps,0.0,False
baselines___smoke_v2_part3__s0_005_varifocanet_bbox_seed123,baselines,s0,123,val,,True,tool,AP,Electric Cautery,0.0,False
baselines___smoke_v2_part3__s0_005_varifocanet_bbox_seed123,baselines,s0,123,val,,True,tool,AP,Forceps,0.0,False
baselines___smoke_v2_part3__s0_005_varifocanet_bbox_seed123,baselines,s0,123,val,,True,tool,AP,Gauze,0.0,False
baselines___smoke_v2_part3__s0_005_varifocanet_bbox_seed123,baselines,s0,123,val,,True,tool,AP,Hook,0.0,False
baselines___smoke_v2_part3__s0_005_varifocanet_bbox_seed123,baselines,s0,123,val,,True,tool,AP,Mouth Gag,0.0,False
baselines___smoke_v2_part3__s0_005_varifocanet_bbox_seed123,baselines,s0,123,val,,True,tool,AP,Needle Holders,0.0,False
baselines___smoke_v2_part3__s0_005_varifocanet_bbox_seed123,baselines,s0,123,val,,True,tool,AP,Raspatory,0.0,False
baselines___smoke_v2_part3__s0_005_varifocanet_bbox_seed123,baselines,s0,123,val,,True,tool,AP,Retractor,,True
baselines___smoke_v2_part3__s0_005_varifocanet_bbox_seed123,baselines,s0,123,val,,True,tool,AP,Scalpel,0.0,False
baselines___smoke_v2_part3__s0_005_varifocanet_bbox_seed123,baselines,s0,123,val,,True,tool,AP,Scissors,0.0,False
baselines___smoke_v2_part3__s0_005_varifocanet_bbox_seed123,baselines,s0,123,val,,True,tool,AP,Skewer,0.002,False
baselines___smoke_v2_part3__s0_005_varifocanet_bbox_seed123,baselines,s0,123,val,,True,tool,AP,Suction Cannula,0.0,False
baselines___smoke_v2_part3__s0_005_varifocanet_bbox_seed123,baselines,s0,123,val,,True,tool,AP,Syringe,0.0,False
baselines___smoke_v2_part3__s0_005_varifocanet_bbox_seed123,baselines,s0,123,val,,True,tool,AP,Tweezers,0.0,False
baselines___smoke_v2_part3__s0_006_varifocanet_bbox_seed456,baselines,s0,456,val,,True,tool,AP,Bipolar Forceps,0.0,False
baselines___smoke_v2_part3__s0_006_varifocanet_bbox_seed456,baselines,s0,456,val,,True,tool,AP,Electric Cautery,0.0,False
baselines___smoke_v2_part3__s0_006_varifocanet_bbox_seed456,baselines,s0,456,val,,True,tool,AP,Forceps,0.0,False
baselines___smoke_v2_part3__s0_006_varifocanet_bbox_seed456,baselines,s0,456,val,,True,tool,AP,Gauze,0.0,False
baselines___smoke_v2_part3__s0_006_varifocanet_bbox_seed456,baselines,s0,456,val,,True,tool,AP,Hook,0.0,False
baselines___smoke_v2_part3__s0_006_varifocanet_bbox_seed456,baselines,s0,456,val,,True,tool,AP,Mouth Gag,0.0,False
baselines___smoke_v2_part3__s0_006_varifocanet_bbox_seed456,baselines,s0,456,val,,True,tool,AP,Needle Holders,0.0,False
baselines___smoke_v2_part3__s0_006_varifocanet_bbox_seed456,baselines,s0,456,val,,True,tool,AP,Raspatory,0.0,False
baselines___smoke_v2_part3__s0_006_varifocanet_bbox_seed456,baselines,s0,456,val,,True,tool,AP,Retractor,,True
baselines___smoke_v2_part3__s0_006_varifocanet_bbox_seed456,baselines,s0,456,val,,True,tool,AP,Scalpel,0.0,False
baselines___smoke_v2_part3__s0_006_varifocanet_bbox_seed456,baselines,s0,456,val,,True,tool,AP,Scissors,0.0,False
baselines___smoke_v2_part3__s0_006_varifocanet_bbox_seed456,baselines,s0,456,val,,True,tool,AP,Skewer,0.01,False
baselines___smoke_v2_part3__s0_006_varifocanet_bbox_seed456,baselines,s0,456,val,,True,tool,AP,Suction Cannula,0.0,False
baselines___smoke_v2_part3__s0_006_varifocanet_bbox_seed456,baselines,s0,456,val,,True,tool,AP,Syringe,0.0,False
baselines___smoke_v2_part3__s0_006_varifocanet_bbox_seed456,baselines,s0,456,val,,True,tool,AP,Tweezers,0.0,False
baselines___wrong_split_8_2_3__s0_001_maskdino_bbox_seed42,baselines,s0,42,val,,True,tool,AP,Bipolar Forceps,0.0,False
baselines___wrong_split_8_2_3__s0_001_maskdino_bbox_seed42,baselines,s0,42,val,,True,tool,AP,Electric Cautery,0.666,False
baselines___wrong_split_8_2_3__s0_001_maskdino_bbox_seed42,baselines,s0,42,val,,True,tool,AP,Forceps,0.022,False
baselines___wrong_split_8_2_3__s0_001_maskdino_bbox_seed42,baselines,s0,42,val,,True,tool,AP,Gauze,0.182,False
baselines___wrong_split_8_2_3__s0_001_maskdino_bbox_seed42,baselines,s0,42,val,,True,tool,AP,Hook,0.385,False
baselines___wrong_split_8_2_3__s0_001_maskdino_bbox_seed42,baselines,s0,42,val,,True,tool,AP,Mouth Gag,,True
baselines___wrong_split_8_2_3__s0_001_maskdino_bbox_seed42,baselines,s0,42,val,,True,tool,AP,Needle Holders,0.0,False
baselines___wrong_split_8_2_3__s0_001_maskdino_bbox_seed42,baselines,s0,42,val,,True,tool,AP,Raspatory,0.544,False
baselines___wrong_split_8_2_3__s0_001_maskdino_bbox_seed42,baselines,s0,42,val,,True,tool,AP,Retractor,0.15,False
baselines___wrong_split_8_2_3__s0_001_maskdino_bbox_seed42,baselines,s0,42,val,,True,tool,AP,Scalpel,0.648,False
baselines___wrong_split_8_2_3__s0_001_maskdino_bbox_seed42,baselines,s0,42,val,,True,tool,AP,Scissors,0.258,False
baselines___wrong_split_8_2_3__s0_001_maskdino_bbox_seed42,baselines,s0,42,val,,True,tool,AP,Skewer,,True
baselines___wrong_split_8_2_3__s0_001_maskdino_bbox_seed42,baselines,s0,42,val,,True,tool,AP,Suction Cannula,0.559,False
baselines___wrong_split_8_2_3__s0_001_maskdino_bbox_seed42,baselines,s0,42,val,,True,tool,AP,Syringe,0.366,False
baselines___wrong_split_8_2_3__s0_001_maskdino_bbox_seed42,baselines,s0,42,val,,True,tool,AP,Tweezers,0.475,False
baselines___wrong_split_8_2_3__s0_002_maskdino_bbox_seed123,baselines,s0,123,val,,True,tool,AP,Bipolar Forceps,0.0,False
baselines___wrong_split_8_2_3__s0_002_maskdino_bbox_seed123,baselines,s0,123,val,,True,tool,AP,Electric Cautery,0.601,False
baselines___wrong_split_8_2_3__s0_002_maskdino_bbox_seed123,baselines,s0,123,val,,True,tool,AP,Forceps,0.025,False
baselines___wrong_split_8_2_3__s0_002_maskdino_bbox_seed123,baselines,s0,123,val,,True,tool,AP,Gauze,0.177,False
baselines___wrong_split_8_2_3__s0_002_maskdino_bbox_seed123,baselines,s0,123,val,,True,tool,AP,Hook,0.206,False
baselines___wrong_split_8_2_3__s0_002_maskdino_bbox_seed123,baselines,s0,123,val,,True,tool,AP,Mouth Gag,,True
baselines___wrong_split_8_2_3__s0_002_maskdino_bbox_seed123,baselines,s0,123,val,,True,tool,AP,Needle Holders,0.0,False
baselines___wrong_split_8_2_3__s0_002_maskdino_bbox_seed123,baselines,s0,123,val,,True,tool,AP,Raspatory,0.461,False
baselines___wrong_split_8_2_3__s0_002_maskdino_bbox_seed123,baselines,s0,123,val,,True,tool,AP,Retractor,0.108,False
baselines___wrong_split_8_2_3__s0_002_maskdino_bbox_seed123,baselines,s0,123,val,,True,tool,AP,Scalpel,0.666,False
baselines___wrong_split_8_2_3__s0_002_maskdino_bbox_seed123,baselines,s0,123,val,,True,tool,AP,Scissors,0.348,False
baselines___wrong_split_8_2_3__s0_002_maskdino_bbox_seed123,baselines,s0,123,val,,True,tool,AP,Skewer,,True
baselines___wrong_split_8_2_3__s0_002_maskdino_bbox_seed123,baselines,s0,123,val,,True,tool,AP,Suction Cannula,0.485,False
baselines___wrong_split_8_2_3__s0_002_maskdino_bbox_seed123,baselines,s0,123,val,,True,tool,AP,Syringe,0.309,False
baselines___wrong_split_8_2_3__s0_002_maskdino_bbox_seed123,baselines,s0,123,val,,True,tool,AP,Tweezers,0.469,False
baselines___wrong_split_8_2_3__s0_003_maskdino_bbox_seed456,baselines,s0,456,val,,True,tool,AP,Bipolar Forceps,0.0,False
baselines___wrong_split_8_2_3__s0_003_maskdino_bbox_seed456,baselines,s0,456,val,,True,tool,AP,Electric Cautery,0.629,False
baselines___wrong_split_8_2_3__s0_003_maskdino_bbox_seed456,baselines,s0,456,val,,True,tool,AP,Forceps,0.021,False
baselines___wrong_split_8_2_3__s0_003_maskdino_bbox_seed456,baselines,s0,456,val,,True,tool,AP,Gauze,0.134,False
baselines___wrong_split_8_2_3__s0_003_maskdino_bbox_seed456,baselines,s0,456,val,,True,tool,AP,Hook,0.328,False
baselines___wrong_split_8_2_3__s0_003_maskdino_bbox_seed456,baselines,s0,456,val,,True,tool,AP,Mouth Gag,,True
baselines___wrong_split_8_2_3__s0_003_maskdino_bbox_seed456,baselines,s0,456,val,,True,tool,AP,Needle Holders,0.0,False
baselines___wrong_split_8_2_3__s0_003_maskdino_bbox_seed456,baselines,s0,456,val,,True,tool,AP,Raspatory,0.559,False
baselines___wrong_split_8_2_3__s0_003_maskdino_bbox_seed456,baselines,s0,456,val,,True,tool,AP,Retractor,0.121,False
baselines___wrong_split_8_2_3__s0_003_maskdino_bbox_seed456,baselines,s0,456,val,,True,tool,AP,Scalpel,0.65,False
baselines___wrong_split_8_2_3__s0_003_maskdino_bbox_seed456,baselines,s0,456,val,,True,tool,AP,Scissors,0.315,False
baselines___wrong_split_8_2_3__s0_003_maskdino_bbox_seed456,baselines,s0,456,val,,True,tool,AP,Skewer,,True
baselines___wrong_split_8_2_3__s0_003_maskdino_bbox_seed456,baselines,s0,456,val,,True,tool,AP,Suction Cannula,0.522,False
baselines___wrong_split_8_2_3__s0_003_maskdino_bbox_seed456,baselines,s0,456,val,,True,tool,AP,Syringe,0.398,False
baselines___wrong_split_8_2_3__s0_003_maskdino_bbox_seed456,baselines,s0,456,val,,True,tool,AP,Tweezers,0.492,False
baselines___wrong_split_8_2_3__s0_004_varifocanet_bbox_seed42,baselines,s0,42,val,,True,tool,AP,Bipolar Forceps,0.002,False
baselines___wrong_split_8_2_3__s0_004_varifocanet_bbox_seed42,baselines,s0,42,val,,True,tool,AP,Electric Cautery,0.457,False
baselines___wrong_split_8_2_3__s0_004_varifocanet_bbox_seed42,baselines,s0,42,val,,True,tool,AP,Forceps,0.008,False
baselines___wrong_split_8_2_3__s0_004_varifocanet_bbox_seed42,baselines,s0,42,val,,True,tool,AP,Gauze,0.108,False
baselines___wrong_split_8_2_3__s0_004_varifocanet_bbox_seed42,baselines,s0,42,val,,True,tool,AP,Hook,0.44,False
baselines___wrong_split_8_2_3__s0_004_varifocanet_bbox_seed42,baselines,s0,42,val,,True,tool,AP,Mouth Gag,,True
baselines___wrong_split_8_2_3__s0_004_varifocanet_bbox_seed42,baselines,s0,42,val,,True,tool,AP,Needle Holders,0.0,False
baselines___wrong_split_8_2_3__s0_004_varifocanet_bbox_seed42,baselines,s0,42,val,,True,tool,AP,Raspatory,0.368,False
baselines___wrong_split_8_2_3__s0_004_varifocanet_bbox_seed42,baselines,s0,42,val,,True,tool,AP,Retractor,0.068,False
baselines___wrong_split_8_2_3__s0_004_varifocanet_bbox_seed42,baselines,s0,42,val,,True,tool,AP,Scalpel,0.635,False
baselines___wrong_split_8_2_3__s0_004_varifocanet_bbox_seed42,baselines,s0,42,val,,True,tool,AP,Scissors,0.299,False
baselines___wrong_split_8_2_3__s0_004_varifocanet_bbox_seed42,baselines,s0,42,val,,True,tool,AP,Skewer,,True
baselines___wrong_split_8_2_3__s0_004_varifocanet_bbox_seed42,baselines,s0,42,val,,True,tool,AP,Suction Cannula,0.469,False
baselines___wrong_split_8_2_3__s0_004_varifocanet_bbox_seed42,baselines,s0,42,val,,True,tool,AP,Syringe,0.396,False
baselines___wrong_split_8_2_3__s0_004_varifocanet_bbox_seed42,baselines,s0,42,val,,True,tool,AP,Tweezers,0.451,False
baselines___wrong_split_8_2_3__s0_005_varifocanet_bbox_seed123,baselines,s0,123,val,,True,tool,AP,Bipolar Forceps,0.013,False
baselines___wrong_split_8_2_3__s0_005_varifocanet_bbox_seed123,baselines,s0,123,val,,True,tool,AP,Electric Cautery,0.439,False
baselines___wrong_split_8_2_3__s0_005_varifocanet_bbox_seed123,baselines,s0,123,val,,True,tool,AP,Forceps,0.008,False
baselines___wrong_split_8_2_3__s0_005_varifocanet_bbox_seed123,baselines,s0,123,val,,True,tool,AP,Gauze,0.137,False
baselines___wrong_split_8_2_3__s0_005_varifocanet_bbox_seed123,baselines,s0,123,val,,True,tool,AP,Hook,0.446,False
baselines___wrong_split_8_2_3__s0_005_varifocanet_bbox_seed123,baselines,s0,123,val,,True,tool,AP,Mouth Gag,,True
baselines___wrong_split_8_2_3__s0_005_varifocanet_bbox_seed123,baselines,s0,123,val,,True,tool,AP,Needle Holders,0.0,False
baselines___wrong_split_8_2_3__s0_005_varifocanet_bbox_seed123,baselines,s0,123,val,,True,tool,AP,Raspatory,0.347,False
baselines___wrong_split_8_2_3__s0_005_varifocanet_bbox_seed123,baselines,s0,123,val,,True,tool,AP,Retractor,0.087,False
baselines___wrong_split_8_2_3__s0_005_varifocanet_bbox_seed123,baselines,s0,123,val,,True,tool,AP,Scalpel,0.605,False
baselines___wrong_split_8_2_3__s0_005_varifocanet_bbox_seed123,baselines,s0,123,val,,True,tool,AP,Scissors,0.231,False
baselines___wrong_split_8_2_3__s0_005_varifocanet_bbox_seed123,baselines,s0,123,val,,True,tool,AP,Skewer,,True
baselines___wrong_split_8_2_3__s0_005_varifocanet_bbox_seed123,baselines,s0,123,val,,True,tool,AP,Suction Cannula,0.449,False
baselines___wrong_split_8_2_3__s0_005_varifocanet_bbox_seed123,baselines,s0,123,val,,True,tool,AP,Syringe,0.381,False
baselines___wrong_split_8_2_3__s0_005_varifocanet_bbox_seed123,baselines,s0,123,val,,True,tool,AP,Tweezers,0.451,False
baselines___wrong_split_8_2_3__s0_006_varifocanet_bbox_seed456,baselines,s0,456,val,,True,tool,AP,Bipolar Forceps,0.002,False
baselines___wrong_split_8_2_3__s0_006_varifocanet_bbox_seed456,baselines,s0,456,val,,True,tool,AP,Electric Cautery,0.418,False
baselines___wrong_split_8_2_3__s0_006_varifocanet_bbox_seed456,baselines,s0,456,val,,True,tool,AP,Forceps,0.01,False
baselines___wrong_split_8_2_3__s0_006_varifocanet_bbox_seed456,baselines,s0,456,val,,True,tool,AP,Gauze,0.111,False
baselines___wrong_split_8_2_3__s0_006_varifocanet_bbox_seed456,baselines,s0,456,val,,True,tool,AP,Hook,0.446,False
baselines___wrong_split_8_2_3__s0_006_varifocanet_bbox_seed456,baselines,s0,456,val,,True,tool,AP,Mouth Gag,,True
baselines___wrong_split_8_2_3__s0_006_varifocanet_bbox_seed456,baselines,s0,456,val,,True,tool,AP,Needle Holders,0.0,False
baselines___wrong_split_8_2_3__s0_006_varifocanet_bbox_seed456,baselines,s0,456,val,,True,tool,AP,Raspatory,0.308,False
baselines___wrong_split_8_2_3__s0_006_varifocanet_bbox_seed456,baselines,s0,456,val,,True,tool,AP,Retractor,0.057,False
baselines___wrong_split_8_2_3__s0_006_varifocanet_bbox_seed456,baselines,s0,456,val,,True,tool,AP,Scalpel,0.627,False
baselines___wrong_split_8_2_3__s0_006_varifocanet_bbox_seed456,baselines,s0,456,val,,True,tool,AP,Scissors,0.276,False
baselines___wrong_split_8_2_3__s0_006_varifocanet_bbox_seed456,baselines,s0,456,val,,True,tool,AP,Skewer,,True
baselines___wrong_split_8_2_3__s0_006_varifocanet_bbox_seed456,baselines,s0,456,val,,True,tool,AP,Suction Cannula,0.461,False
baselines___wrong_split_8_2_3__s0_006_varifocanet_bbox_seed456,baselines,s0,456,val,,True,tool,AP,Syringe,0.365,False
baselines___wrong_split_8_2_3__s0_006_varifocanet_bbox_seed456,baselines,s0,456,val,,True,tool,AP,Tweezers,0.452,False
baselines__s0_001_maskdino_bbox_seed42,baselines,s0,42,val,,False,tool,AP,Bipolar Forceps,0.577,False
baselines__s0_001_maskdino_bbox_seed42,baselines,s0,42,val,,False,tool,AP,Electric Cautery,0.956,False
baselines__s0_001_maskdino_bbox_seed42,baselines,s0,42,val,,False,tool,AP,Forceps,0.307,False
baselines__s0_001_maskdino_bbox_seed42,baselines,s0,42,val,,False,tool,AP,Gauze,0.278,False
baselines__s0_001_maskdino_bbox_seed42,baselines,s0,42,val,,False,tool,AP,Hook,0.58,False
baselines__s0_001_maskdino_bbox_seed42,baselines,s0,42,val,,False,tool,AP,Mouth Gag,0.784,False
baselines__s0_001_maskdino_bbox_seed42,baselines,s0,42,val,,False,tool,AP,Needle Holders,0.818,False
baselines__s0_001_maskdino_bbox_seed42,baselines,s0,42,val,,False,tool,AP,Raspatory,0.473,False
baselines__s0_001_maskdino_bbox_seed42,baselines,s0,42,val,,False,tool,AP,Retractor,,True
baselines__s0_001_maskdino_bbox_seed42,baselines,s0,42,val,,False,tool,AP,Scalpel,0.883,False
baselines__s0_001_maskdino_bbox_seed42,baselines,s0,42,val,,False,tool,AP,Scissors,0.652,False
baselines__s0_001_maskdino_bbox_seed42,baselines,s0,42,val,,False,tool,AP,Skewer,0.899,False
baselines__s0_001_maskdino_bbox_seed42,baselines,s0,42,val,,False,tool,AP,Suction Cannula,0.784,False
baselines__s0_001_maskdino_bbox_seed42,baselines,s0,42,val,,False,tool,AP,Syringe,0.626,False
baselines__s0_001_maskdino_bbox_seed42,baselines,s0,42,val,,False,tool,AP,Tweezers,0.736,False
baselines__s0_002_maskdino_bbox_seed123,baselines,s0,123,val,,False,tool,AP,Bipolar Forceps,0.439,False
baselines__s0_002_maskdino_bbox_seed123,baselines,s0,123,val,,False,tool,AP,Electric Cautery,0.953,False
baselines__s0_002_maskdino_bbox_seed123,baselines,s0,123,val,,False,tool,AP,Forceps,0.322,False
baselines__s0_002_maskdino_bbox_seed123,baselines,s0,123,val,,False,tool,AP,Gauze,0.264,False
baselines__s0_002_maskdino_bbox_seed123,baselines,s0,123,val,,False,tool,AP,Hook,0.593,False
baselines__s0_002_maskdino_bbox_seed123,baselines,s0,123,val,,False,tool,AP,Mouth Gag,0.784,False
baselines__s0_002_maskdino_bbox_seed123,baselines,s0,123,val,,False,tool,AP,Needle Holders,0.816,False
baselines__s0_002_maskdino_bbox_seed123,baselines,s0,123,val,,False,tool,AP,Raspatory,0.704,False
baselines__s0_002_maskdino_bbox_seed123,baselines,s0,123,val,,False,tool,AP,Retractor,,True
baselines__s0_002_maskdino_bbox_seed123,baselines,s0,123,val,,False,tool,AP,Scalpel,0.893,False
baselines__s0_002_maskdino_bbox_seed123,baselines,s0,123,val,,False,tool,AP,Scissors,0.657,False
baselines__s0_002_maskdino_bbox_seed123,baselines,s0,123,val,,False,tool,AP,Skewer,0.921,False
baselines__s0_002_maskdino_bbox_seed123,baselines,s0,123,val,,False,tool,AP,Suction Cannula,0.796,False
baselines__s0_002_maskdino_bbox_seed123,baselines,s0,123,val,,False,tool,AP,Syringe,0.583,False
baselines__s0_002_maskdino_bbox_seed123,baselines,s0,123,val,,False,tool,AP,Tweezers,0.748,False
baselines__s0_003_maskdino_bbox_seed456,baselines,s0,456,val,,False,tool,AP,Bipolar Forceps,0.495,False
baselines__s0_003_maskdino_bbox_seed456,baselines,s0,456,val,,False,tool,AP,Electric Cautery,0.947,False
baselines__s0_003_maskdino_bbox_seed456,baselines,s0,456,val,,False,tool,AP,Forceps,0.307,False
baselines__s0_003_maskdino_bbox_seed456,baselines,s0,456,val,,False,tool,AP,Gauze,0.251,False
baselines__s0_003_maskdino_bbox_seed456,baselines,s0,456,val,,False,tool,AP,Hook,0.583,False
baselines__s0_003_maskdino_bbox_seed456,baselines,s0,456,val,,False,tool,AP,Mouth Gag,0.772,False
baselines__s0_003_maskdino_bbox_seed456,baselines,s0,456,val,,False,tool,AP,Needle Holders,0.823,False
baselines__s0_003_maskdino_bbox_seed456,baselines,s0,456,val,,False,tool,AP,Raspatory,0.561,False
baselines__s0_003_maskdino_bbox_seed456,baselines,s0,456,val,,False,tool,AP,Retractor,,True
baselines__s0_003_maskdino_bbox_seed456,baselines,s0,456,val,,False,tool,AP,Scalpel,0.895,False
baselines__s0_003_maskdino_bbox_seed456,baselines,s0,456,val,,False,tool,AP,Scissors,0.653,False
baselines__s0_003_maskdino_bbox_seed456,baselines,s0,456,val,,False,tool,AP,Skewer,0.938,False
baselines__s0_003_maskdino_bbox_seed456,baselines,s0,456,val,,False,tool,AP,Suction Cannula,0.793,False
baselines__s0_003_maskdino_bbox_seed456,baselines,s0,456,val,,False,tool,AP,Syringe,0.617,False
baselines__s0_003_maskdino_bbox_seed456,baselines,s0,456,val,,False,tool,AP,Tweezers,0.743,False
baselines__s0_004_varifocanet_bbox_seed42,baselines,s0,42,val,,False,tool,AP,Bipolar Forceps,0.48,False
baselines__s0_004_varifocanet_bbox_seed42,baselines,s0,42,val,,False,tool,AP,Electric Cautery,0.911,False
baselines__s0_004_varifocanet_bbox_seed42,baselines,s0,42,val,,False,tool,AP,Forceps,0.238,False
baselines__s0_004_varifocanet_bbox_seed42,baselines,s0,42,val,,False,tool,AP,Gauze,0.202,False
baselines__s0_004_varifocanet_bbox_seed42,baselines,s0,42,val,,False,tool,AP,Hook,0.45,False
baselines__s0_004_varifocanet_bbox_seed42,baselines,s0,42,val,,False,tool,AP,Mouth Gag,0.757,False
baselines__s0_004_varifocanet_bbox_seed42,baselines,s0,42,val,,False,tool,AP,Needle Holders,0.812,False
baselines__s0_004_varifocanet_bbox_seed42,baselines,s0,42,val,,False,tool,AP,Raspatory,0.509,False
baselines__s0_004_varifocanet_bbox_seed42,baselines,s0,42,val,,False,tool,AP,Retractor,,True
baselines__s0_004_varifocanet_bbox_seed42,baselines,s0,42,val,,False,tool,AP,Scalpel,0.842,False
baselines__s0_004_varifocanet_bbox_seed42,baselines,s0,42,val,,False,tool,AP,Scissors,0.615,False
baselines__s0_004_varifocanet_bbox_seed42,baselines,s0,42,val,,False,tool,AP,Skewer,0.876,False
baselines__s0_004_varifocanet_bbox_seed42,baselines,s0,42,val,,False,tool,AP,Suction Cannula,0.733,False
baselines__s0_004_varifocanet_bbox_seed42,baselines,s0,42,val,,False,tool,AP,Syringe,0.536,False
baselines__s0_004_varifocanet_bbox_seed42,baselines,s0,42,val,,False,tool,AP,Tweezers,0.687,False
baselines__s0_005_varifocanet_bbox_seed123,baselines,s0,123,val,,False,tool,AP,Bipolar Forceps,0.491,False
baselines__s0_005_varifocanet_bbox_seed123,baselines,s0,123,val,,False,tool,AP,Electric Cautery,0.918,False
baselines__s0_005_varifocanet_bbox_seed123,baselines,s0,123,val,,False,tool,AP,Forceps,0.24,False
baselines__s0_005_varifocanet_bbox_seed123,baselines,s0,123,val,,False,tool,AP,Gauze,0.197,False
baselines__s0_005_varifocanet_bbox_seed123,baselines,s0,123,val,,False,tool,AP,Hook,0.447,False
baselines__s0_005_varifocanet_bbox_seed123,baselines,s0,123,val,,False,tool,AP,Mouth Gag,0.757,False
baselines__s0_005_varifocanet_bbox_seed123,baselines,s0,123,val,,False,tool,AP,Needle Holders,0.808,False
baselines__s0_005_varifocanet_bbox_seed123,baselines,s0,123,val,,False,tool,AP,Raspatory,0.491,False
baselines__s0_005_varifocanet_bbox_seed123,baselines,s0,123,val,,False,tool,AP,Retractor,,True
baselines__s0_005_varifocanet_bbox_seed123,baselines,s0,123,val,,False,tool,AP,Scalpel,0.833,False
baselines__s0_005_varifocanet_bbox_seed123,baselines,s0,123,val,,False,tool,AP,Scissors,0.621,False
baselines__s0_005_varifocanet_bbox_seed123,baselines,s0,123,val,,False,tool,AP,Skewer,0.891,False
baselines__s0_005_varifocanet_bbox_seed123,baselines,s0,123,val,,False,tool,AP,Suction Cannula,0.738,False
baselines__s0_005_varifocanet_bbox_seed123,baselines,s0,123,val,,False,tool,AP,Syringe,0.505,False
baselines__s0_005_varifocanet_bbox_seed123,baselines,s0,123,val,,False,tool,AP,Tweezers,0.683,False
baselines__s0_006_varifocanet_bbox_seed456,baselines,s0,456,val,,False,tool,AP,Bipolar Forceps,0.462,False
baselines__s0_006_varifocanet_bbox_seed456,baselines,s0,456,val,,False,tool,AP,Electric Cautery,0.932,False
baselines__s0_006_varifocanet_bbox_seed456,baselines,s0,456,val,,False,tool,AP,Forceps,0.255,False
baselines__s0_006_varifocanet_bbox_seed456,baselines,s0,456,val,,False,tool,AP,Gauze,0.196,False
baselines__s0_006_varifocanet_bbox_seed456,baselines,s0,456,val,,False,tool,AP,Hook,0.446,False
baselines__s0_006_varifocanet_bbox_seed456,baselines,s0,456,val,,False,tool,AP,Mouth Gag,0.755,False
baselines__s0_006_varifocanet_bbox_seed456,baselines,s0,456,val,,False,tool,AP,Needle Holders,0.806,False
baselines__s0_006_varifocanet_bbox_seed456,baselines,s0,456,val,,False,tool,AP,Raspatory,0.432,False
baselines__s0_006_varifocanet_bbox_seed456,baselines,s0,456,val,,False,tool,AP,Retractor,,True
baselines__s0_006_varifocanet_bbox_seed456,baselines,s0,456,val,,False,tool,AP,Scalpel,0.856,False
baselines__s0_006_varifocanet_bbox_seed456,baselines,s0,456,val,,False,tool,AP,Scissors,0.602,False
baselines__s0_006_varifocanet_bbox_seed456,baselines,s0,456,val,,False,tool,AP,Skewer,0.908,False
baselines__s0_006_varifocanet_bbox_seed456,baselines,s0,456,val,,False,tool,AP,Suction Cannula,0.744,False
baselines__s0_006_varifocanet_bbox_seed456,baselines,s0,456,val,,False,tool,AP,Syringe,0.514,False
baselines__s0_006_varifocanet_bbox_seed456,baselines,s0,456,val,,False,tool,AP,Tweezers,0.689,False
baselines__s0_010_ddq_bbox_seed42,baselines,s0,42,val,philip,False,tool,AP,Bipolar Forceps,0.763,False
baselines__s0_010_ddq_bbox_seed42,baselines,s0,42,val,philip,False,tool,AP,Electric Cautery,0.956,False
baselines__s0_010_ddq_bbox_seed42,baselines,s0,42,val,philip,False,tool,AP,Forceps,0.376,False
baselines__s0_010_ddq_bbox_seed42,baselines,s0,42,val,philip,False,tool,AP,Gauze,0.302,False
baselines__s0_010_ddq_bbox_seed42,baselines,s0,42,val,philip,False,tool,AP,Hook,0.602,False
baselines__s0_010_ddq_bbox_seed42,baselines,s0,42,val,philip,False,tool,AP,Mouth Gag,0.792,False
baselines__s0_010_ddq_bbox_seed42,baselines,s0,42,val,philip,False,tool,AP,Needle Holders,0.825,False
baselines__s0_010_ddq_bbox_seed42,baselines,s0,42,val,philip,False,tool,AP,Raspatory,0.75,False
baselines__s0_010_ddq_bbox_seed42,baselines,s0,42,val,philip,False,tool,AP,Retractor,,True
baselines__s0_010_ddq_bbox_seed42,baselines,s0,42,val,philip,False,tool,AP,Scalpel,0.908,False
baselines__s0_010_ddq_bbox_seed42,baselines,s0,42,val,philip,False,tool,AP,Scissors,0.698,False
baselines__s0_010_ddq_bbox_seed42,baselines,s0,42,val,philip,False,tool,AP,Skewer,0.945,False
baselines__s0_010_ddq_bbox_seed42,baselines,s0,42,val,philip,False,tool,AP,Suction Cannula,0.803,False
baselines__s0_010_ddq_bbox_seed42,baselines,s0,42,val,philip,False,tool,AP,Syringe,0.59,False
baselines__s0_010_ddq_bbox_seed42,baselines,s0,42,val,philip,False,tool,AP,Tweezers,0.783,False
baselines__s0_011_ddq_bbox_seed123,baselines,s0,123,val,philip,False,tool,AP,Bipolar Forceps,0.635,False
baselines__s0_011_ddq_bbox_seed123,baselines,s0,123,val,philip,False,tool,AP,Electric Cautery,0.964,False
baselines__s0_011_ddq_bbox_seed123,baselines,s0,123,val,philip,False,tool,AP,Forceps,0.373,False
baselines__s0_011_ddq_bbox_seed123,baselines,s0,123,val,philip,False,tool,AP,Gauze,0.31,False
baselines__s0_011_ddq_bbox_seed123,baselines,s0,123,val,philip,False,tool,AP,Hook,0.618,False
baselines__s0_011_ddq_bbox_seed123,baselines,s0,123,val,philip,False,tool,AP,Mouth Gag,0.795,False
baselines__s0_011_ddq_bbox_seed123,baselines,s0,123,val,philip,False,tool,AP,Needle Holders,0.842,False
baselines__s0_011_ddq_bbox_seed123,baselines,s0,123,val,philip,False,tool,AP,Raspatory,0.733,False
baselines__s0_011_ddq_bbox_seed123,baselines,s0,123,val,philip,False,tool,AP,Retractor,,True
baselines__s0_011_ddq_bbox_seed123,baselines,s0,123,val,philip,False,tool,AP,Scalpel,0.908,False
baselines__s0_011_ddq_bbox_seed123,baselines,s0,123,val,philip,False,tool,AP,Scissors,0.728,False
baselines__s0_011_ddq_bbox_seed123,baselines,s0,123,val,philip,False,tool,AP,Skewer,0.953,False
baselines__s0_011_ddq_bbox_seed123,baselines,s0,123,val,philip,False,tool,AP,Suction Cannula,0.792,False
baselines__s0_011_ddq_bbox_seed123,baselines,s0,123,val,philip,False,tool,AP,Syringe,0.588,False
baselines__s0_011_ddq_bbox_seed123,baselines,s0,123,val,philip,False,tool,AP,Tweezers,0.779,False
baselines__s0_012_ddq_bbox_seed456,baselines,s0,456,val,philip,False,tool,AP,Bipolar Forceps,0.678,False
baselines__s0_012_ddq_bbox_seed456,baselines,s0,456,val,philip,False,tool,AP,Electric Cautery,0.964,False
baselines__s0_012_ddq_bbox_seed456,baselines,s0,456,val,philip,False,tool,AP,Forceps,0.373,False
baselines__s0_012_ddq_bbox_seed456,baselines,s0,456,val,philip,False,tool,AP,Gauze,0.279,False
baselines__s0_012_ddq_bbox_seed456,baselines,s0,456,val,philip,False,tool,AP,Hook,0.63,False
baselines__s0_012_ddq_bbox_seed456,baselines,s0,456,val,philip,False,tool,AP,Mouth Gag,0.804,False
baselines__s0_012_ddq_bbox_seed456,baselines,s0,456,val,philip,False,tool,AP,Needle Holders,0.842,False
baselines__s0_012_ddq_bbox_seed456,baselines,s0,456,val,philip,False,tool,AP,Raspatory,0.782,False
baselines__s0_012_ddq_bbox_seed456,baselines,s0,456,val,philip,False,tool,AP,Retractor,,True
baselines__s0_012_ddq_bbox_seed456,baselines,s0,456,val,philip,False,tool,AP,Scalpel,0.916,False
baselines__s0_012_ddq_bbox_seed456,baselines,s0,456,val,philip,False,tool,AP,Scissors,0.692,False
baselines__s0_012_ddq_bbox_seed456,baselines,s0,456,val,philip,False,tool,AP,Skewer,0.947,False
baselines__s0_012_ddq_bbox_seed456,baselines,s0,456,val,philip,False,tool,AP,Suction Cannula,0.798,False
baselines__s0_012_ddq_bbox_seed456,baselines,s0,456,val,philip,False,tool,AP,Syringe,0.587,False
baselines__s0_012_ddq_bbox_seed456,baselines,s0,456,val,philip,False,tool,AP,Tweezers,0.778,False
baselines__s0_013_sensex_codino_bbox_seed42,baselines,s0,42,val,philip,False,tool,AP,Bipolar Forceps,0.82,False
baselines__s0_013_sensex_codino_bbox_seed42,baselines,s0,42,val,philip,False,tool,AP,Electric Cautery,0.923,False
baselines__s0_013_sensex_codino_bbox_seed42,baselines,s0,42,val,philip,False,tool,AP,Forceps,0.369,False
baselines__s0_013_sensex_codino_bbox_seed42,baselines,s0,42,val,philip,False,tool,AP,Gauze,0.328,False
baselines__s0_013_sensex_codino_bbox_seed42,baselines,s0,42,val,philip,False,tool,AP,Hook,0.564,False
baselines__s0_013_sensex_codino_bbox_seed42,baselines,s0,42,val,philip,False,tool,AP,Mouth Gag,0.789,False
baselines__s0_013_sensex_codino_bbox_seed42,baselines,s0,42,val,philip,False,tool,AP,Needle Holders,0.822,False
baselines__s0_013_sensex_codino_bbox_seed42,baselines,s0,42,val,philip,False,tool,AP,Raspatory,0.798,False
baselines__s0_013_sensex_codino_bbox_seed42,baselines,s0,42,val,philip,False,tool,AP,Retractor,,True
baselines__s0_013_sensex_codino_bbox_seed42,baselines,s0,42,val,philip,False,tool,AP,Scalpel,0.891,False
baselines__s0_013_sensex_codino_bbox_seed42,baselines,s0,42,val,philip,False,tool,AP,Scissors,0.698,False
baselines__s0_013_sensex_codino_bbox_seed42,baselines,s0,42,val,philip,False,tool,AP,Skewer,0.895,False
baselines__s0_013_sensex_codino_bbox_seed42,baselines,s0,42,val,philip,False,tool,AP,Suction Cannula,0.806,False
baselines__s0_013_sensex_codino_bbox_seed42,baselines,s0,42,val,philip,False,tool,AP,Syringe,0.592,False
baselines__s0_013_sensex_codino_bbox_seed42,baselines,s0,42,val,philip,False,tool,AP,Tweezers,0.763,False
baselines__s0_014_maskdino_bbox_nmsfree_seed42,baselines,s0,42,val,andrew,False,tool,AP,Bipolar Forceps,0.527,False
baselines__s0_014_maskdino_bbox_nmsfree_seed42,baselines,s0,42,val,andrew,False,tool,AP,Electric Cautery,0.951,False
baselines__s0_014_maskdino_bbox_nmsfree_seed42,baselines,s0,42,val,andrew,False,tool,AP,Forceps,0.303,False
baselines__s0_014_maskdino_bbox_nmsfree_seed42,baselines,s0,42,val,andrew,False,tool,AP,Gauze,0.264,False
baselines__s0_014_maskdino_bbox_nmsfree_seed42,baselines,s0,42,val,andrew,False,tool,AP,Hook,0.576,False
baselines__s0_014_maskdino_bbox_nmsfree_seed42,baselines,s0,42,val,andrew,False,tool,AP,Mouth Gag,0.787,False
baselines__s0_014_maskdino_bbox_nmsfree_seed42,baselines,s0,42,val,andrew,False,tool,AP,Needle Holders,0.815,False
baselines__s0_014_maskdino_bbox_nmsfree_seed42,baselines,s0,42,val,andrew,False,tool,AP,Raspatory,0.45,False
baselines__s0_014_maskdino_bbox_nmsfree_seed42,baselines,s0,42,val,andrew,False,tool,AP,Retractor,,True
baselines__s0_014_maskdino_bbox_nmsfree_seed42,baselines,s0,42,val,andrew,False,tool,AP,Scalpel,0.901,False
baselines__s0_014_maskdino_bbox_nmsfree_seed42,baselines,s0,42,val,andrew,False,tool,AP,Scissors,0.652,False
baselines__s0_014_maskdino_bbox_nmsfree_seed42,baselines,s0,42,val,andrew,False,tool,AP,Skewer,0.927,False
baselines__s0_014_maskdino_bbox_nmsfree_seed42,baselines,s0,42,val,andrew,False,tool,AP,Suction Cannula,0.781,False
baselines__s0_014_maskdino_bbox_nmsfree_seed42,baselines,s0,42,val,andrew,False,tool,AP,Syringe,0.622,False
baselines__s0_014_maskdino_bbox_nmsfree_seed42,baselines,s0,42,val,andrew,False,tool,AP,Tweezers,0.749,False
baselines__s0_015_maskdino_bbox_nmsfree_seed123,baselines,s0,123,val,andrew,False,tool,AP,Bipolar Forceps,0.507,False
baselines__s0_015_maskdino_bbox_nmsfree_seed123,baselines,s0,123,val,andrew,False,tool,AP,Electric Cautery,0.953,False
baselines__s0_015_maskdino_bbox_nmsfree_seed123,baselines,s0,123,val,andrew,False,tool,AP,Forceps,0.334,False
baselines__s0_015_maskdino_bbox_nmsfree_seed123,baselines,s0,123,val,andrew,False,tool,AP,Gauze,0.285,False
baselines__s0_015_maskdino_bbox_nmsfree_seed123,baselines,s0,123,val,andrew,False,tool,AP,Hook,0.573,False
baselines__s0_015_maskdino_bbox_nmsfree_seed123,baselines,s0,123,val,andrew,False,tool,AP,Mouth Gag,0.78,False
baselines__s0_015_maskdino_bbox_nmsfree_seed123,baselines,s0,123,val,andrew,False,tool,AP,Needle Holders,0.804,False
baselines__s0_015_maskdino_bbox_nmsfree_seed123,baselines,s0,123,val,andrew,False,tool,AP,Raspatory,0.683,False
baselines__s0_015_maskdino_bbox_nmsfree_seed123,baselines,s0,123,val,andrew,False,tool,AP,Retractor,,True
baselines__s0_015_maskdino_bbox_nmsfree_seed123,baselines,s0,123,val,andrew,False,tool,AP,Scalpel,0.9,False
baselines__s0_015_maskdino_bbox_nmsfree_seed123,baselines,s0,123,val,andrew,False,tool,AP,Scissors,0.64,False
baselines__s0_015_maskdino_bbox_nmsfree_seed123,baselines,s0,123,val,andrew,False,tool,AP,Skewer,0.93,False
baselines__s0_015_maskdino_bbox_nmsfree_seed123,baselines,s0,123,val,andrew,False,tool,AP,Suction Cannula,0.796,False
baselines__s0_015_maskdino_bbox_nmsfree_seed123,baselines,s0,123,val,andrew,False,tool,AP,Syringe,0.59,False
baselines__s0_015_maskdino_bbox_nmsfree_seed123,baselines,s0,123,val,andrew,False,tool,AP,Tweezers,0.745,False
baselines__s0_016_maskdino_bbox_nmsfree_seed456,baselines,s0,456,val,andrew,False,tool,AP,Bipolar Forceps,0.486,False
baselines__s0_016_maskdino_bbox_nmsfree_seed456,baselines,s0,456,val,andrew,False,tool,AP,Electric Cautery,0.949,False
baselines__s0_016_maskdino_bbox_nmsfree_seed456,baselines,s0,456,val,andrew,False,tool,AP,Forceps,0.324,False
baselines__s0_016_maskdino_bbox_nmsfree_seed456,baselines,s0,456,val,andrew,False,tool,AP,Gauze,0.224,False
baselines__s0_016_maskdino_bbox_nmsfree_seed456,baselines,s0,456,val,andrew,False,tool,AP,Hook,0.585,False
baselines__s0_016_maskdino_bbox_nmsfree_seed456,baselines,s0,456,val,andrew,False,tool,AP,Mouth Gag,0.773,False
baselines__s0_016_maskdino_bbox_nmsfree_seed456,baselines,s0,456,val,andrew,False,tool,AP,Needle Holders,0.826,False
baselines__s0_016_maskdino_bbox_nmsfree_seed456,baselines,s0,456,val,andrew,False,tool,AP,Raspatory,0.579,False
baselines__s0_016_maskdino_bbox_nmsfree_seed456,baselines,s0,456,val,andrew,False,tool,AP,Retractor,,True
baselines__s0_016_maskdino_bbox_nmsfree_seed456,baselines,s0,456,val,andrew,False,tool,AP,Scalpel,0.898,False
baselines__s0_016_maskdino_bbox_nmsfree_seed456,baselines,s0,456,val,andrew,False,tool,AP,Scissors,0.651,False
baselines__s0_016_maskdino_bbox_nmsfree_seed456,baselines,s0,456,val,andrew,False,tool,AP,Skewer,0.915,False
baselines__s0_016_maskdino_bbox_nmsfree_seed456,baselines,s0,456,val,andrew,False,tool,AP,Suction Cannula,0.801,False
baselines__s0_016_maskdino_bbox_nmsfree_seed456,baselines,s0,456,val,andrew,False,tool,AP,Syringe,0.603,False
baselines__s0_016_maskdino_bbox_nmsfree_seed456,baselines,s0,456,val,andrew,False,tool,AP,Tweezers,0.746,False
baselines__s0_040_wiring_verification_seed42,baselines,s0,42,val,lecun,False,tool,AP,Bipolar Forceps,0.0,False
baselines__s0_040_wiring_verification_seed42,baselines,s0,42,val,lecun,False,tool,AP,Electric Cautery,0.0,False
baselines__s0_040_wiring_verification_seed42,baselines,s0,42,val,lecun,False,tool,AP,Forceps,0.0,False
baselines__s0_040_wiring_verification_seed42,baselines,s0,42,val,lecun,False,tool,AP,Gauze,0.0,False
baselines__s0_040_wiring_verification_seed42,baselines,s0,42,val,lecun,False,tool,AP,Hook,0.0,False
baselines__s0_040_wiring_verification_seed42,baselines,s0,42,val,lecun,False,tool,AP,Mouth Gag,0.0,False
baselines__s0_040_wiring_verification_seed42,baselines,s0,42,val,lecun,False,tool,AP,Needle Holders,0.0,False
baselines__s0_040_wiring_verification_seed42,baselines,s0,42,val,lecun,False,tool,AP,Raspatory,0.0,False
baselines__s0_040_wiring_verification_seed42,baselines,s0,42,val,lecun,False,tool,AP,Retractor,0.0,False
baselines__s0_040_wiring_verification_seed42,baselines,s0,42,val,lecun,False,tool,AP,Scalpel,0.0,False
baselines__s0_040_wiring_verification_seed42,baselines,s0,42,val,lecun,False,tool,AP,Scissors,0.0,False
baselines__s0_040_wiring_verification_seed42,baselines,s0,42,val,lecun,False,tool,AP,Skewer,0.003880112821446702,False
baselines__s0_040_wiring_verification_seed42,baselines,s0,42,val,lecun,False,tool,AP,Suction Cannula,0.0,False
baselines__s0_040_wiring_verification_seed42,baselines,s0,42,val,lecun,False,tool,AP,Syringe,0.0,False
baselines__s0_040_wiring_verification_seed42,baselines,s0,42,val,lecun,False,tool,AP,Tweezers,0.0,False
g2_followup_2026-07-29__s3__runs__base_seed123,g2_followup_2026-07-29,base,123,val,lecun,False,phase,F1,anesthesia,1.0,False
g2_followup_2026-07-29__s3__runs__base_seed123,g2_followup_2026-07-29,base,123,val,lecun,False,phase,F1,closure,0.9593073593073594,False
g2_followup_2026-07-29__s3__runs__base_seed123,g2_followup_2026-07-29,base,123,val,lecun,False,phase,F1,design,0.9801980198019802,False
g2_followup_2026-07-29__s3__runs__base_seed123,g2_followup_2026-07-29,base,123,val,lecun,False,phase,F1,disinfection,0.0,False
g2_followup_2026-07-29__s3__runs__base_seed123,g2_followup_2026-07-29,base,123,val,lecun,False,phase,F1,dissection,0.959122632103689,False
g2_followup_2026-07-29__s3__runs__base_seed123,g2_followup_2026-07-29,base,123,val,lecun,False,phase,F1,dressing,0.0,False
g2_followup_2026-07-29__s3__runs__base_seed123,g2_followup_2026-07-29,base,123,val,lecun,False,phase,F1,hemostasis,0.8679245283018868,False
g2_followup_2026-07-29__s3__runs__base_seed123,g2_followup_2026-07-29,base,123,val,lecun,False,phase,F1,incision,0.9476744186046513,False
g2_followup_2026-07-29__s3__runs__base_seed123,g2_followup_2026-07-29,base,123,val,lecun,False,phase,F1,irrigation,0.0,False
g2_followup_2026-07-29__s3__runs__base_seed42,g2_followup_2026-07-29,base,42,val,lecun,False,phase,F1,anesthesia,1.0,False
g2_followup_2026-07-29__s3__runs__base_seed42,g2_followup_2026-07-29,base,42,val,lecun,False,phase,F1,closure,0.9541918755401901,False
g2_followup_2026-07-29__s3__runs__base_seed42,g2_followup_2026-07-29,base,42,val,lecun,False,phase,F1,design,0.9751243781094527,False
g2_followup_2026-07-29__s3__runs__base_seed42,g2_followup_2026-07-29,base,42,val,lecun,False,phase,F1,disinfection,0.0,False
g2_followup_2026-07-29__s3__runs__base_seed42,g2_followup_2026-07-29,base,42,val,lecun,False,phase,F1,dissection,0.9628180039138944,False
g2_followup_2026-07-29__s3__runs__base_seed42,g2_followup_2026-07-29,base,42,val,lecun,False,phase,F1,dressing,0.0,False
g2_followup_2026-07-29__s3__runs__base_seed42,g2_followup_2026-07-29,base,42,val,lecun,False,phase,F1,hemostasis,0.7659574468085106,False
g2_followup_2026-07-29__s3__runs__base_seed42,g2_followup_2026-07-29,base,42,val,lecun,False,phase,F1,incision,0.9464285714285714,False
g2_followup_2026-07-29__s3__runs__base_seed42,g2_followup_2026-07-29,base,42,val,lecun,False,phase,F1,irrigation,0.0,False
g2_followup_2026-07-29__s3__runs__base_seed456,g2_followup_2026-07-29,base,456,val,lecun,False,phase,F1,anesthesia,1.0,False
g2_followup_2026-07-29__s3__runs__base_seed456,g2_followup_2026-07-29,base,456,val,lecun,False,phase,F1,closure,0.9617391304347825,False
g2_followup_2026-07-29__s3__runs__base_seed456,g2_followup_2026-07-29,base,456,val,lecun,False,phase,F1,design,0.9801980198019802,False
g2_followup_2026-07-29__s3__runs__base_seed456,g2_followup_2026-07-29,base,456,val,lecun,False,phase,F1,disinfection,0.0,False
g2_followup_2026-07-29__s3__runs__base_seed456,g2_followup_2026-07-29,base,456,val,lecun,False,phase,F1,dissection,0.9533980582524272,False
g2_followup_2026-07-29__s3__runs__base_seed456,g2_followup_2026-07-29,base,456,val,lecun,False,phase,F1,dressing,0.0,False
g2_followup_2026-07-29__s3__runs__base_seed456,g2_followup_2026-07-29,base,456,val,lecun,False,phase,F1,hemostasis,0.7741935483870968,False
g2_followup_2026-07-29__s3__runs__base_seed456,g2_followup_2026-07-29,base,456,val,lecun,False,phase,F1,incision,0.9492537313432835,False
g2_followup_2026-07-29__s3__runs__base_seed456,g2_followup_2026-07-29,base,456,val,lecun,False,phase,F1,irrigation,0.0,False
g2_followup_2026-07-29__s3__runs__bboxROI_seed123,g2_followup_2026-07-29,bboxROI,123,val,lecun,False,phase,F1,anesthesia,1.0,False
g2_followup_2026-07-29__s3__runs__bboxROI_seed123,g2_followup_2026-07-29,bboxROI,123,val,lecun,False,phase,F1,closure,0.9709251101321585,False
g2_followup_2026-07-29__s3__runs__bboxROI_seed123,g2_followup_2026-07-29,bboxROI,123,val,lecun,False,phase,F1,design,0.9852216748768473,False
g2_followup_2026-07-29__s3__runs__bboxROI_seed123,g2_followup_2026-07-29,bboxROI,123,val,lecun,False,phase,F1,disinfection,0.0,False
g2_followup_2026-07-29__s3__runs__bboxROI_seed123,g2_followup_2026-07-29,bboxROI,123,val,lecun,False,phase,F1,dissection,0.9745098039215687,False
g2_followup_2026-07-29__s3__runs__bboxROI_seed123,g2_followup_2026-07-29,bboxROI,123,val,lecun,False,phase,F1,dressing,0.0,False
g2_followup_2026-07-29__s3__runs__bboxROI_seed123,g2_followup_2026-07-29,bboxROI,123,val,lecun,False,phase,F1,hemostasis,0.9380530973451328,False
g2_followup_2026-07-29__s3__runs__bboxROI_seed123,g2_followup_2026-07-29,bboxROI,123,val,lecun,False,phase,F1,incision,0.967551622418879,False
g2_followup_2026-07-29__s3__runs__bboxROI_seed123,g2_followup_2026-07-29,bboxROI,123,val,lecun,False,phase,F1,irrigation,0.0,False
g2_followup_2026-07-29__s3__runs__bboxROI_seed42,g2_followup_2026-07-29,bboxROI,42,val,lecun,False,phase,F1,anesthesia,0.9948717948717948,False
g2_followup_2026-07-29__s3__runs__bboxROI_seed42,g2_followup_2026-07-29,bboxROI,42,val,lecun,False,phase,F1,closure,0.9686411149825784,False
g2_followup_2026-07-29__s3__runs__bboxROI_seed42,g2_followup_2026-07-29,bboxROI,42,val,lecun,False,phase,F1,design,0.9852216748768473,False
g2_followup_2026-07-29__s3__runs__bboxROI_seed42,g2_followup_2026-07-29,bboxROI,42,val,lecun,False,phase,F1,disinfection,0.0,False
g2_followup_2026-07-29__s3__runs__bboxROI_seed42,g2_followup_2026-07-29,bboxROI,42,val,lecun,False,phase,F1,dissection,0.9772502472799208,False
g2_followup_2026-07-29__s3__runs__bboxROI_seed42,g2_followup_2026-07-29,bboxROI,42,val,lecun,False,phase,F1,dressing,0.0,False
g2_followup_2026-07-29__s3__runs__bboxROI_seed42,g2_followup_2026-07-29,bboxROI,42,val,lecun,False,phase,F1,hemostasis,0.9636363636363636,False
g2_followup_2026-07-29__s3__runs__bboxROI_seed42,g2_followup_2026-07-29,bboxROI,42,val,lecun,False,phase,F1,incision,0.967551622418879,False
g2_followup_2026-07-29__s3__runs__bboxROI_seed42,g2_followup_2026-07-29,bboxROI,42,val,lecun,False,phase,F1,irrigation,0.0,False
g2_followup_2026-07-29__s3__runs__bboxROI_seed456,g2_followup_2026-07-29,bboxROI,456,val,lecun,False,phase,F1,anesthesia,0.9948717948717948,False
g2_followup_2026-07-29__s3__runs__bboxROI_seed456,g2_followup_2026-07-29,bboxROI,456,val,lecun,False,phase,F1,closure,0.9668989547038328,False
g2_followup_2026-07-29__s3__runs__bboxROI_seed456,g2_followup_2026-07-29,bboxROI,456,val,lecun,False,phase,F1,design,0.9852216748768473,False
g2_followup_2026-07-29__s3__runs__bboxROI_seed456,g2_followup_2026-07-29,bboxROI,456,val,lecun,False,phase,F1,disinfection,0.0,False
g2_followup_2026-07-29__s3__runs__bboxROI_seed456,g2_followup_2026-07-29,bboxROI,456,val,lecun,False,phase,F1,dissection,0.9731876861966237,False
g2_followup_2026-07-29__s3__runs__bboxROI_seed456,g2_followup_2026-07-29,bboxROI,456,val,lecun,False,phase,F1,dressing,0.0,False
g2_followup_2026-07-29__s3__runs__bboxROI_seed456,g2_followup_2026-07-29,bboxROI,456,val,lecun,False,phase,F1,hemostasis,0.9217391304347825,False
g2_followup_2026-07-29__s3__runs__bboxROI_seed456,g2_followup_2026-07-29,bboxROI,456,val,lecun,False,phase,F1,incision,0.9644970414201184,False
g2_followup_2026-07-29__s3__runs__bboxROI_seed456,g2_followup_2026-07-29,bboxROI,456,val,lecun,False,phase,F1,irrigation,0.0,False
g2_followup_2026-07-29__s3__runs__shuffleROI_seed123,g2_followup_2026-07-29,shuffleROI,123,val,lecun,False,phase,F1,anesthesia,1.0,False
g2_followup_2026-07-29__s3__runs__shuffleROI_seed123,g2_followup_2026-07-29,shuffleROI,123,val,lecun,False,phase,F1,closure,0.9559965487489215,False
g2_followup_2026-07-29__s3__runs__shuffleROI_seed123,g2_followup_2026-07-29,shuffleROI,123,val,lecun,False,phase,F1,design,0.97,False
g2_followup_2026-07-29__s3__runs__shuffleROI_seed123,g2_followup_2026-07-29,shuffleROI,123,val,lecun,False,phase,F1,disinfection,0.0,False
g2_followup_2026-07-29__s3__runs__shuffleROI_seed123,g2_followup_2026-07-29,shuffleROI,123,val,lecun,False,phase,F1,dissection,0.9633300297324084,False
g2_followup_2026-07-29__s3__runs__shuffleROI_seed123,g2_followup_2026-07-29,shuffleROI,123,val,lecun,False,phase,F1,dressing,0.0,False
g2_followup_2026-07-29__s3__runs__shuffleROI_seed123,g2_followup_2026-07-29,shuffleROI,123,val,lecun,False,phase,F1,hemostasis,0.8490566037735849,False
g2_followup_2026-07-29__s3__runs__shuffleROI_seed123,g2_followup_2026-07-29,shuffleROI,123,val,lecun,False,phase,F1,incision,0.9404761904761904,False
g2_followup_2026-07-29__s3__runs__shuffleROI_seed123,g2_followup_2026-07-29,shuffleROI,123,val,lecun,False,phase,F1,irrigation,0.0,False
g2_followup_2026-07-29__s3__runs__shuffleROI_seed42,g2_followup_2026-07-29,shuffleROI,42,val,lecun,False,phase,F1,anesthesia,1.0,False
g2_followup_2026-07-29__s3__runs__shuffleROI_seed42,g2_followup_2026-07-29,shuffleROI,42,val,lecun,False,phase,F1,closure,0.9569707401032702,False
g2_followup_2026-07-29__s3__runs__shuffleROI_seed42,g2_followup_2026-07-29,shuffleROI,42,val,lecun,False,phase,F1,design,0.9801980198019802,False
g2_followup_2026-07-29__s3__runs__shuffleROI_seed42,g2_followup_2026-07-29,shuffleROI,42,val,lecun,False,phase,F1,disinfection,0.0,False
g2_followup_2026-07-29__s3__runs__shuffleROI_seed42,g2_followup_2026-07-29,shuffleROI,42,val,lecun,False,phase,F1,dissection,0.9549019607843137,False
g2_followup_2026-07-29__s3__runs__shuffleROI_seed42,g2_followup_2026-07-29,shuffleROI,42,val,lecun,False,phase,F1,dressing,0.0,False
g2_followup_2026-07-29__s3__runs__shuffleROI_seed42,g2_followup_2026-07-29,shuffleROI,42,val,lecun,False,phase,F1,hemostasis,0.7741935483870968,False
g2_followup_2026-07-29__s3__runs__shuffleROI_seed42,g2_followup_2026-07-29,shuffleROI,42,val,lecun,False,phase,F1,incision,0.9489489489489489,False
g2_followup_2026-07-29__s3__runs__shuffleROI_seed42,g2_followup_2026-07-29,shuffleROI,42,val,lecun,False,phase,F1,irrigation,0.0,False
g2_followup_2026-07-29__s3__runs__shuffleROI_seed456,g2_followup_2026-07-29,shuffleROI,456,val,lecun,False,phase,F1,anesthesia,1.0,False
g2_followup_2026-07-29__s3__runs__shuffleROI_seed456,g2_followup_2026-07-29,shuffleROI,456,val,lecun,False,phase,F1,closure,0.9583333333333333,False
g2_followup_2026-07-29__s3__runs__shuffleROI_seed456,g2_followup_2026-07-29,shuffleROI,456,val,lecun,False,phase,F1,design,0.9852216748768473,False
g2_followup_2026-07-29__s3__runs__shuffleROI_seed456,g2_followup_2026-07-29,shuffleROI,456,val,lecun,False,phase,F1,disinfection,0.0,False
g2_followup_2026-07-29__s3__runs__shuffleROI_seed456,g2_followup_2026-07-29,shuffleROI,456,val,lecun,False,phase,F1,dissection,0.9523809523809524,False
g2_followup_2026-07-29__s3__runs__shuffleROI_seed456,g2_followup_2026-07-29,shuffleROI,456,val,lecun,False,phase,F1,dressing,0.0,False
g2_followup_2026-07-29__s3__runs__shuffleROI_seed456,g2_followup_2026-07-29,shuffleROI,456,val,lecun,False,phase,F1,hemostasis,0.7659574468085106,False
g2_followup_2026-07-29__s3__runs__shuffleROI_seed456,g2_followup_2026-07-29,shuffleROI,456,val,lecun,False,phase,F1,incision,0.9457831325301205,False
g2_followup_2026-07-29__s3__runs__shuffleROI_seed456,g2_followup_2026-07-29,shuffleROI,456,val,lecun,False,phase,F1,irrigation,0.0,False
g2_followup_2026-07-29__s4__runs__base_seed123,g2_followup_2026-07-29,base,123,val,lecun,False,phase,F1,anesthesia,1.0,False
g2_followup_2026-07-29__s4__runs__base_seed123,g2_followup_2026-07-29,base,123,val,lecun,False,phase,F1,closure,0.9559965487489215,False
g2_followup_2026-07-29__s4__runs__base_seed123,g2_followup_2026-07-29,base,123,val,lecun,False,phase,F1,design,0.97,False
g2_followup_2026-07-29__s4__runs__base_seed123,g2_followup_2026-07-29,base,123,val,lecun,False,phase,F1,disinfection,0.0,False
g2_followup_2026-07-29__s4__runs__base_seed123,g2_followup_2026-07-29,base,123,val,lecun,False,phase,F1,dissection,0.9569569569569569,False
g2_followup_2026-07-29__s4__runs__base_seed123,g2_followup_2026-07-29,base,123,val,lecun,False,phase,F1,dressing,0.0,False
g2_followup_2026-07-29__s4__runs__base_seed123,g2_followup_2026-07-29,base,123,val,lecun,False,phase,F1,hemostasis,0.8785046728971964,False
g2_followup_2026-07-29__s4__runs__base_seed123,g2_followup_2026-07-29,base,123,val,lecun,False,phase,F1,incision,0.9391304347826087,False
g2_followup_2026-07-29__s4__runs__base_seed123,g2_followup_2026-07-29,base,123,val,lecun,False,phase,F1,irrigation,0.0,False
g2_followup_2026-07-29__s4__runs__base_seed42,g2_followup_2026-07-29,base,42,val,lecun,False,phase,F1,anesthesia,1.0,False
g2_followup_2026-07-29__s4__runs__base_seed42,g2_followup_2026-07-29,base,42,val,lecun,False,phase,F1,closure,0.9541918755401901,False
g2_followup_2026-07-29__s4__runs__base_seed42,g2_followup_2026-07-29,base,42,val,lecun,False,phase,F1,design,0.9751243781094527,False
g2_followup_2026-07-29__s4__runs__base_seed42,g2_followup_2026-07-29,base,42,val,lecun,False,phase,F1,disinfection,0.0,False
g2_followup_2026-07-29__s4__runs__base_seed42,g2_followup_2026-07-29,base,42,val,lecun,False,phase,F1,dissection,0.9628180039138944,False
g2_followup_2026-07-29__s4__runs__base_seed42,g2_followup_2026-07-29,base,42,val,lecun,False,phase,F1,dressing,0.0,False
g2_followup_2026-07-29__s4__runs__base_seed42,g2_followup_2026-07-29,base,42,val,lecun,False,phase,F1,hemostasis,0.7659574468085106,False
g2_followup_2026-07-29__s4__runs__base_seed42,g2_followup_2026-07-29,base,42,val,lecun,False,phase,F1,incision,0.9464285714285714,False
g2_followup_2026-07-29__s4__runs__base_seed42,g2_followup_2026-07-29,base,42,val,lecun,False,phase,F1,irrigation,0.0,False
g2_followup_2026-07-29__s4__runs__base_seed456,g2_followup_2026-07-29,base,456,val,lecun,False,phase,F1,anesthesia,0.9948717948717948,False
g2_followup_2026-07-29__s4__runs__base_seed456,g2_followup_2026-07-29,base,456,val,lecun,False,phase,F1,closure,0.9577221742881795,False
g2_followup_2026-07-29__s4__runs__base_seed456,g2_followup_2026-07-29,base,456,val,lecun,False,phase,F1,design,0.9852216748768473,False
g2_followup_2026-07-29__s4__runs__base_seed456,g2_followup_2026-07-29,base,456,val,lecun,False,phase,F1,disinfection,0.0,False
g2_followup_2026-07-29__s4__runs__base_seed456,g2_followup_2026-07-29,base,456,val,lecun,False,phase,F1,dissection,0.9574678536102869,False
g2_followup_2026-07-29__s4__runs__base_seed456,g2_followup_2026-07-29,base,456,val,lecun,False,phase,F1,dressing,0.0,False
g2_followup_2026-07-29__s4__runs__base_seed456,g2_followup_2026-07-29,base,456,val,lecun,False,phase,F1,hemostasis,0.8301886792452831,False
g2_followup_2026-07-29__s4__runs__base_seed456,g2_followup_2026-07-29,base,456,val,lecun,False,phase,F1,incision,0.9457831325301205,False
g2_followup_2026-07-29__s4__runs__base_seed456,g2_followup_2026-07-29,base,456,val,lecun,False,phase,F1,irrigation,0.0,False
g2_followup_2026-07-29__s4__runs__bboxROI_handROIbbox2_seed123,g2_followup_2026-07-29,bboxROI_handROIbbox2,123,val,lecun,False,phase,F1,anesthesia,0.9948717948717948,False
g2_followup_2026-07-29__s4__runs__bboxROI_handROIbbox2_seed123,g2_followup_2026-07-29,bboxROI_handROIbbox2,123,val,lecun,False,phase,F1,closure,0.9762532981530343,False
g2_followup_2026-07-29__s4__runs__bboxROI_handROIbbox2_seed123,g2_followup_2026-07-29,bboxROI_handROIbbox2,123,val,lecun,False,phase,F1,design,0.9852216748768473,False
g2_followup_2026-07-29__s4__runs__bboxROI_handROIbbox2_seed123,g2_followup_2026-07-29,bboxROI_handROIbbox2,123,val,lecun,False,phase,F1,disinfection,0.0,False
g2_followup_2026-07-29__s4__runs__bboxROI_handROIbbox2_seed123,g2_followup_2026-07-29,bboxROI_handROIbbox2,123,val,lecun,False,phase,F1,dissection,0.970703125,False
g2_followup_2026-07-29__s4__runs__bboxROI_handROIbbox2_seed123,g2_followup_2026-07-29,bboxROI_handROIbbox2,123,val,lecun,False,phase,F1,dressing,0.0,False
g2_followup_2026-07-29__s4__runs__bboxROI_handROIbbox2_seed123,g2_followup_2026-07-29,bboxROI_handROIbbox2,123,val,lecun,False,phase,F1,hemostasis,0.9142857142857143,False
g2_followup_2026-07-29__s4__runs__bboxROI_handROIbbox2_seed123,g2_followup_2026-07-29,bboxROI_handROIbbox2,123,val,lecun,False,phase,F1,incision,0.9707602339181286,False
g2_followup_2026-07-29__s4__runs__bboxROI_handROIbbox2_seed123,g2_followup_2026-07-29,bboxROI_handROIbbox2,123,val,lecun,False,phase,F1,irrigation,0.0,False
g2_followup_2026-07-29__s4__runs__bboxROI_handROIbbox2_seed42,g2_followup_2026-07-29,bboxROI_handROIbbox2,42,val,lecun,False,phase,F1,anesthesia,1.0,False
g2_followup_2026-07-29__s4__runs__bboxROI_handROIbbox2_seed42,g2_followup_2026-07-29,bboxROI_handROIbbox2,42,val,lecun,False,phase,F1,closure,0.9668411867364748,False
g2_followup_2026-07-29__s4__runs__bboxROI_handROIbbox2_seed42,g2_followup_2026-07-29,bboxROI_handROIbbox2,42,val,lecun,False,phase,F1,design,0.9852216748768473,False
g2_followup_2026-07-29__s4__runs__bboxROI_handROIbbox2_seed42,g2_followup_2026-07-29,bboxROI_handROIbbox2,42,val,lecun,False,phase,F1,disinfection,0.0,False
g2_followup_2026-07-29__s4__runs__bboxROI_handROIbbox2_seed42,g2_followup_2026-07-29,bboxROI_handROIbbox2,42,val,lecun,False,phase,F1,dissection,0.9761904761904762,False
g2_followup_2026-07-29__s4__runs__bboxROI_handROIbbox2_seed42,g2_followup_2026-07-29,bboxROI_handROIbbox2,42,val,lecun,False,phase,F1,dressing,0.0,False
g2_followup_2026-07-29__s4__runs__bboxROI_handROIbbox2_seed42,g2_followup_2026-07-29,bboxROI_handROIbbox2,42,val,lecun,False,phase,F1,hemostasis,0.9380530973451328,False
g2_followup_2026-07-29__s4__runs__bboxROI_handROIbbox2_seed42,g2_followup_2026-07-29,bboxROI_handROIbbox2,42,val,lecun,False,phase,F1,incision,0.9705882352941176,False
g2_followup_2026-07-29__s4__runs__bboxROI_handROIbbox2_seed42,g2_followup_2026-07-29,bboxROI_handROIbbox2,42,val,lecun,False,phase,F1,irrigation,0.0,False
g2_followup_2026-07-29__s4__runs__bboxROI_handROIbbox2_seed456,g2_followup_2026-07-29,bboxROI_handROIbbox2,456,val,lecun,False,phase,F1,anesthesia,0.9948717948717948,False
g2_followup_2026-07-29__s4__runs__bboxROI_handROIbbox2_seed456,g2_followup_2026-07-29,bboxROI_handROIbbox2,456,val,lecun,False,phase,F1,closure,0.969485614646905,False
g2_followup_2026-07-29__s4__runs__bboxROI_handROIbbox2_seed456,g2_followup_2026-07-29,bboxROI_handROIbbox2,456,val,lecun,False,phase,F1,design,0.9852216748768473,False
g2_followup_2026-07-29__s4__runs__bboxROI_handROIbbox2_seed456,g2_followup_2026-07-29,bboxROI_handROIbbox2,456,val,lecun,False,phase,F1,disinfection,0.0,False
g2_followup_2026-07-29__s4__runs__bboxROI_handROIbbox2_seed456,g2_followup_2026-07-29,bboxROI_handROIbbox2,456,val,lecun,False,phase,F1,dissection,0.9762376237623762,False
g2_followup_2026-07-29__s4__runs__bboxROI_handROIbbox2_seed456,g2_followup_2026-07-29,bboxROI_handROIbbox2,456,val,lecun,False,phase,F1,dressing,0.0,False
g2_followup_2026-07-29__s4__runs__bboxROI_handROIbbox2_seed456,g2_followup_2026-07-29,bboxROI_handROIbbox2,456,val,lecun,False,phase,F1,hemostasis,0.9642857142857142,False
g2_followup_2026-07-29__s4__runs__bboxROI_handROIbbox2_seed456,g2_followup_2026-07-29,bboxROI_handROIbbox2,456,val,lecun,False,phase,F1,incision,0.967551622418879,False
g2_followup_2026-07-29__s4__runs__bboxROI_handROIbbox2_seed456,g2_followup_2026-07-29,bboxROI_handROIbbox2,456,val,lecun,False,phase,F1,irrigation,0.0,False
g2_followup_2026-07-29__s4__runs__bboxROI_seed123,g2_followup_2026-07-29,bboxROI,123,val,lecun,False,phase,F1,anesthesia,1.0,False
g2_followup_2026-07-29__s4__runs__bboxROI_seed123,g2_followup_2026-07-29,bboxROI,123,val,lecun,False,phase,F1,closure,0.9717813051146384,False
g2_followup_2026-07-29__s4__runs__bboxROI_seed123,g2_followup_2026-07-29,bboxROI,123,val,lecun,False,phase,F1,design,0.9852216748768473,False
g2_followup_2026-07-29__s4__runs__bboxROI_seed123,g2_followup_2026-07-29,bboxROI,123,val,lecun,False,phase,F1,disinfection,0.0,False
g2_followup_2026-07-29__s4__runs__bboxROI_seed123,g2_followup_2026-07-29,bboxROI,123,val,lecun,False,phase,F1,dissection,0.9745098039215687,False
g2_followup_2026-07-29__s4__runs__bboxROI_seed123,g2_followup_2026-07-29,bboxROI,123,val,lecun,False,phase,F1,dressing,0.0,False
g2_followup_2026-07-29__s4__runs__bboxROI_seed123,g2_followup_2026-07-29,bboxROI,123,val,lecun,False,phase,F1,hemostasis,0.9380530973451328,False
g2_followup_2026-07-29__s4__runs__bboxROI_seed123,g2_followup_2026-07-29,bboxROI,123,val,lecun,False,phase,F1,incision,0.9705882352941176,False
g2_followup_2026-07-29__s4__runs__bboxROI_seed123,g2_followup_2026-07-29,bboxROI,123,val,lecun,False,phase,F1,irrigation,0.0,False
g2_followup_2026-07-29__s4__runs__bboxROI_seed42,g2_followup_2026-07-29,bboxROI,42,val,lecun,False,phase,F1,anesthesia,0.9948717948717948,False
g2_followup_2026-07-29__s4__runs__bboxROI_seed42,g2_followup_2026-07-29,bboxROI,42,val,lecun,False,phase,F1,closure,0.9728308501314635,False
g2_followup_2026-07-29__s4__runs__bboxROI_seed42,g2_followup_2026-07-29,bboxROI,42,val,lecun,False,phase,F1,design,0.9852216748768473,False
g2_followup_2026-07-29__s4__runs__bboxROI_seed42,g2_followup_2026-07-29,bboxROI,42,val,lecun,False,phase,F1,disinfection,0.0,False
g2_followup_2026-07-29__s4__runs__bboxROI_seed42,g2_followup_2026-07-29,bboxROI,42,val,lecun,False,phase,F1,dissection,0.974459724950884,False
g2_followup_2026-07-29__s4__runs__bboxROI_seed42,g2_followup_2026-07-29,bboxROI,42,val,lecun,False,phase,F1,dressing,0.0,False
g2_followup_2026-07-29__s4__runs__bboxROI_seed42,g2_followup_2026-07-29,bboxROI,42,val,lecun,False,phase,F1,hemostasis,0.9541284403669724,False
g2_followup_2026-07-29__s4__runs__bboxROI_seed42,g2_followup_2026-07-29,bboxROI,42,val,lecun,False,phase,F1,incision,0.9647058823529412,False
g2_followup_2026-07-29__s4__runs__bboxROI_seed42,g2_followup_2026-07-29,bboxROI,42,val,lecun,False,phase,F1,irrigation,0.0,False
g2_followup_2026-07-29__s4__runs__bboxROI_seed456,g2_followup_2026-07-29,bboxROI,456,val,lecun,False,phase,F1,anesthesia,0.9948717948717948,False
g2_followup_2026-07-29__s4__runs__bboxROI_seed456,g2_followup_2026-07-29,bboxROI,456,val,lecun,False,phase,F1,closure,0.9652777777777778,False
g2_followup_2026-07-29__s4__runs__bboxROI_seed456,g2_followup_2026-07-29,bboxROI,456,val,lecun,False,phase,F1,design,0.9852216748768473,False
g2_followup_2026-07-29__s4__runs__bboxROI_seed456,g2_followup_2026-07-29,bboxROI,456,val,lecun,False,phase,F1,disinfection,0.0,False
g2_followup_2026-07-29__s4__runs__bboxROI_seed456,g2_followup_2026-07-29,bboxROI,456,val,lecun,False,phase,F1,dissection,0.9751243781094526,False
g2_followup_2026-07-29__s4__runs__bboxROI_seed456,g2_followup_2026-07-29,bboxROI,456,val,lecun,False,phase,F1,dressing,0.0,False
g2_followup_2026-07-29__s4__runs__bboxROI_seed456,g2_followup_2026-07-29,bboxROI,456,val,lecun,False,phase,F1,hemostasis,0.9380530973451328,False
g2_followup_2026-07-29__s4__runs__bboxROI_seed456,g2_followup_2026-07-29,bboxROI,456,val,lecun,False,phase,F1,incision,0.9644970414201184,False
g2_followup_2026-07-29__s4__runs__bboxROI_seed456,g2_followup_2026-07-29,bboxROI,456,val,lecun,False,phase,F1,irrigation,0.0,False
g2_followup_2026-07-29__s4__runs__handPresence_seed123,g2_followup_2026-07-29,handPresence,123,val,lecun,False,phase,F1,anesthesia,0.9949238578680203,False
g2_followup_2026-07-29__s4__runs__handPresence_seed123,g2_followup_2026-07-29,handPresence,123,val,lecun,False,phase,F1,closure,0.9655781112091792,False
g2_followup_2026-07-29__s4__runs__handPresence_seed123,g2_followup_2026-07-29,handPresence,123,val,lecun,False,phase,F1,design,0.97,False
g2_followup_2026-07-29__s4__runs__handPresence_seed123,g2_followup_2026-07-29,handPresence,123,val,lecun,False,phase,F1,disinfection,0.0,False
g2_followup_2026-07-29__s4__runs__handPresence_seed123,g2_followup_2026-07-29,handPresence,123,val,lecun,False,phase,F1,dissection,0.9505334626576138,False
g2_followup_2026-07-29__s4__runs__handPresence_seed123,g2_followup_2026-07-29,handPresence,123,val,lecun,False,phase,F1,dressing,0.0,False
g2_followup_2026-07-29__s4__runs__handPresence_seed123,g2_followup_2026-07-29,handPresence,123,val,lecun,False,phase,F1,hemostasis,0.803921568627451,False
g2_followup_2026-07-29__s4__runs__handPresence_seed123,g2_followup_2026-07-29,handPresence,123,val,lecun,False,phase,F1,incision,0.9620991253644314,False
g2_followup_2026-07-29__s4__runs__handPresence_seed123,g2_followup_2026-07-29,handPresence,123,val,lecun,False,phase,F1,irrigation,0.0,False
g2_followup_2026-07-29__s4__runs__handPresence_seed42,g2_followup_2026-07-29,handPresence,42,val,lecun,False,phase,F1,anesthesia,0.9896907216494846,False
g2_followup_2026-07-29__s4__runs__handPresence_seed42,g2_followup_2026-07-29,handPresence,42,val,lecun,False,phase,F1,closure,0.9584055459272097,False
g2_followup_2026-07-29__s4__runs__handPresence_seed42,g2_followup_2026-07-29,handPresence,42,val,lecun,False,phase,F1,design,0.9801980198019802,False
g2_followup_2026-07-29__s4__runs__handPresence_seed42,g2_followup_2026-07-29,handPresence,42,val,lecun,False,phase,F1,disinfection,0.0,False
g2_followup_2026-07-29__s4__runs__handPresence_seed42,g2_followup_2026-07-29,handPresence,42,val,lecun,False,phase,F1,dissection,0.9541463414634147,False
g2_followup_2026-07-29__s4__runs__handPresence_seed42,g2_followup_2026-07-29,handPresence,42,val,lecun,False,phase,F1,dressing,0.0,False
g2_followup_2026-07-29__s4__runs__handPresence_seed42,g2_followup_2026-07-29,handPresence,42,val,lecun,False,phase,F1,hemostasis,0.7916666666666666,False
g2_followup_2026-07-29__s4__runs__handPresence_seed42,g2_followup_2026-07-29,handPresence,42,val,lecun,False,phase,F1,incision,0.9373134328358209,False
g2_followup_2026-07-29__s4__runs__handPresence_seed42,g2_followup_2026-07-29,handPresence,42,val,lecun,False,phase,F1,irrigation,0.0,False
g2_followup_2026-07-29__s4__runs__handPresence_seed456,g2_followup_2026-07-29,handPresence,456,val,lecun,False,phase,F1,anesthesia,1.0,False
g2_followup_2026-07-29__s4__runs__handPresence_seed456,g2_followup_2026-07-29,handPresence,456,val,lecun,False,phase,F1,closure,0.9590948651000871,False
g2_followup_2026-07-29__s4__runs__handPresence_seed456,g2_followup_2026-07-29,handPresence,456,val,lecun,False,phase,F1,design,0.9801980198019802,False
g2_followup_2026-07-29__s4__runs__handPresence_seed456,g2_followup_2026-07-29,handPresence,456,val,lecun,False,phase,F1,disinfection,0.0,False
g2_followup_2026-07-29__s4__runs__handPresence_seed456,g2_followup_2026-07-29,handPresence,456,val,lecun,False,phase,F1,dissection,0.9524733268671192,False
g2_followup_2026-07-29__s4__runs__handPresence_seed456,g2_followup_2026-07-29,handPresence,456,val,lecun,False,phase,F1,dressing,0.0,False
g2_followup_2026-07-29__s4__runs__handPresence_seed456,g2_followup_2026-07-29,handPresence,456,val,lecun,False,phase,F1,hemostasis,0.7659574468085106,False
g2_followup_2026-07-29__s4__runs__handPresence_seed456,g2_followup_2026-07-29,handPresence,456,val,lecun,False,phase,F1,incision,0.9461077844311377,False
g2_followup_2026-07-29__s4__runs__handPresence_seed456,g2_followup_2026-07-29,handPresence,456,val,lecun,False,phase,F1,irrigation,0.0,False
g2_followup_2026-07-29__s4__runs__handROIbbox2_seed123,g2_followup_2026-07-29,handROIbbox2,123,val,lecun,False,phase,F1,anesthesia,0.9948717948717948,False
g2_followup_2026-07-29__s4__runs__handROIbbox2_seed123,g2_followup_2026-07-29,handROIbbox2,123,val,lecun,False,phase,F1,closure,0.9600694444444445,False
g2_followup_2026-07-29__s4__runs__handROIbbox2_seed123,g2_followup_2026-07-29,handROIbbox2,123,val,lecun,False,phase,F1,design,0.9751243781094527,False
g2_followup_2026-07-29__s4__runs__handROIbbox2_seed123,g2_followup_2026-07-29,handROIbbox2,123,val,lecun,False,phase,F1,disinfection,0.0,False
g2_followup_2026-07-29__s4__runs__handROIbbox2_seed123,g2_followup_2026-07-29,handROIbbox2,123,val,lecun,False,phase,F1,dissection,0.9579667644183774,False
g2_followup_2026-07-29__s4__runs__handROIbbox2_seed123,g2_followup_2026-07-29,handROIbbox2,123,val,lecun,False,phase,F1,dressing,0.0,False
g2_followup_2026-07-29__s4__runs__handROIbbox2_seed123,g2_followup_2026-07-29,handROIbbox2,123,val,lecun,False,phase,F1,hemostasis,0.8118811881188119,False
g2_followup_2026-07-29__s4__runs__handROIbbox2_seed123,g2_followup_2026-07-29,handROIbbox2,123,val,lecun,False,phase,F1,incision,0.940119760479042,False
g2_followup_2026-07-29__s4__runs__handROIbbox2_seed123,g2_followup_2026-07-29,handROIbbox2,123,val,lecun,False,phase,F1,irrigation,0.0,False
g2_followup_2026-07-29__s4__runs__handROIbbox2_seed42,g2_followup_2026-07-29,handROIbbox2,42,val,lecun,False,phase,F1,anesthesia,1.0,False
g2_followup_2026-07-29__s4__runs__handROIbbox2_seed42,g2_followup_2026-07-29,handROIbbox2,42,val,lecun,False,phase,F1,closure,0.955249569707401,False
g2_followup_2026-07-29__s4__runs__handROIbbox2_seed42,g2_followup_2026-07-29,handROIbbox2,42,val,lecun,False,phase,F1,design,0.9648241206030151,False
g2_followup_2026-07-29__s4__runs__handROIbbox2_seed42,g2_followup_2026-07-29,handROIbbox2,42,val,lecun,False,phase,F1,disinfection,0.0,False
g2_followup_2026-07-29__s4__runs__handROIbbox2_seed42,g2_followup_2026-07-29,handROIbbox2,42,val,lecun,False,phase,F1,dissection,0.9566929133858267,False
g2_followup_2026-07-29__s4__runs__handROIbbox2_seed42,g2_followup_2026-07-29,handROIbbox2,42,val,lecun,False,phase,F1,dressing,0.0,False
g2_followup_2026-07-29__s4__runs__handROIbbox2_seed42,g2_followup_2026-07-29,handROIbbox2,42,val,lecun,False,phase,F1,hemostasis,0.7741935483870968,False
g2_followup_2026-07-29__s4__runs__handROIbbox2_seed42,g2_followup_2026-07-29,handROIbbox2,42,val,lecun,False,phase,F1,incision,0.9352941176470588,False
g2_followup_2026-07-29__s4__runs__handROIbbox2_seed42,g2_followup_2026-07-29,handROIbbox2,42,val,lecun,False,phase,F1,irrigation,0.0,False
g2_followup_2026-07-29__s4__runs__handROIbbox2_seed456,g2_followup_2026-07-29,handROIbbox2,456,val,lecun,False,phase,F1,anesthesia,1.0,False
g2_followup_2026-07-29__s4__runs__handROIbbox2_seed456,g2_followup_2026-07-29,handROIbbox2,456,val,lecun,False,phase,F1,closure,0.9616055846422338,False
g2_followup_2026-07-29__s4__runs__handROIbbox2_seed456,g2_followup_2026-07-29,handROIbbox2,456,val,lecun,False,phase,F1,design,0.9801980198019802,False
g2_followup_2026-07-29__s4__runs__handROIbbox2_seed456,g2_followup_2026-07-29,handROIbbox2,456,val,lecun,False,phase,F1,disinfection,0.0,False
g2_followup_2026-07-29__s4__runs__handROIbbox2_seed456,g2_followup_2026-07-29,handROIbbox2,456,val,lecun,False,phase,F1,dissection,0.9536679536679536,False
g2_followup_2026-07-29__s4__runs__handROIbbox2_seed456,g2_followup_2026-07-29,handROIbbox2,456,val,lecun,False,phase,F1,dressing,0.0,False
g2_followup_2026-07-29__s4__runs__handROIbbox2_seed456,g2_followup_2026-07-29,handROIbbox2,456,val,lecun,False,phase,F1,hemostasis,0.7659574468085106,False
g2_followup_2026-07-29__s4__runs__handROIbbox2_seed456,g2_followup_2026-07-29,handROIbbox2,456,val,lecun,False,phase,F1,incision,0.9397590361445782,False
g2_followup_2026-07-29__s4__runs__handROIbbox2_seed456,g2_followup_2026-07-29,handROIbbox2,456,val,lecun,False,phase,F1,irrigation,0.0,False
g2_followup_2026-07-29__s4__runs__handROIbbox4_seed123,g2_followup_2026-07-29,handROIbbox4,123,val,lecun,False,phase,F1,anesthesia,1.0,False
g2_followup_2026-07-29__s4__runs__handROIbbox4_seed123,g2_followup_2026-07-29,handROIbbox4,123,val,lecun,False,phase,F1,closure,0.9634782608695653,False
g2_followup_2026-07-29__s4__runs__handROIbbox4_seed123,g2_followup_2026-07-29,handROIbbox4,123,val,lecun,False,phase,F1,design,0.97,False
g2_followup_2026-07-29__s4__runs__handROIbbox4_seed123,g2_followup_2026-07-29,handROIbbox4,123,val,lecun,False,phase,F1,disinfection,0.0,False
g2_followup_2026-07-29__s4__runs__handROIbbox4_seed123,g2_followup_2026-07-29,handROIbbox4,123,val,lecun,False,phase,F1,dissection,0.9511465603190429,False
g2_followup_2026-07-29__s4__runs__handROIbbox4_seed123,g2_followup_2026-07-29,handROIbbox4,123,val,lecun,False,phase,F1,dressing,0.0,False
g2_followup_2026-07-29__s4__runs__handROIbbox4_seed123,g2_followup_2026-07-29,handROIbbox4,123,val,lecun,False,phase,F1,hemostasis,0.8245614035087719,False
g2_followup_2026-07-29__s4__runs__handROIbbox4_seed123,g2_followup_2026-07-29,handROIbbox4,123,val,lecun,False,phase,F1,incision,0.944606413994169,False
g2_followup_2026-07-29__s4__runs__handROIbbox4_seed123,g2_followup_2026-07-29,handROIbbox4,123,val,lecun,False,phase,F1,irrigation,0.0,False
g2_followup_2026-07-29__s4__runs__handROIbbox4_seed42,g2_followup_2026-07-29,handROIbbox4,42,val,lecun,False,phase,F1,anesthesia,1.0,False
g2_followup_2026-07-29__s4__runs__handROIbbox4_seed42,g2_followup_2026-07-29,handROIbbox4,42,val,lecun,False,phase,F1,closure,0.9568221070811744,False
g2_followup_2026-07-29__s4__runs__handROIbbox4_seed42,g2_followup_2026-07-29,handROIbbox4,42,val,lecun,False,phase,F1,design,0.9801980198019802,False
g2_followup_2026-07-29__s4__runs__handROIbbox4_seed42,g2_followup_2026-07-29,handROIbbox4,42,val,lecun,False,phase,F1,disinfection,0.0,False
g2_followup_2026-07-29__s4__runs__handROIbbox4_seed42,g2_followup_2026-07-29,handROIbbox4,42,val,lecun,False,phase,F1,dissection,0.9538763493621196,False
g2_followup_2026-07-29__s4__runs__handROIbbox4_seed42,g2_followup_2026-07-29,handROIbbox4,42,val,lecun,False,phase,F1,dressing,0.0,False
g2_followup_2026-07-29__s4__runs__handROIbbox4_seed42,g2_followup_2026-07-29,handROIbbox4,42,val,lecun,False,phase,F1,hemostasis,0.8,False
g2_followup_2026-07-29__s4__runs__handROIbbox4_seed42,g2_followup_2026-07-29,handROIbbox4,42,val,lecun,False,phase,F1,incision,0.9365558912386707,False
g2_followup_2026-07-29__s4__runs__handROIbbox4_seed42,g2_followup_2026-07-29,handROIbbox4,42,val,lecun,False,phase,F1,irrigation,0.0,False
g2_followup_2026-07-29__s4__runs__handROIbbox4_seed456,g2_followup_2026-07-29,handROIbbox4,456,val,lecun,False,phase,F1,anesthesia,1.0,False
g2_followup_2026-07-29__s4__runs__handROIbbox4_seed456,g2_followup_2026-07-29,handROIbbox4,456,val,lecun,False,phase,F1,closure,0.9586206896551724,False
g2_followup_2026-07-29__s4__runs__handROIbbox4_seed456,g2_followup_2026-07-29,handROIbbox4,456,val,lecun,False,phase,F1,design,0.9801980198019802,False
g2_followup_2026-07-29__s4__runs__handROIbbox4_seed456,g2_followup_2026-07-29,handROIbbox4,456,val,lecun,False,phase,F1,disinfection,0.0,False
g2_followup_2026-07-29__s4__runs__handROIbbox4_seed456,g2_followup_2026-07-29,handROIbbox4,456,val,lecun,False,phase,F1,dissection,0.9541463414634147,False
g2_followup_2026-07-29__s4__runs__handROIbbox4_seed456,g2_followup_2026-07-29,handROIbbox4,456,val,lecun,False,phase,F1,dressing,0.0,False
g2_followup_2026-07-29__s4__runs__handROIbbox4_seed456,g2_followup_2026-07-29,handROIbbox4,456,val,lecun,False,phase,F1,hemostasis,0.7608695652173912,False
g2_followup_2026-07-29__s4__runs__handROIbbox4_seed456,g2_followup_2026-07-29,handROIbbox4,456,val,lecun,False,phase,F1,incision,0.9425981873111784,False
g2_followup_2026-07-29__s4__runs__handROIbbox4_seed456,g2_followup_2026-07-29,handROIbbox4,456,val,lecun,False,phase,F1,irrigation,0.0,False
g2_followup_2026-07-29__s4__runs__handROImask2_seed123,g2_followup_2026-07-29,handROImask2,123,val,lecun,False,phase,F1,anesthesia,0.9896907216494846,False
g2_followup_2026-07-29__s4__runs__handROImask2_seed123,g2_followup_2026-07-29,handROImask2,123,val,lecun,False,phase,F1,closure,0.9642545771578029,False
g2_followup_2026-07-29__s4__runs__handROImask2_seed123,g2_followup_2026-07-29,handROImask2,123,val,lecun,False,phase,F1,design,0.9751243781094527,False
g2_followup_2026-07-29__s4__runs__handROImask2_seed123,g2_followup_2026-07-29,handROImask2,123,val,lecun,False,phase,F1,disinfection,0.0,False
g2_followup_2026-07-29__s4__runs__handROImask2_seed123,g2_followup_2026-07-29,handROImask2,123,val,lecun,False,phase,F1,dissection,0.9560975609756098,False
g2_followup_2026-07-29__s4__runs__handROImask2_seed123,g2_followup_2026-07-29,handROImask2,123,val,lecun,False,phase,F1,dressing,0.0,False
g2_followup_2026-07-29__s4__runs__handROImask2_seed123,g2_followup_2026-07-29,handROImask2,123,val,lecun,False,phase,F1,hemostasis,0.8080808080808081,False
g2_followup_2026-07-29__s4__runs__handROImask2_seed123,g2_followup_2026-07-29,handROImask2,123,val,lecun,False,phase,F1,incision,0.9411764705882353,False
g2_followup_2026-07-29__s4__runs__handROImask2_seed123,g2_followup_2026-07-29,handROImask2,123,val,lecun,False,phase,F1,irrigation,0.0,False
g2_followup_2026-07-29__s4__runs__handROImask2_seed42,g2_followup_2026-07-29,handROImask2,42,val,lecun,False,phase,F1,anesthesia,0.9896907216494846,False
g2_followup_2026-07-29__s4__runs__handROImask2_seed42,g2_followup_2026-07-29,handROImask2,42,val,lecun,False,phase,F1,closure,0.9608355091383812,False
g2_followup_2026-07-29__s4__runs__handROImask2_seed42,g2_followup_2026-07-29,handROImask2,42,val,lecun,False,phase,F1,design,0.97,False
g2_followup_2026-07-29__s4__runs__handROImask2_seed42,g2_followup_2026-07-29,handROImask2,42,val,lecun,False,phase,F1,disinfection,0.0,False
g2_followup_2026-07-29__s4__runs__handROImask2_seed42,g2_followup_2026-07-29,handROImask2,42,val,lecun,False,phase,F1,dissection,0.9541463414634147,False
g2_followup_2026-07-29__s4__runs__handROImask2_seed42,g2_followup_2026-07-29,handROImask2,42,val,lecun,False,phase,F1,dressing,0.0,False
g2_followup_2026-07-29__s4__runs__handROImask2_seed42,g2_followup_2026-07-29,handROImask2,42,val,lecun,False,phase,F1,hemostasis,0.7916666666666666,False
g2_followup_2026-07-29__s4__runs__handROImask2_seed42,g2_followup_2026-07-29,handROImask2,42,val,lecun,False,phase,F1,incision,0.9415204678362572,False
g2_followup_2026-07-29__s4__runs__handROImask2_seed42,g2_followup_2026-07-29,handROImask2,42,val,lecun,False,phase,F1,irrigation,0.0,False
g2_followup_2026-07-29__s4__runs__handROImask2_seed456,g2_followup_2026-07-29,handROImask2,456,val,lecun,False,phase,F1,anesthesia,0.9948717948717948,False
g2_followup_2026-07-29__s4__runs__handROImask2_seed456,g2_followup_2026-07-29,handROImask2,456,val,lecun,False,phase,F1,closure,0.9567474048442905,False
g2_followup_2026-07-29__s4__runs__handROImask2_seed456,g2_followup_2026-07-29,handROImask2,456,val,lecun,False,phase,F1,design,0.9852216748768473,False
g2_followup_2026-07-29__s4__runs__handROImask2_seed456,g2_followup_2026-07-29,handROImask2,456,val,lecun,False,phase,F1,disinfection,0.0,False
g2_followup_2026-07-29__s4__runs__handROImask2_seed456,g2_followup_2026-07-29,handROImask2,456,val,lecun,False,phase,F1,dissection,0.9557522123893806,False
g2_followup_2026-07-29__s4__runs__handROImask2_seed456,g2_followup_2026-07-29,handROImask2,456,val,lecun,False,phase,F1,dressing,0.0,False
g2_followup_2026-07-29__s4__runs__handROImask2_seed456,g2_followup_2026-07-29,handROImask2,456,val,lecun,False,phase,F1,hemostasis,0.8316831683168316,False
g2_followup_2026-07-29__s4__runs__handROImask2_seed456,g2_followup_2026-07-29,handROImask2,456,val,lecun,False,phase,F1,incision,0.940119760479042,False
g2_followup_2026-07-29__s4__runs__handROImask2_seed456,g2_followup_2026-07-29,handROImask2,456,val,lecun,False,phase,F1,irrigation,0.0,False
g2_main_2026-07-29_lecun__runs__base_seed123,g2_main_2026-07-29_lecun,base,123,val,lecun,False,phase,F1,anesthesia,1.0,False
g2_main_2026-07-29_lecun__runs__base_seed123,g2_main_2026-07-29_lecun,base,123,val,lecun,False,phase,F1,closure,0.955249569707401,False
g2_main_2026-07-29_lecun__runs__base_seed123,g2_main_2026-07-29_lecun,base,123,val,lecun,False,phase,F1,design,0.9852216748768473,False
g2_main_2026-07-29_lecun__runs__base_seed123,g2_main_2026-07-29_lecun,base,123,val,lecun,False,phase,F1,disinfection,0.0,False
g2_main_2026-07-29_lecun__runs__base_seed123,g2_main_2026-07-29_lecun,base,123,val,lecun,False,phase,F1,dissection,0.9615763546798028,False
g2_main_2026-07-29_lecun__runs__base_seed123,g2_main_2026-07-29_lecun,base,123,val,lecun,False,phase,F1,dressing,0.0,False
g2_main_2026-07-29_lecun__runs__base_seed123,g2_main_2026-07-29_lecun,base,123,val,lecun,False,phase,F1,hemostasis,0.8282828282828282,False
g2_main_2026-07-29_lecun__runs__base_seed123,g2_main_2026-07-29_lecun,base,123,val,lecun,False,phase,F1,incision,0.9486404833836858,False
g2_main_2026-07-29_lecun__runs__base_seed123,g2_main_2026-07-29_lecun,base,123,val,lecun,False,phase,F1,irrigation,0.0,False
g2_main_2026-07-29_lecun__runs__base_seed42,g2_main_2026-07-29_lecun,base,42,val,lecun,False,phase,F1,anesthesia,1.0,False
g2_main_2026-07-29_lecun__runs__base_seed42,g2_main_2026-07-29_lecun,base,42,val,lecun,False,phase,F1,closure,0.9542709232096634,False
g2_main_2026-07-29_lecun__runs__base_seed42,g2_main_2026-07-29_lecun,base,42,val,lecun,False,phase,F1,design,0.9751243781094527,False
g2_main_2026-07-29_lecun__runs__base_seed42,g2_main_2026-07-29_lecun,base,42,val,lecun,False,phase,F1,disinfection,0.0,False
g2_main_2026-07-29_lecun__runs__base_seed42,g2_main_2026-07-29_lecun,base,42,val,lecun,False,phase,F1,dissection,0.9656526005888126,False
g2_main_2026-07-29_lecun__runs__base_seed42,g2_main_2026-07-29_lecun,base,42,val,lecun,False,phase,F1,dressing,0.0,False
g2_main_2026-07-29_lecun__runs__base_seed42,g2_main_2026-07-29_lecun,base,42,val,lecun,False,phase,F1,hemostasis,0.7789473684210527,False
g2_main_2026-07-29_lecun__runs__base_seed42,g2_main_2026-07-29_lecun,base,42,val,lecun,False,phase,F1,incision,0.9464285714285714,False
g2_main_2026-07-29_lecun__runs__base_seed42,g2_main_2026-07-29_lecun,base,42,val,lecun,False,phase,F1,irrigation,0.0,False
g2_main_2026-07-29_lecun__runs__base_seed456,g2_main_2026-07-29_lecun,base,456,val,lecun,False,phase,F1,anesthesia,0.9948717948717948,False
g2_main_2026-07-29_lecun__runs__base_seed456,g2_main_2026-07-29_lecun,base,456,val,lecun,False,phase,F1,closure,0.9568221070811744,False
g2_main_2026-07-29_lecun__runs__base_seed456,g2_main_2026-07-29_lecun,base,456,val,lecun,False,phase,F1,design,0.9852216748768473,False
g2_main_2026-07-29_lecun__runs__base_seed456,g2_main_2026-07-29_lecun,base,456,val,lecun,False,phase,F1,disinfection,0.0,False
g2_main_2026-07-29_lecun__runs__base_seed456,g2_main_2026-07-29_lecun,base,456,val,lecun,False,phase,F1,dissection,0.9554896142433235,False
g2_main_2026-07-29_lecun__runs__base_seed456,g2_main_2026-07-29_lecun,base,456,val,lecun,False,phase,F1,dressing,0.0,False
g2_main_2026-07-29_lecun__runs__base_seed456,g2_main_2026-07-29_lecun,base,456,val,lecun,False,phase,F1,hemostasis,0.8301886792452831,False
g2_main_2026-07-29_lecun__runs__base_seed456,g2_main_2026-07-29_lecun,base,456,val,lecun,False,phase,F1,incision,0.942942942942943,False
g2_main_2026-07-29_lecun__runs__base_seed456,g2_main_2026-07-29_lecun,base,456,val,lecun,False,phase,F1,irrigation,0.0,False
g2_main_2026-07-29_lecun__runs__bboxROI_seed123,g2_main_2026-07-29_lecun,bboxROI,123,val,lecun,False,phase,F1,anesthesia,1.0,False
g2_main_2026-07-29_lecun__runs__bboxROI_seed123,g2_main_2026-07-29_lecun,bboxROI,123,val,lecun,False,phase,F1,closure,0.9692712906057945,False
g2_main_2026-07-29_lecun__runs__bboxROI_seed123,g2_main_2026-07-29_lecun,bboxROI,123,val,lecun,False,phase,F1,design,0.9852216748768473,False
g2_main_2026-07-29_lecun__runs__bboxROI_seed123,g2_main_2026-07-29_lecun,bboxROI,123,val,lecun,False,phase,F1,disinfection,0.0,False
g2_main_2026-07-29_lecun__runs__bboxROI_seed123,g2_main_2026-07-29_lecun,bboxROI,123,val,lecun,False,phase,F1,dissection,0.9744094488188976,False
g2_main_2026-07-29_lecun__runs__bboxROI_seed123,g2_main_2026-07-29_lecun,bboxROI,123,val,lecun,False,phase,F1,dressing,0.0,False
g2_main_2026-07-29_lecun__runs__bboxROI_seed123,g2_main_2026-07-29_lecun,bboxROI,123,val,lecun,False,phase,F1,hemostasis,0.9298245614035088,False
g2_main_2026-07-29_lecun__runs__bboxROI_seed123,g2_main_2026-07-29_lecun,bboxROI,123,val,lecun,False,phase,F1,incision,0.9704142011834319,False
g2_main_2026-07-29_lecun__runs__bboxROI_seed123,g2_main_2026-07-29_lecun,bboxROI,123,val,lecun,False,phase,F1,irrigation,0.0,False
g2_main_2026-07-29_lecun__runs__bboxROI_seed42,g2_main_2026-07-29_lecun,bboxROI,42,val,lecun,False,phase,F1,anesthesia,0.9948717948717948,False
g2_main_2026-07-29_lecun__runs__bboxROI_seed42,g2_main_2026-07-29_lecun,bboxROI,42,val,lecun,False,phase,F1,closure,0.9677980852915578,False
g2_main_2026-07-29_lecun__runs__bboxROI_seed42,g2_main_2026-07-29_lecun,bboxROI,42,val,lecun,False,phase,F1,design,0.9852216748768473,False
g2_main_2026-07-29_lecun__runs__bboxROI_seed42,g2_main_2026-07-29_lecun,bboxROI,42,val,lecun,False,phase,F1,disinfection,0.0,False
g2_main_2026-07-29_lecun__runs__bboxROI_seed42,g2_main_2026-07-29_lecun,bboxROI,42,val,lecun,False,phase,F1,dissection,0.9782178217821782,False
g2_main_2026-07-29_lecun__runs__bboxROI_seed42,g2_main_2026-07-29_lecun,bboxROI,42,val,lecun,False,phase,F1,dressing,0.0,False
g2_main_2026-07-29_lecun__runs__bboxROI_seed42,g2_main_2026-07-29_lecun,bboxROI,42,val,lecun,False,phase,F1,hemostasis,0.9636363636363636,False
g2_main_2026-07-29_lecun__runs__bboxROI_seed42,g2_main_2026-07-29_lecun,bboxROI,42,val,lecun,False,phase,F1,incision,0.967551622418879,False
g2_main_2026-07-29_lecun__runs__bboxROI_seed42,g2_main_2026-07-29_lecun,bboxROI,42,val,lecun,False,phase,F1,irrigation,0.0,False
g2_main_2026-07-29_lecun__runs__bboxROI_seed456,g2_main_2026-07-29_lecun,bboxROI,456,val,lecun,False,phase,F1,anesthesia,1.0,False
g2_main_2026-07-29_lecun__runs__bboxROI_seed456,g2_main_2026-07-29_lecun,bboxROI,456,val,lecun,False,phase,F1,closure,0.9676855895196507,False
g2_main_2026-07-29_lecun__runs__bboxROI_seed456,g2_main_2026-07-29_lecun,bboxROI,456,val,lecun,False,phase,F1,design,0.9852216748768473,False
g2_main_2026-07-29_lecun__runs__bboxROI_seed456,g2_main_2026-07-29_lecun,bboxROI,456,val,lecun,False,phase,F1,disinfection,0.0,False
g2_main_2026-07-29_lecun__runs__bboxROI_seed456,g2_main_2026-07-29_lecun,bboxROI,456,val,lecun,False,phase,F1,dissection,0.9762845849802372,False
g2_main_2026-07-29_lecun__runs__bboxROI_seed456,g2_main_2026-07-29_lecun,bboxROI,456,val,lecun,False,phase,F1,dressing,0.0,False
g2_main_2026-07-29_lecun__runs__bboxROI_seed456,g2_main_2026-07-29_lecun,bboxROI,456,val,lecun,False,phase,F1,hemostasis,0.9107142857142856,False
g2_main_2026-07-29_lecun__runs__bboxROI_seed456,g2_main_2026-07-29_lecun,bboxROI,456,val,lecun,False,phase,F1,incision,0.9644970414201184,False
g2_main_2026-07-29_lecun__runs__bboxROI_seed456,g2_main_2026-07-29_lecun,bboxROI,456,val,lecun,False,phase,F1,irrigation,0.0,False
g2_main_2026-07-29_lecun__runs__maskROI_seed123,g2_main_2026-07-29_lecun,maskROI,123,val,lecun,False,phase,F1,anesthesia,0.9948717948717948,False
g2_main_2026-07-29_lecun__runs__maskROI_seed123,g2_main_2026-07-29_lecun,maskROI,123,val,lecun,False,phase,F1,closure,0.9668989547038328,False
g2_main_2026-07-29_lecun__runs__maskROI_seed123,g2_main_2026-07-29_lecun,maskROI,123,val,lecun,False,phase,F1,design,0.9852216748768473,False
g2_main_2026-07-29_lecun__runs__maskROI_seed123,g2_main_2026-07-29_lecun,maskROI,123,val,lecun,False,phase,F1,disinfection,0.0,False
g2_main_2026-07-29_lecun__runs__maskROI_seed123,g2_main_2026-07-29_lecun,maskROI,123,val,lecun,False,phase,F1,dissection,0.9782178217821782,False
g2_main_2026-07-29_lecun__runs__maskROI_seed123,g2_main_2026-07-29_lecun,maskROI,123,val,lecun,False,phase,F1,dressing,0.0,False
g2_main_2026-07-29_lecun__runs__maskROI_seed123,g2_main_2026-07-29_lecun,maskROI,123,val,lecun,False,phase,F1,hemostasis,0.954954954954955,False
g2_main_2026-07-29_lecun__runs__maskROI_seed123,g2_main_2026-07-29_lecun,maskROI,123,val,lecun,False,phase,F1,incision,0.967551622418879,False
g2_main_2026-07-29_lecun__runs__maskROI_seed123,g2_main_2026-07-29_lecun,maskROI,123,val,lecun,False,phase,F1,irrigation,0.0,False
g2_main_2026-07-29_lecun__runs__maskROI_seed42,g2_main_2026-07-29_lecun,maskROI,42,val,lecun,False,phase,F1,anesthesia,0.9948717948717948,False
g2_main_2026-07-29_lecun__runs__maskROI_seed42,g2_main_2026-07-29_lecun,maskROI,42,val,lecun,False,phase,F1,closure,0.969485614646905,False
g2_main_2026-07-29_lecun__runs__maskROI_seed42,g2_main_2026-07-29_lecun,maskROI,42,val,lecun,False,phase,F1,design,0.9852216748768473,False
g2_main_2026-07-29_lecun__runs__maskROI_seed42,g2_main_2026-07-29_lecun,maskROI,42,val,lecun,False,phase,F1,disinfection,0.0,False
g2_main_2026-07-29_lecun__runs__maskROI_seed42,g2_main_2026-07-29_lecun,maskROI,42,val,lecun,False,phase,F1,dissection,0.9782608695652174,False
g2_main_2026-07-29_lecun__runs__maskROI_seed42,g2_main_2026-07-29_lecun,maskROI,42,val,lecun,False,phase,F1,dressing,0.0,False
g2_main_2026-07-29_lecun__runs__maskROI_seed42,g2_main_2026-07-29_lecun,maskROI,42,val,lecun,False,phase,F1,hemostasis,0.9636363636363636,False
g2_main_2026-07-29_lecun__runs__maskROI_seed42,g2_main_2026-07-29_lecun,maskROI,42,val,lecun,False,phase,F1,incision,0.967551622418879,False
g2_main_2026-07-29_lecun__runs__maskROI_seed42,g2_main_2026-07-29_lecun,maskROI,42,val,lecun,False,phase,F1,irrigation,0.0,False
g2_main_2026-07-29_lecun__runs__maskROI_seed456,g2_main_2026-07-29_lecun,maskROI,456,val,lecun,False,phase,F1,anesthesia,1.0,False
g2_main_2026-07-29_lecun__runs__maskROI_seed456,g2_main_2026-07-29_lecun,maskROI,456,val,lecun,False,phase,F1,closure,0.9675723049956179,False
g2_main_2026-07-29_lecun__runs__maskROI_seed456,g2_main_2026-07-29_lecun,maskROI,456,val,lecun,False,phase,F1,design,0.9852216748768473,False
g2_main_2026-07-29_lecun__runs__maskROI_seed456,g2_main_2026-07-29_lecun,maskROI,456,val,lecun,False,phase,F1,disinfection,0.0,False
g2_main_2026-07-29_lecun__runs__maskROI_seed456,g2_main_2026-07-29_lecun,maskROI,456,val,lecun,False,phase,F1,dissection,0.9754661432777233,False
g2_main_2026-07-29_lecun__runs__maskROI_seed456,g2_main_2026-07-29_lecun,maskROI,456,val,lecun,False,phase,F1,dressing,0.0,False
g2_main_2026-07-29_lecun__runs__maskROI_seed456,g2_main_2026-07-29_lecun,maskROI,456,val,lecun,False,phase,F1,hemostasis,0.954954954954955,False
g2_main_2026-07-29_lecun__runs__maskROI_seed456,g2_main_2026-07-29_lecun,maskROI,456,val,lecun,False,phase,F1,incision,0.9642857142857143,False
g2_main_2026-07-29_lecun__runs__maskROI_seed456,g2_main_2026-07-29_lecun,maskROI,456,val,lecun,False,phase,F1,irrigation,0.0,False
g2_main_2026-07-29_lecun__runs__randROI_seed123,g2_main_2026-07-29_lecun,randROI,123,val,lecun,False,phase,F1,anesthesia,0.9948717948717948,False
g2_main_2026-07-29_lecun__runs__randROI_seed123,g2_main_2026-07-29_lecun,randROI,123,val,lecun,False,phase,F1,closure,0.9660574412532636,False
g2_main_2026-07-29_lecun__runs__randROI_seed123,g2_main_2026-07-29_lecun,randROI,123,val,lecun,False,phase,F1,design,0.9852216748768473,False
g2_main_2026-07-29_lecun__runs__randROI_seed123,g2_main_2026-07-29_lecun,randROI,123,val,lecun,False,phase,F1,disinfection,0.0,False
g2_main_2026-07-29_lecun__runs__randROI_seed123,g2_main_2026-07-29_lecun,randROI,123,val,lecun,False,phase,F1,dissection,0.9762845849802372,False
g2_main_2026-07-29_lecun__runs__randROI_seed123,g2_main_2026-07-29_lecun,randROI,123,val,lecun,False,phase,F1,dressing,0.0,False
g2_main_2026-07-29_lecun__runs__randROI_seed123,g2_main_2026-07-29_lecun,randROI,123,val,lecun,False,phase,F1,hemostasis,0.9541284403669724,False
g2_main_2026-07-29_lecun__runs__randROI_seed123,g2_main_2026-07-29_lecun,randROI,123,val,lecun,False,phase,F1,incision,0.9585798816568047,False
g2_main_2026-07-29_lecun__runs__randROI_seed123,g2_main_2026-07-29_lecun,randROI,123,val,lecun,False,phase,F1,irrigation,0.0,False
g2_main_2026-07-29_lecun__runs__randROI_seed42,g2_main_2026-07-29_lecun,randROI,42,val,lecun,False,phase,F1,anesthesia,0.9948717948717948,False
g2_main_2026-07-29_lecun__runs__randROI_seed42,g2_main_2026-07-29_lecun,randROI,42,val,lecun,False,phase,F1,closure,0.9661164205039097,False
g2_main_2026-07-29_lecun__runs__randROI_seed42,g2_main_2026-07-29_lecun,randROI,42,val,lecun,False,phase,F1,design,0.9852216748768473,False
g2_main_2026-07-29_lecun__runs__randROI_seed42,g2_main_2026-07-29_lecun,randROI,42,val,lecun,False,phase,F1,disinfection,0.0,False
g2_main_2026-07-29_lecun__runs__randROI_seed42,g2_main_2026-07-29_lecun,randROI,42,val,lecun,False,phase,F1,dissection,0.978131212723658,False
g2_main_2026-07-29_lecun__runs__randROI_seed42,g2_main_2026-07-29_lecun,randROI,42,val,lecun,False,phase,F1,dressing,0.0,False
g2_main_2026-07-29_lecun__runs__randROI_seed42,g2_main_2026-07-29_lecun,randROI,42,val,lecun,False,phase,F1,hemostasis,0.9454545454545454,False
g2_main_2026-07-29_lecun__runs__randROI_seed42,g2_main_2026-07-29_lecun,randROI,42,val,lecun,False,phase,F1,incision,0.967741935483871,False
g2_main_2026-07-29_lecun__runs__randROI_seed42,g2_main_2026-07-29_lecun,randROI,42,val,lecun,False,phase,F1,irrigation,0.0,False
g2_main_2026-07-29_lecun__runs__randROI_seed456,g2_main_2026-07-29_lecun,randROI,456,val,lecun,False,phase,F1,anesthesia,0.9948717948717948,False
g2_main_2026-07-29_lecun__runs__randROI_seed456,g2_main_2026-07-29_lecun,randROI,456,val,lecun,False,phase,F1,closure,0.9644405897658282,False
g2_main_2026-07-29_lecun__runs__randROI_seed456,g2_main_2026-07-29_lecun,randROI,456,val,lecun,False,phase,F1,design,0.9852216748768473,False
g2_main_2026-07-29_lecun__runs__randROI_seed456,g2_main_2026-07-29_lecun,randROI,456,val,lecun,False,phase,F1,disinfection,0.0,False
g2_main_2026-07-29_lecun__runs__randROI_seed456,g2_main_2026-07-29_lecun,randROI,456,val,lecun,False,phase,F1,dissection,0.9741035856573705,False
g2_main_2026-07-29_lecun__runs__randROI_seed456,g2_main_2026-07-29_lecun,randROI,456,val,lecun,False,phase,F1,dressing,0.0,False
g2_main_2026-07-29_lecun__runs__randROI_seed456,g2_main_2026-07-29_lecun,randROI,456,val,lecun,False,phase,F1,hemostasis,0.9217391304347825,False
g2_main_2026-07-29_lecun__runs__randROI_seed456,g2_main_2026-07-29_lecun,randROI,456,val,lecun,False,phase,F1,incision,0.9583333333333333,False
g2_main_2026-07-29_lecun__runs__randROI_seed456,g2_main_2026-07-29_lecun,randROI,456,val,lecun,False,phase,F1,irrigation,0.0,False
hand2det_dev__hand2det_1ep_4ch_film_seed42,hand2det_dev,hand2det_1ep_4ch_film,42,val,efros,False,tool,AP,Bipolar Forceps,0.7828277397274049,False
hand2det_dev__hand2det_1ep_4ch_film_seed42,hand2det_dev,hand2det_1ep_4ch_film,42,val,efros,False,tool,AP,Electric Cautery,0.9695583895170411,False
hand2det_dev__hand2det_1ep_4ch_film_seed42,hand2det_dev,hand2det_1ep_4ch_film,42,val,efros,False,tool,AP,Forceps,0.3816000664374252,False
hand2det_dev__hand2det_1ep_4ch_film_seed42,hand2det_dev,hand2det_1ep_4ch_film,42,val,efros,False,tool,AP,Gauze,0.26331563421308957,False
hand2det_dev__hand2det_1ep_4ch_film_seed42,hand2det_dev,hand2det_1ep_4ch_film,42,val,efros,False,tool,AP,Hook,0.5925144354434037,False
hand2det_dev__hand2det_1ep_4ch_film_seed42,hand2det_dev,hand2det_1ep_4ch_film,42,val,efros,False,tool,AP,Mouth Gag,0.8045104058763111,False
hand2det_dev__hand2det_1ep_4ch_film_seed42,hand2det_dev,hand2det_1ep_4ch_film,42,val,efros,False,tool,AP,Needle Holders,0.8537544634694707,False
hand2det_dev__hand2det_1ep_4ch_film_seed42,hand2det_dev,hand2det_1ep_4ch_film,42,val,efros,False,tool,AP,Raspatory,0.8382421449330558,False
hand2det_dev__hand2det_1ep_4ch_film_seed42,hand2det_dev,hand2det_1ep_4ch_film,42,val,efros,False,tool,AP,Retractor,,True
hand2det_dev__hand2det_1ep_4ch_film_seed42,hand2det_dev,hand2det_1ep_4ch_film,42,val,efros,False,tool,AP,Scalpel,0.8993552226375756,False
hand2det_dev__hand2det_1ep_4ch_film_seed42,hand2det_dev,hand2det_1ep_4ch_film,42,val,efros,False,tool,AP,Scissors,0.7145447673875944,False
hand2det_dev__hand2det_1ep_4ch_film_seed42,hand2det_dev,hand2det_1ep_4ch_film,42,val,efros,False,tool,AP,Skewer,0.9446774083013355,False
hand2det_dev__hand2det_1ep_4ch_film_seed42,hand2det_dev,hand2det_1ep_4ch_film,42,val,efros,False,tool,AP,Suction Cannula,0.8290498049967242,False
hand2det_dev__hand2det_1ep_4ch_film_seed42,hand2det_dev,hand2det_1ep_4ch_film,42,val,efros,False,tool,AP,Syringe,0.5687942392907074,False
hand2det_dev__hand2det_1ep_4ch_film_seed42,hand2det_dev,hand2det_1ep_4ch_film,42,val,efros,False,tool,AP,Tweezers,0.7817707503848182,False
phase0___pre_redo_s0_smoke__s2_001_hand_detection_seed42,phase0,s2,42,val,,True,unknown,unknown,Bipolar Forceps,0.0,False
phase0___pre_redo_s0_smoke__s2_001_hand_detection_seed42,phase0,s2,42,val,,True,unknown,unknown,Electric Cautery,0.004,False
phase0___pre_redo_s0_smoke__s2_001_hand_detection_seed42,phase0,s2,42,val,,True,unknown,unknown,Forceps,0.001,False
phase0___pre_redo_s0_smoke__s2_001_hand_detection_seed42,phase0,s2,42,val,,True,unknown,unknown,Gauze,0.011,False
phase0___pre_redo_s0_smoke__s2_001_hand_detection_seed42,phase0,s2,42,val,,True,unknown,unknown,Hook,0.003,False
phase0___pre_redo_s0_smoke__s2_001_hand_detection_seed42,phase0,s2,42,val,,True,unknown,unknown,Mouth Gag,,True
phase0___pre_redo_s0_smoke__s2_001_hand_detection_seed42,phase0,s2,42,val,,True,unknown,unknown,Needle Holders,0.0,False
phase0___pre_redo_s0_smoke__s2_001_hand_detection_seed42,phase0,s2,42,val,,True,unknown,unknown,Other hands left,0.036,False
phase0___pre_redo_s0_smoke__s2_001_hand_detection_seed42,phase0,s2,42,val,,True,unknown,unknown,Other hands right,0.015,False
phase0___pre_redo_s0_smoke__s2_001_hand_detection_seed42,phase0,s2,42,val,,True,unknown,unknown,Own hands left,0.098,False
phase0___pre_redo_s0_smoke__s2_001_hand_detection_seed42,phase0,s2,42,val,,True,unknown,unknown,Own hands right,0.081,False
phase0___pre_redo_s0_smoke__s2_001_hand_detection_seed42,phase0,s2,42,val,,True,unknown,unknown,Raspatory,0.043,False
phase0___pre_redo_s0_smoke__s2_001_hand_detection_seed42,phase0,s2,42,val,,True,unknown,unknown,Retractor,0.026,False
phase0___pre_redo_s0_smoke__s2_001_hand_detection_seed42,phase0,s2,42,val,,True,unknown,unknown,Scalpel,0.04,False
phase0___pre_redo_s0_smoke__s2_001_hand_detection_seed42,phase0,s2,42,val,,True,unknown,unknown,Scissors,0.005,False
phase0___pre_redo_s0_smoke__s2_001_hand_detection_seed42,phase0,s2,42,val,,True,unknown,unknown,Skewer,,True
phase0___pre_redo_s0_smoke__s2_001_hand_detection_seed42,phase0,s2,42,val,,True,unknown,unknown,Suction Cannula,0.013,False
phase0___pre_redo_s0_smoke__s2_001_hand_detection_seed42,phase0,s2,42,val,,True,unknown,unknown,Syringe,0.084,False
phase0___pre_redo_s0_smoke__s2_001_hand_detection_seed42,phase0,s2,42,val,,True,unknown,unknown,Tweezers,0.037,False
phase0___pre_redo_s0_smoke__s2_002_hand_detection_seed123,phase0,s2,123,val,,True,unknown,unknown,Bipolar Forceps,0.0,False
phase0___pre_redo_s0_smoke__s2_002_hand_detection_seed123,phase0,s2,123,val,,True,unknown,unknown,Electric Cautery,0.007,False
phase0___pre_redo_s0_smoke__s2_002_hand_detection_seed123,phase0,s2,123,val,,True,unknown,unknown,Forceps,0.0,False
phase0___pre_redo_s0_smoke__s2_002_hand_detection_seed123,phase0,s2,123,val,,True,unknown,unknown,Gauze,0.017,False
phase0___pre_redo_s0_smoke__s2_002_hand_detection_seed123,phase0,s2,123,val,,True,unknown,unknown,Hook,0.016,False
phase0___pre_redo_s0_smoke__s2_002_hand_detection_seed123,phase0,s2,123,val,,True,unknown,unknown,Mouth Gag,,True
phase0___pre_redo_s0_smoke__s2_002_hand_detection_seed123,phase0,s2,123,val,,True,unknown,unknown,Needle Holders,0.0,False
phase0___pre_redo_s0_smoke__s2_002_hand_detection_seed123,phase0,s2,123,val,,True,unknown,unknown,Other hands left,0.035,False
phase0___pre_redo_s0_smoke__s2_002_hand_detection_seed123,phase0,s2,123,val,,True,unknown,unknown,Other hands right,0.009,False
phase0___pre_redo_s0_smoke__s2_002_hand_detection_seed123,phase0,s2,123,val,,True,unknown,unknown,Own hands left,0.091,False
phase0___pre_redo_s0_smoke__s2_002_hand_detection_seed123,phase0,s2,123,val,,True,unknown,unknown,Own hands right,0.068,False
phase0___pre_redo_s0_smoke__s2_002_hand_detection_seed123,phase0,s2,123,val,,True,unknown,unknown,Raspatory,0.041,False
phase0___pre_redo_s0_smoke__s2_002_hand_detection_seed123,phase0,s2,123,val,,True,unknown,unknown,Retractor,0.021,False
phase0___pre_redo_s0_smoke__s2_002_hand_detection_seed123,phase0,s2,123,val,,True,unknown,unknown,Scalpel,0.053,False
phase0___pre_redo_s0_smoke__s2_002_hand_detection_seed123,phase0,s2,123,val,,True,unknown,unknown,Scissors,0.01,False
phase0___pre_redo_s0_smoke__s2_002_hand_detection_seed123,phase0,s2,123,val,,True,unknown,unknown,Skewer,,True
phase0___pre_redo_s0_smoke__s2_002_hand_detection_seed123,phase0,s2,123,val,,True,unknown,unknown,Suction Cannula,0.042,False
phase0___pre_redo_s0_smoke__s2_002_hand_detection_seed123,phase0,s2,123,val,,True,unknown,unknown,Syringe,0.085,False
phase0___pre_redo_s0_smoke__s2_002_hand_detection_seed123,phase0,s2,123,val,,True,unknown,unknown,Tweezers,0.053,False
phase0___pre_redo_s0_smoke__s2_003_hand_detection_seed456,phase0,s2,456,val,,True,unknown,unknown,Bipolar Forceps,0.0,False
phase0___pre_redo_s0_smoke__s2_003_hand_detection_seed456,phase0,s2,456,val,,True,unknown,unknown,Electric Cautery,0.004,False
phase0___pre_redo_s0_smoke__s2_003_hand_detection_seed456,phase0,s2,456,val,,True,unknown,unknown,Forceps,0.0,False
phase0___pre_redo_s0_smoke__s2_003_hand_detection_seed456,phase0,s2,456,val,,True,unknown,unknown,Gauze,0.011,False
phase0___pre_redo_s0_smoke__s2_003_hand_detection_seed456,phase0,s2,456,val,,True,unknown,unknown,Hook,0.002,False
phase0___pre_redo_s0_smoke__s2_003_hand_detection_seed456,phase0,s2,456,val,,True,unknown,unknown,Mouth Gag,,True
phase0___pre_redo_s0_smoke__s2_003_hand_detection_seed456,phase0,s2,456,val,,True,unknown,unknown,Needle Holders,0.0,False
phase0___pre_redo_s0_smoke__s2_003_hand_detection_seed456,phase0,s2,456,val,,True,unknown,unknown,Other hands left,0.055,False
phase0___pre_redo_s0_smoke__s2_003_hand_detection_seed456,phase0,s2,456,val,,True,unknown,unknown,Other hands right,0.024,False
phase0___pre_redo_s0_smoke__s2_003_hand_detection_seed456,phase0,s2,456,val,,True,unknown,unknown,Own hands left,0.116,False
phase0___pre_redo_s0_smoke__s2_003_hand_detection_seed456,phase0,s2,456,val,,True,unknown,unknown,Own hands right,0.121,False
phase0___pre_redo_s0_smoke__s2_003_hand_detection_seed456,phase0,s2,456,val,,True,unknown,unknown,Raspatory,0.002,False
phase0___pre_redo_s0_smoke__s2_003_hand_detection_seed456,phase0,s2,456,val,,True,unknown,unknown,Retractor,0.007,False
phase0___pre_redo_s0_smoke__s2_003_hand_detection_seed456,phase0,s2,456,val,,True,unknown,unknown,Scalpel,0.023,False
phase0___pre_redo_s0_smoke__s2_003_hand_detection_seed456,phase0,s2,456,val,,True,unknown,unknown,Scissors,0.003,False
phase0___pre_redo_s0_smoke__s2_003_hand_detection_seed456,phase0,s2,456,val,,True,unknown,unknown,Skewer,,True
phase0___pre_redo_s0_smoke__s2_003_hand_detection_seed456,phase0,s2,456,val,,True,unknown,unknown,Suction Cannula,0.008,False
phase0___pre_redo_s0_smoke__s2_003_hand_detection_seed456,phase0,s2,456,val,,True,unknown,unknown,Syringe,0.073,False
phase0___pre_redo_s0_smoke__s2_003_hand_detection_seed456,phase0,s2,456,val,,True,unknown,unknown,Tweezers,0.023,False
phase0___pre_redo_s0_smoke__s3_001_phase_frame_seed42,phase0,s3,42,val,,True,phase,F1,anesthesia,0.058252427184466014,False
phase0___pre_redo_s0_smoke__s3_001_phase_frame_seed42,phase0,s3,42,val,,True,phase,F1,closure,0.6914103923647932,False
phase0___pre_redo_s0_smoke__s3_001_phase_frame_seed42,phase0,s3,42,val,,True,phase,F1,design,0.0,False
phase0___pre_redo_s0_smoke__s3_001_phase_frame_seed42,phase0,s3,42,val,,True,phase,F1,disinfection,0.0,False
phase0___pre_redo_s0_smoke__s3_001_phase_frame_seed42,phase0,s3,42,val,,True,phase,F1,dissection,0.6474916387959867,False
phase0___pre_redo_s0_smoke__s3_001_phase_frame_seed42,phase0,s3,42,val,,True,phase,F1,dressing,0.0,False
phase0___pre_redo_s0_smoke__s3_001_phase_frame_seed42,phase0,s3,42,val,,True,phase,F1,hemostasis,0.057971014492753624,False
phase0___pre_redo_s0_smoke__s3_001_phase_frame_seed42,phase0,s3,42,val,,True,phase,F1,incision,0.5136986301369862,False
phase0___pre_redo_s0_smoke__s3_001_phase_frame_seed42,phase0,s3,42,val,,True,phase,F1,irrigation,0.0,False
phase0___pre_redo_s0_smoke__s3_002_phase_frame_seed123,phase0,s3,123,val,,True,phase,F1,anesthesia,0.0198019801980198,False
phase0___pre_redo_s0_smoke__s3_002_phase_frame_seed123,phase0,s3,123,val,,True,phase,F1,closure,0.6950053134962806,False
phase0___pre_redo_s0_smoke__s3_002_phase_frame_seed123,phase0,s3,123,val,,True,phase,F1,design,0.0,False
phase0___pre_redo_s0_smoke__s3_002_phase_frame_seed123,phase0,s3,123,val,,True,phase,F1,disinfection,0.0,False
phase0___pre_redo_s0_smoke__s3_002_phase_frame_seed123,phase0,s3,123,val,,True,phase,F1,dissection,0.6498002663115845,False
phase0___pre_redo_s0_smoke__s3_002_phase_frame_seed123,phase0,s3,123,val,,True,phase,F1,dressing,0.0,False
phase0___pre_redo_s0_smoke__s3_002_phase_frame_seed123,phase0,s3,123,val,,True,phase,F1,hemostasis,0.06349206349206349,False
phase0___pre_redo_s0_smoke__s3_002_phase_frame_seed123,phase0,s3,123,val,,True,phase,F1,incision,0.5084745762711865,False
phase0___pre_redo_s0_smoke__s3_002_phase_frame_seed123,phase0,s3,123,val,,True,phase,F1,irrigation,0.0,False
phase0___pre_redo_s0_smoke__s3_003_phase_frame_seed456,phase0,s3,456,val,,True,phase,F1,anesthesia,0.11214953271028037,False
phase0___pre_redo_s0_smoke__s3_003_phase_frame_seed456,phase0,s3,456,val,,True,phase,F1,closure,0.7083333333333334,False
phase0___pre_redo_s0_smoke__s3_003_phase_frame_seed456,phase0,s3,456,val,,True,phase,F1,design,0.019047619047619046,False
phase0___pre_redo_s0_smoke__s3_003_phase_frame_seed456,phase0,s3,456,val,,True,phase,F1,disinfection,0.0,False
phase0___pre_redo_s0_smoke__s3_003_phase_frame_seed456,phase0,s3,456,val,,True,phase,F1,dissection,0.6589673913043478,False
phase0___pre_redo_s0_smoke__s3_003_phase_frame_seed456,phase0,s3,456,val,,True,phase,F1,dressing,0.0,False
phase0___pre_redo_s0_smoke__s3_003_phase_frame_seed456,phase0,s3,456,val,,True,phase,F1,hemostasis,0.06060606060606061,False
phase0___pre_redo_s0_smoke__s3_003_phase_frame_seed456,phase0,s3,456,val,,True,phase,F1,incision,0.5270270270270271,False
phase0___pre_redo_s0_smoke__s3_003_phase_frame_seed456,phase0,s3,456,val,,True,phase,F1,irrigation,0.0,False
phase0___prior_no_eval_recipe__s2_001_hand_detection_seed42,phase0,s2,42,val,,True,unknown,unknown,Bipolar Forceps,0.0,False
phase0___prior_no_eval_recipe__s2_001_hand_detection_seed42,phase0,s2,42,val,,True,unknown,unknown,Electric Cautery,0.004,False
phase0___prior_no_eval_recipe__s2_001_hand_detection_seed42,phase0,s2,42,val,,True,unknown,unknown,Forceps,0.001,False
phase0___prior_no_eval_recipe__s2_001_hand_detection_seed42,phase0,s2,42,val,,True,unknown,unknown,Gauze,0.011,False
phase0___prior_no_eval_recipe__s2_001_hand_detection_seed42,phase0,s2,42,val,,True,unknown,unknown,Hook,0.003,False
phase0___prior_no_eval_recipe__s2_001_hand_detection_seed42,phase0,s2,42,val,,True,unknown,unknown,Mouth Gag,,True
phase0___prior_no_eval_recipe__s2_001_hand_detection_seed42,phase0,s2,42,val,,True,unknown,unknown,Needle Holders,0.0,False
phase0___prior_no_eval_recipe__s2_001_hand_detection_seed42,phase0,s2,42,val,,True,unknown,unknown,Other hands left,0.036,False
phase0___prior_no_eval_recipe__s2_001_hand_detection_seed42,phase0,s2,42,val,,True,unknown,unknown,Other hands right,0.015,False
phase0___prior_no_eval_recipe__s2_001_hand_detection_seed42,phase0,s2,42,val,,True,unknown,unknown,Own hands left,0.098,False
phase0___prior_no_eval_recipe__s2_001_hand_detection_seed42,phase0,s2,42,val,,True,unknown,unknown,Own hands right,0.081,False
phase0___prior_no_eval_recipe__s2_001_hand_detection_seed42,phase0,s2,42,val,,True,unknown,unknown,Raspatory,0.043,False
phase0___prior_no_eval_recipe__s2_001_hand_detection_seed42,phase0,s2,42,val,,True,unknown,unknown,Retractor,0.026,False
phase0___prior_no_eval_recipe__s2_001_hand_detection_seed42,phase0,s2,42,val,,True,unknown,unknown,Scalpel,0.04,False
phase0___prior_no_eval_recipe__s2_001_hand_detection_seed42,phase0,s2,42,val,,True,unknown,unknown,Scissors,0.005,False
phase0___prior_no_eval_recipe__s2_001_hand_detection_seed42,phase0,s2,42,val,,True,unknown,unknown,Skewer,,True
phase0___prior_no_eval_recipe__s2_001_hand_detection_seed42,phase0,s2,42,val,,True,unknown,unknown,Suction Cannula,0.013,False
phase0___prior_no_eval_recipe__s2_001_hand_detection_seed42,phase0,s2,42,val,,True,unknown,unknown,Syringe,0.084,False
phase0___prior_no_eval_recipe__s2_001_hand_detection_seed42,phase0,s2,42,val,,True,unknown,unknown,Tweezers,0.037,False
phase0___prior_no_eval_recipe__s2_002_hand_detection_seed123,phase0,s2,123,val,,True,unknown,unknown,Bipolar Forceps,0.0,False
phase0___prior_no_eval_recipe__s2_002_hand_detection_seed123,phase0,s2,123,val,,True,unknown,unknown,Electric Cautery,0.007,False
phase0___prior_no_eval_recipe__s2_002_hand_detection_seed123,phase0,s2,123,val,,True,unknown,unknown,Forceps,0.0,False
phase0___prior_no_eval_recipe__s2_002_hand_detection_seed123,phase0,s2,123,val,,True,unknown,unknown,Gauze,0.017,False
phase0___prior_no_eval_recipe__s2_002_hand_detection_seed123,phase0,s2,123,val,,True,unknown,unknown,Hook,0.016,False
phase0___prior_no_eval_recipe__s2_002_hand_detection_seed123,phase0,s2,123,val,,True,unknown,unknown,Mouth Gag,,True
phase0___prior_no_eval_recipe__s2_002_hand_detection_seed123,phase0,s2,123,val,,True,unknown,unknown,Needle Holders,0.0,False
phase0___prior_no_eval_recipe__s2_002_hand_detection_seed123,phase0,s2,123,val,,True,unknown,unknown,Other hands left,0.035,False
phase0___prior_no_eval_recipe__s2_002_hand_detection_seed123,phase0,s2,123,val,,True,unknown,unknown,Other hands right,0.009,False
phase0___prior_no_eval_recipe__s2_002_hand_detection_seed123,phase0,s2,123,val,,True,unknown,unknown,Own hands left,0.091,False
phase0___prior_no_eval_recipe__s2_002_hand_detection_seed123,phase0,s2,123,val,,True,unknown,unknown,Own hands right,0.068,False
phase0___prior_no_eval_recipe__s2_002_hand_detection_seed123,phase0,s2,123,val,,True,unknown,unknown,Raspatory,0.041,False
phase0___prior_no_eval_recipe__s2_002_hand_detection_seed123,phase0,s2,123,val,,True,unknown,unknown,Retractor,0.021,False
phase0___prior_no_eval_recipe__s2_002_hand_detection_seed123,phase0,s2,123,val,,True,unknown,unknown,Scalpel,0.053,False
phase0___prior_no_eval_recipe__s2_002_hand_detection_seed123,phase0,s2,123,val,,True,unknown,unknown,Scissors,0.01,False
phase0___prior_no_eval_recipe__s2_002_hand_detection_seed123,phase0,s2,123,val,,True,unknown,unknown,Skewer,,True
phase0___prior_no_eval_recipe__s2_002_hand_detection_seed123,phase0,s2,123,val,,True,unknown,unknown,Suction Cannula,0.042,False
phase0___prior_no_eval_recipe__s2_002_hand_detection_seed123,phase0,s2,123,val,,True,unknown,unknown,Syringe,0.085,False
phase0___prior_no_eval_recipe__s2_002_hand_detection_seed123,phase0,s2,123,val,,True,unknown,unknown,Tweezers,0.053,False
phase0___prior_no_eval_recipe__s2_003_hand_detection_seed456,phase0,s2,456,val,,True,unknown,unknown,Bipolar Forceps,0.0,False
phase0___prior_no_eval_recipe__s2_003_hand_detection_seed456,phase0,s2,456,val,,True,unknown,unknown,Electric Cautery,0.004,False
phase0___prior_no_eval_recipe__s2_003_hand_detection_seed456,phase0,s2,456,val,,True,unknown,unknown,Forceps,0.0,False
phase0___prior_no_eval_recipe__s2_003_hand_detection_seed456,phase0,s2,456,val,,True,unknown,unknown,Gauze,0.011,False
phase0___prior_no_eval_recipe__s2_003_hand_detection_seed456,phase0,s2,456,val,,True,unknown,unknown,Hook,0.002,False
phase0___prior_no_eval_recipe__s2_003_hand_detection_seed456,phase0,s2,456,val,,True,unknown,unknown,Mouth Gag,,True
phase0___prior_no_eval_recipe__s2_003_hand_detection_seed456,phase0,s2,456,val,,True,unknown,unknown,Needle Holders,0.0,False
phase0___prior_no_eval_recipe__s2_003_hand_detection_seed456,phase0,s2,456,val,,True,unknown,unknown,Other hands left,0.055,False
phase0___prior_no_eval_recipe__s2_003_hand_detection_seed456,phase0,s2,456,val,,True,unknown,unknown,Other hands right,0.024,False
phase0___prior_no_eval_recipe__s2_003_hand_detection_seed456,phase0,s2,456,val,,True,unknown,unknown,Own hands left,0.116,False
phase0___prior_no_eval_recipe__s2_003_hand_detection_seed456,phase0,s2,456,val,,True,unknown,unknown,Own hands right,0.121,False
phase0___prior_no_eval_recipe__s2_003_hand_detection_seed456,phase0,s2,456,val,,True,unknown,unknown,Raspatory,0.002,False
phase0___prior_no_eval_recipe__s2_003_hand_detection_seed456,phase0,s2,456,val,,True,unknown,unknown,Retractor,0.007,False
phase0___prior_no_eval_recipe__s2_003_hand_detection_seed456,phase0,s2,456,val,,True,unknown,unknown,Scalpel,0.023,False
phase0___prior_no_eval_recipe__s2_003_hand_detection_seed456,phase0,s2,456,val,,True,unknown,unknown,Scissors,0.003,False
phase0___prior_no_eval_recipe__s2_003_hand_detection_seed456,phase0,s2,456,val,,True,unknown,unknown,Skewer,,True
phase0___prior_no_eval_recipe__s2_003_hand_detection_seed456,phase0,s2,456,val,,True,unknown,unknown,Suction Cannula,0.008,False
phase0___prior_no_eval_recipe__s2_003_hand_detection_seed456,phase0,s2,456,val,,True,unknown,unknown,Syringe,0.073,False
phase0___prior_no_eval_recipe__s2_003_hand_detection_seed456,phase0,s2,456,val,,True,unknown,unknown,Tweezers,0.023,False
phase0___prior_no_eval_recipe__s3_001_phase_frame_seed42,phase0,s3,42,val,,True,phase,F1,anesthesia,0.058252427184466014,False
phase0___prior_no_eval_recipe__s3_001_phase_frame_seed42,phase0,s3,42,val,,True,phase,F1,closure,0.6914103923647932,False
phase0___prior_no_eval_recipe__s3_001_phase_frame_seed42,phase0,s3,42,val,,True,phase,F1,design,0.0,False
phase0___prior_no_eval_recipe__s3_001_phase_frame_seed42,phase0,s3,42,val,,True,phase,F1,disinfection,0.0,False
phase0___prior_no_eval_recipe__s3_001_phase_frame_seed42,phase0,s3,42,val,,True,phase,F1,dissection,0.6474916387959867,False
phase0___prior_no_eval_recipe__s3_001_phase_frame_seed42,phase0,s3,42,val,,True,phase,F1,dressing,0.0,False
phase0___prior_no_eval_recipe__s3_001_phase_frame_seed42,phase0,s3,42,val,,True,phase,F1,hemostasis,0.057971014492753624,False
phase0___prior_no_eval_recipe__s3_001_phase_frame_seed42,phase0,s3,42,val,,True,phase,F1,incision,0.5136986301369862,False
phase0___prior_no_eval_recipe__s3_001_phase_frame_seed42,phase0,s3,42,val,,True,phase,F1,irrigation,0.0,False
phase0___prior_no_eval_recipe__s3_002_phase_frame_seed123,phase0,s3,123,val,,True,phase,F1,anesthesia,0.0198019801980198,False
phase0___prior_no_eval_recipe__s3_002_phase_frame_seed123,phase0,s3,123,val,,True,phase,F1,closure,0.6950053134962806,False
phase0___prior_no_eval_recipe__s3_002_phase_frame_seed123,phase0,s3,123,val,,True,phase,F1,design,0.0,False
phase0___prior_no_eval_recipe__s3_002_phase_frame_seed123,phase0,s3,123,val,,True,phase,F1,disinfection,0.0,False
phase0___prior_no_eval_recipe__s3_002_phase_frame_seed123,phase0,s3,123,val,,True,phase,F1,dissection,0.6498002663115845,False
phase0___prior_no_eval_recipe__s3_002_phase_frame_seed123,phase0,s3,123,val,,True,phase,F1,dressing,0.0,False
phase0___prior_no_eval_recipe__s3_002_phase_frame_seed123,phase0,s3,123,val,,True,phase,F1,hemostasis,0.06349206349206349,False
phase0___prior_no_eval_recipe__s3_002_phase_frame_seed123,phase0,s3,123,val,,True,phase,F1,incision,0.5084745762711865,False
phase0___prior_no_eval_recipe__s3_002_phase_frame_seed123,phase0,s3,123,val,,True,phase,F1,irrigation,0.0,False
phase0___prior_no_eval_recipe__s3_003_phase_frame_seed456,phase0,s3,456,val,,True,phase,F1,anesthesia,0.11214953271028037,False
phase0___prior_no_eval_recipe__s3_003_phase_frame_seed456,phase0,s3,456,val,,True,phase,F1,closure,0.7083333333333334,False
phase0___prior_no_eval_recipe__s3_003_phase_frame_seed456,phase0,s3,456,val,,True,phase,F1,design,0.019047619047619046,False
phase0___prior_no_eval_recipe__s3_003_phase_frame_seed456,phase0,s3,456,val,,True,phase,F1,disinfection,0.0,False
phase0___prior_no_eval_recipe__s3_003_phase_frame_seed456,phase0,s3,456,val,,True,phase,F1,dissection,0.6589673913043478,False
phase0___prior_no_eval_recipe__s3_003_phase_frame_seed456,phase0,s3,456,val,,True,phase,F1,dressing,0.0,False
phase0___prior_no_eval_recipe__s3_003_phase_frame_seed456,phase0,s3,456,val,,True,phase,F1,hemostasis,0.06060606060606061,False
phase0___prior_no_eval_recipe__s3_003_phase_frame_seed456,phase0,s3,456,val,,True,phase,F1,incision,0.5270270270270271,False
phase0___prior_no_eval_recipe__s3_003_phase_frame_seed456,phase0,s3,456,val,,True,phase,F1,irrigation,0.0,False
phase1__s4_phase_baseline_001_frozen_tecno_phase_baseline_seed42,phase1,s4_phase_baseline,42,val,lecun,False,phase,F1,anesthesia,0.9518716577540107,False
phase1__s4_phase_baseline_001_frozen_tecno_phase_baseline_seed42,phase1,s4_phase_baseline,42,val,lecun,False,phase,F1,closure,0.9292412617220801,False
phase1__s4_phase_baseline_001_frozen_tecno_phase_baseline_seed42,phase1,s4_phase_baseline,42,val,lecun,False,phase,F1,design,1.0,False
phase1__s4_phase_baseline_001_frozen_tecno_phase_baseline_seed42,phase1,s4_phase_baseline,42,val,lecun,False,phase,F1,disinfection,0.0,False
phase1__s4_phase_baseline_001_frozen_tecno_phase_baseline_seed42,phase1,s4_phase_baseline,42,val,lecun,False,phase,F1,dissection,0.9170638703527169,False
phase1__s4_phase_baseline_001_frozen_tecno_phase_baseline_seed42,phase1,s4_phase_baseline,42,val,lecun,False,phase,F1,dressing,0.0,False
phase1__s4_phase_baseline_001_frozen_tecno_phase_baseline_seed42,phase1,s4_phase_baseline,42,val,lecun,False,phase,F1,hemostasis,0.3684210526315789,False
phase1__s4_phase_baseline_001_frozen_tecno_phase_baseline_seed42,phase1,s4_phase_baseline,42,val,lecun,False,phase,F1,incision,0.8571428571428571,False
phase1__s4_phase_baseline_001_frozen_tecno_phase_baseline_seed42,phase1,s4_phase_baseline,42,val,lecun,False,phase,F1,irrigation,0.0,False
phase1__s4_phase_baseline_002_frozen_tecno_phase_baseline_seed456,phase1,s4_phase_baseline,456,val,lecun,False,phase,F1,anesthesia,0.923076923076923,False
phase1__s4_phase_baseline_002_frozen_tecno_phase_baseline_seed456,phase1,s4_phase_baseline,456,val,lecun,False,phase,F1,closure,0.9297945205479452,False
phase1__s4_phase_baseline_002_frozen_tecno_phase_baseline_seed456,phase1,s4_phase_baseline,456,val,lecun,False,phase,F1,design,1.0,False
phase1__s4_phase_baseline_002_frozen_tecno_phase_baseline_seed456,phase1,s4_phase_baseline,456,val,lecun,False,phase,F1,disinfection,0.0,False
phase1__s4_phase_baseline_002_frozen_tecno_phase_baseline_seed456,phase1,s4_phase_baseline,456,val,lecun,False,phase,F1,dissection,0.9189704480457579,False
phase1__s4_phase_baseline_002_frozen_tecno_phase_baseline_seed456,phase1,s4_phase_baseline,456,val,lecun,False,phase,F1,dressing,0.0,False
phase1__s4_phase_baseline_002_frozen_tecno_phase_baseline_seed456,phase1,s4_phase_baseline,456,val,lecun,False,phase,F1,hemostasis,0.20289855072463764,False
phase1__s4_phase_baseline_002_frozen_tecno_phase_baseline_seed456,phase1,s4_phase_baseline,456,val,lecun,False,phase,F1,incision,0.8313253012048193,False
phase1__s4_phase_baseline_002_frozen_tecno_phase_baseline_seed456,phase1,s4_phase_baseline,456,val,lecun,False,phase,F1,irrigation,0.0,False
phase1__s4_phase_baseline_003_frozen_tecno_phase_baseline_seed123,phase1,s4_phase_baseline,123,val,lecun,False,phase,F1,anesthesia,0.8670520231213872,False
phase1__s4_phase_baseline_003_frozen_tecno_phase_baseline_seed123,phase1,s4_phase_baseline,123,val,lecun,False,phase,F1,closure,0.927637314734089,False
phase1__s4_phase_baseline_003_frozen_tecno_phase_baseline_seed123,phase1,s4_phase_baseline,123,val,lecun,False,phase,F1,design,1.0,False
phase1__s4_phase_baseline_003_frozen_tecno_phase_baseline_seed123,phase1,s4_phase_baseline,123,val,lecun,False,phase,F1,disinfection,0.0,False
phase1__s4_phase_baseline_003_frozen_tecno_phase_baseline_seed123,phase1,s4_phase_baseline,123,val,lecun,False,phase,F1,dissection,0.9176915799432357,False
phase1__s4_phase_baseline_003_frozen_tecno_phase_baseline_seed123,phase1,s4_phase_baseline,123,val,lecun,False,phase,F1,dressing,0.0,False
phase1__s4_phase_baseline_003_frozen_tecno_phase_baseline_seed123,phase1,s4_phase_baseline,123,val,lecun,False,phase,F1,hemostasis,0.4878048780487805,False
phase1__s4_phase_baseline_003_frozen_tecno_phase_baseline_seed123,phase1,s4_phase_baseline,123,val,lecun,False,phase,F1,incision,0.8504398826979471,False
phase1__s4_phase_baseline_003_frozen_tecno_phase_baseline_seed123,phase1,s4_phase_baseline,123,val,lecun,False,phase,F1,irrigation,0.0,False
phase1__s4_phase_baseline_004_frozen_tecno_phase_baseline_neck_seed42,phase1,s4_phase_baseline,42,val,lecun,False,phase,F1,anesthesia,0.968421052631579,False
phase1__s4_phase_baseline_004_frozen_tecno_phase_baseline_neck_seed42,phase1,s4_phase_baseline,42,val,lecun,False,phase,F1,closure,0.937181663837012,False
phase1__s4_phase_baseline_004_frozen_tecno_phase_baseline_neck_seed42,phase1,s4_phase_baseline,42,val,lecun,False,phase,F1,design,0.9951219512195122,False
phase1__s4_phase_baseline_004_frozen_tecno_phase_baseline_neck_seed42,phase1,s4_phase_baseline,42,val,lecun,False,phase,F1,disinfection,0.0,False
phase1__s4_phase_baseline_004_frozen_tecno_phase_baseline_neck_seed42,phase1,s4_phase_baseline,42,val,lecun,False,phase,F1,dissection,0.9361702127659574,False
phase1__s4_phase_baseline_004_frozen_tecno_phase_baseline_neck_seed42,phase1,s4_phase_baseline,42,val,lecun,False,phase,F1,dressing,0.0,False
phase1__s4_phase_baseline_004_frozen_tecno_phase_baseline_neck_seed42,phase1,s4_phase_baseline,42,val,lecun,False,phase,F1,hemostasis,0.26865671641791045,False
phase1__s4_phase_baseline_004_frozen_tecno_phase_baseline_neck_seed42,phase1,s4_phase_baseline,42,val,lecun,False,phase,F1,incision,0.8855421686746989,False
phase1__s4_phase_baseline_004_frozen_tecno_phase_baseline_neck_seed42,phase1,s4_phase_baseline,42,val,lecun,False,phase,F1,irrigation,0.0,False
phase1__s4_phase_baseline_005_frozen_tecno_phase_baseline_neck_seed123,phase1,s4_phase_baseline,123,val,lecun,False,phase,F1,anesthesia,0.9111111111111111,False
phase1__s4_phase_baseline_005_frozen_tecno_phase_baseline_neck_seed123,phase1,s4_phase_baseline,123,val,lecun,False,phase,F1,closure,0.9357326478149101,False
phase1__s4_phase_baseline_005_frozen_tecno_phase_baseline_neck_seed123,phase1,s4_phase_baseline,123,val,lecun,False,phase,F1,design,1.0,False
phase1__s4_phase_baseline_005_frozen_tecno_phase_baseline_neck_seed123,phase1,s4_phase_baseline,123,val,lecun,False,phase,F1,disinfection,0.0,False
phase1__s4_phase_baseline_005_frozen_tecno_phase_baseline_neck_seed123,phase1,s4_phase_baseline,123,val,lecun,False,phase,F1,dissection,0.9337175792507204,False
phase1__s4_phase_baseline_005_frozen_tecno_phase_baseline_neck_seed123,phase1,s4_phase_baseline,123,val,lecun,False,phase,F1,dressing,0.0,False
phase1__s4_phase_baseline_005_frozen_tecno_phase_baseline_neck_seed123,phase1,s4_phase_baseline,123,val,lecun,False,phase,F1,hemostasis,0.47368421052631576,False
phase1__s4_phase_baseline_005_frozen_tecno_phase_baseline_neck_seed123,phase1,s4_phase_baseline,123,val,lecun,False,phase,F1,incision,0.8750000000000001,False
phase1__s4_phase_baseline_005_frozen_tecno_phase_baseline_neck_seed123,phase1,s4_phase_baseline,123,val,lecun,False,phase,F1,irrigation,0.0,False
phase1__s4_phase_baseline_006_frozen_tecno_phase_baseline_neck_seed456,phase1,s4_phase_baseline,456,val,lecun,False,phase,F1,anesthesia,0.9791666666666666,False
phase1__s4_phase_baseline_006_frozen_tecno_phase_baseline_neck_seed456,phase1,s4_phase_baseline,456,val,lecun,False,phase,F1,closure,0.9323181049069375,False
phase1__s4_phase_baseline_006_frozen_tecno_phase_baseline_neck_seed456,phase1,s4_phase_baseline,456,val,lecun,False,phase,F1,design,0.9951690821256038,False
phase1__s4_phase_baseline_006_frozen_tecno_phase_baseline_neck_seed456,phase1,s4_phase_baseline,456,val,lecun,False,phase,F1,disinfection,0.0,False
phase1__s4_phase_baseline_006_frozen_tecno_phase_baseline_neck_seed456,phase1,s4_phase_baseline,456,val,lecun,False,phase,F1,dissection,0.9357976653696497,False
phase1__s4_phase_baseline_006_frozen_tecno_phase_baseline_neck_seed456,phase1,s4_phase_baseline,456,val,lecun,False,phase,F1,dressing,0.0,False
phase1__s4_phase_baseline_006_frozen_tecno_phase_baseline_neck_seed456,phase1,s4_phase_baseline,456,val,lecun,False,phase,F1,hemostasis,0.12307692307692307,False
phase1__s4_phase_baseline_006_frozen_tecno_phase_baseline_neck_seed456,phase1,s4_phase_baseline,456,val,lecun,False,phase,F1,incision,0.927710843373494,False
phase1__s4_phase_baseline_006_frozen_tecno_phase_baseline_neck_seed456,phase1,s4_phase_baseline,456,val,lecun,False,phase,F1,irrigation,0.0,False
phase1__s4_phase_baseline_007_frozen_tecno_phase_necktransfer_seed42,phase1,s4_phase_baseline,42,val,lecun,False,phase,F1,anesthesia,0.8926553672316384,False
phase1__s4_phase_baseline_007_frozen_tecno_phase_necktransfer_seed42,phase1,s4_phase_baseline,42,val,lecun,False,phase,F1,closure,0.9279731993299833,False
phase1__s4_phase_baseline_007_frozen_tecno_phase_necktransfer_seed42,phase1,s4_phase_baseline,42,val,lecun,False,phase,F1,design,0.9951690821256038,False
phase1__s4_phase_baseline_007_frozen_tecno_phase_necktransfer_seed42,phase1,s4_phase_baseline,42,val,lecun,False,phase,F1,disinfection,0.0,False
phase1__s4_phase_baseline_007_frozen_tecno_phase_necktransfer_seed42,phase1,s4_phase_baseline,42,val,lecun,False,phase,F1,dissection,0.9407114624505928,False
phase1__s4_phase_baseline_007_frozen_tecno_phase_necktransfer_seed42,phase1,s4_phase_baseline,42,val,lecun,False,phase,F1,dressing,0.0,False
phase1__s4_phase_baseline_007_frozen_tecno_phase_necktransfer_seed42,phase1,s4_phase_baseline,42,val,lecun,False,phase,F1,hemostasis,0.34782608695652173,False
phase1__s4_phase_baseline_007_frozen_tecno_phase_necktransfer_seed42,phase1,s4_phase_baseline,42,val,lecun,False,phase,F1,incision,0.8933717579250722,False
phase1__s4_phase_baseline_007_frozen_tecno_phase_necktransfer_seed42,phase1,s4_phase_baseline,42,val,lecun,False,phase,F1,irrigation,0.0,False
phase1__s4_phase_baseline_008_frozen_tecno_phase_necktransfer_seed123,phase1,s4_phase_baseline,123,val,lecun,False,phase,F1,anesthesia,0.9405405405405405,False
phase1__s4_phase_baseline_008_frozen_tecno_phase_necktransfer_seed123,phase1,s4_phase_baseline,123,val,lecun,False,phase,F1,closure,0.9286926994906621,False
phase1__s4_phase_baseline_008_frozen_tecno_phase_necktransfer_seed123,phase1,s4_phase_baseline,123,val,lecun,False,phase,F1,design,1.0,False
phase1__s4_phase_baseline_008_frozen_tecno_phase_necktransfer_seed123,phase1,s4_phase_baseline,123,val,lecun,False,phase,F1,disinfection,0.0,False
phase1__s4_phase_baseline_008_frozen_tecno_phase_necktransfer_seed123,phase1,s4_phase_baseline,123,val,lecun,False,phase,F1,dissection,0.9103053435114503,False
phase1__s4_phase_baseline_008_frozen_tecno_phase_necktransfer_seed123,phase1,s4_phase_baseline,123,val,lecun,False,phase,F1,dressing,0.0,False
phase1__s4_phase_baseline_008_frozen_tecno_phase_necktransfer_seed123,phase1,s4_phase_baseline,123,val,lecun,False,phase,F1,hemostasis,0.33766233766233766,False
phase1__s4_phase_baseline_008_frozen_tecno_phase_necktransfer_seed123,phase1,s4_phase_baseline,123,val,lecun,False,phase,F1,incision,0.8205128205128205,False
phase1__s4_phase_baseline_008_frozen_tecno_phase_necktransfer_seed123,phase1,s4_phase_baseline,123,val,lecun,False,phase,F1,irrigation,0.0,False
phase1__s4_phase_baseline_009_frozen_tecno_phase_necktransfer_seed456,phase1,s4_phase_baseline,456,val,lecun,False,phase,F1,anesthesia,0.923076923076923,False
phase1__s4_phase_baseline_009_frozen_tecno_phase_necktransfer_seed456,phase1,s4_phase_baseline,456,val,lecun,False,phase,F1,closure,0.9387755102040817,False
phase1__s4_phase_baseline_009_frozen_tecno_phase_necktransfer_seed456,phase1,s4_phase_baseline,456,val,lecun,False,phase,F1,design,1.0,False
phase1__s4_phase_baseline_009_frozen_tecno_phase_necktransfer_seed456,phase1,s4_phase_baseline,456,val,lecun,False,phase,F1,disinfection,0.0,False
phase1__s4_phase_baseline_009_frozen_tecno_phase_necktransfer_seed456,phase1,s4_phase_baseline,456,val,lecun,False,phase,F1,dissection,0.9202334630350194,False
phase1__s4_phase_baseline_009_frozen_tecno_phase_necktransfer_seed456,phase1,s4_phase_baseline,456,val,lecun,False,phase,F1,dressing,0.0,False
phase1__s4_phase_baseline_009_frozen_tecno_phase_necktransfer_seed456,phase1,s4_phase_baseline,456,val,lecun,False,phase,F1,hemostasis,0.37209302325581395,False
phase1__s4_phase_baseline_009_frozen_tecno_phase_necktransfer_seed456,phase1,s4_phase_baseline,456,val,lecun,False,phase,F1,incision,0.8475609756097561,False
phase1__s4_phase_baseline_009_frozen_tecno_phase_necktransfer_seed456,phase1,s4_phase_baseline,456,val,lecun,False,phase,F1,irrigation,0.0,False
phase1__s4_phase_baseline_010_frozen_tecno_phase_baseline_aligndetr_seed42,phase1,s4_phase_baseline,42,val,philip,True,phase,F1,anesthesia,0.7640449438202247,False
phase1__s4_phase_baseline_010_frozen_tecno_phase_baseline_aligndetr_seed42,phase1,s4_phase_baseline,42,val,philip,True,phase,F1,closure,0.9179170344218888,False
phase1__s4_phase_baseline_010_frozen_tecno_phase_baseline_aligndetr_seed42,phase1,s4_phase_baseline,42,val,philip,True,phase,F1,design,0.9238578680203046,False
phase1__s4_phase_baseline_010_frozen_tecno_phase_baseline_aligndetr_seed42,phase1,s4_phase_baseline,42,val,philip,True,phase,F1,disinfection,0.0,False
phase1__s4_phase_baseline_010_frozen_tecno_phase_baseline_aligndetr_seed42,phase1,s4_phase_baseline,42,val,philip,True,phase,F1,dissection,0.8932584269662921,False
phase1__s4_phase_baseline_010_frozen_tecno_phase_baseline_aligndetr_seed42,phase1,s4_phase_baseline,42,val,philip,True,phase,F1,dressing,0.0,False
phase1__s4_phase_baseline_010_frozen_tecno_phase_baseline_aligndetr_seed42,phase1,s4_phase_baseline,42,val,philip,True,phase,F1,hemostasis,0.16666666666666666,False
phase1__s4_phase_baseline_010_frozen_tecno_phase_baseline_aligndetr_seed42,phase1,s4_phase_baseline,42,val,philip,True,phase,F1,incision,0.7803468208092487,False
phase1__s4_phase_baseline_010_frozen_tecno_phase_baseline_aligndetr_seed42,phase1,s4_phase_baseline,42,val,philip,True,phase,F1,irrigation,0.0,False
phase1__s4_phase_baseline_010_frozen_tecno_phase_baseline_seed42,phase1,s4_phase_baseline,42,val,efros,False,phase,F1,anesthesia,0.8604651162790697,False
phase1__s4_phase_baseline_010_frozen_tecno_phase_baseline_seed42,phase1,s4_phase_baseline,42,val,efros,False,phase,F1,closure,0.9292412617220801,False
phase1__s4_phase_baseline_010_frozen_tecno_phase_baseline_seed42,phase1,s4_phase_baseline,42,val,efros,False,phase,F1,design,1.0,False
phase1__s4_phase_baseline_010_frozen_tecno_phase_baseline_seed42,phase1,s4_phase_baseline,42,val,efros,False,phase,F1,disinfection,0.0,False
phase1__s4_phase_baseline_010_frozen_tecno_phase_baseline_seed42,phase1,s4_phase_baseline,42,val,efros,False,phase,F1,dissection,0.9310344827586207,False
phase1__s4_phase_baseline_010_frozen_tecno_phase_baseline_seed42,phase1,s4_phase_baseline,42,val,efros,False,phase,F1,dressing,0.0,False
phase1__s4_phase_baseline_010_frozen_tecno_phase_baseline_seed42,phase1,s4_phase_baseline,42,val,efros,False,phase,F1,hemostasis,0.34782608695652173,False
phase1__s4_phase_baseline_010_frozen_tecno_phase_baseline_seed42,phase1,s4_phase_baseline,42,val,efros,False,phase,F1,incision,0.8421052631578947,False
phase1__s4_phase_baseline_010_frozen_tecno_phase_baseline_seed42,phase1,s4_phase_baseline,42,val,efros,False,phase,F1,irrigation,0.0,False
phase1__s4_phase_baseline_011_frozen_tecno_phase_baseline_aligndetr_seed123,phase1,s4_phase_baseline,123,val,philip,True,phase,F1,anesthesia,0.7368421052631579,False
phase1__s4_phase_baseline_011_frozen_tecno_phase_baseline_aligndetr_seed123,phase1,s4_phase_baseline,123,val,philip,True,phase,F1,closure,0.9283865401207938,False
phase1__s4_phase_baseline_011_frozen_tecno_phase_baseline_aligndetr_seed123,phase1,s4_phase_baseline,123,val,philip,True,phase,F1,design,0.8444444444444444,False
phase1__s4_phase_baseline_011_frozen_tecno_phase_baseline_aligndetr_seed123,phase1,s4_phase_baseline,123,val,philip,True,phase,F1,disinfection,0.0,False
phase1__s4_phase_baseline_011_frozen_tecno_phase_baseline_aligndetr_seed123,phase1,s4_phase_baseline,123,val,philip,True,phase,F1,dissection,0.8812330009066183,False
phase1__s4_phase_baseline_011_frozen_tecno_phase_baseline_aligndetr_seed123,phase1,s4_phase_baseline,123,val,philip,True,phase,F1,dressing,0.0,False
phase1__s4_phase_baseline_011_frozen_tecno_phase_baseline_aligndetr_seed123,phase1,s4_phase_baseline,123,val,philip,True,phase,F1,hemostasis,0.0,False
phase1__s4_phase_baseline_011_frozen_tecno_phase_baseline_aligndetr_seed123,phase1,s4_phase_baseline,123,val,philip,True,phase,F1,incision,0.6890243902439024,False
phase1__s4_phase_baseline_011_frozen_tecno_phase_baseline_aligndetr_seed123,phase1,s4_phase_baseline,123,val,philip,True,phase,F1,irrigation,0.0,False
phase1__s4_phase_baseline_011_frozen_tecno_phase_baseline_seed123,phase1,s4_phase_baseline,123,val,efros,False,phase,F1,anesthesia,0.9896907216494846,False
phase1__s4_phase_baseline_011_frozen_tecno_phase_baseline_seed123,phase1,s4_phase_baseline,123,val,efros,False,phase,F1,closure,0.9265341400172862,False
phase1__s4_phase_baseline_011_frozen_tecno_phase_baseline_seed123,phase1,s4_phase_baseline,123,val,efros,False,phase,F1,design,1.0,False
phase1__s4_phase_baseline_011_frozen_tecno_phase_baseline_seed123,phase1,s4_phase_baseline,123,val,efros,False,phase,F1,disinfection,0.0,False
phase1__s4_phase_baseline_011_frozen_tecno_phase_baseline_seed123,phase1,s4_phase_baseline,123,val,efros,False,phase,F1,dissection,0.9159584513692163,False
phase1__s4_phase_baseline_011_frozen_tecno_phase_baseline_seed123,phase1,s4_phase_baseline,123,val,efros,False,phase,F1,dressing,0.0,False
phase1__s4_phase_baseline_011_frozen_tecno_phase_baseline_seed123,phase1,s4_phase_baseline,123,val,efros,False,phase,F1,hemostasis,0.3333333333333333,False
phase1__s4_phase_baseline_011_frozen_tecno_phase_baseline_seed123,phase1,s4_phase_baseline,123,val,efros,False,phase,F1,incision,0.9056603773584906,False
phase1__s4_phase_baseline_011_frozen_tecno_phase_baseline_seed123,phase1,s4_phase_baseline,123,val,efros,False,phase,F1,irrigation,0.0,False
phase1__s4_phase_baseline_012_frozen_tecno_phase_baseline_aligndetr_seed456,phase1,s4_phase_baseline,456,val,philip,True,phase,F1,anesthesia,0.7672955974842767,False
phase1__s4_phase_baseline_012_frozen_tecno_phase_baseline_aligndetr_seed456,phase1,s4_phase_baseline,456,val,philip,True,phase,F1,closure,0.9105545617173524,False
phase1__s4_phase_baseline_012_frozen_tecno_phase_baseline_aligndetr_seed456,phase1,s4_phase_baseline,456,val,philip,True,phase,F1,design,0.8817204301075269,False
phase1__s4_phase_baseline_012_frozen_tecno_phase_baseline_aligndetr_seed456,phase1,s4_phase_baseline,456,val,philip,True,phase,F1,disinfection,0.0,False
phase1__s4_phase_baseline_012_frozen_tecno_phase_baseline_aligndetr_seed456,phase1,s4_phase_baseline,456,val,philip,True,phase,F1,dissection,0.8776978417266187,False
phase1__s4_phase_baseline_012_frozen_tecno_phase_baseline_aligndetr_seed456,phase1,s4_phase_baseline,456,val,philip,True,phase,F1,dressing,0.0,False
phase1__s4_phase_baseline_012_frozen_tecno_phase_baseline_aligndetr_seed456,phase1,s4_phase_baseline,456,val,philip,True,phase,F1,hemostasis,0.0,False
phase1__s4_phase_baseline_012_frozen_tecno_phase_baseline_aligndetr_seed456,phase1,s4_phase_baseline,456,val,philip,True,phase,F1,incision,0.71313672922252,False
phase1__s4_phase_baseline_012_frozen_tecno_phase_baseline_aligndetr_seed456,phase1,s4_phase_baseline,456,val,philip,True,phase,F1,irrigation,0.0,False
phase1__s4_phase_baseline_012_frozen_tecno_phase_baseline_seed456,phase1,s4_phase_baseline,456,val,efros,False,phase,F1,anesthesia,0.8863636363636364,False
phase1__s4_phase_baseline_012_frozen_tecno_phase_baseline_seed456,phase1,s4_phase_baseline,456,val,efros,False,phase,F1,closure,0.92987012987013,False
phase1__s4_phase_baseline_012_frozen_tecno_phase_baseline_seed456,phase1,s4_phase_baseline,456,val,efros,False,phase,F1,design,1.0,False
phase1__s4_phase_baseline_012_frozen_tecno_phase_baseline_seed456,phase1,s4_phase_baseline,456,val,efros,False,phase,F1,disinfection,0.0,False
phase1__s4_phase_baseline_012_frozen_tecno_phase_baseline_seed456,phase1,s4_phase_baseline,456,val,efros,False,phase,F1,dissection,0.9150943396226415,False
phase1__s4_phase_baseline_012_frozen_tecno_phase_baseline_seed456,phase1,s4_phase_baseline,456,val,efros,False,phase,F1,dressing,0.0,False
phase1__s4_phase_baseline_012_frozen_tecno_phase_baseline_seed456,phase1,s4_phase_baseline,456,val,efros,False,phase,F1,hemostasis,0.125,False
phase1__s4_phase_baseline_012_frozen_tecno_phase_baseline_seed456,phase1,s4_phase_baseline,456,val,efros,False,phase,F1,incision,0.7884057971014493,False
phase1__s4_phase_baseline_012_frozen_tecno_phase_baseline_seed456,phase1,s4_phase_baseline,456,val,efros,False,phase,F1,irrigation,0.0,False
phase1__s4_phase_baseline_013_frozen_tecno_phase_baseline_seed42,phase1,s4_phase_baseline,42,val,efros,False,phase,F1,anesthesia,0.9171270718232044,False
phase1__s4_phase_baseline_013_frozen_tecno_phase_baseline_seed42,phase1,s4_phase_baseline,42,val,efros,False,phase,F1,closure,0.9184027777777777,False
phase1__s4_phase_baseline_013_frozen_tecno_phase_baseline_seed42,phase1,s4_phase_baseline,42,val,efros,False,phase,F1,design,1.0,False
phase1__s4_phase_baseline_013_frozen_tecno_phase_baseline_seed42,phase1,s4_phase_baseline,42,val,efros,False,phase,F1,disinfection,0.0,False
phase1__s4_phase_baseline_013_frozen_tecno_phase_baseline_seed42,phase1,s4_phase_baseline,42,val,efros,False,phase,F1,dissection,0.9159584513692163,False
phase1__s4_phase_baseline_013_frozen_tecno_phase_baseline_seed42,phase1,s4_phase_baseline,42,val,efros,False,phase,F1,dressing,0.0,False
phase1__s4_phase_baseline_013_frozen_tecno_phase_baseline_seed42,phase1,s4_phase_baseline,42,val,efros,False,phase,F1,hemostasis,0.2777777777777778,False
phase1__s4_phase_baseline_013_frozen_tecno_phase_baseline_seed42,phase1,s4_phase_baseline,42,val,efros,False,phase,F1,incision,0.880952380952381,False
phase1__s4_phase_baseline_013_frozen_tecno_phase_baseline_seed42,phase1,s4_phase_baseline,42,val,efros,False,phase,F1,irrigation,0.0,False
phase1__s4_phase_baseline_014_frozen_tecno_phase_baseline_seed42,phase1,s4_phase_baseline,42,val,efros,False,phase,F1,anesthesia,1.0,False
phase1__s4_phase_baseline_014_frozen_tecno_phase_baseline_seed42,phase1,s4_phase_baseline,42,val,efros,False,phase,F1,closure,0.9188712522045855,False
phase1__s4_phase_baseline_014_frozen_tecno_phase_baseline_seed42,phase1,s4_phase_baseline,42,val,efros,False,phase,F1,design,1.0,False
phase1__s4_phase_baseline_014_frozen_tecno_phase_baseline_seed42,phase1,s4_phase_baseline,42,val,efros,False,phase,F1,disinfection,0.0,False
phase1__s4_phase_baseline_014_frozen_tecno_phase_baseline_seed42,phase1,s4_phase_baseline,42,val,efros,False,phase,F1,dissection,0.9157994323557238,False
phase1__s4_phase_baseline_014_frozen_tecno_phase_baseline_seed42,phase1,s4_phase_baseline,42,val,efros,False,phase,F1,dressing,0.0,False
phase1__s4_phase_baseline_014_frozen_tecno_phase_baseline_seed42,phase1,s4_phase_baseline,42,val,efros,False,phase,F1,hemostasis,0.5617977528089887,False
phase1__s4_phase_baseline_014_frozen_tecno_phase_baseline_seed42,phase1,s4_phase_baseline,42,val,efros,False,phase,F1,incision,0.9444444444444445,False
phase1__s4_phase_baseline_014_frozen_tecno_phase_baseline_seed42,phase1,s4_phase_baseline,42,val,efros,False,phase,F1,irrigation,0.0,False
phase1__s4_phase_baseline_015_frozen_tecno_phase_baseline_seed42,phase1,s4_phase_baseline,42,val,efros,False,phase,F1,anesthesia,0.962962962962963,False
phase1__s4_phase_baseline_015_frozen_tecno_phase_baseline_seed42,phase1,s4_phase_baseline,42,val,efros,False,phase,F1,closure,0.9324090121317158,False
phase1__s4_phase_baseline_015_frozen_tecno_phase_baseline_seed42,phase1,s4_phase_baseline,42,val,efros,False,phase,F1,design,1.0,False
phase1__s4_phase_baseline_015_frozen_tecno_phase_baseline_seed42,phase1,s4_phase_baseline,42,val,efros,False,phase,F1,disinfection,0.0,False
phase1__s4_phase_baseline_015_frozen_tecno_phase_baseline_seed42,phase1,s4_phase_baseline,42,val,efros,False,phase,F1,dissection,0.9107981220657276,False
phase1__s4_phase_baseline_015_frozen_tecno_phase_baseline_seed42,phase1,s4_phase_baseline,42,val,efros,False,phase,F1,dressing,0.0,False
phase1__s4_phase_baseline_015_frozen_tecno_phase_baseline_seed42,phase1,s4_phase_baseline,42,val,efros,False,phase,F1,hemostasis,0.5301204819277108,False
phase1__s4_phase_baseline_015_frozen_tecno_phase_baseline_seed42,phase1,s4_phase_baseline,42,val,efros,False,phase,F1,incision,0.8478964401294499,False
phase1__s4_phase_baseline_015_frozen_tecno_phase_baseline_seed42,phase1,s4_phase_baseline,42,val,efros,False,phase,F1,irrigation,0.0,False
phase1__s4_phase_baseline_016_frozen_tecno_phase_baseline_seed42,phase1,s4_phase_baseline,42,val,efros,False,phase,F1,anesthesia,1.0,False
phase1__s4_phase_baseline_016_frozen_tecno_phase_baseline_seed42,phase1,s4_phase_baseline,42,val,efros,False,phase,F1,closure,0.9229422066549913,False
phase1__s4_phase_baseline_016_frozen_tecno_phase_baseline_seed42,phase1,s4_phase_baseline,42,val,efros,False,phase,F1,design,1.0,False
phase1__s4_phase_baseline_016_frozen_tecno_phase_baseline_seed42,phase1,s4_phase_baseline,42,val,efros,False,phase,F1,disinfection,0.0,False
phase1__s4_phase_baseline_016_frozen_tecno_phase_baseline_seed42,phase1,s4_phase_baseline,42,val,efros,False,phase,F1,dissection,0.919431279620853,False
phase1__s4_phase_baseline_016_frozen_tecno_phase_baseline_seed42,phase1,s4_phase_baseline,42,val,efros,False,phase,F1,dressing,0.0,False
phase1__s4_phase_baseline_016_frozen_tecno_phase_baseline_seed42,phase1,s4_phase_baseline,42,val,efros,False,phase,F1,hemostasis,0.4938271604938272,False
phase1__s4_phase_baseline_016_frozen_tecno_phase_baseline_seed42,phase1,s4_phase_baseline,42,val,efros,False,phase,F1,incision,0.9509202453987731,False
phase1__s4_phase_baseline_016_frozen_tecno_phase_baseline_seed42,phase1,s4_phase_baseline,42,val,efros,False,phase,F1,irrigation,0.0,False
phase1__s4_phase_baseline_017_frozen_tecno_phase_baseline_seed42,phase1,s4_phase_baseline,42,val,efros,False,phase,F1,anesthesia,0.8863636363636364,False
phase1__s4_phase_baseline_017_frozen_tecno_phase_baseline_seed42,phase1,s4_phase_baseline,42,val,efros,False,phase,F1,closure,0.9267461669505963,False
phase1__s4_phase_baseline_017_frozen_tecno_phase_baseline_seed42,phase1,s4_phase_baseline,42,val,efros,False,phase,F1,design,1.0,False
phase1__s4_phase_baseline_017_frozen_tecno_phase_baseline_seed42,phase1,s4_phase_baseline,42,val,efros,False,phase,F1,disinfection,0.0,False
phase1__s4_phase_baseline_017_frozen_tecno_phase_baseline_seed42,phase1,s4_phase_baseline,42,val,efros,False,phase,F1,dissection,0.9265967588179219,False
phase1__s4_phase_baseline_017_frozen_tecno_phase_baseline_seed42,phase1,s4_phase_baseline,42,val,efros,False,phase,F1,dressing,0.0,False
phase1__s4_phase_baseline_017_frozen_tecno_phase_baseline_seed42,phase1,s4_phase_baseline,42,val,efros,False,phase,F1,hemostasis,0.0,False
phase1__s4_phase_baseline_017_frozen_tecno_phase_baseline_seed42,phase1,s4_phase_baseline,42,val,efros,False,phase,F1,incision,0.8604651162790696,False
phase1__s4_phase_baseline_017_frozen_tecno_phase_baseline_seed42,phase1,s4_phase_baseline,42,val,efros,False,phase,F1,irrigation,0.0,False
phase1__s4_phase_baseline_018_frozen_tecno_phase_baseline_seed42,phase1,s4_phase_baseline,42,val,efros,False,phase,F1,anesthesia,1.0,False
phase1__s4_phase_baseline_018_frozen_tecno_phase_baseline_seed42,phase1,s4_phase_baseline,42,val,efros,False,phase,F1,closure,0.9222797927461139,False
phase1__s4_phase_baseline_018_frozen_tecno_phase_baseline_seed42,phase1,s4_phase_baseline,42,val,efros,False,phase,F1,design,1.0,False
phase1__s4_phase_baseline_018_frozen_tecno_phase_baseline_seed42,phase1,s4_phase_baseline,42,val,efros,False,phase,F1,disinfection,0.0,False
phase1__s4_phase_baseline_018_frozen_tecno_phase_baseline_seed42,phase1,s4_phase_baseline,42,val,efros,False,phase,F1,dissection,0.925287356321839,False
phase1__s4_phase_baseline_018_frozen_tecno_phase_baseline_seed42,phase1,s4_phase_baseline,42,val,efros,False,phase,F1,dressing,0.0,False
phase1__s4_phase_baseline_018_frozen_tecno_phase_baseline_seed42,phase1,s4_phase_baseline,42,val,efros,False,phase,F1,hemostasis,0.3243243243243243,False
phase1__s4_phase_baseline_018_frozen_tecno_phase_baseline_seed42,phase1,s4_phase_baseline,42,val,efros,False,phase,F1,incision,0.9451219512195121,False
phase1__s4_phase_baseline_018_frozen_tecno_phase_baseline_seed42,phase1,s4_phase_baseline,42,val,efros,False,phase,F1,irrigation,0.0,False
phase1__s4_phase_baseline_019_frozen_tecno_phase_baseline_seed123,phase1,s4_phase_baseline,123,val,efros,False,phase,F1,anesthesia,0.8604651162790697,False
phase1__s4_phase_baseline_019_frozen_tecno_phase_baseline_seed123,phase1,s4_phase_baseline,123,val,efros,False,phase,F1,closure,0.9281385281385282,False
phase1__s4_phase_baseline_019_frozen_tecno_phase_baseline_seed123,phase1,s4_phase_baseline,123,val,efros,False,phase,F1,design,1.0,False
phase1__s4_phase_baseline_019_frozen_tecno_phase_baseline_seed123,phase1,s4_phase_baseline,123,val,efros,False,phase,F1,disinfection,0.0,False
phase1__s4_phase_baseline_019_frozen_tecno_phase_baseline_seed123,phase1,s4_phase_baseline,123,val,efros,False,phase,F1,dissection,0.9119850187265918,False
phase1__s4_phase_baseline_019_frozen_tecno_phase_baseline_seed123,phase1,s4_phase_baseline,123,val,efros,False,phase,F1,dressing,0.0,False
phase1__s4_phase_baseline_019_frozen_tecno_phase_baseline_seed123,phase1,s4_phase_baseline,123,val,efros,False,phase,F1,hemostasis,0.3333333333333333,False
phase1__s4_phase_baseline_019_frozen_tecno_phase_baseline_seed123,phase1,s4_phase_baseline,123,val,efros,False,phase,F1,incision,0.8288288288288288,False
phase1__s4_phase_baseline_019_frozen_tecno_phase_baseline_seed123,phase1,s4_phase_baseline,123,val,efros,False,phase,F1,irrigation,0.0,False
phase1__s4_phase_baseline_020_frozen_tecno_phase_baseline_seed123,phase1,s4_phase_baseline,123,val,efros,False,phase,F1,anesthesia,1.0,False
phase1__s4_phase_baseline_020_frozen_tecno_phase_baseline_seed123,phase1,s4_phase_baseline,123,val,efros,False,phase,F1,closure,0.927209705372617,False
phase1__s4_phase_baseline_020_frozen_tecno_phase_baseline_seed123,phase1,s4_phase_baseline,123,val,efros,False,phase,F1,design,1.0,False
phase1__s4_phase_baseline_020_frozen_tecno_phase_baseline_seed123,phase1,s4_phase_baseline,123,val,efros,False,phase,F1,disinfection,0.0,False
phase1__s4_phase_baseline_020_frozen_tecno_phase_baseline_seed123,phase1,s4_phase_baseline,123,val,efros,False,phase,F1,dissection,0.9177820267686424,False
phase1__s4_phase_baseline_020_frozen_tecno_phase_baseline_seed123,phase1,s4_phase_baseline,123,val,efros,False,phase,F1,dressing,0.0,False
phase1__s4_phase_baseline_020_frozen_tecno_phase_baseline_seed123,phase1,s4_phase_baseline,123,val,efros,False,phase,F1,hemostasis,0.4705882352941177,False
phase1__s4_phase_baseline_020_frozen_tecno_phase_baseline_seed123,phase1,s4_phase_baseline,123,val,efros,False,phase,F1,incision,0.9278996865203762,False
phase1__s4_phase_baseline_020_frozen_tecno_phase_baseline_seed123,phase1,s4_phase_baseline,123,val,efros,False,phase,F1,irrigation,0.0,False
phase1__s4_phase_baseline_021_frozen_tecno_phase_baseline_seed456,phase1,s4_phase_baseline,456,val,efros,False,phase,F1,anesthesia,0.9473684210526316,False
phase1__s4_phase_baseline_021_frozen_tecno_phase_baseline_seed456,phase1,s4_phase_baseline,456,val,efros,False,phase,F1,closure,0.9312445604873805,False
phase1__s4_phase_baseline_021_frozen_tecno_phase_baseline_seed456,phase1,s4_phase_baseline,456,val,efros,False,phase,F1,design,0.9901960784313726,False
phase1__s4_phase_baseline_021_frozen_tecno_phase_baseline_seed456,phase1,s4_phase_baseline,456,val,efros,False,phase,F1,disinfection,0.0,False
phase1__s4_phase_baseline_021_frozen_tecno_phase_baseline_seed456,phase1,s4_phase_baseline,456,val,efros,False,phase,F1,dissection,0.9173789173789175,False
phase1__s4_phase_baseline_021_frozen_tecno_phase_baseline_seed456,phase1,s4_phase_baseline,456,val,efros,False,phase,F1,dressing,0.0,False
phase1__s4_phase_baseline_021_frozen_tecno_phase_baseline_seed456,phase1,s4_phase_baseline,456,val,efros,False,phase,F1,hemostasis,0.03278688524590164,False
phase1__s4_phase_baseline_021_frozen_tecno_phase_baseline_seed456,phase1,s4_phase_baseline,456,val,efros,False,phase,F1,incision,0.8448275862068965,False
phase1__s4_phase_baseline_021_frozen_tecno_phase_baseline_seed456,phase1,s4_phase_baseline,456,val,efros,False,phase,F1,irrigation,0.0,False
phase1__s4_phase_baseline_022_frozen_tecno_phase_baseline_seed456,phase1,s4_phase_baseline,456,val,efros,False,phase,F1,anesthesia,0.9949238578680203,False
phase1__s4_phase_baseline_022_frozen_tecno_phase_baseline_seed456,phase1,s4_phase_baseline,456,val,efros,False,phase,F1,closure,0.9218472468916518,False
phase1__s4_phase_baseline_022_frozen_tecno_phase_baseline_seed456,phase1,s4_phase_baseline,456,val,efros,False,phase,F1,design,0.9951219512195122,False
phase1__s4_phase_baseline_022_frozen_tecno_phase_baseline_seed456,phase1,s4_phase_baseline,456,val,efros,False,phase,F1,disinfection,0.0,False
phase1__s4_phase_baseline_022_frozen_tecno_phase_baseline_seed456,phase1,s4_phase_baseline,456,val,efros,False,phase,F1,dissection,0.9154795821462488,False
phase1__s4_phase_baseline_022_frozen_tecno_phase_baseline_seed456,phase1,s4_phase_baseline,456,val,efros,False,phase,F1,dressing,0.0,False
phase1__s4_phase_baseline_022_frozen_tecno_phase_baseline_seed456,phase1,s4_phase_baseline,456,val,efros,False,phase,F1,hemostasis,0.5111111111111111,False
phase1__s4_phase_baseline_022_frozen_tecno_phase_baseline_seed456,phase1,s4_phase_baseline,456,val,efros,False,phase,F1,incision,0.9134328358208956,False
phase1__s4_phase_baseline_022_frozen_tecno_phase_baseline_seed456,phase1,s4_phase_baseline,456,val,efros,False,phase,F1,irrigation,0.0,False
phase1__s4_phase_baseline_023_frozen_tecno_phase_baseline_seed42,phase1,s4_phase_baseline,42,val,efros,False,phase,F1,anesthesia,0.9171270718232044,False
phase1__s4_phase_baseline_023_frozen_tecno_phase_baseline_seed42,phase1,s4_phase_baseline,42,val,efros,False,phase,F1,closure,0.9140832595217006,False
phase1__s4_phase_baseline_023_frozen_tecno_phase_baseline_seed42,phase1,s4_phase_baseline,42,val,efros,False,phase,F1,design,1.0,False
phase1__s4_phase_baseline_023_frozen_tecno_phase_baseline_seed42,phase1,s4_phase_baseline,42,val,efros,False,phase,F1,disinfection,0.0,False
phase1__s4_phase_baseline_023_frozen_tecno_phase_baseline_seed42,phase1,s4_phase_baseline,42,val,efros,False,phase,F1,dissection,0.9058713886300094,False
phase1__s4_phase_baseline_023_frozen_tecno_phase_baseline_seed42,phase1,s4_phase_baseline,42,val,efros,False,phase,F1,dressing,0.0,False
phase1__s4_phase_baseline_023_frozen_tecno_phase_baseline_seed42,phase1,s4_phase_baseline,42,val,efros,False,phase,F1,hemostasis,0.5476190476190477,False
phase1__s4_phase_baseline_023_frozen_tecno_phase_baseline_seed42,phase1,s4_phase_baseline,42,val,efros,False,phase,F1,incision,0.8768768768768769,False
phase1__s4_phase_baseline_023_frozen_tecno_phase_baseline_seed42,phase1,s4_phase_baseline,42,val,efros,False,phase,F1,irrigation,0.0,False
phase1__s4_phase_baseline_024_frozen_tecno_phase_baseline_seed42,phase1,s4_phase_baseline,42,val,efros,False,phase,F1,anesthesia,1.0,False
phase1__s4_phase_baseline_024_frozen_tecno_phase_baseline_seed42,phase1,s4_phase_baseline,42,val,efros,False,phase,F1,closure,0.9284467713787086,False
phase1__s4_phase_baseline_024_frozen_tecno_phase_baseline_seed42,phase1,s4_phase_baseline,42,val,efros,False,phase,F1,design,1.0,False
phase1__s4_phase_baseline_024_frozen_tecno_phase_baseline_seed42,phase1,s4_phase_baseline,42,val,efros,False,phase,F1,disinfection,0.0,False
phase1__s4_phase_baseline_024_frozen_tecno_phase_baseline_seed42,phase1,s4_phase_baseline,42,val,efros,False,phase,F1,dissection,0.9261744966442954,False
phase1__s4_phase_baseline_024_frozen_tecno_phase_baseline_seed42,phase1,s4_phase_baseline,42,val,efros,False,phase,F1,dressing,0.0,False
phase1__s4_phase_baseline_024_frozen_tecno_phase_baseline_seed42,phase1,s4_phase_baseline,42,val,efros,False,phase,F1,hemostasis,0.574712643678161,False
phase1__s4_phase_baseline_024_frozen_tecno_phase_baseline_seed42,phase1,s4_phase_baseline,42,val,efros,False,phase,F1,incision,0.9207317073170731,False
phase1__s4_phase_baseline_024_frozen_tecno_phase_baseline_seed42,phase1,s4_phase_baseline,42,val,efros,False,phase,F1,irrigation,0.0,False
phase1__s4_phase_baseline_025_frozen_tecno_phase_baseline_seed123,phase1,s4_phase_baseline,123,val,efros,False,phase,F1,anesthesia,0.9948717948717948,False
phase1__s4_phase_baseline_025_frozen_tecno_phase_baseline_seed123,phase1,s4_phase_baseline,123,val,efros,False,phase,F1,closure,0.9232096635030199,False
phase1__s4_phase_baseline_025_frozen_tecno_phase_baseline_seed123,phase1,s4_phase_baseline,123,val,efros,False,phase,F1,design,1.0,False
phase1__s4_phase_baseline_025_frozen_tecno_phase_baseline_seed123,phase1,s4_phase_baseline,123,val,efros,False,phase,F1,disinfection,0.0,False
phase1__s4_phase_baseline_025_frozen_tecno_phase_baseline_seed123,phase1,s4_phase_baseline,123,val,efros,False,phase,F1,dissection,0.9089201877934272,False
phase1__s4_phase_baseline_025_frozen_tecno_phase_baseline_seed123,phase1,s4_phase_baseline,123,val,efros,False,phase,F1,dressing,0.0,False
phase1__s4_phase_baseline_025_frozen_tecno_phase_baseline_seed123,phase1,s4_phase_baseline,123,val,efros,False,phase,F1,hemostasis,0.2318840579710145,False
phase1__s4_phase_baseline_025_frozen_tecno_phase_baseline_seed123,phase1,s4_phase_baseline,123,val,efros,False,phase,F1,incision,0.8717948717948718,False
phase1__s4_phase_baseline_025_frozen_tecno_phase_baseline_seed123,phase1,s4_phase_baseline,123,val,efros,False,phase,F1,irrigation,0.0,False
phase1__s4_phase_baseline_026_frozen_tecno_phase_baseline_seed123,phase1,s4_phase_baseline,123,val,efros,False,phase,F1,anesthesia,0.9844559585492229,False
phase1__s4_phase_baseline_026_frozen_tecno_phase_baseline_seed123,phase1,s4_phase_baseline,123,val,efros,False,phase,F1,closure,0.940864960282436,False
phase1__s4_phase_baseline_026_frozen_tecno_phase_baseline_seed123,phase1,s4_phase_baseline,123,val,efros,False,phase,F1,design,0.9951690821256038,False
phase1__s4_phase_baseline_026_frozen_tecno_phase_baseline_seed123,phase1,s4_phase_baseline,123,val,efros,False,phase,F1,disinfection,0.0,False
phase1__s4_phase_baseline_026_frozen_tecno_phase_baseline_seed123,phase1,s4_phase_baseline,123,val,efros,False,phase,F1,dissection,0.9109653233364573,False
phase1__s4_phase_baseline_026_frozen_tecno_phase_baseline_seed123,phase1,s4_phase_baseline,123,val,efros,False,phase,F1,dressing,0.0,False
phase1__s4_phase_baseline_026_frozen_tecno_phase_baseline_seed123,phase1,s4_phase_baseline,123,val,efros,False,phase,F1,hemostasis,0.4222222222222222,False
phase1__s4_phase_baseline_026_frozen_tecno_phase_baseline_seed123,phase1,s4_phase_baseline,123,val,efros,False,phase,F1,incision,0.9050632911392404,False
phase1__s4_phase_baseline_026_frozen_tecno_phase_baseline_seed123,phase1,s4_phase_baseline,123,val,efros,False,phase,F1,irrigation,0.0,False
phase1__s4_phase_baseline_027_frozen_tecno_phase_baseline_seed456,phase1,s4_phase_baseline,456,val,efros,False,phase,F1,anesthesia,0.9405405405405405,False
phase1__s4_phase_baseline_027_frozen_tecno_phase_baseline_seed456,phase1,s4_phase_baseline,456,val,efros,False,phase,F1,closure,0.9249563699825479,False
phase1__s4_phase_baseline_027_frozen_tecno_phase_baseline_seed456,phase1,s4_phase_baseline,456,val,efros,False,phase,F1,design,1.0,False
phase1__s4_phase_baseline_027_frozen_tecno_phase_baseline_seed456,phase1,s4_phase_baseline,456,val,efros,False,phase,F1,disinfection,0.0,False
phase1__s4_phase_baseline_027_frozen_tecno_phase_baseline_seed456,phase1,s4_phase_baseline,456,val,efros,False,phase,F1,dissection,0.9031657355679702,False
phase1__s4_phase_baseline_027_frozen_tecno_phase_baseline_seed456,phase1,s4_phase_baseline,456,val,efros,False,phase,F1,dressing,0.0,False
phase1__s4_phase_baseline_027_frozen_tecno_phase_baseline_seed456,phase1,s4_phase_baseline,456,val,efros,False,phase,F1,hemostasis,0.475,False
phase1__s4_phase_baseline_027_frozen_tecno_phase_baseline_seed456,phase1,s4_phase_baseline,456,val,efros,False,phase,F1,incision,0.8,False
phase1__s4_phase_baseline_027_frozen_tecno_phase_baseline_seed456,phase1,s4_phase_baseline,456,val,efros,False,phase,F1,irrigation,0.0,False
phase1__s4_phase_baseline_028_frozen_tecno_phase_baseline_seed456,phase1,s4_phase_baseline,456,val,efros,False,phase,F1,anesthesia,0.9463414634146342,False
phase1__s4_phase_baseline_028_frozen_tecno_phase_baseline_seed456,phase1,s4_phase_baseline,456,val,efros,False,phase,F1,closure,0.9226759339704603,False
phase1__s4_phase_baseline_028_frozen_tecno_phase_baseline_seed456,phase1,s4_phase_baseline,456,val,efros,False,phase,F1,design,0.9441624365482233,False
phase1__s4_phase_baseline_028_frozen_tecno_phase_baseline_seed456,phase1,s4_phase_baseline,456,val,efros,False,phase,F1,disinfection,0.0,False
phase1__s4_phase_baseline_028_frozen_tecno_phase_baseline_seed456,phase1,s4_phase_baseline,456,val,efros,False,phase,F1,dissection,0.9213270142180096,False
phase1__s4_phase_baseline_028_frozen_tecno_phase_baseline_seed456,phase1,s4_phase_baseline,456,val,efros,False,phase,F1,dressing,0.0,False
phase1__s4_phase_baseline_028_frozen_tecno_phase_baseline_seed456,phase1,s4_phase_baseline,456,val,efros,False,phase,F1,hemostasis,0.09677419354838708,False
phase1__s4_phase_baseline_028_frozen_tecno_phase_baseline_seed456,phase1,s4_phase_baseline,456,val,efros,False,phase,F1,incision,0.8690476190476191,False
phase1__s4_phase_baseline_028_frozen_tecno_phase_baseline_seed456,phase1,s4_phase_baseline,456,val,efros,False,phase,F1,irrigation,0.0,False
phase1__s4_phase_baseline_029_frozen_tecno_phase_baseline_seed42,phase1,s4_phase_baseline,42,val,efros,False,phase,F1,anesthesia,0.9633507853403142,False
phase1__s4_phase_baseline_029_frozen_tecno_phase_baseline_seed42,phase1,s4_phase_baseline,42,val,efros,False,phase,F1,closure,0.9219015280135824,False
phase1__s4_phase_baseline_029_frozen_tecno_phase_baseline_seed42,phase1,s4_phase_baseline,42,val,efros,False,phase,F1,design,0.9803921568627452,False
phase1__s4_phase_baseline_029_frozen_tecno_phase_baseline_seed42,phase1,s4_phase_baseline,42,val,efros,False,phase,F1,disinfection,0.0,False
phase1__s4_phase_baseline_029_frozen_tecno_phase_baseline_seed42,phase1,s4_phase_baseline,42,val,efros,False,phase,F1,dissection,0.9182509505703421,False
phase1__s4_phase_baseline_029_frozen_tecno_phase_baseline_seed42,phase1,s4_phase_baseline,42,val,efros,False,phase,F1,dressing,0.0,False
phase1__s4_phase_baseline_029_frozen_tecno_phase_baseline_seed42,phase1,s4_phase_baseline,42,val,efros,False,phase,F1,hemostasis,0.0,False
phase1__s4_phase_baseline_029_frozen_tecno_phase_baseline_seed42,phase1,s4_phase_baseline,42,val,efros,False,phase,F1,incision,0.8950617283950618,False
phase1__s4_phase_baseline_029_frozen_tecno_phase_baseline_seed42,phase1,s4_phase_baseline,42,val,efros,False,phase,F1,irrigation,0.0,False
phase1__s4_phase_baseline_030_frozen_tecno_phase_baseline_seed42,phase1,s4_phase_baseline,42,val,efros,False,phase,F1,anesthesia,0.9948717948717948,False
phase1__s4_phase_baseline_030_frozen_tecno_phase_baseline_seed42,phase1,s4_phase_baseline,42,val,efros,False,phase,F1,closure,0.9236172080772608,False
phase1__s4_phase_baseline_030_frozen_tecno_phase_baseline_seed42,phase1,s4_phase_baseline,42,val,efros,False,phase,F1,design,1.0,False
phase1__s4_phase_baseline_030_frozen_tecno_phase_baseline_seed42,phase1,s4_phase_baseline,42,val,efros,False,phase,F1,disinfection,0.0,False
phase1__s4_phase_baseline_030_frozen_tecno_phase_baseline_seed42,phase1,s4_phase_baseline,42,val,efros,False,phase,F1,dissection,0.9155722326454033,False
phase1__s4_phase_baseline_030_frozen_tecno_phase_baseline_seed42,phase1,s4_phase_baseline,42,val,efros,False,phase,F1,dressing,0.0,False
phase1__s4_phase_baseline_030_frozen_tecno_phase_baseline_seed42,phase1,s4_phase_baseline,42,val,efros,False,phase,F1,hemostasis,0.5063291139240507,False
phase1__s4_phase_baseline_030_frozen_tecno_phase_baseline_seed42,phase1,s4_phase_baseline,42,val,efros,False,phase,F1,incision,0.9283489096573209,False
phase1__s4_phase_baseline_030_frozen_tecno_phase_baseline_seed42,phase1,s4_phase_baseline,42,val,efros,False,phase,F1,irrigation,0.0,False
phase1__s4_phase_baseline_031_frozen_tecno_phase_baseline_seed123,phase1,s4_phase_baseline,123,val,efros,False,phase,F1,anesthesia,0.8670520231213872,False
phase1__s4_phase_baseline_031_frozen_tecno_phase_baseline_seed123,phase1,s4_phase_baseline,123,val,efros,False,phase,F1,closure,0.9081177520071365,False
phase1__s4_phase_baseline_031_frozen_tecno_phase_baseline_seed123,phase1,s4_phase_baseline,123,val,efros,False,phase,F1,design,1.0,False
phase1__s4_phase_baseline_031_frozen_tecno_phase_baseline_seed123,phase1,s4_phase_baseline,123,val,efros,False,phase,F1,disinfection,0.0,False
phase1__s4_phase_baseline_031_frozen_tecno_phase_baseline_seed123,phase1,s4_phase_baseline,123,val,efros,False,phase,F1,dissection,0.8864468864468864,False
phase1__s4_phase_baseline_031_frozen_tecno_phase_baseline_seed123,phase1,s4_phase_baseline,123,val,efros,False,phase,F1,dressing,0.0,False
phase1__s4_phase_baseline_031_frozen_tecno_phase_baseline_seed123,phase1,s4_phase_baseline,123,val,efros,False,phase,F1,hemostasis,0.358974358974359,False
phase1__s4_phase_baseline_031_frozen_tecno_phase_baseline_seed123,phase1,s4_phase_baseline,123,val,efros,False,phase,F1,incision,0.7916666666666666,False
phase1__s4_phase_baseline_031_frozen_tecno_phase_baseline_seed123,phase1,s4_phase_baseline,123,val,efros,False,phase,F1,irrigation,0.0,False
phase1__s4_phase_baseline_032_frozen_tecno_phase_baseline_seed123,phase1,s4_phase_baseline,123,val,efros,False,phase,F1,anesthesia,0.9896907216494846,False
phase1__s4_phase_baseline_032_frozen_tecno_phase_baseline_seed123,phase1,s4_phase_baseline,123,val,efros,False,phase,F1,closure,0.9327586206896552,False
phase1__s4_phase_baseline_032_frozen_tecno_phase_baseline_seed123,phase1,s4_phase_baseline,123,val,efros,False,phase,F1,design,1.0,False
phase1__s4_phase_baseline_032_frozen_tecno_phase_baseline_seed123,phase1,s4_phase_baseline,123,val,efros,False,phase,F1,disinfection,0.0,False
phase1__s4_phase_baseline_032_frozen_tecno_phase_baseline_seed123,phase1,s4_phase_baseline,123,val,efros,False,phase,F1,dissection,0.9346534653465347,False
phase1__s4_phase_baseline_032_frozen_tecno_phase_baseline_seed123,phase1,s4_phase_baseline,123,val,efros,False,phase,F1,dressing,0.0,False
phase1__s4_phase_baseline_032_frozen_tecno_phase_baseline_seed123,phase1,s4_phase_baseline,123,val,efros,False,phase,F1,hemostasis,0.44827586206896547,False
phase1__s4_phase_baseline_032_frozen_tecno_phase_baseline_seed123,phase1,s4_phase_baseline,123,val,efros,False,phase,F1,incision,0.90625,False
phase1__s4_phase_baseline_032_frozen_tecno_phase_baseline_seed123,phase1,s4_phase_baseline,123,val,efros,False,phase,F1,irrigation,0.0,False
phase1__s4_phase_baseline_033_frozen_tecno_phase_baseline_seed456,phase1,s4_phase_baseline,456,val,efros,False,phase,F1,anesthesia,1.0,False
phase1__s4_phase_baseline_033_frozen_tecno_phase_baseline_seed456,phase1,s4_phase_baseline,456,val,efros,False,phase,F1,closure,0.9214659685863874,False
phase1__s4_phase_baseline_033_frozen_tecno_phase_baseline_seed456,phase1,s4_phase_baseline,456,val,efros,False,phase,F1,design,0.9951690821256038,False
phase1__s4_phase_baseline_033_frozen_tecno_phase_baseline_seed456,phase1,s4_phase_baseline,456,val,efros,False,phase,F1,disinfection,0.0,False
phase1__s4_phase_baseline_033_frozen_tecno_phase_baseline_seed456,phase1,s4_phase_baseline,456,val,efros,False,phase,F1,dissection,0.9127134724857685,False
phase1__s4_phase_baseline_033_frozen_tecno_phase_baseline_seed456,phase1,s4_phase_baseline,456,val,efros,False,phase,F1,dressing,0.0,False
phase1__s4_phase_baseline_033_frozen_tecno_phase_baseline_seed456,phase1,s4_phase_baseline,456,val,efros,False,phase,F1,hemostasis,0.06666666666666667,False
phase1__s4_phase_baseline_033_frozen_tecno_phase_baseline_seed456,phase1,s4_phase_baseline,456,val,efros,False,phase,F1,incision,0.8338192419825073,False
phase1__s4_phase_baseline_033_frozen_tecno_phase_baseline_seed456,phase1,s4_phase_baseline,456,val,efros,False,phase,F1,irrigation,0.0,False
phase1__s4_phase_baseline_034_frozen_tecno_phase_baseline_seed456,phase1,s4_phase_baseline,456,val,efros,False,phase,F1,anesthesia,0.9948717948717948,False
phase1__s4_phase_baseline_034_frozen_tecno_phase_baseline_seed456,phase1,s4_phase_baseline,456,val,efros,False,phase,F1,closure,0.9252173913043479,False
phase1__s4_phase_baseline_034_frozen_tecno_phase_baseline_seed456,phase1,s4_phase_baseline,456,val,efros,False,phase,F1,design,0.9951690821256038,False
phase1__s4_phase_baseline_034_frozen_tecno_phase_baseline_seed456,phase1,s4_phase_baseline,456,val,efros,False,phase,F1,disinfection,0.0,False
phase1__s4_phase_baseline_034_frozen_tecno_phase_baseline_seed456,phase1,s4_phase_baseline,456,val,efros,False,phase,F1,dissection,0.9213270142180096,False
phase1__s4_phase_baseline_034_frozen_tecno_phase_baseline_seed456,phase1,s4_phase_baseline,456,val,efros,False,phase,F1,dressing,0.0,False
phase1__s4_phase_baseline_034_frozen_tecno_phase_baseline_seed456,phase1,s4_phase_baseline,456,val,efros,False,phase,F1,hemostasis,0.23529411764705882,False
phase1__s4_phase_baseline_034_frozen_tecno_phase_baseline_seed456,phase1,s4_phase_baseline,456,val,efros,False,phase,F1,incision,0.9184290030211482,False
phase1__s4_phase_baseline_034_frozen_tecno_phase_baseline_seed456,phase1,s4_phase_baseline,456,val,efros,False,phase,F1,irrigation,0.0,False
phase1__s4_phase_baseline_035_frozen_tecno_phase_baseline_seed42,phase1,s4_phase_baseline,42,val,efros,False,phase,F1,anesthesia,0.9791666666666666,False
phase1__s4_phase_baseline_035_frozen_tecno_phase_baseline_seed42,phase1,s4_phase_baseline,42,val,efros,False,phase,F1,closure,0.9299145299145298,False
phase1__s4_phase_baseline_035_frozen_tecno_phase_baseline_seed42,phase1,s4_phase_baseline,42,val,efros,False,phase,F1,design,1.0,False
phase1__s4_phase_baseline_035_frozen_tecno_phase_baseline_seed42,phase1,s4_phase_baseline,42,val,efros,False,phase,F1,disinfection,0.0,False
phase1__s4_phase_baseline_035_frozen_tecno_phase_baseline_seed42,phase1,s4_phase_baseline,42,val,efros,False,phase,F1,dissection,0.9226361031518624,False
phase1__s4_phase_baseline_035_frozen_tecno_phase_baseline_seed42,phase1,s4_phase_baseline,42,val,efros,False,phase,F1,dressing,0.0,False
phase1__s4_phase_baseline_035_frozen_tecno_phase_baseline_seed42,phase1,s4_phase_baseline,42,val,efros,False,phase,F1,hemostasis,0.0,False
phase1__s4_phase_baseline_035_frozen_tecno_phase_baseline_seed42,phase1,s4_phase_baseline,42,val,efros,False,phase,F1,incision,0.874251497005988,False
phase1__s4_phase_baseline_035_frozen_tecno_phase_baseline_seed42,phase1,s4_phase_baseline,42,val,efros,False,phase,F1,irrigation,0.0,False
phase1__s4_phase_baseline_036_frozen_tecno_phase_baseline_seed123,phase1,s4_phase_baseline,123,val,efros,False,phase,F1,anesthesia,0.819277108433735,False
phase1__s4_phase_baseline_036_frozen_tecno_phase_baseline_seed123,phase1,s4_phase_baseline,123,val,efros,False,phase,F1,closure,0.9286956521739131,False
phase1__s4_phase_baseline_036_frozen_tecno_phase_baseline_seed123,phase1,s4_phase_baseline,123,val,efros,False,phase,F1,design,1.0,False
phase1__s4_phase_baseline_036_frozen_tecno_phase_baseline_seed123,phase1,s4_phase_baseline,123,val,efros,False,phase,F1,disinfection,0.0,False
phase1__s4_phase_baseline_036_frozen_tecno_phase_baseline_seed123,phase1,s4_phase_baseline,123,val,efros,False,phase,F1,dissection,0.9216241737488196,False
phase1__s4_phase_baseline_036_frozen_tecno_phase_baseline_seed123,phase1,s4_phase_baseline,123,val,efros,False,phase,F1,dressing,0.0,False
phase1__s4_phase_baseline_036_frozen_tecno_phase_baseline_seed123,phase1,s4_phase_baseline,123,val,efros,False,phase,F1,hemostasis,0.15873015873015872,False
phase1__s4_phase_baseline_036_frozen_tecno_phase_baseline_seed123,phase1,s4_phase_baseline,123,val,efros,False,phase,F1,incision,0.8232044198895029,False
phase1__s4_phase_baseline_036_frozen_tecno_phase_baseline_seed123,phase1,s4_phase_baseline,123,val,efros,False,phase,F1,irrigation,0.0,False
phase1__s4_phase_baseline_037_frozen_tecno_phase_baseline_seed456,phase1,s4_phase_baseline,456,val,efros,False,phase,F1,anesthesia,0.898876404494382,False
phase1__s4_phase_baseline_037_frozen_tecno_phase_baseline_seed456,phase1,s4_phase_baseline,456,val,efros,False,phase,F1,closure,0.9316017316017315,False
phase1__s4_phase_baseline_037_frozen_tecno_phase_baseline_seed456,phase1,s4_phase_baseline,456,val,efros,False,phase,F1,design,1.0,False
phase1__s4_phase_baseline_037_frozen_tecno_phase_baseline_seed456,phase1,s4_phase_baseline,456,val,efros,False,phase,F1,disinfection,0.0,False
phase1__s4_phase_baseline_037_frozen_tecno_phase_baseline_seed456,phase1,s4_phase_baseline,456,val,efros,False,phase,F1,dissection,0.9182509505703421,False
phase1__s4_phase_baseline_037_frozen_tecno_phase_baseline_seed456,phase1,s4_phase_baseline,456,val,efros,False,phase,F1,dressing,0.0,False
phase1__s4_phase_baseline_037_frozen_tecno_phase_baseline_seed456,phase1,s4_phase_baseline,456,val,efros,False,phase,F1,hemostasis,0.30136986301369867,False
phase1__s4_phase_baseline_037_frozen_tecno_phase_baseline_seed456,phase1,s4_phase_baseline,456,val,efros,False,phase,F1,incision,0.8011695906432749,False
phase1__s4_phase_baseline_037_frozen_tecno_phase_baseline_seed456,phase1,s4_phase_baseline,456,val,efros,False,phase,F1,irrigation,0.0,False
phase1__s4_phase_baseline_038_frozen_tecno_phase_baseline_seed42,phase1,s4_phase_baseline,42,val,efros,False,phase,F1,anesthesia,1.0,False
phase1__s4_phase_baseline_038_frozen_tecno_phase_baseline_seed42,phase1,s4_phase_baseline,42,val,efros,False,phase,F1,closure,0.9176882661996498,False
phase1__s4_phase_baseline_038_frozen_tecno_phase_baseline_seed42,phase1,s4_phase_baseline,42,val,efros,False,phase,F1,design,1.0,False
phase1__s4_phase_baseline_038_frozen_tecno_phase_baseline_seed42,phase1,s4_phase_baseline,42,val,efros,False,phase,F1,disinfection,0.0,False
phase1__s4_phase_baseline_038_frozen_tecno_phase_baseline_seed42,phase1,s4_phase_baseline,42,val,efros,False,phase,F1,dissection,0.9178470254957508,False
phase1__s4_phase_baseline_038_frozen_tecno_phase_baseline_seed42,phase1,s4_phase_baseline,42,val,efros,False,phase,F1,dressing,0.0,False
phase1__s4_phase_baseline_038_frozen_tecno_phase_baseline_seed42,phase1,s4_phase_baseline,42,val,efros,False,phase,F1,hemostasis,0.44155844155844154,False
phase1__s4_phase_baseline_038_frozen_tecno_phase_baseline_seed42,phase1,s4_phase_baseline,42,val,efros,False,phase,F1,incision,0.9509202453987731,False
phase1__s4_phase_baseline_038_frozen_tecno_phase_baseline_seed42,phase1,s4_phase_baseline,42,val,efros,False,phase,F1,irrigation,0.0,False
phase1__s4_phase_baseline_039_frozen_tecno_phase_baseline_seed123,phase1,s4_phase_baseline,123,val,efros,False,phase,F1,anesthesia,1.0,False
phase1__s4_phase_baseline_039_frozen_tecno_phase_baseline_seed123,phase1,s4_phase_baseline,123,val,efros,False,phase,F1,closure,0.9264069264069263,False
phase1__s4_phase_baseline_039_frozen_tecno_phase_baseline_seed123,phase1,s4_phase_baseline,123,val,efros,False,phase,F1,design,1.0,False
phase1__s4_phase_baseline_039_frozen_tecno_phase_baseline_seed123,phase1,s4_phase_baseline,123,val,efros,False,phase,F1,disinfection,0.0,False
phase1__s4_phase_baseline_039_frozen_tecno_phase_baseline_seed123,phase1,s4_phase_baseline,123,val,efros,False,phase,F1,dissection,0.9219047619047619,False
phase1__s4_phase_baseline_039_frozen_tecno_phase_baseline_seed123,phase1,s4_phase_baseline,123,val,efros,False,phase,F1,dressing,0.0,False
phase1__s4_phase_baseline_039_frozen_tecno_phase_baseline_seed123,phase1,s4_phase_baseline,123,val,efros,False,phase,F1,hemostasis,0.43589743589743585,False
phase1__s4_phase_baseline_039_frozen_tecno_phase_baseline_seed123,phase1,s4_phase_baseline,123,val,efros,False,phase,F1,incision,0.9345794392523363,False
phase1__s4_phase_baseline_039_frozen_tecno_phase_baseline_seed123,phase1,s4_phase_baseline,123,val,efros,False,phase,F1,irrigation,0.0,False
phase1__s4_phase_baseline_040_frozen_tecno_phase_baseline_seed456,phase1,s4_phase_baseline,456,val,efros,False,phase,F1,anesthesia,0.98,False
phase1__s4_phase_baseline_040_frozen_tecno_phase_baseline_seed456,phase1,s4_phase_baseline,456,val,efros,False,phase,F1,closure,0.9268292682926828,False
phase1__s4_phase_baseline_040_frozen_tecno_phase_baseline_seed456,phase1,s4_phase_baseline,456,val,efros,False,phase,F1,design,0.9801980198019802,False
phase1__s4_phase_baseline_040_frozen_tecno_phase_baseline_seed456,phase1,s4_phase_baseline,456,val,efros,False,phase,F1,disinfection,0.0,False
phase1__s4_phase_baseline_040_frozen_tecno_phase_baseline_seed456,phase1,s4_phase_baseline,456,val,efros,False,phase,F1,dissection,0.9269717624148004,False
phase1__s4_phase_baseline_040_frozen_tecno_phase_baseline_seed456,phase1,s4_phase_baseline,456,val,efros,False,phase,F1,dressing,0.0,False
phase1__s4_phase_baseline_040_frozen_tecno_phase_baseline_seed456,phase1,s4_phase_baseline,456,val,efros,False,phase,F1,hemostasis,0.49438202247191015,False
phase1__s4_phase_baseline_040_frozen_tecno_phase_baseline_seed456,phase1,s4_phase_baseline,456,val,efros,False,phase,F1,incision,0.9058823529411765,False
phase1__s4_phase_baseline_040_frozen_tecno_phase_baseline_seed456,phase1,s4_phase_baseline,456,val,efros,False,phase,F1,irrigation,0.0,False
phase1__s4_phase_baseline_041_frozen_tecno_phase_baseline_seed42,phase1,s4_phase_baseline,42,val,efros,False,phase,F1,anesthesia,1.0,False
phase1__s4_phase_baseline_041_frozen_tecno_phase_baseline_seed42,phase1,s4_phase_baseline,42,val,efros,False,phase,F1,closure,0.9157254561251087,False
phase1__s4_phase_baseline_041_frozen_tecno_phase_baseline_seed42,phase1,s4_phase_baseline,42,val,efros,False,phase,F1,design,0.9951690821256038,False
phase1__s4_phase_baseline_041_frozen_tecno_phase_baseline_seed42,phase1,s4_phase_baseline,42,val,efros,False,phase,F1,disinfection,0.0,False
phase1__s4_phase_baseline_041_frozen_tecno_phase_baseline_seed42,phase1,s4_phase_baseline,42,val,efros,False,phase,F1,dissection,0.9229305423406279,False
phase1__s4_phase_baseline_041_frozen_tecno_phase_baseline_seed42,phase1,s4_phase_baseline,42,val,efros,False,phase,F1,dressing,0.0,False
phase1__s4_phase_baseline_041_frozen_tecno_phase_baseline_seed42,phase1,s4_phase_baseline,42,val,efros,False,phase,F1,hemostasis,0.18181818181818182,False
phase1__s4_phase_baseline_041_frozen_tecno_phase_baseline_seed42,phase1,s4_phase_baseline,42,val,efros,False,phase,F1,incision,0.9313432835820895,False
phase1__s4_phase_baseline_041_frozen_tecno_phase_baseline_seed42,phase1,s4_phase_baseline,42,val,efros,False,phase,F1,irrigation,0.0,False
phase1__s4_phase_baseline_042_frozen_tecno_phase_baseline_seed123,phase1,s4_phase_baseline,123,val,efros,False,phase,F1,anesthesia,1.0,False
phase1__s4_phase_baseline_042_frozen_tecno_phase_baseline_seed123,phase1,s4_phase_baseline,123,val,efros,False,phase,F1,closure,0.9283216783216784,False
phase1__s4_phase_baseline_042_frozen_tecno_phase_baseline_seed123,phase1,s4_phase_baseline,123,val,efros,False,phase,F1,design,0.9951690821256038,False
phase1__s4_phase_baseline_042_frozen_tecno_phase_baseline_seed123,phase1,s4_phase_baseline,123,val,efros,False,phase,F1,disinfection,0.0,False
phase1__s4_phase_baseline_042_frozen_tecno_phase_baseline_seed123,phase1,s4_phase_baseline,123,val,efros,False,phase,F1,dissection,0.9132075471698113,False
phase1__s4_phase_baseline_042_frozen_tecno_phase_baseline_seed123,phase1,s4_phase_baseline,123,val,efros,False,phase,F1,dressing,0.0,False
phase1__s4_phase_baseline_042_frozen_tecno_phase_baseline_seed123,phase1,s4_phase_baseline,123,val,efros,False,phase,F1,hemostasis,0.3287671232876712,False
phase1__s4_phase_baseline_042_frozen_tecno_phase_baseline_seed123,phase1,s4_phase_baseline,123,val,efros,False,phase,F1,incision,0.920245398773006,False
phase1__s4_phase_baseline_042_frozen_tecno_phase_baseline_seed123,phase1,s4_phase_baseline,123,val,efros,False,phase,F1,irrigation,0.0,False
phase1__s4_phase_baseline_043_frozen_tecno_phase_baseline_seed456,phase1,s4_phase_baseline,456,val,efros,False,phase,F1,anesthesia,1.0,False
phase1__s4_phase_baseline_043_frozen_tecno_phase_baseline_seed456,phase1,s4_phase_baseline,456,val,efros,False,phase,F1,closure,0.9135371179039302,False
phase1__s4_phase_baseline_043_frozen_tecno_phase_baseline_seed456,phase1,s4_phase_baseline,456,val,efros,False,phase,F1,design,1.0,False
phase1__s4_phase_baseline_043_frozen_tecno_phase_baseline_seed456,phase1,s4_phase_baseline,456,val,efros,False,phase,F1,disinfection,0.0,False
phase1__s4_phase_baseline_043_frozen_tecno_phase_baseline_seed456,phase1,s4_phase_baseline,456,val,efros,False,phase,F1,dissection,0.9157994323557238,False
phase1__s4_phase_baseline_043_frozen_tecno_phase_baseline_seed456,phase1,s4_phase_baseline,456,val,efros,False,phase,F1,dressing,0.0,False
phase1__s4_phase_baseline_043_frozen_tecno_phase_baseline_seed456,phase1,s4_phase_baseline,456,val,efros,False,phase,F1,hemostasis,0.2777777777777778,False
phase1__s4_phase_baseline_043_frozen_tecno_phase_baseline_seed456,phase1,s4_phase_baseline,456,val,efros,False,phase,F1,incision,0.9333333333333333,False
phase1__s4_phase_baseline_043_frozen_tecno_phase_baseline_seed456,phase1,s4_phase_baseline,456,val,efros,False,phase,F1,irrigation,0.0,False
phase1__s4_phase_baseline_044_frozen_tecno_phase_baseline_seed42,phase1,s4_phase_baseline,42,val,efros,False,phase,F1,anesthesia,0.9171270718232044,False
phase1__s4_phase_baseline_044_frozen_tecno_phase_baseline_seed42,phase1,s4_phase_baseline,42,val,efros,False,phase,F1,closure,0.9322033898305084,False
phase1__s4_phase_baseline_044_frozen_tecno_phase_baseline_seed42,phase1,s4_phase_baseline,42,val,efros,False,phase,F1,design,1.0,False
phase1__s4_phase_baseline_044_frozen_tecno_phase_baseline_seed42,phase1,s4_phase_baseline,42,val,efros,False,phase,F1,disinfection,0.0,False
phase1__s4_phase_baseline_044_frozen_tecno_phase_baseline_seed42,phase1,s4_phase_baseline,42,val,efros,False,phase,F1,dissection,0.9332023575638506,False
phase1__s4_phase_baseline_044_frozen_tecno_phase_baseline_seed42,phase1,s4_phase_baseline,42,val,efros,False,phase,F1,dressing,0.0,False
phase1__s4_phase_baseline_044_frozen_tecno_phase_baseline_seed42,phase1,s4_phase_baseline,42,val,efros,False,phase,F1,hemostasis,0.2941176470588235,False
phase1__s4_phase_baseline_044_frozen_tecno_phase_baseline_seed42,phase1,s4_phase_baseline,42,val,efros,False,phase,F1,incision,0.8498583569405099,False
phase1__s4_phase_baseline_044_frozen_tecno_phase_baseline_seed42,phase1,s4_phase_baseline,42,val,efros,False,phase,F1,irrigation,0.0,False
phase1__s4_phase_baseline_045_frozen_tecno_phase_baseline_seed42,phase1,s4_phase_baseline,42,val,efros,False,phase,F1,anesthesia,1.0,False
phase1__s4_phase_baseline_045_frozen_tecno_phase_baseline_seed42,phase1,s4_phase_baseline,42,val,efros,False,phase,F1,closure,0.921169176262179,False
phase1__s4_phase_baseline_045_frozen_tecno_phase_baseline_seed42,phase1,s4_phase_baseline,42,val,efros,False,phase,F1,design,1.0,False
phase1__s4_phase_baseline_045_frozen_tecno_phase_baseline_seed42,phase1,s4_phase_baseline,42,val,efros,False,phase,F1,disinfection,0.0,False
phase1__s4_phase_baseline_045_frozen_tecno_phase_baseline_seed42,phase1,s4_phase_baseline,42,val,efros,False,phase,F1,dissection,0.9147727272727273,False
phase1__s4_phase_baseline_045_frozen_tecno_phase_baseline_seed42,phase1,s4_phase_baseline,42,val,efros,False,phase,F1,dressing,0.0,False
phase1__s4_phase_baseline_045_frozen_tecno_phase_baseline_seed42,phase1,s4_phase_baseline,42,val,efros,False,phase,F1,hemostasis,0.6105263157894737,False
phase1__s4_phase_baseline_045_frozen_tecno_phase_baseline_seed42,phase1,s4_phase_baseline,42,val,efros,False,phase,F1,incision,0.9444444444444445,False
phase1__s4_phase_baseline_045_frozen_tecno_phase_baseline_seed42,phase1,s4_phase_baseline,42,val,efros,False,phase,F1,irrigation,0.0,False
phase1__s4_phase_baseline_046_frozen_tecno_phase_baseline_seed123,phase1,s4_phase_baseline,123,val,efros,False,phase,F1,anesthesia,0.8604651162790697,False
phase1__s4_phase_baseline_046_frozen_tecno_phase_baseline_seed123,phase1,s4_phase_baseline,123,val,efros,False,phase,F1,closure,0.9281385281385282,False
phase1__s4_phase_baseline_046_frozen_tecno_phase_baseline_seed123,phase1,s4_phase_baseline,123,val,efros,False,phase,F1,design,1.0,False
phase1__s4_phase_baseline_046_frozen_tecno_phase_baseline_seed123,phase1,s4_phase_baseline,123,val,efros,False,phase,F1,disinfection,0.0,False
phase1__s4_phase_baseline_046_frozen_tecno_phase_baseline_seed123,phase1,s4_phase_baseline,123,val,efros,False,phase,F1,dissection,0.9145539906103287,False
phase1__s4_phase_baseline_046_frozen_tecno_phase_baseline_seed123,phase1,s4_phase_baseline,123,val,efros,False,phase,F1,dressing,0.0,False
phase1__s4_phase_baseline_046_frozen_tecno_phase_baseline_seed123,phase1,s4_phase_baseline,123,val,efros,False,phase,F1,hemostasis,0.3333333333333333,False
phase1__s4_phase_baseline_046_frozen_tecno_phase_baseline_seed123,phase1,s4_phase_baseline,123,val,efros,False,phase,F1,incision,0.8273809523809523,False
phase1__s4_phase_baseline_046_frozen_tecno_phase_baseline_seed123,phase1,s4_phase_baseline,123,val,efros,False,phase,F1,irrigation,0.0,False
phase1__s4_phase_baseline_047_frozen_tecno_phase_baseline_seed123,phase1,s4_phase_baseline,123,val,efros,False,phase,F1,anesthesia,0.9846153846153847,False
phase1__s4_phase_baseline_047_frozen_tecno_phase_baseline_seed123,phase1,s4_phase_baseline,123,val,efros,False,phase,F1,closure,0.9353146853146853,False
phase1__s4_phase_baseline_047_frozen_tecno_phase_baseline_seed123,phase1,s4_phase_baseline,123,val,efros,False,phase,F1,design,0.9951219512195122,False
phase1__s4_phase_baseline_047_frozen_tecno_phase_baseline_seed123,phase1,s4_phase_baseline,123,val,efros,False,phase,F1,disinfection,0.0,False
phase1__s4_phase_baseline_047_frozen_tecno_phase_baseline_seed123,phase1,s4_phase_baseline,123,val,efros,False,phase,F1,dissection,0.9126760563380283,False
phase1__s4_phase_baseline_047_frozen_tecno_phase_baseline_seed123,phase1,s4_phase_baseline,123,val,efros,False,phase,F1,dressing,0.0,False
phase1__s4_phase_baseline_047_frozen_tecno_phase_baseline_seed123,phase1,s4_phase_baseline,123,val,efros,False,phase,F1,hemostasis,0.3733333333333333,False
phase1__s4_phase_baseline_047_frozen_tecno_phase_baseline_seed123,phase1,s4_phase_baseline,123,val,efros,False,phase,F1,incision,0.9254658385093167,False
phase1__s4_phase_baseline_047_frozen_tecno_phase_baseline_seed123,phase1,s4_phase_baseline,123,val,efros,False,phase,F1,irrigation,0.0,False
phase1__s4_phase_baseline_048_frozen_tecno_phase_baseline_seed456,phase1,s4_phase_baseline,456,val,efros,False,phase,F1,anesthesia,0.923076923076923,False
phase1__s4_phase_baseline_048_frozen_tecno_phase_baseline_seed456,phase1,s4_phase_baseline,456,val,efros,False,phase,F1,closure,0.9284467713787086,False
phase1__s4_phase_baseline_048_frozen_tecno_phase_baseline_seed456,phase1,s4_phase_baseline,456,val,efros,False,phase,F1,design,1.0,False
phase1__s4_phase_baseline_048_frozen_tecno_phase_baseline_seed456,phase1,s4_phase_baseline,456,val,efros,False,phase,F1,disinfection,0.0,False
phase1__s4_phase_baseline_048_frozen_tecno_phase_baseline_seed456,phase1,s4_phase_baseline,456,val,efros,False,phase,F1,dissection,0.92,False
phase1__s4_phase_baseline_048_frozen_tecno_phase_baseline_seed456,phase1,s4_phase_baseline,456,val,efros,False,phase,F1,dressing,0.0,False
phase1__s4_phase_baseline_048_frozen_tecno_phase_baseline_seed456,phase1,s4_phase_baseline,456,val,efros,False,phase,F1,hemostasis,0.25,False
phase1__s4_phase_baseline_048_frozen_tecno_phase_baseline_seed456,phase1,s4_phase_baseline,456,val,efros,False,phase,F1,incision,0.84,False
phase1__s4_phase_baseline_048_frozen_tecno_phase_baseline_seed456,phase1,s4_phase_baseline,456,val,efros,False,phase,F1,irrigation,0.0,False
phase1__s4_phase_baseline_049_frozen_tecno_phase_baseline_seed456,phase1,s4_phase_baseline,456,val,efros,False,phase,F1,anesthesia,0.9949238578680203,False
phase1__s4_phase_baseline_049_frozen_tecno_phase_baseline_seed456,phase1,s4_phase_baseline,456,val,efros,False,phase,F1,closure,0.9250645994832042,False
phase1__s4_phase_baseline_049_frozen_tecno_phase_baseline_seed456,phase1,s4_phase_baseline,456,val,efros,False,phase,F1,design,0.9951219512195122,False
phase1__s4_phase_baseline_049_frozen_tecno_phase_baseline_seed456,phase1,s4_phase_baseline,456,val,efros,False,phase,F1,disinfection,0.0,False
phase1__s4_phase_baseline_049_frozen_tecno_phase_baseline_seed456,phase1,s4_phase_baseline,456,val,efros,False,phase,F1,dissection,0.9324324324324323,False
phase1__s4_phase_baseline_049_frozen_tecno_phase_baseline_seed456,phase1,s4_phase_baseline,456,val,efros,False,phase,F1,dressing,0.0,False
phase1__s4_phase_baseline_049_frozen_tecno_phase_baseline_seed456,phase1,s4_phase_baseline,456,val,efros,False,phase,F1,hemostasis,0.3684210526315789,False
phase1__s4_phase_baseline_049_frozen_tecno_phase_baseline_seed456,phase1,s4_phase_baseline,456,val,efros,False,phase,F1,incision,0.9244712990936556,False
phase1__s4_phase_baseline_049_frozen_tecno_phase_baseline_seed456,phase1,s4_phase_baseline,456,val,efros,False,phase,F1,irrigation,0.0,False
phase1__s4_phase_baseline_050_frozen_tecno_phase_baseline_seed42,phase1,s4_phase_baseline,42,val,efros,False,phase,F1,anesthesia,0.962962962962963,False
phase1__s4_phase_baseline_050_frozen_tecno_phase_baseline_seed42,phase1,s4_phase_baseline,42,val,efros,False,phase,F1,closure,0.9111498257839721,False
phase1__s4_phase_baseline_050_frozen_tecno_phase_baseline_seed42,phase1,s4_phase_baseline,42,val,efros,False,phase,F1,design,1.0,False
phase1__s4_phase_baseline_050_frozen_tecno_phase_baseline_seed42,phase1,s4_phase_baseline,42,val,efros,False,phase,F1,disinfection,0.0,False
phase1__s4_phase_baseline_050_frozen_tecno_phase_baseline_seed42,phase1,s4_phase_baseline,42,val,efros,False,phase,F1,dissection,0.9112978524743232,False
phase1__s4_phase_baseline_050_frozen_tecno_phase_baseline_seed42,phase1,s4_phase_baseline,42,val,efros,False,phase,F1,dressing,0.0,False
phase1__s4_phase_baseline_050_frozen_tecno_phase_baseline_seed42,phase1,s4_phase_baseline,42,val,efros,False,phase,F1,hemostasis,0.09836065573770492,False
phase1__s4_phase_baseline_050_frozen_tecno_phase_baseline_seed42,phase1,s4_phase_baseline,42,val,efros,False,phase,F1,incision,0.8882175226586102,False
phase1__s4_phase_baseline_050_frozen_tecno_phase_baseline_seed42,phase1,s4_phase_baseline,42,val,efros,False,phase,F1,irrigation,0.0,False
phase1__s4_phase_baseline_051_frozen_tecno_phase_baseline_seed42,phase1,s4_phase_baseline,42,val,efros,False,phase,F1,anesthesia,0.9896907216494846,False
phase1__s4_phase_baseline_051_frozen_tecno_phase_baseline_seed42,phase1,s4_phase_baseline,42,val,efros,False,phase,F1,closure,0.929380993897123,False
phase1__s4_phase_baseline_051_frozen_tecno_phase_baseline_seed42,phase1,s4_phase_baseline,42,val,efros,False,phase,F1,design,1.0,False
phase1__s4_phase_baseline_051_frozen_tecno_phase_baseline_seed42,phase1,s4_phase_baseline,42,val,efros,False,phase,F1,disinfection,0.0,False
phase1__s4_phase_baseline_051_frozen_tecno_phase_baseline_seed42,phase1,s4_phase_baseline,42,val,efros,False,phase,F1,dissection,0.9272030651340997,False
phase1__s4_phase_baseline_051_frozen_tecno_phase_baseline_seed42,phase1,s4_phase_baseline,42,val,efros,False,phase,F1,dressing,0.0,False
phase1__s4_phase_baseline_051_frozen_tecno_phase_baseline_seed42,phase1,s4_phase_baseline,42,val,efros,False,phase,F1,hemostasis,0.475,False
phase1__s4_phase_baseline_051_frozen_tecno_phase_baseline_seed42,phase1,s4_phase_baseline,42,val,efros,False,phase,F1,incision,0.9134328358208956,False
phase1__s4_phase_baseline_051_frozen_tecno_phase_baseline_seed42,phase1,s4_phase_baseline,42,val,efros,False,phase,F1,irrigation,0.0,False
phase1__s4_phase_baseline_052_frozen_tecno_phase_baseline_seed123,phase1,s4_phase_baseline,123,val,efros,False,phase,F1,anesthesia,1.0,False
phase1__s4_phase_baseline_052_frozen_tecno_phase_baseline_seed123,phase1,s4_phase_baseline,123,val,efros,False,phase,F1,closure,0.9264069264069263,False
phase1__s4_phase_baseline_052_frozen_tecno_phase_baseline_seed123,phase1,s4_phase_baseline,123,val,efros,False,phase,F1,design,0.9951690821256038,False
phase1__s4_phase_baseline_052_frozen_tecno_phase_baseline_seed123,phase1,s4_phase_baseline,123,val,efros,False,phase,F1,disinfection,0.0,False
phase1__s4_phase_baseline_052_frozen_tecno_phase_baseline_seed123,phase1,s4_phase_baseline,123,val,efros,False,phase,F1,dissection,0.9178470254957508,False
phase1__s4_phase_baseline_052_frozen_tecno_phase_baseline_seed123,phase1,s4_phase_baseline,123,val,efros,False,phase,F1,dressing,0.0,False
phase1__s4_phase_baseline_052_frozen_tecno_phase_baseline_seed123,phase1,s4_phase_baseline,123,val,efros,False,phase,F1,hemostasis,0.3287671232876712,False
phase1__s4_phase_baseline_052_frozen_tecno_phase_baseline_seed123,phase1,s4_phase_baseline,123,val,efros,False,phase,F1,incision,0.8607594936708861,False
phase1__s4_phase_baseline_052_frozen_tecno_phase_baseline_seed123,phase1,s4_phase_baseline,123,val,efros,False,phase,F1,irrigation,0.0,False
phase1__s4_phase_baseline_053_frozen_tecno_phase_baseline_seed123,phase1,s4_phase_baseline,123,val,efros,False,phase,F1,anesthesia,0.9072164948453607,False
phase1__s4_phase_baseline_053_frozen_tecno_phase_baseline_seed123,phase1,s4_phase_baseline,123,val,efros,False,phase,F1,closure,0.9270833333333334,False
phase1__s4_phase_baseline_053_frozen_tecno_phase_baseline_seed123,phase1,s4_phase_baseline,123,val,efros,False,phase,F1,design,0.9595959595959597,False
phase1__s4_phase_baseline_053_frozen_tecno_phase_baseline_seed123,phase1,s4_phase_baseline,123,val,efros,False,phase,F1,disinfection,0.0,False
phase1__s4_phase_baseline_053_frozen_tecno_phase_baseline_seed123,phase1,s4_phase_baseline,123,val,efros,False,phase,F1,dissection,0.9201520912547528,False
phase1__s4_phase_baseline_053_frozen_tecno_phase_baseline_seed123,phase1,s4_phase_baseline,123,val,efros,False,phase,F1,dressing,0.0,False
phase1__s4_phase_baseline_053_frozen_tecno_phase_baseline_seed123,phase1,s4_phase_baseline,123,val,efros,False,phase,F1,hemostasis,0.3797468354430379,False
phase1__s4_phase_baseline_053_frozen_tecno_phase_baseline_seed123,phase1,s4_phase_baseline,123,val,efros,False,phase,F1,incision,0.9003021148036254,False
phase1__s4_phase_baseline_053_frozen_tecno_phase_baseline_seed123,phase1,s4_phase_baseline,123,val,efros,False,phase,F1,irrigation,0.0,False
phase1__s4_phase_baseline_054_frozen_tecno_phase_baseline_seed456,phase1,s4_phase_baseline,456,val,efros,False,phase,F1,anesthesia,0.9948717948717948,False
phase1__s4_phase_baseline_054_frozen_tecno_phase_baseline_seed456,phase1,s4_phase_baseline,456,val,efros,False,phase,F1,closure,0.9267872523686476,False
phase1__s4_phase_baseline_054_frozen_tecno_phase_baseline_seed456,phase1,s4_phase_baseline,456,val,efros,False,phase,F1,design,1.0,False
phase1__s4_phase_baseline_054_frozen_tecno_phase_baseline_seed456,phase1,s4_phase_baseline,456,val,efros,False,phase,F1,disinfection,0.0,False
phase1__s4_phase_baseline_054_frozen_tecno_phase_baseline_seed456,phase1,s4_phase_baseline,456,val,efros,False,phase,F1,dissection,0.9002795899347623,False
phase1__s4_phase_baseline_054_frozen_tecno_phase_baseline_seed456,phase1,s4_phase_baseline,456,val,efros,False,phase,F1,dressing,0.0,False
phase1__s4_phase_baseline_054_frozen_tecno_phase_baseline_seed456,phase1,s4_phase_baseline,456,val,efros,False,phase,F1,hemostasis,0.3243243243243243,False
phase1__s4_phase_baseline_054_frozen_tecno_phase_baseline_seed456,phase1,s4_phase_baseline,456,val,efros,False,phase,F1,incision,0.8148148148148149,False
phase1__s4_phase_baseline_054_frozen_tecno_phase_baseline_seed456,phase1,s4_phase_baseline,456,val,efros,False,phase,F1,irrigation,0.0,False
phase1__s4_phase_baseline_055_frozen_tecno_phase_baseline_seed456,phase1,s4_phase_baseline,456,val,efros,False,phase,F1,anesthesia,0.9578947368421052,False
phase1__s4_phase_baseline_055_frozen_tecno_phase_baseline_seed456,phase1,s4_phase_baseline,456,val,efros,False,phase,F1,closure,0.9332176929748482,False
phase1__s4_phase_baseline_055_frozen_tecno_phase_baseline_seed456,phase1,s4_phase_baseline,456,val,efros,False,phase,F1,design,0.9951219512195122,False
phase1__s4_phase_baseline_055_frozen_tecno_phase_baseline_seed456,phase1,s4_phase_baseline,456,val,efros,False,phase,F1,disinfection,0.0,False
phase1__s4_phase_baseline_055_frozen_tecno_phase_baseline_seed456,phase1,s4_phase_baseline,456,val,efros,False,phase,F1,dissection,0.9157994323557238,False
phase1__s4_phase_baseline_055_frozen_tecno_phase_baseline_seed456,phase1,s4_phase_baseline,456,val,efros,False,phase,F1,dressing,0.0,False
phase1__s4_phase_baseline_055_frozen_tecno_phase_baseline_seed456,phase1,s4_phase_baseline,456,val,efros,False,phase,F1,hemostasis,0.4691358024691357,False
phase1__s4_phase_baseline_055_frozen_tecno_phase_baseline_seed456,phase1,s4_phase_baseline,456,val,efros,False,phase,F1,incision,0.84375,False
phase1__s4_phase_baseline_055_frozen_tecno_phase_baseline_seed456,phase1,s4_phase_baseline,456,val,efros,False,phase,F1,irrigation,0.0,False
phase1__s4_phase_baseline_056_frozen_tecno_phase_baseline_seed42,phase1,s4_phase_baseline,42,val,efros,False,phase,F1,anesthesia,0.9847715736040609,False
phase1__s4_phase_baseline_056_frozen_tecno_phase_baseline_seed42,phase1,s4_phase_baseline,42,val,efros,False,phase,F1,closure,0.9233390119250426,False
phase1__s4_phase_baseline_056_frozen_tecno_phase_baseline_seed42,phase1,s4_phase_baseline,42,val,efros,False,phase,F1,design,0.9901960784313726,False
phase1__s4_phase_baseline_056_frozen_tecno_phase_baseline_seed42,phase1,s4_phase_baseline,42,val,efros,False,phase,F1,disinfection,0.0,False
phase1__s4_phase_baseline_056_frozen_tecno_phase_baseline_seed42,phase1,s4_phase_baseline,42,val,efros,False,phase,F1,dissection,0.9125117591721543,False
phase1__s4_phase_baseline_056_frozen_tecno_phase_baseline_seed42,phase1,s4_phase_baseline,42,val,efros,False,phase,F1,dressing,0.0,False
phase1__s4_phase_baseline_056_frozen_tecno_phase_baseline_seed42,phase1,s4_phase_baseline,42,val,efros,False,phase,F1,hemostasis,0.0,False
phase1__s4_phase_baseline_056_frozen_tecno_phase_baseline_seed42,phase1,s4_phase_baseline,42,val,efros,False,phase,F1,incision,0.8745980707395499,False
phase1__s4_phase_baseline_056_frozen_tecno_phase_baseline_seed42,phase1,s4_phase_baseline,42,val,efros,False,phase,F1,irrigation,0.0,False
phase1__s4_phase_baseline_057_frozen_tecno_phase_baseline_seed42,phase1,s4_phase_baseline,42,val,efros,False,phase,F1,anesthesia,1.0,False
phase1__s4_phase_baseline_057_frozen_tecno_phase_baseline_seed42,phase1,s4_phase_baseline,42,val,efros,False,phase,F1,closure,0.932642487046632,False
phase1__s4_phase_baseline_057_frozen_tecno_phase_baseline_seed42,phase1,s4_phase_baseline,42,val,efros,False,phase,F1,design,1.0,False
phase1__s4_phase_baseline_057_frozen_tecno_phase_baseline_seed42,phase1,s4_phase_baseline,42,val,efros,False,phase,F1,disinfection,0.0,False
phase1__s4_phase_baseline_057_frozen_tecno_phase_baseline_seed42,phase1,s4_phase_baseline,42,val,efros,False,phase,F1,dissection,0.9334619093539055,False
phase1__s4_phase_baseline_057_frozen_tecno_phase_baseline_seed42,phase1,s4_phase_baseline,42,val,efros,False,phase,F1,dressing,0.0,False
phase1__s4_phase_baseline_057_frozen_tecno_phase_baseline_seed42,phase1,s4_phase_baseline,42,val,efros,False,phase,F1,hemostasis,0.5977011494252873,False
phase1__s4_phase_baseline_057_frozen_tecno_phase_baseline_seed42,phase1,s4_phase_baseline,42,val,efros,False,phase,F1,incision,0.937888198757764,False
phase1__s4_phase_baseline_057_frozen_tecno_phase_baseline_seed42,phase1,s4_phase_baseline,42,val,efros,False,phase,F1,irrigation,0.0,False
phase1__s4_phase_baseline_058_frozen_tecno_phase_baseline_seed123,phase1,s4_phase_baseline,123,val,efros,False,phase,F1,anesthesia,0.88,False
phase1__s4_phase_baseline_058_frozen_tecno_phase_baseline_seed123,phase1,s4_phase_baseline,123,val,efros,False,phase,F1,closure,0.9269565217391306,False
phase1__s4_phase_baseline_058_frozen_tecno_phase_baseline_seed123,phase1,s4_phase_baseline,123,val,efros,False,phase,F1,design,1.0,False
phase1__s4_phase_baseline_058_frozen_tecno_phase_baseline_seed123,phase1,s4_phase_baseline,123,val,efros,False,phase,F1,disinfection,0.0,False
phase1__s4_phase_baseline_058_frozen_tecno_phase_baseline_seed123,phase1,s4_phase_baseline,123,val,efros,False,phase,F1,dissection,0.9021113243761996,False
phase1__s4_phase_baseline_058_frozen_tecno_phase_baseline_seed123,phase1,s4_phase_baseline,123,val,efros,False,phase,F1,dressing,0.0,False
phase1__s4_phase_baseline_058_frozen_tecno_phase_baseline_seed123,phase1,s4_phase_baseline,123,val,efros,False,phase,F1,hemostasis,0.39344262295081966,False
phase1__s4_phase_baseline_058_frozen_tecno_phase_baseline_seed123,phase1,s4_phase_baseline,123,val,efros,False,phase,F1,incision,0.7524115755627009,False
phase1__s4_phase_baseline_058_frozen_tecno_phase_baseline_seed123,phase1,s4_phase_baseline,123,val,efros,False,phase,F1,irrigation,0.0,False
phase1__s4_phase_baseline_059_frozen_tecno_phase_baseline_seed123,phase1,s4_phase_baseline,123,val,efros,False,phase,F1,anesthesia,0.968421052631579,False
phase1__s4_phase_baseline_059_frozen_tecno_phase_baseline_seed123,phase1,s4_phase_baseline,123,val,efros,False,phase,F1,closure,0.9319552110249785,False
phase1__s4_phase_baseline_059_frozen_tecno_phase_baseline_seed123,phase1,s4_phase_baseline,123,val,efros,False,phase,F1,design,1.0,False
phase1__s4_phase_baseline_059_frozen_tecno_phase_baseline_seed123,phase1,s4_phase_baseline,123,val,efros,False,phase,F1,disinfection,0.0,False
phase1__s4_phase_baseline_059_frozen_tecno_phase_baseline_seed123,phase1,s4_phase_baseline,123,val,efros,False,phase,F1,dissection,0.9350393700787402,False
phase1__s4_phase_baseline_059_frozen_tecno_phase_baseline_seed123,phase1,s4_phase_baseline,123,val,efros,False,phase,F1,dressing,0.0,False
phase1__s4_phase_baseline_059_frozen_tecno_phase_baseline_seed123,phase1,s4_phase_baseline,123,val,efros,False,phase,F1,hemostasis,0.40740740740740744,False
phase1__s4_phase_baseline_059_frozen_tecno_phase_baseline_seed123,phase1,s4_phase_baseline,123,val,efros,False,phase,F1,incision,0.8923076923076922,False
phase1__s4_phase_baseline_059_frozen_tecno_phase_baseline_seed123,phase1,s4_phase_baseline,123,val,efros,False,phase,F1,irrigation,0.0,False
phase1__s4_phase_baseline_060_frozen_tecno_phase_baseline_seed456,phase1,s4_phase_baseline,456,val,efros,False,phase,F1,anesthesia,0.9948717948717948,False
phase1__s4_phase_baseline_060_frozen_tecno_phase_baseline_seed456,phase1,s4_phase_baseline,456,val,efros,False,phase,F1,closure,0.923076923076923,False
phase1__s4_phase_baseline_060_frozen_tecno_phase_baseline_seed456,phase1,s4_phase_baseline,456,val,efros,False,phase,F1,design,1.0,False
phase1__s4_phase_baseline_060_frozen_tecno_phase_baseline_seed456,phase1,s4_phase_baseline,456,val,efros,False,phase,F1,disinfection,0.0,False
phase1__s4_phase_baseline_060_frozen_tecno_phase_baseline_seed456,phase1,s4_phase_baseline,456,val,efros,False,phase,F1,dissection,0.8957169459962756,False
phase1__s4_phase_baseline_060_frozen_tecno_phase_baseline_seed456,phase1,s4_phase_baseline,456,val,efros,False,phase,F1,dressing,0.0,False
phase1__s4_phase_baseline_060_frozen_tecno_phase_baseline_seed456,phase1,s4_phase_baseline,456,val,efros,False,phase,F1,hemostasis,0.42857142857142855,False
phase1__s4_phase_baseline_060_frozen_tecno_phase_baseline_seed456,phase1,s4_phase_baseline,456,val,efros,False,phase,F1,incision,0.8184818481848185,False
phase1__s4_phase_baseline_060_frozen_tecno_phase_baseline_seed456,phase1,s4_phase_baseline,456,val,efros,False,phase,F1,irrigation,0.0,False
phase1__s4_phase_baseline_061_frozen_tecno_phase_baseline_seed456,phase1,s4_phase_baseline,456,val,efros,False,phase,F1,anesthesia,1.0,False
phase1__s4_phase_baseline_061_frozen_tecno_phase_baseline_seed456,phase1,s4_phase_baseline,456,val,efros,False,phase,F1,closure,0.927637314734089,False
phase1__s4_phase_baseline_061_frozen_tecno_phase_baseline_seed456,phase1,s4_phase_baseline,456,val,efros,False,phase,F1,design,1.0,False
phase1__s4_phase_baseline_061_frozen_tecno_phase_baseline_seed456,phase1,s4_phase_baseline,456,val,efros,False,phase,F1,disinfection,0.0,False
phase1__s4_phase_baseline_061_frozen_tecno_phase_baseline_seed456,phase1,s4_phase_baseline,456,val,efros,False,phase,F1,dissection,0.9240986717267552,False
phase1__s4_phase_baseline_061_frozen_tecno_phase_baseline_seed456,phase1,s4_phase_baseline,456,val,efros,False,phase,F1,dressing,0.0,False
phase1__s4_phase_baseline_061_frozen_tecno_phase_baseline_seed456,phase1,s4_phase_baseline,456,val,efros,False,phase,F1,hemostasis,0.45783132530120474,False
phase1__s4_phase_baseline_061_frozen_tecno_phase_baseline_seed456,phase1,s4_phase_baseline,456,val,efros,False,phase,F1,incision,0.90625,False
phase1__s4_phase_baseline_061_frozen_tecno_phase_baseline_seed456,phase1,s4_phase_baseline,456,val,efros,False,phase,F1,irrigation,0.0,False
transfer__b1_mtl_001_b1_naive_mtl_fixed_seed42,transfer,b1_mtl,42,val,lecun,False,tool,AP,Bipolar Forceps,0.7865299759234162,False
transfer__b1_mtl_001_b1_naive_mtl_fixed_seed42,transfer,b1_mtl,42,val,lecun,False,tool,AP,Electric Cautery,0.9610789162751716,False
transfer__b1_mtl_001_b1_naive_mtl_fixed_seed42,transfer,b1_mtl,42,val,lecun,False,tool,AP,Forceps,0.3424224237705194,False
transfer__b1_mtl_001_b1_naive_mtl_fixed_seed42,transfer,b1_mtl,42,val,lecun,False,tool,AP,Gauze,0.23410819484030396,False
transfer__b1_mtl_001_b1_naive_mtl_fixed_seed42,transfer,b1_mtl,42,val,lecun,False,tool,AP,Hook,0.5737579049025437,False
transfer__b1_mtl_001_b1_naive_mtl_fixed_seed42,transfer,b1_mtl,42,val,lecun,False,tool,AP,Mouth Gag,0.7945050820001883,False
transfer__b1_mtl_001_b1_naive_mtl_fixed_seed42,transfer,b1_mtl,42,val,lecun,False,tool,AP,Needle Holders,0.839556056902307,False
transfer__b1_mtl_001_b1_naive_mtl_fixed_seed42,transfer,b1_mtl,42,val,lecun,False,tool,AP,Raspatory,0.7176563690989821,False
transfer__b1_mtl_001_b1_naive_mtl_fixed_seed42,transfer,b1_mtl,42,val,lecun,False,tool,AP,Retractor,,True
transfer__b1_mtl_001_b1_naive_mtl_fixed_seed42,transfer,b1_mtl,42,val,lecun,False,tool,AP,Scalpel,0.8933178221284265,False
transfer__b1_mtl_001_b1_naive_mtl_fixed_seed42,transfer,b1_mtl,42,val,lecun,False,tool,AP,Scissors,0.7091891159537079,False
transfer__b1_mtl_001_b1_naive_mtl_fixed_seed42,transfer,b1_mtl,42,val,lecun,False,tool,AP,Skewer,0.9415140913037974,False
transfer__b1_mtl_001_b1_naive_mtl_fixed_seed42,transfer,b1_mtl,42,val,lecun,False,tool,AP,Suction Cannula,0.8130716271301778,False
transfer__b1_mtl_001_b1_naive_mtl_fixed_seed42,transfer,b1_mtl,42,val,lecun,False,tool,AP,Syringe,0.5725765703497974,False
transfer__b1_mtl_001_b1_naive_mtl_fixed_seed42,transfer,b1_mtl,42,val,lecun,False,tool,AP,Tweezers,0.7596556079695467,False
transfer__b1_mtl_002_b1_naive_mtl_fixed_seed123,transfer,b1_mtl,123,val,lecun,False,tool,AP,Bipolar Forceps,0.7655526600780237,False
transfer__b1_mtl_002_b1_naive_mtl_fixed_seed123,transfer,b1_mtl,123,val,lecun,False,tool,AP,Electric Cautery,0.9611299313246712,False
transfer__b1_mtl_002_b1_naive_mtl_fixed_seed123,transfer,b1_mtl,123,val,lecun,False,tool,AP,Forceps,0.305872660151034,False
transfer__b1_mtl_002_b1_naive_mtl_fixed_seed123,transfer,b1_mtl,123,val,lecun,False,tool,AP,Gauze,0.2864179487474584,False
transfer__b1_mtl_002_b1_naive_mtl_fixed_seed123,transfer,b1_mtl,123,val,lecun,False,tool,AP,Hook,0.49578271987916234,False
transfer__b1_mtl_002_b1_naive_mtl_fixed_seed123,transfer,b1_mtl,123,val,lecun,False,tool,AP,Mouth Gag,0.8008988389517686,False
transfer__b1_mtl_002_b1_naive_mtl_fixed_seed123,transfer,b1_mtl,123,val,lecun,False,tool,AP,Needle Holders,0.830351512903616,False
transfer__b1_mtl_002_b1_naive_mtl_fixed_seed123,transfer,b1_mtl,123,val,lecun,False,tool,AP,Raspatory,0.6767797076050943,False
transfer__b1_mtl_002_b1_naive_mtl_fixed_seed123,transfer,b1_mtl,123,val,lecun,False,tool,AP,Retractor,,True
transfer__b1_mtl_002_b1_naive_mtl_fixed_seed123,transfer,b1_mtl,123,val,lecun,False,tool,AP,Scalpel,0.9023532616517942,False
transfer__b1_mtl_002_b1_naive_mtl_fixed_seed123,transfer,b1_mtl,123,val,lecun,False,tool,AP,Scissors,0.6903833289339125,False
transfer__b1_mtl_002_b1_naive_mtl_fixed_seed123,transfer,b1_mtl,123,val,lecun,False,tool,AP,Skewer,0.9378018527513151,False
transfer__b1_mtl_002_b1_naive_mtl_fixed_seed123,transfer,b1_mtl,123,val,lecun,False,tool,AP,Suction Cannula,0.8128873963601656,False
transfer__b1_mtl_002_b1_naive_mtl_fixed_seed123,transfer,b1_mtl,123,val,lecun,False,tool,AP,Syringe,0.5901167630511052,False
transfer__b1_mtl_002_b1_naive_mtl_fixed_seed123,transfer,b1_mtl,123,val,lecun,False,tool,AP,Tweezers,0.7642321768461321,False
transfer__b1_mtl_003_b1_naive_mtl_fixed_seed456,transfer,b1_mtl,456,val,lecun,False,tool,AP,Bipolar Forceps,0.7875369967363184,False
transfer__b1_mtl_003_b1_naive_mtl_fixed_seed456,transfer,b1_mtl,456,val,lecun,False,tool,AP,Electric Cautery,0.9508022305411896,False
transfer__b1_mtl_003_b1_naive_mtl_fixed_seed456,transfer,b1_mtl,456,val,lecun,False,tool,AP,Forceps,0.33020495947518064,False
transfer__b1_mtl_003_b1_naive_mtl_fixed_seed456,transfer,b1_mtl,456,val,lecun,False,tool,AP,Gauze,0.28281715692254905,False
transfer__b1_mtl_003_b1_naive_mtl_fixed_seed456,transfer,b1_mtl,456,val,lecun,False,tool,AP,Hook,0.557002876735351,False
transfer__b1_mtl_003_b1_naive_mtl_fixed_seed456,transfer,b1_mtl,456,val,lecun,False,tool,AP,Mouth Gag,0.800108636640529,False
transfer__b1_mtl_003_b1_naive_mtl_fixed_seed456,transfer,b1_mtl,456,val,lecun,False,tool,AP,Needle Holders,0.8135252630512,False
transfer__b1_mtl_003_b1_naive_mtl_fixed_seed456,transfer,b1_mtl,456,val,lecun,False,tool,AP,Raspatory,0.7803105085999064,False
transfer__b1_mtl_003_b1_naive_mtl_fixed_seed456,transfer,b1_mtl,456,val,lecun,False,tool,AP,Retractor,,True
transfer__b1_mtl_003_b1_naive_mtl_fixed_seed456,transfer,b1_mtl,456,val,lecun,False,tool,AP,Scalpel,0.8829652720646072,False
transfer__b1_mtl_003_b1_naive_mtl_fixed_seed456,transfer,b1_mtl,456,val,lecun,False,tool,AP,Scissors,0.688150202087569,False
transfer__b1_mtl_003_b1_naive_mtl_fixed_seed456,transfer,b1_mtl,456,val,lecun,False,tool,AP,Skewer,0.9285231361571548,False
transfer__b1_mtl_003_b1_naive_mtl_fixed_seed456,transfer,b1_mtl,456,val,lecun,False,tool,AP,Suction Cannula,0.7983480515837197,False
transfer__b1_mtl_003_b1_naive_mtl_fixed_seed456,transfer,b1_mtl,456,val,lecun,False,tool,AP,Syringe,0.5938169648714754,False
transfer__b1_mtl_003_b1_naive_mtl_fixed_seed456,transfer,b1_mtl,456,val,lecun,False,tool,AP,Tweezers,0.7494165239613715,False
transfer__b1_mtl_004_b1_naive_mtl_uncertainty_seed42,transfer,b1_mtl,42,val,lecun,False,tool,AP,Bipolar Forceps,0.7713264841921482,False
transfer__b1_mtl_004_b1_naive_mtl_uncertainty_seed42,transfer,b1_mtl,42,val,lecun,False,tool,AP,Electric Cautery,0.9512230161690841,False
transfer__b1_mtl_004_b1_naive_mtl_uncertainty_seed42,transfer,b1_mtl,42,val,lecun,False,tool,AP,Forceps,0.31281140544473685,False
transfer__b1_mtl_004_b1_naive_mtl_uncertainty_seed42,transfer,b1_mtl,42,val,lecun,False,tool,AP,Gauze,0.2683330471461621,False
transfer__b1_mtl_004_b1_naive_mtl_uncertainty_seed42,transfer,b1_mtl,42,val,lecun,False,tool,AP,Hook,0.5409272069527464,False
transfer__b1_mtl_004_b1_naive_mtl_uncertainty_seed42,transfer,b1_mtl,42,val,lecun,False,tool,AP,Mouth Gag,0.7863439174892466,False
transfer__b1_mtl_004_b1_naive_mtl_uncertainty_seed42,transfer,b1_mtl,42,val,lecun,False,tool,AP,Needle Holders,0.8360505603196188,False
transfer__b1_mtl_004_b1_naive_mtl_uncertainty_seed42,transfer,b1_mtl,42,val,lecun,False,tool,AP,Raspatory,0.7472732165218804,False
transfer__b1_mtl_004_b1_naive_mtl_uncertainty_seed42,transfer,b1_mtl,42,val,lecun,False,tool,AP,Retractor,,True
transfer__b1_mtl_004_b1_naive_mtl_uncertainty_seed42,transfer,b1_mtl,42,val,lecun,False,tool,AP,Scalpel,0.9079327030816778,False
transfer__b1_mtl_004_b1_naive_mtl_uncertainty_seed42,transfer,b1_mtl,42,val,lecun,False,tool,AP,Scissors,0.7037781094470941,False
transfer__b1_mtl_004_b1_naive_mtl_uncertainty_seed42,transfer,b1_mtl,42,val,lecun,False,tool,AP,Skewer,0.9307466869682578,False
transfer__b1_mtl_004_b1_naive_mtl_uncertainty_seed42,transfer,b1_mtl,42,val,lecun,False,tool,AP,Suction Cannula,0.8103500228487881,False
transfer__b1_mtl_004_b1_naive_mtl_uncertainty_seed42,transfer,b1_mtl,42,val,lecun,False,tool,AP,Syringe,0.6022525086094382,False
transfer__b1_mtl_004_b1_naive_mtl_uncertainty_seed42,transfer,b1_mtl,42,val,lecun,False,tool,AP,Tweezers,0.7606836553353146,False
transfer__b1_mtl_005_b1_naive_mtl_uncertainty_seed123,transfer,b1_mtl,123,val,lecun,False,tool,AP,Bipolar Forceps,0.7675423398918606,False
transfer__b1_mtl_005_b1_naive_mtl_uncertainty_seed123,transfer,b1_mtl,123,val,lecun,False,tool,AP,Electric Cautery,0.9695634861901888,False
transfer__b1_mtl_005_b1_naive_mtl_uncertainty_seed123,transfer,b1_mtl,123,val,lecun,False,tool,AP,Forceps,0.3269011039346694,False
transfer__b1_mtl_005_b1_naive_mtl_uncertainty_seed123,transfer,b1_mtl,123,val,lecun,False,tool,AP,Gauze,0.26914513002012147,False
transfer__b1_mtl_005_b1_naive_mtl_uncertainty_seed123,transfer,b1_mtl,123,val,lecun,False,tool,AP,Hook,0.5025461974458004,False
transfer__b1_mtl_005_b1_naive_mtl_uncertainty_seed123,transfer,b1_mtl,123,val,lecun,False,tool,AP,Mouth Gag,0.8014632491901358,False
transfer__b1_mtl_005_b1_naive_mtl_uncertainty_seed123,transfer,b1_mtl,123,val,lecun,False,tool,AP,Needle Holders,0.8382881429061816,False
transfer__b1_mtl_005_b1_naive_mtl_uncertainty_seed123,transfer,b1_mtl,123,val,lecun,False,tool,AP,Raspatory,0.6682677560703765,False
transfer__b1_mtl_005_b1_naive_mtl_uncertainty_seed123,transfer,b1_mtl,123,val,lecun,False,tool,AP,Retractor,,True
transfer__b1_mtl_005_b1_naive_mtl_uncertainty_seed123,transfer,b1_mtl,123,val,lecun,False,tool,AP,Scalpel,0.8967672303790167,False
transfer__b1_mtl_005_b1_naive_mtl_uncertainty_seed123,transfer,b1_mtl,123,val,lecun,False,tool,AP,Scissors,0.7088895702643344,False
transfer__b1_mtl_005_b1_naive_mtl_uncertainty_seed123,transfer,b1_mtl,123,val,lecun,False,tool,AP,Skewer,0.9431931991858439,False
transfer__b1_mtl_005_b1_naive_mtl_uncertainty_seed123,transfer,b1_mtl,123,val,lecun,False,tool,AP,Suction Cannula,0.8222830232766604,False
transfer__b1_mtl_005_b1_naive_mtl_uncertainty_seed123,transfer,b1_mtl,123,val,lecun,False,tool,AP,Syringe,0.557307420941269,False
transfer__b1_mtl_005_b1_naive_mtl_uncertainty_seed123,transfer,b1_mtl,123,val,lecun,False,tool,AP,Tweezers,0.7584344137769031,False
transfer__b1_mtl_006_b1_naive_mtl_uncertainty_seed456,transfer,b1_mtl,456,val,lecun,False,tool,AP,Bipolar Forceps,0.8090466460978275,False
transfer__b1_mtl_006_b1_naive_mtl_uncertainty_seed456,transfer,b1_mtl,456,val,lecun,False,tool,AP,Electric Cautery,0.949708643490591,False
transfer__b1_mtl_006_b1_naive_mtl_uncertainty_seed456,transfer,b1_mtl,456,val,lecun,False,tool,AP,Forceps,0.29851739005569244,False
transfer__b1_mtl_006_b1_naive_mtl_uncertainty_seed456,transfer,b1_mtl,456,val,lecun,False,tool,AP,Gauze,0.31557777842092904,False
transfer__b1_mtl_006_b1_naive_mtl_uncertainty_seed456,transfer,b1_mtl,456,val,lecun,False,tool,AP,Hook,0.5400785899347442,False
transfer__b1_mtl_006_b1_naive_mtl_uncertainty_seed456,transfer,b1_mtl,456,val,lecun,False,tool,AP,Mouth Gag,0.8077336468962155,False
transfer__b1_mtl_006_b1_naive_mtl_uncertainty_seed456,transfer,b1_mtl,456,val,lecun,False,tool,AP,Needle Holders,0.8120527552945618,False
transfer__b1_mtl_006_b1_naive_mtl_uncertainty_seed456,transfer,b1_mtl,456,val,lecun,False,tool,AP,Raspatory,0.7852838490870168,False
transfer__b1_mtl_006_b1_naive_mtl_uncertainty_seed456,transfer,b1_mtl,456,val,lecun,False,tool,AP,Retractor,,True
transfer__b1_mtl_006_b1_naive_mtl_uncertainty_seed456,transfer,b1_mtl,456,val,lecun,False,tool,AP,Scalpel,0.8951556562424144,False
transfer__b1_mtl_006_b1_naive_mtl_uncertainty_seed456,transfer,b1_mtl,456,val,lecun,False,tool,AP,Scissors,0.6696578520054892,False
transfer__b1_mtl_006_b1_naive_mtl_uncertainty_seed456,transfer,b1_mtl,456,val,lecun,False,tool,AP,Skewer,0.9378515774574632,False
transfer__b1_mtl_006_b1_naive_mtl_uncertainty_seed456,transfer,b1_mtl,456,val,lecun,False,tool,AP,Suction Cannula,0.8138551831724284,False
transfer__b1_mtl_006_b1_naive_mtl_uncertainty_seed456,transfer,b1_mtl,456,val,lecun,False,tool,AP,Syringe,0.6118634774686528,False
transfer__b1_mtl_006_b1_naive_mtl_uncertainty_seed456,transfer,b1_mtl,456,val,lecun,False,tool,AP,Tweezers,0.7469500214848004,False
transfer__b2a_base_oracle_noise_p010_001_b2a_base_oracle_noise_p010_seed42,transfer,b2a_base_oracle_noise_p010,42,val,lecun,False,phase,F1,anesthesia,0.9405405405405405,False
transfer__b2a_base_oracle_noise_p010_001_b2a_base_oracle_noise_p010_seed42,transfer,b2a_base_oracle_noise_p010,42,val,lecun,False,phase,F1,closure,0.9519650655021833,False
transfer__b2a_base_oracle_noise_p010_001_b2a_base_oracle_noise_p010_seed42,transfer,b2a_base_oracle_noise_p010,42,val,lecun,False,phase,F1,design,1.0,False
transfer__b2a_base_oracle_noise_p010_001_b2a_base_oracle_noise_p010_seed42,transfer,b2a_base_oracle_noise_p010,42,val,lecun,False,phase,F1,disinfection,0.0,False
transfer__b2a_base_oracle_noise_p010_001_b2a_base_oracle_noise_p010_seed42,transfer,b2a_base_oracle_noise_p010,42,val,lecun,False,phase,F1,dissection,0.9505334626576138,False
transfer__b2a_base_oracle_noise_p010_001_b2a_base_oracle_noise_p010_seed42,transfer,b2a_base_oracle_noise_p010,42,val,lecun,False,phase,F1,dressing,0.0,False
transfer__b2a_base_oracle_noise_p010_001_b2a_base_oracle_noise_p010_seed42,transfer,b2a_base_oracle_noise_p010,42,val,lecun,False,phase,F1,hemostasis,0.6875,False
transfer__b2a_base_oracle_noise_p010_001_b2a_base_oracle_noise_p010_seed42,transfer,b2a_base_oracle_noise_p010,42,val,lecun,False,phase,F1,incision,0.8979591836734694,False
transfer__b2a_base_oracle_noise_p010_001_b2a_base_oracle_noise_p010_seed42,transfer,b2a_base_oracle_noise_p010,42,val,lecun,False,phase,F1,irrigation,0.0,False
transfer__b2a_base_oracle_noise_p010_002_b2a_base_oracle_noise_p010_seed123,transfer,b2a_base_oracle_noise_p010,123,val,lecun,False,phase,F1,anesthesia,0.9896907216494846,False
transfer__b2a_base_oracle_noise_p010_002_b2a_base_oracle_noise_p010_seed123,transfer,b2a_base_oracle_noise_p010,123,val,lecun,False,phase,F1,closure,0.9405594405594405,False
transfer__b2a_base_oracle_noise_p010_002_b2a_base_oracle_noise_p010_seed123,transfer,b2a_base_oracle_noise_p010,123,val,lecun,False,phase,F1,design,1.0,False
transfer__b2a_base_oracle_noise_p010_002_b2a_base_oracle_noise_p010_seed123,transfer,b2a_base_oracle_noise_p010,123,val,lecun,False,phase,F1,disinfection,0.0,False
transfer__b2a_base_oracle_noise_p010_002_b2a_base_oracle_noise_p010_seed123,transfer,b2a_base_oracle_noise_p010,123,val,lecun,False,phase,F1,dissection,0.93841642228739,False
transfer__b2a_base_oracle_noise_p010_002_b2a_base_oracle_noise_p010_seed123,transfer,b2a_base_oracle_noise_p010,123,val,lecun,False,phase,F1,dressing,0.0,False
transfer__b2a_base_oracle_noise_p010_002_b2a_base_oracle_noise_p010_seed123,transfer,b2a_base_oracle_noise_p010,123,val,lecun,False,phase,F1,hemostasis,0.6990291262135923,False
transfer__b2a_base_oracle_noise_p010_002_b2a_base_oracle_noise_p010_seed123,transfer,b2a_base_oracle_noise_p010,123,val,lecun,False,phase,F1,incision,0.9285714285714286,False
transfer__b2a_base_oracle_noise_p010_002_b2a_base_oracle_noise_p010_seed123,transfer,b2a_base_oracle_noise_p010,123,val,lecun,False,phase,F1,irrigation,0.0,False
transfer__b2a_base_oracle_noise_p010_003_b2a_base_oracle_noise_p010_seed456,transfer,b2a_base_oracle_noise_p010,456,val,lecun,False,phase,F1,anesthesia,0.9844559585492229,False
transfer__b2a_base_oracle_noise_p010_003_b2a_base_oracle_noise_p010_seed456,transfer,b2a_base_oracle_noise_p010,456,val,lecun,False,phase,F1,closure,0.9459227467811159,False
transfer__b2a_base_oracle_noise_p010_003_b2a_base_oracle_noise_p010_seed456,transfer,b2a_base_oracle_noise_p010,456,val,lecun,False,phase,F1,design,1.0,False
transfer__b2a_base_oracle_noise_p010_003_b2a_base_oracle_noise_p010_seed456,transfer,b2a_base_oracle_noise_p010,456,val,lecun,False,phase,F1,disinfection,0.0,False
transfer__b2a_base_oracle_noise_p010_003_b2a_base_oracle_noise_p010_seed456,transfer,b2a_base_oracle_noise_p010,456,val,lecun,False,phase,F1,dissection,0.9575518262586377,False
transfer__b2a_base_oracle_noise_p010_003_b2a_base_oracle_noise_p010_seed456,transfer,b2a_base_oracle_noise_p010,456,val,lecun,False,phase,F1,dressing,0.0,False
transfer__b2a_base_oracle_noise_p010_003_b2a_base_oracle_noise_p010_seed456,transfer,b2a_base_oracle_noise_p010,456,val,lecun,False,phase,F1,hemostasis,0.7422680412371133,False
transfer__b2a_base_oracle_noise_p010_003_b2a_base_oracle_noise_p010_seed456,transfer,b2a_base_oracle_noise_p010,456,val,lecun,False,phase,F1,incision,0.9216867469879517,False
transfer__b2a_base_oracle_noise_p010_003_b2a_base_oracle_noise_p010_seed456,transfer,b2a_base_oracle_noise_p010,456,val,lecun,False,phase,F1,irrigation,0.0,False
transfer__b2a_base_oracle_noise_p020_001_b2a_base_oracle_noise_p020_seed42,transfer,b2a_base_oracle_noise_p020,42,val,lecun,False,phase,F1,anesthesia,0.898876404494382,False
transfer__b2a_base_oracle_noise_p020_001_b2a_base_oracle_noise_p020_seed42,transfer,b2a_base_oracle_noise_p020,42,val,lecun,False,phase,F1,closure,0.9460869565217391,False
transfer__b2a_base_oracle_noise_p020_001_b2a_base_oracle_noise_p020_seed42,transfer,b2a_base_oracle_noise_p020,42,val,lecun,False,phase,F1,design,1.0,False
transfer__b2a_base_oracle_noise_p020_001_b2a_base_oracle_noise_p020_seed42,transfer,b2a_base_oracle_noise_p020,42,val,lecun,False,phase,F1,disinfection,0.0,False
transfer__b2a_base_oracle_noise_p020_001_b2a_base_oracle_noise_p020_seed42,transfer,b2a_base_oracle_noise_p020,42,val,lecun,False,phase,F1,dissection,0.9257473481195756,False
transfer__b2a_base_oracle_noise_p020_001_b2a_base_oracle_noise_p020_seed42,transfer,b2a_base_oracle_noise_p020,42,val,lecun,False,phase,F1,dressing,0.0,False
transfer__b2a_base_oracle_noise_p020_001_b2a_base_oracle_noise_p020_seed42,transfer,b2a_base_oracle_noise_p020,42,val,lecun,False,phase,F1,hemostasis,0.6,False
transfer__b2a_base_oracle_noise_p020_001_b2a_base_oracle_noise_p020_seed42,transfer,b2a_base_oracle_noise_p020,42,val,lecun,False,phase,F1,incision,0.8477611940298508,False
transfer__b2a_base_oracle_noise_p020_001_b2a_base_oracle_noise_p020_seed42,transfer,b2a_base_oracle_noise_p020,42,val,lecun,False,phase,F1,irrigation,0.0,False
transfer__b2a_base_oracle_noise_p020_002_b2a_base_oracle_noise_p020_seed123,transfer,b2a_base_oracle_noise_p020,123,val,lecun,False,phase,F1,anesthesia,0.9738219895287958,False
transfer__b2a_base_oracle_noise_p020_002_b2a_base_oracle_noise_p020_seed123,transfer,b2a_base_oracle_noise_p020,123,val,lecun,False,phase,F1,closure,0.9357326478149101,False
transfer__b2a_base_oracle_noise_p020_002_b2a_base_oracle_noise_p020_seed123,transfer,b2a_base_oracle_noise_p020,123,val,lecun,False,phase,F1,design,1.0,False
transfer__b2a_base_oracle_noise_p020_002_b2a_base_oracle_noise_p020_seed123,transfer,b2a_base_oracle_noise_p020,123,val,lecun,False,phase,F1,disinfection,0.0,False
transfer__b2a_base_oracle_noise_p020_002_b2a_base_oracle_noise_p020_seed123,transfer,b2a_base_oracle_noise_p020,123,val,lecun,False,phase,F1,dissection,0.9339805825242719,False
transfer__b2a_base_oracle_noise_p020_002_b2a_base_oracle_noise_p020_seed123,transfer,b2a_base_oracle_noise_p020,123,val,lecun,False,phase,F1,dressing,0.0,False
transfer__b2a_base_oracle_noise_p020_002_b2a_base_oracle_noise_p020_seed123,transfer,b2a_base_oracle_noise_p020,123,val,lecun,False,phase,F1,hemostasis,0.4556962025316456,False
transfer__b2a_base_oracle_noise_p020_002_b2a_base_oracle_noise_p020_seed123,transfer,b2a_base_oracle_noise_p020,123,val,lecun,False,phase,F1,incision,0.9069069069069069,False
transfer__b2a_base_oracle_noise_p020_002_b2a_base_oracle_noise_p020_seed123,transfer,b2a_base_oracle_noise_p020,123,val,lecun,False,phase,F1,irrigation,0.0,False
transfer__b2a_base_oracle_noise_p020_003_b2a_base_oracle_noise_p020_seed456,transfer,b2a_base_oracle_noise_p020,456,val,lecun,False,phase,F1,anesthesia,0.9180327868852458,False
transfer__b2a_base_oracle_noise_p020_003_b2a_base_oracle_noise_p020_seed456,transfer,b2a_base_oracle_noise_p020,456,val,lecun,False,phase,F1,closure,0.9380831212892281,False
transfer__b2a_base_oracle_noise_p020_003_b2a_base_oracle_noise_p020_seed456,transfer,b2a_base_oracle_noise_p020,456,val,lecun,False,phase,F1,design,0.9951219512195122,False
transfer__b2a_base_oracle_noise_p020_003_b2a_base_oracle_noise_p020_seed456,transfer,b2a_base_oracle_noise_p020,456,val,lecun,False,phase,F1,disinfection,0.0,False
transfer__b2a_base_oracle_noise_p020_003_b2a_base_oracle_noise_p020_seed456,transfer,b2a_base_oracle_noise_p020,456,val,lecun,False,phase,F1,dissection,0.9471624266144814,False
transfer__b2a_base_oracle_noise_p020_003_b2a_base_oracle_noise_p020_seed456,transfer,b2a_base_oracle_noise_p020,456,val,lecun,False,phase,F1,dressing,0.0,False
transfer__b2a_base_oracle_noise_p020_003_b2a_base_oracle_noise_p020_seed456,transfer,b2a_base_oracle_noise_p020,456,val,lecun,False,phase,F1,hemostasis,0.4266666666666667,False
transfer__b2a_base_oracle_noise_p020_003_b2a_base_oracle_noise_p020_seed456,transfer,b2a_base_oracle_noise_p020,456,val,lecun,False,phase,F1,incision,0.888888888888889,False
transfer__b2a_base_oracle_noise_p020_003_b2a_base_oracle_noise_p020_seed456,transfer,b2a_base_oracle_noise_p020,456,val,lecun,False,phase,F1,irrigation,0.0,False
transfer__b2a_base_oracle_noise_p030_001_b2a_base_oracle_noise_p030_seed42,transfer,b2a_base_oracle_noise_p030,42,val,lecun,False,phase,F1,anesthesia,0.923076923076923,False
transfer__b2a_base_oracle_noise_p030_001_b2a_base_oracle_noise_p030_seed42,transfer,b2a_base_oracle_noise_p030,42,val,lecun,False,phase,F1,closure,0.9371231696813092,False
transfer__b2a_base_oracle_noise_p030_001_b2a_base_oracle_noise_p030_seed42,transfer,b2a_base_oracle_noise_p030,42,val,lecun,False,phase,F1,design,1.0,False
transfer__b2a_base_oracle_noise_p030_001_b2a_base_oracle_noise_p030_seed42,transfer,b2a_base_oracle_noise_p030,42,val,lecun,False,phase,F1,disinfection,0.0,False
transfer__b2a_base_oracle_noise_p030_001_b2a_base_oracle_noise_p030_seed42,transfer,b2a_base_oracle_noise_p030,42,val,lecun,False,phase,F1,dissection,0.9212827988338194,False
transfer__b2a_base_oracle_noise_p030_001_b2a_base_oracle_noise_p030_seed42,transfer,b2a_base_oracle_noise_p030,42,val,lecun,False,phase,F1,dressing,0.0,False
transfer__b2a_base_oracle_noise_p030_001_b2a_base_oracle_noise_p030_seed42,transfer,b2a_base_oracle_noise_p030,42,val,lecun,False,phase,F1,hemostasis,0.5510204081632653,False
transfer__b2a_base_oracle_noise_p030_001_b2a_base_oracle_noise_p030_seed42,transfer,b2a_base_oracle_noise_p030,42,val,lecun,False,phase,F1,incision,0.8787878787878787,False
transfer__b2a_base_oracle_noise_p030_001_b2a_base_oracle_noise_p030_seed42,transfer,b2a_base_oracle_noise_p030,42,val,lecun,False,phase,F1,irrigation,0.0,False
transfer__b2a_base_oracle_noise_p030_002_b2a_base_oracle_noise_p030_seed123,transfer,b2a_base_oracle_noise_p030,123,val,lecun,False,phase,F1,anesthesia,0.9518716577540107,False
transfer__b2a_base_oracle_noise_p030_002_b2a_base_oracle_noise_p030_seed123,transfer,b2a_base_oracle_noise_p030,123,val,lecun,False,phase,F1,closure,0.9325259515570934,False
transfer__b2a_base_oracle_noise_p030_002_b2a_base_oracle_noise_p030_seed123,transfer,b2a_base_oracle_noise_p030,123,val,lecun,False,phase,F1,design,1.0,False
transfer__b2a_base_oracle_noise_p030_002_b2a_base_oracle_noise_p030_seed123,transfer,b2a_base_oracle_noise_p030,123,val,lecun,False,phase,F1,disinfection,0.0,False
transfer__b2a_base_oracle_noise_p030_002_b2a_base_oracle_noise_p030_seed123,transfer,b2a_base_oracle_noise_p030,123,val,lecun,False,phase,F1,dissection,0.925287356321839,False
transfer__b2a_base_oracle_noise_p030_002_b2a_base_oracle_noise_p030_seed123,transfer,b2a_base_oracle_noise_p030,123,val,lecun,False,phase,F1,dressing,0.0,False
transfer__b2a_base_oracle_noise_p030_002_b2a_base_oracle_noise_p030_seed123,transfer,b2a_base_oracle_noise_p030,123,val,lecun,False,phase,F1,hemostasis,0.4556962025316456,False
transfer__b2a_base_oracle_noise_p030_002_b2a_base_oracle_noise_p030_seed123,transfer,b2a_base_oracle_noise_p030,123,val,lecun,False,phase,F1,incision,0.8802395209580838,False
transfer__b2a_base_oracle_noise_p030_002_b2a_base_oracle_noise_p030_seed123,transfer,b2a_base_oracle_noise_p030,123,val,lecun,False,phase,F1,irrigation,0.0,False
transfer__b2a_base_oracle_noise_p030_003_b2a_base_oracle_noise_p030_seed456,transfer,b2a_base_oracle_noise_p030,456,val,lecun,False,phase,F1,anesthesia,0.9462365591397849,False
transfer__b2a_base_oracle_noise_p030_003_b2a_base_oracle_noise_p030_seed456,transfer,b2a_base_oracle_noise_p030,456,val,lecun,False,phase,F1,closure,0.9343563512361467,False
transfer__b2a_base_oracle_noise_p030_003_b2a_base_oracle_noise_p030_seed456,transfer,b2a_base_oracle_noise_p030,456,val,lecun,False,phase,F1,design,1.0,False
transfer__b2a_base_oracle_noise_p030_003_b2a_base_oracle_noise_p030_seed456,transfer,b2a_base_oracle_noise_p030,456,val,lecun,False,phase,F1,disinfection,0.0,False
transfer__b2a_base_oracle_noise_p030_003_b2a_base_oracle_noise_p030_seed456,transfer,b2a_base_oracle_noise_p030,456,val,lecun,False,phase,F1,dissection,0.9241114313160422,False
transfer__b2a_base_oracle_noise_p030_003_b2a_base_oracle_noise_p030_seed456,transfer,b2a_base_oracle_noise_p030,456,val,lecun,False,phase,F1,dressing,0.0,False
transfer__b2a_base_oracle_noise_p030_003_b2a_base_oracle_noise_p030_seed456,transfer,b2a_base_oracle_noise_p030,456,val,lecun,False,phase,F1,hemostasis,0.430379746835443,False
transfer__b2a_base_oracle_noise_p030_003_b2a_base_oracle_noise_p030_seed456,transfer,b2a_base_oracle_noise_p030,456,val,lecun,False,phase,F1,incision,0.8660436137071651,False
transfer__b2a_base_oracle_noise_p030_003_b2a_base_oracle_noise_p030_seed456,transfer,b2a_base_oracle_noise_p030,456,val,lecun,False,phase,F1,irrigation,0.0,False
transfer__b2a_base_oracle_top3noise_p010_001_b2a_base_oracle_top3noise_p010_seed42,transfer,b2a_base_oracle_top3noise_p010,42,val,lecun,False,phase,F1,anesthesia,0.9896907216494846,False
transfer__b2a_base_oracle_top3noise_p010_001_b2a_base_oracle_top3noise_p010_seed42,transfer,b2a_base_oracle_top3noise_p010,42,val,lecun,False,phase,F1,closure,0.9527972027972029,False
transfer__b2a_base_oracle_top3noise_p010_001_b2a_base_oracle_top3noise_p010_seed42,transfer,b2a_base_oracle_top3noise_p010,42,val,lecun,False,phase,F1,design,1.0,False
transfer__b2a_base_oracle_top3noise_p010_001_b2a_base_oracle_top3noise_p010_seed42,transfer,b2a_base_oracle_top3noise_p010,42,val,lecun,False,phase,F1,disinfection,0.0,False
transfer__b2a_base_oracle_top3noise_p010_001_b2a_base_oracle_top3noise_p010_seed42,transfer,b2a_base_oracle_top3noise_p010,42,val,lecun,False,phase,F1,dissection,0.9492537313432836,False
transfer__b2a_base_oracle_top3noise_p010_001_b2a_base_oracle_top3noise_p010_seed42,transfer,b2a_base_oracle_top3noise_p010,42,val,lecun,False,phase,F1,dressing,0.0,False
transfer__b2a_base_oracle_top3noise_p010_001_b2a_base_oracle_top3noise_p010_seed42,transfer,b2a_base_oracle_top3noise_p010,42,val,lecun,False,phase,F1,hemostasis,0.72,False
transfer__b2a_base_oracle_top3noise_p010_001_b2a_base_oracle_top3noise_p010_seed42,transfer,b2a_base_oracle_top3noise_p010,42,val,lecun,False,phase,F1,incision,0.9337349397590361,False
transfer__b2a_base_oracle_top3noise_p010_001_b2a_base_oracle_top3noise_p010_seed42,transfer,b2a_base_oracle_top3noise_p010,42,val,lecun,False,phase,F1,irrigation,0.0,False
transfer__b2a_base_oracle_top3noise_p010_002_b2a_base_oracle_top3noise_p010_seed123,transfer,b2a_base_oracle_top3noise_p010,123,val,lecun,False,phase,F1,anesthesia,0.9948717948717948,False
transfer__b2a_base_oracle_top3noise_p010_002_b2a_base_oracle_top3noise_p010_seed123,transfer,b2a_base_oracle_top3noise_p010,123,val,lecun,False,phase,F1,closure,0.9518810148731409,False
transfer__b2a_base_oracle_top3noise_p010_002_b2a_base_oracle_top3noise_p010_seed123,transfer,b2a_base_oracle_top3noise_p010,123,val,lecun,False,phase,F1,design,1.0,False
transfer__b2a_base_oracle_top3noise_p010_002_b2a_base_oracle_top3noise_p010_seed123,transfer,b2a_base_oracle_top3noise_p010,123,val,lecun,False,phase,F1,disinfection,0.0,False
transfer__b2a_base_oracle_top3noise_p010_002_b2a_base_oracle_top3noise_p010_seed123,transfer,b2a_base_oracle_top3noise_p010,123,val,lecun,False,phase,F1,dissection,0.9571984435797666,False
transfer__b2a_base_oracle_top3noise_p010_002_b2a_base_oracle_top3noise_p010_seed123,transfer,b2a_base_oracle_top3noise_p010,123,val,lecun,False,phase,F1,dressing,0.0,False
transfer__b2a_base_oracle_top3noise_p010_002_b2a_base_oracle_top3noise_p010_seed123,transfer,b2a_base_oracle_top3noise_p010,123,val,lecun,False,phase,F1,hemostasis,0.7572815533980581,False
transfer__b2a_base_oracle_top3noise_p010_002_b2a_base_oracle_top3noise_p010_seed123,transfer,b2a_base_oracle_top3noise_p010,123,val,lecun,False,phase,F1,incision,0.9244712990936556,False
transfer__b2a_base_oracle_top3noise_p010_002_b2a_base_oracle_top3noise_p010_seed123,transfer,b2a_base_oracle_top3noise_p010,123,val,lecun,False,phase,F1,irrigation,0.0,False
transfer__b2a_base_oracle_top3noise_p010_003_b2a_base_oracle_top3noise_p010_seed456,transfer,b2a_base_oracle_top3noise_p010,456,val,lecun,False,phase,F1,anesthesia,0.9948717948717948,False
transfer__b2a_base_oracle_top3noise_p010_003_b2a_base_oracle_top3noise_p010_seed456,transfer,b2a_base_oracle_top3noise_p010,456,val,lecun,False,phase,F1,closure,0.9490060501296456,False
transfer__b2a_base_oracle_top3noise_p010_003_b2a_base_oracle_top3noise_p010_seed456,transfer,b2a_base_oracle_top3noise_p010,456,val,lecun,False,phase,F1,design,1.0,False
transfer__b2a_base_oracle_top3noise_p010_003_b2a_base_oracle_top3noise_p010_seed456,transfer,b2a_base_oracle_top3noise_p010,456,val,lecun,False,phase,F1,disinfection,0.0,False
transfer__b2a_base_oracle_top3noise_p010_003_b2a_base_oracle_top3noise_p010_seed456,transfer,b2a_base_oracle_top3noise_p010,456,val,lecun,False,phase,F1,dissection,0.9617271835132484,False
transfer__b2a_base_oracle_top3noise_p010_003_b2a_base_oracle_top3noise_p010_seed456,transfer,b2a_base_oracle_top3noise_p010,456,val,lecun,False,phase,F1,dressing,0.0,False
transfer__b2a_base_oracle_top3noise_p010_003_b2a_base_oracle_top3noise_p010_seed456,transfer,b2a_base_oracle_top3noise_p010,456,val,lecun,False,phase,F1,hemostasis,0.74,False
transfer__b2a_base_oracle_top3noise_p010_003_b2a_base_oracle_top3noise_p010_seed456,transfer,b2a_base_oracle_top3noise_p010,456,val,lecun,False,phase,F1,incision,0.9361702127659574,False
transfer__b2a_base_oracle_top3noise_p010_003_b2a_base_oracle_top3noise_p010_seed456,transfer,b2a_base_oracle_top3noise_p010,456,val,lecun,False,phase,F1,irrigation,0.0,False
transfer__b2a_base_oracle_top3noise_p020_001_b2a_base_oracle_top3noise_p020_seed42,transfer,b2a_base_oracle_top3noise_p020,42,val,lecun,False,phase,F1,anesthesia,0.9948717948717948,False
transfer__b2a_base_oracle_top3noise_p020_001_b2a_base_oracle_top3noise_p020_seed42,transfer,b2a_base_oracle_top3noise_p020,42,val,lecun,False,phase,F1,closure,0.9472774416594641,False
transfer__b2a_base_oracle_top3noise_p020_001_b2a_base_oracle_top3noise_p020_seed42,transfer,b2a_base_oracle_top3noise_p020,42,val,lecun,False,phase,F1,design,1.0,False
transfer__b2a_base_oracle_top3noise_p020_001_b2a_base_oracle_top3noise_p020_seed42,transfer,b2a_base_oracle_top3noise_p020,42,val,lecun,False,phase,F1,disinfection,0.0,False
transfer__b2a_base_oracle_top3noise_p020_001_b2a_base_oracle_top3noise_p020_seed42,transfer,b2a_base_oracle_top3noise_p020,42,val,lecun,False,phase,F1,dissection,0.9470588235294117,False
transfer__b2a_base_oracle_top3noise_p020_001_b2a_base_oracle_top3noise_p020_seed42,transfer,b2a_base_oracle_top3noise_p020,42,val,lecun,False,phase,F1,dressing,0.0,False
transfer__b2a_base_oracle_top3noise_p020_001_b2a_base_oracle_top3noise_p020_seed42,transfer,b2a_base_oracle_top3noise_p020,42,val,lecun,False,phase,F1,hemostasis,0.7238095238095237,False
transfer__b2a_base_oracle_top3noise_p020_001_b2a_base_oracle_top3noise_p020_seed42,transfer,b2a_base_oracle_top3noise_p020,42,val,lecun,False,phase,F1,incision,0.8854489164086689,False
transfer__b2a_base_oracle_top3noise_p020_001_b2a_base_oracle_top3noise_p020_seed42,transfer,b2a_base_oracle_top3noise_p020,42,val,lecun,False,phase,F1,irrigation,0.0,False
transfer__b2a_base_oracle_top3noise_p020_002_b2a_base_oracle_top3noise_p020_seed123,transfer,b2a_base_oracle_top3noise_p020,123,val,lecun,False,phase,F1,anesthesia,0.9948717948717948,False
transfer__b2a_base_oracle_top3noise_p020_002_b2a_base_oracle_top3noise_p020_seed123,transfer,b2a_base_oracle_top3noise_p020,123,val,lecun,False,phase,F1,closure,0.9527145359019265,False
transfer__b2a_base_oracle_top3noise_p020_002_b2a_base_oracle_top3noise_p020_seed123,transfer,b2a_base_oracle_top3noise_p020,123,val,lecun,False,phase,F1,design,1.0,False
transfer__b2a_base_oracle_top3noise_p020_002_b2a_base_oracle_top3noise_p020_seed123,transfer,b2a_base_oracle_top3noise_p020,123,val,lecun,False,phase,F1,disinfection,0.0,False
transfer__b2a_base_oracle_top3noise_p020_002_b2a_base_oracle_top3noise_p020_seed123,transfer,b2a_base_oracle_top3noise_p020,123,val,lecun,False,phase,F1,dissection,0.9436485195797516,False
transfer__b2a_base_oracle_top3noise_p020_002_b2a_base_oracle_top3noise_p020_seed123,transfer,b2a_base_oracle_top3noise_p020,123,val,lecun,False,phase,F1,dressing,0.0,False
transfer__b2a_base_oracle_top3noise_p020_002_b2a_base_oracle_top3noise_p020_seed123,transfer,b2a_base_oracle_top3noise_p020,123,val,lecun,False,phase,F1,hemostasis,0.6593406593406594,False
transfer__b2a_base_oracle_top3noise_p020_002_b2a_base_oracle_top3noise_p020_seed123,transfer,b2a_base_oracle_top3noise_p020,123,val,lecun,False,phase,F1,incision,0.8800000000000001,False
transfer__b2a_base_oracle_top3noise_p020_002_b2a_base_oracle_top3noise_p020_seed123,transfer,b2a_base_oracle_top3noise_p020,123,val,lecun,False,phase,F1,irrigation,0.0,False
transfer__b2a_base_oracle_top3noise_p020_003_b2a_base_oracle_top3noise_p020_seed456,transfer,b2a_base_oracle_top3noise_p020,456,val,lecun,False,phase,F1,anesthesia,0.9844559585492229,False
transfer__b2a_base_oracle_top3noise_p020_003_b2a_base_oracle_top3noise_p020_seed456,transfer,b2a_base_oracle_top3noise_p020,456,val,lecun,False,phase,F1,closure,0.9476439790575916,False
transfer__b2a_base_oracle_top3noise_p020_003_b2a_base_oracle_top3noise_p020_seed456,transfer,b2a_base_oracle_top3noise_p020,456,val,lecun,False,phase,F1,design,1.0,False
transfer__b2a_base_oracle_top3noise_p020_003_b2a_base_oracle_top3noise_p020_seed456,transfer,b2a_base_oracle_top3noise_p020,456,val,lecun,False,phase,F1,disinfection,0.0,False
transfer__b2a_base_oracle_top3noise_p020_003_b2a_base_oracle_top3noise_p020_seed456,transfer,b2a_base_oracle_top3noise_p020,456,val,lecun,False,phase,F1,dissection,0.956268221574344,False
transfer__b2a_base_oracle_top3noise_p020_003_b2a_base_oracle_top3noise_p020_seed456,transfer,b2a_base_oracle_top3noise_p020,456,val,lecun,False,phase,F1,dressing,0.0,False
transfer__b2a_base_oracle_top3noise_p020_003_b2a_base_oracle_top3noise_p020_seed456,transfer,b2a_base_oracle_top3noise_p020,456,val,lecun,False,phase,F1,hemostasis,0.6526315789473685,False
transfer__b2a_base_oracle_top3noise_p020_003_b2a_base_oracle_top3noise_p020_seed456,transfer,b2a_base_oracle_top3noise_p020,456,val,lecun,False,phase,F1,incision,0.9166666666666667,False
transfer__b2a_base_oracle_top3noise_p020_003_b2a_base_oracle_top3noise_p020_seed456,transfer,b2a_base_oracle_top3noise_p020,456,val,lecun,False,phase,F1,irrigation,0.0,False
transfer__b2a_base_oracle_top3noise_p030_001_b2a_base_oracle_top3noise_p030_seed42,transfer,b2a_base_oracle_top3noise_p030,42,val,lecun,False,phase,F1,anesthesia,0.9896907216494846,False
transfer__b2a_base_oracle_top3noise_p030_001_b2a_base_oracle_top3noise_p030_seed42,transfer,b2a_base_oracle_top3noise_p030,42,val,lecun,False,phase,F1,closure,0.9503916449086162,False
transfer__b2a_base_oracle_top3noise_p030_001_b2a_base_oracle_top3noise_p030_seed42,transfer,b2a_base_oracle_top3noise_p030,42,val,lecun,False,phase,F1,design,1.0,False
transfer__b2a_base_oracle_top3noise_p030_001_b2a_base_oracle_top3noise_p030_seed42,transfer,b2a_base_oracle_top3noise_p030,42,val,lecun,False,phase,F1,disinfection,0.0,False
transfer__b2a_base_oracle_top3noise_p030_001_b2a_base_oracle_top3noise_p030_seed42,transfer,b2a_base_oracle_top3noise_p030,42,val,lecun,False,phase,F1,dissection,0.9364161849710982,False
transfer__b2a_base_oracle_top3noise_p030_001_b2a_base_oracle_top3noise_p030_seed42,transfer,b2a_base_oracle_top3noise_p030,42,val,lecun,False,phase,F1,dressing,0.0,False
transfer__b2a_base_oracle_top3noise_p030_001_b2a_base_oracle_top3noise_p030_seed42,transfer,b2a_base_oracle_top3noise_p030,42,val,lecun,False,phase,F1,hemostasis,0.6666666666666666,False
transfer__b2a_base_oracle_top3noise_p030_001_b2a_base_oracle_top3noise_p030_seed42,transfer,b2a_base_oracle_top3noise_p030,42,val,lecun,False,phase,F1,incision,0.8517350157728707,False
transfer__b2a_base_oracle_top3noise_p030_001_b2a_base_oracle_top3noise_p030_seed42,transfer,b2a_base_oracle_top3noise_p030,42,val,lecun,False,phase,F1,irrigation,0.0,False
transfer__b2a_base_oracle_top3noise_p030_002_b2a_base_oracle_top3noise_p030_seed123,transfer,b2a_base_oracle_top3noise_p030,123,val,lecun,False,phase,F1,anesthesia,0.9948717948717948,False
transfer__b2a_base_oracle_top3noise_p030_002_b2a_base_oracle_top3noise_p030_seed123,transfer,b2a_base_oracle_top3noise_p030,123,val,lecun,False,phase,F1,closure,0.947460595446585,False
transfer__b2a_base_oracle_top3noise_p030_002_b2a_base_oracle_top3noise_p030_seed123,transfer,b2a_base_oracle_top3noise_p030,123,val,lecun,False,phase,F1,design,1.0,False
transfer__b2a_base_oracle_top3noise_p030_002_b2a_base_oracle_top3noise_p030_seed123,transfer,b2a_base_oracle_top3noise_p030,123,val,lecun,False,phase,F1,disinfection,0.0,False
transfer__b2a_base_oracle_top3noise_p030_002_b2a_base_oracle_top3noise_p030_seed123,transfer,b2a_base_oracle_top3noise_p030,123,val,lecun,False,phase,F1,dissection,0.9366130558183539,False
transfer__b2a_base_oracle_top3noise_p030_002_b2a_base_oracle_top3noise_p030_seed123,transfer,b2a_base_oracle_top3noise_p030,123,val,lecun,False,phase,F1,dressing,0.0,False
transfer__b2a_base_oracle_top3noise_p030_002_b2a_base_oracle_top3noise_p030_seed123,transfer,b2a_base_oracle_top3noise_p030,123,val,lecun,False,phase,F1,hemostasis,0.611764705882353,False
transfer__b2a_base_oracle_top3noise_p030_002_b2a_base_oracle_top3noise_p030_seed123,transfer,b2a_base_oracle_top3noise_p030,123,val,lecun,False,phase,F1,incision,0.8785046728971962,False
transfer__b2a_base_oracle_top3noise_p030_002_b2a_base_oracle_top3noise_p030_seed123,transfer,b2a_base_oracle_top3noise_p030,123,val,lecun,False,phase,F1,irrigation,0.0,False
transfer__b2a_base_oracle_top3noise_p030_003_b2a_base_oracle_top3noise_p030_seed456,transfer,b2a_base_oracle_top3noise_p030,456,val,lecun,False,phase,F1,anesthesia,0.9896907216494846,False
transfer__b2a_base_oracle_top3noise_p030_003_b2a_base_oracle_top3noise_p030_seed456,transfer,b2a_base_oracle_top3noise_p030,456,val,lecun,False,phase,F1,closure,0.9436253252385083,False
transfer__b2a_base_oracle_top3noise_p030_003_b2a_base_oracle_top3noise_p030_seed456,transfer,b2a_base_oracle_top3noise_p030,456,val,lecun,False,phase,F1,design,1.0,False
transfer__b2a_base_oracle_top3noise_p030_003_b2a_base_oracle_top3noise_p030_seed456,transfer,b2a_base_oracle_top3noise_p030,456,val,lecun,False,phase,F1,disinfection,0.0,False
transfer__b2a_base_oracle_top3noise_p030_003_b2a_base_oracle_top3noise_p030_seed456,transfer,b2a_base_oracle_top3noise_p030,456,val,lecun,False,phase,F1,dissection,0.9486931268151015,False
transfer__b2a_base_oracle_top3noise_p030_003_b2a_base_oracle_top3noise_p030_seed456,transfer,b2a_base_oracle_top3noise_p030,456,val,lecun,False,phase,F1,dressing,0.0,False
transfer__b2a_base_oracle_top3noise_p030_003_b2a_base_oracle_top3noise_p030_seed456,transfer,b2a_base_oracle_top3noise_p030,456,val,lecun,False,phase,F1,hemostasis,0.6067415730337079,False
transfer__b2a_base_oracle_top3noise_p030_003_b2a_base_oracle_top3noise_p030_seed456,transfer,b2a_base_oracle_top3noise_p030,456,val,lecun,False,phase,F1,incision,0.9123867069486403,False
transfer__b2a_base_oracle_top3noise_p030_003_b2a_base_oracle_top3noise_p030_seed456,transfer,b2a_base_oracle_top3noise_p030,456,val,lecun,False,phase,F1,irrigation,0.0,False
transfer__b2a_det2phase_001_b2a_det2phase_toolpresence_seed42,transfer,b2a_det2phase,42,val,lecun,False,phase,F1,anesthesia,0.9948717948717948,False
transfer__b2a_det2phase_001_b2a_det2phase_toolpresence_seed42,transfer,b2a_det2phase,42,val,lecun,False,phase,F1,closure,0.9462738301559792,False
transfer__b2a_det2phase_001_b2a_det2phase_toolpresence_seed42,transfer,b2a_det2phase,42,val,lecun,False,phase,F1,design,1.0,False
transfer__b2a_det2phase_001_b2a_det2phase_toolpresence_seed42,transfer,b2a_det2phase,42,val,lecun,False,phase,F1,disinfection,0.0,False
transfer__b2a_det2phase_001_b2a_det2phase_toolpresence_seed42,transfer,b2a_det2phase,42,val,lecun,False,phase,F1,dissection,0.9465500485908649,False
transfer__b2a_det2phase_001_b2a_det2phase_toolpresence_seed42,transfer,b2a_det2phase,42,val,lecun,False,phase,F1,dressing,0.0,False
transfer__b2a_det2phase_001_b2a_det2phase_toolpresence_seed42,transfer,b2a_det2phase,42,val,lecun,False,phase,F1,hemostasis,0.7291666666666667,False
transfer__b2a_det2phase_001_b2a_det2phase_toolpresence_seed42,transfer,b2a_det2phase,42,val,lecun,False,phase,F1,incision,0.9325153374233129,False
transfer__b2a_det2phase_001_b2a_det2phase_toolpresence_seed42,transfer,b2a_det2phase,42,val,lecun,False,phase,F1,irrigation,0.0,False
transfer__b2a_det2phase_002_b2a_det2phase_toolpresence_seed123,transfer,b2a_det2phase,123,val,lecun,False,phase,F1,anesthesia,0.9948717948717948,False
transfer__b2a_det2phase_002_b2a_det2phase_toolpresence_seed123,transfer,b2a_det2phase,123,val,lecun,False,phase,F1,closure,0.9455488331892826,False
transfer__b2a_det2phase_002_b2a_det2phase_toolpresence_seed123,transfer,b2a_det2phase,123,val,lecun,False,phase,F1,design,0.9951219512195122,False
transfer__b2a_det2phase_002_b2a_det2phase_toolpresence_seed123,transfer,b2a_det2phase,123,val,lecun,False,phase,F1,disinfection,0.0,False
transfer__b2a_det2phase_002_b2a_det2phase_toolpresence_seed123,transfer,b2a_det2phase,123,val,lecun,False,phase,F1,dissection,0.9478859390363814,False
transfer__b2a_det2phase_002_b2a_det2phase_toolpresence_seed123,transfer,b2a_det2phase,123,val,lecun,False,phase,F1,dressing,0.0,False
transfer__b2a_det2phase_002_b2a_det2phase_toolpresence_seed123,transfer,b2a_det2phase,123,val,lecun,False,phase,F1,hemostasis,0.712871287128713,False
transfer__b2a_det2phase_002_b2a_det2phase_toolpresence_seed123,transfer,b2a_det2phase,123,val,lecun,False,phase,F1,incision,0.9244712990936556,False
transfer__b2a_det2phase_002_b2a_det2phase_toolpresence_seed123,transfer,b2a_det2phase,123,val,lecun,False,phase,F1,irrigation,0.0,False
transfer__b2a_det2phase_003_b2a_det2phase_toolpresence_seed456,transfer,b2a_det2phase,456,val,lecun,False,phase,F1,anesthesia,1.0,False
transfer__b2a_det2phase_003_b2a_det2phase_toolpresence_seed456,transfer,b2a_det2phase,456,val,lecun,False,phase,F1,closure,0.9427839453458583,False
transfer__b2a_det2phase_003_b2a_det2phase_toolpresence_seed456,transfer,b2a_det2phase,456,val,lecun,False,phase,F1,design,1.0,False
transfer__b2a_det2phase_003_b2a_det2phase_toolpresence_seed456,transfer,b2a_det2phase,456,val,lecun,False,phase,F1,disinfection,0.0,False
transfer__b2a_det2phase_003_b2a_det2phase_toolpresence_seed456,transfer,b2a_det2phase,456,val,lecun,False,phase,F1,dissection,0.9519136408243376,False
transfer__b2a_det2phase_003_b2a_det2phase_toolpresence_seed456,transfer,b2a_det2phase,456,val,lecun,False,phase,F1,dressing,0.0,False
transfer__b2a_det2phase_003_b2a_det2phase_toolpresence_seed456,transfer,b2a_det2phase,456,val,lecun,False,phase,F1,hemostasis,0.6966292134831461,False
transfer__b2a_det2phase_003_b2a_det2phase_toolpresence_seed456,transfer,b2a_det2phase,456,val,lecun,False,phase,F1,incision,0.9353846153846154,False
transfer__b2a_det2phase_003_b2a_det2phase_toolpresence_seed456,transfer,b2a_det2phase,456,val,lecun,False,phase,F1,irrigation,0.0,False
transfer__b2a_det2phase_oracletool_001_b2a_det2phase_oracletool_seed789,transfer,b2a_det2phase_oracletool,789,val,lecun,False,phase,F1,anesthesia,1.0,False
transfer__b2a_det2phase_oracletool_001_b2a_det2phase_oracletool_seed789,transfer,b2a_det2phase_oracletool,789,val,lecun,False,phase,F1,closure,0.9590235396687008,False
transfer__b2a_det2phase_oracletool_001_b2a_det2phase_oracletool_seed789,transfer,b2a_det2phase_oracletool,789,val,lecun,False,phase,F1,design,1.0,False
transfer__b2a_det2phase_oracletool_001_b2a_det2phase_oracletool_seed789,transfer,b2a_det2phase_oracletool,789,val,lecun,False,phase,F1,disinfection,0.0,False
transfer__b2a_det2phase_oracletool_001_b2a_det2phase_oracletool_seed789,transfer,b2a_det2phase_oracletool,789,val,lecun,False,phase,F1,dissection,0.9793510324483775,False
transfer__b2a_det2phase_oracletool_001_b2a_det2phase_oracletool_seed789,transfer,b2a_det2phase_oracletool,789,val,lecun,False,phase,F1,dressing,0.0,False
transfer__b2a_det2phase_oracletool_001_b2a_det2phase_oracletool_seed789,transfer,b2a_det2phase_oracletool,789,val,lecun,False,phase,F1,hemostasis,0.9174311926605504,False
transfer__b2a_det2phase_oracletool_001_b2a_det2phase_oracletool_seed789,transfer,b2a_det2phase_oracletool,789,val,lecun,False,phase,F1,incision,0.9546827794561933,False
transfer__b2a_det2phase_oracletool_001_b2a_det2phase_oracletool_seed789,transfer,b2a_det2phase_oracletool,789,val,lecun,False,phase,F1,irrigation,0.0,False
transfer__b2a_det2phase_oracletool_002_b2a_det2phase_oracletool_seed1000,transfer,b2a_det2phase_oracletool,1000,val,lecun,False,phase,F1,anesthesia,0.9948717948717948,False
transfer__b2a_det2phase_oracletool_002_b2a_det2phase_oracletool_seed1000,transfer,b2a_det2phase_oracletool,1000,val,lecun,False,phase,F1,closure,0.9604916593503073,False
transfer__b2a_det2phase_oracletool_002_b2a_det2phase_oracletool_seed1000,transfer,b2a_det2phase_oracletool,1000,val,lecun,False,phase,F1,design,1.0,False
transfer__b2a_det2phase_oracletool_002_b2a_det2phase_oracletool_seed1000,transfer,b2a_det2phase_oracletool,1000,val,lecun,False,phase,F1,disinfection,0.0,False
transfer__b2a_det2phase_oracletool_002_b2a_det2phase_oracletool_seed1000,transfer,b2a_det2phase_oracletool,1000,val,lecun,False,phase,F1,dissection,0.974308300395257,False
transfer__b2a_det2phase_oracletool_002_b2a_det2phase_oracletool_seed1000,transfer,b2a_det2phase_oracletool,1000,val,lecun,False,phase,F1,dressing,0.0,False
transfer__b2a_det2phase_oracletool_002_b2a_det2phase_oracletool_seed1000,transfer,b2a_det2phase_oracletool,1000,val,lecun,False,phase,F1,hemostasis,0.8888888888888888,False
transfer__b2a_det2phase_oracletool_002_b2a_det2phase_oracletool_seed1000,transfer,b2a_det2phase_oracletool,1000,val,lecun,False,phase,F1,incision,0.9614243323442137,False
transfer__b2a_det2phase_oracletool_002_b2a_det2phase_oracletool_seed1000,transfer,b2a_det2phase_oracletool,1000,val,lecun,False,phase,F1,irrigation,0.0,False
transfer__b2a_det2phase_oracletool_003_b2a_det2phase_oracletool_seed123,transfer,b2a_det2phase_oracletool,123,val,lecun,False,phase,F1,anesthesia,0.9948717948717948,False
transfer__b2a_det2phase_oracletool_003_b2a_det2phase_oracletool_seed123,transfer,b2a_det2phase_oracletool,123,val,lecun,False,phase,F1,closure,0.9614711033274957,False
transfer__b2a_det2phase_oracletool_003_b2a_det2phase_oracletool_seed123,transfer,b2a_det2phase_oracletool,123,val,lecun,False,phase,F1,design,1.0,False
transfer__b2a_det2phase_oracletool_003_b2a_det2phase_oracletool_seed123,transfer,b2a_det2phase_oracletool,123,val,lecun,False,phase,F1,disinfection,0.0,False
transfer__b2a_det2phase_oracletool_003_b2a_det2phase_oracletool_seed123,transfer,b2a_det2phase_oracletool,123,val,lecun,False,phase,F1,dissection,0.9764243614931238,False
transfer__b2a_det2phase_oracletool_003_b2a_det2phase_oracletool_seed123,transfer,b2a_det2phase_oracletool,123,val,lecun,False,phase,F1,dressing,0.0,False
transfer__b2a_det2phase_oracletool_003_b2a_det2phase_oracletool_seed123,transfer,b2a_det2phase_oracletool,123,val,lecun,False,phase,F1,hemostasis,0.8888888888888888,False
transfer__b2a_det2phase_oracletool_003_b2a_det2phase_oracletool_seed123,transfer,b2a_det2phase_oracletool,123,val,lecun,False,phase,F1,incision,0.9554896142433233,False
transfer__b2a_det2phase_oracletool_003_b2a_det2phase_oracletool_seed123,transfer,b2a_det2phase_oracletool,123,val,lecun,False,phase,F1,irrigation,0.0,False
transfer__b2a_det2phase_oracletool_004_b2a_det2phase_oracletool_seed42,transfer,b2a_det2phase_oracletool,42,val,lecun,False,phase,F1,anesthesia,0.9948717948717948,False
transfer__b2a_det2phase_oracletool_004_b2a_det2phase_oracletool_seed42,transfer,b2a_det2phase_oracletool,42,val,lecun,False,phase,F1,closure,0.9516407599309153,False
transfer__b2a_det2phase_oracletool_004_b2a_det2phase_oracletool_seed42,transfer,b2a_det2phase_oracletool,42,val,lecun,False,phase,F1,design,1.0,False
transfer__b2a_det2phase_oracletool_004_b2a_det2phase_oracletool_seed42,transfer,b2a_det2phase_oracletool,42,val,lecun,False,phase,F1,disinfection,0.0,False
transfer__b2a_det2phase_oracletool_004_b2a_det2phase_oracletool_seed42,transfer,b2a_det2phase_oracletool,42,val,lecun,False,phase,F1,dissection,0.9702380952380952,False
transfer__b2a_det2phase_oracletool_004_b2a_det2phase_oracletool_seed42,transfer,b2a_det2phase_oracletool,42,val,lecun,False,phase,F1,dressing,0.0,False
transfer__b2a_det2phase_oracletool_004_b2a_det2phase_oracletool_seed42,transfer,b2a_det2phase_oracletool,42,val,lecun,False,phase,F1,hemostasis,0.875,False
transfer__b2a_det2phase_oracletool_004_b2a_det2phase_oracletool_seed42,transfer,b2a_det2phase_oracletool,42,val,lecun,False,phase,F1,incision,0.9357798165137615,False
transfer__b2a_det2phase_oracletool_004_b2a_det2phase_oracletool_seed42,transfer,b2a_det2phase_oracletool,42,val,lecun,False,phase,F1,irrigation,0.0,False
transfer__b2a_det2phase_oracletool_005_b2a_det2phase_oracletool_seed456,transfer,b2a_det2phase_oracletool,456,val,lecun,False,phase,F1,anesthesia,0.9948717948717948,False
transfer__b2a_det2phase_oracletool_005_b2a_det2phase_oracletool_seed456,transfer,b2a_det2phase_oracletool,456,val,lecun,False,phase,F1,closure,0.9556135770234987,False
transfer__b2a_det2phase_oracletool_005_b2a_det2phase_oracletool_seed456,transfer,b2a_det2phase_oracletool,456,val,lecun,False,phase,F1,design,1.0,False
transfer__b2a_det2phase_oracletool_005_b2a_det2phase_oracletool_seed456,transfer,b2a_det2phase_oracletool,456,val,lecun,False,phase,F1,disinfection,0.0,False
transfer__b2a_det2phase_oracletool_005_b2a_det2phase_oracletool_seed456,transfer,b2a_det2phase_oracletool,456,val,lecun,False,phase,F1,dissection,0.974155069582505,False
transfer__b2a_det2phase_oracletool_005_b2a_det2phase_oracletool_seed456,transfer,b2a_det2phase_oracletool,456,val,lecun,False,phase,F1,dressing,0.0,False
transfer__b2a_det2phase_oracletool_005_b2a_det2phase_oracletool_seed456,transfer,b2a_det2phase_oracletool,456,val,lecun,False,phase,F1,hemostasis,0.8965517241379309,False
transfer__b2a_det2phase_oracletool_005_b2a_det2phase_oracletool_seed456,transfer,b2a_det2phase_oracletool,456,val,lecun,False,phase,F1,incision,0.9580838323353293,False
transfer__b2a_det2phase_oracletool_005_b2a_det2phase_oracletool_seed456,transfer,b2a_det2phase_oracletool,456,val,lecun,False,phase,F1,irrigation,0.0,False
transfer__b2a_det2phase_oracletool_006_b2a_det2phase_oracletool_seed42,transfer,b2a_det2phase_oracletool,42,val,efros,False,phase,F1,anesthesia,0.9948717948717948,False
transfer__b2a_det2phase_oracletool_006_b2a_det2phase_oracletool_seed42,transfer,b2a_det2phase_oracletool,42,val,efros,False,phase,F1,closure,0.9595782073813708,False
transfer__b2a_det2phase_oracletool_006_b2a_det2phase_oracletool_seed42,transfer,b2a_det2phase_oracletool,42,val,efros,False,phase,F1,design,1.0,False
transfer__b2a_det2phase_oracletool_006_b2a_det2phase_oracletool_seed42,transfer,b2a_det2phase_oracletool,42,val,efros,False,phase,F1,disinfection,0.0,False
transfer__b2a_det2phase_oracletool_006_b2a_det2phase_oracletool_seed42,transfer,b2a_det2phase_oracletool,42,val,efros,False,phase,F1,dissection,0.9656526005888126,False
transfer__b2a_det2phase_oracletool_006_b2a_det2phase_oracletool_seed42,transfer,b2a_det2phase_oracletool,42,val,efros,False,phase,F1,dressing,0.0,False
transfer__b2a_det2phase_oracletool_006_b2a_det2phase_oracletool_seed42,transfer,b2a_det2phase_oracletool,42,val,efros,False,phase,F1,hemostasis,0.8620689655172413,False
transfer__b2a_det2phase_oracletool_006_b2a_det2phase_oracletool_seed42,transfer,b2a_det2phase_oracletool,42,val,efros,False,phase,F1,incision,0.963855421686747,False
transfer__b2a_det2phase_oracletool_006_b2a_det2phase_oracletool_seed42,transfer,b2a_det2phase_oracletool,42,val,efros,False,phase,F1,irrigation,0.0,False
transfer__b2a_det2phase_oracletool_007_b2a_det2phase_oracletool_seed123,transfer,b2a_det2phase_oracletool,123,val,efros,False,phase,F1,anesthesia,0.9948717948717948,False
transfer__b2a_det2phase_oracletool_007_b2a_det2phase_oracletool_seed123,transfer,b2a_det2phase_oracletool,123,val,efros,False,phase,F1,closure,0.9596491228070176,False
transfer__b2a_det2phase_oracletool_007_b2a_det2phase_oracletool_seed123,transfer,b2a_det2phase_oracletool,123,val,efros,False,phase,F1,design,1.0,False
transfer__b2a_det2phase_oracletool_007_b2a_det2phase_oracletool_seed123,transfer,b2a_det2phase_oracletool,123,val,efros,False,phase,F1,disinfection,0.0,False
transfer__b2a_det2phase_oracletool_007_b2a_det2phase_oracletool_seed123,transfer,b2a_det2phase_oracletool,123,val,efros,False,phase,F1,dissection,0.9735553379040156,False
transfer__b2a_det2phase_oracletool_007_b2a_det2phase_oracletool_seed123,transfer,b2a_det2phase_oracletool,123,val,efros,False,phase,F1,dressing,0.0,False
transfer__b2a_det2phase_oracletool_007_b2a_det2phase_oracletool_seed123,transfer,b2a_det2phase_oracletool,123,val,efros,False,phase,F1,hemostasis,0.8990825688073394,False
transfer__b2a_det2phase_oracletool_007_b2a_det2phase_oracletool_seed123,transfer,b2a_det2phase_oracletool,123,val,efros,False,phase,F1,incision,0.955223880597015,False
transfer__b2a_det2phase_oracletool_007_b2a_det2phase_oracletool_seed123,transfer,b2a_det2phase_oracletool,123,val,efros,False,phase,F1,irrigation,0.0,False
transfer__b2a_det2phase_oracletool_008_b2a_det2phase_oracletool_seed456,transfer,b2a_det2phase_oracletool,456,val,efros,False,phase,F1,anesthesia,1.0,False
transfer__b2a_det2phase_oracletool_008_b2a_det2phase_oracletool_seed456,transfer,b2a_det2phase_oracletool,456,val,efros,False,phase,F1,closure,0.9552238805970149,False
transfer__b2a_det2phase_oracletool_008_b2a_det2phase_oracletool_seed456,transfer,b2a_det2phase_oracletool,456,val,efros,False,phase,F1,design,1.0,False
transfer__b2a_det2phase_oracletool_008_b2a_det2phase_oracletool_seed456,transfer,b2a_det2phase_oracletool,456,val,efros,False,phase,F1,disinfection,0.0,False
transfer__b2a_det2phase_oracletool_008_b2a_det2phase_oracletool_seed456,transfer,b2a_det2phase_oracletool,456,val,efros,False,phase,F1,dissection,0.9667968750000001,False
transfer__b2a_det2phase_oracletool_008_b2a_det2phase_oracletool_seed456,transfer,b2a_det2phase_oracletool,456,val,efros,False,phase,F1,dressing,0.0,False
transfer__b2a_det2phase_oracletool_008_b2a_det2phase_oracletool_seed456,transfer,b2a_det2phase_oracletool,456,val,efros,False,phase,F1,hemostasis,0.8947368421052632,False
transfer__b2a_det2phase_oracletool_008_b2a_det2phase_oracletool_seed456,transfer,b2a_det2phase_oracletool,456,val,efros,False,phase,F1,incision,0.9480122324159022,False
transfer__b2a_det2phase_oracletool_008_b2a_det2phase_oracletool_seed456,transfer,b2a_det2phase_oracletool,456,val,efros,False,phase,F1,irrigation,0.0,False
transfer__b2a_det2phase_toolpresence_001_b2a_det2phase_toolpresence_seed789,transfer,b2a_det2phase_toolpresence,789,val,lecun,False,phase,F1,anesthesia,1.0,False
transfer__b2a_det2phase_toolpresence_001_b2a_det2phase_toolpresence_seed789,transfer,b2a_det2phase_toolpresence,789,val,lecun,False,phase,F1,closure,0.9418803418803419,False
transfer__b2a_det2phase_toolpresence_001_b2a_det2phase_toolpresence_seed789,transfer,b2a_det2phase_toolpresence,789,val,lecun,False,phase,F1,design,1.0,False
transfer__b2a_det2phase_toolpresence_001_b2a_det2phase_toolpresence_seed789,transfer,b2a_det2phase_toolpresence,789,val,lecun,False,phase,F1,disinfection,0.0,False
transfer__b2a_det2phase_toolpresence_001_b2a_det2phase_toolpresence_seed789,transfer,b2a_det2phase_toolpresence,789,val,lecun,False,phase,F1,dissection,0.952662721893491,False
transfer__b2a_det2phase_toolpresence_001_b2a_det2phase_toolpresence_seed789,transfer,b2a_det2phase_toolpresence,789,val,lecun,False,phase,F1,dressing,0.0,False
transfer__b2a_det2phase_toolpresence_001_b2a_det2phase_toolpresence_seed789,transfer,b2a_det2phase_toolpresence,789,val,lecun,False,phase,F1,hemostasis,0.7157894736842105,False
transfer__b2a_det2phase_toolpresence_001_b2a_det2phase_toolpresence_seed789,transfer,b2a_det2phase_toolpresence,789,val,lecun,False,phase,F1,incision,0.9292307692307693,False
transfer__b2a_det2phase_toolpresence_001_b2a_det2phase_toolpresence_seed789,transfer,b2a_det2phase_toolpresence,789,val,lecun,False,phase,F1,irrigation,0.0,False
transfer__b2a_det2phase_toolpresence_002_b2a_det2phase_toolpresence_seed1000,transfer,b2a_det2phase_toolpresence,1000,val,lecun,False,phase,F1,anesthesia,0.9948717948717948,False
transfer__b2a_det2phase_toolpresence_002_b2a_det2phase_toolpresence_seed1000,transfer,b2a_det2phase_toolpresence,1000,val,lecun,False,phase,F1,closure,0.9503916449086162,False
transfer__b2a_det2phase_toolpresence_002_b2a_det2phase_toolpresence_seed1000,transfer,b2a_det2phase_toolpresence,1000,val,lecun,False,phase,F1,design,1.0,False
transfer__b2a_det2phase_toolpresence_002_b2a_det2phase_toolpresence_seed1000,transfer,b2a_det2phase_toolpresence,1000,val,lecun,False,phase,F1,disinfection,0.0,False
transfer__b2a_det2phase_toolpresence_002_b2a_det2phase_toolpresence_seed1000,transfer,b2a_det2phase_toolpresence,1000,val,lecun,False,phase,F1,dissection,0.9405940594059407,False
transfer__b2a_det2phase_toolpresence_002_b2a_det2phase_toolpresence_seed1000,transfer,b2a_det2phase_toolpresence,1000,val,lecun,False,phase,F1,dressing,0.0,False
transfer__b2a_det2phase_toolpresence_002_b2a_det2phase_toolpresence_seed1000,transfer,b2a_det2phase_toolpresence,1000,val,lecun,False,phase,F1,hemostasis,0.7478260869565219,False
transfer__b2a_det2phase_toolpresence_002_b2a_det2phase_toolpresence_seed1000,transfer,b2a_det2phase_toolpresence,1000,val,lecun,False,phase,F1,incision,0.9365558912386707,False
transfer__b2a_det2phase_toolpresence_002_b2a_det2phase_toolpresence_seed1000,transfer,b2a_det2phase_toolpresence,1000,val,lecun,False,phase,F1,irrigation,0.0,False
transfer__b2a_det2phase_toolpresence_003_b2a_det2phase_toolpresence_seed42,transfer,b2a_det2phase_toolpresence,42,val,efros,False,phase,F1,anesthesia,1.0,False
transfer__b2a_det2phase_toolpresence_003_b2a_det2phase_toolpresence_seed42,transfer,b2a_det2phase_toolpresence,42,val,efros,False,phase,F1,closure,0.9392361111111112,False
transfer__b2a_det2phase_toolpresence_003_b2a_det2phase_toolpresence_seed42,transfer,b2a_det2phase_toolpresence,42,val,efros,False,phase,F1,design,1.0,False
transfer__b2a_det2phase_toolpresence_003_b2a_det2phase_toolpresence_seed42,transfer,b2a_det2phase_toolpresence,42,val,efros,False,phase,F1,disinfection,0.0,False
transfer__b2a_det2phase_toolpresence_003_b2a_det2phase_toolpresence_seed42,transfer,b2a_det2phase_toolpresence,42,val,efros,False,phase,F1,dissection,0.9444985394352484,False
transfer__b2a_det2phase_toolpresence_003_b2a_det2phase_toolpresence_seed42,transfer,b2a_det2phase_toolpresence,42,val,efros,False,phase,F1,dressing,0.0,False
transfer__b2a_det2phase_toolpresence_003_b2a_det2phase_toolpresence_seed42,transfer,b2a_det2phase_toolpresence,42,val,efros,False,phase,F1,hemostasis,0.7474747474747475,False
transfer__b2a_det2phase_toolpresence_003_b2a_det2phase_toolpresence_seed42,transfer,b2a_det2phase_toolpresence,42,val,efros,False,phase,F1,incision,0.9447852760736197,False
transfer__b2a_det2phase_toolpresence_003_b2a_det2phase_toolpresence_seed42,transfer,b2a_det2phase_toolpresence,42,val,efros,False,phase,F1,irrigation,0.0,False
transfer__b2a_det2phase_toolpresence_004_b2a_det2phase_toolpresence_seed42,transfer,b2a_det2phase_toolpresence,42,val,efros,False,phase,F1,anesthesia,0.9948717948717948,False
transfer__b2a_det2phase_toolpresence_004_b2a_det2phase_toolpresence_seed42,transfer,b2a_det2phase_toolpresence,42,val,efros,False,phase,F1,closure,0.9481865284974094,False
transfer__b2a_det2phase_toolpresence_004_b2a_det2phase_toolpresence_seed42,transfer,b2a_det2phase_toolpresence,42,val,efros,False,phase,F1,design,0.9951219512195122,False
transfer__b2a_det2phase_toolpresence_004_b2a_det2phase_toolpresence_seed42,transfer,b2a_det2phase_toolpresence,42,val,efros,False,phase,F1,disinfection,0.0,False
transfer__b2a_det2phase_toolpresence_004_b2a_det2phase_toolpresence_seed42,transfer,b2a_det2phase_toolpresence,42,val,efros,False,phase,F1,dissection,0.943798449612403,False
transfer__b2a_det2phase_toolpresence_004_b2a_det2phase_toolpresence_seed42,transfer,b2a_det2phase_toolpresence,42,val,efros,False,phase,F1,dressing,0.0,False
transfer__b2a_det2phase_toolpresence_004_b2a_det2phase_toolpresence_seed42,transfer,b2a_det2phase_toolpresence,42,val,efros,False,phase,F1,hemostasis,0.7157894736842105,False
transfer__b2a_det2phase_toolpresence_004_b2a_det2phase_toolpresence_seed42,transfer,b2a_det2phase_toolpresence,42,val,efros,False,phase,F1,incision,0.909657320872274,False
transfer__b2a_det2phase_toolpresence_004_b2a_det2phase_toolpresence_seed42,transfer,b2a_det2phase_toolpresence,42,val,efros,False,phase,F1,irrigation,0.0,False
transfer__b2a_det2phase_toolpresence_005_b2a_det2phase_toolpresence_seed42,transfer,b2a_det2phase_toolpresence,42,val,efros,False,phase,F1,anesthesia,1.0,False
transfer__b2a_det2phase_toolpresence_005_b2a_det2phase_toolpresence_seed42,transfer,b2a_det2phase_toolpresence,42,val,efros,False,phase,F1,closure,0.9402597402597402,False
transfer__b2a_det2phase_toolpresence_005_b2a_det2phase_toolpresence_seed42,transfer,b2a_det2phase_toolpresence,42,val,efros,False,phase,F1,design,1.0,False
transfer__b2a_det2phase_toolpresence_005_b2a_det2phase_toolpresence_seed42,transfer,b2a_det2phase_toolpresence,42,val,efros,False,phase,F1,disinfection,0.0,False
transfer__b2a_det2phase_toolpresence_005_b2a_det2phase_toolpresence_seed42,transfer,b2a_det2phase_toolpresence,42,val,efros,False,phase,F1,dissection,0.9504373177842564,False
transfer__b2a_det2phase_toolpresence_005_b2a_det2phase_toolpresence_seed42,transfer,b2a_det2phase_toolpresence,42,val,efros,False,phase,F1,dressing,0.0,False
transfer__b2a_det2phase_toolpresence_005_b2a_det2phase_toolpresence_seed42,transfer,b2a_det2phase_toolpresence,42,val,efros,False,phase,F1,hemostasis,0.711111111111111,False
transfer__b2a_det2phase_toolpresence_005_b2a_det2phase_toolpresence_seed42,transfer,b2a_det2phase_toolpresence,42,val,efros,False,phase,F1,incision,0.9393939393939394,False
transfer__b2a_det2phase_toolpresence_005_b2a_det2phase_toolpresence_seed42,transfer,b2a_det2phase_toolpresence,42,val,efros,False,phase,F1,irrigation,0.0,False
transfer__b2a_det2phase_toolpresence_006_b2a_det2phase_toolpresence_seed42,transfer,b2a_det2phase_toolpresence,42,val,efros,False,phase,F1,anesthesia,0.9948717948717948,False
transfer__b2a_det2phase_toolpresence_006_b2a_det2phase_toolpresence_seed42,transfer,b2a_det2phase_toolpresence,42,val,efros,False,phase,F1,closure,0.9461998292058069,False
transfer__b2a_det2phase_toolpresence_006_b2a_det2phase_toolpresence_seed42,transfer,b2a_det2phase_toolpresence,42,val,efros,False,phase,F1,design,1.0,False
transfer__b2a_det2phase_toolpresence_006_b2a_det2phase_toolpresence_seed42,transfer,b2a_det2phase_toolpresence,42,val,efros,False,phase,F1,disinfection,0.0,False
transfer__b2a_det2phase_toolpresence_006_b2a_det2phase_toolpresence_seed42,transfer,b2a_det2phase_toolpresence,42,val,efros,False,phase,F1,dissection,0.9519136408243376,False
transfer__b2a_det2phase_toolpresence_006_b2a_det2phase_toolpresence_seed42,transfer,b2a_det2phase_toolpresence,42,val,efros,False,phase,F1,dressing,0.0,False
transfer__b2a_det2phase_toolpresence_006_b2a_det2phase_toolpresence_seed42,transfer,b2a_det2phase_toolpresence,42,val,efros,False,phase,F1,hemostasis,0.7446808510638299,False
transfer__b2a_det2phase_toolpresence_006_b2a_det2phase_toolpresence_seed42,transfer,b2a_det2phase_toolpresence,42,val,efros,False,phase,F1,incision,0.9283489096573209,False
transfer__b2a_det2phase_toolpresence_006_b2a_det2phase_toolpresence_seed42,transfer,b2a_det2phase_toolpresence,42,val,efros,False,phase,F1,irrigation,0.0,False
transfer__b2a_det2phase_toolpresence_007_b2a_det2phase_toolpresence_seed42,transfer,b2a_det2phase_toolpresence,42,val,efros,False,phase,F1,anesthesia,1.0,False
transfer__b2a_det2phase_toolpresence_007_b2a_det2phase_toolpresence_seed42,transfer,b2a_det2phase_toolpresence,42,val,efros,False,phase,F1,closure,0.9418907198612315,False
transfer__b2a_det2phase_toolpresence_007_b2a_det2phase_toolpresence_seed42,transfer,b2a_det2phase_toolpresence,42,val,efros,False,phase,F1,design,1.0,False
transfer__b2a_det2phase_toolpresence_007_b2a_det2phase_toolpresence_seed42,transfer,b2a_det2phase_toolpresence,42,val,efros,False,phase,F1,disinfection,0.0,False
transfer__b2a_det2phase_toolpresence_007_b2a_det2phase_toolpresence_seed42,transfer,b2a_det2phase_toolpresence,42,val,efros,False,phase,F1,dissection,0.9490196078431372,False
transfer__b2a_det2phase_toolpresence_007_b2a_det2phase_toolpresence_seed42,transfer,b2a_det2phase_toolpresence,42,val,efros,False,phase,F1,dressing,0.0,False
transfer__b2a_det2phase_toolpresence_007_b2a_det2phase_toolpresence_seed42,transfer,b2a_det2phase_toolpresence,42,val,efros,False,phase,F1,hemostasis,0.7524752475247524,False
transfer__b2a_det2phase_toolpresence_007_b2a_det2phase_toolpresence_seed42,transfer,b2a_det2phase_toolpresence,42,val,efros,False,phase,F1,incision,0.9454545454545454,False
transfer__b2a_det2phase_toolpresence_007_b2a_det2phase_toolpresence_seed42,transfer,b2a_det2phase_toolpresence,42,val,efros,False,phase,F1,irrigation,0.0,False
transfer__b2a_det2phase_toolpresence_008_b2a_det2phase_toolpresence_seed123,transfer,b2a_det2phase_toolpresence,123,val,efros,False,phase,F1,anesthesia,1.0,False
transfer__b2a_det2phase_toolpresence_008_b2a_det2phase_toolpresence_seed123,transfer,b2a_det2phase_toolpresence,123,val,efros,False,phase,F1,closure,0.9430051813471502,False
transfer__b2a_det2phase_toolpresence_008_b2a_det2phase_toolpresence_seed123,transfer,b2a_det2phase_toolpresence,123,val,efros,False,phase,F1,design,1.0,False
transfer__b2a_det2phase_toolpresence_008_b2a_det2phase_toolpresence_seed123,transfer,b2a_det2phase_toolpresence,123,val,efros,False,phase,F1,disinfection,0.0,False
transfer__b2a_det2phase_toolpresence_008_b2a_det2phase_toolpresence_seed123,transfer,b2a_det2phase_toolpresence,123,val,efros,False,phase,F1,dissection,0.9433593750000001,False
transfer__b2a_det2phase_toolpresence_008_b2a_det2phase_toolpresence_seed123,transfer,b2a_det2phase_toolpresence,123,val,efros,False,phase,F1,dressing,0.0,False
transfer__b2a_det2phase_toolpresence_008_b2a_det2phase_toolpresence_seed123,transfer,b2a_det2phase_toolpresence,123,val,efros,False,phase,F1,hemostasis,0.6808510638297872,False
transfer__b2a_det2phase_toolpresence_008_b2a_det2phase_toolpresence_seed123,transfer,b2a_det2phase_toolpresence,123,val,efros,False,phase,F1,incision,0.9329268292682927,False
transfer__b2a_det2phase_toolpresence_008_b2a_det2phase_toolpresence_seed123,transfer,b2a_det2phase_toolpresence,123,val,efros,False,phase,F1,irrigation,0.0,False
transfer__b2a_det2phase_toolpresence_009_b2a_det2phase_toolpresence_seed123,transfer,b2a_det2phase_toolpresence,123,val,efros,False,phase,F1,anesthesia,1.0,False
transfer__b2a_det2phase_toolpresence_009_b2a_det2phase_toolpresence_seed123,transfer,b2a_det2phase_toolpresence,123,val,efros,False,phase,F1,closure,0.950530035335689,False
transfer__b2a_det2phase_toolpresence_009_b2a_det2phase_toolpresence_seed123,transfer,b2a_det2phase_toolpresence,123,val,efros,False,phase,F1,design,0.9951690821256038,False
transfer__b2a_det2phase_toolpresence_009_b2a_det2phase_toolpresence_seed123,transfer,b2a_det2phase_toolpresence,123,val,efros,False,phase,F1,disinfection,0.0,False
transfer__b2a_det2phase_toolpresence_009_b2a_det2phase_toolpresence_seed123,transfer,b2a_det2phase_toolpresence,123,val,efros,False,phase,F1,dissection,0.9513618677042801,False
transfer__b2a_det2phase_toolpresence_009_b2a_det2phase_toolpresence_seed123,transfer,b2a_det2phase_toolpresence,123,val,efros,False,phase,F1,dressing,0.0,False
transfer__b2a_det2phase_toolpresence_009_b2a_det2phase_toolpresence_seed123,transfer,b2a_det2phase_toolpresence,123,val,efros,False,phase,F1,hemostasis,0.7999999999999999,False
transfer__b2a_det2phase_toolpresence_009_b2a_det2phase_toolpresence_seed123,transfer,b2a_det2phase_toolpresence,123,val,efros,False,phase,F1,incision,0.9349112426035503,False
transfer__b2a_det2phase_toolpresence_009_b2a_det2phase_toolpresence_seed123,transfer,b2a_det2phase_toolpresence,123,val,efros,False,phase,F1,irrigation,0.0,False
transfer__b2a_det2phase_toolpresence_010_b2a_det2phase_toolpresence_seed456,transfer,b2a_det2phase_toolpresence,456,val,efros,False,phase,F1,anesthesia,0.9948717948717948,False
transfer__b2a_det2phase_toolpresence_010_b2a_det2phase_toolpresence_seed456,transfer,b2a_det2phase_toolpresence,456,val,efros,False,phase,F1,closure,0.9402730375426621,False
transfer__b2a_det2phase_toolpresence_010_b2a_det2phase_toolpresence_seed456,transfer,b2a_det2phase_toolpresence,456,val,efros,False,phase,F1,design,0.9951219512195122,False
transfer__b2a_det2phase_toolpresence_010_b2a_det2phase_toolpresence_seed456,transfer,b2a_det2phase_toolpresence,456,val,efros,False,phase,F1,disinfection,0.0,False
transfer__b2a_det2phase_toolpresence_010_b2a_det2phase_toolpresence_seed456,transfer,b2a_det2phase_toolpresence,456,val,efros,False,phase,F1,dissection,0.9574678536102869,False
transfer__b2a_det2phase_toolpresence_010_b2a_det2phase_toolpresence_seed456,transfer,b2a_det2phase_toolpresence,456,val,efros,False,phase,F1,dressing,0.0,False
transfer__b2a_det2phase_toolpresence_010_b2a_det2phase_toolpresence_seed456,transfer,b2a_det2phase_toolpresence,456,val,efros,False,phase,F1,hemostasis,0.688888888888889,False
transfer__b2a_det2phase_toolpresence_010_b2a_det2phase_toolpresence_seed456,transfer,b2a_det2phase_toolpresence,456,val,efros,False,phase,F1,incision,0.9369369369369369,False
transfer__b2a_det2phase_toolpresence_010_b2a_det2phase_toolpresence_seed456,transfer,b2a_det2phase_toolpresence,456,val,efros,False,phase,F1,irrigation,0.0,False
transfer__b2a_det2phase_toolpresence_011_b2a_det2phase_toolpresence_seed456,transfer,b2a_det2phase_toolpresence,456,val,efros,False,phase,F1,anesthesia,1.0,False
transfer__b2a_det2phase_toolpresence_011_b2a_det2phase_toolpresence_seed456,transfer,b2a_det2phase_toolpresence,456,val,efros,False,phase,F1,closure,0.936355710549259,False
transfer__b2a_det2phase_toolpresence_011_b2a_det2phase_toolpresence_seed456,transfer,b2a_det2phase_toolpresence,456,val,efros,False,phase,F1,design,1.0,False
transfer__b2a_det2phase_toolpresence_011_b2a_det2phase_toolpresence_seed456,transfer,b2a_det2phase_toolpresence,456,val,efros,False,phase,F1,disinfection,0.0,False
transfer__b2a_det2phase_toolpresence_011_b2a_det2phase_toolpresence_seed456,transfer,b2a_det2phase_toolpresence,456,val,efros,False,phase,F1,dissection,0.949514563106796,False
transfer__b2a_det2phase_toolpresence_011_b2a_det2phase_toolpresence_seed456,transfer,b2a_det2phase_toolpresence,456,val,efros,False,phase,F1,dressing,0.0,False
transfer__b2a_det2phase_toolpresence_011_b2a_det2phase_toolpresence_seed456,transfer,b2a_det2phase_toolpresence,456,val,efros,False,phase,F1,hemostasis,0.7755102040816327,False
transfer__b2a_det2phase_toolpresence_011_b2a_det2phase_toolpresence_seed456,transfer,b2a_det2phase_toolpresence,456,val,efros,False,phase,F1,incision,0.9422492401215806,False
transfer__b2a_det2phase_toolpresence_011_b2a_det2phase_toolpresence_seed456,transfer,b2a_det2phase_toolpresence,456,val,efros,False,phase,F1,irrigation,0.0,False
transfer__b2a_det2phase_toolpresence_012_b2a_det2phase_toolpresence_seed42,transfer,b2a_det2phase_toolpresence,42,val,efros,False,phase,F1,anesthesia,0.9948717948717948,False
transfer__b2a_det2phase_toolpresence_012_b2a_det2phase_toolpresence_seed42,transfer,b2a_det2phase_toolpresence,42,val,efros,False,phase,F1,closure,0.9435626102292768,False
transfer__b2a_det2phase_toolpresence_012_b2a_det2phase_toolpresence_seed42,transfer,b2a_det2phase_toolpresence,42,val,efros,False,phase,F1,design,1.0,False
transfer__b2a_det2phase_toolpresence_012_b2a_det2phase_toolpresence_seed42,transfer,b2a_det2phase_toolpresence,42,val,efros,False,phase,F1,disinfection,0.0,False
transfer__b2a_det2phase_toolpresence_012_b2a_det2phase_toolpresence_seed42,transfer,b2a_det2phase_toolpresence,42,val,efros,False,phase,F1,dissection,0.9448209099709584,False
transfer__b2a_det2phase_toolpresence_012_b2a_det2phase_toolpresence_seed42,transfer,b2a_det2phase_toolpresence,42,val,efros,False,phase,F1,dressing,0.0,False
transfer__b2a_det2phase_toolpresence_012_b2a_det2phase_toolpresence_seed42,transfer,b2a_det2phase_toolpresence,42,val,efros,False,phase,F1,hemostasis,0.8155339805825242,False
transfer__b2a_det2phase_toolpresence_012_b2a_det2phase_toolpresence_seed42,transfer,b2a_det2phase_toolpresence,42,val,efros,False,phase,F1,incision,0.9432835820895523,False
transfer__b2a_det2phase_toolpresence_012_b2a_det2phase_toolpresence_seed42,transfer,b2a_det2phase_toolpresence,42,val,efros,False,phase,F1,irrigation,0.0,False
transfer__b2a_det2phase_toolpresence_013_b2a_det2phase_toolpresence_seed42,transfer,b2a_det2phase_toolpresence,42,val,efros,False,phase,F1,anesthesia,1.0,False
transfer__b2a_det2phase_toolpresence_013_b2a_det2phase_toolpresence_seed42,transfer,b2a_det2phase_toolpresence,42,val,efros,False,phase,F1,closure,0.9412811387900356,False
transfer__b2a_det2phase_toolpresence_013_b2a_det2phase_toolpresence_seed42,transfer,b2a_det2phase_toolpresence,42,val,efros,False,phase,F1,design,1.0,False
transfer__b2a_det2phase_toolpresence_013_b2a_det2phase_toolpresence_seed42,transfer,b2a_det2phase_toolpresence,42,val,efros,False,phase,F1,disinfection,0.0,False
transfer__b2a_det2phase_toolpresence_013_b2a_det2phase_toolpresence_seed42,transfer,b2a_det2phase_toolpresence,42,val,efros,False,phase,F1,dissection,0.9328287606433302,False
transfer__b2a_det2phase_toolpresence_013_b2a_det2phase_toolpresence_seed42,transfer,b2a_det2phase_toolpresence,42,val,efros,False,phase,F1,dressing,0.0,False
transfer__b2a_det2phase_toolpresence_013_b2a_det2phase_toolpresence_seed42,transfer,b2a_det2phase_toolpresence,42,val,efros,False,phase,F1,hemostasis,0.6436781609195402,False
transfer__b2a_det2phase_toolpresence_013_b2a_det2phase_toolpresence_seed42,transfer,b2a_det2phase_toolpresence,42,val,efros,False,phase,F1,incision,0.9464285714285714,False
transfer__b2a_det2phase_toolpresence_013_b2a_det2phase_toolpresence_seed42,transfer,b2a_det2phase_toolpresence,42,val,efros,False,phase,F1,irrigation,0.0,False
transfer__b2a_det2phase_toolpresence_014_b2a_det2phase_toolpresence_seed123,transfer,b2a_det2phase_toolpresence,123,val,efros,False,phase,F1,anesthesia,1.0,False
transfer__b2a_det2phase_toolpresence_014_b2a_det2phase_toolpresence_seed123,transfer,b2a_det2phase_toolpresence,123,val,efros,False,phase,F1,closure,0.9409691629955947,False
transfer__b2a_det2phase_toolpresence_014_b2a_det2phase_toolpresence_seed123,transfer,b2a_det2phase_toolpresence,123,val,efros,False,phase,F1,design,1.0,False
transfer__b2a_det2phase_toolpresence_014_b2a_det2phase_toolpresence_seed123,transfer,b2a_det2phase_toolpresence,123,val,efros,False,phase,F1,disinfection,0.0,False
transfer__b2a_det2phase_toolpresence_014_b2a_det2phase_toolpresence_seed123,transfer,b2a_det2phase_toolpresence,123,val,efros,False,phase,F1,dissection,0.9487922705314009,False
transfer__b2a_det2phase_toolpresence_014_b2a_det2phase_toolpresence_seed123,transfer,b2a_det2phase_toolpresence,123,val,efros,False,phase,F1,dressing,0.0,False
transfer__b2a_det2phase_toolpresence_014_b2a_det2phase_toolpresence_seed123,transfer,b2a_det2phase_toolpresence,123,val,efros,False,phase,F1,hemostasis,0.8163265306122448,False
transfer__b2a_det2phase_toolpresence_014_b2a_det2phase_toolpresence_seed123,transfer,b2a_det2phase_toolpresence,123,val,efros,False,phase,F1,incision,0.9464285714285714,False
transfer__b2a_det2phase_toolpresence_014_b2a_det2phase_toolpresence_seed123,transfer,b2a_det2phase_toolpresence,123,val,efros,False,phase,F1,irrigation,0.0,False
transfer__b2a_det2phase_toolpresence_015_b2a_det2phase_toolpresence_seed123,transfer,b2a_det2phase_toolpresence,123,val,efros,False,phase,F1,anesthesia,1.0,False
transfer__b2a_det2phase_toolpresence_015_b2a_det2phase_toolpresence_seed123,transfer,b2a_det2phase_toolpresence,123,val,efros,False,phase,F1,closure,0.9371727748691101,False
transfer__b2a_det2phase_toolpresence_015_b2a_det2phase_toolpresence_seed123,transfer,b2a_det2phase_toolpresence,123,val,efros,False,phase,F1,design,1.0,False
transfer__b2a_det2phase_toolpresence_015_b2a_det2phase_toolpresence_seed123,transfer,b2a_det2phase_toolpresence,123,val,efros,False,phase,F1,disinfection,0.0,False
transfer__b2a_det2phase_toolpresence_015_b2a_det2phase_toolpresence_seed123,transfer,b2a_det2phase_toolpresence,123,val,efros,False,phase,F1,dissection,0.95069033530572,False
transfer__b2a_det2phase_toolpresence_015_b2a_det2phase_toolpresence_seed123,transfer,b2a_det2phase_toolpresence,123,val,efros,False,phase,F1,dressing,0.0,False
transfer__b2a_det2phase_toolpresence_015_b2a_det2phase_toolpresence_seed123,transfer,b2a_det2phase_toolpresence,123,val,efros,False,phase,F1,hemostasis,0.7543859649122807,False
transfer__b2a_det2phase_toolpresence_015_b2a_det2phase_toolpresence_seed123,transfer,b2a_det2phase_toolpresence,123,val,efros,False,phase,F1,incision,0.9393939393939394,False
transfer__b2a_det2phase_toolpresence_015_b2a_det2phase_toolpresence_seed123,transfer,b2a_det2phase_toolpresence,123,val,efros,False,phase,F1,irrigation,0.0,False
transfer__b2a_det2phase_toolpresence_016_b2a_det2phase_toolpresence_seed456,transfer,b2a_det2phase_toolpresence,456,val,efros,False,phase,F1,anesthesia,1.0,False
transfer__b2a_det2phase_toolpresence_016_b2a_det2phase_toolpresence_seed456,transfer,b2a_det2phase_toolpresence,456,val,efros,False,phase,F1,closure,0.9380993897122929,False
transfer__b2a_det2phase_toolpresence_016_b2a_det2phase_toolpresence_seed456,transfer,b2a_det2phase_toolpresence,456,val,efros,False,phase,F1,design,1.0,False
transfer__b2a_det2phase_toolpresence_016_b2a_det2phase_toolpresence_seed456,transfer,b2a_det2phase_toolpresence,456,val,efros,False,phase,F1,disinfection,0.0,False
transfer__b2a_det2phase_toolpresence_016_b2a_det2phase_toolpresence_seed456,transfer,b2a_det2phase_toolpresence,456,val,efros,False,phase,F1,dissection,0.9508840864440079,False
transfer__b2a_det2phase_toolpresence_016_b2a_det2phase_toolpresence_seed456,transfer,b2a_det2phase_toolpresence,456,val,efros,False,phase,F1,dressing,0.0,False
transfer__b2a_det2phase_toolpresence_016_b2a_det2phase_toolpresence_seed456,transfer,b2a_det2phase_toolpresence,456,val,efros,False,phase,F1,hemostasis,0.8461538461538461,False
transfer__b2a_det2phase_toolpresence_016_b2a_det2phase_toolpresence_seed456,transfer,b2a_det2phase_toolpresence,456,val,efros,False,phase,F1,incision,0.9492537313432835,False
transfer__b2a_det2phase_toolpresence_016_b2a_det2phase_toolpresence_seed456,transfer,b2a_det2phase_toolpresence,456,val,efros,False,phase,F1,irrigation,0.0,False
transfer__b2a_det2phase_toolpresence_017_b2a_det2phase_toolpresence_seed456,transfer,b2a_det2phase_toolpresence,456,val,efros,False,phase,F1,anesthesia,1.0,False
transfer__b2a_det2phase_toolpresence_017_b2a_det2phase_toolpresence_seed456,transfer,b2a_det2phase_toolpresence,456,val,efros,False,phase,F1,closure,0.9368421052631579,False
transfer__b2a_det2phase_toolpresence_017_b2a_det2phase_toolpresence_seed456,transfer,b2a_det2phase_toolpresence,456,val,efros,False,phase,F1,design,1.0,False
transfer__b2a_det2phase_toolpresence_017_b2a_det2phase_toolpresence_seed456,transfer,b2a_det2phase_toolpresence,456,val,efros,False,phase,F1,disinfection,0.0,False
transfer__b2a_det2phase_toolpresence_017_b2a_det2phase_toolpresence_seed456,transfer,b2a_det2phase_toolpresence,456,val,efros,False,phase,F1,dissection,0.9460500963391136,False
transfer__b2a_det2phase_toolpresence_017_b2a_det2phase_toolpresence_seed456,transfer,b2a_det2phase_toolpresence,456,val,efros,False,phase,F1,dressing,0.0,False
transfer__b2a_det2phase_toolpresence_017_b2a_det2phase_toolpresence_seed456,transfer,b2a_det2phase_toolpresence,456,val,efros,False,phase,F1,hemostasis,0.7499999999999999,False
transfer__b2a_det2phase_toolpresence_017_b2a_det2phase_toolpresence_seed456,transfer,b2a_det2phase_toolpresence,456,val,efros,False,phase,F1,incision,0.9454545454545454,False
transfer__b2a_det2phase_toolpresence_017_b2a_det2phase_toolpresence_seed456,transfer,b2a_det2phase_toolpresence,456,val,efros,False,phase,F1,irrigation,0.0,False
transfer__b2a_det2phase_toolpresence_018_b2a_det2phase_toolpresence_seed42,transfer,b2a_det2phase_toolpresence,42,val,efros,False,phase,F1,anesthesia,0.9948717948717948,False
transfer__b2a_det2phase_toolpresence_018_b2a_det2phase_toolpresence_seed42,transfer,b2a_det2phase_toolpresence,42,val,efros,False,phase,F1,closure,0.9396551724137931,False
transfer__b2a_det2phase_toolpresence_018_b2a_det2phase_toolpresence_seed42,transfer,b2a_det2phase_toolpresence,42,val,efros,False,phase,F1,design,0.9901960784313726,False
transfer__b2a_det2phase_toolpresence_018_b2a_det2phase_toolpresence_seed42,transfer,b2a_det2phase_toolpresence,42,val,efros,False,phase,F1,disinfection,0.0,False
transfer__b2a_det2phase_toolpresence_018_b2a_det2phase_toolpresence_seed42,transfer,b2a_det2phase_toolpresence,42,val,efros,False,phase,F1,dissection,0.935672514619883,False
transfer__b2a_det2phase_toolpresence_018_b2a_det2phase_toolpresence_seed42,transfer,b2a_det2phase_toolpresence,42,val,efros,False,phase,F1,dressing,0.0,False
transfer__b2a_det2phase_toolpresence_018_b2a_det2phase_toolpresence_seed42,transfer,b2a_det2phase_toolpresence,42,val,efros,False,phase,F1,hemostasis,0.6382978723404256,False
transfer__b2a_det2phase_toolpresence_018_b2a_det2phase_toolpresence_seed42,transfer,b2a_det2phase_toolpresence,42,val,efros,False,phase,F1,incision,0.9174311926605504,False
transfer__b2a_det2phase_toolpresence_018_b2a_det2phase_toolpresence_seed42,transfer,b2a_det2phase_toolpresence,42,val,efros,False,phase,F1,irrigation,0.0,False
transfer__b2a_det2phase_toolpresence_019_b2a_det2phase_toolpresence_seed42,transfer,b2a_det2phase_toolpresence,42,val,efros,False,phase,F1,anesthesia,0.9948717948717948,False
transfer__b2a_det2phase_toolpresence_019_b2a_det2phase_toolpresence_seed42,transfer,b2a_det2phase_toolpresence,42,val,efros,False,phase,F1,closure,0.9470899470899471,False
transfer__b2a_det2phase_toolpresence_019_b2a_det2phase_toolpresence_seed42,transfer,b2a_det2phase_toolpresence,42,val,efros,False,phase,F1,design,1.0,False
transfer__b2a_det2phase_toolpresence_019_b2a_det2phase_toolpresence_seed42,transfer,b2a_det2phase_toolpresence,42,val,efros,False,phase,F1,disinfection,0.0,False
transfer__b2a_det2phase_toolpresence_019_b2a_det2phase_toolpresence_seed42,transfer,b2a_det2phase_toolpresence,42,val,efros,False,phase,F1,dissection,0.9367816091954023,False
transfer__b2a_det2phase_toolpresence_019_b2a_det2phase_toolpresence_seed42,transfer,b2a_det2phase_toolpresence,42,val,efros,False,phase,F1,dressing,0.0,False
transfer__b2a_det2phase_toolpresence_019_b2a_det2phase_toolpresence_seed42,transfer,b2a_det2phase_toolpresence,42,val,efros,False,phase,F1,hemostasis,0.7096774193548387,False
transfer__b2a_det2phase_toolpresence_019_b2a_det2phase_toolpresence_seed42,transfer,b2a_det2phase_toolpresence,42,val,efros,False,phase,F1,incision,0.9520958083832335,False
transfer__b2a_det2phase_toolpresence_019_b2a_det2phase_toolpresence_seed42,transfer,b2a_det2phase_toolpresence,42,val,efros,False,phase,F1,irrigation,0.0,False
transfer__b2a_det2phase_toolpresence_020_b2a_det2phase_toolpresence_seed123,transfer,b2a_det2phase_toolpresence,123,val,efros,False,phase,F1,anesthesia,0.9948717948717948,False
transfer__b2a_det2phase_toolpresence_020_b2a_det2phase_toolpresence_seed123,transfer,b2a_det2phase_toolpresence,123,val,efros,False,phase,F1,closure,0.9393139841688655,False
transfer__b2a_det2phase_toolpresence_020_b2a_det2phase_toolpresence_seed123,transfer,b2a_det2phase_toolpresence,123,val,efros,False,phase,F1,design,1.0,False
transfer__b2a_det2phase_toolpresence_020_b2a_det2phase_toolpresence_seed123,transfer,b2a_det2phase_toolpresence,123,val,efros,False,phase,F1,disinfection,0.0,False
transfer__b2a_det2phase_toolpresence_020_b2a_det2phase_toolpresence_seed123,transfer,b2a_det2phase_toolpresence,123,val,efros,False,phase,F1,dissection,0.928092042186002,False
transfer__b2a_det2phase_toolpresence_020_b2a_det2phase_toolpresence_seed123,transfer,b2a_det2phase_toolpresence,123,val,efros,False,phase,F1,dressing,0.0,False
transfer__b2a_det2phase_toolpresence_020_b2a_det2phase_toolpresence_seed123,transfer,b2a_det2phase_toolpresence,123,val,efros,False,phase,F1,hemostasis,0.6593406593406594,False
transfer__b2a_det2phase_toolpresence_020_b2a_det2phase_toolpresence_seed123,transfer,b2a_det2phase_toolpresence,123,val,efros,False,phase,F1,incision,0.9161676646706587,False
transfer__b2a_det2phase_toolpresence_020_b2a_det2phase_toolpresence_seed123,transfer,b2a_det2phase_toolpresence,123,val,efros,False,phase,F1,irrigation,0.0,False
transfer__b2a_det2phase_toolpresence_021_b2a_det2phase_toolpresence_seed123,transfer,b2a_det2phase_toolpresence,123,val,efros,False,phase,F1,anesthesia,1.0,False
transfer__b2a_det2phase_toolpresence_021_b2a_det2phase_toolpresence_seed123,transfer,b2a_det2phase_toolpresence,123,val,efros,False,phase,F1,closure,0.9469964664310954,False
transfer__b2a_det2phase_toolpresence_021_b2a_det2phase_toolpresence_seed123,transfer,b2a_det2phase_toolpresence,123,val,efros,False,phase,F1,design,0.9951219512195122,False
transfer__b2a_det2phase_toolpresence_021_b2a_det2phase_toolpresence_seed123,transfer,b2a_det2phase_toolpresence,123,val,efros,False,phase,F1,disinfection,0.0,False
transfer__b2a_det2phase_toolpresence_021_b2a_det2phase_toolpresence_seed123,transfer,b2a_det2phase_toolpresence,123,val,efros,False,phase,F1,dissection,0.9408396946564886,False
transfer__b2a_det2phase_toolpresence_021_b2a_det2phase_toolpresence_seed123,transfer,b2a_det2phase_toolpresence,123,val,efros,False,phase,F1,dressing,0.0,False
transfer__b2a_det2phase_toolpresence_021_b2a_det2phase_toolpresence_seed123,transfer,b2a_det2phase_toolpresence,123,val,efros,False,phase,F1,hemostasis,0.7234042553191489,False
transfer__b2a_det2phase_toolpresence_021_b2a_det2phase_toolpresence_seed123,transfer,b2a_det2phase_toolpresence,123,val,efros,False,phase,F1,incision,0.9425981873111784,False
transfer__b2a_det2phase_toolpresence_021_b2a_det2phase_toolpresence_seed123,transfer,b2a_det2phase_toolpresence,123,val,efros,False,phase,F1,irrigation,0.0,False
transfer__b2a_det2phase_toolpresence_022_b2a_det2phase_toolpresence_seed456,transfer,b2a_det2phase_toolpresence,456,val,efros,False,phase,F1,anesthesia,1.0,False
transfer__b2a_det2phase_toolpresence_022_b2a_det2phase_toolpresence_seed456,transfer,b2a_det2phase_toolpresence,456,val,efros,False,phase,F1,closure,0.9376083188908145,False
transfer__b2a_det2phase_toolpresence_022_b2a_det2phase_toolpresence_seed456,transfer,b2a_det2phase_toolpresence,456,val,efros,False,phase,F1,design,1.0,False
transfer__b2a_det2phase_toolpresence_022_b2a_det2phase_toolpresence_seed456,transfer,b2a_det2phase_toolpresence,456,val,efros,False,phase,F1,disinfection,0.0,False
transfer__b2a_det2phase_toolpresence_022_b2a_det2phase_toolpresence_seed456,transfer,b2a_det2phase_toolpresence,456,val,efros,False,phase,F1,dissection,0.9422492401215806,False
transfer__b2a_det2phase_toolpresence_022_b2a_det2phase_toolpresence_seed456,transfer,b2a_det2phase_toolpresence,456,val,efros,False,phase,F1,dressing,0.0,False
transfer__b2a_det2phase_toolpresence_022_b2a_det2phase_toolpresence_seed456,transfer,b2a_det2phase_toolpresence,456,val,efros,False,phase,F1,hemostasis,0.6417910447761195,False
transfer__b2a_det2phase_toolpresence_022_b2a_det2phase_toolpresence_seed456,transfer,b2a_det2phase_toolpresence,456,val,efros,False,phase,F1,incision,0.9361702127659574,False
transfer__b2a_det2phase_toolpresence_022_b2a_det2phase_toolpresence_seed456,transfer,b2a_det2phase_toolpresence,456,val,efros,False,phase,F1,irrigation,0.0,False
transfer__b2a_det2phase_toolpresence_023_b2a_det2phase_toolpresence_seed456,transfer,b2a_det2phase_toolpresence,456,val,efros,False,phase,F1,anesthesia,1.0,False
transfer__b2a_det2phase_toolpresence_023_b2a_det2phase_toolpresence_seed456,transfer,b2a_det2phase_toolpresence,456,val,efros,False,phase,F1,closure,0.9343832020997375,False
transfer__b2a_det2phase_toolpresence_023_b2a_det2phase_toolpresence_seed456,transfer,b2a_det2phase_toolpresence,456,val,efros,False,phase,F1,design,1.0,False
transfer__b2a_det2phase_toolpresence_023_b2a_det2phase_toolpresence_seed456,transfer,b2a_det2phase_toolpresence,456,val,efros,False,phase,F1,disinfection,0.0,False
transfer__b2a_det2phase_toolpresence_023_b2a_det2phase_toolpresence_seed456,transfer,b2a_det2phase_toolpresence,456,val,efros,False,phase,F1,dissection,0.9393647738209817,False
transfer__b2a_det2phase_toolpresence_023_b2a_det2phase_toolpresence_seed456,transfer,b2a_det2phase_toolpresence,456,val,efros,False,phase,F1,dressing,0.0,False
transfer__b2a_det2phase_toolpresence_023_b2a_det2phase_toolpresence_seed456,transfer,b2a_det2phase_toolpresence,456,val,efros,False,phase,F1,hemostasis,0.7368421052631579,False
transfer__b2a_det2phase_toolpresence_023_b2a_det2phase_toolpresence_seed456,transfer,b2a_det2phase_toolpresence,456,val,efros,False,phase,F1,incision,0.9541284403669724,False
transfer__b2a_det2phase_toolpresence_023_b2a_det2phase_toolpresence_seed456,transfer,b2a_det2phase_toolpresence,456,val,efros,False,phase,F1,irrigation,0.0,False
transfer__b2a_det2phase_toolpresence_024_b2a_det2phase_toolpresence_seed42,transfer,b2a_det2phase_toolpresence,42,val,efros,False,phase,F1,anesthesia,0.9896907216494846,False
transfer__b2a_det2phase_toolpresence_024_b2a_det2phase_toolpresence_seed42,transfer,b2a_det2phase_toolpresence,42,val,efros,False,phase,F1,closure,0.9544658493870403,False
transfer__b2a_det2phase_toolpresence_024_b2a_det2phase_toolpresence_seed42,transfer,b2a_det2phase_toolpresence,42,val,efros,False,phase,F1,design,0.9951219512195122,False
transfer__b2a_det2phase_toolpresence_024_b2a_det2phase_toolpresence_seed42,transfer,b2a_det2phase_toolpresence,42,val,efros,False,phase,F1,disinfection,0.0,False
transfer__b2a_det2phase_toolpresence_024_b2a_det2phase_toolpresence_seed42,transfer,b2a_det2phase_toolpresence,42,val,efros,False,phase,F1,dissection,0.9437559580552907,False
transfer__b2a_det2phase_toolpresence_024_b2a_det2phase_toolpresence_seed42,transfer,b2a_det2phase_toolpresence,42,val,efros,False,phase,F1,dressing,0.0,False
transfer__b2a_det2phase_toolpresence_024_b2a_det2phase_toolpresence_seed42,transfer,b2a_det2phase_toolpresence,42,val,efros,False,phase,F1,hemostasis,0.7252747252747253,False
transfer__b2a_det2phase_toolpresence_024_b2a_det2phase_toolpresence_seed42,transfer,b2a_det2phase_toolpresence,42,val,efros,False,phase,F1,incision,0.923076923076923,False
transfer__b2a_det2phase_toolpresence_024_b2a_det2phase_toolpresence_seed42,transfer,b2a_det2phase_toolpresence,42,val,efros,False,phase,F1,irrigation,0.0,False
transfer__b2a_det2phase_toolpresence_025_b2a_det2phase_toolpresence_seed123,transfer,b2a_det2phase_toolpresence,123,val,efros,False,phase,F1,anesthesia,1.0,False
transfer__b2a_det2phase_toolpresence_025_b2a_det2phase_toolpresence_seed123,transfer,b2a_det2phase_toolpresence,123,val,efros,False,phase,F1,closure,0.9481865284974094,False
transfer__b2a_det2phase_toolpresence_025_b2a_det2phase_toolpresence_seed123,transfer,b2a_det2phase_toolpresence,123,val,efros,False,phase,F1,design,0.9951219512195122,False
transfer__b2a_det2phase_toolpresence_025_b2a_det2phase_toolpresence_seed123,transfer,b2a_det2phase_toolpresence,123,val,efros,False,phase,F1,disinfection,0.0,False
transfer__b2a_det2phase_toolpresence_025_b2a_det2phase_toolpresence_seed123,transfer,b2a_det2phase_toolpresence,123,val,efros,False,phase,F1,dissection,0.9475728155339807,False
transfer__b2a_det2phase_toolpresence_025_b2a_det2phase_toolpresence_seed123,transfer,b2a_det2phase_toolpresence,123,val,efros,False,phase,F1,dressing,0.0,False
transfer__b2a_det2phase_toolpresence_025_b2a_det2phase_toolpresence_seed123,transfer,b2a_det2phase_toolpresence,123,val,efros,False,phase,F1,hemostasis,0.688888888888889,False
transfer__b2a_det2phase_toolpresence_025_b2a_det2phase_toolpresence_seed123,transfer,b2a_det2phase_toolpresence,123,val,efros,False,phase,F1,incision,0.9174311926605504,False
transfer__b2a_det2phase_toolpresence_025_b2a_det2phase_toolpresence_seed123,transfer,b2a_det2phase_toolpresence,123,val,efros,False,phase,F1,irrigation,0.0,False
transfer__b2a_det2phase_toolpresence_026_b2a_det2phase_toolpresence_seed456,transfer,b2a_det2phase_toolpresence,456,val,efros,False,phase,F1,anesthesia,0.9948717948717948,False
transfer__b2a_det2phase_toolpresence_026_b2a_det2phase_toolpresence_seed456,transfer,b2a_det2phase_toolpresence,456,val,efros,False,phase,F1,closure,0.9434931506849314,False
transfer__b2a_det2phase_toolpresence_026_b2a_det2phase_toolpresence_seed456,transfer,b2a_det2phase_toolpresence,456,val,efros,False,phase,F1,design,0.9951219512195122,False
transfer__b2a_det2phase_toolpresence_026_b2a_det2phase_toolpresence_seed456,transfer,b2a_det2phase_toolpresence,456,val,efros,False,phase,F1,disinfection,0.0,False
transfer__b2a_det2phase_toolpresence_026_b2a_det2phase_toolpresence_seed456,transfer,b2a_det2phase_toolpresence,456,val,efros,False,phase,F1,dissection,0.9554896142433235,False
transfer__b2a_det2phase_toolpresence_026_b2a_det2phase_toolpresence_seed456,transfer,b2a_det2phase_toolpresence,456,val,efros,False,phase,F1,dressing,0.0,False
transfer__b2a_det2phase_toolpresence_026_b2a_det2phase_toolpresence_seed456,transfer,b2a_det2phase_toolpresence,456,val,efros,False,phase,F1,hemostasis,0.7599999999999999,False
transfer__b2a_det2phase_toolpresence_026_b2a_det2phase_toolpresence_seed456,transfer,b2a_det2phase_toolpresence,456,val,efros,False,phase,F1,incision,0.929663608562691,False
transfer__b2a_det2phase_toolpresence_026_b2a_det2phase_toolpresence_seed456,transfer,b2a_det2phase_toolpresence,456,val,efros,False,phase,F1,irrigation,0.0,False
transfer__b2a_det2phase_toolpresence_027_b2a_det2phase_toolpresence_seed42,transfer,b2a_det2phase_toolpresence,42,val,efros,False,phase,F1,anesthesia,1.0,False
transfer__b2a_det2phase_toolpresence_027_b2a_det2phase_toolpresence_seed42,transfer,b2a_det2phase_toolpresence,42,val,efros,False,phase,F1,closure,0.9375000000000001,False
transfer__b2a_det2phase_toolpresence_027_b2a_det2phase_toolpresence_seed42,transfer,b2a_det2phase_toolpresence,42,val,efros,False,phase,F1,design,1.0,False
transfer__b2a_det2phase_toolpresence_027_b2a_det2phase_toolpresence_seed42,transfer,b2a_det2phase_toolpresence,42,val,efros,False,phase,F1,disinfection,0.0,False
transfer__b2a_det2phase_toolpresence_027_b2a_det2phase_toolpresence_seed42,transfer,b2a_det2phase_toolpresence,42,val,efros,False,phase,F1,dissection,0.95069033530572,False
transfer__b2a_det2phase_toolpresence_027_b2a_det2phase_toolpresence_seed42,transfer,b2a_det2phase_toolpresence,42,val,efros,False,phase,F1,dressing,0.0,False
transfer__b2a_det2phase_toolpresence_027_b2a_det2phase_toolpresence_seed42,transfer,b2a_det2phase_toolpresence,42,val,efros,False,phase,F1,hemostasis,0.7476635514018691,False
transfer__b2a_det2phase_toolpresence_027_b2a_det2phase_toolpresence_seed42,transfer,b2a_det2phase_toolpresence,42,val,efros,False,phase,F1,incision,0.9486404833836858,False
transfer__b2a_det2phase_toolpresence_027_b2a_det2phase_toolpresence_seed42,transfer,b2a_det2phase_toolpresence,42,val,efros,False,phase,F1,irrigation,0.0,False
transfer__b2a_det2phase_toolpresence_028_b2a_det2phase_toolpresence_seed123,transfer,b2a_det2phase_toolpresence,123,val,efros,False,phase,F1,anesthesia,1.0,False
transfer__b2a_det2phase_toolpresence_028_b2a_det2phase_toolpresence_seed123,transfer,b2a_det2phase_toolpresence,123,val,efros,False,phase,F1,closure,0.9410745233968805,False
transfer__b2a_det2phase_toolpresence_028_b2a_det2phase_toolpresence_seed123,transfer,b2a_det2phase_toolpresence,123,val,efros,False,phase,F1,design,1.0,False
transfer__b2a_det2phase_toolpresence_028_b2a_det2phase_toolpresence_seed123,transfer,b2a_det2phase_toolpresence,123,val,efros,False,phase,F1,disinfection,0.0,False
transfer__b2a_det2phase_toolpresence_028_b2a_det2phase_toolpresence_seed123,transfer,b2a_det2phase_toolpresence,123,val,efros,False,phase,F1,dissection,0.9502439024390245,False
transfer__b2a_det2phase_toolpresence_028_b2a_det2phase_toolpresence_seed123,transfer,b2a_det2phase_toolpresence,123,val,efros,False,phase,F1,dressing,0.0,False
transfer__b2a_det2phase_toolpresence_028_b2a_det2phase_toolpresence_seed123,transfer,b2a_det2phase_toolpresence,123,val,efros,False,phase,F1,hemostasis,0.7311827956989247,False
transfer__b2a_det2phase_toolpresence_028_b2a_det2phase_toolpresence_seed123,transfer,b2a_det2phase_toolpresence,123,val,efros,False,phase,F1,incision,0.9397590361445782,False
transfer__b2a_det2phase_toolpresence_028_b2a_det2phase_toolpresence_seed123,transfer,b2a_det2phase_toolpresence,123,val,efros,False,phase,F1,irrigation,0.0,False
transfer__b2a_det2phase_toolpresence_029_b2a_det2phase_toolpresence_seed456,transfer,b2a_det2phase_toolpresence,456,val,efros,False,phase,F1,anesthesia,1.0,False
transfer__b2a_det2phase_toolpresence_029_b2a_det2phase_toolpresence_seed456,transfer,b2a_det2phase_toolpresence,456,val,efros,False,phase,F1,closure,0.9357638888888888,False
transfer__b2a_det2phase_toolpresence_029_b2a_det2phase_toolpresence_seed456,transfer,b2a_det2phase_toolpresence,456,val,efros,False,phase,F1,design,1.0,False
transfer__b2a_det2phase_toolpresence_029_b2a_det2phase_toolpresence_seed456,transfer,b2a_det2phase_toolpresence,456,val,efros,False,phase,F1,disinfection,0.0,False
transfer__b2a_det2phase_toolpresence_029_b2a_det2phase_toolpresence_seed456,transfer,b2a_det2phase_toolpresence,456,val,efros,False,phase,F1,dissection,0.9491193737769081,False
transfer__b2a_det2phase_toolpresence_029_b2a_det2phase_toolpresence_seed456,transfer,b2a_det2phase_toolpresence,456,val,efros,False,phase,F1,dressing,0.0,False
transfer__b2a_det2phase_toolpresence_029_b2a_det2phase_toolpresence_seed456,transfer,b2a_det2phase_toolpresence,456,val,efros,False,phase,F1,hemostasis,0.7676767676767676,False
transfer__b2a_det2phase_toolpresence_029_b2a_det2phase_toolpresence_seed456,transfer,b2a_det2phase_toolpresence,456,val,efros,False,phase,F1,incision,0.9486404833836858,False
transfer__b2a_det2phase_toolpresence_029_b2a_det2phase_toolpresence_seed456,transfer,b2a_det2phase_toolpresence,456,val,efros,False,phase,F1,irrigation,0.0,False
transfer__b2a_det2phase_toolpresence_030_b2a_det2phase_toolpresence_seed42,transfer,b2a_det2phase_toolpresence,42,val,efros,False,phase,F1,anesthesia,1.0,False
transfer__b2a_det2phase_toolpresence_030_b2a_det2phase_toolpresence_seed42,transfer,b2a_det2phase_toolpresence,42,val,efros,False,phase,F1,closure,0.9472759226713533,False
transfer__b2a_det2phase_toolpresence_030_b2a_det2phase_toolpresence_seed42,transfer,b2a_det2phase_toolpresence,42,val,efros,False,phase,F1,design,1.0,False
transfer__b2a_det2phase_toolpresence_030_b2a_det2phase_toolpresence_seed42,transfer,b2a_det2phase_toolpresence,42,val,efros,False,phase,F1,disinfection,0.0,False
transfer__b2a_det2phase_toolpresence_030_b2a_det2phase_toolpresence_seed42,transfer,b2a_det2phase_toolpresence,42,val,efros,False,phase,F1,dissection,0.9355149181905679,False
transfer__b2a_det2phase_toolpresence_030_b2a_det2phase_toolpresence_seed42,transfer,b2a_det2phase_toolpresence,42,val,efros,False,phase,F1,dressing,0.0,False
transfer__b2a_det2phase_toolpresence_030_b2a_det2phase_toolpresence_seed42,transfer,b2a_det2phase_toolpresence,42,val,efros,False,phase,F1,hemostasis,0.6451612903225806,False
transfer__b2a_det2phase_toolpresence_030_b2a_det2phase_toolpresence_seed42,transfer,b2a_det2phase_toolpresence,42,val,efros,False,phase,F1,incision,0.9461077844311377,False
transfer__b2a_det2phase_toolpresence_030_b2a_det2phase_toolpresence_seed42,transfer,b2a_det2phase_toolpresence,42,val,efros,False,phase,F1,irrigation,0.0,False
transfer__b2a_det2phase_toolpresence_031_b2a_det2phase_toolpresence_seed123,transfer,b2a_det2phase_toolpresence,123,val,efros,False,phase,F1,anesthesia,1.0,False
transfer__b2a_det2phase_toolpresence_031_b2a_det2phase_toolpresence_seed123,transfer,b2a_det2phase_toolpresence,123,val,efros,False,phase,F1,closure,0.9425087108013938,False
transfer__b2a_det2phase_toolpresence_031_b2a_det2phase_toolpresence_seed123,transfer,b2a_det2phase_toolpresence,123,val,efros,False,phase,F1,design,0.9951690821256038,False
transfer__b2a_det2phase_toolpresence_031_b2a_det2phase_toolpresence_seed123,transfer,b2a_det2phase_toolpresence,123,val,efros,False,phase,F1,disinfection,0.0,False
transfer__b2a_det2phase_toolpresence_031_b2a_det2phase_toolpresence_seed123,transfer,b2a_det2phase_toolpresence,123,val,efros,False,phase,F1,dissection,0.9362934362934364,False
transfer__b2a_det2phase_toolpresence_031_b2a_det2phase_toolpresence_seed123,transfer,b2a_det2phase_toolpresence,123,val,efros,False,phase,F1,dressing,0.0,False
transfer__b2a_det2phase_toolpresence_031_b2a_det2phase_toolpresence_seed123,transfer,b2a_det2phase_toolpresence,123,val,efros,False,phase,F1,hemostasis,0.5882352941176471,False
transfer__b2a_det2phase_toolpresence_031_b2a_det2phase_toolpresence_seed123,transfer,b2a_det2phase_toolpresence,123,val,efros,False,phase,F1,incision,0.940119760479042,False
transfer__b2a_det2phase_toolpresence_031_b2a_det2phase_toolpresence_seed123,transfer,b2a_det2phase_toolpresence,123,val,efros,False,phase,F1,irrigation,0.0,False
transfer__b2a_det2phase_toolpresence_032_b2a_det2phase_toolpresence_seed456,transfer,b2a_det2phase_toolpresence,456,val,efros,False,phase,F1,anesthesia,1.0,False
transfer__b2a_det2phase_toolpresence_032_b2a_det2phase_toolpresence_seed456,transfer,b2a_det2phase_toolpresence,456,val,efros,False,phase,F1,closure,0.9316017316017315,False
transfer__b2a_det2phase_toolpresence_032_b2a_det2phase_toolpresence_seed456,transfer,b2a_det2phase_toolpresence,456,val,efros,False,phase,F1,design,1.0,False
transfer__b2a_det2phase_toolpresence_032_b2a_det2phase_toolpresence_seed456,transfer,b2a_det2phase_toolpresence,456,val,efros,False,phase,F1,disinfection,0.0,False
transfer__b2a_det2phase_toolpresence_032_b2a_det2phase_toolpresence_seed456,transfer,b2a_det2phase_toolpresence,456,val,efros,False,phase,F1,dissection,0.9390125847047434,False
transfer__b2a_det2phase_toolpresence_032_b2a_det2phase_toolpresence_seed456,transfer,b2a_det2phase_toolpresence,456,val,efros,False,phase,F1,dressing,0.0,False
transfer__b2a_det2phase_toolpresence_032_b2a_det2phase_toolpresence_seed456,transfer,b2a_det2phase_toolpresence,456,val,efros,False,phase,F1,hemostasis,0.6666666666666666,False
transfer__b2a_det2phase_toolpresence_032_b2a_det2phase_toolpresence_seed456,transfer,b2a_det2phase_toolpresence,456,val,efros,False,phase,F1,incision,0.9509202453987731,False
transfer__b2a_det2phase_toolpresence_032_b2a_det2phase_toolpresence_seed456,transfer,b2a_det2phase_toolpresence,456,val,efros,False,phase,F1,irrigation,0.0,False
transfer__b2a_mask_dim_00_001_b2a_mask_dim_00_seed42,transfer,b2a_mask_dim_00,42,val,lecun,False,phase,F1,anesthesia,0.9948717948717948,False
transfer__b2a_mask_dim_00_001_b2a_mask_dim_00_seed42,transfer,b2a_mask_dim_00,42,val,lecun,False,phase,F1,closure,0.9536307961504812,False
transfer__b2a_mask_dim_00_001_b2a_mask_dim_00_seed42,transfer,b2a_mask_dim_00,42,val,lecun,False,phase,F1,design,0.9951219512195122,False
transfer__b2a_mask_dim_00_001_b2a_mask_dim_00_seed42,transfer,b2a_mask_dim_00,42,val,lecun,False,phase,F1,disinfection,0.0,False
transfer__b2a_mask_dim_00_001_b2a_mask_dim_00_seed42,transfer,b2a_mask_dim_00,42,val,lecun,False,phase,F1,dissection,0.9314285714285715,False
transfer__b2a_mask_dim_00_001_b2a_mask_dim_00_seed42,transfer,b2a_mask_dim_00,42,val,lecun,False,phase,F1,dressing,0.0,False
transfer__b2a_mask_dim_00_001_b2a_mask_dim_00_seed42,transfer,b2a_mask_dim_00,42,val,lecun,False,phase,F1,hemostasis,0.5617977528089887,False
transfer__b2a_mask_dim_00_001_b2a_mask_dim_00_seed42,transfer,b2a_mask_dim_00,42,val,lecun,False,phase,F1,incision,0.9197530864197531,False
transfer__b2a_mask_dim_00_001_b2a_mask_dim_00_seed42,transfer,b2a_mask_dim_00,42,val,lecun,False,phase,F1,irrigation,0.0,False
transfer__b2a_mask_dim_00_002_b2a_mask_dim_00_seed123,transfer,b2a_mask_dim_00,123,val,lecun,False,phase,F1,anesthesia,0.9948717948717948,False
transfer__b2a_mask_dim_00_002_b2a_mask_dim_00_seed123,transfer,b2a_mask_dim_00,123,val,lecun,False,phase,F1,closure,0.94874022589053,False
transfer__b2a_mask_dim_00_002_b2a_mask_dim_00_seed123,transfer,b2a_mask_dim_00,123,val,lecun,False,phase,F1,design,0.9951219512195122,False
transfer__b2a_mask_dim_00_002_b2a_mask_dim_00_seed123,transfer,b2a_mask_dim_00,123,val,lecun,False,phase,F1,disinfection,0.0,False
transfer__b2a_mask_dim_00_002_b2a_mask_dim_00_seed123,transfer,b2a_mask_dim_00,123,val,lecun,False,phase,F1,dissection,0.9346341463414635,False
transfer__b2a_mask_dim_00_002_b2a_mask_dim_00_seed123,transfer,b2a_mask_dim_00,123,val,lecun,False,phase,F1,dressing,0.0,False
transfer__b2a_mask_dim_00_002_b2a_mask_dim_00_seed123,transfer,b2a_mask_dim_00,123,val,lecun,False,phase,F1,hemostasis,0.5833333333333334,False
transfer__b2a_mask_dim_00_002_b2a_mask_dim_00_seed123,transfer,b2a_mask_dim_00,123,val,lecun,False,phase,F1,incision,0.9281437125748503,False
transfer__b2a_mask_dim_00_002_b2a_mask_dim_00_seed123,transfer,b2a_mask_dim_00,123,val,lecun,False,phase,F1,irrigation,0.0,False
transfer__b2a_mask_dim_00_003_b2a_mask_dim_00_seed456,transfer,b2a_mask_dim_00,456,val,lecun,False,phase,F1,anesthesia,0.9948717948717948,False
transfer__b2a_mask_dim_00_003_b2a_mask_dim_00_seed456,transfer,b2a_mask_dim_00,456,val,lecun,False,phase,F1,closure,0.9364944961896698,False
transfer__b2a_mask_dim_00_003_b2a_mask_dim_00_seed456,transfer,b2a_mask_dim_00,456,val,lecun,False,phase,F1,design,1.0,False
transfer__b2a_mask_dim_00_003_b2a_mask_dim_00_seed456,transfer,b2a_mask_dim_00,456,val,lecun,False,phase,F1,disinfection,0.0,False
transfer__b2a_mask_dim_00_003_b2a_mask_dim_00_seed456,transfer,b2a_mask_dim_00,456,val,lecun,False,phase,F1,dissection,0.9478859390363814,False
transfer__b2a_mask_dim_00_003_b2a_mask_dim_00_seed456,transfer,b2a_mask_dim_00,456,val,lecun,False,phase,F1,dressing,0.0,False
transfer__b2a_mask_dim_00_003_b2a_mask_dim_00_seed456,transfer,b2a_mask_dim_00,456,val,lecun,False,phase,F1,hemostasis,0.475,False
transfer__b2a_mask_dim_00_003_b2a_mask_dim_00_seed456,transfer,b2a_mask_dim_00,456,val,lecun,False,phase,F1,incision,0.9235474006116209,False
transfer__b2a_mask_dim_00_003_b2a_mask_dim_00_seed456,transfer,b2a_mask_dim_00,456,val,lecun,False,phase,F1,irrigation,0.0,False
transfer__b2a_mask_dim_01_001_b2a_mask_dim_01_seed42,transfer,b2a_mask_dim_01,42,val,lecun,False,phase,F1,anesthesia,0.9896907216494846,False
transfer__b2a_mask_dim_01_001_b2a_mask_dim_01_seed42,transfer,b2a_mask_dim_01,42,val,lecun,False,phase,F1,closure,0.9532215357458076,False
transfer__b2a_mask_dim_01_001_b2a_mask_dim_01_seed42,transfer,b2a_mask_dim_01,42,val,lecun,False,phase,F1,design,1.0,False
transfer__b2a_mask_dim_01_001_b2a_mask_dim_01_seed42,transfer,b2a_mask_dim_01,42,val,lecun,False,phase,F1,disinfection,0.0,False
transfer__b2a_mask_dim_01_001_b2a_mask_dim_01_seed42,transfer,b2a_mask_dim_01,42,val,lecun,False,phase,F1,dissection,0.9442307692307692,False
transfer__b2a_mask_dim_01_001_b2a_mask_dim_01_seed42,transfer,b2a_mask_dim_01,42,val,lecun,False,phase,F1,dressing,0.0,False
transfer__b2a_mask_dim_01_001_b2a_mask_dim_01_seed42,transfer,b2a_mask_dim_01,42,val,lecun,False,phase,F1,hemostasis,0.7378640776699029,False
transfer__b2a_mask_dim_01_001_b2a_mask_dim_01_seed42,transfer,b2a_mask_dim_01,42,val,lecun,False,phase,F1,incision,0.9393939393939394,False
transfer__b2a_mask_dim_01_001_b2a_mask_dim_01_seed42,transfer,b2a_mask_dim_01,42,val,lecun,False,phase,F1,irrigation,0.0,False
transfer__b2a_mask_dim_01_002_b2a_mask_dim_01_seed123,transfer,b2a_mask_dim_01,123,val,lecun,False,phase,F1,anesthesia,0.9948717948717948,False
transfer__b2a_mask_dim_01_002_b2a_mask_dim_01_seed123,transfer,b2a_mask_dim_01,123,val,lecun,False,phase,F1,closure,0.9462738301559792,False
transfer__b2a_mask_dim_01_002_b2a_mask_dim_01_seed123,transfer,b2a_mask_dim_01,123,val,lecun,False,phase,F1,design,0.9951219512195122,False
transfer__b2a_mask_dim_01_002_b2a_mask_dim_01_seed123,transfer,b2a_mask_dim_01,123,val,lecun,False,phase,F1,disinfection,0.0,False
transfer__b2a_mask_dim_01_002_b2a_mask_dim_01_seed123,transfer,b2a_mask_dim_01,123,val,lecun,False,phase,F1,dissection,0.943579766536965,False
transfer__b2a_mask_dim_01_002_b2a_mask_dim_01_seed123,transfer,b2a_mask_dim_01,123,val,lecun,False,phase,F1,dressing,0.0,False
transfer__b2a_mask_dim_01_002_b2a_mask_dim_01_seed123,transfer,b2a_mask_dim_01,123,val,lecun,False,phase,F1,hemostasis,0.6808510638297872,False
transfer__b2a_mask_dim_01_002_b2a_mask_dim_01_seed123,transfer,b2a_mask_dim_01,123,val,lecun,False,phase,F1,incision,0.9272727272727272,False
transfer__b2a_mask_dim_01_002_b2a_mask_dim_01_seed123,transfer,b2a_mask_dim_01,123,val,lecun,False,phase,F1,irrigation,0.0,False
transfer__b2a_mask_dim_01_003_b2a_mask_dim_01_seed456,transfer,b2a_mask_dim_01,456,val,lecun,False,phase,F1,anesthesia,0.9948717948717948,False
transfer__b2a_mask_dim_01_003_b2a_mask_dim_01_seed456,transfer,b2a_mask_dim_01,456,val,lecun,False,phase,F1,closure,0.9451697127937336,False
transfer__b2a_mask_dim_01_003_b2a_mask_dim_01_seed456,transfer,b2a_mask_dim_01,456,val,lecun,False,phase,F1,design,0.9951219512195122,False
transfer__b2a_mask_dim_01_003_b2a_mask_dim_01_seed456,transfer,b2a_mask_dim_01,456,val,lecun,False,phase,F1,disinfection,0.0,False
transfer__b2a_mask_dim_01_003_b2a_mask_dim_01_seed456,transfer,b2a_mask_dim_01,456,val,lecun,False,phase,F1,dissection,0.9459459459459459,False
transfer__b2a_mask_dim_01_003_b2a_mask_dim_01_seed456,transfer,b2a_mask_dim_01,456,val,lecun,False,phase,F1,dressing,0.0,False
transfer__b2a_mask_dim_01_003_b2a_mask_dim_01_seed456,transfer,b2a_mask_dim_01,456,val,lecun,False,phase,F1,hemostasis,0.7311827956989247,False
transfer__b2a_mask_dim_01_003_b2a_mask_dim_01_seed456,transfer,b2a_mask_dim_01,456,val,lecun,False,phase,F1,incision,0.9329268292682927,False
transfer__b2a_mask_dim_01_003_b2a_mask_dim_01_seed456,transfer,b2a_mask_dim_01,456,val,lecun,False,phase,F1,irrigation,0.0,False
transfer__b2a_mask_dim_02_001_b2a_mask_dim_02_seed42,transfer,b2a_mask_dim_02,42,val,lecun,False,phase,F1,anesthesia,0.9948717948717948,False
transfer__b2a_mask_dim_02_001_b2a_mask_dim_02_seed42,transfer,b2a_mask_dim_02,42,val,lecun,False,phase,F1,closure,0.947008547008547,False
transfer__b2a_mask_dim_02_001_b2a_mask_dim_02_seed42,transfer,b2a_mask_dim_02,42,val,lecun,False,phase,F1,design,0.9951219512195122,False
transfer__b2a_mask_dim_02_001_b2a_mask_dim_02_seed42,transfer,b2a_mask_dim_02,42,val,lecun,False,phase,F1,disinfection,0.0,False
transfer__b2a_mask_dim_02_001_b2a_mask_dim_02_seed42,transfer,b2a_mask_dim_02,42,val,lecun,False,phase,F1,dissection,0.9475766567754698,False
transfer__b2a_mask_dim_02_001_b2a_mask_dim_02_seed42,transfer,b2a_mask_dim_02,42,val,lecun,False,phase,F1,dressing,0.0,False
transfer__b2a_mask_dim_02_001_b2a_mask_dim_02_seed42,transfer,b2a_mask_dim_02,42,val,lecun,False,phase,F1,hemostasis,0.7378640776699029,False
transfer__b2a_mask_dim_02_001_b2a_mask_dim_02_seed42,transfer,b2a_mask_dim_02,42,val,lecun,False,phase,F1,incision,0.9192546583850931,False
transfer__b2a_mask_dim_02_001_b2a_mask_dim_02_seed42,transfer,b2a_mask_dim_02,42,val,lecun,False,phase,F1,irrigation,0.0,False
transfer__b2a_mask_dim_02_002_b2a_mask_dim_02_seed123,transfer,b2a_mask_dim_02,123,val,lecun,False,phase,F1,anesthesia,0.9948717948717948,False
transfer__b2a_mask_dim_02_002_b2a_mask_dim_02_seed123,transfer,b2a_mask_dim_02,123,val,lecun,False,phase,F1,closure,0.9466437177280551,False
transfer__b2a_mask_dim_02_002_b2a_mask_dim_02_seed123,transfer,b2a_mask_dim_02,123,val,lecun,False,phase,F1,design,0.9852216748768473,False
transfer__b2a_mask_dim_02_002_b2a_mask_dim_02_seed123,transfer,b2a_mask_dim_02,123,val,lecun,False,phase,F1,disinfection,0.0,False
transfer__b2a_mask_dim_02_002_b2a_mask_dim_02_seed123,transfer,b2a_mask_dim_02,123,val,lecun,False,phase,F1,dissection,0.9514370664023785,False
transfer__b2a_mask_dim_02_002_b2a_mask_dim_02_seed123,transfer,b2a_mask_dim_02,123,val,lecun,False,phase,F1,dressing,0.0,False
transfer__b2a_mask_dim_02_002_b2a_mask_dim_02_seed123,transfer,b2a_mask_dim_02,123,val,lecun,False,phase,F1,hemostasis,0.6990291262135923,False
transfer__b2a_mask_dim_02_002_b2a_mask_dim_02_seed123,transfer,b2a_mask_dim_02,123,val,lecun,False,phase,F1,incision,0.9221556886227545,False
transfer__b2a_mask_dim_02_002_b2a_mask_dim_02_seed123,transfer,b2a_mask_dim_02,123,val,lecun,False,phase,F1,irrigation,0.0,False
transfer__b2a_mask_dim_02_003_b2a_mask_dim_02_seed456,transfer,b2a_mask_dim_02,456,val,lecun,False,phase,F1,anesthesia,0.9896907216494846,False
transfer__b2a_mask_dim_02_003_b2a_mask_dim_02_seed456,transfer,b2a_mask_dim_02,456,val,lecun,False,phase,F1,closure,0.9405594405594405,False
transfer__b2a_mask_dim_02_003_b2a_mask_dim_02_seed456,transfer,b2a_mask_dim_02,456,val,lecun,False,phase,F1,design,0.9951219512195122,False
transfer__b2a_mask_dim_02_003_b2a_mask_dim_02_seed456,transfer,b2a_mask_dim_02,456,val,lecun,False,phase,F1,disinfection,0.0,False
transfer__b2a_mask_dim_02_003_b2a_mask_dim_02_seed456,transfer,b2a_mask_dim_02,456,val,lecun,False,phase,F1,dissection,0.9423076923076923,False
transfer__b2a_mask_dim_02_003_b2a_mask_dim_02_seed456,transfer,b2a_mask_dim_02,456,val,lecun,False,phase,F1,dressing,0.0,False
transfer__b2a_mask_dim_02_003_b2a_mask_dim_02_seed456,transfer,b2a_mask_dim_02,456,val,lecun,False,phase,F1,hemostasis,0.7835051546391752,False
transfer__b2a_mask_dim_02_003_b2a_mask_dim_02_seed456,transfer,b2a_mask_dim_02,456,val,lecun,False,phase,F1,incision,0.920245398773006,False
transfer__b2a_mask_dim_02_003_b2a_mask_dim_02_seed456,transfer,b2a_mask_dim_02,456,val,lecun,False,phase,F1,irrigation,0.0,False
transfer__b2a_mask_dim_03_001_b2a_mask_dim_03_seed42,transfer,b2a_mask_dim_03,42,val,lecun,False,phase,F1,anesthesia,0.9896907216494846,False
transfer__b2a_mask_dim_03_001_b2a_mask_dim_03_seed42,transfer,b2a_mask_dim_03,42,val,lecun,False,phase,F1,closure,0.9459227467811159,False
transfer__b2a_mask_dim_03_001_b2a_mask_dim_03_seed42,transfer,b2a_mask_dim_03,42,val,lecun,False,phase,F1,design,0.9951219512195122,False
transfer__b2a_mask_dim_03_001_b2a_mask_dim_03_seed42,transfer,b2a_mask_dim_03,42,val,lecun,False,phase,F1,disinfection,0.0,False
transfer__b2a_mask_dim_03_001_b2a_mask_dim_03_seed42,transfer,b2a_mask_dim_03,42,val,lecun,False,phase,F1,dissection,0.9478859390363814,False
transfer__b2a_mask_dim_03_001_b2a_mask_dim_03_seed42,transfer,b2a_mask_dim_03,42,val,lecun,False,phase,F1,dressing,0.0,False
transfer__b2a_mask_dim_03_001_b2a_mask_dim_03_seed42,transfer,b2a_mask_dim_03,42,val,lecun,False,phase,F1,hemostasis,0.7010309278350515,False
transfer__b2a_mask_dim_03_001_b2a_mask_dim_03_seed42,transfer,b2a_mask_dim_03,42,val,lecun,False,phase,F1,incision,0.9207317073170731,False
transfer__b2a_mask_dim_03_001_b2a_mask_dim_03_seed42,transfer,b2a_mask_dim_03,42,val,lecun,False,phase,F1,irrigation,0.0,False
transfer__b2a_mask_dim_03_002_b2a_mask_dim_03_seed123,transfer,b2a_mask_dim_03,123,val,lecun,False,phase,F1,anesthesia,0.9948717948717948,False
transfer__b2a_mask_dim_03_002_b2a_mask_dim_03_seed123,transfer,b2a_mask_dim_03,123,val,lecun,False,phase,F1,closure,0.9450171821305843,False
transfer__b2a_mask_dim_03_002_b2a_mask_dim_03_seed123,transfer,b2a_mask_dim_03,123,val,lecun,False,phase,F1,design,0.9951219512195122,False
transfer__b2a_mask_dim_03_002_b2a_mask_dim_03_seed123,transfer,b2a_mask_dim_03,123,val,lecun,False,phase,F1,disinfection,0.0,False
transfer__b2a_mask_dim_03_002_b2a_mask_dim_03_seed123,transfer,b2a_mask_dim_03,123,val,lecun,False,phase,F1,dissection,0.9501466275659823,False
transfer__b2a_mask_dim_03_002_b2a_mask_dim_03_seed123,transfer,b2a_mask_dim_03,123,val,lecun,False,phase,F1,dressing,0.0,False
transfer__b2a_mask_dim_03_002_b2a_mask_dim_03_seed123,transfer,b2a_mask_dim_03,123,val,lecun,False,phase,F1,hemostasis,0.688888888888889,False
transfer__b2a_mask_dim_03_002_b2a_mask_dim_03_seed123,transfer,b2a_mask_dim_03,123,val,lecun,False,phase,F1,incision,0.9240121580547113,False
transfer__b2a_mask_dim_03_002_b2a_mask_dim_03_seed123,transfer,b2a_mask_dim_03,123,val,lecun,False,phase,F1,irrigation,0.0,False
transfer__b2a_mask_dim_03_003_b2a_mask_dim_03_seed456,transfer,b2a_mask_dim_03,456,val,lecun,False,phase,F1,anesthesia,0.9948717948717948,False
transfer__b2a_mask_dim_03_003_b2a_mask_dim_03_seed456,transfer,b2a_mask_dim_03,456,val,lecun,False,phase,F1,closure,0.9418803418803419,False
transfer__b2a_mask_dim_03_003_b2a_mask_dim_03_seed456,transfer,b2a_mask_dim_03,456,val,lecun,False,phase,F1,design,0.9951219512195122,False
transfer__b2a_mask_dim_03_003_b2a_mask_dim_03_seed456,transfer,b2a_mask_dim_03,456,val,lecun,False,phase,F1,disinfection,0.0,False
transfer__b2a_mask_dim_03_003_b2a_mask_dim_03_seed456,transfer,b2a_mask_dim_03,456,val,lecun,False,phase,F1,dissection,0.9581673306772908,False
transfer__b2a_mask_dim_03_003_b2a_mask_dim_03_seed456,transfer,b2a_mask_dim_03,456,val,lecun,False,phase,F1,dressing,0.0,False
transfer__b2a_mask_dim_03_003_b2a_mask_dim_03_seed456,transfer,b2a_mask_dim_03,456,val,lecun,False,phase,F1,hemostasis,0.7884615384615385,False
transfer__b2a_mask_dim_03_003_b2a_mask_dim_03_seed456,transfer,b2a_mask_dim_03,456,val,lecun,False,phase,F1,incision,0.9329268292682927,False
transfer__b2a_mask_dim_03_003_b2a_mask_dim_03_seed456,transfer,b2a_mask_dim_03,456,val,lecun,False,phase,F1,irrigation,0.0,False
transfer__b2a_mask_dim_04_001_b2a_mask_dim_04_seed42,transfer,b2a_mask_dim_04,42,val,lecun,False,phase,F1,anesthesia,1.0,False
transfer__b2a_mask_dim_04_001_b2a_mask_dim_04_seed42,transfer,b2a_mask_dim_04,42,val,lecun,False,phase,F1,closure,0.9463667820069205,False
transfer__b2a_mask_dim_04_001_b2a_mask_dim_04_seed42,transfer,b2a_mask_dim_04,42,val,lecun,False,phase,F1,design,1.0,False
transfer__b2a_mask_dim_04_001_b2a_mask_dim_04_seed42,transfer,b2a_mask_dim_04,42,val,lecun,False,phase,F1,disinfection,0.0,False
transfer__b2a_mask_dim_04_001_b2a_mask_dim_04_seed42,transfer,b2a_mask_dim_04,42,val,lecun,False,phase,F1,dissection,0.9357976653696497,False
transfer__b2a_mask_dim_04_001_b2a_mask_dim_04_seed42,transfer,b2a_mask_dim_04,42,val,lecun,False,phase,F1,dressing,0.0,False
transfer__b2a_mask_dim_04_001_b2a_mask_dim_04_seed42,transfer,b2a_mask_dim_04,42,val,lecun,False,phase,F1,hemostasis,0.7454545454545455,False
transfer__b2a_mask_dim_04_001_b2a_mask_dim_04_seed42,transfer,b2a_mask_dim_04,42,val,lecun,False,phase,F1,incision,0.896774193548387,False
transfer__b2a_mask_dim_04_001_b2a_mask_dim_04_seed42,transfer,b2a_mask_dim_04,42,val,lecun,False,phase,F1,irrigation,0.0,False
transfer__b2a_mask_dim_04_002_b2a_mask_dim_04_seed123,transfer,b2a_mask_dim_04,123,val,lecun,False,phase,F1,anesthesia,0.9948717948717948,False
transfer__b2a_mask_dim_04_002_b2a_mask_dim_04_seed123,transfer,b2a_mask_dim_04,123,val,lecun,False,phase,F1,closure,0.9495652173913043,False
transfer__b2a_mask_dim_04_002_b2a_mask_dim_04_seed123,transfer,b2a_mask_dim_04,123,val,lecun,False,phase,F1,design,0.9951219512195122,False
transfer__b2a_mask_dim_04_002_b2a_mask_dim_04_seed123,transfer,b2a_mask_dim_04,123,val,lecun,False,phase,F1,disinfection,0.0,False
transfer__b2a_mask_dim_04_002_b2a_mask_dim_04_seed123,transfer,b2a_mask_dim_04,123,val,lecun,False,phase,F1,dissection,0.9439071566731142,False
transfer__b2a_mask_dim_04_002_b2a_mask_dim_04_seed123,transfer,b2a_mask_dim_04,123,val,lecun,False,phase,F1,dressing,0.0,False
transfer__b2a_mask_dim_04_002_b2a_mask_dim_04_seed123,transfer,b2a_mask_dim_04,123,val,lecun,False,phase,F1,hemostasis,0.688888888888889,False
transfer__b2a_mask_dim_04_002_b2a_mask_dim_04_seed123,transfer,b2a_mask_dim_04,123,val,lecun,False,phase,F1,incision,0.9337349397590361,False
transfer__b2a_mask_dim_04_002_b2a_mask_dim_04_seed123,transfer,b2a_mask_dim_04,123,val,lecun,False,phase,F1,irrigation,0.0,False
transfer__b2a_mask_dim_04_003_b2a_mask_dim_04_seed456,transfer,b2a_mask_dim_04,456,val,lecun,False,phase,F1,anesthesia,1.0,False
transfer__b2a_mask_dim_04_003_b2a_mask_dim_04_seed456,transfer,b2a_mask_dim_04,456,val,lecun,False,phase,F1,closure,0.9434931506849314,False
transfer__b2a_mask_dim_04_003_b2a_mask_dim_04_seed456,transfer,b2a_mask_dim_04,456,val,lecun,False,phase,F1,design,1.0,False
transfer__b2a_mask_dim_04_003_b2a_mask_dim_04_seed456,transfer,b2a_mask_dim_04,456,val,lecun,False,phase,F1,disinfection,0.0,False
transfer__b2a_mask_dim_04_003_b2a_mask_dim_04_seed456,transfer,b2a_mask_dim_04,456,val,lecun,False,phase,F1,dissection,0.9540918163672655,False
transfer__b2a_mask_dim_04_003_b2a_mask_dim_04_seed456,transfer,b2a_mask_dim_04,456,val,lecun,False,phase,F1,dressing,0.0,False
transfer__b2a_mask_dim_04_003_b2a_mask_dim_04_seed456,transfer,b2a_mask_dim_04,456,val,lecun,False,phase,F1,hemostasis,0.7706422018348624,False
transfer__b2a_mask_dim_04_003_b2a_mask_dim_04_seed456,transfer,b2a_mask_dim_04,456,val,lecun,False,phase,F1,incision,0.9415384615384615,False
transfer__b2a_mask_dim_04_003_b2a_mask_dim_04_seed456,transfer,b2a_mask_dim_04,456,val,lecun,False,phase,F1,irrigation,0.0,False
transfer__b2a_mask_dim_05_001_b2a_mask_dim_05_seed42,transfer,b2a_mask_dim_05,42,val,lecun,False,phase,F1,anesthesia,0.9948717948717948,False
transfer__b2a_mask_dim_05_001_b2a_mask_dim_05_seed42,transfer,b2a_mask_dim_05,42,val,lecun,False,phase,F1,closure,0.9463327370304114,False
transfer__b2a_mask_dim_05_001_b2a_mask_dim_05_seed42,transfer,b2a_mask_dim_05,42,val,lecun,False,phase,F1,design,0.9951219512195122,False
transfer__b2a_mask_dim_05_001_b2a_mask_dim_05_seed42,transfer,b2a_mask_dim_05,42,val,lecun,False,phase,F1,disinfection,0.0,False
transfer__b2a_mask_dim_05_001_b2a_mask_dim_05_seed42,transfer,b2a_mask_dim_05,42,val,lecun,False,phase,F1,dissection,0.9309366130558184,False
transfer__b2a_mask_dim_05_001_b2a_mask_dim_05_seed42,transfer,b2a_mask_dim_05,42,val,lecun,False,phase,F1,dressing,0.0,False
transfer__b2a_mask_dim_05_001_b2a_mask_dim_05_seed42,transfer,b2a_mask_dim_05,42,val,lecun,False,phase,F1,hemostasis,0.7378640776699029,False
transfer__b2a_mask_dim_05_001_b2a_mask_dim_05_seed42,transfer,b2a_mask_dim_05,42,val,lecun,False,phase,F1,incision,0.9329268292682927,False
transfer__b2a_mask_dim_05_001_b2a_mask_dim_05_seed42,transfer,b2a_mask_dim_05,42,val,lecun,False,phase,F1,irrigation,0.0,False
transfer__b2a_mask_dim_05_002_b2a_mask_dim_05_seed123,transfer,b2a_mask_dim_05,123,val,lecun,False,phase,F1,anesthesia,0.9948717948717948,False
transfer__b2a_mask_dim_05_002_b2a_mask_dim_05_seed123,transfer,b2a_mask_dim_05,123,val,lecun,False,phase,F1,closure,0.9490940465918896,False
transfer__b2a_mask_dim_05_002_b2a_mask_dim_05_seed123,transfer,b2a_mask_dim_05,123,val,lecun,False,phase,F1,design,0.9951219512195122,False
transfer__b2a_mask_dim_05_002_b2a_mask_dim_05_seed123,transfer,b2a_mask_dim_05,123,val,lecun,False,phase,F1,disinfection,0.0,False
transfer__b2a_mask_dim_05_002_b2a_mask_dim_05_seed123,transfer,b2a_mask_dim_05,123,val,lecun,False,phase,F1,dissection,0.951171875,False
transfer__b2a_mask_dim_05_002_b2a_mask_dim_05_seed123,transfer,b2a_mask_dim_05,123,val,lecun,False,phase,F1,dressing,0.0,False
transfer__b2a_mask_dim_05_002_b2a_mask_dim_05_seed123,transfer,b2a_mask_dim_05,123,val,lecun,False,phase,F1,hemostasis,0.7032967032967032,False
transfer__b2a_mask_dim_05_002_b2a_mask_dim_05_seed123,transfer,b2a_mask_dim_05,123,val,lecun,False,phase,F1,incision,0.9337349397590361,False
transfer__b2a_mask_dim_05_002_b2a_mask_dim_05_seed123,transfer,b2a_mask_dim_05,123,val,lecun,False,phase,F1,irrigation,0.0,False
transfer__b2a_mask_dim_05_003_b2a_mask_dim_05_seed456,transfer,b2a_mask_dim_05,456,val,lecun,False,phase,F1,anesthesia,0.9948717948717948,False
transfer__b2a_mask_dim_05_003_b2a_mask_dim_05_seed456,transfer,b2a_mask_dim_05,456,val,lecun,False,phase,F1,closure,0.9451114922813036,False
transfer__b2a_mask_dim_05_003_b2a_mask_dim_05_seed456,transfer,b2a_mask_dim_05,456,val,lecun,False,phase,F1,design,1.0,False
transfer__b2a_mask_dim_05_003_b2a_mask_dim_05_seed456,transfer,b2a_mask_dim_05,456,val,lecun,False,phase,F1,disinfection,0.0,False
transfer__b2a_mask_dim_05_003_b2a_mask_dim_05_seed456,transfer,b2a_mask_dim_05,456,val,lecun,False,phase,F1,dissection,0.9584158415841585,False
transfer__b2a_mask_dim_05_003_b2a_mask_dim_05_seed456,transfer,b2a_mask_dim_05,456,val,lecun,False,phase,F1,dressing,0.0,False
transfer__b2a_mask_dim_05_003_b2a_mask_dim_05_seed456,transfer,b2a_mask_dim_05,456,val,lecun,False,phase,F1,hemostasis,0.78,False
transfer__b2a_mask_dim_05_003_b2a_mask_dim_05_seed456,transfer,b2a_mask_dim_05,456,val,lecun,False,phase,F1,incision,0.9361702127659574,False
transfer__b2a_mask_dim_05_003_b2a_mask_dim_05_seed456,transfer,b2a_mask_dim_05,456,val,lecun,False,phase,F1,irrigation,0.0,False
transfer__b2a_mask_dim_06_001_b2a_mask_dim_06_seed42,transfer,b2a_mask_dim_06,42,val,lecun,False,phase,F1,anesthesia,0.9948717948717948,False
transfer__b2a_mask_dim_06_001_b2a_mask_dim_06_seed42,transfer,b2a_mask_dim_06,42,val,lecun,False,phase,F1,closure,0.9379779099405267,False
transfer__b2a_mask_dim_06_001_b2a_mask_dim_06_seed42,transfer,b2a_mask_dim_06,42,val,lecun,False,phase,F1,design,0.9951219512195122,False
transfer__b2a_mask_dim_06_001_b2a_mask_dim_06_seed42,transfer,b2a_mask_dim_06,42,val,lecun,False,phase,F1,disinfection,0.0,False
transfer__b2a_mask_dim_06_001_b2a_mask_dim_06_seed42,transfer,b2a_mask_dim_06,42,val,lecun,False,phase,F1,dissection,0.9509803921568628,False
transfer__b2a_mask_dim_06_001_b2a_mask_dim_06_seed42,transfer,b2a_mask_dim_06,42,val,lecun,False,phase,F1,dressing,0.0,False
transfer__b2a_mask_dim_06_001_b2a_mask_dim_06_seed42,transfer,b2a_mask_dim_06,42,val,lecun,False,phase,F1,hemostasis,0.5569620253164557,False
transfer__b2a_mask_dim_06_001_b2a_mask_dim_06_seed42,transfer,b2a_mask_dim_06,42,val,lecun,False,phase,F1,incision,0.9212121212121211,False
transfer__b2a_mask_dim_06_001_b2a_mask_dim_06_seed42,transfer,b2a_mask_dim_06,42,val,lecun,False,phase,F1,irrigation,0.0,False
transfer__b2a_mask_dim_06_002_b2a_mask_dim_06_seed123,transfer,b2a_mask_dim_06,123,val,lecun,False,phase,F1,anesthesia,0.9948717948717948,False
transfer__b2a_mask_dim_06_002_b2a_mask_dim_06_seed123,transfer,b2a_mask_dim_06,123,val,lecun,False,phase,F1,closure,0.9400684931506849,False
transfer__b2a_mask_dim_06_002_b2a_mask_dim_06_seed123,transfer,b2a_mask_dim_06,123,val,lecun,False,phase,F1,design,1.0,False
transfer__b2a_mask_dim_06_002_b2a_mask_dim_06_seed123,transfer,b2a_mask_dim_06,123,val,lecun,False,phase,F1,disinfection,0.0,False
transfer__b2a_mask_dim_06_002_b2a_mask_dim_06_seed123,transfer,b2a_mask_dim_06,123,val,lecun,False,phase,F1,dissection,0.9481915933528836,False
transfer__b2a_mask_dim_06_002_b2a_mask_dim_06_seed123,transfer,b2a_mask_dim_06,123,val,lecun,False,phase,F1,dressing,0.0,False
transfer__b2a_mask_dim_06_002_b2a_mask_dim_06_seed123,transfer,b2a_mask_dim_06,123,val,lecun,False,phase,F1,hemostasis,0.688888888888889,False
transfer__b2a_mask_dim_06_002_b2a_mask_dim_06_seed123,transfer,b2a_mask_dim_06,123,val,lecun,False,phase,F1,incision,0.9197530864197531,False
transfer__b2a_mask_dim_06_002_b2a_mask_dim_06_seed123,transfer,b2a_mask_dim_06,123,val,lecun,False,phase,F1,irrigation,0.0,False
transfer__b2a_mask_dim_06_003_b2a_mask_dim_06_seed456,transfer,b2a_mask_dim_06,456,val,lecun,False,phase,F1,anesthesia,0.9948717948717948,False
transfer__b2a_mask_dim_06_003_b2a_mask_dim_06_seed456,transfer,b2a_mask_dim_06,456,val,lecun,False,phase,F1,closure,0.9307958477508649,False
transfer__b2a_mask_dim_06_003_b2a_mask_dim_06_seed456,transfer,b2a_mask_dim_06,456,val,lecun,False,phase,F1,design,1.0,False
transfer__b2a_mask_dim_06_003_b2a_mask_dim_06_seed456,transfer,b2a_mask_dim_06,456,val,lecun,False,phase,F1,disinfection,0.0,False
transfer__b2a_mask_dim_06_003_b2a_mask_dim_06_seed456,transfer,b2a_mask_dim_06,456,val,lecun,False,phase,F1,dissection,0.9427740058195926,False
transfer__b2a_mask_dim_06_003_b2a_mask_dim_06_seed456,transfer,b2a_mask_dim_06,456,val,lecun,False,phase,F1,dressing,0.0,False
transfer__b2a_mask_dim_06_003_b2a_mask_dim_06_seed456,transfer,b2a_mask_dim_06,456,val,lecun,False,phase,F1,hemostasis,0.688888888888889,False
transfer__b2a_mask_dim_06_003_b2a_mask_dim_06_seed456,transfer,b2a_mask_dim_06,456,val,lecun,False,phase,F1,incision,0.9329268292682927,False
transfer__b2a_mask_dim_06_003_b2a_mask_dim_06_seed456,transfer,b2a_mask_dim_06,456,val,lecun,False,phase,F1,irrigation,0.0,False
transfer__b2a_mask_dim_07_001_b2a_mask_dim_07_seed42,transfer,b2a_mask_dim_07,42,val,lecun,False,phase,F1,anesthesia,0.9896907216494846,False
transfer__b2a_mask_dim_07_001_b2a_mask_dim_07_seed42,transfer,b2a_mask_dim_07,42,val,lecun,False,phase,F1,closure,0.9413763806287171,False
transfer__b2a_mask_dim_07_001_b2a_mask_dim_07_seed42,transfer,b2a_mask_dim_07,42,val,lecun,False,phase,F1,design,0.9951219512195122,False
transfer__b2a_mask_dim_07_001_b2a_mask_dim_07_seed42,transfer,b2a_mask_dim_07,42,val,lecun,False,phase,F1,disinfection,0.0,False
transfer__b2a_mask_dim_07_001_b2a_mask_dim_07_seed42,transfer,b2a_mask_dim_07,42,val,lecun,False,phase,F1,dissection,0.9453125,False
transfer__b2a_mask_dim_07_001_b2a_mask_dim_07_seed42,transfer,b2a_mask_dim_07,42,val,lecun,False,phase,F1,dressing,0.0,False
transfer__b2a_mask_dim_07_001_b2a_mask_dim_07_seed42,transfer,b2a_mask_dim_07,42,val,lecun,False,phase,F1,hemostasis,0.5714285714285714,False
transfer__b2a_mask_dim_07_001_b2a_mask_dim_07_seed42,transfer,b2a_mask_dim_07,42,val,lecun,False,phase,F1,incision,0.906832298136646,False
transfer__b2a_mask_dim_07_001_b2a_mask_dim_07_seed42,transfer,b2a_mask_dim_07,42,val,lecun,False,phase,F1,irrigation,0.0,False
transfer__b2a_mask_dim_07_002_b2a_mask_dim_07_seed123,transfer,b2a_mask_dim_07,123,val,lecun,False,phase,F1,anesthesia,0.9948717948717948,False
transfer__b2a_mask_dim_07_002_b2a_mask_dim_07_seed123,transfer,b2a_mask_dim_07,123,val,lecun,False,phase,F1,closure,0.9446366782006921,False
transfer__b2a_mask_dim_07_002_b2a_mask_dim_07_seed123,transfer,b2a_mask_dim_07,123,val,lecun,False,phase,F1,design,0.9951219512195122,False
transfer__b2a_mask_dim_07_002_b2a_mask_dim_07_seed123,transfer,b2a_mask_dim_07,123,val,lecun,False,phase,F1,disinfection,0.0,False
transfer__b2a_mask_dim_07_002_b2a_mask_dim_07_seed123,transfer,b2a_mask_dim_07,123,val,lecun,False,phase,F1,dissection,0.943798449612403,False
transfer__b2a_mask_dim_07_002_b2a_mask_dim_07_seed123,transfer,b2a_mask_dim_07,123,val,lecun,False,phase,F1,dressing,0.0,False
transfer__b2a_mask_dim_07_002_b2a_mask_dim_07_seed123,transfer,b2a_mask_dim_07,123,val,lecun,False,phase,F1,hemostasis,0.688888888888889,False
transfer__b2a_mask_dim_07_002_b2a_mask_dim_07_seed123,transfer,b2a_mask_dim_07,123,val,lecun,False,phase,F1,incision,0.9207317073170731,False
transfer__b2a_mask_dim_07_002_b2a_mask_dim_07_seed123,transfer,b2a_mask_dim_07,123,val,lecun,False,phase,F1,irrigation,0.0,False
transfer__b2a_mask_dim_07_003_b2a_mask_dim_07_seed456,transfer,b2a_mask_dim_07,456,val,lecun,False,phase,F1,anesthesia,0.9896907216494846,False
transfer__b2a_mask_dim_07_003_b2a_mask_dim_07_seed456,transfer,b2a_mask_dim_07,456,val,lecun,False,phase,F1,closure,0.9433962264150945,False
transfer__b2a_mask_dim_07_003_b2a_mask_dim_07_seed456,transfer,b2a_mask_dim_07,456,val,lecun,False,phase,F1,design,0.9951219512195122,False
transfer__b2a_mask_dim_07_003_b2a_mask_dim_07_seed456,transfer,b2a_mask_dim_07,456,val,lecun,False,phase,F1,disinfection,0.0,False
transfer__b2a_mask_dim_07_003_b2a_mask_dim_07_seed456,transfer,b2a_mask_dim_07,456,val,lecun,False,phase,F1,dissection,0.9509803921568628,False
transfer__b2a_mask_dim_07_003_b2a_mask_dim_07_seed456,transfer,b2a_mask_dim_07,456,val,lecun,False,phase,F1,dressing,0.0,False
transfer__b2a_mask_dim_07_003_b2a_mask_dim_07_seed456,transfer,b2a_mask_dim_07,456,val,lecun,False,phase,F1,hemostasis,0.6813186813186813,False
transfer__b2a_mask_dim_07_003_b2a_mask_dim_07_seed456,transfer,b2a_mask_dim_07,456,val,lecun,False,phase,F1,incision,0.9272727272727272,False
transfer__b2a_mask_dim_07_003_b2a_mask_dim_07_seed456,transfer,b2a_mask_dim_07,456,val,lecun,False,phase,F1,irrigation,0.0,False
transfer__b2a_mask_dim_08_001_b2a_mask_dim_08_seed42,transfer,b2a_mask_dim_08,42,val,lecun,False,phase,F1,anesthesia,0.9896907216494846,False
transfer__b2a_mask_dim_08_001_b2a_mask_dim_08_seed42,transfer,b2a_mask_dim_08,42,val,lecun,False,phase,F1,closure,0.9520426287744227,False
transfer__b2a_mask_dim_08_001_b2a_mask_dim_08_seed42,transfer,b2a_mask_dim_08,42,val,lecun,False,phase,F1,design,0.9951219512195122,False
transfer__b2a_mask_dim_08_001_b2a_mask_dim_08_seed42,transfer,b2a_mask_dim_08,42,val,lecun,False,phase,F1,disinfection,0.0,False
transfer__b2a_mask_dim_08_001_b2a_mask_dim_08_seed42,transfer,b2a_mask_dim_08,42,val,lecun,False,phase,F1,dissection,0.9392789373814041,False
transfer__b2a_mask_dim_08_001_b2a_mask_dim_08_seed42,transfer,b2a_mask_dim_08,42,val,lecun,False,phase,F1,dressing,0.0,False
transfer__b2a_mask_dim_08_001_b2a_mask_dim_08_seed42,transfer,b2a_mask_dim_08,42,val,lecun,False,phase,F1,hemostasis,0.7551020408163265,False
transfer__b2a_mask_dim_08_001_b2a_mask_dim_08_seed42,transfer,b2a_mask_dim_08,42,val,lecun,False,phase,F1,incision,0.9300911854103344,False
transfer__b2a_mask_dim_08_001_b2a_mask_dim_08_seed42,transfer,b2a_mask_dim_08,42,val,lecun,False,phase,F1,irrigation,0.0,False
transfer__b2a_mask_dim_08_002_b2a_mask_dim_08_seed123,transfer,b2a_mask_dim_08,123,val,lecun,False,phase,F1,anesthesia,0.9948717948717948,False
transfer__b2a_mask_dim_08_002_b2a_mask_dim_08_seed123,transfer,b2a_mask_dim_08,123,val,lecun,False,phase,F1,closure,0.9448275862068966,False
transfer__b2a_mask_dim_08_002_b2a_mask_dim_08_seed123,transfer,b2a_mask_dim_08,123,val,lecun,False,phase,F1,design,0.9951219512195122,False
transfer__b2a_mask_dim_08_002_b2a_mask_dim_08_seed123,transfer,b2a_mask_dim_08,123,val,lecun,False,phase,F1,disinfection,0.0,False
transfer__b2a_mask_dim_08_002_b2a_mask_dim_08_seed123,transfer,b2a_mask_dim_08,123,val,lecun,False,phase,F1,dissection,0.945736434108527,False
transfer__b2a_mask_dim_08_002_b2a_mask_dim_08_seed123,transfer,b2a_mask_dim_08,123,val,lecun,False,phase,F1,dressing,0.0,False
transfer__b2a_mask_dim_08_002_b2a_mask_dim_08_seed123,transfer,b2a_mask_dim_08,123,val,lecun,False,phase,F1,hemostasis,0.6666666666666667,False
transfer__b2a_mask_dim_08_002_b2a_mask_dim_08_seed123,transfer,b2a_mask_dim_08,123,val,lecun,False,phase,F1,incision,0.9174311926605504,False
transfer__b2a_mask_dim_08_002_b2a_mask_dim_08_seed123,transfer,b2a_mask_dim_08,123,val,lecun,False,phase,F1,irrigation,0.0,False
transfer__b2a_mask_dim_08_003_b2a_mask_dim_08_seed456,transfer,b2a_mask_dim_08,456,val,lecun,False,phase,F1,anesthesia,1.0,False
transfer__b2a_mask_dim_08_003_b2a_mask_dim_08_seed456,transfer,b2a_mask_dim_08,456,val,lecun,False,phase,F1,closure,0.9419795221843004,False
transfer__b2a_mask_dim_08_003_b2a_mask_dim_08_seed456,transfer,b2a_mask_dim_08,456,val,lecun,False,phase,F1,design,1.0,False
transfer__b2a_mask_dim_08_003_b2a_mask_dim_08_seed456,transfer,b2a_mask_dim_08,456,val,lecun,False,phase,F1,disinfection,0.0,False
transfer__b2a_mask_dim_08_003_b2a_mask_dim_08_seed456,transfer,b2a_mask_dim_08,456,val,lecun,False,phase,F1,dissection,0.9525691699604744,False
transfer__b2a_mask_dim_08_003_b2a_mask_dim_08_seed456,transfer,b2a_mask_dim_08,456,val,lecun,False,phase,F1,dressing,0.0,False
transfer__b2a_mask_dim_08_003_b2a_mask_dim_08_seed456,transfer,b2a_mask_dim_08,456,val,lecun,False,phase,F1,hemostasis,0.7157894736842105,False
transfer__b2a_mask_dim_08_003_b2a_mask_dim_08_seed456,transfer,b2a_mask_dim_08,456,val,lecun,False,phase,F1,incision,0.9353846153846154,False
transfer__b2a_mask_dim_08_003_b2a_mask_dim_08_seed456,transfer,b2a_mask_dim_08,456,val,lecun,False,phase,F1,irrigation,0.0,False
transfer__b2a_mask_dim_09_001_b2a_mask_dim_09_seed42,transfer,b2a_mask_dim_09,42,val,lecun,False,phase,F1,anesthesia,0.9896907216494846,False
transfer__b2a_mask_dim_09_001_b2a_mask_dim_09_seed42,transfer,b2a_mask_dim_09,42,val,lecun,False,phase,F1,closure,0.9528795811518325,False
transfer__b2a_mask_dim_09_001_b2a_mask_dim_09_seed42,transfer,b2a_mask_dim_09,42,val,lecun,False,phase,F1,design,1.0,False
transfer__b2a_mask_dim_09_001_b2a_mask_dim_09_seed42,transfer,b2a_mask_dim_09,42,val,lecun,False,phase,F1,disinfection,0.0,False
transfer__b2a_mask_dim_09_001_b2a_mask_dim_09_seed42,transfer,b2a_mask_dim_09,42,val,lecun,False,phase,F1,dissection,0.9327014218009478,False
transfer__b2a_mask_dim_09_001_b2a_mask_dim_09_seed42,transfer,b2a_mask_dim_09,42,val,lecun,False,phase,F1,dressing,0.0,False
transfer__b2a_mask_dim_09_001_b2a_mask_dim_09_seed42,transfer,b2a_mask_dim_09,42,val,lecun,False,phase,F1,hemostasis,0.6590909090909092,False
transfer__b2a_mask_dim_09_001_b2a_mask_dim_09_seed42,transfer,b2a_mask_dim_09,42,val,lecun,False,phase,F1,incision,0.8832807570977917,False
transfer__b2a_mask_dim_09_001_b2a_mask_dim_09_seed42,transfer,b2a_mask_dim_09,42,val,lecun,False,phase,F1,irrigation,0.0,False
transfer__b2a_mask_dim_09_002_b2a_mask_dim_09_seed123,transfer,b2a_mask_dim_09,123,val,lecun,False,phase,F1,anesthesia,0.9791666666666666,False
transfer__b2a_mask_dim_09_002_b2a_mask_dim_09_seed123,transfer,b2a_mask_dim_09,123,val,lecun,False,phase,F1,closure,0.9372822299651568,False
transfer__b2a_mask_dim_09_002_b2a_mask_dim_09_seed123,transfer,b2a_mask_dim_09,123,val,lecun,False,phase,F1,design,1.0,False
transfer__b2a_mask_dim_09_002_b2a_mask_dim_09_seed123,transfer,b2a_mask_dim_09,123,val,lecun,False,phase,F1,disinfection,0.0,False
transfer__b2a_mask_dim_09_002_b2a_mask_dim_09_seed123,transfer,b2a_mask_dim_09,123,val,lecun,False,phase,F1,dissection,0.9437314906219151,False
transfer__b2a_mask_dim_09_002_b2a_mask_dim_09_seed123,transfer,b2a_mask_dim_09,123,val,lecun,False,phase,F1,dressing,0.0,False
transfer__b2a_mask_dim_09_002_b2a_mask_dim_09_seed123,transfer,b2a_mask_dim_09,123,val,lecun,False,phase,F1,hemostasis,0.6779661016949152,False
transfer__b2a_mask_dim_09_002_b2a_mask_dim_09_seed123,transfer,b2a_mask_dim_09,123,val,lecun,False,phase,F1,incision,0.9179331306990881,False
transfer__b2a_mask_dim_09_002_b2a_mask_dim_09_seed123,transfer,b2a_mask_dim_09,123,val,lecun,False,phase,F1,irrigation,0.0,False
transfer__b2a_mask_dim_09_003_b2a_mask_dim_09_seed456,transfer,b2a_mask_dim_09,456,val,lecun,False,phase,F1,anesthesia,0.9948717948717948,False
transfer__b2a_mask_dim_09_003_b2a_mask_dim_09_seed456,transfer,b2a_mask_dim_09,456,val,lecun,False,phase,F1,closure,0.9421768707482993,False
transfer__b2a_mask_dim_09_003_b2a_mask_dim_09_seed456,transfer,b2a_mask_dim_09,456,val,lecun,False,phase,F1,design,1.0,False
transfer__b2a_mask_dim_09_003_b2a_mask_dim_09_seed456,transfer,b2a_mask_dim_09,456,val,lecun,False,phase,F1,disinfection,0.0,False
transfer__b2a_mask_dim_09_003_b2a_mask_dim_09_seed456,transfer,b2a_mask_dim_09,456,val,lecun,False,phase,F1,dissection,0.9415204678362574,False
transfer__b2a_mask_dim_09_003_b2a_mask_dim_09_seed456,transfer,b2a_mask_dim_09,456,val,lecun,False,phase,F1,dressing,0.0,False
transfer__b2a_mask_dim_09_003_b2a_mask_dim_09_seed456,transfer,b2a_mask_dim_09,456,val,lecun,False,phase,F1,hemostasis,0.6666666666666666,False
transfer__b2a_mask_dim_09_003_b2a_mask_dim_09_seed456,transfer,b2a_mask_dim_09,456,val,lecun,False,phase,F1,incision,0.8817891373801916,False
transfer__b2a_mask_dim_09_003_b2a_mask_dim_09_seed456,transfer,b2a_mask_dim_09,456,val,lecun,False,phase,F1,irrigation,0.0,False
transfer__b2a_mask_dim_10_001_b2a_mask_dim_10_seed42,transfer,b2a_mask_dim_10,42,val,lecun,False,phase,F1,anesthesia,0.9896907216494846,False
transfer__b2a_mask_dim_10_001_b2a_mask_dim_10_seed42,transfer,b2a_mask_dim_10,42,val,lecun,False,phase,F1,closure,0.9396771452846219,False
transfer__b2a_mask_dim_10_001_b2a_mask_dim_10_seed42,transfer,b2a_mask_dim_10,42,val,lecun,False,phase,F1,design,0.9951690821256038,False
transfer__b2a_mask_dim_10_001_b2a_mask_dim_10_seed42,transfer,b2a_mask_dim_10,42,val,lecun,False,phase,F1,disinfection,0.0,False
transfer__b2a_mask_dim_10_001_b2a_mask_dim_10_seed42,transfer,b2a_mask_dim_10,42,val,lecun,False,phase,F1,dissection,0.9508840864440079,False
transfer__b2a_mask_dim_10_001_b2a_mask_dim_10_seed42,transfer,b2a_mask_dim_10,42,val,lecun,False,phase,F1,dressing,0.0,False
transfer__b2a_mask_dim_10_001_b2a_mask_dim_10_seed42,transfer,b2a_mask_dim_10,42,val,lecun,False,phase,F1,hemostasis,0.5432098765432098,False
transfer__b2a_mask_dim_10_001_b2a_mask_dim_10_seed42,transfer,b2a_mask_dim_10,42,val,lecun,False,phase,F1,incision,0.9240121580547113,False
transfer__b2a_mask_dim_10_001_b2a_mask_dim_10_seed42,transfer,b2a_mask_dim_10,42,val,lecun,False,phase,F1,irrigation,0.0,False
transfer__b2a_mask_dim_10_002_b2a_mask_dim_10_seed123,transfer,b2a_mask_dim_10,123,val,lecun,False,phase,F1,anesthesia,1.0,False
transfer__b2a_mask_dim_10_002_b2a_mask_dim_10_seed123,transfer,b2a_mask_dim_10,123,val,lecun,False,phase,F1,closure,0.9371727748691101,False
transfer__b2a_mask_dim_10_002_b2a_mask_dim_10_seed123,transfer,b2a_mask_dim_10,123,val,lecun,False,phase,F1,design,1.0,False
transfer__b2a_mask_dim_10_002_b2a_mask_dim_10_seed123,transfer,b2a_mask_dim_10,123,val,lecun,False,phase,F1,disinfection,0.0,False
transfer__b2a_mask_dim_10_002_b2a_mask_dim_10_seed123,transfer,b2a_mask_dim_10,123,val,lecun,False,phase,F1,dissection,0.9329446064139941,False
transfer__b2a_mask_dim_10_002_b2a_mask_dim_10_seed123,transfer,b2a_mask_dim_10,123,val,lecun,False,phase,F1,dressing,0.0,False
transfer__b2a_mask_dim_10_002_b2a_mask_dim_10_seed123,transfer,b2a_mask_dim_10,123,val,lecun,False,phase,F1,hemostasis,0.7184466019417476,False
transfer__b2a_mask_dim_10_002_b2a_mask_dim_10_seed123,transfer,b2a_mask_dim_10,123,val,lecun,False,phase,F1,incision,0.9263803680981594,False
transfer__b2a_mask_dim_10_002_b2a_mask_dim_10_seed123,transfer,b2a_mask_dim_10,123,val,lecun,False,phase,F1,irrigation,0.0,False
transfer__b2a_mask_dim_10_003_b2a_mask_dim_10_seed456,transfer,b2a_mask_dim_10,456,val,lecun,False,phase,F1,anesthesia,0.9948717948717948,False
transfer__b2a_mask_dim_10_003_b2a_mask_dim_10_seed456,transfer,b2a_mask_dim_10,456,val,lecun,False,phase,F1,closure,0.940374787052811,False
transfer__b2a_mask_dim_10_003_b2a_mask_dim_10_seed456,transfer,b2a_mask_dim_10,456,val,lecun,False,phase,F1,design,0.9951219512195122,False
transfer__b2a_mask_dim_10_003_b2a_mask_dim_10_seed456,transfer,b2a_mask_dim_10,456,val,lecun,False,phase,F1,disinfection,0.0,False
transfer__b2a_mask_dim_10_003_b2a_mask_dim_10_seed456,transfer,b2a_mask_dim_10,456,val,lecun,False,phase,F1,dissection,0.9566074950690334,False
transfer__b2a_mask_dim_10_003_b2a_mask_dim_10_seed456,transfer,b2a_mask_dim_10,456,val,lecun,False,phase,F1,dressing,0.0,False
transfer__b2a_mask_dim_10_003_b2a_mask_dim_10_seed456,transfer,b2a_mask_dim_10,456,val,lecun,False,phase,F1,hemostasis,0.711111111111111,False
transfer__b2a_mask_dim_10_003_b2a_mask_dim_10_seed456,transfer,b2a_mask_dim_10,456,val,lecun,False,phase,F1,incision,0.926829268292683,False
transfer__b2a_mask_dim_10_003_b2a_mask_dim_10_seed456,transfer,b2a_mask_dim_10,456,val,lecun,False,phase,F1,irrigation,0.0,False
transfer__b2a_mask_dim_11_001_b2a_mask_dim_11_seed42,transfer,b2a_mask_dim_11,42,val,lecun,False,phase,F1,anesthesia,0.9405405405405405,False
transfer__b2a_mask_dim_11_001_b2a_mask_dim_11_seed42,transfer,b2a_mask_dim_11,42,val,lecun,False,phase,F1,closure,0.9536541889483067,False
transfer__b2a_mask_dim_11_001_b2a_mask_dim_11_seed42,transfer,b2a_mask_dim_11,42,val,lecun,False,phase,F1,design,0.9852216748768473,False
transfer__b2a_mask_dim_11_001_b2a_mask_dim_11_seed42,transfer,b2a_mask_dim_11,42,val,lecun,False,phase,F1,disinfection,0.0,False
transfer__b2a_mask_dim_11_001_b2a_mask_dim_11_seed42,transfer,b2a_mask_dim_11,42,val,lecun,False,phase,F1,dissection,0.9432146294513956,False
transfer__b2a_mask_dim_11_001_b2a_mask_dim_11_seed42,transfer,b2a_mask_dim_11,42,val,lecun,False,phase,F1,dressing,0.0,False
transfer__b2a_mask_dim_11_001_b2a_mask_dim_11_seed42,transfer,b2a_mask_dim_11,42,val,lecun,False,phase,F1,hemostasis,0.7567567567567567,False
transfer__b2a_mask_dim_11_001_b2a_mask_dim_11_seed42,transfer,b2a_mask_dim_11,42,val,lecun,False,phase,F1,incision,0.9017341040462428,False
transfer__b2a_mask_dim_11_001_b2a_mask_dim_11_seed42,transfer,b2a_mask_dim_11,42,val,lecun,False,phase,F1,irrigation,0.0,False
transfer__b2a_mask_dim_11_002_b2a_mask_dim_11_seed123,transfer,b2a_mask_dim_11,123,val,lecun,False,phase,F1,anesthesia,0.9948717948717948,False
transfer__b2a_mask_dim_11_002_b2a_mask_dim_11_seed123,transfer,b2a_mask_dim_11,123,val,lecun,False,phase,F1,closure,0.9474590869939706,False
transfer__b2a_mask_dim_11_002_b2a_mask_dim_11_seed123,transfer,b2a_mask_dim_11,123,val,lecun,False,phase,F1,design,0.9951219512195122,False
transfer__b2a_mask_dim_11_002_b2a_mask_dim_11_seed123,transfer,b2a_mask_dim_11,123,val,lecun,False,phase,F1,disinfection,0.0,False
transfer__b2a_mask_dim_11_002_b2a_mask_dim_11_seed123,transfer,b2a_mask_dim_11,123,val,lecun,False,phase,F1,dissection,0.9512670565302144,False
transfer__b2a_mask_dim_11_002_b2a_mask_dim_11_seed123,transfer,b2a_mask_dim_11,123,val,lecun,False,phase,F1,dressing,0.0,False
transfer__b2a_mask_dim_11_002_b2a_mask_dim_11_seed123,transfer,b2a_mask_dim_11,123,val,lecun,False,phase,F1,hemostasis,0.6511627906976745,False
transfer__b2a_mask_dim_11_002_b2a_mask_dim_11_seed123,transfer,b2a_mask_dim_11,123,val,lecun,False,phase,F1,incision,0.912912912912913,False
transfer__b2a_mask_dim_11_002_b2a_mask_dim_11_seed123,transfer,b2a_mask_dim_11,123,val,lecun,False,phase,F1,irrigation,0.0,False
transfer__b2a_mask_dim_11_003_b2a_mask_dim_11_seed456,transfer,b2a_mask_dim_11,456,val,lecun,False,phase,F1,anesthesia,0.9896907216494846,False
transfer__b2a_mask_dim_11_003_b2a_mask_dim_11_seed456,transfer,b2a_mask_dim_11,456,val,lecun,False,phase,F1,closure,0.9410760034158838,False
transfer__b2a_mask_dim_11_003_b2a_mask_dim_11_seed456,transfer,b2a_mask_dim_11,456,val,lecun,False,phase,F1,design,0.9951219512195122,False
transfer__b2a_mask_dim_11_003_b2a_mask_dim_11_seed456,transfer,b2a_mask_dim_11,456,val,lecun,False,phase,F1,disinfection,0.0,False
transfer__b2a_mask_dim_11_003_b2a_mask_dim_11_seed456,transfer,b2a_mask_dim_11,456,val,lecun,False,phase,F1,dissection,0.9593657086223983,False
transfer__b2a_mask_dim_11_003_b2a_mask_dim_11_seed456,transfer,b2a_mask_dim_11,456,val,lecun,False,phase,F1,dressing,0.0,False
transfer__b2a_mask_dim_11_003_b2a_mask_dim_11_seed456,transfer,b2a_mask_dim_11,456,val,lecun,False,phase,F1,hemostasis,0.7368421052631579,False
transfer__b2a_mask_dim_11_003_b2a_mask_dim_11_seed456,transfer,b2a_mask_dim_11,456,val,lecun,False,phase,F1,incision,0.9337349397590361,False
transfer__b2a_mask_dim_11_003_b2a_mask_dim_11_seed456,transfer,b2a_mask_dim_11,456,val,lecun,False,phase,F1,irrigation,0.0,False
transfer__b2a_mask_dim_12_001_b2a_mask_dim_12_seed42,transfer,b2a_mask_dim_12,42,val,lecun,False,phase,F1,anesthesia,0.9948717948717948,False
transfer__b2a_mask_dim_12_001_b2a_mask_dim_12_seed42,transfer,b2a_mask_dim_12,42,val,lecun,False,phase,F1,closure,0.9498269896193772,False
transfer__b2a_mask_dim_12_001_b2a_mask_dim_12_seed42,transfer,b2a_mask_dim_12,42,val,lecun,False,phase,F1,design,1.0,False
transfer__b2a_mask_dim_12_001_b2a_mask_dim_12_seed42,transfer,b2a_mask_dim_12,42,val,lecun,False,phase,F1,disinfection,0.0,False
transfer__b2a_mask_dim_12_001_b2a_mask_dim_12_seed42,transfer,b2a_mask_dim_12,42,val,lecun,False,phase,F1,dissection,0.9476744186046512,False
transfer__b2a_mask_dim_12_001_b2a_mask_dim_12_seed42,transfer,b2a_mask_dim_12,42,val,lecun,False,phase,F1,dressing,0.0,False
transfer__b2a_mask_dim_12_001_b2a_mask_dim_12_seed42,transfer,b2a_mask_dim_12,42,val,lecun,False,phase,F1,hemostasis,0.7368421052631579,False
transfer__b2a_mask_dim_12_001_b2a_mask_dim_12_seed42,transfer,b2a_mask_dim_12,42,val,lecun,False,phase,F1,incision,0.9192546583850931,False
transfer__b2a_mask_dim_12_001_b2a_mask_dim_12_seed42,transfer,b2a_mask_dim_12,42,val,lecun,False,phase,F1,irrigation,0.0,False
transfer__b2a_mask_dim_12_002_b2a_mask_dim_12_seed123,transfer,b2a_mask_dim_12,123,val,lecun,False,phase,F1,anesthesia,0.9948717948717948,False
transfer__b2a_mask_dim_12_002_b2a_mask_dim_12_seed123,transfer,b2a_mask_dim_12,123,val,lecun,False,phase,F1,closure,0.9474590869939706,False
transfer__b2a_mask_dim_12_002_b2a_mask_dim_12_seed123,transfer,b2a_mask_dim_12,123,val,lecun,False,phase,F1,design,0.9951219512195122,False
transfer__b2a_mask_dim_12_002_b2a_mask_dim_12_seed123,transfer,b2a_mask_dim_12,123,val,lecun,False,phase,F1,disinfection,0.0,False
transfer__b2a_mask_dim_12_002_b2a_mask_dim_12_seed123,transfer,b2a_mask_dim_12,123,val,lecun,False,phase,F1,dissection,0.9480901077375122,False
transfer__b2a_mask_dim_12_002_b2a_mask_dim_12_seed123,transfer,b2a_mask_dim_12,123,val,lecun,False,phase,F1,dressing,0.0,False
transfer__b2a_mask_dim_12_002_b2a_mask_dim_12_seed123,transfer,b2a_mask_dim_12,123,val,lecun,False,phase,F1,hemostasis,0.6808510638297872,False
transfer__b2a_mask_dim_12_002_b2a_mask_dim_12_seed123,transfer,b2a_mask_dim_12,123,val,lecun,False,phase,F1,incision,0.9272727272727272,False
transfer__b2a_mask_dim_12_002_b2a_mask_dim_12_seed123,transfer,b2a_mask_dim_12,123,val,lecun,False,phase,F1,irrigation,0.0,False
transfer__b2a_mask_dim_12_003_b2a_mask_dim_12_seed456,transfer,b2a_mask_dim_12,456,val,lecun,False,phase,F1,anesthesia,0.9948717948717948,False
transfer__b2a_mask_dim_12_003_b2a_mask_dim_12_seed456,transfer,b2a_mask_dim_12,456,val,lecun,False,phase,F1,closure,0.9402730375426621,False
transfer__b2a_mask_dim_12_003_b2a_mask_dim_12_seed456,transfer,b2a_mask_dim_12,456,val,lecun,False,phase,F1,design,1.0,False
transfer__b2a_mask_dim_12_003_b2a_mask_dim_12_seed456,transfer,b2a_mask_dim_12,456,val,lecun,False,phase,F1,disinfection,0.0,False
transfer__b2a_mask_dim_12_003_b2a_mask_dim_12_seed456,transfer,b2a_mask_dim_12,456,val,lecun,False,phase,F1,dissection,0.9542743538767396,False
transfer__b2a_mask_dim_12_003_b2a_mask_dim_12_seed456,transfer,b2a_mask_dim_12,456,val,lecun,False,phase,F1,dressing,0.0,False
transfer__b2a_mask_dim_12_003_b2a_mask_dim_12_seed456,transfer,b2a_mask_dim_12,456,val,lecun,False,phase,F1,hemostasis,0.7070707070707071,False
transfer__b2a_mask_dim_12_003_b2a_mask_dim_12_seed456,transfer,b2a_mask_dim_12,456,val,lecun,False,phase,F1,incision,0.9329268292682927,False
transfer__b2a_mask_dim_12_003_b2a_mask_dim_12_seed456,transfer,b2a_mask_dim_12,456,val,lecun,False,phase,F1,irrigation,0.0,False
transfer__b2a_mask_dim_13_001_b2a_mask_dim_13_seed42,transfer,b2a_mask_dim_13,42,val,lecun,False,phase,F1,anesthesia,0.9844559585492229,False
transfer__b2a_mask_dim_13_001_b2a_mask_dim_13_seed42,transfer,b2a_mask_dim_13,42,val,lecun,False,phase,F1,closure,0.9569798068481123,False
transfer__b2a_mask_dim_13_001_b2a_mask_dim_13_seed42,transfer,b2a_mask_dim_13,42,val,lecun,False,phase,F1,design,0.9951219512195122,False
transfer__b2a_mask_dim_13_001_b2a_mask_dim_13_seed42,transfer,b2a_mask_dim_13,42,val,lecun,False,phase,F1,disinfection,0.0,False
transfer__b2a_mask_dim_13_001_b2a_mask_dim_13_seed42,transfer,b2a_mask_dim_13,42,val,lecun,False,phase,F1,dissection,0.941747572815534,False
transfer__b2a_mask_dim_13_001_b2a_mask_dim_13_seed42,transfer,b2a_mask_dim_13,42,val,lecun,False,phase,F1,dressing,0.0,False
transfer__b2a_mask_dim_13_001_b2a_mask_dim_13_seed42,transfer,b2a_mask_dim_13,42,val,lecun,False,phase,F1,hemostasis,0.7678571428571429,False
transfer__b2a_mask_dim_13_001_b2a_mask_dim_13_seed42,transfer,b2a_mask_dim_13,42,val,lecun,False,phase,F1,incision,0.929663608562691,False
transfer__b2a_mask_dim_13_001_b2a_mask_dim_13_seed42,transfer,b2a_mask_dim_13,42,val,lecun,False,phase,F1,irrigation,0.0,False
transfer__b2a_mask_dim_13_002_b2a_mask_dim_13_seed123,transfer,b2a_mask_dim_13,123,val,lecun,False,phase,F1,anesthesia,1.0,False
transfer__b2a_mask_dim_13_002_b2a_mask_dim_13_seed123,transfer,b2a_mask_dim_13,123,val,lecun,False,phase,F1,closure,0.9461606354810239,False
transfer__b2a_mask_dim_13_002_b2a_mask_dim_13_seed123,transfer,b2a_mask_dim_13,123,val,lecun,False,phase,F1,design,0.9951219512195122,False
transfer__b2a_mask_dim_13_002_b2a_mask_dim_13_seed123,transfer,b2a_mask_dim_13,123,val,lecun,False,phase,F1,disinfection,0.0,False
transfer__b2a_mask_dim_13_002_b2a_mask_dim_13_seed123,transfer,b2a_mask_dim_13,123,val,lecun,False,phase,F1,dissection,0.9400570884871551,False
transfer__b2a_mask_dim_13_002_b2a_mask_dim_13_seed123,transfer,b2a_mask_dim_13,123,val,lecun,False,phase,F1,dressing,0.0,False
transfer__b2a_mask_dim_13_002_b2a_mask_dim_13_seed123,transfer,b2a_mask_dim_13,123,val,lecun,False,phase,F1,hemostasis,0.7032967032967032,False
transfer__b2a_mask_dim_13_002_b2a_mask_dim_13_seed123,transfer,b2a_mask_dim_13,123,val,lecun,False,phase,F1,incision,0.9333333333333333,False
transfer__b2a_mask_dim_13_002_b2a_mask_dim_13_seed123,transfer,b2a_mask_dim_13,123,val,lecun,False,phase,F1,irrigation,0.0,False
transfer__b2a_mask_dim_13_003_b2a_mask_dim_13_seed456,transfer,b2a_mask_dim_13,456,val,lecun,False,phase,F1,anesthesia,0.9948717948717948,False
transfer__b2a_mask_dim_13_003_b2a_mask_dim_13_seed456,transfer,b2a_mask_dim_13,456,val,lecun,False,phase,F1,closure,0.9435897435897435,False
transfer__b2a_mask_dim_13_003_b2a_mask_dim_13_seed456,transfer,b2a_mask_dim_13,456,val,lecun,False,phase,F1,design,0.9951219512195122,False
transfer__b2a_mask_dim_13_003_b2a_mask_dim_13_seed456,transfer,b2a_mask_dim_13,456,val,lecun,False,phase,F1,disinfection,0.0,False
transfer__b2a_mask_dim_13_003_b2a_mask_dim_13_seed456,transfer,b2a_mask_dim_13,456,val,lecun,False,phase,F1,dissection,0.9534192269573836,False
transfer__b2a_mask_dim_13_003_b2a_mask_dim_13_seed456,transfer,b2a_mask_dim_13,456,val,lecun,False,phase,F1,dressing,0.0,False
transfer__b2a_mask_dim_13_003_b2a_mask_dim_13_seed456,transfer,b2a_mask_dim_13,456,val,lecun,False,phase,F1,hemostasis,0.7524752475247524,False
transfer__b2a_mask_dim_13_003_b2a_mask_dim_13_seed456,transfer,b2a_mask_dim_13,456,val,lecun,False,phase,F1,incision,0.920245398773006,False
transfer__b2a_mask_dim_13_003_b2a_mask_dim_13_seed456,transfer,b2a_mask_dim_13,456,val,lecun,False,phase,F1,irrigation,0.0,False
transfer__b2a_mask_dim_14_001_b2a_mask_dim_14_seed42,transfer,b2a_mask_dim_14,42,val,lecun,False,phase,F1,anesthesia,0.9896907216494846,False
transfer__b2a_mask_dim_14_001_b2a_mask_dim_14_seed42,transfer,b2a_mask_dim_14,42,val,lecun,False,phase,F1,closure,0.9503916449086162,False
transfer__b2a_mask_dim_14_001_b2a_mask_dim_14_seed42,transfer,b2a_mask_dim_14,42,val,lecun,False,phase,F1,design,0.9951219512195122,False
transfer__b2a_mask_dim_14_001_b2a_mask_dim_14_seed42,transfer,b2a_mask_dim_14,42,val,lecun,False,phase,F1,disinfection,0.0,False
transfer__b2a_mask_dim_14_001_b2a_mask_dim_14_seed42,transfer,b2a_mask_dim_14,42,val,lecun,False,phase,F1,dissection,0.9429951690821256,False
transfer__b2a_mask_dim_14_001_b2a_mask_dim_14_seed42,transfer,b2a_mask_dim_14,42,val,lecun,False,phase,F1,dressing,0.0,False
transfer__b2a_mask_dim_14_001_b2a_mask_dim_14_seed42,transfer,b2a_mask_dim_14,42,val,lecun,False,phase,F1,hemostasis,0.7422680412371133,False
transfer__b2a_mask_dim_14_001_b2a_mask_dim_14_seed42,transfer,b2a_mask_dim_14,42,val,lecun,False,phase,F1,incision,0.920245398773006,False
transfer__b2a_mask_dim_14_001_b2a_mask_dim_14_seed42,transfer,b2a_mask_dim_14,42,val,lecun,False,phase,F1,irrigation,0.0,False
transfer__b2a_mask_dim_14_002_b2a_mask_dim_14_seed123,transfer,b2a_mask_dim_14,123,val,lecun,False,phase,F1,anesthesia,0.9948717948717948,False
transfer__b2a_mask_dim_14_002_b2a_mask_dim_14_seed123,transfer,b2a_mask_dim_14,123,val,lecun,False,phase,F1,closure,0.9474590869939706,False
transfer__b2a_mask_dim_14_002_b2a_mask_dim_14_seed123,transfer,b2a_mask_dim_14,123,val,lecun,False,phase,F1,design,0.9951219512195122,False
transfer__b2a_mask_dim_14_002_b2a_mask_dim_14_seed123,transfer,b2a_mask_dim_14,123,val,lecun,False,phase,F1,disinfection,0.0,False
transfer__b2a_mask_dim_14_002_b2a_mask_dim_14_seed123,transfer,b2a_mask_dim_14,123,val,lecun,False,phase,F1,dissection,0.9481915933528836,False
transfer__b2a_mask_dim_14_002_b2a_mask_dim_14_seed123,transfer,b2a_mask_dim_14,123,val,lecun,False,phase,F1,dressing,0.0,False
transfer__b2a_mask_dim_14_002_b2a_mask_dim_14_seed123,transfer,b2a_mask_dim_14,123,val,lecun,False,phase,F1,hemostasis,0.6956521739130436,False
transfer__b2a_mask_dim_14_002_b2a_mask_dim_14_seed123,transfer,b2a_mask_dim_14,123,val,lecun,False,phase,F1,incision,0.9272727272727272,False
transfer__b2a_mask_dim_14_002_b2a_mask_dim_14_seed123,transfer,b2a_mask_dim_14,123,val,lecun,False,phase,F1,irrigation,0.0,False
transfer__b2a_mask_dim_14_003_b2a_mask_dim_14_seed456,transfer,b2a_mask_dim_14,456,val,lecun,False,phase,F1,anesthesia,0.9948717948717948,False
transfer__b2a_mask_dim_14_003_b2a_mask_dim_14_seed456,transfer,b2a_mask_dim_14,456,val,lecun,False,phase,F1,closure,0.9443016281062554,False
transfer__b2a_mask_dim_14_003_b2a_mask_dim_14_seed456,transfer,b2a_mask_dim_14,456,val,lecun,False,phase,F1,design,0.9951219512195122,False
transfer__b2a_mask_dim_14_003_b2a_mask_dim_14_seed456,transfer,b2a_mask_dim_14,456,val,lecun,False,phase,F1,disinfection,0.0,False
transfer__b2a_mask_dim_14_003_b2a_mask_dim_14_seed456,transfer,b2a_mask_dim_14,456,val,lecun,False,phase,F1,dissection,0.9510763209393346,False
transfer__b2a_mask_dim_14_003_b2a_mask_dim_14_seed456,transfer,b2a_mask_dim_14,456,val,lecun,False,phase,F1,dressing,0.0,False
transfer__b2a_mask_dim_14_003_b2a_mask_dim_14_seed456,transfer,b2a_mask_dim_14,456,val,lecun,False,phase,F1,hemostasis,0.6966292134831461,False
transfer__b2a_mask_dim_14_003_b2a_mask_dim_14_seed456,transfer,b2a_mask_dim_14,456,val,lecun,False,phase,F1,incision,0.926829268292683,False
transfer__b2a_mask_dim_14_003_b2a_mask_dim_14_seed456,transfer,b2a_mask_dim_14,456,val,lecun,False,phase,F1,irrigation,0.0,False
transfer__b2a_oracle_mask_00_001_b2a_oracle_mask_00_seed42,transfer,b2a_oracle_mask_00,42,val,lecun,False,phase,F1,anesthesia,0.9948717948717948,False
transfer__b2a_oracle_mask_00_001_b2a_oracle_mask_00_seed42,transfer,b2a_oracle_mask_00,42,val,lecun,False,phase,F1,closure,0.9586631486367635,False
transfer__b2a_oracle_mask_00_001_b2a_oracle_mask_00_seed42,transfer,b2a_oracle_mask_00,42,val,lecun,False,phase,F1,design,1.0,False
transfer__b2a_oracle_mask_00_001_b2a_oracle_mask_00_seed42,transfer,b2a_oracle_mask_00,42,val,lecun,False,phase,F1,disinfection,0.0,False
transfer__b2a_oracle_mask_00_001_b2a_oracle_mask_00_seed42,transfer,b2a_oracle_mask_00,42,val,lecun,False,phase,F1,dissection,0.9484732824427481,False
transfer__b2a_oracle_mask_00_001_b2a_oracle_mask_00_seed42,transfer,b2a_oracle_mask_00,42,val,lecun,False,phase,F1,dressing,0.0,False
transfer__b2a_oracle_mask_00_001_b2a_oracle_mask_00_seed42,transfer,b2a_oracle_mask_00,42,val,lecun,False,phase,F1,hemostasis,0.627906976744186,False
transfer__b2a_oracle_mask_00_001_b2a_oracle_mask_00_seed42,transfer,b2a_oracle_mask_00,42,val,lecun,False,phase,F1,incision,0.9520958083832335,False
transfer__b2a_oracle_mask_00_001_b2a_oracle_mask_00_seed42,transfer,b2a_oracle_mask_00,42,val,lecun,False,phase,F1,irrigation,0.0,False
transfer__b2a_oracle_mask_00_002_b2a_oracle_mask_00_seed123,transfer,b2a_oracle_mask_00,123,val,lecun,False,phase,F1,anesthesia,1.0,False
transfer__b2a_oracle_mask_00_002_b2a_oracle_mask_00_seed123,transfer,b2a_oracle_mask_00,123,val,lecun,False,phase,F1,closure,0.9614035087719299,False
transfer__b2a_oracle_mask_00_002_b2a_oracle_mask_00_seed123,transfer,b2a_oracle_mask_00,123,val,lecun,False,phase,F1,design,1.0,False
transfer__b2a_oracle_mask_00_002_b2a_oracle_mask_00_seed123,transfer,b2a_oracle_mask_00,123,val,lecun,False,phase,F1,disinfection,0.0,False
transfer__b2a_oracle_mask_00_002_b2a_oracle_mask_00_seed123,transfer,b2a_oracle_mask_00,123,val,lecun,False,phase,F1,dissection,0.9574468085106383,False
transfer__b2a_oracle_mask_00_002_b2a_oracle_mask_00_seed123,transfer,b2a_oracle_mask_00,123,val,lecun,False,phase,F1,dressing,0.0,False
transfer__b2a_oracle_mask_00_002_b2a_oracle_mask_00_seed123,transfer,b2a_oracle_mask_00,123,val,lecun,False,phase,F1,hemostasis,0.7291666666666667,False
transfer__b2a_oracle_mask_00_002_b2a_oracle_mask_00_seed123,transfer,b2a_oracle_mask_00,123,val,lecun,False,phase,F1,incision,0.9580838323353293,False
transfer__b2a_oracle_mask_00_002_b2a_oracle_mask_00_seed123,transfer,b2a_oracle_mask_00,123,val,lecun,False,phase,F1,irrigation,0.0,False
transfer__b2a_oracle_mask_00_003_b2a_oracle_mask_00_seed456,transfer,b2a_oracle_mask_00,456,val,lecun,False,phase,F1,anesthesia,0.9948717948717948,False
transfer__b2a_oracle_mask_00_003_b2a_oracle_mask_00_seed456,transfer,b2a_oracle_mask_00,456,val,lecun,False,phase,F1,closure,0.9524632670700086,False
transfer__b2a_oracle_mask_00_003_b2a_oracle_mask_00_seed456,transfer,b2a_oracle_mask_00,456,val,lecun,False,phase,F1,design,1.0,False
transfer__b2a_oracle_mask_00_003_b2a_oracle_mask_00_seed456,transfer,b2a_oracle_mask_00,456,val,lecun,False,phase,F1,disinfection,0.0,False
transfer__b2a_oracle_mask_00_003_b2a_oracle_mask_00_seed456,transfer,b2a_oracle_mask_00,456,val,lecun,False,phase,F1,dissection,0.96484375,False
transfer__b2a_oracle_mask_00_003_b2a_oracle_mask_00_seed456,transfer,b2a_oracle_mask_00,456,val,lecun,False,phase,F1,dressing,0.0,False
transfer__b2a_oracle_mask_00_003_b2a_oracle_mask_00_seed456,transfer,b2a_oracle_mask_00,456,val,lecun,False,phase,F1,hemostasis,0.711111111111111,False
transfer__b2a_oracle_mask_00_003_b2a_oracle_mask_00_seed456,transfer,b2a_oracle_mask_00,456,val,lecun,False,phase,F1,incision,0.9461077844311377,False
transfer__b2a_oracle_mask_00_003_b2a_oracle_mask_00_seed456,transfer,b2a_oracle_mask_00,456,val,lecun,False,phase,F1,irrigation,0.0,False
transfer__b2a_oracle_mask_01_001_b2a_oracle_mask_01_seed42,transfer,b2a_oracle_mask_01,42,val,lecun,False,phase,F1,anesthesia,0.9896907216494846,False
transfer__b2a_oracle_mask_01_001_b2a_oracle_mask_01_seed42,transfer,b2a_oracle_mask_01,42,val,lecun,False,phase,F1,closure,0.9627659574468086,False
transfer__b2a_oracle_mask_01_001_b2a_oracle_mask_01_seed42,transfer,b2a_oracle_mask_01,42,val,lecun,False,phase,F1,design,1.0,False
transfer__b2a_oracle_mask_01_001_b2a_oracle_mask_01_seed42,transfer,b2a_oracle_mask_01,42,val,lecun,False,phase,F1,disinfection,0.0,False
transfer__b2a_oracle_mask_01_001_b2a_oracle_mask_01_seed42,transfer,b2a_oracle_mask_01,42,val,lecun,False,phase,F1,dissection,0.9631782945736435,False
transfer__b2a_oracle_mask_01_001_b2a_oracle_mask_01_seed42,transfer,b2a_oracle_mask_01,42,val,lecun,False,phase,F1,dressing,0.0,False
transfer__b2a_oracle_mask_01_001_b2a_oracle_mask_01_seed42,transfer,b2a_oracle_mask_01,42,val,lecun,False,phase,F1,hemostasis,0.8623853211009175,False
transfer__b2a_oracle_mask_01_001_b2a_oracle_mask_01_seed42,transfer,b2a_oracle_mask_01,42,val,lecun,False,phase,F1,incision,0.9614243323442137,False
transfer__b2a_oracle_mask_01_001_b2a_oracle_mask_01_seed42,transfer,b2a_oracle_mask_01,42,val,lecun,False,phase,F1,irrigation,0.0,False
transfer__b2a_oracle_mask_01_002_b2a_oracle_mask_01_seed123,transfer,b2a_oracle_mask_01,123,val,lecun,False,phase,F1,anesthesia,0.9948717948717948,False
transfer__b2a_oracle_mask_01_002_b2a_oracle_mask_01_seed123,transfer,b2a_oracle_mask_01,123,val,lecun,False,phase,F1,closure,0.9631578947368422,False
transfer__b2a_oracle_mask_01_002_b2a_oracle_mask_01_seed123,transfer,b2a_oracle_mask_01,123,val,lecun,False,phase,F1,design,1.0,False
transfer__b2a_oracle_mask_01_002_b2a_oracle_mask_01_seed123,transfer,b2a_oracle_mask_01,123,val,lecun,False,phase,F1,disinfection,0.0,False
transfer__b2a_oracle_mask_01_002_b2a_oracle_mask_01_seed123,transfer,b2a_oracle_mask_01,123,val,lecun,False,phase,F1,dissection,0.9764243614931238,False
transfer__b2a_oracle_mask_01_002_b2a_oracle_mask_01_seed123,transfer,b2a_oracle_mask_01,123,val,lecun,False,phase,F1,dressing,0.0,False
transfer__b2a_oracle_mask_01_002_b2a_oracle_mask_01_seed123,transfer,b2a_oracle_mask_01,123,val,lecun,False,phase,F1,hemostasis,0.8888888888888888,False
transfer__b2a_oracle_mask_01_002_b2a_oracle_mask_01_seed123,transfer,b2a_oracle_mask_01,123,val,lecun,False,phase,F1,incision,0.9616519174041299,False
transfer__b2a_oracle_mask_01_002_b2a_oracle_mask_01_seed123,transfer,b2a_oracle_mask_01,123,val,lecun,False,phase,F1,irrigation,0.0,False
transfer__b2a_oracle_mask_01_003_b2a_oracle_mask_01_seed456,transfer,b2a_oracle_mask_01,456,val,lecun,False,phase,F1,anesthesia,0.9948717948717948,False
transfer__b2a_oracle_mask_01_003_b2a_oracle_mask_01_seed456,transfer,b2a_oracle_mask_01,456,val,lecun,False,phase,F1,closure,0.9562937062937062,False
transfer__b2a_oracle_mask_01_003_b2a_oracle_mask_01_seed456,transfer,b2a_oracle_mask_01,456,val,lecun,False,phase,F1,design,1.0,False
transfer__b2a_oracle_mask_01_003_b2a_oracle_mask_01_seed456,transfer,b2a_oracle_mask_01,456,val,lecun,False,phase,F1,disinfection,0.0,False
transfer__b2a_oracle_mask_01_003_b2a_oracle_mask_01_seed456,transfer,b2a_oracle_mask_01,456,val,lecun,False,phase,F1,dissection,0.9743589743589743,False
transfer__b2a_oracle_mask_01_003_b2a_oracle_mask_01_seed456,transfer,b2a_oracle_mask_01,456,val,lecun,False,phase,F1,dressing,0.0,False
transfer__b2a_oracle_mask_01_003_b2a_oracle_mask_01_seed456,transfer,b2a_oracle_mask_01,456,val,lecun,False,phase,F1,hemostasis,0.8648648648648649,False
transfer__b2a_oracle_mask_01_003_b2a_oracle_mask_01_seed456,transfer,b2a_oracle_mask_01,456,val,lecun,False,phase,F1,incision,0.9583333333333333,False
transfer__b2a_oracle_mask_01_003_b2a_oracle_mask_01_seed456,transfer,b2a_oracle_mask_01,456,val,lecun,False,phase,F1,irrigation,0.0,False
transfer__b2a_oracle_mask_02_001_b2a_oracle_mask_02_seed42,transfer,b2a_oracle_mask_02,42,val,lecun,False,phase,F1,anesthesia,0.9896907216494846,False
transfer__b2a_oracle_mask_02_001_b2a_oracle_mask_02_seed42,transfer,b2a_oracle_mask_02,42,val,lecun,False,phase,F1,closure,0.9586631486367635,False
transfer__b2a_oracle_mask_02_001_b2a_oracle_mask_02_seed42,transfer,b2a_oracle_mask_02,42,val,lecun,False,phase,F1,design,1.0,False
transfer__b2a_oracle_mask_02_001_b2a_oracle_mask_02_seed42,transfer,b2a_oracle_mask_02,42,val,lecun,False,phase,F1,disinfection,0.0,False
transfer__b2a_oracle_mask_02_001_b2a_oracle_mask_02_seed42,transfer,b2a_oracle_mask_02,42,val,lecun,False,phase,F1,dissection,0.96875,False
transfer__b2a_oracle_mask_02_001_b2a_oracle_mask_02_seed42,transfer,b2a_oracle_mask_02,42,val,lecun,False,phase,F1,dressing,0.0,False
transfer__b2a_oracle_mask_02_001_b2a_oracle_mask_02_seed42,transfer,b2a_oracle_mask_02,42,val,lecun,False,phase,F1,hemostasis,0.8727272727272727,False
transfer__b2a_oracle_mask_02_001_b2a_oracle_mask_02_seed42,transfer,b2a_oracle_mask_02,42,val,lecun,False,phase,F1,incision,0.955223880597015,False
transfer__b2a_oracle_mask_02_001_b2a_oracle_mask_02_seed42,transfer,b2a_oracle_mask_02,42,val,lecun,False,phase,F1,irrigation,0.0,False
transfer__b2a_oracle_mask_02_002_b2a_oracle_mask_02_seed123,transfer,b2a_oracle_mask_02,123,val,lecun,False,phase,F1,anesthesia,0.9948717948717948,False
transfer__b2a_oracle_mask_02_002_b2a_oracle_mask_02_seed123,transfer,b2a_oracle_mask_02,123,val,lecun,False,phase,F1,closure,0.9605609114811569,False
transfer__b2a_oracle_mask_02_002_b2a_oracle_mask_02_seed123,transfer,b2a_oracle_mask_02,123,val,lecun,False,phase,F1,design,1.0,False
transfer__b2a_oracle_mask_02_002_b2a_oracle_mask_02_seed123,transfer,b2a_oracle_mask_02,123,val,lecun,False,phase,F1,disinfection,0.0,False
transfer__b2a_oracle_mask_02_002_b2a_oracle_mask_02_seed123,transfer,b2a_oracle_mask_02,123,val,lecun,False,phase,F1,dissection,0.9754661432777233,False
transfer__b2a_oracle_mask_02_002_b2a_oracle_mask_02_seed123,transfer,b2a_oracle_mask_02,123,val,lecun,False,phase,F1,dressing,0.0,False
transfer__b2a_oracle_mask_02_002_b2a_oracle_mask_02_seed123,transfer,b2a_oracle_mask_02,123,val,lecun,False,phase,F1,hemostasis,0.8990825688073394,False
transfer__b2a_oracle_mask_02_002_b2a_oracle_mask_02_seed123,transfer,b2a_oracle_mask_02,123,val,lecun,False,phase,F1,incision,0.9583333333333333,False
transfer__b2a_oracle_mask_02_002_b2a_oracle_mask_02_seed123,transfer,b2a_oracle_mask_02,123,val,lecun,False,phase,F1,irrigation,0.0,False
transfer__b2a_oracle_mask_02_003_b2a_oracle_mask_02_seed456,transfer,b2a_oracle_mask_02,456,val,lecun,False,phase,F1,anesthesia,0.9948717948717948,False
transfer__b2a_oracle_mask_02_003_b2a_oracle_mask_02_seed456,transfer,b2a_oracle_mask_02,456,val,lecun,False,phase,F1,closure,0.9597197898423817,False
transfer__b2a_oracle_mask_02_003_b2a_oracle_mask_02_seed456,transfer,b2a_oracle_mask_02,456,val,lecun,False,phase,F1,design,1.0,False
transfer__b2a_oracle_mask_02_003_b2a_oracle_mask_02_seed456,transfer,b2a_oracle_mask_02,456,val,lecun,False,phase,F1,disinfection,0.0,False
transfer__b2a_oracle_mask_02_003_b2a_oracle_mask_02_seed456,transfer,b2a_oracle_mask_02,456,val,lecun,False,phase,F1,dissection,0.973240832507433,False
transfer__b2a_oracle_mask_02_003_b2a_oracle_mask_02_seed456,transfer,b2a_oracle_mask_02,456,val,lecun,False,phase,F1,dressing,0.0,False
transfer__b2a_oracle_mask_02_003_b2a_oracle_mask_02_seed456,transfer,b2a_oracle_mask_02,456,val,lecun,False,phase,F1,hemostasis,0.8983050847457625,False
transfer__b2a_oracle_mask_02_003_b2a_oracle_mask_02_seed456,transfer,b2a_oracle_mask_02,456,val,lecun,False,phase,F1,incision,0.9702380952380952,False
transfer__b2a_oracle_mask_02_003_b2a_oracle_mask_02_seed456,transfer,b2a_oracle_mask_02,456,val,lecun,False,phase,F1,irrigation,0.0,False
transfer__b2a_oracle_mask_03_001_b2a_oracle_mask_03_seed42,transfer,b2a_oracle_mask_03,42,val,lecun,False,phase,F1,anesthesia,0.9948717948717948,False
transfer__b2a_oracle_mask_03_001_b2a_oracle_mask_03_seed42,transfer,b2a_oracle_mask_03,42,val,lecun,False,phase,F1,closure,0.9578947368421051,False
transfer__b2a_oracle_mask_03_001_b2a_oracle_mask_03_seed42,transfer,b2a_oracle_mask_03,42,val,lecun,False,phase,F1,design,1.0,False
transfer__b2a_oracle_mask_03_001_b2a_oracle_mask_03_seed42,transfer,b2a_oracle_mask_03,42,val,lecun,False,phase,F1,disinfection,0.0,False
transfer__b2a_oracle_mask_03_001_b2a_oracle_mask_03_seed42,transfer,b2a_oracle_mask_03,42,val,lecun,False,phase,F1,dissection,0.971540726202159,False
transfer__b2a_oracle_mask_03_001_b2a_oracle_mask_03_seed42,transfer,b2a_oracle_mask_03,42,val,lecun,False,phase,F1,dressing,0.0,False
transfer__b2a_oracle_mask_03_001_b2a_oracle_mask_03_seed42,transfer,b2a_oracle_mask_03,42,val,lecun,False,phase,F1,hemostasis,0.9217391304347825,False
transfer__b2a_oracle_mask_03_001_b2a_oracle_mask_03_seed42,transfer,b2a_oracle_mask_03,42,val,lecun,False,phase,F1,incision,0.9546827794561933,False
transfer__b2a_oracle_mask_03_001_b2a_oracle_mask_03_seed42,transfer,b2a_oracle_mask_03,42,val,lecun,False,phase,F1,irrigation,0.0,False
transfer__b2a_oracle_mask_03_002_b2a_oracle_mask_03_seed123,transfer,b2a_oracle_mask_03,123,val,lecun,False,phase,F1,anesthesia,0.9948717948717948,False
transfer__b2a_oracle_mask_03_002_b2a_oracle_mask_03_seed123,transfer,b2a_oracle_mask_03,123,val,lecun,False,phase,F1,closure,0.9655172413793103,False
transfer__b2a_oracle_mask_03_002_b2a_oracle_mask_03_seed123,transfer,b2a_oracle_mask_03,123,val,lecun,False,phase,F1,design,1.0,False
transfer__b2a_oracle_mask_03_002_b2a_oracle_mask_03_seed123,transfer,b2a_oracle_mask_03,123,val,lecun,False,phase,F1,disinfection,0.0,False
transfer__b2a_oracle_mask_03_002_b2a_oracle_mask_03_seed123,transfer,b2a_oracle_mask_03,123,val,lecun,False,phase,F1,dissection,0.9735553379040156,False
transfer__b2a_oracle_mask_03_002_b2a_oracle_mask_03_seed123,transfer,b2a_oracle_mask_03,123,val,lecun,False,phase,F1,dressing,0.0,False
transfer__b2a_oracle_mask_03_002_b2a_oracle_mask_03_seed123,transfer,b2a_oracle_mask_03,123,val,lecun,False,phase,F1,hemostasis,0.8990825688073394,False
transfer__b2a_oracle_mask_03_002_b2a_oracle_mask_03_seed123,transfer,b2a_oracle_mask_03,123,val,lecun,False,phase,F1,incision,0.9593023255813955,False
transfer__b2a_oracle_mask_03_002_b2a_oracle_mask_03_seed123,transfer,b2a_oracle_mask_03,123,val,lecun,False,phase,F1,irrigation,0.0,False
transfer__b2a_oracle_mask_03_003_b2a_oracle_mask_03_seed456,transfer,b2a_oracle_mask_03,456,val,lecun,False,phase,F1,anesthesia,0.9948717948717948,False
transfer__b2a_oracle_mask_03_003_b2a_oracle_mask_03_seed456,transfer,b2a_oracle_mask_03,456,val,lecun,False,phase,F1,closure,0.9605609114811569,False
transfer__b2a_oracle_mask_03_003_b2a_oracle_mask_03_seed456,transfer,b2a_oracle_mask_03,456,val,lecun,False,phase,F1,design,1.0,False
transfer__b2a_oracle_mask_03_003_b2a_oracle_mask_03_seed456,transfer,b2a_oracle_mask_03,456,val,lecun,False,phase,F1,disinfection,0.0,False
transfer__b2a_oracle_mask_03_003_b2a_oracle_mask_03_seed456,transfer,b2a_oracle_mask_03,456,val,lecun,False,phase,F1,dissection,0.9697560975609756,False
transfer__b2a_oracle_mask_03_003_b2a_oracle_mask_03_seed456,transfer,b2a_oracle_mask_03,456,val,lecun,False,phase,F1,dressing,0.0,False
transfer__b2a_oracle_mask_03_003_b2a_oracle_mask_03_seed456,transfer,b2a_oracle_mask_03,456,val,lecun,False,phase,F1,hemostasis,0.8846153846153846,False
transfer__b2a_oracle_mask_03_003_b2a_oracle_mask_03_seed456,transfer,b2a_oracle_mask_03,456,val,lecun,False,phase,F1,incision,0.9611940298507462,False
transfer__b2a_oracle_mask_03_003_b2a_oracle_mask_03_seed456,transfer,b2a_oracle_mask_03,456,val,lecun,False,phase,F1,irrigation,0.0,False
transfer__b2a_oracle_mask_04_001_b2a_oracle_mask_04_seed42,transfer,b2a_oracle_mask_04,42,val,lecun,False,phase,F1,anesthesia,0.9948717948717948,False
transfer__b2a_oracle_mask_04_001_b2a_oracle_mask_04_seed42,transfer,b2a_oracle_mask_04,42,val,lecun,False,phase,F1,closure,0.9621145374449339,False
transfer__b2a_oracle_mask_04_001_b2a_oracle_mask_04_seed42,transfer,b2a_oracle_mask_04,42,val,lecun,False,phase,F1,design,1.0,False
transfer__b2a_oracle_mask_04_001_b2a_oracle_mask_04_seed42,transfer,b2a_oracle_mask_04,42,val,lecun,False,phase,F1,disinfection,0.0,False
transfer__b2a_oracle_mask_04_001_b2a_oracle_mask_04_seed42,transfer,b2a_oracle_mask_04,42,val,lecun,False,phase,F1,dissection,0.9683794466403162,False
transfer__b2a_oracle_mask_04_001_b2a_oracle_mask_04_seed42,transfer,b2a_oracle_mask_04,42,val,lecun,False,phase,F1,dressing,0.0,False
transfer__b2a_oracle_mask_04_001_b2a_oracle_mask_04_seed42,transfer,b2a_oracle_mask_04,42,val,lecun,False,phase,F1,hemostasis,0.8739495798319329,False
transfer__b2a_oracle_mask_04_001_b2a_oracle_mask_04_seed42,transfer,b2a_oracle_mask_04,42,val,lecun,False,phase,F1,incision,0.967551622418879,False
transfer__b2a_oracle_mask_04_001_b2a_oracle_mask_04_seed42,transfer,b2a_oracle_mask_04,42,val,lecun,False,phase,F1,irrigation,0.0,False
transfer__b2a_oracle_mask_04_002_b2a_oracle_mask_04_seed123,transfer,b2a_oracle_mask_04,123,val,lecun,False,phase,F1,anesthesia,0.9948717948717948,False
transfer__b2a_oracle_mask_04_002_b2a_oracle_mask_04_seed123,transfer,b2a_oracle_mask_04,123,val,lecun,False,phase,F1,closure,0.9623137598597721,False
transfer__b2a_oracle_mask_04_002_b2a_oracle_mask_04_seed123,transfer,b2a_oracle_mask_04,123,val,lecun,False,phase,F1,design,1.0,False
transfer__b2a_oracle_mask_04_002_b2a_oracle_mask_04_seed123,transfer,b2a_oracle_mask_04,123,val,lecun,False,phase,F1,disinfection,0.0,False
transfer__b2a_oracle_mask_04_002_b2a_oracle_mask_04_seed123,transfer,b2a_oracle_mask_04,123,val,lecun,False,phase,F1,dissection,0.9773844641101278,False
transfer__b2a_oracle_mask_04_002_b2a_oracle_mask_04_seed123,transfer,b2a_oracle_mask_04,123,val,lecun,False,phase,F1,dressing,0.0,False
transfer__b2a_oracle_mask_04_002_b2a_oracle_mask_04_seed123,transfer,b2a_oracle_mask_04,123,val,lecun,False,phase,F1,hemostasis,0.9090909090909091,False
transfer__b2a_oracle_mask_04_002_b2a_oracle_mask_04_seed123,transfer,b2a_oracle_mask_04,123,val,lecun,False,phase,F1,incision,0.9614243323442137,False
transfer__b2a_oracle_mask_04_002_b2a_oracle_mask_04_seed123,transfer,b2a_oracle_mask_04,123,val,lecun,False,phase,F1,irrigation,0.0,False
transfer__b2a_oracle_mask_04_003_b2a_oracle_mask_04_seed456,transfer,b2a_oracle_mask_04,456,val,lecun,False,phase,F1,anesthesia,0.9948717948717948,False
transfer__b2a_oracle_mask_04_003_b2a_oracle_mask_04_seed456,transfer,b2a_oracle_mask_04,456,val,lecun,False,phase,F1,closure,0.9547038327526132,False
transfer__b2a_oracle_mask_04_003_b2a_oracle_mask_04_seed456,transfer,b2a_oracle_mask_04,456,val,lecun,False,phase,F1,design,1.0,False
transfer__b2a_oracle_mask_04_003_b2a_oracle_mask_04_seed456,transfer,b2a_oracle_mask_04,456,val,lecun,False,phase,F1,disinfection,0.0,False
transfer__b2a_oracle_mask_04_003_b2a_oracle_mask_04_seed456,transfer,b2a_oracle_mask_04,456,val,lecun,False,phase,F1,dissection,0.9705882352941176,False
transfer__b2a_oracle_mask_04_003_b2a_oracle_mask_04_seed456,transfer,b2a_oracle_mask_04,456,val,lecun,False,phase,F1,dressing,0.0,False
transfer__b2a_oracle_mask_04_003_b2a_oracle_mask_04_seed456,transfer,b2a_oracle_mask_04,456,val,lecun,False,phase,F1,hemostasis,0.8846153846153846,False
transfer__b2a_oracle_mask_04_003_b2a_oracle_mask_04_seed456,transfer,b2a_oracle_mask_04,456,val,lecun,False,phase,F1,incision,0.9489489489489489,False
transfer__b2a_oracle_mask_04_003_b2a_oracle_mask_04_seed456,transfer,b2a_oracle_mask_04,456,val,lecun,False,phase,F1,irrigation,0.0,False
transfer__b2a_oracle_mask_05_001_b2a_oracle_mask_05_seed42,transfer,b2a_oracle_mask_05,42,val,lecun,False,phase,F1,anesthesia,0.9948717948717948,False
transfer__b2a_oracle_mask_05_001_b2a_oracle_mask_05_seed42,transfer,b2a_oracle_mask_05,42,val,lecun,False,phase,F1,closure,0.9570552147239263,False
transfer__b2a_oracle_mask_05_001_b2a_oracle_mask_05_seed42,transfer,b2a_oracle_mask_05,42,val,lecun,False,phase,F1,design,1.0,False
transfer__b2a_oracle_mask_05_001_b2a_oracle_mask_05_seed42,transfer,b2a_oracle_mask_05,42,val,lecun,False,phase,F1,disinfection,0.0,False
transfer__b2a_oracle_mask_05_001_b2a_oracle_mask_05_seed42,transfer,b2a_oracle_mask_05,42,val,lecun,False,phase,F1,dissection,0.9668615984405458,False
transfer__b2a_oracle_mask_05_001_b2a_oracle_mask_05_seed42,transfer,b2a_oracle_mask_05,42,val,lecun,False,phase,F1,dressing,0.0,False
transfer__b2a_oracle_mask_05_001_b2a_oracle_mask_05_seed42,transfer,b2a_oracle_mask_05,42,val,lecun,False,phase,F1,hemostasis,0.9009009009009009,False
transfer__b2a_oracle_mask_05_001_b2a_oracle_mask_05_seed42,transfer,b2a_oracle_mask_05,42,val,lecun,False,phase,F1,incision,0.9357798165137615,False
transfer__b2a_oracle_mask_05_001_b2a_oracle_mask_05_seed42,transfer,b2a_oracle_mask_05,42,val,lecun,False,phase,F1,irrigation,0.0,False
transfer__b2a_oracle_mask_05_002_b2a_oracle_mask_05_seed123,transfer,b2a_oracle_mask_05,123,val,lecun,False,phase,F1,anesthesia,0.9948717948717948,False
transfer__b2a_oracle_mask_05_002_b2a_oracle_mask_05_seed123,transfer,b2a_oracle_mask_05,123,val,lecun,False,phase,F1,closure,0.9614711033274957,False
transfer__b2a_oracle_mask_05_002_b2a_oracle_mask_05_seed123,transfer,b2a_oracle_mask_05,123,val,lecun,False,phase,F1,design,1.0,False
transfer__b2a_oracle_mask_05_002_b2a_oracle_mask_05_seed123,transfer,b2a_oracle_mask_05,123,val,lecun,False,phase,F1,disinfection,0.0,False
transfer__b2a_oracle_mask_05_002_b2a_oracle_mask_05_seed123,transfer,b2a_oracle_mask_05,123,val,lecun,False,phase,F1,dissection,0.9764243614931238,False
transfer__b2a_oracle_mask_05_002_b2a_oracle_mask_05_seed123,transfer,b2a_oracle_mask_05,123,val,lecun,False,phase,F1,dressing,0.0,False
transfer__b2a_oracle_mask_05_002_b2a_oracle_mask_05_seed123,transfer,b2a_oracle_mask_05,123,val,lecun,False,phase,F1,hemostasis,0.8888888888888888,False
transfer__b2a_oracle_mask_05_002_b2a_oracle_mask_05_seed123,transfer,b2a_oracle_mask_05,123,val,lecun,False,phase,F1,incision,0.9554896142433233,False
transfer__b2a_oracle_mask_05_002_b2a_oracle_mask_05_seed123,transfer,b2a_oracle_mask_05,123,val,lecun,False,phase,F1,irrigation,0.0,False
transfer__b2a_oracle_mask_05_003_b2a_oracle_mask_05_seed456,transfer,b2a_oracle_mask_05,456,val,lecun,False,phase,F1,anesthesia,0.9948717948717948,False
transfer__b2a_oracle_mask_05_003_b2a_oracle_mask_05_seed456,transfer,b2a_oracle_mask_05,456,val,lecun,False,phase,F1,closure,0.9572798605056669,False
transfer__b2a_oracle_mask_05_003_b2a_oracle_mask_05_seed456,transfer,b2a_oracle_mask_05,456,val,lecun,False,phase,F1,design,1.0,False
transfer__b2a_oracle_mask_05_003_b2a_oracle_mask_05_seed456,transfer,b2a_oracle_mask_05,456,val,lecun,False,phase,F1,disinfection,0.0,False
transfer__b2a_oracle_mask_05_003_b2a_oracle_mask_05_seed456,transfer,b2a_oracle_mask_05,456,val,lecun,False,phase,F1,dissection,0.9763313609467457,False
transfer__b2a_oracle_mask_05_003_b2a_oracle_mask_05_seed456,transfer,b2a_oracle_mask_05,456,val,lecun,False,phase,F1,dressing,0.0,False
transfer__b2a_oracle_mask_05_003_b2a_oracle_mask_05_seed456,transfer,b2a_oracle_mask_05,456,val,lecun,False,phase,F1,hemostasis,0.9203539823008849,False
transfer__b2a_oracle_mask_05_003_b2a_oracle_mask_05_seed456,transfer,b2a_oracle_mask_05,456,val,lecun,False,phase,F1,incision,0.9486404833836858,False
transfer__b2a_oracle_mask_05_003_b2a_oracle_mask_05_seed456,transfer,b2a_oracle_mask_05,456,val,lecun,False,phase,F1,irrigation,0.0,False
transfer__b2a_oracle_mask_06_001_b2a_oracle_mask_06_seed42,transfer,b2a_oracle_mask_06,42,val,lecun,False,phase,F1,anesthesia,0.9896907216494846,False
transfer__b2a_oracle_mask_06_001_b2a_oracle_mask_06_seed42,transfer,b2a_oracle_mask_06,42,val,lecun,False,phase,F1,closure,0.9559859154929576,False
transfer__b2a_oracle_mask_06_001_b2a_oracle_mask_06_seed42,transfer,b2a_oracle_mask_06,42,val,lecun,False,phase,F1,design,1.0,False
transfer__b2a_oracle_mask_06_001_b2a_oracle_mask_06_seed42,transfer,b2a_oracle_mask_06,42,val,lecun,False,phase,F1,disinfection,0.0,False
transfer__b2a_oracle_mask_06_001_b2a_oracle_mask_06_seed42,transfer,b2a_oracle_mask_06,42,val,lecun,False,phase,F1,dissection,0.9641125121241513,False
transfer__b2a_oracle_mask_06_001_b2a_oracle_mask_06_seed42,transfer,b2a_oracle_mask_06,42,val,lecun,False,phase,F1,dressing,0.0,False
transfer__b2a_oracle_mask_06_001_b2a_oracle_mask_06_seed42,transfer,b2a_oracle_mask_06,42,val,lecun,False,phase,F1,hemostasis,0.8971962616822429,False
transfer__b2a_oracle_mask_06_001_b2a_oracle_mask_06_seed42,transfer,b2a_oracle_mask_06,42,val,lecun,False,phase,F1,incision,0.9457831325301205,False
transfer__b2a_oracle_mask_06_001_b2a_oracle_mask_06_seed42,transfer,b2a_oracle_mask_06,42,val,lecun,False,phase,F1,irrigation,0.0,False
transfer__b2a_oracle_mask_06_002_b2a_oracle_mask_06_seed123,transfer,b2a_oracle_mask_06,123,val,lecun,False,phase,F1,anesthesia,0.9948717948717948,False
transfer__b2a_oracle_mask_06_002_b2a_oracle_mask_06_seed123,transfer,b2a_oracle_mask_06,123,val,lecun,False,phase,F1,closure,0.949868073878628,False
transfer__b2a_oracle_mask_06_002_b2a_oracle_mask_06_seed123,transfer,b2a_oracle_mask_06,123,val,lecun,False,phase,F1,design,1.0,False
transfer__b2a_oracle_mask_06_002_b2a_oracle_mask_06_seed123,transfer,b2a_oracle_mask_06,123,val,lecun,False,phase,F1,disinfection,0.0,False
transfer__b2a_oracle_mask_06_002_b2a_oracle_mask_06_seed123,transfer,b2a_oracle_mask_06,123,val,lecun,False,phase,F1,dissection,0.9658536585365854,False
transfer__b2a_oracle_mask_06_002_b2a_oracle_mask_06_seed123,transfer,b2a_oracle_mask_06,123,val,lecun,False,phase,F1,dressing,0.0,False
transfer__b2a_oracle_mask_06_002_b2a_oracle_mask_06_seed123,transfer,b2a_oracle_mask_06,123,val,lecun,False,phase,F1,hemostasis,0.8990825688073394,False
transfer__b2a_oracle_mask_06_002_b2a_oracle_mask_06_seed123,transfer,b2a_oracle_mask_06,123,val,lecun,False,phase,F1,incision,0.9520958083832335,False
transfer__b2a_oracle_mask_06_002_b2a_oracle_mask_06_seed123,transfer,b2a_oracle_mask_06,123,val,lecun,False,phase,F1,irrigation,0.0,False
transfer__b2a_oracle_mask_06_003_b2a_oracle_mask_06_seed456,transfer,b2a_oracle_mask_06,456,val,lecun,False,phase,F1,anesthesia,0.9844559585492229,False
transfer__b2a_oracle_mask_06_003_b2a_oracle_mask_06_seed456,transfer,b2a_oracle_mask_06,456,val,lecun,False,phase,F1,closure,0.9503051438535309,False
transfer__b2a_oracle_mask_06_003_b2a_oracle_mask_06_seed456,transfer,b2a_oracle_mask_06,456,val,lecun,False,phase,F1,design,1.0,False
transfer__b2a_oracle_mask_06_003_b2a_oracle_mask_06_seed456,transfer,b2a_oracle_mask_06,456,val,lecun,False,phase,F1,disinfection,0.0,False
transfer__b2a_oracle_mask_06_003_b2a_oracle_mask_06_seed456,transfer,b2a_oracle_mask_06,456,val,lecun,False,phase,F1,dissection,0.9713721618953604,False
transfer__b2a_oracle_mask_06_003_b2a_oracle_mask_06_seed456,transfer,b2a_oracle_mask_06,456,val,lecun,False,phase,F1,dressing,0.0,False
transfer__b2a_oracle_mask_06_003_b2a_oracle_mask_06_seed456,transfer,b2a_oracle_mask_06,456,val,lecun,False,phase,F1,hemostasis,0.838095238095238,False
transfer__b2a_oracle_mask_06_003_b2a_oracle_mask_06_seed456,transfer,b2a_oracle_mask_06,456,val,lecun,False,phase,F1,incision,0.9590643274853802,False
transfer__b2a_oracle_mask_06_003_b2a_oracle_mask_06_seed456,transfer,b2a_oracle_mask_06,456,val,lecun,False,phase,F1,irrigation,0.0,False
transfer__b2a_oracle_mask_07_001_b2a_oracle_mask_07_seed42,transfer,b2a_oracle_mask_07,42,val,lecun,False,phase,F1,anesthesia,0.9948717948717948,False
transfer__b2a_oracle_mask_07_001_b2a_oracle_mask_07_seed42,transfer,b2a_oracle_mask_07,42,val,lecun,False,phase,F1,closure,0.9579684763572681,False
transfer__b2a_oracle_mask_07_001_b2a_oracle_mask_07_seed42,transfer,b2a_oracle_mask_07,42,val,lecun,False,phase,F1,design,1.0,False
transfer__b2a_oracle_mask_07_001_b2a_oracle_mask_07_seed42,transfer,b2a_oracle_mask_07,42,val,lecun,False,phase,F1,disinfection,0.0,False
transfer__b2a_oracle_mask_07_001_b2a_oracle_mask_07_seed42,transfer,b2a_oracle_mask_07,42,val,lecun,False,phase,F1,dissection,0.9659201557935736,False
transfer__b2a_oracle_mask_07_001_b2a_oracle_mask_07_seed42,transfer,b2a_oracle_mask_07,42,val,lecun,False,phase,F1,dressing,0.0,False
transfer__b2a_oracle_mask_07_001_b2a_oracle_mask_07_seed42,transfer,b2a_oracle_mask_07,42,val,lecun,False,phase,F1,hemostasis,0.8653846153846154,False
transfer__b2a_oracle_mask_07_001_b2a_oracle_mask_07_seed42,transfer,b2a_oracle_mask_07,42,val,lecun,False,phase,F1,incision,0.9518072289156626,False
transfer__b2a_oracle_mask_07_001_b2a_oracle_mask_07_seed42,transfer,b2a_oracle_mask_07,42,val,lecun,False,phase,F1,irrigation,0.0,False
transfer__b2a_oracle_mask_07_002_b2a_oracle_mask_07_seed123,transfer,b2a_oracle_mask_07,123,val,lecun,False,phase,F1,anesthesia,1.0,False
transfer__b2a_oracle_mask_07_002_b2a_oracle_mask_07_seed123,transfer,b2a_oracle_mask_07,123,val,lecun,False,phase,F1,closure,0.9569041336851363,False
transfer__b2a_oracle_mask_07_002_b2a_oracle_mask_07_seed123,transfer,b2a_oracle_mask_07,123,val,lecun,False,phase,F1,design,1.0,False
transfer__b2a_oracle_mask_07_002_b2a_oracle_mask_07_seed123,transfer,b2a_oracle_mask_07,123,val,lecun,False,phase,F1,disinfection,0.0,False
transfer__b2a_oracle_mask_07_002_b2a_oracle_mask_07_seed123,transfer,b2a_oracle_mask_07,123,val,lecun,False,phase,F1,dissection,0.96875,False
transfer__b2a_oracle_mask_07_002_b2a_oracle_mask_07_seed123,transfer,b2a_oracle_mask_07,123,val,lecun,False,phase,F1,dressing,0.0,False
transfer__b2a_oracle_mask_07_002_b2a_oracle_mask_07_seed123,transfer,b2a_oracle_mask_07,123,val,lecun,False,phase,F1,hemostasis,0.8990825688073394,False
transfer__b2a_oracle_mask_07_002_b2a_oracle_mask_07_seed123,transfer,b2a_oracle_mask_07,123,val,lecun,False,phase,F1,incision,0.9580838323353293,False
transfer__b2a_oracle_mask_07_002_b2a_oracle_mask_07_seed123,transfer,b2a_oracle_mask_07,123,val,lecun,False,phase,F1,irrigation,0.0,False
transfer__b2a_oracle_mask_07_003_b2a_oracle_mask_07_seed456,transfer,b2a_oracle_mask_07,456,val,lecun,False,phase,F1,anesthesia,0.9948717948717948,False
transfer__b2a_oracle_mask_07_003_b2a_oracle_mask_07_seed456,transfer,b2a_oracle_mask_07,456,val,lecun,False,phase,F1,closure,0.9581881533101044,False
transfer__b2a_oracle_mask_07_003_b2a_oracle_mask_07_seed456,transfer,b2a_oracle_mask_07,456,val,lecun,False,phase,F1,design,1.0,False
transfer__b2a_oracle_mask_07_003_b2a_oracle_mask_07_seed456,transfer,b2a_oracle_mask_07,456,val,lecun,False,phase,F1,disinfection,0.0,False
transfer__b2a_oracle_mask_07_003_b2a_oracle_mask_07_seed456,transfer,b2a_oracle_mask_07,456,val,lecun,False,phase,F1,dissection,0.9724950884086445,False
transfer__b2a_oracle_mask_07_003_b2a_oracle_mask_07_seed456,transfer,b2a_oracle_mask_07,456,val,lecun,False,phase,F1,dressing,0.0,False
transfer__b2a_oracle_mask_07_003_b2a_oracle_mask_07_seed456,transfer,b2a_oracle_mask_07,456,val,lecun,False,phase,F1,hemostasis,0.8867924528301887,False
transfer__b2a_oracle_mask_07_003_b2a_oracle_mask_07_seed456,transfer,b2a_oracle_mask_07,456,val,lecun,False,phase,F1,incision,0.9549549549549551,False
transfer__b2a_oracle_mask_07_003_b2a_oracle_mask_07_seed456,transfer,b2a_oracle_mask_07,456,val,lecun,False,phase,F1,irrigation,0.0,False
transfer__b2a_oracle_mask_08_001_b2a_oracle_mask_08_seed42,transfer,b2a_oracle_mask_08,42,val,lecun,False,phase,F1,anesthesia,0.9948717948717948,False
transfer__b2a_oracle_mask_08_001_b2a_oracle_mask_08_seed42,transfer,b2a_oracle_mask_08,42,val,lecun,False,phase,F1,closure,0.9588801399825022,False
transfer__b2a_oracle_mask_08_001_b2a_oracle_mask_08_seed42,transfer,b2a_oracle_mask_08,42,val,lecun,False,phase,F1,design,1.0,False
transfer__b2a_oracle_mask_08_001_b2a_oracle_mask_08_seed42,transfer,b2a_oracle_mask_08,42,val,lecun,False,phase,F1,disinfection,0.0,False
transfer__b2a_oracle_mask_08_001_b2a_oracle_mask_08_seed42,transfer,b2a_oracle_mask_08,42,val,lecun,False,phase,F1,dissection,0.9694581280788178,False
transfer__b2a_oracle_mask_08_001_b2a_oracle_mask_08_seed42,transfer,b2a_oracle_mask_08,42,val,lecun,False,phase,F1,dressing,0.0,False
transfer__b2a_oracle_mask_08_001_b2a_oracle_mask_08_seed42,transfer,b2a_oracle_mask_08,42,val,lecun,False,phase,F1,hemostasis,0.8695652173913043,False
transfer__b2a_oracle_mask_08_001_b2a_oracle_mask_08_seed42,transfer,b2a_oracle_mask_08,42,val,lecun,False,phase,F1,incision,0.9578313253012049,False
transfer__b2a_oracle_mask_08_001_b2a_oracle_mask_08_seed42,transfer,b2a_oracle_mask_08,42,val,lecun,False,phase,F1,irrigation,0.0,False
transfer__b2a_oracle_mask_08_002_b2a_oracle_mask_08_seed123,transfer,b2a_oracle_mask_08,123,val,lecun,False,phase,F1,anesthesia,0.9948717948717948,False
transfer__b2a_oracle_mask_08_002_b2a_oracle_mask_08_seed123,transfer,b2a_oracle_mask_08,123,val,lecun,False,phase,F1,closure,0.9605609114811569,False
transfer__b2a_oracle_mask_08_002_b2a_oracle_mask_08_seed123,transfer,b2a_oracle_mask_08,123,val,lecun,False,phase,F1,design,1.0,False
transfer__b2a_oracle_mask_08_002_b2a_oracle_mask_08_seed123,transfer,b2a_oracle_mask_08,123,val,lecun,False,phase,F1,disinfection,0.0,False
transfer__b2a_oracle_mask_08_002_b2a_oracle_mask_08_seed123,transfer,b2a_oracle_mask_08,123,val,lecun,False,phase,F1,dissection,0.9735553379040156,False
transfer__b2a_oracle_mask_08_002_b2a_oracle_mask_08_seed123,transfer,b2a_oracle_mask_08,123,val,lecun,False,phase,F1,dressing,0.0,False
transfer__b2a_oracle_mask_08_002_b2a_oracle_mask_08_seed123,transfer,b2a_oracle_mask_08,123,val,lecun,False,phase,F1,hemostasis,0.8867924528301887,False
transfer__b2a_oracle_mask_08_002_b2a_oracle_mask_08_seed123,transfer,b2a_oracle_mask_08,123,val,lecun,False,phase,F1,incision,0.9554896142433233,False
transfer__b2a_oracle_mask_08_002_b2a_oracle_mask_08_seed123,transfer,b2a_oracle_mask_08,123,val,lecun,False,phase,F1,irrigation,0.0,False
transfer__b2a_oracle_mask_08_003_b2a_oracle_mask_08_seed456,transfer,b2a_oracle_mask_08,456,val,lecun,False,phase,F1,anesthesia,0.9948717948717948,False
transfer__b2a_oracle_mask_08_003_b2a_oracle_mask_08_seed456,transfer,b2a_oracle_mask_08,456,val,lecun,False,phase,F1,closure,0.9605609114811569,False
transfer__b2a_oracle_mask_08_003_b2a_oracle_mask_08_seed456,transfer,b2a_oracle_mask_08,456,val,lecun,False,phase,F1,design,1.0,False
transfer__b2a_oracle_mask_08_003_b2a_oracle_mask_08_seed456,transfer,b2a_oracle_mask_08,456,val,lecun,False,phase,F1,disinfection,0.0,False
transfer__b2a_oracle_mask_08_003_b2a_oracle_mask_08_seed456,transfer,b2a_oracle_mask_08,456,val,lecun,False,phase,F1,dissection,0.9751737835153923,False
transfer__b2a_oracle_mask_08_003_b2a_oracle_mask_08_seed456,transfer,b2a_oracle_mask_08,456,val,lecun,False,phase,F1,dressing,0.0,False
transfer__b2a_oracle_mask_08_003_b2a_oracle_mask_08_seed456,transfer,b2a_oracle_mask_08,456,val,lecun,False,phase,F1,hemostasis,0.8813559322033898,False
transfer__b2a_oracle_mask_08_003_b2a_oracle_mask_08_seed456,transfer,b2a_oracle_mask_08,456,val,lecun,False,phase,F1,incision,0.967551622418879,False
transfer__b2a_oracle_mask_08_003_b2a_oracle_mask_08_seed456,transfer,b2a_oracle_mask_08,456,val,lecun,False,phase,F1,irrigation,0.0,False
transfer__b2a_oracle_mask_09_001_b2a_oracle_mask_09_seed42,transfer,b2a_oracle_mask_09,42,val,lecun,False,phase,F1,anesthesia,0.9948717948717948,False
transfer__b2a_oracle_mask_09_001_b2a_oracle_mask_09_seed42,transfer,b2a_oracle_mask_09,42,val,lecun,False,phase,F1,closure,0.9507346585998271,False
transfer__b2a_oracle_mask_09_001_b2a_oracle_mask_09_seed42,transfer,b2a_oracle_mask_09,42,val,lecun,False,phase,F1,design,1.0,False
transfer__b2a_oracle_mask_09_001_b2a_oracle_mask_09_seed42,transfer,b2a_oracle_mask_09,42,val,lecun,False,phase,F1,disinfection,0.0,False
transfer__b2a_oracle_mask_09_001_b2a_oracle_mask_09_seed42,transfer,b2a_oracle_mask_09,42,val,lecun,False,phase,F1,dissection,0.9618768328445748,False
transfer__b2a_oracle_mask_09_001_b2a_oracle_mask_09_seed42,transfer,b2a_oracle_mask_09,42,val,lecun,False,phase,F1,dressing,0.0,False
transfer__b2a_oracle_mask_09_001_b2a_oracle_mask_09_seed42,transfer,b2a_oracle_mask_09,42,val,lecun,False,phase,F1,hemostasis,0.8269230769230769,False
transfer__b2a_oracle_mask_09_001_b2a_oracle_mask_09_seed42,transfer,b2a_oracle_mask_09,42,val,lecun,False,phase,F1,incision,0.9158878504672898,False
transfer__b2a_oracle_mask_09_001_b2a_oracle_mask_09_seed42,transfer,b2a_oracle_mask_09,42,val,lecun,False,phase,F1,irrigation,0.0,False
transfer__b2a_oracle_mask_09_002_b2a_oracle_mask_09_seed123,transfer,b2a_oracle_mask_09,123,val,lecun,False,phase,F1,anesthesia,0.9896907216494846,False
transfer__b2a_oracle_mask_09_002_b2a_oracle_mask_09_seed123,transfer,b2a_oracle_mask_09,123,val,lecun,False,phase,F1,closure,0.9552238805970149,False
transfer__b2a_oracle_mask_09_002_b2a_oracle_mask_09_seed123,transfer,b2a_oracle_mask_09,123,val,lecun,False,phase,F1,design,1.0,False
transfer__b2a_oracle_mask_09_002_b2a_oracle_mask_09_seed123,transfer,b2a_oracle_mask_09,123,val,lecun,False,phase,F1,disinfection,0.0,False
transfer__b2a_oracle_mask_09_002_b2a_oracle_mask_09_seed123,transfer,b2a_oracle_mask_09,123,val,lecun,False,phase,F1,dissection,0.961089494163424,False
transfer__b2a_oracle_mask_09_002_b2a_oracle_mask_09_seed123,transfer,b2a_oracle_mask_09,123,val,lecun,False,phase,F1,dressing,0.0,False
transfer__b2a_oracle_mask_09_002_b2a_oracle_mask_09_seed123,transfer,b2a_oracle_mask_09,123,val,lecun,False,phase,F1,hemostasis,0.8888888888888888,False
transfer__b2a_oracle_mask_09_002_b2a_oracle_mask_09_seed123,transfer,b2a_oracle_mask_09,123,val,lecun,False,phase,F1,incision,0.8942598187311178,False
transfer__b2a_oracle_mask_09_002_b2a_oracle_mask_09_seed123,transfer,b2a_oracle_mask_09,123,val,lecun,False,phase,F1,irrigation,0.0,False
transfer__b2a_oracle_mask_09_003_b2a_oracle_mask_09_seed456,transfer,b2a_oracle_mask_09,456,val,lecun,False,phase,F1,anesthesia,0.9844559585492229,False
transfer__b2a_oracle_mask_09_003_b2a_oracle_mask_09_seed456,transfer,b2a_oracle_mask_09,456,val,lecun,False,phase,F1,closure,0.9547038327526132,False
transfer__b2a_oracle_mask_09_003_b2a_oracle_mask_09_seed456,transfer,b2a_oracle_mask_09,456,val,lecun,False,phase,F1,design,1.0,False
transfer__b2a_oracle_mask_09_003_b2a_oracle_mask_09_seed456,transfer,b2a_oracle_mask_09,456,val,lecun,False,phase,F1,disinfection,0.0,False
transfer__b2a_oracle_mask_09_003_b2a_oracle_mask_09_seed456,transfer,b2a_oracle_mask_09,456,val,lecun,False,phase,F1,dissection,0.9667318982387475,False
transfer__b2a_oracle_mask_09_003_b2a_oracle_mask_09_seed456,transfer,b2a_oracle_mask_09,456,val,lecun,False,phase,F1,dressing,0.0,False
transfer__b2a_oracle_mask_09_003_b2a_oracle_mask_09_seed456,transfer,b2a_oracle_mask_09,456,val,lecun,False,phase,F1,hemostasis,0.8909090909090909,False
transfer__b2a_oracle_mask_09_003_b2a_oracle_mask_09_seed456,transfer,b2a_oracle_mask_09,456,val,lecun,False,phase,F1,incision,0.9174311926605504,False
transfer__b2a_oracle_mask_09_003_b2a_oracle_mask_09_seed456,transfer,b2a_oracle_mask_09,456,val,lecun,False,phase,F1,irrigation,0.0,False
transfer__b2a_oracle_mask_10_001_b2a_oracle_mask_10_seed42,transfer,b2a_oracle_mask_10,42,val,lecun,False,phase,F1,anesthesia,0.9948717948717948,False
transfer__b2a_oracle_mask_10_001_b2a_oracle_mask_10_seed42,transfer,b2a_oracle_mask_10,42,val,lecun,False,phase,F1,closure,0.9618456078083407,False
transfer__b2a_oracle_mask_10_001_b2a_oracle_mask_10_seed42,transfer,b2a_oracle_mask_10,42,val,lecun,False,phase,F1,design,1.0,False
transfer__b2a_oracle_mask_10_001_b2a_oracle_mask_10_seed42,transfer,b2a_oracle_mask_10,42,val,lecun,False,phase,F1,disinfection,0.0,False
transfer__b2a_oracle_mask_10_001_b2a_oracle_mask_10_seed42,transfer,b2a_oracle_mask_10,42,val,lecun,False,phase,F1,dissection,0.9576107899807322,False
transfer__b2a_oracle_mask_10_001_b2a_oracle_mask_10_seed42,transfer,b2a_oracle_mask_10,42,val,lecun,False,phase,F1,dressing,0.0,False
transfer__b2a_oracle_mask_10_001_b2a_oracle_mask_10_seed42,transfer,b2a_oracle_mask_10,42,val,lecun,False,phase,F1,hemostasis,0.8807339449541285,False
transfer__b2a_oracle_mask_10_001_b2a_oracle_mask_10_seed42,transfer,b2a_oracle_mask_10,42,val,lecun,False,phase,F1,incision,0.9607250755287009,False
transfer__b2a_oracle_mask_10_001_b2a_oracle_mask_10_seed42,transfer,b2a_oracle_mask_10,42,val,lecun,False,phase,F1,irrigation,0.0,False
transfer__b2a_oracle_mask_10_002_b2a_oracle_mask_10_seed123,transfer,b2a_oracle_mask_10,123,val,lecun,False,phase,F1,anesthesia,0.9948717948717948,False
transfer__b2a_oracle_mask_10_002_b2a_oracle_mask_10_seed123,transfer,b2a_oracle_mask_10,123,val,lecun,False,phase,F1,closure,0.9590235396687008,False
transfer__b2a_oracle_mask_10_002_b2a_oracle_mask_10_seed123,transfer,b2a_oracle_mask_10,123,val,lecun,False,phase,F1,design,1.0,False
transfer__b2a_oracle_mask_10_002_b2a_oracle_mask_10_seed123,transfer,b2a_oracle_mask_10,123,val,lecun,False,phase,F1,disinfection,0.0,False
transfer__b2a_oracle_mask_10_002_b2a_oracle_mask_10_seed123,transfer,b2a_oracle_mask_10,123,val,lecun,False,phase,F1,dissection,0.9724409448818898,False
transfer__b2a_oracle_mask_10_002_b2a_oracle_mask_10_seed123,transfer,b2a_oracle_mask_10,123,val,lecun,False,phase,F1,dressing,0.0,False
transfer__b2a_oracle_mask_10_002_b2a_oracle_mask_10_seed123,transfer,b2a_oracle_mask_10,123,val,lecun,False,phase,F1,hemostasis,0.8785046728971964,False
transfer__b2a_oracle_mask_10_002_b2a_oracle_mask_10_seed123,transfer,b2a_oracle_mask_10,123,val,lecun,False,phase,F1,incision,0.955223880597015,False
transfer__b2a_oracle_mask_10_002_b2a_oracle_mask_10_seed123,transfer,b2a_oracle_mask_10,123,val,lecun,False,phase,F1,irrigation,0.0,False
transfer__b2a_oracle_mask_10_003_b2a_oracle_mask_10_seed456,transfer,b2a_oracle_mask_10,456,val,lecun,False,phase,F1,anesthesia,0.9896907216494846,False
transfer__b2a_oracle_mask_10_003_b2a_oracle_mask_10_seed456,transfer,b2a_oracle_mask_10,456,val,lecun,False,phase,F1,closure,0.9599303135888502,False
transfer__b2a_oracle_mask_10_003_b2a_oracle_mask_10_seed456,transfer,b2a_oracle_mask_10,456,val,lecun,False,phase,F1,design,1.0,False
transfer__b2a_oracle_mask_10_003_b2a_oracle_mask_10_seed456,transfer,b2a_oracle_mask_10,456,val,lecun,False,phase,F1,disinfection,0.0,False
transfer__b2a_oracle_mask_10_003_b2a_oracle_mask_10_seed456,transfer,b2a_oracle_mask_10,456,val,lecun,False,phase,F1,dissection,0.9783464566929134,False
transfer__b2a_oracle_mask_10_003_b2a_oracle_mask_10_seed456,transfer,b2a_oracle_mask_10,456,val,lecun,False,phase,F1,dressing,0.0,False
transfer__b2a_oracle_mask_10_003_b2a_oracle_mask_10_seed456,transfer,b2a_oracle_mask_10,456,val,lecun,False,phase,F1,hemostasis,0.8823529411764706,False
transfer__b2a_oracle_mask_10_003_b2a_oracle_mask_10_seed456,transfer,b2a_oracle_mask_10,456,val,lecun,False,phase,F1,incision,0.9647058823529412,False
transfer__b2a_oracle_mask_10_003_b2a_oracle_mask_10_seed456,transfer,b2a_oracle_mask_10,456,val,lecun,False,phase,F1,irrigation,0.0,False
transfer__b2a_oracle_mask_11_001_b2a_oracle_mask_11_seed42,transfer,b2a_oracle_mask_11,42,val,lecun,False,phase,F1,anesthesia,0.9896907216494846,False
transfer__b2a_oracle_mask_11_001_b2a_oracle_mask_11_seed42,transfer,b2a_oracle_mask_11,42,val,lecun,False,phase,F1,closure,0.9653948535936114,False
transfer__b2a_oracle_mask_11_001_b2a_oracle_mask_11_seed42,transfer,b2a_oracle_mask_11,42,val,lecun,False,phase,F1,design,1.0,False
transfer__b2a_oracle_mask_11_001_b2a_oracle_mask_11_seed42,transfer,b2a_oracle_mask_11,42,val,lecun,False,phase,F1,disinfection,0.0,False
transfer__b2a_oracle_mask_11_001_b2a_oracle_mask_11_seed42,transfer,b2a_oracle_mask_11,42,val,lecun,False,phase,F1,dissection,0.9636898920510303,False
transfer__b2a_oracle_mask_11_001_b2a_oracle_mask_11_seed42,transfer,b2a_oracle_mask_11,42,val,lecun,False,phase,F1,dressing,0.0,False
transfer__b2a_oracle_mask_11_001_b2a_oracle_mask_11_seed42,transfer,b2a_oracle_mask_11,42,val,lecun,False,phase,F1,hemostasis,0.864406779661017,False
transfer__b2a_oracle_mask_11_001_b2a_oracle_mask_11_seed42,transfer,b2a_oracle_mask_11,42,val,lecun,False,phase,F1,incision,0.9590643274853802,False
transfer__b2a_oracle_mask_11_001_b2a_oracle_mask_11_seed42,transfer,b2a_oracle_mask_11,42,val,lecun,False,phase,F1,irrigation,0.0,False
transfer__b2a_oracle_mask_11_002_b2a_oracle_mask_11_seed123,transfer,b2a_oracle_mask_11,123,val,lecun,False,phase,F1,anesthesia,0.9948717948717948,False
transfer__b2a_oracle_mask_11_002_b2a_oracle_mask_11_seed123,transfer,b2a_oracle_mask_11,123,val,lecun,False,phase,F1,closure,0.9628318584070796,False
transfer__b2a_oracle_mask_11_002_b2a_oracle_mask_11_seed123,transfer,b2a_oracle_mask_11,123,val,lecun,False,phase,F1,design,1.0,False
transfer__b2a_oracle_mask_11_002_b2a_oracle_mask_11_seed123,transfer,b2a_oracle_mask_11,123,val,lecun,False,phase,F1,disinfection,0.0,False
transfer__b2a_oracle_mask_11_002_b2a_oracle_mask_11_seed123,transfer,b2a_oracle_mask_11,123,val,lecun,False,phase,F1,dissection,0.970703125,False
transfer__b2a_oracle_mask_11_002_b2a_oracle_mask_11_seed123,transfer,b2a_oracle_mask_11,123,val,lecun,False,phase,F1,dressing,0.0,False
transfer__b2a_oracle_mask_11_002_b2a_oracle_mask_11_seed123,transfer,b2a_oracle_mask_11,123,val,lecun,False,phase,F1,hemostasis,0.8888888888888888,False
transfer__b2a_oracle_mask_11_002_b2a_oracle_mask_11_seed123,transfer,b2a_oracle_mask_11,123,val,lecun,False,phase,F1,incision,0.9562682215743441,False
transfer__b2a_oracle_mask_11_002_b2a_oracle_mask_11_seed123,transfer,b2a_oracle_mask_11,123,val,lecun,False,phase,F1,irrigation,0.0,False
transfer__b2a_oracle_mask_11_003_b2a_oracle_mask_11_seed456,transfer,b2a_oracle_mask_11,456,val,lecun,False,phase,F1,anesthesia,0.9948717948717948,False
transfer__b2a_oracle_mask_11_003_b2a_oracle_mask_11_seed456,transfer,b2a_oracle_mask_11,456,val,lecun,False,phase,F1,closure,0.9566724436741769,False
transfer__b2a_oracle_mask_11_003_b2a_oracle_mask_11_seed456,transfer,b2a_oracle_mask_11,456,val,lecun,False,phase,F1,design,1.0,False
transfer__b2a_oracle_mask_11_003_b2a_oracle_mask_11_seed456,transfer,b2a_oracle_mask_11,456,val,lecun,False,phase,F1,disinfection,0.0,False
transfer__b2a_oracle_mask_11_003_b2a_oracle_mask_11_seed456,transfer,b2a_oracle_mask_11,456,val,lecun,False,phase,F1,dissection,0.9772051536174431,False
transfer__b2a_oracle_mask_11_003_b2a_oracle_mask_11_seed456,transfer,b2a_oracle_mask_11,456,val,lecun,False,phase,F1,dressing,0.0,False
transfer__b2a_oracle_mask_11_003_b2a_oracle_mask_11_seed456,transfer,b2a_oracle_mask_11,456,val,lecun,False,phase,F1,hemostasis,0.9056603773584905,False
transfer__b2a_oracle_mask_11_003_b2a_oracle_mask_11_seed456,transfer,b2a_oracle_mask_11,456,val,lecun,False,phase,F1,incision,0.9583333333333333,False
transfer__b2a_oracle_mask_11_003_b2a_oracle_mask_11_seed456,transfer,b2a_oracle_mask_11,456,val,lecun,False,phase,F1,irrigation,0.0,False
transfer__b2a_oracle_mask_12_001_b2a_oracle_mask_12_seed42,transfer,b2a_oracle_mask_12,42,val,lecun,False,phase,F1,anesthesia,0.9948717948717948,False
transfer__b2a_oracle_mask_12_001_b2a_oracle_mask_12_seed42,transfer,b2a_oracle_mask_12,42,val,lecun,False,phase,F1,closure,0.9619131975199291,False
transfer__b2a_oracle_mask_12_001_b2a_oracle_mask_12_seed42,transfer,b2a_oracle_mask_12,42,val,lecun,False,phase,F1,design,1.0,False
transfer__b2a_oracle_mask_12_001_b2a_oracle_mask_12_seed42,transfer,b2a_oracle_mask_12,42,val,lecun,False,phase,F1,disinfection,0.0,False
transfer__b2a_oracle_mask_12_001_b2a_oracle_mask_12_seed42,transfer,b2a_oracle_mask_12,42,val,lecun,False,phase,F1,dissection,0.9609375,False
transfer__b2a_oracle_mask_12_001_b2a_oracle_mask_12_seed42,transfer,b2a_oracle_mask_12,42,val,lecun,False,phase,F1,dressing,0.0,False
transfer__b2a_oracle_mask_12_001_b2a_oracle_mask_12_seed42,transfer,b2a_oracle_mask_12,42,val,lecun,False,phase,F1,hemostasis,0.8760330578512396,False
transfer__b2a_oracle_mask_12_001_b2a_oracle_mask_12_seed42,transfer,b2a_oracle_mask_12,42,val,lecun,False,phase,F1,incision,0.9607250755287009,False
transfer__b2a_oracle_mask_12_001_b2a_oracle_mask_12_seed42,transfer,b2a_oracle_mask_12,42,val,lecun,False,phase,F1,irrigation,0.0,False
transfer__b2a_oracle_mask_12_002_b2a_oracle_mask_12_seed123,transfer,b2a_oracle_mask_12,123,val,lecun,False,phase,F1,anesthesia,0.9948717948717948,False
transfer__b2a_oracle_mask_12_002_b2a_oracle_mask_12_seed123,transfer,b2a_oracle_mask_12,123,val,lecun,False,phase,F1,closure,0.9597197898423817,False
transfer__b2a_oracle_mask_12_002_b2a_oracle_mask_12_seed123,transfer,b2a_oracle_mask_12,123,val,lecun,False,phase,F1,design,1.0,False
transfer__b2a_oracle_mask_12_002_b2a_oracle_mask_12_seed123,transfer,b2a_oracle_mask_12,123,val,lecun,False,phase,F1,disinfection,0.0,False
transfer__b2a_oracle_mask_12_002_b2a_oracle_mask_12_seed123,transfer,b2a_oracle_mask_12,123,val,lecun,False,phase,F1,dissection,0.9717073170731707,False
transfer__b2a_oracle_mask_12_002_b2a_oracle_mask_12_seed123,transfer,b2a_oracle_mask_12,123,val,lecun,False,phase,F1,dressing,0.0,False
transfer__b2a_oracle_mask_12_002_b2a_oracle_mask_12_seed123,transfer,b2a_oracle_mask_12,123,val,lecun,False,phase,F1,hemostasis,0.9056603773584905,False
transfer__b2a_oracle_mask_12_002_b2a_oracle_mask_12_seed123,transfer,b2a_oracle_mask_12,123,val,lecun,False,phase,F1,incision,0.9518072289156626,False
transfer__b2a_oracle_mask_12_002_b2a_oracle_mask_12_seed123,transfer,b2a_oracle_mask_12,123,val,lecun,False,phase,F1,irrigation,0.0,False
transfer__b2a_oracle_mask_12_003_b2a_oracle_mask_12_seed456,transfer,b2a_oracle_mask_12,456,val,lecun,False,phase,F1,anesthesia,0.9948717948717948,False
transfer__b2a_oracle_mask_12_003_b2a_oracle_mask_12_seed456,transfer,b2a_oracle_mask_12,456,val,lecun,False,phase,F1,closure,0.9597197898423817,False
transfer__b2a_oracle_mask_12_003_b2a_oracle_mask_12_seed456,transfer,b2a_oracle_mask_12,456,val,lecun,False,phase,F1,design,1.0,False
transfer__b2a_oracle_mask_12_003_b2a_oracle_mask_12_seed456,transfer,b2a_oracle_mask_12,456,val,lecun,False,phase,F1,disinfection,0.0,False
transfer__b2a_oracle_mask_12_003_b2a_oracle_mask_12_seed456,transfer,b2a_oracle_mask_12,456,val,lecun,False,phase,F1,dissection,0.974459724950884,False
transfer__b2a_oracle_mask_12_003_b2a_oracle_mask_12_seed456,transfer,b2a_oracle_mask_12,456,val,lecun,False,phase,F1,dressing,0.0,False
transfer__b2a_oracle_mask_12_003_b2a_oracle_mask_12_seed456,transfer,b2a_oracle_mask_12,456,val,lecun,False,phase,F1,hemostasis,0.8888888888888888,False
transfer__b2a_oracle_mask_12_003_b2a_oracle_mask_12_seed456,transfer,b2a_oracle_mask_12,456,val,lecun,False,phase,F1,incision,0.9614243323442137,False
transfer__b2a_oracle_mask_12_003_b2a_oracle_mask_12_seed456,transfer,b2a_oracle_mask_12,456,val,lecun,False,phase,F1,irrigation,0.0,False
transfer__b2a_oracle_mask_13_001_b2a_oracle_mask_13_seed42,transfer,b2a_oracle_mask_13,42,val,lecun,False,phase,F1,anesthesia,0.9896907216494846,False
transfer__b2a_oracle_mask_13_001_b2a_oracle_mask_13_seed42,transfer,b2a_oracle_mask_13,42,val,lecun,False,phase,F1,closure,0.9554585152838428,False
transfer__b2a_oracle_mask_13_001_b2a_oracle_mask_13_seed42,transfer,b2a_oracle_mask_13,42,val,lecun,False,phase,F1,design,1.0,False
transfer__b2a_oracle_mask_13_001_b2a_oracle_mask_13_seed42,transfer,b2a_oracle_mask_13,42,val,lecun,False,phase,F1,disinfection,0.0,False
transfer__b2a_oracle_mask_13_001_b2a_oracle_mask_13_seed42,transfer,b2a_oracle_mask_13,42,val,lecun,False,phase,F1,dissection,0.9697560975609756,False
transfer__b2a_oracle_mask_13_001_b2a_oracle_mask_13_seed42,transfer,b2a_oracle_mask_13,42,val,lecun,False,phase,F1,dressing,0.0,False
transfer__b2a_oracle_mask_13_001_b2a_oracle_mask_13_seed42,transfer,b2a_oracle_mask_13,42,val,lecun,False,phase,F1,hemostasis,0.9074074074074074,False
transfer__b2a_oracle_mask_13_001_b2a_oracle_mask_13_seed42,transfer,b2a_oracle_mask_13,42,val,lecun,False,phase,F1,incision,0.9451219512195121,False
transfer__b2a_oracle_mask_13_001_b2a_oracle_mask_13_seed42,transfer,b2a_oracle_mask_13,42,val,lecun,False,phase,F1,irrigation,0.0,False
transfer__b2a_oracle_mask_13_002_b2a_oracle_mask_13_seed123,transfer,b2a_oracle_mask_13,123,val,lecun,False,phase,F1,anesthesia,0.9948717948717948,False
transfer__b2a_oracle_mask_13_002_b2a_oracle_mask_13_seed123,transfer,b2a_oracle_mask_13,123,val,lecun,False,phase,F1,closure,0.9588080631025416,False
transfer__b2a_oracle_mask_13_002_b2a_oracle_mask_13_seed123,transfer,b2a_oracle_mask_13,123,val,lecun,False,phase,F1,design,1.0,False
transfer__b2a_oracle_mask_13_002_b2a_oracle_mask_13_seed123,transfer,b2a_oracle_mask_13,123,val,lecun,False,phase,F1,disinfection,0.0,False
transfer__b2a_oracle_mask_13_002_b2a_oracle_mask_13_seed123,transfer,b2a_oracle_mask_13,123,val,lecun,False,phase,F1,dissection,0.9725490196078431,False
transfer__b2a_oracle_mask_13_002_b2a_oracle_mask_13_seed123,transfer,b2a_oracle_mask_13,123,val,lecun,False,phase,F1,dressing,0.0,False
transfer__b2a_oracle_mask_13_002_b2a_oracle_mask_13_seed123,transfer,b2a_oracle_mask_13,123,val,lecun,False,phase,F1,hemostasis,0.8990825688073394,False
transfer__b2a_oracle_mask_13_002_b2a_oracle_mask_13_seed123,transfer,b2a_oracle_mask_13,123,val,lecun,False,phase,F1,incision,0.955223880597015,False
transfer__b2a_oracle_mask_13_002_b2a_oracle_mask_13_seed123,transfer,b2a_oracle_mask_13,123,val,lecun,False,phase,F1,irrigation,0.0,False
transfer__b2a_oracle_mask_13_003_b2a_oracle_mask_13_seed456,transfer,b2a_oracle_mask_13,456,val,lecun,False,phase,F1,anesthesia,0.9896907216494846,False
transfer__b2a_oracle_mask_13_003_b2a_oracle_mask_13_seed456,transfer,b2a_oracle_mask_13,456,val,lecun,False,phase,F1,closure,0.9541125541125541,False
transfer__b2a_oracle_mask_13_003_b2a_oracle_mask_13_seed456,transfer,b2a_oracle_mask_13,456,val,lecun,False,phase,F1,design,1.0,False
transfer__b2a_oracle_mask_13_003_b2a_oracle_mask_13_seed456,transfer,b2a_oracle_mask_13,456,val,lecun,False,phase,F1,disinfection,0.0,False
transfer__b2a_oracle_mask_13_003_b2a_oracle_mask_13_seed456,transfer,b2a_oracle_mask_13,456,val,lecun,False,phase,F1,dissection,0.9762376237623762,False
transfer__b2a_oracle_mask_13_003_b2a_oracle_mask_13_seed456,transfer,b2a_oracle_mask_13,456,val,lecun,False,phase,F1,dressing,0.0,False
transfer__b2a_oracle_mask_13_003_b2a_oracle_mask_13_seed456,transfer,b2a_oracle_mask_13,456,val,lecun,False,phase,F1,hemostasis,0.8888888888888888,False
transfer__b2a_oracle_mask_13_003_b2a_oracle_mask_13_seed456,transfer,b2a_oracle_mask_13,456,val,lecun,False,phase,F1,incision,0.9489489489489489,False
transfer__b2a_oracle_mask_13_003_b2a_oracle_mask_13_seed456,transfer,b2a_oracle_mask_13,456,val,lecun,False,phase,F1,irrigation,0.0,False
transfer__b2a_oracle_mask_14_001_b2a_oracle_mask_14_seed42,transfer,b2a_oracle_mask_14,42,val,lecun,False,phase,F1,anesthesia,1.0,False
transfer__b2a_oracle_mask_14_001_b2a_oracle_mask_14_seed42,transfer,b2a_oracle_mask_14,42,val,lecun,False,phase,F1,closure,0.9609236234458258,False
transfer__b2a_oracle_mask_14_001_b2a_oracle_mask_14_seed42,transfer,b2a_oracle_mask_14,42,val,lecun,False,phase,F1,design,1.0,False
transfer__b2a_oracle_mask_14_001_b2a_oracle_mask_14_seed42,transfer,b2a_oracle_mask_14,42,val,lecun,False,phase,F1,disinfection,0.0,False
transfer__b2a_oracle_mask_14_001_b2a_oracle_mask_14_seed42,transfer,b2a_oracle_mask_14,42,val,lecun,False,phase,F1,dissection,0.962245885769603,False
transfer__b2a_oracle_mask_14_001_b2a_oracle_mask_14_seed42,transfer,b2a_oracle_mask_14,42,val,lecun,False,phase,F1,dressing,0.0,False
transfer__b2a_oracle_mask_14_001_b2a_oracle_mask_14_seed42,transfer,b2a_oracle_mask_14,42,val,lecun,False,phase,F1,hemostasis,0.8849557522123894,False
transfer__b2a_oracle_mask_14_001_b2a_oracle_mask_14_seed42,transfer,b2a_oracle_mask_14,42,val,lecun,False,phase,F1,incision,0.9698795180722891,False
transfer__b2a_oracle_mask_14_001_b2a_oracle_mask_14_seed42,transfer,b2a_oracle_mask_14,42,val,lecun,False,phase,F1,irrigation,0.0,False
transfer__b2a_oracle_mask_14_002_b2a_oracle_mask_14_seed123,transfer,b2a_oracle_mask_14,123,val,lecun,False,phase,F1,anesthesia,0.9948717948717948,False
transfer__b2a_oracle_mask_14_002_b2a_oracle_mask_14_seed123,transfer,b2a_oracle_mask_14,123,val,lecun,False,phase,F1,closure,0.9604916593503073,False
transfer__b2a_oracle_mask_14_002_b2a_oracle_mask_14_seed123,transfer,b2a_oracle_mask_14,123,val,lecun,False,phase,F1,design,1.0,False
transfer__b2a_oracle_mask_14_002_b2a_oracle_mask_14_seed123,transfer,b2a_oracle_mask_14,123,val,lecun,False,phase,F1,disinfection,0.0,False
transfer__b2a_oracle_mask_14_002_b2a_oracle_mask_14_seed123,transfer,b2a_oracle_mask_14,123,val,lecun,False,phase,F1,dissection,0.974459724950884,False
transfer__b2a_oracle_mask_14_002_b2a_oracle_mask_14_seed123,transfer,b2a_oracle_mask_14,123,val,lecun,False,phase,F1,dressing,0.0,False
transfer__b2a_oracle_mask_14_002_b2a_oracle_mask_14_seed123,transfer,b2a_oracle_mask_14,123,val,lecun,False,phase,F1,hemostasis,0.9203539823008849,False
transfer__b2a_oracle_mask_14_002_b2a_oracle_mask_14_seed123,transfer,b2a_oracle_mask_14,123,val,lecun,False,phase,F1,incision,0.9611940298507462,False
transfer__b2a_oracle_mask_14_002_b2a_oracle_mask_14_seed123,transfer,b2a_oracle_mask_14,123,val,lecun,False,phase,F1,irrigation,0.0,False
transfer__b2a_oracle_mask_14_003_b2a_oracle_mask_14_seed456,transfer,b2a_oracle_mask_14,456,val,lecun,False,phase,F1,anesthesia,0.9844559585492229,False
transfer__b2a_oracle_mask_14_003_b2a_oracle_mask_14_seed456,transfer,b2a_oracle_mask_14,456,val,lecun,False,phase,F1,closure,0.9594356261022927,False
transfer__b2a_oracle_mask_14_003_b2a_oracle_mask_14_seed456,transfer,b2a_oracle_mask_14,456,val,lecun,False,phase,F1,design,1.0,False
transfer__b2a_oracle_mask_14_003_b2a_oracle_mask_14_seed456,transfer,b2a_oracle_mask_14,456,val,lecun,False,phase,F1,disinfection,0.0,False
transfer__b2a_oracle_mask_14_003_b2a_oracle_mask_14_seed456,transfer,b2a_oracle_mask_14,456,val,lecun,False,phase,F1,dissection,0.9641125121241513,False
transfer__b2a_oracle_mask_14_003_b2a_oracle_mask_14_seed456,transfer,b2a_oracle_mask_14,456,val,lecun,False,phase,F1,dressing,0.0,False
transfer__b2a_oracle_mask_14_003_b2a_oracle_mask_14_seed456,transfer,b2a_oracle_mask_14,456,val,lecun,False,phase,F1,hemostasis,0.8679245283018868,False
transfer__b2a_oracle_mask_14_003_b2a_oracle_mask_14_seed456,transfer,b2a_oracle_mask_14,456,val,lecun,False,phase,F1,incision,0.9583333333333333,False
transfer__b2a_oracle_mask_14_003_b2a_oracle_mask_14_seed456,transfer,b2a_oracle_mask_14,456,val,lecun,False,phase,F1,irrigation,0.0,False
transfer__b2a_oracle_mask_top3_joint_001_b2a_oracle_mask_top3_joint_seed123,transfer,b2a_oracle_mask_top3_joint,123,val,lecun,False,phase,F1,anesthesia,0.9896907216494846,False
transfer__b2a_oracle_mask_top3_joint_001_b2a_oracle_mask_top3_joint_seed123,transfer,b2a_oracle_mask_top3_joint,123,val,lecun,False,phase,F1,closure,0.941586748038361,False
transfer__b2a_oracle_mask_top3_joint_001_b2a_oracle_mask_top3_joint_seed123,transfer,b2a_oracle_mask_top3_joint,123,val,lecun,False,phase,F1,design,1.0,False
transfer__b2a_oracle_mask_top3_joint_001_b2a_oracle_mask_top3_joint_seed123,transfer,b2a_oracle_mask_top3_joint,123,val,lecun,False,phase,F1,disinfection,0.0,False
transfer__b2a_oracle_mask_top3_joint_001_b2a_oracle_mask_top3_joint_seed123,transfer,b2a_oracle_mask_top3_joint,123,val,lecun,False,phase,F1,dissection,0.9340974212034383,False
transfer__b2a_oracle_mask_top3_joint_001_b2a_oracle_mask_top3_joint_seed123,transfer,b2a_oracle_mask_top3_joint,123,val,lecun,False,phase,F1,dressing,0.0,False
transfer__b2a_oracle_mask_top3_joint_001_b2a_oracle_mask_top3_joint_seed123,transfer,b2a_oracle_mask_top3_joint,123,val,lecun,False,phase,F1,hemostasis,0.4878048780487805,False
transfer__b2a_oracle_mask_top3_joint_001_b2a_oracle_mask_top3_joint_seed123,transfer,b2a_oracle_mask_top3_joint,123,val,lecun,False,phase,F1,incision,0.8606060606060607,False
transfer__b2a_oracle_mask_top3_joint_001_b2a_oracle_mask_top3_joint_seed123,transfer,b2a_oracle_mask_top3_joint,123,val,lecun,False,phase,F1,irrigation,0.0,False
transfer__b2a_oracle_mask_top3_joint_002_b2a_oracle_mask_top3_joint_seed42,transfer,b2a_oracle_mask_top3_joint,42,val,lecun,False,phase,F1,anesthesia,0.9896907216494846,False
transfer__b2a_oracle_mask_top3_joint_002_b2a_oracle_mask_top3_joint_seed42,transfer,b2a_oracle_mask_top3_joint,42,val,lecun,False,phase,F1,closure,0.9413854351687391,False
transfer__b2a_oracle_mask_top3_joint_002_b2a_oracle_mask_top3_joint_seed42,transfer,b2a_oracle_mask_top3_joint,42,val,lecun,False,phase,F1,design,1.0,False
transfer__b2a_oracle_mask_top3_joint_002_b2a_oracle_mask_top3_joint_seed42,transfer,b2a_oracle_mask_top3_joint,42,val,lecun,False,phase,F1,disinfection,0.0,False
transfer__b2a_oracle_mask_top3_joint_002_b2a_oracle_mask_top3_joint_seed42,transfer,b2a_oracle_mask_top3_joint,42,val,lecun,False,phase,F1,dissection,0.9364928909952606,False
transfer__b2a_oracle_mask_top3_joint_002_b2a_oracle_mask_top3_joint_seed42,transfer,b2a_oracle_mask_top3_joint,42,val,lecun,False,phase,F1,dressing,0.0,False
transfer__b2a_oracle_mask_top3_joint_002_b2a_oracle_mask_top3_joint_seed42,transfer,b2a_oracle_mask_top3_joint,42,val,lecun,False,phase,F1,hemostasis,0.6868686868686869,False
transfer__b2a_oracle_mask_top3_joint_002_b2a_oracle_mask_top3_joint_seed42,transfer,b2a_oracle_mask_top3_joint,42,val,lecun,False,phase,F1,incision,0.8957055214723926,False
transfer__b2a_oracle_mask_top3_joint_002_b2a_oracle_mask_top3_joint_seed42,transfer,b2a_oracle_mask_top3_joint,42,val,lecun,False,phase,F1,irrigation,0.0,False
transfer__b2a_oracle_mask_top3_joint_003_b2a_oracle_mask_top3_joint_seed456,transfer,b2a_oracle_mask_top3_joint,456,val,lecun,False,phase,F1,anesthesia,0.9896907216494846,False
transfer__b2a_oracle_mask_top3_joint_003_b2a_oracle_mask_top3_joint_seed456,transfer,b2a_oracle_mask_top3_joint,456,val,lecun,False,phase,F1,closure,0.9333333333333332,False
transfer__b2a_oracle_mask_top3_joint_003_b2a_oracle_mask_top3_joint_seed456,transfer,b2a_oracle_mask_top3_joint,456,val,lecun,False,phase,F1,design,1.0,False
transfer__b2a_oracle_mask_top3_joint_003_b2a_oracle_mask_top3_joint_seed456,transfer,b2a_oracle_mask_top3_joint,456,val,lecun,False,phase,F1,disinfection,0.0,False
transfer__b2a_oracle_mask_top3_joint_003_b2a_oracle_mask_top3_joint_seed456,transfer,b2a_oracle_mask_top3_joint,456,val,lecun,False,phase,F1,dissection,0.9416498993963782,False
transfer__b2a_oracle_mask_top3_joint_003_b2a_oracle_mask_top3_joint_seed456,transfer,b2a_oracle_mask_top3_joint,456,val,lecun,False,phase,F1,dressing,0.0,False
transfer__b2a_oracle_mask_top3_joint_003_b2a_oracle_mask_top3_joint_seed456,transfer,b2a_oracle_mask_top3_joint,456,val,lecun,False,phase,F1,hemostasis,0.5874125874125873,False
transfer__b2a_oracle_mask_top3_joint_003_b2a_oracle_mask_top3_joint_seed456,transfer,b2a_oracle_mask_top3_joint,456,val,lecun,False,phase,F1,incision,0.9179331306990881,False
transfer__b2a_oracle_mask_top3_joint_003_b2a_oracle_mask_top3_joint_seed456,transfer,b2a_oracle_mask_top3_joint,456,val,lecun,False,phase,F1,irrigation,0.0,False
transfer__b2a_regiononly_mask_00_001_b2a_regiononly_mask_00_seed42,transfer,b2a_regiononly_mask_00,42,val,lecun,False,phase,F1,anesthesia,1.0,False
transfer__b2a_regiononly_mask_00_001_b2a_regiononly_mask_00_seed42,transfer,b2a_regiononly_mask_00,42,val,lecun,False,phase,F1,closure,0.9616724738675958,False
transfer__b2a_regiononly_mask_00_001_b2a_regiononly_mask_00_seed42,transfer,b2a_regiononly_mask_00,42,val,lecun,False,phase,F1,design,0.9901960784313726,False
transfer__b2a_regiononly_mask_00_001_b2a_regiononly_mask_00_seed42,transfer,b2a_regiononly_mask_00,42,val,lecun,False,phase,F1,disinfection,0.0,False
transfer__b2a_regiononly_mask_00_001_b2a_regiononly_mask_00_seed42,transfer,b2a_regiononly_mask_00,42,val,lecun,False,phase,F1,dissection,0.9284369114877591,False
transfer__b2a_regiononly_mask_00_001_b2a_regiononly_mask_00_seed42,transfer,b2a_regiononly_mask_00,42,val,lecun,False,phase,F1,dressing,0.0,False
transfer__b2a_regiononly_mask_00_001_b2a_regiononly_mask_00_seed42,transfer,b2a_regiononly_mask_00,42,val,lecun,False,phase,F1,hemostasis,0.033898305084745756,False
transfer__b2a_regiononly_mask_00_001_b2a_regiononly_mask_00_seed42,transfer,b2a_regiononly_mask_00,42,val,lecun,False,phase,F1,incision,0.9436201780415431,False
transfer__b2a_regiononly_mask_00_001_b2a_regiononly_mask_00_seed42,transfer,b2a_regiononly_mask_00,42,val,lecun,False,phase,F1,irrigation,0.0,False
transfer__b2a_regiononly_mask_00_002_b2a_regiononly_mask_00_seed123,transfer,b2a_regiononly_mask_00,123,val,lecun,False,phase,F1,anesthesia,1.0,False
transfer__b2a_regiononly_mask_00_002_b2a_regiononly_mask_00_seed123,transfer,b2a_regiononly_mask_00,123,val,lecun,False,phase,F1,closure,0.9616724738675958,False
transfer__b2a_regiononly_mask_00_002_b2a_regiononly_mask_00_seed123,transfer,b2a_regiononly_mask_00,123,val,lecun,False,phase,F1,design,0.9852216748768473,False
transfer__b2a_regiononly_mask_00_002_b2a_regiononly_mask_00_seed123,transfer,b2a_regiononly_mask_00,123,val,lecun,False,phase,F1,disinfection,0.0,False
transfer__b2a_regiononly_mask_00_002_b2a_regiononly_mask_00_seed123,transfer,b2a_regiononly_mask_00,123,val,lecun,False,phase,F1,dissection,0.929444967074318,False
transfer__b2a_regiononly_mask_00_002_b2a_regiononly_mask_00_seed123,transfer,b2a_regiononly_mask_00,123,val,lecun,False,phase,F1,dressing,0.0,False
transfer__b2a_regiononly_mask_00_002_b2a_regiononly_mask_00_seed123,transfer,b2a_regiononly_mask_00,123,val,lecun,False,phase,F1,hemostasis,0.0,False
transfer__b2a_regiononly_mask_00_002_b2a_regiononly_mask_00_seed123,transfer,b2a_regiononly_mask_00,123,val,lecun,False,phase,F1,incision,0.9380530973451328,False
transfer__b2a_regiononly_mask_00_002_b2a_regiononly_mask_00_seed123,transfer,b2a_regiononly_mask_00,123,val,lecun,False,phase,F1,irrigation,0.0,False
transfer__b2a_regiononly_mask_00_003_b2a_regiononly_mask_00_seed456,transfer,b2a_regiononly_mask_00,456,val,lecun,False,phase,F1,anesthesia,0.9948717948717948,False
transfer__b2a_regiononly_mask_00_003_b2a_regiononly_mask_00_seed456,transfer,b2a_regiononly_mask_00,456,val,lecun,False,phase,F1,closure,0.9590948651000871,False
transfer__b2a_regiononly_mask_00_003_b2a_regiononly_mask_00_seed456,transfer,b2a_regiononly_mask_00,456,val,lecun,False,phase,F1,design,0.9852216748768473,False
transfer__b2a_regiononly_mask_00_003_b2a_regiononly_mask_00_seed456,transfer,b2a_regiononly_mask_00,456,val,lecun,False,phase,F1,disinfection,0.0,False
transfer__b2a_regiononly_mask_00_003_b2a_regiononly_mask_00_seed456,transfer,b2a_regiononly_mask_00,456,val,lecun,False,phase,F1,dissection,0.9283018867924528,False
transfer__b2a_regiononly_mask_00_003_b2a_regiononly_mask_00_seed456,transfer,b2a_regiononly_mask_00,456,val,lecun,False,phase,F1,dressing,0.0,False
transfer__b2a_regiononly_mask_00_003_b2a_regiononly_mask_00_seed456,transfer,b2a_regiononly_mask_00,456,val,lecun,False,phase,F1,hemostasis,0.0,False
transfer__b2a_regiononly_mask_00_003_b2a_regiononly_mask_00_seed456,transfer,b2a_regiononly_mask_00,456,val,lecun,False,phase,F1,incision,0.935672514619883,False
transfer__b2a_regiononly_mask_00_003_b2a_regiononly_mask_00_seed456,transfer,b2a_regiononly_mask_00,456,val,lecun,False,phase,F1,irrigation,0.0,False
transfer__b2a_regiononly_mask_01_001_b2a_regiononly_mask_01_seed42,transfer,b2a_regiononly_mask_01,42,val,lecun,False,phase,F1,anesthesia,0.9948717948717948,False
transfer__b2a_regiononly_mask_01_001_b2a_regiononly_mask_01_seed42,transfer,b2a_regiononly_mask_01,42,val,lecun,False,phase,F1,closure,0.9584055459272097,False
transfer__b2a_regiononly_mask_01_001_b2a_regiononly_mask_01_seed42,transfer,b2a_regiononly_mask_01,42,val,lecun,False,phase,F1,design,0.9852216748768473,False
transfer__b2a_regiononly_mask_01_001_b2a_regiononly_mask_01_seed42,transfer,b2a_regiononly_mask_01,42,val,lecun,False,phase,F1,disinfection,0.0,False
transfer__b2a_regiononly_mask_01_001_b2a_regiononly_mask_01_seed42,transfer,b2a_regiononly_mask_01,42,val,lecun,False,phase,F1,dissection,0.9485935984481085,False
transfer__b2a_regiononly_mask_01_001_b2a_regiononly_mask_01_seed42,transfer,b2a_regiononly_mask_01,42,val,lecun,False,phase,F1,dressing,0.0,False
transfer__b2a_regiononly_mask_01_001_b2a_regiononly_mask_01_seed42,transfer,b2a_regiononly_mask_01,42,val,lecun,False,phase,F1,hemostasis,0.6352941176470588,False
transfer__b2a_regiononly_mask_01_001_b2a_regiononly_mask_01_seed42,transfer,b2a_regiononly_mask_01,42,val,lecun,False,phase,F1,incision,0.9408284023668638,False
transfer__b2a_regiononly_mask_01_001_b2a_regiononly_mask_01_seed42,transfer,b2a_regiononly_mask_01,42,val,lecun,False,phase,F1,irrigation,0.0,False
transfer__b2a_regiononly_mask_01_002_b2a_regiononly_mask_01_seed123,transfer,b2a_regiononly_mask_01,123,val,lecun,False,phase,F1,anesthesia,1.0,False
transfer__b2a_regiononly_mask_01_002_b2a_regiononly_mask_01_seed123,transfer,b2a_regiononly_mask_01,123,val,lecun,False,phase,F1,closure,0.9558441558441558,False
transfer__b2a_regiononly_mask_01_002_b2a_regiononly_mask_01_seed123,transfer,b2a_regiononly_mask_01,123,val,lecun,False,phase,F1,design,0.9852216748768473,False
transfer__b2a_regiononly_mask_01_002_b2a_regiononly_mask_01_seed123,transfer,b2a_regiononly_mask_01,123,val,lecun,False,phase,F1,disinfection,0.0,False
transfer__b2a_regiononly_mask_01_002_b2a_regiononly_mask_01_seed123,transfer,b2a_regiononly_mask_01,123,val,lecun,False,phase,F1,dissection,0.9521016617790812,False
transfer__b2a_regiononly_mask_01_002_b2a_regiononly_mask_01_seed123,transfer,b2a_regiononly_mask_01,123,val,lecun,False,phase,F1,dressing,0.0,False
transfer__b2a_regiononly_mask_01_002_b2a_regiononly_mask_01_seed123,transfer,b2a_regiononly_mask_01,123,val,lecun,False,phase,F1,hemostasis,0.6736842105263158,False
transfer__b2a_regiononly_mask_01_002_b2a_regiononly_mask_01_seed123,transfer,b2a_regiononly_mask_01,123,val,lecun,False,phase,F1,incision,0.940119760479042,False
transfer__b2a_regiononly_mask_01_002_b2a_regiononly_mask_01_seed123,transfer,b2a_regiononly_mask_01,123,val,lecun,False,phase,F1,irrigation,0.0,False
transfer__b2a_regiononly_mask_01_003_b2a_regiononly_mask_01_seed456,transfer,b2a_regiononly_mask_01,456,val,lecun,False,phase,F1,anesthesia,0.9948717948717948,False
transfer__b2a_regiononly_mask_01_003_b2a_regiononly_mask_01_seed456,transfer,b2a_regiononly_mask_01,456,val,lecun,False,phase,F1,closure,0.9559204840103717,False
transfer__b2a_regiononly_mask_01_003_b2a_regiononly_mask_01_seed456,transfer,b2a_regiononly_mask_01,456,val,lecun,False,phase,F1,design,0.9751243781094527,False
transfer__b2a_regiononly_mask_01_003_b2a_regiononly_mask_01_seed456,transfer,b2a_regiononly_mask_01,456,val,lecun,False,phase,F1,disinfection,0.0,False
transfer__b2a_regiononly_mask_01_003_b2a_regiononly_mask_01_seed456,transfer,b2a_regiononly_mask_01,456,val,lecun,False,phase,F1,dissection,0.9440154440154441,False
transfer__b2a_regiononly_mask_01_003_b2a_regiononly_mask_01_seed456,transfer,b2a_regiononly_mask_01,456,val,lecun,False,phase,F1,dressing,0.0,False
transfer__b2a_regiononly_mask_01_003_b2a_regiononly_mask_01_seed456,transfer,b2a_regiononly_mask_01,456,val,lecun,False,phase,F1,hemostasis,0.6588235294117647,False
transfer__b2a_regiononly_mask_01_003_b2a_regiononly_mask_01_seed456,transfer,b2a_regiononly_mask_01,456,val,lecun,False,phase,F1,incision,0.927710843373494,False
transfer__b2a_regiononly_mask_01_003_b2a_regiononly_mask_01_seed456,transfer,b2a_regiononly_mask_01,456,val,lecun,False,phase,F1,irrigation,0.0,False
transfer__b2a_regiononly_mask_02_001_b2a_regiononly_mask_02_seed42,transfer,b2a_regiononly_mask_02,42,val,lecun,False,phase,F1,anesthesia,0.9948717948717948,False
transfer__b2a_regiononly_mask_02_001_b2a_regiononly_mask_02_seed42,transfer,b2a_regiononly_mask_02,42,val,lecun,False,phase,F1,closure,0.9575021682567215,False
transfer__b2a_regiononly_mask_02_001_b2a_regiononly_mask_02_seed42,transfer,b2a_regiononly_mask_02,42,val,lecun,False,phase,F1,design,0.9901960784313726,False
transfer__b2a_regiononly_mask_02_001_b2a_regiononly_mask_02_seed42,transfer,b2a_regiononly_mask_02,42,val,lecun,False,phase,F1,disinfection,0.0,False
transfer__b2a_regiononly_mask_02_001_b2a_regiononly_mask_02_seed42,transfer,b2a_regiononly_mask_02,42,val,lecun,False,phase,F1,dissection,0.9560117302052785,False
transfer__b2a_regiononly_mask_02_001_b2a_regiononly_mask_02_seed42,transfer,b2a_regiononly_mask_02,42,val,lecun,False,phase,F1,dressing,0.0,False
transfer__b2a_regiononly_mask_02_001_b2a_regiononly_mask_02_seed42,transfer,b2a_regiononly_mask_02,42,val,lecun,False,phase,F1,hemostasis,0.7291666666666667,False
transfer__b2a_regiononly_mask_02_001_b2a_regiononly_mask_02_seed42,transfer,b2a_regiononly_mask_02,42,val,lecun,False,phase,F1,incision,0.9492537313432835,False
transfer__b2a_regiononly_mask_02_001_b2a_regiononly_mask_02_seed42,transfer,b2a_regiononly_mask_02,42,val,lecun,False,phase,F1,irrigation,0.0,False
transfer__b2a_regiononly_mask_02_002_b2a_regiononly_mask_02_seed123,transfer,b2a_regiononly_mask_02,123,val,lecun,False,phase,F1,anesthesia,1.0,False
transfer__b2a_regiononly_mask_02_002_b2a_regiononly_mask_02_seed123,transfer,b2a_regiononly_mask_02,123,val,lecun,False,phase,F1,closure,0.9590235396687008,False
transfer__b2a_regiononly_mask_02_002_b2a_regiononly_mask_02_seed123,transfer,b2a_regiononly_mask_02,123,val,lecun,False,phase,F1,design,0.9852216748768473,False
transfer__b2a_regiononly_mask_02_002_b2a_regiononly_mask_02_seed123,transfer,b2a_regiononly_mask_02,123,val,lecun,False,phase,F1,disinfection,0.0,False
transfer__b2a_regiononly_mask_02_002_b2a_regiononly_mask_02_seed123,transfer,b2a_regiononly_mask_02,123,val,lecun,False,phase,F1,dissection,0.9599217986314761,False
transfer__b2a_regiononly_mask_02_002_b2a_regiononly_mask_02_seed123,transfer,b2a_regiononly_mask_02,123,val,lecun,False,phase,F1,dressing,0.0,False
transfer__b2a_regiononly_mask_02_002_b2a_regiononly_mask_02_seed123,transfer,b2a_regiononly_mask_02,123,val,lecun,False,phase,F1,hemostasis,0.8118811881188119,False
transfer__b2a_regiononly_mask_02_002_b2a_regiononly_mask_02_seed123,transfer,b2a_regiononly_mask_02,123,val,lecun,False,phase,F1,incision,0.9464285714285714,False
transfer__b2a_regiononly_mask_02_002_b2a_regiononly_mask_02_seed123,transfer,b2a_regiononly_mask_02,123,val,lecun,False,phase,F1,irrigation,0.0,False
transfer__b2a_regiononly_mask_02_003_b2a_regiononly_mask_02_seed456,transfer,b2a_regiononly_mask_02,456,val,lecun,False,phase,F1,anesthesia,1.0,False
transfer__b2a_regiononly_mask_02_003_b2a_regiononly_mask_02_seed456,transfer,b2a_regiononly_mask_02,456,val,lecun,False,phase,F1,closure,0.9607672188317351,False
transfer__b2a_regiononly_mask_02_003_b2a_regiononly_mask_02_seed456,transfer,b2a_regiononly_mask_02,456,val,lecun,False,phase,F1,design,0.9852216748768473,False
transfer__b2a_regiononly_mask_02_003_b2a_regiononly_mask_02_seed456,transfer,b2a_regiononly_mask_02,456,val,lecun,False,phase,F1,disinfection,0.0,False
transfer__b2a_regiononly_mask_02_003_b2a_regiononly_mask_02_seed456,transfer,b2a_regiononly_mask_02,456,val,lecun,False,phase,F1,dissection,0.9488910318225652,False
transfer__b2a_regiononly_mask_02_003_b2a_regiononly_mask_02_seed456,transfer,b2a_regiononly_mask_02,456,val,lecun,False,phase,F1,dressing,0.0,False
transfer__b2a_regiononly_mask_02_003_b2a_regiononly_mask_02_seed456,transfer,b2a_regiononly_mask_02,456,val,lecun,False,phase,F1,hemostasis,0.6966292134831461,False
transfer__b2a_regiononly_mask_02_003_b2a_regiononly_mask_02_seed456,transfer,b2a_regiononly_mask_02,456,val,lecun,False,phase,F1,incision,0.9520958083832335,False
transfer__b2a_regiononly_mask_02_003_b2a_regiononly_mask_02_seed456,transfer,b2a_regiononly_mask_02,456,val,lecun,False,phase,F1,irrigation,0.0,False
transfer__b2a_regiononly_mask_03_001_b2a_regiononly_mask_03_seed42,transfer,b2a_regiononly_mask_03,42,val,lecun,False,phase,F1,anesthesia,0.9948717948717948,False
transfer__b2a_regiononly_mask_03_001_b2a_regiononly_mask_03_seed42,transfer,b2a_regiononly_mask_03,42,val,lecun,False,phase,F1,closure,0.9616724738675958,False
transfer__b2a_regiononly_mask_03_001_b2a_regiononly_mask_03_seed42,transfer,b2a_regiononly_mask_03,42,val,lecun,False,phase,F1,design,0.9901960784313726,False
transfer__b2a_regiononly_mask_03_001_b2a_regiononly_mask_03_seed42,transfer,b2a_regiononly_mask_03,42,val,lecun,False,phase,F1,disinfection,0.0,False
transfer__b2a_regiononly_mask_03_001_b2a_regiononly_mask_03_seed42,transfer,b2a_regiononly_mask_03,42,val,lecun,False,phase,F1,dissection,0.9554263565891473,False
transfer__b2a_regiononly_mask_03_001_b2a_regiononly_mask_03_seed42,transfer,b2a_regiononly_mask_03,42,val,lecun,False,phase,F1,dressing,0.0,False
transfer__b2a_regiononly_mask_03_001_b2a_regiononly_mask_03_seed42,transfer,b2a_regiononly_mask_03,42,val,lecun,False,phase,F1,hemostasis,0.7708333333333334,False
transfer__b2a_regiononly_mask_03_001_b2a_regiononly_mask_03_seed42,transfer,b2a_regiononly_mask_03,42,val,lecun,False,phase,F1,incision,0.9486404833836858,False
transfer__b2a_regiononly_mask_03_001_b2a_regiononly_mask_03_seed42,transfer,b2a_regiononly_mask_03,42,val,lecun,False,phase,F1,irrigation,0.0,False
transfer__b2a_regiononly_mask_03_002_b2a_regiononly_mask_03_seed123,transfer,b2a_regiononly_mask_03,123,val,lecun,False,phase,F1,anesthesia,0.9948717948717948,False
transfer__b2a_regiononly_mask_03_002_b2a_regiononly_mask_03_seed123,transfer,b2a_regiononly_mask_03,123,val,lecun,False,phase,F1,closure,0.9617391304347825,False
transfer__b2a_regiononly_mask_03_002_b2a_regiononly_mask_03_seed123,transfer,b2a_regiononly_mask_03,123,val,lecun,False,phase,F1,design,0.9852216748768473,False
transfer__b2a_regiononly_mask_03_002_b2a_regiononly_mask_03_seed123,transfer,b2a_regiononly_mask_03,123,val,lecun,False,phase,F1,disinfection,0.0,False
transfer__b2a_regiononly_mask_03_002_b2a_regiononly_mask_03_seed123,transfer,b2a_regiononly_mask_03,123,val,lecun,False,phase,F1,dissection,0.957801766437684,False
transfer__b2a_regiononly_mask_03_002_b2a_regiononly_mask_03_seed123,transfer,b2a_regiononly_mask_03,123,val,lecun,False,phase,F1,dressing,0.0,False
transfer__b2a_regiononly_mask_03_002_b2a_regiononly_mask_03_seed123,transfer,b2a_regiononly_mask_03,123,val,lecun,False,phase,F1,hemostasis,0.78,False
transfer__b2a_regiononly_mask_03_002_b2a_regiononly_mask_03_seed123,transfer,b2a_regiononly_mask_03,123,val,lecun,False,phase,F1,incision,0.9498525073746312,False
transfer__b2a_regiononly_mask_03_002_b2a_regiononly_mask_03_seed123,transfer,b2a_regiononly_mask_03,123,val,lecun,False,phase,F1,irrigation,0.0,False
transfer__b2a_regiononly_mask_03_003_b2a_regiononly_mask_03_seed456,transfer,b2a_regiononly_mask_03,456,val,lecun,False,phase,F1,anesthesia,1.0,False
transfer__b2a_regiononly_mask_03_003_b2a_regiononly_mask_03_seed456,transfer,b2a_regiononly_mask_03,456,val,lecun,False,phase,F1,closure,0.9558441558441558,False
transfer__b2a_regiononly_mask_03_003_b2a_regiononly_mask_03_seed456,transfer,b2a_regiononly_mask_03,456,val,lecun,False,phase,F1,design,0.9801980198019802,False
transfer__b2a_regiononly_mask_03_003_b2a_regiononly_mask_03_seed456,transfer,b2a_regiononly_mask_03,456,val,lecun,False,phase,F1,disinfection,0.0,False
transfer__b2a_regiononly_mask_03_003_b2a_regiononly_mask_03_seed456,transfer,b2a_regiononly_mask_03,456,val,lecun,False,phase,F1,dissection,0.958904109589041,False
transfer__b2a_regiononly_mask_03_003_b2a_regiononly_mask_03_seed456,transfer,b2a_regiononly_mask_03,456,val,lecun,False,phase,F1,dressing,0.0,False
transfer__b2a_regiononly_mask_03_003_b2a_regiononly_mask_03_seed456,transfer,b2a_regiononly_mask_03,456,val,lecun,False,phase,F1,hemostasis,0.7659574468085106,False
transfer__b2a_regiononly_mask_03_003_b2a_regiononly_mask_03_seed456,transfer,b2a_regiononly_mask_03,456,val,lecun,False,phase,F1,incision,0.9495548961424332,False
transfer__b2a_regiononly_mask_03_003_b2a_regiononly_mask_03_seed456,transfer,b2a_regiononly_mask_03,456,val,lecun,False,phase,F1,irrigation,0.0,False
transfer__b2a_regiononly_mask_04_001_b2a_regiononly_mask_04_seed42,transfer,b2a_regiononly_mask_04,42,val,lecun,False,phase,F1,anesthesia,0.9948717948717948,False
transfer__b2a_regiononly_mask_04_001_b2a_regiononly_mask_04_seed42,transfer,b2a_regiononly_mask_04,42,val,lecun,False,phase,F1,closure,0.962510897994769,False
transfer__b2a_regiononly_mask_04_001_b2a_regiononly_mask_04_seed42,transfer,b2a_regiononly_mask_04,42,val,lecun,False,phase,F1,design,0.9901960784313726,False
transfer__b2a_regiononly_mask_04_001_b2a_regiononly_mask_04_seed42,transfer,b2a_regiononly_mask_04,42,val,lecun,False,phase,F1,disinfection,0.0,False
transfer__b2a_regiononly_mask_04_001_b2a_regiononly_mask_04_seed42,transfer,b2a_regiononly_mask_04,42,val,lecun,False,phase,F1,dissection,0.9480769230769232,False
transfer__b2a_regiononly_mask_04_001_b2a_regiononly_mask_04_seed42,transfer,b2a_regiononly_mask_04,42,val,lecun,False,phase,F1,dressing,0.0,False
transfer__b2a_regiononly_mask_04_001_b2a_regiononly_mask_04_seed42,transfer,b2a_regiononly_mask_04,42,val,lecun,False,phase,F1,hemostasis,0.6666666666666667,False
transfer__b2a_regiononly_mask_04_001_b2a_regiononly_mask_04_seed42,transfer,b2a_regiononly_mask_04,42,val,lecun,False,phase,F1,incision,0.9489489489489489,False
transfer__b2a_regiononly_mask_04_001_b2a_regiononly_mask_04_seed42,transfer,b2a_regiononly_mask_04,42,val,lecun,False,phase,F1,irrigation,0.0,False
transfer__b2a_regiononly_mask_04_002_b2a_regiononly_mask_04_seed123,transfer,b2a_regiononly_mask_04,123,val,lecun,False,phase,F1,anesthesia,1.0,False
transfer__b2a_regiononly_mask_04_002_b2a_regiononly_mask_04_seed123,transfer,b2a_regiononly_mask_04,123,val,lecun,False,phase,F1,closure,0.9542709232096634,False
transfer__b2a_regiononly_mask_04_002_b2a_regiononly_mask_04_seed123,transfer,b2a_regiononly_mask_04,123,val,lecun,False,phase,F1,design,0.9852216748768473,False
transfer__b2a_regiononly_mask_04_002_b2a_regiononly_mask_04_seed123,transfer,b2a_regiononly_mask_04,123,val,lecun,False,phase,F1,disinfection,0.0,False
transfer__b2a_regiononly_mask_04_002_b2a_regiononly_mask_04_seed123,transfer,b2a_regiononly_mask_04,123,val,lecun,False,phase,F1,dissection,0.96318407960199,False
transfer__b2a_regiononly_mask_04_002_b2a_regiononly_mask_04_seed123,transfer,b2a_regiononly_mask_04,123,val,lecun,False,phase,F1,dressing,0.0,False
transfer__b2a_regiononly_mask_04_002_b2a_regiononly_mask_04_seed123,transfer,b2a_regiononly_mask_04,123,val,lecun,False,phase,F1,hemostasis,0.8214285714285714,False
transfer__b2a_regiononly_mask_04_002_b2a_regiononly_mask_04_seed123,transfer,b2a_regiononly_mask_04,123,val,lecun,False,phase,F1,incision,0.9425981873111784,False
transfer__b2a_regiononly_mask_04_002_b2a_regiononly_mask_04_seed123,transfer,b2a_regiononly_mask_04,123,val,lecun,False,phase,F1,irrigation,0.0,False
transfer__b2a_regiononly_mask_04_003_b2a_regiononly_mask_04_seed456,transfer,b2a_regiononly_mask_04,456,val,lecun,False,phase,F1,anesthesia,1.0,False
transfer__b2a_regiononly_mask_04_003_b2a_regiononly_mask_04_seed456,transfer,b2a_regiononly_mask_04,456,val,lecun,False,phase,F1,closure,0.9582608695652174,False
transfer__b2a_regiononly_mask_04_003_b2a_regiononly_mask_04_seed456,transfer,b2a_regiononly_mask_04,456,val,lecun,False,phase,F1,design,0.9852216748768473,False
transfer__b2a_regiononly_mask_04_003_b2a_regiononly_mask_04_seed456,transfer,b2a_regiononly_mask_04,456,val,lecun,False,phase,F1,disinfection,0.0,False
transfer__b2a_regiononly_mask_04_003_b2a_regiononly_mask_04_seed456,transfer,b2a_regiononly_mask_04,456,val,lecun,False,phase,F1,dissection,0.9508196721311475,False
transfer__b2a_regiononly_mask_04_003_b2a_regiononly_mask_04_seed456,transfer,b2a_regiononly_mask_04,456,val,lecun,False,phase,F1,dressing,0.0,False
transfer__b2a_regiononly_mask_04_003_b2a_regiononly_mask_04_seed456,transfer,b2a_regiononly_mask_04,456,val,lecun,False,phase,F1,hemostasis,0.6966292134831461,False
transfer__b2a_regiononly_mask_04_003_b2a_regiononly_mask_04_seed456,transfer,b2a_regiononly_mask_04,456,val,lecun,False,phase,F1,incision,0.9425981873111784,False
transfer__b2a_regiononly_mask_04_003_b2a_regiononly_mask_04_seed456,transfer,b2a_regiononly_mask_04,456,val,lecun,False,phase,F1,irrigation,0.0,False
transfer__b2a_regiononly_mask_05_001_b2a_regiononly_mask_05_seed42,transfer,b2a_regiononly_mask_05,42,val,lecun,False,phase,F1,anesthesia,0.9948717948717948,False
transfer__b2a_regiononly_mask_05_001_b2a_regiononly_mask_05_seed42,transfer,b2a_regiononly_mask_05,42,val,lecun,False,phase,F1,closure,0.965034965034965,False
transfer__b2a_regiononly_mask_05_001_b2a_regiononly_mask_05_seed42,transfer,b2a_regiononly_mask_05,42,val,lecun,False,phase,F1,design,0.9852216748768473,False
transfer__b2a_regiononly_mask_05_001_b2a_regiononly_mask_05_seed42,transfer,b2a_regiononly_mask_05,42,val,lecun,False,phase,F1,disinfection,0.0,False
transfer__b2a_regiononly_mask_05_001_b2a_regiononly_mask_05_seed42,transfer,b2a_regiononly_mask_05,42,val,lecun,False,phase,F1,dissection,0.9540566959921799,False
transfer__b2a_regiononly_mask_05_001_b2a_regiononly_mask_05_seed42,transfer,b2a_regiononly_mask_05,42,val,lecun,False,phase,F1,dressing,0.0,False
transfer__b2a_regiononly_mask_05_001_b2a_regiononly_mask_05_seed42,transfer,b2a_regiononly_mask_05,42,val,lecun,False,phase,F1,hemostasis,0.7578947368421052,False
transfer__b2a_regiononly_mask_05_001_b2a_regiononly_mask_05_seed42,transfer,b2a_regiononly_mask_05,42,val,lecun,False,phase,F1,incision,0.9595375722543352,False
transfer__b2a_regiononly_mask_05_001_b2a_regiononly_mask_05_seed42,transfer,b2a_regiononly_mask_05,42,val,lecun,False,phase,F1,irrigation,0.0,False
transfer__b2a_regiononly_mask_05_002_b2a_regiononly_mask_05_seed123,transfer,b2a_regiononly_mask_05,123,val,lecun,False,phase,F1,anesthesia,1.0,False
transfer__b2a_regiononly_mask_05_002_b2a_regiononly_mask_05_seed123,transfer,b2a_regiononly_mask_05,123,val,lecun,False,phase,F1,closure,0.9540329575021681,False
transfer__b2a_regiononly_mask_05_002_b2a_regiononly_mask_05_seed123,transfer,b2a_regiononly_mask_05,123,val,lecun,False,phase,F1,design,0.9852216748768473,False
transfer__b2a_regiononly_mask_05_002_b2a_regiononly_mask_05_seed123,transfer,b2a_regiononly_mask_05,123,val,lecun,False,phase,F1,disinfection,0.0,False
transfer__b2a_regiononly_mask_05_002_b2a_regiononly_mask_05_seed123,transfer,b2a_regiononly_mask_05,123,val,lecun,False,phase,F1,dissection,0.962671905697446,False
transfer__b2a_regiononly_mask_05_002_b2a_regiononly_mask_05_seed123,transfer,b2a_regiononly_mask_05,123,val,lecun,False,phase,F1,dressing,0.0,False
transfer__b2a_regiononly_mask_05_002_b2a_regiononly_mask_05_seed123,transfer,b2a_regiononly_mask_05,123,val,lecun,False,phase,F1,hemostasis,0.7766990291262136,False
transfer__b2a_regiononly_mask_05_002_b2a_regiononly_mask_05_seed123,transfer,b2a_regiononly_mask_05,123,val,lecun,False,phase,F1,incision,0.9369369369369369,False
transfer__b2a_regiononly_mask_05_002_b2a_regiononly_mask_05_seed123,transfer,b2a_regiononly_mask_05,123,val,lecun,False,phase,F1,irrigation,0.0,False
transfer__b2a_regiononly_mask_05_003_b2a_regiononly_mask_05_seed456,transfer,b2a_regiononly_mask_05,456,val,lecun,False,phase,F1,anesthesia,1.0,False
transfer__b2a_regiononly_mask_05_003_b2a_regiononly_mask_05_seed456,transfer,b2a_regiononly_mask_05,456,val,lecun,False,phase,F1,closure,0.9549393414211439,False
transfer__b2a_regiononly_mask_05_003_b2a_regiononly_mask_05_seed456,transfer,b2a_regiononly_mask_05,456,val,lecun,False,phase,F1,design,0.9751243781094527,False
transfer__b2a_regiononly_mask_05_003_b2a_regiononly_mask_05_seed456,transfer,b2a_regiononly_mask_05,456,val,lecun,False,phase,F1,disinfection,0.0,False
transfer__b2a_regiononly_mask_05_003_b2a_regiononly_mask_05_seed456,transfer,b2a_regiononly_mask_05,456,val,lecun,False,phase,F1,dissection,0.9543245869776481,False
transfer__b2a_regiononly_mask_05_003_b2a_regiononly_mask_05_seed456,transfer,b2a_regiononly_mask_05,456,val,lecun,False,phase,F1,dressing,0.0,False
transfer__b2a_regiononly_mask_05_003_b2a_regiononly_mask_05_seed456,transfer,b2a_regiononly_mask_05,456,val,lecun,False,phase,F1,hemostasis,0.6966292134831461,False
transfer__b2a_regiononly_mask_05_003_b2a_regiononly_mask_05_seed456,transfer,b2a_regiononly_mask_05,456,val,lecun,False,phase,F1,incision,0.9436201780415431,False
transfer__b2a_regiononly_mask_05_003_b2a_regiononly_mask_05_seed456,transfer,b2a_regiononly_mask_05,456,val,lecun,False,phase,F1,irrigation,0.0,False
transfer__b2a_regiononly_mask_06_001_b2a_regiononly_mask_06_seed42,transfer,b2a_regiononly_mask_06,42,val,lecun,False,phase,F1,anesthesia,1.0,False
transfer__b2a_regiononly_mask_06_001_b2a_regiononly_mask_06_seed42,transfer,b2a_regiononly_mask_06,42,val,lecun,False,phase,F1,closure,0.9315068493150686,False
transfer__b2a_regiononly_mask_06_001_b2a_regiononly_mask_06_seed42,transfer,b2a_regiononly_mask_06,42,val,lecun,False,phase,F1,design,0.9852216748768473,False
transfer__b2a_regiononly_mask_06_001_b2a_regiononly_mask_06_seed42,transfer,b2a_regiononly_mask_06,42,val,lecun,False,phase,F1,disinfection,0.0,False
transfer__b2a_regiononly_mask_06_001_b2a_regiononly_mask_06_seed42,transfer,b2a_regiononly_mask_06,42,val,lecun,False,phase,F1,dissection,0.9415204678362574,False
transfer__b2a_regiononly_mask_06_001_b2a_regiononly_mask_06_seed42,transfer,b2a_regiononly_mask_06,42,val,lecun,False,phase,F1,dressing,0.0,False
transfer__b2a_regiononly_mask_06_001_b2a_regiononly_mask_06_seed42,transfer,b2a_regiononly_mask_06,42,val,lecun,False,phase,F1,hemostasis,0.6588235294117647,False
transfer__b2a_regiononly_mask_06_001_b2a_regiononly_mask_06_seed42,transfer,b2a_regiononly_mask_06,42,val,lecun,False,phase,F1,incision,0.9329268292682927,False
transfer__b2a_regiononly_mask_06_001_b2a_regiononly_mask_06_seed42,transfer,b2a_regiononly_mask_06,42,val,lecun,False,phase,F1,irrigation,0.0,False
transfer__b2a_regiononly_mask_06_002_b2a_regiononly_mask_06_seed123,transfer,b2a_regiononly_mask_06,123,val,lecun,False,phase,F1,anesthesia,0.9844559585492229,False
transfer__b2a_regiononly_mask_06_002_b2a_regiononly_mask_06_seed123,transfer,b2a_regiononly_mask_06,123,val,lecun,False,phase,F1,closure,0.9425287356321839,False
transfer__b2a_regiononly_mask_06_002_b2a_regiononly_mask_06_seed123,transfer,b2a_regiononly_mask_06,123,val,lecun,False,phase,F1,design,0.970873786407767,False
transfer__b2a_regiononly_mask_06_002_b2a_regiononly_mask_06_seed123,transfer,b2a_regiononly_mask_06,123,val,lecun,False,phase,F1,disinfection,0.0,False
transfer__b2a_regiononly_mask_06_002_b2a_regiononly_mask_06_seed123,transfer,b2a_regiononly_mask_06,123,val,lecun,False,phase,F1,dissection,0.9382716049382717,False
transfer__b2a_regiononly_mask_06_002_b2a_regiononly_mask_06_seed123,transfer,b2a_regiononly_mask_06,123,val,lecun,False,phase,F1,dressing,0.0,False
transfer__b2a_regiononly_mask_06_002_b2a_regiononly_mask_06_seed123,transfer,b2a_regiononly_mask_06,123,val,lecun,False,phase,F1,hemostasis,0.5432098765432098,False
transfer__b2a_regiononly_mask_06_002_b2a_regiononly_mask_06_seed123,transfer,b2a_regiononly_mask_06,123,val,lecun,False,phase,F1,incision,0.9415204678362572,False
transfer__b2a_regiononly_mask_06_002_b2a_regiononly_mask_06_seed123,transfer,b2a_regiononly_mask_06,123,val,lecun,False,phase,F1,irrigation,0.0,False
transfer__b2a_regiononly_mask_06_003_b2a_regiononly_mask_06_seed456,transfer,b2a_regiononly_mask_06,456,val,lecun,False,phase,F1,anesthesia,1.0,False
transfer__b2a_regiononly_mask_06_003_b2a_regiononly_mask_06_seed456,transfer,b2a_regiononly_mask_06,456,val,lecun,False,phase,F1,closure,0.929274843330349,False
transfer__b2a_regiononly_mask_06_003_b2a_regiononly_mask_06_seed456,transfer,b2a_regiononly_mask_06,456,val,lecun,False,phase,F1,design,0.9852216748768473,False
transfer__b2a_regiononly_mask_06_003_b2a_regiononly_mask_06_seed456,transfer,b2a_regiononly_mask_06,456,val,lecun,False,phase,F1,disinfection,0.0,False
transfer__b2a_regiononly_mask_06_003_b2a_regiononly_mask_06_seed456,transfer,b2a_regiononly_mask_06,456,val,lecun,False,phase,F1,dissection,0.9247910863509748,False
transfer__b2a_regiononly_mask_06_003_b2a_regiononly_mask_06_seed456,transfer,b2a_regiononly_mask_06,456,val,lecun,False,phase,F1,dressing,0.0,False
transfer__b2a_regiononly_mask_06_003_b2a_regiononly_mask_06_seed456,transfer,b2a_regiononly_mask_06,456,val,lecun,False,phase,F1,hemostasis,0.6666666666666667,False
transfer__b2a_regiononly_mask_06_003_b2a_regiononly_mask_06_seed456,transfer,b2a_regiononly_mask_06,456,val,lecun,False,phase,F1,incision,0.9325153374233129,False
transfer__b2a_regiononly_mask_06_003_b2a_regiononly_mask_06_seed456,transfer,b2a_regiononly_mask_06,456,val,lecun,False,phase,F1,irrigation,0.0,False
transfer__b2a_regiononly_mask_07_001_b2a_regiononly_mask_07_seed42,transfer,b2a_regiononly_mask_07,42,val,lecun,False,phase,F1,anesthesia,0.9948717948717948,False
transfer__b2a_regiononly_mask_07_001_b2a_regiononly_mask_07_seed42,transfer,b2a_regiononly_mask_07,42,val,lecun,False,phase,F1,closure,0.9534482758620689,False
transfer__b2a_regiononly_mask_07_001_b2a_regiononly_mask_07_seed42,transfer,b2a_regiononly_mask_07,42,val,lecun,False,phase,F1,design,0.9801980198019802,False
transfer__b2a_regiononly_mask_07_001_b2a_regiononly_mask_07_seed42,transfer,b2a_regiononly_mask_07,42,val,lecun,False,phase,F1,disinfection,0.0,False
transfer__b2a_regiononly_mask_07_001_b2a_regiononly_mask_07_seed42,transfer,b2a_regiononly_mask_07,42,val,lecun,False,phase,F1,dissection,0.9631106679960121,False
transfer__b2a_regiononly_mask_07_001_b2a_regiononly_mask_07_seed42,transfer,b2a_regiononly_mask_07,42,val,lecun,False,phase,F1,dressing,0.0,False
transfer__b2a_regiononly_mask_07_001_b2a_regiononly_mask_07_seed42,transfer,b2a_regiononly_mask_07,42,val,lecun,False,phase,F1,hemostasis,0.8301886792452831,False
transfer__b2a_regiononly_mask_07_001_b2a_regiononly_mask_07_seed42,transfer,b2a_regiononly_mask_07,42,val,lecun,False,phase,F1,incision,0.9411764705882353,False
transfer__b2a_regiononly_mask_07_001_b2a_regiononly_mask_07_seed42,transfer,b2a_regiononly_mask_07,42,val,lecun,False,phase,F1,irrigation,0.0,False
transfer__b2a_regiononly_mask_07_002_b2a_regiononly_mask_07_seed123,transfer,b2a_regiononly_mask_07,123,val,lecun,False,phase,F1,anesthesia,1.0,False
transfer__b2a_regiononly_mask_07_002_b2a_regiononly_mask_07_seed123,transfer,b2a_regiononly_mask_07,123,val,lecun,False,phase,F1,closure,0.9590948651000871,False
transfer__b2a_regiononly_mask_07_002_b2a_regiononly_mask_07_seed123,transfer,b2a_regiononly_mask_07,123,val,lecun,False,phase,F1,design,0.9852216748768473,False
transfer__b2a_regiononly_mask_07_002_b2a_regiononly_mask_07_seed123,transfer,b2a_regiononly_mask_07,123,val,lecun,False,phase,F1,disinfection,0.0,False
transfer__b2a_regiononly_mask_07_002_b2a_regiononly_mask_07_seed123,transfer,b2a_regiononly_mask_07,123,val,lecun,False,phase,F1,dissection,0.9636898920510303,False
transfer__b2a_regiononly_mask_07_002_b2a_regiononly_mask_07_seed123,transfer,b2a_regiononly_mask_07,123,val,lecun,False,phase,F1,dressing,0.0,False
transfer__b2a_regiononly_mask_07_002_b2a_regiononly_mask_07_seed123,transfer,b2a_regiononly_mask_07,123,val,lecun,False,phase,F1,hemostasis,0.7878787878787878,False
transfer__b2a_regiononly_mask_07_002_b2a_regiononly_mask_07_seed123,transfer,b2a_regiononly_mask_07,123,val,lecun,False,phase,F1,incision,0.9470588235294117,False
transfer__b2a_regiononly_mask_07_002_b2a_regiononly_mask_07_seed123,transfer,b2a_regiononly_mask_07,123,val,lecun,False,phase,F1,irrigation,0.0,False
transfer__b2a_regiononly_mask_07_003_b2a_regiononly_mask_07_seed456,transfer,b2a_regiononly_mask_07,456,val,lecun,False,phase,F1,anesthesia,0.9948717948717948,False
transfer__b2a_regiononly_mask_07_003_b2a_regiononly_mask_07_seed456,transfer,b2a_regiononly_mask_07,456,val,lecun,False,phase,F1,closure,0.9548611111111112,False
transfer__b2a_regiononly_mask_07_003_b2a_regiononly_mask_07_seed456,transfer,b2a_regiononly_mask_07,456,val,lecun,False,phase,F1,design,0.9751243781094527,False
transfer__b2a_regiononly_mask_07_003_b2a_regiononly_mask_07_seed456,transfer,b2a_regiononly_mask_07,456,val,lecun,False,phase,F1,disinfection,0.0,False
transfer__b2a_regiononly_mask_07_003_b2a_regiononly_mask_07_seed456,transfer,b2a_regiononly_mask_07,456,val,lecun,False,phase,F1,dissection,0.9600000000000001,False
transfer__b2a_regiononly_mask_07_003_b2a_regiononly_mask_07_seed456,transfer,b2a_regiononly_mask_07,456,val,lecun,False,phase,F1,dressing,0.0,False
transfer__b2a_regiononly_mask_07_003_b2a_regiononly_mask_07_seed456,transfer,b2a_regiononly_mask_07,456,val,lecun,False,phase,F1,hemostasis,0.7835051546391752,False
transfer__b2a_regiononly_mask_07_003_b2a_regiononly_mask_07_seed456,transfer,b2a_regiononly_mask_07,456,val,lecun,False,phase,F1,incision,0.9345238095238095,False
transfer__b2a_regiononly_mask_07_003_b2a_regiononly_mask_07_seed456,transfer,b2a_regiononly_mask_07,456,val,lecun,False,phase,F1,irrigation,0.0,False
transfer__b2a_regiononly_mask_08_001_b2a_regiononly_mask_08_seed42,transfer,b2a_regiononly_mask_08,42,val,lecun,False,phase,F1,anesthesia,0.9948717948717948,False
transfer__b2a_regiononly_mask_08_001_b2a_regiononly_mask_08_seed42,transfer,b2a_regiononly_mask_08,42,val,lecun,False,phase,F1,closure,0.96,False
transfer__b2a_regiononly_mask_08_001_b2a_regiononly_mask_08_seed42,transfer,b2a_regiononly_mask_08,42,val,lecun,False,phase,F1,design,0.9901960784313726,False
transfer__b2a_regiononly_mask_08_001_b2a_regiononly_mask_08_seed42,transfer,b2a_regiononly_mask_08,42,val,lecun,False,phase,F1,disinfection,0.0,False
transfer__b2a_regiononly_mask_08_001_b2a_regiononly_mask_08_seed42,transfer,b2a_regiononly_mask_08,42,val,lecun,False,phase,F1,dissection,0.9517374517374517,False
transfer__b2a_regiononly_mask_08_001_b2a_regiononly_mask_08_seed42,transfer,b2a_regiononly_mask_08,42,val,lecun,False,phase,F1,dressing,0.0,False
transfer__b2a_regiononly_mask_08_001_b2a_regiononly_mask_08_seed42,transfer,b2a_regiononly_mask_08,42,val,lecun,False,phase,F1,hemostasis,0.6352941176470588,False
transfer__b2a_regiononly_mask_08_001_b2a_regiononly_mask_08_seed42,transfer,b2a_regiononly_mask_08,42,val,lecun,False,phase,F1,incision,0.9464285714285714,False
transfer__b2a_regiononly_mask_08_001_b2a_regiononly_mask_08_seed42,transfer,b2a_regiononly_mask_08,42,val,lecun,False,phase,F1,irrigation,0.0,False
transfer__b2a_regiononly_mask_08_002_b2a_regiononly_mask_08_seed123,transfer,b2a_regiononly_mask_08,123,val,lecun,False,phase,F1,anesthesia,0.9948717948717948,False
transfer__b2a_regiononly_mask_08_002_b2a_regiononly_mask_08_seed123,transfer,b2a_regiononly_mask_08,123,val,lecun,False,phase,F1,closure,0.9608355091383812,False
transfer__b2a_regiononly_mask_08_002_b2a_regiononly_mask_08_seed123,transfer,b2a_regiononly_mask_08,123,val,lecun,False,phase,F1,design,0.9852216748768473,False
transfer__b2a_regiononly_mask_08_002_b2a_regiononly_mask_08_seed123,transfer,b2a_regiononly_mask_08,123,val,lecun,False,phase,F1,disinfection,0.0,False
transfer__b2a_regiononly_mask_08_002_b2a_regiononly_mask_08_seed123,transfer,b2a_regiononly_mask_08,123,val,lecun,False,phase,F1,dissection,0.9599217986314761,False
transfer__b2a_regiononly_mask_08_002_b2a_regiononly_mask_08_seed123,transfer,b2a_regiononly_mask_08,123,val,lecun,False,phase,F1,dressing,0.0,False
transfer__b2a_regiononly_mask_08_002_b2a_regiononly_mask_08_seed123,transfer,b2a_regiononly_mask_08,123,val,lecun,False,phase,F1,hemostasis,0.7708333333333334,False
transfer__b2a_regiononly_mask_08_002_b2a_regiononly_mask_08_seed123,transfer,b2a_regiononly_mask_08,123,val,lecun,False,phase,F1,incision,0.9470588235294117,False
transfer__b2a_regiononly_mask_08_002_b2a_regiononly_mask_08_seed123,transfer,b2a_regiononly_mask_08,123,val,lecun,False,phase,F1,irrigation,0.0,False
transfer__b2a_regiononly_mask_08_003_b2a_regiononly_mask_08_seed456,transfer,b2a_regiononly_mask_08,456,val,lecun,False,phase,F1,anesthesia,1.0,False
transfer__b2a_regiononly_mask_08_003_b2a_regiononly_mask_08_seed456,transfer,b2a_regiononly_mask_08,456,val,lecun,False,phase,F1,closure,0.9591659426585577,False
transfer__b2a_regiononly_mask_08_003_b2a_regiononly_mask_08_seed456,transfer,b2a_regiononly_mask_08,456,val,lecun,False,phase,F1,design,0.9852216748768473,False
transfer__b2a_regiononly_mask_08_003_b2a_regiononly_mask_08_seed456,transfer,b2a_regiononly_mask_08,456,val,lecun,False,phase,F1,disinfection,0.0,False
transfer__b2a_regiononly_mask_08_003_b2a_regiononly_mask_08_seed456,transfer,b2a_regiononly_mask_08,456,val,lecun,False,phase,F1,dissection,0.9507246376811594,False
transfer__b2a_regiononly_mask_08_003_b2a_regiononly_mask_08_seed456,transfer,b2a_regiononly_mask_08,456,val,lecun,False,phase,F1,dressing,0.0,False
transfer__b2a_regiononly_mask_08_003_b2a_regiononly_mask_08_seed456,transfer,b2a_regiononly_mask_08,456,val,lecun,False,phase,F1,hemostasis,0.6818181818181819,False
transfer__b2a_regiononly_mask_08_003_b2a_regiononly_mask_08_seed456,transfer,b2a_regiononly_mask_08,456,val,lecun,False,phase,F1,incision,0.942942942942943,False
transfer__b2a_regiononly_mask_08_003_b2a_regiononly_mask_08_seed456,transfer,b2a_regiononly_mask_08,456,val,lecun,False,phase,F1,irrigation,0.0,False
transfer__b2a_regiononly_mask_09_001_b2a_regiononly_mask_09_seed42,transfer,b2a_regiononly_mask_09,42,val,lecun,False,phase,F1,anesthesia,0.9844559585492229,False
transfer__b2a_regiononly_mask_09_001_b2a_regiononly_mask_09_seed42,transfer,b2a_regiononly_mask_09,42,val,lecun,False,phase,F1,closure,0.9575021682567215,False
transfer__b2a_regiononly_mask_09_001_b2a_regiononly_mask_09_seed42,transfer,b2a_regiononly_mask_09,42,val,lecun,False,phase,F1,design,1.0,False
transfer__b2a_regiononly_mask_09_001_b2a_regiononly_mask_09_seed42,transfer,b2a_regiononly_mask_09,42,val,lecun,False,phase,F1,disinfection,0.0,False
transfer__b2a_regiononly_mask_09_001_b2a_regiononly_mask_09_seed42,transfer,b2a_regiononly_mask_09,42,val,lecun,False,phase,F1,dissection,0.9454191033138402,False
transfer__b2a_regiononly_mask_09_001_b2a_regiononly_mask_09_seed42,transfer,b2a_regiononly_mask_09,42,val,lecun,False,phase,F1,dressing,0.0,False
transfer__b2a_regiononly_mask_09_001_b2a_regiononly_mask_09_seed42,transfer,b2a_regiononly_mask_09,42,val,lecun,False,phase,F1,hemostasis,0.6813186813186813,False
transfer__b2a_regiononly_mask_09_001_b2a_regiononly_mask_09_seed42,transfer,b2a_regiononly_mask_09,42,val,lecun,False,phase,F1,incision,0.9258160237388723,False
transfer__b2a_regiononly_mask_09_001_b2a_regiononly_mask_09_seed42,transfer,b2a_regiononly_mask_09,42,val,lecun,False,phase,F1,irrigation,0.0,False
transfer__b2a_regiononly_mask_09_002_b2a_regiononly_mask_09_seed123,transfer,b2a_regiononly_mask_09,123,val,lecun,False,phase,F1,anesthesia,0.9948717948717948,False
transfer__b2a_regiononly_mask_09_002_b2a_regiononly_mask_09_seed123,transfer,b2a_regiononly_mask_09,123,val,lecun,False,phase,F1,closure,0.9525452976704054,False
transfer__b2a_regiononly_mask_09_002_b2a_regiononly_mask_09_seed123,transfer,b2a_regiononly_mask_09,123,val,lecun,False,phase,F1,design,1.0,False
transfer__b2a_regiononly_mask_09_002_b2a_regiononly_mask_09_seed123,transfer,b2a_regiononly_mask_09,123,val,lecun,False,phase,F1,disinfection,0.0,False
transfer__b2a_regiononly_mask_09_002_b2a_regiononly_mask_09_seed123,transfer,b2a_regiononly_mask_09,123,val,lecun,False,phase,F1,dissection,0.9508840864440079,False
transfer__b2a_regiononly_mask_09_002_b2a_regiononly_mask_09_seed123,transfer,b2a_regiononly_mask_09,123,val,lecun,False,phase,F1,dressing,0.0,False
transfer__b2a_regiononly_mask_09_002_b2a_regiononly_mask_09_seed123,transfer,b2a_regiononly_mask_09,123,val,lecun,False,phase,F1,hemostasis,0.7070707070707071,False
transfer__b2a_regiononly_mask_09_002_b2a_regiononly_mask_09_seed123,transfer,b2a_regiononly_mask_09,123,val,lecun,False,phase,F1,incision,0.9300911854103344,False
transfer__b2a_regiononly_mask_09_002_b2a_regiononly_mask_09_seed123,transfer,b2a_regiononly_mask_09,123,val,lecun,False,phase,F1,irrigation,0.0,False
transfer__b2a_regiononly_mask_09_003_b2a_regiononly_mask_09_seed456,transfer,b2a_regiononly_mask_09,456,val,lecun,False,phase,F1,anesthesia,0.9948717948717948,False
transfer__b2a_regiononly_mask_09_003_b2a_regiononly_mask_09_seed456,transfer,b2a_regiononly_mask_09,456,val,lecun,False,phase,F1,closure,0.9582608695652174,False
transfer__b2a_regiononly_mask_09_003_b2a_regiononly_mask_09_seed456,transfer,b2a_regiononly_mask_09,456,val,lecun,False,phase,F1,design,1.0,False
transfer__b2a_regiononly_mask_09_003_b2a_regiononly_mask_09_seed456,transfer,b2a_regiononly_mask_09,456,val,lecun,False,phase,F1,disinfection,0.0,False
transfer__b2a_regiononly_mask_09_003_b2a_regiononly_mask_09_seed456,transfer,b2a_regiononly_mask_09,456,val,lecun,False,phase,F1,dissection,0.9446064139941691,False
transfer__b2a_regiononly_mask_09_003_b2a_regiononly_mask_09_seed456,transfer,b2a_regiononly_mask_09,456,val,lecun,False,phase,F1,dressing,0.0,False
transfer__b2a_regiononly_mask_09_003_b2a_regiononly_mask_09_seed456,transfer,b2a_regiononly_mask_09,456,val,lecun,False,phase,F1,hemostasis,0.673913043478261,False
transfer__b2a_regiononly_mask_09_003_b2a_regiononly_mask_09_seed456,transfer,b2a_regiononly_mask_09,456,val,lecun,False,phase,F1,incision,0.9161676646706587,False
transfer__b2a_regiononly_mask_09_003_b2a_regiononly_mask_09_seed456,transfer,b2a_regiononly_mask_09,456,val,lecun,False,phase,F1,irrigation,0.0,False
transfer__b2a_regiononly_mask_10_001_b2a_regiononly_mask_10_seed42,transfer,b2a_regiononly_mask_10,42,val,lecun,False,phase,F1,anesthesia,0.9948717948717948,False
transfer__b2a_regiononly_mask_10_001_b2a_regiononly_mask_10_seed42,transfer,b2a_regiononly_mask_10,42,val,lecun,False,phase,F1,closure,0.9475494411006019,False
transfer__b2a_regiononly_mask_10_001_b2a_regiononly_mask_10_seed42,transfer,b2a_regiononly_mask_10,42,val,lecun,False,phase,F1,design,0.9852216748768473,False
transfer__b2a_regiononly_mask_10_001_b2a_regiononly_mask_10_seed42,transfer,b2a_regiononly_mask_10,42,val,lecun,False,phase,F1,disinfection,0.0,False
transfer__b2a_regiononly_mask_10_001_b2a_regiononly_mask_10_seed42,transfer,b2a_regiononly_mask_10,42,val,lecun,False,phase,F1,dissection,0.949654491609082,False
transfer__b2a_regiononly_mask_10_001_b2a_regiononly_mask_10_seed42,transfer,b2a_regiononly_mask_10,42,val,lecun,False,phase,F1,dressing,0.0,False
transfer__b2a_regiononly_mask_10_001_b2a_regiononly_mask_10_seed42,transfer,b2a_regiononly_mask_10,42,val,lecun,False,phase,F1,hemostasis,0.8080808080808081,False
transfer__b2a_regiononly_mask_10_001_b2a_regiononly_mask_10_seed42,transfer,b2a_regiononly_mask_10,42,val,lecun,False,phase,F1,incision,0.9369369369369369,False
transfer__b2a_regiononly_mask_10_001_b2a_regiononly_mask_10_seed42,transfer,b2a_regiononly_mask_10,42,val,lecun,False,phase,F1,irrigation,0.0,False
transfer__b2a_regiononly_mask_10_002_b2a_regiononly_mask_10_seed123,transfer,b2a_regiononly_mask_10,123,val,lecun,False,phase,F1,anesthesia,1.0,False
transfer__b2a_regiononly_mask_10_002_b2a_regiononly_mask_10_seed123,transfer,b2a_regiononly_mask_10,123,val,lecun,False,phase,F1,closure,0.9388794567062817,False
transfer__b2a_regiononly_mask_10_002_b2a_regiononly_mask_10_seed123,transfer,b2a_regiononly_mask_10,123,val,lecun,False,phase,F1,design,0.9852216748768473,False
transfer__b2a_regiononly_mask_10_002_b2a_regiononly_mask_10_seed123,transfer,b2a_regiononly_mask_10,123,val,lecun,False,phase,F1,disinfection,0.0,False
transfer__b2a_regiononly_mask_10_002_b2a_regiononly_mask_10_seed123,transfer,b2a_regiononly_mask_10,123,val,lecun,False,phase,F1,dissection,0.952191235059761,False
transfer__b2a_regiononly_mask_10_002_b2a_regiononly_mask_10_seed123,transfer,b2a_regiononly_mask_10,123,val,lecun,False,phase,F1,dressing,0.0,False
transfer__b2a_regiononly_mask_10_002_b2a_regiononly_mask_10_seed123,transfer,b2a_regiononly_mask_10,123,val,lecun,False,phase,F1,hemostasis,0.7526881720430108,False
transfer__b2a_regiononly_mask_10_002_b2a_regiononly_mask_10_seed123,transfer,b2a_regiononly_mask_10,123,val,lecun,False,phase,F1,incision,0.9337349397590361,False
transfer__b2a_regiononly_mask_10_002_b2a_regiononly_mask_10_seed123,transfer,b2a_regiononly_mask_10,123,val,lecun,False,phase,F1,irrigation,0.0,False
transfer__b2a_regiononly_mask_10_003_b2a_regiononly_mask_10_seed456,transfer,b2a_regiononly_mask_10,456,val,lecun,False,phase,F1,anesthesia,0.9948717948717948,False
transfer__b2a_regiononly_mask_10_003_b2a_regiononly_mask_10_seed456,transfer,b2a_regiononly_mask_10,456,val,lecun,False,phase,F1,closure,0.9457364341085271,False
transfer__b2a_regiononly_mask_10_003_b2a_regiononly_mask_10_seed456,transfer,b2a_regiononly_mask_10,456,val,lecun,False,phase,F1,design,0.9702970297029703,False
transfer__b2a_regiononly_mask_10_003_b2a_regiononly_mask_10_seed456,transfer,b2a_regiononly_mask_10,456,val,lecun,False,phase,F1,disinfection,0.0,False
transfer__b2a_regiononly_mask_10_003_b2a_regiononly_mask_10_seed456,transfer,b2a_regiononly_mask_10,456,val,lecun,False,phase,F1,dissection,0.9490196078431372,False
transfer__b2a_regiononly_mask_10_003_b2a_regiononly_mask_10_seed456,transfer,b2a_regiononly_mask_10,456,val,lecun,False,phase,F1,dressing,0.0,False
transfer__b2a_regiononly_mask_10_003_b2a_regiononly_mask_10_seed456,transfer,b2a_regiononly_mask_10,456,val,lecun,False,phase,F1,hemostasis,0.7083333333333334,False
transfer__b2a_regiononly_mask_10_003_b2a_regiononly_mask_10_seed456,transfer,b2a_regiononly_mask_10,456,val,lecun,False,phase,F1,incision,0.9397590361445782,False
transfer__b2a_regiononly_mask_10_003_b2a_regiononly_mask_10_seed456,transfer,b2a_regiononly_mask_10,456,val,lecun,False,phase,F1,irrigation,0.0,False
transfer__b2a_regiononly_mask_11_001_b2a_regiononly_mask_11_seed42,transfer,b2a_regiononly_mask_11,42,val,lecun,False,phase,F1,anesthesia,1.0,False
transfer__b2a_regiononly_mask_11_001_b2a_regiononly_mask_11_seed42,transfer,b2a_regiononly_mask_11,42,val,lecun,False,phase,F1,closure,0.9559204840103717,False
transfer__b2a_regiononly_mask_11_001_b2a_regiononly_mask_11_seed42,transfer,b2a_regiononly_mask_11,42,val,lecun,False,phase,F1,design,0.9600000000000001,False
transfer__b2a_regiononly_mask_11_001_b2a_regiononly_mask_11_seed42,transfer,b2a_regiononly_mask_11,42,val,lecun,False,phase,F1,disinfection,0.0,False
transfer__b2a_regiononly_mask_11_001_b2a_regiononly_mask_11_seed42,transfer,b2a_regiononly_mask_11,42,val,lecun,False,phase,F1,dissection,0.9533073929961089,False
transfer__b2a_regiononly_mask_11_001_b2a_regiononly_mask_11_seed42,transfer,b2a_regiononly_mask_11,42,val,lecun,False,phase,F1,dressing,0.0,False
transfer__b2a_regiononly_mask_11_001_b2a_regiononly_mask_11_seed42,transfer,b2a_regiononly_mask_11,42,val,lecun,False,phase,F1,hemostasis,0.6818181818181819,False
transfer__b2a_regiononly_mask_11_001_b2a_regiononly_mask_11_seed42,transfer,b2a_regiononly_mask_11,42,val,lecun,False,phase,F1,incision,0.9317507418397626,False
transfer__b2a_regiononly_mask_11_001_b2a_regiononly_mask_11_seed42,transfer,b2a_regiononly_mask_11,42,val,lecun,False,phase,F1,irrigation,0.0,False
transfer__b2a_regiononly_mask_11_002_b2a_regiononly_mask_11_seed123,transfer,b2a_regiononly_mask_11,123,val,lecun,False,phase,F1,anesthesia,0.9948717948717948,False
transfer__b2a_regiononly_mask_11_002_b2a_regiononly_mask_11_seed123,transfer,b2a_regiononly_mask_11,123,val,lecun,False,phase,F1,closure,0.9609035621198958,False
transfer__b2a_regiononly_mask_11_002_b2a_regiononly_mask_11_seed123,transfer,b2a_regiononly_mask_11,123,val,lecun,False,phase,F1,design,0.9435897435897436,False
transfer__b2a_regiononly_mask_11_002_b2a_regiononly_mask_11_seed123,transfer,b2a_regiononly_mask_11,123,val,lecun,False,phase,F1,disinfection,0.0,False
transfer__b2a_regiononly_mask_11_002_b2a_regiononly_mask_11_seed123,transfer,b2a_regiononly_mask_11,123,val,lecun,False,phase,F1,dissection,0.9557522123893806,False
transfer__b2a_regiononly_mask_11_002_b2a_regiononly_mask_11_seed123,transfer,b2a_regiononly_mask_11,123,val,lecun,False,phase,F1,dressing,0.0,False
transfer__b2a_regiononly_mask_11_002_b2a_regiononly_mask_11_seed123,transfer,b2a_regiononly_mask_11,123,val,lecun,False,phase,F1,hemostasis,0.7692307692307693,False
transfer__b2a_regiononly_mask_11_002_b2a_regiononly_mask_11_seed123,transfer,b2a_regiononly_mask_11,123,val,lecun,False,phase,F1,incision,0.9186046511627908,False
transfer__b2a_regiononly_mask_11_002_b2a_regiononly_mask_11_seed123,transfer,b2a_regiononly_mask_11,123,val,lecun,False,phase,F1,irrigation,0.0,False
transfer__b2a_regiononly_mask_11_003_b2a_regiononly_mask_11_seed456,transfer,b2a_regiononly_mask_11,456,val,lecun,False,phase,F1,anesthesia,1.0,False
transfer__b2a_regiononly_mask_11_003_b2a_regiononly_mask_11_seed456,transfer,b2a_regiononly_mask_11,456,val,lecun,False,phase,F1,closure,0.9558441558441558,False
transfer__b2a_regiononly_mask_11_003_b2a_regiononly_mask_11_seed456,transfer,b2a_regiononly_mask_11,456,val,lecun,False,phase,F1,design,0.9441624365482233,False
transfer__b2a_regiononly_mask_11_003_b2a_regiononly_mask_11_seed456,transfer,b2a_regiononly_mask_11,456,val,lecun,False,phase,F1,disinfection,0.0,False
transfer__b2a_regiononly_mask_11_003_b2a_regiononly_mask_11_seed456,transfer,b2a_regiononly_mask_11,456,val,lecun,False,phase,F1,dissection,0.9514370664023785,False
transfer__b2a_regiononly_mask_11_003_b2a_regiononly_mask_11_seed456,transfer,b2a_regiononly_mask_11,456,val,lecun,False,phase,F1,dressing,0.0,False
transfer__b2a_regiononly_mask_11_003_b2a_regiononly_mask_11_seed456,transfer,b2a_regiononly_mask_11,456,val,lecun,False,phase,F1,hemostasis,0.7155963302752295,False
transfer__b2a_regiononly_mask_11_003_b2a_regiononly_mask_11_seed456,transfer,b2a_regiononly_mask_11,456,val,lecun,False,phase,F1,incision,0.9352941176470588,False
transfer__b2a_regiononly_mask_11_003_b2a_regiononly_mask_11_seed456,transfer,b2a_regiononly_mask_11,456,val,lecun,False,phase,F1,irrigation,0.0,False
transfer__b2a_regiononly_mask_12_001_b2a_regiononly_mask_12_seed42,transfer,b2a_regiononly_mask_12,42,val,lecun,False,phase,F1,anesthesia,1.0,False
transfer__b2a_regiononly_mask_12_001_b2a_regiononly_mask_12_seed42,transfer,b2a_regiononly_mask_12,42,val,lecun,False,phase,F1,closure,0.9625761531766753,False
transfer__b2a_regiononly_mask_12_001_b2a_regiononly_mask_12_seed42,transfer,b2a_regiononly_mask_12,42,val,lecun,False,phase,F1,design,0.9852216748768473,False
transfer__b2a_regiononly_mask_12_001_b2a_regiononly_mask_12_seed42,transfer,b2a_regiononly_mask_12,42,val,lecun,False,phase,F1,disinfection,0.0,False
transfer__b2a_regiononly_mask_12_001_b2a_regiononly_mask_12_seed42,transfer,b2a_regiononly_mask_12,42,val,lecun,False,phase,F1,dissection,0.9541463414634147,False
transfer__b2a_regiononly_mask_12_001_b2a_regiononly_mask_12_seed42,transfer,b2a_regiononly_mask_12,42,val,lecun,False,phase,F1,dressing,0.0,False
transfer__b2a_regiononly_mask_12_001_b2a_regiononly_mask_12_seed42,transfer,b2a_regiononly_mask_12,42,val,lecun,False,phase,F1,hemostasis,0.711111111111111,False
transfer__b2a_regiononly_mask_12_001_b2a_regiononly_mask_12_seed42,transfer,b2a_regiononly_mask_12,42,val,lecun,False,phase,F1,incision,0.9504373177842566,False
transfer__b2a_regiononly_mask_12_001_b2a_regiononly_mask_12_seed42,transfer,b2a_regiononly_mask_12,42,val,lecun,False,phase,F1,irrigation,0.0,False
transfer__b2a_regiononly_mask_12_002_b2a_regiononly_mask_12_seed123,transfer,b2a_regiononly_mask_12,123,val,lecun,False,phase,F1,anesthesia,1.0,False
transfer__b2a_regiononly_mask_12_002_b2a_regiononly_mask_12_seed123,transfer,b2a_regiononly_mask_12,123,val,lecun,False,phase,F1,closure,0.9542709232096634,False
transfer__b2a_regiononly_mask_12_002_b2a_regiononly_mask_12_seed123,transfer,b2a_regiononly_mask_12,123,val,lecun,False,phase,F1,design,0.9852216748768473,False
transfer__b2a_regiononly_mask_12_002_b2a_regiononly_mask_12_seed123,transfer,b2a_regiononly_mask_12,123,val,lecun,False,phase,F1,disinfection,0.0,False
transfer__b2a_regiononly_mask_12_002_b2a_regiononly_mask_12_seed123,transfer,b2a_regiononly_mask_12,123,val,lecun,False,phase,F1,dissection,0.9604743083003953,False
transfer__b2a_regiononly_mask_12_002_b2a_regiononly_mask_12_seed123,transfer,b2a_regiononly_mask_12,123,val,lecun,False,phase,F1,dressing,0.0,False
transfer__b2a_regiononly_mask_12_002_b2a_regiononly_mask_12_seed123,transfer,b2a_regiononly_mask_12,123,val,lecun,False,phase,F1,hemostasis,0.7676767676767676,False
transfer__b2a_regiononly_mask_12_002_b2a_regiononly_mask_12_seed123,transfer,b2a_regiononly_mask_12,123,val,lecun,False,phase,F1,incision,0.9495548961424332,False
transfer__b2a_regiononly_mask_12_002_b2a_regiononly_mask_12_seed123,transfer,b2a_regiononly_mask_12,123,val,lecun,False,phase,F1,irrigation,0.0,False
transfer__b2a_regiononly_mask_12_003_b2a_regiononly_mask_12_seed456,transfer,b2a_regiononly_mask_12,456,val,lecun,False,phase,F1,anesthesia,1.0,False
transfer__b2a_regiononly_mask_12_003_b2a_regiononly_mask_12_seed456,transfer,b2a_regiononly_mask_12,456,val,lecun,False,phase,F1,closure,0.9502572898799314,False
transfer__b2a_regiononly_mask_12_003_b2a_regiononly_mask_12_seed456,transfer,b2a_regiononly_mask_12,456,val,lecun,False,phase,F1,design,0.9852216748768473,False
transfer__b2a_regiononly_mask_12_003_b2a_regiononly_mask_12_seed456,transfer,b2a_regiononly_mask_12,456,val,lecun,False,phase,F1,disinfection,0.0,False
transfer__b2a_regiononly_mask_12_003_b2a_regiononly_mask_12_seed456,transfer,b2a_regiononly_mask_12,456,val,lecun,False,phase,F1,dissection,0.9568627450980391,False
transfer__b2a_regiononly_mask_12_003_b2a_regiononly_mask_12_seed456,transfer,b2a_regiononly_mask_12,456,val,lecun,False,phase,F1,dressing,0.0,False
transfer__b2a_regiononly_mask_12_003_b2a_regiononly_mask_12_seed456,transfer,b2a_regiononly_mask_12,456,val,lecun,False,phase,F1,hemostasis,0.7045454545454546,False
transfer__b2a_regiononly_mask_12_003_b2a_regiononly_mask_12_seed456,transfer,b2a_regiononly_mask_12,456,val,lecun,False,phase,F1,incision,0.942942942942943,False
transfer__b2a_regiononly_mask_12_003_b2a_regiononly_mask_12_seed456,transfer,b2a_regiononly_mask_12,456,val,lecun,False,phase,F1,irrigation,0.0,False
transfer__b2a_regiononly_mask_13_001_b2a_regiononly_mask_13_seed42,transfer,b2a_regiononly_mask_13,42,val,lecun,False,phase,F1,anesthesia,0.9896907216494846,False
transfer__b2a_regiononly_mask_13_001_b2a_regiononly_mask_13_seed42,transfer,b2a_regiononly_mask_13,42,val,lecun,False,phase,F1,closure,0.9592367736339982,False
transfer__b2a_regiononly_mask_13_001_b2a_regiononly_mask_13_seed42,transfer,b2a_regiononly_mask_13,42,val,lecun,False,phase,F1,design,0.9805825242718447,False
transfer__b2a_regiononly_mask_13_001_b2a_regiononly_mask_13_seed42,transfer,b2a_regiononly_mask_13,42,val,lecun,False,phase,F1,disinfection,0.0,False
transfer__b2a_regiononly_mask_13_001_b2a_regiononly_mask_13_seed42,transfer,b2a_regiononly_mask_13,42,val,lecun,False,phase,F1,dissection,0.9549902152641878,False
transfer__b2a_regiononly_mask_13_001_b2a_regiononly_mask_13_seed42,transfer,b2a_regiononly_mask_13,42,val,lecun,False,phase,F1,dressing,0.0,False
transfer__b2a_regiononly_mask_13_001_b2a_regiononly_mask_13_seed42,transfer,b2a_regiononly_mask_13,42,val,lecun,False,phase,F1,hemostasis,0.7422680412371133,False
transfer__b2a_regiononly_mask_13_001_b2a_regiononly_mask_13_seed42,transfer,b2a_regiononly_mask_13,42,val,lecun,False,phase,F1,incision,0.9520958083832335,False
transfer__b2a_regiononly_mask_13_001_b2a_regiononly_mask_13_seed42,transfer,b2a_regiononly_mask_13,42,val,lecun,False,phase,F1,irrigation,0.0,False
transfer__b2a_regiononly_mask_13_002_b2a_regiononly_mask_13_seed123,transfer,b2a_regiononly_mask_13,123,val,lecun,False,phase,F1,anesthesia,0.9948717948717948,False
transfer__b2a_regiononly_mask_13_002_b2a_regiononly_mask_13_seed123,transfer,b2a_regiononly_mask_13,123,val,lecun,False,phase,F1,closure,0.9590235396687008,False
transfer__b2a_regiononly_mask_13_002_b2a_regiononly_mask_13_seed123,transfer,b2a_regiononly_mask_13,123,val,lecun,False,phase,F1,design,0.9803921568627452,False
transfer__b2a_regiononly_mask_13_002_b2a_regiononly_mask_13_seed123,transfer,b2a_regiononly_mask_13,123,val,lecun,False,phase,F1,disinfection,0.0,False
transfer__b2a_regiononly_mask_13_002_b2a_regiononly_mask_13_seed123,transfer,b2a_regiononly_mask_13,123,val,lecun,False,phase,F1,dissection,0.9598432908912831,False
transfer__b2a_regiononly_mask_13_002_b2a_regiononly_mask_13_seed123,transfer,b2a_regiononly_mask_13,123,val,lecun,False,phase,F1,dressing,0.0,False
transfer__b2a_regiononly_mask_13_002_b2a_regiononly_mask_13_seed123,transfer,b2a_regiononly_mask_13,123,val,lecun,False,phase,F1,hemostasis,0.8155339805825242,False
transfer__b2a_regiononly_mask_13_002_b2a_regiononly_mask_13_seed123,transfer,b2a_regiononly_mask_13,123,val,lecun,False,phase,F1,incision,0.9464285714285714,False
transfer__b2a_regiononly_mask_13_002_b2a_regiononly_mask_13_seed123,transfer,b2a_regiononly_mask_13,123,val,lecun,False,phase,F1,irrigation,0.0,False
transfer__b2a_regiononly_mask_13_003_b2a_regiononly_mask_13_seed456,transfer,b2a_regiononly_mask_13,456,val,lecun,False,phase,F1,anesthesia,0.9948717948717948,False
transfer__b2a_regiononly_mask_13_003_b2a_regiononly_mask_13_seed456,transfer,b2a_regiononly_mask_13,456,val,lecun,False,phase,F1,closure,0.9591659426585577,False
transfer__b2a_regiononly_mask_13_003_b2a_regiononly_mask_13_seed456,transfer,b2a_regiononly_mask_13,456,val,lecun,False,phase,F1,design,0.9803921568627452,False
transfer__b2a_regiononly_mask_13_003_b2a_regiononly_mask_13_seed456,transfer,b2a_regiononly_mask_13,456,val,lecun,False,phase,F1,disinfection,0.0,False
transfer__b2a_regiononly_mask_13_003_b2a_regiononly_mask_13_seed456,transfer,b2a_regiononly_mask_13,456,val,lecun,False,phase,F1,dissection,0.9524733268671192,False
transfer__b2a_regiononly_mask_13_003_b2a_regiononly_mask_13_seed456,transfer,b2a_regiononly_mask_13,456,val,lecun,False,phase,F1,dressing,0.0,False
transfer__b2a_regiononly_mask_13_003_b2a_regiononly_mask_13_seed456,transfer,b2a_regiononly_mask_13,456,val,lecun,False,phase,F1,hemostasis,0.7252747252747253,False
transfer__b2a_regiononly_mask_13_003_b2a_regiononly_mask_13_seed456,transfer,b2a_regiononly_mask_13,456,val,lecun,False,phase,F1,incision,0.9461077844311377,False
transfer__b2a_regiononly_mask_13_003_b2a_regiononly_mask_13_seed456,transfer,b2a_regiononly_mask_13,456,val,lecun,False,phase,F1,irrigation,0.0,False
transfer__b2a_regiononly_mask_14_001_b2a_regiononly_mask_14_seed42,transfer,b2a_regiononly_mask_14,42,val,lecun,False,phase,F1,anesthesia,0.9948717948717948,False
transfer__b2a_regiononly_mask_14_001_b2a_regiononly_mask_14_seed42,transfer,b2a_regiononly_mask_14,42,val,lecun,False,phase,F1,closure,0.9591659426585577,False
transfer__b2a_regiononly_mask_14_001_b2a_regiononly_mask_14_seed42,transfer,b2a_regiononly_mask_14,42,val,lecun,False,phase,F1,design,0.9901960784313726,False
transfer__b2a_regiononly_mask_14_001_b2a_regiononly_mask_14_seed42,transfer,b2a_regiononly_mask_14,42,val,lecun,False,phase,F1,disinfection,0.0,False
transfer__b2a_regiononly_mask_14_001_b2a_regiononly_mask_14_seed42,transfer,b2a_regiononly_mask_14,42,val,lecun,False,phase,F1,dissection,0.9528487229862476,False
transfer__b2a_regiononly_mask_14_001_b2a_regiononly_mask_14_seed42,transfer,b2a_regiononly_mask_14,42,val,lecun,False,phase,F1,dressing,0.0,False
transfer__b2a_regiononly_mask_14_001_b2a_regiononly_mask_14_seed42,transfer,b2a_regiononly_mask_14,42,val,lecun,False,phase,F1,hemostasis,0.7378640776699029,False
transfer__b2a_regiononly_mask_14_001_b2a_regiononly_mask_14_seed42,transfer,b2a_regiononly_mask_14,42,val,lecun,False,phase,F1,incision,0.9492537313432835,False
transfer__b2a_regiononly_mask_14_001_b2a_regiononly_mask_14_seed42,transfer,b2a_regiononly_mask_14,42,val,lecun,False,phase,F1,irrigation,0.0,False
transfer__b2a_regiononly_mask_14_002_b2a_regiononly_mask_14_seed123,transfer,b2a_regiononly_mask_14,123,val,lecun,False,phase,F1,anesthesia,1.0,False
transfer__b2a_regiononly_mask_14_002_b2a_regiononly_mask_14_seed123,transfer,b2a_regiononly_mask_14,123,val,lecun,False,phase,F1,closure,0.9565972222222222,False
transfer__b2a_regiononly_mask_14_002_b2a_regiononly_mask_14_seed123,transfer,b2a_regiononly_mask_14,123,val,lecun,False,phase,F1,design,0.9852216748768473,False
transfer__b2a_regiononly_mask_14_002_b2a_regiononly_mask_14_seed123,transfer,b2a_regiononly_mask_14,123,val,lecun,False,phase,F1,disinfection,0.0,False
transfer__b2a_regiononly_mask_14_002_b2a_regiononly_mask_14_seed123,transfer,b2a_regiononly_mask_14,123,val,lecun,False,phase,F1,dissection,0.9579667644183774,False
transfer__b2a_regiononly_mask_14_002_b2a_regiononly_mask_14_seed123,transfer,b2a_regiononly_mask_14,123,val,lecun,False,phase,F1,dressing,0.0,False
transfer__b2a_regiononly_mask_14_002_b2a_regiononly_mask_14_seed123,transfer,b2a_regiononly_mask_14,123,val,lecun,False,phase,F1,hemostasis,0.7551020408163265,False
transfer__b2a_regiononly_mask_14_002_b2a_regiononly_mask_14_seed123,transfer,b2a_regiononly_mask_14,123,val,lecun,False,phase,F1,incision,0.9520958083832335,False
transfer__b2a_regiononly_mask_14_002_b2a_regiononly_mask_14_seed123,transfer,b2a_regiononly_mask_14,123,val,lecun,False,phase,F1,irrigation,0.0,False
transfer__b2a_regiononly_mask_14_003_b2a_regiononly_mask_14_seed456,transfer,b2a_regiononly_mask_14,456,val,lecun,False,phase,F1,anesthesia,1.0,False
transfer__b2a_regiononly_mask_14_003_b2a_regiononly_mask_14_seed456,transfer,b2a_regiononly_mask_14,456,val,lecun,False,phase,F1,closure,0.9565972222222222,False
transfer__b2a_regiononly_mask_14_003_b2a_regiononly_mask_14_seed456,transfer,b2a_regiononly_mask_14,456,val,lecun,False,phase,F1,design,0.9801980198019802,False
transfer__b2a_regiononly_mask_14_003_b2a_regiononly_mask_14_seed456,transfer,b2a_regiononly_mask_14,456,val,lecun,False,phase,F1,disinfection,0.0,False
transfer__b2a_regiononly_mask_14_003_b2a_regiononly_mask_14_seed456,transfer,b2a_regiononly_mask_14,456,val,lecun,False,phase,F1,dissection,0.9551656920077973,False
transfer__b2a_regiononly_mask_14_003_b2a_regiononly_mask_14_seed456,transfer,b2a_regiononly_mask_14,456,val,lecun,False,phase,F1,dressing,0.0,False
transfer__b2a_regiononly_mask_14_003_b2a_regiononly_mask_14_seed456,transfer,b2a_regiononly_mask_14,456,val,lecun,False,phase,F1,hemostasis,0.7173913043478262,False
transfer__b2a_regiononly_mask_14_003_b2a_regiononly_mask_14_seed456,transfer,b2a_regiononly_mask_14,456,val,lecun,False,phase,F1,incision,0.9585798816568047,False
transfer__b2a_regiononly_mask_14_003_b2a_regiononly_mask_14_seed456,transfer,b2a_regiononly_mask_14,456,val,lecun,False,phase,F1,irrigation,0.0,False
transfer__b2a_regiononly_oracle_001_b2a_regiononly_oracle_seed42,transfer,b2a_regiononly_oracle,42,val,lecun,False,phase,F1,anesthesia,0.9948717948717948,False
transfer__b2a_regiononly_oracle_001_b2a_regiononly_oracle_seed42,transfer,b2a_regiononly_oracle,42,val,lecun,False,phase,F1,closure,0.9635416666666667,False
transfer__b2a_regiononly_oracle_001_b2a_regiononly_oracle_seed42,transfer,b2a_regiononly_oracle,42,val,lecun,False,phase,F1,design,1.0,False
transfer__b2a_regiononly_oracle_001_b2a_regiononly_oracle_seed42,transfer,b2a_regiononly_oracle,42,val,lecun,False,phase,F1,disinfection,0.0,False
transfer__b2a_regiononly_oracle_001_b2a_regiononly_oracle_seed42,transfer,b2a_regiononly_oracle,42,val,lecun,False,phase,F1,dissection,0.9800796812749004,False
transfer__b2a_regiononly_oracle_001_b2a_regiononly_oracle_seed42,transfer,b2a_regiononly_oracle,42,val,lecun,False,phase,F1,dressing,0.0,False
transfer__b2a_regiononly_oracle_001_b2a_regiononly_oracle_seed42,transfer,b2a_regiononly_oracle,42,val,lecun,False,phase,F1,hemostasis,0.9464285714285715,False
transfer__b2a_regiononly_oracle_001_b2a_regiononly_oracle_seed42,transfer,b2a_regiononly_oracle,42,val,lecun,False,phase,F1,incision,0.973293768545994,False
transfer__b2a_regiononly_oracle_001_b2a_regiononly_oracle_seed42,transfer,b2a_regiononly_oracle,42,val,lecun,False,phase,F1,irrigation,0.0,False
transfer__b2a_regiononly_oracle_002_b2a_regiononly_oracle_seed123,transfer,b2a_regiononly_oracle,123,val,lecun,False,phase,F1,anesthesia,1.0,False
transfer__b2a_regiononly_oracle_002_b2a_regiononly_oracle_seed123,transfer,b2a_regiononly_oracle,123,val,lecun,False,phase,F1,closure,0.9644405897658282,False
transfer__b2a_regiononly_oracle_002_b2a_regiononly_oracle_seed123,transfer,b2a_regiononly_oracle,123,val,lecun,False,phase,F1,design,1.0,False
transfer__b2a_regiononly_oracle_002_b2a_regiononly_oracle_seed123,transfer,b2a_regiononly_oracle,123,val,lecun,False,phase,F1,disinfection,0.0,False
transfer__b2a_regiononly_oracle_002_b2a_regiononly_oracle_seed123,transfer,b2a_regiononly_oracle,123,val,lecun,False,phase,F1,dissection,0.9830508474576272,False
transfer__b2a_regiononly_oracle_002_b2a_regiononly_oracle_seed123,transfer,b2a_regiononly_oracle,123,val,lecun,False,phase,F1,dressing,0.0,False
transfer__b2a_regiononly_oracle_002_b2a_regiononly_oracle_seed123,transfer,b2a_regiononly_oracle,123,val,lecun,False,phase,F1,hemostasis,0.9454545454545454,False
transfer__b2a_regiononly_oracle_002_b2a_regiononly_oracle_seed123,transfer,b2a_regiononly_oracle,123,val,lecun,False,phase,F1,incision,0.9763313609467456,False
transfer__b2a_regiononly_oracle_002_b2a_regiononly_oracle_seed123,transfer,b2a_regiononly_oracle,123,val,lecun,False,phase,F1,irrigation,0.0,False
transfer__b2a_regiononly_oracle_003_b2a_regiononly_oracle_seed456,transfer,b2a_regiononly_oracle,456,val,lecun,False,phase,F1,anesthesia,1.0,False
transfer__b2a_regiononly_oracle_003_b2a_regiononly_oracle_seed456,transfer,b2a_regiononly_oracle,456,val,lecun,False,phase,F1,closure,0.9599303135888502,False
transfer__b2a_regiononly_oracle_003_b2a_regiononly_oracle_seed456,transfer,b2a_regiononly_oracle,456,val,lecun,False,phase,F1,design,1.0,False
transfer__b2a_regiononly_oracle_003_b2a_regiononly_oracle_seed456,transfer,b2a_regiononly_oracle,456,val,lecun,False,phase,F1,disinfection,0.0,False
transfer__b2a_regiononly_oracle_003_b2a_regiononly_oracle_seed456,transfer,b2a_regiononly_oracle,456,val,lecun,False,phase,F1,dissection,0.9781746031746033,False
transfer__b2a_regiononly_oracle_003_b2a_regiononly_oracle_seed456,transfer,b2a_regiononly_oracle,456,val,lecun,False,phase,F1,dressing,0.0,False
transfer__b2a_regiononly_oracle_003_b2a_regiononly_oracle_seed456,transfer,b2a_regiononly_oracle,456,val,lecun,False,phase,F1,hemostasis,0.9464285714285715,False
transfer__b2a_regiononly_oracle_003_b2a_regiononly_oracle_seed456,transfer,b2a_regiononly_oracle,456,val,lecun,False,phase,F1,incision,0.9761904761904762,False
transfer__b2a_regiononly_oracle_003_b2a_regiononly_oracle_seed456,transfer,b2a_regiononly_oracle,456,val,lecun,False,phase,F1,irrigation,0.0,False
transfer__b2a_regiononly_oracle_mask_top3_001_b2a_regiononly_oracle_mask_top3_seed42,transfer,b2a_regiononly_oracle_mask_top3,42,val,lecun,False,phase,F1,anesthesia,0.8685714285714285,False
transfer__b2a_regiononly_oracle_mask_top3_001_b2a_regiononly_oracle_mask_top3_seed42,transfer,b2a_regiononly_oracle_mask_top3,42,val,lecun,False,phase,F1,closure,0.9033361847733106,False
transfer__b2a_regiononly_oracle_mask_top3_001_b2a_regiononly_oracle_mask_top3_seed42,transfer,b2a_regiononly_oracle_mask_top3,42,val,lecun,False,phase,F1,design,0.9901960784313726,False
transfer__b2a_regiononly_oracle_mask_top3_001_b2a_regiononly_oracle_mask_top3_seed42,transfer,b2a_regiononly_oracle_mask_top3,42,val,lecun,False,phase,F1,disinfection,0.0,False
transfer__b2a_regiononly_oracle_mask_top3_001_b2a_regiononly_oracle_mask_top3_seed42,transfer,b2a_regiononly_oracle_mask_top3,42,val,lecun,False,phase,F1,dissection,0.9407191448007775,False
transfer__b2a_regiononly_oracle_mask_top3_001_b2a_regiononly_oracle_mask_top3_seed42,transfer,b2a_regiononly_oracle_mask_top3,42,val,lecun,False,phase,F1,dressing,0.0,False
transfer__b2a_regiononly_oracle_mask_top3_001_b2a_regiononly_oracle_mask_top3_seed42,transfer,b2a_regiononly_oracle_mask_top3,42,val,lecun,False,phase,F1,hemostasis,0.0,False
transfer__b2a_regiononly_oracle_mask_top3_001_b2a_regiononly_oracle_mask_top3_seed42,transfer,b2a_regiononly_oracle_mask_top3,42,val,lecun,False,phase,F1,incision,0.7780979827089336,False
transfer__b2a_regiononly_oracle_mask_top3_001_b2a_regiononly_oracle_mask_top3_seed42,transfer,b2a_regiononly_oracle_mask_top3,42,val,lecun,False,phase,F1,irrigation,0.0,False
transfer__b2a_regiononly_oracle_mask_top3_002_b2a_regiononly_oracle_mask_top3_seed123,transfer,b2a_regiononly_oracle_mask_top3,123,val,lecun,False,phase,F1,anesthesia,0.9791666666666666,False
transfer__b2a_regiononly_oracle_mask_top3_002_b2a_regiononly_oracle_mask_top3_seed123,transfer,b2a_regiononly_oracle_mask_top3,123,val,lecun,False,phase,F1,closure,0.8941176470588235,False
transfer__b2a_regiononly_oracle_mask_top3_002_b2a_regiononly_oracle_mask_top3_seed123,transfer,b2a_regiononly_oracle_mask_top3,123,val,lecun,False,phase,F1,design,0.985645933014354,False
transfer__b2a_regiononly_oracle_mask_top3_002_b2a_regiononly_oracle_mask_top3_seed123,transfer,b2a_regiononly_oracle_mask_top3,123,val,lecun,False,phase,F1,disinfection,0.0,False
transfer__b2a_regiononly_oracle_mask_top3_002_b2a_regiononly_oracle_mask_top3_seed123,transfer,b2a_regiononly_oracle_mask_top3,123,val,lecun,False,phase,F1,dissection,0.9479882237487732,False
transfer__b2a_regiononly_oracle_mask_top3_002_b2a_regiononly_oracle_mask_top3_seed123,transfer,b2a_regiononly_oracle_mask_top3,123,val,lecun,False,phase,F1,dressing,0.0,False
transfer__b2a_regiononly_oracle_mask_top3_002_b2a_regiononly_oracle_mask_top3_seed123,transfer,b2a_regiononly_oracle_mask_top3,123,val,lecun,False,phase,F1,hemostasis,0.06896551724137931,False
transfer__b2a_regiononly_oracle_mask_top3_002_b2a_regiononly_oracle_mask_top3_seed123,transfer,b2a_regiononly_oracle_mask_top3,123,val,lecun,False,phase,F1,incision,0.8090614886731392,False
transfer__b2a_regiononly_oracle_mask_top3_002_b2a_regiononly_oracle_mask_top3_seed123,transfer,b2a_regiononly_oracle_mask_top3,123,val,lecun,False,phase,F1,irrigation,0.0,False
transfer__b2a_regiononly_oracle_mask_top3_003_b2a_regiononly_oracle_mask_top3_seed456,transfer,b2a_regiononly_oracle_mask_top3,456,val,lecun,False,phase,F1,anesthesia,0.9591836734693877,False
transfer__b2a_regiononly_oracle_mask_top3_003_b2a_regiononly_oracle_mask_top3_seed456,transfer,b2a_regiononly_oracle_mask_top3,456,val,lecun,False,phase,F1,closure,0.8926458157227387,False
transfer__b2a_regiononly_oracle_mask_top3_003_b2a_regiononly_oracle_mask_top3_seed456,transfer,b2a_regiononly_oracle_mask_top3,456,val,lecun,False,phase,F1,design,0.9809523809523809,False
transfer__b2a_regiononly_oracle_mask_top3_003_b2a_regiononly_oracle_mask_top3_seed456,transfer,b2a_regiononly_oracle_mask_top3,456,val,lecun,False,phase,F1,disinfection,0.0,False
transfer__b2a_regiononly_oracle_mask_top3_003_b2a_regiononly_oracle_mask_top3_seed456,transfer,b2a_regiononly_oracle_mask_top3,456,val,lecun,False,phase,F1,dissection,0.9399224806201552,False
transfer__b2a_regiononly_oracle_mask_top3_003_b2a_regiononly_oracle_mask_top3_seed456,transfer,b2a_regiononly_oracle_mask_top3,456,val,lecun,False,phase,F1,dressing,0.0,False
transfer__b2a_regiononly_oracle_mask_top3_003_b2a_regiononly_oracle_mask_top3_seed456,transfer,b2a_regiononly_oracle_mask_top3,456,val,lecun,False,phase,F1,hemostasis,0.046511627906976744,False
transfer__b2a_regiononly_oracle_mask_top3_003_b2a_regiononly_oracle_mask_top3_seed456,transfer,b2a_regiononly_oracle_mask_top3,456,val,lecun,False,phase,F1,incision,0.7892976588628761,False
transfer__b2a_regiononly_oracle_mask_top3_003_b2a_regiononly_oracle_mask_top3_seed456,transfer,b2a_regiononly_oracle_mask_top3,456,val,lecun,False,phase,F1,irrigation,0.0,False
transfer__b2a_regiononly_pred_001_b2a_regiononly_pred_seed42,transfer,b2a_regiononly_pred,42,val,lecun,False,phase,F1,anesthesia,1.0,False
transfer__b2a_regiononly_pred_001_b2a_regiononly_pred_seed42,transfer,b2a_regiononly_pred,42,val,lecun,False,phase,F1,closure,0.9527085124677559,False
transfer__b2a_regiononly_pred_001_b2a_regiononly_pred_seed42,transfer,b2a_regiononly_pred,42,val,lecun,False,phase,F1,design,0.9852216748768473,False
transfer__b2a_regiononly_pred_001_b2a_regiononly_pred_seed42,transfer,b2a_regiononly_pred,42,val,lecun,False,phase,F1,disinfection,0.0,False
transfer__b2a_regiononly_pred_001_b2a_regiononly_pred_seed42,transfer,b2a_regiononly_pred,42,val,lecun,False,phase,F1,dissection,0.9558390578999019,False
transfer__b2a_regiononly_pred_001_b2a_regiononly_pred_seed42,transfer,b2a_regiononly_pred,42,val,lecun,False,phase,F1,dressing,0.0,False
transfer__b2a_regiononly_pred_001_b2a_regiononly_pred_seed42,transfer,b2a_regiononly_pred,42,val,lecun,False,phase,F1,hemostasis,0.711111111111111,False
transfer__b2a_regiononly_pred_001_b2a_regiononly_pred_seed42,transfer,b2a_regiononly_pred,42,val,lecun,False,phase,F1,incision,0.9492537313432835,False
transfer__b2a_regiononly_pred_001_b2a_regiononly_pred_seed42,transfer,b2a_regiononly_pred,42,val,lecun,False,phase,F1,irrigation,0.0,False
transfer__b2a_regiononly_pred_002_b2a_regiononly_pred_seed123,transfer,b2a_regiononly_pred,123,val,lecun,False,phase,F1,anesthesia,1.0,False
transfer__b2a_regiononly_pred_002_b2a_regiononly_pred_seed123,transfer,b2a_regiononly_pred,123,val,lecun,False,phase,F1,closure,0.9581881533101044,False
transfer__b2a_regiononly_pred_002_b2a_regiononly_pred_seed123,transfer,b2a_regiononly_pred,123,val,lecun,False,phase,F1,design,0.9852216748768473,False
transfer__b2a_regiononly_pred_002_b2a_regiononly_pred_seed123,transfer,b2a_regiononly_pred,123,val,lecun,False,phase,F1,disinfection,0.0,False
transfer__b2a_regiononly_pred_002_b2a_regiononly_pred_seed123,transfer,b2a_regiononly_pred,123,val,lecun,False,phase,F1,dissection,0.9580487804878048,False
transfer__b2a_regiononly_pred_002_b2a_regiononly_pred_seed123,transfer,b2a_regiononly_pred,123,val,lecun,False,phase,F1,dressing,0.0,False
transfer__b2a_regiononly_pred_002_b2a_regiononly_pred_seed123,transfer,b2a_regiononly_pred,123,val,lecun,False,phase,F1,hemostasis,0.7755102040816327,False
transfer__b2a_regiononly_pred_002_b2a_regiononly_pred_seed123,transfer,b2a_regiononly_pred,123,val,lecun,False,phase,F1,incision,0.9464285714285714,False
transfer__b2a_regiononly_pred_002_b2a_regiononly_pred_seed123,transfer,b2a_regiononly_pred,123,val,lecun,False,phase,F1,irrigation,0.0,False
transfer__b2a_regiononly_pred_003_b2a_regiononly_pred_seed456,transfer,b2a_regiononly_pred,456,val,lecun,False,phase,F1,anesthesia,1.0,False
transfer__b2a_regiononly_pred_003_b2a_regiononly_pred_seed456,transfer,b2a_regiononly_pred,456,val,lecun,False,phase,F1,closure,0.9550949913644213,False
transfer__b2a_regiononly_pred_003_b2a_regiononly_pred_seed456,transfer,b2a_regiononly_pred,456,val,lecun,False,phase,F1,design,0.9852216748768473,False
transfer__b2a_regiononly_pred_003_b2a_regiononly_pred_seed456,transfer,b2a_regiononly_pred,456,val,lecun,False,phase,F1,disinfection,0.0,False
transfer__b2a_regiononly_pred_003_b2a_regiononly_pred_seed456,transfer,b2a_regiononly_pred,456,val,lecun,False,phase,F1,dissection,0.9540918163672655,False
transfer__b2a_regiononly_pred_003_b2a_regiononly_pred_seed456,transfer,b2a_regiononly_pred,456,val,lecun,False,phase,F1,dressing,0.0,False
transfer__b2a_regiononly_pred_003_b2a_regiononly_pred_seed456,transfer,b2a_regiononly_pred,456,val,lecun,False,phase,F1,hemostasis,0.8,False
transfer__b2a_regiononly_pred_003_b2a_regiononly_pred_seed456,transfer,b2a_regiononly_pred,456,val,lecun,False,phase,F1,incision,0.9457831325301205,False
transfer__b2a_regiononly_pred_003_b2a_regiononly_pred_seed456,transfer,b2a_regiononly_pred,456,val,lecun,False,phase,F1,irrigation,0.0,False
transfer__b2a_ro_oracle_bipolarnoise_p010_001_b2a_ro_oracle_bipolarnoise_p010_seed42,transfer,b2a_ro_oracle_bipolarnoise_p010,42,val,lecun,False,phase,F1,anesthesia,1.0,False
transfer__b2a_ro_oracle_bipolarnoise_p010_001_b2a_ro_oracle_bipolarnoise_p010_seed42,transfer,b2a_ro_oracle_bipolarnoise_p010,42,val,lecun,False,phase,F1,closure,0.9644405897658282,False
transfer__b2a_ro_oracle_bipolarnoise_p010_001_b2a_ro_oracle_bipolarnoise_p010_seed42,transfer,b2a_ro_oracle_bipolarnoise_p010,42,val,lecun,False,phase,F1,design,1.0,False
transfer__b2a_ro_oracle_bipolarnoise_p010_001_b2a_ro_oracle_bipolarnoise_p010_seed42,transfer,b2a_ro_oracle_bipolarnoise_p010,42,val,lecun,False,phase,F1,disinfection,0.0,False
transfer__b2a_ro_oracle_bipolarnoise_p010_001_b2a_ro_oracle_bipolarnoise_p010_seed42,transfer,b2a_ro_oracle_bipolarnoise_p010,42,val,lecun,False,phase,F1,dissection,0.9691542288557214,False
transfer__b2a_ro_oracle_bipolarnoise_p010_001_b2a_ro_oracle_bipolarnoise_p010_seed42,transfer,b2a_ro_oracle_bipolarnoise_p010,42,val,lecun,False,phase,F1,dressing,0.0,False
transfer__b2a_ro_oracle_bipolarnoise_p010_001_b2a_ro_oracle_bipolarnoise_p010_seed42,transfer,b2a_ro_oracle_bipolarnoise_p010,42,val,lecun,False,phase,F1,hemostasis,0.7850467289719626,False
transfer__b2a_ro_oracle_bipolarnoise_p010_001_b2a_ro_oracle_bipolarnoise_p010_seed42,transfer,b2a_ro_oracle_bipolarnoise_p010,42,val,lecun,False,phase,F1,incision,0.967551622418879,False
transfer__b2a_ro_oracle_bipolarnoise_p010_001_b2a_ro_oracle_bipolarnoise_p010_seed42,transfer,b2a_ro_oracle_bipolarnoise_p010,42,val,lecun,False,phase,F1,irrigation,0.0,False
transfer__b2a_ro_oracle_bipolarnoise_p010_002_b2a_ro_oracle_bipolarnoise_p010_seed123,transfer,b2a_ro_oracle_bipolarnoise_p010,123,val,lecun,False,phase,F1,anesthesia,1.0,False
transfer__b2a_ro_oracle_bipolarnoise_p010_002_b2a_ro_oracle_bipolarnoise_p010_seed123,transfer,b2a_ro_oracle_bipolarnoise_p010,123,val,lecun,False,phase,F1,closure,0.9643788010425718,False
transfer__b2a_ro_oracle_bipolarnoise_p010_002_b2a_ro_oracle_bipolarnoise_p010_seed123,transfer,b2a_ro_oracle_bipolarnoise_p010,123,val,lecun,False,phase,F1,design,1.0,False
transfer__b2a_ro_oracle_bipolarnoise_p010_002_b2a_ro_oracle_bipolarnoise_p010_seed123,transfer,b2a_ro_oracle_bipolarnoise_p010,123,val,lecun,False,phase,F1,disinfection,0.0,False
transfer__b2a_ro_oracle_bipolarnoise_p010_002_b2a_ro_oracle_bipolarnoise_p010_seed123,transfer,b2a_ro_oracle_bipolarnoise_p010,123,val,lecun,False,phase,F1,dissection,0.9729729729729729,False
transfer__b2a_ro_oracle_bipolarnoise_p010_002_b2a_ro_oracle_bipolarnoise_p010_seed123,transfer,b2a_ro_oracle_bipolarnoise_p010,123,val,lecun,False,phase,F1,dressing,0.0,False
transfer__b2a_ro_oracle_bipolarnoise_p010_002_b2a_ro_oracle_bipolarnoise_p010_seed123,transfer,b2a_ro_oracle_bipolarnoise_p010,123,val,lecun,False,phase,F1,hemostasis,0.8363636363636363,False
transfer__b2a_ro_oracle_bipolarnoise_p010_002_b2a_ro_oracle_bipolarnoise_p010_seed123,transfer,b2a_ro_oracle_bipolarnoise_p010,123,val,lecun,False,phase,F1,incision,0.9709302325581395,False
transfer__b2a_ro_oracle_bipolarnoise_p010_002_b2a_ro_oracle_bipolarnoise_p010_seed123,transfer,b2a_ro_oracle_bipolarnoise_p010,123,val,lecun,False,phase,F1,irrigation,0.0,False
transfer__b2a_ro_oracle_bipolarnoise_p010_003_b2a_ro_oracle_bipolarnoise_p010_seed456,transfer,b2a_ro_oracle_bipolarnoise_p010,456,val,lecun,False,phase,F1,anesthesia,0.9948717948717948,False
transfer__b2a_ro_oracle_bipolarnoise_p010_003_b2a_ro_oracle_bipolarnoise_p010_seed456,transfer,b2a_ro_oracle_bipolarnoise_p010,456,val,lecun,False,phase,F1,closure,0.9615384615384615,False
transfer__b2a_ro_oracle_bipolarnoise_p010_003_b2a_ro_oracle_bipolarnoise_p010_seed456,transfer,b2a_ro_oracle_bipolarnoise_p010,456,val,lecun,False,phase,F1,design,1.0,False
transfer__b2a_ro_oracle_bipolarnoise_p010_003_b2a_ro_oracle_bipolarnoise_p010_seed456,transfer,b2a_ro_oracle_bipolarnoise_p010,456,val,lecun,False,phase,F1,disinfection,0.0,False
transfer__b2a_ro_oracle_bipolarnoise_p010_003_b2a_ro_oracle_bipolarnoise_p010_seed456,transfer,b2a_ro_oracle_bipolarnoise_p010,456,val,lecun,False,phase,F1,dissection,0.967487684729064,False
transfer__b2a_ro_oracle_bipolarnoise_p010_003_b2a_ro_oracle_bipolarnoise_p010_seed456,transfer,b2a_ro_oracle_bipolarnoise_p010,456,val,lecun,False,phase,F1,dressing,0.0,False
transfer__b2a_ro_oracle_bipolarnoise_p010_003_b2a_ro_oracle_bipolarnoise_p010_seed456,transfer,b2a_ro_oracle_bipolarnoise_p010,456,val,lecun,False,phase,F1,hemostasis,0.8076923076923077,False
transfer__b2a_ro_oracle_bipolarnoise_p010_003_b2a_ro_oracle_bipolarnoise_p010_seed456,transfer,b2a_ro_oracle_bipolarnoise_p010,456,val,lecun,False,phase,F1,incision,0.9649122807017544,False
transfer__b2a_ro_oracle_bipolarnoise_p010_003_b2a_ro_oracle_bipolarnoise_p010_seed456,transfer,b2a_ro_oracle_bipolarnoise_p010,456,val,lecun,False,phase,F1,irrigation,0.0,False
transfer__b2a_ro_oracle_bipolarnoise_p020_001_b2a_ro_oracle_bipolarnoise_p020_seed42,transfer,b2a_ro_oracle_bipolarnoise_p020,42,val,lecun,False,phase,F1,anesthesia,1.0,False
transfer__b2a_ro_oracle_bipolarnoise_p020_001_b2a_ro_oracle_bipolarnoise_p020_seed42,transfer,b2a_ro_oracle_bipolarnoise_p020,42,val,lecun,False,phase,F1,closure,0.9641921397379913,False
transfer__b2a_ro_oracle_bipolarnoise_p020_001_b2a_ro_oracle_bipolarnoise_p020_seed42,transfer,b2a_ro_oracle_bipolarnoise_p020,42,val,lecun,False,phase,F1,design,1.0,False
transfer__b2a_ro_oracle_bipolarnoise_p020_001_b2a_ro_oracle_bipolarnoise_p020_seed42,transfer,b2a_ro_oracle_bipolarnoise_p020,42,val,lecun,False,phase,F1,disinfection,0.0,False
transfer__b2a_ro_oracle_bipolarnoise_p020_001_b2a_ro_oracle_bipolarnoise_p020_seed42,transfer,b2a_ro_oracle_bipolarnoise_p020,42,val,lecun,False,phase,F1,dissection,0.958904109589041,False
transfer__b2a_ro_oracle_bipolarnoise_p020_001_b2a_ro_oracle_bipolarnoise_p020_seed42,transfer,b2a_ro_oracle_bipolarnoise_p020,42,val,lecun,False,phase,F1,dressing,0.0,False
transfer__b2a_ro_oracle_bipolarnoise_p020_001_b2a_ro_oracle_bipolarnoise_p020_seed42,transfer,b2a_ro_oracle_bipolarnoise_p020,42,val,lecun,False,phase,F1,hemostasis,0.6734693877551021,False
transfer__b2a_ro_oracle_bipolarnoise_p020_001_b2a_ro_oracle_bipolarnoise_p020_seed42,transfer,b2a_ro_oracle_bipolarnoise_p020,42,val,lecun,False,phase,F1,incision,0.967551622418879,False
transfer__b2a_ro_oracle_bipolarnoise_p020_001_b2a_ro_oracle_bipolarnoise_p020_seed42,transfer,b2a_ro_oracle_bipolarnoise_p020,42,val,lecun,False,phase,F1,irrigation,0.0,False
transfer__b2a_ro_oracle_bipolarnoise_p020_002_b2a_ro_oracle_bipolarnoise_p020_seed123,transfer,b2a_ro_oracle_bipolarnoise_p020,123,val,lecun,False,phase,F1,anesthesia,1.0,False
transfer__b2a_ro_oracle_bipolarnoise_p020_002_b2a_ro_oracle_bipolarnoise_p020_seed123,transfer,b2a_ro_oracle_bipolarnoise_p020,123,val,lecun,False,phase,F1,closure,0.9634146341463415,False
transfer__b2a_ro_oracle_bipolarnoise_p020_002_b2a_ro_oracle_bipolarnoise_p020_seed123,transfer,b2a_ro_oracle_bipolarnoise_p020,123,val,lecun,False,phase,F1,design,1.0,False
transfer__b2a_ro_oracle_bipolarnoise_p020_002_b2a_ro_oracle_bipolarnoise_p020_seed123,transfer,b2a_ro_oracle_bipolarnoise_p020,123,val,lecun,False,phase,F1,disinfection,0.0,False
transfer__b2a_ro_oracle_bipolarnoise_p020_002_b2a_ro_oracle_bipolarnoise_p020_seed123,transfer,b2a_ro_oracle_bipolarnoise_p020,123,val,lecun,False,phase,F1,dissection,0.968063872255489,False
transfer__b2a_ro_oracle_bipolarnoise_p020_002_b2a_ro_oracle_bipolarnoise_p020_seed123,transfer,b2a_ro_oracle_bipolarnoise_p020,123,val,lecun,False,phase,F1,dressing,0.0,False
transfer__b2a_ro_oracle_bipolarnoise_p020_002_b2a_ro_oracle_bipolarnoise_p020_seed123,transfer,b2a_ro_oracle_bipolarnoise_p020,123,val,lecun,False,phase,F1,hemostasis,0.7818181818181817,False
transfer__b2a_ro_oracle_bipolarnoise_p020_002_b2a_ro_oracle_bipolarnoise_p020_seed123,transfer,b2a_ro_oracle_bipolarnoise_p020,123,val,lecun,False,phase,F1,incision,0.9651162790697674,False
transfer__b2a_ro_oracle_bipolarnoise_p020_002_b2a_ro_oracle_bipolarnoise_p020_seed123,transfer,b2a_ro_oracle_bipolarnoise_p020,123,val,lecun,False,phase,F1,irrigation,0.0,False
transfer__b2a_ro_oracle_bipolarnoise_p020_003_b2a_ro_oracle_bipolarnoise_p020_seed456,transfer,b2a_ro_oracle_bipolarnoise_p020,456,val,lecun,False,phase,F1,anesthesia,1.0,False
transfer__b2a_ro_oracle_bipolarnoise_p020_003_b2a_ro_oracle_bipolarnoise_p020_seed456,transfer,b2a_ro_oracle_bipolarnoise_p020,456,val,lecun,False,phase,F1,closure,0.9593073593073594,False
transfer__b2a_ro_oracle_bipolarnoise_p020_003_b2a_ro_oracle_bipolarnoise_p020_seed456,transfer,b2a_ro_oracle_bipolarnoise_p020,456,val,lecun,False,phase,F1,design,1.0,False
transfer__b2a_ro_oracle_bipolarnoise_p020_003_b2a_ro_oracle_bipolarnoise_p020_seed456,transfer,b2a_ro_oracle_bipolarnoise_p020,456,val,lecun,False,phase,F1,disinfection,0.0,False
transfer__b2a_ro_oracle_bipolarnoise_p020_003_b2a_ro_oracle_bipolarnoise_p020_seed456,transfer,b2a_ro_oracle_bipolarnoise_p020,456,val,lecun,False,phase,F1,dissection,0.9644970414201183,False
transfer__b2a_ro_oracle_bipolarnoise_p020_003_b2a_ro_oracle_bipolarnoise_p020_seed456,transfer,b2a_ro_oracle_bipolarnoise_p020,456,val,lecun,False,phase,F1,dressing,0.0,False
transfer__b2a_ro_oracle_bipolarnoise_p020_003_b2a_ro_oracle_bipolarnoise_p020_seed456,transfer,b2a_ro_oracle_bipolarnoise_p020,456,val,lecun,False,phase,F1,hemostasis,0.6947368421052632,False
transfer__b2a_ro_oracle_bipolarnoise_p020_003_b2a_ro_oracle_bipolarnoise_p020_seed456,transfer,b2a_ro_oracle_bipolarnoise_p020,456,val,lecun,False,phase,F1,incision,0.9588235294117647,False
transfer__b2a_ro_oracle_bipolarnoise_p020_003_b2a_ro_oracle_bipolarnoise_p020_seed456,transfer,b2a_ro_oracle_bipolarnoise_p020,456,val,lecun,False,phase,F1,irrigation,0.0,False
transfer__b2a_ro_oracle_bipolarnoise_p030_001_b2a_ro_oracle_bipolarnoise_p030_seed42,transfer,b2a_ro_oracle_bipolarnoise_p030,42,val,lecun,False,phase,F1,anesthesia,0.9948717948717948,False
transfer__b2a_ro_oracle_bipolarnoise_p030_001_b2a_ro_oracle_bipolarnoise_p030_seed42,transfer,b2a_ro_oracle_bipolarnoise_p030,42,val,lecun,False,phase,F1,closure,0.9658792650918634,False
transfer__b2a_ro_oracle_bipolarnoise_p030_001_b2a_ro_oracle_bipolarnoise_p030_seed42,transfer,b2a_ro_oracle_bipolarnoise_p030,42,val,lecun,False,phase,F1,design,0.9951690821256038,False
transfer__b2a_ro_oracle_bipolarnoise_p030_001_b2a_ro_oracle_bipolarnoise_p030_seed42,transfer,b2a_ro_oracle_bipolarnoise_p030,42,val,lecun,False,phase,F1,disinfection,0.0,False
transfer__b2a_ro_oracle_bipolarnoise_p030_001_b2a_ro_oracle_bipolarnoise_p030_seed42,transfer,b2a_ro_oracle_bipolarnoise_p030,42,val,lecun,False,phase,F1,dissection,0.9523809523809524,False
transfer__b2a_ro_oracle_bipolarnoise_p030_001_b2a_ro_oracle_bipolarnoise_p030_seed42,transfer,b2a_ro_oracle_bipolarnoise_p030,42,val,lecun,False,phase,F1,dressing,0.0,False
transfer__b2a_ro_oracle_bipolarnoise_p030_001_b2a_ro_oracle_bipolarnoise_p030_seed42,transfer,b2a_ro_oracle_bipolarnoise_p030,42,val,lecun,False,phase,F1,hemostasis,0.5869565217391304,False
transfer__b2a_ro_oracle_bipolarnoise_p030_001_b2a_ro_oracle_bipolarnoise_p030_seed42,transfer,b2a_ro_oracle_bipolarnoise_p030,42,val,lecun,False,phase,F1,incision,0.9705882352941176,False
transfer__b2a_ro_oracle_bipolarnoise_p030_001_b2a_ro_oracle_bipolarnoise_p030_seed42,transfer,b2a_ro_oracle_bipolarnoise_p030,42,val,lecun,False,phase,F1,irrigation,0.0,False
transfer__b2a_ro_oracle_bipolarnoise_p030_002_b2a_ro_oracle_bipolarnoise_p030_seed123,transfer,b2a_ro_oracle_bipolarnoise_p030,123,val,lecun,False,phase,F1,anesthesia,1.0,False
transfer__b2a_ro_oracle_bipolarnoise_p030_002_b2a_ro_oracle_bipolarnoise_p030_seed123,transfer,b2a_ro_oracle_bipolarnoise_p030,123,val,lecun,False,phase,F1,closure,0.958477508650519,False
transfer__b2a_ro_oracle_bipolarnoise_p030_002_b2a_ro_oracle_bipolarnoise_p030_seed123,transfer,b2a_ro_oracle_bipolarnoise_p030,123,val,lecun,False,phase,F1,design,1.0,False
transfer__b2a_ro_oracle_bipolarnoise_p030_002_b2a_ro_oracle_bipolarnoise_p030_seed123,transfer,b2a_ro_oracle_bipolarnoise_p030,123,val,lecun,False,phase,F1,disinfection,0.0,False
transfer__b2a_ro_oracle_bipolarnoise_p030_002_b2a_ro_oracle_bipolarnoise_p030_seed123,transfer,b2a_ro_oracle_bipolarnoise_p030,123,val,lecun,False,phase,F1,dissection,0.9653121902874133,False
transfer__b2a_ro_oracle_bipolarnoise_p030_002_b2a_ro_oracle_bipolarnoise_p030_seed123,transfer,b2a_ro_oracle_bipolarnoise_p030,123,val,lecun,False,phase,F1,dressing,0.0,False
transfer__b2a_ro_oracle_bipolarnoise_p030_002_b2a_ro_oracle_bipolarnoise_p030_seed123,transfer,b2a_ro_oracle_bipolarnoise_p030,123,val,lecun,False,phase,F1,hemostasis,0.5909090909090909,False
transfer__b2a_ro_oracle_bipolarnoise_p030_002_b2a_ro_oracle_bipolarnoise_p030_seed123,transfer,b2a_ro_oracle_bipolarnoise_p030,123,val,lecun,False,phase,F1,incision,0.9572649572649573,False
transfer__b2a_ro_oracle_bipolarnoise_p030_002_b2a_ro_oracle_bipolarnoise_p030_seed123,transfer,b2a_ro_oracle_bipolarnoise_p030,123,val,lecun,False,phase,F1,irrigation,0.0,False
transfer__b2a_ro_oracle_bipolarnoise_p030_003_b2a_ro_oracle_bipolarnoise_p030_seed456,transfer,b2a_ro_oracle_bipolarnoise_p030,456,val,lecun,False,phase,F1,anesthesia,0.9948717948717948,False
transfer__b2a_ro_oracle_bipolarnoise_p030_003_b2a_ro_oracle_bipolarnoise_p030_seed456,transfer,b2a_ro_oracle_bipolarnoise_p030,456,val,lecun,False,phase,F1,closure,0.9625761531766753,False
transfer__b2a_ro_oracle_bipolarnoise_p030_003_b2a_ro_oracle_bipolarnoise_p030_seed456,transfer,b2a_ro_oracle_bipolarnoise_p030,456,val,lecun,False,phase,F1,design,1.0,False
transfer__b2a_ro_oracle_bipolarnoise_p030_003_b2a_ro_oracle_bipolarnoise_p030_seed456,transfer,b2a_ro_oracle_bipolarnoise_p030,456,val,lecun,False,phase,F1,disinfection,0.0,False
transfer__b2a_ro_oracle_bipolarnoise_p030_003_b2a_ro_oracle_bipolarnoise_p030_seed456,transfer,b2a_ro_oracle_bipolarnoise_p030,456,val,lecun,False,phase,F1,dissection,0.9545893719806763,False
transfer__b2a_ro_oracle_bipolarnoise_p030_003_b2a_ro_oracle_bipolarnoise_p030_seed456,transfer,b2a_ro_oracle_bipolarnoise_p030,456,val,lecun,False,phase,F1,dressing,0.0,False
transfer__b2a_ro_oracle_bipolarnoise_p030_003_b2a_ro_oracle_bipolarnoise_p030_seed456,transfer,b2a_ro_oracle_bipolarnoise_p030,456,val,lecun,False,phase,F1,hemostasis,0.5499999999999999,False
transfer__b2a_ro_oracle_bipolarnoise_p030_003_b2a_ro_oracle_bipolarnoise_p030_seed456,transfer,b2a_ro_oracle_bipolarnoise_p030,456,val,lecun,False,phase,F1,incision,0.9618768328445748,False
transfer__b2a_ro_oracle_bipolarnoise_p030_003_b2a_ro_oracle_bipolarnoise_p030_seed456,transfer,b2a_ro_oracle_bipolarnoise_p030,456,val,lecun,False,phase,F1,irrigation,0.0,False
transfer__b2a_ro_oracle_bsnoise_p010_001_b2a_ro_oracle_bsnoise_p010_seed42,transfer,b2a_ro_oracle_bsnoise_p010,42,val,lecun,False,phase,F1,anesthesia,0.9948717948717948,False
transfer__b2a_ro_oracle_bsnoise_p010_001_b2a_ro_oracle_bsnoise_p010_seed42,transfer,b2a_ro_oracle_bsnoise_p010,42,val,lecun,False,phase,F1,closure,0.9660574412532636,False
transfer__b2a_ro_oracle_bsnoise_p010_001_b2a_ro_oracle_bsnoise_p010_seed42,transfer,b2a_ro_oracle_bsnoise_p010,42,val,lecun,False,phase,F1,design,1.0,False
transfer__b2a_ro_oracle_bsnoise_p010_001_b2a_ro_oracle_bsnoise_p010_seed42,transfer,b2a_ro_oracle_bsnoise_p010,42,val,lecun,False,phase,F1,disinfection,0.0,False
transfer__b2a_ro_oracle_bsnoise_p010_001_b2a_ro_oracle_bsnoise_p010_seed42,transfer,b2a_ro_oracle_bsnoise_p010,42,val,lecun,False,phase,F1,dissection,0.9712586719524281,False
transfer__b2a_ro_oracle_bsnoise_p010_001_b2a_ro_oracle_bsnoise_p010_seed42,transfer,b2a_ro_oracle_bsnoise_p010,42,val,lecun,False,phase,F1,dressing,0.0,False
transfer__b2a_ro_oracle_bsnoise_p010_001_b2a_ro_oracle_bsnoise_p010_seed42,transfer,b2a_ro_oracle_bsnoise_p010,42,val,lecun,False,phase,F1,hemostasis,0.7809523809523811,False
transfer__b2a_ro_oracle_bsnoise_p010_001_b2a_ro_oracle_bsnoise_p010_seed42,transfer,b2a_ro_oracle_bsnoise_p010,42,val,lecun,False,phase,F1,incision,0.9473684210526314,False
transfer__b2a_ro_oracle_bsnoise_p010_001_b2a_ro_oracle_bsnoise_p010_seed42,transfer,b2a_ro_oracle_bsnoise_p010,42,val,lecun,False,phase,F1,irrigation,0.0,False
transfer__b2a_ro_oracle_bsnoise_p010_002_b2a_ro_oracle_bsnoise_p010_seed123,transfer,b2a_ro_oracle_bsnoise_p010,123,val,lecun,False,phase,F1,anesthesia,0.9948717948717948,False
transfer__b2a_ro_oracle_bsnoise_p010_002_b2a_ro_oracle_bsnoise_p010_seed123,transfer,b2a_ro_oracle_bsnoise_p010,123,val,lecun,False,phase,F1,closure,0.9623137598597721,False
transfer__b2a_ro_oracle_bsnoise_p010_002_b2a_ro_oracle_bsnoise_p010_seed123,transfer,b2a_ro_oracle_bsnoise_p010,123,val,lecun,False,phase,F1,design,1.0,False
transfer__b2a_ro_oracle_bsnoise_p010_002_b2a_ro_oracle_bsnoise_p010_seed123,transfer,b2a_ro_oracle_bsnoise_p010,123,val,lecun,False,phase,F1,disinfection,0.0,False
transfer__b2a_ro_oracle_bsnoise_p010_002_b2a_ro_oracle_bsnoise_p010_seed123,transfer,b2a_ro_oracle_bsnoise_p010,123,val,lecun,False,phase,F1,dissection,0.9637610186092067,False
transfer__b2a_ro_oracle_bsnoise_p010_002_b2a_ro_oracle_bsnoise_p010_seed123,transfer,b2a_ro_oracle_bsnoise_p010,123,val,lecun,False,phase,F1,dressing,0.0,False
transfer__b2a_ro_oracle_bsnoise_p010_002_b2a_ro_oracle_bsnoise_p010_seed123,transfer,b2a_ro_oracle_bsnoise_p010,123,val,lecun,False,phase,F1,hemostasis,0.7450980392156862,False
transfer__b2a_ro_oracle_bsnoise_p010_002_b2a_ro_oracle_bsnoise_p010_seed123,transfer,b2a_ro_oracle_bsnoise_p010,123,val,lecun,False,phase,F1,incision,0.9560117302052785,False
transfer__b2a_ro_oracle_bsnoise_p010_002_b2a_ro_oracle_bsnoise_p010_seed123,transfer,b2a_ro_oracle_bsnoise_p010,123,val,lecun,False,phase,F1,irrigation,0.0,False
transfer__b2a_ro_oracle_bsnoise_p010_003_b2a_ro_oracle_bsnoise_p010_seed456,transfer,b2a_ro_oracle_bsnoise_p010,456,val,lecun,False,phase,F1,anesthesia,0.9948717948717948,False
transfer__b2a_ro_oracle_bsnoise_p010_003_b2a_ro_oracle_bsnoise_p010_seed456,transfer,b2a_ro_oracle_bsnoise_p010,456,val,lecun,False,phase,F1,closure,0.9591659426585577,False
transfer__b2a_ro_oracle_bsnoise_p010_003_b2a_ro_oracle_bsnoise_p010_seed456,transfer,b2a_ro_oracle_bsnoise_p010,456,val,lecun,False,phase,F1,design,1.0,False
transfer__b2a_ro_oracle_bsnoise_p010_003_b2a_ro_oracle_bsnoise_p010_seed456,transfer,b2a_ro_oracle_bsnoise_p010,456,val,lecun,False,phase,F1,disinfection,0.0,False
transfer__b2a_ro_oracle_bsnoise_p010_003_b2a_ro_oracle_bsnoise_p010_seed456,transfer,b2a_ro_oracle_bsnoise_p010,456,val,lecun,False,phase,F1,dissection,0.9644970414201183,False
transfer__b2a_ro_oracle_bsnoise_p010_003_b2a_ro_oracle_bsnoise_p010_seed456,transfer,b2a_ro_oracle_bsnoise_p010,456,val,lecun,False,phase,F1,dressing,0.0,False
transfer__b2a_ro_oracle_bsnoise_p010_003_b2a_ro_oracle_bsnoise_p010_seed456,transfer,b2a_ro_oracle_bsnoise_p010,456,val,lecun,False,phase,F1,hemostasis,0.742857142857143,False
transfer__b2a_ro_oracle_bsnoise_p010_003_b2a_ro_oracle_bsnoise_p010_seed456,transfer,b2a_ro_oracle_bsnoise_p010,456,val,lecun,False,phase,F1,incision,0.9492537313432835,False
transfer__b2a_ro_oracle_bsnoise_p010_003_b2a_ro_oracle_bsnoise_p010_seed456,transfer,b2a_ro_oracle_bsnoise_p010,456,val,lecun,False,phase,F1,irrigation,0.0,False
transfer__b2a_ro_oracle_bsnoise_p020_001_b2a_ro_oracle_bsnoise_p020_seed42,transfer,b2a_ro_oracle_bsnoise_p020,42,val,lecun,False,phase,F1,anesthesia,0.9791666666666666,False
transfer__b2a_ro_oracle_bsnoise_p020_001_b2a_ro_oracle_bsnoise_p020_seed42,transfer,b2a_ro_oracle_bsnoise_p020,42,val,lecun,False,phase,F1,closure,0.9667832167832168,False
transfer__b2a_ro_oracle_bsnoise_p020_001_b2a_ro_oracle_bsnoise_p020_seed42,transfer,b2a_ro_oracle_bsnoise_p020,42,val,lecun,False,phase,F1,design,1.0,False
transfer__b2a_ro_oracle_bsnoise_p020_001_b2a_ro_oracle_bsnoise_p020_seed42,transfer,b2a_ro_oracle_bsnoise_p020,42,val,lecun,False,phase,F1,disinfection,0.0,False
transfer__b2a_ro_oracle_bsnoise_p020_001_b2a_ro_oracle_bsnoise_p020_seed42,transfer,b2a_ro_oracle_bsnoise_p020,42,val,lecun,False,phase,F1,dissection,0.9624505928853755,False
transfer__b2a_ro_oracle_bsnoise_p020_001_b2a_ro_oracle_bsnoise_p020_seed42,transfer,b2a_ro_oracle_bsnoise_p020,42,val,lecun,False,phase,F1,dressing,0.0,False
transfer__b2a_ro_oracle_bsnoise_p020_001_b2a_ro_oracle_bsnoise_p020_seed42,transfer,b2a_ro_oracle_bsnoise_p020,42,val,lecun,False,phase,F1,hemostasis,0.611764705882353,False
transfer__b2a_ro_oracle_bsnoise_p020_001_b2a_ro_oracle_bsnoise_p020_seed42,transfer,b2a_ro_oracle_bsnoise_p020,42,val,lecun,False,phase,F1,incision,0.8719346049046321,False
transfer__b2a_ro_oracle_bsnoise_p020_001_b2a_ro_oracle_bsnoise_p020_seed42,transfer,b2a_ro_oracle_bsnoise_p020,42,val,lecun,False,phase,F1,irrigation,0.0,False
transfer__b2a_ro_oracle_bsnoise_p020_002_b2a_ro_oracle_bsnoise_p020_seed123,transfer,b2a_ro_oracle_bsnoise_p020,123,val,lecun,False,phase,F1,anesthesia,0.9948717948717948,False
transfer__b2a_ro_oracle_bsnoise_p020_002_b2a_ro_oracle_bsnoise_p020_seed123,transfer,b2a_ro_oracle_bsnoise_p020,123,val,lecun,False,phase,F1,closure,0.9632224168126093,False
transfer__b2a_ro_oracle_bsnoise_p020_002_b2a_ro_oracle_bsnoise_p020_seed123,transfer,b2a_ro_oracle_bsnoise_p020,123,val,lecun,False,phase,F1,design,1.0,False
transfer__b2a_ro_oracle_bsnoise_p020_002_b2a_ro_oracle_bsnoise_p020_seed123,transfer,b2a_ro_oracle_bsnoise_p020,123,val,lecun,False,phase,F1,disinfection,0.0,False
transfer__b2a_ro_oracle_bsnoise_p020_002_b2a_ro_oracle_bsnoise_p020_seed123,transfer,b2a_ro_oracle_bsnoise_p020,123,val,lecun,False,phase,F1,dissection,0.9541463414634147,False
transfer__b2a_ro_oracle_bsnoise_p020_002_b2a_ro_oracle_bsnoise_p020_seed123,transfer,b2a_ro_oracle_bsnoise_p020,123,val,lecun,False,phase,F1,dressing,0.0,False
transfer__b2a_ro_oracle_bsnoise_p020_002_b2a_ro_oracle_bsnoise_p020_seed123,transfer,b2a_ro_oracle_bsnoise_p020,123,val,lecun,False,phase,F1,hemostasis,0.653061224489796,False
transfer__b2a_ro_oracle_bsnoise_p020_002_b2a_ro_oracle_bsnoise_p020_seed123,transfer,b2a_ro_oracle_bsnoise_p020,123,val,lecun,False,phase,F1,incision,0.9235294117647059,False
transfer__b2a_ro_oracle_bsnoise_p020_002_b2a_ro_oracle_bsnoise_p020_seed123,transfer,b2a_ro_oracle_bsnoise_p020,123,val,lecun,False,phase,F1,irrigation,0.0,False
transfer__b2a_ro_oracle_bsnoise_p020_003_b2a_ro_oracle_bsnoise_p020_seed456,transfer,b2a_ro_oracle_bsnoise_p020,456,val,lecun,False,phase,F1,anesthesia,0.9896907216494846,False
transfer__b2a_ro_oracle_bsnoise_p020_003_b2a_ro_oracle_bsnoise_p020_seed456,transfer,b2a_ro_oracle_bsnoise_p020,456,val,lecun,False,phase,F1,closure,0.9624454148471615,False
transfer__b2a_ro_oracle_bsnoise_p020_003_b2a_ro_oracle_bsnoise_p020_seed456,transfer,b2a_ro_oracle_bsnoise_p020,456,val,lecun,False,phase,F1,design,0.9951690821256038,False
transfer__b2a_ro_oracle_bsnoise_p020_003_b2a_ro_oracle_bsnoise_p020_seed456,transfer,b2a_ro_oracle_bsnoise_p020,456,val,lecun,False,phase,F1,disinfection,0.0,False
transfer__b2a_ro_oracle_bsnoise_p020_003_b2a_ro_oracle_bsnoise_p020_seed456,transfer,b2a_ro_oracle_bsnoise_p020,456,val,lecun,False,phase,F1,dissection,0.9627450980392157,False
transfer__b2a_ro_oracle_bsnoise_p020_003_b2a_ro_oracle_bsnoise_p020_seed456,transfer,b2a_ro_oracle_bsnoise_p020,456,val,lecun,False,phase,F1,dressing,0.0,False
transfer__b2a_ro_oracle_bsnoise_p020_003_b2a_ro_oracle_bsnoise_p020_seed456,transfer,b2a_ro_oracle_bsnoise_p020,456,val,lecun,False,phase,F1,hemostasis,0.5161290322580646,False
transfer__b2a_ro_oracle_bsnoise_p020_003_b2a_ro_oracle_bsnoise_p020_seed456,transfer,b2a_ro_oracle_bsnoise_p020,456,val,lecun,False,phase,F1,incision,0.8933717579250722,False
transfer__b2a_ro_oracle_bsnoise_p020_003_b2a_ro_oracle_bsnoise_p020_seed456,transfer,b2a_ro_oracle_bsnoise_p020,456,val,lecun,False,phase,F1,irrigation,0.0,False
transfer__b2a_ro_oracle_bsnoise_p030_001_b2a_ro_oracle_bsnoise_p030_seed42,transfer,b2a_ro_oracle_bsnoise_p030,42,val,lecun,False,phase,F1,anesthesia,0.9633507853403142,False
transfer__b2a_ro_oracle_bsnoise_p030_001_b2a_ro_oracle_bsnoise_p030_seed42,transfer,b2a_ro_oracle_bsnoise_p030,42,val,lecun,False,phase,F1,closure,0.9443969204448246,False
transfer__b2a_ro_oracle_bsnoise_p030_001_b2a_ro_oracle_bsnoise_p030_seed42,transfer,b2a_ro_oracle_bsnoise_p030,42,val,lecun,False,phase,F1,design,0.9951219512195122,False
transfer__b2a_ro_oracle_bsnoise_p030_001_b2a_ro_oracle_bsnoise_p030_seed42,transfer,b2a_ro_oracle_bsnoise_p030,42,val,lecun,False,phase,F1,disinfection,0.0,False
transfer__b2a_ro_oracle_bsnoise_p030_001_b2a_ro_oracle_bsnoise_p030_seed42,transfer,b2a_ro_oracle_bsnoise_p030,42,val,lecun,False,phase,F1,dissection,0.951171875,False
transfer__b2a_ro_oracle_bsnoise_p030_001_b2a_ro_oracle_bsnoise_p030_seed42,transfer,b2a_ro_oracle_bsnoise_p030,42,val,lecun,False,phase,F1,dressing,0.0,False
transfer__b2a_ro_oracle_bsnoise_p030_001_b2a_ro_oracle_bsnoise_p030_seed42,transfer,b2a_ro_oracle_bsnoise_p030,42,val,lecun,False,phase,F1,hemostasis,0.24324324324324326,False
transfer__b2a_ro_oracle_bsnoise_p030_001_b2a_ro_oracle_bsnoise_p030_seed42,transfer,b2a_ro_oracle_bsnoise_p030,42,val,lecun,False,phase,F1,incision,0.9037900874635569,False
transfer__b2a_ro_oracle_bsnoise_p030_001_b2a_ro_oracle_bsnoise_p030_seed42,transfer,b2a_ro_oracle_bsnoise_p030,42,val,lecun,False,phase,F1,irrigation,0.0,False
transfer__b2a_ro_oracle_bsnoise_p030_002_b2a_ro_oracle_bsnoise_p030_seed123,transfer,b2a_ro_oracle_bsnoise_p030,123,val,lecun,False,phase,F1,anesthesia,0.9696969696969697,False
transfer__b2a_ro_oracle_bsnoise_p030_002_b2a_ro_oracle_bsnoise_p030_seed123,transfer,b2a_ro_oracle_bsnoise_p030,123,val,lecun,False,phase,F1,closure,0.9532062391681109,False
transfer__b2a_ro_oracle_bsnoise_p030_002_b2a_ro_oracle_bsnoise_p030_seed123,transfer,b2a_ro_oracle_bsnoise_p030,123,val,lecun,False,phase,F1,design,0.9903846153846153,False
transfer__b2a_ro_oracle_bsnoise_p030_002_b2a_ro_oracle_bsnoise_p030_seed123,transfer,b2a_ro_oracle_bsnoise_p030,123,val,lecun,False,phase,F1,disinfection,0.0,False
transfer__b2a_ro_oracle_bsnoise_p030_002_b2a_ro_oracle_bsnoise_p030_seed123,transfer,b2a_ro_oracle_bsnoise_p030,123,val,lecun,False,phase,F1,dissection,0.9351145038167938,False
transfer__b2a_ro_oracle_bsnoise_p030_002_b2a_ro_oracle_bsnoise_p030_seed123,transfer,b2a_ro_oracle_bsnoise_p030,123,val,lecun,False,phase,F1,dressing,0.0,False
transfer__b2a_ro_oracle_bsnoise_p030_002_b2a_ro_oracle_bsnoise_p030_seed123,transfer,b2a_ro_oracle_bsnoise_p030,123,val,lecun,False,phase,F1,hemostasis,0.0,False
transfer__b2a_ro_oracle_bsnoise_p030_002_b2a_ro_oracle_bsnoise_p030_seed123,transfer,b2a_ro_oracle_bsnoise_p030,123,val,lecun,False,phase,F1,incision,0.8790560471976402,False
transfer__b2a_ro_oracle_bsnoise_p030_002_b2a_ro_oracle_bsnoise_p030_seed123,transfer,b2a_ro_oracle_bsnoise_p030,123,val,lecun,False,phase,F1,irrigation,0.0,False
transfer__b2a_ro_oracle_bsnoise_p030_003_b2a_ro_oracle_bsnoise_p030_seed456,transfer,b2a_ro_oracle_bsnoise_p030,456,val,lecun,False,phase,F1,anesthesia,0.9948717948717948,False
transfer__b2a_ro_oracle_bsnoise_p030_003_b2a_ro_oracle_bsnoise_p030_seed456,transfer,b2a_ro_oracle_bsnoise_p030,456,val,lecun,False,phase,F1,closure,0.9658792650918634,False
transfer__b2a_ro_oracle_bsnoise_p030_003_b2a_ro_oracle_bsnoise_p030_seed456,transfer,b2a_ro_oracle_bsnoise_p030,456,val,lecun,False,phase,F1,design,1.0,False
transfer__b2a_ro_oracle_bsnoise_p030_003_b2a_ro_oracle_bsnoise_p030_seed456,transfer,b2a_ro_oracle_bsnoise_p030,456,val,lecun,False,phase,F1,disinfection,0.0,False
transfer__b2a_ro_oracle_bsnoise_p030_003_b2a_ro_oracle_bsnoise_p030_seed456,transfer,b2a_ro_oracle_bsnoise_p030,456,val,lecun,False,phase,F1,dissection,0.9469623915139825,False
transfer__b2a_ro_oracle_bsnoise_p030_003_b2a_ro_oracle_bsnoise_p030_seed456,transfer,b2a_ro_oracle_bsnoise_p030,456,val,lecun,False,phase,F1,dressing,0.0,False
transfer__b2a_ro_oracle_bsnoise_p030_003_b2a_ro_oracle_bsnoise_p030_seed456,transfer,b2a_ro_oracle_bsnoise_p030,456,val,lecun,False,phase,F1,hemostasis,0.05063291139240506,False
transfer__b2a_ro_oracle_bsnoise_p030_003_b2a_ro_oracle_bsnoise_p030_seed456,transfer,b2a_ro_oracle_bsnoise_p030,456,val,lecun,False,phase,F1,incision,0.7630057803468209,False
transfer__b2a_ro_oracle_bsnoise_p030_003_b2a_ro_oracle_bsnoise_p030_seed456,transfer,b2a_ro_oracle_bsnoise_p030,456,val,lecun,False,phase,F1,irrigation,0.0,False
transfer__b2a_ro_oracle_nhnoise_p010_001_b2a_ro_oracle_nhnoise_p010_seed42,transfer,b2a_ro_oracle_nhnoise_p010,42,val,lecun,False,phase,F1,anesthesia,0.9948717948717948,False
transfer__b2a_ro_oracle_nhnoise_p010_001_b2a_ro_oracle_nhnoise_p010_seed42,transfer,b2a_ro_oracle_nhnoise_p010,42,val,lecun,False,phase,F1,closure,0.9667832167832168,False
transfer__b2a_ro_oracle_nhnoise_p010_001_b2a_ro_oracle_nhnoise_p010_seed42,transfer,b2a_ro_oracle_nhnoise_p010,42,val,lecun,False,phase,F1,design,1.0,False
transfer__b2a_ro_oracle_nhnoise_p010_001_b2a_ro_oracle_nhnoise_p010_seed42,transfer,b2a_ro_oracle_nhnoise_p010,42,val,lecun,False,phase,F1,disinfection,0.0,False
transfer__b2a_ro_oracle_nhnoise_p010_001_b2a_ro_oracle_nhnoise_p010_seed42,transfer,b2a_ro_oracle_nhnoise_p010,42,val,lecun,False,phase,F1,dissection,0.9831181727904668,False
transfer__b2a_ro_oracle_nhnoise_p010_001_b2a_ro_oracle_nhnoise_p010_seed42,transfer,b2a_ro_oracle_nhnoise_p010,42,val,lecun,False,phase,F1,dressing,0.0,False
transfer__b2a_ro_oracle_nhnoise_p010_001_b2a_ro_oracle_nhnoise_p010_seed42,transfer,b2a_ro_oracle_nhnoise_p010,42,val,lecun,False,phase,F1,hemostasis,0.9298245614035088,False
transfer__b2a_ro_oracle_nhnoise_p010_001_b2a_ro_oracle_nhnoise_p010_seed42,transfer,b2a_ro_oracle_nhnoise_p010,42,val,lecun,False,phase,F1,incision,0.9823529411764705,False
transfer__b2a_ro_oracle_nhnoise_p010_001_b2a_ro_oracle_nhnoise_p010_seed42,transfer,b2a_ro_oracle_nhnoise_p010,42,val,lecun,False,phase,F1,irrigation,0.0,False
transfer__b2a_ro_oracle_nhnoise_p010_002_b2a_ro_oracle_nhnoise_p010_seed123,transfer,b2a_ro_oracle_nhnoise_p010,123,val,lecun,False,phase,F1,anesthesia,1.0,False
transfer__b2a_ro_oracle_nhnoise_p010_002_b2a_ro_oracle_nhnoise_p010_seed123,transfer,b2a_ro_oracle_nhnoise_p010,123,val,lecun,False,phase,F1,closure,0.965938864628821,False
transfer__b2a_ro_oracle_nhnoise_p010_002_b2a_ro_oracle_nhnoise_p010_seed123,transfer,b2a_ro_oracle_nhnoise_p010,123,val,lecun,False,phase,F1,design,1.0,False
transfer__b2a_ro_oracle_nhnoise_p010_002_b2a_ro_oracle_nhnoise_p010_seed123,transfer,b2a_ro_oracle_nhnoise_p010,123,val,lecun,False,phase,F1,disinfection,0.0,False
transfer__b2a_ro_oracle_nhnoise_p010_002_b2a_ro_oracle_nhnoise_p010_seed123,transfer,b2a_ro_oracle_nhnoise_p010,123,val,lecun,False,phase,F1,dissection,0.9830845771144279,False
transfer__b2a_ro_oracle_nhnoise_p010_002_b2a_ro_oracle_nhnoise_p010_seed123,transfer,b2a_ro_oracle_nhnoise_p010,123,val,lecun,False,phase,F1,dressing,0.0,False
transfer__b2a_ro_oracle_nhnoise_p010_002_b2a_ro_oracle_nhnoise_p010_seed123,transfer,b2a_ro_oracle_nhnoise_p010,123,val,lecun,False,phase,F1,hemostasis,0.9401709401709402,False
transfer__b2a_ro_oracle_nhnoise_p010_002_b2a_ro_oracle_nhnoise_p010_seed123,transfer,b2a_ro_oracle_nhnoise_p010,123,val,lecun,False,phase,F1,incision,0.9851632047477744,False
transfer__b2a_ro_oracle_nhnoise_p010_002_b2a_ro_oracle_nhnoise_p010_seed123,transfer,b2a_ro_oracle_nhnoise_p010,123,val,lecun,False,phase,F1,irrigation,0.0,False
transfer__b2a_ro_oracle_nhnoise_p010_003_b2a_ro_oracle_nhnoise_p010_seed456,transfer,b2a_ro_oracle_nhnoise_p010,456,val,lecun,False,phase,F1,anesthesia,0.9948717948717948,False
transfer__b2a_ro_oracle_nhnoise_p010_003_b2a_ro_oracle_nhnoise_p010_seed456,transfer,b2a_ro_oracle_nhnoise_p010,456,val,lecun,False,phase,F1,closure,0.9605609114811569,False
transfer__b2a_ro_oracle_nhnoise_p010_003_b2a_ro_oracle_nhnoise_p010_seed456,transfer,b2a_ro_oracle_nhnoise_p010,456,val,lecun,False,phase,F1,design,0.9951690821256038,False
transfer__b2a_ro_oracle_nhnoise_p010_003_b2a_ro_oracle_nhnoise_p010_seed456,transfer,b2a_ro_oracle_nhnoise_p010,456,val,lecun,False,phase,F1,disinfection,0.0,False
transfer__b2a_ro_oracle_nhnoise_p010_003_b2a_ro_oracle_nhnoise_p010_seed456,transfer,b2a_ro_oracle_nhnoise_p010,456,val,lecun,False,phase,F1,dissection,0.9782608695652174,False
transfer__b2a_ro_oracle_nhnoise_p010_003_b2a_ro_oracle_nhnoise_p010_seed456,transfer,b2a_ro_oracle_nhnoise_p010,456,val,lecun,False,phase,F1,dressing,0.0,False
transfer__b2a_ro_oracle_nhnoise_p010_003_b2a_ro_oracle_nhnoise_p010_seed456,transfer,b2a_ro_oracle_nhnoise_p010,456,val,lecun,False,phase,F1,hemostasis,0.9107142857142856,False
transfer__b2a_ro_oracle_nhnoise_p010_003_b2a_ro_oracle_nhnoise_p010_seed456,transfer,b2a_ro_oracle_nhnoise_p010,456,val,lecun,False,phase,F1,incision,0.9793510324483775,False
transfer__b2a_ro_oracle_nhnoise_p010_003_b2a_ro_oracle_nhnoise_p010_seed456,transfer,b2a_ro_oracle_nhnoise_p010,456,val,lecun,False,phase,F1,irrigation,0.0,False
transfer__b2a_ro_oracle_nhnoise_p020_001_b2a_ro_oracle_nhnoise_p020_seed42,transfer,b2a_ro_oracle_nhnoise_p020,42,val,lecun,False,phase,F1,anesthesia,0.9948717948717948,False
transfer__b2a_ro_oracle_nhnoise_p020_001_b2a_ro_oracle_nhnoise_p020_seed42,transfer,b2a_ro_oracle_nhnoise_p020,42,val,lecun,False,phase,F1,closure,0.9650959860383944,False
transfer__b2a_ro_oracle_nhnoise_p020_001_b2a_ro_oracle_nhnoise_p020_seed42,transfer,b2a_ro_oracle_nhnoise_p020,42,val,lecun,False,phase,F1,design,1.0,False
transfer__b2a_ro_oracle_nhnoise_p020_001_b2a_ro_oracle_nhnoise_p020_seed42,transfer,b2a_ro_oracle_nhnoise_p020,42,val,lecun,False,phase,F1,disinfection,0.0,False
transfer__b2a_ro_oracle_nhnoise_p020_001_b2a_ro_oracle_nhnoise_p020_seed42,transfer,b2a_ro_oracle_nhnoise_p020,42,val,lecun,False,phase,F1,dissection,0.9840319361277444,False
transfer__b2a_ro_oracle_nhnoise_p020_001_b2a_ro_oracle_nhnoise_p020_seed42,transfer,b2a_ro_oracle_nhnoise_p020,42,val,lecun,False,phase,F1,dressing,0.0,False
transfer__b2a_ro_oracle_nhnoise_p020_001_b2a_ro_oracle_nhnoise_p020_seed42,transfer,b2a_ro_oracle_nhnoise_p020,42,val,lecun,False,phase,F1,hemostasis,0.9243697478991597,False
transfer__b2a_ro_oracle_nhnoise_p020_001_b2a_ro_oracle_nhnoise_p020_seed42,transfer,b2a_ro_oracle_nhnoise_p020,42,val,lecun,False,phase,F1,incision,0.9822485207100591,False
transfer__b2a_ro_oracle_nhnoise_p020_001_b2a_ro_oracle_nhnoise_p020_seed42,transfer,b2a_ro_oracle_nhnoise_p020,42,val,lecun,False,phase,F1,irrigation,0.0,False
transfer__b2a_ro_oracle_nhnoise_p020_002_b2a_ro_oracle_nhnoise_p020_seed123,transfer,b2a_ro_oracle_nhnoise_p020,123,val,lecun,False,phase,F1,anesthesia,1.0,False
transfer__b2a_ro_oracle_nhnoise_p020_002_b2a_ro_oracle_nhnoise_p020_seed123,transfer,b2a_ro_oracle_nhnoise_p020,123,val,lecun,False,phase,F1,closure,0.9623137598597721,False
transfer__b2a_ro_oracle_nhnoise_p020_002_b2a_ro_oracle_nhnoise_p020_seed123,transfer,b2a_ro_oracle_nhnoise_p020,123,val,lecun,False,phase,F1,design,1.0,False
transfer__b2a_ro_oracle_nhnoise_p020_002_b2a_ro_oracle_nhnoise_p020_seed123,transfer,b2a_ro_oracle_nhnoise_p020,123,val,lecun,False,phase,F1,disinfection,0.0,False
transfer__b2a_ro_oracle_nhnoise_p020_002_b2a_ro_oracle_nhnoise_p020_seed123,transfer,b2a_ro_oracle_nhnoise_p020,123,val,lecun,False,phase,F1,dissection,0.9801980198019802,False
transfer__b2a_ro_oracle_nhnoise_p020_002_b2a_ro_oracle_nhnoise_p020_seed123,transfer,b2a_ro_oracle_nhnoise_p020,123,val,lecun,False,phase,F1,dressing,0.0,False
transfer__b2a_ro_oracle_nhnoise_p020_002_b2a_ro_oracle_nhnoise_p020_seed123,transfer,b2a_ro_oracle_nhnoise_p020,123,val,lecun,False,phase,F1,hemostasis,0.9482758620689654,False
transfer__b2a_ro_oracle_nhnoise_p020_002_b2a_ro_oracle_nhnoise_p020_seed123,transfer,b2a_ro_oracle_nhnoise_p020,123,val,lecun,False,phase,F1,incision,0.9851632047477744,False
transfer__b2a_ro_oracle_nhnoise_p020_002_b2a_ro_oracle_nhnoise_p020_seed123,transfer,b2a_ro_oracle_nhnoise_p020,123,val,lecun,False,phase,F1,irrigation,0.0,False
transfer__b2a_ro_oracle_nhnoise_p020_003_b2a_ro_oracle_nhnoise_p020_seed456,transfer,b2a_ro_oracle_nhnoise_p020,456,val,lecun,False,phase,F1,anesthesia,1.0,False
transfer__b2a_ro_oracle_nhnoise_p020_003_b2a_ro_oracle_nhnoise_p020_seed456,transfer,b2a_ro_oracle_nhnoise_p020,456,val,lecun,False,phase,F1,closure,0.9595782073813708,False
transfer__b2a_ro_oracle_nhnoise_p020_003_b2a_ro_oracle_nhnoise_p020_seed456,transfer,b2a_ro_oracle_nhnoise_p020,456,val,lecun,False,phase,F1,design,1.0,False
transfer__b2a_ro_oracle_nhnoise_p020_003_b2a_ro_oracle_nhnoise_p020_seed456,transfer,b2a_ro_oracle_nhnoise_p020,456,val,lecun,False,phase,F1,disinfection,0.0,False
transfer__b2a_ro_oracle_nhnoise_p020_003_b2a_ro_oracle_nhnoise_p020_seed456,transfer,b2a_ro_oracle_nhnoise_p020,456,val,lecun,False,phase,F1,dissection,0.974459724950884,False
transfer__b2a_ro_oracle_nhnoise_p020_003_b2a_ro_oracle_nhnoise_p020_seed456,transfer,b2a_ro_oracle_nhnoise_p020,456,val,lecun,False,phase,F1,dressing,0.0,False
transfer__b2a_ro_oracle_nhnoise_p020_003_b2a_ro_oracle_nhnoise_p020_seed456,transfer,b2a_ro_oracle_nhnoise_p020,456,val,lecun,False,phase,F1,hemostasis,0.9174311926605504,False
transfer__b2a_ro_oracle_nhnoise_p020_003_b2a_ro_oracle_nhnoise_p020_seed456,transfer,b2a_ro_oracle_nhnoise_p020,456,val,lecun,False,phase,F1,incision,0.9852507374631269,False
transfer__b2a_ro_oracle_nhnoise_p020_003_b2a_ro_oracle_nhnoise_p020_seed456,transfer,b2a_ro_oracle_nhnoise_p020,456,val,lecun,False,phase,F1,irrigation,0.0,False
transfer__b2a_ro_oracle_nhnoise_p030_001_b2a_ro_oracle_nhnoise_p030_seed42,transfer,b2a_ro_oracle_nhnoise_p030,42,val,lecun,False,phase,F1,anesthesia,0.9948717948717948,False
transfer__b2a_ro_oracle_nhnoise_p030_001_b2a_ro_oracle_nhnoise_p030_seed42,transfer,b2a_ro_oracle_nhnoise_p030,42,val,lecun,False,phase,F1,closure,0.9641921397379913,False
transfer__b2a_ro_oracle_nhnoise_p030_001_b2a_ro_oracle_nhnoise_p030_seed42,transfer,b2a_ro_oracle_nhnoise_p030,42,val,lecun,False,phase,F1,design,1.0,False
transfer__b2a_ro_oracle_nhnoise_p030_001_b2a_ro_oracle_nhnoise_p030_seed42,transfer,b2a_ro_oracle_nhnoise_p030,42,val,lecun,False,phase,F1,disinfection,0.0,False
transfer__b2a_ro_oracle_nhnoise_p030_001_b2a_ro_oracle_nhnoise_p030_seed42,transfer,b2a_ro_oracle_nhnoise_p030,42,val,lecun,False,phase,F1,dissection,0.9850448654037887,False
transfer__b2a_ro_oracle_nhnoise_p030_001_b2a_ro_oracle_nhnoise_p030_seed42,transfer,b2a_ro_oracle_nhnoise_p030,42,val,lecun,False,phase,F1,dressing,0.0,False
transfer__b2a_ro_oracle_nhnoise_p030_001_b2a_ro_oracle_nhnoise_p030_seed42,transfer,b2a_ro_oracle_nhnoise_p030,42,val,lecun,False,phase,F1,hemostasis,0.9152542372881356,False
transfer__b2a_ro_oracle_nhnoise_p030_001_b2a_ro_oracle_nhnoise_p030_seed42,transfer,b2a_ro_oracle_nhnoise_p030,42,val,lecun,False,phase,F1,incision,0.9793510324483775,False
transfer__b2a_ro_oracle_nhnoise_p030_001_b2a_ro_oracle_nhnoise_p030_seed42,transfer,b2a_ro_oracle_nhnoise_p030,42,val,lecun,False,phase,F1,irrigation,0.0,False
transfer__b2a_ro_oracle_nhnoise_p030_002_b2a_ro_oracle_nhnoise_p030_seed123,transfer,b2a_ro_oracle_nhnoise_p030,123,val,lecun,False,phase,F1,anesthesia,1.0,False
transfer__b2a_ro_oracle_nhnoise_p030_002_b2a_ro_oracle_nhnoise_p030_seed123,transfer,b2a_ro_oracle_nhnoise_p030,123,val,lecun,False,phase,F1,closure,0.9633507853403142,False
transfer__b2a_ro_oracle_nhnoise_p030_002_b2a_ro_oracle_nhnoise_p030_seed123,transfer,b2a_ro_oracle_nhnoise_p030,123,val,lecun,False,phase,F1,design,1.0,False
transfer__b2a_ro_oracle_nhnoise_p030_002_b2a_ro_oracle_nhnoise_p030_seed123,transfer,b2a_ro_oracle_nhnoise_p030,123,val,lecun,False,phase,F1,disinfection,0.0,False
transfer__b2a_ro_oracle_nhnoise_p030_002_b2a_ro_oracle_nhnoise_p030_seed123,transfer,b2a_ro_oracle_nhnoise_p030,123,val,lecun,False,phase,F1,dissection,0.979187314172448,False
transfer__b2a_ro_oracle_nhnoise_p030_002_b2a_ro_oracle_nhnoise_p030_seed123,transfer,b2a_ro_oracle_nhnoise_p030,123,val,lecun,False,phase,F1,dressing,0.0,False
transfer__b2a_ro_oracle_nhnoise_p030_002_b2a_ro_oracle_nhnoise_p030_seed123,transfer,b2a_ro_oracle_nhnoise_p030,123,val,lecun,False,phase,F1,hemostasis,0.9272727272727272,False
transfer__b2a_ro_oracle_nhnoise_p030_002_b2a_ro_oracle_nhnoise_p030_seed123,transfer,b2a_ro_oracle_nhnoise_p030,123,val,lecun,False,phase,F1,incision,0.9793510324483775,False
transfer__b2a_ro_oracle_nhnoise_p030_002_b2a_ro_oracle_nhnoise_p030_seed123,transfer,b2a_ro_oracle_nhnoise_p030,123,val,lecun,False,phase,F1,irrigation,0.0,False
transfer__b2a_ro_oracle_nhnoise_p030_003_b2a_ro_oracle_nhnoise_p030_seed456,transfer,b2a_ro_oracle_nhnoise_p030,456,val,lecun,False,phase,F1,anesthesia,1.0,False
transfer__b2a_ro_oracle_nhnoise_p030_003_b2a_ro_oracle_nhnoise_p030_seed456,transfer,b2a_ro_oracle_nhnoise_p030,456,val,lecun,False,phase,F1,closure,0.9558303886925795,False
transfer__b2a_ro_oracle_nhnoise_p030_003_b2a_ro_oracle_nhnoise_p030_seed456,transfer,b2a_ro_oracle_nhnoise_p030,456,val,lecun,False,phase,F1,design,1.0,False
transfer__b2a_ro_oracle_nhnoise_p030_003_b2a_ro_oracle_nhnoise_p030_seed456,transfer,b2a_ro_oracle_nhnoise_p030,456,val,lecun,False,phase,F1,disinfection,0.0,False
transfer__b2a_ro_oracle_nhnoise_p030_003_b2a_ro_oracle_nhnoise_p030_seed456,transfer,b2a_ro_oracle_nhnoise_p030,456,val,lecun,False,phase,F1,dissection,0.973503434739941,False
transfer__b2a_ro_oracle_nhnoise_p030_003_b2a_ro_oracle_nhnoise_p030_seed456,transfer,b2a_ro_oracle_nhnoise_p030,456,val,lecun,False,phase,F1,dressing,0.0,False
transfer__b2a_ro_oracle_nhnoise_p030_003_b2a_ro_oracle_nhnoise_p030_seed456,transfer,b2a_ro_oracle_nhnoise_p030,456,val,lecun,False,phase,F1,hemostasis,0.9026548672566371,False
transfer__b2a_ro_oracle_nhnoise_p030_003_b2a_ro_oracle_nhnoise_p030_seed456,transfer,b2a_ro_oracle_nhnoise_p030,456,val,lecun,False,phase,F1,incision,0.9823529411764705,False
transfer__b2a_ro_oracle_nhnoise_p030_003_b2a_ro_oracle_nhnoise_p030_seed456,transfer,b2a_ro_oracle_nhnoise_p030,456,val,lecun,False,phase,F1,irrigation,0.0,False
transfer__b2a_ro_oracle_noise000_001_b2a_ro_oracle_noise000_seed42,transfer,b2a_ro_oracle_noise000,42,val,lecun,False,phase,F1,anesthesia,0.9738219895287958,False
transfer__b2a_ro_oracle_noise000_001_b2a_ro_oracle_noise000_seed42,transfer,b2a_ro_oracle_noise000,42,val,lecun,False,phase,F1,closure,0.9652173913043479,False
transfer__b2a_ro_oracle_noise000_001_b2a_ro_oracle_noise000_seed42,transfer,b2a_ro_oracle_noise000,42,val,lecun,False,phase,F1,design,0.9951690821256038,False
transfer__b2a_ro_oracle_noise000_001_b2a_ro_oracle_noise000_seed42,transfer,b2a_ro_oracle_noise000,42,val,lecun,False,phase,F1,disinfection,0.0,False
transfer__b2a_ro_oracle_noise000_001_b2a_ro_oracle_noise000_seed42,transfer,b2a_ro_oracle_noise000,42,val,lecun,False,phase,F1,dissection,0.970178926441352,False
transfer__b2a_ro_oracle_noise000_001_b2a_ro_oracle_noise000_seed42,transfer,b2a_ro_oracle_noise000,42,val,lecun,False,phase,F1,dressing,0.0,False
transfer__b2a_ro_oracle_noise000_001_b2a_ro_oracle_noise000_seed42,transfer,b2a_ro_oracle_noise000,42,val,lecun,False,phase,F1,hemostasis,0.8181818181818182,False
transfer__b2a_ro_oracle_noise000_001_b2a_ro_oracle_noise000_seed42,transfer,b2a_ro_oracle_noise000,42,val,lecun,False,phase,F1,incision,0.9473684210526314,False
transfer__b2a_ro_oracle_noise000_001_b2a_ro_oracle_noise000_seed42,transfer,b2a_ro_oracle_noise000,42,val,lecun,False,phase,F1,irrigation,0.0,False
transfer__b2a_ro_oracle_noise000_002_b2a_ro_oracle_noise000_seed123,transfer,b2a_ro_oracle_noise000,123,val,lecun,False,phase,F1,anesthesia,0.9896907216494846,False
transfer__b2a_ro_oracle_noise000_002_b2a_ro_oracle_noise000_seed123,transfer,b2a_ro_oracle_noise000,123,val,lecun,False,phase,F1,closure,0.9676855895196507,False
transfer__b2a_ro_oracle_noise000_002_b2a_ro_oracle_noise000_seed123,transfer,b2a_ro_oracle_noise000,123,val,lecun,False,phase,F1,design,0.9903846153846153,False
transfer__b2a_ro_oracle_noise000_002_b2a_ro_oracle_noise000_seed123,transfer,b2a_ro_oracle_noise000,123,val,lecun,False,phase,F1,disinfection,0.0,False
transfer__b2a_ro_oracle_noise000_002_b2a_ro_oracle_noise000_seed123,transfer,b2a_ro_oracle_noise000,123,val,lecun,False,phase,F1,dissection,0.973293768545994,False
transfer__b2a_ro_oracle_noise000_002_b2a_ro_oracle_noise000_seed123,transfer,b2a_ro_oracle_noise000,123,val,lecun,False,phase,F1,dressing,0.0,False
transfer__b2a_ro_oracle_noise000_002_b2a_ro_oracle_noise000_seed123,transfer,b2a_ro_oracle_noise000,123,val,lecun,False,phase,F1,hemostasis,0.7850467289719626,False
transfer__b2a_ro_oracle_noise000_002_b2a_ro_oracle_noise000_seed123,transfer,b2a_ro_oracle_noise000,123,val,lecun,False,phase,F1,incision,0.967741935483871,False
transfer__b2a_ro_oracle_noise000_002_b2a_ro_oracle_noise000_seed123,transfer,b2a_ro_oracle_noise000,123,val,lecun,False,phase,F1,irrigation,0.0,False
transfer__b2a_ro_oracle_noise000_003_b2a_ro_oracle_noise000_seed456,transfer,b2a_ro_oracle_noise000,456,val,lecun,False,phase,F1,anesthesia,0.9896907216494846,False
transfer__b2a_ro_oracle_noise000_003_b2a_ro_oracle_noise000_seed456,transfer,b2a_ro_oracle_noise000,456,val,lecun,False,phase,F1,closure,0.9640666082383874,False
transfer__b2a_ro_oracle_noise000_003_b2a_ro_oracle_noise000_seed456,transfer,b2a_ro_oracle_noise000,456,val,lecun,False,phase,F1,design,0.9855072463768114,False
transfer__b2a_ro_oracle_noise000_003_b2a_ro_oracle_noise000_seed456,transfer,b2a_ro_oracle_noise000,456,val,lecun,False,phase,F1,disinfection,0.0,False
transfer__b2a_ro_oracle_noise000_003_b2a_ro_oracle_noise000_seed456,transfer,b2a_ro_oracle_noise000,456,val,lecun,False,phase,F1,dissection,0.9620253164556962,False
transfer__b2a_ro_oracle_noise000_003_b2a_ro_oracle_noise000_seed456,transfer,b2a_ro_oracle_noise000,456,val,lecun,False,phase,F1,dressing,0.0,False
transfer__b2a_ro_oracle_noise000_003_b2a_ro_oracle_noise000_seed456,transfer,b2a_ro_oracle_noise000,456,val,lecun,False,phase,F1,hemostasis,0.8269230769230769,False
transfer__b2a_ro_oracle_noise000_003_b2a_ro_oracle_noise000_seed456,transfer,b2a_ro_oracle_noise000,456,val,lecun,False,phase,F1,incision,0.942942942942943,False
transfer__b2a_ro_oracle_noise000_003_b2a_ro_oracle_noise000_seed456,transfer,b2a_ro_oracle_noise000,456,val,lecun,False,phase,F1,irrigation,0.0,False
transfer__b2a_ro_oracle_noise000_004_b2a_ro_oracle_noise000_seed42,transfer,b2a_ro_oracle_noise000,42,val,lecun,False,phase,F1,anesthesia,0.9846153846153847,False
transfer__b2a_ro_oracle_noise000_004_b2a_ro_oracle_noise000_seed42,transfer,b2a_ro_oracle_noise000,42,val,lecun,False,phase,F1,closure,0.9617391304347825,False
transfer__b2a_ro_oracle_noise000_004_b2a_ro_oracle_noise000_seed42,transfer,b2a_ro_oracle_noise000,42,val,lecun,False,phase,F1,design,0.9951690821256038,False
transfer__b2a_ro_oracle_noise000_004_b2a_ro_oracle_noise000_seed42,transfer,b2a_ro_oracle_noise000,42,val,lecun,False,phase,F1,disinfection,0.0,False
transfer__b2a_ro_oracle_noise000_004_b2a_ro_oracle_noise000_seed42,transfer,b2a_ro_oracle_noise000,42,val,lecun,False,phase,F1,dissection,0.9566074950690334,False
transfer__b2a_ro_oracle_noise000_004_b2a_ro_oracle_noise000_seed42,transfer,b2a_ro_oracle_noise000,42,val,lecun,False,phase,F1,dressing,0.0,False
transfer__b2a_ro_oracle_noise000_004_b2a_ro_oracle_noise000_seed42,transfer,b2a_ro_oracle_noise000,42,val,lecun,False,phase,F1,hemostasis,0.7115384615384615,False
transfer__b2a_ro_oracle_noise000_004_b2a_ro_oracle_noise000_seed42,transfer,b2a_ro_oracle_noise000,42,val,lecun,False,phase,F1,incision,0.9404761904761904,False
transfer__b2a_ro_oracle_noise000_004_b2a_ro_oracle_noise000_seed42,transfer,b2a_ro_oracle_noise000,42,val,lecun,False,phase,F1,irrigation,0.0,False
transfer__b2a_ro_oracle_noise000_005_b2a_ro_oracle_noise000_seed123,transfer,b2a_ro_oracle_noise000,123,val,lecun,False,phase,F1,anesthesia,0.964102564102564,False
transfer__b2a_ro_oracle_noise000_005_b2a_ro_oracle_noise000_seed123,transfer,b2a_ro_oracle_noise000,123,val,lecun,False,phase,F1,closure,0.9624454148471615,False
transfer__b2a_ro_oracle_noise000_005_b2a_ro_oracle_noise000_seed123,transfer,b2a_ro_oracle_noise000,123,val,lecun,False,phase,F1,design,0.985645933014354,False
transfer__b2a_ro_oracle_noise000_005_b2a_ro_oracle_noise000_seed123,transfer,b2a_ro_oracle_noise000,123,val,lecun,False,phase,F1,disinfection,0.0,False
transfer__b2a_ro_oracle_noise000_005_b2a_ro_oracle_noise000_seed123,transfer,b2a_ro_oracle_noise000,123,val,lecun,False,phase,F1,dissection,0.964774951076321,False
transfer__b2a_ro_oracle_noise000_005_b2a_ro_oracle_noise000_seed123,transfer,b2a_ro_oracle_noise000,123,val,lecun,False,phase,F1,dressing,0.0,False
transfer__b2a_ro_oracle_noise000_005_b2a_ro_oracle_noise000_seed123,transfer,b2a_ro_oracle_noise000,123,val,lecun,False,phase,F1,hemostasis,0.693069306930693,False
transfer__b2a_ro_oracle_noise000_005_b2a_ro_oracle_noise000_seed123,transfer,b2a_ro_oracle_noise000,123,val,lecun,False,phase,F1,incision,0.9341317365269461,False
transfer__b2a_ro_oracle_noise000_005_b2a_ro_oracle_noise000_seed123,transfer,b2a_ro_oracle_noise000,123,val,lecun,False,phase,F1,irrigation,0.0,False
transfer__b2a_ro_oracle_noise000_006_b2a_ro_oracle_noise000_seed456,transfer,b2a_ro_oracle_noise000,456,val,lecun,False,phase,F1,anesthesia,0.9791666666666666,False
transfer__b2a_ro_oracle_noise000_006_b2a_ro_oracle_noise000_seed456,transfer,b2a_ro_oracle_noise000,456,val,lecun,False,phase,F1,closure,0.9635416666666667,False
transfer__b2a_ro_oracle_noise000_006_b2a_ro_oracle_noise000_seed456,transfer,b2a_ro_oracle_noise000,456,val,lecun,False,phase,F1,design,0.9807692307692307,False
transfer__b2a_ro_oracle_noise000_006_b2a_ro_oracle_noise000_seed456,transfer,b2a_ro_oracle_noise000,456,val,lecun,False,phase,F1,disinfection,0.0,False
transfer__b2a_ro_oracle_noise000_006_b2a_ro_oracle_noise000_seed456,transfer,b2a_ro_oracle_noise000,456,val,lecun,False,phase,F1,dissection,0.9563492063492064,False
transfer__b2a_ro_oracle_noise000_006_b2a_ro_oracle_noise000_seed456,transfer,b2a_ro_oracle_noise000,456,val,lecun,False,phase,F1,dressing,0.0,False
transfer__b2a_ro_oracle_noise000_006_b2a_ro_oracle_noise000_seed456,transfer,b2a_ro_oracle_noise000,456,val,lecun,False,phase,F1,hemostasis,0.6373626373626374,False
transfer__b2a_ro_oracle_noise000_006_b2a_ro_oracle_noise000_seed456,transfer,b2a_ro_oracle_noise000,456,val,lecun,False,phase,F1,incision,0.9126760563380281,False
transfer__b2a_ro_oracle_noise000_006_b2a_ro_oracle_noise000_seed456,transfer,b2a_ro_oracle_noise000,456,val,lecun,False,phase,F1,irrigation,0.0,False
transfer__b2a_ro_oracle_noise000_007_b2a_ro_oracle_noise000_seed42,transfer,b2a_ro_oracle_noise000,42,val,lecun,False,phase,F1,anesthesia,0.9489795918367347,False
transfer__b2a_ro_oracle_noise000_007_b2a_ro_oracle_noise000_seed42,transfer,b2a_ro_oracle_noise000,42,val,lecun,False,phase,F1,closure,0.9573542210617928,False
transfer__b2a_ro_oracle_noise000_007_b2a_ro_oracle_noise000_seed42,transfer,b2a_ro_oracle_noise000,42,val,lecun,False,phase,F1,design,0.951923076923077,False
transfer__b2a_ro_oracle_noise000_007_b2a_ro_oracle_noise000_seed42,transfer,b2a_ro_oracle_noise000,42,val,lecun,False,phase,F1,disinfection,0.0,False
transfer__b2a_ro_oracle_noise000_007_b2a_ro_oracle_noise000_seed42,transfer,b2a_ro_oracle_noise000,42,val,lecun,False,phase,F1,dissection,0.9227836034318398,False
transfer__b2a_ro_oracle_noise000_007_b2a_ro_oracle_noise000_seed42,transfer,b2a_ro_oracle_noise000,42,val,lecun,False,phase,F1,dressing,0.0,False
transfer__b2a_ro_oracle_noise000_007_b2a_ro_oracle_noise000_seed42,transfer,b2a_ro_oracle_noise000,42,val,lecun,False,phase,F1,hemostasis,0.46511627906976744,False
transfer__b2a_ro_oracle_noise000_007_b2a_ro_oracle_noise000_seed42,transfer,b2a_ro_oracle_noise000,42,val,lecun,False,phase,F1,incision,0.8553459119496855,False
transfer__b2a_ro_oracle_noise000_007_b2a_ro_oracle_noise000_seed42,transfer,b2a_ro_oracle_noise000,42,val,lecun,False,phase,F1,irrigation,0.0,False
transfer__b2a_ro_oracle_noise000_008_b2a_ro_oracle_noise000_seed123,transfer,b2a_ro_oracle_noise000,123,val,lecun,False,phase,F1,anesthesia,0.8749999999999999,False
transfer__b2a_ro_oracle_noise000_008_b2a_ro_oracle_noise000_seed123,transfer,b2a_ro_oracle_noise000,123,val,lecun,False,phase,F1,closure,0.9398625429553266,False
transfer__b2a_ro_oracle_noise000_008_b2a_ro_oracle_noise000_seed123,transfer,b2a_ro_oracle_noise000,123,val,lecun,False,phase,F1,design,0.9299999999999999,False
transfer__b2a_ro_oracle_noise000_008_b2a_ro_oracle_noise000_seed123,transfer,b2a_ro_oracle_noise000,123,val,lecun,False,phase,F1,disinfection,0.0,False
transfer__b2a_ro_oracle_noise000_008_b2a_ro_oracle_noise000_seed123,transfer,b2a_ro_oracle_noise000,123,val,lecun,False,phase,F1,dissection,0.9317738791423001,False
transfer__b2a_ro_oracle_noise000_008_b2a_ro_oracle_noise000_seed123,transfer,b2a_ro_oracle_noise000,123,val,lecun,False,phase,F1,dressing,0.0,False
transfer__b2a_ro_oracle_noise000_008_b2a_ro_oracle_noise000_seed123,transfer,b2a_ro_oracle_noise000,123,val,lecun,False,phase,F1,hemostasis,0.3116883116883116,False
transfer__b2a_ro_oracle_noise000_008_b2a_ro_oracle_noise000_seed123,transfer,b2a_ro_oracle_noise000,123,val,lecun,False,phase,F1,incision,0.8459214501510574,False
transfer__b2a_ro_oracle_noise000_008_b2a_ro_oracle_noise000_seed123,transfer,b2a_ro_oracle_noise000,123,val,lecun,False,phase,F1,irrigation,0.0,False
transfer__b2a_ro_oracle_noise000_009_b2a_ro_oracle_noise000_seed456,transfer,b2a_ro_oracle_noise000,456,val,lecun,False,phase,F1,anesthesia,0.9215686274509803,False
transfer__b2a_ro_oracle_noise000_009_b2a_ro_oracle_noise000_seed456,transfer,b2a_ro_oracle_noise000,456,val,lecun,False,phase,F1,closure,0.9462915601023019,False
transfer__b2a_ro_oracle_noise000_009_b2a_ro_oracle_noise000_seed456,transfer,b2a_ro_oracle_noise000,456,val,lecun,False,phase,F1,design,0.9560975609756097,False
transfer__b2a_ro_oracle_noise000_009_b2a_ro_oracle_noise000_seed456,transfer,b2a_ro_oracle_noise000,456,val,lecun,False,phase,F1,disinfection,0.0,False
transfer__b2a_ro_oracle_noise000_009_b2a_ro_oracle_noise000_seed456,transfer,b2a_ro_oracle_noise000,456,val,lecun,False,phase,F1,dissection,0.9259259259259259,False
transfer__b2a_ro_oracle_noise000_009_b2a_ro_oracle_noise000_seed456,transfer,b2a_ro_oracle_noise000,456,val,lecun,False,phase,F1,dressing,0.0,False
transfer__b2a_ro_oracle_noise000_009_b2a_ro_oracle_noise000_seed456,transfer,b2a_ro_oracle_noise000,456,val,lecun,False,phase,F1,hemostasis,0.1794871794871795,False
transfer__b2a_ro_oracle_noise000_009_b2a_ro_oracle_noise000_seed456,transfer,b2a_ro_oracle_noise000,456,val,lecun,False,phase,F1,incision,0.80625,False
transfer__b2a_ro_oracle_noise000_009_b2a_ro_oracle_noise000_seed456,transfer,b2a_ro_oracle_noise000,456,val,lecun,False,phase,F1,irrigation,0.0,False
transfer__b2a_ro_oracle_noise000_010_b2a_ro_oracle_noise000_seed42,transfer,b2a_ro_oracle_noise000,42,val,lecun,False,phase,F1,anesthesia,0.6703296703296703,False
transfer__b2a_ro_oracle_noise000_010_b2a_ro_oracle_noise000_seed42,transfer,b2a_ro_oracle_noise000,42,val,lecun,False,phase,F1,closure,0.9317406143344711,False
transfer__b2a_ro_oracle_noise000_010_b2a_ro_oracle_noise000_seed42,transfer,b2a_ro_oracle_noise000,42,val,lecun,False,phase,F1,design,0.7884615384615384,False
transfer__b2a_ro_oracle_noise000_010_b2a_ro_oracle_noise000_seed42,transfer,b2a_ro_oracle_noise000,42,val,lecun,False,phase,F1,disinfection,0.0,False
transfer__b2a_ro_oracle_noise000_010_b2a_ro_oracle_noise000_seed42,transfer,b2a_ro_oracle_noise000,42,val,lecun,False,phase,F1,dissection,0.8514129443938012,False
transfer__b2a_ro_oracle_noise000_010_b2a_ro_oracle_noise000_seed42,transfer,b2a_ro_oracle_noise000,42,val,lecun,False,phase,F1,dressing,0.0,False
transfer__b2a_ro_oracle_noise000_010_b2a_ro_oracle_noise000_seed42,transfer,b2a_ro_oracle_noise000,42,val,lecun,False,phase,F1,hemostasis,0.0,False
transfer__b2a_ro_oracle_noise000_010_b2a_ro_oracle_noise000_seed42,transfer,b2a_ro_oracle_noise000,42,val,lecun,False,phase,F1,incision,0.4620689655172414,False
transfer__b2a_ro_oracle_noise000_010_b2a_ro_oracle_noise000_seed42,transfer,b2a_ro_oracle_noise000,42,val,lecun,False,phase,F1,irrigation,0.0,False
transfer__b2a_ro_oracle_noise000_011_b2a_ro_oracle_noise000_seed123,transfer,b2a_ro_oracle_noise000,123,val,lecun,False,phase,F1,anesthesia,0.6067415730337078,False
transfer__b2a_ro_oracle_noise000_011_b2a_ro_oracle_noise000_seed123,transfer,b2a_ro_oracle_noise000,123,val,lecun,False,phase,F1,closure,0.9118387909319899,False
transfer__b2a_ro_oracle_noise000_011_b2a_ro_oracle_noise000_seed123,transfer,b2a_ro_oracle_noise000,123,val,lecun,False,phase,F1,design,0.826923076923077,False
transfer__b2a_ro_oracle_noise000_011_b2a_ro_oracle_noise000_seed123,transfer,b2a_ro_oracle_noise000,123,val,lecun,False,phase,F1,disinfection,0.0,False
transfer__b2a_ro_oracle_noise000_011_b2a_ro_oracle_noise000_seed123,transfer,b2a_ro_oracle_noise000,123,val,lecun,False,phase,F1,dissection,0.8784165881244109,False
transfer__b2a_ro_oracle_noise000_011_b2a_ro_oracle_noise000_seed123,transfer,b2a_ro_oracle_noise000,123,val,lecun,False,phase,F1,dressing,0.0,False
transfer__b2a_ro_oracle_noise000_011_b2a_ro_oracle_noise000_seed123,transfer,b2a_ro_oracle_noise000,123,val,lecun,False,phase,F1,hemostasis,0.0,False
transfer__b2a_ro_oracle_noise000_011_b2a_ro_oracle_noise000_seed123,transfer,b2a_ro_oracle_noise000,123,val,lecun,False,phase,F1,incision,0.7588424437299036,False
transfer__b2a_ro_oracle_noise000_011_b2a_ro_oracle_noise000_seed123,transfer,b2a_ro_oracle_noise000,123,val,lecun,False,phase,F1,irrigation,0.0,False
transfer__b2a_ro_oracle_noise000_012_b2a_ro_oracle_noise000_seed456,transfer,b2a_ro_oracle_noise000,456,val,lecun,False,phase,F1,anesthesia,0.6900584795321637,False
transfer__b2a_ro_oracle_noise000_012_b2a_ro_oracle_noise000_seed456,transfer,b2a_ro_oracle_noise000,456,val,lecun,False,phase,F1,closure,0.9313640312771503,False
transfer__b2a_ro_oracle_noise000_012_b2a_ro_oracle_noise000_seed456,transfer,b2a_ro_oracle_noise000,456,val,lecun,False,phase,F1,design,0.6557377049180327,False
transfer__b2a_ro_oracle_noise000_012_b2a_ro_oracle_noise000_seed456,transfer,b2a_ro_oracle_noise000,456,val,lecun,False,phase,F1,disinfection,0.0,False
transfer__b2a_ro_oracle_noise000_012_b2a_ro_oracle_noise000_seed456,transfer,b2a_ro_oracle_noise000,456,val,lecun,False,phase,F1,dissection,0.8129675810473814,False
transfer__b2a_ro_oracle_noise000_012_b2a_ro_oracle_noise000_seed456,transfer,b2a_ro_oracle_noise000,456,val,lecun,False,phase,F1,dressing,0.0,False
transfer__b2a_ro_oracle_noise000_012_b2a_ro_oracle_noise000_seed456,transfer,b2a_ro_oracle_noise000,456,val,lecun,False,phase,F1,hemostasis,0.0,False
transfer__b2a_ro_oracle_noise000_012_b2a_ro_oracle_noise000_seed456,transfer,b2a_ro_oracle_noise000,456,val,lecun,False,phase,F1,incision,0.4166666666666667,False
transfer__b2a_ro_oracle_noise000_012_b2a_ro_oracle_noise000_seed456,transfer,b2a_ro_oracle_noise000,456,val,lecun,False,phase,F1,irrigation,0.0,False
transfer__b2a_ro_oracle_scalpelnoise_p010_001_b2a_ro_oracle_scalpelnoise_p010_seed42,transfer,b2a_ro_oracle_scalpelnoise_p010,42,val,lecun,False,phase,F1,anesthesia,0.9948717948717948,False
transfer__b2a_ro_oracle_scalpelnoise_p010_001_b2a_ro_oracle_scalpelnoise_p010_seed42,transfer,b2a_ro_oracle_scalpelnoise_p010,42,val,lecun,False,phase,F1,closure,0.967741935483871,False
transfer__b2a_ro_oracle_scalpelnoise_p010_001_b2a_ro_oracle_scalpelnoise_p010_seed42,transfer,b2a_ro_oracle_scalpelnoise_p010,42,val,lecun,False,phase,F1,design,1.0,False
transfer__b2a_ro_oracle_scalpelnoise_p010_001_b2a_ro_oracle_scalpelnoise_p010_seed42,transfer,b2a_ro_oracle_scalpelnoise_p010,42,val,lecun,False,phase,F1,disinfection,0.0,False
transfer__b2a_ro_oracle_scalpelnoise_p010_001_b2a_ro_oracle_scalpelnoise_p010_seed42,transfer,b2a_ro_oracle_scalpelnoise_p010,42,val,lecun,False,phase,F1,dissection,0.9771144278606965,False
transfer__b2a_ro_oracle_scalpelnoise_p010_001_b2a_ro_oracle_scalpelnoise_p010_seed42,transfer,b2a_ro_oracle_scalpelnoise_p010,42,val,lecun,False,phase,F1,dressing,0.0,False
transfer__b2a_ro_oracle_scalpelnoise_p010_001_b2a_ro_oracle_scalpelnoise_p010_seed42,transfer,b2a_ro_oracle_scalpelnoise_p010,42,val,lecun,False,phase,F1,hemostasis,0.9285714285714285,False
transfer__b2a_ro_oracle_scalpelnoise_p010_001_b2a_ro_oracle_scalpelnoise_p010_seed42,transfer,b2a_ro_oracle_scalpelnoise_p010,42,val,lecun,False,phase,F1,incision,0.967741935483871,False
transfer__b2a_ro_oracle_scalpelnoise_p010_001_b2a_ro_oracle_scalpelnoise_p010_seed42,transfer,b2a_ro_oracle_scalpelnoise_p010,42,val,lecun,False,phase,F1,irrigation,0.0,False
transfer__b2a_ro_oracle_scalpelnoise_p010_002_b2a_ro_oracle_scalpelnoise_p010_seed123,transfer,b2a_ro_oracle_scalpelnoise_p010,123,val,lecun,False,phase,F1,anesthesia,0.9948717948717948,False
transfer__b2a_ro_oracle_scalpelnoise_p010_002_b2a_ro_oracle_scalpelnoise_p010_seed123,transfer,b2a_ro_oracle_scalpelnoise_p010,123,val,lecun,False,phase,F1,closure,0.9616724738675958,False
transfer__b2a_ro_oracle_scalpelnoise_p010_002_b2a_ro_oracle_scalpelnoise_p010_seed123,transfer,b2a_ro_oracle_scalpelnoise_p010,123,val,lecun,False,phase,F1,design,1.0,False
transfer__b2a_ro_oracle_scalpelnoise_p010_002_b2a_ro_oracle_scalpelnoise_p010_seed123,transfer,b2a_ro_oracle_scalpelnoise_p010,123,val,lecun,False,phase,F1,disinfection,0.0,False
transfer__b2a_ro_oracle_scalpelnoise_p010_002_b2a_ro_oracle_scalpelnoise_p010_seed123,transfer,b2a_ro_oracle_scalpelnoise_p010,123,val,lecun,False,phase,F1,dissection,0.9821428571428572,False
transfer__b2a_ro_oracle_scalpelnoise_p010_002_b2a_ro_oracle_scalpelnoise_p010_seed123,transfer,b2a_ro_oracle_scalpelnoise_p010,123,val,lecun,False,phase,F1,dressing,0.0,False
transfer__b2a_ro_oracle_scalpelnoise_p010_002_b2a_ro_oracle_scalpelnoise_p010_seed123,transfer,b2a_ro_oracle_scalpelnoise_p010,123,val,lecun,False,phase,F1,hemostasis,0.918918918918919,False
transfer__b2a_ro_oracle_scalpelnoise_p010_002_b2a_ro_oracle_scalpelnoise_p010_seed123,transfer,b2a_ro_oracle_scalpelnoise_p010,123,val,lecun,False,phase,F1,incision,0.9704142011834319,False
transfer__b2a_ro_oracle_scalpelnoise_p010_002_b2a_ro_oracle_scalpelnoise_p010_seed123,transfer,b2a_ro_oracle_scalpelnoise_p010,123,val,lecun,False,phase,F1,irrigation,0.0,False
transfer__b2a_ro_oracle_scalpelnoise_p010_003_b2a_ro_oracle_scalpelnoise_p010_seed456,transfer,b2a_ro_oracle_scalpelnoise_p010,456,val,lecun,False,phase,F1,anesthesia,0.9948717948717948,False
transfer__b2a_ro_oracle_scalpelnoise_p010_003_b2a_ro_oracle_scalpelnoise_p010_seed456,transfer,b2a_ro_oracle_scalpelnoise_p010,456,val,lecun,False,phase,F1,closure,0.9632867132867132,False
transfer__b2a_ro_oracle_scalpelnoise_p010_003_b2a_ro_oracle_scalpelnoise_p010_seed456,transfer,b2a_ro_oracle_scalpelnoise_p010,456,val,lecun,False,phase,F1,design,1.0,False
transfer__b2a_ro_oracle_scalpelnoise_p010_003_b2a_ro_oracle_scalpelnoise_p010_seed456,transfer,b2a_ro_oracle_scalpelnoise_p010,456,val,lecun,False,phase,F1,disinfection,0.0,False
transfer__b2a_ro_oracle_scalpelnoise_p010_003_b2a_ro_oracle_scalpelnoise_p010_seed456,transfer,b2a_ro_oracle_scalpelnoise_p010,456,val,lecun,False,phase,F1,dissection,0.9781746031746033,False
transfer__b2a_ro_oracle_scalpelnoise_p010_003_b2a_ro_oracle_scalpelnoise_p010_seed456,transfer,b2a_ro_oracle_scalpelnoise_p010,456,val,lecun,False,phase,F1,dressing,0.0,False
transfer__b2a_ro_oracle_scalpelnoise_p010_003_b2a_ro_oracle_scalpelnoise_p010_seed456,transfer,b2a_ro_oracle_scalpelnoise_p010,456,val,lecun,False,phase,F1,hemostasis,0.9230769230769231,False
transfer__b2a_ro_oracle_scalpelnoise_p010_003_b2a_ro_oracle_scalpelnoise_p010_seed456,transfer,b2a_ro_oracle_scalpelnoise_p010,456,val,lecun,False,phase,F1,incision,0.9583333333333333,False
transfer__b2a_ro_oracle_scalpelnoise_p010_003_b2a_ro_oracle_scalpelnoise_p010_seed456,transfer,b2a_ro_oracle_scalpelnoise_p010,456,val,lecun,False,phase,F1,irrigation,0.0,False
transfer__b2a_ro_oracle_scalpelnoise_p020_001_b2a_ro_oracle_scalpelnoise_p020_seed42,transfer,b2a_ro_oracle_scalpelnoise_p020,42,val,lecun,False,phase,F1,anesthesia,0.9948717948717948,False
transfer__b2a_ro_oracle_scalpelnoise_p020_001_b2a_ro_oracle_scalpelnoise_p020_seed42,transfer,b2a_ro_oracle_scalpelnoise_p020,42,val,lecun,False,phase,F1,closure,0.9726390114739629,False
transfer__b2a_ro_oracle_scalpelnoise_p020_001_b2a_ro_oracle_scalpelnoise_p020_seed42,transfer,b2a_ro_oracle_scalpelnoise_p020,42,val,lecun,False,phase,F1,design,1.0,False
transfer__b2a_ro_oracle_scalpelnoise_p020_001_b2a_ro_oracle_scalpelnoise_p020_seed42,transfer,b2a_ro_oracle_scalpelnoise_p020,42,val,lecun,False,phase,F1,disinfection,0.0,False
transfer__b2a_ro_oracle_scalpelnoise_p020_001_b2a_ro_oracle_scalpelnoise_p020_seed42,transfer,b2a_ro_oracle_scalpelnoise_p020,42,val,lecun,False,phase,F1,dissection,0.9714285714285715,False
transfer__b2a_ro_oracle_scalpelnoise_p020_001_b2a_ro_oracle_scalpelnoise_p020_seed42,transfer,b2a_ro_oracle_scalpelnoise_p020,42,val,lecun,False,phase,F1,dressing,0.0,False
transfer__b2a_ro_oracle_scalpelnoise_p020_001_b2a_ro_oracle_scalpelnoise_p020_seed42,transfer,b2a_ro_oracle_scalpelnoise_p020,42,val,lecun,False,phase,F1,hemostasis,0.9310344827586206,False
transfer__b2a_ro_oracle_scalpelnoise_p020_001_b2a_ro_oracle_scalpelnoise_p020_seed42,transfer,b2a_ro_oracle_scalpelnoise_p020,42,val,lecun,False,phase,F1,incision,0.93841642228739,False
transfer__b2a_ro_oracle_scalpelnoise_p020_001_b2a_ro_oracle_scalpelnoise_p020_seed42,transfer,b2a_ro_oracle_scalpelnoise_p020,42,val,lecun,False,phase,F1,irrigation,0.0,False
transfer__b2a_ro_oracle_scalpelnoise_p020_002_b2a_ro_oracle_scalpelnoise_p020_seed123,transfer,b2a_ro_oracle_scalpelnoise_p020,123,val,lecun,False,phase,F1,anesthesia,0.9948717948717948,False
transfer__b2a_ro_oracle_scalpelnoise_p020_002_b2a_ro_oracle_scalpelnoise_p020_seed123,transfer,b2a_ro_oracle_scalpelnoise_p020,123,val,lecun,False,phase,F1,closure,0.9584055459272097,False
transfer__b2a_ro_oracle_scalpelnoise_p020_002_b2a_ro_oracle_scalpelnoise_p020_seed123,transfer,b2a_ro_oracle_scalpelnoise_p020,123,val,lecun,False,phase,F1,design,1.0,False
transfer__b2a_ro_oracle_scalpelnoise_p020_002_b2a_ro_oracle_scalpelnoise_p020_seed123,transfer,b2a_ro_oracle_scalpelnoise_p020,123,val,lecun,False,phase,F1,disinfection,0.0,False
transfer__b2a_ro_oracle_scalpelnoise_p020_002_b2a_ro_oracle_scalpelnoise_p020_seed123,transfer,b2a_ro_oracle_scalpelnoise_p020,123,val,lecun,False,phase,F1,dissection,0.9771144278606965,False
transfer__b2a_ro_oracle_scalpelnoise_p020_002_b2a_ro_oracle_scalpelnoise_p020_seed123,transfer,b2a_ro_oracle_scalpelnoise_p020,123,val,lecun,False,phase,F1,dressing,0.0,False
transfer__b2a_ro_oracle_scalpelnoise_p020_002_b2a_ro_oracle_scalpelnoise_p020_seed123,transfer,b2a_ro_oracle_scalpelnoise_p020,123,val,lecun,False,phase,F1,hemostasis,0.9122807017543859,False
transfer__b2a_ro_oracle_scalpelnoise_p020_002_b2a_ro_oracle_scalpelnoise_p020_seed123,transfer,b2a_ro_oracle_scalpelnoise_p020,123,val,lecun,False,phase,F1,incision,0.9457831325301205,False
transfer__b2a_ro_oracle_scalpelnoise_p020_002_b2a_ro_oracle_scalpelnoise_p020_seed123,transfer,b2a_ro_oracle_scalpelnoise_p020,123,val,lecun,False,phase,F1,irrigation,0.0,False
transfer__b2a_ro_oracle_scalpelnoise_p020_003_b2a_ro_oracle_scalpelnoise_p020_seed456,transfer,b2a_ro_oracle_scalpelnoise_p020,456,val,lecun,False,phase,F1,anesthesia,0.9948717948717948,False
transfer__b2a_ro_oracle_scalpelnoise_p020_003_b2a_ro_oracle_scalpelnoise_p020_seed456,transfer,b2a_ro_oracle_scalpelnoise_p020,456,val,lecun,False,phase,F1,closure,0.967343336275375,False
transfer__b2a_ro_oracle_scalpelnoise_p020_003_b2a_ro_oracle_scalpelnoise_p020_seed456,transfer,b2a_ro_oracle_scalpelnoise_p020,456,val,lecun,False,phase,F1,design,1.0,False
transfer__b2a_ro_oracle_scalpelnoise_p020_003_b2a_ro_oracle_scalpelnoise_p020_seed456,transfer,b2a_ro_oracle_scalpelnoise_p020,456,val,lecun,False,phase,F1,disinfection,0.0,False
transfer__b2a_ro_oracle_scalpelnoise_p020_003_b2a_ro_oracle_scalpelnoise_p020_seed456,transfer,b2a_ro_oracle_scalpelnoise_p020,456,val,lecun,False,phase,F1,dissection,0.9686274509803922,False
transfer__b2a_ro_oracle_scalpelnoise_p020_003_b2a_ro_oracle_scalpelnoise_p020_seed456,transfer,b2a_ro_oracle_scalpelnoise_p020,456,val,lecun,False,phase,F1,dressing,0.0,False
transfer__b2a_ro_oracle_scalpelnoise_p020_003_b2a_ro_oracle_scalpelnoise_p020_seed456,transfer,b2a_ro_oracle_scalpelnoise_p020,456,val,lecun,False,phase,F1,hemostasis,0.9285714285714285,False
transfer__b2a_ro_oracle_scalpelnoise_p020_003_b2a_ro_oracle_scalpelnoise_p020_seed456,transfer,b2a_ro_oracle_scalpelnoise_p020,456,val,lecun,False,phase,F1,incision,0.9352941176470588,False
transfer__b2a_ro_oracle_scalpelnoise_p020_003_b2a_ro_oracle_scalpelnoise_p020_seed456,transfer,b2a_ro_oracle_scalpelnoise_p020,456,val,lecun,False,phase,F1,irrigation,0.0,False
transfer__b2a_ro_oracle_scalpelnoise_p030_001_b2a_ro_oracle_scalpelnoise_p030_seed42,transfer,b2a_ro_oracle_scalpelnoise_p030,42,val,lecun,False,phase,F1,anesthesia,0.9948717948717948,False
transfer__b2a_ro_oracle_scalpelnoise_p030_001_b2a_ro_oracle_scalpelnoise_p030_seed42,transfer,b2a_ro_oracle_scalpelnoise_p030,42,val,lecun,False,phase,F1,closure,0.9658792650918634,False
transfer__b2a_ro_oracle_scalpelnoise_p030_001_b2a_ro_oracle_scalpelnoise_p030_seed42,transfer,b2a_ro_oracle_scalpelnoise_p030,42,val,lecun,False,phase,F1,design,1.0,False
transfer__b2a_ro_oracle_scalpelnoise_p030_001_b2a_ro_oracle_scalpelnoise_p030_seed42,transfer,b2a_ro_oracle_scalpelnoise_p030,42,val,lecun,False,phase,F1,disinfection,0.0,False
transfer__b2a_ro_oracle_scalpelnoise_p030_001_b2a_ro_oracle_scalpelnoise_p030_seed42,transfer,b2a_ro_oracle_scalpelnoise_p030,42,val,lecun,False,phase,F1,dissection,0.9703557312252964,False
transfer__b2a_ro_oracle_scalpelnoise_p030_001_b2a_ro_oracle_scalpelnoise_p030_seed42,transfer,b2a_ro_oracle_scalpelnoise_p030,42,val,lecun,False,phase,F1,dressing,0.0,False
transfer__b2a_ro_oracle_scalpelnoise_p030_001_b2a_ro_oracle_scalpelnoise_p030_seed42,transfer,b2a_ro_oracle_scalpelnoise_p030,42,val,lecun,False,phase,F1,hemostasis,0.9026548672566371,False
transfer__b2a_ro_oracle_scalpelnoise_p030_001_b2a_ro_oracle_scalpelnoise_p030_seed42,transfer,b2a_ro_oracle_scalpelnoise_p030,42,val,lecun,False,phase,F1,incision,0.9376854599406529,False
transfer__b2a_ro_oracle_scalpelnoise_p030_001_b2a_ro_oracle_scalpelnoise_p030_seed42,transfer,b2a_ro_oracle_scalpelnoise_p030,42,val,lecun,False,phase,F1,irrigation,0.0,False
transfer__b2a_ro_oracle_scalpelnoise_p030_002_b2a_ro_oracle_scalpelnoise_p030_seed123,transfer,b2a_ro_oracle_scalpelnoise_p030,123,val,lecun,False,phase,F1,anesthesia,0.9948717948717948,False
transfer__b2a_ro_oracle_scalpelnoise_p030_002_b2a_ro_oracle_scalpelnoise_p030_seed123,transfer,b2a_ro_oracle_scalpelnoise_p030,123,val,lecun,False,phase,F1,closure,0.9543496985357451,False
transfer__b2a_ro_oracle_scalpelnoise_p030_002_b2a_ro_oracle_scalpelnoise_p030_seed123,transfer,b2a_ro_oracle_scalpelnoise_p030,123,val,lecun,False,phase,F1,design,1.0,False
transfer__b2a_ro_oracle_scalpelnoise_p030_002_b2a_ro_oracle_scalpelnoise_p030_seed123,transfer,b2a_ro_oracle_scalpelnoise_p030,123,val,lecun,False,phase,F1,disinfection,0.0,False
transfer__b2a_ro_oracle_scalpelnoise_p030_002_b2a_ro_oracle_scalpelnoise_p030_seed123,transfer,b2a_ro_oracle_scalpelnoise_p030,123,val,lecun,False,phase,F1,dissection,0.9739999999999999,False
transfer__b2a_ro_oracle_scalpelnoise_p030_002_b2a_ro_oracle_scalpelnoise_p030_seed123,transfer,b2a_ro_oracle_scalpelnoise_p030,123,val,lecun,False,phase,F1,dressing,0.0,False
transfer__b2a_ro_oracle_scalpelnoise_p030_002_b2a_ro_oracle_scalpelnoise_p030_seed123,transfer,b2a_ro_oracle_scalpelnoise_p030,123,val,lecun,False,phase,F1,hemostasis,0.9203539823008849,False
transfer__b2a_ro_oracle_scalpelnoise_p030_002_b2a_ro_oracle_scalpelnoise_p030_seed123,transfer,b2a_ro_oracle_scalpelnoise_p030,123,val,lecun,False,phase,F1,incision,0.9305135951661632,False
transfer__b2a_ro_oracle_scalpelnoise_p030_002_b2a_ro_oracle_scalpelnoise_p030_seed123,transfer,b2a_ro_oracle_scalpelnoise_p030,123,val,lecun,False,phase,F1,irrigation,0.0,False
transfer__b2a_ro_oracle_scalpelnoise_p030_003_b2a_ro_oracle_scalpelnoise_p030_seed456,transfer,b2a_ro_oracle_scalpelnoise_p030,456,val,lecun,False,phase,F1,anesthesia,0.9948717948717948,False
transfer__b2a_ro_oracle_scalpelnoise_p030_003_b2a_ro_oracle_scalpelnoise_p030_seed456,transfer,b2a_ro_oracle_scalpelnoise_p030,456,val,lecun,False,phase,F1,closure,0.9606299212598425,False
transfer__b2a_ro_oracle_scalpelnoise_p030_003_b2a_ro_oracle_scalpelnoise_p030_seed456,transfer,b2a_ro_oracle_scalpelnoise_p030,456,val,lecun,False,phase,F1,design,1.0,False
transfer__b2a_ro_oracle_scalpelnoise_p030_003_b2a_ro_oracle_scalpelnoise_p030_seed456,transfer,b2a_ro_oracle_scalpelnoise_p030,456,val,lecun,False,phase,F1,disinfection,0.0,False
transfer__b2a_ro_oracle_scalpelnoise_p030_003_b2a_ro_oracle_scalpelnoise_p030_seed456,transfer,b2a_ro_oracle_scalpelnoise_p030,456,val,lecun,False,phase,F1,dissection,0.9683168316831683,False
transfer__b2a_ro_oracle_scalpelnoise_p030_003_b2a_ro_oracle_scalpelnoise_p030_seed456,transfer,b2a_ro_oracle_scalpelnoise_p030,456,val,lecun,False,phase,F1,dressing,0.0,False
transfer__b2a_ro_oracle_scalpelnoise_p030_003_b2a_ro_oracle_scalpelnoise_p030_seed456,transfer,b2a_ro_oracle_scalpelnoise_p030,456,val,lecun,False,phase,F1,hemostasis,0.9075630252100839,False
transfer__b2a_ro_oracle_scalpelnoise_p030_003_b2a_ro_oracle_scalpelnoise_p030_seed456,transfer,b2a_ro_oracle_scalpelnoise_p030,456,val,lecun,False,phase,F1,incision,0.9309309309309309,False
transfer__b2a_ro_oracle_scalpelnoise_p030_003_b2a_ro_oracle_scalpelnoise_p030_seed456,transfer,b2a_ro_oracle_scalpelnoise_p030,456,val,lecun,False,phase,F1,irrigation,0.0,False
transfer__b2a_ro_oracle_top3noise_p010_001_b2a_ro_oracle_top3noise_p010_seed42,transfer,b2a_ro_oracle_top3noise_p010,42,val,lecun,False,phase,F1,anesthesia,0.9948717948717948,False
transfer__b2a_ro_oracle_top3noise_p010_001_b2a_ro_oracle_top3noise_p010_seed42,transfer,b2a_ro_oracle_top3noise_p010,42,val,lecun,False,phase,F1,closure,0.9625761531766753,False
transfer__b2a_ro_oracle_top3noise_p010_001_b2a_ro_oracle_top3noise_p010_seed42,transfer,b2a_ro_oracle_top3noise_p010,42,val,lecun,False,phase,F1,design,1.0,False
transfer__b2a_ro_oracle_top3noise_p010_001_b2a_ro_oracle_top3noise_p010_seed42,transfer,b2a_ro_oracle_top3noise_p010,42,val,lecun,False,phase,F1,disinfection,0.0,False
transfer__b2a_ro_oracle_top3noise_p010_001_b2a_ro_oracle_top3noise_p010_seed42,transfer,b2a_ro_oracle_top3noise_p010,42,val,lecun,False,phase,F1,dissection,0.973293768545994,False
transfer__b2a_ro_oracle_top3noise_p010_001_b2a_ro_oracle_top3noise_p010_seed42,transfer,b2a_ro_oracle_top3noise_p010,42,val,lecun,False,phase,F1,dressing,0.0,False
transfer__b2a_ro_oracle_top3noise_p010_001_b2a_ro_oracle_top3noise_p010_seed42,transfer,b2a_ro_oracle_top3noise_p010,42,val,lecun,False,phase,F1,hemostasis,0.8113207547169812,False
transfer__b2a_ro_oracle_top3noise_p010_001_b2a_ro_oracle_top3noise_p010_seed42,transfer,b2a_ro_oracle_top3noise_p010,42,val,lecun,False,phase,F1,incision,0.967551622418879,False
transfer__b2a_ro_oracle_top3noise_p010_001_b2a_ro_oracle_top3noise_p010_seed42,transfer,b2a_ro_oracle_top3noise_p010,42,val,lecun,False,phase,F1,irrigation,0.0,False
transfer__b2a_ro_oracle_top3noise_p010_002_b2a_ro_oracle_top3noise_p010_seed123,transfer,b2a_ro_oracle_top3noise_p010,123,val,lecun,False,phase,F1,anesthesia,0.9948717948717948,False
transfer__b2a_ro_oracle_top3noise_p010_002_b2a_ro_oracle_top3noise_p010_seed123,transfer,b2a_ro_oracle_top3noise_p010,123,val,lecun,False,phase,F1,closure,0.9617391304347825,False
transfer__b2a_ro_oracle_top3noise_p010_002_b2a_ro_oracle_top3noise_p010_seed123,transfer,b2a_ro_oracle_top3noise_p010,123,val,lecun,False,phase,F1,design,1.0,False
transfer__b2a_ro_oracle_top3noise_p010_002_b2a_ro_oracle_top3noise_p010_seed123,transfer,b2a_ro_oracle_top3noise_p010,123,val,lecun,False,phase,F1,disinfection,0.0,False
transfer__b2a_ro_oracle_top3noise_p010_002_b2a_ro_oracle_top3noise_p010_seed123,transfer,b2a_ro_oracle_top3noise_p010,123,val,lecun,False,phase,F1,dissection,0.9666011787819253,False
transfer__b2a_ro_oracle_top3noise_p010_002_b2a_ro_oracle_top3noise_p010_seed123,transfer,b2a_ro_oracle_top3noise_p010,123,val,lecun,False,phase,F1,dressing,0.0,False
transfer__b2a_ro_oracle_top3noise_p010_002_b2a_ro_oracle_top3noise_p010_seed123,transfer,b2a_ro_oracle_top3noise_p010,123,val,lecun,False,phase,F1,hemostasis,0.74,False
transfer__b2a_ro_oracle_top3noise_p010_002_b2a_ro_oracle_top3noise_p010_seed123,transfer,b2a_ro_oracle_top3noise_p010,123,val,lecun,False,phase,F1,incision,0.9376854599406529,False
transfer__b2a_ro_oracle_top3noise_p010_002_b2a_ro_oracle_top3noise_p010_seed123,transfer,b2a_ro_oracle_top3noise_p010,123,val,lecun,False,phase,F1,irrigation,0.0,False
transfer__b2a_ro_oracle_top3noise_p010_003_b2a_ro_oracle_top3noise_p010_seed456,transfer,b2a_ro_oracle_top3noise_p010,456,val,lecun,False,phase,F1,anesthesia,0.9948717948717948,False
transfer__b2a_ro_oracle_top3noise_p010_003_b2a_ro_oracle_top3noise_p010_seed456,transfer,b2a_ro_oracle_top3noise_p010,456,val,lecun,False,phase,F1,closure,0.9536307961504812,False
transfer__b2a_ro_oracle_top3noise_p010_003_b2a_ro_oracle_top3noise_p010_seed456,transfer,b2a_ro_oracle_top3noise_p010,456,val,lecun,False,phase,F1,design,0.9951690821256038,False
transfer__b2a_ro_oracle_top3noise_p010_003_b2a_ro_oracle_top3noise_p010_seed456,transfer,b2a_ro_oracle_top3noise_p010,456,val,lecun,False,phase,F1,disinfection,0.0,False
transfer__b2a_ro_oracle_top3noise_p010_003_b2a_ro_oracle_top3noise_p010_seed456,transfer,b2a_ro_oracle_top3noise_p010,456,val,lecun,False,phase,F1,dissection,0.9623762376237625,False
transfer__b2a_ro_oracle_top3noise_p010_003_b2a_ro_oracle_top3noise_p010_seed456,transfer,b2a_ro_oracle_top3noise_p010,456,val,lecun,False,phase,F1,dressing,0.0,False
transfer__b2a_ro_oracle_top3noise_p010_003_b2a_ro_oracle_top3noise_p010_seed456,transfer,b2a_ro_oracle_top3noise_p010,456,val,lecun,False,phase,F1,hemostasis,0.7321428571428571,False
transfer__b2a_ro_oracle_top3noise_p010_003_b2a_ro_oracle_top3noise_p010_seed456,transfer,b2a_ro_oracle_top3noise_p010,456,val,lecun,False,phase,F1,incision,0.943952802359882,False
transfer__b2a_ro_oracle_top3noise_p010_003_b2a_ro_oracle_top3noise_p010_seed456,transfer,b2a_ro_oracle_top3noise_p010,456,val,lecun,False,phase,F1,irrigation,0.0,False
transfer__b2a_ro_oracle_top3noise_p020_001_b2a_ro_oracle_top3noise_p020_seed42,transfer,b2a_ro_oracle_top3noise_p020,42,val,lecun,False,phase,F1,anesthesia,0.9948717948717948,False
transfer__b2a_ro_oracle_top3noise_p020_001_b2a_ro_oracle_top3noise_p020_seed42,transfer,b2a_ro_oracle_top3noise_p020,42,val,lecun,False,phase,F1,closure,0.9491228070175437,False
transfer__b2a_ro_oracle_top3noise_p020_001_b2a_ro_oracle_top3noise_p020_seed42,transfer,b2a_ro_oracle_top3noise_p020,42,val,lecun,False,phase,F1,design,1.0,False
transfer__b2a_ro_oracle_top3noise_p020_001_b2a_ro_oracle_top3noise_p020_seed42,transfer,b2a_ro_oracle_top3noise_p020,42,val,lecun,False,phase,F1,disinfection,0.0,False
transfer__b2a_ro_oracle_top3noise_p020_001_b2a_ro_oracle_top3noise_p020_seed42,transfer,b2a_ro_oracle_top3noise_p020,42,val,lecun,False,phase,F1,dissection,0.9452449567723343,False
transfer__b2a_ro_oracle_top3noise_p020_001_b2a_ro_oracle_top3noise_p020_seed42,transfer,b2a_ro_oracle_top3noise_p020,42,val,lecun,False,phase,F1,dressing,0.0,False
transfer__b2a_ro_oracle_top3noise_p020_001_b2a_ro_oracle_top3noise_p020_seed42,transfer,b2a_ro_oracle_top3noise_p020,42,val,lecun,False,phase,F1,hemostasis,0.42857142857142855,False
transfer__b2a_ro_oracle_top3noise_p020_001_b2a_ro_oracle_top3noise_p020_seed42,transfer,b2a_ro_oracle_top3noise_p020,42,val,lecun,False,phase,F1,incision,0.9470588235294117,False
transfer__b2a_ro_oracle_top3noise_p020_001_b2a_ro_oracle_top3noise_p020_seed42,transfer,b2a_ro_oracle_top3noise_p020,42,val,lecun,False,phase,F1,irrigation,0.0,False
transfer__b2a_ro_oracle_top3noise_p020_002_b2a_ro_oracle_top3noise_p020_seed123,transfer,b2a_ro_oracle_top3noise_p020,123,val,lecun,False,phase,F1,anesthesia,0.9948717948717948,False
transfer__b2a_ro_oracle_top3noise_p020_002_b2a_ro_oracle_top3noise_p020_seed123,transfer,b2a_ro_oracle_top3noise_p020,123,val,lecun,False,phase,F1,closure,0.945874001774623,False
transfer__b2a_ro_oracle_top3noise_p020_002_b2a_ro_oracle_top3noise_p020_seed123,transfer,b2a_ro_oracle_top3noise_p020,123,val,lecun,False,phase,F1,design,1.0,False
transfer__b2a_ro_oracle_top3noise_p020_002_b2a_ro_oracle_top3noise_p020_seed123,transfer,b2a_ro_oracle_top3noise_p020,123,val,lecun,False,phase,F1,disinfection,0.0,False
transfer__b2a_ro_oracle_top3noise_p020_002_b2a_ro_oracle_top3noise_p020_seed123,transfer,b2a_ro_oracle_top3noise_p020,123,val,lecun,False,phase,F1,dissection,0.9601554907677357,False
transfer__b2a_ro_oracle_top3noise_p020_002_b2a_ro_oracle_top3noise_p020_seed123,transfer,b2a_ro_oracle_top3noise_p020,123,val,lecun,False,phase,F1,dressing,0.0,False
transfer__b2a_ro_oracle_top3noise_p020_002_b2a_ro_oracle_top3noise_p020_seed123,transfer,b2a_ro_oracle_top3noise_p020,123,val,lecun,False,phase,F1,hemostasis,0.42105263157894735,False
transfer__b2a_ro_oracle_top3noise_p020_002_b2a_ro_oracle_top3noise_p020_seed123,transfer,b2a_ro_oracle_top3noise_p020,123,val,lecun,False,phase,F1,incision,0.8926553672316385,False
transfer__b2a_ro_oracle_top3noise_p020_002_b2a_ro_oracle_top3noise_p020_seed123,transfer,b2a_ro_oracle_top3noise_p020,123,val,lecun,False,phase,F1,irrigation,0.0,False
transfer__b2a_ro_oracle_top3noise_p020_003_b2a_ro_oracle_top3noise_p020_seed456,transfer,b2a_ro_oracle_top3noise_p020,456,val,lecun,False,phase,F1,anesthesia,0.9948717948717948,False
transfer__b2a_ro_oracle_top3noise_p020_003_b2a_ro_oracle_top3noise_p020_seed456,transfer,b2a_ro_oracle_top3noise_p020,456,val,lecun,False,phase,F1,closure,0.9465517241379311,False
transfer__b2a_ro_oracle_top3noise_p020_003_b2a_ro_oracle_top3noise_p020_seed456,transfer,b2a_ro_oracle_top3noise_p020,456,val,lecun,False,phase,F1,design,1.0,False
transfer__b2a_ro_oracle_top3noise_p020_003_b2a_ro_oracle_top3noise_p020_seed456,transfer,b2a_ro_oracle_top3noise_p020,456,val,lecun,False,phase,F1,disinfection,0.0,False
transfer__b2a_ro_oracle_top3noise_p020_003_b2a_ro_oracle_top3noise_p020_seed456,transfer,b2a_ro_oracle_top3noise_p020,456,val,lecun,False,phase,F1,dissection,0.9615763546798028,False
transfer__b2a_ro_oracle_top3noise_p020_003_b2a_ro_oracle_top3noise_p020_seed456,transfer,b2a_ro_oracle_top3noise_p020,456,val,lecun,False,phase,F1,dressing,0.0,False
transfer__b2a_ro_oracle_top3noise_p020_003_b2a_ro_oracle_top3noise_p020_seed456,transfer,b2a_ro_oracle_top3noise_p020,456,val,lecun,False,phase,F1,hemostasis,0.2608695652173913,False
transfer__b2a_ro_oracle_top3noise_p020_003_b2a_ro_oracle_top3noise_p020_seed456,transfer,b2a_ro_oracle_top3noise_p020,456,val,lecun,False,phase,F1,incision,0.8753462603878117,False
transfer__b2a_ro_oracle_top3noise_p020_003_b2a_ro_oracle_top3noise_p020_seed456,transfer,b2a_ro_oracle_top3noise_p020,456,val,lecun,False,phase,F1,irrigation,0.0,False
transfer__b2a_ro_oracle_top3noise_p030_001_b2a_ro_oracle_top3noise_p030_seed42,transfer,b2a_ro_oracle_top3noise_p030,42,val,lecun,False,phase,F1,anesthesia,0.9948717948717948,False
transfer__b2a_ro_oracle_top3noise_p030_001_b2a_ro_oracle_top3noise_p030_seed42,transfer,b2a_ro_oracle_top3noise_p030,42,val,lecun,False,phase,F1,closure,0.929188255613126,False
transfer__b2a_ro_oracle_top3noise_p030_001_b2a_ro_oracle_top3noise_p030_seed42,transfer,b2a_ro_oracle_top3noise_p030,42,val,lecun,False,phase,F1,design,1.0,False
transfer__b2a_ro_oracle_top3noise_p030_001_b2a_ro_oracle_top3noise_p030_seed42,transfer,b2a_ro_oracle_top3noise_p030,42,val,lecun,False,phase,F1,disinfection,0.0,False
transfer__b2a_ro_oracle_top3noise_p030_001_b2a_ro_oracle_top3noise_p030_seed42,transfer,b2a_ro_oracle_top3noise_p030,42,val,lecun,False,phase,F1,dissection,0.9594460929772503,False
transfer__b2a_ro_oracle_top3noise_p030_001_b2a_ro_oracle_top3noise_p030_seed42,transfer,b2a_ro_oracle_top3noise_p030,42,val,lecun,False,phase,F1,dressing,0.0,False
transfer__b2a_ro_oracle_top3noise_p030_001_b2a_ro_oracle_top3noise_p030_seed42,transfer,b2a_ro_oracle_top3noise_p030,42,val,lecun,False,phase,F1,hemostasis,0.02222222222222222,False
transfer__b2a_ro_oracle_top3noise_p030_001_b2a_ro_oracle_top3noise_p030_seed42,transfer,b2a_ro_oracle_top3noise_p030,42,val,lecun,False,phase,F1,incision,0.7572254335260116,False
transfer__b2a_ro_oracle_top3noise_p030_001_b2a_ro_oracle_top3noise_p030_seed42,transfer,b2a_ro_oracle_top3noise_p030,42,val,lecun,False,phase,F1,irrigation,0.0,False
transfer__b2a_ro_oracle_top3noise_p030_002_b2a_ro_oracle_top3noise_p030_seed123,transfer,b2a_ro_oracle_top3noise_p030,123,val,lecun,False,phase,F1,anesthesia,0.962962962962963,False
transfer__b2a_ro_oracle_top3noise_p030_002_b2a_ro_oracle_top3noise_p030_seed123,transfer,b2a_ro_oracle_top3noise_p030,123,val,lecun,False,phase,F1,closure,0.9380831212892281,False
transfer__b2a_ro_oracle_top3noise_p030_002_b2a_ro_oracle_top3noise_p030_seed123,transfer,b2a_ro_oracle_top3noise_p030,123,val,lecun,False,phase,F1,design,0.985645933014354,False
transfer__b2a_ro_oracle_top3noise_p030_002_b2a_ro_oracle_top3noise_p030_seed123,transfer,b2a_ro_oracle_top3noise_p030,123,val,lecun,False,phase,F1,disinfection,0.0,False
transfer__b2a_ro_oracle_top3noise_p030_002_b2a_ro_oracle_top3noise_p030_seed123,transfer,b2a_ro_oracle_top3noise_p030,123,val,lecun,False,phase,F1,dissection,0.9461312438785504,False
transfer__b2a_ro_oracle_top3noise_p030_002_b2a_ro_oracle_top3noise_p030_seed123,transfer,b2a_ro_oracle_top3noise_p030,123,val,lecun,False,phase,F1,dressing,0.0,False
transfer__b2a_ro_oracle_top3noise_p030_002_b2a_ro_oracle_top3noise_p030_seed123,transfer,b2a_ro_oracle_top3noise_p030,123,val,lecun,False,phase,F1,hemostasis,0.0,False
transfer__b2a_ro_oracle_top3noise_p030_002_b2a_ro_oracle_top3noise_p030_seed123,transfer,b2a_ro_oracle_top3noise_p030,123,val,lecun,False,phase,F1,incision,0.9069767441860465,False
transfer__b2a_ro_oracle_top3noise_p030_002_b2a_ro_oracle_top3noise_p030_seed123,transfer,b2a_ro_oracle_top3noise_p030,123,val,lecun,False,phase,F1,irrigation,0.0,False
transfer__b2a_ro_oracle_top3noise_p030_003_b2a_ro_oracle_top3noise_p030_seed456,transfer,b2a_ro_oracle_top3noise_p030,456,val,lecun,False,phase,F1,anesthesia,0.9844559585492229,False
transfer__b2a_ro_oracle_top3noise_p030_003_b2a_ro_oracle_top3noise_p030_seed456,transfer,b2a_ro_oracle_top3noise_p030,456,val,lecun,False,phase,F1,closure,0.9257641921397379,False
transfer__b2a_ro_oracle_top3noise_p030_003_b2a_ro_oracle_top3noise_p030_seed456,transfer,b2a_ro_oracle_top3noise_p030,456,val,lecun,False,phase,F1,design,0.9903846153846153,False
transfer__b2a_ro_oracle_top3noise_p030_003_b2a_ro_oracle_top3noise_p030_seed456,transfer,b2a_ro_oracle_top3noise_p030,456,val,lecun,False,phase,F1,disinfection,0.0,False
transfer__b2a_ro_oracle_top3noise_p030_003_b2a_ro_oracle_top3noise_p030_seed456,transfer,b2a_ro_oracle_top3noise_p030,456,val,lecun,False,phase,F1,dissection,0.9404990403071017,False
transfer__b2a_ro_oracle_top3noise_p030_003_b2a_ro_oracle_top3noise_p030_seed456,transfer,b2a_ro_oracle_top3noise_p030,456,val,lecun,False,phase,F1,dressing,0.0,False
transfer__b2a_ro_oracle_top3noise_p030_003_b2a_ro_oracle_top3noise_p030_seed456,transfer,b2a_ro_oracle_top3noise_p030,456,val,lecun,False,phase,F1,hemostasis,0.0,False
transfer__b2a_ro_oracle_top3noise_p030_003_b2a_ro_oracle_top3noise_p030_seed456,transfer,b2a_ro_oracle_top3noise_p030,456,val,lecun,False,phase,F1,incision,0.790273556231003,False
transfer__b2a_ro_oracle_top3noise_p030_003_b2a_ro_oracle_top3noise_p030_seed456,transfer,b2a_ro_oracle_top3noise_p030,456,val,lecun,False,phase,F1,irrigation,0.0,False
transfer__haux_hand_count_oracle_001_haux_hand_count_oracle_seed42,transfer,haux_hand_count_oracle,42,val,efros,False,phase,F1,anesthesia,0.923076923076923,False
transfer__haux_hand_count_oracle_001_haux_hand_count_oracle_seed42,transfer,haux_hand_count_oracle,42,val,efros,False,phase,F1,closure,0.9351535836177476,False
transfer__haux_hand_count_oracle_001_haux_hand_count_oracle_seed42,transfer,haux_hand_count_oracle,42,val,efros,False,phase,F1,design,1.0,False
transfer__haux_hand_count_oracle_001_haux_hand_count_oracle_seed42,transfer,haux_hand_count_oracle,42,val,efros,False,phase,F1,disinfection,0.0,False
transfer__haux_hand_count_oracle_001_haux_hand_count_oracle_seed42,transfer,haux_hand_count_oracle,42,val,efros,False,phase,F1,dissection,0.9166666666666666,False
transfer__haux_hand_count_oracle_001_haux_hand_count_oracle_seed42,transfer,haux_hand_count_oracle,42,val,efros,False,phase,F1,dressing,0.0,False
transfer__haux_hand_count_oracle_001_haux_hand_count_oracle_seed42,transfer,haux_hand_count_oracle,42,val,efros,False,phase,F1,hemostasis,0.3561643835616438,False
transfer__haux_hand_count_oracle_001_haux_hand_count_oracle_seed42,transfer,haux_hand_count_oracle,42,val,efros,False,phase,F1,incision,0.8012618296529969,False
transfer__haux_hand_count_oracle_001_haux_hand_count_oracle_seed42,transfer,haux_hand_count_oracle,42,val,efros,False,phase,F1,irrigation,0.0,False
transfer__haux_hand_count_oracle_002_haux_hand_count_oracle_seed123,transfer,haux_hand_count_oracle,123,val,efros,False,phase,F1,anesthesia,0.9791666666666666,False
transfer__haux_hand_count_oracle_002_haux_hand_count_oracle_seed123,transfer,haux_hand_count_oracle,123,val,efros,False,phase,F1,closure,0.9339130434782609,False
transfer__haux_hand_count_oracle_002_haux_hand_count_oracle_seed123,transfer,haux_hand_count_oracle,123,val,efros,False,phase,F1,design,1.0,False
transfer__haux_hand_count_oracle_002_haux_hand_count_oracle_seed123,transfer,haux_hand_count_oracle,123,val,efros,False,phase,F1,disinfection,0.0,False
transfer__haux_hand_count_oracle_002_haux_hand_count_oracle_seed123,transfer,haux_hand_count_oracle,123,val,efros,False,phase,F1,dissection,0.9208770257387988,False
transfer__haux_hand_count_oracle_002_haux_hand_count_oracle_seed123,transfer,haux_hand_count_oracle,123,val,efros,False,phase,F1,dressing,0.0,False
transfer__haux_hand_count_oracle_002_haux_hand_count_oracle_seed123,transfer,haux_hand_count_oracle,123,val,efros,False,phase,F1,hemostasis,0.15625,False
transfer__haux_hand_count_oracle_002_haux_hand_count_oracle_seed123,transfer,haux_hand_count_oracle,123,val,efros,False,phase,F1,incision,0.863768115942029,False
transfer__haux_hand_count_oracle_002_haux_hand_count_oracle_seed123,transfer,haux_hand_count_oracle,123,val,efros,False,phase,F1,irrigation,0.0,False
transfer__haux_hand_count_oracle_003_haux_hand_count_oracle_seed456,transfer,haux_hand_count_oracle,456,val,efros,False,phase,F1,anesthesia,0.88,False
transfer__haux_hand_count_oracle_003_haux_hand_count_oracle_seed456,transfer,haux_hand_count_oracle,456,val,efros,False,phase,F1,closure,0.9324324324324323,False
transfer__haux_hand_count_oracle_003_haux_hand_count_oracle_seed456,transfer,haux_hand_count_oracle,456,val,efros,False,phase,F1,design,1.0,False
transfer__haux_hand_count_oracle_003_haux_hand_count_oracle_seed456,transfer,haux_hand_count_oracle,456,val,efros,False,phase,F1,disinfection,0.0,False
transfer__haux_hand_count_oracle_003_haux_hand_count_oracle_seed456,transfer,haux_hand_count_oracle,456,val,efros,False,phase,F1,dissection,0.9261744966442954,False
transfer__haux_hand_count_oracle_003_haux_hand_count_oracle_seed456,transfer,haux_hand_count_oracle,456,val,efros,False,phase,F1,dressing,0.0,False
transfer__haux_hand_count_oracle_003_haux_hand_count_oracle_seed456,transfer,haux_hand_count_oracle,456,val,efros,False,phase,F1,hemostasis,0.12903225806451613,False
transfer__haux_hand_count_oracle_003_haux_hand_count_oracle_seed456,transfer,haux_hand_count_oracle,456,val,efros,False,phase,F1,incision,0.8154761904761905,False
transfer__haux_hand_count_oracle_003_haux_hand_count_oracle_seed456,transfer,haux_hand_count_oracle,456,val,efros,False,phase,F1,irrigation,0.0,False
transfer__haux_hand_geom_oracle_001_haux_hand_geom_oracle_seed42,transfer,haux_hand_geom_oracle,42,val,efros,False,phase,F1,anesthesia,0.9896907216494846,False
transfer__haux_hand_geom_oracle_001_haux_hand_geom_oracle_seed42,transfer,haux_hand_geom_oracle,42,val,efros,False,phase,F1,closure,0.9352014010507881,False
transfer__haux_hand_geom_oracle_001_haux_hand_geom_oracle_seed42,transfer,haux_hand_geom_oracle,42,val,efros,False,phase,F1,design,1.0,False
transfer__haux_hand_geom_oracle_001_haux_hand_geom_oracle_seed42,transfer,haux_hand_geom_oracle,42,val,efros,False,phase,F1,disinfection,0.0,False
transfer__haux_hand_geom_oracle_001_haux_hand_geom_oracle_seed42,transfer,haux_hand_geom_oracle,42,val,efros,False,phase,F1,dissection,0.917624521072797,False
transfer__haux_hand_geom_oracle_001_haux_hand_geom_oracle_seed42,transfer,haux_hand_geom_oracle,42,val,efros,False,phase,F1,dressing,0.0,False
transfer__haux_hand_geom_oracle_001_haux_hand_geom_oracle_seed42,transfer,haux_hand_geom_oracle,42,val,efros,False,phase,F1,hemostasis,0.24324324324324326,False
transfer__haux_hand_geom_oracle_001_haux_hand_geom_oracle_seed42,transfer,haux_hand_geom_oracle,42,val,efros,False,phase,F1,incision,0.8728323699421965,False
transfer__haux_hand_geom_oracle_001_haux_hand_geom_oracle_seed42,transfer,haux_hand_geom_oracle,42,val,efros,False,phase,F1,irrigation,0.0,False
transfer__haux_hand_geom_oracle_002_haux_hand_geom_oracle_seed123,transfer,haux_hand_geom_oracle,123,val,efros,False,phase,F1,anesthesia,0.9574468085106383,False
transfer__haux_hand_geom_oracle_002_haux_hand_geom_oracle_seed123,transfer,haux_hand_geom_oracle,123,val,efros,False,phase,F1,closure,0.9290657439446367,False
transfer__haux_hand_geom_oracle_002_haux_hand_geom_oracle_seed123,transfer,haux_hand_geom_oracle,123,val,efros,False,phase,F1,design,1.0,False
transfer__haux_hand_geom_oracle_002_haux_hand_geom_oracle_seed123,transfer,haux_hand_geom_oracle,123,val,efros,False,phase,F1,disinfection,0.0,False
transfer__haux_hand_geom_oracle_002_haux_hand_geom_oracle_seed123,transfer,haux_hand_geom_oracle,123,val,efros,False,phase,F1,dissection,0.9282296650717704,False
transfer__haux_hand_geom_oracle_002_haux_hand_geom_oracle_seed123,transfer,haux_hand_geom_oracle,123,val,efros,False,phase,F1,dressing,0.0,False
transfer__haux_hand_geom_oracle_002_haux_hand_geom_oracle_seed123,transfer,haux_hand_geom_oracle,123,val,efros,False,phase,F1,hemostasis,0.4999999999999999,False
transfer__haux_hand_geom_oracle_002_haux_hand_geom_oracle_seed123,transfer,haux_hand_geom_oracle,123,val,efros,False,phase,F1,incision,0.9063444108761329,False
transfer__haux_hand_geom_oracle_002_haux_hand_geom_oracle_seed123,transfer,haux_hand_geom_oracle,123,val,efros,False,phase,F1,irrigation,0.0,False
transfer__haux_hand_geom_oracle_003_haux_hand_geom_oracle_seed456,transfer,haux_hand_geom_oracle,456,val,efros,False,phase,F1,anesthesia,0.9948717948717948,False
transfer__haux_hand_geom_oracle_003_haux_hand_geom_oracle_seed456,transfer,haux_hand_geom_oracle,456,val,efros,False,phase,F1,closure,0.9334485738980123,False
transfer__haux_hand_geom_oracle_003_haux_hand_geom_oracle_seed456,transfer,haux_hand_geom_oracle,456,val,efros,False,phase,F1,design,1.0,False
transfer__haux_hand_geom_oracle_003_haux_hand_geom_oracle_seed456,transfer,haux_hand_geom_oracle,456,val,efros,False,phase,F1,disinfection,0.0,False
transfer__haux_hand_geom_oracle_003_haux_hand_geom_oracle_seed456,transfer,haux_hand_geom_oracle,456,val,efros,False,phase,F1,dissection,0.9146110056925997,False
transfer__haux_hand_geom_oracle_003_haux_hand_geom_oracle_seed456,transfer,haux_hand_geom_oracle,456,val,efros,False,phase,F1,dressing,0.0,False
transfer__haux_hand_geom_oracle_003_haux_hand_geom_oracle_seed456,transfer,haux_hand_geom_oracle,456,val,efros,False,phase,F1,hemostasis,0.5411764705882353,False
transfer__haux_hand_geom_oracle_003_haux_hand_geom_oracle_seed456,transfer,haux_hand_geom_oracle,456,val,efros,False,phase,F1,incision,0.8867313915857606,False
transfer__haux_hand_geom_oracle_003_haux_hand_geom_oracle_seed456,transfer,haux_hand_geom_oracle,456,val,efros,False,phase,F1,irrigation,0.0,False
transfer__haux_hand_own_other_oracle_001_haux_hand_own_other_oracle_seed42,transfer,haux_hand_own_other_oracle,42,val,efros,False,phase,F1,anesthesia,0.9948717948717948,False
transfer__haux_hand_own_other_oracle_001_haux_hand_own_other_oracle_seed42,transfer,haux_hand_own_other_oracle,42,val,efros,False,phase,F1,closure,0.9316017316017315,False
transfer__haux_hand_own_other_oracle_001_haux_hand_own_other_oracle_seed42,transfer,haux_hand_own_other_oracle,42,val,efros,False,phase,F1,design,1.0,False
transfer__haux_hand_own_other_oracle_001_haux_hand_own_other_oracle_seed42,transfer,haux_hand_own_other_oracle,42,val,efros,False,phase,F1,disinfection,0.0,False
transfer__haux_hand_own_other_oracle_001_haux_hand_own_other_oracle_seed42,transfer,haux_hand_own_other_oracle,42,val,efros,False,phase,F1,dissection,0.9404761904761906,False
transfer__haux_hand_own_other_oracle_001_haux_hand_own_other_oracle_seed42,transfer,haux_hand_own_other_oracle,42,val,efros,False,phase,F1,dressing,0.0,False
transfer__haux_hand_own_other_oracle_001_haux_hand_own_other_oracle_seed42,transfer,haux_hand_own_other_oracle,42,val,efros,False,phase,F1,hemostasis,0.031746031746031744,False
transfer__haux_hand_own_other_oracle_001_haux_hand_own_other_oracle_seed42,transfer,haux_hand_own_other_oracle,42,val,efros,False,phase,F1,incision,0.8021108179419524,False
transfer__haux_hand_own_other_oracle_001_haux_hand_own_other_oracle_seed42,transfer,haux_hand_own_other_oracle,42,val,efros,False,phase,F1,irrigation,0.0,False
transfer__haux_hand_own_other_oracle_002_haux_hand_own_other_oracle_seed123,transfer,haux_hand_own_other_oracle,123,val,efros,False,phase,F1,anesthesia,0.9347826086956522,False
transfer__haux_hand_own_other_oracle_002_haux_hand_own_other_oracle_seed123,transfer,haux_hand_own_other_oracle,123,val,efros,False,phase,F1,closure,0.9341421143847486,False
transfer__haux_hand_own_other_oracle_002_haux_hand_own_other_oracle_seed123,transfer,haux_hand_own_other_oracle,123,val,efros,False,phase,F1,design,1.0,False
transfer__haux_hand_own_other_oracle_002_haux_hand_own_other_oracle_seed123,transfer,haux_hand_own_other_oracle,123,val,efros,False,phase,F1,disinfection,0.0,False
transfer__haux_hand_own_other_oracle_002_haux_hand_own_other_oracle_seed123,transfer,haux_hand_own_other_oracle,123,val,efros,False,phase,F1,dissection,0.9106302916274694,False
transfer__haux_hand_own_other_oracle_002_haux_hand_own_other_oracle_seed123,transfer,haux_hand_own_other_oracle,123,val,efros,False,phase,F1,dressing,0.0,False
transfer__haux_hand_own_other_oracle_002_haux_hand_own_other_oracle_seed123,transfer,haux_hand_own_other_oracle,123,val,efros,False,phase,F1,hemostasis,0.3513513513513513,False
transfer__haux_hand_own_other_oracle_002_haux_hand_own_other_oracle_seed123,transfer,haux_hand_own_other_oracle,123,val,efros,False,phase,F1,incision,0.8307692307692308,False
transfer__haux_hand_own_other_oracle_002_haux_hand_own_other_oracle_seed123,transfer,haux_hand_own_other_oracle,123,val,efros,False,phase,F1,irrigation,0.0,False
transfer__haux_hand_own_other_oracle_003_haux_hand_own_other_oracle_seed456,transfer,haux_hand_own_other_oracle,456,val,efros,False,phase,F1,anesthesia,0.9738219895287958,False
transfer__haux_hand_own_other_oracle_003_haux_hand_own_other_oracle_seed456,transfer,haux_hand_own_other_oracle,456,val,efros,False,phase,F1,closure,0.9116360454943132,False
transfer__haux_hand_own_other_oracle_003_haux_hand_own_other_oracle_seed456,transfer,haux_hand_own_other_oracle,456,val,efros,False,phase,F1,design,0.9951690821256038,False
transfer__haux_hand_own_other_oracle_003_haux_hand_own_other_oracle_seed456,transfer,haux_hand_own_other_oracle,456,val,efros,False,phase,F1,disinfection,0.0,False
transfer__haux_hand_own_other_oracle_003_haux_hand_own_other_oracle_seed456,transfer,haux_hand_own_other_oracle,456,val,efros,False,phase,F1,dissection,0.9118198874296436,False
transfer__haux_hand_own_other_oracle_003_haux_hand_own_other_oracle_seed456,transfer,haux_hand_own_other_oracle,456,val,efros,False,phase,F1,dressing,0.0,False
transfer__haux_hand_own_other_oracle_003_haux_hand_own_other_oracle_seed456,transfer,haux_hand_own_other_oracle,456,val,efros,False,phase,F1,hemostasis,0.208955223880597,False
transfer__haux_hand_own_other_oracle_003_haux_hand_own_other_oracle_seed456,transfer,haux_hand_own_other_oracle,456,val,efros,False,phase,F1,incision,0.9096385542168673,False
transfer__haux_hand_own_other_oracle_003_haux_hand_own_other_oracle_seed456,transfer,haux_hand_own_other_oracle,456,val,efros,False,phase,F1,irrigation,0.0,False
transfer__haux_hand_presence_oracle_001_haux_hand_presence_oracle_seed42,transfer,haux_hand_presence_oracle,42,val,efros,False,phase,F1,anesthesia,0.9347826086956522,False
transfer__haux_hand_presence_oracle_001_haux_hand_presence_oracle_seed42,transfer,haux_hand_presence_oracle,42,val,efros,False,phase,F1,closure,0.9296264118158124,False
transfer__haux_hand_presence_oracle_001_haux_hand_presence_oracle_seed42,transfer,haux_hand_presence_oracle,42,val,efros,False,phase,F1,design,1.0,False
transfer__haux_hand_presence_oracle_001_haux_hand_presence_oracle_seed42,transfer,haux_hand_presence_oracle,42,val,efros,False,phase,F1,disinfection,0.0,False
transfer__haux_hand_presence_oracle_001_haux_hand_presence_oracle_seed42,transfer,haux_hand_presence_oracle,42,val,efros,False,phase,F1,dissection,0.9171483622350675,False
transfer__haux_hand_presence_oracle_001_haux_hand_presence_oracle_seed42,transfer,haux_hand_presence_oracle,42,val,efros,False,phase,F1,dressing,0.0,False
transfer__haux_hand_presence_oracle_001_haux_hand_presence_oracle_seed42,transfer,haux_hand_presence_oracle,42,val,efros,False,phase,F1,hemostasis,0.5773195876288659,False
transfer__haux_hand_presence_oracle_001_haux_hand_presence_oracle_seed42,transfer,haux_hand_presence_oracle,42,val,efros,False,phase,F1,incision,0.8727272727272727,False
transfer__haux_hand_presence_oracle_001_haux_hand_presence_oracle_seed42,transfer,haux_hand_presence_oracle,42,val,efros,False,phase,F1,irrigation,0.0,False
transfer__haux_hand_presence_oracle_002_haux_hand_presence_oracle_seed123,transfer,haux_hand_presence_oracle,123,val,efros,False,phase,F1,anesthesia,0.9896907216494846,False
transfer__haux_hand_presence_oracle_002_haux_hand_presence_oracle_seed123,transfer,haux_hand_presence_oracle,123,val,efros,False,phase,F1,closure,0.9349315068493149,False
transfer__haux_hand_presence_oracle_002_haux_hand_presence_oracle_seed123,transfer,haux_hand_presence_oracle,123,val,efros,False,phase,F1,design,1.0,False
transfer__haux_hand_presence_oracle_002_haux_hand_presence_oracle_seed123,transfer,haux_hand_presence_oracle,123,val,efros,False,phase,F1,disinfection,0.0,False
transfer__haux_hand_presence_oracle_002_haux_hand_presence_oracle_seed123,transfer,haux_hand_presence_oracle,123,val,efros,False,phase,F1,dissection,0.9246901811248809,False
transfer__haux_hand_presence_oracle_002_haux_hand_presence_oracle_seed123,transfer,haux_hand_presence_oracle,123,val,efros,False,phase,F1,dressing,0.0,False
transfer__haux_hand_presence_oracle_002_haux_hand_presence_oracle_seed123,transfer,haux_hand_presence_oracle,123,val,efros,False,phase,F1,hemostasis,0.46153846153846156,False
transfer__haux_hand_presence_oracle_002_haux_hand_presence_oracle_seed123,transfer,haux_hand_presence_oracle,123,val,efros,False,phase,F1,incision,0.8810289389067525,False
transfer__haux_hand_presence_oracle_002_haux_hand_presence_oracle_seed123,transfer,haux_hand_presence_oracle,123,val,efros,False,phase,F1,irrigation,0.0,False
transfer__haux_hand_presence_oracle_003_haux_hand_presence_oracle_seed456,transfer,haux_hand_presence_oracle,456,val,efros,False,phase,F1,anesthesia,1.0,False
transfer__haux_hand_presence_oracle_003_haux_hand_presence_oracle_seed456,transfer,haux_hand_presence_oracle,456,val,efros,False,phase,F1,closure,0.9249352890422778,False
transfer__haux_hand_presence_oracle_003_haux_hand_presence_oracle_seed456,transfer,haux_hand_presence_oracle,456,val,efros,False,phase,F1,design,1.0,False
transfer__haux_hand_presence_oracle_003_haux_hand_presence_oracle_seed456,transfer,haux_hand_presence_oracle,456,val,efros,False,phase,F1,disinfection,0.0,False
transfer__haux_hand_presence_oracle_003_haux_hand_presence_oracle_seed456,transfer,haux_hand_presence_oracle,456,val,efros,False,phase,F1,dissection,0.8964879852125693,False
transfer__haux_hand_presence_oracle_003_haux_hand_presence_oracle_seed456,transfer,haux_hand_presence_oracle,456,val,efros,False,phase,F1,dressing,0.0,False
transfer__haux_hand_presence_oracle_003_haux_hand_presence_oracle_seed456,transfer,haux_hand_presence_oracle,456,val,efros,False,phase,F1,hemostasis,0.30985915492957744,False
transfer__haux_hand_presence_oracle_003_haux_hand_presence_oracle_seed456,transfer,haux_hand_presence_oracle,456,val,efros,False,phase,F1,incision,0.7945205479452054,False
transfer__haux_hand_presence_oracle_003_haux_hand_presence_oracle_seed456,transfer,haux_hand_presence_oracle,456,val,efros,False,phase,F1,irrigation,0.0,False
transfer__haux_hand_presence_oracle_shuffle_001_haux_hand_presence_oracle_shuffle_seed42,transfer,haux_hand_presence_oracle_shuffle,42,val,efros,False,phase,F1,anesthesia,0.9844559585492229,False
transfer__haux_hand_presence_oracle_shuffle_001_haux_hand_presence_oracle_shuffle_seed42,transfer,haux_hand_presence_oracle_shuffle,42,val,efros,False,phase,F1,closure,0.9303964757709252,False
transfer__haux_hand_presence_oracle_shuffle_001_haux_hand_presence_oracle_shuffle_seed42,transfer,haux_hand_presence_oracle_shuffle,42,val,efros,False,phase,F1,design,1.0,False
transfer__haux_hand_presence_oracle_shuffle_001_haux_hand_presence_oracle_shuffle_seed42,transfer,haux_hand_presence_oracle_shuffle,42,val,efros,False,phase,F1,disinfection,0.0,False
transfer__haux_hand_presence_oracle_shuffle_001_haux_hand_presence_oracle_shuffle_seed42,transfer,haux_hand_presence_oracle_shuffle,42,val,efros,False,phase,F1,dissection,0.9000000000000001,False
transfer__haux_hand_presence_oracle_shuffle_001_haux_hand_presence_oracle_shuffle_seed42,transfer,haux_hand_presence_oracle_shuffle,42,val,efros,False,phase,F1,dressing,0.0,False
transfer__haux_hand_presence_oracle_shuffle_001_haux_hand_presence_oracle_shuffle_seed42,transfer,haux_hand_presence_oracle_shuffle,42,val,efros,False,phase,F1,hemostasis,0.5504587155963302,False
transfer__haux_hand_presence_oracle_shuffle_001_haux_hand_presence_oracle_shuffle_seed42,transfer,haux_hand_presence_oracle_shuffle,42,val,efros,False,phase,F1,incision,0.8916408668730651,False
transfer__haux_hand_presence_oracle_shuffle_001_haux_hand_presence_oracle_shuffle_seed42,transfer,haux_hand_presence_oracle_shuffle,42,val,efros,False,phase,F1,irrigation,0.0,False
transfer__haux_hand_presence_oracle_shuffle_002_haux_hand_presence_oracle_shuffle_seed123,transfer,haux_hand_presence_oracle_shuffle,123,val,efros,False,phase,F1,anesthesia,0.9171270718232044,False
transfer__haux_hand_presence_oracle_shuffle_002_haux_hand_presence_oracle_shuffle_seed123,transfer,haux_hand_presence_oracle_shuffle,123,val,efros,False,phase,F1,closure,0.9332191780821918,False
transfer__haux_hand_presence_oracle_shuffle_002_haux_hand_presence_oracle_shuffle_seed123,transfer,haux_hand_presence_oracle_shuffle,123,val,efros,False,phase,F1,design,1.0,False
transfer__haux_hand_presence_oracle_shuffle_002_haux_hand_presence_oracle_shuffle_seed123,transfer,haux_hand_presence_oracle_shuffle,123,val,efros,False,phase,F1,disinfection,0.0,False
transfer__haux_hand_presence_oracle_shuffle_002_haux_hand_presence_oracle_shuffle_seed123,transfer,haux_hand_presence_oracle_shuffle,123,val,efros,False,phase,F1,dissection,0.9273422562141491,False
transfer__haux_hand_presence_oracle_shuffle_002_haux_hand_presence_oracle_shuffle_seed123,transfer,haux_hand_presence_oracle_shuffle,123,val,efros,False,phase,F1,dressing,0.0,False
transfer__haux_hand_presence_oracle_shuffle_002_haux_hand_presence_oracle_shuffle_seed123,transfer,haux_hand_presence_oracle_shuffle,123,val,efros,False,phase,F1,hemostasis,0.39999999999999997,False
transfer__haux_hand_presence_oracle_shuffle_002_haux_hand_presence_oracle_shuffle_seed123,transfer,haux_hand_presence_oracle_shuffle,123,val,efros,False,phase,F1,incision,0.8545454545454546,False
transfer__haux_hand_presence_oracle_shuffle_002_haux_hand_presence_oracle_shuffle_seed123,transfer,haux_hand_presence_oracle_shuffle,123,val,efros,False,phase,F1,irrigation,0.0,False
transfer__haux_hand_presence_oracle_shuffle_003_haux_hand_presence_oracle_shuffle_seed456,transfer,haux_hand_presence_oracle_shuffle,456,val,efros,False,phase,F1,anesthesia,0.819277108433735,False
transfer__haux_hand_presence_oracle_shuffle_003_haux_hand_presence_oracle_shuffle_seed456,transfer,haux_hand_presence_oracle_shuffle,456,val,efros,False,phase,F1,closure,0.9247491638795986,False
transfer__haux_hand_presence_oracle_shuffle_003_haux_hand_presence_oracle_shuffle_seed456,transfer,haux_hand_presence_oracle_shuffle,456,val,efros,False,phase,F1,design,0.9801980198019802,False
transfer__haux_hand_presence_oracle_shuffle_003_haux_hand_presence_oracle_shuffle_seed456,transfer,haux_hand_presence_oracle_shuffle,456,val,efros,False,phase,F1,disinfection,0.0,False
transfer__haux_hand_presence_oracle_shuffle_003_haux_hand_presence_oracle_shuffle_seed456,transfer,haux_hand_presence_oracle_shuffle,456,val,efros,False,phase,F1,dissection,0.9315068493150684,False
transfer__haux_hand_presence_oracle_shuffle_003_haux_hand_presence_oracle_shuffle_seed456,transfer,haux_hand_presence_oracle_shuffle,456,val,efros,False,phase,F1,dressing,0.0,False
transfer__haux_hand_presence_oracle_shuffle_003_haux_hand_presence_oracle_shuffle_seed456,transfer,haux_hand_presence_oracle_shuffle,456,val,efros,False,phase,F1,hemostasis,0.0,False
transfer__haux_hand_presence_oracle_shuffle_003_haux_hand_presence_oracle_shuffle_seed456,transfer,haux_hand_presence_oracle_shuffle,456,val,efros,False,phase,F1,incision,0.815426997245179,False
transfer__haux_hand_presence_oracle_shuffle_003_haux_hand_presence_oracle_shuffle_seed456,transfer,haux_hand_presence_oracle_shuffle,456,val,efros,False,phase,F1,irrigation,0.0,False
transfer__haux_hand_presence_oracle_withtooloracle_001_haux_hand_presence_oracle_withtooloracle_seed42,transfer,haux_hand_presence_oracle_withtooloracle,42,val,efros,False,phase,F1,anesthesia,0.9948717948717948,False
transfer__haux_hand_presence_oracle_withtooloracle_001_haux_hand_presence_oracle_withtooloracle_seed42,transfer,haux_hand_presence_oracle_withtooloracle,42,val,efros,False,phase,F1,closure,0.9567519858781993,False
transfer__haux_hand_presence_oracle_withtooloracle_001_haux_hand_presence_oracle_withtooloracle_seed42,transfer,haux_hand_presence_oracle_withtooloracle,42,val,efros,False,phase,F1,design,1.0,False
transfer__haux_hand_presence_oracle_withtooloracle_001_haux_hand_presence_oracle_withtooloracle_seed42,transfer,haux_hand_presence_oracle_withtooloracle,42,val,efros,False,phase,F1,disinfection,0.0,False
transfer__haux_hand_presence_oracle_withtooloracle_001_haux_hand_presence_oracle_withtooloracle_seed42,transfer,haux_hand_presence_oracle_withtooloracle,42,val,efros,False,phase,F1,dissection,0.963972736124635,False
transfer__haux_hand_presence_oracle_withtooloracle_001_haux_hand_presence_oracle_withtooloracle_seed42,transfer,haux_hand_presence_oracle_withtooloracle,42,val,efros,False,phase,F1,dressing,0.0,False
transfer__haux_hand_presence_oracle_withtooloracle_001_haux_hand_presence_oracle_withtooloracle_seed42,transfer,haux_hand_presence_oracle_withtooloracle,42,val,efros,False,phase,F1,hemostasis,0.8828828828828829,False
transfer__haux_hand_presence_oracle_withtooloracle_001_haux_hand_presence_oracle_withtooloracle_seed42,transfer,haux_hand_presence_oracle_withtooloracle,42,val,efros,False,phase,F1,incision,0.9580838323353293,False
transfer__haux_hand_presence_oracle_withtooloracle_001_haux_hand_presence_oracle_withtooloracle_seed42,transfer,haux_hand_presence_oracle_withtooloracle,42,val,efros,False,phase,F1,irrigation,0.0,False
transfer__haux_hand_presence_oracle_withtooloracle_002_haux_hand_presence_oracle_withtooloracle_seed123,transfer,haux_hand_presence_oracle_withtooloracle,123,val,efros,False,phase,F1,anesthesia,0.9896907216494846,False
transfer__haux_hand_presence_oracle_withtooloracle_002_haux_hand_presence_oracle_withtooloracle_seed123,transfer,haux_hand_presence_oracle_withtooloracle,123,val,efros,False,phase,F1,closure,0.9589519650655021,False
transfer__haux_hand_presence_oracle_withtooloracle_002_haux_hand_presence_oracle_withtooloracle_seed123,transfer,haux_hand_presence_oracle_withtooloracle,123,val,efros,False,phase,F1,design,1.0,False
transfer__haux_hand_presence_oracle_withtooloracle_002_haux_hand_presence_oracle_withtooloracle_seed123,transfer,haux_hand_presence_oracle_withtooloracle,123,val,efros,False,phase,F1,disinfection,0.0,False
transfer__haux_hand_presence_oracle_withtooloracle_002_haux_hand_presence_oracle_withtooloracle_seed123,transfer,haux_hand_presence_oracle_withtooloracle,123,val,efros,False,phase,F1,dissection,0.9697560975609756,False
transfer__haux_hand_presence_oracle_withtooloracle_002_haux_hand_presence_oracle_withtooloracle_seed123,transfer,haux_hand_presence_oracle_withtooloracle,123,val,efros,False,phase,F1,dressing,0.0,False
transfer__haux_hand_presence_oracle_withtooloracle_002_haux_hand_presence_oracle_withtooloracle_seed123,transfer,haux_hand_presence_oracle_withtooloracle,123,val,efros,False,phase,F1,hemostasis,0.9038461538461539,False
transfer__haux_hand_presence_oracle_withtooloracle_002_haux_hand_presence_oracle_withtooloracle_seed123,transfer,haux_hand_presence_oracle_withtooloracle,123,val,efros,False,phase,F1,incision,0.9578313253012049,False
transfer__haux_hand_presence_oracle_withtooloracle_002_haux_hand_presence_oracle_withtooloracle_seed123,transfer,haux_hand_presence_oracle_withtooloracle,123,val,efros,False,phase,F1,irrigation,0.0,False
transfer__haux_hand_presence_oracle_withtooloracle_003_haux_hand_presence_oracle_withtooloracle_seed456,transfer,haux_hand_presence_oracle_withtooloracle,456,val,efros,False,phase,F1,anesthesia,0.9896907216494846,False
transfer__haux_hand_presence_oracle_withtooloracle_003_haux_hand_presence_oracle_withtooloracle_seed456,transfer,haux_hand_presence_oracle_withtooloracle,456,val,efros,False,phase,F1,closure,0.9551724137931035,False
transfer__haux_hand_presence_oracle_withtooloracle_003_haux_hand_presence_oracle_withtooloracle_seed456,transfer,haux_hand_presence_oracle_withtooloracle,456,val,efros,False,phase,F1,design,1.0,False
transfer__haux_hand_presence_oracle_withtooloracle_003_haux_hand_presence_oracle_withtooloracle_seed456,transfer,haux_hand_presence_oracle_withtooloracle,456,val,efros,False,phase,F1,disinfection,0.0,False
transfer__haux_hand_presence_oracle_withtooloracle_003_haux_hand_presence_oracle_withtooloracle_seed456,transfer,haux_hand_presence_oracle_withtooloracle,456,val,efros,False,phase,F1,dissection,0.977867203219316,False
transfer__haux_hand_presence_oracle_withtooloracle_003_haux_hand_presence_oracle_withtooloracle_seed456,transfer,haux_hand_presence_oracle_withtooloracle,456,val,efros,False,phase,F1,dressing,0.0,False
transfer__haux_hand_presence_oracle_withtooloracle_003_haux_hand_presence_oracle_withtooloracle_seed456,transfer,haux_hand_presence_oracle_withtooloracle,456,val,efros,False,phase,F1,hemostasis,0.8965517241379309,False
transfer__haux_hand_presence_oracle_withtooloracle_003_haux_hand_presence_oracle_withtooloracle_seed456,transfer,haux_hand_presence_oracle_withtooloracle,456,val,efros,False,phase,F1,incision,0.9583333333333333,False
transfer__haux_hand_presence_oracle_withtooloracle_003_haux_hand_presence_oracle_withtooloracle_seed456,transfer,haux_hand_presence_oracle_withtooloracle,456,val,efros,False,phase,F1,irrigation,0.0,False
transfer__hc_seed123,transfer_legacy,hc,123,,,False,coco_map,AP,Bipolar Forceps,0.823750761351806,False
transfer__hc_seed123,transfer_legacy,hc,123,,,False,coco_map,AP,Electric Cautery,0.9602383861955732,False
transfer__hc_seed123,transfer_legacy,hc,123,,,False,coco_map,AP,Forceps,0.3543220524395602,False
transfer__hc_seed123,transfer_legacy,hc,123,,,False,coco_map,AP,Gauze,0.2969206873922646,False
transfer__hc_seed123,transfer_legacy,hc,123,,,False,coco_map,AP,Hook,0.5830649274655337,False
transfer__hc_seed123,transfer_legacy,hc,123,,,False,coco_map,AP,Mouth Gag,0.8065054149865878,False
transfer__hc_seed123,transfer_legacy,hc,123,,,False,coco_map,AP,Needle Holders,0.8416741225987542,False
transfer__hc_seed123,transfer_legacy,hc,123,,,False,coco_map,AP,Raspatory,0.8313904199873767,False
transfer__hc_seed123,transfer_legacy,hc,123,,,False,coco_map,AP,Retractor,,True
transfer__hc_seed123,transfer_legacy,hc,123,,,False,coco_map,AP,Scalpel,0.9136701680365784,False
transfer__hc_seed123,transfer_legacy,hc,123,,,False,coco_map,AP,Scissors,0.7113814980154128,False
transfer__hc_seed123,transfer_legacy,hc,123,,,False,coco_map,AP,Skewer,0.9375452947200643,False
transfer__hc_seed123,transfer_legacy,hc,123,,,False,coco_map,AP,Suction Cannula,0.8129630029533544,False
transfer__hc_seed123,transfer_legacy,hc,123,,,False,coco_map,AP,Syringe,0.5663738027331882,False
transfer__hc_seed123,transfer_legacy,hc,123,,,False,coco_map,AP,Tweezers,0.7811505458373658,False
transfer__hc_seed456,transfer_legacy,hc,456,,,False,coco_map,AP,Bipolar Forceps,0.774433482275884,False
transfer__hc_seed456,transfer_legacy,hc,456,,,False,coco_map,AP,Electric Cautery,0.9593162212857189,False
transfer__hc_seed456,transfer_legacy,hc,456,,,False,coco_map,AP,Forceps,0.37946449772723284,False
transfer__hc_seed456,transfer_legacy,hc,456,,,False,coco_map,AP,Gauze,0.28455939575936184,False
transfer__hc_seed456,transfer_legacy,hc,456,,,False,coco_map,AP,Hook,0.5936818912598674,False
transfer__hc_seed456,transfer_legacy,hc,456,,,False,coco_map,AP,Mouth Gag,0.8083617027888916,False
transfer__hc_seed456,transfer_legacy,hc,456,,,False,coco_map,AP,Needle Holders,0.8412640175449474,False
transfer__hc_seed456,transfer_legacy,hc,456,,,False,coco_map,AP,Raspatory,0.8094217718899598,False
transfer__hc_seed456,transfer_legacy,hc,456,,,False,coco_map,AP,Retractor,,True
transfer__hc_seed456,transfer_legacy,hc,456,,,False,coco_map,AP,Scalpel,0.9057850654954017,False
transfer__hc_seed456,transfer_legacy,hc,456,,,False,coco_map,AP,Scissors,0.7022870078238955,False
transfer__hc_seed456,transfer_legacy,hc,456,,,False,coco_map,AP,Skewer,0.9461938295571429,False
transfer__hc_seed456,transfer_legacy,hc,456,,,False,coco_map,AP,Suction Cannula,0.7990466934503581,False
transfer__hc_seed456,transfer_legacy,hc,456,,,False,coco_map,AP,Syringe,0.5295961293378176,False
transfer__hc_seed456,transfer_legacy,hc,456,,,False,coco_map,AP,Tweezers,0.779885549115662,False
transfer__hires_relation_detr_augstrong_hires_seed42_p123_001_hires_relation_detr_augstrong_hires_seed42_p123_seed123,transfer,hires_relation_detr_augstrong_hires_seed42_p123,123,val,efros,False,phase,F1,anesthesia,0.9896907216494846,False
transfer__hires_relation_detr_augstrong_hires_seed42_p123_001_hires_relation_detr_augstrong_hires_seed42_p123_seed123,transfer,hires_relation_detr_augstrong_hires_seed42_p123,123,val,efros,False,phase,F1,closure,0.9565972222222222,False
transfer__hires_relation_detr_augstrong_hires_seed42_p123_001_hires_relation_detr_augstrong_hires_seed42_p123_seed123,transfer,hires_relation_detr_augstrong_hires_seed42_p123,123,val,efros,False,phase,F1,design,0.9852216748768473,False
transfer__hires_relation_detr_augstrong_hires_seed42_p123_001_hires_relation_detr_augstrong_hires_seed42_p123_seed123,transfer,hires_relation_detr_augstrong_hires_seed42_p123,123,val,efros,False,phase,F1,disinfection,0.0,False
transfer__hires_relation_detr_augstrong_hires_seed42_p123_001_hires_relation_detr_augstrong_hires_seed42_p123_seed123,transfer,hires_relation_detr_augstrong_hires_seed42_p123,123,val,efros,False,phase,F1,dissection,0.9571984435797666,False
transfer__hires_relation_detr_augstrong_hires_seed42_p123_001_hires_relation_detr_augstrong_hires_seed42_p123_seed123,transfer,hires_relation_detr_augstrong_hires_seed42_p123,123,val,efros,False,phase,F1,dressing,0.0,False
transfer__hires_relation_detr_augstrong_hires_seed42_p123_001_hires_relation_detr_augstrong_hires_seed42_p123_seed123,transfer,hires_relation_detr_augstrong_hires_seed42_p123,123,val,efros,False,phase,F1,hemostasis,0.7252747252747253,False
transfer__hires_relation_detr_augstrong_hires_seed42_p123_001_hires_relation_detr_augstrong_hires_seed42_p123_seed123,transfer,hires_relation_detr_augstrong_hires_seed42_p123,123,val,efros,False,phase,F1,incision,0.9526627218934912,False
transfer__hires_relation_detr_augstrong_hires_seed42_p123_001_hires_relation_detr_augstrong_hires_seed42_p123_seed123,transfer,hires_relation_detr_augstrong_hires_seed42_p123,123,val,efros,False,phase,F1,irrigation,0.0,False
transfer__hires_relation_detr_augstrong_hires_seed42_p42_001_hires_relation_detr_augstrong_hires_seed42_p42_seed42,transfer,hires_relation_detr_augstrong_hires_seed42_p42,42,val,efros,False,phase,F1,anesthesia,1.0,False
transfer__hires_relation_detr_augstrong_hires_seed42_p42_001_hires_relation_detr_augstrong_hires_seed42_p42_seed42,transfer,hires_relation_detr_augstrong_hires_seed42_p42,42,val,efros,False,phase,F1,closure,0.9564459930313588,False
transfer__hires_relation_detr_augstrong_hires_seed42_p42_001_hires_relation_detr_augstrong_hires_seed42_p42_seed42,transfer,hires_relation_detr_augstrong_hires_seed42_p42,42,val,efros,False,phase,F1,design,0.9801980198019802,False
transfer__hires_relation_detr_augstrong_hires_seed42_p42_001_hires_relation_detr_augstrong_hires_seed42_p42_seed42,transfer,hires_relation_detr_augstrong_hires_seed42_p42,42,val,efros,False,phase,F1,disinfection,0.0,False
transfer__hires_relation_detr_augstrong_hires_seed42_p42_001_hires_relation_detr_augstrong_hires_seed42_p42_seed42,transfer,hires_relation_detr_augstrong_hires_seed42_p42,42,val,efros,False,phase,F1,dissection,0.9581304771178188,False
transfer__hires_relation_detr_augstrong_hires_seed42_p42_001_hires_relation_detr_augstrong_hires_seed42_p42_seed42,transfer,hires_relation_detr_augstrong_hires_seed42_p42,42,val,efros,False,phase,F1,dressing,0.0,False
transfer__hires_relation_detr_augstrong_hires_seed42_p42_001_hires_relation_detr_augstrong_hires_seed42_p42_seed42,transfer,hires_relation_detr_augstrong_hires_seed42_p42,42,val,efros,False,phase,F1,hemostasis,0.7755102040816327,False
transfer__hires_relation_detr_augstrong_hires_seed42_p42_001_hires_relation_detr_augstrong_hires_seed42_p42_seed42,transfer,hires_relation_detr_augstrong_hires_seed42_p42,42,val,efros,False,phase,F1,incision,0.955223880597015,False
transfer__hires_relation_detr_augstrong_hires_seed42_p42_001_hires_relation_detr_augstrong_hires_seed42_p42_seed42,transfer,hires_relation_detr_augstrong_hires_seed42_p42,42,val,efros,False,phase,F1,irrigation,0.0,False
transfer__hires_relation_detr_augstrong_hires_seed42_p456_001_hires_relation_detr_augstrong_hires_seed42_p456_seed456,transfer,hires_relation_detr_augstrong_hires_seed42_p456,456,val,efros,False,phase,F1,anesthesia,1.0,False
transfer__hires_relation_detr_augstrong_hires_seed42_p456_001_hires_relation_detr_augstrong_hires_seed42_p456_seed456,transfer,hires_relation_detr_augstrong_hires_seed42_p456,456,val,efros,False,phase,F1,closure,0.9599303135888502,False
transfer__hires_relation_detr_augstrong_hires_seed42_p456_001_hires_relation_detr_augstrong_hires_seed42_p456_seed456,transfer,hires_relation_detr_augstrong_hires_seed42_p456,456,val,efros,False,phase,F1,design,0.9852216748768473,False
transfer__hires_relation_detr_augstrong_hires_seed42_p456_001_hires_relation_detr_augstrong_hires_seed42_p456_seed456,transfer,hires_relation_detr_augstrong_hires_seed42_p456,456,val,efros,False,phase,F1,disinfection,0.0,False
transfer__hires_relation_detr_augstrong_hires_seed42_p456_001_hires_relation_detr_augstrong_hires_seed42_p456_seed456,transfer,hires_relation_detr_augstrong_hires_seed42_p456,456,val,efros,False,phase,F1,dissection,0.9582929194956353,False
transfer__hires_relation_detr_augstrong_hires_seed42_p456_001_hires_relation_detr_augstrong_hires_seed42_p456_seed456,transfer,hires_relation_detr_augstrong_hires_seed42_p456,456,val,efros,False,phase,F1,dressing,0.0,False
transfer__hires_relation_detr_augstrong_hires_seed42_p456_001_hires_relation_detr_augstrong_hires_seed42_p456_seed456,transfer,hires_relation_detr_augstrong_hires_seed42_p456,456,val,efros,False,phase,F1,hemostasis,0.7578947368421052,False
transfer__hires_relation_detr_augstrong_hires_seed42_p456_001_hires_relation_detr_augstrong_hires_seed42_p456_seed456,transfer,hires_relation_detr_augstrong_hires_seed42_p456,456,val,efros,False,phase,F1,incision,0.9549549549549551,False
transfer__hires_relation_detr_augstrong_hires_seed42_p456_001_hires_relation_detr_augstrong_hires_seed42_p456_seed456,transfer,hires_relation_detr_augstrong_hires_seed42_p456,456,val,efros,False,phase,F1,irrigation,0.0,False
transfer__hires_relation_detr_augstrong_seed42_p123_001_hires_relation_detr_augstrong_seed42_p123_seed123,transfer,hires_relation_detr_augstrong_seed42_p123,123,val,efros,False,phase,F1,anesthesia,1.0,False
transfer__hires_relation_detr_augstrong_seed42_p123_001_hires_relation_detr_augstrong_seed42_p123_seed123,transfer,hires_relation_detr_augstrong_seed42_p123,123,val,efros,False,phase,F1,closure,0.9556135770234987,False
transfer__hires_relation_detr_augstrong_seed42_p123_001_hires_relation_detr_augstrong_seed42_p123_seed123,transfer,hires_relation_detr_augstrong_seed42_p123,123,val,efros,False,phase,F1,design,0.9901960784313726,False
transfer__hires_relation_detr_augstrong_seed42_p123_001_hires_relation_detr_augstrong_seed42_p123_seed123,transfer,hires_relation_detr_augstrong_seed42_p123,123,val,efros,False,phase,F1,disinfection,0.0,False
transfer__hires_relation_detr_augstrong_seed42_p123_001_hires_relation_detr_augstrong_seed42_p123_seed123,transfer,hires_relation_detr_augstrong_seed42_p123,123,val,efros,False,phase,F1,dissection,0.9619512195121952,False
transfer__hires_relation_detr_augstrong_seed42_p123_001_hires_relation_detr_augstrong_seed42_p123_seed123,transfer,hires_relation_detr_augstrong_seed42_p123,123,val,efros,False,phase,F1,dressing,0.0,False
transfer__hires_relation_detr_augstrong_seed42_p123_001_hires_relation_detr_augstrong_seed42_p123_seed123,transfer,hires_relation_detr_augstrong_seed42_p123,123,val,efros,False,phase,F1,hemostasis,0.8316831683168316,False
transfer__hires_relation_detr_augstrong_seed42_p123_001_hires_relation_detr_augstrong_seed42_p123_seed123,transfer,hires_relation_detr_augstrong_seed42_p123,123,val,efros,False,phase,F1,incision,0.9546827794561933,False
transfer__hires_relation_detr_augstrong_seed42_p123_001_hires_relation_detr_augstrong_seed42_p123_seed123,transfer,hires_relation_detr_augstrong_seed42_p123,123,val,efros,False,phase,F1,irrigation,0.0,False
transfer__hires_relation_detr_augstrong_seed42_p42_001_hires_relation_detr_augstrong_seed42_p42_seed42,transfer,hires_relation_detr_augstrong_seed42_p42,42,val,efros,False,phase,F1,anesthesia,1.0,False
transfer__hires_relation_detr_augstrong_seed42_p42_001_hires_relation_detr_augstrong_seed42_p42_seed42,transfer,hires_relation_detr_augstrong_seed42_p42,42,val,efros,False,phase,F1,closure,0.9574283231972199,False
transfer__hires_relation_detr_augstrong_seed42_p42_001_hires_relation_detr_augstrong_seed42_p42_seed42,transfer,hires_relation_detr_augstrong_seed42_p42,42,val,efros,False,phase,F1,design,0.9901960784313726,False
transfer__hires_relation_detr_augstrong_seed42_p42_001_hires_relation_detr_augstrong_seed42_p42_seed42,transfer,hires_relation_detr_augstrong_seed42_p42,42,val,efros,False,phase,F1,disinfection,0.0,False
transfer__hires_relation_detr_augstrong_seed42_p42_001_hires_relation_detr_augstrong_seed42_p42_seed42,transfer,hires_relation_detr_augstrong_seed42_p42,42,val,efros,False,phase,F1,dissection,0.962671905697446,False
transfer__hires_relation_detr_augstrong_seed42_p42_001_hires_relation_detr_augstrong_seed42_p42_seed42,transfer,hires_relation_detr_augstrong_seed42_p42,42,val,efros,False,phase,F1,dressing,0.0,False
transfer__hires_relation_detr_augstrong_seed42_p42_001_hires_relation_detr_augstrong_seed42_p42_seed42,transfer,hires_relation_detr_augstrong_seed42_p42,42,val,efros,False,phase,F1,hemostasis,0.8543689320388349,False
transfer__hires_relation_detr_augstrong_seed42_p42_001_hires_relation_detr_augstrong_seed42_p42_seed42,transfer,hires_relation_detr_augstrong_seed42_p42,42,val,efros,False,phase,F1,incision,0.9580838323353293,False
transfer__hires_relation_detr_augstrong_seed42_p42_001_hires_relation_detr_augstrong_seed42_p42_seed42,transfer,hires_relation_detr_augstrong_seed42_p42,42,val,efros,False,phase,F1,irrigation,0.0,False
transfer__hires_relation_detr_augstrong_seed42_p456_001_hires_relation_detr_augstrong_seed42_p456_seed456,transfer,hires_relation_detr_augstrong_seed42_p456,456,val,efros,False,phase,F1,anesthesia,1.0,False
transfer__hires_relation_detr_augstrong_seed42_p456_001_hires_relation_detr_augstrong_seed42_p456_seed456,transfer,hires_relation_detr_augstrong_seed42_p456,456,val,efros,False,phase,F1,closure,0.9565972222222222,False
transfer__hires_relation_detr_augstrong_seed42_p456_001_hires_relation_detr_augstrong_seed42_p456_seed456,transfer,hires_relation_detr_augstrong_seed42_p456,456,val,efros,False,phase,F1,design,0.9951219512195122,False
transfer__hires_relation_detr_augstrong_seed42_p456_001_hires_relation_detr_augstrong_seed42_p456_seed456,transfer,hires_relation_detr_augstrong_seed42_p456,456,val,efros,False,phase,F1,disinfection,0.0,False
transfer__hires_relation_detr_augstrong_seed42_p456_001_hires_relation_detr_augstrong_seed42_p456_seed456,transfer,hires_relation_detr_augstrong_seed42_p456,456,val,efros,False,phase,F1,dissection,0.95968534906588,False
transfer__hires_relation_detr_augstrong_seed42_p456_001_hires_relation_detr_augstrong_seed42_p456_seed456,transfer,hires_relation_detr_augstrong_seed42_p456,456,val,efros,False,phase,F1,dressing,0.0,False
transfer__hires_relation_detr_augstrong_seed42_p456_001_hires_relation_detr_augstrong_seed42_p456_seed456,transfer,hires_relation_detr_augstrong_seed42_p456,456,val,efros,False,phase,F1,hemostasis,0.8399999999999999,False
transfer__hires_relation_detr_augstrong_seed42_p456_001_hires_relation_detr_augstrong_seed42_p456_seed456,transfer,hires_relation_detr_augstrong_seed42_p456,456,val,efros,False,phase,F1,incision,0.9583333333333333,False
transfer__hires_relation_detr_augstrong_seed42_p456_001_hires_relation_detr_augstrong_seed42_p456_seed456,transfer,hires_relation_detr_augstrong_seed42_p456,456,val,efros,False,phase,F1,irrigation,0.0,False
transfer__hires_relation_detr_seed42_p123_001_hires_relation_detr_seed42_p123_seed123,transfer,hires_relation_detr_seed42_p123,123,val,efros,False,phase,F1,anesthesia,1.0,False
transfer__hires_relation_detr_seed42_p123_001_hires_relation_detr_seed42_p123_seed123,transfer,hires_relation_detr_seed42_p123,123,val,efros,False,phase,F1,closure,0.9593777009507347,False
transfer__hires_relation_detr_seed42_p123_001_hires_relation_detr_seed42_p123_seed123,transfer,hires_relation_detr_seed42_p123,123,val,efros,False,phase,F1,design,0.9852216748768473,False
transfer__hires_relation_detr_seed42_p123_001_hires_relation_detr_seed42_p123_seed123,transfer,hires_relation_detr_seed42_p123,123,val,efros,False,phase,F1,disinfection,0.0,False
transfer__hires_relation_detr_seed42_p123_001_hires_relation_detr_seed42_p123_seed123,transfer,hires_relation_detr_seed42_p123,123,val,efros,False,phase,F1,dissection,0.955078125,False
transfer__hires_relation_detr_seed42_p123_001_hires_relation_detr_seed42_p123_seed123,transfer,hires_relation_detr_seed42_p123,123,val,efros,False,phase,F1,dressing,0.0,False
transfer__hires_relation_detr_seed42_p123_001_hires_relation_detr_seed42_p123_seed123,transfer,hires_relation_detr_seed42_p123,123,val,efros,False,phase,F1,hemostasis,0.8041237113402062,False
transfer__hires_relation_detr_seed42_p123_001_hires_relation_detr_seed42_p123_seed123,transfer,hires_relation_detr_seed42_p123,123,val,efros,False,phase,F1,incision,0.9422492401215806,False
transfer__hires_relation_detr_seed42_p123_001_hires_relation_detr_seed42_p123_seed123,transfer,hires_relation_detr_seed42_p123,123,val,efros,False,phase,F1,irrigation,0.0,False
transfer__hires_relation_detr_seed42_p42_001_hires_relation_detr_seed42_p42_seed42,transfer,hires_relation_detr_seed42_p42,42,val,efros,False,phase,F1,anesthesia,1.0,False
transfer__hires_relation_detr_seed42_p42_001_hires_relation_detr_seed42_p42_seed42,transfer,hires_relation_detr_seed42_p42,42,val,efros,False,phase,F1,closure,0.9609035621198958,False
transfer__hires_relation_detr_seed42_p42_001_hires_relation_detr_seed42_p42_seed42,transfer,hires_relation_detr_seed42_p42,42,val,efros,False,phase,F1,design,0.9852216748768473,False
transfer__hires_relation_detr_seed42_p42_001_hires_relation_detr_seed42_p42_seed42,transfer,hires_relation_detr_seed42_p42,42,val,efros,False,phase,F1,disinfection,0.0,False
transfer__hires_relation_detr_seed42_p42_001_hires_relation_detr_seed42_p42_seed42,transfer,hires_relation_detr_seed42_p42,42,val,efros,False,phase,F1,dissection,0.9532163742690059,False
transfer__hires_relation_detr_seed42_p42_001_hires_relation_detr_seed42_p42_seed42,transfer,hires_relation_detr_seed42_p42,42,val,efros,False,phase,F1,dressing,0.0,False
transfer__hires_relation_detr_seed42_p42_001_hires_relation_detr_seed42_p42_seed42,transfer,hires_relation_detr_seed42_p42,42,val,efros,False,phase,F1,hemostasis,0.8163265306122448,False
transfer__hires_relation_detr_seed42_p42_001_hires_relation_detr_seed42_p42_seed42,transfer,hires_relation_detr_seed42_p42,42,val,efros,False,phase,F1,incision,0.9457831325301205,False
transfer__hires_relation_detr_seed42_p42_001_hires_relation_detr_seed42_p42_seed42,transfer,hires_relation_detr_seed42_p42,42,val,efros,False,phase,F1,irrigation,0.0,False
transfer__hires_relation_detr_seed42_p456_001_hires_relation_detr_seed42_p456_seed456,transfer,hires_relation_detr_seed42_p456,456,val,efros,False,phase,F1,anesthesia,0.9896907216494846,False
transfer__hires_relation_detr_seed42_p456_001_hires_relation_detr_seed42_p456_seed456,transfer,hires_relation_detr_seed42_p456,456,val,efros,False,phase,F1,closure,0.9600694444444445,False
transfer__hires_relation_detr_seed42_p456_001_hires_relation_detr_seed42_p456_seed456,transfer,hires_relation_detr_seed42_p456,456,val,efros,False,phase,F1,design,0.9852216748768473,False
transfer__hires_relation_detr_seed42_p456_001_hires_relation_detr_seed42_p456_seed456,transfer,hires_relation_detr_seed42_p456,456,val,efros,False,phase,F1,disinfection,0.0,False
transfer__hires_relation_detr_seed42_p456_001_hires_relation_detr_seed42_p456_seed456,transfer,hires_relation_detr_seed42_p456,456,val,efros,False,phase,F1,dissection,0.9559255631733593,False
transfer__hires_relation_detr_seed42_p456_001_hires_relation_detr_seed42_p456_seed456,transfer,hires_relation_detr_seed42_p456,456,val,efros,False,phase,F1,dressing,0.0,False
transfer__hires_relation_detr_seed42_p456_001_hires_relation_detr_seed42_p456_seed456,transfer,hires_relation_detr_seed42_p456,456,val,efros,False,phase,F1,hemostasis,0.803921568627451,False
transfer__hires_relation_detr_seed42_p456_001_hires_relation_detr_seed42_p456_seed456,transfer,hires_relation_detr_seed42_p456,456,val,efros,False,phase,F1,incision,0.940119760479042,False
transfer__hires_relation_detr_seed42_p456_001_hires_relation_detr_seed42_p456_seed456,transfer,hires_relation_detr_seed42_p456,456,val,efros,False,phase,F1,irrigation,0.0,False
transfer__oracle_phase_seed123,transfer_legacy,oracle_phase,123,,,False,coco_map,AP,Bipolar Forceps,0.8373600245811323,False
transfer__oracle_phase_seed123,transfer_legacy,oracle_phase,123,,,False,coco_map,AP,Electric Cautery,0.9591045640255226,False
transfer__oracle_phase_seed123,transfer_legacy,oracle_phase,123,,,False,coco_map,AP,Forceps,0.3515841118956838,False
transfer__oracle_phase_seed123,transfer_legacy,oracle_phase,123,,,False,coco_map,AP,Gauze,0.2940654157357683,False
transfer__oracle_phase_seed123,transfer_legacy,oracle_phase,123,,,False,coco_map,AP,Hook,0.5799474643404078,False
transfer__oracle_phase_seed123,transfer_legacy,oracle_phase,123,,,False,coco_map,AP,Mouth Gag,0.8066746402307872,False
transfer__oracle_phase_seed123,transfer_legacy,oracle_phase,123,,,False,coco_map,AP,Needle Holders,0.8434089621640815,False
transfer__oracle_phase_seed123,transfer_legacy,oracle_phase,123,,,False,coco_map,AP,Raspatory,0.835553490880402,False
transfer__oracle_phase_seed123,transfer_legacy,oracle_phase,123,,,False,coco_map,AP,Retractor,,True
transfer__oracle_phase_seed123,transfer_legacy,oracle_phase,123,,,False,coco_map,AP,Scalpel,0.9238139636650355,False
transfer__oracle_phase_seed123,transfer_legacy,oracle_phase,123,,,False,coco_map,AP,Scissors,0.7149606660972144,False
transfer__oracle_phase_seed123,transfer_legacy,oracle_phase,123,,,False,coco_map,AP,Skewer,0.9428587213459467,False
transfer__oracle_phase_seed123,transfer_legacy,oracle_phase,123,,,False,coco_map,AP,Suction Cannula,0.813656156469352,False
transfer__oracle_phase_seed123,transfer_legacy,oracle_phase,123,,,False,coco_map,AP,Syringe,0.5723334044172544,False
transfer__oracle_phase_seed123,transfer_legacy,oracle_phase,123,,,False,coco_map,AP,Tweezers,0.7815216677292537,False
transfer__oracle_phase_seed42,transfer_legacy,oracle_phase,42,,,False,coco_map,AP,Bipolar Forceps,0.7912925736449333,False
transfer__oracle_phase_seed42,transfer_legacy,oracle_phase,42,,,False,coco_map,AP,Electric Cautery,0.9708355096843875,False
transfer__oracle_phase_seed42,transfer_legacy,oracle_phase,42,,,False,coco_map,AP,Forceps,0.38502540471386776,False
transfer__oracle_phase_seed42,transfer_legacy,oracle_phase,42,,,False,coco_map,AP,Gauze,0.26392470465384194,False
transfer__oracle_phase_seed42,transfer_legacy,oracle_phase,42,,,False,coco_map,AP,Hook,0.5947779532590896,False
transfer__oracle_phase_seed42,transfer_legacy,oracle_phase,42,,,False,coco_map,AP,Mouth Gag,0.8042546583536468,False
transfer__oracle_phase_seed42,transfer_legacy,oracle_phase,42,,,False,coco_map,AP,Needle Holders,0.8542900208159043,False
transfer__oracle_phase_seed42,transfer_legacy,oracle_phase,42,,,False,coco_map,AP,Raspatory,0.8291084921400144,False
transfer__oracle_phase_seed42,transfer_legacy,oracle_phase,42,,,False,coco_map,AP,Retractor,,True
transfer__oracle_phase_seed42,transfer_legacy,oracle_phase,42,,,False,coco_map,AP,Scalpel,0.9298506565504403,False
transfer__oracle_phase_seed42,transfer_legacy,oracle_phase,42,,,False,coco_map,AP,Scissors,0.7172164027757364,False
transfer__oracle_phase_seed42,transfer_legacy,oracle_phase,42,,,False,coco_map,AP,Skewer,0.9485911757570172,False
transfer__oracle_phase_seed42,transfer_legacy,oracle_phase,42,,,False,coco_map,AP,Suction Cannula,0.8323252299510795,False
transfer__oracle_phase_seed42,transfer_legacy,oracle_phase,42,,,False,coco_map,AP,Syringe,0.5912124431601182,False
transfer__oracle_phase_seed42,transfer_legacy,oracle_phase,42,,,False,coco_map,AP,Tweezers,0.7834510047867494,False
transfer__oracle_phase_seed456,transfer_legacy,oracle_phase,456,,,False,coco_map,AP,Bipolar Forceps,0.7978009818695925,False
transfer__oracle_phase_seed456,transfer_legacy,oracle_phase,456,,,False,coco_map,AP,Electric Cautery,0.9587762731361984,False
transfer__oracle_phase_seed456,transfer_legacy,oracle_phase,456,,,False,coco_map,AP,Forceps,0.38023827603865323,False
transfer__oracle_phase_seed456,transfer_legacy,oracle_phase,456,,,False,coco_map,AP,Gauze,0.29111695737362014,False
transfer__oracle_phase_seed456,transfer_legacy,oracle_phase,456,,,False,coco_map,AP,Hook,0.5871201051420494,False
transfer__oracle_phase_seed456,transfer_legacy,oracle_phase,456,,,False,coco_map,AP,Mouth Gag,0.8080222435559596,False
transfer__oracle_phase_seed456,transfer_legacy,oracle_phase,456,,,False,coco_map,AP,Needle Holders,0.8448912891745517,False
transfer__oracle_phase_seed456,transfer_legacy,oracle_phase,456,,,False,coco_map,AP,Raspatory,0.8054716790028255,False
transfer__oracle_phase_seed456,transfer_legacy,oracle_phase,456,,,False,coco_map,AP,Retractor,,True
transfer__oracle_phase_seed456,transfer_legacy,oracle_phase,456,,,False,coco_map,AP,Scalpel,0.915178364563487,False
transfer__oracle_phase_seed456,transfer_legacy,oracle_phase,456,,,False,coco_map,AP,Scissors,0.7112694918441796,False
transfer__oracle_phase_seed456,transfer_legacy,oracle_phase,456,,,False,coco_map,AP,Skewer,0.9482109381404796,False
transfer__oracle_phase_seed456,transfer_legacy,oracle_phase,456,,,False,coco_map,AP,Suction Cannula,0.8008970258574952,False
transfer__oracle_phase_seed456,transfer_legacy,oracle_phase,456,,,False,coco_map,AP,Syringe,0.5265190507566472,False
transfer__oracle_phase_seed456,transfer_legacy,oracle_phase,456,,,False,coco_map,AP,Tweezers,0.7811480741900758,False
transfer__t1a_3seed_det123_p123_aug_001_t1a_3seed_det123_p123_aug_seed123,transfer,t1a_3seed_det123_p123_aug,123,val,efros,False,phase,F1,anesthesia,1.0,False
transfer__t1a_3seed_det123_p123_aug_001_t1a_3seed_det123_p123_aug_seed123,transfer,t1a_3seed_det123_p123_aug,123,val,efros,False,phase,F1,closure,0.9482909728308501,False
transfer__t1a_3seed_det123_p123_aug_001_t1a_3seed_det123_p123_aug_seed123,transfer,t1a_3seed_det123_p123_aug,123,val,efros,False,phase,F1,design,0.9951219512195122,False
transfer__t1a_3seed_det123_p123_aug_001_t1a_3seed_det123_p123_aug_seed123,transfer,t1a_3seed_det123_p123_aug,123,val,efros,False,phase,F1,disinfection,0.0,False
transfer__t1a_3seed_det123_p123_aug_001_t1a_3seed_det123_p123_aug_seed123,transfer,t1a_3seed_det123_p123_aug,123,val,efros,False,phase,F1,dissection,0.9582118561710398,False
transfer__t1a_3seed_det123_p123_aug_001_t1a_3seed_det123_p123_aug_seed123,transfer,t1a_3seed_det123_p123_aug,123,val,efros,False,phase,F1,dressing,0.0,False
transfer__t1a_3seed_det123_p123_aug_001_t1a_3seed_det123_p123_aug_seed123,transfer,t1a_3seed_det123_p123_aug,123,val,efros,False,phase,F1,hemostasis,0.8846153846153846,False
transfer__t1a_3seed_det123_p123_aug_001_t1a_3seed_det123_p123_aug_seed123,transfer,t1a_3seed_det123_p123_aug,123,val,efros,False,phase,F1,incision,0.9607250755287009,False
transfer__t1a_3seed_det123_p123_aug_001_t1a_3seed_det123_p123_aug_seed123,transfer,t1a_3seed_det123_p123_aug,123,val,efros,False,phase,F1,irrigation,0.0,False
transfer__t1a_3seed_det123_p123_frozen_001_t1a_3seed_det123_p123_frozen_seed123,transfer,t1a_3seed_det123_p123_frozen,123,val,efros,False,phase,F1,anesthesia,0.9844559585492229,False
transfer__t1a_3seed_det123_p123_frozen_001_t1a_3seed_det123_p123_frozen_seed123,transfer,t1a_3seed_det123_p123_frozen,123,val,efros,False,phase,F1,closure,0.962510897994769,False
transfer__t1a_3seed_det123_p123_frozen_001_t1a_3seed_det123_p123_frozen_seed123,transfer,t1a_3seed_det123_p123_frozen,123,val,efros,False,phase,F1,design,0.9852216748768473,False
transfer__t1a_3seed_det123_p123_frozen_001_t1a_3seed_det123_p123_frozen_seed123,transfer,t1a_3seed_det123_p123_frozen,123,val,efros,False,phase,F1,disinfection,0.0,False
transfer__t1a_3seed_det123_p123_frozen_001_t1a_3seed_det123_p123_frozen_seed123,transfer,t1a_3seed_det123_p123_frozen,123,val,efros,False,phase,F1,dissection,0.9653121902874133,False
transfer__t1a_3seed_det123_p123_frozen_001_t1a_3seed_det123_p123_frozen_seed123,transfer,t1a_3seed_det123_p123_frozen,123,val,efros,False,phase,F1,dressing,0.0,False
transfer__t1a_3seed_det123_p123_frozen_001_t1a_3seed_det123_p123_frozen_seed123,transfer,t1a_3seed_det123_p123_frozen,123,val,efros,False,phase,F1,hemostasis,0.9090909090909091,False
transfer__t1a_3seed_det123_p123_frozen_001_t1a_3seed_det123_p123_frozen_seed123,transfer,t1a_3seed_det123_p123_frozen,123,val,efros,False,phase,F1,incision,0.9651162790697674,False
transfer__t1a_3seed_det123_p123_frozen_001_t1a_3seed_det123_p123_frozen_seed123,transfer,t1a_3seed_det123_p123_frozen,123,val,efros,False,phase,F1,irrigation,0.0,False
transfer__t1a_3seed_det123_p42_aug_001_t1a_3seed_det123_p42_aug_seed42,transfer,t1a_3seed_det123_p42_aug,42,val,efros,False,phase,F1,anesthesia,0.9948717948717948,False
transfer__t1a_3seed_det123_p42_aug_001_t1a_3seed_det123_p42_aug_seed42,transfer,t1a_3seed_det123_p42_aug,42,val,efros,False,phase,F1,closure,0.9528795811518325,False
transfer__t1a_3seed_det123_p42_aug_001_t1a_3seed_det123_p42_aug_seed42,transfer,t1a_3seed_det123_p42_aug,42,val,efros,False,phase,F1,design,0.9951219512195122,False
transfer__t1a_3seed_det123_p42_aug_001_t1a_3seed_det123_p42_aug_seed42,transfer,t1a_3seed_det123_p42_aug,42,val,efros,False,phase,F1,disinfection,0.0,False
transfer__t1a_3seed_det123_p42_aug_001_t1a_3seed_det123_p42_aug_seed42,transfer,t1a_3seed_det123_p42_aug,42,val,efros,False,phase,F1,dissection,0.9597644749754661,False
transfer__t1a_3seed_det123_p42_aug_001_t1a_3seed_det123_p42_aug_seed42,transfer,t1a_3seed_det123_p42_aug,42,val,efros,False,phase,F1,dressing,0.0,False
transfer__t1a_3seed_det123_p42_aug_001_t1a_3seed_det123_p42_aug_seed42,transfer,t1a_3seed_det123_p42_aug,42,val,efros,False,phase,F1,hemostasis,0.9056603773584905,False
transfer__t1a_3seed_det123_p42_aug_001_t1a_3seed_det123_p42_aug_seed42,transfer,t1a_3seed_det123_p42_aug,42,val,efros,False,phase,F1,incision,0.955223880597015,False
transfer__t1a_3seed_det123_p42_aug_001_t1a_3seed_det123_p42_aug_seed42,transfer,t1a_3seed_det123_p42_aug,42,val,efros,False,phase,F1,irrigation,0.0,False
transfer__t1a_3seed_det123_p42_frozen_001_t1a_3seed_det123_p42_frozen_seed42,transfer,t1a_3seed_det123_p42_frozen,42,val,efros,False,phase,F1,anesthesia,1.0,False
transfer__t1a_3seed_det123_p42_frozen_001_t1a_3seed_det123_p42_frozen_seed42,transfer,t1a_3seed_det123_p42_frozen,42,val,efros,False,phase,F1,closure,0.9576490924805531,False
transfer__t1a_3seed_det123_p42_frozen_001_t1a_3seed_det123_p42_frozen_seed42,transfer,t1a_3seed_det123_p42_frozen,42,val,efros,False,phase,F1,design,0.9951219512195122,False
transfer__t1a_3seed_det123_p42_frozen_001_t1a_3seed_det123_p42_frozen_seed42,transfer,t1a_3seed_det123_p42_frozen,42,val,efros,False,phase,F1,disinfection,0.0,False
transfer__t1a_3seed_det123_p42_frozen_001_t1a_3seed_det123_p42_frozen_seed42,transfer,t1a_3seed_det123_p42_frozen,42,val,efros,False,phase,F1,dissection,0.9639278557114229,False
transfer__t1a_3seed_det123_p42_frozen_001_t1a_3seed_det123_p42_frozen_seed42,transfer,t1a_3seed_det123_p42_frozen,42,val,efros,False,phase,F1,dressing,0.0,False
transfer__t1a_3seed_det123_p42_frozen_001_t1a_3seed_det123_p42_frozen_seed42,transfer,t1a_3seed_det123_p42_frozen,42,val,efros,False,phase,F1,hemostasis,0.9026548672566371,False
transfer__t1a_3seed_det123_p42_frozen_001_t1a_3seed_det123_p42_frozen_seed42,transfer,t1a_3seed_det123_p42_frozen,42,val,efros,False,phase,F1,incision,0.973293768545994,False
transfer__t1a_3seed_det123_p42_frozen_001_t1a_3seed_det123_p42_frozen_seed42,transfer,t1a_3seed_det123_p42_frozen,42,val,efros,False,phase,F1,irrigation,0.0,False
transfer__t1a_3seed_det123_p456_aug_001_t1a_3seed_det123_p456_aug_seed456,transfer,t1a_3seed_det123_p456_aug,456,val,efros,False,phase,F1,anesthesia,1.0,False
transfer__t1a_3seed_det123_p456_aug_001_t1a_3seed_det123_p456_aug_seed456,transfer,t1a_3seed_det123_p456_aug,456,val,efros,False,phase,F1,closure,0.9473684210526315,False
transfer__t1a_3seed_det123_p456_aug_001_t1a_3seed_det123_p456_aug_seed456,transfer,t1a_3seed_det123_p456_aug,456,val,efros,False,phase,F1,design,0.9951219512195122,False
transfer__t1a_3seed_det123_p456_aug_001_t1a_3seed_det123_p456_aug_seed456,transfer,t1a_3seed_det123_p456_aug,456,val,efros,False,phase,F1,disinfection,0.0,False
transfer__t1a_3seed_det123_p456_aug_001_t1a_3seed_det123_p456_aug_seed456,transfer,t1a_3seed_det123_p456_aug,456,val,efros,False,phase,F1,dissection,0.956268221574344,False
transfer__t1a_3seed_det123_p456_aug_001_t1a_3seed_det123_p456_aug_seed456,transfer,t1a_3seed_det123_p456_aug,456,val,efros,False,phase,F1,dressing,0.0,False
transfer__t1a_3seed_det123_p456_aug_001_t1a_3seed_det123_p456_aug_seed456,transfer,t1a_3seed_det123_p456_aug,456,val,efros,False,phase,F1,hemostasis,0.8952380952380952,False
transfer__t1a_3seed_det123_p456_aug_001_t1a_3seed_det123_p456_aug_seed456,transfer,t1a_3seed_det123_p456_aug,456,val,efros,False,phase,F1,incision,0.9607250755287009,False
transfer__t1a_3seed_det123_p456_aug_001_t1a_3seed_det123_p456_aug_seed456,transfer,t1a_3seed_det123_p456_aug,456,val,efros,False,phase,F1,irrigation,0.0,False
transfer__t1a_3seed_det123_p456_frozen_001_t1a_3seed_det123_p456_frozen_seed456,transfer,t1a_3seed_det123_p456_frozen,456,val,efros,False,phase,F1,anesthesia,1.0,False
transfer__t1a_3seed_det123_p456_frozen_001_t1a_3seed_det123_p456_frozen_seed456,transfer,t1a_3seed_det123_p456_frozen,456,val,efros,False,phase,F1,closure,0.9590948651000871,False
transfer__t1a_3seed_det123_p456_frozen_001_t1a_3seed_det123_p456_frozen_seed456,transfer,t1a_3seed_det123_p456_frozen,456,val,efros,False,phase,F1,design,0.9951219512195122,False
transfer__t1a_3seed_det123_p456_frozen_001_t1a_3seed_det123_p456_frozen_seed456,transfer,t1a_3seed_det123_p456_frozen,456,val,efros,False,phase,F1,disinfection,0.0,False
transfer__t1a_3seed_det123_p456_frozen_001_t1a_3seed_det123_p456_frozen_seed456,transfer,t1a_3seed_det123_p456_frozen,456,val,efros,False,phase,F1,dissection,0.9654491609081934,False
transfer__t1a_3seed_det123_p456_frozen_001_t1a_3seed_det123_p456_frozen_seed456,transfer,t1a_3seed_det123_p456_frozen,456,val,efros,False,phase,F1,dressing,0.0,False
transfer__t1a_3seed_det123_p456_frozen_001_t1a_3seed_det123_p456_frozen_seed456,transfer,t1a_3seed_det123_p456_frozen,456,val,efros,False,phase,F1,hemostasis,0.8971962616822429,False
transfer__t1a_3seed_det123_p456_frozen_001_t1a_3seed_det123_p456_frozen_seed456,transfer,t1a_3seed_det123_p456_frozen,456,val,efros,False,phase,F1,incision,0.9702380952380952,False
transfer__t1a_3seed_det123_p456_frozen_001_t1a_3seed_det123_p456_frozen_seed456,transfer,t1a_3seed_det123_p456_frozen,456,val,efros,False,phase,F1,irrigation,0.0,False
transfer__t1a_3seed_det42_aug_001_t1a_3seed_det42_aug_seed42,transfer,t1a_3seed_det42_aug,42,val,efros,False,phase,F1,anesthesia,1.0,False
transfer__t1a_3seed_det42_aug_001_t1a_3seed_det42_aug_seed42,transfer,t1a_3seed_det42_aug,42,val,efros,False,phase,F1,closure,0.9574283231972199,False
transfer__t1a_3seed_det42_aug_001_t1a_3seed_det42_aug_seed42,transfer,t1a_3seed_det42_aug,42,val,efros,False,phase,F1,design,0.9901960784313726,False
transfer__t1a_3seed_det42_aug_001_t1a_3seed_det42_aug_seed42,transfer,t1a_3seed_det42_aug,42,val,efros,False,phase,F1,disinfection,0.0,False
transfer__t1a_3seed_det42_aug_001_t1a_3seed_det42_aug_seed42,transfer,t1a_3seed_det42_aug,42,val,efros,False,phase,F1,dissection,0.9645669291338583,False
transfer__t1a_3seed_det42_aug_001_t1a_3seed_det42_aug_seed42,transfer,t1a_3seed_det42_aug,42,val,efros,False,phase,F1,dressing,0.0,False
transfer__t1a_3seed_det42_aug_001_t1a_3seed_det42_aug_seed42,transfer,t1a_3seed_det42_aug,42,val,efros,False,phase,F1,hemostasis,0.8761904761904762,False
transfer__t1a_3seed_det42_aug_001_t1a_3seed_det42_aug_seed42,transfer,t1a_3seed_det42_aug,42,val,efros,False,phase,F1,incision,0.9580838323353293,False
transfer__t1a_3seed_det42_aug_001_t1a_3seed_det42_aug_seed42,transfer,t1a_3seed_det42_aug,42,val,efros,False,phase,F1,irrigation,0.0,False
transfer__t1a_3seed_det42_frozen_001_t1a_3seed_det42_frozen_seed42,transfer,t1a_3seed_det42_frozen,42,val,efros,False,phase,F1,anesthesia,0.9846153846153847,False
transfer__t1a_3seed_det42_frozen_001_t1a_3seed_det42_frozen_seed42,transfer,t1a_3seed_det42_frozen,42,val,efros,False,phase,F1,closure,0.9675723049956179,False
transfer__t1a_3seed_det42_frozen_001_t1a_3seed_det42_frozen_seed42,transfer,t1a_3seed_det42_frozen,42,val,efros,False,phase,F1,design,0.9595959595959597,False
transfer__t1a_3seed_det42_frozen_001_t1a_3seed_det42_frozen_seed42,transfer,t1a_3seed_det42_frozen,42,val,efros,False,phase,F1,disinfection,0.0,False
transfer__t1a_3seed_det42_frozen_001_t1a_3seed_det42_frozen_seed42,transfer,t1a_3seed_det42_frozen,42,val,efros,False,phase,F1,dissection,0.9592233009708738,False
transfer__t1a_3seed_det42_frozen_001_t1a_3seed_det42_frozen_seed42,transfer,t1a_3seed_det42_frozen,42,val,efros,False,phase,F1,dressing,0.0,False
transfer__t1a_3seed_det42_frozen_001_t1a_3seed_det42_frozen_seed42,transfer,t1a_3seed_det42_frozen,42,val,efros,False,phase,F1,hemostasis,0.8627450980392156,False
transfer__t1a_3seed_det42_frozen_001_t1a_3seed_det42_frozen_seed42,transfer,t1a_3seed_det42_frozen,42,val,efros,False,phase,F1,incision,0.9294117647058824,False
transfer__t1a_3seed_det42_frozen_001_t1a_3seed_det42_frozen_seed42,transfer,t1a_3seed_det42_frozen,42,val,efros,False,phase,F1,irrigation,0.0,False
transfer__t1a_3seed_det42_p123_aug_001_t1a_3seed_det42_p123_aug_seed123,transfer,t1a_3seed_det42_p123_aug,123,val,efros,False,phase,F1,anesthesia,1.0,False
transfer__t1a_3seed_det42_p123_aug_001_t1a_3seed_det42_p123_aug_seed123,transfer,t1a_3seed_det42_p123_aug,123,val,efros,False,phase,F1,closure,0.9522983521248917,False
transfer__t1a_3seed_det42_p123_aug_001_t1a_3seed_det42_p123_aug_seed123,transfer,t1a_3seed_det42_p123_aug,123,val,efros,False,phase,F1,design,0.9901960784313726,False
transfer__t1a_3seed_det42_p123_aug_001_t1a_3seed_det42_p123_aug_seed123,transfer,t1a_3seed_det42_p123_aug,123,val,efros,False,phase,F1,disinfection,0.0,False
transfer__t1a_3seed_det42_p123_aug_001_t1a_3seed_det42_p123_aug_seed123,transfer,t1a_3seed_det42_p123_aug,123,val,efros,False,phase,F1,dissection,0.9627450980392157,False
transfer__t1a_3seed_det42_p123_aug_001_t1a_3seed_det42_p123_aug_seed123,transfer,t1a_3seed_det42_p123_aug,123,val,efros,False,phase,F1,dressing,0.0,False
transfer__t1a_3seed_det42_p123_aug_001_t1a_3seed_det42_p123_aug_seed123,transfer,t1a_3seed_det42_p123_aug,123,val,efros,False,phase,F1,hemostasis,0.8543689320388349,False
transfer__t1a_3seed_det42_p123_aug_001_t1a_3seed_det42_p123_aug_seed123,transfer,t1a_3seed_det42_p123_aug,123,val,efros,False,phase,F1,incision,0.9515151515151515,False
transfer__t1a_3seed_det42_p123_aug_001_t1a_3seed_det42_p123_aug_seed123,transfer,t1a_3seed_det42_p123_aug,123,val,efros,False,phase,F1,irrigation,0.0,False
transfer__t1a_3seed_det42_p123_frozen_001_t1a_3seed_det42_p123_frozen_seed123,transfer,t1a_3seed_det42_p123_frozen,123,val,efros,False,phase,F1,anesthesia,1.0,False
transfer__t1a_3seed_det42_p123_frozen_001_t1a_3seed_det42_p123_frozen_seed123,transfer,t1a_3seed_det42_p123_frozen,123,val,efros,False,phase,F1,closure,0.9559965487489215,False
transfer__t1a_3seed_det42_p123_frozen_001_t1a_3seed_det42_p123_frozen_seed123,transfer,t1a_3seed_det42_p123_frozen,123,val,efros,False,phase,F1,design,0.9801980198019802,False
transfer__t1a_3seed_det42_p123_frozen_001_t1a_3seed_det42_p123_frozen_seed123,transfer,t1a_3seed_det42_p123_frozen,123,val,efros,False,phase,F1,disinfection,0.0,False
transfer__t1a_3seed_det42_p123_frozen_001_t1a_3seed_det42_p123_frozen_seed123,transfer,t1a_3seed_det42_p123_frozen,123,val,efros,False,phase,F1,dissection,0.9565217391304348,False
transfer__t1a_3seed_det42_p123_frozen_001_t1a_3seed_det42_p123_frozen_seed123,transfer,t1a_3seed_det42_p123_frozen,123,val,efros,False,phase,F1,dressing,0.0,False
transfer__t1a_3seed_det42_p123_frozen_001_t1a_3seed_det42_p123_frozen_seed123,transfer,t1a_3seed_det42_p123_frozen,123,val,efros,False,phase,F1,hemostasis,0.8399999999999999,False
transfer__t1a_3seed_det42_p123_frozen_001_t1a_3seed_det42_p123_frozen_seed123,transfer,t1a_3seed_det42_p123_frozen,123,val,efros,False,phase,F1,incision,0.9554896142433233,False
transfer__t1a_3seed_det42_p123_frozen_001_t1a_3seed_det42_p123_frozen_seed123,transfer,t1a_3seed_det42_p123_frozen,123,val,efros,False,phase,F1,irrigation,0.0,False
transfer__t1a_3seed_det42_p42_aug_001_t1a_3seed_det42_p42_aug_seed42,transfer,t1a_3seed_det42_p42_aug,42,val,efros,False,phase,F1,anesthesia,1.0,False
transfer__t1a_3seed_det42_p42_aug_001_t1a_3seed_det42_p42_aug_seed42,transfer,t1a_3seed_det42_p42_aug,42,val,efros,False,phase,F1,closure,0.9574283231972199,False
transfer__t1a_3seed_det42_p42_aug_001_t1a_3seed_det42_p42_aug_seed42,transfer,t1a_3seed_det42_p42_aug,42,val,efros,False,phase,F1,design,0.9901960784313726,False
transfer__t1a_3seed_det42_p42_aug_001_t1a_3seed_det42_p42_aug_seed42,transfer,t1a_3seed_det42_p42_aug,42,val,efros,False,phase,F1,disinfection,0.0,False
transfer__t1a_3seed_det42_p42_aug_001_t1a_3seed_det42_p42_aug_seed42,transfer,t1a_3seed_det42_p42_aug,42,val,efros,False,phase,F1,dissection,0.9617271835132484,False
transfer__t1a_3seed_det42_p42_aug_001_t1a_3seed_det42_p42_aug_seed42,transfer,t1a_3seed_det42_p42_aug,42,val,efros,False,phase,F1,dressing,0.0,False
transfer__t1a_3seed_det42_p42_aug_001_t1a_3seed_det42_p42_aug_seed42,transfer,t1a_3seed_det42_p42_aug,42,val,efros,False,phase,F1,hemostasis,0.8431372549019609,False
transfer__t1a_3seed_det42_p42_aug_001_t1a_3seed_det42_p42_aug_seed42,transfer,t1a_3seed_det42_p42_aug,42,val,efros,False,phase,F1,incision,0.9580838323353293,False
transfer__t1a_3seed_det42_p42_aug_001_t1a_3seed_det42_p42_aug_seed42,transfer,t1a_3seed_det42_p42_aug,42,val,efros,False,phase,F1,irrigation,0.0,False
transfer__t1a_3seed_det42_p42_frozen_001_t1a_3seed_det42_p42_frozen_seed42,transfer,t1a_3seed_det42_p42_frozen,42,val,efros,False,phase,F1,anesthesia,1.0,False
transfer__t1a_3seed_det42_p42_frozen_001_t1a_3seed_det42_p42_frozen_seed42,transfer,t1a_3seed_det42_p42_frozen,42,val,efros,False,phase,F1,closure,0.9527896995708155,False
transfer__t1a_3seed_det42_p42_frozen_001_t1a_3seed_det42_p42_frozen_seed42,transfer,t1a_3seed_det42_p42_frozen,42,val,efros,False,phase,F1,design,0.9801980198019802,False
transfer__t1a_3seed_det42_p42_frozen_001_t1a_3seed_det42_p42_frozen_seed42,transfer,t1a_3seed_det42_p42_frozen,42,val,efros,False,phase,F1,disinfection,0.0,False
transfer__t1a_3seed_det42_p42_frozen_001_t1a_3seed_det42_p42_frozen_seed42,transfer,t1a_3seed_det42_p42_frozen,42,val,efros,False,phase,F1,dissection,0.9603174603174603,False
transfer__t1a_3seed_det42_p42_frozen_001_t1a_3seed_det42_p42_frozen_seed42,transfer,t1a_3seed_det42_p42_frozen,42,val,efros,False,phase,F1,dressing,0.0,False
transfer__t1a_3seed_det42_p42_frozen_001_t1a_3seed_det42_p42_frozen_seed42,transfer,t1a_3seed_det42_p42_frozen,42,val,efros,False,phase,F1,hemostasis,0.8282828282828282,False
transfer__t1a_3seed_det42_p42_frozen_001_t1a_3seed_det42_p42_frozen_seed42,transfer,t1a_3seed_det42_p42_frozen,42,val,efros,False,phase,F1,incision,0.9464285714285714,False
transfer__t1a_3seed_det42_p42_frozen_001_t1a_3seed_det42_p42_frozen_seed42,transfer,t1a_3seed_det42_p42_frozen,42,val,efros,False,phase,F1,irrigation,0.0,False
transfer__t1a_3seed_det42_p456_aug_001_t1a_3seed_det42_p456_aug_seed456,transfer,t1a_3seed_det42_p456_aug,456,val,efros,False,phase,F1,anesthesia,1.0,False
transfer__t1a_3seed_det42_p456_aug_001_t1a_3seed_det42_p456_aug_seed456,transfer,t1a_3seed_det42_p456_aug,456,val,efros,False,phase,F1,closure,0.9565972222222222,False
transfer__t1a_3seed_det42_p456_aug_001_t1a_3seed_det42_p456_aug_seed456,transfer,t1a_3seed_det42_p456_aug,456,val,efros,False,phase,F1,design,0.9951219512195122,False
transfer__t1a_3seed_det42_p456_aug_001_t1a_3seed_det42_p456_aug_seed456,transfer,t1a_3seed_det42_p456_aug,456,val,efros,False,phase,F1,disinfection,0.0,False
transfer__t1a_3seed_det42_p456_aug_001_t1a_3seed_det42_p456_aug_seed456,transfer,t1a_3seed_det42_p456_aug,456,val,efros,False,phase,F1,dissection,0.95968534906588,False
transfer__t1a_3seed_det42_p456_aug_001_t1a_3seed_det42_p456_aug_seed456,transfer,t1a_3seed_det42_p456_aug,456,val,efros,False,phase,F1,dressing,0.0,False
transfer__t1a_3seed_det42_p456_aug_001_t1a_3seed_det42_p456_aug_seed456,transfer,t1a_3seed_det42_p456_aug,456,val,efros,False,phase,F1,hemostasis,0.8399999999999999,False
transfer__t1a_3seed_det42_p456_aug_001_t1a_3seed_det42_p456_aug_seed456,transfer,t1a_3seed_det42_p456_aug,456,val,efros,False,phase,F1,incision,0.9583333333333333,False
transfer__t1a_3seed_det42_p456_aug_001_t1a_3seed_det42_p456_aug_seed456,transfer,t1a_3seed_det42_p456_aug,456,val,efros,False,phase,F1,irrigation,0.0,False
transfer__t1a_3seed_det42_p456_frozen_001_t1a_3seed_det42_p456_frozen_seed456,transfer,t1a_3seed_det42_p456_frozen,456,val,efros,False,phase,F1,anesthesia,1.0,False
transfer__t1a_3seed_det42_p456_frozen_001_t1a_3seed_det42_p456_frozen_seed456,transfer,t1a_3seed_det42_p456_frozen,456,val,efros,False,phase,F1,closure,0.9593777009507347,False
transfer__t1a_3seed_det42_p456_frozen_001_t1a_3seed_det42_p456_frozen_seed456,transfer,t1a_3seed_det42_p456_frozen,456,val,efros,False,phase,F1,design,0.9852216748768473,False
transfer__t1a_3seed_det42_p456_frozen_001_t1a_3seed_det42_p456_frozen_seed456,transfer,t1a_3seed_det42_p456_frozen,456,val,efros,False,phase,F1,disinfection,0.0,False
transfer__t1a_3seed_det42_p456_frozen_001_t1a_3seed_det42_p456_frozen_seed456,transfer,t1a_3seed_det42_p456_frozen,456,val,efros,False,phase,F1,dissection,0.9521951219512196,False
transfer__t1a_3seed_det42_p456_frozen_001_t1a_3seed_det42_p456_frozen_seed456,transfer,t1a_3seed_det42_p456_frozen,456,val,efros,False,phase,F1,dressing,0.0,False
transfer__t1a_3seed_det42_p456_frozen_001_t1a_3seed_det42_p456_frozen_seed456,transfer,t1a_3seed_det42_p456_frozen,456,val,efros,False,phase,F1,hemostasis,0.7659574468085106,False
transfer__t1a_3seed_det42_p456_frozen_001_t1a_3seed_det42_p456_frozen_seed456,transfer,t1a_3seed_det42_p456_frozen,456,val,efros,False,phase,F1,incision,0.9486404833836858,False
transfer__t1a_3seed_det42_p456_frozen_001_t1a_3seed_det42_p456_frozen_seed456,transfer,t1a_3seed_det42_p456_frozen,456,val,efros,False,phase,F1,irrigation,0.0,False
transfer__t1a_3seed_det456_p123_aug_001_t1a_3seed_det456_p123_aug_seed123,transfer,t1a_3seed_det456_p123_aug,123,val,efros,False,phase,F1,anesthesia,0.9896907216494846,False
transfer__t1a_3seed_det456_p123_aug_001_t1a_3seed_det456_p123_aug_seed123,transfer,t1a_3seed_det456_p123_aug,123,val,efros,False,phase,F1,closure,0.9555361813426331,False
transfer__t1a_3seed_det456_p123_aug_001_t1a_3seed_det456_p123_aug_seed123,transfer,t1a_3seed_det456_p123_aug,123,val,efros,False,phase,F1,design,0.9801980198019802,False
transfer__t1a_3seed_det456_p123_aug_001_t1a_3seed_det456_p123_aug_seed123,transfer,t1a_3seed_det456_p123_aug,123,val,efros,False,phase,F1,disinfection,0.0,False
transfer__t1a_3seed_det456_p123_aug_001_t1a_3seed_det456_p123_aug_seed123,transfer,t1a_3seed_det456_p123_aug,123,val,efros,False,phase,F1,dissection,0.9541463414634147,False
transfer__t1a_3seed_det456_p123_aug_001_t1a_3seed_det456_p123_aug_seed123,transfer,t1a_3seed_det456_p123_aug,123,val,efros,False,phase,F1,dressing,0.0,False
transfer__t1a_3seed_det456_p123_aug_001_t1a_3seed_det456_p123_aug_seed123,transfer,t1a_3seed_det456_p123_aug,123,val,efros,False,phase,F1,hemostasis,0.8247422680412371,False
transfer__t1a_3seed_det456_p123_aug_001_t1a_3seed_det456_p123_aug_seed123,transfer,t1a_3seed_det456_p123_aug,123,val,efros,False,phase,F1,incision,0.9501466275659822,False
transfer__t1a_3seed_det456_p123_aug_001_t1a_3seed_det456_p123_aug_seed123,transfer,t1a_3seed_det456_p123_aug,123,val,efros,False,phase,F1,irrigation,0.0,False
transfer__t1a_3seed_det456_p123_frozen_001_t1a_3seed_det456_p123_frozen_seed123,transfer,t1a_3seed_det456_p123_frozen,123,val,efros,False,phase,F1,anesthesia,0.9896907216494846,False
transfer__t1a_3seed_det456_p123_frozen_001_t1a_3seed_det456_p123_frozen_seed123,transfer,t1a_3seed_det456_p123_frozen,123,val,efros,False,phase,F1,closure,0.9615384615384615,False
transfer__t1a_3seed_det456_p123_frozen_001_t1a_3seed_det456_p123_frozen_seed123,transfer,t1a_3seed_det456_p123_frozen,123,val,efros,False,phase,F1,design,0.9901960784313726,False
transfer__t1a_3seed_det456_p123_frozen_001_t1a_3seed_det456_p123_frozen_seed123,transfer,t1a_3seed_det456_p123_frozen,123,val,efros,False,phase,F1,disinfection,0.0,False
transfer__t1a_3seed_det456_p123_frozen_001_t1a_3seed_det456_p123_frozen_seed123,transfer,t1a_3seed_det456_p123_frozen,123,val,efros,False,phase,F1,dissection,0.9592233009708738,False
transfer__t1a_3seed_det456_p123_frozen_001_t1a_3seed_det456_p123_frozen_seed123,transfer,t1a_3seed_det456_p123_frozen,123,val,efros,False,phase,F1,dressing,0.0,False
transfer__t1a_3seed_det456_p123_frozen_001_t1a_3seed_det456_p123_frozen_seed123,transfer,t1a_3seed_det456_p123_frozen,123,val,efros,False,phase,F1,hemostasis,0.8282828282828282,False
transfer__t1a_3seed_det456_p123_frozen_001_t1a_3seed_det456_p123_frozen_seed123,transfer,t1a_3seed_det456_p123_frozen,123,val,efros,False,phase,F1,incision,0.9432835820895523,False
transfer__t1a_3seed_det456_p123_frozen_001_t1a_3seed_det456_p123_frozen_seed123,transfer,t1a_3seed_det456_p123_frozen,123,val,efros,False,phase,F1,irrigation,0.0,False
transfer__t1a_3seed_det456_p42_aug_001_t1a_3seed_det456_p42_aug_seed42,transfer,t1a_3seed_det456_p42_aug,42,val,efros,False,phase,F1,anesthesia,1.0,False
transfer__t1a_3seed_det456_p42_aug_001_t1a_3seed_det456_p42_aug_seed42,transfer,t1a_3seed_det456_p42_aug,42,val,efros,False,phase,F1,closure,0.9564459930313588,False
transfer__t1a_3seed_det456_p42_aug_001_t1a_3seed_det456_p42_aug_seed42,transfer,t1a_3seed_det456_p42_aug,42,val,efros,False,phase,F1,design,0.9801980198019802,False
transfer__t1a_3seed_det456_p42_aug_001_t1a_3seed_det456_p42_aug_seed42,transfer,t1a_3seed_det456_p42_aug,42,val,efros,False,phase,F1,disinfection,0.0,False
transfer__t1a_3seed_det456_p42_aug_001_t1a_3seed_det456_p42_aug_seed42,transfer,t1a_3seed_det456_p42_aug,42,val,efros,False,phase,F1,dissection,0.9597644749754661,False
transfer__t1a_3seed_det456_p42_aug_001_t1a_3seed_det456_p42_aug_seed42,transfer,t1a_3seed_det456_p42_aug,42,val,efros,False,phase,F1,dressing,0.0,False
transfer__t1a_3seed_det456_p42_aug_001_t1a_3seed_det456_p42_aug_seed42,transfer,t1a_3seed_det456_p42_aug,42,val,efros,False,phase,F1,hemostasis,0.8514851485148516,False
transfer__t1a_3seed_det456_p42_aug_001_t1a_3seed_det456_p42_aug_seed42,transfer,t1a_3seed_det456_p42_aug,42,val,efros,False,phase,F1,incision,0.9588235294117647,False
transfer__t1a_3seed_det456_p42_aug_001_t1a_3seed_det456_p42_aug_seed42,transfer,t1a_3seed_det456_p42_aug,42,val,efros,False,phase,F1,irrigation,0.0,False
transfer__t1a_3seed_det456_p42_frozen_001_t1a_3seed_det456_p42_frozen_seed42,transfer,t1a_3seed_det456_p42_frozen,42,val,efros,False,phase,F1,anesthesia,0.98989898989899,False
transfer__t1a_3seed_det456_p42_frozen_001_t1a_3seed_det456_p42_frozen_seed42,transfer,t1a_3seed_det456_p42_frozen,42,val,efros,False,phase,F1,closure,0.962510897994769,False
transfer__t1a_3seed_det456_p42_frozen_001_t1a_3seed_det456_p42_frozen_seed42,transfer,t1a_3seed_det456_p42_frozen,42,val,efros,False,phase,F1,design,0.9901960784313726,False
transfer__t1a_3seed_det456_p42_frozen_001_t1a_3seed_det456_p42_frozen_seed42,transfer,t1a_3seed_det456_p42_frozen,42,val,efros,False,phase,F1,disinfection,0.0,False
transfer__t1a_3seed_det456_p42_frozen_001_t1a_3seed_det456_p42_frozen_seed42,transfer,t1a_3seed_det456_p42_frozen,42,val,efros,False,phase,F1,dissection,0.958984375,False
transfer__t1a_3seed_det456_p42_frozen_001_t1a_3seed_det456_p42_frozen_seed42,transfer,t1a_3seed_det456_p42_frozen,42,val,efros,False,phase,F1,dressing,0.0,False
transfer__t1a_3seed_det456_p42_frozen_001_t1a_3seed_det456_p42_frozen_seed42,transfer,t1a_3seed_det456_p42_frozen,42,val,efros,False,phase,F1,hemostasis,0.8163265306122448,False
transfer__t1a_3seed_det456_p42_frozen_001_t1a_3seed_det456_p42_frozen_seed42,transfer,t1a_3seed_det456_p42_frozen,42,val,efros,False,phase,F1,incision,0.955223880597015,False
transfer__t1a_3seed_det456_p42_frozen_001_t1a_3seed_det456_p42_frozen_seed42,transfer,t1a_3seed_det456_p42_frozen,42,val,efros,False,phase,F1,irrigation,0.0,False
transfer__t1a_3seed_det456_p456_aug_001_t1a_3seed_det456_p456_aug_seed456,transfer,t1a_3seed_det456_p456_aug,456,val,efros,False,phase,F1,anesthesia,1.0,False
transfer__t1a_3seed_det456_p456_aug_001_t1a_3seed_det456_p456_aug_seed456,transfer,t1a_3seed_det456_p456_aug,456,val,efros,False,phase,F1,closure,0.9571303587051618,False
transfer__t1a_3seed_det456_p456_aug_001_t1a_3seed_det456_p456_aug_seed456,transfer,t1a_3seed_det456_p456_aug,456,val,efros,False,phase,F1,design,0.9751243781094527,False
transfer__t1a_3seed_det456_p456_aug_001_t1a_3seed_det456_p456_aug_seed456,transfer,t1a_3seed_det456_p456_aug,456,val,efros,False,phase,F1,disinfection,0.0,False
transfer__t1a_3seed_det456_p456_aug_001_t1a_3seed_det456_p456_aug_seed456,transfer,t1a_3seed_det456_p456_aug,456,val,efros,False,phase,F1,dissection,0.956268221574344,False
transfer__t1a_3seed_det456_p456_aug_001_t1a_3seed_det456_p456_aug_seed456,transfer,t1a_3seed_det456_p456_aug,456,val,efros,False,phase,F1,dressing,0.0,False
transfer__t1a_3seed_det456_p456_aug_001_t1a_3seed_det456_p456_aug_seed456,transfer,t1a_3seed_det456_p456_aug,456,val,efros,False,phase,F1,hemostasis,0.8041237113402062,False
transfer__t1a_3seed_det456_p456_aug_001_t1a_3seed_det456_p456_aug_seed456,transfer,t1a_3seed_det456_p456_aug,456,val,efros,False,phase,F1,incision,0.9529411764705882,False
transfer__t1a_3seed_det456_p456_aug_001_t1a_3seed_det456_p456_aug_seed456,transfer,t1a_3seed_det456_p456_aug,456,val,efros,False,phase,F1,irrigation,0.0,False
transfer__t1a_3seed_det456_p456_frozen_001_t1a_3seed_det456_p456_frozen_seed456,transfer,t1a_3seed_det456_p456_frozen,456,val,efros,False,phase,F1,anesthesia,1.0,False
transfer__t1a_3seed_det456_p456_frozen_001_t1a_3seed_det456_p456_frozen_seed456,transfer,t1a_3seed_det456_p456_frozen,456,val,efros,False,phase,F1,closure,0.962510897994769,False
transfer__t1a_3seed_det456_p456_frozen_001_t1a_3seed_det456_p456_frozen_seed456,transfer,t1a_3seed_det456_p456_frozen,456,val,efros,False,phase,F1,design,0.9901960784313726,False
transfer__t1a_3seed_det456_p456_frozen_001_t1a_3seed_det456_p456_frozen_seed456,transfer,t1a_3seed_det456_p456_frozen,456,val,efros,False,phase,F1,disinfection,0.0,False
transfer__t1a_3seed_det456_p456_frozen_001_t1a_3seed_det456_p456_frozen_seed456,transfer,t1a_3seed_det456_p456_frozen,456,val,efros,False,phase,F1,dissection,0.962962962962963,False
transfer__t1a_3seed_det456_p456_frozen_001_t1a_3seed_det456_p456_frozen_seed456,transfer,t1a_3seed_det456_p456_frozen,456,val,efros,False,phase,F1,dressing,0.0,False
transfer__t1a_3seed_det456_p456_frozen_001_t1a_3seed_det456_p456_frozen_seed456,transfer,t1a_3seed_det456_p456_frozen,456,val,efros,False,phase,F1,hemostasis,0.8399999999999999,False
transfer__t1a_3seed_det456_p456_frozen_001_t1a_3seed_det456_p456_frozen_seed456,transfer,t1a_3seed_det456_p456_frozen,456,val,efros,False,phase,F1,incision,0.9549549549549551,False
transfer__t1a_3seed_det456_p456_frozen_001_t1a_3seed_det456_p456_frozen_seed456,transfer,t1a_3seed_det456_p456_frozen,456,val,efros,False,phase,F1,irrigation,0.0,False
transfer__t1a_appearance_001_t1a_appearance_seed42,transfer,t1a_appearance,42,val,efros,False,phase,F1,anesthesia,1.0,False
transfer__t1a_appearance_001_t1a_appearance_seed42,transfer,t1a_appearance,42,val,efros,False,phase,F1,closure,0.9609035621198958,False
transfer__t1a_appearance_001_t1a_appearance_seed42,transfer,t1a_appearance,42,val,efros,False,phase,F1,design,0.9801980198019802,False
transfer__t1a_appearance_001_t1a_appearance_seed42,transfer,t1a_appearance,42,val,efros,False,phase,F1,disinfection,0.0,False
transfer__t1a_appearance_001_t1a_appearance_seed42,transfer,t1a_appearance,42,val,efros,False,phase,F1,dissection,0.9568627450980391,False
transfer__t1a_appearance_001_t1a_appearance_seed42,transfer,t1a_appearance,42,val,efros,False,phase,F1,dressing,0.0,False
transfer__t1a_appearance_001_t1a_appearance_seed42,transfer,t1a_appearance,42,val,efros,False,phase,F1,hemostasis,0.8761904761904762,False
transfer__t1a_appearance_001_t1a_appearance_seed42,transfer,t1a_appearance,42,val,efros,False,phase,F1,incision,0.9397590361445782,False
transfer__t1a_appearance_001_t1a_appearance_seed42,transfer,t1a_appearance,42,val,efros,False,phase,F1,irrigation,0.0,False
transfer__t1a_appearance_002_t1a_appearance_seed123,transfer,t1a_appearance,123,val,efros,False,phase,F1,anesthesia,0.9948717948717948,False
transfer__t1a_appearance_002_t1a_appearance_seed123,transfer,t1a_appearance,123,val,efros,False,phase,F1,closure,0.9658792650918634,False
transfer__t1a_appearance_002_t1a_appearance_seed123,transfer,t1a_appearance,123,val,efros,False,phase,F1,design,0.9852216748768473,False
transfer__t1a_appearance_002_t1a_appearance_seed123,transfer,t1a_appearance,123,val,efros,False,phase,F1,disinfection,0.0,False
transfer__t1a_appearance_002_t1a_appearance_seed123,transfer,t1a_appearance,123,val,efros,False,phase,F1,dissection,0.9470644850818096,False
transfer__t1a_appearance_002_t1a_appearance_seed123,transfer,t1a_appearance,123,val,efros,False,phase,F1,dressing,0.0,False
transfer__t1a_appearance_002_t1a_appearance_seed123,transfer,t1a_appearance,123,val,efros,False,phase,F1,hemostasis,0.7333333333333334,False
transfer__t1a_appearance_002_t1a_appearance_seed123,transfer,t1a_appearance,123,val,efros,False,phase,F1,incision,0.9523809523809523,False
transfer__t1a_appearance_002_t1a_appearance_seed123,transfer,t1a_appearance,123,val,efros,False,phase,F1,irrigation,0.0,False
transfer__t1a_appearance_003_t1a_appearance_seed456,transfer,t1a_appearance,456,val,efros,False,phase,F1,anesthesia,0.9948717948717948,False
transfer__t1a_appearance_003_t1a_appearance_seed456,transfer,t1a_appearance,456,val,efros,False,phase,F1,closure,0.9548611111111112,False
transfer__t1a_appearance_003_t1a_appearance_seed456,transfer,t1a_appearance,456,val,efros,False,phase,F1,design,0.9753694581280788,False
transfer__t1a_appearance_003_t1a_appearance_seed456,transfer,t1a_appearance,456,val,efros,False,phase,F1,disinfection,0.0,False
transfer__t1a_appearance_003_t1a_appearance_seed456,transfer,t1a_appearance,456,val,efros,False,phase,F1,dissection,0.968968968968969,False
transfer__t1a_appearance_003_t1a_appearance_seed456,transfer,t1a_appearance,456,val,efros,False,phase,F1,dressing,0.0,False
transfer__t1a_appearance_003_t1a_appearance_seed456,transfer,t1a_appearance,456,val,efros,False,phase,F1,hemostasis,0.8479999999999999,False
transfer__t1a_appearance_003_t1a_appearance_seed456,transfer,t1a_appearance,456,val,efros,False,phase,F1,incision,0.9457831325301205,False
transfer__t1a_appearance_003_t1a_appearance_seed456,transfer,t1a_appearance,456,val,efros,False,phase,F1,irrigation,0.0,False
transfer__t1a_b2a_combined_001_t1a_b2a_combined_seed42,transfer,t1a_b2a_combined,42,val,lecun,False,phase,F1,anesthesia,1.0,False
transfer__t1a_b2a_combined_001_t1a_b2a_combined_seed42,transfer,t1a_b2a_combined,42,val,lecun,False,phase,F1,closure,0.9479077711357814,False
transfer__t1a_b2a_combined_001_t1a_b2a_combined_seed42,transfer,t1a_b2a_combined,42,val,lecun,False,phase,F1,design,0.9801980198019802,False
transfer__t1a_b2a_combined_001_t1a_b2a_combined_seed42,transfer,t1a_b2a_combined,42,val,lecun,False,phase,F1,disinfection,0.0,False
transfer__t1a_b2a_combined_001_t1a_b2a_combined_seed42,transfer,t1a_b2a_combined,42,val,lecun,False,phase,F1,dissection,0.9603174603174603,False
transfer__t1a_b2a_combined_001_t1a_b2a_combined_seed42,transfer,t1a_b2a_combined,42,val,lecun,False,phase,F1,dressing,0.0,False
transfer__t1a_b2a_combined_001_t1a_b2a_combined_seed42,transfer,t1a_b2a_combined,42,val,lecun,False,phase,F1,hemostasis,0.7789473684210527,False
transfer__t1a_b2a_combined_001_t1a_b2a_combined_seed42,transfer,t1a_b2a_combined,42,val,lecun,False,phase,F1,incision,0.9520958083832335,False
transfer__t1a_b2a_combined_001_t1a_b2a_combined_seed42,transfer,t1a_b2a_combined,42,val,lecun,False,phase,F1,irrigation,0.0,False
transfer__t1a_b2a_combined_002_t1a_b2a_combined_seed123,transfer,t1a_b2a_combined,123,val,lecun,False,phase,F1,anesthesia,1.0,False
transfer__t1a_b2a_combined_002_t1a_b2a_combined_seed123,transfer,t1a_b2a_combined,123,val,lecun,False,phase,F1,closure,0.9592367736339982,False
transfer__t1a_b2a_combined_002_t1a_b2a_combined_seed123,transfer,t1a_b2a_combined,123,val,lecun,False,phase,F1,design,0.9751243781094527,False
transfer__t1a_b2a_combined_002_t1a_b2a_combined_seed123,transfer,t1a_b2a_combined,123,val,lecun,False,phase,F1,disinfection,0.0,False
transfer__t1a_b2a_combined_002_t1a_b2a_combined_seed123,transfer,t1a_b2a_combined,123,val,lecun,False,phase,F1,dissection,0.9571150097465887,False
transfer__t1a_b2a_combined_002_t1a_b2a_combined_seed123,transfer,t1a_b2a_combined,123,val,lecun,False,phase,F1,dressing,0.0,False
transfer__t1a_b2a_combined_002_t1a_b2a_combined_seed123,transfer,t1a_b2a_combined,123,val,lecun,False,phase,F1,hemostasis,0.8041237113402062,False
transfer__t1a_b2a_combined_002_t1a_b2a_combined_seed123,transfer,t1a_b2a_combined,123,val,lecun,False,phase,F1,incision,0.9369369369369369,False
transfer__t1a_b2a_combined_002_t1a_b2a_combined_seed123,transfer,t1a_b2a_combined,123,val,lecun,False,phase,F1,irrigation,0.0,False
transfer__t1a_b2a_combined_003_t1a_b2a_combined_seed456,transfer,t1a_b2a_combined,456,val,lecun,False,phase,F1,anesthesia,1.0,False
transfer__t1a_b2a_combined_003_t1a_b2a_combined_seed456,transfer,t1a_b2a_combined,456,val,lecun,False,phase,F1,closure,0.9616724738675958,False
transfer__t1a_b2a_combined_003_t1a_b2a_combined_seed456,transfer,t1a_b2a_combined,456,val,lecun,False,phase,F1,design,0.9852216748768473,False
transfer__t1a_b2a_combined_003_t1a_b2a_combined_seed456,transfer,t1a_b2a_combined,456,val,lecun,False,phase,F1,disinfection,0.0,False
transfer__t1a_b2a_combined_003_t1a_b2a_combined_seed456,transfer,t1a_b2a_combined,456,val,lecun,False,phase,F1,dissection,0.9505334626576138,False
transfer__t1a_b2a_combined_003_t1a_b2a_combined_seed456,transfer,t1a_b2a_combined,456,val,lecun,False,phase,F1,dressing,0.0,False
transfer__t1a_b2a_combined_003_t1a_b2a_combined_seed456,transfer,t1a_b2a_combined,456,val,lecun,False,phase,F1,hemostasis,0.7659574468085106,False
transfer__t1a_b2a_combined_003_t1a_b2a_combined_seed456,transfer,t1a_b2a_combined,456,val,lecun,False,phase,F1,incision,0.9520958083832335,False
transfer__t1a_b2a_combined_003_t1a_b2a_combined_seed456,transfer,t1a_b2a_combined,456,val,lecun,False,phase,F1,irrigation,0.0,False
transfer__t1a_base_env_001_t1a_base_env_seed42,transfer,t1a_base_env,42,val,efros,False,phase,F1,anesthesia,0.9896907216494846,False
transfer__t1a_base_env_001_t1a_base_env_seed42,transfer,t1a_base_env,42,val,efros,False,phase,F1,closure,0.9626411815812337,False
transfer__t1a_base_env_001_t1a_base_env_seed42,transfer,t1a_base_env,42,val,efros,False,phase,F1,design,0.9751243781094527,False
transfer__t1a_base_env_001_t1a_base_env_seed42,transfer,t1a_base_env,42,val,efros,False,phase,F1,disinfection,0.0,False
transfer__t1a_base_env_001_t1a_base_env_seed42,transfer,t1a_base_env,42,val,efros,False,phase,F1,dissection,0.9549902152641878,False
transfer__t1a_base_env_001_t1a_base_env_seed42,transfer,t1a_base_env,42,val,efros,False,phase,F1,dressing,0.0,False
transfer__t1a_base_env_001_t1a_base_env_seed42,transfer,t1a_base_env,42,val,efros,False,phase,F1,hemostasis,0.8282828282828282,False
transfer__t1a_base_env_001_t1a_base_env_seed42,transfer,t1a_base_env,42,val,efros,False,phase,F1,incision,0.943952802359882,False
transfer__t1a_base_env_001_t1a_base_env_seed42,transfer,t1a_base_env,42,val,efros,False,phase,F1,irrigation,0.0,False
transfer__t1a_base_env_002_t1a_base_env_seed123,transfer,t1a_base_env,123,val,efros,False,phase,F1,anesthesia,1.0,False
transfer__t1a_base_env_002_t1a_base_env_seed123,transfer,t1a_base_env,123,val,efros,False,phase,F1,closure,0.9601386481802426,False
transfer__t1a_base_env_002_t1a_base_env_seed123,transfer,t1a_base_env,123,val,efros,False,phase,F1,design,0.9751243781094527,False
transfer__t1a_base_env_002_t1a_base_env_seed123,transfer,t1a_base_env,123,val,efros,False,phase,F1,disinfection,0.0,False
transfer__t1a_base_env_002_t1a_base_env_seed123,transfer,t1a_base_env,123,val,efros,False,phase,F1,dissection,0.95703125,False
transfer__t1a_base_env_002_t1a_base_env_seed123,transfer,t1a_base_env,123,val,efros,False,phase,F1,dressing,0.0,False
transfer__t1a_base_env_002_t1a_base_env_seed123,transfer,t1a_base_env,123,val,efros,False,phase,F1,hemostasis,0.8041237113402062,False
transfer__t1a_base_env_002_t1a_base_env_seed123,transfer,t1a_base_env,123,val,efros,False,phase,F1,incision,0.940119760479042,False
transfer__t1a_base_env_002_t1a_base_env_seed123,transfer,t1a_base_env,123,val,efros,False,phase,F1,irrigation,0.0,False
transfer__t1a_base_env_003_t1a_base_env_seed456,transfer,t1a_base_env,456,val,efros,False,phase,F1,anesthesia,1.0,False
transfer__t1a_base_env_003_t1a_base_env_seed456,transfer,t1a_base_env,456,val,efros,False,phase,F1,closure,0.9627059843885515,False
transfer__t1a_base_env_003_t1a_base_env_seed456,transfer,t1a_base_env,456,val,efros,False,phase,F1,design,0.9751243781094527,False
transfer__t1a_base_env_003_t1a_base_env_seed456,transfer,t1a_base_env,456,val,efros,False,phase,F1,disinfection,0.0,False
transfer__t1a_base_env_003_t1a_base_env_seed456,transfer,t1a_base_env,456,val,efros,False,phase,F1,dissection,0.9553398058252427,False
transfer__t1a_base_env_003_t1a_base_env_seed456,transfer,t1a_base_env,456,val,efros,False,phase,F1,dressing,0.0,False
transfer__t1a_base_env_003_t1a_base_env_seed456,transfer,t1a_base_env,456,val,efros,False,phase,F1,hemostasis,0.7391304347826086,False
transfer__t1a_base_env_003_t1a_base_env_seed456,transfer,t1a_base_env,456,val,efros,False,phase,F1,incision,0.940119760479042,False
transfer__t1a_base_env_003_t1a_base_env_seed456,transfer,t1a_base_env,456,val,efros,False,phase,F1,irrigation,0.0,False
transfer__t1a_base_test_001_t1a_base_test_seed42,transfer,t1a_base_test,42,val,efros,False,phase,F1,anesthesia,1.0,False
transfer__t1a_base_test_001_t1a_base_test_seed42,transfer,t1a_base_test,42,val,efros,False,phase,F1,closure,0.9577221742881795,False
transfer__t1a_base_test_001_t1a_base_test_seed42,transfer,t1a_base_test,42,val,efros,False,phase,F1,design,0.9751243781094527,False
transfer__t1a_base_test_001_t1a_base_test_seed42,transfer,t1a_base_test,42,val,efros,False,phase,F1,disinfection,0.0,False
transfer__t1a_base_test_001_t1a_base_test_seed42,transfer,t1a_base_test,42,val,efros,False,phase,F1,dissection,0.9588235294117646,False
transfer__t1a_base_test_001_t1a_base_test_seed42,transfer,t1a_base_test,42,val,efros,False,phase,F1,dressing,0.0,False
transfer__t1a_base_test_001_t1a_base_test_seed42,transfer,t1a_base_test,42,val,efros,False,phase,F1,hemostasis,0.7872340425531915,False
transfer__t1a_base_test_001_t1a_base_test_seed42,transfer,t1a_base_test,42,val,efros,False,phase,F1,incision,0.9404761904761904,False
transfer__t1a_base_test_001_t1a_base_test_seed42,transfer,t1a_base_test,42,val,efros,False,phase,F1,irrigation,0.0,False
transfer__t1a_base_test_002_t1a_base_test_seed123,transfer,t1a_base_test,123,val,efros,False,phase,F1,anesthesia,0.9948717948717948,False
transfer__t1a_base_test_002_t1a_base_test_seed123,transfer,t1a_base_test,123,val,efros,False,phase,F1,closure,0.9601386481802426,False
transfer__t1a_base_test_002_t1a_base_test_seed123,transfer,t1a_base_test,123,val,efros,False,phase,F1,design,0.9852216748768473,False
transfer__t1a_base_test_002_t1a_base_test_seed123,transfer,t1a_base_test,123,val,efros,False,phase,F1,disinfection,0.0,False
transfer__t1a_base_test_002_t1a_base_test_seed123,transfer,t1a_base_test,123,val,efros,False,phase,F1,dissection,0.9560117302052785,False
transfer__t1a_base_test_002_t1a_base_test_seed123,transfer,t1a_base_test,123,val,efros,False,phase,F1,dressing,0.0,False
transfer__t1a_base_test_002_t1a_base_test_seed123,transfer,t1a_base_test,123,val,efros,False,phase,F1,hemostasis,0.8041237113402062,False
transfer__t1a_base_test_002_t1a_base_test_seed123,transfer,t1a_base_test,123,val,efros,False,phase,F1,incision,0.9461077844311377,False
transfer__t1a_base_test_002_t1a_base_test_seed123,transfer,t1a_base_test,123,val,efros,False,phase,F1,irrigation,0.0,False
transfer__t1a_base_test_003_t1a_base_test_seed456,transfer,t1a_base_test,456,val,efros,False,phase,F1,anesthesia,1.0,False
transfer__t1a_base_test_003_t1a_base_test_seed456,transfer,t1a_base_test,456,val,efros,False,phase,F1,closure,0.9635416666666667,False
transfer__t1a_base_test_003_t1a_base_test_seed456,transfer,t1a_base_test,456,val,efros,False,phase,F1,design,0.9751243781094527,False
transfer__t1a_base_test_003_t1a_base_test_seed456,transfer,t1a_base_test,456,val,efros,False,phase,F1,disinfection,0.0,False
transfer__t1a_base_test_003_t1a_base_test_seed456,transfer,t1a_base_test,456,val,efros,False,phase,F1,dissection,0.9563530552861299,False
transfer__t1a_base_test_003_t1a_base_test_seed456,transfer,t1a_base_test,456,val,efros,False,phase,F1,dressing,0.0,False
transfer__t1a_base_test_003_t1a_base_test_seed456,transfer,t1a_base_test,456,val,efros,False,phase,F1,hemostasis,0.7391304347826086,False
transfer__t1a_base_test_003_t1a_base_test_seed456,transfer,t1a_base_test,456,val,efros,False,phase,F1,incision,0.940119760479042,False
transfer__t1a_base_test_003_t1a_base_test_seed456,transfer,t1a_base_test,456,val,efros,False,phase,F1,irrigation,0.0,False
transfer__t1a_boundary_001_t1a_boundary_seed42,transfer,t1a_boundary,42,val,efros,False,phase,F1,anesthesia,0.9948717948717948,False
transfer__t1a_boundary_001_t1a_boundary_seed42,transfer,t1a_boundary,42,val,efros,False,phase,F1,closure,0.9550949913644213,False
transfer__t1a_boundary_001_t1a_boundary_seed42,transfer,t1a_boundary,42,val,efros,False,phase,F1,design,0.9751243781094527,False
transfer__t1a_boundary_001_t1a_boundary_seed42,transfer,t1a_boundary,42,val,efros,False,phase,F1,disinfection,0.0,False
transfer__t1a_boundary_001_t1a_boundary_seed42,transfer,t1a_boundary,42,val,efros,False,phase,F1,dissection,0.9543650793650793,False
transfer__t1a_boundary_001_t1a_boundary_seed42,transfer,t1a_boundary,42,val,efros,False,phase,F1,dressing,0.0,False
transfer__t1a_boundary_001_t1a_boundary_seed42,transfer,t1a_boundary,42,val,efros,False,phase,F1,hemostasis,0.822429906542056,False
transfer__t1a_boundary_001_t1a_boundary_seed42,transfer,t1a_boundary,42,val,efros,False,phase,F1,incision,0.9376854599406529,False
transfer__t1a_boundary_001_t1a_boundary_seed42,transfer,t1a_boundary,42,val,efros,False,phase,F1,irrigation,0.0,False
transfer__t1a_boundary_002_t1a_boundary_seed123,transfer,t1a_boundary,123,val,efros,False,phase,F1,anesthesia,1.0,False
transfer__t1a_boundary_002_t1a_boundary_seed123,transfer,t1a_boundary,123,val,efros,False,phase,F1,closure,0.9593073593073594,False
transfer__t1a_boundary_002_t1a_boundary_seed123,transfer,t1a_boundary,123,val,efros,False,phase,F1,design,0.9751243781094527,False
transfer__t1a_boundary_002_t1a_boundary_seed123,transfer,t1a_boundary,123,val,efros,False,phase,F1,disinfection,0.0,False
transfer__t1a_boundary_002_t1a_boundary_seed123,transfer,t1a_boundary,123,val,efros,False,phase,F1,dissection,0.9521951219512196,False
transfer__t1a_boundary_002_t1a_boundary_seed123,transfer,t1a_boundary,123,val,efros,False,phase,F1,dressing,0.0,False
transfer__t1a_boundary_002_t1a_boundary_seed123,transfer,t1a_boundary,123,val,efros,False,phase,F1,hemostasis,0.7526881720430108,False
transfer__t1a_boundary_002_t1a_boundary_seed123,transfer,t1a_boundary,123,val,efros,False,phase,F1,incision,0.9464285714285714,False
transfer__t1a_boundary_002_t1a_boundary_seed123,transfer,t1a_boundary,123,val,efros,False,phase,F1,irrigation,0.0,False
transfer__t1a_boundary_003_t1a_boundary_seed456,transfer,t1a_boundary,456,val,efros,False,phase,F1,anesthesia,1.0,False
transfer__t1a_boundary_003_t1a_boundary_seed456,transfer,t1a_boundary,456,val,efros,False,phase,F1,closure,0.9568221070811744,False
transfer__t1a_boundary_003_t1a_boundary_seed456,transfer,t1a_boundary,456,val,efros,False,phase,F1,design,0.9852216748768473,False
transfer__t1a_boundary_003_t1a_boundary_seed456,transfer,t1a_boundary,456,val,efros,False,phase,F1,disinfection,0.0,False
transfer__t1a_boundary_003_t1a_boundary_seed456,transfer,t1a_boundary,456,val,efros,False,phase,F1,dissection,0.9557522123893806,False
transfer__t1a_boundary_003_t1a_boundary_seed456,transfer,t1a_boundary,456,val,efros,False,phase,F1,dressing,0.0,False
transfer__t1a_boundary_003_t1a_boundary_seed456,transfer,t1a_boundary,456,val,efros,False,phase,F1,hemostasis,0.8399999999999999,False
transfer__t1a_boundary_003_t1a_boundary_seed456,transfer,t1a_boundary,456,val,efros,False,phase,F1,incision,0.9397590361445782,False
transfer__t1a_boundary_003_t1a_boundary_seed456,transfer,t1a_boundary,456,val,efros,False,phase,F1,irrigation,0.0,False
transfer__t1a_combined_oracle_001_t1a_combined_oracle_seed42,transfer,t1a_combined_oracle,42,val,lecun,False,phase,F1,anesthesia,0.9896907216494846,False
transfer__t1a_combined_oracle_001_t1a_combined_oracle_seed42,transfer,t1a_combined_oracle,42,val,lecun,False,phase,F1,closure,0.9527896995708155,False
transfer__t1a_combined_oracle_001_t1a_combined_oracle_seed42,transfer,t1a_combined_oracle,42,val,lecun,False,phase,F1,design,0.9801980198019802,False
transfer__t1a_combined_oracle_001_t1a_combined_oracle_seed42,transfer,t1a_combined_oracle,42,val,lecun,False,phase,F1,disinfection,0.0,False
transfer__t1a_combined_oracle_001_t1a_combined_oracle_seed42,transfer,t1a_combined_oracle,42,val,lecun,False,phase,F1,dissection,0.9603174603174603,False
transfer__t1a_combined_oracle_001_t1a_combined_oracle_seed42,transfer,t1a_combined_oracle,42,val,lecun,False,phase,F1,dressing,0.0,False
transfer__t1a_combined_oracle_001_t1a_combined_oracle_seed42,transfer,t1a_combined_oracle,42,val,lecun,False,phase,F1,hemostasis,0.8269230769230769,False
transfer__t1a_combined_oracle_001_t1a_combined_oracle_seed42,transfer,t1a_combined_oracle,42,val,lecun,False,phase,F1,incision,0.9369369369369369,False
transfer__t1a_combined_oracle_001_t1a_combined_oracle_seed42,transfer,t1a_combined_oracle,42,val,lecun,False,phase,F1,irrigation,0.0,False
transfer__t1a_combined_oracle_002_t1a_combined_oracle_seed123,transfer,t1a_combined_oracle,123,val,lecun,False,phase,F1,anesthesia,1.0,False
transfer__t1a_combined_oracle_002_t1a_combined_oracle_seed123,transfer,t1a_combined_oracle,123,val,lecun,False,phase,F1,closure,0.9599303135888502,False
transfer__t1a_combined_oracle_002_t1a_combined_oracle_seed123,transfer,t1a_combined_oracle,123,val,lecun,False,phase,F1,design,0.97,False
transfer__t1a_combined_oracle_002_t1a_combined_oracle_seed123,transfer,t1a_combined_oracle,123,val,lecun,False,phase,F1,disinfection,0.0,False
transfer__t1a_combined_oracle_002_t1a_combined_oracle_seed123,transfer,t1a_combined_oracle,123,val,lecun,False,phase,F1,dissection,0.9539666993143976,False
transfer__t1a_combined_oracle_002_t1a_combined_oracle_seed123,transfer,t1a_combined_oracle,123,val,lecun,False,phase,F1,dressing,0.0,False
transfer__t1a_combined_oracle_002_t1a_combined_oracle_seed123,transfer,t1a_combined_oracle,123,val,lecun,False,phase,F1,hemostasis,0.8163265306122448,False
transfer__t1a_combined_oracle_002_t1a_combined_oracle_seed123,transfer,t1a_combined_oracle,123,val,lecun,False,phase,F1,incision,0.944606413994169,False
transfer__t1a_combined_oracle_002_t1a_combined_oracle_seed123,transfer,t1a_combined_oracle,123,val,lecun,False,phase,F1,irrigation,0.0,False
transfer__t1a_combined_oracle_003_t1a_combined_oracle_seed456,transfer,t1a_combined_oracle,456,val,lecun,False,phase,F1,anesthesia,1.0,False
transfer__t1a_combined_oracle_003_t1a_combined_oracle_seed456,transfer,t1a_combined_oracle,456,val,lecun,False,phase,F1,closure,0.9633507853403142,False
transfer__t1a_combined_oracle_003_t1a_combined_oracle_seed456,transfer,t1a_combined_oracle,456,val,lecun,False,phase,F1,design,0.9852216748768473,False
transfer__t1a_combined_oracle_003_t1a_combined_oracle_seed456,transfer,t1a_combined_oracle,456,val,lecun,False,phase,F1,disinfection,0.0,False
transfer__t1a_combined_oracle_003_t1a_combined_oracle_seed456,transfer,t1a_combined_oracle,456,val,lecun,False,phase,F1,dissection,0.9525653436592448,False
transfer__t1a_combined_oracle_003_t1a_combined_oracle_seed456,transfer,t1a_combined_oracle,456,val,lecun,False,phase,F1,dressing,0.0,False
transfer__t1a_combined_oracle_003_t1a_combined_oracle_seed456,transfer,t1a_combined_oracle,456,val,lecun,False,phase,F1,hemostasis,0.7659574468085106,False
transfer__t1a_combined_oracle_003_t1a_combined_oracle_seed456,transfer,t1a_combined_oracle,456,val,lecun,False,phase,F1,incision,0.9520958083832335,False
transfer__t1a_combined_oracle_003_t1a_combined_oracle_seed456,transfer,t1a_combined_oracle,456,val,lecun,False,phase,F1,irrigation,0.0,False
transfer__t1a_combined_oracle_noise_p010_001_t1a_combined_oracle_noise_p010_seed42,transfer,t1a_combined_oracle_noise_p010,42,val,lecun,False,phase,F1,anesthesia,1.0,False
transfer__t1a_combined_oracle_noise_p010_001_t1a_combined_oracle_noise_p010_seed42,transfer,t1a_combined_oracle_noise_p010,42,val,lecun,False,phase,F1,closure,0.9601386481802426,False
transfer__t1a_combined_oracle_noise_p010_001_t1a_combined_oracle_noise_p010_seed42,transfer,t1a_combined_oracle_noise_p010,42,val,lecun,False,phase,F1,design,0.9801980198019802,False
transfer__t1a_combined_oracle_noise_p010_001_t1a_combined_oracle_noise_p010_seed42,transfer,t1a_combined_oracle_noise_p010,42,val,lecun,False,phase,F1,disinfection,0.0,False
transfer__t1a_combined_oracle_noise_p010_001_t1a_combined_oracle_noise_p010_seed42,transfer,t1a_combined_oracle_noise_p010,42,val,lecun,False,phase,F1,dissection,0.9529411764705883,False
transfer__t1a_combined_oracle_noise_p010_001_t1a_combined_oracle_noise_p010_seed42,transfer,t1a_combined_oracle_noise_p010,42,val,lecun,False,phase,F1,dressing,0.0,False
transfer__t1a_combined_oracle_noise_p010_001_t1a_combined_oracle_noise_p010_seed42,transfer,t1a_combined_oracle_noise_p010,42,val,lecun,False,phase,F1,hemostasis,0.7676767676767676,False
transfer__t1a_combined_oracle_noise_p010_001_t1a_combined_oracle_noise_p010_seed42,transfer,t1a_combined_oracle_noise_p010,42,val,lecun,False,phase,F1,incision,0.9492537313432835,False
transfer__t1a_combined_oracle_noise_p010_001_t1a_combined_oracle_noise_p010_seed42,transfer,t1a_combined_oracle_noise_p010,42,val,lecun,False,phase,F1,irrigation,0.0,False
transfer__t1a_combined_oracle_noise_p010_002_t1a_combined_oracle_noise_p010_seed123,transfer,t1a_combined_oracle_noise_p010,123,val,lecun,False,phase,F1,anesthesia,1.0,False
transfer__t1a_combined_oracle_noise_p010_002_t1a_combined_oracle_noise_p010_seed123,transfer,t1a_combined_oracle_noise_p010,123,val,lecun,False,phase,F1,closure,0.96,False
transfer__t1a_combined_oracle_noise_p010_002_t1a_combined_oracle_noise_p010_seed123,transfer,t1a_combined_oracle_noise_p010,123,val,lecun,False,phase,F1,design,0.97,False
transfer__t1a_combined_oracle_noise_p010_002_t1a_combined_oracle_noise_p010_seed123,transfer,t1a_combined_oracle_noise_p010,123,val,lecun,False,phase,F1,disinfection,0.0,False
transfer__t1a_combined_oracle_noise_p010_002_t1a_combined_oracle_noise_p010_seed123,transfer,t1a_combined_oracle_noise_p010,123,val,lecun,False,phase,F1,dissection,0.9567779960707269,False
transfer__t1a_combined_oracle_noise_p010_002_t1a_combined_oracle_noise_p010_seed123,transfer,t1a_combined_oracle_noise_p010,123,val,lecun,False,phase,F1,dressing,0.0,False
transfer__t1a_combined_oracle_noise_p010_002_t1a_combined_oracle_noise_p010_seed123,transfer,t1a_combined_oracle_noise_p010,123,val,lecun,False,phase,F1,hemostasis,0.8163265306122448,False
transfer__t1a_combined_oracle_noise_p010_002_t1a_combined_oracle_noise_p010_seed123,transfer,t1a_combined_oracle_noise_p010,123,val,lecun,False,phase,F1,incision,0.941860465116279,False
transfer__t1a_combined_oracle_noise_p010_002_t1a_combined_oracle_noise_p010_seed123,transfer,t1a_combined_oracle_noise_p010,123,val,lecun,False,phase,F1,irrigation,0.0,False
transfer__t1a_combined_oracle_noise_p010_003_t1a_combined_oracle_noise_p010_seed456,transfer,t1a_combined_oracle_noise_p010,456,val,lecun,False,phase,F1,anesthesia,1.0,False
transfer__t1a_combined_oracle_noise_p010_003_t1a_combined_oracle_noise_p010_seed456,transfer,t1a_combined_oracle_noise_p010,456,val,lecun,False,phase,F1,closure,0.9616055846422338,False
transfer__t1a_combined_oracle_noise_p010_003_t1a_combined_oracle_noise_p010_seed456,transfer,t1a_combined_oracle_noise_p010,456,val,lecun,False,phase,F1,design,0.9852216748768473,False
transfer__t1a_combined_oracle_noise_p010_003_t1a_combined_oracle_noise_p010_seed456,transfer,t1a_combined_oracle_noise_p010,456,val,lecun,False,phase,F1,disinfection,0.0,False
transfer__t1a_combined_oracle_noise_p010_003_t1a_combined_oracle_noise_p010_seed456,transfer,t1a_combined_oracle_noise_p010,456,val,lecun,False,phase,F1,dissection,0.9516441005802708,False
transfer__t1a_combined_oracle_noise_p010_003_t1a_combined_oracle_noise_p010_seed456,transfer,t1a_combined_oracle_noise_p010,456,val,lecun,False,phase,F1,dressing,0.0,False
transfer__t1a_combined_oracle_noise_p010_003_t1a_combined_oracle_noise_p010_seed456,transfer,t1a_combined_oracle_noise_p010,456,val,lecun,False,phase,F1,hemostasis,0.7659574468085106,False
transfer__t1a_combined_oracle_noise_p010_003_t1a_combined_oracle_noise_p010_seed456,transfer,t1a_combined_oracle_noise_p010,456,val,lecun,False,phase,F1,incision,0.9489489489489489,False
transfer__t1a_combined_oracle_noise_p010_003_t1a_combined_oracle_noise_p010_seed456,transfer,t1a_combined_oracle_noise_p010,456,val,lecun,False,phase,F1,irrigation,0.0,False
transfer__t1a_combined_oracle_noise_p020_001_t1a_combined_oracle_noise_p020_seed42,transfer,t1a_combined_oracle_noise_p020,42,val,lecun,False,phase,F1,anesthesia,0.9896907216494846,False
transfer__t1a_combined_oracle_noise_p020_001_t1a_combined_oracle_noise_p020_seed42,transfer,t1a_combined_oracle_noise_p020,42,val,lecun,False,phase,F1,closure,0.9650959860383944,False
transfer__t1a_combined_oracle_noise_p020_001_t1a_combined_oracle_noise_p020_seed42,transfer,t1a_combined_oracle_noise_p020,42,val,lecun,False,phase,F1,design,0.9751243781094527,False
transfer__t1a_combined_oracle_noise_p020_001_t1a_combined_oracle_noise_p020_seed42,transfer,t1a_combined_oracle_noise_p020,42,val,lecun,False,phase,F1,disinfection,0.0,False
transfer__t1a_combined_oracle_noise_p020_001_t1a_combined_oracle_noise_p020_seed42,transfer,t1a_combined_oracle_noise_p020,42,val,lecun,False,phase,F1,dissection,0.9506292352371732,False
transfer__t1a_combined_oracle_noise_p020_001_t1a_combined_oracle_noise_p020_seed42,transfer,t1a_combined_oracle_noise_p020,42,val,lecun,False,phase,F1,dressing,0.0,False
transfer__t1a_combined_oracle_noise_p020_001_t1a_combined_oracle_noise_p020_seed42,transfer,t1a_combined_oracle_noise_p020,42,val,lecun,False,phase,F1,hemostasis,0.7391304347826086,False
transfer__t1a_combined_oracle_noise_p020_001_t1a_combined_oracle_noise_p020_seed42,transfer,t1a_combined_oracle_noise_p020,42,val,lecun,False,phase,F1,incision,0.9470588235294117,False
transfer__t1a_combined_oracle_noise_p020_001_t1a_combined_oracle_noise_p020_seed42,transfer,t1a_combined_oracle_noise_p020,42,val,lecun,False,phase,F1,irrigation,0.0,False
transfer__t1a_combined_oracle_noise_p020_002_t1a_combined_oracle_noise_p020_seed123,transfer,t1a_combined_oracle_noise_p020,123,val,lecun,False,phase,F1,anesthesia,1.0,False
transfer__t1a_combined_oracle_noise_p020_002_t1a_combined_oracle_noise_p020_seed123,transfer,t1a_combined_oracle_noise_p020,123,val,lecun,False,phase,F1,closure,0.9599303135888502,False
transfer__t1a_combined_oracle_noise_p020_002_t1a_combined_oracle_noise_p020_seed123,transfer,t1a_combined_oracle_noise_p020,123,val,lecun,False,phase,F1,design,0.97,False
transfer__t1a_combined_oracle_noise_p020_002_t1a_combined_oracle_noise_p020_seed123,transfer,t1a_combined_oracle_noise_p020,123,val,lecun,False,phase,F1,disinfection,0.0,False
transfer__t1a_combined_oracle_noise_p020_002_t1a_combined_oracle_noise_p020_seed123,transfer,t1a_combined_oracle_noise_p020,123,val,lecun,False,phase,F1,dissection,0.9539666993143976,False
transfer__t1a_combined_oracle_noise_p020_002_t1a_combined_oracle_noise_p020_seed123,transfer,t1a_combined_oracle_noise_p020,123,val,lecun,False,phase,F1,dressing,0.0,False
transfer__t1a_combined_oracle_noise_p020_002_t1a_combined_oracle_noise_p020_seed123,transfer,t1a_combined_oracle_noise_p020,123,val,lecun,False,phase,F1,hemostasis,0.8041237113402062,False
transfer__t1a_combined_oracle_noise_p020_002_t1a_combined_oracle_noise_p020_seed123,transfer,t1a_combined_oracle_noise_p020,123,val,lecun,False,phase,F1,incision,0.941860465116279,False
transfer__t1a_combined_oracle_noise_p020_002_t1a_combined_oracle_noise_p020_seed123,transfer,t1a_combined_oracle_noise_p020,123,val,lecun,False,phase,F1,irrigation,0.0,False
transfer__t1a_combined_oracle_noise_p020_003_t1a_combined_oracle_noise_p020_seed456,transfer,t1a_combined_oracle_noise_p020,456,val,lecun,False,phase,F1,anesthesia,1.0,False
transfer__t1a_combined_oracle_noise_p020_003_t1a_combined_oracle_noise_p020_seed456,transfer,t1a_combined_oracle_noise_p020,456,val,lecun,False,phase,F1,closure,0.9633507853403142,False
transfer__t1a_combined_oracle_noise_p020_003_t1a_combined_oracle_noise_p020_seed456,transfer,t1a_combined_oracle_noise_p020,456,val,lecun,False,phase,F1,design,0.9852216748768473,False
transfer__t1a_combined_oracle_noise_p020_003_t1a_combined_oracle_noise_p020_seed456,transfer,t1a_combined_oracle_noise_p020,456,val,lecun,False,phase,F1,disinfection,0.0,False
transfer__t1a_combined_oracle_noise_p020_003_t1a_combined_oracle_noise_p020_seed456,transfer,t1a_combined_oracle_noise_p020,456,val,lecun,False,phase,F1,dissection,0.9486931268151015,False
transfer__t1a_combined_oracle_noise_p020_003_t1a_combined_oracle_noise_p020_seed456,transfer,t1a_combined_oracle_noise_p020,456,val,lecun,False,phase,F1,dressing,0.0,False
transfer__t1a_combined_oracle_noise_p020_003_t1a_combined_oracle_noise_p020_seed456,transfer,t1a_combined_oracle_noise_p020,456,val,lecun,False,phase,F1,hemostasis,0.7659574468085106,False
transfer__t1a_combined_oracle_noise_p020_003_t1a_combined_oracle_noise_p020_seed456,transfer,t1a_combined_oracle_noise_p020,456,val,lecun,False,phase,F1,incision,0.9520958083832335,False
transfer__t1a_combined_oracle_noise_p020_003_t1a_combined_oracle_noise_p020_seed456,transfer,t1a_combined_oracle_noise_p020,456,val,lecun,False,phase,F1,irrigation,0.0,False
transfer__t1a_combined_oracle_noise_p030_001_t1a_combined_oracle_noise_p030_seed42,transfer,t1a_combined_oracle_noise_p030,42,val,lecun,False,phase,F1,anesthesia,0.9896907216494846,False
transfer__t1a_combined_oracle_noise_p030_001_t1a_combined_oracle_noise_p030_seed42,transfer,t1a_combined_oracle_noise_p030,42,val,lecun,False,phase,F1,closure,0.9584055459272097,False
transfer__t1a_combined_oracle_noise_p030_001_t1a_combined_oracle_noise_p030_seed42,transfer,t1a_combined_oracle_noise_p030,42,val,lecun,False,phase,F1,design,0.9751243781094527,False
transfer__t1a_combined_oracle_noise_p030_001_t1a_combined_oracle_noise_p030_seed42,transfer,t1a_combined_oracle_noise_p030,42,val,lecun,False,phase,F1,disinfection,0.0,False
transfer__t1a_combined_oracle_noise_p030_001_t1a_combined_oracle_noise_p030_seed42,transfer,t1a_combined_oracle_noise_p030,42,val,lecun,False,phase,F1,dissection,0.9566929133858267,False
transfer__t1a_combined_oracle_noise_p030_001_t1a_combined_oracle_noise_p030_seed42,transfer,t1a_combined_oracle_noise_p030,42,val,lecun,False,phase,F1,dressing,0.0,False
transfer__t1a_combined_oracle_noise_p030_001_t1a_combined_oracle_noise_p030_seed42,transfer,t1a_combined_oracle_noise_p030,42,val,lecun,False,phase,F1,hemostasis,0.8514851485148516,False
transfer__t1a_combined_oracle_noise_p030_001_t1a_combined_oracle_noise_p030_seed42,transfer,t1a_combined_oracle_noise_p030,42,val,lecun,False,phase,F1,incision,0.9411764705882353,False
transfer__t1a_combined_oracle_noise_p030_001_t1a_combined_oracle_noise_p030_seed42,transfer,t1a_combined_oracle_noise_p030,42,val,lecun,False,phase,F1,irrigation,0.0,False
transfer__t1a_combined_oracle_noise_p030_002_t1a_combined_oracle_noise_p030_seed123,transfer,t1a_combined_oracle_noise_p030,123,val,lecun,False,phase,F1,anesthesia,1.0,False
transfer__t1a_combined_oracle_noise_p030_002_t1a_combined_oracle_noise_p030_seed123,transfer,t1a_combined_oracle_noise_p030,123,val,lecun,False,phase,F1,closure,0.9590948651000871,False
transfer__t1a_combined_oracle_noise_p030_002_t1a_combined_oracle_noise_p030_seed123,transfer,t1a_combined_oracle_noise_p030,123,val,lecun,False,phase,F1,design,0.9801980198019802,False
transfer__t1a_combined_oracle_noise_p030_002_t1a_combined_oracle_noise_p030_seed123,transfer,t1a_combined_oracle_noise_p030,123,val,lecun,False,phase,F1,disinfection,0.0,False
transfer__t1a_combined_oracle_noise_p030_002_t1a_combined_oracle_noise_p030_seed123,transfer,t1a_combined_oracle_noise_p030,123,val,lecun,False,phase,F1,dissection,0.9561830574488802,False
transfer__t1a_combined_oracle_noise_p030_002_t1a_combined_oracle_noise_p030_seed123,transfer,t1a_combined_oracle_noise_p030,123,val,lecun,False,phase,F1,dressing,0.0,False
transfer__t1a_combined_oracle_noise_p030_002_t1a_combined_oracle_noise_p030_seed123,transfer,t1a_combined_oracle_noise_p030,123,val,lecun,False,phase,F1,hemostasis,0.8163265306122448,False
transfer__t1a_combined_oracle_noise_p030_002_t1a_combined_oracle_noise_p030_seed123,transfer,t1a_combined_oracle_noise_p030,123,val,lecun,False,phase,F1,incision,0.9461077844311377,False
transfer__t1a_combined_oracle_noise_p030_002_t1a_combined_oracle_noise_p030_seed123,transfer,t1a_combined_oracle_noise_p030,123,val,lecun,False,phase,F1,irrigation,0.0,False
transfer__t1a_combined_oracle_noise_p030_003_t1a_combined_oracle_noise_p030_seed456,transfer,t1a_combined_oracle_noise_p030,456,val,lecun,False,phase,F1,anesthesia,1.0,False
transfer__t1a_combined_oracle_noise_p030_003_t1a_combined_oracle_noise_p030_seed456,transfer,t1a_combined_oracle_noise_p030,456,val,lecun,False,phase,F1,closure,0.9632867132867132,False
transfer__t1a_combined_oracle_noise_p030_003_t1a_combined_oracle_noise_p030_seed456,transfer,t1a_combined_oracle_noise_p030,456,val,lecun,False,phase,F1,design,0.9852216748768473,False
transfer__t1a_combined_oracle_noise_p030_003_t1a_combined_oracle_noise_p030_seed456,transfer,t1a_combined_oracle_noise_p030,456,val,lecun,False,phase,F1,disinfection,0.0,False
transfer__t1a_combined_oracle_noise_p030_003_t1a_combined_oracle_noise_p030_seed456,transfer,t1a_combined_oracle_noise_p030,456,val,lecun,False,phase,F1,dissection,0.9487922705314009,False
transfer__t1a_combined_oracle_noise_p030_003_t1a_combined_oracle_noise_p030_seed456,transfer,t1a_combined_oracle_noise_p030,456,val,lecun,False,phase,F1,dressing,0.0,False
transfer__t1a_combined_oracle_noise_p030_003_t1a_combined_oracle_noise_p030_seed456,transfer,t1a_combined_oracle_noise_p030,456,val,lecun,False,phase,F1,hemostasis,0.7659574468085106,False
transfer__t1a_combined_oracle_noise_p030_003_t1a_combined_oracle_noise_p030_seed456,transfer,t1a_combined_oracle_noise_p030,456,val,lecun,False,phase,F1,incision,0.9520958083832335,False
transfer__t1a_combined_oracle_noise_p030_003_t1a_combined_oracle_noise_p030_seed456,transfer,t1a_combined_oracle_noise_p030,456,val,lecun,False,phase,F1,irrigation,0.0,False
transfer__t1a_combined_region_top3_mask_001_t1a_combined_region_top3_mask_seed123,transfer,t1a_combined_region_top3_mask,123,val,lecun,False,phase,F1,anesthesia,0.9896907216494846,False
transfer__t1a_combined_region_top3_mask_001_t1a_combined_region_top3_mask_seed123,transfer,t1a_combined_region_top3_mask,123,val,lecun,False,phase,F1,closure,0.9547038327526132,False
transfer__t1a_combined_region_top3_mask_001_t1a_combined_region_top3_mask_seed123,transfer,t1a_combined_region_top3_mask,123,val,lecun,False,phase,F1,design,0.8228571428571428,False
transfer__t1a_combined_region_top3_mask_001_t1a_combined_region_top3_mask_seed123,transfer,t1a_combined_region_top3_mask,123,val,lecun,False,phase,F1,disinfection,0.0,False
transfer__t1a_combined_region_top3_mask_001_t1a_combined_region_top3_mask_seed123,transfer,t1a_combined_region_top3_mask,123,val,lecun,False,phase,F1,dissection,0.9403846153846155,False
transfer__t1a_combined_region_top3_mask_001_t1a_combined_region_top3_mask_seed123,transfer,t1a_combined_region_top3_mask,123,val,lecun,False,phase,F1,dressing,0.0,False
transfer__t1a_combined_region_top3_mask_001_t1a_combined_region_top3_mask_seed123,transfer,t1a_combined_region_top3_mask,123,val,lecun,False,phase,F1,hemostasis,0.5569620253164557,False
transfer__t1a_combined_region_top3_mask_001_t1a_combined_region_top3_mask_seed123,transfer,t1a_combined_region_top3_mask,123,val,lecun,False,phase,F1,incision,0.8648648648648648,False
transfer__t1a_combined_region_top3_mask_001_t1a_combined_region_top3_mask_seed123,transfer,t1a_combined_region_top3_mask,123,val,lecun,False,phase,F1,irrigation,0.0,False
transfer__t1a_combined_region_top3_mask_002_t1a_combined_region_top3_mask_seed42,transfer,t1a_combined_region_top3_mask,42,val,lecun,False,phase,F1,anesthesia,0.9795918367346939,False
transfer__t1a_combined_region_top3_mask_002_t1a_combined_region_top3_mask_seed42,transfer,t1a_combined_region_top3_mask,42,val,lecun,False,phase,F1,closure,0.9496910856134156,False
transfer__t1a_combined_region_top3_mask_002_t1a_combined_region_top3_mask_seed42,transfer,t1a_combined_region_top3_mask,42,val,lecun,False,phase,F1,design,0.932642487046632,False
transfer__t1a_combined_region_top3_mask_002_t1a_combined_region_top3_mask_seed42,transfer,t1a_combined_region_top3_mask,42,val,lecun,False,phase,F1,disinfection,0.0,False
transfer__t1a_combined_region_top3_mask_002_t1a_combined_region_top3_mask_seed42,transfer,t1a_combined_region_top3_mask,42,val,lecun,False,phase,F1,dissection,0.9414062500000001,False
transfer__t1a_combined_region_top3_mask_002_t1a_combined_region_top3_mask_seed42,transfer,t1a_combined_region_top3_mask,42,val,lecun,False,phase,F1,dressing,0.0,False
transfer__t1a_combined_region_top3_mask_002_t1a_combined_region_top3_mask_seed42,transfer,t1a_combined_region_top3_mask,42,val,lecun,False,phase,F1,hemostasis,0.7047619047619048,False
transfer__t1a_combined_region_top3_mask_002_t1a_combined_region_top3_mask_seed42,transfer,t1a_combined_region_top3_mask,42,val,lecun,False,phase,F1,incision,0.9295774647887325,False
transfer__t1a_combined_region_top3_mask_002_t1a_combined_region_top3_mask_seed42,transfer,t1a_combined_region_top3_mask,42,val,lecun,False,phase,F1,irrigation,0.0,False
transfer__t1a_combined_region_top3_mask_003_t1a_combined_region_top3_mask_seed456,transfer,t1a_combined_region_top3_mask,456,val,lecun,False,phase,F1,anesthesia,0.9896907216494846,False
transfer__t1a_combined_region_top3_mask_003_t1a_combined_region_top3_mask_seed456,transfer,t1a_combined_region_top3_mask,456,val,lecun,False,phase,F1,closure,0.952215464813206,False
transfer__t1a_combined_region_top3_mask_003_t1a_combined_region_top3_mask_seed456,transfer,t1a_combined_region_top3_mask,456,val,lecun,False,phase,F1,design,0.8555555555555555,False
transfer__t1a_combined_region_top3_mask_003_t1a_combined_region_top3_mask_seed456,transfer,t1a_combined_region_top3_mask,456,val,lecun,False,phase,F1,disinfection,0.0,False
transfer__t1a_combined_region_top3_mask_003_t1a_combined_region_top3_mask_seed456,transfer,t1a_combined_region_top3_mask,456,val,lecun,False,phase,F1,dissection,0.9384615384615385,False
transfer__t1a_combined_region_top3_mask_003_t1a_combined_region_top3_mask_seed456,transfer,t1a_combined_region_top3_mask,456,val,lecun,False,phase,F1,dressing,0.0,False
transfer__t1a_combined_region_top3_mask_003_t1a_combined_region_top3_mask_seed456,transfer,t1a_combined_region_top3_mask,456,val,lecun,False,phase,F1,hemostasis,0.627906976744186,False
transfer__t1a_combined_region_top3_mask_003_t1a_combined_region_top3_mask_seed456,transfer,t1a_combined_region_top3_mask,456,val,lecun,False,phase,F1,incision,0.867605633802817,False
transfer__t1a_combined_region_top3_mask_003_t1a_combined_region_top3_mask_seed456,transfer,t1a_combined_region_top3_mask,456,val,lecun,False,phase,F1,irrigation,0.0,False
transfer__t1a_deep_3s10l96f_001_t1a_deep_3s10l96f_seed42,transfer,t1a_deep_3s10l96f,42,val,lecun,False,phase,F1,anesthesia,0.9948717948717948,False
transfer__t1a_deep_3s10l96f_001_t1a_deep_3s10l96f_seed42,transfer,t1a_deep_3s10l96f,42,val,lecun,False,phase,F1,closure,0.9535283993115318,False
transfer__t1a_deep_3s10l96f_001_t1a_deep_3s10l96f_seed42,transfer,t1a_deep_3s10l96f,42,val,lecun,False,phase,F1,design,0.9801980198019802,False
transfer__t1a_deep_3s10l96f_001_t1a_deep_3s10l96f_seed42,transfer,t1a_deep_3s10l96f,42,val,lecun,False,phase,F1,disinfection,0.0,False
transfer__t1a_deep_3s10l96f_001_t1a_deep_3s10l96f_seed42,transfer,t1a_deep_3s10l96f,42,val,lecun,False,phase,F1,dissection,0.9547244094488189,False
transfer__t1a_deep_3s10l96f_001_t1a_deep_3s10l96f_seed42,transfer,t1a_deep_3s10l96f,42,val,lecun,False,phase,F1,dressing,0.0,False
transfer__t1a_deep_3s10l96f_001_t1a_deep_3s10l96f_seed42,transfer,t1a_deep_3s10l96f,42,val,lecun,False,phase,F1,hemostasis,0.8282828282828282,False
transfer__t1a_deep_3s10l96f_001_t1a_deep_3s10l96f_seed42,transfer,t1a_deep_3s10l96f,42,val,lecun,False,phase,F1,incision,0.9397590361445782,False
transfer__t1a_deep_3s10l96f_001_t1a_deep_3s10l96f_seed42,transfer,t1a_deep_3s10l96f,42,val,lecun,False,phase,F1,irrigation,0.0,False
transfer__t1a_deep_3s10l96f_002_t1a_deep_3s10l96f_seed123,transfer,t1a_deep_3s10l96f,123,val,lecun,False,phase,F1,anesthesia,1.0,False
transfer__t1a_deep_3s10l96f_002_t1a_deep_3s10l96f_seed123,transfer,t1a_deep_3s10l96f,123,val,lecun,False,phase,F1,closure,0.9554585152838428,False
transfer__t1a_deep_3s10l96f_002_t1a_deep_3s10l96f_seed123,transfer,t1a_deep_3s10l96f,123,val,lecun,False,phase,F1,design,0.9801980198019802,False
transfer__t1a_deep_3s10l96f_002_t1a_deep_3s10l96f_seed123,transfer,t1a_deep_3s10l96f,123,val,lecun,False,phase,F1,disinfection,0.0,False
transfer__t1a_deep_3s10l96f_002_t1a_deep_3s10l96f_seed123,transfer,t1a_deep_3s10l96f,123,val,lecun,False,phase,F1,dissection,0.9581304771178188,False
transfer__t1a_deep_3s10l96f_002_t1a_deep_3s10l96f_seed123,transfer,t1a_deep_3s10l96f,123,val,lecun,False,phase,F1,dressing,0.0,False
transfer__t1a_deep_3s10l96f_002_t1a_deep_3s10l96f_seed123,transfer,t1a_deep_3s10l96f,123,val,lecun,False,phase,F1,hemostasis,0.8653846153846154,False
transfer__t1a_deep_3s10l96f_002_t1a_deep_3s10l96f_seed123,transfer,t1a_deep_3s10l96f,123,val,lecun,False,phase,F1,incision,0.9397590361445782,False
transfer__t1a_deep_3s10l96f_002_t1a_deep_3s10l96f_seed123,transfer,t1a_deep_3s10l96f,123,val,lecun,False,phase,F1,irrigation,0.0,False
transfer__t1a_deep_3s10l96f_003_t1a_deep_3s10l96f_seed456,transfer,t1a_deep_3s10l96f,456,val,lecun,False,phase,F1,anesthesia,0.9896907216494846,False
transfer__t1a_deep_3s10l96f_003_t1a_deep_3s10l96f_seed456,transfer,t1a_deep_3s10l96f,456,val,lecun,False,phase,F1,closure,0.9575757575757575,False
transfer__t1a_deep_3s10l96f_003_t1a_deep_3s10l96f_seed456,transfer,t1a_deep_3s10l96f,456,val,lecun,False,phase,F1,design,0.9751243781094527,False
transfer__t1a_deep_3s10l96f_003_t1a_deep_3s10l96f_seed456,transfer,t1a_deep_3s10l96f,456,val,lecun,False,phase,F1,disinfection,0.0,False
transfer__t1a_deep_3s10l96f_003_t1a_deep_3s10l96f_seed456,transfer,t1a_deep_3s10l96f,456,val,lecun,False,phase,F1,dissection,0.9574678536102869,False
transfer__t1a_deep_3s10l96f_003_t1a_deep_3s10l96f_seed456,transfer,t1a_deep_3s10l96f,456,val,lecun,False,phase,F1,dressing,0.0,False
transfer__t1a_deep_3s10l96f_003_t1a_deep_3s10l96f_seed456,transfer,t1a_deep_3s10l96f,456,val,lecun,False,phase,F1,hemostasis,0.8761904761904762,False
transfer__t1a_deep_3s10l96f_003_t1a_deep_3s10l96f_seed456,transfer,t1a_deep_3s10l96f,456,val,lecun,False,phase,F1,incision,0.9411764705882353,False
transfer__t1a_deep_3s10l96f_003_t1a_deep_3s10l96f_seed456,transfer,t1a_deep_3s10l96f,456,val,lecun,False,phase,F1,irrigation,0.0,False
transfer__t1a_deep_3s10l96f_004_t1a_deep_3s10l96f_seed789,transfer,t1a_deep_3s10l96f,789,val,lecun,False,phase,F1,anesthesia,0.9948717948717948,False
transfer__t1a_deep_3s10l96f_004_t1a_deep_3s10l96f_seed789,transfer,t1a_deep_3s10l96f,789,val,lecun,False,phase,F1,closure,0.9567474048442905,False
transfer__t1a_deep_3s10l96f_004_t1a_deep_3s10l96f_seed789,transfer,t1a_deep_3s10l96f,789,val,lecun,False,phase,F1,design,0.9801980198019802,False
transfer__t1a_deep_3s10l96f_004_t1a_deep_3s10l96f_seed789,transfer,t1a_deep_3s10l96f,789,val,lecun,False,phase,F1,disinfection,0.0,False
transfer__t1a_deep_3s10l96f_004_t1a_deep_3s10l96f_seed789,transfer,t1a_deep_3s10l96f,789,val,lecun,False,phase,F1,dissection,0.9578844270323212,False
transfer__t1a_deep_3s10l96f_004_t1a_deep_3s10l96f_seed789,transfer,t1a_deep_3s10l96f,789,val,lecun,False,phase,F1,dressing,0.0,False
transfer__t1a_deep_3s10l96f_004_t1a_deep_3s10l96f_seed789,transfer,t1a_deep_3s10l96f,789,val,lecun,False,phase,F1,hemostasis,0.8163265306122448,False
transfer__t1a_deep_3s10l96f_004_t1a_deep_3s10l96f_seed789,transfer,t1a_deep_3s10l96f,789,val,lecun,False,phase,F1,incision,0.940119760479042,False
transfer__t1a_deep_3s10l96f_004_t1a_deep_3s10l96f_seed789,transfer,t1a_deep_3s10l96f,789,val,lecun,False,phase,F1,irrigation,0.0,False
transfer__t1a_deep_3s10l96f_005_t1a_deep_3s10l96f_seed1000,transfer,t1a_deep_3s10l96f,1000,val,lecun,False,phase,F1,anesthesia,1.0,False
transfer__t1a_deep_3s10l96f_005_t1a_deep_3s10l96f_seed1000,transfer,t1a_deep_3s10l96f,1000,val,lecun,False,phase,F1,closure,0.9582608695652174,False
transfer__t1a_deep_3s10l96f_005_t1a_deep_3s10l96f_seed1000,transfer,t1a_deep_3s10l96f,1000,val,lecun,False,phase,F1,design,0.9852216748768473,False
transfer__t1a_deep_3s10l96f_005_t1a_deep_3s10l96f_seed1000,transfer,t1a_deep_3s10l96f,1000,val,lecun,False,phase,F1,disinfection,0.0,False
transfer__t1a_deep_3s10l96f_005_t1a_deep_3s10l96f_seed1000,transfer,t1a_deep_3s10l96f,1000,val,lecun,False,phase,F1,dissection,0.9571984435797666,False
transfer__t1a_deep_3s10l96f_005_t1a_deep_3s10l96f_seed1000,transfer,t1a_deep_3s10l96f,1000,val,lecun,False,phase,F1,dressing,0.0,False
transfer__t1a_deep_3s10l96f_005_t1a_deep_3s10l96f_seed1000,transfer,t1a_deep_3s10l96f,1000,val,lecun,False,phase,F1,hemostasis,0.8200000000000001,False
transfer__t1a_deep_3s10l96f_005_t1a_deep_3s10l96f_seed1000,transfer,t1a_deep_3s10l96f,1000,val,lecun,False,phase,F1,incision,0.9361702127659574,False
transfer__t1a_deep_3s10l96f_005_t1a_deep_3s10l96f_seed1000,transfer,t1a_deep_3s10l96f,1000,val,lecun,False,phase,F1,irrigation,0.0,False
transfer__t1a_probe_aug_001_t1a_probe_aug_seed42,transfer,t1a_probe_aug,42,val,efros,False,phase,F1,anesthesia,1.0,False
transfer__t1a_probe_aug_001_t1a_probe_aug_seed42,transfer,t1a_probe_aug,42,val,efros,False,phase,F1,closure,0.9567474048442905,False
transfer__t1a_probe_aug_001_t1a_probe_aug_seed42,transfer,t1a_probe_aug,42,val,efros,False,phase,F1,design,0.9951219512195122,False
transfer__t1a_probe_aug_001_t1a_probe_aug_seed42,transfer,t1a_probe_aug,42,val,efros,False,phase,F1,disinfection,0.0,False
transfer__t1a_probe_aug_001_t1a_probe_aug_seed42,transfer,t1a_probe_aug,42,val,efros,False,phase,F1,dissection,0.9625984251968503,False
transfer__t1a_probe_aug_001_t1a_probe_aug_seed42,transfer,t1a_probe_aug,42,val,efros,False,phase,F1,dressing,0.0,False
transfer__t1a_probe_aug_001_t1a_probe_aug_seed42,transfer,t1a_probe_aug,42,val,efros,False,phase,F1,hemostasis,0.8514851485148516,False
transfer__t1a_probe_aug_001_t1a_probe_aug_seed42,transfer,t1a_probe_aug,42,val,efros,False,phase,F1,incision,0.9578313253012049,False
transfer__t1a_probe_aug_001_t1a_probe_aug_seed42,transfer,t1a_probe_aug,42,val,efros,False,phase,F1,irrigation,0.0,False
transfer__t1a_probe_frozen_001_t1a_probe_frozen_seed42,transfer,t1a_probe_frozen,42,val,efros,False,phase,F1,anesthesia,1.0,False
transfer__t1a_probe_frozen_001_t1a_probe_frozen_seed42,transfer,t1a_probe_frozen,42,val,efros,False,phase,F1,closure,0.9594477998274374,False
transfer__t1a_probe_frozen_001_t1a_probe_frozen_seed42,transfer,t1a_probe_frozen,42,val,efros,False,phase,F1,design,0.9852216748768473,False
transfer__t1a_probe_frozen_001_t1a_probe_frozen_seed42,transfer,t1a_probe_frozen,42,val,efros,False,phase,F1,disinfection,0.0,False
transfer__t1a_probe_frozen_001_t1a_probe_frozen_seed42,transfer,t1a_probe_frozen,42,val,efros,False,phase,F1,dissection,0.9560117302052785,False
transfer__t1a_probe_frozen_001_t1a_probe_frozen_seed42,transfer,t1a_probe_frozen,42,val,efros,False,phase,F1,dressing,0.0,False
transfer__t1a_probe_frozen_001_t1a_probe_frozen_seed42,transfer,t1a_probe_frozen,42,val,efros,False,phase,F1,hemostasis,0.7741935483870968,False
transfer__t1a_probe_frozen_001_t1a_probe_frozen_seed42,transfer,t1a_probe_frozen,42,val,efros,False,phase,F1,incision,0.9457831325301205,False
transfer__t1a_probe_frozen_001_t1a_probe_frozen_seed42,transfer,t1a_probe_frozen,42,val,efros,False,phase,F1,irrigation,0.0,False
transfer__t1a_region_mask_00_001_t1a_region_mask_00_seed42,transfer,t1a_region_mask_00,42,val,lecun,False,phase,F1,anesthesia,0.9948717948717948,False
transfer__t1a_region_mask_00_001_t1a_region_mask_00_seed42,transfer,t1a_region_mask_00,42,val,lecun,False,phase,F1,closure,0.960971379011275,False
transfer__t1a_region_mask_00_001_t1a_region_mask_00_seed42,transfer,t1a_region_mask_00,42,val,lecun,False,phase,F1,design,0.9751243781094527,False
transfer__t1a_region_mask_00_001_t1a_region_mask_00_seed42,transfer,t1a_region_mask_00,42,val,lecun,False,phase,F1,disinfection,0.0,False
transfer__t1a_region_mask_00_001_t1a_region_mask_00_seed42,transfer,t1a_region_mask_00,42,val,lecun,False,phase,F1,dissection,0.9486931268151015,False
transfer__t1a_region_mask_00_001_t1a_region_mask_00_seed42,transfer,t1a_region_mask_00,42,val,lecun,False,phase,F1,dressing,0.0,False
transfer__t1a_region_mask_00_001_t1a_region_mask_00_seed42,transfer,t1a_region_mask_00,42,val,lecun,False,phase,F1,hemostasis,0.6741573033707865,False
transfer__t1a_region_mask_00_001_t1a_region_mask_00_seed42,transfer,t1a_region_mask_00,42,val,lecun,False,phase,F1,incision,0.9313432835820895,False
transfer__t1a_region_mask_00_001_t1a_region_mask_00_seed42,transfer,t1a_region_mask_00,42,val,lecun,False,phase,F1,irrigation,0.0,False
transfer__t1a_region_mask_00_002_t1a_region_mask_00_seed123,transfer,t1a_region_mask_00,123,val,lecun,False,phase,F1,anesthesia,0.9896907216494846,False
transfer__t1a_region_mask_00_002_t1a_region_mask_00_seed123,transfer,t1a_region_mask_00,123,val,lecun,False,phase,F1,closure,0.9602763385146805,False
transfer__t1a_region_mask_00_002_t1a_region_mask_00_seed123,transfer,t1a_region_mask_00,123,val,lecun,False,phase,F1,design,0.9751243781094527,False
transfer__t1a_region_mask_00_002_t1a_region_mask_00_seed123,transfer,t1a_region_mask_00,123,val,lecun,False,phase,F1,disinfection,0.0,False
transfer__t1a_region_mask_00_002_t1a_region_mask_00_seed123,transfer,t1a_region_mask_00,123,val,lecun,False,phase,F1,dissection,0.9458413926499032,False
transfer__t1a_region_mask_00_002_t1a_region_mask_00_seed123,transfer,t1a_region_mask_00,123,val,lecun,False,phase,F1,dressing,0.0,False
transfer__t1a_region_mask_00_002_t1a_region_mask_00_seed123,transfer,t1a_region_mask_00,123,val,lecun,False,phase,F1,hemostasis,0.5853658536585366,False
transfer__t1a_region_mask_00_002_t1a_region_mask_00_seed123,transfer,t1a_region_mask_00,123,val,lecun,False,phase,F1,incision,0.9376854599406529,False
transfer__t1a_region_mask_00_002_t1a_region_mask_00_seed123,transfer,t1a_region_mask_00,123,val,lecun,False,phase,F1,irrigation,0.0,False
transfer__t1a_region_mask_00_003_t1a_region_mask_00_seed456,transfer,t1a_region_mask_00,456,val,lecun,False,phase,F1,anesthesia,0.9896907216494846,False
transfer__t1a_region_mask_00_003_t1a_region_mask_00_seed456,transfer,t1a_region_mask_00,456,val,lecun,False,phase,F1,closure,0.9617391304347825,False
transfer__t1a_region_mask_00_003_t1a_region_mask_00_seed456,transfer,t1a_region_mask_00,456,val,lecun,False,phase,F1,design,0.9751243781094527,False
transfer__t1a_region_mask_00_003_t1a_region_mask_00_seed456,transfer,t1a_region_mask_00,456,val,lecun,False,phase,F1,disinfection,0.0,False
transfer__t1a_region_mask_00_003_t1a_region_mask_00_seed456,transfer,t1a_region_mask_00,456,val,lecun,False,phase,F1,dissection,0.9474708171206224,False
transfer__t1a_region_mask_00_003_t1a_region_mask_00_seed456,transfer,t1a_region_mask_00,456,val,lecun,False,phase,F1,dressing,0.0,False
transfer__t1a_region_mask_00_003_t1a_region_mask_00_seed456,transfer,t1a_region_mask_00,456,val,lecun,False,phase,F1,hemostasis,0.6222222222222222,False
transfer__t1a_region_mask_00_003_t1a_region_mask_00_seed456,transfer,t1a_region_mask_00,456,val,lecun,False,phase,F1,incision,0.9387755102040817,False
transfer__t1a_region_mask_00_003_t1a_region_mask_00_seed456,transfer,t1a_region_mask_00,456,val,lecun,False,phase,F1,irrigation,0.0,False
transfer__t1a_region_mask_01_001_t1a_region_mask_01_seed42,transfer,t1a_region_mask_01,42,val,lecun,False,phase,F1,anesthesia,0.9846153846153847,False
transfer__t1a_region_mask_01_001_t1a_region_mask_01_seed42,transfer,t1a_region_mask_01,42,val,lecun,False,phase,F1,closure,0.9642545771578029,False
transfer__t1a_region_mask_01_001_t1a_region_mask_01_seed42,transfer,t1a_region_mask_01,42,val,lecun,False,phase,F1,design,0.9648241206030151,False
transfer__t1a_region_mask_01_001_t1a_region_mask_01_seed42,transfer,t1a_region_mask_01,42,val,lecun,False,phase,F1,disinfection,0.0,False
transfer__t1a_region_mask_01_001_t1a_region_mask_01_seed42,transfer,t1a_region_mask_01,42,val,lecun,False,phase,F1,dissection,0.9578844270323212,False
transfer__t1a_region_mask_01_001_t1a_region_mask_01_seed42,transfer,t1a_region_mask_01,42,val,lecun,False,phase,F1,dressing,0.0,False
transfer__t1a_region_mask_01_001_t1a_region_mask_01_seed42,transfer,t1a_region_mask_01,42,val,lecun,False,phase,F1,hemostasis,0.8679245283018868,False
transfer__t1a_region_mask_01_001_t1a_region_mask_01_seed42,transfer,t1a_region_mask_01,42,val,lecun,False,phase,F1,incision,0.923076923076923,False
transfer__t1a_region_mask_01_001_t1a_region_mask_01_seed42,transfer,t1a_region_mask_01,42,val,lecun,False,phase,F1,irrigation,0.0,False
transfer__t1a_region_mask_01_002_t1a_region_mask_01_seed123,transfer,t1a_region_mask_01,123,val,lecun,False,phase,F1,anesthesia,1.0,False
transfer__t1a_region_mask_01_002_t1a_region_mask_01_seed123,transfer,t1a_region_mask_01,123,val,lecun,False,phase,F1,closure,0.9618717504332757,False
transfer__t1a_region_mask_01_002_t1a_region_mask_01_seed123,transfer,t1a_region_mask_01,123,val,lecun,False,phase,F1,design,0.9595959595959597,False
transfer__t1a_region_mask_01_002_t1a_region_mask_01_seed123,transfer,t1a_region_mask_01,123,val,lecun,False,phase,F1,disinfection,0.0,False
transfer__t1a_region_mask_01_002_t1a_region_mask_01_seed123,transfer,t1a_region_mask_01,123,val,lecun,False,phase,F1,dissection,0.957801766437684,False
transfer__t1a_region_mask_01_002_t1a_region_mask_01_seed123,transfer,t1a_region_mask_01,123,val,lecun,False,phase,F1,dressing,0.0,False
transfer__t1a_region_mask_01_002_t1a_region_mask_01_seed123,transfer,t1a_region_mask_01,123,val,lecun,False,phase,F1,hemostasis,0.8247422680412371,False
transfer__t1a_region_mask_01_002_t1a_region_mask_01_seed123,transfer,t1a_region_mask_01,123,val,lecun,False,phase,F1,incision,0.935672514619883,False
transfer__t1a_region_mask_01_002_t1a_region_mask_01_seed123,transfer,t1a_region_mask_01,123,val,lecun,False,phase,F1,irrigation,0.0,False
transfer__t1a_region_mask_01_003_t1a_region_mask_01_seed456,transfer,t1a_region_mask_01,456,val,lecun,False,phase,F1,anesthesia,0.9948717948717948,False
transfer__t1a_region_mask_01_003_t1a_region_mask_01_seed456,transfer,t1a_region_mask_01,456,val,lecun,False,phase,F1,closure,0.9585492227979273,False
transfer__t1a_region_mask_01_003_t1a_region_mask_01_seed456,transfer,t1a_region_mask_01,456,val,lecun,False,phase,F1,design,0.9852216748768473,False
transfer__t1a_region_mask_01_003_t1a_region_mask_01_seed456,transfer,t1a_region_mask_01,456,val,lecun,False,phase,F1,disinfection,0.0,False
transfer__t1a_region_mask_01_003_t1a_region_mask_01_seed456,transfer,t1a_region_mask_01,456,val,lecun,False,phase,F1,dissection,0.9530332681017614,False
transfer__t1a_region_mask_01_003_t1a_region_mask_01_seed456,transfer,t1a_region_mask_01,456,val,lecun,False,phase,F1,dressing,0.0,False
transfer__t1a_region_mask_01_003_t1a_region_mask_01_seed456,transfer,t1a_region_mask_01,456,val,lecun,False,phase,F1,hemostasis,0.7916666666666666,False
transfer__t1a_region_mask_01_003_t1a_region_mask_01_seed456,transfer,t1a_region_mask_01,456,val,lecun,False,phase,F1,incision,0.9457831325301205,False
transfer__t1a_region_mask_01_003_t1a_region_mask_01_seed456,transfer,t1a_region_mask_01,456,val,lecun,False,phase,F1,irrigation,0.0,False
transfer__t1a_region_mask_02_001_t1a_region_mask_02_seed42,transfer,t1a_region_mask_02,42,val,lecun,False,phase,F1,anesthesia,0.9896907216494846,False
transfer__t1a_region_mask_02_001_t1a_region_mask_02_seed42,transfer,t1a_region_mask_02,42,val,lecun,False,phase,F1,closure,0.960971379011275,False
transfer__t1a_region_mask_02_001_t1a_region_mask_02_seed42,transfer,t1a_region_mask_02,42,val,lecun,False,phase,F1,design,0.9801980198019802,False
transfer__t1a_region_mask_02_001_t1a_region_mask_02_seed42,transfer,t1a_region_mask_02,42,val,lecun,False,phase,F1,disinfection,0.0,False
transfer__t1a_region_mask_02_001_t1a_region_mask_02_seed42,transfer,t1a_region_mask_02,42,val,lecun,False,phase,F1,dissection,0.9581304771178188,False
transfer__t1a_region_mask_02_001_t1a_region_mask_02_seed42,transfer,t1a_region_mask_02,42,val,lecun,False,phase,F1,dressing,0.0,False
transfer__t1a_region_mask_02_001_t1a_region_mask_02_seed42,transfer,t1a_region_mask_02,42,val,lecun,False,phase,F1,hemostasis,0.8041237113402062,False
transfer__t1a_region_mask_02_001_t1a_region_mask_02_seed42,transfer,t1a_region_mask_02,42,val,lecun,False,phase,F1,incision,0.9369369369369369,False
transfer__t1a_region_mask_02_001_t1a_region_mask_02_seed42,transfer,t1a_region_mask_02,42,val,lecun,False,phase,F1,irrigation,0.0,False
transfer__t1a_region_mask_02_002_t1a_region_mask_02_seed123,transfer,t1a_region_mask_02,123,val,lecun,False,phase,F1,anesthesia,1.0,False
transfer__t1a_region_mask_02_002_t1a_region_mask_02_seed123,transfer,t1a_region_mask_02,123,val,lecun,False,phase,F1,closure,0.958477508650519,False
transfer__t1a_region_mask_02_002_t1a_region_mask_02_seed123,transfer,t1a_region_mask_02,123,val,lecun,False,phase,F1,design,0.9751243781094527,False
transfer__t1a_region_mask_02_002_t1a_region_mask_02_seed123,transfer,t1a_region_mask_02,123,val,lecun,False,phase,F1,disinfection,0.0,False
transfer__t1a_region_mask_02_002_t1a_region_mask_02_seed123,transfer,t1a_region_mask_02,123,val,lecun,False,phase,F1,dissection,0.9612711022840119,False
transfer__t1a_region_mask_02_002_t1a_region_mask_02_seed123,transfer,t1a_region_mask_02,123,val,lecun,False,phase,F1,dressing,0.0,False
transfer__t1a_region_mask_02_002_t1a_region_mask_02_seed123,transfer,t1a_region_mask_02,123,val,lecun,False,phase,F1,hemostasis,0.8807339449541285,False
transfer__t1a_region_mask_02_002_t1a_region_mask_02_seed123,transfer,t1a_region_mask_02,123,val,lecun,False,phase,F1,incision,0.9495548961424332,False
transfer__t1a_region_mask_02_002_t1a_region_mask_02_seed123,transfer,t1a_region_mask_02,123,val,lecun,False,phase,F1,irrigation,0.0,False
transfer__t1a_region_mask_02_003_t1a_region_mask_02_seed456,transfer,t1a_region_mask_02,456,val,lecun,False,phase,F1,anesthesia,0.9896907216494846,False
transfer__t1a_region_mask_02_003_t1a_region_mask_02_seed456,transfer,t1a_region_mask_02,456,val,lecun,False,phase,F1,closure,0.962510897994769,False
transfer__t1a_region_mask_02_003_t1a_region_mask_02_seed456,transfer,t1a_region_mask_02,456,val,lecun,False,phase,F1,design,0.9852216748768473,False
transfer__t1a_region_mask_02_003_t1a_region_mask_02_seed456,transfer,t1a_region_mask_02,456,val,lecun,False,phase,F1,disinfection,0.0,False
transfer__t1a_region_mask_02_003_t1a_region_mask_02_seed456,transfer,t1a_region_mask_02,456,val,lecun,False,phase,F1,dissection,0.955078125,False
transfer__t1a_region_mask_02_003_t1a_region_mask_02_seed456,transfer,t1a_region_mask_02,456,val,lecun,False,phase,F1,dressing,0.0,False
transfer__t1a_region_mask_02_003_t1a_region_mask_02_seed456,transfer,t1a_region_mask_02,456,val,lecun,False,phase,F1,hemostasis,0.8155339805825242,False
transfer__t1a_region_mask_02_003_t1a_region_mask_02_seed456,transfer,t1a_region_mask_02,456,val,lecun,False,phase,F1,incision,0.9432835820895523,False
transfer__t1a_region_mask_02_003_t1a_region_mask_02_seed456,transfer,t1a_region_mask_02,456,val,lecun,False,phase,F1,irrigation,0.0,False
transfer__t1a_region_mask_03_001_t1a_region_mask_03_seed42,transfer,t1a_region_mask_03,42,val,lecun,False,phase,F1,anesthesia,1.0,False
transfer__t1a_region_mask_03_001_t1a_region_mask_03_seed42,transfer,t1a_region_mask_03,42,val,lecun,False,phase,F1,closure,0.9543496985357451,False
transfer__t1a_region_mask_03_001_t1a_region_mask_03_seed42,transfer,t1a_region_mask_03,42,val,lecun,False,phase,F1,design,0.9801980198019802,False
transfer__t1a_region_mask_03_001_t1a_region_mask_03_seed42,transfer,t1a_region_mask_03,42,val,lecun,False,phase,F1,disinfection,0.0,False
transfer__t1a_region_mask_03_001_t1a_region_mask_03_seed42,transfer,t1a_region_mask_03,42,val,lecun,False,phase,F1,dissection,0.9633300297324084,False
transfer__t1a_region_mask_03_001_t1a_region_mask_03_seed42,transfer,t1a_region_mask_03,42,val,lecun,False,phase,F1,dressing,0.0,False
transfer__t1a_region_mask_03_001_t1a_region_mask_03_seed42,transfer,t1a_region_mask_03,42,val,lecun,False,phase,F1,hemostasis,0.8200000000000001,False
transfer__t1a_region_mask_03_001_t1a_region_mask_03_seed42,transfer,t1a_region_mask_03,42,val,lecun,False,phase,F1,incision,0.9467455621301775,False
transfer__t1a_region_mask_03_001_t1a_region_mask_03_seed42,transfer,t1a_region_mask_03,42,val,lecun,False,phase,F1,irrigation,0.0,False
transfer__t1a_region_mask_03_002_t1a_region_mask_03_seed123,transfer,t1a_region_mask_03,123,val,lecun,False,phase,F1,anesthesia,0.9948717948717948,False
transfer__t1a_region_mask_03_002_t1a_region_mask_03_seed123,transfer,t1a_region_mask_03,123,val,lecun,False,phase,F1,closure,0.9600694444444445,False
transfer__t1a_region_mask_03_002_t1a_region_mask_03_seed123,transfer,t1a_region_mask_03,123,val,lecun,False,phase,F1,design,0.9852216748768473,False
transfer__t1a_region_mask_03_002_t1a_region_mask_03_seed123,transfer,t1a_region_mask_03,123,val,lecun,False,phase,F1,disinfection,0.0,False
transfer__t1a_region_mask_03_002_t1a_region_mask_03_seed123,transfer,t1a_region_mask_03,123,val,lecun,False,phase,F1,dissection,0.9552529182879377,False
transfer__t1a_region_mask_03_002_t1a_region_mask_03_seed123,transfer,t1a_region_mask_03,123,val,lecun,False,phase,F1,dressing,0.0,False
transfer__t1a_region_mask_03_002_t1a_region_mask_03_seed123,transfer,t1a_region_mask_03,123,val,lecun,False,phase,F1,hemostasis,0.8041237113402062,False
transfer__t1a_region_mask_03_002_t1a_region_mask_03_seed123,transfer,t1a_region_mask_03,123,val,lecun,False,phase,F1,incision,0.9425981873111784,False
transfer__t1a_region_mask_03_002_t1a_region_mask_03_seed123,transfer,t1a_region_mask_03,123,val,lecun,False,phase,F1,irrigation,0.0,False
transfer__t1a_region_mask_03_003_t1a_region_mask_03_seed456,transfer,t1a_region_mask_03,456,val,lecun,False,phase,F1,anesthesia,0.9896907216494846,False
transfer__t1a_region_mask_03_003_t1a_region_mask_03_seed456,transfer,t1a_region_mask_03,456,val,lecun,False,phase,F1,closure,0.965034965034965,False
transfer__t1a_region_mask_03_003_t1a_region_mask_03_seed456,transfer,t1a_region_mask_03,456,val,lecun,False,phase,F1,design,0.9801980198019802,False
transfer__t1a_region_mask_03_003_t1a_region_mask_03_seed456,transfer,t1a_region_mask_03,456,val,lecun,False,phase,F1,disinfection,0.0,False
transfer__t1a_region_mask_03_003_t1a_region_mask_03_seed456,transfer,t1a_region_mask_03,456,val,lecun,False,phase,F1,dissection,0.9561830574488802,False
transfer__t1a_region_mask_03_003_t1a_region_mask_03_seed456,transfer,t1a_region_mask_03,456,val,lecun,False,phase,F1,dressing,0.0,False
transfer__t1a_region_mask_03_003_t1a_region_mask_03_seed456,transfer,t1a_region_mask_03,456,val,lecun,False,phase,F1,hemostasis,0.8155339805825242,False
transfer__t1a_region_mask_03_003_t1a_region_mask_03_seed456,transfer,t1a_region_mask_03,456,val,lecun,False,phase,F1,incision,0.9404761904761904,False
transfer__t1a_region_mask_03_003_t1a_region_mask_03_seed456,transfer,t1a_region_mask_03,456,val,lecun,False,phase,F1,irrigation,0.0,False
transfer__t1a_region_mask_04_001_t1a_region_mask_04_seed42,transfer,t1a_region_mask_04,42,val,lecun,False,phase,F1,anesthesia,0.9896907216494846,False
transfer__t1a_region_mask_04_001_t1a_region_mask_04_seed42,transfer,t1a_region_mask_04,42,val,lecun,False,phase,F1,closure,0.960971379011275,False
transfer__t1a_region_mask_04_001_t1a_region_mask_04_seed42,transfer,t1a_region_mask_04,42,val,lecun,False,phase,F1,design,0.9801980198019802,False
transfer__t1a_region_mask_04_001_t1a_region_mask_04_seed42,transfer,t1a_region_mask_04,42,val,lecun,False,phase,F1,disinfection,0.0,False
transfer__t1a_region_mask_04_001_t1a_region_mask_04_seed42,transfer,t1a_region_mask_04,42,val,lecun,False,phase,F1,dissection,0.9561830574488802,False
transfer__t1a_region_mask_04_001_t1a_region_mask_04_seed42,transfer,t1a_region_mask_04,42,val,lecun,False,phase,F1,dressing,0.0,False
transfer__t1a_region_mask_04_001_t1a_region_mask_04_seed42,transfer,t1a_region_mask_04,42,val,lecun,False,phase,F1,hemostasis,0.8041237113402062,False
transfer__t1a_region_mask_04_001_t1a_region_mask_04_seed42,transfer,t1a_region_mask_04,42,val,lecun,False,phase,F1,incision,0.9369369369369369,False
transfer__t1a_region_mask_04_001_t1a_region_mask_04_seed42,transfer,t1a_region_mask_04,42,val,lecun,False,phase,F1,irrigation,0.0,False
transfer__t1a_region_mask_04_002_t1a_region_mask_04_seed123,transfer,t1a_region_mask_04,123,val,lecun,False,phase,F1,anesthesia,1.0,False
transfer__t1a_region_mask_04_002_t1a_region_mask_04_seed123,transfer,t1a_region_mask_04,123,val,lecun,False,phase,F1,closure,0.9617391304347825,False
transfer__t1a_region_mask_04_002_t1a_region_mask_04_seed123,transfer,t1a_region_mask_04,123,val,lecun,False,phase,F1,design,0.9648241206030151,False
transfer__t1a_region_mask_04_002_t1a_region_mask_04_seed123,transfer,t1a_region_mask_04,123,val,lecun,False,phase,F1,disinfection,0.0,False
transfer__t1a_region_mask_04_002_t1a_region_mask_04_seed123,transfer,t1a_region_mask_04,123,val,lecun,False,phase,F1,dissection,0.9561830574488802,False
transfer__t1a_region_mask_04_002_t1a_region_mask_04_seed123,transfer,t1a_region_mask_04,123,val,lecun,False,phase,F1,dressing,0.0,False
transfer__t1a_region_mask_04_002_t1a_region_mask_04_seed123,transfer,t1a_region_mask_04,123,val,lecun,False,phase,F1,hemostasis,0.7659574468085106,False
transfer__t1a_region_mask_04_002_t1a_region_mask_04_seed123,transfer,t1a_region_mask_04,123,val,lecun,False,phase,F1,incision,0.9411764705882353,False
transfer__t1a_region_mask_04_002_t1a_region_mask_04_seed123,transfer,t1a_region_mask_04,123,val,lecun,False,phase,F1,irrigation,0.0,False
transfer__t1a_region_mask_04_003_t1a_region_mask_04_seed456,transfer,t1a_region_mask_04,456,val,lecun,False,phase,F1,anesthesia,0.9948717948717948,False
transfer__t1a_region_mask_04_003_t1a_region_mask_04_seed456,transfer,t1a_region_mask_04,456,val,lecun,False,phase,F1,closure,0.955249569707401,False
transfer__t1a_region_mask_04_003_t1a_region_mask_04_seed456,transfer,t1a_region_mask_04,456,val,lecun,False,phase,F1,design,0.9852216748768473,False
transfer__t1a_region_mask_04_003_t1a_region_mask_04_seed456,transfer,t1a_region_mask_04,456,val,lecun,False,phase,F1,disinfection,0.0,False
transfer__t1a_region_mask_04_003_t1a_region_mask_04_seed456,transfer,t1a_region_mask_04,456,val,lecun,False,phase,F1,dissection,0.9540918163672655,False
transfer__t1a_region_mask_04_003_t1a_region_mask_04_seed456,transfer,t1a_region_mask_04,456,val,lecun,False,phase,F1,dressing,0.0,False
transfer__t1a_region_mask_04_003_t1a_region_mask_04_seed456,transfer,t1a_region_mask_04,456,val,lecun,False,phase,F1,hemostasis,0.8571428571428571,False
transfer__t1a_region_mask_04_003_t1a_region_mask_04_seed456,transfer,t1a_region_mask_04,456,val,lecun,False,phase,F1,incision,0.9457831325301205,False
transfer__t1a_region_mask_04_003_t1a_region_mask_04_seed456,transfer,t1a_region_mask_04,456,val,lecun,False,phase,F1,irrigation,0.0,False
transfer__t1a_region_mask_05_001_t1a_region_mask_05_seed42,transfer,t1a_region_mask_05,42,val,lecun,False,phase,F1,anesthesia,1.0,False
transfer__t1a_region_mask_05_001_t1a_region_mask_05_seed42,transfer,t1a_region_mask_05,42,val,lecun,False,phase,F1,closure,0.9593777009507347,False
transfer__t1a_region_mask_05_001_t1a_region_mask_05_seed42,transfer,t1a_region_mask_05,42,val,lecun,False,phase,F1,design,0.9852216748768473,False
transfer__t1a_region_mask_05_001_t1a_region_mask_05_seed42,transfer,t1a_region_mask_05,42,val,lecun,False,phase,F1,disinfection,0.0,False
transfer__t1a_region_mask_05_001_t1a_region_mask_05_seed42,transfer,t1a_region_mask_05,42,val,lecun,False,phase,F1,dissection,0.95968534906588,False
transfer__t1a_region_mask_05_001_t1a_region_mask_05_seed42,transfer,t1a_region_mask_05,42,val,lecun,False,phase,F1,dressing,0.0,False
transfer__t1a_region_mask_05_001_t1a_region_mask_05_seed42,transfer,t1a_region_mask_05,42,val,lecun,False,phase,F1,hemostasis,0.8235294117647058,False
transfer__t1a_region_mask_05_001_t1a_region_mask_05_seed42,transfer,t1a_region_mask_05,42,val,lecun,False,phase,F1,incision,0.9486404833836858,False
transfer__t1a_region_mask_05_001_t1a_region_mask_05_seed42,transfer,t1a_region_mask_05,42,val,lecun,False,phase,F1,irrigation,0.0,False
transfer__t1a_region_mask_05_002_t1a_region_mask_05_seed123,transfer,t1a_region_mask_05,123,val,lecun,False,phase,F1,anesthesia,0.9948717948717948,False
transfer__t1a_region_mask_05_002_t1a_region_mask_05_seed123,transfer,t1a_region_mask_05,123,val,lecun,False,phase,F1,closure,0.9618717504332757,False
transfer__t1a_region_mask_05_002_t1a_region_mask_05_seed123,transfer,t1a_region_mask_05,123,val,lecun,False,phase,F1,design,0.9852216748768473,False
transfer__t1a_region_mask_05_002_t1a_region_mask_05_seed123,transfer,t1a_region_mask_05,123,val,lecun,False,phase,F1,disinfection,0.0,False
transfer__t1a_region_mask_05_002_t1a_region_mask_05_seed123,transfer,t1a_region_mask_05,123,val,lecun,False,phase,F1,dissection,0.9561830574488802,False
transfer__t1a_region_mask_05_002_t1a_region_mask_05_seed123,transfer,t1a_region_mask_05,123,val,lecun,False,phase,F1,dressing,0.0,False
transfer__t1a_region_mask_05_002_t1a_region_mask_05_seed123,transfer,t1a_region_mask_05,123,val,lecun,False,phase,F1,hemostasis,0.7789473684210527,False
transfer__t1a_region_mask_05_002_t1a_region_mask_05_seed123,transfer,t1a_region_mask_05,123,val,lecun,False,phase,F1,incision,0.9457831325301205,False
transfer__t1a_region_mask_05_002_t1a_region_mask_05_seed123,transfer,t1a_region_mask_05,123,val,lecun,False,phase,F1,irrigation,0.0,False
transfer__t1a_region_mask_05_003_t1a_region_mask_05_seed456,transfer,t1a_region_mask_05,456,val,lecun,False,phase,F1,anesthesia,0.9846153846153847,False
transfer__t1a_region_mask_05_003_t1a_region_mask_05_seed456,transfer,t1a_region_mask_05,456,val,lecun,False,phase,F1,closure,0.9658194566170026,False
transfer__t1a_region_mask_05_003_t1a_region_mask_05_seed456,transfer,t1a_region_mask_05,456,val,lecun,False,phase,F1,design,0.9801980198019802,False
transfer__t1a_region_mask_05_003_t1a_region_mask_05_seed456,transfer,t1a_region_mask_05,456,val,lecun,False,phase,F1,disinfection,0.0,False
transfer__t1a_region_mask_05_003_t1a_region_mask_05_seed456,transfer,t1a_region_mask_05,456,val,lecun,False,phase,F1,dissection,0.9506292352371732,False
transfer__t1a_region_mask_05_003_t1a_region_mask_05_seed456,transfer,t1a_region_mask_05,456,val,lecun,False,phase,F1,dressing,0.0,False
transfer__t1a_region_mask_05_003_t1a_region_mask_05_seed456,transfer,t1a_region_mask_05,456,val,lecun,False,phase,F1,hemostasis,0.7252747252747253,False
transfer__t1a_region_mask_05_003_t1a_region_mask_05_seed456,transfer,t1a_region_mask_05,456,val,lecun,False,phase,F1,incision,0.9593023255813955,False
transfer__t1a_region_mask_05_003_t1a_region_mask_05_seed456,transfer,t1a_region_mask_05,456,val,lecun,False,phase,F1,irrigation,0.0,False
transfer__t1a_region_mask_06_001_t1a_region_mask_06_seed42,transfer,t1a_region_mask_06,42,val,lecun,False,phase,F1,anesthesia,1.0,False
transfer__t1a_region_mask_06_001_t1a_region_mask_06_seed42,transfer,t1a_region_mask_06,42,val,lecun,False,phase,F1,closure,0.9457364341085271,False
transfer__t1a_region_mask_06_001_t1a_region_mask_06_seed42,transfer,t1a_region_mask_06,42,val,lecun,False,phase,F1,design,0.9852216748768473,False
transfer__t1a_region_mask_06_001_t1a_region_mask_06_seed42,transfer,t1a_region_mask_06,42,val,lecun,False,phase,F1,disinfection,0.0,False
transfer__t1a_region_mask_06_001_t1a_region_mask_06_seed42,transfer,t1a_region_mask_06,42,val,lecun,False,phase,F1,dissection,0.9586614173228346,False
transfer__t1a_region_mask_06_001_t1a_region_mask_06_seed42,transfer,t1a_region_mask_06,42,val,lecun,False,phase,F1,dressing,0.0,False
transfer__t1a_region_mask_06_001_t1a_region_mask_06_seed42,transfer,t1a_region_mask_06,42,val,lecun,False,phase,F1,hemostasis,0.8431372549019609,False
transfer__t1a_region_mask_06_001_t1a_region_mask_06_seed42,transfer,t1a_region_mask_06,42,val,lecun,False,phase,F1,incision,0.9390243902439025,False
transfer__t1a_region_mask_06_001_t1a_region_mask_06_seed42,transfer,t1a_region_mask_06,42,val,lecun,False,phase,F1,irrigation,0.0,False
transfer__t1a_region_mask_06_002_t1a_region_mask_06_seed123,transfer,t1a_region_mask_06,123,val,lecun,False,phase,F1,anesthesia,0.9949238578680203,False
transfer__t1a_region_mask_06_002_t1a_region_mask_06_seed123,transfer,t1a_region_mask_06,123,val,lecun,False,phase,F1,closure,0.9489436619718309,False
transfer__t1a_region_mask_06_002_t1a_region_mask_06_seed123,transfer,t1a_region_mask_06,123,val,lecun,False,phase,F1,design,0.9801980198019802,False
transfer__t1a_region_mask_06_002_t1a_region_mask_06_seed123,transfer,t1a_region_mask_06,123,val,lecun,False,phase,F1,disinfection,0.0,False
transfer__t1a_region_mask_06_002_t1a_region_mask_06_seed123,transfer,t1a_region_mask_06,123,val,lecun,False,phase,F1,dissection,0.9488910318225652,False
transfer__t1a_region_mask_06_002_t1a_region_mask_06_seed123,transfer,t1a_region_mask_06,123,val,lecun,False,phase,F1,dressing,0.0,False
transfer__t1a_region_mask_06_002_t1a_region_mask_06_seed123,transfer,t1a_region_mask_06,123,val,lecun,False,phase,F1,hemostasis,0.8163265306122448,False
transfer__t1a_region_mask_06_002_t1a_region_mask_06_seed123,transfer,t1a_region_mask_06,123,val,lecun,False,phase,F1,incision,0.9523809523809523,False
transfer__t1a_region_mask_06_002_t1a_region_mask_06_seed123,transfer,t1a_region_mask_06,123,val,lecun,False,phase,F1,irrigation,0.0,False
transfer__t1a_region_mask_06_003_t1a_region_mask_06_seed456,transfer,t1a_region_mask_06,456,val,lecun,False,phase,F1,anesthesia,1.0,False
transfer__t1a_region_mask_06_003_t1a_region_mask_06_seed456,transfer,t1a_region_mask_06,456,val,lecun,False,phase,F1,closure,0.9490940465918896,False
transfer__t1a_region_mask_06_003_t1a_region_mask_06_seed456,transfer,t1a_region_mask_06,456,val,lecun,False,phase,F1,design,0.9801980198019802,False
transfer__t1a_region_mask_06_003_t1a_region_mask_06_seed456,transfer,t1a_region_mask_06,456,val,lecun,False,phase,F1,disinfection,0.0,False
transfer__t1a_region_mask_06_003_t1a_region_mask_06_seed456,transfer,t1a_region_mask_06,456,val,lecun,False,phase,F1,dissection,0.9539666993143976,False
transfer__t1a_region_mask_06_003_t1a_region_mask_06_seed456,transfer,t1a_region_mask_06,456,val,lecun,False,phase,F1,dressing,0.0,False
transfer__t1a_region_mask_06_003_t1a_region_mask_06_seed456,transfer,t1a_region_mask_06,456,val,lecun,False,phase,F1,hemostasis,0.7659574468085106,False
transfer__t1a_region_mask_06_003_t1a_region_mask_06_seed456,transfer,t1a_region_mask_06,456,val,lecun,False,phase,F1,incision,0.9461077844311377,False
transfer__t1a_region_mask_06_003_t1a_region_mask_06_seed456,transfer,t1a_region_mask_06,456,val,lecun,False,phase,F1,irrigation,0.0,False
transfer__t1a_region_mask_07_001_t1a_region_mask_07_seed42,transfer,t1a_region_mask_07,42,val,lecun,False,phase,F1,anesthesia,1.0,False
transfer__t1a_region_mask_07_001_t1a_region_mask_07_seed42,transfer,t1a_region_mask_07,42,val,lecun,False,phase,F1,closure,0.9541918755401901,False
transfer__t1a_region_mask_07_001_t1a_region_mask_07_seed42,transfer,t1a_region_mask_07,42,val,lecun,False,phase,F1,design,0.9852216748768473,False
transfer__t1a_region_mask_07_001_t1a_region_mask_07_seed42,transfer,t1a_region_mask_07,42,val,lecun,False,phase,F1,disinfection,0.0,False
transfer__t1a_region_mask_07_001_t1a_region_mask_07_seed42,transfer,t1a_region_mask_07,42,val,lecun,False,phase,F1,dissection,0.9539666993143976,False
transfer__t1a_region_mask_07_001_t1a_region_mask_07_seed42,transfer,t1a_region_mask_07,42,val,lecun,False,phase,F1,dressing,0.0,False
transfer__t1a_region_mask_07_001_t1a_region_mask_07_seed42,transfer,t1a_region_mask_07,42,val,lecun,False,phase,F1,hemostasis,0.8163265306122448,False
transfer__t1a_region_mask_07_001_t1a_region_mask_07_seed42,transfer,t1a_region_mask_07,42,val,lecun,False,phase,F1,incision,0.9425981873111784,False
transfer__t1a_region_mask_07_001_t1a_region_mask_07_seed42,transfer,t1a_region_mask_07,42,val,lecun,False,phase,F1,irrigation,0.0,False
transfer__t1a_region_mask_07_002_t1a_region_mask_07_seed123,transfer,t1a_region_mask_07,123,val,lecun,False,phase,F1,anesthesia,1.0,False
transfer__t1a_region_mask_07_002_t1a_region_mask_07_seed123,transfer,t1a_region_mask_07,123,val,lecun,False,phase,F1,closure,0.9549393414211439,False
transfer__t1a_region_mask_07_002_t1a_region_mask_07_seed123,transfer,t1a_region_mask_07,123,val,lecun,False,phase,F1,design,0.9852216748768473,False
transfer__t1a_region_mask_07_002_t1a_region_mask_07_seed123,transfer,t1a_region_mask_07,123,val,lecun,False,phase,F1,disinfection,0.0,False
transfer__t1a_region_mask_07_002_t1a_region_mask_07_seed123,transfer,t1a_region_mask_07,123,val,lecun,False,phase,F1,dissection,0.9539666993143976,False
transfer__t1a_region_mask_07_002_t1a_region_mask_07_seed123,transfer,t1a_region_mask_07,123,val,lecun,False,phase,F1,dressing,0.0,False
transfer__t1a_region_mask_07_002_t1a_region_mask_07_seed123,transfer,t1a_region_mask_07,123,val,lecun,False,phase,F1,hemostasis,0.8316831683168316,False
transfer__t1a_region_mask_07_002_t1a_region_mask_07_seed123,transfer,t1a_region_mask_07,123,val,lecun,False,phase,F1,incision,0.9486404833836858,False
transfer__t1a_region_mask_07_002_t1a_region_mask_07_seed123,transfer,t1a_region_mask_07,123,val,lecun,False,phase,F1,irrigation,0.0,False
transfer__t1a_region_mask_07_003_t1a_region_mask_07_seed456,transfer,t1a_region_mask_07,456,val,lecun,False,phase,F1,anesthesia,1.0,False
transfer__t1a_region_mask_07_003_t1a_region_mask_07_seed456,transfer,t1a_region_mask_07,456,val,lecun,False,phase,F1,closure,0.9567474048442905,False
transfer__t1a_region_mask_07_003_t1a_region_mask_07_seed456,transfer,t1a_region_mask_07,456,val,lecun,False,phase,F1,design,0.9852216748768473,False
transfer__t1a_region_mask_07_003_t1a_region_mask_07_seed456,transfer,t1a_region_mask_07,456,val,lecun,False,phase,F1,disinfection,0.0,False
transfer__t1a_region_mask_07_003_t1a_region_mask_07_seed456,transfer,t1a_region_mask_07,456,val,lecun,False,phase,F1,dissection,0.9530332681017614,False
transfer__t1a_region_mask_07_003_t1a_region_mask_07_seed456,transfer,t1a_region_mask_07,456,val,lecun,False,phase,F1,dressing,0.0,False
transfer__t1a_region_mask_07_003_t1a_region_mask_07_seed456,transfer,t1a_region_mask_07,456,val,lecun,False,phase,F1,hemostasis,0.8041237113402062,False
transfer__t1a_region_mask_07_003_t1a_region_mask_07_seed456,transfer,t1a_region_mask_07,456,val,lecun,False,phase,F1,incision,0.9457831325301205,False
transfer__t1a_region_mask_07_003_t1a_region_mask_07_seed456,transfer,t1a_region_mask_07,456,val,lecun,False,phase,F1,irrigation,0.0,False
transfer__t1a_region_mask_08_001_t1a_region_mask_08_seed42,transfer,t1a_region_mask_08,42,val,lecun,False,phase,F1,anesthesia,1.0,False
transfer__t1a_region_mask_08_001_t1a_region_mask_08_seed42,transfer,t1a_region_mask_08,42,val,lecun,False,phase,F1,closure,0.9575021682567215,False
transfer__t1a_region_mask_08_001_t1a_region_mask_08_seed42,transfer,t1a_region_mask_08,42,val,lecun,False,phase,F1,design,0.9801980198019802,False
transfer__t1a_region_mask_08_001_t1a_region_mask_08_seed42,transfer,t1a_region_mask_08,42,val,lecun,False,phase,F1,disinfection,0.0,False
transfer__t1a_region_mask_08_001_t1a_region_mask_08_seed42,transfer,t1a_region_mask_08,42,val,lecun,False,phase,F1,dissection,0.95968534906588,False
transfer__t1a_region_mask_08_001_t1a_region_mask_08_seed42,transfer,t1a_region_mask_08,42,val,lecun,False,phase,F1,dressing,0.0,False
transfer__t1a_region_mask_08_001_t1a_region_mask_08_seed42,transfer,t1a_region_mask_08,42,val,lecun,False,phase,F1,hemostasis,0.8316831683168316,False
transfer__t1a_region_mask_08_001_t1a_region_mask_08_seed42,transfer,t1a_region_mask_08,42,val,lecun,False,phase,F1,incision,0.9495548961424332,False
transfer__t1a_region_mask_08_001_t1a_region_mask_08_seed42,transfer,t1a_region_mask_08,42,val,lecun,False,phase,F1,irrigation,0.0,False
transfer__t1a_region_mask_08_002_t1a_region_mask_08_seed123,transfer,t1a_region_mask_08,123,val,lecun,False,phase,F1,anesthesia,0.9949238578680203,False
transfer__t1a_region_mask_08_002_t1a_region_mask_08_seed123,transfer,t1a_region_mask_08,123,val,lecun,False,phase,F1,closure,0.9619805481874447,False
transfer__t1a_region_mask_08_002_t1a_region_mask_08_seed123,transfer,t1a_region_mask_08,123,val,lecun,False,phase,F1,design,0.9801980198019802,False
transfer__t1a_region_mask_08_002_t1a_region_mask_08_seed123,transfer,t1a_region_mask_08,123,val,lecun,False,phase,F1,disinfection,0.0,False
transfer__t1a_region_mask_08_002_t1a_region_mask_08_seed123,transfer,t1a_region_mask_08,123,val,lecun,False,phase,F1,dissection,0.9500000000000001,False
transfer__t1a_region_mask_08_002_t1a_region_mask_08_seed123,transfer,t1a_region_mask_08,123,val,lecun,False,phase,F1,dressing,0.0,False
transfer__t1a_region_mask_08_002_t1a_region_mask_08_seed123,transfer,t1a_region_mask_08,123,val,lecun,False,phase,F1,hemostasis,0.8200000000000001,False
transfer__t1a_region_mask_08_002_t1a_region_mask_08_seed123,transfer,t1a_region_mask_08,123,val,lecun,False,phase,F1,incision,0.9523809523809523,False
transfer__t1a_region_mask_08_002_t1a_region_mask_08_seed123,transfer,t1a_region_mask_08,123,val,lecun,False,phase,F1,irrigation,0.0,False
transfer__t1a_region_mask_08_003_t1a_region_mask_08_seed456,transfer,t1a_region_mask_08,456,val,lecun,False,phase,F1,anesthesia,1.0,False
transfer__t1a_region_mask_08_003_t1a_region_mask_08_seed456,transfer,t1a_region_mask_08,456,val,lecun,False,phase,F1,closure,0.9601386481802426,False
transfer__t1a_region_mask_08_003_t1a_region_mask_08_seed456,transfer,t1a_region_mask_08,456,val,lecun,False,phase,F1,design,0.9852216748768473,False
transfer__t1a_region_mask_08_003_t1a_region_mask_08_seed456,transfer,t1a_region_mask_08,456,val,lecun,False,phase,F1,disinfection,0.0,False
transfer__t1a_region_mask_08_003_t1a_region_mask_08_seed456,transfer,t1a_region_mask_08,456,val,lecun,False,phase,F1,dissection,0.955078125,False
transfer__t1a_region_mask_08_003_t1a_region_mask_08_seed456,transfer,t1a_region_mask_08,456,val,lecun,False,phase,F1,dressing,0.0,False
transfer__t1a_region_mask_08_003_t1a_region_mask_08_seed456,transfer,t1a_region_mask_08,456,val,lecun,False,phase,F1,hemostasis,0.7916666666666666,False
transfer__t1a_region_mask_08_003_t1a_region_mask_08_seed456,transfer,t1a_region_mask_08,456,val,lecun,False,phase,F1,incision,0.9489489489489489,False
transfer__t1a_region_mask_08_003_t1a_region_mask_08_seed456,transfer,t1a_region_mask_08,456,val,lecun,False,phase,F1,irrigation,0.0,False
transfer__t1a_region_mask_09_001_t1a_region_mask_09_seed42,transfer,t1a_region_mask_09,42,val,lecun,False,phase,F1,anesthesia,0.9896907216494846,False
transfer__t1a_region_mask_09_001_t1a_region_mask_09_seed42,transfer,t1a_region_mask_09,42,val,lecun,False,phase,F1,closure,0.960971379011275,False
transfer__t1a_region_mask_09_001_t1a_region_mask_09_seed42,transfer,t1a_region_mask_09,42,val,lecun,False,phase,F1,design,0.9214659685863874,False
transfer__t1a_region_mask_09_001_t1a_region_mask_09_seed42,transfer,t1a_region_mask_09,42,val,lecun,False,phase,F1,disinfection,0.0,False
transfer__t1a_region_mask_09_001_t1a_region_mask_09_seed42,transfer,t1a_region_mask_09,42,val,lecun,False,phase,F1,dissection,0.959122632103689,False
transfer__t1a_region_mask_09_001_t1a_region_mask_09_seed42,transfer,t1a_region_mask_09,42,val,lecun,False,phase,F1,dressing,0.0,False
transfer__t1a_region_mask_09_001_t1a_region_mask_09_seed42,transfer,t1a_region_mask_09,42,val,lecun,False,phase,F1,hemostasis,0.8521739130434783,False
transfer__t1a_region_mask_09_001_t1a_region_mask_09_seed42,transfer,t1a_region_mask_09,42,val,lecun,False,phase,F1,incision,0.9142857142857143,False
transfer__t1a_region_mask_09_001_t1a_region_mask_09_seed42,transfer,t1a_region_mask_09,42,val,lecun,False,phase,F1,irrigation,0.0,False
transfer__t1a_region_mask_09_002_t1a_region_mask_09_seed123,transfer,t1a_region_mask_09,123,val,lecun,False,phase,F1,anesthesia,0.9896907216494846,False
transfer__t1a_region_mask_09_002_t1a_region_mask_09_seed123,transfer,t1a_region_mask_09,123,val,lecun,False,phase,F1,closure,0.9527896995708155,False
transfer__t1a_region_mask_09_002_t1a_region_mask_09_seed123,transfer,t1a_region_mask_09,123,val,lecun,False,phase,F1,design,0.9214659685863874,False
transfer__t1a_region_mask_09_002_t1a_region_mask_09_seed123,transfer,t1a_region_mask_09,123,val,lecun,False,phase,F1,disinfection,0.0,False
transfer__t1a_region_mask_09_002_t1a_region_mask_09_seed123,transfer,t1a_region_mask_09,123,val,lecun,False,phase,F1,dissection,0.9582504970178926,False
transfer__t1a_region_mask_09_002_t1a_region_mask_09_seed123,transfer,t1a_region_mask_09,123,val,lecun,False,phase,F1,dressing,0.0,False
transfer__t1a_region_mask_09_002_t1a_region_mask_09_seed123,transfer,t1a_region_mask_09,123,val,lecun,False,phase,F1,hemostasis,0.8571428571428572,False
transfer__t1a_region_mask_09_002_t1a_region_mask_09_seed123,transfer,t1a_region_mask_09,123,val,lecun,False,phase,F1,incision,0.9101449275362319,False
transfer__t1a_region_mask_09_002_t1a_region_mask_09_seed123,transfer,t1a_region_mask_09,123,val,lecun,False,phase,F1,irrigation,0.0,False
transfer__t1a_region_mask_09_003_t1a_region_mask_09_seed456,transfer,t1a_region_mask_09,456,val,lecun,False,phase,F1,anesthesia,0.9896907216494846,False
transfer__t1a_region_mask_09_003_t1a_region_mask_09_seed456,transfer,t1a_region_mask_09,456,val,lecun,False,phase,F1,closure,0.965034965034965,False
transfer__t1a_region_mask_09_003_t1a_region_mask_09_seed456,transfer,t1a_region_mask_09,456,val,lecun,False,phase,F1,design,0.932642487046632,False
transfer__t1a_region_mask_09_003_t1a_region_mask_09_seed456,transfer,t1a_region_mask_09,456,val,lecun,False,phase,F1,disinfection,0.0,False
transfer__t1a_region_mask_09_003_t1a_region_mask_09_seed456,transfer,t1a_region_mask_09,456,val,lecun,False,phase,F1,dissection,0.9507246376811594,False
transfer__t1a_region_mask_09_003_t1a_region_mask_09_seed456,transfer,t1a_region_mask_09,456,val,lecun,False,phase,F1,dressing,0.0,False
transfer__t1a_region_mask_09_003_t1a_region_mask_09_seed456,transfer,t1a_region_mask_09,456,val,lecun,False,phase,F1,hemostasis,0.8076923076923077,False
transfer__t1a_region_mask_09_003_t1a_region_mask_09_seed456,transfer,t1a_region_mask_09,456,val,lecun,False,phase,F1,incision,0.8928571428571428,False
transfer__t1a_region_mask_09_003_t1a_region_mask_09_seed456,transfer,t1a_region_mask_09,456,val,lecun,False,phase,F1,irrigation,0.0,False
transfer__t1a_region_mask_10_001_t1a_region_mask_10_seed42,transfer,t1a_region_mask_10,42,val,lecun,False,phase,F1,anesthesia,0.9846153846153847,False
transfer__t1a_region_mask_10_001_t1a_region_mask_10_seed42,transfer,t1a_region_mask_10,42,val,lecun,False,phase,F1,closure,0.96,False
transfer__t1a_region_mask_10_001_t1a_region_mask_10_seed42,transfer,t1a_region_mask_10,42,val,lecun,False,phase,F1,design,0.9801980198019802,False
transfer__t1a_region_mask_10_001_t1a_region_mask_10_seed42,transfer,t1a_region_mask_10,42,val,lecun,False,phase,F1,disinfection,0.0,False
transfer__t1a_region_mask_10_001_t1a_region_mask_10_seed42,transfer,t1a_region_mask_10,42,val,lecun,False,phase,F1,dissection,0.949317738791423,False
transfer__t1a_region_mask_10_001_t1a_region_mask_10_seed42,transfer,t1a_region_mask_10,42,val,lecun,False,phase,F1,dressing,0.0,False
transfer__t1a_region_mask_10_001_t1a_region_mask_10_seed42,transfer,t1a_region_mask_10,42,val,lecun,False,phase,F1,hemostasis,0.7789473684210527,False
transfer__t1a_region_mask_10_001_t1a_region_mask_10_seed42,transfer,t1a_region_mask_10,42,val,lecun,False,phase,F1,incision,0.9408284023668638,False
transfer__t1a_region_mask_10_001_t1a_region_mask_10_seed42,transfer,t1a_region_mask_10,42,val,lecun,False,phase,F1,irrigation,0.0,False
transfer__t1a_region_mask_10_002_t1a_region_mask_10_seed123,transfer,t1a_region_mask_10,123,val,lecun,False,phase,F1,anesthesia,1.0,False
transfer__t1a_region_mask_10_002_t1a_region_mask_10_seed123,transfer,t1a_region_mask_10,123,val,lecun,False,phase,F1,closure,0.9575757575757575,False
transfer__t1a_region_mask_10_002_t1a_region_mask_10_seed123,transfer,t1a_region_mask_10,123,val,lecun,False,phase,F1,design,0.9595959595959597,False
transfer__t1a_region_mask_10_002_t1a_region_mask_10_seed123,transfer,t1a_region_mask_10,123,val,lecun,False,phase,F1,disinfection,0.0,False
transfer__t1a_region_mask_10_002_t1a_region_mask_10_seed123,transfer,t1a_region_mask_10,123,val,lecun,False,phase,F1,dissection,0.9488188976377954,False
transfer__t1a_region_mask_10_002_t1a_region_mask_10_seed123,transfer,t1a_region_mask_10,123,val,lecun,False,phase,F1,dressing,0.0,False
transfer__t1a_region_mask_10_002_t1a_region_mask_10_seed123,transfer,t1a_region_mask_10,123,val,lecun,False,phase,F1,hemostasis,0.7959183673469389,False
transfer__t1a_region_mask_10_002_t1a_region_mask_10_seed123,transfer,t1a_region_mask_10,123,val,lecun,False,phase,F1,incision,0.9329446064139942,False
transfer__t1a_region_mask_10_002_t1a_region_mask_10_seed123,transfer,t1a_region_mask_10,123,val,lecun,False,phase,F1,irrigation,0.0,False
transfer__t1a_region_mask_10_003_t1a_region_mask_10_seed456,transfer,t1a_region_mask_10,456,val,lecun,False,phase,F1,anesthesia,0.9896907216494846,False
transfer__t1a_region_mask_10_003_t1a_region_mask_10_seed456,transfer,t1a_region_mask_10,456,val,lecun,False,phase,F1,closure,0.96,False
transfer__t1a_region_mask_10_003_t1a_region_mask_10_seed456,transfer,t1a_region_mask_10,456,val,lecun,False,phase,F1,design,0.9852216748768473,False
transfer__t1a_region_mask_10_003_t1a_region_mask_10_seed456,transfer,t1a_region_mask_10,456,val,lecun,False,phase,F1,disinfection,0.0,False
transfer__t1a_region_mask_10_003_t1a_region_mask_10_seed456,transfer,t1a_region_mask_10,456,val,lecun,False,phase,F1,dissection,0.9494163424124513,False
transfer__t1a_region_mask_10_003_t1a_region_mask_10_seed456,transfer,t1a_region_mask_10,456,val,lecun,False,phase,F1,dressing,0.0,False
transfer__t1a_region_mask_10_003_t1a_region_mask_10_seed456,transfer,t1a_region_mask_10,456,val,lecun,False,phase,F1,hemostasis,0.8080808080808081,False
transfer__t1a_region_mask_10_003_t1a_region_mask_10_seed456,transfer,t1a_region_mask_10,456,val,lecun,False,phase,F1,incision,0.9337349397590361,False
transfer__t1a_region_mask_10_003_t1a_region_mask_10_seed456,transfer,t1a_region_mask_10,456,val,lecun,False,phase,F1,irrigation,0.0,False
transfer__t1a_region_mask_11_001_t1a_region_mask_11_seed42,transfer,t1a_region_mask_11,42,val,lecun,False,phase,F1,anesthesia,0.98989898989899,False
transfer__t1a_region_mask_11_001_t1a_region_mask_11_seed42,transfer,t1a_region_mask_11,42,val,lecun,False,phase,F1,closure,0.9616724738675958,False
transfer__t1a_region_mask_11_001_t1a_region_mask_11_seed42,transfer,t1a_region_mask_11,42,val,lecun,False,phase,F1,design,0.9852216748768473,False
transfer__t1a_region_mask_11_001_t1a_region_mask_11_seed42,transfer,t1a_region_mask_11,42,val,lecun,False,phase,F1,disinfection,0.0,False
transfer__t1a_region_mask_11_001_t1a_region_mask_11_seed42,transfer,t1a_region_mask_11,42,val,lecun,False,phase,F1,dissection,0.9580487804878048,False
transfer__t1a_region_mask_11_001_t1a_region_mask_11_seed42,transfer,t1a_region_mask_11,42,val,lecun,False,phase,F1,dressing,0.0,False
transfer__t1a_region_mask_11_001_t1a_region_mask_11_seed42,transfer,t1a_region_mask_11,42,val,lecun,False,phase,F1,hemostasis,0.8399999999999999,False
transfer__t1a_region_mask_11_001_t1a_region_mask_11_seed42,transfer,t1a_region_mask_11,42,val,lecun,False,phase,F1,incision,0.9457831325301205,False
transfer__t1a_region_mask_11_001_t1a_region_mask_11_seed42,transfer,t1a_region_mask_11,42,val,lecun,False,phase,F1,irrigation,0.0,False
transfer__t1a_region_mask_11_002_t1a_region_mask_11_seed123,transfer,t1a_region_mask_11,123,val,lecun,False,phase,F1,anesthesia,0.9949238578680203,False
transfer__t1a_region_mask_11_002_t1a_region_mask_11_seed123,transfer,t1a_region_mask_11,123,val,lecun,False,phase,F1,closure,0.9559965487489215,False
transfer__t1a_region_mask_11_002_t1a_region_mask_11_seed123,transfer,t1a_region_mask_11,123,val,lecun,False,phase,F1,design,0.9751243781094527,False
transfer__t1a_region_mask_11_002_t1a_region_mask_11_seed123,transfer,t1a_region_mask_11,123,val,lecun,False,phase,F1,disinfection,0.0,False
transfer__t1a_region_mask_11_002_t1a_region_mask_11_seed123,transfer,t1a_region_mask_11,123,val,lecun,False,phase,F1,dissection,0.9533267130089375,False
transfer__t1a_region_mask_11_002_t1a_region_mask_11_seed123,transfer,t1a_region_mask_11,123,val,lecun,False,phase,F1,dressing,0.0,False
transfer__t1a_region_mask_11_002_t1a_region_mask_11_seed123,transfer,t1a_region_mask_11,123,val,lecun,False,phase,F1,hemostasis,0.8399999999999999,False
transfer__t1a_region_mask_11_002_t1a_region_mask_11_seed123,transfer,t1a_region_mask_11,123,val,lecun,False,phase,F1,incision,0.9473684210526314,False
transfer__t1a_region_mask_11_002_t1a_region_mask_11_seed123,transfer,t1a_region_mask_11,123,val,lecun,False,phase,F1,irrigation,0.0,False
transfer__t1a_region_mask_11_003_t1a_region_mask_11_seed456,transfer,t1a_region_mask_11,456,val,lecun,False,phase,F1,anesthesia,1.0,False
transfer__t1a_region_mask_11_003_t1a_region_mask_11_seed456,transfer,t1a_region_mask_11,456,val,lecun,False,phase,F1,closure,0.9543496985357451,False
transfer__t1a_region_mask_11_003_t1a_region_mask_11_seed456,transfer,t1a_region_mask_11,456,val,lecun,False,phase,F1,design,0.9751243781094527,False
transfer__t1a_region_mask_11_003_t1a_region_mask_11_seed456,transfer,t1a_region_mask_11,456,val,lecun,False,phase,F1,disinfection,0.0,False
transfer__t1a_region_mask_11_003_t1a_region_mask_11_seed456,transfer,t1a_region_mask_11,456,val,lecun,False,phase,F1,dissection,0.9584158415841585,False
transfer__t1a_region_mask_11_003_t1a_region_mask_11_seed456,transfer,t1a_region_mask_11,456,val,lecun,False,phase,F1,dressing,0.0,False
transfer__t1a_region_mask_11_003_t1a_region_mask_11_seed456,transfer,t1a_region_mask_11,456,val,lecun,False,phase,F1,hemostasis,0.7959183673469389,False
transfer__t1a_region_mask_11_003_t1a_region_mask_11_seed456,transfer,t1a_region_mask_11,456,val,lecun,False,phase,F1,incision,0.9470588235294117,False
transfer__t1a_region_mask_11_003_t1a_region_mask_11_seed456,transfer,t1a_region_mask_11,456,val,lecun,False,phase,F1,irrigation,0.0,False
transfer__t1a_region_mask_12_001_t1a_region_mask_12_seed42,transfer,t1a_region_mask_12,42,val,lecun,False,phase,F1,anesthesia,1.0,False
transfer__t1a_region_mask_12_001_t1a_region_mask_12_seed42,transfer,t1a_region_mask_12,42,val,lecun,False,phase,F1,closure,0.960971379011275,False
transfer__t1a_region_mask_12_001_t1a_region_mask_12_seed42,transfer,t1a_region_mask_12,42,val,lecun,False,phase,F1,design,0.9751243781094527,False
transfer__t1a_region_mask_12_001_t1a_region_mask_12_seed42,transfer,t1a_region_mask_12,42,val,lecun,False,phase,F1,disinfection,0.0,False
transfer__t1a_region_mask_12_001_t1a_region_mask_12_seed42,transfer,t1a_region_mask_12,42,val,lecun,False,phase,F1,dissection,0.95703125,False
transfer__t1a_region_mask_12_001_t1a_region_mask_12_seed42,transfer,t1a_region_mask_12,42,val,lecun,False,phase,F1,dressing,0.0,False
transfer__t1a_region_mask_12_001_t1a_region_mask_12_seed42,transfer,t1a_region_mask_12,42,val,lecun,False,phase,F1,hemostasis,0.8041237113402062,False
transfer__t1a_region_mask_12_001_t1a_region_mask_12_seed42,transfer,t1a_region_mask_12,42,val,lecun,False,phase,F1,incision,0.9432835820895523,False
transfer__t1a_region_mask_12_001_t1a_region_mask_12_seed42,transfer,t1a_region_mask_12,42,val,lecun,False,phase,F1,irrigation,0.0,False
transfer__t1a_region_mask_12_002_t1a_region_mask_12_seed123,transfer,t1a_region_mask_12,123,val,lecun,False,phase,F1,anesthesia,1.0,False
transfer__t1a_region_mask_12_002_t1a_region_mask_12_seed123,transfer,t1a_region_mask_12,123,val,lecun,False,phase,F1,closure,0.9618055555555556,False
transfer__t1a_region_mask_12_002_t1a_region_mask_12_seed123,transfer,t1a_region_mask_12,123,val,lecun,False,phase,F1,design,0.9852216748768473,False
transfer__t1a_region_mask_12_002_t1a_region_mask_12_seed123,transfer,t1a_region_mask_12,123,val,lecun,False,phase,F1,disinfection,0.0,False
transfer__t1a_region_mask_12_002_t1a_region_mask_12_seed123,transfer,t1a_region_mask_12,123,val,lecun,False,phase,F1,dissection,0.9556650246305418,False
transfer__t1a_region_mask_12_002_t1a_region_mask_12_seed123,transfer,t1a_region_mask_12,123,val,lecun,False,phase,F1,dressing,0.0,False
transfer__t1a_region_mask_12_002_t1a_region_mask_12_seed123,transfer,t1a_region_mask_12,123,val,lecun,False,phase,F1,hemostasis,0.7999999999999999,False
transfer__t1a_region_mask_12_002_t1a_region_mask_12_seed123,transfer,t1a_region_mask_12,123,val,lecun,False,phase,F1,incision,0.955223880597015,False
transfer__t1a_region_mask_12_002_t1a_region_mask_12_seed123,transfer,t1a_region_mask_12,123,val,lecun,False,phase,F1,irrigation,0.0,False
transfer__t1a_region_mask_12_003_t1a_region_mask_12_seed456,transfer,t1a_region_mask_12,456,val,lecun,False,phase,F1,anesthesia,0.9896907216494846,False
transfer__t1a_region_mask_12_003_t1a_region_mask_12_seed456,transfer,t1a_region_mask_12,456,val,lecun,False,phase,F1,closure,0.9642545771578029,False
transfer__t1a_region_mask_12_003_t1a_region_mask_12_seed456,transfer,t1a_region_mask_12,456,val,lecun,False,phase,F1,design,0.9852216748768473,False
transfer__t1a_region_mask_12_003_t1a_region_mask_12_seed456,transfer,t1a_region_mask_12,456,val,lecun,False,phase,F1,disinfection,0.0,False
transfer__t1a_region_mask_12_003_t1a_region_mask_12_seed456,transfer,t1a_region_mask_12,456,val,lecun,False,phase,F1,dissection,0.9514563106796117,False
transfer__t1a_region_mask_12_003_t1a_region_mask_12_seed456,transfer,t1a_region_mask_12,456,val,lecun,False,phase,F1,dressing,0.0,False
transfer__t1a_region_mask_12_003_t1a_region_mask_12_seed456,transfer,t1a_region_mask_12,456,val,lecun,False,phase,F1,hemostasis,0.7789473684210527,False
transfer__t1a_region_mask_12_003_t1a_region_mask_12_seed456,transfer,t1a_region_mask_12,456,val,lecun,False,phase,F1,incision,0.9436201780415431,False
transfer__t1a_region_mask_12_003_t1a_region_mask_12_seed456,transfer,t1a_region_mask_12,456,val,lecun,False,phase,F1,irrigation,0.0,False
transfer__t1a_region_mask_13_001_t1a_region_mask_13_seed42,transfer,t1a_region_mask_13,42,val,lecun,False,phase,F1,anesthesia,1.0,False
transfer__t1a_region_mask_13_001_t1a_region_mask_13_seed42,transfer,t1a_region_mask_13,42,val,lecun,False,phase,F1,closure,0.9632867132867132,False
transfer__t1a_region_mask_13_001_t1a_region_mask_13_seed42,transfer,t1a_region_mask_13,42,val,lecun,False,phase,F1,design,0.9648241206030151,False
transfer__t1a_region_mask_13_001_t1a_region_mask_13_seed42,transfer,t1a_region_mask_13,42,val,lecun,False,phase,F1,disinfection,0.0,False
transfer__t1a_region_mask_13_001_t1a_region_mask_13_seed42,transfer,t1a_region_mask_13,42,val,lecun,False,phase,F1,dissection,0.9571150097465887,False
transfer__t1a_region_mask_13_001_t1a_region_mask_13_seed42,transfer,t1a_region_mask_13,42,val,lecun,False,phase,F1,dressing,0.0,False
transfer__t1a_region_mask_13_001_t1a_region_mask_13_seed42,transfer,t1a_region_mask_13,42,val,lecun,False,phase,F1,hemostasis,0.8349514563106796,False
transfer__t1a_region_mask_13_001_t1a_region_mask_13_seed42,transfer,t1a_region_mask_13,42,val,lecun,False,phase,F1,incision,0.9408284023668638,False
transfer__t1a_region_mask_13_001_t1a_region_mask_13_seed42,transfer,t1a_region_mask_13,42,val,lecun,False,phase,F1,irrigation,0.0,False
transfer__t1a_region_mask_13_002_t1a_region_mask_13_seed123,transfer,t1a_region_mask_13,123,val,lecun,False,phase,F1,anesthesia,0.9948717948717948,False
transfer__t1a_region_mask_13_002_t1a_region_mask_13_seed123,transfer,t1a_region_mask_13,123,val,lecun,False,phase,F1,closure,0.9560723514211885,False
transfer__t1a_region_mask_13_002_t1a_region_mask_13_seed123,transfer,t1a_region_mask_13,123,val,lecun,False,phase,F1,design,0.9803921568627452,False
transfer__t1a_region_mask_13_002_t1a_region_mask_13_seed123,transfer,t1a_region_mask_13,123,val,lecun,False,phase,F1,disinfection,0.0,False
transfer__t1a_region_mask_13_002_t1a_region_mask_13_seed123,transfer,t1a_region_mask_13,123,val,lecun,False,phase,F1,dissection,0.9565217391304348,False
transfer__t1a_region_mask_13_002_t1a_region_mask_13_seed123,transfer,t1a_region_mask_13,123,val,lecun,False,phase,F1,dressing,0.0,False
transfer__t1a_region_mask_13_002_t1a_region_mask_13_seed123,transfer,t1a_region_mask_13,123,val,lecun,False,phase,F1,hemostasis,0.8543689320388349,False
transfer__t1a_region_mask_13_002_t1a_region_mask_13_seed123,transfer,t1a_region_mask_13,123,val,lecun,False,phase,F1,incision,0.9486404833836858,False
transfer__t1a_region_mask_13_002_t1a_region_mask_13_seed123,transfer,t1a_region_mask_13,123,val,lecun,False,phase,F1,irrigation,0.0,False
transfer__t1a_region_mask_13_003_t1a_region_mask_13_seed456,transfer,t1a_region_mask_13,456,val,lecun,False,phase,F1,anesthesia,1.0,False
transfer__t1a_region_mask_13_003_t1a_region_mask_13_seed456,transfer,t1a_region_mask_13,456,val,lecun,False,phase,F1,closure,0.9633507853403142,False
transfer__t1a_region_mask_13_003_t1a_region_mask_13_seed456,transfer,t1a_region_mask_13,456,val,lecun,False,phase,F1,design,0.9801980198019802,False
transfer__t1a_region_mask_13_003_t1a_region_mask_13_seed456,transfer,t1a_region_mask_13,456,val,lecun,False,phase,F1,disinfection,0.0,False
transfer__t1a_region_mask_13_003_t1a_region_mask_13_seed456,transfer,t1a_region_mask_13,456,val,lecun,False,phase,F1,dissection,0.9513618677042801,False
transfer__t1a_region_mask_13_003_t1a_region_mask_13_seed456,transfer,t1a_region_mask_13,456,val,lecun,False,phase,F1,dressing,0.0,False
transfer__t1a_region_mask_13_003_t1a_region_mask_13_seed456,transfer,t1a_region_mask_13,456,val,lecun,False,phase,F1,hemostasis,0.8,False
transfer__t1a_region_mask_13_003_t1a_region_mask_13_seed456,transfer,t1a_region_mask_13,456,val,lecun,False,phase,F1,incision,0.9461077844311377,False
transfer__t1a_region_mask_13_003_t1a_region_mask_13_seed456,transfer,t1a_region_mask_13,456,val,lecun,False,phase,F1,irrigation,0.0,False
transfer__t1a_region_mask_14_001_t1a_region_mask_14_seed42,transfer,t1a_region_mask_14,42,val,lecun,False,phase,F1,anesthesia,0.9949238578680203,False
transfer__t1a_region_mask_14_001_t1a_region_mask_14_seed42,transfer,t1a_region_mask_14,42,val,lecun,False,phase,F1,closure,0.9617391304347825,False
transfer__t1a_region_mask_14_001_t1a_region_mask_14_seed42,transfer,t1a_region_mask_14,42,val,lecun,False,phase,F1,design,0.9801980198019802,False
transfer__t1a_region_mask_14_001_t1a_region_mask_14_seed42,transfer,t1a_region_mask_14,42,val,lecun,False,phase,F1,disinfection,0.0,False
transfer__t1a_region_mask_14_001_t1a_region_mask_14_seed42,transfer,t1a_region_mask_14,42,val,lecun,False,phase,F1,dissection,0.9551656920077973,False
transfer__t1a_region_mask_14_001_t1a_region_mask_14_seed42,transfer,t1a_region_mask_14,42,val,lecun,False,phase,F1,dressing,0.0,False
transfer__t1a_region_mask_14_001_t1a_region_mask_14_seed42,transfer,t1a_region_mask_14,42,val,lecun,False,phase,F1,hemostasis,0.7789473684210527,False
transfer__t1a_region_mask_14_001_t1a_region_mask_14_seed42,transfer,t1a_region_mask_14,42,val,lecun,False,phase,F1,incision,0.9523809523809523,False
transfer__t1a_region_mask_14_001_t1a_region_mask_14_seed42,transfer,t1a_region_mask_14,42,val,lecun,False,phase,F1,irrigation,0.0,False
transfer__t1a_region_mask_14_002_t1a_region_mask_14_seed123,transfer,t1a_region_mask_14,123,val,lecun,False,phase,F1,anesthesia,0.9949238578680203,False
transfer__t1a_region_mask_14_002_t1a_region_mask_14_seed123,transfer,t1a_region_mask_14,123,val,lecun,False,phase,F1,closure,0.9638128861429832,False
transfer__t1a_region_mask_14_002_t1a_region_mask_14_seed123,transfer,t1a_region_mask_14,123,val,lecun,False,phase,F1,design,0.97,False
transfer__t1a_region_mask_14_002_t1a_region_mask_14_seed123,transfer,t1a_region_mask_14,123,val,lecun,False,phase,F1,disinfection,0.0,False
transfer__t1a_region_mask_14_002_t1a_region_mask_14_seed123,transfer,t1a_region_mask_14,123,val,lecun,False,phase,F1,dissection,0.9517374517374517,False
transfer__t1a_region_mask_14_002_t1a_region_mask_14_seed123,transfer,t1a_region_mask_14,123,val,lecun,False,phase,F1,dressing,0.0,False
transfer__t1a_region_mask_14_002_t1a_region_mask_14_seed123,transfer,t1a_region_mask_14,123,val,lecun,False,phase,F1,hemostasis,0.8163265306122448,False
transfer__t1a_region_mask_14_002_t1a_region_mask_14_seed123,transfer,t1a_region_mask_14,123,val,lecun,False,phase,F1,incision,0.9590643274853802,False
transfer__t1a_region_mask_14_002_t1a_region_mask_14_seed123,transfer,t1a_region_mask_14,123,val,lecun,False,phase,F1,irrigation,0.0,False
transfer__t1a_region_mask_14_003_t1a_region_mask_14_seed456,transfer,t1a_region_mask_14,456,val,lecun,False,phase,F1,anesthesia,1.0,False
transfer__t1a_region_mask_14_003_t1a_region_mask_14_seed456,transfer,t1a_region_mask_14,456,val,lecun,False,phase,F1,closure,0.9519725557461407,False
transfer__t1a_region_mask_14_003_t1a_region_mask_14_seed456,transfer,t1a_region_mask_14,456,val,lecun,False,phase,F1,design,0.9852216748768473,False
transfer__t1a_region_mask_14_003_t1a_region_mask_14_seed456,transfer,t1a_region_mask_14,456,val,lecun,False,phase,F1,disinfection,0.0,False
transfer__t1a_region_mask_14_003_t1a_region_mask_14_seed456,transfer,t1a_region_mask_14,456,val,lecun,False,phase,F1,dissection,0.9641434262948207,False
transfer__t1a_region_mask_14_003_t1a_region_mask_14_seed456,transfer,t1a_region_mask_14,456,val,lecun,False,phase,F1,dressing,0.0,False
transfer__t1a_region_mask_14_003_t1a_region_mask_14_seed456,transfer,t1a_region_mask_14,456,val,lecun,False,phase,F1,hemostasis,0.8118811881188119,False
transfer__t1a_region_mask_14_003_t1a_region_mask_14_seed456,transfer,t1a_region_mask_14,456,val,lecun,False,phase,F1,incision,0.9523809523809523,False
transfer__t1a_region_mask_14_003_t1a_region_mask_14_seed456,transfer,t1a_region_mask_14,456,val,lecun,False,phase,F1,irrigation,0.0,False
transfer__t1a_region_mask_top3_001_t1a_region_mask_top3_seed42,transfer,t1a_region_mask_top3,42,val,lecun,False,phase,F1,anesthesia,0.9746192893401016,False
transfer__t1a_region_mask_top3_001_t1a_region_mask_top3_seed42,transfer,t1a_region_mask_top3,42,val,lecun,False,phase,F1,closure,0.9553023663453112,False
transfer__t1a_region_mask_top3_001_t1a_region_mask_top3_seed42,transfer,t1a_region_mask_top3,42,val,lecun,False,phase,F1,design,0.8743169398907104,False
transfer__t1a_region_mask_top3_001_t1a_region_mask_top3_seed42,transfer,t1a_region_mask_top3,42,val,lecun,False,phase,F1,disinfection,0.0,False
transfer__t1a_region_mask_top3_001_t1a_region_mask_top3_seed42,transfer,t1a_region_mask_top3,42,val,lecun,False,phase,F1,dissection,0.9357622243528283,False
transfer__t1a_region_mask_top3_001_t1a_region_mask_top3_seed42,transfer,t1a_region_mask_top3,42,val,lecun,False,phase,F1,dressing,0.0,False
transfer__t1a_region_mask_top3_001_t1a_region_mask_top3_seed42,transfer,t1a_region_mask_top3,42,val,lecun,False,phase,F1,hemostasis,0.5647058823529412,False
transfer__t1a_region_mask_top3_001_t1a_region_mask_top3_seed42,transfer,t1a_region_mask_top3,42,val,lecun,False,phase,F1,incision,0.8963585434173669,False
transfer__t1a_region_mask_top3_001_t1a_region_mask_top3_seed42,transfer,t1a_region_mask_top3,42,val,lecun,False,phase,F1,irrigation,0.0,False
transfer__t1a_region_mask_top3_002_t1a_region_mask_top3_seed123,transfer,t1a_region_mask_top3,123,val,lecun,False,phase,F1,anesthesia,0.9896907216494846,False
transfer__t1a_region_mask_top3_002_t1a_region_mask_top3_seed123,transfer,t1a_region_mask_top3,123,val,lecun,False,phase,F1,closure,0.9464594127806563,False
transfer__t1a_region_mask_top3_002_t1a_region_mask_top3_seed123,transfer,t1a_region_mask_top3,123,val,lecun,False,phase,F1,design,0.8295454545454545,False
transfer__t1a_region_mask_top3_002_t1a_region_mask_top3_seed123,transfer,t1a_region_mask_top3,123,val,lecun,False,phase,F1,disinfection,0.0,False
transfer__t1a_region_mask_top3_002_t1a_region_mask_top3_seed123,transfer,t1a_region_mask_top3,123,val,lecun,False,phase,F1,dissection,0.9381044487427467,False
transfer__t1a_region_mask_top3_002_t1a_region_mask_top3_seed123,transfer,t1a_region_mask_top3,123,val,lecun,False,phase,F1,dressing,0.0,False
transfer__t1a_region_mask_top3_002_t1a_region_mask_top3_seed123,transfer,t1a_region_mask_top3,123,val,lecun,False,phase,F1,hemostasis,0.5185185185185185,False
transfer__t1a_region_mask_top3_002_t1a_region_mask_top3_seed123,transfer,t1a_region_mask_top3,123,val,lecun,False,phase,F1,incision,0.8650137741046832,False
transfer__t1a_region_mask_top3_002_t1a_region_mask_top3_seed123,transfer,t1a_region_mask_top3,123,val,lecun,False,phase,F1,irrigation,0.0,False
transfer__t1a_region_mask_top3_003_t1a_region_mask_top3_seed456,transfer,t1a_region_mask_top3,456,val,lecun,False,phase,F1,anesthesia,0.9795918367346939,False
transfer__t1a_region_mask_top3_003_t1a_region_mask_top3_seed456,transfer,t1a_region_mask_top3,456,val,lecun,False,phase,F1,closure,0.9588801399825022,False
transfer__t1a_region_mask_top3_003_t1a_region_mask_top3_seed456,transfer,t1a_region_mask_top3,456,val,lecun,False,phase,F1,design,0.8361581920903954,False
transfer__t1a_region_mask_top3_003_t1a_region_mask_top3_seed456,transfer,t1a_region_mask_top3,456,val,lecun,False,phase,F1,disinfection,0.0,False
transfer__t1a_region_mask_top3_003_t1a_region_mask_top3_seed456,transfer,t1a_region_mask_top3,456,val,lecun,False,phase,F1,dissection,0.9367816091954023,False
transfer__t1a_region_mask_top3_003_t1a_region_mask_top3_seed456,transfer,t1a_region_mask_top3,456,val,lecun,False,phase,F1,dressing,0.0,False
transfer__t1a_region_mask_top3_003_t1a_region_mask_top3_seed456,transfer,t1a_region_mask_top3,456,val,lecun,False,phase,F1,hemostasis,0.5783132530120482,False
transfer__t1a_region_mask_top3_003_t1a_region_mask_top3_seed456,transfer,t1a_region_mask_top3,456,val,lecun,False,phase,F1,incision,0.8815426997245177,False
transfer__t1a_region_mask_top3_003_t1a_region_mask_top3_seed456,transfer,t1a_region_mask_top3,456,val,lecun,False,phase,F1,irrigation,0.0,False
transfer__t1a_region_only_001_t1a_region_only_seed42,transfer,t1a_region_only,42,val,lecun,False,phase,F1,anesthesia,1.0,False
transfer__t1a_region_only_001_t1a_region_only_seed42,transfer,t1a_region_only,42,val,lecun,False,phase,F1,closure,0.9541918755401901,False
transfer__t1a_region_only_001_t1a_region_only_seed42,transfer,t1a_region_only,42,val,lecun,False,phase,F1,design,0.9751243781094527,False
transfer__t1a_region_only_001_t1a_region_only_seed42,transfer,t1a_region_only,42,val,lecun,False,phase,F1,disinfection,0.0,False
transfer__t1a_region_only_001_t1a_region_only_seed42,transfer,t1a_region_only,42,val,lecun,False,phase,F1,dissection,0.9628180039138944,False
transfer__t1a_region_only_001_t1a_region_only_seed42,transfer,t1a_region_only,42,val,lecun,False,phase,F1,dressing,0.0,False
transfer__t1a_region_only_001_t1a_region_only_seed42,transfer,t1a_region_only,42,val,lecun,False,phase,F1,hemostasis,0.7659574468085106,False
transfer__t1a_region_only_001_t1a_region_only_seed42,transfer,t1a_region_only,42,val,lecun,False,phase,F1,incision,0.9464285714285714,False
transfer__t1a_region_only_001_t1a_region_only_seed42,transfer,t1a_region_only,42,val,lecun,False,phase,F1,irrigation,0.0,False
transfer__t1a_region_only_002_t1a_region_only_seed123,transfer,t1a_region_only,123,val,lecun,False,phase,F1,anesthesia,1.0,False
transfer__t1a_region_only_002_t1a_region_only_seed123,transfer,t1a_region_only,123,val,lecun,False,phase,F1,closure,0.9585492227979273,False
transfer__t1a_region_only_002_t1a_region_only_seed123,transfer,t1a_region_only,123,val,lecun,False,phase,F1,design,0.9852216748768473,False
transfer__t1a_region_only_002_t1a_region_only_seed123,transfer,t1a_region_only,123,val,lecun,False,phase,F1,disinfection,0.0,False
transfer__t1a_region_only_002_t1a_region_only_seed123,transfer,t1a_region_only,123,val,lecun,False,phase,F1,dissection,0.957801766437684,False
transfer__t1a_region_only_002_t1a_region_only_seed123,transfer,t1a_region_only,123,val,lecun,False,phase,F1,dressing,0.0,False
transfer__t1a_region_only_002_t1a_region_only_seed123,transfer,t1a_region_only,123,val,lecun,False,phase,F1,hemostasis,0.8282828282828282,False
transfer__t1a_region_only_002_t1a_region_only_seed123,transfer,t1a_region_only,123,val,lecun,False,phase,F1,incision,0.9486404833836858,False
transfer__t1a_region_only_002_t1a_region_only_seed123,transfer,t1a_region_only,123,val,lecun,False,phase,F1,irrigation,0.0,False
transfer__t1a_region_only_003_t1a_region_only_seed456,transfer,t1a_region_only,456,val,lecun,False,phase,F1,anesthesia,1.0,False
transfer__t1a_region_only_003_t1a_region_only_seed456,transfer,t1a_region_only,456,val,lecun,False,phase,F1,closure,0.9608355091383812,False
transfer__t1a_region_only_003_t1a_region_only_seed456,transfer,t1a_region_only,456,val,lecun,False,phase,F1,design,0.9801980198019802,False
transfer__t1a_region_only_003_t1a_region_only_seed456,transfer,t1a_region_only,456,val,lecun,False,phase,F1,disinfection,0.0,False
transfer__t1a_region_only_003_t1a_region_only_seed456,transfer,t1a_region_only,456,val,lecun,False,phase,F1,dissection,0.9524733268671192,False
transfer__t1a_region_only_003_t1a_region_only_seed456,transfer,t1a_region_only,456,val,lecun,False,phase,F1,dressing,0.0,False
transfer__t1a_region_only_003_t1a_region_only_seed456,transfer,t1a_region_only,456,val,lecun,False,phase,F1,hemostasis,0.7741935483870968,False
transfer__t1a_region_only_003_t1a_region_only_seed456,transfer,t1a_region_only,456,val,lecun,False,phase,F1,incision,0.9492537313432835,False
transfer__t1a_region_only_003_t1a_region_only_seed456,transfer,t1a_region_only,456,val,lecun,False,phase,F1,irrigation,0.0,False
transfer__t1a_region_only_004_t1a_region_only_seed789,transfer,t1a_region_only,789,val,lecun,False,phase,F1,anesthesia,1.0,False
transfer__t1a_region_only_004_t1a_region_only_seed789,transfer,t1a_region_only,789,val,lecun,False,phase,F1,closure,0.955249569707401,False
transfer__t1a_region_only_004_t1a_region_only_seed789,transfer,t1a_region_only,789,val,lecun,False,phase,F1,design,0.9751243781094527,False
transfer__t1a_region_only_004_t1a_region_only_seed789,transfer,t1a_region_only,789,val,lecun,False,phase,F1,disinfection,0.0,False
transfer__t1a_region_only_004_t1a_region_only_seed789,transfer,t1a_region_only,789,val,lecun,False,phase,F1,dissection,0.9643564356435643,False
transfer__t1a_region_only_004_t1a_region_only_seed789,transfer,t1a_region_only,789,val,lecun,False,phase,F1,dressing,0.0,False
transfer__t1a_region_only_004_t1a_region_only_seed789,transfer,t1a_region_only,789,val,lecun,False,phase,F1,hemostasis,0.8514851485148516,False
transfer__t1a_region_only_004_t1a_region_only_seed789,transfer,t1a_region_only,789,val,lecun,False,phase,F1,incision,0.9404761904761904,False
transfer__t1a_region_only_004_t1a_region_only_seed789,transfer,t1a_region_only,789,val,lecun,False,phase,F1,irrigation,0.0,False
transfer__t1a_region_only_005_t1a_region_only_seed1000,transfer,t1a_region_only,1000,val,lecun,False,phase,F1,anesthesia,0.9896907216494846,False
transfer__t1a_region_only_005_t1a_region_only_seed1000,transfer,t1a_region_only,1000,val,lecun,False,phase,F1,closure,0.9608355091383812,False
transfer__t1a_region_only_005_t1a_region_only_seed1000,transfer,t1a_region_only,1000,val,lecun,False,phase,F1,design,0.9751243781094527,False
transfer__t1a_region_only_005_t1a_region_only_seed1000,transfer,t1a_region_only,1000,val,lecun,False,phase,F1,disinfection,0.0,False
transfer__t1a_region_only_005_t1a_region_only_seed1000,transfer,t1a_region_only,1000,val,lecun,False,phase,F1,dissection,0.9564375605033881,False
transfer__t1a_region_only_005_t1a_region_only_seed1000,transfer,t1a_region_only,1000,val,lecun,False,phase,F1,dressing,0.0,False
transfer__t1a_region_only_005_t1a_region_only_seed1000,transfer,t1a_region_only,1000,val,lecun,False,phase,F1,hemostasis,0.7789473684210527,False
transfer__t1a_region_only_005_t1a_region_only_seed1000,transfer,t1a_region_only,1000,val,lecun,False,phase,F1,incision,0.9341317365269461,False
transfer__t1a_region_only_005_t1a_region_only_seed1000,transfer,t1a_region_only,1000,val,lecun,False,phase,F1,irrigation,0.0,False
transfer__t1a_region_only_mask_top3_001_t1a_region_only_mask_top3_seed42,transfer,t1a_region_only_mask_top3,42,val,lecun,False,phase,F1,anesthesia,0.9896907216494846,False
transfer__t1a_region_only_mask_top3_001_t1a_region_only_mask_top3_seed42,transfer,t1a_region_only_mask_top3,42,val,lecun,False,phase,F1,closure,0.9440137812230835,False
transfer__t1a_region_only_mask_top3_001_t1a_region_only_mask_top3_seed42,transfer,t1a_region_only_mask_top3,42,val,lecun,False,phase,F1,design,0.8228571428571428,False
transfer__t1a_region_only_mask_top3_001_t1a_region_only_mask_top3_seed42,transfer,t1a_region_only_mask_top3,42,val,lecun,False,phase,F1,disinfection,0.0,False
transfer__t1a_region_only_mask_top3_001_t1a_region_only_mask_top3_seed42,transfer,t1a_region_only_mask_top3,42,val,lecun,False,phase,F1,dissection,0.9341085271317829,False
transfer__t1a_region_only_mask_top3_001_t1a_region_only_mask_top3_seed42,transfer,t1a_region_only_mask_top3,42,val,lecun,False,phase,F1,dressing,0.0,False
transfer__t1a_region_only_mask_top3_001_t1a_region_only_mask_top3_seed42,transfer,t1a_region_only_mask_top3,42,val,lecun,False,phase,F1,hemostasis,0.25,False
transfer__t1a_region_only_mask_top3_001_t1a_region_only_mask_top3_seed42,transfer,t1a_region_only_mask_top3,42,val,lecun,False,phase,F1,incision,0.8333333333333333,False
transfer__t1a_region_only_mask_top3_001_t1a_region_only_mask_top3_seed42,transfer,t1a_region_only_mask_top3,42,val,lecun,False,phase,F1,irrigation,0.0,False
transfer__t1a_region_only_mask_top3_002_t1a_region_only_mask_top3_seed123,transfer,t1a_region_only_mask_top3,123,val,lecun,False,phase,F1,anesthesia,0.9948717948717948,False
transfer__t1a_region_only_mask_top3_002_t1a_region_only_mask_top3_seed123,transfer,t1a_region_only_mask_top3,123,val,lecun,False,phase,F1,closure,0.9515570934256056,False
transfer__t1a_region_only_mask_top3_002_t1a_region_only_mask_top3_seed123,transfer,t1a_region_only_mask_top3,123,val,lecun,False,phase,F1,design,0.7283950617283951,False
transfer__t1a_region_only_mask_top3_002_t1a_region_only_mask_top3_seed123,transfer,t1a_region_only_mask_top3,123,val,lecun,False,phase,F1,disinfection,0.0,False
transfer__t1a_region_only_mask_top3_002_t1a_region_only_mask_top3_seed123,transfer,t1a_region_only_mask_top3,123,val,lecun,False,phase,F1,dissection,0.9399224806201552,False
transfer__t1a_region_only_mask_top3_002_t1a_region_only_mask_top3_seed123,transfer,t1a_region_only_mask_top3,123,val,lecun,False,phase,F1,dressing,0.0,False
transfer__t1a_region_only_mask_top3_002_t1a_region_only_mask_top3_seed123,transfer,t1a_region_only_mask_top3,123,val,lecun,False,phase,F1,hemostasis,0.4666666666666667,False
transfer__t1a_region_only_mask_top3_002_t1a_region_only_mask_top3_seed123,transfer,t1a_region_only_mask_top3,123,val,lecun,False,phase,F1,incision,0.8086253369272237,False
transfer__t1a_region_only_mask_top3_002_t1a_region_only_mask_top3_seed123,transfer,t1a_region_only_mask_top3,123,val,lecun,False,phase,F1,irrigation,0.0,False
transfer__t1a_region_only_mask_top3_003_t1a_region_only_mask_top3_seed456,transfer,t1a_region_only_mask_top3,456,val,lecun,False,phase,F1,anesthesia,0.9896907216494846,False
transfer__t1a_region_only_mask_top3_003_t1a_region_only_mask_top3_seed456,transfer,t1a_region_only_mask_top3,456,val,lecun,False,phase,F1,closure,0.9456427955133737,False
transfer__t1a_region_only_mask_top3_003_t1a_region_only_mask_top3_seed456,transfer,t1a_region_only_mask_top3,456,val,lecun,False,phase,F1,design,0.7664670658682634,False
transfer__t1a_region_only_mask_top3_003_t1a_region_only_mask_top3_seed456,transfer,t1a_region_only_mask_top3,456,val,lecun,False,phase,F1,disinfection,0.0,False
transfer__t1a_region_only_mask_top3_003_t1a_region_only_mask_top3_seed456,transfer,t1a_region_only_mask_top3,456,val,lecun,False,phase,F1,dissection,0.9346153846153846,False
transfer__t1a_region_only_mask_top3_003_t1a_region_only_mask_top3_seed456,transfer,t1a_region_only_mask_top3,456,val,lecun,False,phase,F1,dressing,0.0,False
transfer__t1a_region_only_mask_top3_003_t1a_region_only_mask_top3_seed456,transfer,t1a_region_only_mask_top3,456,val,lecun,False,phase,F1,hemostasis,0.35714285714285715,False
transfer__t1a_region_only_mask_top3_003_t1a_region_only_mask_top3_seed456,transfer,t1a_region_only_mask_top3,456,val,lecun,False,phase,F1,incision,0.8011049723756907,False
transfer__t1a_region_only_mask_top3_003_t1a_region_only_mask_top3_seed456,transfer,t1a_region_only_mask_top3,456,val,lecun,False,phase,F1,irrigation,0.0,False
transfer__t1a_regiontoken_001_t1a_regiontoken_seed42,transfer,t1a_regiontoken,42,val,lecun,False,phase,F1,anesthesia,0.9897959183673469,False
transfer__t1a_regiontoken_001_t1a_regiontoken_seed42,transfer,t1a_regiontoken,42,val,lecun,False,phase,F1,closure,0.9658792650918634,False
transfer__t1a_regiontoken_001_t1a_regiontoken_seed42,transfer,t1a_regiontoken,42,val,lecun,False,phase,F1,design,0.9648241206030151,False
transfer__t1a_regiontoken_001_t1a_regiontoken_seed42,transfer,t1a_regiontoken,42,val,lecun,False,phase,F1,disinfection,0.0,False
transfer__t1a_regiontoken_001_t1a_regiontoken_seed42,transfer,t1a_regiontoken,42,val,lecun,False,phase,F1,dissection,0.9582118561710398,False
transfer__t1a_regiontoken_001_t1a_regiontoken_seed42,transfer,t1a_regiontoken,42,val,lecun,False,phase,F1,dressing,0.0,False
transfer__t1a_regiontoken_001_t1a_regiontoken_seed42,transfer,t1a_regiontoken,42,val,lecun,False,phase,F1,hemostasis,0.8399999999999999,False
transfer__t1a_regiontoken_001_t1a_regiontoken_seed42,transfer,t1a_regiontoken,42,val,lecun,False,phase,F1,incision,0.9380530973451328,False
transfer__t1a_regiontoken_001_t1a_regiontoken_seed42,transfer,t1a_regiontoken,42,val,lecun,False,phase,F1,irrigation,0.0,False
transfer__t1a_regiontoken_002_t1a_regiontoken_seed123,transfer,t1a_regiontoken,123,val,lecun,False,phase,F1,anesthesia,1.0,False
transfer__t1a_regiontoken_002_t1a_regiontoken_seed123,transfer,t1a_regiontoken,123,val,lecun,False,phase,F1,closure,0.9575757575757575,False
transfer__t1a_regiontoken_002_t1a_regiontoken_seed123,transfer,t1a_regiontoken,123,val,lecun,False,phase,F1,design,0.9852216748768473,False
transfer__t1a_regiontoken_002_t1a_regiontoken_seed123,transfer,t1a_regiontoken,123,val,lecun,False,phase,F1,disinfection,0.0,False
transfer__t1a_regiontoken_002_t1a_regiontoken_seed123,transfer,t1a_regiontoken,123,val,lecun,False,phase,F1,dissection,0.9579667644183774,False
transfer__t1a_regiontoken_002_t1a_regiontoken_seed123,transfer,t1a_regiontoken,123,val,lecun,False,phase,F1,dressing,0.0,False
transfer__t1a_regiontoken_002_t1a_regiontoken_seed123,transfer,t1a_regiontoken,123,val,lecun,False,phase,F1,hemostasis,0.8200000000000001,False
transfer__t1a_regiontoken_002_t1a_regiontoken_seed123,transfer,t1a_regiontoken,123,val,lecun,False,phase,F1,incision,0.9422492401215806,False
transfer__t1a_regiontoken_002_t1a_regiontoken_seed123,transfer,t1a_regiontoken,123,val,lecun,False,phase,F1,irrigation,0.0,False
transfer__t1a_regiontoken_003_t1a_regiontoken_seed456,transfer,t1a_regiontoken,456,val,lecun,False,phase,F1,anesthesia,1.0,False
transfer__t1a_regiontoken_003_t1a_regiontoken_seed456,transfer,t1a_regiontoken,456,val,lecun,False,phase,F1,closure,0.9627059843885515,False
transfer__t1a_regiontoken_003_t1a_regiontoken_seed456,transfer,t1a_regiontoken,456,val,lecun,False,phase,F1,design,0.9751243781094527,False
transfer__t1a_regiontoken_003_t1a_regiontoken_seed456,transfer,t1a_regiontoken,456,val,lecun,False,phase,F1,disinfection,0.0,False
transfer__t1a_regiontoken_003_t1a_regiontoken_seed456,transfer,t1a_regiontoken,456,val,lecun,False,phase,F1,dissection,0.9553398058252427,False
transfer__t1a_regiontoken_003_t1a_regiontoken_seed456,transfer,t1a_regiontoken,456,val,lecun,False,phase,F1,dressing,0.0,False
transfer__t1a_regiontoken_003_t1a_regiontoken_seed456,transfer,t1a_regiontoken,456,val,lecun,False,phase,F1,hemostasis,0.7391304347826086,False
transfer__t1a_regiontoken_003_t1a_regiontoken_seed456,transfer,t1a_regiontoken,456,val,lecun,False,phase,F1,incision,0.940119760479042,False
transfer__t1a_regiontoken_003_t1a_regiontoken_seed456,transfer,t1a_regiontoken,456,val,lecun,False,phase,F1,irrigation,0.0,False
transfer__t1a_regiontoken_004_t1a_regiontoken_seed789,transfer,t1a_regiontoken,789,val,lecun,False,phase,F1,anesthesia,1.0,False
transfer__t1a_regiontoken_004_t1a_regiontoken_seed789,transfer,t1a_regiontoken,789,val,lecun,False,phase,F1,closure,0.9626411815812337,False
transfer__t1a_regiontoken_004_t1a_regiontoken_seed789,transfer,t1a_regiontoken,789,val,lecun,False,phase,F1,design,0.9751243781094527,False
transfer__t1a_regiontoken_004_t1a_regiontoken_seed789,transfer,t1a_regiontoken,789,val,lecun,False,phase,F1,disinfection,0.0,False
transfer__t1a_regiontoken_004_t1a_regiontoken_seed789,transfer,t1a_regiontoken,789,val,lecun,False,phase,F1,dissection,0.9563530552861299,False
transfer__t1a_regiontoken_004_t1a_regiontoken_seed789,transfer,t1a_regiontoken,789,val,lecun,False,phase,F1,dressing,0.0,False
transfer__t1a_regiontoken_004_t1a_regiontoken_seed789,transfer,t1a_regiontoken,789,val,lecun,False,phase,F1,hemostasis,0.7659574468085106,False
transfer__t1a_regiontoken_004_t1a_regiontoken_seed789,transfer,t1a_regiontoken,789,val,lecun,False,phase,F1,incision,0.9369369369369369,False
transfer__t1a_regiontoken_004_t1a_regiontoken_seed789,transfer,t1a_regiontoken,789,val,lecun,False,phase,F1,irrigation,0.0,False
transfer__t1a_regiontoken_005_t1a_regiontoken_seed1000,transfer,t1a_regiontoken,1000,val,lecun,False,phase,F1,anesthesia,1.0,False
transfer__t1a_regiontoken_005_t1a_regiontoken_seed1000,transfer,t1a_regiontoken,1000,val,lecun,False,phase,F1,closure,0.9641294838145232,False
transfer__t1a_regiontoken_005_t1a_regiontoken_seed1000,transfer,t1a_regiontoken,1000,val,lecun,False,phase,F1,design,0.97,False
transfer__t1a_regiontoken_005_t1a_regiontoken_seed1000,transfer,t1a_regiontoken,1000,val,lecun,False,phase,F1,disinfection,0.0,False
transfer__t1a_regiontoken_005_t1a_regiontoken_seed1000,transfer,t1a_regiontoken,1000,val,lecun,False,phase,F1,dissection,0.9580487804878048,False
transfer__t1a_regiontoken_005_t1a_regiontoken_seed1000,transfer,t1a_regiontoken,1000,val,lecun,False,phase,F1,dressing,0.0,False
transfer__t1a_regiontoken_005_t1a_regiontoken_seed1000,transfer,t1a_regiontoken,1000,val,lecun,False,phase,F1,hemostasis,0.8155339805825242,False
transfer__t1a_regiontoken_005_t1a_regiontoken_seed1000,transfer,t1a_regiontoken,1000,val,lecun,False,phase,F1,incision,0.9380530973451328,False
transfer__t1a_regiontoken_005_t1a_regiontoken_seed1000,transfer,t1a_regiontoken,1000,val,lecun,False,phase,F1,irrigation,0.0,False
transfer__t1a_regiontraj_001_t1a_regiontraj_seed42,transfer,t1a_regiontraj,42,val,efros,False,phase,F1,anesthesia,1.0,False
transfer__t1a_regiontraj_001_t1a_regiontraj_seed42,transfer,t1a_regiontraj,42,val,efros,False,phase,F1,closure,0.9482758620689654,False
transfer__t1a_regiontraj_001_t1a_regiontraj_seed42,transfer,t1a_regiontraj,42,val,efros,False,phase,F1,design,0.9852216748768473,False
transfer__t1a_regiontraj_001_t1a_regiontraj_seed42,transfer,t1a_regiontraj,42,val,efros,False,phase,F1,disinfection,0.0,False
transfer__t1a_regiontraj_001_t1a_regiontraj_seed42,transfer,t1a_regiontraj,42,val,efros,False,phase,F1,dissection,0.9596059113300492,False
transfer__t1a_regiontraj_001_t1a_regiontraj_seed42,transfer,t1a_regiontraj,42,val,efros,False,phase,F1,dressing,0.0,False
transfer__t1a_regiontraj_001_t1a_regiontraj_seed42,transfer,t1a_regiontraj,42,val,efros,False,phase,F1,hemostasis,0.8235294117647058,False
transfer__t1a_regiontraj_001_t1a_regiontraj_seed42,transfer,t1a_regiontraj,42,val,efros,False,phase,F1,incision,0.9454545454545454,False
transfer__t1a_regiontraj_001_t1a_regiontraj_seed42,transfer,t1a_regiontraj,42,val,efros,False,phase,F1,irrigation,0.0,False
transfer__t1a_regiontraj_002_t1a_regiontraj_seed123,transfer,t1a_regiontraj,123,val,efros,False,phase,F1,anesthesia,1.0,False
transfer__t1a_regiontraj_002_t1a_regiontraj_seed123,transfer,t1a_regiontraj,123,val,efros,False,phase,F1,closure,0.9490940465918896,False
transfer__t1a_regiontraj_002_t1a_regiontraj_seed123,transfer,t1a_regiontraj,123,val,efros,False,phase,F1,design,0.9852216748768473,False
transfer__t1a_regiontraj_002_t1a_regiontraj_seed123,transfer,t1a_regiontraj,123,val,efros,False,phase,F1,disinfection,0.0,False
transfer__t1a_regiontraj_002_t1a_regiontraj_seed123,transfer,t1a_regiontraj,123,val,efros,False,phase,F1,dissection,0.9603960396039604,False
transfer__t1a_regiontraj_002_t1a_regiontraj_seed123,transfer,t1a_regiontraj,123,val,efros,False,phase,F1,dressing,0.0,False
transfer__t1a_regiontraj_002_t1a_regiontraj_seed123,transfer,t1a_regiontraj,123,val,efros,False,phase,F1,hemostasis,0.8076923076923077,False
transfer__t1a_regiontraj_002_t1a_regiontraj_seed123,transfer,t1a_regiontraj,123,val,efros,False,phase,F1,incision,0.9520958083832335,False
transfer__t1a_regiontraj_002_t1a_regiontraj_seed123,transfer,t1a_regiontraj,123,val,efros,False,phase,F1,irrigation,0.0,False
transfer__t1a_regiontraj_003_t1a_regiontraj_seed456,transfer,t1a_regiontraj,456,val,efros,False,phase,F1,anesthesia,0.9949238578680203,False
transfer__t1a_regiontraj_003_t1a_regiontraj_seed456,transfer,t1a_regiontraj,456,val,efros,False,phase,F1,closure,0.9542709232096634,False
transfer__t1a_regiontraj_003_t1a_regiontraj_seed456,transfer,t1a_regiontraj,456,val,efros,False,phase,F1,design,0.9648241206030151,False
transfer__t1a_regiontraj_003_t1a_regiontraj_seed456,transfer,t1a_regiontraj,456,val,efros,False,phase,F1,disinfection,0.0,False
transfer__t1a_regiontraj_003_t1a_regiontraj_seed456,transfer,t1a_regiontraj,456,val,efros,False,phase,F1,dissection,0.9653808110781404,False
transfer__t1a_regiontraj_003_t1a_regiontraj_seed456,transfer,t1a_regiontraj,456,val,efros,False,phase,F1,dressing,0.0,False
transfer__t1a_regiontraj_003_t1a_regiontraj_seed456,transfer,t1a_regiontraj,456,val,efros,False,phase,F1,hemostasis,0.8316831683168316,False
transfer__t1a_regiontraj_003_t1a_regiontraj_seed456,transfer,t1a_regiontraj,456,val,efros,False,phase,F1,incision,0.9557522123893805,False
transfer__t1a_regiontraj_003_t1a_regiontraj_seed456,transfer,t1a_regiontraj,456,val,efros,False,phase,F1,irrigation,0.0,False
transfer__t1a_regiontraj_test_001_t1a_regiontraj_test_seed42,transfer,t1a_regiontraj_test,42,val,efros,False,phase,F1,anesthesia,1.0,False
transfer__t1a_regiontraj_test_001_t1a_regiontraj_test_seed42,transfer,t1a_regiontraj_test,42,val,efros,False,phase,F1,closure,0.9555361813426331,False
transfer__t1a_regiontraj_test_001_t1a_regiontraj_test_seed42,transfer,t1a_regiontraj_test,42,val,efros,False,phase,F1,design,0.9852216748768473,False
transfer__t1a_regiontraj_test_001_t1a_regiontraj_test_seed42,transfer,t1a_regiontraj_test,42,val,efros,False,phase,F1,disinfection,0.0,False
transfer__t1a_regiontraj_test_001_t1a_regiontraj_test_seed42,transfer,t1a_regiontraj_test,42,val,efros,False,phase,F1,dissection,0.9596059113300492,False
transfer__t1a_regiontraj_test_001_t1a_regiontraj_test_seed42,transfer,t1a_regiontraj_test,42,val,efros,False,phase,F1,dressing,0.0,False
transfer__t1a_regiontraj_test_001_t1a_regiontraj_test_seed42,transfer,t1a_regiontraj_test,42,val,efros,False,phase,F1,hemostasis,0.8545454545454546,False
transfer__t1a_regiontraj_test_001_t1a_regiontraj_test_seed42,transfer,t1a_regiontraj_test,42,val,efros,False,phase,F1,incision,0.9611940298507462,False
transfer__t1a_regiontraj_test_001_t1a_regiontraj_test_seed42,transfer,t1a_regiontraj_test,42,val,efros,False,phase,F1,irrigation,0.0,False
transfer__t1a_regiontraj_test_002_t1a_regiontraj_test_seed123,transfer,t1a_regiontraj_test,123,val,efros,False,phase,F1,anesthesia,1.0,False
transfer__t1a_regiontraj_test_002_t1a_regiontraj_test_seed123,transfer,t1a_regiontraj_test,123,val,efros,False,phase,F1,closure,0.9553805774278216,False
transfer__t1a_regiontraj_test_002_t1a_regiontraj_test_seed123,transfer,t1a_regiontraj_test,123,val,efros,False,phase,F1,design,0.9751243781094527,False
transfer__t1a_regiontraj_test_002_t1a_regiontraj_test_seed123,transfer,t1a_regiontraj_test,123,val,efros,False,phase,F1,disinfection,0.0,False
transfer__t1a_regiontraj_test_002_t1a_regiontraj_test_seed123,transfer,t1a_regiontraj_test,123,val,efros,False,phase,F1,dissection,0.9586614173228346,False
transfer__t1a_regiontraj_test_002_t1a_regiontraj_test_seed123,transfer,t1a_regiontraj_test,123,val,efros,False,phase,F1,dressing,0.0,False
transfer__t1a_regiontraj_test_002_t1a_regiontraj_test_seed123,transfer,t1a_regiontraj_test,123,val,efros,False,phase,F1,hemostasis,0.803921568627451,False
transfer__t1a_regiontraj_test_002_t1a_regiontraj_test_seed123,transfer,t1a_regiontraj_test,123,val,efros,False,phase,F1,incision,0.9655172413793103,False
transfer__t1a_regiontraj_test_002_t1a_regiontraj_test_seed123,transfer,t1a_regiontraj_test,123,val,efros,False,phase,F1,irrigation,0.0,False
transfer__t1a_regiontraj_test_003_t1a_regiontraj_test_seed456,transfer,t1a_regiontraj_test,456,val,efros,False,phase,F1,anesthesia,0.9949238578680203,False
transfer__t1a_regiontraj_test_003_t1a_regiontraj_test_seed456,transfer,t1a_regiontraj_test,456,val,efros,False,phase,F1,closure,0.9444918872758327,False
transfer__t1a_regiontraj_test_003_t1a_regiontraj_test_seed456,transfer,t1a_regiontraj_test,456,val,efros,False,phase,F1,design,0.9595959595959597,False
transfer__t1a_regiontraj_test_003_t1a_regiontraj_test_seed456,transfer,t1a_regiontraj_test,456,val,efros,False,phase,F1,disinfection,0.0,False
transfer__t1a_regiontraj_test_003_t1a_regiontraj_test_seed456,transfer,t1a_regiontraj_test,456,val,efros,False,phase,F1,dissection,0.9661354581673306,False
transfer__t1a_regiontraj_test_003_t1a_regiontraj_test_seed456,transfer,t1a_regiontraj_test,456,val,efros,False,phase,F1,dressing,0.0,False
transfer__t1a_regiontraj_test_003_t1a_regiontraj_test_seed456,transfer,t1a_regiontraj_test,456,val,efros,False,phase,F1,hemostasis,0.7959183673469389,False
transfer__t1a_regiontraj_test_003_t1a_regiontraj_test_seed456,transfer,t1a_regiontraj_test,456,val,efros,False,phase,F1,incision,0.9349112426035503,False
transfer__t1a_regiontraj_test_003_t1a_regiontraj_test_seed456,transfer,t1a_regiontraj_test,456,val,efros,False,phase,F1,irrigation,0.0,False
transfer__t1a_shuffle_001_t1a_shuffle_seed42,transfer,t1a_shuffle,42,val,lecun,False,phase,F1,anesthesia,0.9130434782608695,False
transfer__t1a_shuffle_001_t1a_shuffle_seed42,transfer,t1a_shuffle,42,val,lecun,False,phase,F1,closure,0.9241034195162636,False
transfer__t1a_shuffle_001_t1a_shuffle_seed42,transfer,t1a_shuffle,42,val,lecun,False,phase,F1,design,0.985645933014354,False
transfer__t1a_shuffle_001_t1a_shuffle_seed42,transfer,t1a_shuffle,42,val,lecun,False,phase,F1,disinfection,0.0,False
transfer__t1a_shuffle_001_t1a_shuffle_seed42,transfer,t1a_shuffle,42,val,lecun,False,phase,F1,dissection,0.904109589041096,False
transfer__t1a_shuffle_001_t1a_shuffle_seed42,transfer,t1a_shuffle,42,val,lecun,False,phase,F1,dressing,0.0,False
transfer__t1a_shuffle_001_t1a_shuffle_seed42,transfer,t1a_shuffle,42,val,lecun,False,phase,F1,hemostasis,0.0,False
transfer__t1a_shuffle_001_t1a_shuffle_seed42,transfer,t1a_shuffle,42,val,lecun,False,phase,F1,incision,0.6944444444444444,False
transfer__t1a_shuffle_001_t1a_shuffle_seed42,transfer,t1a_shuffle,42,val,lecun,False,phase,F1,irrigation,0.0,False
transfer__t1a_shuffle_002_t1a_shuffle_seed123,transfer,t1a_shuffle,123,val,lecun,False,phase,F1,anesthesia,0.7901234567901235,False
transfer__t1a_shuffle_002_t1a_shuffle_seed123,transfer,t1a_shuffle,123,val,lecun,False,phase,F1,closure,0.9258620689655173,False
transfer__t1a_shuffle_002_t1a_shuffle_seed123,transfer,t1a_shuffle,123,val,lecun,False,phase,F1,design,0.9751243781094527,False
transfer__t1a_shuffle_002_t1a_shuffle_seed123,transfer,t1a_shuffle,123,val,lecun,False,phase,F1,disinfection,0.0,False
transfer__t1a_shuffle_002_t1a_shuffle_seed123,transfer,t1a_shuffle,123,val,lecun,False,phase,F1,dissection,0.8970727101038716,False
transfer__t1a_shuffle_002_t1a_shuffle_seed123,transfer,t1a_shuffle,123,val,lecun,False,phase,F1,dressing,0.0,False
transfer__t1a_shuffle_002_t1a_shuffle_seed123,transfer,t1a_shuffle,123,val,lecun,False,phase,F1,hemostasis,0.12307692307692307,False
transfer__t1a_shuffle_002_t1a_shuffle_seed123,transfer,t1a_shuffle,123,val,lecun,False,phase,F1,incision,0.7186629526462396,False
transfer__t1a_shuffle_002_t1a_shuffle_seed123,transfer,t1a_shuffle,123,val,lecun,False,phase,F1,irrigation,0.0,False
transfer__t1a_shuffle_003_t1a_shuffle_seed456,transfer,t1a_shuffle,456,val,lecun,False,phase,F1,anesthesia,0.8926553672316384,False
transfer__t1a_shuffle_003_t1a_shuffle_seed456,transfer,t1a_shuffle,456,val,lecun,False,phase,F1,closure,0.9016829052258636,False
transfer__t1a_shuffle_003_t1a_shuffle_seed456,transfer,t1a_shuffle,456,val,lecun,False,phase,F1,design,0.9853658536585367,False
transfer__t1a_shuffle_003_t1a_shuffle_seed456,transfer,t1a_shuffle,456,val,lecun,False,phase,F1,disinfection,0.0,False
transfer__t1a_shuffle_003_t1a_shuffle_seed456,transfer,t1a_shuffle,456,val,lecun,False,phase,F1,dissection,0.8733705772811917,False
transfer__t1a_shuffle_003_t1a_shuffle_seed456,transfer,t1a_shuffle,456,val,lecun,False,phase,F1,dressing,0.0,False
transfer__t1a_shuffle_003_t1a_shuffle_seed456,transfer,t1a_shuffle,456,val,lecun,False,phase,F1,hemostasis,0.06557377049180328,False
transfer__t1a_shuffle_003_t1a_shuffle_seed456,transfer,t1a_shuffle,456,val,lecun,False,phase,F1,incision,0.7833333333333333,False
transfer__t1a_shuffle_003_t1a_shuffle_seed456,transfer,t1a_shuffle,456,val,lecun,False,phase,F1,irrigation,0.0,False
transfer__t1a_shuffle_004_t1a_shuffle_seed789,transfer,t1a_shuffle,789,val,lecun,False,phase,F1,anesthesia,0.98,False
transfer__t1a_shuffle_004_t1a_shuffle_seed789,transfer,t1a_shuffle,789,val,lecun,False,phase,F1,closure,0.9327731092436976,False
transfer__t1a_shuffle_004_t1a_shuffle_seed789,transfer,t1a_shuffle,789,val,lecun,False,phase,F1,design,0.9901960784313726,False
transfer__t1a_shuffle_004_t1a_shuffle_seed789,transfer,t1a_shuffle,789,val,lecun,False,phase,F1,disinfection,0.0,False
transfer__t1a_shuffle_004_t1a_shuffle_seed789,transfer,t1a_shuffle,789,val,lecun,False,phase,F1,dissection,0.8781818181818183,False
transfer__t1a_shuffle_004_t1a_shuffle_seed789,transfer,t1a_shuffle,789,val,lecun,False,phase,F1,dressing,0.0,False
transfer__t1a_shuffle_004_t1a_shuffle_seed789,transfer,t1a_shuffle,789,val,lecun,False,phase,F1,hemostasis,0.0,False
transfer__t1a_shuffle_004_t1a_shuffle_seed789,transfer,t1a_shuffle,789,val,lecun,False,phase,F1,incision,0.6196078431372549,False
transfer__t1a_shuffle_004_t1a_shuffle_seed789,transfer,t1a_shuffle,789,val,lecun,False,phase,F1,irrigation,0.0,False
transfer__t1a_shuffle_005_t1a_shuffle_seed1000,transfer,t1a_shuffle,1000,val,lecun,False,phase,F1,anesthesia,0.8114285714285714,False
transfer__t1a_shuffle_005_t1a_shuffle_seed1000,transfer,t1a_shuffle,1000,val,lecun,False,phase,F1,closure,0.888283378746594,False
transfer__t1a_shuffle_005_t1a_shuffle_seed1000,transfer,t1a_shuffle,1000,val,lecun,False,phase,F1,design,0.9603960396039605,False
transfer__t1a_shuffle_005_t1a_shuffle_seed1000,transfer,t1a_shuffle,1000,val,lecun,False,phase,F1,disinfection,0.0,False
transfer__t1a_shuffle_005_t1a_shuffle_seed1000,transfer,t1a_shuffle,1000,val,lecun,False,phase,F1,dissection,0.8586956521739131,False
transfer__t1a_shuffle_005_t1a_shuffle_seed1000,transfer,t1a_shuffle,1000,val,lecun,False,phase,F1,dressing,0.0,False
transfer__t1a_shuffle_005_t1a_shuffle_seed1000,transfer,t1a_shuffle,1000,val,lecun,False,phase,F1,hemostasis,0.034482758620689655,False
transfer__t1a_shuffle_005_t1a_shuffle_seed1000,transfer,t1a_shuffle,1000,val,lecun,False,phase,F1,incision,0.7377049180327869,False
transfer__t1a_shuffle_005_t1a_shuffle_seed1000,transfer,t1a_shuffle,1000,val,lecun,False,phase,F1,irrigation,0.0,False
transfer__t1a_shuffle_oracle_001_t1a_shuffle_oracle_seed42,transfer,t1a_shuffle_oracle,42,val,lecun,False,phase,F1,anesthesia,0.9896907216494846,False
transfer__t1a_shuffle_oracle_001_t1a_shuffle_oracle_seed42,transfer,t1a_shuffle_oracle,42,val,lecun,False,phase,F1,closure,0.9525483304042179,False
transfer__t1a_shuffle_oracle_001_t1a_shuffle_oracle_seed42,transfer,t1a_shuffle_oracle,42,val,lecun,False,phase,F1,design,1.0,False
transfer__t1a_shuffle_oracle_001_t1a_shuffle_oracle_seed42,transfer,t1a_shuffle_oracle,42,val,lecun,False,phase,F1,disinfection,0.0,False
transfer__t1a_shuffle_oracle_001_t1a_shuffle_oracle_seed42,transfer,t1a_shuffle_oracle,42,val,lecun,False,phase,F1,dissection,0.9583736689254598,False
transfer__t1a_shuffle_oracle_001_t1a_shuffle_oracle_seed42,transfer,t1a_shuffle_oracle,42,val,lecun,False,phase,F1,dressing,0.0,False
transfer__t1a_shuffle_oracle_001_t1a_shuffle_oracle_seed42,transfer,t1a_shuffle_oracle,42,val,lecun,False,phase,F1,hemostasis,0.8269230769230769,False
transfer__t1a_shuffle_oracle_001_t1a_shuffle_oracle_seed42,transfer,t1a_shuffle_oracle,42,val,lecun,False,phase,F1,incision,0.9305135951661632,False
transfer__t1a_shuffle_oracle_001_t1a_shuffle_oracle_seed42,transfer,t1a_shuffle_oracle,42,val,lecun,False,phase,F1,irrigation,0.0,False
transfer__t1a_shuffle_oracle_002_t1a_shuffle_oracle_seed123,transfer,t1a_shuffle_oracle,123,val,lecun,False,phase,F1,anesthesia,0.898876404494382,False
transfer__t1a_shuffle_oracle_002_t1a_shuffle_oracle_seed123,transfer,t1a_shuffle_oracle,123,val,lecun,False,phase,F1,closure,0.9517966695880806,False
transfer__t1a_shuffle_oracle_002_t1a_shuffle_oracle_seed123,transfer,t1a_shuffle_oracle,123,val,lecun,False,phase,F1,design,1.0,False
transfer__t1a_shuffle_oracle_002_t1a_shuffle_oracle_seed123,transfer,t1a_shuffle_oracle,123,val,lecun,False,phase,F1,disinfection,0.0,False
transfer__t1a_shuffle_oracle_002_t1a_shuffle_oracle_seed123,transfer,t1a_shuffle_oracle,123,val,lecun,False,phase,F1,dissection,0.9508840864440079,False
transfer__t1a_shuffle_oracle_002_t1a_shuffle_oracle_seed123,transfer,t1a_shuffle_oracle,123,val,lecun,False,phase,F1,dressing,0.0,False
transfer__t1a_shuffle_oracle_002_t1a_shuffle_oracle_seed123,transfer,t1a_shuffle_oracle,123,val,lecun,False,phase,F1,hemostasis,0.7543859649122807,False
transfer__t1a_shuffle_oracle_002_t1a_shuffle_oracle_seed123,transfer,t1a_shuffle_oracle,123,val,lecun,False,phase,F1,incision,0.8882521489971347,False
transfer__t1a_shuffle_oracle_002_t1a_shuffle_oracle_seed123,transfer,t1a_shuffle_oracle,123,val,lecun,False,phase,F1,irrigation,0.0,False
transfer__t1a_shuffle_oracle_003_t1a_shuffle_oracle_seed456,transfer,t1a_shuffle_oracle,456,val,lecun,False,phase,F1,anesthesia,0.9111111111111111,False
transfer__t1a_shuffle_oracle_003_t1a_shuffle_oracle_seed456,transfer,t1a_shuffle_oracle,456,val,lecun,False,phase,F1,closure,0.9517966695880806,False
transfer__t1a_shuffle_oracle_003_t1a_shuffle_oracle_seed456,transfer,t1a_shuffle_oracle,456,val,lecun,False,phase,F1,design,1.0,False
transfer__t1a_shuffle_oracle_003_t1a_shuffle_oracle_seed456,transfer,t1a_shuffle_oracle,456,val,lecun,False,phase,F1,disinfection,0.0,False
transfer__t1a_shuffle_oracle_003_t1a_shuffle_oracle_seed456,transfer,t1a_shuffle_oracle,456,val,lecun,False,phase,F1,dissection,0.9549019607843137,False
transfer__t1a_shuffle_oracle_003_t1a_shuffle_oracle_seed456,transfer,t1a_shuffle_oracle,456,val,lecun,False,phase,F1,dressing,0.0,False
transfer__t1a_shuffle_oracle_003_t1a_shuffle_oracle_seed456,transfer,t1a_shuffle_oracle,456,val,lecun,False,phase,F1,hemostasis,0.8173913043478261,False
transfer__t1a_shuffle_oracle_003_t1a_shuffle_oracle_seed456,transfer,t1a_shuffle_oracle,456,val,lecun,False,phase,F1,incision,0.8953488372093024,False
transfer__t1a_shuffle_oracle_003_t1a_shuffle_oracle_seed456,transfer,t1a_shuffle_oracle,456,val,lecun,False,phase,F1,irrigation,0.0,False
transfer__t1b_ca_seed123_lecun,transfer_legacy,t1b_ca,123,,lecun,False,coco_map,AP,Bipolar Forceps,0.8240967990602797,False
transfer__t1b_ca_seed123_lecun,transfer_legacy,t1b_ca,123,,lecun,False,coco_map,AP,Electric Cautery,0.9619985838766264,False
transfer__t1b_ca_seed123_lecun,transfer_legacy,t1b_ca,123,,lecun,False,coco_map,AP,Forceps,0.34898138239877485,False
transfer__t1b_ca_seed123_lecun,transfer_legacy,t1b_ca,123,,lecun,False,coco_map,AP,Gauze,0.2912139100797822,False
transfer__t1b_ca_seed123_lecun,transfer_legacy,t1b_ca,123,,lecun,False,coco_map,AP,Hook,0.5842184540091435,False
transfer__t1b_ca_seed123_lecun,transfer_legacy,t1b_ca,123,,lecun,False,coco_map,AP,Mouth Gag,0.8069800323490183,False
transfer__t1b_ca_seed123_lecun,transfer_legacy,t1b_ca,123,,lecun,False,coco_map,AP,Needle Holders,0.8413195749945831,False
transfer__t1b_ca_seed123_lecun,transfer_legacy,t1b_ca,123,,lecun,False,coco_map,AP,Raspatory,0.8331403486763928,False
transfer__t1b_ca_seed123_lecun,transfer_legacy,t1b_ca,123,,lecun,False,coco_map,AP,Retractor,,True
transfer__t1b_ca_seed123_lecun,transfer_legacy,t1b_ca,123,,lecun,False,coco_map,AP,Scalpel,0.9150448856276783,False
transfer__t1b_ca_seed123_lecun,transfer_legacy,t1b_ca,123,,lecun,False,coco_map,AP,Scissors,0.7120880245777592,False
transfer__t1b_ca_seed123_lecun,transfer_legacy,t1b_ca,123,,lecun,False,coco_map,AP,Skewer,0.9391193917913232,False
transfer__t1b_ca_seed123_lecun,transfer_legacy,t1b_ca,123,,lecun,False,coco_map,AP,Suction Cannula,0.8169667570183956,False
transfer__t1b_ca_seed123_lecun,transfer_legacy,t1b_ca,123,,lecun,False,coco_map,AP,Syringe,0.5740742635179523,False
transfer__t1b_ca_seed123_lecun,transfer_legacy,t1b_ca,123,,lecun,False,coco_map,AP,Tweezers,0.781958181157809,False
transfer__t1b_ca_seed42,transfer_legacy,t1b_ca,42,,,False,coco_map,AP,Bipolar Forceps,0.7743046862702493,False
transfer__t1b_ca_seed42,transfer_legacy,t1b_ca,42,,,False,coco_map,AP,Electric Cautery,0.9703715571672139,False
transfer__t1b_ca_seed42,transfer_legacy,t1b_ca,42,,,False,coco_map,AP,Forceps,0.3855338580728207,False
transfer__t1b_ca_seed42,transfer_legacy,t1b_ca,42,,,False,coco_map,AP,Gauze,0.2618608124544568,False
transfer__t1b_ca_seed42,transfer_legacy,t1b_ca,42,,,False,coco_map,AP,Hook,0.5937254964415432,False
transfer__t1b_ca_seed42,transfer_legacy,t1b_ca,42,,,False,coco_map,AP,Mouth Gag,0.8039654225948752,False
transfer__t1b_ca_seed42,transfer_legacy,t1b_ca,42,,,False,coco_map,AP,Needle Holders,0.8536073658240675,False
transfer__t1b_ca_seed42,transfer_legacy,t1b_ca,42,,,False,coco_map,AP,Raspatory,0.8329114205460392,False
transfer__t1b_ca_seed42,transfer_legacy,t1b_ca,42,,,False,coco_map,AP,Retractor,,True
transfer__t1b_ca_seed42,transfer_legacy,t1b_ca,42,,,False,coco_map,AP,Scalpel,0.9226164580100722,False
transfer__t1b_ca_seed42,transfer_legacy,t1b_ca,42,,,False,coco_map,AP,Scissors,0.7154852967682197,False
transfer__t1b_ca_seed42,transfer_legacy,t1b_ca,42,,,False,coco_map,AP,Skewer,0.947384198333519,False
transfer__t1b_ca_seed42,transfer_legacy,t1b_ca,42,,,False,coco_map,AP,Suction Cannula,0.8322895082137415,False
transfer__t1b_ca_seed42,transfer_legacy,t1b_ca,42,,,False,coco_map,AP,Syringe,0.5815741168161292,False
transfer__t1b_ca_seed42,transfer_legacy,t1b_ca,42,,,False,coco_map,AP,Tweezers,0.7828321103551025,False
transfer__t1b_ca_seed42_bengio,transfer_legacy,t1b_ca,42,,bengio,False,coco_map,AP,Bipolar Forceps,0.7743046862702493,False
transfer__t1b_ca_seed42_bengio,transfer_legacy,t1b_ca,42,,bengio,False,coco_map,AP,Electric Cautery,0.9703715571672139,False
transfer__t1b_ca_seed42_bengio,transfer_legacy,t1b_ca,42,,bengio,False,coco_map,AP,Forceps,0.3855338580728207,False
transfer__t1b_ca_seed42_bengio,transfer_legacy,t1b_ca,42,,bengio,False,coco_map,AP,Gauze,0.2618608124544568,False
transfer__t1b_ca_seed42_bengio,transfer_legacy,t1b_ca,42,,bengio,False,coco_map,AP,Hook,0.5937254964415432,False
transfer__t1b_ca_seed42_bengio,transfer_legacy,t1b_ca,42,,bengio,False,coco_map,AP,Mouth Gag,0.8039654225948752,False
transfer__t1b_ca_seed42_bengio,transfer_legacy,t1b_ca,42,,bengio,False,coco_map,AP,Needle Holders,0.8536073658240675,False
transfer__t1b_ca_seed42_bengio,transfer_legacy,t1b_ca,42,,bengio,False,coco_map,AP,Raspatory,0.8329114205460392,False
transfer__t1b_ca_seed42_bengio,transfer_legacy,t1b_ca,42,,bengio,False,coco_map,AP,Retractor,,True
transfer__t1b_ca_seed42_bengio,transfer_legacy,t1b_ca,42,,bengio,False,coco_map,AP,Scalpel,0.9226164580100722,False
transfer__t1b_ca_seed42_bengio,transfer_legacy,t1b_ca,42,,bengio,False,coco_map,AP,Scissors,0.7154852967682197,False
transfer__t1b_ca_seed42_bengio,transfer_legacy,t1b_ca,42,,bengio,False,coco_map,AP,Skewer,0.947384198333519,False
transfer__t1b_ca_seed42_bengio,transfer_legacy,t1b_ca,42,,bengio,False,coco_map,AP,Suction Cannula,0.8322895082137415,False
transfer__t1b_ca_seed42_bengio,transfer_legacy,t1b_ca,42,,bengio,False,coco_map,AP,Syringe,0.5815741168161292,False
transfer__t1b_ca_seed42_bengio,transfer_legacy,t1b_ca,42,,bengio,False,coco_map,AP,Tweezers,0.7828321103551025,False
transfer__t1b_ca_seed456_lecun,transfer_legacy,t1b_ca,456,,lecun,False,coco_map,AP,Bipolar Forceps,0.7788818718736743,False
transfer__t1b_ca_seed456_lecun,transfer_legacy,t1b_ca,456,,lecun,False,coco_map,AP,Electric Cautery,0.9576241389444646,False
transfer__t1b_ca_seed456_lecun,transfer_legacy,t1b_ca,456,,lecun,False,coco_map,AP,Forceps,0.3805129927329722,False
transfer__t1b_ca_seed456_lecun,transfer_legacy,t1b_ca,456,,lecun,False,coco_map,AP,Gauze,0.2953099208542675,False
transfer__t1b_ca_seed456_lecun,transfer_legacy,t1b_ca,456,,lecun,False,coco_map,AP,Hook,0.5929859990649728,False
transfer__t1b_ca_seed456_lecun,transfer_legacy,t1b_ca,456,,lecun,False,coco_map,AP,Mouth Gag,0.8080290947686193,False
transfer__t1b_ca_seed456_lecun,transfer_legacy,t1b_ca,456,,lecun,False,coco_map,AP,Needle Holders,0.8430600777333374,False
transfer__t1b_ca_seed456_lecun,transfer_legacy,t1b_ca,456,,lecun,False,coco_map,AP,Raspatory,0.8008159231423536,False
transfer__t1b_ca_seed456_lecun,transfer_legacy,t1b_ca,456,,lecun,False,coco_map,AP,Retractor,,True
transfer__t1b_ca_seed456_lecun,transfer_legacy,t1b_ca,456,,lecun,False,coco_map,AP,Scalpel,0.9073615274948936,False
transfer__t1b_ca_seed456_lecun,transfer_legacy,t1b_ca,456,,lecun,False,coco_map,AP,Scissors,0.7078408035813086,False
transfer__t1b_ca_seed456_lecun,transfer_legacy,t1b_ca,456,,lecun,False,coco_map,AP,Skewer,0.9454735255189568,False
transfer__t1b_ca_seed456_lecun,transfer_legacy,t1b_ca,456,,lecun,False,coco_map,AP,Suction Cannula,0.7995108713196211,False
transfer__t1b_ca_seed456_lecun,transfer_legacy,t1b_ca,456,,lecun,False,coco_map,AP,Syringe,0.526175575113941,False
transfer__t1b_ca_seed456_lecun,transfer_legacy,t1b_ca,456,,lecun,False,coco_map,AP,Tweezers,0.7810115856879805,False
transfer__t1b_camt_seed123_efros,transfer_legacy,t1b_camt,123,,efros,False,coco_map,AP,Bipolar Forceps,0.8271746794312965,False
transfer__t1b_camt_seed123_efros,transfer_legacy,t1b_camt,123,,efros,False,coco_map,AP,Electric Cautery,0.9595034214443442,False
transfer__t1b_camt_seed123_efros,transfer_legacy,t1b_camt,123,,efros,False,coco_map,AP,Forceps,0.348465364743354,False
transfer__t1b_camt_seed123_efros,transfer_legacy,t1b_camt,123,,efros,False,coco_map,AP,Gauze,0.2850602518007593,False
transfer__t1b_camt_seed123_efros,transfer_legacy,t1b_camt,123,,efros,False,coco_map,AP,Hook,0.5782725034979943,False
transfer__t1b_camt_seed123_efros,transfer_legacy,t1b_camt,123,,efros,False,coco_map,AP,Mouth Gag,0.8052763560894252,False
transfer__t1b_camt_seed123_efros,transfer_legacy,t1b_camt,123,,efros,False,coco_map,AP,Needle Holders,0.8410893486621013,False
transfer__t1b_camt_seed123_efros,transfer_legacy,t1b_camt,123,,efros,False,coco_map,AP,Raspatory,0.8369733471106707,False
transfer__t1b_camt_seed123_efros,transfer_legacy,t1b_camt,123,,efros,False,coco_map,AP,Retractor,,True
transfer__t1b_camt_seed123_efros,transfer_legacy,t1b_camt,123,,efros,False,coco_map,AP,Scalpel,0.9180514495903881,False
transfer__t1b_camt_seed123_efros,transfer_legacy,t1b_camt,123,,efros,False,coco_map,AP,Scissors,0.709550116267425,False
transfer__t1b_camt_seed123_efros,transfer_legacy,t1b_camt,123,,efros,False,coco_map,AP,Skewer,0.9376099999530303,False
transfer__t1b_camt_seed123_efros,transfer_legacy,t1b_camt,123,,efros,False,coco_map,AP,Suction Cannula,0.809923731206385,False
transfer__t1b_camt_seed123_efros,transfer_legacy,t1b_camt,123,,efros,False,coco_map,AP,Syringe,0.5875614136813321,False
transfer__t1b_camt_seed123_efros,transfer_legacy,t1b_camt,123,,efros,False,coco_map,AP,Tweezers,0.7779794138587512,False
transfer__t1b_camt_seed456_efros,transfer_legacy,t1b_camt,456,,efros,False,coco_map,AP,Bipolar Forceps,0.7816255856297589,False
transfer__t1b_camt_seed456_efros,transfer_legacy,t1b_camt,456,,efros,False,coco_map,AP,Electric Cautery,0.9599337579445167,False
transfer__t1b_camt_seed456_efros,transfer_legacy,t1b_camt,456,,efros,False,coco_map,AP,Forceps,0.37855997679972925,False
transfer__t1b_camt_seed456_efros,transfer_legacy,t1b_camt,456,,efros,False,coco_map,AP,Gauze,0.28926824383893657,False
transfer__t1b_camt_seed456_efros,transfer_legacy,t1b_camt,456,,efros,False,coco_map,AP,Hook,0.5905542205397368,False
transfer__t1b_camt_seed456_efros,transfer_legacy,t1b_camt,456,,efros,False,coco_map,AP,Mouth Gag,0.8084945987500568,False
transfer__t1b_camt_seed456_efros,transfer_legacy,t1b_camt,456,,efros,False,coco_map,AP,Needle Holders,0.8441882097573807,False
transfer__t1b_camt_seed456_efros,transfer_legacy,t1b_camt,456,,efros,False,coco_map,AP,Raspatory,0.8056205064219529,False
transfer__t1b_camt_seed456_efros,transfer_legacy,t1b_camt,456,,efros,False,coco_map,AP,Retractor,,True
transfer__t1b_camt_seed456_efros,transfer_legacy,t1b_camt,456,,efros,False,coco_map,AP,Scalpel,0.8968003622110045,False
transfer__t1b_camt_seed456_efros,transfer_legacy,t1b_camt,456,,efros,False,coco_map,AP,Scissors,0.7040789887686504,False
transfer__t1b_camt_seed456_efros,transfer_legacy,t1b_camt,456,,efros,False,coco_map,AP,Skewer,0.948714899933698,False
transfer__t1b_camt_seed456_efros,transfer_legacy,t1b_camt,456,,efros,False,coco_map,AP,Suction Cannula,0.7980854100546332,False
transfer__t1b_camt_seed456_efros,transfer_legacy,t1b_camt,456,,efros,False,coco_map,AP,Syringe,0.5308323127077091,False
transfer__t1b_camt_seed456_efros,transfer_legacy,t1b_camt,456,,efros,False,coco_map,AP,Tweezers,0.7797564333780086,False
transfer__t1b_clsbias_pe_seed123_efros,transfer_legacy,t1b_clsbias_pe,123,,efros,False,coco_map,AP,Bipolar Forceps,0.8282255217685204,False
transfer__t1b_clsbias_pe_seed123_efros,transfer_legacy,t1b_clsbias_pe,123,,efros,False,coco_map,AP,Electric Cautery,0.958609679952553,False
transfer__t1b_clsbias_pe_seed123_efros,transfer_legacy,t1b_clsbias_pe,123,,efros,False,coco_map,AP,Forceps,0.34856190271152143,False
transfer__t1b_clsbias_pe_seed123_efros,transfer_legacy,t1b_clsbias_pe,123,,efros,False,coco_map,AP,Gauze,0.28913097761014894,False
transfer__t1b_clsbias_pe_seed123_efros,transfer_legacy,t1b_clsbias_pe,123,,efros,False,coco_map,AP,Hook,0.5736795914002202,False
transfer__t1b_clsbias_pe_seed123_efros,transfer_legacy,t1b_clsbias_pe,123,,efros,False,coco_map,AP,Mouth Gag,0.8077291614608049,False
transfer__t1b_clsbias_pe_seed123_efros,transfer_legacy,t1b_clsbias_pe,123,,efros,False,coco_map,AP,Needle Holders,0.8417108863015282,False
transfer__t1b_clsbias_pe_seed123_efros,transfer_legacy,t1b_clsbias_pe,123,,efros,False,coco_map,AP,Raspatory,0.8394292442531507,False
transfer__t1b_clsbias_pe_seed123_efros,transfer_legacy,t1b_clsbias_pe,123,,efros,False,coco_map,AP,Retractor,,True
transfer__t1b_clsbias_pe_seed123_efros,transfer_legacy,t1b_clsbias_pe,123,,efros,False,coco_map,AP,Scalpel,0.9239727121892413,False
transfer__t1b_clsbias_pe_seed123_efros,transfer_legacy,t1b_clsbias_pe,123,,efros,False,coco_map,AP,Scissors,0.7118863483872833,False
transfer__t1b_clsbias_pe_seed123_efros,transfer_legacy,t1b_clsbias_pe,123,,efros,False,coco_map,AP,Skewer,0.9408514185741749,False
transfer__t1b_clsbias_pe_seed123_efros,transfer_legacy,t1b_clsbias_pe,123,,efros,False,coco_map,AP,Suction Cannula,0.814173124156048,False
transfer__t1b_clsbias_pe_seed123_efros,transfer_legacy,t1b_clsbias_pe,123,,efros,False,coco_map,AP,Syringe,0.5926255189254337,False
transfer__t1b_clsbias_pe_seed123_efros,transfer_legacy,t1b_clsbias_pe,123,,efros,False,coco_map,AP,Tweezers,0.7811835715049206,False
transfer__t1b_clsbias_pe_seed42_efros,transfer_legacy,t1b_clsbias_pe,42,,efros,False,coco_map,AP,Bipolar Forceps,0.7792713879551663,False
transfer__t1b_clsbias_pe_seed42_efros,transfer_legacy,t1b_clsbias_pe,42,,efros,False,coco_map,AP,Electric Cautery,0.971639497029968,False
transfer__t1b_clsbias_pe_seed42_efros,transfer_legacy,t1b_clsbias_pe,42,,efros,False,coco_map,AP,Forceps,0.38466891886070126,False
transfer__t1b_clsbias_pe_seed42_efros,transfer_legacy,t1b_clsbias_pe,42,,efros,False,coco_map,AP,Gauze,0.26020566925166033,False
transfer__t1b_clsbias_pe_seed42_efros,transfer_legacy,t1b_clsbias_pe,42,,efros,False,coco_map,AP,Hook,0.5938764646054213,False
transfer__t1b_clsbias_pe_seed42_efros,transfer_legacy,t1b_clsbias_pe,42,,efros,False,coco_map,AP,Mouth Gag,0.8061106521634022,False
transfer__t1b_clsbias_pe_seed42_efros,transfer_legacy,t1b_clsbias_pe,42,,efros,False,coco_map,AP,Needle Holders,0.8528072909618306,False
transfer__t1b_clsbias_pe_seed42_efros,transfer_legacy,t1b_clsbias_pe,42,,efros,False,coco_map,AP,Raspatory,0.8329317463871281,False
transfer__t1b_clsbias_pe_seed42_efros,transfer_legacy,t1b_clsbias_pe,42,,efros,False,coco_map,AP,Retractor,,True
transfer__t1b_clsbias_pe_seed42_efros,transfer_legacy,t1b_clsbias_pe,42,,efros,False,coco_map,AP,Scalpel,0.9141232898067576,False
transfer__t1b_clsbias_pe_seed42_efros,transfer_legacy,t1b_clsbias_pe,42,,efros,False,coco_map,AP,Scissors,0.7140841158106424,False
transfer__t1b_clsbias_pe_seed42_efros,transfer_legacy,t1b_clsbias_pe,42,,efros,False,coco_map,AP,Skewer,0.9507830024622362,False
transfer__t1b_clsbias_pe_seed42_efros,transfer_legacy,t1b_clsbias_pe,42,,efros,False,coco_map,AP,Suction Cannula,0.8319014169536768,False
transfer__t1b_clsbias_pe_seed42_efros,transfer_legacy,t1b_clsbias_pe,42,,efros,False,coco_map,AP,Syringe,0.5792194577231156,False
transfer__t1b_clsbias_pe_seed42_efros,transfer_legacy,t1b_clsbias_pe,42,,efros,False,coco_map,AP,Tweezers,0.7835866427548822,False
transfer__t1b_clsbias_pe_seed456_efros,transfer_legacy,t1b_clsbias_pe,456,,efros,False,coco_map,AP,Bipolar Forceps,0.7711687726775269,False
transfer__t1b_clsbias_pe_seed456_efros,transfer_legacy,t1b_clsbias_pe,456,,efros,False,coco_map,AP,Electric Cautery,0.9599949239708286,False
transfer__t1b_clsbias_pe_seed456_efros,transfer_legacy,t1b_clsbias_pe,456,,efros,False,coco_map,AP,Forceps,0.3765115957113675,False
transfer__t1b_clsbias_pe_seed456_efros,transfer_legacy,t1b_clsbias_pe,456,,efros,False,coco_map,AP,Gauze,0.28837351505876274,False
transfer__t1b_clsbias_pe_seed456_efros,transfer_legacy,t1b_clsbias_pe,456,,efros,False,coco_map,AP,Hook,0.5931973712249132,False
transfer__t1b_clsbias_pe_seed456_efros,transfer_legacy,t1b_clsbias_pe,456,,efros,False,coco_map,AP,Mouth Gag,0.8087155171926613,False
transfer__t1b_clsbias_pe_seed456_efros,transfer_legacy,t1b_clsbias_pe,456,,efros,False,coco_map,AP,Needle Holders,0.8453426999046798,False
transfer__t1b_clsbias_pe_seed456_efros,transfer_legacy,t1b_clsbias_pe,456,,efros,False,coco_map,AP,Raspatory,0.8013934671353752,False
transfer__t1b_clsbias_pe_seed456_efros,transfer_legacy,t1b_clsbias_pe,456,,efros,False,coco_map,AP,Retractor,,True
transfer__t1b_clsbias_pe_seed456_efros,transfer_legacy,t1b_clsbias_pe,456,,efros,False,coco_map,AP,Scalpel,0.907380746766186,False
transfer__t1b_clsbias_pe_seed456_efros,transfer_legacy,t1b_clsbias_pe,456,,efros,False,coco_map,AP,Scissors,0.7075139826454556,False
transfer__t1b_clsbias_pe_seed456_efros,transfer_legacy,t1b_clsbias_pe,456,,efros,False,coco_map,AP,Skewer,0.9503728714156359,False
transfer__t1b_clsbias_pe_seed456_efros,transfer_legacy,t1b_clsbias_pe,456,,efros,False,coco_map,AP,Suction Cannula,0.7992830223417572,False
transfer__t1b_clsbias_pe_seed456_efros,transfer_legacy,t1b_clsbias_pe,456,,efros,False,coco_map,AP,Syringe,0.5409023734351518,False
transfer__t1b_clsbias_pe_seed456_efros,transfer_legacy,t1b_clsbias_pe,456,,efros,False,coco_map,AP,Tweezers,0.7780448377515237,False
transfer__t1b_clsbias_seed123_efros,transfer_legacy,t1b_clsbias,123,,efros,False,coco_map,AP,Bipolar Forceps,0.8218275292340875,False
transfer__t1b_clsbias_seed123_efros,transfer_legacy,t1b_clsbias,123,,efros,False,coco_map,AP,Electric Cautery,0.958609679952553,False
transfer__t1b_clsbias_seed123_efros,transfer_legacy,t1b_clsbias,123,,efros,False,coco_map,AP,Forceps,0.34856111727474565,False
transfer__t1b_clsbias_seed123_efros,transfer_legacy,t1b_clsbias,123,,efros,False,coco_map,AP,Gauze,0.289130069795896,False
transfer__t1b_clsbias_seed123_efros,transfer_legacy,t1b_clsbias,123,,efros,False,coco_map,AP,Hook,0.5736731847949572,False
transfer__t1b_clsbias_seed123_efros,transfer_legacy,t1b_clsbias,123,,efros,False,coco_map,AP,Mouth Gag,0.8077274453076669,False
transfer__t1b_clsbias_seed123_efros,transfer_legacy,t1b_clsbias,123,,efros,False,coco_map,AP,Needle Holders,0.8417094719450409,False
transfer__t1b_clsbias_seed123_efros,transfer_legacy,t1b_clsbias,123,,efros,False,coco_map,AP,Raspatory,0.8394292442531507,False
transfer__t1b_clsbias_seed123_efros,transfer_legacy,t1b_clsbias,123,,efros,False,coco_map,AP,Retractor,,True
transfer__t1b_clsbias_seed123_efros,transfer_legacy,t1b_clsbias,123,,efros,False,coco_map,AP,Scalpel,0.922266999779596,False
transfer__t1b_clsbias_seed123_efros,transfer_legacy,t1b_clsbias,123,,efros,False,coco_map,AP,Scissors,0.7118841002257247,False
transfer__t1b_clsbias_seed123_efros,transfer_legacy,t1b_clsbias,123,,efros,False,coco_map,AP,Skewer,0.939955478139336,False
transfer__t1b_clsbias_seed123_efros,transfer_legacy,t1b_clsbias,123,,efros,False,coco_map,AP,Suction Cannula,0.8141715342408911,False
transfer__t1b_clsbias_seed123_efros,transfer_legacy,t1b_clsbias,123,,efros,False,coco_map,AP,Syringe,0.5926036097384269,False
transfer__t1b_clsbias_seed123_efros,transfer_legacy,t1b_clsbias,123,,efros,False,coco_map,AP,Tweezers,0.7811890394809765,False
transfer__t1b_clsbias_seed42_efros,transfer_legacy,t1b_clsbias,42,,efros,False,coco_map,AP,Bipolar Forceps,0.7578384924201207,False
transfer__t1b_clsbias_seed42_efros,transfer_legacy,t1b_clsbias,42,,efros,False,coco_map,AP,Electric Cautery,0.9716394750366837,False
transfer__t1b_clsbias_seed42_efros,transfer_legacy,t1b_clsbias,42,,efros,False,coco_map,AP,Forceps,0.3846681875933294,False
transfer__t1b_clsbias_seed42_efros,transfer_legacy,t1b_clsbias,42,,efros,False,coco_map,AP,Gauze,0.2602236677143113,False
transfer__t1b_clsbias_seed42_efros,transfer_legacy,t1b_clsbias,42,,efros,False,coco_map,AP,Hook,0.5938755007171559,False
transfer__t1b_clsbias_seed42_efros,transfer_legacy,t1b_clsbias,42,,efros,False,coco_map,AP,Mouth Gag,0.8061066757972973,False
transfer__t1b_clsbias_seed42_efros,transfer_legacy,t1b_clsbias,42,,efros,False,coco_map,AP,Needle Holders,0.8528060044251928,False
transfer__t1b_clsbias_seed42_efros,transfer_legacy,t1b_clsbias,42,,efros,False,coco_map,AP,Raspatory,0.8329316899928588,False
transfer__t1b_clsbias_seed42_efros,transfer_legacy,t1b_clsbias,42,,efros,False,coco_map,AP,Retractor,,True
transfer__t1b_clsbias_seed42_efros,transfer_legacy,t1b_clsbias,42,,efros,False,coco_map,AP,Scalpel,0.9121195445565515,False
transfer__t1b_clsbias_seed42_efros,transfer_legacy,t1b_clsbias,42,,efros,False,coco_map,AP,Scissors,0.7140826032902784,False
transfer__t1b_clsbias_seed42_efros,transfer_legacy,t1b_clsbias,42,,efros,False,coco_map,AP,Skewer,0.9499100686065944,False
transfer__t1b_clsbias_seed42_efros,transfer_legacy,t1b_clsbias,42,,efros,False,coco_map,AP,Suction Cannula,0.8319004296566136,False
transfer__t1b_clsbias_seed42_efros,transfer_legacy,t1b_clsbias,42,,efros,False,coco_map,AP,Syringe,0.5816961687152632,False
transfer__t1b_clsbias_seed42_efros,transfer_legacy,t1b_clsbias,42,,efros,False,coco_map,AP,Tweezers,0.7835878029129552,False
transfer__t1b_filmonly_seed123,transfer_legacy,t1b_filmonly,123,,,False,coco_map,AP,Bipolar Forceps,0.8168419644780395,False
transfer__t1b_filmonly_seed123,transfer_legacy,t1b_filmonly,123,,,False,coco_map,AP,Electric Cautery,0.9594141710939269,False
transfer__t1b_filmonly_seed123,transfer_legacy,t1b_filmonly,123,,,False,coco_map,AP,Forceps,0.35681670977619484,False
transfer__t1b_filmonly_seed123,transfer_legacy,t1b_filmonly,123,,,False,coco_map,AP,Gauze,0.290771875707556,False
transfer__t1b_filmonly_seed123,transfer_legacy,t1b_filmonly,123,,,False,coco_map,AP,Hook,0.587146407577953,False
transfer__t1b_filmonly_seed123,transfer_legacy,t1b_filmonly,123,,,False,coco_map,AP,Mouth Gag,0.8089735693501253,False
transfer__t1b_filmonly_seed123,transfer_legacy,t1b_filmonly,123,,,False,coco_map,AP,Needle Holders,0.840165792740673,False
transfer__t1b_filmonly_seed123,transfer_legacy,t1b_filmonly,123,,,False,coco_map,AP,Raspatory,0.8394435871796565,False
transfer__t1b_filmonly_seed123,transfer_legacy,t1b_filmonly,123,,,False,coco_map,AP,Retractor,,True
transfer__t1b_filmonly_seed123,transfer_legacy,t1b_filmonly,123,,,False,coco_map,AP,Scalpel,0.9240080480450142,False
transfer__t1b_filmonly_seed123,transfer_legacy,t1b_filmonly,123,,,False,coco_map,AP,Scissors,0.7143987402992057,False
transfer__t1b_filmonly_seed123,transfer_legacy,t1b_filmonly,123,,,False,coco_map,AP,Skewer,0.9516841128740514,False
transfer__t1b_filmonly_seed123,transfer_legacy,t1b_filmonly,123,,,False,coco_map,AP,Suction Cannula,0.8028424991670217,False
transfer__t1b_filmonly_seed123,transfer_legacy,t1b_filmonly,123,,,False,coco_map,AP,Syringe,0.5668595495595515,False
transfer__t1b_filmonly_seed123,transfer_legacy,t1b_filmonly,123,,,False,coco_map,AP,Tweezers,0.7803753098394334,False
transfer__t1b_filmonly_seed42,transfer_legacy,t1b_filmonly,42,,,False,coco_map,AP,Bipolar Forceps,0.7917267926164657,False
transfer__t1b_filmonly_seed42,transfer_legacy,t1b_filmonly,42,,,False,coco_map,AP,Electric Cautery,0.9699478357636823,False
transfer__t1b_filmonly_seed42,transfer_legacy,t1b_filmonly,42,,,False,coco_map,AP,Forceps,0.3846645668783455,False
transfer__t1b_filmonly_seed42,transfer_legacy,t1b_filmonly,42,,,False,coco_map,AP,Gauze,0.2760752888116488,False
transfer__t1b_filmonly_seed42,transfer_legacy,t1b_filmonly,42,,,False,coco_map,AP,Hook,0.6118630742814233,False
transfer__t1b_filmonly_seed42,transfer_legacy,t1b_filmonly,42,,,False,coco_map,AP,Mouth Gag,0.8045992263477995,False
transfer__t1b_filmonly_seed42,transfer_legacy,t1b_filmonly,42,,,False,coco_map,AP,Needle Holders,0.8563760201120143,False
transfer__t1b_filmonly_seed42,transfer_legacy,t1b_filmonly,42,,,False,coco_map,AP,Raspatory,0.8426020725786515,False
transfer__t1b_filmonly_seed42,transfer_legacy,t1b_filmonly,42,,,False,coco_map,AP,Retractor,,True
transfer__t1b_filmonly_seed42,transfer_legacy,t1b_filmonly,42,,,False,coco_map,AP,Scalpel,0.9090466244792023,False
transfer__t1b_filmonly_seed42,transfer_legacy,t1b_filmonly,42,,,False,coco_map,AP,Scissors,0.7122999058346208,False
transfer__t1b_filmonly_seed42,transfer_legacy,t1b_filmonly,42,,,False,coco_map,AP,Skewer,0.9555040075662468,False
transfer__t1b_filmonly_seed42,transfer_legacy,t1b_filmonly,42,,,False,coco_map,AP,Suction Cannula,0.8324111469012727,False
transfer__t1b_filmonly_seed42,transfer_legacy,t1b_filmonly,42,,,False,coco_map,AP,Syringe,0.5854638383329844,False
transfer__t1b_filmonly_seed42,transfer_legacy,t1b_filmonly,42,,,False,coco_map,AP,Tweezers,0.7826476205486658,False
transfer__t1b_filmonly_seed456,transfer_legacy,t1b_filmonly,456,,,False,coco_map,AP,Bipolar Forceps,0.7882854707433382,False
transfer__t1b_filmonly_seed456,transfer_legacy,t1b_filmonly,456,,,False,coco_map,AP,Electric Cautery,0.9580623834475575,False
transfer__t1b_filmonly_seed456,transfer_legacy,t1b_filmonly,456,,,False,coco_map,AP,Forceps,0.3797418894094513,False
transfer__t1b_filmonly_seed456,transfer_legacy,t1b_filmonly,456,,,False,coco_map,AP,Gauze,0.30396588622716303,False
transfer__t1b_filmonly_seed456,transfer_legacy,t1b_filmonly,456,,,False,coco_map,AP,Hook,0.6003244382779882,False
transfer__t1b_filmonly_seed456,transfer_legacy,t1b_filmonly,456,,,False,coco_map,AP,Mouth Gag,0.8049080451109649,False
transfer__t1b_filmonly_seed456,transfer_legacy,t1b_filmonly,456,,,False,coco_map,AP,Needle Holders,0.8426789775401841,False
transfer__t1b_filmonly_seed456,transfer_legacy,t1b_filmonly,456,,,False,coco_map,AP,Raspatory,0.8252452988519214,False
transfer__t1b_filmonly_seed456,transfer_legacy,t1b_filmonly,456,,,False,coco_map,AP,Retractor,,True
transfer__t1b_filmonly_seed456,transfer_legacy,t1b_filmonly,456,,,False,coco_map,AP,Scalpel,0.9060944717549294,False
transfer__t1b_filmonly_seed456,transfer_legacy,t1b_filmonly,456,,,False,coco_map,AP,Scissors,0.7014885854940218,False
transfer__t1b_filmonly_seed456,transfer_legacy,t1b_filmonly,456,,,False,coco_map,AP,Skewer,0.9485554342602841,False
transfer__t1b_filmonly_seed456,transfer_legacy,t1b_filmonly,456,,,False,coco_map,AP,Suction Cannula,0.8025185700641744,False
transfer__t1b_filmonly_seed456,transfer_legacy,t1b_filmonly,456,,,False,coco_map,AP,Syringe,0.5162834328738175,False
transfer__t1b_filmonly_seed456,transfer_legacy,t1b_filmonly,456,,,False,coco_map,AP,Tweezers,0.7813990288685313,False
transfer__t1c_bidir_pilot_seed42,transfer_legacy,t1c_bidir_pilot,42,,,False,coco_map,AP,Bipolar Forceps,0.7534151449965141,False
transfer__t1c_bidir_pilot_seed42,transfer_legacy,t1c_bidir_pilot,42,,,False,coco_map,AP,Electric Cautery,0.9623783605929838,False
transfer__t1c_bidir_pilot_seed42,transfer_legacy,t1c_bidir_pilot,42,,,False,coco_map,AP,Forceps,0.2989427917911985,False
transfer__t1c_bidir_pilot_seed42,transfer_legacy,t1c_bidir_pilot,42,,,False,coco_map,AP,Gauze,0.25750786357696576,False
transfer__t1c_bidir_pilot_seed42,transfer_legacy,t1c_bidir_pilot,42,,,False,coco_map,AP,Hook,0.5789322315884494,False
transfer__t1c_bidir_pilot_seed42,transfer_legacy,t1c_bidir_pilot,42,,,False,coco_map,AP,Mouth Gag,0.7872759892543567,False
transfer__t1c_bidir_pilot_seed42,transfer_legacy,t1c_bidir_pilot,42,,,False,coco_map,AP,Needle Holders,0.8355624029600579,False
transfer__t1c_bidir_pilot_seed42,transfer_legacy,t1c_bidir_pilot,42,,,False,coco_map,AP,Raspatory,0.7617569113957471,False
transfer__t1c_bidir_pilot_seed42,transfer_legacy,t1c_bidir_pilot,42,,,False,coco_map,AP,Retractor,,True
transfer__t1c_bidir_pilot_seed42,transfer_legacy,t1c_bidir_pilot,42,,,False,coco_map,AP,Scalpel,0.886656207641027,False
transfer__t1c_bidir_pilot_seed42,transfer_legacy,t1c_bidir_pilot,42,,,False,coco_map,AP,Scissors,0.6967152771436174,False
transfer__t1c_bidir_pilot_seed42,transfer_legacy,t1c_bidir_pilot,42,,,False,coco_map,AP,Skewer,0.9477923860125312,False
transfer__t1c_bidir_pilot_seed42,transfer_legacy,t1c_bidir_pilot,42,,,False,coco_map,AP,Suction Cannula,0.8153824962808996,False
transfer__t1c_bidir_pilot_seed42,transfer_legacy,t1c_bidir_pilot,42,,,False,coco_map,AP,Syringe,0.551124678974396,False
transfer__t1c_bidir_pilot_seed42,transfer_legacy,t1c_bidir_pilot,42,,,False,coco_map,AP,Tweezers,0.7606474817750071,False
transfer__t1c_bidir_v2_pilot_seed42,transfer_legacy,t1c_bidir_v2_pilot,42,,,False,coco_map,AP,Bipolar Forceps,0.7419669486325302,False
transfer__t1c_bidir_v2_pilot_seed42,transfer_legacy,t1c_bidir_v2_pilot,42,,,False,coco_map,AP,Electric Cautery,0.9638180755109076,False
transfer__t1c_bidir_v2_pilot_seed42,transfer_legacy,t1c_bidir_v2_pilot,42,,,False,coco_map,AP,Forceps,0.3597380108073256,False
transfer__t1c_bidir_v2_pilot_seed42,transfer_legacy,t1c_bidir_v2_pilot,42,,,False,coco_map,AP,Gauze,0.2574763070352897,False
transfer__t1c_bidir_v2_pilot_seed42,transfer_legacy,t1c_bidir_v2_pilot,42,,,False,coco_map,AP,Hook,0.5348461426384765,False
transfer__t1c_bidir_v2_pilot_seed42,transfer_legacy,t1c_bidir_v2_pilot,42,,,False,coco_map,AP,Mouth Gag,0.793456357766833,False
transfer__t1c_bidir_v2_pilot_seed42,transfer_legacy,t1c_bidir_v2_pilot,42,,,False,coco_map,AP,Needle Holders,0.8314460038654747,False
transfer__t1c_bidir_v2_pilot_seed42,transfer_legacy,t1c_bidir_v2_pilot,42,,,False,coco_map,AP,Raspatory,0.7917304254211898,False
transfer__t1c_bidir_v2_pilot_seed42,transfer_legacy,t1c_bidir_v2_pilot,42,,,False,coco_map,AP,Retractor,,True
transfer__t1c_bidir_v2_pilot_seed42,transfer_legacy,t1c_bidir_v2_pilot,42,,,False,coco_map,AP,Scalpel,0.901099407888359,False
transfer__t1c_bidir_v2_pilot_seed42,transfer_legacy,t1c_bidir_v2_pilot,42,,,False,coco_map,AP,Scissors,0.7101224191906448,False
transfer__t1c_bidir_v2_pilot_seed42,transfer_legacy,t1c_bidir_v2_pilot,42,,,False,coco_map,AP,Skewer,0.9510152900868193,False
transfer__t1c_bidir_v2_pilot_seed42,transfer_legacy,t1c_bidir_v2_pilot,42,,,False,coco_map,AP,Suction Cannula,0.8099883521900241,False
transfer__t1c_bidir_v2_pilot_seed42,transfer_legacy,t1c_bidir_v2_pilot,42,,,False,coco_map,AP,Syringe,0.5304640552574245,False
transfer__t1c_bidir_v2_pilot_seed42,transfer_legacy,t1c_bidir_v2_pilot,42,,,False,coco_map,AP,Tweezers,0.7713446261010863,False
transfer__taux_mingru_nonek3_001_taux_mingru_nonek3_seed42,transfer,taux_mingru_nonek3,42,val,efros,False,phase,F1,anesthesia,0.9795918367346939,False
transfer__taux_mingru_nonek3_001_taux_mingru_nonek3_seed42,transfer,taux_mingru_nonek3,42,val,efros,False,phase,F1,closure,0.9744493392070485,False
transfer__taux_mingru_nonek3_001_taux_mingru_nonek3_seed42,transfer,taux_mingru_nonek3,42,val,efros,False,phase,F1,design,0.9603960396039605,False
transfer__taux_mingru_nonek3_001_taux_mingru_nonek3_seed42,transfer,taux_mingru_nonek3,42,val,efros,False,phase,F1,disinfection,0.0,False
transfer__taux_mingru_nonek3_001_taux_mingru_nonek3_seed42,transfer,taux_mingru_nonek3,42,val,efros,False,phase,F1,dissection,0.9547244094488189,False
transfer__taux_mingru_nonek3_001_taux_mingru_nonek3_seed42,transfer,taux_mingru_nonek3,42,val,efros,False,phase,F1,dressing,0.0,False
transfer__taux_mingru_nonek3_001_taux_mingru_nonek3_seed42,transfer,taux_mingru_nonek3,42,val,efros,False,phase,F1,hemostasis,0.7547169811320754,False
transfer__taux_mingru_nonek3_001_taux_mingru_nonek3_seed42,transfer,taux_mingru_nonek3,42,val,efros,False,phase,F1,incision,0.9572649572649573,False
transfer__taux_mingru_nonek3_001_taux_mingru_nonek3_seed42,transfer,taux_mingru_nonek3,42,val,efros,False,phase,F1,irrigation,0.0,False
transfer__taux_mingru_nonek3_002_taux_mingru_nonek3_seed123,transfer,taux_mingru_nonek3,123,val,efros,False,phase,F1,anesthesia,0.9896907216494846,False
transfer__taux_mingru_nonek3_002_taux_mingru_nonek3_seed123,transfer,taux_mingru_nonek3,123,val,efros,False,phase,F1,closure,0.9701754385964912,False
transfer__taux_mingru_nonek3_002_taux_mingru_nonek3_seed123,transfer,taux_mingru_nonek3,123,val,efros,False,phase,F1,design,0.9603960396039605,False
transfer__taux_mingru_nonek3_002_taux_mingru_nonek3_seed123,transfer,taux_mingru_nonek3,123,val,efros,False,phase,F1,disinfection,0.0,False
transfer__taux_mingru_nonek3_002_taux_mingru_nonek3_seed123,transfer,taux_mingru_nonek3,123,val,efros,False,phase,F1,dissection,0.9566929133858267,False
transfer__taux_mingru_nonek3_002_taux_mingru_nonek3_seed123,transfer,taux_mingru_nonek3,123,val,efros,False,phase,F1,dressing,0.0,False
transfer__taux_mingru_nonek3_002_taux_mingru_nonek3_seed123,transfer,taux_mingru_nonek3,123,val,efros,False,phase,F1,hemostasis,0.7706422018348624,False
transfer__taux_mingru_nonek3_002_taux_mingru_nonek3_seed123,transfer,taux_mingru_nonek3,123,val,efros,False,phase,F1,incision,0.9507246376811594,False
transfer__taux_mingru_nonek3_002_taux_mingru_nonek3_seed123,transfer,taux_mingru_nonek3,123,val,efros,False,phase,F1,irrigation,0.0,False
transfer__taux_mingru_nonek3_003_taux_mingru_nonek3_seed456,transfer,taux_mingru_nonek3,456,val,efros,False,phase,F1,anesthesia,0.9896907216494846,False
transfer__taux_mingru_nonek3_003_taux_mingru_nonek3_seed456,transfer,taux_mingru_nonek3,456,val,efros,False,phase,F1,closure,0.9707705934455271,False
transfer__taux_mingru_nonek3_003_taux_mingru_nonek3_seed456,transfer,taux_mingru_nonek3,456,val,efros,False,phase,F1,design,0.9705882352941178,False
transfer__taux_mingru_nonek3_003_taux_mingru_nonek3_seed456,transfer,taux_mingru_nonek3,456,val,efros,False,phase,F1,disinfection,0.0,False
transfer__taux_mingru_nonek3_003_taux_mingru_nonek3_seed456,transfer,taux_mingru_nonek3,456,val,efros,False,phase,F1,dissection,0.9521016617790812,False
transfer__taux_mingru_nonek3_003_taux_mingru_nonek3_seed456,transfer,taux_mingru_nonek3,456,val,efros,False,phase,F1,dressing,0.0,False
transfer__taux_mingru_nonek3_003_taux_mingru_nonek3_seed456,transfer,taux_mingru_nonek3,456,val,efros,False,phase,F1,hemostasis,0.7889908256880734,False
transfer__taux_mingru_nonek3_003_taux_mingru_nonek3_seed456,transfer,taux_mingru_nonek3,456,val,efros,False,phase,F1,incision,0.9623188405797102,False
transfer__taux_mingru_nonek3_003_taux_mingru_nonek3_seed456,transfer,taux_mingru_nonek3,456,val,efros,False,phase,F1,irrigation,0.0,False
transfer__taux_tecno_deltak3_001_taux_tecno_deltak3_seed42,transfer,taux_tecno_deltak3,42,val,efros,False,phase,F1,anesthesia,0.9743589743589743,False
transfer__taux_tecno_deltak3_001_taux_tecno_deltak3_seed42,transfer,taux_tecno_deltak3,42,val,efros,False,phase,F1,closure,0.9461077844311376,False
transfer__taux_tecno_deltak3_001_taux_tecno_deltak3_seed42,transfer,taux_tecno_deltak3,42,val,efros,False,phase,F1,design,0.9803921568627452,False
transfer__taux_tecno_deltak3_001_taux_tecno_deltak3_seed42,transfer,taux_tecno_deltak3,42,val,efros,False,phase,F1,disinfection,0.0,False
transfer__taux_tecno_deltak3_001_taux_tecno_deltak3_seed42,transfer,taux_tecno_deltak3,42,val,efros,False,phase,F1,dissection,0.9363369245837413,False
transfer__taux_tecno_deltak3_001_taux_tecno_deltak3_seed42,transfer,taux_tecno_deltak3,42,val,efros,False,phase,F1,dressing,0.0,False
transfer__taux_tecno_deltak3_001_taux_tecno_deltak3_seed42,transfer,taux_tecno_deltak3,42,val,efros,False,phase,F1,hemostasis,0.6590909090909092,False
transfer__taux_tecno_deltak3_001_taux_tecno_deltak3_seed42,transfer,taux_tecno_deltak3,42,val,efros,False,phase,F1,incision,0.9057750759878419,False
transfer__taux_tecno_deltak3_001_taux_tecno_deltak3_seed42,transfer,taux_tecno_deltak3,42,val,efros,False,phase,F1,irrigation,0.0,False
transfer__taux_tecno_deltak3_002_taux_tecno_deltak3_seed123,transfer,taux_tecno_deltak3,123,val,efros,False,phase,F1,anesthesia,0.9849246231155778,False
transfer__taux_tecno_deltak3_002_taux_tecno_deltak3_seed123,transfer,taux_tecno_deltak3,123,val,efros,False,phase,F1,closure,0.9481865284974094,False
transfer__taux_tecno_deltak3_002_taux_tecno_deltak3_seed123,transfer,taux_tecno_deltak3,123,val,efros,False,phase,F1,design,0.966183574879227,False
transfer__taux_tecno_deltak3_002_taux_tecno_deltak3_seed123,transfer,taux_tecno_deltak3,123,val,efros,False,phase,F1,disinfection,0.0,False
transfer__taux_tecno_deltak3_002_taux_tecno_deltak3_seed123,transfer,taux_tecno_deltak3,123,val,efros,False,phase,F1,dissection,0.9461077844311377,False
transfer__taux_tecno_deltak3_002_taux_tecno_deltak3_seed123,transfer,taux_tecno_deltak3,123,val,efros,False,phase,F1,dressing,0.0,False
transfer__taux_tecno_deltak3_002_taux_tecno_deltak3_seed123,transfer,taux_tecno_deltak3,123,val,efros,False,phase,F1,hemostasis,0.7652173913043477,False
transfer__taux_tecno_deltak3_002_taux_tecno_deltak3_seed123,transfer,taux_tecno_deltak3,123,val,efros,False,phase,F1,incision,0.9292307692307693,False
transfer__taux_tecno_deltak3_002_taux_tecno_deltak3_seed123,transfer,taux_tecno_deltak3,123,val,efros,False,phase,F1,irrigation,0.0,False
transfer__taux_tecno_deltak3_003_taux_tecno_deltak3_seed456,transfer,taux_tecno_deltak3,456,val,efros,False,phase,F1,anesthesia,0.9793814432989691,False
transfer__taux_tecno_deltak3_003_taux_tecno_deltak3_seed456,transfer,taux_tecno_deltak3,456,val,efros,False,phase,F1,closure,0.953386103781882,False
transfer__taux_tecno_deltak3_003_taux_tecno_deltak3_seed456,transfer,taux_tecno_deltak3,456,val,efros,False,phase,F1,design,0.970873786407767,False
transfer__taux_tecno_deltak3_003_taux_tecno_deltak3_seed456,transfer,taux_tecno_deltak3,456,val,efros,False,phase,F1,disinfection,0.0,False
transfer__taux_tecno_deltak3_003_taux_tecno_deltak3_seed456,transfer,taux_tecno_deltak3,456,val,efros,False,phase,F1,dissection,0.9358851674641149,False
transfer__taux_tecno_deltak3_003_taux_tecno_deltak3_seed456,transfer,taux_tecno_deltak3,456,val,efros,False,phase,F1,dressing,0.0,False
transfer__taux_tecno_deltak3_003_taux_tecno_deltak3_seed456,transfer,taux_tecno_deltak3,456,val,efros,False,phase,F1,hemostasis,0.7592592592592592,False
transfer__taux_tecno_deltak3_003_taux_tecno_deltak3_seed456,transfer,taux_tecno_deltak3,456,val,efros,False,phase,F1,incision,0.8860759493670886,False
transfer__taux_tecno_deltak3_003_taux_tecno_deltak3_seed456,transfer,taux_tecno_deltak3,456,val,efros,False,phase,F1,irrigation,0.0,False
transfer__taux_tecno_movavgk3_001_taux_tecno_movavgk3_seed42,transfer,taux_tecno_movavgk3,42,val,efros,False,phase,F1,anesthesia,0.9847715736040609,False
transfer__taux_tecno_movavgk3_001_taux_tecno_movavgk3_seed42,transfer,taux_tecno_movavgk3,42,val,efros,False,phase,F1,closure,0.9664310954063604,False
transfer__taux_tecno_movavgk3_001_taux_tecno_movavgk3_seed42,transfer,taux_tecno_movavgk3,42,val,efros,False,phase,F1,design,0.9751243781094527,False
transfer__taux_tecno_movavgk3_001_taux_tecno_movavgk3_seed42,transfer,taux_tecno_movavgk3,42,val,efros,False,phase,F1,disinfection,0.0,False
transfer__taux_tecno_movavgk3_001_taux_tecno_movavgk3_seed42,transfer,taux_tecno_movavgk3,42,val,efros,False,phase,F1,dissection,0.9504373177842564,False
transfer__taux_tecno_movavgk3_001_taux_tecno_movavgk3_seed42,transfer,taux_tecno_movavgk3,42,val,efros,False,phase,F1,dressing,0.0,False
transfer__taux_tecno_movavgk3_001_taux_tecno_movavgk3_seed42,transfer,taux_tecno_movavgk3,42,val,efros,False,phase,F1,hemostasis,0.7843137254901961,False
transfer__taux_tecno_movavgk3_001_taux_tecno_movavgk3_seed42,transfer,taux_tecno_movavgk3,42,val,efros,False,phase,F1,incision,0.9507246376811594,False
transfer__taux_tecno_movavgk3_001_taux_tecno_movavgk3_seed42,transfer,taux_tecno_movavgk3,42,val,efros,False,phase,F1,irrigation,0.0,False
transfer__taux_tecno_movavgk3_002_taux_tecno_movavgk3_seed123,transfer,taux_tecno_movavgk3,123,val,efros,False,phase,F1,anesthesia,0.9896907216494846,False
transfer__taux_tecno_movavgk3_002_taux_tecno_movavgk3_seed123,transfer,taux_tecno_movavgk3,123,val,efros,False,phase,F1,closure,0.9593073593073594,False
transfer__taux_tecno_movavgk3_002_taux_tecno_movavgk3_seed123,transfer,taux_tecno_movavgk3,123,val,efros,False,phase,F1,design,0.9655172413793104,False
transfer__taux_tecno_movavgk3_002_taux_tecno_movavgk3_seed123,transfer,taux_tecno_movavgk3,123,val,efros,False,phase,F1,disinfection,0.0,False
transfer__taux_tecno_movavgk3_002_taux_tecno_movavgk3_seed123,transfer,taux_tecno_movavgk3,123,val,efros,False,phase,F1,dissection,0.947680157946693,False
transfer__taux_tecno_movavgk3_002_taux_tecno_movavgk3_seed123,transfer,taux_tecno_movavgk3,123,val,efros,False,phase,F1,dressing,0.0,False
transfer__taux_tecno_movavgk3_002_taux_tecno_movavgk3_seed123,transfer,taux_tecno_movavgk3,123,val,efros,False,phase,F1,hemostasis,0.7058823529411765,False
transfer__taux_tecno_movavgk3_002_taux_tecno_movavgk3_seed123,transfer,taux_tecno_movavgk3,123,val,efros,False,phase,F1,incision,0.9380530973451328,False
transfer__taux_tecno_movavgk3_002_taux_tecno_movavgk3_seed123,transfer,taux_tecno_movavgk3,123,val,efros,False,phase,F1,irrigation,0.0,False
transfer__taux_tecno_movavgk3_003_taux_tecno_movavgk3_seed456,transfer,taux_tecno_movavgk3,456,val,efros,False,phase,F1,anesthesia,0.9896907216494846,False
transfer__taux_tecno_movavgk3_003_taux_tecno_movavgk3_seed456,transfer,taux_tecno_movavgk3,456,val,efros,False,phase,F1,closure,0.960971379011275,False
transfer__taux_tecno_movavgk3_003_taux_tecno_movavgk3_seed456,transfer,taux_tecno_movavgk3,456,val,efros,False,phase,F1,design,0.9801980198019802,False
transfer__taux_tecno_movavgk3_003_taux_tecno_movavgk3_seed456,transfer,taux_tecno_movavgk3,456,val,efros,False,phase,F1,disinfection,0.0,False
transfer__taux_tecno_movavgk3_003_taux_tecno_movavgk3_seed456,transfer,taux_tecno_movavgk3,456,val,efros,False,phase,F1,dissection,0.9513618677042801,False
transfer__taux_tecno_movavgk3_003_taux_tecno_movavgk3_seed456,transfer,taux_tecno_movavgk3,456,val,efros,False,phase,F1,dressing,0.0,False
transfer__taux_tecno_movavgk3_003_taux_tecno_movavgk3_seed456,transfer,taux_tecno_movavgk3,456,val,efros,False,phase,F1,hemostasis,0.7021276595744681,False
transfer__taux_tecno_movavgk3_003_taux_tecno_movavgk3_seed456,transfer,taux_tecno_movavgk3,456,val,efros,False,phase,F1,incision,0.9373134328358209,False
transfer__taux_tecno_movavgk3_003_taux_tecno_movavgk3_seed456,transfer,taux_tecno_movavgk3,456,val,efros,False,phase,F1,irrigation,0.0,False
transfer__taux_tecno_nonek3_001_taux_tecno_nonek3_seed42,transfer,taux_tecno_nonek3,42,val,efros,False,phase,F1,anesthesia,1.0,False
transfer__taux_tecno_nonek3_001_taux_tecno_nonek3_seed42,transfer,taux_tecno_nonek3,42,val,efros,False,phase,F1,closure,0.9594477998274374,False
transfer__taux_tecno_nonek3_001_taux_tecno_nonek3_seed42,transfer,taux_tecno_nonek3,42,val,efros,False,phase,F1,design,0.9852216748768473,False
transfer__taux_tecno_nonek3_001_taux_tecno_nonek3_seed42,transfer,taux_tecno_nonek3,42,val,efros,False,phase,F1,disinfection,0.0,False
transfer__taux_tecno_nonek3_001_taux_tecno_nonek3_seed42,transfer,taux_tecno_nonek3,42,val,efros,False,phase,F1,dissection,0.9560117302052785,False
transfer__taux_tecno_nonek3_001_taux_tecno_nonek3_seed42,transfer,taux_tecno_nonek3,42,val,efros,False,phase,F1,dressing,0.0,False
transfer__taux_tecno_nonek3_001_taux_tecno_nonek3_seed42,transfer,taux_tecno_nonek3,42,val,efros,False,phase,F1,hemostasis,0.7741935483870968,False
transfer__taux_tecno_nonek3_001_taux_tecno_nonek3_seed42,transfer,taux_tecno_nonek3,42,val,efros,False,phase,F1,incision,0.9457831325301205,False
transfer__taux_tecno_nonek3_001_taux_tecno_nonek3_seed42,transfer,taux_tecno_nonek3,42,val,efros,False,phase,F1,irrigation,0.0,False
transfer__taux_tecno_nonek3_002_taux_tecno_nonek3_seed123,transfer,taux_tecno_nonek3,123,val,efros,False,phase,F1,anesthesia,1.0,False
transfer__taux_tecno_nonek3_002_taux_tecno_nonek3_seed123,transfer,taux_tecno_nonek3,123,val,efros,False,phase,F1,closure,0.9592367736339982,False
transfer__taux_tecno_nonek3_002_taux_tecno_nonek3_seed123,transfer,taux_tecno_nonek3,123,val,efros,False,phase,F1,design,0.9801980198019802,False
transfer__taux_tecno_nonek3_002_taux_tecno_nonek3_seed123,transfer,taux_tecno_nonek3,123,val,efros,False,phase,F1,disinfection,0.0,False
transfer__taux_tecno_nonek3_002_taux_tecno_nonek3_seed123,transfer,taux_tecno_nonek3,123,val,efros,False,phase,F1,dissection,0.95968534906588,False
transfer__taux_tecno_nonek3_002_taux_tecno_nonek3_seed123,transfer,taux_tecno_nonek3,123,val,efros,False,phase,F1,dressing,0.0,False
transfer__taux_tecno_nonek3_002_taux_tecno_nonek3_seed123,transfer,taux_tecno_nonek3,123,val,efros,False,phase,F1,hemostasis,0.8627450980392156,False
transfer__taux_tecno_nonek3_002_taux_tecno_nonek3_seed123,transfer,taux_tecno_nonek3,123,val,efros,False,phase,F1,incision,0.9523809523809523,False
transfer__taux_tecno_nonek3_002_taux_tecno_nonek3_seed123,transfer,taux_tecno_nonek3,123,val,efros,False,phase,F1,irrigation,0.0,False
transfer__taux_tecno_nonek3_003_taux_tecno_nonek3_seed456,transfer,taux_tecno_nonek3,456,val,efros,False,phase,F1,anesthesia,0.9896907216494846,False
transfer__taux_tecno_nonek3_003_taux_tecno_nonek3_seed456,transfer,taux_tecno_nonek3,456,val,efros,False,phase,F1,closure,0.9609035621198958,False
transfer__taux_tecno_nonek3_003_taux_tecno_nonek3_seed456,transfer,taux_tecno_nonek3,456,val,efros,False,phase,F1,design,0.9801980198019802,False
transfer__taux_tecno_nonek3_003_taux_tecno_nonek3_seed456,transfer,taux_tecno_nonek3,456,val,efros,False,phase,F1,disinfection,0.0,False
transfer__taux_tecno_nonek3_003_taux_tecno_nonek3_seed456,transfer,taux_tecno_nonek3,456,val,efros,False,phase,F1,dissection,0.9561830574488802,False
transfer__taux_tecno_nonek3_003_taux_tecno_nonek3_seed456,transfer,taux_tecno_nonek3,456,val,efros,False,phase,F1,dressing,0.0,False
transfer__taux_tecno_nonek3_003_taux_tecno_nonek3_seed456,transfer,taux_tecno_nonek3,456,val,efros,False,phase,F1,hemostasis,0.8041237113402062,False
transfer__taux_tecno_nonek3_003_taux_tecno_nonek3_seed456,transfer,taux_tecno_nonek3,456,val,efros,False,phase,F1,incision,0.9373134328358209,False
transfer__taux_tecno_nonek3_003_taux_tecno_nonek3_seed456,transfer,taux_tecno_nonek3,456,val,efros,False,phase,F1,irrigation,0.0,False
transfer__taux_tecno_windowk3_001_taux_tecno_windowk3_seed42,transfer,taux_tecno_windowk3,42,val,efros,False,phase,F1,anesthesia,0.9948717948717948,False
transfer__taux_tecno_windowk3_001_taux_tecno_windowk3_seed42,transfer,taux_tecno_windowk3,42,val,efros,False,phase,F1,closure,0.9627059843885515,False
transfer__taux_tecno_windowk3_001_taux_tecno_windowk3_seed42,transfer,taux_tecno_windowk3,42,val,efros,False,phase,F1,design,0.97,False
transfer__taux_tecno_windowk3_001_taux_tecno_windowk3_seed42,transfer,taux_tecno_windowk3,42,val,efros,False,phase,F1,disinfection,0.0,False
transfer__taux_tecno_windowk3_001_taux_tecno_windowk3_seed42,transfer,taux_tecno_windowk3,42,val,efros,False,phase,F1,dissection,0.9617271835132484,False
transfer__taux_tecno_windowk3_001_taux_tecno_windowk3_seed42,transfer,taux_tecno_windowk3,42,val,efros,False,phase,F1,dressing,0.0,False
transfer__taux_tecno_windowk3_001_taux_tecno_windowk3_seed42,transfer,taux_tecno_windowk3,42,val,efros,False,phase,F1,hemostasis,0.8514851485148516,False
transfer__taux_tecno_windowk3_001_taux_tecno_windowk3_seed42,transfer,taux_tecno_windowk3,42,val,efros,False,phase,F1,incision,0.9467455621301775,False
transfer__taux_tecno_windowk3_001_taux_tecno_windowk3_seed42,transfer,taux_tecno_windowk3,42,val,efros,False,phase,F1,irrigation,0.0,False
transfer__taux_tecno_windowk3_002_taux_tecno_windowk3_seed123,transfer,taux_tecno_windowk3,123,val,efros,False,phase,F1,anesthesia,0.9897959183673469,False
transfer__taux_tecno_windowk3_002_taux_tecno_windowk3_seed123,transfer,taux_tecno_windowk3,123,val,efros,False,phase,F1,closure,0.9625761531766753,False
transfer__taux_tecno_windowk3_002_taux_tecno_windowk3_seed123,transfer,taux_tecno_windowk3,123,val,efros,False,phase,F1,design,0.97,False
transfer__taux_tecno_windowk3_002_taux_tecno_windowk3_seed123,transfer,taux_tecno_windowk3,123,val,efros,False,phase,F1,disinfection,0.0,False
transfer__taux_tecno_windowk3_002_taux_tecno_windowk3_seed123,transfer,taux_tecno_windowk3,123,val,efros,False,phase,F1,dissection,0.9598432908912831,False
transfer__taux_tecno_windowk3_002_taux_tecno_windowk3_seed123,transfer,taux_tecno_windowk3,123,val,efros,False,phase,F1,dressing,0.0,False
transfer__taux_tecno_windowk3_002_taux_tecno_windowk3_seed123,transfer,taux_tecno_windowk3,123,val,efros,False,phase,F1,hemostasis,0.8737864077669902,False
transfer__taux_tecno_windowk3_002_taux_tecno_windowk3_seed123,transfer,taux_tecno_windowk3,123,val,efros,False,phase,F1,incision,0.9436201780415431,False
transfer__taux_tecno_windowk3_002_taux_tecno_windowk3_seed123,transfer,taux_tecno_windowk3,123,val,efros,False,phase,F1,irrigation,0.0,False
transfer__taux_tecno_windowk3_003_taux_tecno_windowk3_seed456,transfer,taux_tecno_windowk3,456,val,efros,False,phase,F1,anesthesia,0.9948717948717948,False
transfer__taux_tecno_windowk3_003_taux_tecno_windowk3_seed456,transfer,taux_tecno_windowk3,456,val,efros,False,phase,F1,closure,0.9550173010380621,False
transfer__taux_tecno_windowk3_003_taux_tecno_windowk3_seed456,transfer,taux_tecno_windowk3,456,val,efros,False,phase,F1,design,0.9751243781094527,False
transfer__taux_tecno_windowk3_003_taux_tecno_windowk3_seed456,transfer,taux_tecno_windowk3,456,val,efros,False,phase,F1,disinfection,0.0,False
transfer__taux_tecno_windowk3_003_taux_tecno_windowk3_seed456,transfer,taux_tecno_windowk3,456,val,efros,False,phase,F1,dissection,0.9604743083003953,False
transfer__taux_tecno_windowk3_003_taux_tecno_windowk3_seed456,transfer,taux_tecno_windowk3,456,val,efros,False,phase,F1,dressing,0.0,False
transfer__taux_tecno_windowk3_003_taux_tecno_windowk3_seed456,transfer,taux_tecno_windowk3,456,val,efros,False,phase,F1,hemostasis,0.8543689320388349,False
transfer__taux_tecno_windowk3_003_taux_tecno_windowk3_seed456,transfer,taux_tecno_windowk3,456,val,efros,False,phase,F1,incision,0.943952802359882,False
transfer__taux_tecno_windowk3_003_taux_tecno_windowk3_seed456,transfer,taux_tecno_windowk3,456,val,efros,False,phase,F1,irrigation,0.0,False
