experiment_id,metric,sigma_source,arm,control_of,delta_method,delta_dedup_rule,n_seeds,delta,pstd,sstd,ratio_pstd,ratio_sstd,same_sign,verdict_pstd,verdict_sstd,agree,reason
hand2det_dev/hand2det_1ep_4ch_all/hand2det_1ep_4ch_all@val,detection_max,paired_delta,unknown,,,,,0.0,,,,,,undecidable,undecidable,True,Δ または σ が無い
hand2det_dev/hand2det_1ep_4ch_all/hand2det_1ep_4ch_all@val,detection_mean,paired_delta,unknown,,,,,0.0,,,,,,undecidable,undecidable,True,Δ または σ が無い
hand2det_dev/hand2det_1ep_4ch_all/hand2det_1ep_4ch_all@val,detection_min,paired_delta,unknown,,,,,0.0,,,,,,undecidable,undecidable,True,Δ または σ が無い
hand2det_dev/hand2det_1ep_4ch_all/hand2det_1ep_4ch_all@val,detection_n,paired_delta,unknown,,,,,1,,,,,,undecidable,undecidable,True,Δ または σ が無い
hand2det_dev/hand2det_1ep_4ch_all/hand2det_1ep_4ch_all@val,detection_pstd,paired_delta,unknown,,,,,0.0,,,,,,undecidable,undecidable,True,Δ または σ が無い
hand2det_dev/hand2det_1ep_4ch_film/hand2det_1ep_4ch_film@val,detection_max,paired_delta,unknown,,,,,2.863429691302155e-05,,,,,,undecidable,undecidable,True,Δ または σ が無い
hand2det_dev/hand2det_1ep_4ch_film/hand2det_1ep_4ch_film@val,detection_mean,paired_delta,unknown,,,,,2.863429691302155e-05,,,,,,undecidable,undecidable,True,Δ または σ が無い
hand2det_dev/hand2det_1ep_4ch_film/hand2det_1ep_4ch_film@val,detection_min,paired_delta,unknown,,,,,2.863429691302155e-05,,,,,,undecidable,undecidable,True,Δ または σ が無い
hand2det_dev/hand2det_1ep_4ch_film/hand2det_1ep_4ch_film@val,detection_n,paired_delta,unknown,,,,,1,,,,,,undecidable,undecidable,True,Δ または σ が無い
hand2det_dev/hand2det_1ep_4ch_film/hand2det_1ep_4ch_film@val,detection_pstd,paired_delta,unknown,,,,,0.0,,,,,,undecidable,undecidable,True,Δ または σ が無い
hand2det_dev/hand2det_4ch_film_inj/hand2det_4ch_film_inj@val,detection_max,paired_delta,unknown,,,,,0.0,,,,,,undecidable,undecidable,True,Δ または σ が無い
hand2det_dev/hand2det_4ch_film_inj/hand2det_4ch_film_inj@val,detection_mean,paired_delta,unknown,,,,,0.0,,,,,,undecidable,undecidable,True,Δ または σ が無い
hand2det_dev/hand2det_4ch_film_inj/hand2det_4ch_film_inj@val,detection_min,paired_delta,unknown,,,,,0.0,,,,,,undecidable,undecidable,True,Δ または σ が無い
hand2det_dev/hand2det_4ch_film_inj/hand2det_4ch_film_inj@val,detection_n,paired_delta,unknown,,,,,1,,,,,,undecidable,undecidable,True,Δ または σ が無い
hand2det_dev/hand2det_4ch_film_inj/hand2det_4ch_film_inj@val,detection_pstd,paired_delta,unknown,,,,,0.0,,,,,,undecidable,undecidable,True,Δ または σ が無い
hand2det_dev/identity_ctrl_4ch/identity_ctrl_4ch@val,detection_max,paired_delta,unknown,,,,,0.0,,,,,,undecidable,undecidable,True,Δ または σ が無い
hand2det_dev/identity_ctrl_4ch/identity_ctrl_4ch@val,detection_mean,paired_delta,unknown,,,,,0.0,,,,,,undecidable,undecidable,True,Δ または σ が無い
hand2det_dev/identity_ctrl_4ch/identity_ctrl_4ch@val,detection_min,paired_delta,unknown,,,,,0.0,,,,,,undecidable,undecidable,True,Δ または σ が無い
hand2det_dev/identity_ctrl_4ch/identity_ctrl_4ch@val,detection_n,paired_delta,unknown,,,,,3,,,,,,undecidable,undecidable,True,Δ または σ が無い
hand2det_dev/identity_ctrl_4ch/identity_ctrl_4ch@val,detection_pstd,paired_delta,unknown,,,,,0.0,,,,,,undecidable,undecidable,True,Δ または σ が無い
hand2det_dev/identity_ctrl_4ch/identity_ctrl_4ch@val,detection_sstd,paired_delta,unknown,,,,,0.0,,,,,,undecidable,undecidable,True,Δ または σ が無い
hand2det_dev/identity_ctrl_4ch_real/identity_ctrl_4ch_real@val,detection_max,paired_delta,unknown,,,,,0.0,,,,,,undecidable,undecidable,True,Δ または σ が無い
hand2det_dev/identity_ctrl_4ch_real/identity_ctrl_4ch_real@val,detection_mean,paired_delta,unknown,,,,,0.0,,,,,,undecidable,undecidable,True,Δ または σ が無い
hand2det_dev/identity_ctrl_4ch_real/identity_ctrl_4ch_real@val,detection_min,paired_delta,unknown,,,,,0.0,,,,,,undecidable,undecidable,True,Δ または σ が無い
hand2det_dev/identity_ctrl_4ch_real/identity_ctrl_4ch_real@val,detection_n,paired_delta,unknown,,,,,3,,,,,,undecidable,undecidable,True,Δ または σ が無い
hand2det_dev/identity_ctrl_4ch_real/identity_ctrl_4ch_real@val,detection_pstd,paired_delta,unknown,,,,,0.0,,,,,,undecidable,undecidable,True,Δ または σ が無い
hand2det_dev/identity_ctrl_4ch_real/identity_ctrl_4ch_real@val,detection_sstd,paired_delta,unknown,,,,,0.0,,,,,,undecidable,undecidable,True,Δ または σ が無い
hand2det_dev/identity_ctrl_5ch/identity_ctrl_5ch@val,detection_max,paired_delta,unknown,,,,,0.0,,,,,,undecidable,undecidable,True,Δ または σ が無い
hand2det_dev/identity_ctrl_5ch/identity_ctrl_5ch@val,detection_mean,paired_delta,unknown,,,,,0.0,,,,,,undecidable,undecidable,True,Δ または σ が無い
hand2det_dev/identity_ctrl_5ch/identity_ctrl_5ch@val,detection_min,paired_delta,unknown,,,,,0.0,,,,,,undecidable,undecidable,True,Δ または σ が無い
hand2det_dev/identity_ctrl_5ch/identity_ctrl_5ch@val,detection_n,paired_delta,unknown,,,,,3,,,,,,undecidable,undecidable,True,Δ または σ が無い
hand2det_dev/identity_ctrl_5ch/identity_ctrl_5ch@val,detection_pstd,paired_delta,unknown,,,,,0.0,,,,,,undecidable,undecidable,True,Δ または σ が無い
hand2det_dev/identity_ctrl_5ch/identity_ctrl_5ch@val,detection_sstd,paired_delta,unknown,,,,,0.0,,,,,,undecidable,undecidable,True,Δ または σ が無い
hand2det_dev/identity_inj_4ch/identity_inj_4ch@val,detection_max,paired_delta,unknown,,,,,0.0,,,,,,undecidable,undecidable,True,Δ または σ が無い
hand2det_dev/identity_inj_4ch/identity_inj_4ch@val,detection_mean,paired_delta,unknown,,,,,0.0,,,,,,undecidable,undecidable,True,Δ または σ が無い
hand2det_dev/identity_inj_4ch/identity_inj_4ch@val,detection_min,paired_delta,unknown,,,,,0.0,,,,,,undecidable,undecidable,True,Δ または σ が無い
hand2det_dev/identity_inj_4ch/identity_inj_4ch@val,detection_n,paired_delta,unknown,,,,,3,,,,,,undecidable,undecidable,True,Δ または σ が無い
hand2det_dev/identity_inj_4ch/identity_inj_4ch@val,detection_pstd,paired_delta,unknown,,,,,0.0,,,,,,undecidable,undecidable,True,Δ または σ が無い
hand2det_dev/identity_inj_4ch/identity_inj_4ch@val,detection_sstd,paired_delta,unknown,,,,,0.0,,,,,,undecidable,undecidable,True,Δ または σ が無い
hand2det_dev/identity_inj_4ch_real/identity_inj_4ch_real@val,detection_max,paired_delta,unknown,,,,,0.0,,,,,,undecidable,undecidable,True,Δ または σ が無い
hand2det_dev/identity_inj_4ch_real/identity_inj_4ch_real@val,detection_mean,paired_delta,unknown,,,,,0.0,,,,,,undecidable,undecidable,True,Δ または σ が無い
hand2det_dev/identity_inj_4ch_real/identity_inj_4ch_real@val,detection_min,paired_delta,unknown,,,,,0.0,,,,,,undecidable,undecidable,True,Δ または σ が無い
hand2det_dev/identity_inj_4ch_real/identity_inj_4ch_real@val,detection_n,paired_delta,unknown,,,,,3,,,,,,undecidable,undecidable,True,Δ または σ が無い
hand2det_dev/identity_inj_4ch_real/identity_inj_4ch_real@val,detection_pstd,paired_delta,unknown,,,,,0.0,,,,,,undecidable,undecidable,True,Δ または σ が無い
hand2det_dev/identity_inj_4ch_real/identity_inj_4ch_real@val,detection_sstd,paired_delta,unknown,,,,,0.0,,,,,,undecidable,undecidable,True,Δ または σ が無い
hand2det_dev/identity_inj_5ch/identity_inj_5ch@val,detection_max,paired_delta,unknown,,,,,0.0,,,,,,undecidable,undecidable,True,Δ または σ が無い
hand2det_dev/identity_inj_5ch/identity_inj_5ch@val,detection_mean,paired_delta,unknown,,,,,0.0,,,,,,undecidable,undecidable,True,Δ または σ が無い
hand2det_dev/identity_inj_5ch/identity_inj_5ch@val,detection_min,paired_delta,unknown,,,,,0.0,,,,,,undecidable,undecidable,True,Δ または σ が無い
hand2det_dev/identity_inj_5ch/identity_inj_5ch@val,detection_n,paired_delta,unknown,,,,,3,,,,,,undecidable,undecidable,True,Δ または σ が無い
hand2det_dev/identity_inj_5ch/identity_inj_5ch@val,detection_pstd,paired_delta,unknown,,,,,0.0,,,,,,undecidable,undecidable,True,Δ または σ が無い
hand2det_dev/identity_inj_5ch/identity_inj_5ch@val,detection_sstd,paired_delta,unknown,,,,,0.0,,,,,,undecidable,undecidable,True,Δ または σ が無い
transfer/b2a_base_oracle_noise_p010/b2a_base_oracle_noise_p010@val~relation_detr_seed42,accuracy,paired_delta,injection,phase1/s4_phase_baseline/frozen_tecno_phase_baseline@val~relation_detr_seed42,paired,mean,3,0.03701398711299705,0.0065008384892816925,0.0079618685994928,5.693725074699847,4.648907056234886,True,significant,significant,True,|Δ| > σ かつ全 seed 同符号
transfer/b2a_base_oracle_noise_p010/b2a_base_oracle_noise_p010@val~relation_detr_seed42,edit_score,paired_delta,injection,phase1/s4_phase_baseline/frozen_tecno_phase_baseline@val~relation_detr_seed42,paired,mean,3,2.825600080606852,3.4252660346224917,4.1950770090557015,0.8249286484745321,0.6735514209887855,True,not_significant,not_significant,True,|Δ| <= σ
transfer/b2a_base_oracle_noise_p010/b2a_base_oracle_noise_p010@val~relation_detr_seed42,jaccard,paired_delta,injection,phase1/s4_phase_baseline/frozen_tecno_phase_baseline@val~relation_detr_seed42,paired,mean,3,0.10380233374466645,0.018946039728483962,0.023204064990642027,5.478840709312319,4.473454706601146,True,significant,significant,True,|Δ| > σ かつ全 seed 同符号
transfer/b2a_base_oracle_noise_p010/b2a_base_oracle_noise_p010@val~relation_detr_seed42,macro_f1,paired_delta,injection,phase1/s4_phase_baseline/frozen_tecno_phase_baseline@val~relation_detr_seed42,paired,mean,3,0.09127071758169059,0.015337116287070178,0.01878405451452561,5.950969913336027,4.858946587442632,True,significant,significant,True,|Δ| > σ かつ全 seed 同符号
transfer/b2a_base_oracle_noise_p010/b2a_base_oracle_noise_p010@val~relation_detr_seed42,seg_f1_10,paired_delta,injection,phase1/s4_phase_baseline/frozen_tecno_phase_baseline@val~relation_detr_seed42,paired,mean,3,0.06868630749734657,0.042270164933958944,0.051770167715742804,1.6249358762772526,1.326754587207175,True,significant,significant,True,|Δ| > σ かつ全 seed 同符号
transfer/b2a_base_oracle_noise_p010/b2a_base_oracle_noise_p010@val~relation_detr_seed42,seg_f1_25,paired_delta,injection,phase1/s4_phase_baseline/frozen_tecno_phase_baseline@val~relation_detr_seed42,paired,mean,3,0.08793219826377417,0.04495261926224121,0.05505548989704868,1.9561084472253314,1.5971558590833264,True,significant,significant,True,|Δ| > σ かつ全 seed 同符号
transfer/b2a_base_oracle_noise_p010/b2a_base_oracle_noise_p010@val~relation_detr_seed42,seg_f1_50,paired_delta,injection,phase1/s4_phase_baseline/frozen_tecno_phase_baseline@val~relation_detr_seed42,paired,mean,3,0.11315211541650837,0.038671733764960796,0.04736300759645668,2.925964377605222,2.3890399102309856,True,significant,significant,True,|Δ| > σ かつ全 seed 同符号
transfer/b2a_base_oracle_noise_p020/b2a_base_oracle_noise_p020@val~relation_detr_seed42,accuracy,paired_delta,injection,phase1/s4_phase_baseline/frozen_tecno_phase_baseline@val~relation_detr_seed42,paired,mean,3,0.018972182932579,0.007176944569581901,0.008789926053857148,2.6434902413749923,2.1584007437984907,True,significant,significant,True,|Δ| > σ かつ全 seed 同符号
transfer/b2a_base_oracle_noise_p020/b2a_base_oracle_noise_p020@val~relation_detr_seed42,edit_score,paired_delta,injection,phase1/s4_phase_baseline/frozen_tecno_phase_baseline@val~relation_detr_seed42,paired,mean,3,2.4353207946210014,5.550305361695497,6.797708026393799,0.4387723982590147,0.358256162983944,False,not_significant,not_significant,True,|Δ| <= σ
transfer/b2a_base_oracle_noise_p020/b2a_base_oracle_noise_p020@val~relation_detr_seed42,jaccard,paired_delta,injection,phase1/s4_phase_baseline/frozen_tecno_phase_baseline@val~relation_detr_seed42,paired,mean,3,0.04838026970269552,0.00930740002419932,0.01139919044562807,5.1980434468172,4.244184701840016,True,significant,significant,True,|Δ| > σ かつ全 seed 同符号
transfer/b2a_base_oracle_noise_p020/b2a_base_oracle_noise_p020@val~relation_detr_seed42,macro_f1,paired_delta,injection,phase1/s4_phase_baseline/frozen_tecno_phase_baseline@val~relation_detr_seed42,paired,mean,3,0.046600020561067566,0.0024789355292321627,0.0030360635759374855,18.798399559629402,15.348828967350679,True,significant,significant,True,|Δ| > σ かつ全 seed 同符号
transfer/b2a_base_oracle_noise_p020/b2a_base_oracle_noise_p020@val~relation_detr_seed42,seg_f1_10,paired_delta,injection,phase1/s4_phase_baseline/frozen_tecno_phase_baseline@val~relation_detr_seed42,paired,mean,3,0.04939078974212021,0.06255613014929629,0.07661529957445538,0.789543560706909,0.6446596178106937,False,not_significant,not_significant,True,|Δ| <= σ
transfer/b2a_base_oracle_noise_p020/b2a_base_oracle_noise_p020@val~relation_detr_seed42,seg_f1_25,paired_delta,injection,phase1/s4_phase_baseline/frozen_tecno_phase_baseline@val~relation_detr_seed42,paired,mean,3,0.04724779161965892,0.061561062088206116,0.07539659506994963,0.7674947445182344,0.626656834779137,False,not_significant,not_significant,True,|Δ| <= σ
transfer/b2a_base_oracle_noise_p020/b2a_base_oracle_noise_p020@val~relation_detr_seed42,seg_f1_50,paired_delta,injection,phase1/s4_phase_baseline/frozen_tecno_phase_baseline@val~relation_detr_seed42,paired,mean,3,0.06644467206123071,0.06312983699330439,0.07731794408933657,1.0525082152244096,0.8593693591290736,False,not_significant,not_significant,True,全 seed 同符号ではない
transfer/b2a_base_oracle_noise_p030/b2a_base_oracle_noise_p030@val~relation_detr_seed42,accuracy,paired_delta,injection,phase1/s4_phase_baseline/frozen_tecno_phase_baseline@val~relation_detr_seed42,paired,mean,3,0.012371522866572393,0.0034155500854093105,0.004183177450086157,3.622117245307449,2.957446346512885,True,significant,significant,True,|Δ| > σ かつ全 seed 同符号
transfer/b2a_base_oracle_noise_p030/b2a_base_oracle_noise_p030@val~relation_detr_seed42,edit_score,paired_delta,injection,phase1/s4_phase_baseline/frozen_tecno_phase_baseline@val~relation_detr_seed42,paired,mean,3,1.2075810089102081,2.067765095511603,2.532484695970375,0.5840029950846184,0.4768364487381425,False,not_significant,not_significant,True,|Δ| <= σ
transfer/b2a_base_oracle_noise_p030/b2a_base_oracle_noise_p030@val~relation_detr_seed42,jaccard,paired_delta,injection,phase1/s4_phase_baseline/frozen_tecno_phase_baseline@val~relation_detr_seed42,paired,mean,3,0.04315542310683144,0.0029663049929024342,0.0036329668270405203,14.548545483384444,11.87883764465491,True,significant,significant,True,|Δ| > σ かつ全 seed 同符号
transfer/b2a_base_oracle_noise_p030/b2a_base_oracle_noise_p030@val~relation_detr_seed42,macro_f1,paired_delta,injection,phase1/s4_phase_baseline/frozen_tecno_phase_baseline@val~relation_detr_seed42,paired,mean,3,0.04276542512603657,0.0055376724727419155,0.006782235960437041,7.722635337597306,6.305505348899835,True,significant,significant,True,|Δ| > σ かつ全 seed 同符号
transfer/b2a_base_oracle_noise_p030/b2a_base_oracle_noise_p030@val~relation_detr_seed42,seg_f1_10,paired_delta,injection,phase1/s4_phase_baseline/frozen_tecno_phase_baseline@val~relation_detr_seed42,paired,mean,3,0.008808222622497586,0.03209928129606266,0.0393134301427087,0.27440560245746104,0.22405123619392978,False,not_significant,not_significant,True,|Δ| <= σ
transfer/b2a_base_oracle_noise_p030/b2a_base_oracle_noise_p030@val~relation_detr_seed42,seg_f1_25,paired_delta,injection,phase1/s4_phase_baseline/frozen_tecno_phase_baseline@val~relation_detr_seed42,paired,mean,3,0.02805411338892518,0.03479741473400619,0.04261795523316019,0.8062125765196275,0.6582698122292087,False,not_significant,not_significant,True,|Δ| <= σ
transfer/b2a_base_oracle_noise_p030/b2a_base_oracle_noise_p030@val~relation_detr_seed42,seg_f1_50,paired_delta,injection,phase1/s4_phase_baseline/frozen_tecno_phase_baseline@val~relation_detr_seed42,paired,mean,3,0.021742413812112987,0.034832522025061784,0.042660952707828985,0.624198666880034,0.5096560773271924,False,not_significant,not_significant,True,|Δ| <= σ
transfer/b2a_base_oracle_top3noise_p010/b2a_base_oracle_top3noise_p010@val~relation_detr_seed42,accuracy,paired_delta,injection,phase1/s4_phase_baseline/frozen_tecno_phase_baseline@val~relation_detr_seed42,paired,mean,3,0.04471475719000473,0.005928877934232792,0.007261362843058371,7.541858288534811,6.157901506430105,True,significant,significant,True,|Δ| > σ かつ全 seed 同符号
transfer/b2a_base_oracle_top3noise_p010/b2a_base_oracle_top3noise_p010@val~relation_detr_seed42,edit_score,paired_delta,injection,phase1/s4_phase_baseline/frozen_tecno_phase_baseline@val~relation_detr_seed42,paired,mean,3,6.702492983361822,0.9353162494405398,1.1455237796315174,7.166017897551682,5.85102911221784,True,significant,significant,True,|Δ| > σ かつ全 seed 同符号
transfer/b2a_base_oracle_top3noise_p010/b2a_base_oracle_top3noise_p010@val~relation_detr_seed42,jaccard,paired_delta,injection,phase1/s4_phase_baseline/frozen_tecno_phase_baseline@val~relation_detr_seed42,paired,mean,3,0.12171502850473266,0.011211946449712518,0.013731773912602541,10.855833913464108,8.8637512734627,True,significant,significant,True,|Δ| > σ かつ全 seed 同符号
transfer/b2a_base_oracle_top3noise_p010/b2a_base_oracle_top3noise_p010@val~relation_detr_seed42,macro_f1,paired_delta,injection,phase1/s4_phase_baseline/frozen_tecno_phase_baseline@val~relation_detr_seed42,paired,mean,3,0.1025233476377327,0.010167249149186843,0.012452286251627084,10.083685973794822,8.23329512075234,True,significant,significant,True,|Δ| > σ かつ全 seed 同符号
transfer/b2a_base_oracle_top3noise_p010/b2a_base_oracle_top3noise_p010@val~relation_detr_seed42,seg_f1_10,paired_delta,injection,phase1/s4_phase_baseline/frozen_tecno_phase_baseline@val~relation_detr_seed42,paired,mean,3,0.09623425508936989,0.013561333619606625,0.016609173799843547,7.09622355652669,5.794042271402831,True,significant,significant,True,|Δ| > σ かつ全 seed 同符号
transfer/b2a_base_oracle_top3noise_p010/b2a_base_oracle_top3noise_p010@val~relation_detr_seed42,seg_f1_25,paired_delta,injection,phase1/s4_phase_baseline/frozen_tecno_phase_baseline@val~relation_detr_seed42,paired,mean,3,0.10704636298592435,0.01129655949710173,0.013835403308445293,9.476014623159235,7.7371335406306505,True,significant,significant,True,|Δ| > σ かつ全 seed 同符号
transfer/b2a_base_oracle_top3noise_p010/b2a_base_oracle_top3noise_p010@val~relation_detr_seed42,seg_f1_50,paired_delta,injection,phase1/s4_phase_baseline/frozen_tecno_phase_baseline@val~relation_detr_seed42,paired,mean,3,0.15983667216811495,0.01613353259176859,0.019759461299197634,9.9071093859298,8.089120940488666,True,significant,significant,True,|Δ| > σ かつ全 seed 同符号
transfer/b2a_base_oracle_top3noise_p020/b2a_base_oracle_top3noise_p020@val~relation_detr_seed42,accuracy,paired_delta,injection,phase1/s4_phase_baseline/frozen_tecno_phase_baseline@val~relation_detr_seed42,paired,mean,3,0.03635392110639638,0.0049137170381046,0.006018049741888079,7.39845636703969,6.040814327830871,True,significant,significant,True,|Δ| > σ かつ全 seed 同符号
transfer/b2a_base_oracle_top3noise_p020/b2a_base_oracle_top3noise_p020@val~relation_detr_seed42,edit_score,paired_delta,injection,phase1/s4_phase_baseline/frozen_tecno_phase_baseline@val~relation_detr_seed42,paired,mean,3,0.14607628178382961,2.905734168654661,3.558783020687099,0.05027172938241013,0.04104669515806177,False,not_significant,not_significant,True,|Δ| <= σ
transfer/b2a_base_oracle_top3noise_p020/b2a_base_oracle_top3noise_p020@val~relation_detr_seed42,jaccard,paired_delta,injection,phase1/s4_phase_baseline/frozen_tecno_phase_baseline@val~relation_detr_seed42,paired,mean,3,0.0995919555133405,0.007084421809690231,0.008676609278192832,14.057880542504739,11.478211398045524,True,significant,significant,True,|Δ| > σ かつ全 seed 同符号
transfer/b2a_base_oracle_top3noise_p020/b2a_base_oracle_top3noise_p020@val~relation_detr_seed42,macro_f1,paired_delta,injection,phase1/s4_phase_baseline/frozen_tecno_phase_baseline@val~relation_detr_seed42,paired,mean,3,0.08698775107211942,0.0094381210154635,0.011559290309262098,9.21663866458143,7.5253539572770185,True,significant,significant,True,|Δ| > σ かつ全 seed 同符号
transfer/b2a_base_oracle_top3noise_p020/b2a_base_oracle_top3noise_p020@val~relation_detr_seed42,seg_f1_10,paired_delta,injection,phase1/s4_phase_baseline/frozen_tecno_phase_baseline@val~relation_detr_seed42,paired,mean,3,0.019644815928462234,0.025724095103138715,0.03150545354875863,0.7636737405027428,0.623536998064777,False,not_significant,not_significant,True,|Δ| <= σ
transfer/b2a_base_oracle_top3noise_p020/b2a_base_oracle_top3noise_p020@val~relation_detr_seed42,seg_f1_25,paired_delta,injection,phase1/s4_phase_baseline/frozen_tecno_phase_baseline@val~relation_detr_seed42,paired,mean,3,0.030866416952968323,0.026494282226387993,0.03244873627797002,1.1650218220377278,0.9512363343999944,False,not_significant,not_significant,True,全 seed 同符号ではない
transfer/b2a_base_oracle_top3noise_p020/b2a_base_oracle_top3noise_p020@val~relation_detr_seed42,seg_f1_50,paired_delta,injection,phase1/s4_phase_baseline/frozen_tecno_phase_baseline@val~relation_detr_seed42,paired,mean,3,0.05413817975396812,0.023148567571072996,0.02835108941273331,2.3387269898125567,1.9095625909053453,True,significant,significant,True,|Δ| > σ かつ全 seed 同符号
transfer/b2a_base_oracle_top3noise_p030/b2a_base_oracle_top3noise_p030@val~relation_detr_seed42,accuracy,paired_delta,injection,phase1/s4_phase_baseline/frozen_tecno_phase_baseline@val~relation_detr_seed42,paired,mean,3,0.03041332704699044,0.006244291221993858,0.007647663649612496,4.8705811381550514,3.976812846434672,True,significant,significant,True,|Δ| > σ かつ全 seed 同符号
transfer/b2a_base_oracle_top3noise_p030/b2a_base_oracle_top3noise_p030@val~relation_detr_seed42,edit_score,paired_delta,injection,phase1/s4_phase_baseline/frozen_tecno_phase_baseline@val~relation_detr_seed42,paired,mean,3,-1.4298063478539216,1.8413654256649785,2.255202861440973,0.7764924484435624,0.6340034292703672,False,not_significant,not_significant,True,|Δ| <= σ
transfer/b2a_base_oracle_top3noise_p030/b2a_base_oracle_top3noise_p030@val~relation_detr_seed42,jaccard,paired_delta,injection,phase1/s4_phase_baseline/frozen_tecno_phase_baseline@val~relation_detr_seed42,paired,mean,3,0.08597394439749621,0.01048136090828419,0.012836993017625349,8.202555483949102,6.69735850751441,True,significant,significant,True,|Δ| > σ かつ全 seed 同符号
transfer/b2a_base_oracle_top3noise_p030/b2a_base_oracle_top3noise_p030@val~relation_detr_seed42,macro_f1,paired_delta,injection,phase1/s4_phase_baseline/frozen_tecno_phase_baseline@val~relation_detr_seed42,paired,mean,3,0.07644223191984663,0.010319885385532513,0.012639226699279959,7.40727528108125,6.0480149409933,True,significant,significant,True,|Δ| > σ かつ全 seed 同符号
transfer/b2a_base_oracle_top3noise_p030/b2a_base_oracle_top3noise_p030@val~relation_detr_seed42,seg_f1_10,paired_delta,injection,phase1/s4_phase_baseline/frozen_tecno_phase_baseline@val~relation_detr_seed42,paired,mean,3,0.004995385034494278,0.010430961892767753,0.012775267081848406,0.4788997492127547,0.3910200078393597,False,not_significant,not_significant,True,|Δ| <= σ
transfer/b2a_base_oracle_top3noise_p030/b2a_base_oracle_top3noise_p030@val~relation_detr_seed42,seg_f1_25,paired_delta,injection,phase1/s4_phase_baseline/frozen_tecno_phase_baseline@val~relation_detr_seed42,paired,mean,3,0.0056763449552892364,0.0029122021139472874,0.0035667046035126847,1.9491589983070734,1.5914816578022366,True,significant,significant,True,|Δ| > σ かつ全 seed 同符号
transfer/b2a_base_oracle_top3noise_p030/b2a_base_oracle_top3noise_p030@val~relation_detr_seed42,seg_f1_50,paired_delta,injection,phase1/s4_phase_baseline/frozen_tecno_phase_baseline@val~relation_detr_seed42,paired,mean,3,0.047309416313575325,0.02242186439553077,0.027461063425463984,2.1099679972645475,1.7227816556334246,True,significant,significant,True,|Δ| > σ かつ全 seed 同符号
transfer/b2a_det2phase/b2a_det2phase_toolpresence@val~relation_detr_seed42,accuracy,paired_delta,injection,phase1/s4_phase_baseline/frozen_tecno_phase_baseline@val~relation_detr_seed42,paired,mean,3,0.04009429514380014,0.0035583477472134507,0.004358068154027488,11.26767196241516,9.200015632327178,True,significant,significant,True,|Δ| > σ かつ全 seed 同符号
transfer/b2a_det2phase/b2a_det2phase_toolpresence@val~relation_detr_seed42,edit_score,paired_delta,injection,phase1/s4_phase_baseline/frozen_tecno_phase_baseline@val~relation_detr_seed42,paired,mean,3,3.0021562830251205,1.646448205423315,2.0164789956040905,1.823413741857274,1.4888110858430954,True,significant,significant,True,|Δ| > σ かつ全 seed 同符号
transfer/b2a_det2phase/b2a_det2phase_toolpresence@val~relation_detr_seed42,jaccard,paired_delta,injection,phase1/s4_phase_baseline/frozen_tecno_phase_baseline@val~relation_detr_seed42,paired,mean,3,0.1138918214728134,0.006889019373268601,0.008437291146328017,16.532370617906345,13.49862408415053,True,significant,significant,True,|Δ| > σ かつ全 seed 同符号
transfer/b2a_det2phase/b2a_det2phase_toolpresence@val~relation_detr_seed42,macro_f1,paired_delta,injection,phase1/s4_phase_baseline/frozen_tecno_phase_baseline@val~relation_detr_seed42,paired,mean,3,0.09699497881105867,0.008544980651752672,0.010465421229374442,11.351105726747774,9.268139015638688,True,significant,significant,True,|Δ| > σ かつ全 seed 同符号
transfer/b2a_det2phase/b2a_det2phase_toolpresence@val~relation_detr_seed42,seg_f1_10,paired_delta,injection,phase1/s4_phase_baseline/frozen_tecno_phase_baseline@val~relation_detr_seed42,paired,mean,3,0.04222785613266411,0.012036205023502559,0.014741280373552438,3.5084028603872786,2.8645989400232676,True,significant,significant,True,|Δ| > σ かつ全 seed 同符号
transfer/b2a_det2phase/b2a_det2phase_toolpresence@val~relation_detr_seed42,seg_f1_25,paired_delta,injection,phase1/s4_phase_baseline/frozen_tecno_phase_baseline@val~relation_detr_seed42,paired,mean,3,0.0531978848301262,0.006881754148384365,0.008428393099411543,7.730279763425654,6.311746996451838,True,significant,significant,True,|Δ| > σ かつ全 seed 同符号
transfer/b2a_det2phase/b2a_det2phase_toolpresence@val~relation_detr_seed42,seg_f1_50,paired_delta,injection,phase1/s4_phase_baseline/frozen_tecno_phase_baseline@val~relation_detr_seed42,paired,mean,3,0.09871522231103287,0.007202110171373092,0.008820747495586393,13.706430471364571,11.191253616592773,True,significant,significant,True,|Δ| > σ かつ全 seed 同符号
transfer/b2a_det2phase_oracletool/b2a_det2phase_oracletool@val~relation_detr_seed42,accuracy,paired_delta,injection,phase1/s4_phase_baseline/frozen_tecno_phase_baseline@val~relation_detr_seed42,paired,mean,3,0.05978626434071984,0.0052336910132569,0.006409936226934638,11.423346198558852,9.327123113877038,True,significant,significant,True,|Δ| > σ かつ全 seed 同符号
transfer/b2a_det2phase_oracletool/b2a_det2phase_oracletool@val~relation_detr_seed42,edit_score,paired_delta,injection,phase1/s4_phase_baseline/frozen_tecno_phase_baseline@val~relation_detr_seed42,paired,mean,3,12.739076238335885,3.409117998583763,4.175299784734222,3.7367660032970496,3.0510566654190048,True,significant,significant,True,|Δ| > σ かつ全 seed 同符号
transfer/b2a_det2phase_oracletool/b2a_det2phase_oracletool@val~relation_detr_seed42,jaccard,paired_delta,injection,phase1/s4_phase_baseline/frozen_tecno_phase_baseline@val~relation_detr_seed42,paired,mean,3,0.16335807887327036,0.01165588749416923,0.014275488430001124,14.01506997686697,11.443256717574707,True,significant,significant,True,|Δ| > σ かつ全 seed 同符号
transfer/b2a_det2phase_oracletool/b2a_det2phase_oracletool@val~relation_detr_seed42,macro_f1,paired_delta,injection,phase1/s4_phase_baseline/frozen_tecno_phase_baseline@val~relation_detr_seed42,paired,mean,3,0.12993334447557658,0.010040505261169546,0.012297057324797668,12.940916925573283,10.566214423800327,True,significant,significant,True,|Δ| > σ かつ全 seed 同符号
transfer/b2a_det2phase_oracletool/b2a_det2phase_oracletool@val~relation_detr_seed42,seg_f1_10,paired_delta,injection,phase1/s4_phase_baseline/frozen_tecno_phase_baseline@val~relation_detr_seed42,paired,mean,3,0.16104962026657613,0.03537752725325165,0.043328445065936125,4.552314216697369,3.716948993242082,True,significant,significant,True,|Δ| > σ かつ全 seed 同符号
transfer/b2a_det2phase_oracletool/b2a_det2phase_oracletool@val~relation_detr_seed42,seg_f1_25,paired_delta,injection,phase1/s4_phase_baseline/frozen_tecno_phase_baseline@val~relation_detr_seed42,paired,mean,3,0.17811686179553096,0.037417711664568705,0.04582715046038976,4.7602286155888045,3.886710389062582,True,significant,significant,True,|Δ| > σ かつ全 seed 同符号
transfer/b2a_det2phase_oracletool/b2a_det2phase_oracletool@val~relation_detr_seed42,seg_f1_50,paired_delta,injection,phase1/s4_phase_baseline/frozen_tecno_phase_baseline@val~relation_detr_seed42,paired,mean,3,0.1986384482557824,0.048406642931094146,0.05928578767114147,4.10353695749032,3.3505238955014103,True,significant,significant,True,|Δ| > σ かつ全 seed 同符号
transfer/b2a_det2phase_toolpresence/b2a_det2phase_toolpresence@val~relation_detr_augstrong_hires_seed42,accuracy,paired_delta,injection,phase1/s4_phase_baseline/frozen_tecno_phase_baseline@val~relation_detr_augstrong_hires_seed42,paired,mean,3,0.02354235423542354,0.0022437929652773672,0.0027480739266879813,10.492213229892778,8.566856228572107,True,significant,significant,True,|Δ| > σ かつ全 seed 同符号
transfer/b2a_det2phase_toolpresence/b2a_det2phase_toolpresence@val~relation_detr_augstrong_hires_seed42,edit_score,paired_delta,injection,phase1/s4_phase_baseline/frozen_tecno_phase_baseline@val~relation_detr_augstrong_hires_seed42,paired,mean,3,2.7828620272889943,8.409554128573399,10.299558289660235,0.33091671505312975,0.270192366412715,False,not_significant,not_significant,True,|Δ| <= σ
transfer/b2a_det2phase_toolpresence/b2a_det2phase_toolpresence@val~relation_detr_augstrong_hires_seed42,jaccard,paired_delta,injection,phase1/s4_phase_baseline/frozen_tecno_phase_baseline@val~relation_detr_augstrong_hires_seed42,paired,mean,3,0.05954956138832568,0.010203292191327321,0.012496429782637986,5.8363085435250115,4.765325971027448,True,significant,significant,True,|Δ| > σ かつ全 seed 同符号
transfer/b2a_det2phase_toolpresence/b2a_det2phase_toolpresence@val~relation_detr_augstrong_hires_seed42,macro_f1,paired_delta,injection,phase1/s4_phase_baseline/frozen_tecno_phase_baseline@val~relation_detr_augstrong_hires_seed42,paired,mean,3,0.06149725670307282,0.012397550222790958,0.015183836053182877,4.960436182788736,4.050179183157184,True,significant,significant,True,|Δ| > σ かつ全 seed 同符号
transfer/b2a_det2phase_toolpresence/b2a_det2phase_toolpresence@val~relation_detr_augstrong_hires_seed42,seg_f1_10,paired_delta,injection,phase1/s4_phase_baseline/frozen_tecno_phase_baseline@val~relation_detr_augstrong_hires_seed42,paired,mean,3,0.06065576398909737,0.07988656251566993,0.09784065773417032,0.7592736760603462,0.6199443604916984,False,not_significant,not_significant,True,|Δ| <= σ
transfer/b2a_det2phase_toolpresence/b2a_det2phase_toolpresence@val~relation_detr_augstrong_hires_seed42,seg_f1_25,paired_delta,injection,phase1/s4_phase_baseline/frozen_tecno_phase_baseline@val~relation_detr_augstrong_hires_seed42,paired,mean,3,0.07378481358873512,0.0714159740846151,0.08746634799556698,1.0331696029422406,0.8435794483207957,False,not_significant,not_significant,True,全 seed 同符号ではない
transfer/b2a_det2phase_toolpresence/b2a_det2phase_toolpresence@val~relation_detr_augstrong_hires_seed42,seg_f1_50,paired_delta,injection,phase1/s4_phase_baseline/frozen_tecno_phase_baseline@val~relation_detr_augstrong_hires_seed42,paired,mean,3,0.105058710352828,0.10518418559921326,0.12882379186413748,0.998807090194496,0.8155225741501768,False,not_significant,not_significant,True,|Δ| <= σ
transfer/b2a_det2phase_toolpresence/b2a_det2phase_toolpresence@val~relation_detr_augstrong_seed123,accuracy,paired_delta,injection,phase1/s4_phase_baseline/frozen_tecno_phase_baseline@val~relation_detr_augstrong_seed123,paired,mean,3,0.026732673267326718,0.009904656453550997,0.012130677194382187,2.699000555212854,2.2037247252533296,True,significant,significant,True,|Δ| > σ かつ全 seed 同符号
transfer/b2a_det2phase_toolpresence/b2a_det2phase_toolpresence@val~relation_detr_augstrong_seed123,edit_score,paired_delta,injection,phase1/s4_phase_baseline/frozen_tecno_phase_baseline@val~relation_detr_augstrong_seed123,paired,mean,3,3.818165544585092,5.752841560102627,7.04576319666408,0.6637007998038762,0.5419094337988621,False,not_significant,not_significant,True,|Δ| <= σ
transfer/b2a_det2phase_toolpresence/b2a_det2phase_toolpresence@val~relation_detr_augstrong_seed123,jaccard,paired_delta,injection,phase1/s4_phase_baseline/frozen_tecno_phase_baseline@val~relation_detr_augstrong_seed123,paired,mean,3,0.0772343959597418,0.03443343194250599,0.04217216917599554,2.2430060439139847,1.8314067658559932,True,significant,significant,True,|Δ| > σ かつ全 seed 同符号
transfer/b2a_det2phase_toolpresence/b2a_det2phase_toolpresence@val~relation_detr_augstrong_seed123,macro_f1,paired_delta,injection,phase1/s4_phase_baseline/frozen_tecno_phase_baseline@val~relation_detr_augstrong_seed123,paired,mean,3,0.06417984779949848,0.0296401402941746,0.03630160981261753,2.16530175507004,1.7679614796914922,True,significant,significant,True,|Δ| > σ かつ全 seed 同符号
transfer/b2a_det2phase_toolpresence/b2a_det2phase_toolpresence@val~relation_detr_augstrong_seed123,seg_f1_10,paired_delta,injection,phase1/s4_phase_baseline/frozen_tecno_phase_baseline@val~relation_detr_augstrong_seed123,paired,mean,3,0.06926158163787338,0.04616857110220981,0.05654472067690939,1.5001889810394902,1.2248991737641928,True,significant,significant,True,|Δ| > σ かつ全 seed 同符号
transfer/b2a_det2phase_toolpresence/b2a_det2phase_toolpresence@val~relation_detr_augstrong_seed123,seg_f1_25,paired_delta,injection,phase1/s4_phase_baseline/frozen_tecno_phase_baseline@val~relation_detr_augstrong_seed123,paired,mean,3,0.07233442161916094,0.04861030798023297,0.05953522539555597,1.4880469724358711,1.214985265253743,True,significant,significant,True,|Δ| > σ かつ全 seed 同符号
transfer/b2a_det2phase_toolpresence/b2a_det2phase_toolpresence@val~relation_detr_augstrong_seed123,seg_f1_50,paired_delta,injection,phase1/s4_phase_baseline/frozen_tecno_phase_baseline@val~relation_detr_augstrong_seed123,paired,mean,3,0.05755002875638904,0.039113888231088585,0.04790453401120958,1.4713451246876295,1.2013482636721282,True,significant,significant,True,|Δ| > σ かつ全 seed 同符号
transfer/b2a_det2phase_toolpresence/b2a_det2phase_toolpresence@val~relation_detr_augstrong_seed42,accuracy,paired_delta,injection,phase1/s4_phase_baseline/frozen_tecno_phase_baseline@val~relation_detr_augstrong_seed42,paired,mean,3,0.024928492849284962,0.001470146561141323,0.0018005544609518164,16.956467816332648,13.844897996646633,True,significant,significant,True,|Δ| > σ かつ全 seed 同符号
transfer/b2a_det2phase_toolpresence/b2a_det2phase_toolpresence@val~relation_detr_augstrong_seed42,edit_score,paired_delta,injection,phase1/s4_phase_baseline/frozen_tecno_phase_baseline@val~relation_detr_augstrong_seed42,paired,mean,3,0.26180185507567205,6.374173397192848,7.806736177572644,0.041072283222004624,0.033535378821661986,False,not_significant,not_significant,True,|Δ| <= σ
transfer/b2a_det2phase_toolpresence/b2a_det2phase_toolpresence@val~relation_detr_augstrong_seed42,jaccard,paired_delta,injection,phase1/s4_phase_baseline/frozen_tecno_phase_baseline@val~relation_detr_augstrong_seed42,paired,mean,3,0.0612578295157716,0.008916218152880531,0.010920092454949019,6.870382539482981,5.609643853153401,True,significant,significant,True,|Δ| > σ かつ全 seed 同符号
transfer/b2a_det2phase_toolpresence/b2a_det2phase_toolpresence@val~relation_detr_augstrong_seed42,macro_f1,paired_delta,injection,phase1/s4_phase_baseline/frozen_tecno_phase_baseline@val~relation_detr_augstrong_seed42,paired,mean,3,0.05242377072301574,0.006781089903516565,0.008305105081777198,7.730876816104386,6.312234487922656,True,significant,significant,True,|Δ| > σ かつ全 seed 同符号
transfer/b2a_det2phase_toolpresence/b2a_det2phase_toolpresence@val~relation_detr_augstrong_seed42,seg_f1_10,paired_delta,injection,phase1/s4_phase_baseline/frozen_tecno_phase_baseline@val~relation_detr_augstrong_seed42,paired,mean,3,0.022414826745106236,0.05544489705699702,0.0679058533153917,0.40427213206048396,0.3300868135917473,False,not_significant,not_significant,True,|Δ| <= σ
transfer/b2a_det2phase_toolpresence/b2a_det2phase_toolpresence@val~relation_detr_augstrong_seed42,seg_f1_25,paired_delta,injection,phase1/s4_phase_baseline/frozen_tecno_phase_baseline@val~relation_detr_augstrong_seed42,paired,mean,3,0.020557817743876144,0.05950085525879608,0.07287336732162376,0.34550457559745845,0.2821033046702099,False,not_significant,not_significant,True,|Δ| <= σ
transfer/b2a_det2phase_toolpresence/b2a_det2phase_toolpresence@val~relation_detr_augstrong_seed42,seg_f1_50,paired_delta,injection,phase1/s4_phase_baseline/frozen_tecno_phase_baseline@val~relation_detr_augstrong_seed42,paired,mean,3,0.02627106456631691,0.04120235983937824,0.05046237890250927,0.637610677367293,0.5206069380334062,False,not_significant,not_significant,True,|Δ| <= σ
transfer/b2a_det2phase_toolpresence/b2a_det2phase_toolpresence@val~relation_detr_augstrong_seed456,accuracy,paired_delta,injection,phase1/s4_phase_baseline/frozen_tecno_phase_baseline@val~relation_detr_augstrong_seed456,paired,mean,3,0.02134213421342131,0.0035169125111432224,0.004307320561155577,6.068429096771516,4.954851609116272,True,significant,significant,True,|Δ| > σ かつ全 seed 同符号
transfer/b2a_det2phase_toolpresence/b2a_det2phase_toolpresence@val~relation_detr_augstrong_seed456,edit_score,paired_delta,injection,phase1/s4_phase_baseline/frozen_tecno_phase_baseline@val~relation_detr_augstrong_seed456,paired,mean,3,2.2587765576271273,9.691249798283456,11.869308487822435,0.23307381448646683,0.19030397263198326,False,not_significant,not_significant,True,|Δ| <= σ
transfer/b2a_det2phase_toolpresence/b2a_det2phase_toolpresence@val~relation_detr_augstrong_seed456,jaccard,paired_delta,injection,phase1/s4_phase_baseline/frozen_tecno_phase_baseline@val~relation_detr_augstrong_seed456,paired,mean,3,0.05629294787678529,0.01483378444431776,0.01816760142150651,3.7949147830814614,3.0985349452980966,True,significant,significant,True,|Δ| > σ かつ全 seed 同符号
transfer/b2a_det2phase_toolpresence/b2a_det2phase_toolpresence@val~relation_detr_augstrong_seed456,macro_f1,paired_delta,injection,phase1/s4_phase_baseline/frozen_tecno_phase_baseline@val~relation_detr_augstrong_seed456,paired,mean,3,0.04964459973458354,0.015217441571872894,0.01863748352085249,3.2623486346314587,2.6636965059708215,True,significant,significant,True,|Δ| > σ かつ全 seed 同符号
transfer/b2a_det2phase_toolpresence/b2a_det2phase_toolpresence@val~relation_detr_augstrong_seed456,seg_f1_10,paired_delta,injection,phase1/s4_phase_baseline/frozen_tecno_phase_baseline@val~relation_detr_augstrong_seed456,paired,mean,3,0.012664078418591499,0.06620611314158327,0.08108559752492539,0.19128261451490258,0.1561816007423342,False,not_significant,not_significant,True,|Δ| <= σ
transfer/b2a_det2phase_toolpresence/b2a_det2phase_toolpresence@val~relation_detr_augstrong_seed456,seg_f1_25,paired_delta,injection,phase1/s4_phase_baseline/frozen_tecno_phase_baseline@val~relation_detr_augstrong_seed456,paired,mean,3,0.014211204908509745,0.0723788977543976,0.08864568382167466,0.1963445886773856,0.16031468533874604,False,not_significant,not_significant,True,|Δ| <= σ
transfer/b2a_det2phase_toolpresence/b2a_det2phase_toolpresence@val~relation_detr_augstrong_seed456,seg_f1_50,paired_delta,injection,phase1/s4_phase_baseline/frozen_tecno_phase_baseline@val~relation_detr_augstrong_seed456,paired,mean,3,0.0202482701306755,0.08253884233433532,0.10108902383957616,0.2453180776228603,0.20030137161882794,False,not_significant,not_significant,True,|Δ| <= σ
transfer/b2a_det2phase_toolpresence/b2a_det2phase_toolpresence@val~relation_detr_seed123,accuracy,paired_delta,injection,phase1/s4_phase_baseline/frozen_tecno_phase_baseline@val~relation_detr_seed123,paired,mean,3,0.043894389438943894,0.004183312066409554,0.005123489998765652,10.492736076612495,8.567283131131104,True,significant,significant,True,|Δ| > σ かつ全 seed 同符号
transfer/b2a_det2phase_toolpresence/b2a_det2phase_toolpresence@val~relation_detr_seed123,edit_score,paired_delta,injection,phase1/s4_phase_baseline/frozen_tecno_phase_baseline@val~relation_detr_seed123,paired,mean,3,4.077545910879247,2.057381624102687,2.519767592615064,1.9819103384174732,1.6182230150231793,True,significant,significant,True,|Δ| > σ かつ全 seed 同符号
transfer/b2a_det2phase_toolpresence/b2a_det2phase_toolpresence@val~relation_detr_seed123,jaccard,paired_delta,injection,phase1/s4_phase_baseline/frozen_tecno_phase_baseline@val~relation_detr_seed123,paired,mean,3,0.11576568519866726,0.006866302776250108,0.00840946911063415,16.859973841976473,13.766110996504686,True,significant,significant,True,|Δ| > σ かつ全 seed 同符号
transfer/b2a_det2phase_toolpresence/b2a_det2phase_toolpresence@val~relation_detr_seed123,macro_f1,paired_delta,injection,phase1/s4_phase_baseline/frozen_tecno_phase_baseline@val~relation_detr_seed123,paired,mean,3,0.09666723382180749,0.0005611364937579734,0.0006872490428807363,172.270445599465,140.658229826859,True,significant,significant,True,|Δ| > σ かつ全 seed 同符号
transfer/b2a_det2phase_toolpresence/b2a_det2phase_toolpresence@val~relation_detr_seed123,seg_f1_10,paired_delta,injection,phase1/s4_phase_baseline/frozen_tecno_phase_baseline@val~relation_detr_seed123,paired,mean,3,0.0783185580924397,0.026702824655977175,0.03270414754907692,2.9329690435917546,2.3947591960595305,True,significant,significant,True,|Δ| > σ かつ全 seed 同符号
transfer/b2a_det2phase_toolpresence/b2a_det2phase_toolpresence@val~relation_detr_seed123,seg_f1_25,paired_delta,injection,phase1/s4_phase_baseline/frozen_tecno_phase_baseline@val~relation_detr_seed123,paired,mean,3,0.08909849317317652,0.03118640160763396,0.0381953854261081,2.8569661320389894,2.332703078636145,True,significant,significant,True,|Δ| > σ かつ全 seed 同符号
transfer/b2a_det2phase_toolpresence/b2a_det2phase_toolpresence@val~relation_detr_seed123,seg_f1_50,paired_delta,injection,phase1/s4_phase_baseline/frozen_tecno_phase_baseline@val~relation_detr_seed123,paired,mean,3,0.060508067984582505,0.02539869432767098,0.031106920617857678,2.382329863258408,1.945164187992507,True,significant,significant,True,|Δ| > σ かつ全 seed 同符号
transfer/b2a_det2phase_toolpresence/b2a_det2phase_toolpresence@val~relation_detr_seed42,accuracy,paired_delta,injection,phase1/s4_phase_baseline/frozen_tecno_phase_baseline@val~relation_detr_seed42,paired,mean,3,0.040130965477500134,0.003942088684327984,0.0048280528987015145,10.18012751388452,8.312039308494983,True,significant,significant,True,|Δ| > σ かつ全 seed 同符号
transfer/b2a_det2phase_toolpresence/b2a_det2phase_toolpresence@val~relation_detr_seed42,edit_score,paired_delta,injection,phase1/s4_phase_baseline/frozen_tecno_phase_baseline@val~relation_detr_seed42,paired,mean,3,4.056128348120654,1.6656972643225878,2.0400541817700897,2.435093359999133,1.9882454026791,True,significant,significant,True,|Δ| > σ かつ全 seed 同符号
transfer/b2a_det2phase_toolpresence/b2a_det2phase_toolpresence@val~relation_detr_seed42,jaccard,paired_delta,injection,phase1/s4_phase_baseline/frozen_tecno_phase_baseline@val~relation_detr_seed42,paired,mean,3,0.11253191816888919,0.009647351823003176,0.011815544667733439,11.664539682337253,9.524056768724149,True,significant,significant,True,|Δ| > σ かつ全 seed 同符号
transfer/b2a_det2phase_toolpresence/b2a_det2phase_toolpresence@val~relation_detr_seed42,macro_f1,paired_delta,injection,phase1/s4_phase_baseline/frozen_tecno_phase_baseline@val~relation_detr_seed42,paired,mean,3,0.09617851364491241,0.011116353544244914,0.013614696991889672,8.651984057731353,7.064315401378843,True,significant,significant,True,|Δ| > σ かつ全 seed 同符号
transfer/b2a_det2phase_toolpresence/b2a_det2phase_toolpresence@val~relation_detr_seed42,seg_f1_10,paired_delta,injection,phase1/s4_phase_baseline/frozen_tecno_phase_baseline@val~relation_detr_seed42,paired,mean,3,0.06395735251254359,0.023271462315233776,0.0285016041203652,2.748316871805531,2.2439913291351994,True,significant,significant,True,|Δ| > σ かつ全 seed 同符号
transfer/b2a_det2phase_toolpresence/b2a_det2phase_toolpresence@val~relation_detr_seed42,seg_f1_25,paired_delta,injection,phase1/s4_phase_baseline/frozen_tecno_phase_baseline@val~relation_detr_seed42,paired,mean,3,0.07006758778220457,0.02718605371246387,0.033295979857716394,2.577335737039355,2.104385817195474,True,significant,significant,True,|Δ| > σ かつ全 seed 同符号
transfer/b2a_det2phase_toolpresence/b2a_det2phase_toolpresence@val~relation_detr_seed42,seg_f1_50,paired_delta,injection,phase1/s4_phase_baseline/frozen_tecno_phase_baseline@val~relation_detr_seed42,paired,mean,3,0.10306500602384339,0.028347159364888925,0.03471803805066776,3.635814252044624,2.968629905682733,True,significant,significant,True,|Δ| > σ かつ全 seed 同符号
transfer/b2a_det2phase_toolpresence/b2a_det2phase_toolpresence@val~relation_detr_seed456,accuracy,paired_delta,injection,phase1/s4_phase_baseline/frozen_tecno_phase_baseline@val~relation_detr_seed456,paired,mean,3,0.037843784378437904,0.01091717159960862,0.013370749926722566,3.466445867700257,2.8303411989483047,True,significant,significant,True,|Δ| > σ かつ全 seed 同符号
transfer/b2a_det2phase_toolpresence/b2a_det2phase_toolpresence@val~relation_detr_seed456,edit_score,paired_delta,injection,phase1/s4_phase_baseline/frozen_tecno_phase_baseline@val~relation_detr_seed456,paired,mean,3,3.2516280923143626,4.513168603351686,5.527480100680519,0.7204756520506578,0.588265906541036,False,not_significant,not_significant,True,|Δ| <= σ
transfer/b2a_det2phase_toolpresence/b2a_det2phase_toolpresence@val~relation_detr_seed456,jaccard,paired_delta,injection,phase1/s4_phase_baseline/frozen_tecno_phase_baseline@val~relation_detr_seed456,paired,mean,3,0.09617674985392022,0.011547356412363964,0.014142565544173544,8.32889766448553,6.800516465949357,True,significant,significant,True,|Δ| > σ かつ全 seed 同符号
transfer/b2a_det2phase_toolpresence/b2a_det2phase_toolpresence@val~relation_detr_seed456,macro_f1,paired_delta,injection,phase1/s4_phase_baseline/frozen_tecno_phase_baseline@val~relation_detr_seed456,paired,mean,3,0.09050839111459182,0.010426767425518417,0.012770129929596565,8.680388410034162,7.087507457917554,True,significant,significant,True,|Δ| > σ かつ全 seed 同符号
transfer/b2a_det2phase_toolpresence/b2a_det2phase_toolpresence@val~relation_detr_seed456,seg_f1_10,paired_delta,injection,phase1/s4_phase_baseline/frozen_tecno_phase_baseline@val~relation_detr_seed456,paired,mean,3,0.02119957350320693,0.034658019868754525,0.042447232086844894,0.6116787278525142,0.49943358991779896,False,not_significant,not_significant,True,|Δ| <= σ
transfer/b2a_det2phase_toolpresence/b2a_det2phase_toolpresence@val~relation_detr_seed456,seg_f1_25,paired_delta,injection,phase1/s4_phase_baseline/frozen_tecno_phase_baseline@val~relation_detr_seed456,paired,mean,3,0.0164656907632158,0.02477385548099853,0.03034165244494936,0.6646398165939466,0.5426761377973883,False,not_significant,not_significant,True,|Δ| <= σ
transfer/b2a_det2phase_toolpresence/b2a_det2phase_toolpresence@val~relation_detr_seed456,seg_f1_50,paired_delta,injection,phase1/s4_phase_baseline/frozen_tecno_phase_baseline@val~relation_detr_seed456,paired,mean,3,0.023892526720437828,0.02727141305151308,0.03340052327044229,0.8761015307606959,0.7153339044116552,False,not_significant,not_significant,True,|Δ| <= σ
transfer/b2a_mask_dim_00/b2a_mask_dim_00@val~relation_detr_seed42,accuracy,paired_delta,injection,phase1/s4_phase_baseline/frozen_tecno_phase_baseline@val~relation_detr_seed42,paired,mean,3,0.03151343705799159,0.0029711600291948926,0.0036389130078401284,10.606442180272234,8.660123775999896,True,significant,significant,True,|Δ| > σ かつ全 seed 同符号
transfer/b2a_mask_dim_00/b2a_mask_dim_00@val~relation_detr_seed42,edit_score,paired_delta,injection,phase1/s4_phase_baseline/frozen_tecno_phase_baseline@val~relation_detr_seed42,paired,mean,3,1.6370549179237532,5.388904143277584,6.600032711900106,0.303782526910579,0.24803739456807267,False,not_significant,not_significant,True,|Δ| <= σ
transfer/b2a_mask_dim_00/b2a_mask_dim_00@val~relation_detr_seed42,jaccard,paired_delta,injection,phase1/s4_phase_baseline/frozen_tecno_phase_baseline@val~relation_detr_seed42,paired,mean,3,0.08272658518887333,0.006115368976685148,0.007489766790862365,13.527652297722106,11.045281849069196,True,significant,significant,True,|Δ| > σ かつ全 seed 同符号
transfer/b2a_mask_dim_00/b2a_mask_dim_00@val~relation_detr_seed42,macro_f1,paired_delta,injection,phase1/s4_phase_baseline/frozen_tecno_phase_baseline@val~relation_detr_seed42,paired,mean,3,0.06948967169458904,0.002932747526409118,0.0035918674920559363,23.694392738836545,19.346390658418777,True,significant,significant,True,|Δ| > σ かつ全 seed 同符号
transfer/b2a_mask_dim_00/b2a_mask_dim_00@val~relation_detr_seed42,seg_f1_10,paired_delta,injection,phase1/s4_phase_baseline/frozen_tecno_phase_baseline@val~relation_detr_seed42,paired,mean,3,0.04304829923341863,0.0489377705192535,0.05993628346079422,0.87965387014274,0.7182343773713892,False,not_significant,not_significant,True,|Δ| <= σ
transfer/b2a_mask_dim_00/b2a_mask_dim_00@val~relation_detr_seed42,seg_f1_25,paired_delta,injection,phase1/s4_phase_baseline/frozen_tecno_phase_baseline@val~relation_detr_seed42,paired,mean,3,0.04691187219817361,0.04945687074764094,0.06057204880324995,0.9485410518094956,0.7744805256720421,True,not_significant,not_significant,True,|Δ| <= σ
transfer/b2a_mask_dim_00/b2a_mask_dim_00@val~relation_detr_seed42,seg_f1_50,paired_delta,injection,phase1/s4_phase_baseline/frozen_tecno_phase_baseline@val~relation_detr_seed42,paired,mean,3,0.06961322864285453,0.07611370716538643,0.09321987249340827,0.914595166040105,0.7467638260047716,True,not_significant,not_significant,True,|Δ| <= σ
transfer/b2a_mask_dim_01/b2a_mask_dim_01@val~relation_detr_seed42,accuracy,paired_delta,injection,phase1/s4_phase_baseline/frozen_tecno_phase_baseline@val~relation_detr_seed42,paired,mean,3,0.039874273141599935,0.0024314904815581143,0.0029779554971257655,16.399107232387045,13.389814985511169,True,significant,significant,True,|Δ| > σ かつ全 seed 同符号
transfer/b2a_mask_dim_01/b2a_mask_dim_01@val~relation_detr_seed42,edit_score,paired_delta,injection,phase1/s4_phase_baseline/frozen_tecno_phase_baseline@val~relation_detr_seed42,paired,mean,3,0.6307199115887485,1.1940477296480316,1.4624038330831974,0.5282200166107809,0.43128983754028927,False,not_significant,not_significant,True,|Δ| <= σ
transfer/b2a_mask_dim_01/b2a_mask_dim_01@val~relation_detr_seed42,jaccard,paired_delta,injection,phase1/s4_phase_baseline/frozen_tecno_phase_baseline@val~relation_detr_seed42,paired,mean,3,0.11355553196280836,0.008269021374384527,0.010127441519704877,13.73264462885252,11.212657386553586,True,significant,significant,True,|Δ| > σ かつ全 seed 同符号
transfer/b2a_mask_dim_01/b2a_mask_dim_01@val~relation_detr_seed42,macro_f1,paired_delta,injection,phase1/s4_phase_baseline/frozen_tecno_phase_baseline@val~relation_detr_seed42,paired,mean,3,0.09702978881529474,0.011223106816351157,0.013745442514406063,8.645537318947211,7.059051661203457,True,significant,significant,True,|Δ| > σ かつ全 seed 同符号
transfer/b2a_mask_dim_01/b2a_mask_dim_01@val~relation_detr_seed42,seg_f1_10,paired_delta,injection,phase1/s4_phase_baseline/frozen_tecno_phase_baseline@val~relation_detr_seed42,paired,mean,3,0.04143485273676865,0.011544275082176763,0.014138791700829706,3.5892121802208288,2.930579473374456,True,significant,significant,True,|Δ| > σ かつ全 seed 同符号
transfer/b2a_mask_dim_01/b2a_mask_dim_01@val~relation_detr_seed42,seg_f1_25,paired_delta,injection,phase1/s4_phase_baseline/frozen_tecno_phase_baseline@val~relation_detr_seed42,paired,mean,3,0.04560226123895198,0.009550568595325017,0.011697009905997887,4.774821601854594,3.898625512454124,True,significant,significant,True,|Δ| > σ かつ全 seed 同符号
transfer/b2a_mask_dim_01/b2a_mask_dim_01@val~relation_detr_seed42,seg_f1_50,paired_delta,injection,phase1/s4_phase_baseline/frozen_tecno_phase_baseline@val~relation_detr_seed42,paired,mean,3,0.08271231490656823,0.00706618043393831,0.008654268246793538,11.705378270459594,9.557401336295957,True,significant,significant,True,|Δ| > σ かつ全 seed 同符号
transfer/b2a_mask_dim_02/b2a_mask_dim_02@val~relation_detr_seed42,accuracy,paired_delta,injection,phase1/s4_phase_baseline/frozen_tecno_phase_baseline@val~relation_detr_seed42,paired,mean,3,0.03811409712399816,0.0024827155103755096,0.003040693088456757,15.351777907986493,12.534674173032771,True,significant,significant,True,|Δ| > σ かつ全 seed 同符号
transfer/b2a_mask_dim_02/b2a_mask_dim_02@val~relation_detr_seed42,edit_score,paired_delta,injection,phase1/s4_phase_baseline/frozen_tecno_phase_baseline@val~relation_detr_seed42,paired,mean,3,1.2977517667926506,2.6044123969588573,3.189740726164036,0.4982896596207346,0.4068518033919702,False,not_significant,not_significant,True,|Δ| <= σ
transfer/b2a_mask_dim_02/b2a_mask_dim_02@val~relation_detr_seed42,jaccard,paired_delta,injection,phase1/s4_phase_baseline/frozen_tecno_phase_baseline@val~relation_detr_seed42,paired,mean,3,0.11301627227221571,0.010565105552016186,0.012939558840542627,10.697126660570685,8.734167344106789,True,significant,significant,True,|Δ| > σ かつ全 seed 同符号
transfer/b2a_mask_dim_02/b2a_mask_dim_02@val~relation_detr_seed42,macro_f1,paired_delta,injection,phase1/s4_phase_baseline/frozen_tecno_phase_baseline@val~relation_detr_seed42,paired,mean,3,0.09773911769239858,0.012613775214632092,0.015448656503006995,7.7486015113873545,6.326706641019186,True,significant,significant,True,|Δ| > σ かつ全 seed 同符号
transfer/b2a_mask_dim_02/b2a_mask_dim_02@val~relation_detr_seed42,seg_f1_10,paired_delta,injection,phase1/s4_phase_baseline/frozen_tecno_phase_baseline@val~relation_detr_seed42,paired,mean,3,0.025440386471631216,0.019664848386705,0.024084422208310113,1.2936985819240254,1.0563004688920143,True,significant,significant,True,|Δ| > σ かつ全 seed 同符号
transfer/b2a_mask_dim_02/b2a_mask_dim_02@val~relation_detr_seed42,seg_f1_25,paired_delta,injection,phase1/s4_phase_baseline/frozen_tecno_phase_baseline@val~relation_detr_seed42,paired,mean,3,0.03391041516909329,0.03196297627639385,0.039146491268924395,1.06092795851861,0.8662440507410774,False,not_significant,not_significant,True,全 seed 同符号ではない
transfer/b2a_mask_dim_02/b2a_mask_dim_02@val~relation_detr_seed42,seg_f1_50,paired_delta,injection,phase1/s4_phase_baseline/frozen_tecno_phase_baseline@val~relation_detr_seed42,paired,mean,3,0.06716599992847717,0.04179221108403429,0.05118479618928572,1.6071415746207391,1.3122256007446353,True,significant,significant,True,|Δ| > σ かつ全 seed 同符号
transfer/b2a_mask_dim_03/b2a_mask_dim_03@val~relation_detr_seed42,accuracy,paired_delta,injection,phase1/s4_phase_baseline/frozen_tecno_phase_baseline@val~relation_detr_seed42,paired,mean,3,0.040314317146000346,0.005705374842915346,0.006987628578227163,7.066024276399768,5.76938466243272,True,significant,significant,True,|Δ| > σ かつ全 seed 同符号
transfer/b2a_mask_dim_03/b2a_mask_dim_03@val~relation_detr_seed42,edit_score,paired_delta,injection,phase1/s4_phase_baseline/frozen_tecno_phase_baseline@val~relation_detr_seed42,paired,mean,3,5.657022773140653,2.1021993586393313,2.574657883136209,2.69100204502118,2.197193969029312,True,significant,significant,True,|Δ| > σ かつ全 seed 同符号
transfer/b2a_mask_dim_03/b2a_mask_dim_03@val~relation_detr_seed42,jaccard,paired_delta,injection,phase1/s4_phase_baseline/frozen_tecno_phase_baseline@val~relation_detr_seed42,paired,mean,3,0.11404197828779299,0.0174324766320599,0.02135033635076908,6.541926353600238,5.3414605003955815,True,significant,significant,True,|Δ| > σ かつ全 seed 同符号
transfer/b2a_mask_dim_03/b2a_mask_dim_03@val~relation_detr_seed42,macro_f1,paired_delta,injection,phase1/s4_phase_baseline/frozen_tecno_phase_baseline@val~relation_detr_seed42,paired,mean,3,0.09761460669977051,0.01643632810840483,0.020130308555278236,5.93895461662478,4.849136138759067,True,significant,significant,True,|Δ| > σ かつ全 seed 同符号
transfer/b2a_mask_dim_03/b2a_mask_dim_03@val~relation_detr_seed42,seg_f1_10,paired_delta,injection,phase1/s4_phase_baseline/frozen_tecno_phase_baseline@val~relation_detr_seed42,paired,mean,3,0.08482255065948781,0.04678356182890457,0.057297927415382185,1.8130844968516566,1.4803772926124439,True,significant,significant,True,|Δ| > σ かつ全 seed 同符号
transfer/b2a_mask_dim_03/b2a_mask_dim_03@val~relation_detr_seed42,seg_f1_25,paired_delta,injection,phase1/s4_phase_baseline/frozen_tecno_phase_baseline@val~relation_detr_seed42,paired,mean,3,0.0997949371524111,0.0511526542264182,0.06264895092187298,1.9509239288089804,1.5929227175226193,True,significant,significant,True,|Δ| > σ かつ全 seed 同符号
transfer/b2a_mask_dim_03/b2a_mask_dim_03@val~relation_detr_seed42,seg_f1_50,paired_delta,injection,phase1/s4_phase_baseline/frozen_tecno_phase_baseline@val~relation_detr_seed42,paired,mean,3,0.14850172318675103,0.06248507001273657,0.07652826903664349,2.376595291586956,1.9404819298296816,True,significant,significant,True,|Δ| > σ かつ全 seed 同符号
transfer/b2a_mask_dim_04/b2a_mask_dim_04@val~relation_detr_seed42,accuracy,paired_delta,injection,phase1/s4_phase_baseline/frozen_tecno_phase_baseline@val~relation_detr_seed42,paired,mean,3,0.03899418513279903,0.007730121396640095,0.009467426535769345,5.044446669330172,4.118773458180341,True,significant,significant,True,|Δ| > σ かつ全 seed 同符号
transfer/b2a_mask_dim_04/b2a_mask_dim_04@val~relation_detr_seed42,edit_score,paired_delta,injection,phase1/s4_phase_baseline/frozen_tecno_phase_baseline@val~relation_detr_seed42,paired,mean,3,3.4152354877709925,1.907874419676392,2.336659410757865,1.7900735250437891,1.4615889128074961,True,significant,significant,True,|Δ| > σ かつ全 seed 同符号
transfer/b2a_mask_dim_04/b2a_mask_dim_04@val~relation_detr_seed42,jaccard,paired_delta,injection,phase1/s4_phase_baseline/frozen_tecno_phase_baseline@val~relation_detr_seed42,paired,mean,3,0.1161440520065814,0.016505149319486736,0.020214596980593757,7.036837398947758,5.745553676785197,True,significant,significant,True,|Δ| > σ かつ全 seed 同符号
transfer/b2a_mask_dim_04/b2a_mask_dim_04@val~relation_detr_seed42,macro_f1,paired_delta,injection,phase1/s4_phase_baseline/frozen_tecno_phase_baseline@val~relation_detr_seed42,paired,mean,3,0.09906110111214239,0.01530214615133167,0.018741225020128007,6.473673701222727,5.285732443090093,True,significant,significant,True,|Δ| > σ かつ全 seed 同符号
transfer/b2a_mask_dim_04/b2a_mask_dim_04@val~relation_detr_seed42,seg_f1_10,paired_delta,injection,phase1/s4_phase_baseline/frozen_tecno_phase_baseline@val~relation_detr_seed42,paired,mean,3,0.058241065155874294,0.030384634249977355,0.03721342496676899,1.9167933593249589,1.5650552242337987,True,significant,significant,True,|Δ| > σ かつ全 seed 同符号
transfer/b2a_mask_dim_04/b2a_mask_dim_04@val~relation_detr_seed42,seg_f1_25,paired_delta,injection,phase1/s4_phase_baseline/frozen_tecno_phase_baseline@val~relation_detr_seed42,paired,mean,3,0.05633685845641497,0.035175697757028015,0.043081255425540685,1.6015846748955822,1.3076884111184865,True,significant,significant,True,|Δ| > σ かつ全 seed 同符号
transfer/b2a_mask_dim_04/b2a_mask_dim_04@val~relation_detr_seed42,seg_f1_50,paired_delta,injection,phase1/s4_phase_baseline/frozen_tecno_phase_baseline@val~relation_detr_seed42,paired,mean,3,0.09875679726823515,0.042422878149906494,0.05195720244376828,2.3279136535542397,1.9007335388220077,True,significant,significant,True,|Δ| > σ かつ全 seed 同符号
transfer/b2a_mask_dim_05/b2a_mask_dim_05@val~relation_detr_seed42,accuracy,paired_delta,injection,phase1/s4_phase_baseline/frozen_tecno_phase_baseline@val~relation_detr_seed42,paired,mean,3,0.04097438315260101,0.008093055551568806,0.009911928280671122,5.062906450043864,4.133845806017747,True,significant,significant,True,|Δ| > σ かつ全 seed 同符号
transfer/b2a_mask_dim_05/b2a_mask_dim_05@val~relation_detr_seed42,edit_score,paired_delta,injection,phase1/s4_phase_baseline/frozen_tecno_phase_baseline@val~relation_detr_seed42,paired,mean,3,2.7742478293102195,2.8625050559886667,3.505838386654613,0.9691678355313981,0.7913222240565112,False,not_significant,not_significant,True,|Δ| <= σ
transfer/b2a_mask_dim_05/b2a_mask_dim_05@val~relation_detr_seed42,jaccard,paired_delta,injection,phase1/s4_phase_baseline/frozen_tecno_phase_baseline@val~relation_detr_seed42,paired,mean,3,0.11881586324117221,0.015112454347183613,0.018508900955852656,7.862115610844838,6.41939051511331,True,significant,significant,True,|Δ| > σ かつ全 seed 同符号
transfer/b2a_mask_dim_05/b2a_mask_dim_05@val~relation_detr_seed42,macro_f1,paired_delta,injection,phase1/s4_phase_baseline/frozen_tecno_phase_baseline@val~relation_detr_seed42,paired,mean,3,0.10094995300496194,0.014419904711633822,0.017660704341528933,7.000736483613281,5.716077402846236,True,significant,significant,True,|Δ| > σ かつ全 seed 同符号
transfer/b2a_mask_dim_05/b2a_mask_dim_05@val~relation_detr_seed42,seg_f1_10,paired_delta,injection,phase1/s4_phase_baseline/frozen_tecno_phase_baseline@val~relation_detr_seed42,paired,mean,3,0.04961584160741267,0.022004134783945365,0.026949451226046358,2.2548417419990234,1.8410705728753203,True,significant,significant,True,|Δ| > σ かつ全 seed 同符号
transfer/b2a_mask_dim_05/b2a_mask_dim_05@val~relation_detr_seed42,seg_f1_25,paired_delta,injection,phase1/s4_phase_baseline/frozen_tecno_phase_baseline@val~relation_detr_seed42,paired,mean,3,0.0573409950466513,0.02241836016439331,0.02745677163635021,2.557769374127774,2.088409948776977,True,significant,significant,True,|Δ| > σ かつ全 seed 同符号
transfer/b2a_mask_dim_05/b2a_mask_dim_05@val~relation_detr_seed42,seg_f1_50,paired_delta,injection,phase1/s4_phase_baseline/frozen_tecno_phase_baseline@val~relation_detr_seed42,paired,mean,3,0.1002446700807476,0.047237396435413484,0.05785375902216399,2.1221463849687323,1.7327252675551037,True,significant,significant,True,|Δ| > σ かつ全 seed 同符号
transfer/b2a_mask_dim_06/b2a_mask_dim_06@val~relation_detr_seed42,accuracy,paired_delta,injection,phase1/s4_phase_baseline/frozen_tecno_phase_baseline@val~relation_detr_seed42,paired,mean,3,0.03437372308659444,0.0036375389753897083,0.004455057204595561,9.449719527173398,7.715663684663047,True,significant,significant,True,|Δ| > σ かつ全 seed 同符号
transfer/b2a_mask_dim_06/b2a_mask_dim_06@val~relation_detr_seed42,edit_score,paired_delta,injection,phase1/s4_phase_baseline/frozen_tecno_phase_baseline@val~relation_detr_seed42,paired,mean,3,6.162395788092212,4.0586503691773155,4.970811224421496,1.518336202322676,1.2397163178952533,True,significant,significant,True,|Δ| > σ かつ全 seed 同符号
transfer/b2a_mask_dim_06/b2a_mask_dim_06@val~relation_detr_seed42,jaccard,paired_delta,injection,phase1/s4_phase_baseline/frozen_tecno_phase_baseline@val~relation_detr_seed42,paired,mean,3,0.09858987690441905,0.016925365999715114,0.02072925520457666,5.824977545896408,4.756074250205193,True,significant,significant,True,|Δ| > σ かつ全 seed 同符号
transfer/b2a_mask_dim_06/b2a_mask_dim_06@val~relation_detr_seed42,macro_f1,paired_delta,injection,phase1/s4_phase_baseline/frozen_tecno_phase_baseline@val~relation_detr_seed42,paired,mean,3,0.08472341789271576,0.015289311737735047,0.018725506137898223,5.5413493652309205,4.524492810437071,True,significant,significant,True,|Δ| > σ かつ全 seed 同符号
transfer/b2a_mask_dim_06/b2a_mask_dim_06@val~relation_detr_seed42,seg_f1_10,paired_delta,injection,phase1/s4_phase_baseline/frozen_tecno_phase_baseline@val~relation_detr_seed42,paired,mean,3,0.08844583213991214,0.049885614006554176,0.06109714991074765,1.7729727076886688,1.4476261539059707,True,significant,significant,True,|Δ| > σ かつ全 seed 同符号
transfer/b2a_mask_dim_06/b2a_mask_dim_06@val~relation_detr_seed42,seg_f1_25,paired_delta,injection,phase1/s4_phase_baseline/frozen_tecno_phase_baseline@val~relation_detr_seed42,paired,mean,3,0.09450242249481704,0.049638768754383264,0.060794827454123956,1.9038027103859656,1.5544484037910788,True,significant,significant,True,|Δ| > σ かつ全 seed 同符号
transfer/b2a_mask_dim_06/b2a_mask_dim_06@val~relation_detr_seed42,seg_f1_50,paired_delta,injection,phase1/s4_phase_baseline/frozen_tecno_phase_baseline@val~relation_detr_seed42,paired,mean,3,0.13368291178063807,0.046413564446762326,0.056844775019175155,2.8802552308598526,2.351718548196268,True,significant,significant,True,|Δ| > σ かつ全 seed 同符号
transfer/b2a_mask_dim_07/b2a_mask_dim_07@val~relation_detr_seed42,accuracy,paired_delta,injection,phase1/s4_phase_baseline/frozen_tecno_phase_baseline@val~relation_detr_seed42,paired,mean,3,0.03547383309759552,0.006449144464650353,0.007898556607943976,5.500548683943734,4.491179193666562,True,significant,significant,True,|Δ| > σ かつ全 seed 同符号
transfer/b2a_mask_dim_07/b2a_mask_dim_07@val~relation_detr_seed42,edit_score,paired_delta,injection,phase1/s4_phase_baseline/frozen_tecno_phase_baseline@val~relation_detr_seed42,paired,mean,3,1.5525811667833362,0.30946752294413626,0.3790187615880898,5.016943787873991,4.096317449505709,True,significant,significant,True,|Δ| > σ かつ全 seed 同符号
transfer/b2a_mask_dim_07/b2a_mask_dim_07@val~relation_detr_seed42,jaccard,paired_delta,injection,phase1/s4_phase_baseline/frozen_tecno_phase_baseline@val~relation_detr_seed42,paired,mean,3,0.09697223030308326,0.018329523175287927,0.022448989503987164,5.290493886596152,4.319670169824795,True,significant,significant,True,|Δ| > σ かつ全 seed 同符号
transfer/b2a_mask_dim_07/b2a_mask_dim_07@val~relation_detr_seed42,macro_f1,paired_delta,injection,phase1/s4_phase_baseline/frozen_tecno_phase_baseline@val~relation_detr_seed42,paired,mean,3,0.08407747385485598,0.015573862321155115,0.01907400800559344,5.398627014998547,4.407960499450368,True,significant,significant,True,|Δ| > σ かつ全 seed 同符号
transfer/b2a_mask_dim_07/b2a_mask_dim_07@val~relation_detr_seed42,seg_f1_10,paired_delta,injection,phase1/s4_phase_baseline/frozen_tecno_phase_baseline@val~relation_detr_seed42,paired,mean,3,0.03753686235444923,0.0072814331409927265,0.00891789789581159,5.155147568838568,4.20916036413457,True,significant,significant,True,|Δ| > σ かつ全 seed 同符号
transfer/b2a_mask_dim_07/b2a_mask_dim_07@val~relation_detr_seed42,seg_f1_25,paired_delta,injection,phase1/s4_phase_baseline/frozen_tecno_phase_baseline@val~relation_detr_seed42,paired,mean,3,0.04406244660746687,0.01036291344947137,0.01269192509991498,4.251936178210054,3.471691351831412,True,significant,significant,True,|Δ| > σ かつ全 seed 同符号
transfer/b2a_mask_dim_07/b2a_mask_dim_07@val~relation_detr_seed42,seg_f1_50,paired_delta,injection,phase1/s4_phase_baseline/frozen_tecno_phase_baseline@val~relation_detr_seed42,paired,mean,3,0.08057895770418007,0.015939525227184097,0.019521851774410577,5.05529220950424,4.127628804650781,True,significant,significant,True,|Δ| > σ かつ全 seed 同符号
transfer/b2a_mask_dim_08/b2a_mask_dim_08@val~relation_detr_seed42,accuracy,paired_delta,injection,phase1/s4_phase_baseline/frozen_tecno_phase_baseline@val~relation_detr_seed42,paired,mean,3,0.03921420713499927,0.003955583564414432,0.004844580683877437,9.913633853619364,8.094448146049569,True,significant,significant,True,|Δ| > σ かつ全 seed 同符号
transfer/b2a_mask_dim_08/b2a_mask_dim_08@val~relation_detr_seed42,edit_score,paired_delta,injection,phase1/s4_phase_baseline/frozen_tecno_phase_baseline@val~relation_detr_seed42,paired,mean,3,1.3006388904508153,6.395873875800174,7.8333137274537075,0.20335593160646795,0.1660394228680536,False,not_significant,not_significant,True,|Δ| <= σ
transfer/b2a_mask_dim_08/b2a_mask_dim_08@val~relation_detr_seed42,jaccard,paired_delta,injection,phase1/s4_phase_baseline/frozen_tecno_phase_baseline@val~relation_detr_seed42,paired,mean,3,0.11187287159266375,0.0108009121352056,0.013228361743944237,10.357724439588194,8.457046591115308,True,significant,significant,True,|Δ| > σ かつ全 seed 同符号
transfer/b2a_mask_dim_08/b2a_mask_dim_08@val~relation_detr_seed42,macro_f1,paired_delta,injection,phase1/s4_phase_baseline/frozen_tecno_phase_baseline@val~relation_detr_seed42,paired,mean,3,0.0957971538069214,0.012578561501096036,0.015405528687951057,7.61590693805282,6.218361975583875,True,significant,significant,True,|Δ| > σ かつ全 seed 同符号
transfer/b2a_mask_dim_08/b2a_mask_dim_08@val~relation_detr_seed42,seg_f1_10,paired_delta,injection,phase1/s4_phase_baseline/frozen_tecno_phase_baseline@val~relation_detr_seed42,paired,mean,3,0.04747127172090728,0.06090519849021641,0.0745933294919793,0.7794288976585947,0.636401030014509,False,not_significant,not_significant,True,|Δ| <= σ
transfer/b2a_mask_dim_08/b2a_mask_dim_08@val~relation_detr_seed42,seg_f1_25,paired_delta,injection,phase1/s4_phase_baseline/frozen_tecno_phase_baseline@val~relation_detr_seed42,paired,mean,3,0.0562794520496244,0.07174915797955139,0.08787441326212048,0.7843918121751913,0.6404532327487468,False,not_significant,not_significant,True,|Δ| <= σ
transfer/b2a_mask_dim_08/b2a_mask_dim_08@val~relation_detr_seed42,seg_f1_50,paired_delta,injection,phase1/s4_phase_baseline/frozen_tecno_phase_baseline@val~relation_detr_seed42,paired,mean,3,0.08232675764670615,0.07713256193488069,0.09446770964703922,1.0673411537427042,0.8714804027143724,False,not_significant,not_significant,True,全 seed 同符号ではない
transfer/b2a_mask_dim_09/b2a_mask_dim_09@val~relation_detr_seed42,accuracy,paired_delta,injection,phase1/s4_phase_baseline/frozen_tecno_phase_baseline@val~relation_detr_seed42,paired,mean,3,0.030633349049190683,0.0030328982451829425,0.003714526571240359,10.100355030982222,8.24690534895314,True,significant,significant,True,|Δ| > σ かつ全 seed 同符号
transfer/b2a_mask_dim_09/b2a_mask_dim_09@val~relation_detr_seed42,edit_score,paired_delta,injection,phase1/s4_phase_baseline/frozen_tecno_phase_baseline@val~relation_detr_seed42,paired,mean,3,3.2571572733202268,2.35122717801567,2.8796534277512107,1.3853009627377313,1.1310934996312447,True,significant,significant,True,|Δ| > σ かつ全 seed 同符号
transfer/b2a_mask_dim_09/b2a_mask_dim_09@val~relation_detr_seed42,jaccard,paired_delta,injection,phase1/s4_phase_baseline/frozen_tecno_phase_baseline@val~relation_detr_seed42,paired,mean,3,0.09305092107328557,0.009109081403535316,0.011156300732068376,10.21518163589708,8.340660879265663,True,significant,significant,True,|Δ| > σ かつ全 seed 同符号
transfer/b2a_mask_dim_09/b2a_mask_dim_09@val~relation_detr_seed42,macro_f1,paired_delta,injection,phase1/s4_phase_baseline/frozen_tecno_phase_baseline@val~relation_detr_seed42,paired,mean,3,0.08289439550896356,0.00843279949228465,0.010328027929649222,9.829997213239261,8.026159115138931,True,significant,significant,True,|Δ| > σ かつ全 seed 同符号
transfer/b2a_mask_dim_09/b2a_mask_dim_09@val~relation_detr_seed42,seg_f1_10,paired_delta,injection,phase1/s4_phase_baseline/frozen_tecno_phase_baseline@val~relation_detr_seed42,paired,mean,3,0.041414455454154196,0.027982294347329826,0.034271171491662054,1.4800235799144223,1.208434192692539,True,significant,significant,True,|Δ| > σ かつ全 seed 同符号
transfer/b2a_mask_dim_09/b2a_mask_dim_09@val~relation_detr_seed42,seg_f1_25,paired_delta,injection,phase1/s4_phase_baseline/frozen_tecno_phase_baseline@val~relation_detr_seed42,paired,mean,3,0.05202302965873697,0.02543759246881628,0.03115456091673205,2.0451239527683898,1.6698367150087865,True,significant,significant,True,|Δ| > σ かつ全 seed 同符号
transfer/b2a_mask_dim_09/b2a_mask_dim_09@val~relation_detr_seed42,seg_f1_50,paired_delta,injection,phase1/s4_phase_baseline/frozen_tecno_phase_baseline@val~relation_detr_seed42,paired,mean,3,0.07949363190678803,0.026858306833576102,0.032894573548684,2.9597409992878427,2.416618406350135,True,significant,significant,True,|Δ| > σ かつ全 seed 同符号
transfer/b2a_mask_dim_10/b2a_mask_dim_10@val~relation_detr_seed42,accuracy,paired_delta,injection,phase1/s4_phase_baseline/frozen_tecno_phase_baseline@val~relation_detr_seed42,paired,mean,3,0.035253811095395306,0.006289315657321251,0.007702807095867023,5.605349296525948,4.576748535519071,True,significant,significant,True,|Δ| > σ かつ全 seed 同符号
transfer/b2a_mask_dim_10/b2a_mask_dim_10@val~relation_detr_seed42,edit_score,paired_delta,injection,phase1/s4_phase_baseline/frozen_tecno_phase_baseline@val~relation_detr_seed42,paired,mean,3,6.333554273426941,1.7554843958317081,2.1500205106028467,3.6078670300149542,2.9458110944490796,True,significant,significant,True,|Δ| > σ かつ全 seed 同符号
transfer/b2a_mask_dim_10/b2a_mask_dim_10@val~relation_detr_seed42,jaccard,paired_delta,injection,phase1/s4_phase_baseline/frozen_tecno_phase_baseline@val~relation_detr_seed42,paired,mean,3,0.10129988295518133,0.02062701944493317,0.025262836277276483,4.911028625614869,4.00983808165273,True,significant,significant,True,|Δ| > σ かつ全 seed 同符号
transfer/b2a_mask_dim_10/b2a_mask_dim_10@val~relation_detr_seed42,macro_f1,paired_delta,injection,phase1/s4_phase_baseline/frozen_tecno_phase_baseline@val~relation_detr_seed42,paired,mean,3,0.08678753270418622,0.018170343369579903,0.022254034853317152,4.776328709862611,3.8998560609897583,True,significant,significant,True,|Δ| > σ かつ全 seed 同符号
transfer/b2a_mask_dim_10/b2a_mask_dim_10@val~relation_detr_seed42,seg_f1_10,paired_delta,injection,phase1/s4_phase_baseline/frozen_tecno_phase_baseline@val~relation_detr_seed42,paired,mean,3,0.07513940605570828,0.04056709802954345,0.04968434525892317,1.8522253181873438,1.5123356394077356,True,significant,significant,True,|Δ| > σ かつ全 seed 同符号
transfer/b2a_mask_dim_10/b2a_mask_dim_10@val~relation_detr_seed42,seg_f1_25,paired_delta,injection,phase1/s4_phase_baseline/frozen_tecno_phase_baseline@val~relation_detr_seed42,paired,mean,3,0.07760783560023021,0.05480135402231781,0.06711767728414857,1.4161663883090276,1.1562950140790875,True,significant,significant,True,|Δ| > σ かつ全 seed 同符号
transfer/b2a_mask_dim_10/b2a_mask_dim_10@val~relation_detr_seed42,seg_f1_50,paired_delta,injection,phase1/s4_phase_baseline/frozen_tecno_phase_baseline@val~relation_detr_seed42,paired,mean,3,0.11104758414531045,0.057593851226099904,0.07053777391285604,1.92811527239885,1.5742995275481921,True,significant,significant,True,|Δ| > σ かつ全 seed 同符号
transfer/b2a_mask_dim_11/b2a_mask_dim_11@val~relation_detr_seed42,accuracy,paired_delta,injection,phase1/s4_phase_baseline/frozen_tecno_phase_baseline@val~relation_detr_seed42,paired,mean,3,0.038334119126198406,0.006855014114389779,0.008395643379915838,5.59212840214711,4.565953720461944,True,significant,significant,True,|Δ| > σ かつ全 seed 同符号
transfer/b2a_mask_dim_11/b2a_mask_dim_11@val~relation_detr_seed42,edit_score,paired_delta,injection,phase1/s4_phase_baseline/frozen_tecno_phase_baseline@val~relation_detr_seed42,paired,mean,3,0.955579403114907,7.779425879338131,9.52781194809038,0.12283418055989076,0.10029368844820975,False,not_significant,not_significant,True,|Δ| <= σ
transfer/b2a_mask_dim_11/b2a_mask_dim_11@val~relation_detr_seed42,jaccard,paired_delta,injection,phase1/s4_phase_baseline/frozen_tecno_phase_baseline@val~relation_detr_seed42,paired,mean,3,0.10454877274242942,0.016775090968331546,0.020545206630591426,6.2323818654575,5.088718484182012,True,significant,significant,True,|Δ| > σ かつ全 seed 同符号
transfer/b2a_mask_dim_11/b2a_mask_dim_11@val~relation_detr_seed42,macro_f1,paired_delta,injection,phase1/s4_phase_baseline/frozen_tecno_phase_baseline@val~relation_detr_seed42,paired,mean,3,0.09189444169152187,0.014988845295915605,0.018357511404254585,6.130855304548557,5.0058223943265086,True,significant,significant,True,|Δ| > σ かつ全 seed 同符号
transfer/b2a_mask_dim_11/b2a_mask_dim_11@val~relation_detr_seed42,seg_f1_10,paired_delta,injection,phase1/s4_phase_baseline/frozen_tecno_phase_baseline@val~relation_detr_seed42,paired,mean,3,0.04261388559915332,0.08536628430112879,0.10455191888756381,0.49918871306185975,0.4075858774527202,False,not_significant,not_significant,True,|Δ| <= σ
transfer/b2a_mask_dim_11/b2a_mask_dim_11@val~relation_detr_seed42,seg_f1_25,paired_delta,injection,phase1/s4_phase_baseline/frozen_tecno_phase_baseline@val~relation_detr_seed42,paired,mean,3,0.05802835874105986,0.08833875992046801,0.10819244315768606,0.6568844615127402,0.5363439168897027,False,not_significant,not_significant,True,|Δ| <= σ
transfer/b2a_mask_dim_11/b2a_mask_dim_11@val~relation_detr_seed42,seg_f1_50,paired_delta,injection,phase1/s4_phase_baseline/frozen_tecno_phase_baseline@val~relation_detr_seed42,paired,mean,3,0.09103857371484401,0.09635541522797059,0.118010800631264,0.944820522016876,0.7714427258171286,False,not_significant,not_significant,True,|Δ| <= σ
transfer/b2a_mask_dim_12/b2a_mask_dim_12@val~relation_detr_seed42,accuracy,paired_delta,injection,phase1/s4_phase_baseline/frozen_tecno_phase_baseline@val~relation_detr_seed42,paired,mean,3,0.04009429514380014,0.002749195360697807,0.0033670629184681888,14.58401091351446,11.9077950470972,True,significant,significant,True,|Δ| > σ かつ全 seed 同符号
transfer/b2a_mask_dim_12/b2a_mask_dim_12@val~relation_detr_seed42,edit_score,paired_delta,injection,phase1/s4_phase_baseline/frozen_tecno_phase_baseline@val~relation_detr_seed42,paired,mean,3,3.0390124309923814,1.8748593035159,2.296224316561905,1.6209282612798517,1.3234823832641227,True,significant,significant,True,|Δ| > σ かつ全 seed 同符号
transfer/b2a_mask_dim_12/b2a_mask_dim_12@val~relation_detr_seed42,jaccard,paired_delta,injection,phase1/s4_phase_baseline/frozen_tecno_phase_baseline@val~relation_detr_seed42,paired,mean,3,0.11216142622007146,0.007687996590995269,0.009415834396097476,14.589161804707736,11.91200073214524,True,significant,significant,True,|Δ| > σ かつ全 seed 同符号
transfer/b2a_mask_dim_12/b2a_mask_dim_12@val~relation_detr_seed42,macro_f1,paired_delta,injection,phase1/s4_phase_baseline/frozen_tecno_phase_baseline@val~relation_detr_seed42,paired,mean,3,0.0957898942402805,0.010069739246318744,0.012332861498179486,9.512648927359166,7.7670453247545606,True,significant,significant,True,|Δ| > σ かつ全 seed 同符号
transfer/b2a_mask_dim_12/b2a_mask_dim_12@val~relation_detr_seed42,seg_f1_10,paired_delta,injection,phase1/s4_phase_baseline/frozen_tecno_phase_baseline@val~relation_detr_seed42,paired,mean,3,0.04497325887806688,0.017423519709258647,0.0213393664055048,2.581181048865152,2.1075255011538383,True,significant,significant,True,|Δ| > σ かつ全 seed 同符号
transfer/b2a_mask_dim_12/b2a_mask_dim_12@val~relation_detr_seed42,seg_f1_25,paired_delta,injection,phase1/s4_phase_baseline/frozen_tecno_phase_baseline@val~relation_detr_seed42,paired,mean,3,0.05611422774646905,0.01920039183649909,0.02351558143046119,2.922556384489946,2.386257295504538,True,significant,significant,True,|Δ| > σ かつ全 seed 同符号
transfer/b2a_mask_dim_12/b2a_mask_dim_12@val~relation_detr_seed42,seg_f1_50,paired_delta,injection,phase1/s4_phase_baseline/frozen_tecno_phase_baseline@val~relation_detr_seed42,paired,mean,3,0.10118947857839254,0.03211933697741854,0.03933799323559158,3.150422396624615,2.5723091153221307,True,significant,significant,True,|Δ| > σ かつ全 seed 同符号
transfer/b2a_mask_dim_13/b2a_mask_dim_13@val~relation_detr_seed42,accuracy,paired_delta,injection,phase1/s4_phase_baseline/frozen_tecno_phase_baseline@val~relation_detr_seed42,paired,mean,3,0.04009429514380014,0.0028339207603174095,0.0034708299171289,14.147994434152574,11.551789082470075,True,significant,significant,True,|Δ| > σ かつ全 seed 同符号
transfer/b2a_mask_dim_13/b2a_mask_dim_13@val~relation_detr_seed42,edit_score,paired_delta,injection,phase1/s4_phase_baseline/frozen_tecno_phase_baseline@val~relation_detr_seed42,paired,mean,3,0.6860872218580241,1.899546244090973,2.3264595204215746,0.3611847955754037,0.2949061506703968,False,not_significant,not_significant,True,|Δ| <= σ
transfer/b2a_mask_dim_13/b2a_mask_dim_13@val~relation_detr_seed42,jaccard,paired_delta,injection,phase1/s4_phase_baseline/frozen_tecno_phase_baseline@val~relation_detr_seed42,paired,mean,3,0.11641770891506979,0.007602056939397843,0.009310580248554348,15.31397486800345,12.503808120137942,True,significant,significant,True,|Δ| > σ かつ全 seed 同符号
transfer/b2a_mask_dim_13/b2a_mask_dim_13@val~relation_detr_seed42,macro_f1,paired_delta,injection,phase1/s4_phase_baseline/frozen_tecno_phase_baseline@val~relation_detr_seed42,paired,mean,3,0.09969302254059302,0.010414626378802867,0.012755260244898368,9.572405088242105,7.815836025804847,True,significant,significant,True,|Δ| > σ かつ全 seed 同符号
transfer/b2a_mask_dim_13/b2a_mask_dim_13@val~relation_detr_seed42,seg_f1_10,paired_delta,injection,phase1/s4_phase_baseline/frozen_tecno_phase_baseline@val~relation_detr_seed42,paired,mean,3,0.03092919307241439,0.038356093886464784,0.04697642927406202,0.8063697300347046,0.6583981275369498,True,not_significant,not_significant,True,|Δ| <= σ
transfer/b2a_mask_dim_13/b2a_mask_dim_13@val~relation_detr_seed42,seg_f1_25,paired_delta,injection,phase1/s4_phase_baseline/frozen_tecno_phase_baseline@val~relation_detr_seed42,paired,mean,3,0.03905789776266196,0.031848578318336186,0.039006382956495604,1.226362362937097,1.0013206763165867,True,significant,significant,True,|Δ| > σ かつ全 seed 同符号
transfer/b2a_mask_dim_13/b2a_mask_dim_13@val~relation_detr_seed42,seg_f1_50,paired_delta,injection,phase1/s4_phase_baseline/frozen_tecno_phase_baseline@val~relation_detr_seed42,paired,mean,3,0.07641752535895237,0.04858429638957838,0.05950336783330502,1.572885294997179,1.2842554655566945,True,significant,significant,True,|Δ| > σ かつ全 seed 同符号
transfer/b2a_mask_dim_14/b2a_mask_dim_14@val~relation_detr_seed42,accuracy,paired_delta,injection,phase1/s4_phase_baseline/frozen_tecno_phase_baseline@val~relation_detr_seed42,paired,mean,3,0.03965425113939972,0.003685137650608906,0.004513353437955307,10.760588856931175,8.785984010453292,True,significant,significant,True,|Δ| > σ かつ全 seed 同符号
transfer/b2a_mask_dim_14/b2a_mask_dim_14@val~relation_detr_seed42,edit_score,paired_delta,injection,phase1/s4_phase_baseline/frozen_tecno_phase_baseline@val~relation_detr_seed42,paired,mean,3,2.049480139228853,1.7312477076766324,2.1203367510854005,1.1838168103507813,0.9665823780961792,True,significant,not_significant,False,|Δ| > σ かつ全 seed 同符号
transfer/b2a_mask_dim_14/b2a_mask_dim_14@val~relation_detr_seed42,jaccard,paired_delta,injection,phase1/s4_phase_baseline/frozen_tecno_phase_baseline@val~relation_detr_seed42,paired,mean,3,0.11060118950034836,0.0060817099184069245,0.00744854303186024,18.185870583140183,14.84870115232807,True,significant,significant,True,|Δ| > σ かつ全 seed 同符号
transfer/b2a_mask_dim_14/b2a_mask_dim_14@val~relation_detr_seed42,macro_f1,paired_delta,injection,phase1/s4_phase_baseline/frozen_tecno_phase_baseline@val~relation_detr_seed42,paired,mean,3,0.09514984710251588,0.00811140845575918,0.009934405905953424,11.730373044518373,9.577809483856011,True,significant,significant,True,|Δ| > σ かつ全 seed 同符号
transfer/b2a_mask_dim_14/b2a_mask_dim_14@val~relation_detr_seed42,seg_f1_10,paired_delta,injection,phase1/s4_phase_baseline/frozen_tecno_phase_baseline@val~relation_detr_seed42,paired,mean,3,0.03947079204434478,0.020339436170275293,0.02491062013654125,1.9406040420151207,1.5844965652398713,True,significant,significant,True,|Δ| > σ かつ全 seed 同符号
transfer/b2a_mask_dim_14/b2a_mask_dim_14@val~relation_detr_seed42,seg_f1_25,paired_delta,injection,phase1/s4_phase_baseline/frozen_tecno_phase_baseline@val~relation_detr_seed42,paired,mean,3,0.046561473857069956,0.020222082311098483,0.02476689159937644,2.3025063957689276,1.879988599709551,True,significant,significant,True,|Δ| > σ かつ全 seed 同符号
transfer/b2a_mask_dim_14/b2a_mask_dim_14@val~relation_detr_seed42,seg_f1_50,paired_delta,injection,phase1/s4_phase_baseline/frozen_tecno_phase_baseline@val~relation_detr_seed42,paired,mean,3,0.0915565848049702,0.031202127595269854,0.03821464574881273,2.934305826595296,2.395850674811364,True,significant,significant,True,|Δ| > σ かつ全 seed 同符号
transfer/b2a_oracle_mask_00/b2a_oracle_mask_00@val~relation_detr_seed42,accuracy,paired_delta,injection,phase1/s4_phase_baseline/frozen_tecno_phase_baseline@val~relation_detr_seed42,paired,mean,3,0.0497752632406098,0.006060849657897955,0.007422994534785987,8.212588341594508,6.705550301478819,True,significant,significant,True,|Δ| > σ かつ全 seed 同符号
transfer/b2a_oracle_mask_00/b2a_oracle_mask_00@val~relation_detr_seed42,edit_score,paired_delta,injection,phase1/s4_phase_baseline/frozen_tecno_phase_baseline@val~relation_detr_seed42,paired,mean,3,12.644879814637541,2.7676970290231955,3.3897227418618963,4.568736997596989,3.7303581376959465,True,significant,significant,True,|Δ| > σ かつ全 seed 同符号
transfer/b2a_oracle_mask_00/b2a_oracle_mask_00@val~relation_detr_seed42,jaccard,paired_delta,injection,phase1/s4_phase_baseline/frozen_tecno_phase_baseline@val~relation_detr_seed42,paired,mean,3,0.12144423175614916,0.015662862798481263,0.019183010883750042,7.753642058840284,6.330822230780505,True,significant,significant,True,|Δ| > σ かつ全 seed 同符号
transfer/b2a_oracle_mask_00/b2a_oracle_mask_00@val~relation_detr_seed42,macro_f1,paired_delta,injection,phase1/s4_phase_baseline/frozen_tecno_phase_baseline@val~relation_detr_seed42,paired,mean,3,0.09988304250445997,0.012640280607554349,0.01548111884705275,7.901964015321446,6.451926601123885,True,significant,significant,True,|Δ| > σ かつ全 seed 同符号
transfer/b2a_oracle_mask_00/b2a_oracle_mask_00@val~relation_detr_seed42,seg_f1_10,paired_delta,injection,phase1/s4_phase_baseline/frozen_tecno_phase_baseline@val~relation_detr_seed42,paired,mean,3,0.1584483193646216,0.020654977187159935,0.0252970773786844,7.671193142886655,6.26350297280317,True,significant,significant,True,|Δ| > σ かつ全 seed 同符号
transfer/b2a_oracle_mask_00/b2a_oracle_mask_00@val~relation_detr_seed42,seg_f1_25,paired_delta,injection,phase1/s4_phase_baseline/frozen_tecno_phase_baseline@val~relation_detr_seed42,paired,mean,3,0.16434663178347084,0.020746228006123107,0.025408836351219828,7.921759643968294,6.468089664231353,True,significant,significant,True,|Δ| > σ かつ全 seed 同符号
transfer/b2a_oracle_mask_00/b2a_oracle_mask_00@val~relation_detr_seed42,seg_f1_50,paired_delta,injection,phase1/s4_phase_baseline/frozen_tecno_phase_baseline@val~relation_detr_seed42,paired,mean,3,0.17193936725931566,0.024768073365950768,0.030334570829198815,6.941975854112441,5.668099549765638,True,significant,significant,True,|Δ| > σ かつ全 seed 同符号
transfer/b2a_oracle_mask_01/b2a_oracle_mask_01@val~relation_detr_seed42,accuracy,paired_delta,injection,phase1/s4_phase_baseline/frozen_tecno_phase_baseline@val~relation_detr_seed42,paired,mean,3,0.06143642935722149,0.005063437526700487,0.006201419142438133,12.13334400459279,9.906833894969935,True,significant,significant,True,|Δ| > σ かつ全 seed 同符号
transfer/b2a_oracle_mask_01/b2a_oracle_mask_01@val~relation_detr_seed42,edit_score,paired_delta,injection,phase1/s4_phase_baseline/frozen_tecno_phase_baseline@val~relation_detr_seed42,paired,mean,3,16.239594735022962,1.6924101991852676,2.072770711742974,9.595542938018669,7.83472800103743,True,significant,significant,True,|Δ| > σ かつ全 seed 同符号
transfer/b2a_oracle_mask_01/b2a_oracle_mask_01@val~relation_detr_seed42,jaccard,paired_delta,injection,phase1/s4_phase_baseline/frozen_tecno_phase_baseline@val~relation_detr_seed42,paired,mean,3,0.1624338001305677,0.010101089342883745,0.012371257368165103,16.08082005976939,13.129934597315696,True,significant,significant,True,|Δ| > σ かつ全 seed 同符号
transfer/b2a_oracle_mask_01/b2a_oracle_mask_01@val~relation_detr_seed42,macro_f1,paired_delta,injection,phase1/s4_phase_baseline/frozen_tecno_phase_baseline@val~relation_detr_seed42,paired,mean,3,0.12919983409423033,0.008300054939030056,0.01016544971884549,15.566142036805434,12.709701751286987,True,significant,significant,True,|Δ| > σ かつ全 seed 同符号
transfer/b2a_oracle_mask_01/b2a_oracle_mask_01@val~relation_detr_seed42,seg_f1_10,paired_delta,injection,phase1/s4_phase_baseline/frozen_tecno_phase_baseline@val~relation_detr_seed42,paired,mean,3,0.1964082364748655,0.01056341742824568,0.012937491319612427,18.593247669043784,15.181323150116661,True,significant,significant,True,|Δ| > σ かつ全 seed 同符号
transfer/b2a_oracle_mask_01/b2a_oracle_mask_01@val~relation_detr_seed42,seg_f1_25,paired_delta,injection,phase1/s4_phase_baseline/frozen_tecno_phase_baseline@val~relation_detr_seed42,paired,mean,3,0.2156541272412931,0.009971476067568921,0.012212514173959006,21.627101722951863,17.65845461216633,True,significant,significant,True,|Δ| > σ かつ全 seed 同符号
transfer/b2a_oracle_mask_01/b2a_oracle_mask_01@val~relation_detr_seed42,seg_f1_50,paired_delta,injection,phase1/s4_phase_baseline/frozen_tecno_phase_baseline@val~relation_detr_seed42,paired,mean,3,0.2454204310998567,0.034585230957096355,0.04235808424059738,7.096105022525524,5.7939454887961555,True,significant,significant,True,|Δ| > σ かつ全 seed 同符号
transfer/b2a_oracle_mask_02/b2a_oracle_mask_02@val~relation_detr_seed42,accuracy,paired_delta,injection,phase1/s4_phase_baseline/frozen_tecno_phase_baseline@val~relation_detr_seed42,paired,mean,3,0.06209649536382211,0.00551304030813848,0.00675206784316771,11.263566361405665,9.196663423140274,True,significant,significant,True,|Δ| > σ かつ全 seed 同符号
transfer/b2a_oracle_mask_02/b2a_oracle_mask_02@val~relation_detr_seed42,edit_score,paired_delta,injection,phase1/s4_phase_baseline/frozen_tecno_phase_baseline@val~relation_detr_seed42,paired,mean,3,13.352805633674476,5.934044872390398,7.267691024067697,2.250203010058398,1.8372830641059594,True,significant,significant,True,|Δ| > σ かつ全 seed 同符号
transfer/b2a_oracle_mask_02/b2a_oracle_mask_02@val~relation_detr_seed42,jaccard,paired_delta,injection,phase1/s4_phase_baseline/frozen_tecno_phase_baseline@val~relation_detr_seed42,paired,mean,3,0.16678012250538818,0.013233758375506032,0.0162079776996365,12.60262714287398,10.29000197286356,True,significant,significant,True,|Δ| > σ かつ全 seed 同符号
transfer/b2a_oracle_mask_02/b2a_oracle_mask_02@val~relation_detr_seed42,macro_f1,paired_delta,injection,phase1/s4_phase_baseline/frozen_tecno_phase_baseline@val~relation_detr_seed42,paired,mean,3,0.1318942728730318,0.011093779939837784,0.013587050085663216,11.88902913058508,9.707351635672852,True,significant,significant,True,|Δ| > σ かつ全 seed 同符号
transfer/b2a_oracle_mask_02/b2a_oracle_mask_02@val~relation_detr_seed42,seg_f1_10,paired_delta,injection,phase1/s4_phase_baseline/frozen_tecno_phase_baseline@val~relation_detr_seed42,paired,mean,3,0.17210457310297714,0.05032689011015303,0.06163760055549801,3.419733918115804,2.7922010518241303,True,significant,significant,True,|Δ| > σ かつ全 seed 同符号
transfer/b2a_oracle_mask_02/b2a_oracle_mask_02@val~relation_detr_seed42,seg_f1_25,paired_delta,injection,phase1/s4_phase_baseline/frozen_tecno_phase_baseline@val~relation_detr_seed42,paired,mean,3,0.19135046386940474,0.049290969023445486,0.06036886151738654,3.882059283078569,3.169688131592391,True,significant,significant,True,|Δ| > σ かつ全 seed 同符号
transfer/b2a_oracle_mask_02/b2a_oracle_mask_02@val~relation_detr_seed42,seg_f1_50,paired_delta,injection,phase1/s4_phase_baseline/frozen_tecno_phase_baseline@val~relation_detr_seed42,paired,mean,3,0.21962511883669295,0.06822149374425336,0.08355392458194769,3.219295075244421,2.6285434219345363,True,significant,significant,True,|Δ| > σ かつ全 seed 同符号
transfer/b2a_oracle_mask_03/b2a_oracle_mask_03@val~relation_detr_seed42,accuracy,paired_delta,injection,phase1/s4_phase_baseline/frozen_tecno_phase_baseline@val~relation_detr_seed42,paired,mean,3,0.06275656137042278,0.004059128180845261,0.004971396421811304,15.460601039052316,12.623527887473864,True,significant,significant,True,|Δ| > σ かつ全 seed 同符号
transfer/b2a_oracle_mask_03/b2a_oracle_mask_03@val~relation_detr_seed42,edit_score,paired_delta,injection,phase1/s4_phase_baseline/frozen_tecno_phase_baseline@val~relation_detr_seed42,paired,mean,3,15.501069885387002,1.2727956824907651,1.558849984459922,12.178757438155806,9.943913808202328,True,significant,significant,True,|Δ| > σ かつ全 seed 同符号
transfer/b2a_oracle_mask_03/b2a_oracle_mask_03@val~relation_detr_seed42,jaccard,paired_delta,injection,phase1/s4_phase_baseline/frozen_tecno_phase_baseline@val~relation_detr_seed42,paired,mean,3,0.1694874509776787,0.0051117209770421695,0.0062605540506171994,33.15663193254934,27.0722766080056,True,significant,significant,True,|Δ| > σ かつ全 seed 同符号
transfer/b2a_oracle_mask_03/b2a_oracle_mask_03@val~relation_detr_seed42,macro_f1,paired_delta,injection,phase1/s4_phase_baseline/frozen_tecno_phase_baseline@val~relation_detr_seed42,paired,mean,3,0.13352814345129835,0.0071998940037346785,0.008818033255637101,18.545848505830165,15.142621895413907,True,significant,significant,True,|Δ| > σ かつ全 seed 同符号
transfer/b2a_oracle_mask_03/b2a_oracle_mask_03@val~relation_detr_seed42,seg_f1_10,paired_delta,injection,phase1/s4_phase_baseline/frozen_tecno_phase_baseline@val~relation_detr_seed42,paired,mean,3,0.1882701436308903,0.005365886812739826,0.006571842354370862,35.08649179552101,28.648000587791618,True,significant,significant,True,|Δ| > σ かつ全 seed 同符号
transfer/b2a_oracle_mask_03/b2a_oracle_mask_03@val~relation_detr_seed42,seg_f1_25,paired_delta,injection,phase1/s4_phase_baseline/frozen_tecno_phase_baseline@val~relation_detr_seed42,paired,mean,3,0.20307158995287342,0.013896557214633249,0.017019737178621857,14.613086307379534,11.93153500677716,True,significant,significant,True,|Δ| > σ かつ全 seed 同符号
transfer/b2a_oracle_mask_03/b2a_oracle_mask_03@val~relation_detr_seed42,seg_f1_50,paired_delta,injection,phase1/s4_phase_baseline/frozen_tecno_phase_baseline@val~relation_detr_seed42,paired,mean,3,0.2497702812013408,0.03241542912599415,0.03970063057601888,7.705289978748063,6.291342922704463,True,significant,significant,True,|Δ| > σ かつ全 seed 同符号
transfer/b2a_oracle_mask_04/b2a_oracle_mask_04@val~relation_detr_seed42,accuracy,paired_delta,injection,phase1/s4_phase_baseline/frozen_tecno_phase_baseline@val~relation_detr_seed42,paired,mean,3,0.06187647336162191,0.003981027362805911,0.004875742845466122,15.54284050889067,12.69067613341419,True,significant,significant,True,|Δ| > σ かつ全 seed 同符号
transfer/b2a_oracle_mask_04/b2a_oracle_mask_04@val~relation_detr_seed42,edit_score,paired_delta,injection,phase1/s4_phase_baseline/frozen_tecno_phase_baseline@val~relation_detr_seed42,paired,mean,3,14.131332626760857,2.46668916445703,3.0210649034859514,5.72886638105108,4.677599812720002,True,significant,significant,True,|Δ| > σ かつ全 seed 同符号
transfer/b2a_oracle_mask_04/b2a_oracle_mask_04@val~relation_detr_seed42,jaccard,paired_delta,injection,phase1/s4_phase_baseline/frozen_tecno_phase_baseline@val~relation_detr_seed42,paired,mean,3,0.16649940360464313,0.008251414013591732,0.010105876994875161,20.178287422057025,16.4755026890865,True,significant,significant,True,|Δ| > σ かつ全 seed 同符号
transfer/b2a_oracle_mask_04/b2a_oracle_mask_04@val~relation_detr_seed42,macro_f1,paired_delta,injection,phase1/s4_phase_baseline/frozen_tecno_phase_baseline@val~relation_detr_seed42,paired,mean,3,0.13170070455780244,0.006968218587114093,0.00853428997730353,18.90019707495236,15.43194629055881,True,significant,significant,True,|Δ| > σ かつ全 seed 同符号
transfer/b2a_oracle_mask_04/b2a_oracle_mask_04@val~relation_detr_seed42,seg_f1_10,paired_delta,injection,phase1/s4_phase_baseline/frozen_tecno_phase_baseline@val~relation_detr_seed42,paired,mean,3,0.17471511478174384,0.024947158888323284,0.030553904904265038,7.003407304369262,5.7182581188617645,True,significant,significant,True,|Δ| > σ かつ全 seed 同符号
transfer/b2a_oracle_mask_04/b2a_oracle_mask_04@val~relation_detr_seed42,seg_f1_25,paired_delta,injection,phase1/s4_phase_baseline/frozen_tecno_phase_baseline@val~relation_detr_seed42,paired,mean,3,0.1896875012746672,0.028896618857207335,0.035390985745922164,6.564349352151133,5.359768802046534,True,significant,significant,True,|Δ| > σ かつ全 seed 同符号
transfer/b2a_oracle_mask_04/b2a_oracle_mask_04@val~relation_detr_seed42,seg_f1_50,paired_delta,injection,phase1/s4_phase_baseline/frozen_tecno_phase_baseline@val~relation_detr_seed42,paired,mean,3,0.22084239475711448,0.05018552231570142,0.061464461074263455,4.400520001921352,3.593009535872855,True,significant,significant,True,|Δ| > σ かつ全 seed 同符号
transfer/b2a_oracle_mask_05/b2a_oracle_mask_05@val~relation_detr_seed42,accuracy,paired_delta,injection,phase1/s4_phase_baseline/frozen_tecno_phase_baseline@val~relation_detr_seed42,paired,mean,3,0.060996385352821036,0.006070426822812933,0.007434724118398078,10.048121348501216,8.204256725798134,True,significant,significant,True,|Δ| > σ かつ全 seed 同符号
transfer/b2a_oracle_mask_05/b2a_oracle_mask_05@val~relation_detr_seed42,edit_score,paired_delta,injection,phase1/s4_phase_baseline/frozen_tecno_phase_baseline@val~relation_detr_seed42,paired,mean,3,14.582020862889701,4.5034302268438005,5.515553073996805,3.2379808564524857,2.6438002984028848,True,significant,significant,True,|Δ| > σ かつ全 seed 同符号
transfer/b2a_oracle_mask_05/b2a_oracle_mask_05@val~relation_detr_seed42,jaccard,paired_delta,injection,phase1/s4_phase_baseline/frozen_tecno_phase_baseline@val~relation_detr_seed42,paired,mean,3,0.1665125034937315,0.012144863395391309,0.014874359157256946,13.710529140815128,11.194600166185506,True,significant,significant,True,|Δ| > σ かつ全 seed 同符号
transfer/b2a_oracle_mask_05/b2a_oracle_mask_05@val~relation_detr_seed42,macro_f1,paired_delta,injection,phase1/s4_phase_baseline/frozen_tecno_phase_baseline@val~relation_detr_seed42,paired,mean,3,0.1319108060966976,0.011013080854571373,0.013488214294857187,11.977648020439558,9.779708656244646,True,significant,significant,True,|Δ| > σ かつ全 seed 同符号
transfer/b2a_oracle_mask_05/b2a_oracle_mask_05@val~relation_detr_seed42,seg_f1_10,paired_delta,injection,phase1/s4_phase_baseline/frozen_tecno_phase_baseline@val~relation_detr_seed42,paired,mean,3,0.1682933627950992,0.0507780418865239,0.062190146379827435,3.3142940637843497,2.70610977126898,True,significant,significant,True,|Δ| > σ かつ全 seed 同符号
transfer/b2a_oracle_mask_05/b2a_oracle_mask_05@val~relation_detr_seed42,seg_f1_25,paired_delta,injection,phase1/s4_phase_baseline/frozen_tecno_phase_baseline@val~relation_detr_seed42,paired,mean,3,0.17864680769429103,0.05808926357241016,0.07114452764322361,3.075384274266138,2.511040744977197,True,significant,significant,True,|Δ| > σ かつ全 seed 同符号
transfer/b2a_oracle_mask_05/b2a_oracle_mask_05@val~relation_detr_seed42,seg_f1_50,paired_delta,injection,phase1/s4_phase_baseline/frozen_tecno_phase_baseline@val~relation_detr_seed42,paired,mean,3,0.21599553673565333,0.07249673584195572,0.08879000541506606,2.9793829229294926,2.4326559698463854,True,significant,significant,True,|Δ| > σ かつ全 seed 同符号
transfer/b2a_oracle_mask_06/b2a_oracle_mask_06@val~relation_detr_seed42,accuracy,paired_delta,injection,phase1/s4_phase_baseline/frozen_tecno_phase_baseline@val~relation_detr_seed42,paired,mean,3,0.05593587930221596,0.003086242267223496,0.0037798593886539267,18.124267137504425,14.798402149593109,True,significant,significant,True,|Δ| > σ かつ全 seed 同符号
transfer/b2a_oracle_mask_06/b2a_oracle_mask_06@val~relation_detr_seed42,edit_score,paired_delta,injection,phase1/s4_phase_baseline/frozen_tecno_phase_baseline@val~relation_detr_seed42,paired,mean,3,6.584161133847178,2.861176849421078,3.50421167247281,2.301207328438785,1.8789279156760943,True,significant,significant,True,|Δ| > σ かつ全 seed 同符号
transfer/b2a_oracle_mask_06/b2a_oracle_mask_06@val~relation_detr_seed42,jaccard,paired_delta,injection,phase1/s4_phase_baseline/frozen_tecno_phase_baseline@val~relation_detr_seed42,paired,mean,3,0.15741528145950545,0.0051897884639995,0.00635616680489062,30.33173366341673,24.76575682979017,True,significant,significant,True,|Δ| > σ かつ全 seed 同符号
transfer/b2a_oracle_mask_06/b2a_oracle_mask_06@val~relation_detr_seed42,macro_f1,paired_delta,injection,phase1/s4_phase_baseline/frozen_tecno_phase_baseline@val~relation_detr_seed42,paired,mean,3,0.1265651255038851,0.005242449887926423,0.006420663613765297,24.142362485022463,19.71215642453864,True,significant,significant,True,|Δ| > σ かつ全 seed 同符号
transfer/b2a_oracle_mask_06/b2a_oracle_mask_06@val~relation_detr_seed42,seg_f1_10,paired_delta,injection,phase1/s4_phase_baseline/frozen_tecno_phase_baseline@val~relation_detr_seed42,paired,mean,3,0.11919865331246537,0.03125957610327651,0.03828500551436298,3.813188410445893,3.113455299562302,True,significant,significant,True,|Δ| > σ かつ全 seed 同符号
transfer/b2a_oracle_mask_06/b2a_oracle_mask_06@val~relation_detr_seed42,seg_f1_25,paired_delta,injection,phase1/s4_phase_baseline/frozen_tecno_phase_baseline@val~relation_detr_seed42,paired,mean,3,0.13844454407889298,0.03236792237417335,0.039642446925369876,4.277214412419596,3.4923309436353933,True,significant,significant,True,|Δ| > σ かつ全 seed 同符号
transfer/b2a_oracle_mask_06/b2a_oracle_mask_06@val~relation_detr_seed42,seg_f1_50,paired_delta,injection,phase1/s4_phase_baseline/frozen_tecno_phase_baseline@val~relation_detr_seed42,paired,mean,3,0.1581845344043131,0.03136910828974418,0.03841915449799156,5.042685081871771,4.117335128043552,True,significant,significant,True,|Δ| > σ かつ全 seed 同符号
transfer/b2a_oracle_mask_07/b2a_oracle_mask_07@val~relation_detr_seed42,accuracy,paired_delta,injection,phase1/s4_phase_baseline/frozen_tecno_phase_baseline@val~relation_detr_seed42,paired,mean,3,0.05967625333961971,0.0048070016448641855,0.005887350611318344,12.414444127219719,10.136351183993186,True,significant,significant,True,|Δ| > σ かつ全 seed 同符号
transfer/b2a_oracle_mask_07/b2a_oracle_mask_07@val~relation_detr_seed42,edit_score,paired_delta,injection,phase1/s4_phase_baseline/frozen_tecno_phase_baseline@val~relation_detr_seed42,paired,mean,3,15.234755952406402,0.9337057915698578,1.1435513796138073,16.316441527894895,13.322318720433344,True,significant,significant,True,|Δ| > σ かつ全 seed 同符号
transfer/b2a_oracle_mask_07/b2a_oracle_mask_07@val~relation_detr_seed42,jaccard,paired_delta,injection,phase1/s4_phase_baseline/frozen_tecno_phase_baseline@val~relation_detr_seed42,paired,mean,3,0.16319738410205273,0.011508170029074368,0.014094572222211227,14.181002165396327,11.57873978217478,True,significant,significant,True,|Δ| > σ かつ全 seed 同符号
transfer/b2a_oracle_mask_07/b2a_oracle_mask_07@val~relation_detr_seed42,macro_f1,paired_delta,injection,phase1/s4_phase_baseline/frozen_tecno_phase_baseline@val~relation_detr_seed42,paired,mean,3,0.12981474325108214,0.00971111232330086,0.011893635013470386,13.367649238244772,10.914639898067977,True,significant,significant,True,|Δ| > σ かつ全 seed 同符号
transfer/b2a_oracle_mask_07/b2a_oracle_mask_07@val~relation_detr_seed42,seg_f1_10,paired_delta,injection,phase1/s4_phase_baseline/frozen_tecno_phase_baseline@val~relation_detr_seed42,paired,mean,3,0.1894518270767247,0.014159305307354526,0.017341536557650163,13.38002274577136,10.924742824657521,True,significant,significant,True,|Δ| > σ かつ全 seed 同符号
transfer/b2a_oracle_mask_07/b2a_oracle_mask_07@val~relation_detr_seed42,seg_f1_25,paired_delta,injection,phase1/s4_phase_baseline/frozen_tecno_phase_baseline@val~relation_detr_seed42,paired,mean,3,0.2002313414522476,0.020661334078565373,0.025304862948831202,9.69111387923266,7.9127613477746985,True,significant,significant,True,|Δ| > σ かつ全 seed 同符号
transfer/b2a_oracle_mask_07/b2a_oracle_mask_07@val~relation_detr_seed42,seg_f1_50,paired_delta,injection,phase1/s4_phase_baseline/frozen_tecno_phase_baseline@val~relation_detr_seed42,paired,mean,3,0.21836787469411248,0.025495908725477016,0.031225983452996042,8.564820224505526,6.993146429569402,True,significant,significant,True,|Δ| > σ かつ全 seed 同符号
transfer/b2a_oracle_mask_08/b2a_oracle_mask_08@val~relation_detr_seed42,accuracy,paired_delta,injection,phase1/s4_phase_baseline/frozen_tecno_phase_baseline@val~relation_detr_seed42,paired,mean,3,0.06187647336162191,0.00502917648804001,0.006159458111050166,12.303500087692615,10.045765755044998,True,significant,significant,True,|Δ| > σ かつ全 seed 同符号
transfer/b2a_oracle_mask_08/b2a_oracle_mask_08@val~relation_detr_seed42,edit_score,paired_delta,injection,phase1/s4_phase_baseline/frozen_tecno_phase_baseline@val~relation_detr_seed42,paired,mean,3,16.639000919869762,2.1796205173939702,2.669479050258147,7.633898096978793,6.233051695333859,True,significant,significant,True,|Δ| > σ かつ全 seed 同符号
transfer/b2a_oracle_mask_08/b2a_oracle_mask_08@val~relation_detr_seed42,jaccard,paired_delta,injection,phase1/s4_phase_baseline/frozen_tecno_phase_baseline@val~relation_detr_seed42,paired,mean,3,0.16466184083936486,0.010794421477059486,0.013220412343667826,15.25434607026485,12.455121410659544,True,significant,significant,True,|Δ| > σ かつ全 seed 同符号
transfer/b2a_oracle_mask_08/b2a_oracle_mask_08@val~relation_detr_seed42,macro_f1,paired_delta,injection,phase1/s4_phase_baseline/frozen_tecno_phase_baseline@val~relation_detr_seed42,paired,mean,3,0.13054405329490637,0.010163006568566016,0.01244709017277026,12.845023016975766,10.487917375298656,True,significant,significant,True,|Δ| > σ かつ全 seed 同符号
transfer/b2a_oracle_mask_08/b2a_oracle_mask_08@val~relation_detr_seed42,seg_f1_10,paired_delta,injection,phase1/s4_phase_baseline/frozen_tecno_phase_baseline@val~relation_detr_seed42,paired,mean,3,0.19824578820970953,0.025717979246434142,0.03149796318462554,7.708451208786039,6.293924056221997,True,significant,significant,True,|Δ| > σ かつ全 seed 同符号
transfer/b2a_oracle_mask_08/b2a_oracle_mask_08@val~relation_detr_seed42,seg_f1_25,paired_delta,injection,phase1/s4_phase_baseline/frozen_tecno_phase_baseline@val~relation_detr_seed42,paired,mean,3,0.21304723453169266,0.0276127074263679,0.03381852180568053,7.71555035303238,6.299720483226647,True,significant,significant,True,|Δ| > σ かつ全 seed 同符号
transfer/b2a_oracle_mask_08/b2a_oracle_mask_08@val~relation_detr_seed42,seg_f1_50,paired_delta,injection,phase1/s4_phase_baseline/frozen_tecno_phase_baseline@val~relation_detr_seed42,paired,mean,3,0.27363481466904893,0.02720778724996857,0.03332259789631247,10.05722413789328,8.211689122213661,True,significant,significant,True,|Δ| > σ かつ全 seed 同符号
transfer/b2a_oracle_mask_09/b2a_oracle_mask_09@val~relation_detr_seed42,accuracy,paired_delta,injection,phase1/s4_phase_baseline/frozen_tecno_phase_baseline@val~relation_detr_seed42,paired,mean,3,0.050215307245010256,0.005166463733415776,0.006327599960731613,9.719473480521408,7.935916865263435,True,significant,significant,True,|Δ| > σ かつ全 seed 同符号
transfer/b2a_oracle_mask_09/b2a_oracle_mask_09@val~relation_detr_seed42,edit_score,paired_delta,injection,phase1/s4_phase_baseline/frozen_tecno_phase_baseline@val~relation_detr_seed42,paired,mean,3,2.755810036678876,2.7076475987158064,3.316177510062935,1.0177875577257218,0.8310200609938324,False,not_significant,not_significant,True,全 seed 同符号ではない
transfer/b2a_oracle_mask_09/b2a_oracle_mask_09@val~relation_detr_seed42,jaccard,paired_delta,injection,phase1/s4_phase_baseline/frozen_tecno_phase_baseline@val~relation_detr_seed42,paired,mean,3,0.14394195397467366,0.013478586593381447,0.01650782980385136,10.679306244569828,8.719617035371378,True,significant,significant,True,|Δ| > σ かつ全 seed 同符号
transfer/b2a_oracle_mask_09/b2a_oracle_mask_09@val~relation_detr_seed42,macro_f1,paired_delta,injection,phase1/s4_phase_baseline/frozen_tecno_phase_baseline@val~relation_detr_seed42,paired,mean,3,0.11874825469490642,0.012029246694905208,0.014732758196289376,9.871628515624367,8.06015093119594,True,significant,significant,True,|Δ| > σ かつ全 seed 同符号
transfer/b2a_oracle_mask_09/b2a_oracle_mask_09@val~relation_detr_seed42,seg_f1_10,paired_delta,injection,phase1/s4_phase_baseline/frozen_tecno_phase_baseline@val~relation_detr_seed42,paired,mean,3,0.056555334250347956,0.01485089577393979,0.01818855843470378,3.8082102999868006,3.109390689392973,True,significant,significant,True,|Δ| > σ かつ全 seed 同符号
transfer/b2a_oracle_mask_09/b2a_oracle_mask_09@val~relation_detr_seed42,seg_f1_25,paired_delta,injection,phase1/s4_phase_baseline/frozen_tecno_phase_baseline@val~relation_detr_seed42,paired,mean,3,0.07580122501677555,0.013745127701884085,0.016834274659504992,5.514770518020379,4.5027912725646635,True,significant,significant,True,|Δ| > σ かつ全 seed 同符号
transfer/b2a_oracle_mask_09/b2a_oracle_mask_09@val~relation_detr_seed42,seg_f1_50,paired_delta,injection,phase1/s4_phase_baseline/frozen_tecno_phase_baseline@val~relation_detr_seed42,paired,mean,3,0.11404152280684947,0.013589761409259693,0.01664399058942614,8.391723693481822,6.851813703818096,True,significant,significant,True,|Δ| > σ かつ全 seed 同符号
transfer/b2a_oracle_mask_10/b2a_oracle_mask_10@val~relation_detr_seed42,accuracy,paired_delta,injection,phase1/s4_phase_baseline/frozen_tecno_phase_baseline@val~relation_detr_seed42,paired,mean,3,0.060996385352821036,0.006032714784549374,0.007388536492945061,10.110934716993635,8.255543626408748,True,significant,significant,True,|Δ| > σ かつ全 seed 同符号
transfer/b2a_oracle_mask_10/b2a_oracle_mask_10@val~relation_detr_seed42,edit_score,paired_delta,injection,phase1/s4_phase_baseline/frozen_tecno_phase_baseline@val~relation_detr_seed42,paired,mean,3,11.018325299194137,5.586966501325935,6.842608569135549,1.9721480872633113,1.6102521703336483,True,significant,significant,True,|Δ| > σ かつ全 seed 同符号
transfer/b2a_oracle_mask_10/b2a_oracle_mask_10@val~relation_detr_seed42,jaccard,paired_delta,injection,phase1/s4_phase_baseline/frozen_tecno_phase_baseline@val~relation_detr_seed42,paired,mean,3,0.1636460856191656,0.009868558797323413,0.012086466775048198,16.582571881068418,13.539613243880614,True,significant,significant,True,|Δ| > σ かつ全 seed 同符号
transfer/b2a_oracle_mask_10/b2a_oracle_mask_10@val~relation_detr_seed42,macro_f1,paired_delta,injection,phase1/s4_phase_baseline/frozen_tecno_phase_baseline@val~relation_detr_seed42,paired,mean,3,0.130043462822251,0.010025329904744662,0.012278471384844754,12.971489622571488,10.591176926369098,True,significant,significant,True,|Δ| > σ かつ全 seed 同符号
transfer/b2a_oracle_mask_10/b2a_oracle_mask_10@val~relation_detr_seed42,seg_f1_10,paired_delta,injection,phase1/s4_phase_baseline/frozen_tecno_phase_baseline@val~relation_detr_seed42,paired,mean,3,0.15685967901962863,0.05874529383329747,0.07194799734072302,2.670165876857337,2.180181308963899,True,significant,significant,True,|Δ| > σ かつ全 seed 同符号
transfer/b2a_oracle_mask_10/b2a_oracle_mask_10@val~relation_detr_seed42,seg_f1_25,paired_delta,injection,phase1/s4_phase_baseline/frozen_tecno_phase_baseline@val~relation_detr_seed42,paired,mean,3,0.17610556978605624,0.06151183277485613,0.07533630172090211,2.8629543592146383,2.337592445650881,True,significant,significant,True,|Δ| > σ かつ全 seed 同符号
transfer/b2a_oracle_mask_10/b2a_oracle_mask_10@val~relation_detr_seed42,seg_f1_50,paired_delta,injection,phase1/s4_phase_baseline/frozen_tecno_phase_baseline@val~relation_detr_seed42,paired,mean,3,0.19872001127665587,0.08669873049107636,0.10618382552510736,2.2920752143782486,1.8714715757690248,True,significant,significant,True,|Δ| > σ かつ全 seed 同符号
transfer/b2a_oracle_mask_11/b2a_oracle_mask_11@val~relation_detr_seed42,accuracy,paired_delta,injection,phase1/s4_phase_baseline/frozen_tecno_phase_baseline@val~relation_detr_seed42,paired,mean,3,0.061656451359421695,0.0048070016448641855,0.005887350611318344,12.82638449381344,10.472699084863075,True,significant,significant,True,|Δ| > σ かつ全 seed 同符号
transfer/b2a_oracle_mask_11/b2a_oracle_mask_11@val~relation_detr_seed42,edit_score,paired_delta,injection,phase1/s4_phase_baseline/frozen_tecno_phase_baseline@val~relation_detr_seed42,paired,mean,3,14.01703412548917,2.8500772757601625,3.4906175265569703,4.918124236386046,4.01563162358699,True,significant,significant,True,|Δ| > σ かつ全 seed 同符号
transfer/b2a_oracle_mask_11/b2a_oracle_mask_11@val~relation_detr_seed42,jaccard,paired_delta,injection,phase1/s4_phase_baseline/frozen_tecno_phase_baseline@val~relation_detr_seed42,paired,mean,3,0.16505362841177726,0.01277532252566131,0.015646510743677133,12.919723011316563,10.548909665273237,True,significant,significant,True,|Δ| > σ かつ全 seed 同符号
transfer/b2a_oracle_mask_11/b2a_oracle_mask_11@val~relation_detr_seed42,macro_f1,paired_delta,injection,phase1/s4_phase_baseline/frozen_tecno_phase_baseline@val~relation_detr_seed42,paired,mean,3,0.1308851392278184,0.011320202948530108,0.013864360504324194,11.562084162529382,9.440402187103851,True,significant,significant,True,|Δ| > σ かつ全 seed 同符号
transfer/b2a_oracle_mask_11/b2a_oracle_mask_11@val~relation_detr_seed42,seg_f1_10,paired_delta,injection,phase1/s4_phase_baseline/frozen_tecno_phase_baseline@val~relation_detr_seed42,paired,mean,3,0.19527106745721098,0.05108708794068809,0.06256864894968883,3.822317445142301,3.1209091251790904,True,significant,significant,True,|Δ| > σ かつ全 seed 同符号
transfer/b2a_oracle_mask_11/b2a_oracle_mask_11@val~relation_detr_seed42,seg_f1_25,paired_delta,injection,phase1/s4_phase_baseline/frozen_tecno_phase_baseline@val~relation_detr_seed42,paired,mean,3,0.21451695822363856,0.053863328621667234,0.06596883548546673,3.9826160713236405,3.2517924053835654,True,significant,significant,True,|Δ| > σ かつ全 seed 同符号
transfer/b2a_oracle_mask_11/b2a_oracle_mask_11@val~relation_detr_seed42,seg_f1_50,paired_delta,injection,phase1/s4_phase_baseline/frozen_tecno_phase_baseline@val~relation_detr_seed42,paired,mean,3,0.2713185301305421,0.04758566951267232,0.05828030468738052,5.701685673630976,4.655406858044291,True,significant,significant,True,|Δ| > σ かつ全 seed 同符号
transfer/b2a_oracle_mask_12/b2a_oracle_mask_12@val~relation_detr_seed42,accuracy,paired_delta,injection,phase1/s4_phase_baseline/frozen_tecno_phase_baseline@val~relation_detr_seed42,paired,mean,3,0.060996385352821036,0.005327785959080135,0.006525178529255514,11.448730452255692,9.34784927022991,True,significant,significant,True,|Δ| > σ かつ全 seed 同符号
transfer/b2a_oracle_mask_12/b2a_oracle_mask_12@val~relation_detr_seed42,edit_score,paired_delta,injection,phase1/s4_phase_baseline/frozen_tecno_phase_baseline@val~relation_detr_seed42,paired,mean,3,16.942442334422285,2.1357904954677824,2.6157984556910674,7.9326330791220885,6.476967786857364,True,significant,significant,True,|Δ| > σ かつ全 seed 同符号
transfer/b2a_oracle_mask_12/b2a_oracle_mask_12@val~relation_detr_seed42,jaccard,paired_delta,injection,phase1/s4_phase_baseline/frozen_tecno_phase_baseline@val~relation_detr_seed42,paired,mean,3,0.1657186281619245,0.010521898999405314,0.01288664183682195,15.749878246435435,12.859721738242502,True,significant,significant,True,|Δ| > σ かつ全 seed 同符号
transfer/b2a_oracle_mask_12/b2a_oracle_mask_12@val~relation_detr_seed42,macro_f1,paired_delta,injection,phase1/s4_phase_baseline/frozen_tecno_phase_baseline@val~relation_detr_seed42,paired,mean,3,0.13131647726084017,0.009663270961524358,0.011835041550994227,13.58923678987113,11.095565376347045,True,significant,significant,True,|Δ| > σ かつ全 seed 同符号
transfer/b2a_oracle_mask_12/b2a_oracle_mask_12@val~relation_detr_seed42,seg_f1_10,paired_delta,injection,phase1/s4_phase_baseline/frozen_tecno_phase_baseline@val~relation_detr_seed42,paired,mean,3,0.1939356424990035,0.009998808903068205,0.012245989924057343,19.395874486559393,15.836665202379058,True,significant,significant,True,|Δ| > σ かつ全 seed 同符号
transfer/b2a_oracle_mask_12/b2a_oracle_mask_12@val~relation_detr_seed42,seg_f1_25,paired_delta,injection,phase1/s4_phase_baseline/frozen_tecno_phase_baseline@val~relation_detr_seed42,paired,mean,3,0.20882423479048556,0.003880598719905445,0.004752743380132959,53.812375322221875,43.9376204621937,True,significant,significant,True,|Δ| > σ かつ全 seed 同符号
transfer/b2a_oracle_mask_12/b2a_oracle_mask_12@val~relation_detr_seed42,seg_f1_50,paired_delta,injection,phase1/s4_phase_baseline/frozen_tecno_phase_baseline@val~relation_detr_seed42,paired,mean,3,0.2327332574649707,0.010173479609153383,0.012459916975517514,22.87646571341959,18.67855603871745,True,significant,significant,True,|Δ| > σ かつ全 seed 同符号
transfer/b2a_oracle_mask_13/b2a_oracle_mask_13@val~relation_detr_seed42,accuracy,paired_delta,injection,phase1/s4_phase_baseline/frozen_tecno_phase_baseline@val~relation_detr_seed42,paired,mean,3,0.059896275341819925,0.004348659218506229,0.00532599807529526,13.773504046241266,11.246018961150194,True,significant,significant,True,|Δ| > σ かつ全 seed 同符号
transfer/b2a_oracle_mask_13/b2a_oracle_mask_13@val~relation_detr_seed42,edit_score,paired_delta,injection,phase1/s4_phase_baseline/frozen_tecno_phase_baseline@val~relation_detr_seed42,paired,mean,3,12.991870272739108,1.7002648077415026,2.0823906032890114,7.641086384653507,6.238920907642988,True,significant,significant,True,|Δ| > σ かつ全 seed 同符号
transfer/b2a_oracle_mask_13/b2a_oracle_mask_13@val~relation_detr_seed42,jaccard,paired_delta,injection,phase1/s4_phase_baseline/frozen_tecno_phase_baseline@val~relation_detr_seed42,paired,mean,3,0.16439703322335597,0.007423987070962219,0.009092490090438443,22.144035496286037,18.08052927065975,True,significant,significant,True,|Δ| > σ かつ全 seed 同符号
transfer/b2a_oracle_mask_13/b2a_oracle_mask_13@val~relation_detr_seed42,macro_f1,paired_delta,injection,phase1/s4_phase_baseline/frozen_tecno_phase_baseline@val~relation_detr_seed42,paired,mean,3,0.13075633881982504,0.007801448612578475,0.009554784177680515,16.76052042552754,13.684907622012556,True,significant,significant,True,|Δ| > σ かつ全 seed 同符号
transfer/b2a_oracle_mask_13/b2a_oracle_mask_13@val~relation_detr_seed42,seg_f1_10,paired_delta,injection,phase1/s4_phase_baseline/frozen_tecno_phase_baseline@val~relation_detr_seed42,paired,mean,3,0.18092641881275429,0.031732691184038,0.03886445078310364,5.701578153691638,4.655319068381438,True,significant,significant,True,|Δ| > σ かつ全 seed 同符号
transfer/b2a_oracle_mask_13/b2a_oracle_mask_13@val~relation_detr_seed42,seg_f1_25,paired_delta,injection,phase1/s4_phase_baseline/frozen_tecno_phase_baseline@val~relation_detr_seed42,paired,mean,3,0.19597943746178145,0.030842369218109723,0.0377740335214457,6.35422772082983,5.188205208493733,True,significant,significant,True,|Δ| > σ かつ全 seed 同符号
transfer/b2a_oracle_mask_13/b2a_oracle_mask_13@val~relation_detr_seed42,seg_f1_50,paired_delta,injection,phase1/s4_phase_baseline/frozen_tecno_phase_baseline@val~relation_detr_seed42,paired,mean,3,0.2017163911151409,0.026940892551533223,0.03299571998320217,7.487368532029615,6.113410806548028,True,significant,significant,True,|Δ| > σ かつ全 seed 同符号
transfer/b2a_oracle_mask_14/b2a_oracle_mask_14@val~relation_detr_seed42,accuracy,paired_delta,injection,phase1/s4_phase_baseline/frozen_tecno_phase_baseline@val~relation_detr_seed42,paired,mean,3,0.06077636335062083,0.003987969936401281,0.004884245726871311,15.239925154868404,12.443346782544495,True,significant,significant,True,|Δ| > σ かつ全 seed 同符号
transfer/b2a_oracle_mask_14/b2a_oracle_mask_14@val~relation_detr_seed42,edit_score,paired_delta,injection,phase1/s4_phase_baseline/frozen_tecno_phase_baseline@val~relation_detr_seed42,paired,mean,3,11.604157942498047,6.6064861542508435,8.091260035338262,1.7564795674371507,1.4341595612818447,True,significant,significant,True,|Δ| > σ かつ全 seed 同符号
transfer/b2a_oracle_mask_14/b2a_oracle_mask_14@val~relation_detr_seed42,jaccard,paired_delta,injection,phase1/s4_phase_baseline/frozen_tecno_phase_baseline@val~relation_detr_seed42,paired,mean,3,0.16626329167084922,0.0072993918665359495,0.008939892752817383,22.777690896838,18.597906738696814,True,significant,significant,True,|Δ| > σ かつ全 seed 同符号
transfer/b2a_oracle_mask_14/b2a_oracle_mask_14@val~relation_detr_seed42,macro_f1,paired_delta,injection,phase1/s4_phase_baseline/frozen_tecno_phase_baseline@val~relation_detr_seed42,paired,mean,3,0.13160344223723464,0.005071708208472267,0.0062115486175210325,25.94854373076741,21.18689723622517,True,significant,significant,True,|Δ| > σ かつ全 seed 同符号
transfer/b2a_oracle_mask_14/b2a_oracle_mask_14@val~relation_detr_seed42,seg_f1_10,paired_delta,injection,phase1/s4_phase_baseline/frozen_tecno_phase_baseline@val~relation_detr_seed42,paired,mean,3,0.15250860669288277,0.06247238014445066,0.07651272718554168,2.4412165238501786,1.9932449450279397,True,significant,significant,True,|Δ| > σ かつ全 seed 同符号
transfer/b2a_oracle_mask_14/b2a_oracle_mask_14@val~relation_detr_seed42,seg_f1_25,paired_delta,injection,phase1/s4_phase_baseline/frozen_tecno_phase_baseline@val~relation_detr_seed42,paired,mean,3,0.17175449745931035,0.062476268014545255,0.07651748883450067,2.749115830979593,2.244643676569122,True,significant,significant,True,|Δ| > σ かつ全 seed 同符号
transfer/b2a_oracle_mask_14/b2a_oracle_mask_14@val~relation_detr_seed42,seg_f1_50,paired_delta,injection,phase1/s4_phase_baseline/frozen_tecno_phase_baseline@val~relation_detr_seed42,paired,mean,3,0.20432409823881797,0.08131360034410104,0.09958841499582309,2.512791185904497,2.051685411876348,True,significant,significant,True,|Δ| > σ かつ全 seed 同符号
transfer/b2a_oracle_mask_top3_joint/b2a_oracle_mask_top3_joint@val~relation_detr_seed42,accuracy,paired_delta,injection,phase1/s4_phase_baseline/frozen_tecno_phase_baseline@val~relation_detr_seed42,paired,mean,3,0.024032688983184076,0.0015309019798808424,0.0018749643484622914,15.698385199720402,12.817677841658126,True,significant,significant,True,|Δ| > σ かつ全 seed 同符号
transfer/b2a_oracle_mask_top3_joint/b2a_oracle_mask_top3_joint@val~relation_detr_seed42,edit_score,paired_delta,injection,phase1/s4_phase_baseline/frozen_tecno_phase_baseline@val~relation_detr_seed42,paired,mean,3,-0.48408735596994507,0.8748068506155466,1.0714152037496187,0.5533648434843911,0.4518205027106116,False,not_significant,not_significant,True,|Δ| <= σ
transfer/b2a_oracle_mask_top3_joint/b2a_oracle_mask_top3_joint@val~relation_detr_seed42,jaccard,paired_delta,injection,phase1/s4_phase_baseline/frozen_tecno_phase_baseline@val~relation_detr_seed42,paired,mean,3,0.07949348341961031,0.015152715117042644,0.01855821012725578,5.246154422200017,4.283467148745183,True,significant,significant,True,|Δ| > σ かつ全 seed 同符号
transfer/b2a_oracle_mask_top3_joint/b2a_oracle_mask_top3_joint@val~relation_detr_seed42,macro_f1,paired_delta,injection,phase1/s4_phase_baseline/frozen_tecno_phase_baseline@val~relation_detr_seed42,paired,mean,3,0.07018967218751797,0.018158851479124622,0.02223996021941945,3.8653145144233307,3.156016085236963,True,significant,significant,True,|Δ| > σ かつ全 seed 同符号
transfer/b2a_oracle_mask_top3_joint/b2a_oracle_mask_top3_joint@val~relation_detr_seed42,seg_f1_10,paired_delta,injection,phase1/s4_phase_baseline/frozen_tecno_phase_baseline@val~relation_detr_seed42,paired,mean,3,0.0070369707216344874,0.006943205404179163,0.008503655209786796,1.0135046152313003,0.8275230530908271,False,not_significant,not_significant,True,全 seed 同符号ではない
transfer/b2a_oracle_mask_top3_joint/b2a_oracle_mask_top3_joint@val~relation_detr_seed42,seg_f1_25,paired_delta,injection,phase1/s4_phase_baseline/frozen_tecno_phase_baseline@val~relation_detr_seed42,paired,mean,3,0.02257915778435839,0.010182496830487433,0.012470960771100595,2.217448054268388,1.8105387546949778,True,significant,significant,True,|Δ| > σ かつ全 seed 同符号
transfer/b2a_oracle_mask_top3_joint/b2a_oracle_mask_top3_joint@val~relation_detr_seed42,seg_f1_50,paired_delta,injection,phase1/s4_phase_baseline/frozen_tecno_phase_baseline@val~relation_detr_seed42,paired,mean,3,0.02919302853840076,0.02348414152178193,0.028762081887836688,1.2430954102079372,1.0149831522017299,True,significant,significant,True,|Δ| > σ かつ全 seed 同符号
transfer/b2a_regiononly_mask_00/b2a_regiononly_mask_00@val~relation_detr_seed42,accuracy,paired_delta,injection,phase1/s4_phase_baseline/frozen_tecno_phase_baseline@val~relation_detr_seed42,paired,mean,3,0.02887317303158891,0.002482715510375457,0.0030406930884566926,11.629674407287393,9.495589390852835,True,significant,significant,True,|Δ| > σ かつ全 seed 同符号
transfer/b2a_regiononly_mask_00/b2a_regiononly_mask_00@val~relation_detr_seed42,edit_score,paired_delta,injection,phase1/s4_phase_baseline/frozen_tecno_phase_baseline@val~relation_detr_seed42,paired,mean,3,-2.3980361171672775,1.7094798856613993,2.093676722710879,1.4027869747291442,1.1453707686362944,True,significant,significant,True,|Δ| > σ かつ全 seed 同符号
transfer/b2a_regiononly_mask_00/b2a_regiononly_mask_00@val~relation_detr_seed42,jaccard,paired_delta,injection,phase1/s4_phase_baseline/frozen_tecno_phase_baseline@val~relation_detr_seed42,paired,mean,3,0.033974547180607884,0.004533288772148966,0.005552122174226521,7.494459075569224,6.119200211105037,True,significant,significant,True,|Δ| > σ かつ全 seed 同符号
transfer/b2a_regiononly_mask_00/b2a_regiononly_mask_00@val~relation_detr_seed42,macro_f1,paired_delta,injection,phase1/s4_phase_baseline/frozen_tecno_phase_baseline@val~relation_detr_seed42,paired,mean,3,-0.004027940281700356,0.007240811820221476,0.008868147141527848,0.5562829668424047,0.4542031404551551,False,not_significant,not_significant,True,|Δ| <= σ
transfer/b2a_regiononly_mask_00/b2a_regiononly_mask_00@val~relation_detr_seed42,seg_f1_10,paired_delta,injection,phase1/s4_phase_baseline/frozen_tecno_phase_baseline@val~relation_detr_seed42,paired,mean,3,0.027991316050475484,0.01196510569072311,0.014654201830371447,2.3394123523854833,1.9101221871028355,True,significant,significant,True,|Δ| > σ かつ全 seed 同符号
transfer/b2a_regiononly_mask_00/b2a_regiononly_mask_00@val~relation_detr_seed42,seg_f1_25,paired_delta,injection,phase1/s4_phase_baseline/frozen_tecno_phase_baseline@val~relation_detr_seed42,paired,mean,3,0.04723720681690308,0.009529110612817223,0.011670729351971056,4.957147496364059,4.047493981935691,True,significant,significant,True,|Δ| > σ かつ全 seed 同符号
transfer/b2a_regiononly_mask_00/b2a_regiononly_mask_00@val~relation_detr_seed42,seg_f1_50,paired_delta,injection,phase1/s4_phase_baseline/frozen_tecno_phase_baseline@val~relation_detr_seed42,paired,mean,3,0.06903415959220337,0.014403478812391088,0.0176405868056734,4.792880976282921,3.913370929928547,True,significant,significant,True,|Δ| > σ かつ全 seed 同符号
transfer/b2a_regiononly_mask_01/b2a_regiononly_mask_01@val~relation_detr_seed42,accuracy,paired_delta,injection,phase1/s4_phase_baseline/frozen_tecno_phase_baseline@val~relation_detr_seed42,paired,mean,3,0.04273455917020278,0.0026633329099722738,0.003261903322296979,16.04551913513796,13.101111513050547,True,significant,significant,True,|Δ| > σ かつ全 seed 同符号
transfer/b2a_regiononly_mask_01/b2a_regiononly_mask_01@val~relation_detr_seed42,edit_score,paired_delta,injection,phase1/s4_phase_baseline/frozen_tecno_phase_baseline@val~relation_detr_seed42,paired,mean,3,-4.532011530212465,5.269486615336364,6.453776706999835,0.8600480200523625,0.7022262678064143,False,not_significant,not_significant,True,|Δ| <= σ
transfer/b2a_regiononly_mask_01/b2a_regiononly_mask_01@val~relation_detr_seed42,jaccard,paired_delta,injection,phase1/s4_phase_baseline/frozen_tecno_phase_baseline@val~relation_detr_seed42,paired,mean,3,0.10417211690051897,0.007747311326376473,0.009488479814053555,13.446228312247488,10.978799443323663,True,significant,significant,True,|Δ| > σ かつ全 seed 同符号
transfer/b2a_regiononly_mask_01/b2a_regiononly_mask_01@val~relation_detr_seed42,macro_f1,paired_delta,injection,phase1/s4_phase_baseline/frozen_tecno_phase_baseline@val~relation_detr_seed42,paired,mean,3,0.08888987758009363,0.007295285863458853,0.00893486394660679,12.184564010758177,9.948654854879072,True,significant,significant,True,|Δ| > σ かつ全 seed 同符号
transfer/b2a_regiononly_mask_01/b2a_regiononly_mask_01@val~relation_detr_seed42,seg_f1_10,paired_delta,injection,phase1/s4_phase_baseline/frozen_tecno_phase_baseline@val~relation_detr_seed42,paired,mean,3,-0.004664365776350247,0.049258435202717096,0.06032901588730267,0.09469171639648352,0.07731546267990669,False,not_significant,not_significant,True,|Δ| <= σ
transfer/b2a_regiononly_mask_01/b2a_regiononly_mask_01@val~relation_detr_seed42,seg_f1_25,paired_delta,injection,phase1/s4_phase_baseline/frozen_tecno_phase_baseline@val~relation_detr_seed42,paired,mean,3,0.004777603421449876,0.054393987047300175,0.06661875667072141,0.08783330071567186,0.07171558972594286,False,not_significant,not_significant,True,|Δ| <= σ
transfer/b2a_regiononly_mask_01/b2a_regiononly_mask_01@val~relation_detr_seed42,seg_f1_50,paired_delta,injection,phase1/s4_phase_baseline/frozen_tecno_phase_baseline@val~relation_detr_seed42,paired,mean,3,0.037261762282771525,0.05681684440377424,0.06958613879217641,0.6558224532493799,0.5354767907737521,False,not_significant,not_significant,True,|Δ| <= σ
transfer/b2a_regiononly_mask_02/b2a_regiononly_mask_02@val~relation_detr_seed42,accuracy,paired_delta,injection,phase1/s4_phase_baseline/frozen_tecno_phase_baseline@val~relation_detr_seed42,paired,mean,3,0.049995285242810016,0.004073753931146172,0.004989309234482598,12.272534396485646,10.020482374048445,True,significant,significant,True,|Δ| > σ かつ全 seed 同符号
transfer/b2a_regiononly_mask_02/b2a_regiononly_mask_02@val~relation_detr_seed42,edit_score,paired_delta,injection,phase1/s4_phase_baseline/frozen_tecno_phase_baseline@val~relation_detr_seed42,paired,mean,3,0.40753135506685584,1.7960780293763117,2.1997373550977497,0.22690069607297136,0.18526364255370223,False,not_significant,not_significant,True,|Δ| <= σ
transfer/b2a_regiononly_mask_02/b2a_regiononly_mask_02@val~relation_detr_seed42,jaccard,paired_delta,injection,phase1/s4_phase_baseline/frozen_tecno_phase_baseline@val~relation_detr_seed42,paired,mean,3,0.12730783394506862,0.010809254561877831,0.013238579088226012,11.77767007116836,9.616427344403775,True,significant,significant,True,|Δ| > σ かつ全 seed 同符号
transfer/b2a_regiononly_mask_02/b2a_regiononly_mask_02@val~relation_detr_seed42,macro_f1,paired_delta,injection,phase1/s4_phase_baseline/frozen_tecno_phase_baseline@val~relation_detr_seed42,paired,mean,3,0.10586277369730328,0.0059826386786007695,0.007327206039005245,17.694997038006424,14.447904581058484,True,significant,significant,True,|Δ| > σ かつ全 seed 同符号
transfer/b2a_regiononly_mask_02/b2a_regiononly_mask_02@val~relation_detr_seed42,seg_f1_10,paired_delta,injection,phase1/s4_phase_baseline/frozen_tecno_phase_baseline@val~relation_detr_seed42,paired,mean,3,0.04752472487148718,0.011381801991535366,0.013939803616327514,4.175500936216538,3.4092822380813224,True,significant,significant,True,|Δ| > σ かつ全 seed 同符号
transfer/b2a_regiononly_mask_02/b2a_regiononly_mask_02@val~relation_detr_seed42,seg_f1_25,paired_delta,injection,phase1/s4_phase_baseline/frozen_tecno_phase_baseline@val~relation_detr_seed42,paired,mean,3,0.06677061563791477,0.009082835966701262,0.011124156767908438,7.351295991990129,6.002308042847635,True,significant,significant,True,|Δ| > σ かつ全 seed 同符号
transfer/b2a_regiononly_mask_02/b2a_regiononly_mask_02@val~relation_detr_seed42,seg_f1_50,paired_delta,injection,phase1/s4_phase_baseline/frozen_tecno_phase_baseline@val~relation_detr_seed42,paired,mean,3,0.08684634953805899,0.01092964445810231,0.013386025996194309,7.945944616128705,6.4878366113101595,True,significant,significant,True,|Δ| > σ かつ全 seed 同符号
transfer/b2a_regiononly_mask_03/b2a_regiononly_mask_03@val~relation_detr_seed42,accuracy,paired_delta,injection,phase1/s4_phase_baseline/frozen_tecno_phase_baseline@val~relation_detr_seed42,paired,mean,3,0.05153543925821158,0.003104562497353046,0.0038022969965478067,16.59990394851151,13.553764817688307,True,significant,significant,True,|Δ| > σ かつ全 seed 同符号
transfer/b2a_regiononly_mask_03/b2a_regiononly_mask_03@val~relation_detr_seed42,edit_score,paired_delta,injection,phase1/s4_phase_baseline/frozen_tecno_phase_baseline@val~relation_detr_seed42,paired,mean,3,-1.0567775653824139,3.437408787788918,4.209948783720857,0.3074343584436393,0.25101910252894044,False,not_significant,not_significant,True,|Δ| <= σ
transfer/b2a_regiononly_mask_03/b2a_regiononly_mask_03@val~relation_detr_seed42,jaccard,paired_delta,injection,phase1/s4_phase_baseline/frozen_tecno_phase_baseline@val~relation_detr_seed42,paired,mean,3,0.13174056689826072,0.0068984201125390715,0.008448804653536816,19.09720845484598,15.592805408645807,True,significant,significant,True,|Δ| > σ かつ全 seed 同符号
transfer/b2a_regiononly_mask_03/b2a_regiononly_mask_03@val~relation_detr_seed42,macro_f1,paired_delta,injection,phase1/s4_phase_baseline/frozen_tecno_phase_baseline@val~relation_detr_seed42,paired,mean,3,0.1096009704954813,0.007857451963426227,0.009623373994412043,13.948665675035192,11.389037832170168,True,significant,significant,True,|Δ| > σ かつ全 seed 同符号
transfer/b2a_regiononly_mask_03/b2a_regiononly_mask_03@val~relation_detr_seed42,seg_f1_10,paired_delta,injection,phase1/s4_phase_baseline/frozen_tecno_phase_baseline@val~relation_detr_seed42,paired,mean,3,0.041843591745610566,0.025249489213819656,0.03092418241988287,1.657205474188704,1.3531026035697875,True,significant,significant,True,|Δ| > σ かつ全 seed 同符号
transfer/b2a_regiononly_mask_03/b2a_regiononly_mask_03@val~relation_detr_seed42,seg_f1_25,paired_delta,injection,phase1/s4_phase_baseline/frozen_tecno_phase_baseline@val~relation_detr_seed42,paired,mean,3,0.06108948251203816,0.022891402580379545,0.028036127909280038,2.6686648971172513,2.1789557641380775,True,significant,significant,True,|Δ| > σ かつ全 seed 同符号
transfer/b2a_regiononly_mask_03/b2a_regiononly_mask_03@val~relation_detr_seed42,seg_f1_50,paired_delta,injection,phase1/s4_phase_baseline/frozen_tecno_phase_baseline@val~relation_detr_seed42,paired,mean,3,0.09083701472380644,0.03497225481881505,0.042832089730343526,2.5974022891694184,2.1207700884006786,True,significant,significant,True,|Δ| > σ かつ全 seed 同符号
transfer/b2a_regiononly_mask_04/b2a_regiononly_mask_04@val~relation_detr_seed42,accuracy,paired_delta,injection,phase1/s4_phase_baseline/frozen_tecno_phase_baseline@val~relation_detr_seed42,paired,mean,3,0.048455131227408486,0.004371183134120533,0.005353584125427535,11.085129526872933,9.05097035783273,True,significant,significant,True,|Δ| > σ かつ全 seed 同符号
transfer/b2a_regiononly_mask_04/b2a_regiononly_mask_04@val~relation_detr_seed42,edit_score,paired_delta,injection,phase1/s4_phase_baseline/frozen_tecno_phase_baseline@val~relation_detr_seed42,paired,mean,3,-0.15383587296703638,2.243218521731654,2.7473703799014655,0.06857819310812514,0.055993860198985515,False,not_significant,not_significant,True,|Δ| <= σ
transfer/b2a_regiononly_mask_04/b2a_regiononly_mask_04@val~relation_detr_seed42,jaccard,paired_delta,injection,phase1/s4_phase_baseline/frozen_tecno_phase_baseline@val~relation_detr_seed42,paired,mean,3,0.1228455444881803,0.01574256528394359,0.019280626094057188,7.803400670250032,6.371449966868277,True,significant,significant,True,|Δ| > σ かつ全 seed 同符号
transfer/b2a_regiononly_mask_04/b2a_regiononly_mask_04@val~relation_detr_seed42,macro_f1,paired_delta,injection,phase1/s4_phase_baseline/frozen_tecno_phase_baseline@val~relation_detr_seed42,paired,mean,3,0.1024542248348848,0.010142600537239062,0.012422097990557117,10.101376314557497,8.24773922350051,True,significant,significant,True,|Δ| > σ かつ全 seed 同符号
transfer/b2a_regiononly_mask_04/b2a_regiononly_mask_04@val~relation_detr_seed42,seg_f1_10,paired_delta,injection,phase1/s4_phase_baseline/frozen_tecno_phase_baseline@val~relation_detr_seed42,paired,mean,3,0.04421832096795655,0.027266986860308127,0.03339510231546423,1.6216797695503369,1.3240959871975126,True,significant,significant,True,|Δ| > σ かつ全 seed 同符号
transfer/b2a_regiononly_mask_04/b2a_regiononly_mask_04@val~relation_detr_seed42,seg_f1_25,paired_delta,injection,phase1/s4_phase_baseline/frozen_tecno_phase_baseline@val~relation_detr_seed42,paired,mean,3,0.06346421173438414,0.025457250316306954,0.03117863676462885,2.492971980313654,2.035503098274721,True,significant,significant,True,|Δ| > σ かつ全 seed 同符号
transfer/b2a_regiononly_mask_04/b2a_regiononly_mask_04@val~relation_detr_seed42,seg_f1_50,paired_delta,injection,phase1/s4_phase_baseline/frozen_tecno_phase_baseline@val~relation_detr_seed42,paired,mean,3,0.08148283305278153,0.042820170072569726,0.05244378368849538,1.9029077398498895,1.5537176634083414,True,significant,significant,True,|Δ| > σ かつ全 seed 同符号
transfer/b2a_regiononly_mask_05/b2a_regiononly_mask_05@val~relation_detr_seed42,accuracy,paired_delta,injection,phase1/s4_phase_baseline/frozen_tecno_phase_baseline@val~relation_detr_seed42,paired,mean,3,0.04955524123840956,0.0010403090342463131,0.001274113154355509,47.63511572723342,38.89390912338264,True,significant,significant,True,|Δ| > σ かつ全 seed 同符号
transfer/b2a_regiononly_mask_05/b2a_regiononly_mask_05@val~relation_detr_seed42,edit_score,paired_delta,injection,phase1/s4_phase_baseline/frozen_tecno_phase_baseline@val~relation_detr_seed42,paired,mean,3,-4.384390892995739,1.3507733684078738,1.654352755369885,3.2458375294765562,2.6502152450645053,True,significant,significant,True,|Δ| > σ かつ全 seed 同符号
transfer/b2a_regiononly_mask_05/b2a_regiononly_mask_05@val~relation_detr_seed42,jaccard,paired_delta,injection,phase1/s4_phase_baseline/frozen_tecno_phase_baseline@val~relation_detr_seed42,paired,mean,3,0.12496876391895595,0.003980412975722954,0.004874990378037221,31.395929186533248,25.6346688358534,True,significant,significant,True,|Δ| > σ かつ全 seed 同符号
transfer/b2a_regiononly_mask_05/b2a_regiononly_mask_05@val~relation_detr_seed42,macro_f1,paired_delta,injection,phase1/s4_phase_baseline/frozen_tecno_phase_baseline@val~relation_detr_seed42,paired,mean,3,0.10461199999005195,0.002741520423744348,0.0033576630787961865,38.15838798208684,31.156193321087535,True,significant,significant,True,|Δ| > σ かつ全 seed 同符号
transfer/b2a_regiononly_mask_05/b2a_regiononly_mask_05@val~relation_detr_seed42,seg_f1_10,paired_delta,injection,phase1/s4_phase_baseline/frozen_tecno_phase_baseline@val~relation_detr_seed42,paired,mean,3,0.004294201877170871,0.012391581337266385,0.015176525691248733,0.346541878739601,0.2829502591391549,False,not_significant,not_significant,True,|Δ| <= σ
transfer/b2a_regiononly_mask_05/b2a_regiononly_mask_05@val~relation_detr_seed42,seg_f1_25,paired_delta,injection,phase1/s4_phase_baseline/frozen_tecno_phase_baseline@val~relation_detr_seed42,paired,mean,3,0.023540092643598465,0.009869336885514146,0.012087419734569288,2.385174699847338,1.9474869873406668,True,significant,significant,True,|Δ| > σ かつ全 seed 同符号
transfer/b2a_regiononly_mask_05/b2a_regiononly_mask_05@val~relation_detr_seed42,seg_f1_50,paired_delta,injection,phase1/s4_phase_baseline/frozen_tecno_phase_baseline@val~relation_detr_seed42,paired,mean,3,0.04747185945847463,0.0064025194032913445,0.007841452803166211,7.414559248984199,6.053962275881647,True,significant,significant,True,|Δ| > σ かつ全 seed 同符号
transfer/b2a_regiononly_mask_06/b2a_regiononly_mask_06@val~relation_detr_seed42,accuracy,paired_delta,injection,phase1/s4_phase_baseline/frozen_tecno_phase_baseline@val~relation_detr_seed42,paired,mean,3,0.02887317303158891,0.0021610395297680315,0.0026467220809578878,13.36077967749539,10.909030925203632,True,significant,significant,True,|Δ| > σ かつ全 seed 同符号
transfer/b2a_regiononly_mask_06/b2a_regiononly_mask_06@val~relation_detr_seed42,edit_score,paired_delta,injection,phase1/s4_phase_baseline/frozen_tecno_phase_baseline@val~relation_detr_seed42,paired,mean,3,9.130277089306846,3.3760560812901765,4.134807371090529,2.704421037288476,2.208150530335055,True,significant,significant,True,|Δ| > σ かつ全 seed 同符号
transfer/b2a_regiononly_mask_06/b2a_regiononly_mask_06@val~relation_detr_seed42,jaccard,paired_delta,injection,phase1/s4_phase_baseline/frozen_tecno_phase_baseline@val~relation_detr_seed42,paired,mean,3,0.08924403072367344,0.01088687531075709,0.013333644702329457,8.197396238707109,6.6931460014141555,True,significant,significant,True,|Δ| > σ かつ全 seed 同符号
transfer/b2a_regiononly_mask_06/b2a_regiononly_mask_06@val~relation_detr_seed42,macro_f1,paired_delta,injection,phase1/s4_phase_baseline/frozen_tecno_phase_baseline@val~relation_detr_seed42,paired,mean,3,0.07854113080998144,0.01471536910458857,0.01802257284147909,5.33735377289929,4.357931106773969,True,significant,significant,True,|Δ| > σ かつ全 seed 同符号
transfer/b2a_regiononly_mask_06/b2a_regiononly_mask_06@val~relation_detr_seed42,seg_f1_10,paired_delta,injection,phase1/s4_phase_baseline/frozen_tecno_phase_baseline@val~relation_detr_seed42,paired,mean,3,0.13616655095382088,0.023966412309789648,0.029352740562071118,5.681557556205458,4.638972318985844,True,significant,significant,True,|Δ| > σ かつ全 seed 同符号
transfer/b2a_regiononly_mask_06/b2a_regiononly_mask_06@val~relation_detr_seed42,seg_f1_25,paired_delta,injection,phase1/s4_phase_baseline/frozen_tecno_phase_baseline@val~relation_detr_seed42,paired,mean,3,0.1405445272107569,0.02641961253498378,0.03235728495637433,5.319704330434578,4.343520397346251,True,significant,significant,True,|Δ| > σ かつ全 seed 同符号
transfer/b2a_regiononly_mask_06/b2a_regiononly_mask_06@val~relation_detr_seed42,seg_f1_50,paired_delta,injection,phase1/s4_phase_baseline/frozen_tecno_phase_baseline@val~relation_detr_seed42,paired,mean,3,0.15697826305089965,0.028150099627198256,0.03447669014757335,5.576472734726286,4.553170921540699,True,significant,significant,True,|Δ| > σ かつ全 seed 同符号
transfer/b2a_regiononly_mask_07/b2a_regiononly_mask_07@val~relation_detr_seed42,accuracy,paired_delta,injection,phase1/s4_phase_baseline/frozen_tecno_phase_baseline@val~relation_detr_seed42,paired,mean,3,0.05109539525381113,0.003486093152509446,0.0042695747097292805,14.65692195202253,11.96732666075093,True,significant,significant,True,|Δ| > σ かつ全 seed 同符号
transfer/b2a_regiononly_mask_07/b2a_regiononly_mask_07@val~relation_detr_seed42,edit_score,paired_delta,injection,phase1/s4_phase_baseline/frozen_tecno_phase_baseline@val~relation_detr_seed42,paired,mean,3,-1.4153442749983138,4.791032555080395,5.867792550504855,0.29541529069709355,0.24120557480794716,False,not_significant,not_significant,True,|Δ| <= σ
transfer/b2a_regiononly_mask_07/b2a_regiononly_mask_07@val~relation_detr_seed42,jaccard,paired_delta,injection,phase1/s4_phase_baseline/frozen_tecno_phase_baseline@val~relation_detr_seed42,paired,mean,3,0.13399909567860369,0.0032824340799609162,0.004020144305113101,40.82308811520724,33.331911868978,True,significant,significant,True,|Δ| > σ かつ全 seed 同符号
transfer/b2a_regiononly_mask_07/b2a_regiononly_mask_07@val~relation_detr_seed42,macro_f1,paired_delta,injection,phase1/s4_phase_baseline/frozen_tecno_phase_baseline@val~relation_detr_seed42,paired,mean,3,0.11185040751443809,0.005698931463623838,0.0069797370824854574,19.626557755322544,16.025017302601402,True,significant,significant,True,|Δ| > σ かつ全 seed 同符号
transfer/b2a_regiononly_mask_07/b2a_regiononly_mask_07@val~relation_detr_seed42,seg_f1_10,paired_delta,injection,phase1/s4_phase_baseline/frozen_tecno_phase_baseline@val~relation_detr_seed42,paired,mean,3,0.02677143169903338,0.04741461885256778,0.05807081126866934,0.5646239988193757,0.46101356454576076,False,not_significant,not_significant,True,|Δ| <= σ
transfer/b2a_regiononly_mask_07/b2a_regiononly_mask_07@val~relation_detr_seed42,seg_f1_25,paired_delta,injection,phase1/s4_phase_baseline/frozen_tecno_phase_baseline@val~relation_detr_seed42,paired,mean,3,0.046017322465460975,0.04617755438686113,0.05655572290871434,0.9965300907870135,0.8136634119191929,False,not_significant,not_significant,True,|Δ| <= σ
transfer/b2a_regiononly_mask_07/b2a_regiononly_mask_07@val~relation_detr_seed42,seg_f1_50,paired_delta,injection,phase1/s4_phase_baseline/frozen_tecno_phase_baseline@val~relation_detr_seed42,paired,mean,3,0.06339460066370174,0.034488187061439836,0.0422392302270922,1.8381540482474727,1.5008464956125196,True,significant,significant,True,|Δ| > σ かつ全 seed 同符号
transfer/b2a_regiononly_mask_08/b2a_regiononly_mask_08@val~relation_detr_seed42,accuracy,paired_delta,injection,phase1/s4_phase_baseline/frozen_tecno_phase_baseline@val~relation_detr_seed42,paired,mean,3,0.04845513122740852,0.004896798860466534,0.005997329290592565,9.895266807587854,8.079451515763097,True,significant,significant,True,|Δ| > σ かつ全 seed 同符号
transfer/b2a_regiononly_mask_08/b2a_regiononly_mask_08@val~relation_detr_seed42,edit_score,paired_delta,injection,phase1/s4_phase_baseline/frozen_tecno_phase_baseline@val~relation_detr_seed42,paired,mean,3,-0.18770674017123667,3.5126624279358847,4.302115293544402,0.05343717024397848,0.04363126679866126,False,not_significant,not_significant,True,|Δ| <= σ
transfer/b2a_regiononly_mask_08/b2a_regiononly_mask_08@val~relation_detr_seed42,jaccard,paired_delta,injection,phase1/s4_phase_baseline/frozen_tecno_phase_baseline@val~relation_detr_seed42,paired,mean,3,0.11721752913723975,0.01450337665665982,0.017762936178104607,8.082085428251945,6.59899511893351,True,significant,significant,True,|Δ| > σ かつ全 seed 同符号
transfer/b2a_regiononly_mask_08/b2a_regiononly_mask_08@val~relation_detr_seed42,macro_f1,paired_delta,injection,phase1/s4_phase_baseline/frozen_tecno_phase_baseline@val~relation_detr_seed42,paired,mean,3,0.09796088982007138,0.01048081912197852,0.01283632946762609,9.346682609438906,7.631534393623504,True,significant,significant,True,|Δ| > σ かつ全 seed 同符号
transfer/b2a_regiononly_mask_08/b2a_regiononly_mask_08@val~relation_detr_seed42,seg_f1_10,paired_delta,injection,phase1/s4_phase_baseline/frozen_tecno_phase_baseline@val~relation_detr_seed42,paired,mean,3,0.0453985167343501,0.0294214938517978,0.036033823703668526,1.543039145565888,1.259886186592187,True,significant,significant,True,|Δ| > σ かつ全 seed 同符号
transfer/b2a_regiononly_mask_08/b2a_regiononly_mask_08@val~relation_detr_seed42,seg_f1_25,paired_delta,injection,phase1/s4_phase_baseline/frozen_tecno_phase_baseline@val~relation_detr_seed42,paired,mean,3,0.0646444075007777,0.02653458515104925,0.032498097078250986,2.436232077222488,1.989175161398613,True,significant,significant,True,|Δ| > σ かつ全 seed 同符号
transfer/b2a_regiononly_mask_08/b2a_regiononly_mask_08@val~relation_detr_seed42,seg_f1_50,paired_delta,injection,phase1/s4_phase_baseline/frozen_tecno_phase_baseline@val~relation_detr_seed42,paired,mean,3,0.07304701388079987,0.04261168540717167,0.05218844316378532,1.7142484082196348,1.3996779641721284,True,significant,significant,True,|Δ| > σ かつ全 seed 同符号
transfer/b2a_regiononly_mask_09/b2a_regiononly_mask_09@val~relation_detr_seed42,accuracy,paired_delta,injection,phase1/s4_phase_baseline/frozen_tecno_phase_baseline@val~relation_detr_seed42,paired,mean,3,0.04207449316360209,0.003415550085409363,0.0041831774500862215,12.31851154615973,10.058022559558134,True,significant,significant,True,|Δ| > σ かつ全 seed 同符号
transfer/b2a_regiononly_mask_09/b2a_regiononly_mask_09@val~relation_detr_seed42,edit_score,paired_delta,injection,phase1/s4_phase_baseline/frozen_tecno_phase_baseline@val~relation_detr_seed42,paired,mean,3,4.6283187008542015,2.1601882822178213,2.6456795198864835,2.1425533778483423,1.7493875074683216,True,significant,significant,True,|Δ| > σ かつ全 seed 同符号
transfer/b2a_regiononly_mask_09/b2a_regiononly_mask_09@val~relation_detr_seed42,jaccard,paired_delta,injection,phase1/s4_phase_baseline/frozen_tecno_phase_baseline@val~relation_detr_seed42,paired,mean,3,0.1093637949277545,0.008702591559242096,0.01065845437999749,12.566807735749801,10.26075554941581,True,significant,significant,True,|Δ| > σ かつ全 seed 同符号
transfer/b2a_regiononly_mask_09/b2a_regiononly_mask_09@val~relation_detr_seed42,macro_f1,paired_delta,injection,phase1/s4_phase_baseline/frozen_tecno_phase_baseline@val~relation_detr_seed42,paired,mean,3,0.09322995957004783,0.0073411495957311675,0.008991035317490185,12.699640343013915,10.369212919082676,True,significant,significant,True,|Δ| > σ かつ全 seed 同符号
transfer/b2a_regiononly_mask_09/b2a_regiononly_mask_09@val~relation_detr_seed42,seg_f1_10,paired_delta,injection,phase1/s4_phase_baseline/frozen_tecno_phase_baseline@val~relation_detr_seed42,paired,mean,3,0.07790218292616817,0.02012709095229742,0.02465055141985832,3.870513782185496,3.1602612695880987,True,significant,significant,True,|Δ| > σ かつ全 seed 同符号
transfer/b2a_regiononly_mask_09/b2a_regiononly_mask_09@val~relation_detr_seed42,seg_f1_25,paired_delta,injection,phase1/s4_phase_baseline/frozen_tecno_phase_baseline@val~relation_detr_seed42,paired,mean,3,0.09714807369259576,0.01731476527241041,0.02120616996673384,5.610706940820784,4.581123033767631,True,significant,significant,True,|Δ| > σ かつ全 seed 同符号
transfer/b2a_regiononly_mask_09/b2a_regiononly_mask_09@val~relation_detr_seed42,seg_f1_50,paired_delta,injection,phase1/s4_phase_baseline/frozen_tecno_phase_baseline@val~relation_detr_seed42,paired,mean,3,0.14321122014036408,0.014638310499331222,0.017928195709893565,9.783316192596608,7.9880442213899885,True,significant,significant,True,|Δ| > σ かつ全 seed 同符号
transfer/b2a_regiononly_mask_10/b2a_regiononly_mask_10@val~relation_detr_seed42,accuracy,paired_delta,injection,phase1/s4_phase_baseline/frozen_tecno_phase_baseline@val~relation_detr_seed42,paired,mean,3,0.04097438315260101,0.0013947466975545591,0.0017082088647203022,29.377652031327496,23.986752439263363,True,significant,significant,True,|Δ| > σ かつ全 seed 同符号
transfer/b2a_regiononly_mask_10/b2a_regiononly_mask_10@val~relation_detr_seed42,edit_score,paired_delta,injection,phase1/s4_phase_baseline/frozen_tecno_phase_baseline@val~relation_detr_seed42,paired,mean,3,-4.829791044278248,4.0920255592203585,5.011687317258433,1.1802934694275111,0.9637055822788864,False,not_significant,not_significant,True,全 seed 同符号ではない
transfer/b2a_regiononly_mask_10/b2a_regiononly_mask_10@val~relation_detr_seed42,jaccard,paired_delta,injection,phase1/s4_phase_baseline/frozen_tecno_phase_baseline@val~relation_detr_seed42,paired,mean,3,0.1185113378245108,0.0013814088614704724,0.0016918734183808551,85.79019661011779,70.04740220927857,True,significant,significant,True,|Δ| > σ かつ全 seed 同符号
transfer/b2a_regiononly_mask_10/b2a_regiononly_mask_10@val~relation_detr_seed42,macro_f1,paired_delta,injection,phase1/s4_phase_baseline/frozen_tecno_phase_baseline@val~relation_detr_seed42,paired,mean,3,0.10157534379388888,0.004954304681251854,0.006067759249674549,20.50244188216192,16.740173697454622,True,significant,significant,True,|Δ| > σ かつ全 seed 同符号
transfer/b2a_regiononly_mask_10/b2a_regiononly_mask_10@val~relation_detr_seed42,seg_f1_10,paired_delta,injection,phase1/s4_phase_baseline/frozen_tecno_phase_baseline@val~relation_detr_seed42,paired,mean,3,-0.02552300991561966,0.04579913772358083,0.05609225904111268,0.5572814507919982,0.4550183991861093,False,not_significant,not_significant,True,|Δ| <= σ
transfer/b2a_regiononly_mask_10/b2a_regiononly_mask_10@val~relation_detr_seed42,seg_f1_25,paired_delta,injection,phase1/s4_phase_baseline/frozen_tecno_phase_baseline@val~relation_detr_seed42,paired,mean,3,-0.010043597491941614,0.040200714760029656,0.049235619228622476,0.2498362915160816,0.20399047781454327,False,not_significant,not_significant,True,|Δ| <= σ
transfer/b2a_regiononly_mask_10/b2a_regiononly_mask_10@val~relation_detr_seed42,seg_f1_50,paired_delta,injection,phase1/s4_phase_baseline/frozen_tecno_phase_baseline@val~relation_detr_seed42,paired,mean,3,-0.0014808321404717883,0.0426056950160466,0.05218110646297726,0.03475667137724339,0.02837870334394779,False,not_significant,not_significant,True,|Δ| <= σ
transfer/b2a_regiononly_mask_11/b2a_regiononly_mask_11@val~relation_detr_seed42,accuracy,paired_delta,injection,phase1/s4_phase_baseline/frozen_tecno_phase_baseline@val~relation_detr_seed42,paired,mean,3,0.04295458117240299,0.003132504294202762,0.0038365185689369623,13.71253704325253,11.196239611660479,True,significant,significant,True,|Δ| > σ かつ全 seed 同符号
transfer/b2a_regiononly_mask_11/b2a_regiononly_mask_11@val~relation_detr_seed42,edit_score,paired_delta,injection,phase1/s4_phase_baseline/frozen_tecno_phase_baseline@val~relation_detr_seed42,paired,mean,3,-5.61123250683426,2.4003324293302497,2.9397948324571375,2.3376897459157058,1.9087156848099782,True,significant,significant,True,|Δ| > σ かつ全 seed 同符号
transfer/b2a_regiononly_mask_11/b2a_regiononly_mask_11@val~relation_detr_seed42,jaccard,paired_delta,injection,phase1/s4_phase_baseline/frozen_tecno_phase_baseline@val~relation_detr_seed42,paired,mean,3,0.10679924197583841,0.00937775459531879,0.011485356845785593,11.388572913728273,9.298730845705247,True,significant,significant,True,|Δ| > σ かつ全 seed 同符号
transfer/b2a_regiononly_mask_11/b2a_regiononly_mask_11@val~relation_detr_seed42,macro_f1,paired_delta,injection,phase1/s4_phase_baseline/frozen_tecno_phase_baseline@val~relation_detr_seed42,paired,mean,3,0.09371990469010298,0.008763976248078445,0.010733634962831777,10.693765254173487,8.731422767276365,True,significant,significant,True,|Δ| > σ かつ全 seed 同符号
transfer/b2a_regiononly_mask_11/b2a_regiononly_mask_11@val~relation_detr_seed42,seg_f1_10,paired_delta,injection,phase1/s4_phase_baseline/frozen_tecno_phase_baseline@val~relation_detr_seed42,paired,mean,3,-0.016129170523602725,0.024270415456236052,0.02972506685656826,0.6645609570502218,0.5426117492495635,False,not_significant,not_significant,True,|Δ| <= σ
transfer/b2a_regiononly_mask_11/b2a_regiononly_mask_11@val~relation_detr_seed42,seg_f1_25,paired_delta,injection,phase1/s4_phase_baseline/frozen_tecno_phase_baseline@val~relation_detr_seed42,paired,mean,3,-0.0003020831759785736,0.02331252934053468,0.02855190074898579,0.012957975154301521,0.010580142409233615,False,not_significant,not_significant,True,|Δ| <= σ
transfer/b2a_regiononly_mask_11/b2a_regiononly_mask_11@val~relation_detr_seed42,seg_f1_50,paired_delta,injection,phase1/s4_phase_baseline/frozen_tecno_phase_baseline@val~relation_detr_seed42,paired,mean,3,0.024823379041632638,0.020758642883233654,0.025424041408289924,1.1958093398139236,0.97637423739951,False,not_significant,not_significant,True,全 seed 同符号ではない
transfer/b2a_regiononly_mask_12/b2a_regiononly_mask_12@val~relation_detr_seed42,accuracy,paired_delta,injection,phase1/s4_phase_baseline/frozen_tecno_phase_baseline@val~relation_detr_seed42,paired,mean,3,0.04889517523180894,0.002376254254241005,0.0029103052110041163,20.576575568268243,16.800703598692,True,significant,significant,True,|Δ| > σ かつ全 seed 同符号
transfer/b2a_regiononly_mask_12/b2a_regiononly_mask_12@val~relation_detr_seed42,edit_score,paired_delta,injection,phase1/s4_phase_baseline/frozen_tecno_phase_baseline@val~relation_detr_seed42,paired,mean,3,-1.7191474433599059,3.147217817753432,3.8545388814457446,0.5462435531669299,0.4460059935146108,False,not_significant,not_significant,True,|Δ| <= σ
transfer/b2a_regiononly_mask_12/b2a_regiononly_mask_12@val~relation_detr_seed42,jaccard,paired_delta,injection,phase1/s4_phase_baseline/frozen_tecno_phase_baseline@val~relation_detr_seed42,paired,mean,3,0.12312893485591396,0.008152435937538156,0.009984654103848339,15.103330562704919,12.331817765069793,True,significant,significant,True,|Δ| > σ かつ全 seed 同符号
transfer/b2a_regiononly_mask_12/b2a_regiononly_mask_12@val~relation_detr_seed42,macro_f1,paired_delta,injection,phase1/s4_phase_baseline/frozen_tecno_phase_baseline@val~relation_detr_seed42,paired,mean,3,0.10288360160514014,0.006151731415013972,0.007534301500716885,16.724332495082844,13.655360300533609,True,significant,significant,True,|Δ| > σ かつ全 seed 同符号
transfer/b2a_regiononly_mask_12/b2a_regiononly_mask_12@val~relation_detr_seed42,seg_f1_10,paired_delta,injection,phase1/s4_phase_baseline/frozen_tecno_phase_baseline@val~relation_detr_seed42,paired,mean,3,0.04465027631434967,0.027157381181810446,0.0332608633228488,1.6441304121126255,1.3424268600892517,True,significant,significant,True,|Δ| > σ かつ全 seed 同符号
transfer/b2a_regiononly_mask_12/b2a_regiononly_mask_12@val~relation_detr_seed42,seg_f1_25,paired_delta,injection,phase1/s4_phase_baseline/frozen_tecno_phase_baseline@val~relation_detr_seed42,paired,mean,3,0.06025317983123263,0.028198447200351025,0.03453590358983643,2.1367552405680894,1.744653348203246,True,significant,significant,True,|Δ| > σ かつ全 seed 同符号
transfer/b2a_regiononly_mask_12/b2a_regiononly_mask_12@val~relation_detr_seed42,seg_f1_50,paired_delta,injection,phase1/s4_phase_baseline/frozen_tecno_phase_baseline@val~relation_detr_seed42,paired,mean,3,0.0668563903399857,0.034493952685948855,0.04224629164613999,1.9382061240902586,1.5825386734528761,True,significant,significant,True,|Δ| > σ かつ全 seed 同符号
transfer/b2a_regiononly_mask_13/b2a_regiononly_mask_13@val~relation_detr_seed42,accuracy,paired_delta,injection,phase1/s4_phase_baseline/frozen_tecno_phase_baseline@val~relation_detr_seed42,paired,mean,3,0.0497752632406098,0.0038492546137661246,0.004714354846890473,12.93114336022306,10.558234341108395,True,significant,significant,True,|Δ| > σ かつ全 seed 同符号
transfer/b2a_regiononly_mask_13/b2a_regiononly_mask_13@val~relation_detr_seed42,edit_score,paired_delta,injection,phase1/s4_phase_baseline/frozen_tecno_phase_baseline@val~relation_detr_seed42,paired,mean,3,-1.4712256268892976,2.007324112844285,2.4584599124267097,0.7329287868737048,0.5984338485458859,False,not_significant,not_significant,True,|Δ| <= σ
transfer/b2a_regiononly_mask_13/b2a_regiononly_mask_13@val~relation_detr_seed42,jaccard,paired_delta,injection,phase1/s4_phase_baseline/frozen_tecno_phase_baseline@val~relation_detr_seed42,paired,mean,3,0.126695969663981,0.010389363625793572,0.012724319817713001,12.19477671851182,9.956993495841935,True,significant,significant,True,|Δ| > σ かつ全 seed 同符号
transfer/b2a_regiononly_mask_13/b2a_regiononly_mask_13@val~relation_detr_seed42,macro_f1,paired_delta,injection,phase1/s4_phase_baseline/frozen_tecno_phase_baseline@val~relation_detr_seed42,paired,mean,3,0.1063465479741846,0.006433286599412983,0.007879134768823286,16.53067158299591,13.497236827955284,True,significant,significant,True,|Δ| > σ かつ全 seed 同符号
transfer/b2a_regiononly_mask_13/b2a_regiononly_mask_13@val~relation_detr_seed42,seg_f1_10,paired_delta,injection,phase1/s4_phase_baseline/frozen_tecno_phase_baseline@val~relation_detr_seed42,paired,mean,3,0.03047137474323876,0.013949346721641824,0.0170843908565939,2.1844302354291405,1.783579818503041,True,significant,significant,True,|Δ| > σ かつ全 seed 同符号
transfer/b2a_regiononly_mask_13/b2a_regiononly_mask_13@val~relation_detr_seed42,seg_f1_25,paired_delta,injection,phase1/s4_phase_baseline/frozen_tecno_phase_baseline@val~relation_detr_seed42,paired,mean,3,0.049717265509666354,0.011086495885298924,0.013578128977223812,4.484488699048106,3.6615696899818047,True,significant,significant,True,|Δ| > σ かつ全 seed 同符号
transfer/b2a_regiononly_mask_13/b2a_regiononly_mask_13@val~relation_detr_seed42,seg_f1_50,paired_delta,injection,phase1/s4_phase_baseline/frozen_tecno_phase_baseline@val~relation_detr_seed42,paired,mean,3,0.06987242857572433,0.0042345917171255415,0.005186294487986809,16.500393247629084,13.472514670652085,True,significant,significant,True,|Δ| > σ かつ全 seed 同符号
transfer/b2a_regiononly_mask_14/b2a_regiononly_mask_14@val~relation_detr_seed42,accuracy,paired_delta,injection,phase1/s4_phase_baseline/frozen_tecno_phase_baseline@val~relation_detr_seed42,paired,mean,3,0.04933521923620939,0.0038988808991434467,0.004775134385392564,12.653687176504404,10.331692315744858,True,significant,significant,True,|Δ| > σ かつ全 seed 同符号
transfer/b2a_regiononly_mask_14/b2a_regiononly_mask_14@val~relation_detr_seed42,edit_score,paired_delta,injection,phase1/s4_phase_baseline/frozen_tecno_phase_baseline@val~relation_detr_seed42,paired,mean,3,-3.328439047570214,0.5045403369358076,0.6179331900723147,6.59697313357463,5.386406008035752,True,significant,significant,True,|Δ| > σ かつ全 seed 同符号
transfer/b2a_regiononly_mask_14/b2a_regiononly_mask_14@val~relation_detr_seed42,jaccard,paired_delta,injection,phase1/s4_phase_baseline/frozen_tecno_phase_baseline@val~relation_detr_seed42,paired,mean,3,0.12560731100743494,0.007401280748827948,0.00906468063885633,16.971023701178456,13.856782826855612,True,significant,significant,True,|Δ| > σ かつ全 seed 同符号
transfer/b2a_regiononly_mask_14/b2a_regiononly_mask_14@val~relation_detr_seed42,macro_f1,paired_delta,injection,phase1/s4_phase_baseline/frozen_tecno_phase_baseline@val~relation_detr_seed42,paired,mean,3,0.10472144459338632,0.007082899308207648,0.00867474460231035,14.785109887420727,12.07199167171974,True,significant,significant,True,|Δ| > σ かつ全 seed 同符号
transfer/b2a_regiononly_mask_14/b2a_regiononly_mask_14@val~relation_detr_seed42,seg_f1_10,paired_delta,injection,phase1/s4_phase_baseline/frozen_tecno_phase_baseline@val~relation_detr_seed42,paired,mean,3,0.017436803401234584,0.005469922943511404,0.006699260071972777,3.187760336170489,2.6027954153002226,True,significant,significant,True,|Δ| > σ かつ全 seed 同符号
transfer/b2a_regiononly_mask_14/b2a_regiononly_mask_14@val~relation_detr_seed42,seg_f1_25,paired_delta,injection,phase1/s4_phase_baseline/frozen_tecno_phase_baseline@val~relation_detr_seed42,paired,mean,3,0.03668269416766218,0.008325912121177568,0.010197118170069292,4.405846907074248,3.5973589357171205,True,significant,significant,True,|Δ| > σ かつ全 seed 同符号
transfer/b2a_regiononly_mask_14/b2a_regiononly_mask_14@val~relation_detr_seed42,seg_f1_50,paired_delta,injection,phase1/s4_phase_baseline/frozen_tecno_phase_baseline@val~relation_detr_seed42,paired,mean,3,0.07490657949404911,0.004769857952228478,0.0058418590642582155,15.704153088888685,12.822387303443199,True,significant,significant,True,|Δ| > σ かつ全 seed 同符号
transfer/b2a_regiononly_oracle/b2a_regiononly_oracle@val~relation_detr_seed42,accuracy,paired_delta,injection,phase1/s4_phase_baseline/frozen_tecno_phase_baseline@val~relation_detr_seed42,paired,mean,3,0.06979726544082983,0.0034409674859213354,0.004214307281007365,20.284197896784626,16.561978229586018,True,significant,significant,True,|Δ| > σ かつ全 seed 同符号
transfer/b2a_regiononly_oracle/b2a_regiononly_oracle@val~relation_detr_seed42,edit_score,paired_delta,injection,phase1/s4_phase_baseline/frozen_tecno_phase_baseline@val~relation_detr_seed42,paired,mean,3,24.713074993943835,4.215613766090905,5.163051339787618,5.862272106787433,4.786525131659916,True,significant,significant,True,|Δ| > σ かつ全 seed 同符号
transfer/b2a_regiononly_oracle/b2a_regiononly_oracle@val~relation_detr_seed42,jaccard,paired_delta,injection,phase1/s4_phase_baseline/frozen_tecno_phase_baseline@val~relation_detr_seed42,paired,mean,3,0.18860943142971562,0.008261417735453153,0.010118129001919765,22.830153064444943,18.640741919175944,True,significant,significant,True,|Δ| > σ かつ全 seed 同符号
transfer/b2a_regiononly_oracle/b2a_regiononly_oracle@val~relation_detr_seed42,macro_f1,paired_delta,injection,phase1/s4_phase_baseline/frozen_tecno_phase_baseline@val~relation_detr_seed42,paired,mean,3,0.14420243564483295,0.008676016793890344,0.010625907072424496,16.620811032359963,13.57083538016774,True,significant,significant,True,|Δ| > σ かつ全 seed 同符号
transfer/b2a_regiononly_oracle/b2a_regiononly_oracle@val~relation_detr_seed42,seg_f1_10,paired_delta,injection,phase1/s4_phase_baseline/frozen_tecno_phase_baseline@val~relation_detr_seed42,paired,mean,3,0.2945194087690443,0.052250274519611346,0.06399325574669662,5.636705481011414,4.602350752942393,True,significant,significant,True,|Δ| > σ かつ全 seed 同符号
transfer/b2a_regiononly_oracle/b2a_regiononly_oracle@val~relation_detr_seed42,seg_f1_25,paired_delta,injection,phase1/s4_phase_baseline/frozen_tecno_phase_baseline@val~relation_detr_seed42,paired,mean,3,0.31376529953547194,0.051869017503819004,0.06352631317192288,6.049185325562993,4.939139135720358,True,significant,significant,True,|Δ| > σ かつ全 seed 同符号
transfer/b2a_regiononly_oracle/b2a_regiononly_oracle@val~relation_detr_seed42,seg_f1_50,paired_delta,injection,phase1/s4_phase_baseline/frozen_tecno_phase_baseline@val~relation_detr_seed42,paired,mean,3,0.3629243082442567,0.0670383178955356,0.08210483602927622,5.413684585728926,4.420254954468801,True,significant,significant,True,|Δ| > σ かつ全 seed 同符号
transfer/b2a_regiononly_oracle_mask_top3/b2a_regiononly_oracle_mask_top3@val~relation_detr_seed42,accuracy,paired_delta,injection,phase1/s4_phase_baseline/frozen_tecno_phase_baseline@val~relation_detr_seed42,paired,mean,3,-0.01799151343705796,0.006913679817713396,0.008467493899188017,2.6023064289095768,2.12477430173091,True,significant,significant,True,|Δ| > σ かつ全 seed 同符号
transfer/b2a_regiononly_oracle_mask_top3/b2a_regiononly_oracle_mask_top3@val~relation_detr_seed42,edit_score,paired_delta,injection,phase1/s4_phase_baseline/frozen_tecno_phase_baseline@val~relation_detr_seed42,paired,mean,3,15.380364131821203,7.2629424375584,8.895251501611977,2.117649184755436,1.7290533189571997,True,significant,significant,True,|Δ| > σ かつ全 seed 同符号
transfer/b2a_regiononly_oracle_mask_top3/b2a_regiononly_oracle_mask_top3@val~relation_detr_seed42,jaccard,paired_delta,injection,phase1/s4_phase_baseline/frozen_tecno_phase_baseline@val~relation_detr_seed42,paired,mean,3,-0.02576597590763463,0.02096487708662868,0.025676625691203516,1.229006771714778,1.0034798270421383,True,significant,significant,True,|Δ| > σ かつ全 seed 同符号
transfer/b2a_regiononly_oracle_mask_top3/b2a_regiononly_oracle_mask_top3@val~relation_detr_seed42,macro_f1,paired_delta,injection,phase1/s4_phase_baseline/frozen_tecno_phase_baseline@val~relation_detr_seed42,paired,mean,3,-0.03740884328715277,0.01569517900955126,0.019222589997520825,2.3834607597904887,1.946087561144334,True,significant,significant,True,|Δ| > σ かつ全 seed 同符号
transfer/b2a_regiononly_oracle_mask_top3/b2a_regiononly_oracle_mask_top3@val~relation_detr_seed42,seg_f1_10,paired_delta,injection,phase1/s4_phase_baseline/frozen_tecno_phase_baseline@val~relation_detr_seed42,paired,mean,3,0.18871548567733654,0.07304570038452234,0.08946234692315036,2.5835262675819792,2.1094403642176554,True,significant,significant,True,|Δ| > σ かつ全 seed 同符号
transfer/b2a_regiononly_oracle_mask_top3/b2a_regiononly_oracle_mask_top3@val~relation_detr_seed42,seg_f1_25,paired_delta,injection,phase1/s4_phase_baseline/frozen_tecno_phase_baseline@val~relation_detr_seed42,paired,mean,3,0.18469409851810112,0.08018405324709786,0.0982050079817732,2.303376931432259,1.8806993891022366,True,significant,significant,True,|Δ| > σ かつ全 seed 同符号
transfer/b2a_regiononly_oracle_mask_top3/b2a_regiononly_oracle_mask_top3@val~relation_detr_seed42,seg_f1_50,paired_delta,injection,phase1/s4_phase_baseline/frozen_tecno_phase_baseline@val~relation_detr_seed42,paired,mean,3,0.23158553353074085,0.07175941012142932,0.08788696952030625,3.227249682499593,2.635038331561007,True,significant,significant,True,|Δ| > σ かつ全 seed 同符号
transfer/b2a_regiononly_pred/b2a_regiononly_pred@val~relation_detr_seed42,accuracy,paired_delta,injection,phase1/s4_phase_baseline/frozen_tecno_phase_baseline@val~relation_detr_seed42,paired,mean,3,0.04889517523180894,0.004505803985640211,0.00551846032290863,10.851598380141613,8.860292974986477,True,significant,significant,True,|Δ| > σ かつ全 seed 同符号
transfer/b2a_regiononly_pred/b2a_regiononly_pred@val~relation_detr_seed42,edit_score,paired_delta,injection,phase1/s4_phase_baseline/frozen_tecno_phase_baseline@val~relation_detr_seed42,paired,mean,3,0.11951079783880185,4.535994896453226,5.55543648608951,0.026347207297840975,0.021512404675681187,False,not_significant,not_significant,True,|Δ| <= σ
transfer/b2a_regiononly_pred/b2a_regiononly_pred@val~relation_detr_seed42,jaccard,paired_delta,injection,phase1/s4_phase_baseline/frozen_tecno_phase_baseline@val~relation_detr_seed42,paired,mean,3,0.12893275975682683,0.014458105742191885,0.017707490857786796,8.917679954475163,7.28125519263669,True,significant,significant,True,|Δ| > σ かつ全 seed 同符号
transfer/b2a_regiononly_pred/b2a_regiononly_pred@val~relation_detr_seed42,macro_f1,paired_delta,injection,phase1/s4_phase_baseline/frozen_tecno_phase_baseline@val~relation_detr_seed42,paired,mean,3,0.10751225927470627,0.012885053198869813,0.015780902822923593,8.343951523936004,6.812807890720436,True,significant,significant,True,|Δ| > σ かつ全 seed 同符号
transfer/b2a_regiononly_pred/b2a_regiononly_pred@val~relation_detr_seed42,seg_f1_10,paired_delta,injection,phase1/s4_phase_baseline/frozen_tecno_phase_baseline@val~relation_detr_seed42,paired,mean,3,0.05090027070546186,0.049514820565701785,0.060643022545718045,1.027980514196183,0.8393425751015091,True,significant,not_significant,False,|Δ| > σ かつ全 seed 同符号
transfer/b2a_regiononly_pred/b2a_regiononly_pred@val~relation_detr_seed42,seg_f1_25,paired_delta,injection,phase1/s4_phase_baseline/frozen_tecno_phase_baseline@val~relation_detr_seed42,paired,mean,3,0.06661882461121922,0.04180785373659957,0.05120395444779001,1.5934523936802703,1.3010484313110415,True,significant,significant,True,|Δ| > σ かつ全 seed 同符号
transfer/b2a_regiononly_pred/b2a_regiononly_pred@val~relation_detr_seed42,seg_f1_50,paired_delta,injection,phase1/s4_phase_baseline/frozen_tecno_phase_baseline@val~relation_detr_seed42,paired,mean,3,0.08318614517276034,0.04305339546239954,0.05272942528856774,1.9321622436355927,1.5776038657261056,True,significant,significant,True,|Δ| > σ かつ全 seed 同符号
transfer/b2a_ro_oracle_bipolarnoise_p010/b2a_ro_oracle_bipolarnoise_p010@val~relation_detr_seed42,accuracy,paired_delta,injection,phase1/s4_phase_baseline/frozen_tecno_phase_baseline@val~relation_detr_seed42,paired,mean,3,0.060996385352821036,0.0038492546137660877,0.004714354846890428,15.846284923496535,12.938437460441493,True,significant,significant,True,|Δ| > σ かつ全 seed 同符号
transfer/b2a_ro_oracle_bipolarnoise_p010/b2a_ro_oracle_bipolarnoise_p010@val~relation_detr_seed42,edit_score,paired_delta,injection,phase1/s4_phase_baseline/frozen_tecno_phase_baseline@val~relation_detr_seed42,paired,mean,3,25.29743713386153,11.334599935034612,13.88199313970908,2.231877373604389,1.8223202445979367,True,significant,significant,True,|Δ| > σ かつ全 seed 同符号
transfer/b2a_ro_oracle_bipolarnoise_p010/b2a_ro_oracle_bipolarnoise_p010@val~relation_detr_seed42,jaccard,paired_delta,injection,phase1/s4_phase_baseline/frozen_tecno_phase_baseline@val~relation_detr_seed42,paired,mean,3,0.1529420795092866,0.010069996257706494,0.012333176271558523,15.187898346262159,12.400867071200917,True,significant,significant,True,|Δ| > σ かつ全 seed 同符号
transfer/b2a_ro_oracle_bipolarnoise_p010/b2a_ro_oracle_bipolarnoise_p010@val~relation_detr_seed42,macro_f1,paired_delta,injection,phase1/s4_phase_baseline/frozen_tecno_phase_baseline@val~relation_detr_seed42,paired,mean,3,0.12225598572521008,0.00820316884019939,0.010046788966193492,14.903507182017051,12.168662657948731,True,significant,significant,True,|Δ| > σ かつ全 seed 同符号
transfer/b2a_ro_oracle_bipolarnoise_p010/b2a_ro_oracle_bipolarnoise_p010@val~relation_detr_seed42,seg_f1_10,paired_delta,injection,phase1/s4_phase_baseline/frozen_tecno_phase_baseline@val~relation_detr_seed42,paired,mean,3,0.28851528680747557,0.11086498592217112,0.1357813229250798,2.6024022319365794,2.1248525245749,True,significant,significant,True,|Δ| > σ かつ全 seed 同符号
transfer/b2a_ro_oracle_bipolarnoise_p010/b2a_ro_oracle_bipolarnoise_p010@val~relation_detr_seed42,seg_f1_25,paired_delta,injection,phase1/s4_phase_baseline/frozen_tecno_phase_baseline@val~relation_detr_seed42,paired,mean,3,0.30348767330039894,0.11511310186863757,0.14098418114359143,2.636430331333846,2.152636351388237,True,significant,significant,True,|Δ| > σ かつ全 seed 同符号
transfer/b2a_ro_oracle_bipolarnoise_p010/b2a_ro_oracle_bipolarnoise_p010@val~relation_detr_seed42,seg_f1_50,paired_delta,injection,phase1/s4_phase_baseline/frozen_tecno_phase_baseline@val~relation_detr_seed42,paired,mean,3,0.327269773653552,0.12899712468624053,0.15798856688373444,2.537031538102649,2.0714775765666227,True,significant,significant,True,|Δ| > σ かつ全 seed 同符号
transfer/b2a_ro_oracle_bipolarnoise_p020/b2a_ro_oracle_bipolarnoise_p020@val~relation_detr_seed42,accuracy,paired_delta,injection,phase1/s4_phase_baseline/frozen_tecno_phase_baseline@val~relation_detr_seed42,paired,mean,3,0.05549583529781551,0.00467040165492431,0.005720050474207338,11.882454529216478,9.701983496134428,True,significant,significant,True,|Δ| > σ かつ全 seed 同符号
transfer/b2a_ro_oracle_bipolarnoise_p020/b2a_ro_oracle_bipolarnoise_p020@val~relation_detr_seed42,edit_score,paired_delta,injection,phase1/s4_phase_baseline/frozen_tecno_phase_baseline@val~relation_detr_seed42,paired,mean,3,21.536120261433545,1.8062770802169335,2.212228590307863,11.922932808762132,9.73503387298529,True,significant,significant,True,|Δ| > σ かつ全 seed 同符号
transfer/b2a_ro_oracle_bipolarnoise_p020/b2a_ro_oracle_bipolarnoise_p020@val~relation_detr_seed42,jaccard,paired_delta,injection,phase1/s4_phase_baseline/frozen_tecno_phase_baseline@val~relation_detr_seed42,paired,mean,3,0.13327806702859615,0.012798594625008994,0.015675013127999723,10.413492335179145,8.502580887190852,True,significant,significant,True,|Δ| > σ かつ全 seed 同符号
transfer/b2a_ro_oracle_bipolarnoise_p020/b2a_ro_oracle_bipolarnoise_p020@val~relation_detr_seed42,macro_f1,paired_delta,injection,phase1/s4_phase_baseline/frozen_tecno_phase_baseline@val~relation_detr_seed42,paired,mean,3,0.10761568365626746,0.008676118668063521,0.010626031842295623,12.403666636372424,10.127551399565393,True,significant,significant,True,|Δ| > σ かつ全 seed 同符号
transfer/b2a_ro_oracle_bipolarnoise_p020/b2a_ro_oracle_bipolarnoise_p020@val~relation_detr_seed42,seg_f1_10,paired_delta,injection,phase1/s4_phase_baseline/frozen_tecno_phase_baseline@val~relation_detr_seed42,paired,mean,3,0.2631671282678277,0.03654220298938076,0.044754875700594485,7.20173133361184,5.8801890106541395,True,significant,significant,True,|Δ| > σ かつ全 seed 同符号
transfer/b2a_ro_oracle_bipolarnoise_p020/b2a_ro_oracle_bipolarnoise_p020@val~relation_detr_seed42,seg_f1_25,paired_delta,injection,phase1/s4_phase_baseline/frozen_tecno_phase_baseline@val~relation_detr_seed42,paired,mean,3,0.26452249348415524,0.042771703210071885,0.05238442414721871,6.184520924616008,5.049640189624949,True,significant,significant,True,|Δ| > σ かつ全 seed 同符号
transfer/b2a_ro_oracle_bipolarnoise_p020/b2a_ro_oracle_bipolarnoise_p020@val~relation_detr_seed42,seg_f1_50,paired_delta,injection,phase1/s4_phase_baseline/frozen_tecno_phase_baseline@val~relation_detr_seed42,paired,mean,3,0.2929745338263972,0.08304982413105359,0.10171484617448132,3.5276960173218423,2.8803517366956406,True,significant,significant,True,|Δ| > σ かつ全 seed 同符号
transfer/b2a_ro_oracle_bipolarnoise_p030/b2a_ro_oracle_bipolarnoise_p030@val~relation_detr_seed42,accuracy,paired_delta,injection,phase1/s4_phase_baseline/frozen_tecno_phase_baseline@val~relation_detr_seed42,paired,mean,3,0.049995285242810016,0.003415550085409363,0.0041831774500862215,14.637550026387022,11.951509549703548,True,significant,significant,True,|Δ| > σ かつ全 seed 同符号
transfer/b2a_ro_oracle_bipolarnoise_p030/b2a_ro_oracle_bipolarnoise_p030@val~relation_detr_seed42,edit_score,paired_delta,injection,phase1/s4_phase_baseline/frozen_tecno_phase_baseline@val~relation_detr_seed42,paired,mean,3,14.26040009682449,5.746624066831782,7.038148353667701,2.481526532966077,2.026157929648236,True,significant,significant,True,|Δ| > σ かつ全 seed 同符号
transfer/b2a_ro_oracle_bipolarnoise_p030/b2a_ro_oracle_bipolarnoise_p030@val~relation_detr_seed42,jaccard,paired_delta,injection,phase1/s4_phase_baseline/frozen_tecno_phase_baseline@val~relation_detr_seed42,paired,mean,3,0.1077416921112125,0.005700747565638131,0.006981961344113387,18.899572533370385,15.43143635449248,True,significant,significant,True,|Δ| > σ かつ全 seed 同符号
transfer/b2a_ro_oracle_bipolarnoise_p030/b2a_ro_oracle_bipolarnoise_p030@val~relation_detr_seed42,macro_f1,paired_delta,injection,phase1/s4_phase_baseline/frozen_tecno_phase_baseline@val~relation_detr_seed42,paired,mean,3,0.08579800520168963,0.005843769305651353,0.007157126486692082,14.68196308138254,11.987772657255944,True,significant,significant,True,|Δ| > σ かつ全 seed 同符号
transfer/b2a_ro_oracle_bipolarnoise_p030/b2a_ro_oracle_bipolarnoise_p030@val~relation_detr_seed42,seg_f1_10,paired_delta,injection,phase1/s4_phase_baseline/frozen_tecno_phase_baseline@val~relation_detr_seed42,paired,mean,3,0.1952276183425021,0.07401682508655834,0.09065172692145063,2.6376113554478304,2.1536006535392986,True,significant,significant,True,|Δ| > σ かつ全 seed 同符号
transfer/b2a_ro_oracle_bipolarnoise_p030/b2a_ro_oracle_bipolarnoise_p030@val~relation_detr_seed42,seg_f1_25,paired_delta,injection,phase1/s4_phase_baseline/frozen_tecno_phase_baseline@val~relation_detr_seed42,paired,mean,3,0.2052617332304872,0.07365354900983506,0.09020680640958455,2.786854618547686,2.2754572675868276,True,significant,significant,True,|Δ| > σ かつ全 seed 同符号
transfer/b2a_ro_oracle_bipolarnoise_p030/b2a_ro_oracle_bipolarnoise_p030@val~relation_detr_seed42,seg_f1_50,paired_delta,injection,phase1/s4_phase_baseline/frozen_tecno_phase_baseline@val~relation_detr_seed42,paired,mean,3,0.21937742959099507,0.08840306828826877,0.10827120450133759,2.4815589983329436,2.0261844375092815,True,significant,significant,True,|Δ| > σ かつ全 seed 同符号
transfer/b2a_ro_oracle_bsnoise_p010/b2a_ro_oracle_bsnoise_p010@val~relation_detr_seed42,accuracy,paired_delta,injection,phase1/s4_phase_baseline/frozen_tecno_phase_baseline@val~relation_detr_seed42,paired,mean,3,0.05571585730001575,0.0009308458630908185,0.0011400486968765572,59.85508397170564,48.87147141403959,True,significant,significant,True,|Δ| > σ かつ全 seed 同符号
transfer/b2a_ro_oracle_bsnoise_p010/b2a_ro_oracle_bsnoise_p010@val~relation_detr_seed42,edit_score,paired_delta,injection,phase1/s4_phase_baseline/frozen_tecno_phase_baseline@val~relation_detr_seed42,paired,mean,3,17.757280489762234,2.669997825584829,3.2700661435117135,6.6506722663239355,5.430251166324345,True,significant,significant,True,|Δ| > σ かつ全 seed 同符号
transfer/b2a_ro_oracle_bsnoise_p010/b2a_ro_oracle_bsnoise_p010@val~relation_detr_seed42,jaccard,paired_delta,injection,phase1/s4_phase_baseline/frozen_tecno_phase_baseline@val~relation_detr_seed42,paired,mean,3,0.13602269126023078,0.003724462415957485,0.004561516242634657,36.521429422254506,29.819622253864058,True,significant,significant,True,|Δ| > σ かつ全 seed 同符号
transfer/b2a_ro_oracle_bsnoise_p010/b2a_ro_oracle_bsnoise_p010@val~relation_detr_seed42,macro_f1,paired_delta,injection,phase1/s4_phase_baseline/frozen_tecno_phase_baseline@val~relation_detr_seed42,paired,mean,3,0.111106907797212,0.007276650491540095,0.008912040370422817,15.26896309316848,12.4670561598837,True,significant,significant,True,|Δ| > σ かつ全 seed 同符号
transfer/b2a_ro_oracle_bsnoise_p010/b2a_ro_oracle_bsnoise_p010@val~relation_detr_seed42,seg_f1_10,paired_delta,injection,phase1/s4_phase_baseline/frozen_tecno_phase_baseline@val~relation_detr_seed42,paired,mean,3,0.2080114722611078,0.025544641189852578,0.031285668288810284,8.143057117738605,6.648778294932755,True,significant,significant,True,|Δ| > σ かつ全 seed 同符号
transfer/b2a_ro_oracle_bsnoise_p010/b2a_ro_oracle_bsnoise_p010@val~relation_detr_seed42,seg_f1_25,paired_delta,injection,phase1/s4_phase_baseline/frozen_tecno_phase_baseline@val~relation_detr_seed42,paired,mean,3,0.21865947942965178,0.02651069900604189,0.0324688426446559,8.247971107054493,6.734440208500665,True,significant,significant,True,|Δ| > σ かつ全 seed 同符号
transfer/b2a_ro_oracle_bsnoise_p010/b2a_ro_oracle_bsnoise_p010@val~relation_detr_seed42,seg_f1_50,paired_delta,injection,phase1/s4_phase_baseline/frozen_tecno_phase_baseline@val~relation_detr_seed42,paired,mean,3,0.25988198020192865,0.030297151572768587,0.03710628100652194,8.577769417621207,7.003719401474128,True,significant,significant,True,|Δ| > σ かつ全 seed 同符号
transfer/b2a_ro_oracle_bsnoise_p020/b2a_ro_oracle_bsnoise_p020@val~relation_detr_seed42,accuracy,paired_delta,injection,phase1/s4_phase_baseline/frozen_tecno_phase_baseline@val~relation_detr_seed42,paired,mean,3,0.04295458117240299,0.003778536610494403,0.0046277433350683786,11.36804683937748,9.281971376177955,True,significant,significant,True,|Δ| > σ かつ全 seed 同符号
transfer/b2a_ro_oracle_bsnoise_p020/b2a_ro_oracle_bsnoise_p020@val~relation_detr_seed42,edit_score,paired_delta,injection,phase1/s4_phase_baseline/frozen_tecno_phase_baseline@val~relation_detr_seed42,paired,mean,3,8.087244034779536,5.368744692942759,6.575342528492455,1.506356606118793,1.2299350185538878,True,significant,significant,True,|Δ| > σ かつ全 seed 同符号
transfer/b2a_ro_oracle_bsnoise_p020/b2a_ro_oracle_bsnoise_p020@val~relation_detr_seed42,jaccard,paired_delta,injection,phase1/s4_phase_baseline/frozen_tecno_phase_baseline@val~relation_detr_seed42,paired,mean,3,0.09260702728193249,0.012261761151687556,0.01501752908475796,7.552506213121531,6.166595500449137,True,significant,significant,True,|Δ| > σ かつ全 seed 同符号
transfer/b2a_ro_oracle_bsnoise_p020/b2a_ro_oracle_bsnoise_p020@val~relation_detr_seed42,macro_f1,paired_delta,injection,phase1/s4_phase_baseline/frozen_tecno_phase_baseline@val~relation_detr_seed42,paired,mean,3,0.07811983052930886,0.0053708917282424655,0.006577972098964467,14.545039163333175,11.875974746321411,True,significant,significant,True,|Δ| > σ かつ全 seed 同符号
transfer/b2a_ro_oracle_bsnoise_p020/b2a_ro_oracle_bsnoise_p020@val~relation_detr_seed42,seg_f1_10,paired_delta,injection,phase1/s4_phase_baseline/frozen_tecno_phase_baseline@val~relation_detr_seed42,paired,mean,3,0.12724520026287137,0.04690886250071046,0.057451388770558366,2.71260468660787,2.2148324520238516,True,significant,significant,True,|Δ| > σ かつ全 seed 同符号
transfer/b2a_ro_oracle_bsnoise_p020/b2a_ro_oracle_bsnoise_p020@val~relation_detr_seed42,seg_f1_25,paired_delta,injection,phase1/s4_phase_baseline/frozen_tecno_phase_baseline@val~relation_detr_seed42,paired,mean,3,0.12566724023874448,0.053250413958228326,0.06521817139481922,2.3599298277253338,1.9268746355670927,True,significant,significant,True,|Δ| > σ かつ全 seed 同符号
transfer/b2a_ro_oracle_bsnoise_p020/b2a_ro_oracle_bsnoise_p020@val~relation_detr_seed42,seg_f1_50,paired_delta,injection,phase1/s4_phase_baseline/frozen_tecno_phase_baseline@val~relation_detr_seed42,paired,mean,3,0.16535368919750007,0.048704690361884524,0.059650819733433426,3.39502598145872,2.7720271060218424,True,significant,significant,True,|Δ| > σ かつ全 seed 同符号
transfer/b2a_ro_oracle_bsnoise_p030/b2a_ro_oracle_bsnoise_p030@val~relation_detr_seed42,accuracy,paired_delta,injection,phase1/s4_phase_baseline/frozen_tecno_phase_baseline@val~relation_detr_seed42,paired,mean,3,0.018972182932579,0.0024011525948583984,0.0029407993259814294,7.9012816483234944,6.451369450803121,True,significant,significant,True,|Δ| > σ かつ全 seed 同符号
transfer/b2a_ro_oracle_bsnoise_p030/b2a_ro_oracle_bsnoise_p030@val~relation_detr_seed42,edit_score,paired_delta,injection,phase1/s4_phase_baseline/frozen_tecno_phase_baseline@val~relation_detr_seed42,paired,mean,3,6.660787412244486,13.143637401801266,16.097602499286772,0.5067689566155911,0.4137751203969412,False,not_significant,not_significant,True,|Δ| <= σ
transfer/b2a_ro_oracle_bsnoise_p030/b2a_ro_oracle_bsnoise_p030@val~relation_detr_seed42,jaccard,paired_delta,injection,phase1/s4_phase_baseline/frozen_tecno_phase_baseline@val~relation_detr_seed42,paired,mean,3,0.018990927131192215,0.007118579892198844,0.008718444214561825,2.667797147574914,2.178247249603657,True,significant,significant,True,|Δ| > σ かつ全 seed 同符号
transfer/b2a_ro_oracle_bsnoise_p030/b2a_ro_oracle_bsnoise_p030@val~relation_detr_seed42,macro_f1,paired_delta,injection,phase1/s4_phase_baseline/frozen_tecno_phase_baseline@val~relation_detr_seed42,paired,mean,3,-0.005241917193392139,0.016295480283498594,0.01995780590407766,0.32167920811148465,0.2626499735785657,False,not_significant,not_significant,True,|Δ| <= σ
transfer/b2a_ro_oracle_bsnoise_p030/b2a_ro_oracle_bsnoise_p030@val~relation_detr_seed42,seg_f1_10,paired_delta,injection,phase1/s4_phase_baseline/frozen_tecno_phase_baseline@val~relation_detr_seed42,paired,mean,3,0.07242905962702344,0.1035450508087288,0.12681626993597211,0.6994932066894857,0.5711338116441362,False,not_significant,not_significant,True,|Δ| <= σ
transfer/b2a_ro_oracle_bsnoise_p030/b2a_ro_oracle_bsnoise_p030@val~relation_detr_seed42,seg_f1_25,paired_delta,injection,phase1/s4_phase_baseline/frozen_tecno_phase_baseline@val~relation_detr_seed42,paired,mean,3,0.0818487977101555,0.09593681556741383,0.11749812284383085,0.8531531636323824,0.696596641113513,False,not_significant,not_significant,True,|Δ| <= σ
transfer/b2a_ro_oracle_bsnoise_p030/b2a_ro_oracle_bsnoise_p030@val~relation_detr_seed42,seg_f1_50,paired_delta,injection,phase1/s4_phase_baseline/frozen_tecno_phase_baseline@val~relation_detr_seed42,paired,mean,3,0.11645352134793792,0.08196080971956905,0.1003810813591441,1.420843958794289,1.1601142343873516,True,significant,significant,True,|Δ| > σ かつ全 seed 同符号
transfer/b2a_ro_oracle_nhnoise_p010/b2a_ro_oracle_nhnoise_p010@val~relation_detr_seed42,accuracy,paired_delta,injection,phase1/s4_phase_baseline/frozen_tecno_phase_baseline@val~relation_detr_seed42,paired,mean,3,0.07067735344963073,0.002642478285412953,0.003236361727823154,26.746616553023305,21.83852096692845,True,significant,significant,True,|Δ| > σ かつ全 seed 同符号
transfer/b2a_ro_oracle_nhnoise_p010/b2a_ro_oracle_nhnoise_p010@val~relation_detr_seed42,edit_score,paired_delta,injection,phase1/s4_phase_baseline/frozen_tecno_phase_baseline@val~relation_detr_seed42,paired,mean,3,21.61376689463573,1.1734521006725023,1.4371794421223338,18.418959650972493,15.039017579264781,True,significant,significant,True,|Δ| > σ かつ全 seed 同符号
transfer/b2a_ro_oracle_nhnoise_p010/b2a_ro_oracle_nhnoise_p010@val~relation_detr_seed42,jaccard,paired_delta,injection,phase1/s4_phase_baseline/frozen_tecno_phase_baseline@val~relation_detr_seed42,paired,mean,3,0.18553969106556234,0.00605364953612184,0.007414176222567296,30.64922902431926,25.024990706427502,True,significant,significant,True,|Δ| > σ かつ全 seed 同符号
transfer/b2a_ro_oracle_nhnoise_p010/b2a_ro_oracle_nhnoise_p010@val~relation_detr_seed42,macro_f1,paired_delta,injection,phase1/s4_phase_baseline/frozen_tecno_phase_baseline@val~relation_detr_seed42,paired,mean,3,0.14239383845905593,0.005768758189827352,0.007065257007289277,24.68362059449011,20.154091820318378,True,significant,significant,True,|Δ| > σ かつ全 seed 同符号
transfer/b2a_ro_oracle_nhnoise_p010/b2a_ro_oracle_nhnoise_p010@val~relation_detr_seed42,seg_f1_10,paired_delta,injection,phase1/s4_phase_baseline/frozen_tecno_phase_baseline@val~relation_detr_seed42,paired,mean,3,0.2757649468165484,0.011369374210227426,0.013924582754907837,24.25506819614412,19.804180252320503,True,significant,significant,True,|Δ| > σ かつ全 seed 同符号
transfer/b2a_ro_oracle_nhnoise_p010/b2a_ro_oracle_nhnoise_p010@val~relation_detr_seed42,seg_f1_25,paired_delta,injection,phase1/s4_phase_baseline/frozen_tecno_phase_baseline@val~relation_detr_seed42,paired,mean,3,0.29501083758297597,0.01404666514364116,0.017203581094829508,21.0021976437963,17.148222568128023,True,significant,significant,True,|Δ| > σ かつ全 seed 同符号
transfer/b2a_ro_oracle_nhnoise_p010/b2a_ro_oracle_nhnoise_p010@val~relation_detr_seed42,seg_f1_50,paired_delta,injection,phase1/s4_phase_baseline/frozen_tecno_phase_baseline@val~relation_detr_seed42,paired,mean,3,0.3259236589279264,0.026975281938895503,0.033037838209004425,12.082307783333265,9.865162994808065,True,significant,significant,True,|Δ| > σ かつ全 seed 同符号
transfer/b2a_ro_oracle_nhnoise_p020/b2a_ro_oracle_nhnoise_p020@val~relation_detr_seed42,accuracy,paired_delta,injection,phase1/s4_phase_baseline/frozen_tecno_phase_baseline@val~relation_detr_seed42,paired,mean,3,0.06979726544082983,0.0021320435762901503,0.0026112094356447436,32.73726025913604,26.729861070525704,True,significant,significant,True,|Δ| > σ かつ全 seed 同符号
transfer/b2a_ro_oracle_nhnoise_p020/b2a_ro_oracle_nhnoise_p020@val~relation_detr_seed42,edit_score,paired_delta,injection,phase1/s4_phase_baseline/frozen_tecno_phase_baseline@val~relation_detr_seed42,paired,mean,3,23.41982418345164,1.6124483862871326,1.9748378914888094,14.52438687813057,11.85911222606514,True,significant,significant,True,|Δ| > σ かつ全 seed 同符号
transfer/b2a_ro_oracle_nhnoise_p020/b2a_ro_oracle_nhnoise_p020@val~relation_detr_seed42,jaccard,paired_delta,injection,phase1/s4_phase_baseline/frozen_tecno_phase_baseline@val~relation_detr_seed42,paired,mean,3,0.18671514573364145,0.007595891164229542,0.009303028747038818,24.581071752701995,20.070361041620284,True,significant,significant,True,|Δ| > σ かつ全 seed 同符号
transfer/b2a_ro_oracle_nhnoise_p020/b2a_ro_oracle_nhnoise_p020@val~relation_detr_seed42,macro_f1,paired_delta,injection,phase1/s4_phase_baseline/frozen_tecno_phase_baseline@val~relation_detr_seed42,paired,mean,3,0.14301538344418543,0.007178374839513384,0.008791677769620438,19.923086581792422,16.267132075560568,True,significant,significant,True,|Δ| > σ かつ全 seed 同符号
transfer/b2a_ro_oracle_nhnoise_p020/b2a_ro_oracle_nhnoise_p020@val~relation_detr_seed42,seg_f1_10,paired_delta,injection,phase1/s4_phase_baseline/frozen_tecno_phase_baseline@val~relation_detr_seed42,paired,mean,3,0.30301873442523275,0.010820110613209009,0.013251874981417435,28.005142022791578,22.866102710004704,True,significant,significant,True,|Δ| > σ かつ全 seed 同符号
transfer/b2a_ro_oracle_nhnoise_p020/b2a_ro_oracle_nhnoise_p020@val~relation_detr_seed42,seg_f1_25,paired_delta,injection,phase1/s4_phase_baseline/frozen_tecno_phase_baseline@val~relation_detr_seed42,paired,mean,3,0.3222646251916603,0.013266767507393749,0.016248405464625068,24.291118768159453,19.833615421111514,True,significant,significant,True,|Δ| > σ かつ全 seed 同符号
transfer/b2a_ro_oracle_nhnoise_p020/b2a_ro_oracle_nhnoise_p020@val~relation_detr_seed42,seg_f1_50,paired_delta,injection,phase1/s4_phase_baseline/frozen_tecno_phase_baseline@val~relation_detr_seed42,paired,mean,3,0.3509209883977996,0.03719143192938617,0.045550015515225105,9.435533137419359,7.7040805459331665,True,significant,significant,True,|Δ| > σ かつ全 seed 同符号
transfer/b2a_ro_oracle_nhnoise_p030/b2a_ro_oracle_nhnoise_p030@val~relation_detr_seed42,accuracy,paired_delta,injection,phase1/s4_phase_baseline/frozen_tecno_phase_baseline@val~relation_detr_seed42,paired,mean,3,0.0682571114254283,0.0018634103189359688,0.002282202231414993,36.63021006795969,29.90844127915345,True,significant,significant,True,|Δ| > σ かつ全 seed 同符号
transfer/b2a_ro_oracle_nhnoise_p030/b2a_ro_oracle_nhnoise_p030@val~relation_detr_seed42,edit_score,paired_delta,injection,phase1/s4_phase_baseline/frozen_tecno_phase_baseline@val~relation_detr_seed42,paired,mean,3,24.855932136800973,2.314606102215782,2.834801952980455,10.738730928345124,8.768137086496619,True,significant,significant,True,|Δ| > σ かつ全 seed 同符号
transfer/b2a_ro_oracle_nhnoise_p030/b2a_ro_oracle_nhnoise_p030@val~relation_detr_seed42,jaccard,paired_delta,injection,phase1/s4_phase_baseline/frozen_tecno_phase_baseline@val~relation_detr_seed42,paired,mean,3,0.18154371279008144,0.006045546130788515,0.007404251618444499,30.029332150080354,24.518847028083645,True,significant,significant,True,|Δ| > σ かつ全 seed 同符号
transfer/b2a_ro_oracle_nhnoise_p030/b2a_ro_oracle_nhnoise_p030@val~relation_detr_seed42,macro_f1,paired_delta,injection,phase1/s4_phase_baseline/frozen_tecno_phase_baseline@val~relation_detr_seed42,paired,mean,3,0.1401072342188524,0.006886421961901422,0.00843410998007717,20.34543264905701,16.611976195450374,True,significant,significant,True,|Δ| > σ かつ全 seed 同符号
transfer/b2a_ro_oracle_nhnoise_p030/b2a_ro_oracle_nhnoise_p030@val~relation_detr_seed42,seg_f1_10,paired_delta,injection,phase1/s4_phase_baseline/frozen_tecno_phase_baseline@val~relation_detr_seed42,paired,mean,3,0.3151974703500709,0.01473144388911481,0.018042260351386327,21.396237376498647,17.469954662629167,True,significant,significant,True,|Δ| > σ かつ全 seed 同符号
transfer/b2a_ro_oracle_nhnoise_p030/b2a_ro_oracle_nhnoise_p030@val~relation_detr_seed42,seg_f1_25,paired_delta,injection,phase1/s4_phase_baseline/frozen_tecno_phase_baseline@val~relation_detr_seed42,paired,mean,3,0.3299082137242082,0.015082238627847832,0.01847189440856075,21.873955310259177,17.860009722192494,True,significant,significant,True,|Δ| > σ かつ全 seed 同符号
transfer/b2a_ro_oracle_nhnoise_p030/b2a_ro_oracle_nhnoise_p030@val~relation_detr_seed42,seg_f1_50,paired_delta,injection,phase1/s4_phase_baseline/frozen_tecno_phase_baseline@val~relation_detr_seed42,paired,mean,3,0.3559190742848448,0.03905990518102193,0.04783841854749837,9.112133596724027,7.440025926681831,True,significant,significant,True,|Δ| > σ かつ全 seed 同符号
transfer/b2a_ro_oracle_noise000/b2a_ro_oracle_noise000@val~relation_detr_seed42,accuracy,paired_delta,injection,phase1/s4_phase_baseline/frozen_tecno_phase_baseline@val~relation_detr_seed42,paired,mean,3,0.0060458903033160745,0.005726200659764305,0.007013134890605466,1.055829277132759,0.8620809948222904,True,significant,not_significant,False,|Δ| > σ かつ全 seed 同符号
transfer/b2a_ro_oracle_noise000/b2a_ro_oracle_noise000@val~relation_detr_seed42,edit_score,paired_delta,injection,phase1/s4_phase_baseline/frozen_tecno_phase_baseline@val~relation_detr_seed42,paired,mean,3,-1.4624852716632948,2.0244053956645542,2.4793801259576234,0.7224270765111268,0.5898592379409477,False,not_significant,not_significant,True,|Δ| <= σ
transfer/b2a_ro_oracle_noise000/b2a_ro_oracle_noise000@val~relation_detr_seed42,jaccard,paired_delta,injection,phase1/s4_phase_baseline/frozen_tecno_phase_baseline@val~relation_detr_seed42,paired,mean,3,0.015276712976370085,0.0061503403362306005,0.007532597784111249,2.4838809140979707,2.028080273792628,True,significant,significant,True,|Δ| > σ かつ全 seed 同符号
transfer/b2a_ro_oracle_noise000/b2a_ro_oracle_noise000@val~relation_detr_seed42,macro_f1,paired_delta,injection,phase1/s4_phase_baseline/frozen_tecno_phase_baseline@val~relation_detr_seed42,paired,mean,3,0.013383283786247905,0.002475537894792962,0.0030319023405832113,5.406212449584496,4.414153980854647,True,significant,significant,True,|Δ| > σ かつ全 seed 同符号
transfer/b2a_ro_oracle_noise000/b2a_ro_oracle_noise000@val~relation_detr_seed42,seg_f1_10,paired_delta,injection,phase1/s4_phase_baseline/frozen_tecno_phase_baseline@val~relation_detr_seed42,paired,mean,3,0.03385752725040871,0.0032696775551684463,0.004004520816796744,10.355004944413992,8.454826132603722,True,significant,significant,True,|Δ| > σ かつ全 seed 同符号
transfer/b2a_ro_oracle_noise000/b2a_ro_oracle_noise000@val~relation_detr_seed42,seg_f1_25,paired_delta,injection,phase1/s4_phase_baseline/frozen_tecno_phase_baseline@val~relation_detr_seed42,paired,mean,3,0.031814111456764806,0.008387343639866178,0.010272356107524963,3.79310933506385,3.097060803164674,True,significant,significant,True,|Δ| > σ かつ全 seed 同符号
transfer/b2a_ro_oracle_noise000/b2a_ro_oracle_noise000@val~relation_detr_seed42,seg_f1_50,paired_delta,injection,phase1/s4_phase_baseline/frozen_tecno_phase_baseline@val~relation_detr_seed42,paired,mean,3,0.045420917871840716,0.011951684530947462,0.014637764333768094,3.8003779094259613,3.1029955692795563,True,significant,significant,True,|Δ| > σ かつ全 seed 同符号
transfer/b2a_ro_oracle_scalpelnoise_p010/b2a_ro_oracle_scalpelnoise_p010@val~relation_detr_seed42,accuracy,paired_delta,injection,phase1/s4_phase_baseline/frozen_tecno_phase_baseline@val~relation_detr_seed42,paired,mean,3,0.06781706742102789,0.0024827155103755096,0.003040693088456757,27.31568201737725,22.303160972897494,True,significant,significant,True,|Δ| > σ かつ全 seed 同符号
transfer/b2a_ro_oracle_scalpelnoise_p010/b2a_ro_oracle_scalpelnoise_p010@val~relation_detr_seed42,edit_score,paired_delta,injection,phase1/s4_phase_baseline/frozen_tecno_phase_baseline@val~relation_detr_seed42,paired,mean,3,23.92706676349116,6.779746037779303,8.303459189107647,3.5291980894506247,2.8815781734530983,True,significant,significant,True,|Δ| > σ かつ全 seed 同符号
transfer/b2a_ro_oracle_scalpelnoise_p010/b2a_ro_oracle_scalpelnoise_p010@val~relation_detr_seed42,jaccard,paired_delta,injection,phase1/s4_phase_baseline/frozen_tecno_phase_baseline@val~relation_detr_seed42,paired,mean,3,0.17939682907119434,0.005884642805434944,0.00720718609592786,30.48559360400037,24.891382945218457,True,significant,significant,True,|Δ| > σ かつ全 seed 同符号
transfer/b2a_ro_oracle_scalpelnoise_p010/b2a_ro_oracle_scalpelnoise_p010@val~relation_detr_seed42,macro_f1,paired_delta,injection,phase1/s4_phase_baseline/frozen_tecno_phase_baseline@val~relation_detr_seed42,paired,mean,3,0.13913521398790218,0.007950494388447917,0.009737327227279194,17.50019648967565,14.288850599383562,True,significant,significant,True,|Δ| > σ かつ全 seed 同符号
transfer/b2a_ro_oracle_scalpelnoise_p010/b2a_ro_oracle_scalpelnoise_p010@val~relation_detr_seed42,seg_f1_10,paired_delta,injection,phase1/s4_phase_baseline/frozen_tecno_phase_baseline@val~relation_detr_seed42,paired,mean,3,0.2716337758834115,0.07679692039373004,0.094056634390889,3.537039955388479,2.8879810301794495,True,significant,significant,True,|Δ| > σ かつ全 seed 同符号
transfer/b2a_ro_oracle_scalpelnoise_p010/b2a_ro_oracle_scalpelnoise_p010@val~relation_detr_seed42,seg_f1_25,paired_delta,injection,phase1/s4_phase_baseline/frozen_tecno_phase_baseline@val~relation_detr_seed42,paired,mean,3,0.29087966664983905,0.07687910647472637,0.09415729137208903,3.783598431200086,3.089295182678378,True,significant,significant,True,|Δ| > σ かつ全 seed 同符号
transfer/b2a_ro_oracle_scalpelnoise_p010/b2a_ro_oracle_scalpelnoise_p010@val~relation_detr_seed42,seg_f1_50,paired_delta,injection,phase1/s4_phase_baseline/frozen_tecno_phase_baseline@val~relation_detr_seed42,paired,mean,3,0.34719374251369106,0.08042232318111896,0.09849682786147235,4.317131472710341,3.524923086883472,True,significant,significant,True,|Δ| > σ かつ全 seed 同符号
transfer/b2a_ro_oracle_scalpelnoise_p020/b2a_ro_oracle_scalpelnoise_p020@val~relation_detr_seed42,accuracy,paired_delta,injection,phase1/s4_phase_baseline/frozen_tecno_phase_baseline@val~relation_detr_seed42,paired,mean,3,0.06341662737702347,0.0019333545194367098,0.0023678660322618604,32.80134436776766,26.78218552611522,True,significant,significant,True,|Δ| > σ かつ全 seed 同符号
transfer/b2a_ro_oracle_scalpelnoise_p020/b2a_ro_oracle_scalpelnoise_p020@val~relation_detr_seed42,edit_score,paired_delta,injection,phase1/s4_phase_baseline/frozen_tecno_phase_baseline@val~relation_detr_seed42,paired,mean,3,19.389208708391724,4.193155073881839,5.135545171686402,4.6240142247927984,3.7754918047044903,True,significant,significant,True,|Δ| > σ かつ全 seed 同符号
transfer/b2a_ro_oracle_scalpelnoise_p020/b2a_ro_oracle_scalpelnoise_p020@val~relation_detr_seed42,jaccard,paired_delta,injection,phase1/s4_phase_baseline/frozen_tecno_phase_baseline@val~relation_detr_seed42,paired,mean,3,0.17150474264664062,0.006473644274514783,0.007928562624425504,26.492765955926018,21.63125282233205,True,significant,significant,True,|Δ| > σ かつ全 seed 同符号
transfer/b2a_ro_oracle_scalpelnoise_p020/b2a_ro_oracle_scalpelnoise_p020@val~relation_detr_seed42,macro_f1,paired_delta,injection,phase1/s4_phase_baseline/frozen_tecno_phase_baseline@val~relation_detr_seed42,paired,mean,3,0.13483754151699592,0.008749931656063603,0.010716433920790813,15.410125109212142,12.582314463340214,True,significant,significant,True,|Δ| > σ かつ全 seed 同符号
transfer/b2a_ro_oracle_scalpelnoise_p020/b2a_ro_oracle_scalpelnoise_p020@val~relation_detr_seed42,seg_f1_10,paired_delta,injection,phase1/s4_phase_baseline/frozen_tecno_phase_baseline@val~relation_detr_seed42,paired,mean,3,0.24105497197127426,0.05726659098054916,0.07013696360550742,4.2093473322543264,3.436917704722902,True,significant,significant,True,|Δ| > σ かつ全 seed 同符号
transfer/b2a_ro_oracle_scalpelnoise_p020/b2a_ro_oracle_scalpelnoise_p020@val~relation_detr_seed42,seg_f1_25,paired_delta,injection,phase1/s4_phase_baseline/frozen_tecno_phase_baseline@val~relation_detr_seed42,paired,mean,3,0.25602735846419755,0.051855751729173234,0.06351006598246044,4.937299140919802,4.031287867578418,True,significant,significant,True,|Δ| > σ かつ全 seed 同符号
transfer/b2a_ro_oracle_scalpelnoise_p020/b2a_ro_oracle_scalpelnoise_p020@val~relation_detr_seed42,seg_f1_50,paired_delta,injection,phase1/s4_phase_baseline/frozen_tecno_phase_baseline@val~relation_detr_seed42,paired,mean,3,0.3086302483946413,0.057328350161414895,0.07021260284553407,5.383553643627552,4.395653143262898,True,significant,significant,True,|Δ| > σ かつ全 seed 同符号
transfer/b2a_ro_oracle_scalpelnoise_p030/b2a_ro_oracle_scalpelnoise_p030@val~relation_detr_seed42,accuracy,paired_delta,injection,phase1/s4_phase_baseline/frozen_tecno_phase_baseline@val~relation_detr_seed42,paired,mean,3,0.05945623133741951,0.0019333545194367098,0.0023678660322618604,30.752886105307944,25.10962635864371,True,significant,significant,True,|Δ| > σ かつ全 seed 同符号
transfer/b2a_ro_oracle_scalpelnoise_p030/b2a_ro_oracle_scalpelnoise_p030@val~relation_detr_seed42,edit_score,paired_delta,injection,phase1/s4_phase_baseline/frozen_tecno_phase_baseline@val~relation_detr_seed42,paired,mean,3,19.245482401351243,5.291665495152231,6.480940176307529,3.636942361338278,2.969551003063914,True,significant,significant,True,|Δ| > σ かつ全 seed 同符号
transfer/b2a_ro_oracle_scalpelnoise_p030/b2a_ro_oracle_scalpelnoise_p030@val~relation_detr_seed42,jaccard,paired_delta,injection,phase1/s4_phase_baseline/frozen_tecno_phase_baseline@val~relation_detr_seed42,paired,mean,3,0.1644660672949052,0.006874223562623532,0.008419170053122389,23.92503906755938,19.5347125972245,True,significant,significant,True,|Δ| > σ かつ全 seed 同符号
transfer/b2a_ro_oracle_scalpelnoise_p030/b2a_ro_oracle_scalpelnoise_p030@val~relation_detr_seed42,macro_f1,paired_delta,injection,phase1/s4_phase_baseline/frozen_tecno_phase_baseline@val~relation_detr_seed42,paired,mean,3,0.1308515738553795,0.008171063946186354,0.010007468661904457,16.014019069872937,13.075391817462656,True,significant,significant,True,|Δ| > σ かつ全 seed 同符号
transfer/b2a_ro_oracle_scalpelnoise_p030/b2a_ro_oracle_scalpelnoise_p030@val~relation_detr_seed42,seg_f1_10,paired_delta,injection,phase1/s4_phase_baseline/frozen_tecno_phase_baseline@val~relation_detr_seed42,paired,mean,3,0.24242528456965698,0.07218736935810476,0.08841111040058913,3.358278418029635,2.74202284612457,True,significant,significant,True,|Δ| > σ かつ全 seed 同符号
transfer/b2a_ro_oracle_scalpelnoise_p030/b2a_ro_oracle_scalpelnoise_p030@val~relation_detr_seed42,seg_f1_25,paired_delta,injection,phase1/s4_phase_baseline/frozen_tecno_phase_baseline@val~relation_detr_seed42,paired,mean,3,0.2577725398585018,0.07569308748672193,0.09270472069915756,3.4054964385449358,2.780576198433488,True,significant,significant,True,|Δ| > σ かつ全 seed 同符号
transfer/b2a_ro_oracle_scalpelnoise_p030/b2a_ro_oracle_scalpelnoise_p030@val~relation_detr_seed42,seg_f1_50,paired_delta,injection,phase1/s4_phase_baseline/frozen_tecno_phase_baseline@val~relation_detr_seed42,paired,mean,3,0.3150072934851368,0.08801680318516057,0.1077981282973083,3.5789449523911623,2.922196316955927,True,significant,significant,True,|Δ| > σ かつ全 seed 同符号
transfer/b2a_ro_oracle_top3noise_p010/b2a_ro_oracle_top3noise_p010@val~relation_detr_seed42,accuracy,paired_delta,injection,phase1/s4_phase_baseline/frozen_tecno_phase_baseline@val~relation_detr_seed42,paired,mean,3,0.05461574728901464,0.002120334170830622,0.002596868401361142,25.758084758696036,21.031388136721883,True,significant,significant,True,|Δ| > σ かつ全 seed 同符号
transfer/b2a_ro_oracle_top3noise_p010/b2a_ro_oracle_top3noise_p010@val~relation_detr_seed42,edit_score,paired_delta,injection,phase1/s4_phase_baseline/frozen_tecno_phase_baseline@val~relation_detr_seed42,paired,mean,3,16.489942770811606,9.94480085498128,12.179843844149012,1.6581471073452327,1.3538714438225816,True,significant,significant,True,|Δ| > σ かつ全 seed 同符号
transfer/b2a_ro_oracle_top3noise_p010/b2a_ro_oracle_top3noise_p010@val~relation_detr_seed42,jaccard,paired_delta,injection,phase1/s4_phase_baseline/frozen_tecno_phase_baseline@val~relation_detr_seed42,paired,mean,3,0.1357576575316348,0.005536784302953869,0.0067811481790442055,24.51922453601962,20.019863000659228,True,significant,significant,True,|Δ| > σ かつ全 seed 同符号
transfer/b2a_ro_oracle_top3noise_p010/b2a_ro_oracle_top3noise_p010@val~relation_detr_seed42,macro_f1,paired_delta,injection,phase1/s4_phase_baseline/frozen_tecno_phase_baseline@val~relation_detr_seed42,paired,mean,3,0.1110804564657228,0.007744053643759859,0.009484489983976234,14.343967846249514,11.711800703399966,True,significant,significant,True,|Δ| > σ かつ全 seed 同符号
transfer/b2a_ro_oracle_top3noise_p010/b2a_ro_oracle_top3noise_p010@val~relation_detr_seed42,seg_f1_10,paired_delta,injection,phase1/s4_phase_baseline/frozen_tecno_phase_baseline@val~relation_detr_seed42,paired,mean,3,0.21730151234091433,0.09980497332238573,0.1222356292159663,2.1772613639101563,1.77772645941868,True,significant,significant,True,|Δ| > σ かつ全 seed 同符号
transfer/b2a_ro_oracle_top3noise_p010/b2a_ro_oracle_top3noise_p010@val~relation_detr_seed42,seg_f1_25,paired_delta,injection,phase1/s4_phase_baseline/frozen_tecno_phase_baseline@val~relation_detr_seed42,paired,mean,3,0.22530033846761874,0.1046806350323636,0.12820707088990202,2.152263772549371,1.7573160115411706,True,significant,significant,True,|Δ| > σ かつ全 seed 同符号
transfer/b2a_ro_oracle_top3noise_p010/b2a_ro_oracle_top3noise_p010@val~relation_detr_seed42,seg_f1_50,paired_delta,injection,phase1/s4_phase_baseline/frozen_tecno_phase_baseline@val~relation_detr_seed42,paired,mean,3,0.2713038128084109,0.10801318710103663,0.13228859694465475,2.5117656472318566,2.0508480630565282,True,significant,significant,True,|Δ| > σ かつ全 seed 同符号
transfer/b2a_ro_oracle_top3noise_p020/b2a_ro_oracle_top3noise_p020@val~relation_detr_seed42,accuracy,paired_delta,injection,phase1/s4_phase_baseline/frozen_tecno_phase_baseline@val~relation_detr_seed42,paired,mean,3,0.03195348106239201,0.0011283241311927036,0.0013819091929456343,28.319416539124564,23.122706778063304,True,significant,significant,True,|Δ| > σ かつ全 seed 同符号
transfer/b2a_ro_oracle_top3noise_p020/b2a_ro_oracle_top3noise_p020@val~relation_detr_seed42,edit_score,paired_delta,injection,phase1/s4_phase_baseline/frozen_tecno_phase_baseline@val~relation_detr_seed42,paired,mean,3,11.07225285312169,8.35053133298969,10.227270423473891,1.3259339330156803,1.0826205228433554,True,significant,significant,True,|Δ| > σ かつ全 seed 同符号
transfer/b2a_ro_oracle_top3noise_p020/b2a_ro_oracle_top3noise_p020@val~relation_detr_seed42,jaccard,paired_delta,injection,phase1/s4_phase_baseline/frozen_tecno_phase_baseline@val~relation_detr_seed42,paired,mean,3,0.06385828433420793,0.005467152074210753,0.006695866464007509,11.68035632947463,9.536971007033559,True,significant,significant,True,|Δ| > σ かつ全 seed 同符号
transfer/b2a_ro_oracle_top3noise_p020/b2a_ro_oracle_top3noise_p020@val~relation_detr_seed42,macro_f1,paired_delta,injection,phase1/s4_phase_baseline/frozen_tecno_phase_baseline@val~relation_detr_seed42,paired,mean,3,0.0456537692394429,0.005658232330641087,0.006929891028094748,8.068556851618402,6.587949082367404,True,significant,significant,True,|Δ| > σ かつ全 seed 同符号
transfer/b2a_ro_oracle_top3noise_p020/b2a_ro_oracle_top3noise_p020@val~relation_detr_seed42,seg_f1_10,paired_delta,injection,phase1/s4_phase_baseline/frozen_tecno_phase_baseline@val~relation_detr_seed42,paired,mean,3,0.16569936644598213,0.07454649100950289,0.09130043254412787,2.222765474297904,1.814880409968434,True,significant,significant,True,|Δ| > σ かつ全 seed 同符号
transfer/b2a_ro_oracle_top3noise_p020/b2a_ro_oracle_top3noise_p020@val~relation_detr_seed42,seg_f1_25,paired_delta,injection,phase1/s4_phase_baseline/frozen_tecno_phase_baseline@val~relation_detr_seed42,paired,mean,3,0.16089176658022553,0.06596079797069335,0.0807851490275034,2.43920285275673,1.9916007894650256,True,significant,significant,True,|Δ| > σ かつ全 seed 同符号
transfer/b2a_ro_oracle_top3noise_p020/b2a_ro_oracle_top3noise_p020@val~relation_detr_seed42,seg_f1_50,paired_delta,injection,phase1/s4_phase_baseline/frozen_tecno_phase_baseline@val~relation_detr_seed42,paired,mean,3,0.19483997425879096,0.0687317654025962,0.08417887717851956,2.8347878614424658,2.3145945965231935,True,significant,significant,True,|Δ| > σ かつ全 seed 同符号
transfer/b2a_ro_oracle_top3noise_p030/b2a_ro_oracle_top3noise_p030@val~relation_detr_seed42,accuracy,paired_delta,injection,phase1/s4_phase_baseline/frozen_tecno_phase_baseline@val~relation_detr_seed42,paired,mean,3,0.002910576771962973,0.011654252478795165,0.014273485953307094,0.2497437546731331,0.20391492179866594,False,not_significant,not_significant,True,|Δ| <= σ
transfer/b2a_ro_oracle_top3noise_p030/b2a_ro_oracle_top3noise_p030@val~relation_detr_seed42,edit_score,paired_delta,injection,phase1/s4_phase_baseline/frozen_tecno_phase_baseline@val~relation_detr_seed42,paired,mean,3,7.164253445122284,0.8958172058247501,1.0971475285382062,7.997450147797045,6.5298907018162256,True,significant,significant,True,|Δ| > σ かつ全 seed 同符号
transfer/b2a_ro_oracle_top3noise_p030/b2a_ro_oracle_top3noise_p030@val~relation_detr_seed42,jaccard,paired_delta,injection,phase1/s4_phase_baseline/frozen_tecno_phase_baseline@val~relation_detr_seed42,paired,mean,3,0.0008681399666773023,0.010586281682401534,0.012965494197628002,0.08200612762085147,0.06695772281754797,False,not_significant,not_significant,True,|Δ| <= σ
transfer/b2a_ro_oracle_top3noise_p030/b2a_ro_oracle_top3noise_p030@val~relation_detr_seed42,macro_f1,paired_delta,injection,phase1/s4_phase_baseline/frozen_tecno_phase_baseline@val~relation_detr_seed42,paired,mean,3,-0.02503973690954549,0.005883622336482509,0.007205936281811951,4.25583687693241,3.4748762590014444,True,significant,significant,True,|Δ| > σ かつ全 seed 同符号
transfer/b2a_ro_oracle_top3noise_p030/b2a_ro_oracle_top3noise_p030@val~relation_detr_seed42,seg_f1_10,paired_delta,injection,phase1/s4_phase_baseline/frozen_tecno_phase_baseline@val~relation_detr_seed42,paired,mean,3,0.14542556061859238,0.009096414610680535,0.011140787142482502,15.987129747564639,13.053436777734467,True,significant,significant,True,|Δ| > σ かつ全 seed 同符号
transfer/b2a_ro_oracle_top3noise_p030/b2a_ro_oracle_top3noise_p030@val~relation_detr_seed42,seg_f1_25,paired_delta,injection,phase1/s4_phase_baseline/frozen_tecno_phase_baseline@val~relation_detr_seed42,paired,mean,3,0.16039794711151564,0.013711664175132693,0.01679329037673755,11.697919746489372,9.551311476975505,True,significant,significant,True,|Δ| > σ かつ全 seed 同符号
transfer/b2a_ro_oracle_top3noise_p030/b2a_ro_oracle_top3noise_p030@val~relation_detr_seed42,seg_f1_50,paired_delta,injection,phase1/s4_phase_baseline/frozen_tecno_phase_baseline@val~relation_detr_seed42,paired,mean,3,0.20137471178899982,0.011015848883434293,0.013491604424010912,18.28045336495388,14.925927670293586,True,significant,significant,True,|Δ| > σ かつ全 seed 同符号
transfer/haux_hand_count_oracle/haux_hand_count_oracle@val~relation_detr_seed42,accuracy,paired_delta,injection,phase1/s4_phase_baseline/frozen_tecno_phase_baseline@val~relation_detr_seed42,paired,mean,3,0.0022505107653623124,0.0056100318865997525,0.006870857781456328,0.40115828409780213,0.3275443673766888,False,not_significant,not_significant,True,|Δ| <= σ
transfer/haux_hand_count_oracle/haux_hand_count_oracle@val~relation_detr_seed42,edit_score,paired_delta,injection,phase1/s4_phase_baseline/frozen_tecno_phase_baseline@val~relation_detr_seed42,paired,mean,3,0.6062711224340779,2.26307114336503,2.7716847764306203,0.267897509193014,0.21873740029515,False,not_significant,not_significant,True,|Δ| <= σ
transfer/haux_hand_count_oracle/haux_hand_count_oracle@val~relation_detr_seed42,jaccard,paired_delta,injection,phase1/s4_phase_baseline/frozen_tecno_phase_baseline@val~relation_detr_seed42,paired,mean,3,0.0015691297282382684,0.011486144689082958,0.01406759680001609,0.1366106531575954,0.11154213122148011,False,not_significant,not_significant,True,|Δ| <= σ
transfer/haux_hand_count_oracle/haux_hand_count_oracle@val~relation_detr_seed42,macro_f1,paired_delta,injection,phase1/s4_phase_baseline/frozen_tecno_phase_baseline@val~relation_detr_seed42,paired,mean,3,-0.004312001249262676,0.0071898458473576695,0.00880572682764742,0.5997348678688812,0.489681469078083,False,not_significant,not_significant,True,|Δ| <= σ
transfer/haux_hand_count_oracle/haux_hand_count_oracle@val~relation_detr_seed42,seg_f1_10,paired_delta,injection,phase1/s4_phase_baseline/frozen_tecno_phase_baseline@val~relation_detr_seed42,paired,mean,3,0.026840498771752874,0.03808109908738675,0.04663963080423185,0.7048246877055868,0.5754869476650638,False,not_significant,not_significant,True,|Δ| <= σ
transfer/haux_hand_count_oracle/haux_hand_count_oracle@val~relation_detr_seed42,seg_f1_25,paired_delta,injection,phase1/s4_phase_baseline/frozen_tecno_phase_baseline@val~relation_detr_seed42,paired,mean,3,0.012706696575724152,0.03270102255435957,0.04005040966271256,0.38857184219855984,0.317267580599912,False,not_significant,not_significant,True,|Δ| <= σ
transfer/haux_hand_count_oracle/haux_hand_count_oracle@val~relation_detr_seed42,seg_f1_50,paired_delta,injection,phase1/s4_phase_baseline/frozen_tecno_phase_baseline@val~relation_detr_seed42,paired,mean,3,0.03256247590082021,0.0396896474371662,0.04860969214600963,0.820427441497705,0.6698762008821582,False,not_significant,not_significant,True,|Δ| <= σ
transfer/haux_hand_geom_oracle/haux_hand_geom_oracle@val~relation_detr_seed42,accuracy,paired_delta,injection,phase1/s4_phase_baseline/frozen_tecno_phase_baseline@val~relation_detr_seed42,paired,mean,3,0.013911676881973922,0.0068374376220173266,0.008374116661025622,2.0346330966408734,1.6612709668496648,True,significant,significant,True,|Δ| > σ かつ全 seed 同符号
transfer/haux_hand_geom_oracle/haux_hand_geom_oracle@val~relation_detr_seed42,edit_score,paired_delta,injection,phase1/s4_phase_baseline/frozen_tecno_phase_baseline@val~relation_detr_seed42,paired,mean,3,-2.038738061962794,1.7661055850720855,2.1630287576530787,1.1543692966010186,0.9425385838026757,False,not_significant,not_significant,True,全 seed 同符号ではない
transfer/haux_hand_geom_oracle/haux_hand_geom_oracle@val~relation_detr_seed42,jaccard,paired_delta,injection,phase1/s4_phase_baseline/frozen_tecno_phase_baseline@val~relation_detr_seed42,paired,mean,3,0.05054603684615122,0.02326956835307421,0.02849928449992366,2.1721948632310335,1.7735896789369086,True,significant,significant,True,|Δ| > σ かつ全 seed 同符号
transfer/haux_hand_geom_oracle/haux_hand_geom_oracle@val~relation_detr_seed42,macro_f1,paired_delta,injection,phase1/s4_phase_baseline/frozen_tecno_phase_baseline@val~relation_detr_seed42,paired,mean,3,0.04240726094020989,0.02585127850581854,0.03166122076891688,1.6404318622254976,1.3394070067520214,True,significant,significant,True,|Δ| > σ かつ全 seed 同符号
transfer/haux_hand_geom_oracle/haux_hand_geom_oracle@val~relation_detr_seed42,seg_f1_10,paired_delta,injection,phase1/s4_phase_baseline/frozen_tecno_phase_baseline@val~relation_detr_seed42,paired,mean,3,-0.02936522511558955,0.017930061648182536,0.021959751047346585,1.6377648717435462,1.3372294181421411,True,significant,significant,True,|Δ| > σ かつ全 seed 同符号
transfer/haux_hand_geom_oracle/haux_hand_geom_oracle@val~relation_detr_seed42,seg_f1_25,paired_delta,injection,phase1/s4_phase_baseline/frozen_tecno_phase_baseline@val~relation_detr_seed42,paired,mean,3,-0.014563778793606411,0.026028762541262802,0.03187859343108112,0.559526361290468,0.4568513609325987,False,not_significant,not_significant,True,|Δ| <= σ
transfer/haux_hand_geom_oracle/haux_hand_geom_oracle@val~relation_detr_seed42,seg_f1_50,paired_delta,injection,phase1/s4_phase_baseline/frozen_tecno_phase_baseline@val~relation_detr_seed42,paired,mean,3,-0.02465986683991835,0.04180753242159144,0.051203560918881695,0.5898426769426554,0.48160452900893536,False,not_significant,not_significant,True,|Δ| <= σ
transfer/haux_hand_own_other_oracle/haux_hand_own_other_oracle@val~relation_detr_seed42,accuracy,paired_delta,injection,phase1/s4_phase_baseline/frozen_tecno_phase_baseline@val~relation_detr_seed42,paired,mean,3,0.0022505107653622756,0.002204132037788442,0.0026994994091512864,1.021041719270307,0.8336770727687726,False,not_significant,not_significant,True,全 seed 同符号ではない
transfer/haux_hand_own_other_oracle/haux_hand_own_other_oracle@val~relation_detr_seed42,edit_score,paired_delta,injection,phase1/s4_phase_baseline/frozen_tecno_phase_baseline@val~relation_detr_seed42,paired,mean,3,-2.239786958918122,3.8772828448385623,4.74868227915062,0.5776692205727848,0.47166494350486315,False,not_significant,not_significant,True,|Δ| <= σ
transfer/haux_hand_own_other_oracle/haux_hand_own_other_oracle@val~relation_detr_seed42,jaccard,paired_delta,injection,phase1/s4_phase_baseline/frozen_tecno_phase_baseline@val~relation_detr_seed42,paired,mean,3,0.012777046307636356,0.01547306384109566,0.018950555584096553,0.8257605887788803,0.6742306974028217,False,not_significant,not_significant,True,|Δ| <= σ
transfer/haux_hand_own_other_oracle/haux_hand_own_other_oracle@val~relation_detr_seed42,macro_f1,paired_delta,injection,phase1/s4_phase_baseline/frozen_tecno_phase_baseline@val~relation_detr_seed42,paired,mean,3,0.0006455858994424505,0.02061095801936329,0.025243165128682535,0.031322459578829114,0.025574681152360876,False,not_significant,not_significant,True,|Δ| <= σ
transfer/haux_hand_own_other_oracle/haux_hand_own_other_oracle@val~relation_detr_seed42,seg_f1_10,paired_delta,injection,phase1/s4_phase_baseline/frozen_tecno_phase_baseline@val~relation_detr_seed42,paired,mean,3,-0.012413833139567046,0.04312101028682341,0.05281223619801092,0.2878836339175562,0.23505600279873382,False,not_significant,not_significant,True,|Δ| <= σ
transfer/haux_hand_own_other_oracle/haux_hand_own_other_oracle@val~relation_detr_seed42,seg_f1_25,paired_delta,injection,phase1/s4_phase_baseline/frozen_tecno_phase_baseline@val~relation_detr_seed42,paired,mean,3,-0.020756755676238487,0.059039941187654196,0.07230886517684053,0.35157141519271906,0.28705685845677703,False,not_significant,not_significant,True,|Δ| <= σ
transfer/haux_hand_own_other_oracle/haux_hand_own_other_oracle@val~relation_detr_seed42,seg_f1_50,paired_delta,injection,phase1/s4_phase_baseline/frozen_tecno_phase_baseline@val~relation_detr_seed42,paired,mean,3,-0.00485674759098631,0.069247141489272,0.0848100813975136,0.07013643432110095,0.05726615882164095,False,not_significant,not_significant,True,|Δ| <= σ
transfer/haux_hand_presence_oracle/haux_hand_presence_oracle@val~relation_detr_seed42,accuracy,paired_delta,injection,phase1/s4_phase_baseline/frozen_tecno_phase_baseline@val~relation_detr_seed42,paired,mean,3,0.006650950809366692,0.008948197886258707,0.01095925946939241,0.7432726560037546,0.6068795823241354,False,not_significant,not_significant,True,|Δ| <= σ
transfer/haux_hand_presence_oracle/haux_hand_presence_oracle@val~relation_detr_seed42,edit_score,paired_delta,injection,phase1/s4_phase_baseline/frozen_tecno_phase_baseline@val~relation_detr_seed42,paired,mean,3,-0.32796875433453465,2.3289399411426976,2.852357248693548,0.14082319107534233,0.1149816540283489,False,not_significant,not_significant,True,|Δ| <= σ
transfer/haux_hand_presence_oracle/haux_hand_presence_oracle@val~relation_detr_seed42,jaccard,paired_delta,injection,phase1/s4_phase_baseline/frozen_tecno_phase_baseline@val~relation_detr_seed42,paired,mean,3,0.04031900620411596,0.013199910713871329,0.0161665229496408,3.0544908278618967,2.493981317424338,True,significant,significant,True,|Δ| > σ かつ全 seed 同符号
transfer/haux_hand_presence_oracle/haux_hand_presence_oracle@val~relation_detr_seed42,macro_f1,paired_delta,injection,phase1/s4_phase_baseline/frozen_tecno_phase_baseline@val~relation_detr_seed42,paired,mean,3,0.03758673276416724,0.010712370437395929,0.013119920753647539,3.508722274292841,2.8648597403850595,True,significant,significant,True,|Δ| > σ かつ全 seed 同符号
transfer/haux_hand_presence_oracle/haux_hand_presence_oracle@val~relation_detr_seed42,seg_f1_10,paired_delta,injection,phase1/s4_phase_baseline/frozen_tecno_phase_baseline@val~relation_detr_seed42,paired,mean,3,-0.024530199378308193,0.017455955842103594,0.021379092392854425,1.4052624559888949,1.1473919906210317,True,significant,significant,True,|Δ| > σ かつ全 seed 同符号
transfer/haux_hand_presence_oracle/haux_hand_presence_oracle@val~relation_detr_seed42,seg_f1_25,paired_delta,injection,phase1/s4_phase_baseline/frozen_tecno_phase_baseline@val~relation_detr_seed42,paired,mean,3,-0.019910158952016643,0.03596427564883544,0.04404706215422462,0.5536093412925822,0.452020134335044,False,not_significant,not_significant,True,|Δ| <= σ
transfer/haux_hand_presence_oracle/haux_hand_presence_oracle@val~relation_detr_seed42,seg_f1_50,paired_delta,injection,phase1/s4_phase_baseline/frozen_tecno_phase_baseline@val~relation_detr_seed42,paired,mean,3,-0.0030357859948684043,0.025921527930607285,0.031747258391645106,0.11711446960207343,0.09562356400725705,False,not_significant,not_significant,True,|Δ| <= σ
transfer/haux_hand_presence_oracle_shuffle/haux_hand_presence_oracle_shuffle@val~relation_detr_seed42,accuracy,paired_delta,injection,phase1/s4_phase_baseline/frozen_tecno_phase_baseline@val~relation_detr_seed42,paired,mean,3,0.0018104667609618597,0.006630604938528873,0.00812079939268698,0.2730469961257482,0.2229419387692594,False,not_significant,not_significant,True,|Δ| <= σ
transfer/haux_hand_presence_oracle_shuffle/haux_hand_presence_oracle_shuffle@val~relation_detr_seed42,edit_score,paired_delta,injection,phase1/s4_phase_baseline/frozen_tecno_phase_baseline@val~relation_detr_seed42,paired,mean,3,-1.7978245560634984,1.8708693149558562,2.29133759853608,0.9609567817974067,0.7846179267568935,False,not_significant,not_significant,True,|Δ| <= σ
transfer/haux_hand_presence_oracle_shuffle/haux_hand_presence_oracle_shuffle@val~relation_detr_seed42,jaccard,paired_delta,injection,phase1/s4_phase_baseline/frozen_tecno_phase_baseline@val~relation_detr_seed42,paired,mean,3,0.012047049686864653,0.0378696549243827,0.046380665650006946,0.3181188133591378,0.2597429234365214,False,not_significant,not_significant,True,|Δ| <= σ
transfer/haux_hand_presence_oracle_shuffle/haux_hand_presence_oracle_shuffle@val~relation_detr_seed42,macro_f1,paired_delta,injection,phase1/s4_phase_baseline/frozen_tecno_phase_baseline@val~relation_detr_seed42,paired,mean,3,0.009541832089353478,0.03887042436366878,0.04760635288821802,0.24547795002392592,0.2004319068876827,False,not_significant,not_significant,True,|Δ| <= σ
transfer/haux_hand_presence_oracle_shuffle/haux_hand_presence_oracle_shuffle@val~relation_detr_seed42,seg_f1_10,paired_delta,injection,phase1/s4_phase_baseline/frozen_tecno_phase_baseline@val~relation_detr_seed42,paired,mean,3,-0.015024678226023066,0.030289099554186447,0.03709641933805912,0.49604241945668576,0.4050169394815008,False,not_significant,not_significant,True,|Δ| <= σ
transfer/haux_hand_presence_oracle_shuffle/haux_hand_presence_oracle_shuffle@val~relation_detr_seed42,seg_f1_25,paired_delta,injection,phase1/s4_phase_baseline/frozen_tecno_phase_baseline@val~relation_detr_seed42,paired,mean,3,-0.00821956624024354,0.03292270257044787,0.04032191112550671,0.24966256104447515,0.20384862747847365,False,not_significant,not_significant,True,|Δ| <= σ
transfer/haux_hand_presence_oracle_shuffle/haux_hand_presence_oracle_shuffle@val~relation_detr_seed42,seg_f1_50,paired_delta,injection,phase1/s4_phase_baseline/frozen_tecno_phase_baseline@val~relation_detr_seed42,paired,mean,3,0.0014301258350416328,0.01994009282795798,0.02442152642611374,0.07172112223251313,0.0585600510831465,False,not_significant,not_significant,True,|Δ| <= σ
transfer/haux_hand_presence_oracle_withtooloracle/haux_hand_presence_oracle_withtooloracle@val~relation_detr_seed42,accuracy,paired_delta,injection,phase1/s4_phase_baseline/frozen_tecno_phase_baseline@val~relation_detr_seed42,paired,mean,3,0.06011629734402013,0.005109122481281861,0.0062573715562614304,11.766462355182599,9.607276282621388,True,significant,significant,True,|Δ| > σ かつ全 seed 同符号
transfer/haux_hand_presence_oracle_withtooloracle/haux_hand_presence_oracle_withtooloracle@val~relation_detr_seed42,edit_score,paired_delta,injection,phase1/s4_phase_baseline/frozen_tecno_phase_baseline@val~relation_detr_seed42,paired,mean,3,13.741429355631524,0.9603428283232746,1.1761749537666237,14.308879027735944,11.683150803054843,True,significant,significant,True,|Δ| > σ かつ全 seed 同符号
transfer/haux_hand_presence_oracle_withtooloracle/haux_hand_presence_oracle_withtooloracle@val~relation_detr_seed42,jaccard,paired_delta,injection,phase1/s4_phase_baseline/frozen_tecno_phase_baseline@val~relation_detr_seed42,paired,mean,3,0.16522120768862672,0.010027790794676458,0.01228148534716778,16.476331733639594,13.45286852674772,True,significant,significant,True,|Δ| > σ かつ全 seed 同符号
transfer/haux_hand_presence_oracle_withtooloracle/haux_hand_presence_oracle_withtooloracle@val~relation_detr_seed42,macro_f1,paired_delta,injection,phase1/s4_phase_baseline/frozen_tecno_phase_baseline@val~relation_detr_seed42,paired,mean,3,0.1311566309236023,0.009557424374697247,0.01170540648662342,13.723010068573728,11.204790801027208,True,significant,significant,True,|Δ| > σ かつ全 seed 同符号
transfer/haux_hand_presence_oracle_withtooloracle/haux_hand_presence_oracle_withtooloracle@val~relation_detr_seed42,seg_f1_10,paired_delta,injection,phase1/s4_phase_baseline/frozen_tecno_phase_baseline@val~relation_detr_seed42,paired,mean,3,0.1872254028475874,0.022196909642424833,0.027185551245302326,8.434750866838892,6.886945243751128,True,significant,significant,True,|Δ| > σ かつ全 seed 同符号
transfer/haux_hand_presence_oracle_withtooloracle/haux_hand_presence_oracle_withtooloracle@val~relation_detr_seed42,seg_f1_25,paired_delta,injection,phase1/s4_phase_baseline/frozen_tecno_phase_baseline@val~relation_detr_seed42,paired,mean,3,0.2021139951390695,0.02446838899965895,0.029967533938546672,8.2602085140091,6.744432009438524,True,significant,significant,True,|Δ| > σ かつ全 seed 同符号
transfer/haux_hand_presence_oracle_withtooloracle/haux_hand_presence_oracle_withtooloracle@val~relation_detr_seed42,seg_f1_50,paired_delta,injection,phase1/s4_phase_baseline/frozen_tecno_phase_baseline@val~relation_detr_seed42,paired,mean,3,0.24953918211403264,0.02152549527874165,0.026363239946802702,11.592726619418364,9.465421648384929,True,significant,significant,True,|Δ| > σ かつ全 seed 同符号
transfer/hires_relation_detr_augstrong_hires_seed42/hires_relation_detr_augstrong_hires_seed42@val~relation_detr_augstrong_hires_seed42,accuracy,paired_delta,injection,phase1/s4_phase_baseline/frozen_tecno_phase_baseline@val~relation_detr_augstrong_hires_seed42,paired,mean,3,0.04004400440044006,0.0029682590898200485,0.0036353600972185702,13.490737563231967,11.015141094572144,True,significant,significant,True,|Δ| > σ かつ全 seed 同符号
transfer/hires_relation_detr_augstrong_hires_seed42/hires_relation_detr_augstrong_hires_seed42@val~relation_detr_augstrong_hires_seed42,edit_score,paired_delta,injection,phase1/s4_phase_baseline/frozen_tecno_phase_baseline@val~relation_detr_augstrong_hires_seed42,paired,mean,3,2.811336048994152,2.5401698529473324,3.111059999860772,1.1067512063148803,0.9036585758937361,False,not_significant,not_significant,True,全 seed 同符号ではない
transfer/hires_relation_detr_augstrong_hires_seed42/hires_relation_detr_augstrong_hires_seed42@val~relation_detr_augstrong_hires_seed42,jaccard,paired_delta,injection,phase1/s4_phase_baseline/frozen_tecno_phase_baseline@val~relation_detr_augstrong_hires_seed42,paired,mean,3,0.08644632953887062,0.00961140599973902,0.011771520205042714,8.994139831489576,7.343684420797113,True,significant,significant,True,|Δ| > σ かつ全 seed 同符号
transfer/hires_relation_detr_augstrong_hires_seed42/hires_relation_detr_augstrong_hires_seed42@val~relation_detr_augstrong_hires_seed42,macro_f1,paired_delta,injection,phase1/s4_phase_baseline/frozen_tecno_phase_baseline@val~relation_detr_augstrong_hires_seed42,paired,mean,3,0.08263350699259937,0.01152649234789235,0.01411701238821555,7.1690072312162805,5.853469892934237,True,significant,significant,True,|Δ| > σ かつ全 seed 同符号
transfer/hires_relation_detr_augstrong_hires_seed42/hires_relation_detr_augstrong_hires_seed42@val~relation_detr_augstrong_hires_seed42,seg_f1_10,paired_delta,injection,phase1/s4_phase_baseline/frozen_tecno_phase_baseline@val~relation_detr_augstrong_hires_seed42,paired,mean,3,0.07725427078368259,0.03240750566992155,0.039690926363830266,2.3838388418576986,1.946396263859521,True,significant,significant,True,|Δ| > σ かつ全 seed 同符号
transfer/hires_relation_detr_augstrong_hires_seed42/hires_relation_detr_augstrong_hires_seed42@val~relation_detr_augstrong_hires_seed42,seg_f1_25,paired_delta,injection,phase1/s4_phase_baseline/frozen_tecno_phase_baseline@val~relation_detr_augstrong_hires_seed42,paired,mean,3,0.10919326860503331,0.018016625548020502,0.022065769739720787,6.060694790708488,4.94853657465996,True,significant,significant,True,|Δ| > σ かつ全 seed 同符号
transfer/hires_relation_detr_augstrong_hires_seed42/hires_relation_detr_augstrong_hires_seed42@val~relation_detr_augstrong_hires_seed42,seg_f1_50,paired_delta,injection,phase1/s4_phase_baseline/frozen_tecno_phase_baseline@val~relation_detr_augstrong_hires_seed42,paired,mean,3,0.1292563718053914,0.053568896855604745,0.06560823169000693,2.4128996375229206,1.970124304159214,True,significant,significant,True,|Δ| > σ かつ全 seed 同符号
transfer/hires_relation_detr_augstrong_seed42/hires_relation_detr_augstrong_seed42@val~relation_detr_augstrong_seed42,accuracy,paired_delta,injection,phase1/s4_phase_baseline/frozen_tecno_phase_baseline@val~relation_detr_augstrong_seed42,paired,mean,3,0.03867986798679871,0.0009924593956163756,0.0012155095548455523,38.97375364437579,31.821936596552327,True,significant,significant,True,|Δ| > σ かつ全 seed 同符号
transfer/hires_relation_detr_augstrong_seed42/hires_relation_detr_augstrong_seed42@val~relation_detr_augstrong_seed42,edit_score,paired_delta,injection,phase1/s4_phase_baseline/frozen_tecno_phase_baseline@val~relation_detr_augstrong_seed42,paired,mean,3,0.16081220830478551,1.1624818807388855,1.4237437215205988,0.13833523856954366,0.1129502493138537,False,not_significant,not_significant,True,|Δ| <= σ
transfer/hires_relation_detr_augstrong_seed42/hires_relation_detr_augstrong_seed42@val~relation_detr_augstrong_seed42,jaccard,paired_delta,injection,phase1/s4_phase_baseline/frozen_tecno_phase_baseline@val~relation_detr_augstrong_seed42,paired,mean,3,0.08661131374755981,0.00511215869642867,0.006261090145190925,16.94221930318127,13.833264134375229,True,significant,significant,True,|Δ| > σ かつ全 seed 同符号
transfer/hires_relation_detr_augstrong_seed42/hires_relation_detr_augstrong_seed42@val~relation_detr_augstrong_seed42,macro_f1,paired_delta,injection,phase1/s4_phase_baseline/frozen_tecno_phase_baseline@val~relation_detr_augstrong_seed42,paired,mean,3,0.06930232183775557,0.0035963977759359356,0.004404669731561654,19.269926786594166,15.73382933598174,True,significant,significant,True,|Δ| > σ かつ全 seed 同符号
transfer/hires_relation_detr_augstrong_seed42/hires_relation_detr_augstrong_seed42@val~relation_detr_augstrong_seed42,seg_f1_10,paired_delta,injection,phase1/s4_phase_baseline/frozen_tecno_phase_baseline@val~relation_detr_augstrong_seed42,paired,mean,3,0.03759312026669844,0.006230206298563317,0.007630413211876998,6.0340089019792815,4.926747637753546,True,significant,significant,True,|Δ| > σ かつ全 seed 同符号
transfer/hires_relation_detr_augstrong_seed42/hires_relation_detr_augstrong_seed42@val~relation_detr_augstrong_seed42,seg_f1_25,paired_delta,injection,phase1/s4_phase_baseline/frozen_tecno_phase_baseline@val~relation_detr_augstrong_seed42,paired,mean,3,0.03907710111622553,0.00986190882291295,0.012078322252994099,3.962427742734208,3.2353087041156483,True,significant,significant,True,|Δ| > σ かつ全 seed 同符号
transfer/hires_relation_detr_augstrong_seed42/hires_relation_detr_augstrong_seed42@val~relation_detr_augstrong_seed42,seg_f1_50,paired_delta,injection,phase1/s4_phase_baseline/frozen_tecno_phase_baseline@val~relation_detr_augstrong_seed42,paired,mean,3,0.04794812458163452,0.034473388627458273,0.04222110592096865,1.3908735546653959,1.1356435018870883,True,significant,significant,True,|Δ| > σ かつ全 seed 同符号
transfer/hires_relation_detr_seed42/hires_relation_detr_seed42@val~relation_detr_seed42,accuracy,paired_delta,injection,phase1/s4_phase_baseline/frozen_tecno_phase_baseline@val~relation_detr_seed42,paired,mean,3,0.05109539525381113,0.002865469292107157,0.0035094688196383277,17.83142307424189,14.559295973194263,True,significant,significant,True,|Δ| > σ かつ全 seed 同符号
transfer/hires_relation_detr_seed42/hires_relation_detr_seed42@val~relation_detr_seed42,edit_score,paired_delta,injection,phase1/s4_phase_baseline/frozen_tecno_phase_baseline@val~relation_detr_seed42,paired,mean,3,-6.710624232618735,1.9189307045265356,2.350200538924723,3.497064389448326,2.855341117268664,True,significant,significant,True,|Δ| > σ かつ全 seed 同符号
transfer/hires_relation_detr_seed42/hires_relation_detr_seed42@val~relation_detr_seed42,jaccard,paired_delta,injection,phase1/s4_phase_baseline/frozen_tecno_phase_baseline@val~relation_detr_seed42,paired,mean,3,0.13644122539050188,0.005209201046505859,0.006379942265755749,26.192351604863024,21.385965531827498,True,significant,significant,True,|Δ| > σ かつ全 seed 同符号
transfer/hires_relation_detr_seed42/hires_relation_detr_seed42@val~relation_detr_seed42,macro_f1,paired_delta,injection,phase1/s4_phase_baseline/frozen_tecno_phase_baseline@val~relation_detr_seed42,paired,mean,3,0.11345165798544903,0.0077042880966550625,0.009435787334101555,14.725780832976099,12.023549701616027,True,significant,significant,True,|Δ| > σ かつ全 seed 同符号
transfer/hires_relation_detr_seed42/hires_relation_detr_seed42@val~relation_detr_seed42,seg_f1_10,paired_delta,injection,phase1/s4_phase_baseline/frozen_tecno_phase_baseline@val~relation_detr_seed42,paired,mean,3,-0.007124431471287107,0.02400712214655595,0.029402599725865834,0.296763244998492,0.24230617488628584,False,not_significant,not_significant,True,|Δ| <= σ
transfer/hires_relation_detr_seed42/hires_relation_detr_seed42@val~relation_detr_seed42,seg_f1_25,paired_delta,injection,phase1/s4_phase_baseline/frozen_tecno_phase_baseline@val~relation_detr_seed42,paired,mean,3,-0.00046050065524055883,0.020564712203348563,0.025186525802695175,0.022392759533273472,0.018283611596454533,False,not_significant,not_significant,True,|Δ| <= σ
transfer/hires_relation_detr_seed42/hires_relation_detr_seed42@val~relation_detr_seed42,seg_f1_50,paired_delta,injection,phase1/s4_phase_baseline/frozen_tecno_phase_baseline@val~relation_detr_seed42,paired,mean,3,0.04609730808392324,0.027558399167426462,0.0337520080440678,1.6727135637983441,1.3657649057127796,True,significant,significant,True,|Δ| > σ かつ全 seed 同符号
transfer/p0_identity_ctrl/p0_identity_ctrl@val,detection_max,paired_delta,unknown,,,,,0.0,,,,,,undecidable,undecidable,True,Δ または σ が無い
transfer/p0_identity_ctrl/p0_identity_ctrl@val,detection_mean,paired_delta,unknown,,,,,0.0,,,,,,undecidable,undecidable,True,Δ または σ が無い
transfer/p0_identity_ctrl/p0_identity_ctrl@val,detection_min,paired_delta,unknown,,,,,0.0,,,,,,undecidable,undecidable,True,Δ または σ が無い
transfer/p0_identity_ctrl/p0_identity_ctrl@val,detection_n,paired_delta,unknown,,,,,3,,,,,,undecidable,undecidable,True,Δ または σ が無い
transfer/p0_identity_ctrl/p0_identity_ctrl@val,detection_pstd,paired_delta,unknown,,,,,0.0,,,,,,undecidable,undecidable,True,Δ または σ が無い
transfer/p0_identity_ctrl/p0_identity_ctrl@val,detection_sstd,paired_delta,unknown,,,,,0.0,,,,,,undecidable,undecidable,True,Δ または σ が無い
transfer/p0_identity_inj/p0_identity_inj@val,detection_max,paired_delta,unknown,,,,,0.0,,,,,,undecidable,undecidable,True,Δ または σ が無い
transfer/p0_identity_inj/p0_identity_inj@val,detection_mean,paired_delta,unknown,,,,,0.0,,,,,,undecidable,undecidable,True,Δ または σ が無い
transfer/p0_identity_inj/p0_identity_inj@val,detection_min,paired_delta,unknown,,,,,0.0,,,,,,undecidable,undecidable,True,Δ または σ が無い
transfer/p0_identity_inj/p0_identity_inj@val,detection_n,paired_delta,unknown,,,,,3,,,,,,undecidable,undecidable,True,Δ または σ が無い
transfer/p0_identity_inj/p0_identity_inj@val,detection_pstd,paired_delta,unknown,,,,,0.0,,,,,,undecidable,undecidable,True,Δ または σ が無い
transfer/p0_identity_inj/p0_identity_inj@val,detection_sstd,paired_delta,unknown,,,,,0.0,,,,,,undecidable,undecidable,True,Δ または σ が無い
transfer/t1a_3seed_det123_aug/t1a_3seed_det123_aug@val~relation_detr_augstrong_seed123,accuracy,paired_delta,injection,phase1/s4_phase_baseline/frozen_tecno_phase_baseline@val~relation_detr_augstrong_seed123,paired,mean,3,0.04279427942794278,0.006412801602547703,0.007854045873972062,6.67325797369769,5.448692319172849,True,significant,significant,True,|Δ| > σ かつ全 seed 同符号
transfer/t1a_3seed_det123_aug/t1a_3seed_det123_aug@val~relation_detr_augstrong_seed123,edit_score,paired_delta,injection,phase1/s4_phase_baseline/frozen_tecno_phase_baseline@val~relation_detr_augstrong_seed123,paired,mean,3,4.939573151561459,3.378813318160482,4.138184282806647,1.4619254414004432,1.1936571244747187,True,significant,significant,True,|Δ| > σ かつ全 seed 同符号
transfer/t1a_3seed_det123_aug/t1a_3seed_det123_aug@val~relation_detr_augstrong_seed123,jaccard,paired_delta,injection,phase1/s4_phase_baseline/frozen_tecno_phase_baseline@val~relation_detr_augstrong_seed123,paired,mean,3,0.12173640996578099,0.024508553520256885,0.030016725229160896,4.9670989299781825,4.055619293456952,True,significant,significant,True,|Δ| > σ かつ全 seed 同符号
transfer/t1a_3seed_det123_aug/t1a_3seed_det123_aug@val~relation_detr_augstrong_seed123,macro_f1,paired_delta,injection,phase1/s4_phase_baseline/frozen_tecno_phase_baseline@val~relation_detr_augstrong_seed123,paired,mean,3,0.09470378455347657,0.02194006624689307,0.026870983613873998,4.31647669098937,3.5243884598470454,True,significant,significant,True,|Δ| > σ かつ全 seed 同符号
transfer/t1a_3seed_det123_aug/t1a_3seed_det123_aug@val~relation_detr_augstrong_seed123,seg_f1_10,paired_delta,injection,phase1/s4_phase_baseline/frozen_tecno_phase_baseline@val~relation_detr_augstrong_seed123,paired,mean,3,0.11782570222304319,0.0344123949317691,0.04214640420498612,3.423932058685865,2.7956288192458385,True,significant,significant,True,|Δ| > σ かつ全 seed 同符号
transfer/t1a_3seed_det123_aug/t1a_3seed_det123_aug@val~relation_detr_augstrong_seed123,seg_f1_25,paired_delta,injection,phase1/s4_phase_baseline/frozen_tecno_phase_baseline@val~relation_detr_augstrong_seed123,paired,mean,3,0.11110900478976067,0.043161241996307824,0.05286150977786928,2.5742772832919254,2.1018886001677726,True,significant,significant,True,|Δ| > σ かつ全 seed 同符号
transfer/t1a_3seed_det123_aug/t1a_3seed_det123_aug@val~relation_detr_augstrong_seed123,seg_f1_50,paired_delta,injection,phase1/s4_phase_baseline/frozen_tecno_phase_baseline@val~relation_detr_augstrong_seed123,paired,mean,3,0.148299017349772,0.03177916133737405,0.03892136486507475,4.66654911926087,3.8102214006077917,True,significant,significant,True,|Δ| > σ かつ全 seed 同符号
transfer/t1a_3seed_det123_frozen/t1a_3seed_det123_frozen@val~relation_detr_seed123,accuracy,paired_delta,injection,phase1/s4_phase_baseline/frozen_tecno_phase_baseline@val~relation_detr_seed123,paired,mean,3,0.06083608360836087,0.0042635472772443945,0.005221757661740646,14.268889178984383,11.650499228277374,True,significant,significant,True,|Δ| > σ かつ全 seed 同符号
transfer/t1a_3seed_det123_frozen/t1a_3seed_det123_frozen@val~relation_detr_seed123,edit_score,paired_delta,injection,phase1/s4_phase_baseline/frozen_tecno_phase_baseline@val~relation_detr_seed123,paired,mean,3,1.3246055057200554,5.128613478416571,6.281243055040473,0.25827750741883154,0.21088270173801135,False,not_significant,not_significant,True,|Δ| <= σ
transfer/t1a_3seed_det123_frozen/t1a_3seed_det123_frozen@val~relation_detr_seed123,jaccard,paired_delta,injection,phase1/s4_phase_baseline/frozen_tecno_phase_baseline@val~relation_detr_seed123,paired,mean,3,0.14492532610494205,0.006722668009872342,0.00823355316715945,21.55770980987265,17.601796352393123,True,significant,significant,True,|Δ| > σ かつ全 seed 同符号
transfer/t1a_3seed_det123_frozen/t1a_3seed_det123_frozen@val~relation_detr_seed123,macro_f1,paired_delta,injection,phase1/s4_phase_baseline/frozen_tecno_phase_baseline@val~relation_detr_seed123,paired,mean,3,0.1144041534535137,0.0025632090614685675,0.0031392771523380764,44.633172991346584,36.44283314339021,True,significant,significant,True,|Δ| > σ かつ全 seed 同符号
transfer/t1a_3seed_det123_frozen/t1a_3seed_det123_frozen@val~relation_detr_seed123,seg_f1_10,paired_delta,injection,phase1/s4_phase_baseline/frozen_tecno_phase_baseline@val~relation_detr_seed123,paired,mean,3,0.05506936718958483,0.05838423066527509,0.07150578707743921,0.9432233081104583,0.7701386061235282,False,not_significant,not_significant,True,|Δ| <= σ
transfer/t1a_3seed_det123_frozen/t1a_3seed_det123_frozen@val~relation_detr_seed123,seg_f1_25,paired_delta,injection,phase1/s4_phase_baseline/frozen_tecno_phase_baseline@val~relation_detr_seed123,paired,mean,3,0.07224788028828066,0.06271051025909649,0.07680437582217806,1.1520856709629583,0.9406740112770807,False,not_significant,not_significant,True,全 seed 同符号ではない
transfer/t1a_3seed_det123_frozen/t1a_3seed_det123_frozen@val~relation_detr_seed123,seg_f1_50,paired_delta,injection,phase1/s4_phase_baseline/frozen_tecno_phase_baseline@val~relation_detr_seed123,paired,mean,3,0.07638905641341688,0.06820679938183746,0.08353592773694044,1.1199624832969108,0.9144455383792531,False,not_significant,not_significant,True,全 seed 同符号ではない
transfer/t1a_3seed_det42_aug/t1a_3seed_det42_aug@val~relation_detr_augstrong_seed42,accuracy,paired_delta,injection,phase1/s4_phase_baseline/frozen_tecno_phase_baseline@val~relation_detr_augstrong_seed42,paired,mean,3,0.03856985698569856,0.0013209873772094506,0.001617872515410301,29.197748329114482,23.8398616815102,True,significant,significant,True,|Δ| > σ かつ全 seed 同符号
transfer/t1a_3seed_det42_aug/t1a_3seed_det42_aug@val~relation_detr_augstrong_seed42,edit_score,paired_delta,injection,phase1/s4_phase_baseline/frozen_tecno_phase_baseline@val~relation_detr_augstrong_seed42,paired,mean,3,0.008125783688536595,1.3942040528111297,1.7075442633537992,0.005828259982570414,0.004758754348526632,False,not_significant,not_significant,True,|Δ| <= σ
transfer/t1a_3seed_det42_aug/t1a_3seed_det42_aug@val~relation_detr_augstrong_seed42,jaccard,paired_delta,injection,phase1/s4_phase_baseline/frozen_tecno_phase_baseline@val~relation_detr_augstrong_seed42,paired,mean,3,0.08817772874942649,0.004697758062498919,0.005753555094084039,18.770172404860148,15.325781591992266,True,significant,significant,True,|Δ| > σ かつ全 seed 同符号
transfer/t1a_3seed_det42_aug/t1a_3seed_det42_aug@val~relation_detr_augstrong_seed42,macro_f1,paired_delta,injection,phase1/s4_phase_baseline/frozen_tecno_phase_baseline@val~relation_detr_augstrong_seed42,paired,mean,3,0.07038645867313024,0.003759979577384656,0.004605015703938972,18.719904516632837,15.284738033124206,True,significant,significant,True,|Δ| > σ かつ全 seed 同符号
transfer/t1a_3seed_det42_aug/t1a_3seed_det42_aug@val~relation_detr_augstrong_seed42,seg_f1_10,paired_delta,injection,phase1/s4_phase_baseline/frozen_tecno_phase_baseline@val~relation_detr_augstrong_seed42,paired,mean,3,0.03356275667679846,0.006126446434678755,0.0075033338507280905,5.478340018908261,4.473045894598129,True,significant,significant,True,|Δ| > σ かつ全 seed 同符号
transfer/t1a_3seed_det42_aug/t1a_3seed_det42_aug@val~relation_detr_augstrong_seed42,seg_f1_25,paired_delta,injection,phase1/s4_phase_baseline/frozen_tecno_phase_baseline@val~relation_detr_augstrong_seed42,paired,mean,3,0.03476489799497077,0.015982947977169825,0.019575033564757312,2.1751242664763244,1.7759815266708472,True,significant,significant,True,|Δ| > σ かつ全 seed 同符号
transfer/t1a_3seed_det42_aug/t1a_3seed_det42_aug@val~relation_detr_augstrong_seed42,seg_f1_50,paired_delta,injection,phase1/s4_phase_baseline/frozen_tecno_phase_baseline@val~relation_detr_augstrong_seed42,paired,mean,3,0.045059925164922875,0.02492522130104994,0.030527036956761303,1.8078044170875542,1.4760661255380287,True,significant,significant,True,|Δ| > σ かつ全 seed 同符号
transfer/t1a_3seed_det42_frozen/t1a_3seed_det42_frozen@val~relation_detr_seed42,accuracy,paired_delta,injection,phase1/s4_phase_baseline/frozen_tecno_phase_baseline@val~relation_detr_seed42,paired,mean,3,0.05142542825711146,0.0027962109799237593,0.003424645056990474,18.391111624385942,15.01627976077128,True,significant,significant,True,|Δ| > σ かつ全 seed 同符号
transfer/t1a_3seed_det42_frozen/t1a_3seed_det42_frozen@val~relation_detr_seed42,edit_score,paired_delta,injection,phase1/s4_phase_baseline/frozen_tecno_phase_baseline@val~relation_detr_seed42,paired,mean,3,-4.1535994756801555,0.6338538637392531,0.7763092688263933,6.552929173890484,5.350444265543129,True,significant,significant,True,|Δ| > σ かつ全 seed 同符号
transfer/t1a_3seed_det42_frozen/t1a_3seed_det42_frozen@val~relation_detr_seed42,jaccard,paired_delta,injection,phase1/s4_phase_baseline/frozen_tecno_phase_baseline@val~relation_detr_seed42,paired,mean,3,0.1380730387133001,0.006708345495752296,0.008216011741445492,20.582279013614837,16.805360442317003,True,significant,significant,True,|Δ| > σ かつ全 seed 同符号
transfer/t1a_3seed_det42_frozen/t1a_3seed_det42_frozen@val~relation_detr_seed42,macro_f1,paired_delta,injection,phase1/s4_phase_baseline/frozen_tecno_phase_baseline@val~relation_detr_seed42,paired,mean,3,0.11453442399067948,0.00457244739779944,0.005600081500162681,25.048822660223692,20.452278058337594,True,significant,significant,True,|Δ| > σ かつ全 seed 同符号
transfer/t1a_3seed_det42_frozen/t1a_3seed_det42_frozen@val~relation_detr_seed42,seg_f1_10,paired_delta,injection,phase1/s4_phase_baseline/frozen_tecno_phase_baseline@val~relation_detr_seed42,paired,mean,3,0.016400670552171,0.011379112895855166,0.013936510160184509,1.4412960572827194,1.1768133028759522,True,significant,significant,True,|Δ| > σ かつ全 seed 同符号
transfer/t1a_3seed_det42_frozen/t1a_3seed_det42_frozen@val~relation_detr_seed42,seg_f1_25,paired_delta,injection,phase1/s4_phase_baseline/frozen_tecno_phase_baseline@val~relation_detr_seed42,paired,mean,3,0.027353209302682906,0.011131005023049938,0.013632641315414428,2.4573890000085563,2.00644971651639,True,significant,significant,True,|Δ| > σ かつ全 seed 同符号
transfer/t1a_3seed_det42_frozen/t1a_3seed_det42_frozen@val~relation_detr_seed42,seg_f1_50,paired_delta,injection,phase1/s4_phase_baseline/frozen_tecno_phase_baseline@val~relation_detr_seed42,paired,mean,3,0.07215554260310764,0.016178012388292355,0.019813937701870656,4.460099354066814,3.6416558731935122,True,significant,significant,True,|Δ| > σ かつ全 seed 同符号
transfer/t1a_3seed_det456_aug/t1a_3seed_det456_aug@val~relation_detr_augstrong_seed456,accuracy,paired_delta,injection,phase1/s4_phase_baseline/frozen_tecno_phase_baseline@val~relation_detr_augstrong_seed456,paired,mean,3,0.03454345434543449,0.0018342499450531458,0.0022464882130541442,18.832468518587646,15.376646155855852,True,significant,significant,True,|Δ| > σ かつ全 seed 同符号
transfer/t1a_3seed_det456_aug/t1a_3seed_det456_aug@val~relation_detr_augstrong_seed456,edit_score,paired_delta,injection,phase1/s4_phase_baseline/frozen_tecno_phase_baseline@val~relation_detr_augstrong_seed456,paired,mean,3,-3.7162055467973474,4.843415031300548,5.9319477196062795,0.7672696894198382,0.6264730780607761,False,not_significant,not_significant,True,|Δ| <= σ
transfer/t1a_3seed_det456_aug/t1a_3seed_det456_aug@val~relation_detr_augstrong_seed456,jaccard,paired_delta,injection,phase1/s4_phase_baseline/frozen_tecno_phase_baseline@val~relation_detr_augstrong_seed456,paired,mean,3,0.079255976340933,0.007277141097580892,0.008912641237655157,10.891086936225506,8.892535246014749,True,significant,significant,True,|Δ| > σ かつ全 seed 同符号
transfer/t1a_3seed_det456_aug/t1a_3seed_det456_aug@val~relation_detr_augstrong_seed456,macro_f1,paired_delta,injection,phase1/s4_phase_baseline/frozen_tecno_phase_baseline@val~relation_detr_augstrong_seed456,paired,mean,3,0.06643362432584154,0.010105170469147237,0.012376255706625816,6.574221041463321,5.367829002617916,True,significant,significant,True,|Δ| > σ かつ全 seed 同符号
transfer/t1a_3seed_det456_aug/t1a_3seed_det456_aug@val~relation_detr_augstrong_seed456,seg_f1_10,paired_delta,injection,phase1/s4_phase_baseline/frozen_tecno_phase_baseline@val~relation_detr_augstrong_seed456,paired,mean,3,-0.017398381378896138,0.017985933158213542,0.02202817939271396,0.9673327052786755,0.7898238464796062,False,not_significant,not_significant,True,|Δ| <= σ
transfer/t1a_3seed_det456_aug/t1a_3seed_det456_aug@val~relation_detr_augstrong_seed456,seg_f1_25,paired_delta,injection,phase1/s4_phase_baseline/frozen_tecno_phase_baseline@val~relation_detr_augstrong_seed456,paired,mean,3,-0.024002476022089696,0.023758534024403442,0.029098142698170685,1.0102675525954459,0.8248800025164033,False,not_significant,not_significant,True,全 seed 同符号ではない
transfer/t1a_3seed_det456_aug/t1a_3seed_det456_aug@val~relation_detr_augstrong_seed456,seg_f1_50,paired_delta,injection,phase1/s4_phase_baseline/frozen_tecno_phase_baseline@val~relation_detr_augstrong_seed456,paired,mean,3,0.0108973890527162,0.03657869896217713,0.04479957395610328,0.29791625623383294,0.24324760461771291,False,not_significant,not_significant,True,|Δ| <= σ
transfer/t1a_3seed_det456_frozen/t1a_3seed_det456_frozen@val~relation_detr_seed456,accuracy,paired_delta,injection,phase1/s4_phase_baseline/frozen_tecno_phase_baseline@val~relation_detr_seed456,paired,mean,3,0.06424642464246426,0.010702210347208167,0.0131074772352972,6.0030986644944715,4.9015095345315345,True,significant,significant,True,|Δ| > σ かつ全 seed 同符号
transfer/t1a_3seed_det456_frozen/t1a_3seed_det456_frozen@val~relation_detr_seed456,edit_score,paired_delta,injection,phase1/s4_phase_baseline/frozen_tecno_phase_baseline@val~relation_detr_seed456,paired,mean,3,2.164567005253282,6.227749131812113,7.627403809500307,0.34756811159852374,0.283788174759701,False,not_significant,not_significant,True,|Δ| <= σ
transfer/t1a_3seed_det456_frozen/t1a_3seed_det456_frozen@val~relation_detr_seed456,jaccard,paired_delta,injection,phase1/s4_phase_baseline/frozen_tecno_phase_baseline@val~relation_detr_seed456,paired,mean,3,0.1456765375682564,0.01002176592715329,0.012274106421567964,14.536014772960899,11.868606362437491,True,significant,significant,True,|Δ| > σ かつ全 seed 同符号
transfer/t1a_3seed_det456_frozen/t1a_3seed_det456_frozen@val~relation_detr_seed456,macro_f1,paired_delta,injection,phase1/s4_phase_baseline/frozen_tecno_phase_baseline@val~relation_detr_seed456,paired,mean,3,0.1259489164817705,0.011125266392414701,0.01362561295697511,11.320979834482303,9.243541327606534,True,significant,significant,True,|Δ| > σ かつ全 seed 同符号
transfer/t1a_3seed_det456_frozen/t1a_3seed_det456_frozen@val~relation_detr_seed456,seg_f1_10,paired_delta,injection,phase1/s4_phase_baseline/frozen_tecno_phase_baseline@val~relation_detr_seed456,paired,mean,3,0.02669778895982707,0.03664237810729922,0.04487756466250616,0.7286041555940613,0.594902801892284,False,not_significant,not_significant,True,|Δ| <= σ
transfer/t1a_3seed_det456_frozen/t1a_3seed_det456_frozen@val~relation_detr_seed456,seg_f1_25,paired_delta,injection,phase1/s4_phase_baseline/frozen_tecno_phase_baseline@val~relation_detr_seed456,paired,mean,3,0.02951415712707243,0.028420961960997502,0.03480842740174713,1.0384643970733691,0.8479026296255784,False,not_significant,not_significant,True,全 seed 同符号ではない
transfer/t1a_3seed_det456_frozen/t1a_3seed_det456_frozen@val~relation_detr_seed456,seg_f1_50,paired_delta,injection,phase1/s4_phase_baseline/frozen_tecno_phase_baseline@val~relation_detr_seed456,paired,mean,3,0.04870185280412979,0.04446423097803719,0.05445733885072207,1.095304062004035,0.8943120217025448,True,significant,not_significant,False,|Δ| > σ かつ全 seed 同符号
transfer/t1a_appearance/t1a_appearance@val~relation_detr_seed42,accuracy,paired_delta,injection,phase1/s4_phase_baseline/frozen_tecno_phase_baseline@val~relation_detr_seed42,paired,mean,3,0.05241552726701241,0.003438152609554548,0.004210859775613541,15.245259073535841,12.447701908899408,True,significant,significant,True,|Δ| > σ かつ全 seed 同符号
transfer/t1a_appearance/t1a_appearance@val~relation_detr_seed42,edit_score,paired_delta,injection,phase1/s4_phase_baseline/frozen_tecno_phase_baseline@val~relation_detr_seed42,paired,mean,3,3.013560002762174,10.094592438870144,12.363300318294522,0.2985321122186358,0.24375044892364833,False,not_significant,not_significant,True,|Δ| <= σ
transfer/t1a_appearance/t1a_appearance@val~relation_detr_seed42,jaccard,paired_delta,injection,phase1/s4_phase_baseline/frozen_tecno_phase_baseline@val~relation_detr_seed42,paired,mean,3,0.13969591868569142,0.012259817171130402,0.0150151482045405,11.394616798580767,9.303665657022828,True,significant,significant,True,|Δ| > σ かつ全 seed 同符号
transfer/t1a_appearance/t1a_appearance@val~relation_detr_seed42,macro_f1,paired_delta,injection,phase1/s4_phase_baseline/frozen_tecno_phase_baseline@val~relation_detr_seed42,paired,mean,3,0.11526448420704587,0.014264543665300989,0.017470426696818767,8.080488721656819,6.597691413457844,True,significant,significant,True,|Δ| > σ かつ全 seed 同符号
transfer/t1a_appearance/t1a_appearance@val~relation_detr_seed42,seg_f1_10,paired_delta,injection,phase1/s4_phase_baseline/frozen_tecno_phase_baseline@val~relation_detr_seed42,paired,mean,3,0.07202984892677437,0.08397839529417382,0.10285210894423494,0.8577188058244737,0.700324472353095,True,not_significant,not_significant,True,|Δ| <= σ
transfer/t1a_appearance/t1a_appearance@val~relation_detr_seed42,seg_f1_25,paired_delta,injection,phase1/s4_phase_baseline/frozen_tecno_phase_baseline@val~relation_detr_seed42,paired,mean,3,0.08443813285559514,0.09233061531162645,0.11308144757534423,0.9145193343573713,0.7467019096950934,False,not_significant,not_significant,True,|Δ| <= σ
transfer/t1a_appearance/t1a_appearance@val~relation_detr_seed42,seg_f1_50,paired_delta,injection,phase1/s4_phase_baseline/frozen_tecno_phase_baseline@val~relation_detr_seed42,paired,mean,3,0.1356212732035941,0.08895620761914597,0.10894865905999442,1.5245847010951539,1.2448181957789124,True,significant,significant,True,|Δ| > σ かつ全 seed 同符号
transfer/t1a_b2a_combined/t1a_b2a_combined@val~relation_detr_seed42,accuracy,paired_delta,injection,phase1/s4_phase_baseline/frozen_tecno_phase_baseline@val~relation_detr_seed42,paired,mean,3,0.049775263240609845,0.004290704205501496,0.005255017970346281,11.600721200214297,9.471949196270758,True,significant,significant,True,|Δ| > σ かつ全 seed 同符号
transfer/t1a_b2a_combined/t1a_b2a_combined@val~relation_detr_seed42,edit_score,paired_delta,injection,phase1/s4_phase_baseline/frozen_tecno_phase_baseline@val~relation_detr_seed42,paired,mean,3,-5.1197456450783605,2.872233464829259,3.517753205488929,1.7824963422263815,1.4554021689440184,True,significant,significant,True,|Δ| > σ かつ全 seed 同符号
transfer/t1a_b2a_combined/t1a_b2a_combined@val~relation_detr_seed42,jaccard,paired_delta,injection,phase1/s4_phase_baseline/frozen_tecno_phase_baseline@val~relation_detr_seed42,paired,mean,3,0.1315622534155917,0.007867918112594909,0.009636192356929606,16.72135519623517,13.65292934620408,True,significant,significant,True,|Δ| > σ かつ全 seed 同符号
transfer/t1a_b2a_combined/t1a_b2a_combined@val~relation_detr_seed42,macro_f1,paired_delta,injection,phase1/s4_phase_baseline/frozen_tecno_phase_baseline@val~relation_detr_seed42,paired,mean,3,0.1098818315317528,0.00817692124652729,0.010014642360457217,13.438044493631295,10.972117383404608,True,significant,significant,True,|Δ| > σ かつ全 seed 同符号
transfer/t1a_b2a_combined/t1a_b2a_combined@val~relation_detr_seed42,seg_f1_10,paired_delta,injection,phase1/s4_phase_baseline/frozen_tecno_phase_baseline@val~relation_detr_seed42,paired,mean,3,0.0036690387702985605,0.025680574183155978,0.03145215152521153,0.14287214702173998,0.11665461955305408,False,not_significant,not_significant,True,|Δ| <= σ
transfer/t1a_b2a_combined/t1a_b2a_combined@val~relation_detr_seed42,seg_f1_25,paired_delta,injection,phase1/s4_phase_baseline/frozen_tecno_phase_baseline@val~relation_detr_seed42,paired,mean,3,0.016423576776716686,0.01989843077157332,0.024370501036225,0.8253704508286768,0.6739121511003905,False,not_significant,not_significant,True,|Δ| <= σ
transfer/t1a_b2a_combined/t1a_b2a_combined@val~relation_detr_seed42,seg_f1_50,paired_delta,injection,phase1/s4_phase_baseline/frozen_tecno_phase_baseline@val~relation_detr_seed42,paired,mean,3,0.06198572385527731,0.02394459138521169,0.029326015496605243,2.5887150404061616,2.1136769794878107,True,significant,significant,True,|Δ| > σ かつ全 seed 同符号
transfer/t1a_base_env/t1a_base_env@val~relation_detr_seed42,accuracy,paired_delta,injection,phase1/s4_phase_baseline/frozen_tecno_phase_baseline@val~relation_detr_seed42,paired,mean,3,0.05087537325161088,0.0026628135349343615,0.003261267220382967,19.105871509273726,15.599878762966451,True,significant,significant,True,|Δ| > σ かつ全 seed 同符号
transfer/t1a_base_env/t1a_base_env@val~relation_detr_seed42,edit_score,paired_delta,injection,phase1/s4_phase_baseline/frozen_tecno_phase_baseline@val~relation_detr_seed42,paired,mean,3,-7.072381158946251,3.4608152842738247,4.238615770247991,2.0435592708699657,1.668559157588484,True,significant,significant,True,|Δ| > σ かつ全 seed 同符号
transfer/t1a_base_env/t1a_base_env@val~relation_detr_seed42,jaccard,paired_delta,injection,phase1/s4_phase_baseline/frozen_tecno_phase_baseline@val~relation_detr_seed42,paired,mean,3,0.13078645264733393,0.0028406330435015964,0.0034790507515340607,46.04130510504654,37.59256819972076,True,significant,significant,True,|Δ| > σ かつ全 seed 同符号
transfer/t1a_base_env/t1a_base_env@val~relation_detr_seed42,macro_f1,paired_delta,injection,phase1/s4_phase_baseline/frozen_tecno_phase_baseline@val~relation_detr_seed42,paired,mean,3,0.10969879031843936,0.004178649691666549,0.00511777977921065,26.252210262375158,21.43483992102508,True,significant,significant,True,|Δ| > σ かつ全 seed 同符号
transfer/t1a_base_env/t1a_base_env@val~relation_detr_seed42,seg_f1_10,paired_delta,injection,phase1/s4_phase_baseline/frozen_tecno_phase_baseline@val~relation_detr_seed42,paired,mean,3,-0.007441190004008095,0.03156013432535348,0.038653112655406316,0.23577814743425535,0.1925120512375428,False,not_significant,not_significant,True,|Δ| <= σ
transfer/t1a_base_env/t1a_base_env@val~relation_detr_seed42,seg_f1_25,paired_delta,injection,phase1/s4_phase_baseline/frozen_tecno_phase_baseline@val~relation_detr_seed42,paired,mean,3,-0.0007978601722392805,0.033174336720559104,0.040630098760322426,0.024050523721392845,0.01963717038803843,False,not_significant,not_significant,True,|Δ| <= σ
transfer/t1a_base_env/t1a_base_env@val~relation_detr_seed42,seg_f1_50,paired_delta,injection,phase1/s4_phase_baseline/frozen_tecno_phase_baseline@val~relation_detr_seed42,paired,mean,3,0.04236484683972489,0.03609125549966642,0.04420258007529993,1.173825799440988,0.9584247518483214,False,not_significant,not_significant,True,全 seed 同符号ではない
transfer/t1a_base_test/t1a_base_test@val~relation_detr_seed42,accuracy,paired_delta,injection,phase1/s4_phase_baseline/frozen_tecno_phase_baseline@val~relation_detr_seed42,paired,mean,3,0.05087537325161092,0.003589309138403016,0.0043959879590980576,14.17414084155671,11.573137534719095,True,significant,significant,True,|Δ| > σ かつ全 seed 同符号
transfer/t1a_base_test/t1a_base_test@val~relation_detr_seed42,edit_score,paired_delta,injection,phase1/s4_phase_baseline/frozen_tecno_phase_baseline@val~relation_detr_seed42,paired,mean,3,-4.377103651848032,2.289318209189438,2.803830735688141,1.9119682158112048,1.5611155110523334,True,significant,significant,True,|Δ| > σ かつ全 seed 同符号
transfer/t1a_base_test/t1a_base_test@val~relation_detr_seed42,jaccard,paired_delta,injection,phase1/s4_phase_baseline/frozen_tecno_phase_baseline@val~relation_detr_seed42,paired,mean,3,0.1296361221167834,0.006690375257503501,0.008194002784312595,19.376509855914545,15.820854047666613,True,significant,significant,True,|Δ| > σ かつ全 seed 同符号
transfer/t1a_base_test/t1a_base_test@val~relation_detr_seed42,macro_f1,paired_delta,injection,phase1/s4_phase_baseline/frozen_tecno_phase_baseline@val~relation_detr_seed42,paired,mean,3,0.10857901484830972,0.005081813092882636,0.006223924522878637,21.366196053211937,17.445426024879023,True,significant,significant,True,|Δ| > σ かつ全 seed 同符号
transfer/t1a_base_test/t1a_base_test@val~relation_detr_seed42,seg_f1_10,paired_delta,injection,phase1/s4_phase_baseline/frozen_tecno_phase_baseline@val~relation_detr_seed42,paired,mean,3,0.017544531794167373,0.016995188543575346,0.020814770007076995,1.032323457264597,0.842888573268033,False,not_significant,not_significant,True,全 seed 同符号ではない
transfer/t1a_base_test/t1a_base_test@val~relation_detr_seed42,seg_f1_25,paired_delta,injection,phase1/s4_phase_baseline/frozen_tecno_phase_baseline@val~relation_detr_seed42,paired,mean,3,0.026918196021701795,0.01830123502724403,0.02241434373974923,1.4708404094931395,1.200936165441485,True,significant,significant,True,|Δ| > σ かつ全 seed 同符号
transfer/t1a_base_test/t1a_base_test@val~relation_detr_seed42,seg_f1_50,paired_delta,injection,phase1/s4_phase_baseline/frozen_tecno_phase_baseline@val~relation_detr_seed42,paired,mean,3,0.07248635113963303,0.014758889251821629,0.018075873918604986,4.911368999580124,4.0101159958315975,True,significant,significant,True,|Δ| > σ かつ全 seed 同符号
transfer/t1a_boundary/t1a_boundary@val~relation_detr_seed42,accuracy,paired_delta,injection,transfer/t1a_regiontoken/t1a_regiontoken@val~relation_detr_seed42,paired,mean,3,-0.002420242024202398,0.002765633683163178,0.0033871956696019333,0.8751130125932873,0.7145267827077811,False,not_significant,not_significant,True,|Δ| <= σ
transfer/t1a_boundary/t1a_boundary@val~relation_detr_seed42,edit_score,paired_delta,injection,transfer/t1a_regiontoken/t1a_regiontoken@val~relation_detr_seed42,paired,mean,3,-3.0452572119238823,1.3628266257552233,1.6691149204896143,2.234515494761723,1.8244742615029728,True,significant,significant,True,|Δ| > σ かつ全 seed 同符号
transfer/t1a_boundary/t1a_boundary@val~relation_detr_seed42,jaccard,paired_delta,injection,transfer/t1a_regiontoken/t1a_regiontoken@val~relation_detr_seed42,paired,mean,3,0.0005637536791400777,0.015271929058447146,0.018704216790589322,0.03691437257091347,0.03014045899124308,False,not_significant,not_significant,True,|Δ| <= σ
transfer/t1a_boundary/t1a_boundary@val~relation_detr_seed42,macro_f1,paired_delta,injection,transfer/t1a_regiontoken/t1a_regiontoken@val~relation_detr_seed42,paired,mean,3,0.0005081993032948947,0.01084258027113915,0.0132793945797293,0.04687069780314404,0.03826976450196379,False,not_significant,not_significant,True,|Δ| <= σ
transfer/t1a_boundary/t1a_boundary@val~relation_detr_seed42,seg_f1_10,paired_delta,injection,transfer/t1a_regiontoken/t1a_regiontoken@val~relation_detr_seed42,paired,mean,3,-0.025623621217883474,0.019435238294979864,0.02380320842605,1.3184104475066856,1.076477622648602,False,not_significant,not_significant,True,全 seed 同符号ではない
transfer/t1a_boundary/t1a_boundary@val~relation_detr_seed42,seg_f1_25,paired_delta,injection,transfer/t1a_regiontoken/t1a_regiontoken@val~relation_detr_seed42,paired,mean,3,-0.02967836277262507,0.009619109086324296,0.011780954520831914,3.0853546317319003,2.51918150775862,True,significant,significant,True,|Δ| > σ かつ全 seed 同符号
transfer/t1a_boundary/t1a_boundary@val~relation_detr_seed42,seg_f1_50,paired_delta,injection,transfer/t1a_regiontoken/t1a_regiontoken@val~relation_detr_seed42,paired,mean,3,-0.023155180429770533,0.018898554549113513,0.02314590776074096,1.2252355263253023,1.0004006180757923,False,not_significant,not_significant,True,全 seed 同符号ではない
transfer/t1a_combined_oracle/t1a_combined_oracle@val~relation_detr_seed42,accuracy,paired_delta,injection,phase1/s4_phase_baseline/frozen_tecno_phase_baseline@val~relation_detr_seed42,paired,mean,3,0.05043532924721047,0.004437134003999207,0.005434357115075256,11.366645497240539,9.28082718511443,True,significant,significant,True,|Δ| > σ かつ全 seed 同符号
transfer/t1a_combined_oracle/t1a_combined_oracle@val~relation_detr_seed42,edit_score,paired_delta,injection,phase1/s4_phase_baseline/frozen_tecno_phase_baseline@val~relation_detr_seed42,paired,mean,3,-4.986806565515033,2.85583527107685,3.497669601790581,1.7461814468152628,1.425751181004092,True,significant,significant,True,|Δ| > σ かつ全 seed 同符号
transfer/t1a_combined_oracle/t1a_combined_oracle@val~relation_detr_seed42,jaccard,paired_delta,injection,phase1/s4_phase_baseline/frozen_tecno_phase_baseline@val~relation_detr_seed42,paired,mean,3,0.13402674953741942,0.0066244951185574896,0.008113316422011902,20.231994610723522,16.519354425003936,True,significant,significant,True,|Δ| > σ かつ全 seed 同符号
transfer/t1a_combined_oracle/t1a_combined_oracle@val~relation_detr_seed42,macro_f1,paired_delta,injection,phase1/s4_phase_baseline/frozen_tecno_phase_baseline@val~relation_detr_seed42,paired,mean,3,0.11194815664399442,0.007092234287675672,0.00868617757053836,15.784610618198153,12.88808060103427,True,significant,significant,True,|Δ| > σ かつ全 seed 同符号
transfer/t1a_combined_oracle/t1a_combined_oracle@val~relation_detr_seed42,seg_f1_10,paired_delta,injection,phase1/s4_phase_baseline/frozen_tecno_phase_baseline@val~relation_detr_seed42,paired,mean,3,0.010948590580717232,0.020261264210648416,0.0248148794299016,0.5403705547141102,0.44121071035808973,False,not_significant,not_significant,True,|Δ| <= σ
transfer/t1a_combined_oracle/t1a_combined_oracle@val~relation_detr_seed42,seg_f1_25,paired_delta,injection,phase1/s4_phase_baseline/frozen_tecno_phase_baseline@val~relation_detr_seed42,paired,mean,3,0.020330584159303944,0.009918028756786672,0.012147054854188774,2.0498613845409763,1.6737048118534816,True,significant,significant,True,|Δ| > σ かつ全 seed 同符号
transfer/t1a_combined_oracle/t1a_combined_oracle@val~relation_detr_seed42,seg_f1_50,paired_delta,injection,phase1/s4_phase_baseline/frozen_tecno_phase_baseline@val~relation_detr_seed42,paired,mean,3,0.056672643638546294,0.021144099116837733,0.02589612695354244,2.6803054282608816,2.1884602180170343,True,significant,significant,True,|Δ| > σ かつ全 seed 同符号
transfer/t1a_combined_oracle_noise_p010/t1a_combined_oracle_noise_p010@val~relation_detr_seed42,accuracy,paired_delta,injection,phase1/s4_phase_baseline/frozen_tecno_phase_baseline@val~relation_detr_seed42,paired,mean,3,0.05043532924721047,0.0037807322732396976,0.0046304324617549835,13.340095410668313,10.892142292060328,True,significant,significant,True,|Δ| > σ かつ全 seed 同符号
transfer/t1a_combined_oracle_noise_p010/t1a_combined_oracle_noise_p010@val~relation_detr_seed42,edit_score,paired_delta,injection,phase1/s4_phase_baseline/frozen_tecno_phase_baseline@val~relation_detr_seed42,paired,mean,3,-5.059292057492994,1.8428879798456541,2.257067601865171,2.745306341363581,2.2415332413225686,True,significant,significant,True,|Δ| > σ かつ全 seed 同符号
transfer/t1a_combined_oracle_noise_p010/t1a_combined_oracle_noise_p010@val~relation_detr_seed42,jaccard,paired_delta,injection,phase1/s4_phase_baseline/frozen_tecno_phase_baseline@val~relation_detr_seed42,paired,mean,3,0.13165382013399562,0.008674153153820316,0.010623624588806611,15.177714504154444,12.392551998939258,True,significant,significant,True,|Δ| > σ かつ全 seed 同符号
transfer/t1a_combined_oracle_noise_p010/t1a_combined_oracle_noise_p010@val~relation_detr_seed42,macro_f1,paired_delta,injection,phase1/s4_phase_baseline/frozen_tecno_phase_baseline@val~relation_detr_seed42,paired,mean,3,0.10993264042263055,0.008098447628647344,0.009918532199419211,13.57453248617133,11.083559362651236,True,significant,significant,True,|Δ| > σ かつ全 seed 同符号
transfer/t1a_combined_oracle_noise_p010/t1a_combined_oracle_noise_p010@val~relation_detr_seed42,seg_f1_10,paired_delta,injection,phase1/s4_phase_baseline/frozen_tecno_phase_baseline@val~relation_detr_seed42,paired,mean,3,0.007115582244408225,0.014894955768938746,0.01824252068761229,0.477717581360445,0.39005477182986614,False,not_significant,not_significant,True,|Δ| <= σ
transfer/t1a_combined_oracle_noise_p010/t1a_combined_oracle_noise_p010@val~relation_detr_seed42,seg_f1_25,paired_delta,injection,phase1/s4_phase_baseline/frozen_tecno_phase_baseline@val~relation_detr_seed42,paired,mean,3,0.02309349915462668,0.014014885174005008,0.01716465874000465,1.6477836862667132,1.3454097459452563,True,significant,significant,True,|Δ| > σ かつ全 seed 同符号
transfer/t1a_combined_oracle_noise_p010/t1a_combined_oracle_noise_p010@val~relation_detr_seed42,seg_f1_50,paired_delta,injection,phase1/s4_phase_baseline/frozen_tecno_phase_baseline@val~relation_detr_seed42,paired,mean,3,0.055357936414760334,0.02013263462275361,0.024657341001818222,2.7496618029413598,2.245089460809187,True,significant,significant,True,|Δ| > σ かつ全 seed 同符号
transfer/t1a_combined_oracle_noise_p020/t1a_combined_oracle_noise_p020@val~relation_detr_seed42,accuracy,paired_delta,injection,phase1/s4_phase_baseline/frozen_tecno_phase_baseline@val~relation_detr_seed42,paired,mean,3,0.0497752632406098,0.00390915515470297,0.004787717727196457,12.732997609656628,10.396449013245544,True,significant,significant,True,|Δ| > σ かつ全 seed 同符号
transfer/t1a_combined_oracle_noise_p020/t1a_combined_oracle_noise_p020@val~relation_detr_seed42,edit_score,paired_delta,injection,phase1/s4_phase_baseline/frozen_tecno_phase_baseline@val~relation_detr_seed42,paired,mean,3,-7.035242922894482,0.7900791532248662,0.9676453909055645,8.904478613539833,7.2704763428993315,True,significant,significant,True,|Δ| > σ かつ全 seed 同符号
transfer/t1a_combined_oracle_noise_p020/t1a_combined_oracle_noise_p020@val~relation_detr_seed42,jaccard,paired_delta,injection,phase1/s4_phase_baseline/frozen_tecno_phase_baseline@val~relation_detr_seed42,paired,mean,3,0.1276183584145472,0.012720053441563513,0.015578820216381845,10.032847660651077,8.19178581189034,True,significant,significant,True,|Δ| > σ かつ全 seed 同符号
transfer/t1a_combined_oracle_noise_p020/t1a_combined_oracle_noise_p020@val~relation_detr_seed42,macro_f1,paired_delta,injection,phase1/s4_phase_baseline/frozen_tecno_phase_baseline@val~relation_detr_seed42,paired,mean,3,0.10723637946078964,0.010568428065588033,0.012943628071999875,10.146861841257463,8.28487800053273,True,significant,significant,True,|Δ| > σ かつ全 seed 同符号
transfer/t1a_combined_oracle_noise_p020/t1a_combined_oracle_noise_p020@val~relation_detr_seed42,seg_f1_10,paired_delta,injection,phase1/s4_phase_baseline/frozen_tecno_phase_baseline@val~relation_detr_seed42,paired,mean,3,-0.009508721191148595,0.012957145510350779,0.015869197511676668,0.7338592580867892,0.5991935751100211,False,not_significant,not_significant,True,|Δ| <= σ
transfer/t1a_combined_oracle_noise_p020/t1a_combined_oracle_noise_p020@val~relation_detr_seed42,seg_f1_25,paired_delta,injection,phase1/s4_phase_baseline/frozen_tecno_phase_baseline@val~relation_detr_seed42,paired,mean,3,0.006562566400675818,0.012531661307139974,0.015348087915936101,0.5236788834164201,0.42758201781355626,False,not_significant,not_significant,True,|Δ| <= σ
transfer/t1a_combined_oracle_noise_p020/t1a_combined_oracle_noise_p020@val~relation_detr_seed42,seg_f1_50,paired_delta,injection,phase1/s4_phase_baseline/frozen_tecno_phase_baseline@val~relation_detr_seed42,paired,mean,3,0.03679253244388111,0.009994492787649538,0.012240703783833998,3.681280603788781,3.0057530264290944,True,significant,significant,True,|Δ| > σ かつ全 seed 同符号
transfer/t1a_combined_oracle_noise_p030/t1a_combined_oracle_noise_p030@val~relation_detr_seed42,accuracy,paired_delta,injection,phase1/s4_phase_baseline/frozen_tecno_phase_baseline@val~relation_detr_seed42,paired,mean,3,0.05109539525381113,0.003280037597673252,0.004017209225721904,15.577685844228272,12.719127230578621,True,significant,significant,True,|Δ| > σ かつ全 seed 同符号
transfer/t1a_combined_oracle_noise_p030/t1a_combined_oracle_noise_p030@val~relation_detr_seed42,edit_score,paired_delta,injection,phase1/s4_phase_baseline/frozen_tecno_phase_baseline@val~relation_detr_seed42,paired,mean,3,-5.866683058682443,0.7564502060485562,0.92645851032108,7.755544266856692,6.3323753771221165,True,significant,significant,True,|Δ| > σ かつ全 seed 同符号
transfer/t1a_combined_oracle_noise_p030/t1a_combined_oracle_noise_p030@val~relation_detr_seed42,jaccard,paired_delta,injection,phase1/s4_phase_baseline/frozen_tecno_phase_baseline@val~relation_detr_seed42,paired,mean,3,0.1366724804174012,0.00425521484540127,0.005211552558574559,32.11882017311229,26.224906854778656,True,significant,significant,True,|Δ| > σ かつ全 seed 同符号
transfer/t1a_combined_oracle_noise_p030/t1a_combined_oracle_noise_p030@val~relation_detr_seed42,macro_f1,paired_delta,injection,phase1/s4_phase_baseline/frozen_tecno_phase_baseline@val~relation_detr_seed42,paired,mean,3,0.11361303367630533,0.005637773689535978,0.006904834412325626,20.152109668250333,16.454128642606968,True,significant,significant,True,|Δ| > σ かつ全 seed 同符号
transfer/t1a_combined_oracle_noise_p030/t1a_combined_oracle_noise_p030@val~relation_detr_seed42,seg_f1_10,paired_delta,injection,phase1/s4_phase_baseline/frozen_tecno_phase_baseline@val~relation_detr_seed42,paired,mean,3,-0.0007426452216624154,0.009371251112827397,0.011477391738958077,0.0792471797758018,0.06470505133510701,False,not_significant,not_significant,True,|Δ| <= σ
transfer/t1a_combined_oracle_noise_p030/t1a_combined_oracle_noise_p030@val~relation_detr_seed42,seg_f1_25,paired_delta,injection,phase1/s4_phase_baseline/frozen_tecno_phase_baseline@val~relation_detr_seed42,paired,mean,3,0.01523527168855604,0.007509838995803267,0.009197636795086611,2.028708164991285,1.6564332804155455,True,significant,significant,True,|Δ| > σ かつ全 seed 同符号
transfer/t1a_combined_oracle_noise_p030/t1a_combined_oracle_noise_p030@val~relation_detr_seed42,seg_f1_50,paired_delta,injection,phase1/s4_phase_baseline/frozen_tecno_phase_baseline@val~relation_detr_seed42,paired,mean,3,0.053771106396557744,0.008731240979746929,0.010693542610829125,6.158472377670679,5.028371640105953,True,significant,significant,True,|Δ| > σ かつ全 seed 同符号
transfer/t1a_combined_region_top3_mask/t1a_combined_region_top3_mask@val~relation_detr_seed42,accuracy,paired_delta,injection,phase1/s4_phase_baseline/frozen_tecno_phase_baseline@val~relation_detr_seed42,paired,mean,3,0.024032688983184076,0.003296442184401348,0.004037300659184438,7.290493094920924,5.9526626852801305,True,significant,significant,True,|Δ| > σ かつ全 seed 同符号
transfer/t1a_combined_region_top3_mask/t1a_combined_region_top3_mask@val~relation_detr_seed42,edit_score,paired_delta,injection,phase1/s4_phase_baseline/frozen_tecno_phase_baseline@val~relation_detr_seed42,paired,mean,3,-5.852391529943024,3.9652676726016973,4.856441245713791,1.4759133589847022,1.205078211356565,True,significant,significant,True,|Δ| > σ かつ全 seed 同符号
transfer/t1a_combined_region_top3_mask/t1a_combined_region_top3_mask@val~relation_detr_seed42,jaccard,paired_delta,injection,phase1/s4_phase_baseline/frozen_tecno_phase_baseline@val~relation_detr_seed42,paired,mean,3,0.05546417628337941,0.01996350219298323,0.024450196925870953,2.778278868467976,2.268455196967854,True,significant,significant,True,|Δ| > σ かつ全 seed 同符号
transfer/t1a_combined_region_top3_mask/t1a_combined_region_top3_mask@val~relation_detr_seed42,macro_f1,paired_delta,injection,phase1/s4_phase_baseline/frozen_tecno_phase_baseline@val~relation_detr_seed42,paired,mean,3,0.05898116574017435,0.019065352913867777,0.023350193202530248,3.0936309443961334,2.525939088751655,True,significant,significant,True,|Δ| > σ かつ全 seed 同符号
transfer/t1a_combined_region_top3_mask/t1a_combined_region_top3_mask@val~relation_detr_seed42,seg_f1_10,paired_delta,injection,phase1/s4_phase_baseline/frozen_tecno_phase_baseline@val~relation_detr_seed42,paired,mean,3,-0.04133627920756463,0.027004285178898482,0.033073359778451814,1.5307303612637508,1.2498361062941157,True,significant,significant,True,|Δ| > σ かつ全 seed 同符号
transfer/t1a_combined_region_top3_mask/t1a_combined_region_top3_mask@val~relation_detr_seed42,seg_f1_25,paired_delta,injection,phase1/s4_phase_baseline/frozen_tecno_phase_baseline@val~relation_detr_seed42,paired,mean,3,-0.04826524636575471,0.024082402319917,0.02949479873210725,2.004170751928583,1.636398566545038,True,significant,significant,True,|Δ| > σ かつ全 seed 同符号
transfer/t1a_combined_region_top3_mask/t1a_combined_region_top3_mask@val~relation_detr_seed42,seg_f1_50,paired_delta,injection,phase1/s4_phase_baseline/frozen_tecno_phase_baseline@val~relation_detr_seed42,paired,mean,3,-0.01592322189504238,0.03689830597734685,0.04519101100879317,0.4315434400922958,0.3523537433571484,False,not_significant,not_significant,True,|Δ| <= σ
transfer/t1a_deep_3s10l96f/t1a_deep_3s10l96f@val~relation_detr_seed42,accuracy,paired_delta,injection,phase1/s4_phase_baseline/frozen_tecno_phase_baseline@val~relation_detr_seed42,paired,mean,3,0.050655351249410674,0.004900469422159079,0.006001824792200636,10.336836512101453,8.439991669739717,True,significant,significant,True,|Δ| > σ かつ全 seed 同符号
transfer/t1a_deep_3s10l96f/t1a_deep_3s10l96f@val~relation_detr_seed42,edit_score,paired_delta,injection,phase1/s4_phase_baseline/frozen_tecno_phase_baseline@val~relation_detr_seed42,paired,mean,3,-6.193707144571774,3.716291600907932,4.551509078807627,1.6666364778960245,1.3608029858515318,True,significant,significant,True,|Δ| > σ かつ全 seed 同符号
transfer/t1a_deep_3s10l96f/t1a_deep_3s10l96f@val~relation_detr_seed42,jaccard,paired_delta,injection,phase1/s4_phase_baseline/frozen_tecno_phase_baseline@val~relation_detr_seed42,paired,mean,3,0.14303714431421524,0.01215553572346793,0.014887430036334595,11.767243136644517,9.6079137880155,True,significant,significant,True,|Δ| > σ かつ全 seed 同符号
transfer/t1a_deep_3s10l96f/t1a_deep_3s10l96f@val~relation_detr_seed42,macro_f1,paired_delta,injection,phase1/s4_phase_baseline/frozen_tecno_phase_baseline@val~relation_detr_seed42,paired,mean,3,0.11845500795544661,0.010646871738618877,0.01303970155823752,11.125803979189545,9.084180909080354,True,significant,significant,True,|Δ| > σ かつ全 seed 同符号
transfer/t1a_deep_3s10l96f/t1a_deep_3s10l96f@val~relation_detr_seed42,seg_f1_10,paired_delta,injection,phase1/s4_phase_baseline/frozen_tecno_phase_baseline@val~relation_detr_seed42,paired,mean,3,-0.007094463031262692,0.041772269704693755,0.05116037308720992,0.1698366663199419,0.13867105736639565,False,not_significant,not_significant,True,|Δ| <= σ
transfer/t1a_deep_3s10l96f/t1a_deep_3s10l96f@val~relation_detr_seed42,seg_f1_25,paired_delta,injection,phase1/s4_phase_baseline/frozen_tecno_phase_baseline@val~relation_detr_seed42,paired,mean,3,-0.0009323728767617149,0.039618171465442074,0.04852215231621277,0.02353397045532503,0.019215406412427007,False,not_significant,not_significant,True,|Δ| <= σ
transfer/t1a_deep_3s10l96f/t1a_deep_3s10l96f@val~relation_detr_seed42,seg_f1_50,paired_delta,injection,phase1/s4_phase_baseline/frozen_tecno_phase_baseline@val~relation_detr_seed42,paired,mean,3,0.04771439389821256,0.05771453777591267,0.07068558414578517,0.8267309370729519,0.6750229834672402,False,not_significant,not_significant,True,|Δ| <= σ
transfer/t1a_probe_aug/t1a_probe_aug@val~relation_detr_augstrong_seed42,accuracy,paired_delta,injection,phase1/s4_phase_baseline/frozen_tecno_phase_baseline@val~relation_detr_augstrong_seed42,unpaired,,,0.03960396039603964,0.0020099771046437633,,19.70368732287566,,,undecidable,undecidable,True,unpaired のため同符号条件を判定できない
transfer/t1a_probe_aug/t1a_probe_aug@val~relation_detr_augstrong_seed42,edit_score,paired_delta,injection,phase1/s4_phase_baseline/frozen_tecno_phase_baseline@val~relation_detr_augstrong_seed42,unpaired,,,2.1167956956476317,3.8742051804715185,,0.5463819279158577,,,undecidable,undecidable,True,unpaired のため同符号条件を判定できない
transfer/t1a_probe_aug/t1a_probe_aug@val~relation_detr_augstrong_seed42,jaccard,paired_delta,injection,phase1/s4_phase_baseline/frozen_tecno_phase_baseline@val~relation_detr_augstrong_seed42,unpaired,,,0.08845702164279035,0.011123913623643794,,7.9519694808467065,,,undecidable,undecidable,True,unpaired のため同符号条件を判定できない
transfer/t1a_probe_aug/t1a_probe_aug@val~relation_detr_augstrong_seed42,macro_f1,paired_delta,injection,phase1/s4_phase_baseline/frozen_tecno_phase_baseline@val~relation_detr_augstrong_seed42,unpaired,,,0.07015899083600685,0.01171021490884695,,5.99126415545136,,,undecidable,undecidable,True,unpaired のため同符号条件を判定できない
transfer/t1a_probe_aug/t1a_probe_aug@val~relation_detr_augstrong_seed42,seg_f1_10,paired_delta,injection,phase1/s4_phase_baseline/frozen_tecno_phase_baseline@val~relation_detr_augstrong_seed42,unpaired,,,0.047039984331078255,0.04825120406609238,,0.9748976267337277,,,undecidable,undecidable,True,unpaired のため同符号条件を判定できない
transfer/t1a_probe_aug/t1a_probe_aug@val~relation_detr_augstrong_seed42,seg_f1_25,paired_delta,injection,phase1/s4_phase_baseline/frozen_tecno_phase_baseline@val~relation_detr_augstrong_seed42,unpaired,,,0.039887517883704315,0.055373265546953016,,0.720338912464576,,,undecidable,undecidable,True,unpaired のため同符号条件を判定できない
transfer/t1a_probe_aug/t1a_probe_aug@val~relation_detr_augstrong_seed42,seg_f1_50,paired_delta,injection,phase1/s4_phase_baseline/frozen_tecno_phase_baseline@val~relation_detr_augstrong_seed42,unpaired,,,0.06340340556772561,0.051668909032626206,,1.2271094310833945,,,undecidable,undecidable,True,unpaired のため同符号条件を判定できない
transfer/t1a_probe_frozen/t1a_probe_frozen@val~relation_detr_seed42,accuracy,paired_delta,injection,phase1/s4_phase_baseline/frozen_tecno_phase_baseline@val~relation_detr_seed42,unpaired,,,0.050553290623179925,0.005917073407586465,,8.543630802072519,,,undecidable,undecidable,True,unpaired のため同符号条件を判定できない
transfer/t1a_probe_frozen/t1a_probe_frozen@val~relation_detr_seed42,edit_score,paired_delta,injection,phase1/s4_phase_baseline/frozen_tecno_phase_baseline@val~relation_detr_seed42,unpaired,,,-2.290350325438048,2.5431040954436486,,0.9006121021713399,,,undecidable,undecidable,True,unpaired のため同符号条件を判定できない
transfer/t1a_probe_frozen/t1a_probe_frozen@val~relation_detr_seed42,jaccard,paired_delta,injection,phase1/s4_phase_baseline/frozen_tecno_phase_baseline@val~relation_detr_seed42,unpaired,,,0.13032257801614067,0.021544225014892025,,6.049072451019135,,,undecidable,undecidable,True,unpaired のため同符号条件を判定できない
transfer/t1a_probe_frozen/t1a_probe_frozen@val~relation_detr_seed42,macro_f1,paired_delta,injection,phase1/s4_phase_baseline/frozen_tecno_phase_baseline@val~relation_detr_seed42,unpaired,,,0.1089274376458379,0.0231088139573953,,4.713674957384771,,,undecidable,undecidable,True,unpaired のため同符号条件を判定できない
transfer/t1a_probe_frozen/t1a_probe_frozen@val~relation_detr_seed42,seg_f1_10,paired_delta,injection,phase1/s4_phase_baseline/frozen_tecno_phase_baseline@val~relation_detr_seed42,unpaired,,,0.03517693067908434,0.03708702434647582,,0.9484969824069213,,,undecidable,undecidable,True,unpaired のため同符号条件を判定できない
transfer/t1a_probe_frozen/t1a_probe_frozen@val~relation_detr_seed42,seg_f1_25,paired_delta,injection,phase1/s4_phase_baseline/frozen_tecno_phase_baseline@val~relation_detr_seed42,unpaired,,,0.04430968302425414,0.033274546541537484,,1.331638974221368,,,undecidable,undecidable,True,unpaired のため同符号条件を判定できない
transfer/t1a_probe_frozen/t1a_probe_frozen@val~relation_detr_seed42,seg_f1_50,paired_delta,injection,phase1/s4_phase_baseline/frozen_tecno_phase_baseline@val~relation_detr_seed42,unpaired,,,0.08968383378293832,0.037342040212962335,,2.4016854267059267,,,undecidable,undecidable,True,unpaired のため同符号条件を判定できない
transfer/t1a_region_mask_00/t1a_region_mask_00@val~relation_detr_seed42,accuracy,paired_delta,injection,phase1/s4_phase_baseline/frozen_tecno_phase_baseline@val~relation_detr_seed42,paired,mean,3,0.04251453716800254,0.002742647198170436,0.003359043089995753,15.501278179841401,12.656740633850069,True,significant,significant,True,|Δ| > σ かつ全 seed 同符号
transfer/t1a_region_mask_00/t1a_region_mask_00@val~relation_detr_seed42,edit_score,paired_delta,injection,phase1/s4_phase_baseline/frozen_tecno_phase_baseline@val~relation_detr_seed42,paired,mean,3,-3.4800274157152864,3.4562493409974224,4.233023654637153,1.0068797335990238,0.8221138598890225,False,not_significant,not_significant,True,全 seed 同符号ではない
transfer/t1a_region_mask_00/t1a_region_mask_00@val~relation_detr_seed42,jaccard,paired_delta,injection,phase1/s4_phase_baseline/frozen_tecno_phase_baseline@val~relation_detr_seed42,paired,mean,3,0.0973540254363362,0.006567734515840708,0.008043799164937429,14.823075628518202,12.102990569518216,True,significant,significant,True,|Δ| > σ かつ全 seed 同符号
transfer/t1a_region_mask_00/t1a_region_mask_00@val~relation_detr_seed42,macro_f1,paired_delta,injection,phase1/s4_phase_baseline/frozen_tecno_phase_baseline@val~relation_detr_seed42,paired,mean,3,0.08353345465572248,0.010255870303840354,0.012560824556285773,8.144940622390966,6.6503161700415685,True,significant,significant,True,|Δ| > σ かつ全 seed 同符号
transfer/t1a_region_mask_00/t1a_region_mask_00@val~relation_detr_seed42,seg_f1_10,paired_delta,injection,phase1/s4_phase_baseline/frozen_tecno_phase_baseline@val~relation_detr_seed42,paired,mean,3,-0.0012693883835016573,0.0325956387598547,0.039921341400864944,0.038943503848896985,0.03179723774197012,False,not_significant,not_significant,True,|Δ| <= σ
transfer/t1a_region_mask_00/t1a_region_mask_00@val~relation_detr_seed42,seg_f1_25,paired_delta,injection,phase1/s4_phase_baseline/frozen_tecno_phase_baseline@val~relation_detr_seed42,paired,mean,3,0.007540069745354779,0.02265667992565388,0.027748652541705356,0.3327967632546749,0.27172741934125594,False,not_significant,not_significant,True,|Δ| <= σ
transfer/t1a_region_mask_00/t1a_region_mask_00@val~relation_detr_seed42,seg_f1_50,paired_delta,injection,phase1/s4_phase_baseline/frozen_tecno_phase_baseline@val~relation_detr_seed42,paired,mean,3,0.04898390375604269,0.04033692159176579,0.0494024378472398,1.214368916195183,0.9915280680582751,False,not_significant,not_significant,True,全 seed 同符号ではない
transfer/t1a_region_mask_01/t1a_region_mask_01@val~relation_detr_seed42,accuracy,paired_delta,injection,phase1/s4_phase_baseline/frozen_tecno_phase_baseline@val~relation_detr_seed42,paired,mean,3,0.050655351249410674,0.0029711600291948926,0.0036389130078401284,17.049014779300514,13.920462275485141,True,significant,significant,True,|Δ| > σ かつ全 seed 同符号
transfer/t1a_region_mask_01/t1a_region_mask_01@val~relation_detr_seed42,edit_score,paired_delta,injection,phase1/s4_phase_baseline/frozen_tecno_phase_baseline@val~relation_detr_seed42,paired,mean,3,-7.372448270588003,1.9473175495670298,2.3849671818030562,3.7859507157562495,3.0912158149758553,True,significant,significant,True,|Δ| > σ かつ全 seed 同符号
transfer/t1a_region_mask_01/t1a_region_mask_01@val~relation_detr_seed42,jaccard,paired_delta,injection,phase1/s4_phase_baseline/frozen_tecno_phase_baseline@val~relation_detr_seed42,paired,mean,3,0.13437813444268157,0.005963532357647781,0.0073038056704069106,22.53331186680856,18.398372096227344,True,significant,significant,True,|Δ| > σ かつ全 seed 同符号
transfer/t1a_region_mask_01/t1a_region_mask_01@val~relation_detr_seed42,macro_f1,paired_delta,injection,phase1/s4_phase_baseline/frozen_tecno_phase_baseline@val~relation_detr_seed42,paired,mean,3,0.11292496845270521,0.007574699266677046,0.009277074079196342,14.908178460561432,12.17247674090878,True,significant,significant,True,|Δ| > σ かつ全 seed 同符号
transfer/t1a_region_mask_01/t1a_region_mask_01@val~relation_detr_seed42,seg_f1_10,paired_delta,injection,phase1/s4_phase_baseline/frozen_tecno_phase_baseline@val~relation_detr_seed42,paired,mean,3,-0.025033790491380287,0.012993901515843198,0.015914214240896354,1.9265799776038859,1.5730459645973875,True,significant,significant,True,|Δ| > σ かつ全 seed 同符号
transfer/t1a_region_mask_01/t1a_region_mask_01@val~relation_detr_seed42,seg_f1_25,paired_delta,injection,phase1/s4_phase_baseline/frozen_tecno_phase_baseline@val~relation_detr_seed42,paired,mean,3,-0.01915468733294362,0.018430941121393755,0.022573200613347347,1.0392680008461301,0.8485587693584583,False,not_significant,not_significant,True,全 seed 同符号ではない
transfer/t1a_region_mask_01/t1a_region_mask_01@val~relation_detr_seed42,seg_f1_50,paired_delta,injection,phase1/s4_phase_baseline/frozen_tecno_phase_baseline@val~relation_detr_seed42,paired,mean,3,0.01486505410119924,0.021911183925353437,0.02683561013869445,0.6784231355019973,0.5539301705596482,False,not_significant,not_significant,True,|Δ| <= σ
transfer/t1a_region_mask_02/t1a_region_mask_02@val~relation_detr_seed42,accuracy,paired_delta,injection,phase1/s4_phase_baseline/frozen_tecno_phase_baseline@val~relation_detr_seed42,paired,mean,3,0.052635549269212656,0.004368651033434389,0.005350482948098334,12.048467333824448,9.837532383487055,True,significant,significant,True,|Δ| > σ かつ全 seed 同符号
transfer/t1a_region_mask_02/t1a_region_mask_02@val~relation_detr_seed42,edit_score,paired_delta,injection,phase1/s4_phase_baseline/frozen_tecno_phase_baseline@val~relation_detr_seed42,paired,mean,3,-4.360566552565935,2.4584041427155805,3.0109178655987434,1.7737386936507538,1.4482515788250516,True,significant,significant,True,|Δ| > σ かつ全 seed 同符号
transfer/t1a_region_mask_02/t1a_region_mask_02@val~relation_detr_seed42,jaccard,paired_delta,injection,phase1/s4_phase_baseline/frozen_tecno_phase_baseline@val~relation_detr_seed42,paired,mean,3,0.1406775113534545,0.013387519040357468,0.016396295285335056,10.508109152216614,8.579835194800213,True,significant,significant,True,|Δ| > σ かつ全 seed 同符号
transfer/t1a_region_mask_02/t1a_region_mask_02@val~relation_detr_seed42,macro_f1,paired_delta,injection,phase1/s4_phase_baseline/frozen_tecno_phase_baseline@val~relation_detr_seed42,paired,mean,3,0.11650316266370202,0.008818777530499405,0.010800752552422528,13.210806402676594,10.786578259083552,True,significant,significant,True,|Δ| > σ かつ全 seed 同符号
transfer/t1a_region_mask_02/t1a_region_mask_02@val~relation_detr_seed42,seg_f1_10,paired_delta,injection,phase1/s4_phase_baseline/frozen_tecno_phase_baseline@val~relation_detr_seed42,paired,mean,3,0.012264300043347423,0.022575735149127703,0.027649515841788985,0.5432514140661905,0.44356292216919685,False,not_significant,not_significant,True,|Δ| <= σ
transfer/t1a_region_mask_02/t1a_region_mask_02@val~relation_detr_seed42,seg_f1_25,paired_delta,injection,phase1/s4_phase_baseline/frozen_tecno_phase_baseline@val~relation_detr_seed42,paired,mean,3,0.02136391007525897,0.02153189548677082,0.026371078568762266,0.992198298955377,0.8101265186993711,False,not_significant,not_significant,True,|Δ| <= σ
transfer/t1a_region_mask_02/t1a_region_mask_02@val~relation_detr_seed42,seg_f1_50,paired_delta,injection,phase1/s4_phase_baseline/frozen_tecno_phase_baseline@val~relation_detr_seed42,paired,mean,3,0.06980707689173131,0.031244186738252182,0.03826615746847546,2.2342420840247597,1.8242510225710533,True,significant,significant,True,|Δ| > σ かつ全 seed 同符号
transfer/t1a_region_mask_03/t1a_region_mask_03@val~relation_detr_seed42,accuracy,paired_delta,injection,phase1/s4_phase_baseline/frozen_tecno_phase_baseline@val~relation_detr_seed42,paired,mean,3,0.05197548326261203,0.003286777589423252,0.004025463996050937,15.813507865535996,12.911675104683844,True,significant,significant,True,|Δ| > σ かつ全 seed 同符号
transfer/t1a_region_mask_03/t1a_region_mask_03@val~relation_detr_seed42,edit_score,paired_delta,injection,phase1/s4_phase_baseline/frozen_tecno_phase_baseline@val~relation_detr_seed42,paired,mean,3,-5.234047069767061,2.579733009089217,3.1595147724416104,2.028910376122589,1.6565983851128803,True,significant,significant,True,|Δ| > σ かつ全 seed 同符号
transfer/t1a_region_mask_03/t1a_region_mask_03@val~relation_detr_seed42,jaccard,paired_delta,injection,phase1/s4_phase_baseline/frozen_tecno_phase_baseline@val~relation_detr_seed42,paired,mean,3,0.1370554412304991,0.006065838993873993,0.007429105198434289,22.5946388238979,18.448445347009493,True,significant,significant,True,|Δ| > σ かつ全 seed 同符号
transfer/t1a_region_mask_03/t1a_region_mask_03@val~relation_detr_seed42,macro_f1,paired_delta,injection,phase1/s4_phase_baseline/frozen_tecno_phase_baseline@val~relation_detr_seed42,paired,mean,3,0.11399582543205063,0.00860778321107558,0.010542338341815439,13.243342988165981,10.8131442698907,True,significant,significant,True,|Δ| > σ かつ全 seed 同符号
transfer/t1a_region_mask_03/t1a_region_mask_03@val~relation_detr_seed42,seg_f1_10,paired_delta,injection,phase1/s4_phase_baseline/frozen_tecno_phase_baseline@val~relation_detr_seed42,paired,mean,3,0.010105674355309976,0.0298755753016864,0.036589957630613644,0.3382587365519129,0.2761871018635693,False,not_significant,not_significant,True,|Δ| <= σ
transfer/t1a_region_mask_03/t1a_region_mask_03@val~relation_detr_seed42,seg_f1_25,paired_delta,injection,phase1/s4_phase_baseline/frozen_tecno_phase_baseline@val~relation_detr_seed42,paired,mean,3,0.01639291882975789,0.026472005261083408,0.03242145267896307,0.6192548946738531,0.5056195042239601,False,not_significant,not_significant,True,|Δ| <= σ
transfer/t1a_region_mask_03/t1a_region_mask_03@val~relation_detr_seed42,seg_f1_50,paired_delta,injection,phase1/s4_phase_baseline/frozen_tecno_phase_baseline@val~relation_detr_seed42,paired,mean,3,0.05826168691496877,0.025898755096873484,0.03171936748032258,2.2495941097185077,1.8367858990603132,True,significant,significant,True,|Δ| > σ かつ全 seed 同符号
transfer/t1a_region_mask_04/t1a_region_mask_04@val~relation_detr_seed42,accuracy,paired_delta,injection,phase1/s4_phase_baseline/frozen_tecno_phase_baseline@val~relation_detr_seed42,paired,mean,3,0.050215307245010256,0.0033215218087186893,0.00406801680044353,15.118162738898686,12.34392818621972,True,significant,significant,True,|Δ| > σ かつ全 seed 同符号
transfer/t1a_region_mask_04/t1a_region_mask_04@val~relation_detr_seed42,edit_score,paired_delta,injection,phase1/s4_phase_baseline/frozen_tecno_phase_baseline@val~relation_detr_seed42,paired,mean,3,-4.445311593014185,1.744665045855636,2.1367695672078617,2.5479455804848032,2.080388854855752,True,significant,significant,True,|Δ| > σ かつ全 seed 同符号
transfer/t1a_region_mask_04/t1a_region_mask_04@val~relation_detr_seed42,jaccard,paired_delta,injection,phase1/s4_phase_baseline/frozen_tecno_phase_baseline@val~relation_detr_seed42,paired,mean,3,0.13369419195254148,0.015083815539161301,0.018473825722604562,8.863419975233615,7.2369521051047565,True,significant,significant,True,|Δ| > σ かつ全 seed 同符号
transfer/t1a_region_mask_04/t1a_region_mask_04@val~relation_detr_seed42,macro_f1,paired_delta,injection,phase1/s4_phase_baseline/frozen_tecno_phase_baseline@val~relation_detr_seed42,paired,mean,3,0.11192282168165672,0.014710495393516269,0.018016603788838646,7.608365230921272,6.212204197496607,True,significant,significant,True,|Δ| > σ かつ全 seed 同符号
transfer/t1a_region_mask_04/t1a_region_mask_04@val~relation_detr_seed42,seg_f1_10,paired_delta,injection,phase1/s4_phase_baseline/frozen_tecno_phase_baseline@val~relation_detr_seed42,paired,mean,3,0.010292461672021394,0.01365203450486736,0.01672025924389731,0.7539141267443927,0.615568306799909,False,not_significant,not_significant,True,|Δ| <= σ
transfer/t1a_region_mask_04/t1a_region_mask_04@val~relation_detr_seed42,seg_f1_25,paired_delta,injection,phase1/s4_phase_baseline/frozen_tecno_phase_baseline@val~relation_detr_seed42,paired,mean,3,0.016246371933353747,0.010867681132276362,0.013310136730674613,1.4949253419943465,1.2206014304805954,True,significant,significant,True,|Δ| > σ かつ全 seed 同符号
transfer/t1a_region_mask_04/t1a_region_mask_04@val~relation_detr_seed42,seg_f1_50,paired_delta,injection,phase1/s4_phase_baseline/frozen_tecno_phase_baseline@val~relation_detr_seed42,paired,mean,3,0.0653221417529295,0.0176025489386195,0.021558631535993692,3.710947884917652,3.0299762600362397,True,significant,significant,True,|Δ| > σ かつ全 seed 同符号
transfer/t1a_region_mask_05/t1a_region_mask_05@val~relation_detr_seed42,accuracy,paired_delta,injection,phase1/s4_phase_baseline/frozen_tecno_phase_baseline@val~relation_detr_seed42,paired,mean,3,0.051975483262612,0.002048672766633141,0.0025091014640935575,25.370319803699193,20.714779376763367,True,significant,significant,True,|Δ| > σ かつ全 seed 同符号
transfer/t1a_region_mask_05/t1a_region_mask_05@val~relation_detr_seed42,edit_score,paired_delta,injection,phase1/s4_phase_baseline/frozen_tecno_phase_baseline@val~relation_detr_seed42,paired,mean,3,-4.701126456490992,5.355639642642577,6.559292185347979,0.8777899130964242,0.7167124628160761,True,not_significant,not_significant,True,|Δ| <= σ
transfer/t1a_region_mask_05/t1a_region_mask_05@val~relation_detr_seed42,jaccard,paired_delta,injection,phase1/s4_phase_baseline/frozen_tecno_phase_baseline@val~relation_detr_seed42,paired,mean,3,0.13195988082105845,0.0013069484147330247,0.0016006783681176396,100.96793364871588,82.43997260751402,True,significant,significant,True,|Δ| > σ かつ全 seed 同符号
transfer/t1a_region_mask_05/t1a_region_mask_05@val~relation_detr_seed42,macro_f1,paired_delta,injection,phase1/s4_phase_baseline/frozen_tecno_phase_baseline@val~relation_detr_seed42,paired,mean,3,0.10977175730941924,0.0047212866046005535,0.005782371555354337,23.250390519070496,18.983864364055478,True,significant,significant,True,|Δ| > σ かつ全 seed 同符号
transfer/t1a_region_mask_05/t1a_region_mask_05@val~relation_detr_seed42,seg_f1_10,paired_delta,injection,phase1/s4_phase_baseline/frozen_tecno_phase_baseline@val~relation_detr_seed42,paired,mean,3,0.014258348115826824,0.052276129116228996,0.06402492103130598,0.2727506484675881,0.22269997191960583,False,not_significant,not_significant,True,|Δ| <= σ
transfer/t1a_region_mask_05/t1a_region_mask_05@val~relation_detr_seed42,seg_f1_25,paired_delta,injection,phase1/s4_phase_baseline/frozen_tecno_phase_baseline@val~relation_detr_seed42,paired,mean,3,0.02350225829203854,0.04234708162022711,0.05186437103277418,0.5549912152815903,0.45314842972234204,False,not_significant,not_significant,True,|Δ| <= σ
transfer/t1a_region_mask_05/t1a_region_mask_05@val~relation_detr_seed42,seg_f1_50,paired_delta,injection,phase1/s4_phase_baseline/frozen_tecno_phase_baseline@val~relation_detr_seed42,paired,mean,3,0.0724584922882447,0.04784578912176383,0.05859888484456373,1.5144173315616858,1.2365165733178067,True,significant,significant,True,|Δ| > σ かつ全 seed 同符号
transfer/t1a_region_mask_06/t1a_region_mask_06@val~relation_detr_seed42,accuracy,paired_delta,injection,phase1/s4_phase_baseline/frozen_tecno_phase_baseline@val~relation_detr_seed42,paired,mean,3,0.04647493320760646,0.0024988193338643114,0.0030604161636844625,18.59875685199501,15.18582137916004,True,significant,significant,True,|Δ| > σ かつ全 seed 同符号
transfer/t1a_region_mask_06/t1a_region_mask_06@val~relation_detr_seed42,edit_score,paired_delta,injection,phase1/s4_phase_baseline/frozen_tecno_phase_baseline@val~relation_detr_seed42,paired,mean,3,3.6936746412101464,6.298928142841254,7.7145799382089715,0.5863973294262796,0.4787914145417068,False,not_significant,not_significant,True,|Δ| <= σ
transfer/t1a_region_mask_06/t1a_region_mask_06@val~relation_detr_seed42,jaccard,paired_delta,injection,phase1/s4_phase_baseline/frozen_tecno_phase_baseline@val~relation_detr_seed42,paired,mean,3,0.1336341837053535,0.0016773909645619001,0.0020543759811657777,79.66788097028767,65.04855242199694,True,significant,significant,True,|Δ| > σ かつ全 seed 同符号
transfer/t1a_region_mask_06/t1a_region_mask_06@val~relation_detr_seed42,macro_f1,paired_delta,injection,phase1/s4_phase_baseline/frozen_tecno_phase_baseline@val~relation_detr_seed42,paired,mean,3,0.11184778955266188,0.005173884253273421,0.006336688204370323,21.617760289457163,17.650827363656944,True,significant,significant,True,|Δ| > σ かつ全 seed 同符号
transfer/t1a_region_mask_06/t1a_region_mask_06@val~relation_detr_seed42,seg_f1_10,paired_delta,injection,phase1/s4_phase_baseline/frozen_tecno_phase_baseline@val~relation_detr_seed42,paired,mean,3,0.07970782703216678,0.04546797459960966,0.05568666870343497,1.753054270265451,1.4313628178524906,True,significant,significant,True,|Δ| > σ かつ全 seed 同符号
transfer/t1a_region_mask_06/t1a_region_mask_06@val~relation_detr_seed42,seg_f1_25,paired_delta,injection,phase1/s4_phase_baseline/frozen_tecno_phase_baseline@val~relation_detr_seed42,paired,mean,3,0.08809534548606057,0.04320847525597703,0.05291935847040824,2.0388441148215324,1.6647092487963975,True,significant,significant,True,|Δ| > σ かつ全 seed 同符号
transfer/t1a_region_mask_06/t1a_region_mask_06@val~relation_detr_seed42,seg_f1_50,paired_delta,injection,phase1/s4_phase_baseline/frozen_tecno_phase_baseline@val~relation_detr_seed42,paired,mean,3,0.13563549858451485,0.046197986725733976,0.05658074731095939,2.935961244150081,2.397202317584854,True,significant,significant,True,|Δ| > σ かつ全 seed 同符号
transfer/t1a_region_mask_07/t1a_region_mask_07@val~relation_detr_seed42,accuracy,paired_delta,injection,phase1/s4_phase_baseline/frozen_tecno_phase_baseline@val~relation_detr_seed42,paired,mean,3,0.0497752632406098,0.003780732273239664,0.004630432461754943,13.165508595497025,10.74959275439791,True,significant,significant,True,|Δ| > σ かつ全 seed 同符号
transfer/t1a_region_mask_07/t1a_region_mask_07@val~relation_detr_seed42,edit_score,paired_delta,injection,phase1/s4_phase_baseline/frozen_tecno_phase_baseline@val~relation_detr_seed42,paired,mean,3,-5.4912853948137235,3.416817592893509,4.1847298233768795,1.6071344886056576,1.3122198150375488,True,significant,significant,True,|Δ| > σ かつ全 seed 同符号
transfer/t1a_region_mask_07/t1a_region_mask_07@val~relation_detr_seed42,jaccard,paired_delta,injection,phase1/s4_phase_baseline/frozen_tecno_phase_baseline@val~relation_detr_seed42,paired,mean,3,0.13851096862589252,0.007843201897239846,0.009605921298933283,17.6600029478569,14.419332026098722,True,significant,significant,True,|Δ| > σ かつ全 seed 同符号
transfer/t1a_region_mask_07/t1a_region_mask_07@val~relation_detr_seed42,macro_f1,paired_delta,injection,phase1/s4_phase_baseline/frozen_tecno_phase_baseline@val~relation_detr_seed42,paired,mean,3,0.11484285163844328,0.007691267085834892,0.009419839917879216,14.931590641280794,12.1915927064182,True,significant,significant,True,|Δ| > σ かつ全 seed 同符号
transfer/t1a_region_mask_07/t1a_region_mask_07@val~relation_detr_seed42,seg_f1_10,paired_delta,injection,phase1/s4_phase_baseline/frozen_tecno_phase_baseline@val~relation_detr_seed42,paired,mean,3,0.0020310329473351616,0.03547180695250412,0.04344391364407193,0.057257668041965415,0.046750690188159486,False,not_significant,not_significant,True,|Δ| <= σ
transfer/t1a_region_mask_07/t1a_region_mask_07@val~relation_detr_seed42,seg_f1_25,paired_delta,injection,phase1/s4_phase_baseline/frozen_tecno_phase_baseline@val~relation_detr_seed42,paired,mean,3,0.008843061279900366,0.03072121673422235,0.03762565263814829,0.28784866681564436,0.23502745227957778,False,not_significant,not_significant,True,|Δ| <= σ
transfer/t1a_region_mask_07/t1a_region_mask_07@val~relation_detr_seed42,seg_f1_50,paired_delta,injection,phase1/s4_phase_baseline/frozen_tecno_phase_baseline@val~relation_detr_seed42,paired,mean,3,0.0427463380662866,0.02520695456393776,0.030872088325583583,1.6958152543917977,1.3846273570959848,True,significant,significant,True,|Δ| > σ かつ全 seed 同符号
transfer/t1a_region_mask_08/t1a_region_mask_08@val~relation_detr_seed42,accuracy,paired_delta,injection,phase1/s4_phase_baseline/frozen_tecno_phase_baseline@val~relation_detr_seed42,paired,mean,3,0.051975483262612,0.0027491953606977636,0.003367062918468136,18.905707468319125,15.43644550790234,True,significant,significant,True,|Δ| > σ かつ全 seed 同符号
transfer/t1a_region_mask_08/t1a_region_mask_08@val~relation_detr_seed42,edit_score,paired_delta,injection,phase1/s4_phase_baseline/frozen_tecno_phase_baseline@val~relation_detr_seed42,paired,mean,3,-5.2991581104878565,3.7611633165670866,4.606465482431719,1.4089146533856283,1.1503739973083378,True,significant,significant,True,|Δ| > σ かつ全 seed 同符号
transfer/t1a_region_mask_08/t1a_region_mask_08@val~relation_detr_seed42,jaccard,paired_delta,injection,phase1/s4_phase_baseline/frozen_tecno_phase_baseline@val~relation_detr_seed42,paired,mean,3,0.13926642118819801,0.00479754602249798,0.005875769886319518,29.028678523376616,23.701816763187118,True,significant,significant,True,|Δ| > σ かつ全 seed 同符号
transfer/t1a_region_mask_08/t1a_region_mask_08@val~relation_detr_seed42,macro_f1,paired_delta,injection,phase1/s4_phase_baseline/frozen_tecno_phase_baseline@val~relation_detr_seed42,paired,mean,3,0.11519978101148887,0.007134090826344939,0.008737441151607747,16.147787267590765,13.184613093536125,True,significant,significant,True,|Δ| > σ かつ全 seed 同符号
transfer/t1a_region_mask_08/t1a_region_mask_08@val~relation_detr_seed42,seg_f1_10,paired_delta,injection,phase1/s4_phase_baseline/frozen_tecno_phase_baseline@val~relation_detr_seed42,paired,mean,3,0.0100396909559932,0.032243889092587553,0.039490537799865805,0.31136724627616935,0.2542302919973735,False,not_significant,not_significant,True,|Δ| <= σ
transfer/t1a_region_mask_08/t1a_region_mask_08@val~relation_detr_seed42,seg_f1_25,paired_delta,injection,phase1/s4_phase_baseline/frozen_tecno_phase_baseline@val~relation_detr_seed42,paired,mean,3,0.02619916196933436,0.029769894246772562,0.03646052530060467,0.8800555941569959,0.7185623836555056,False,not_significant,not_significant,True,|Δ| <= σ
transfer/t1a_region_mask_08/t1a_region_mask_08@val~relation_detr_seed42,seg_f1_50,paired_delta,injection,phase1/s4_phase_baseline/frozen_tecno_phase_baseline@val~relation_detr_seed42,paired,mean,3,0.0650407103606589,0.03301980309553074,0.04044083449561139,1.9697485830696007,1.6082929833635622,True,significant,significant,True,|Δ| > σ かつ全 seed 同符号
transfer/t1a_region_mask_09/t1a_region_mask_09@val~relation_detr_seed42,accuracy,paired_delta,injection,phase1/s4_phase_baseline/frozen_tecno_phase_baseline@val~relation_detr_seed42,paired,mean,3,0.043394625176803404,0.0016766514490065285,0.0020534702632820224,25.881721095052974,21.13233678263575,True,significant,significant,True,|Δ| > σ かつ全 seed 同符号
transfer/t1a_region_mask_09/t1a_region_mask_09@val~relation_detr_seed42,edit_score,paired_delta,injection,phase1/s4_phase_baseline/frozen_tecno_phase_baseline@val~relation_detr_seed42,paired,mean,3,-2.818924812367522,1.8450325640396097,2.2596941703579856,1.5278455607285448,1.2474806765204611,True,significant,significant,True,|Δ| > σ かつ全 seed 同符号
transfer/t1a_region_mask_09/t1a_region_mask_09@val~relation_detr_seed42,jaccard,paired_delta,injection,phase1/s4_phase_baseline/frozen_tecno_phase_baseline@val~relation_detr_seed42,paired,mean,3,0.11634014269132287,0.003384232030882473,0.0041448208234224505,34.37711765318467,28.068799025975455,True,significant,significant,True,|Δ| > σ かつ全 seed 同符号
transfer/t1a_region_mask_09/t1a_region_mask_09@val~relation_detr_seed42,macro_f1,paired_delta,injection,phase1/s4_phase_baseline/frozen_tecno_phase_baseline@val~relation_detr_seed42,paired,mean,3,0.10313674380436695,0.00523414534151765,0.006410492663141919,19.704600670195042,16.088739075760433,True,significant,significant,True,|Δ| > σ かつ全 seed 同符号
transfer/t1a_region_mask_09/t1a_region_mask_09@val~relation_detr_seed42,seg_f1_10,paired_delta,injection,phase1/s4_phase_baseline/frozen_tecno_phase_baseline@val~relation_detr_seed42,paired,mean,3,0.011429142710791595,0.015227606620549831,0.018649933112087014,0.7505541084419554,0.6128248633441142,False,not_significant,not_significant,True,|Δ| <= σ
transfer/t1a_region_mask_09/t1a_region_mask_09@val~relation_detr_seed42,seg_f1_25,paired_delta,injection,phase1/s4_phase_baseline/frozen_tecno_phase_baseline@val~relation_detr_seed42,paired,mean,3,0.014295075466451665,0.01609242694720225,0.01970911737182976,0.8883107261168544,0.7253026706758373,False,not_significant,not_significant,True,|Δ| <= σ
transfer/t1a_region_mask_09/t1a_region_mask_09@val~relation_detr_seed42,seg_f1_50,paired_delta,injection,phase1/s4_phase_baseline/frozen_tecno_phase_baseline@val~relation_detr_seed42,paired,mean,3,0.04628572415511891,0.01432916884703572,0.01754957605671113,3.2301750819758155,2.6374269102311905,True,significant,significant,True,|Δ| > σ かつ全 seed 同符号
transfer/t1a_region_mask_10/t1a_region_mask_10@val~relation_detr_seed42,accuracy,paired_delta,injection,phase1/s4_phase_baseline/frozen_tecno_phase_baseline@val~relation_detr_seed42,paired,mean,3,0.04669495520980671,0.0035583477472134507,0.004358068154027488,13.122650883791115,10.714599579323647,True,significant,significant,True,|Δ| > σ かつ全 seed 同符号
transfer/t1a_region_mask_10/t1a_region_mask_10@val~relation_detr_seed42,edit_score,paired_delta,injection,phase1/s4_phase_baseline/frozen_tecno_phase_baseline@val~relation_detr_seed42,paired,mean,3,-10.968361041595548,0.44176335956548346,0.5410474089965444,24.82858934336243,20.272458308113997,True,significant,significant,True,|Δ| > σ かつ全 seed 同符号
transfer/t1a_region_mask_10/t1a_region_mask_10@val~relation_detr_seed42,jaccard,paired_delta,injection,phase1/s4_phase_baseline/frozen_tecno_phase_baseline@val~relation_detr_seed42,paired,mean,3,0.12606116947083465,0.01069934946482452,0.013103973384270174,11.782134033968783,9.620072154767707,True,significant,significant,True,|Δ| > σ かつ全 seed 同符号
transfer/t1a_region_mask_10/t1a_region_mask_10@val~relation_detr_seed42,macro_f1,paired_delta,injection,phase1/s4_phase_baseline/frozen_tecno_phase_baseline@val~relation_detr_seed42,paired,mean,3,0.10737806414724264,0.011015795067476299,0.01349153851319236,9.747645402761,7.958919143450224,True,significant,significant,True,|Δ| > σ かつ全 seed 同符号
transfer/t1a_region_mask_10/t1a_region_mask_10@val~relation_detr_seed42,seg_f1_10,paired_delta,injection,phase1/s4_phase_baseline/frozen_tecno_phase_baseline@val~relation_detr_seed42,paired,mean,3,-0.054577306994338125,0.0051635921637266284,0.006324083020481987,10.56963936418809,8.630074402498678,True,significant,significant,True,|Δ| > σ かつ全 seed 同符号
transfer/t1a_region_mask_10/t1a_region_mask_10@val~relation_detr_seed42,seg_f1_25,paired_delta,injection,phase1/s4_phase_baseline/frozen_tecno_phase_baseline@val~relation_detr_seed42,paired,mean,3,-0.047727870653350435,0.004593072952336954,0.005625342542302109,10.391272063089376,8.484438111002275,True,significant,significant,True,|Δ| > σ かつ全 seed 同符号
transfer/t1a_region_mask_10/t1a_region_mask_10@val~relation_detr_seed42,seg_f1_50,paired_delta,injection,phase1/s4_phase_baseline/frozen_tecno_phase_baseline@val~relation_detr_seed42,paired,mean,3,-0.02288344567943923,0.018184862413300928,0.022271816977651987,1.258378818566239,1.0274620028712056,False,not_significant,not_significant,True,全 seed 同符号ではない
transfer/t1a_region_mask_11/t1a_region_mask_11@val~relation_detr_seed42,accuracy,paired_delta,injection,phase1/s4_phase_baseline/frozen_tecno_phase_baseline@val~relation_detr_seed42,paired,mean,3,0.05109539525381109,0.0016658927347838065,0.0020402935832149758,30.671479733923004,25.043158334742174,True,significant,significant,True,|Δ| > σ かつ全 seed 同符号
transfer/t1a_region_mask_11/t1a_region_mask_11@val~relation_detr_seed42,edit_score,paired_delta,injection,phase1/s4_phase_baseline/frozen_tecno_phase_baseline@val~relation_detr_seed42,paired,mean,3,-6.60941292378218,2.2159393309618522,2.7139603309104374,2.982668718151816,2.435338810411041,True,significant,significant,True,|Δ| > σ かつ全 seed 同符号
transfer/t1a_region_mask_11/t1a_region_mask_11@val~relation_detr_seed42,jaccard,paired_delta,injection,phase1/s4_phase_baseline/frozen_tecno_phase_baseline@val~relation_detr_seed42,paired,mean,3,0.13849432668189599,0.0036754751368277367,0.00450151932375707,37.68065937766864,30.766129548968703,True,significant,significant,True,|Δ| > σ かつ全 seed 同符号
transfer/t1a_region_mask_11/t1a_region_mask_11@val~relation_detr_seed42,macro_f1,paired_delta,injection,phase1/s4_phase_baseline/frozen_tecno_phase_baseline@val~relation_detr_seed42,paired,mean,3,0.11515554463339743,0.006095860103215846,0.00746587339813421,18.890778771751602,15.42425627819725,True,significant,significant,True,|Δ| > σ かつ全 seed 同符号
transfer/t1a_region_mask_11/t1a_region_mask_11@val~relation_detr_seed42,seg_f1_10,paired_delta,injection,phase1/s4_phase_baseline/frozen_tecno_phase_baseline@val~relation_detr_seed42,paired,mean,3,-7.070248773355381e-05,0.014753993727944371,0.01806987815084354,0.004792091486364253,0.003912726314109278,False,not_significant,not_significant,True,|Δ| <= σ
transfer/t1a_region_mask_11/t1a_region_mask_11@val~relation_detr_seed42,seg_f1_25,paired_delta,injection,phase1/s4_phase_baseline/frozen_tecno_phase_baseline@val~relation_detr_seed42,paired,mean,3,0.009948570356423936,0.02364415751100631,0.028958060649979897,0.42076231101881706,0.34355098833011255,False,not_significant,not_significant,True,|Δ| <= σ
transfer/t1a_region_mask_11/t1a_region_mask_11@val~relation_detr_seed42,seg_f1_50,paired_delta,injection,phase1/s4_phase_baseline/frozen_tecno_phase_baseline@val~relation_detr_seed42,paired,mean,3,0.05227695484328021,0.015759445070306223,0.019301299525835005,3.317182464868632,2.708468140878645,True,significant,significant,True,|Δ| > σ かつ全 seed 同符号
transfer/t1a_region_mask_12/t1a_region_mask_12@val~relation_detr_seed42,accuracy,paired_delta,injection,phase1/s4_phase_baseline/frozen_tecno_phase_baseline@val~relation_detr_seed42,paired,mean,3,0.051755461260411785,0.0032622788670904593,0.003995459311518203,15.86481823565596,12.95356984645293,True,significant,significant,True,|Δ| > σ かつ全 seed 同符号
transfer/t1a_region_mask_12/t1a_region_mask_12@val~relation_detr_seed42,edit_score,paired_delta,injection,phase1/s4_phase_baseline/frozen_tecno_phase_baseline@val~relation_detr_seed42,paired,mean,3,-5.367898568232739,2.183928362143256,2.6747550610215862,2.457909637184623,2.006874814990552,True,significant,significant,True,|Δ| > σ かつ全 seed 同符号
transfer/t1a_region_mask_12/t1a_region_mask_12@val~relation_detr_seed42,jaccard,paired_delta,injection,phase1/s4_phase_baseline/frozen_tecno_phase_baseline@val~relation_detr_seed42,paired,mean,3,0.13458078795533057,0.006747344161310224,0.00826377515707868,19.94574231547679,16.285630404652263,True,significant,significant,True,|Δ| > σ かつ全 seed 同符号
transfer/t1a_region_mask_12/t1a_region_mask_12@val~relation_detr_seed42,macro_f1,paired_delta,injection,phase1/s4_phase_baseline/frozen_tecno_phase_baseline@val~relation_detr_seed42,paired,mean,3,0.11198455356110026,0.006483963601663068,0.00794120116742658,17.271002806428065,14.101714740641674,True,significant,significant,True,|Δ| > σ かつ全 seed 同符号
transfer/t1a_region_mask_12/t1a_region_mask_12@val~relation_detr_seed42,seg_f1_10,paired_delta,injection,phase1/s4_phase_baseline/frozen_tecno_phase_baseline@val~relation_detr_seed42,paired,mean,3,0.0068837690296178105,0.02254764858535334,0.02761511696685132,0.30529875448251476,0.24927538919646658,False,not_significant,not_significant,True,|Δ| <= σ
transfer/t1a_region_mask_12/t1a_region_mask_12@val~relation_detr_seed42,seg_f1_25,paired_delta,injection,phase1/s4_phase_baseline/frozen_tecno_phase_baseline@val~relation_detr_seed42,paired,mean,3,0.022545430405364403,0.017427245396225647,0.02134392942151004,1.2936886979423174,1.0562923986547441,False,not_significant,not_significant,True,全 seed 同符号ではない
transfer/t1a_region_mask_12/t1a_region_mask_12@val~relation_detr_seed42,seg_f1_50,paired_delta,injection,phase1/s4_phase_baseline/frozen_tecno_phase_baseline@val~relation_detr_seed42,paired,mean,3,0.05490054461039493,0.017925798007757534,0.021954529175602606,3.062655541841779,2.5006477784731644,True,significant,significant,True,|Δ| > σ かつ全 seed 同符号
transfer/t1a_region_mask_13/t1a_region_mask_13@val~relation_detr_seed42,accuracy,paired_delta,injection,phase1/s4_phase_baseline/frozen_tecno_phase_baseline@val~relation_detr_seed42,paired,mean,3,0.051755461260411785,0.002865469292107106,0.003509468819638265,18.0617748733066,14.747377429541153,True,significant,significant,True,|Δ| > σ かつ全 seed 同符号
transfer/t1a_region_mask_13/t1a_region_mask_13@val~relation_detr_seed42,edit_score,paired_delta,injection,phase1/s4_phase_baseline/frozen_tecno_phase_baseline@val~relation_detr_seed42,paired,mean,3,-4.630259878376552,1.8101432912035458,2.2169637123854344,2.557952125048586,2.0885591642789816,True,significant,significant,True,|Δ| > σ かつ全 seed 同符号
transfer/t1a_region_mask_13/t1a_region_mask_13@val~relation_detr_seed42,jaccard,paired_delta,injection,phase1/s4_phase_baseline/frozen_tecno_phase_baseline@val~relation_detr_seed42,paired,mean,3,0.13960516886808041,0.007769287378248819,0.009515394870877646,17.968851204928285,14.671505572022996,True,significant,significant,True,|Δ| > σ かつ全 seed 同符号
transfer/t1a_region_mask_13/t1a_region_mask_13@val~relation_detr_seed42,macro_f1,paired_delta,injection,phase1/s4_phase_baseline/frozen_tecno_phase_baseline@val~relation_detr_seed42,paired,mean,3,0.11585361785936066,0.0066749921793819835,0.00817516243827705,17.356367580057178,14.171414786441515,True,significant,significant,True,|Δ| > σ かつ全 seed 同符号
transfer/t1a_region_mask_13/t1a_region_mask_13@val~relation_detr_seed42,seg_f1_10,paired_delta,injection,phase1/s4_phase_baseline/frozen_tecno_phase_baseline@val~relation_detr_seed42,paired,mean,3,0.009784444984784757,0.021649442902831283,0.02651504416372765,0.4519490422317131,0.3690148477357542,False,not_significant,not_significant,True,|Δ| <= σ
transfer/t1a_region_mask_13/t1a_region_mask_13@val~relation_detr_seed42,seg_f1_25,paired_delta,injection,phase1/s4_phase_baseline/frozen_tecno_phase_baseline@val~relation_detr_seed42,paired,mean,3,0.019351751424740715,0.017252002710826962,0.02112930184131911,1.1217104326442053,0.9158727330449541,False,not_significant,not_significant,True,全 seed 同符号ではない
transfer/t1a_region_mask_13/t1a_region_mask_13@val~relation_detr_seed42,seg_f1_50,paired_delta,injection,phase1/s4_phase_baseline/frozen_tecno_phase_baseline@val~relation_detr_seed42,paired,mean,3,0.06434194381682186,0.023200948824890787,0.028415243084703706,2.7732462280936363,2.2643460633091665,True,significant,significant,True,|Δ| > σ かつ全 seed 同符号
transfer/t1a_region_mask_14/t1a_region_mask_14@val~relation_detr_seed42,accuracy,paired_delta,injection,phase1/s4_phase_baseline/frozen_tecno_phase_baseline@val~relation_detr_seed42,paired,mean,3,0.05219550526481224,0.003685137650608906,0.004513353437955307,14.163787139996744,11.564683772795437,True,significant,significant,True,|Δ| > σ かつ全 seed 同符号
transfer/t1a_region_mask_14/t1a_region_mask_14@val~relation_detr_seed42,edit_score,paired_delta,injection,phase1/s4_phase_baseline/frozen_tecno_phase_baseline@val~relation_detr_seed42,paired,mean,3,-5.523527909325737,5.7826248170468935,7.082240087859909,0.9551938927531055,0.7799125475559556,False,not_significant,not_significant,True,|Δ| <= σ
transfer/t1a_region_mask_14/t1a_region_mask_14@val~relation_detr_seed42,jaccard,paired_delta,injection,phase1/s4_phase_baseline/frozen_tecno_phase_baseline@val~relation_detr_seed42,paired,mean,3,0.13692915571251607,0.011570725279261637,0.014171186444056702,11.834103084094131,9.662504706509116,True,significant,significant,True,|Δ| > σ かつ全 seed 同符号
transfer/t1a_region_mask_14/t1a_region_mask_14@val~relation_detr_seed42,macro_f1,paired_delta,injection,phase1/s4_phase_baseline/frozen_tecno_phase_baseline@val~relation_detr_seed42,paired,mean,3,0.11356448713926455,0.010739912563606978,0.013153652831471739,10.574060679421784,8.633684391270194,True,significant,significant,True,|Δ| > σ かつ全 seed 同符号
transfer/t1a_region_mask_14/t1a_region_mask_14@val~relation_detr_seed42,seg_f1_10,paired_delta,injection,phase1/s4_phase_baseline/frozen_tecno_phase_baseline@val~relation_detr_seed42,paired,mean,3,0.0032656008485697683,0.0395525335532573,0.04844176261989562,0.0825636325969524,0.0674129237243846,False,not_significant,not_significant,True,|Δ| <= σ
transfer/t1a_region_mask_14/t1a_region_mask_14@val~relation_detr_seed42,seg_f1_25,paired_delta,injection,phase1/s4_phase_baseline/frozen_tecno_phase_baseline@val~relation_detr_seed42,paired,mean,3,0.016739485842991602,0.04648050826722389,0.05692676411995682,0.3601399052427227,0.29405300128631834,False,not_significant,not_significant,True,|Δ| <= σ
transfer/t1a_region_mask_14/t1a_region_mask_14@val~relation_detr_seed42,seg_f1_50,paired_delta,injection,phase1/s4_phase_baseline/frozen_tecno_phase_baseline@val~relation_detr_seed42,paired,mean,3,0.059068287721569544,0.0422583700976222,0.051755722050430476,1.3977890672336464,1.1412899942544275,True,significant,significant,True,|Δ| > σ かつ全 seed 同符号
transfer/t1a_region_mask_top3/t1a_region_mask_top3@val~relation_detr_seed42,accuracy,paired_delta,injection,phase1/s4_phase_baseline/frozen_tecno_phase_baseline@val~relation_detr_seed42,paired,mean,3,0.019412226936979454,0.0039890102802794015,0.004885519882700522,4.866426901166012,3.9734209261367583,True,significant,significant,True,|Δ| > σ かつ全 seed 同符号
transfer/t1a_region_mask_top3/t1a_region_mask_top3@val~relation_detr_seed42,edit_score,paired_delta,injection,phase1/s4_phase_baseline/frozen_tecno_phase_baseline@val~relation_detr_seed42,paired,mean,3,-5.4938214390418265,2.249501997609971,2.7550660347579465,2.4422389688379242,1.9940797678646205,True,significant,significant,True,|Δ| > σ かつ全 seed 同符号
transfer/t1a_region_mask_top3/t1a_region_mask_top3@val~relation_detr_seed42,jaccard,paired_delta,injection,phase1/s4_phase_baseline/frozen_tecno_phase_baseline@val~relation_detr_seed42,paired,mean,3,0.03514688000999892,0.009148723297444417,0.011204851938325797,3.8417251093184515,3.13675541662271,True,significant,significant,True,|Δ| > σ かつ全 seed 同符号
transfer/t1a_region_mask_top3/t1a_region_mask_top3@val~relation_detr_seed42,macro_f1,paired_delta,injection,phase1/s4_phase_baseline/frozen_tecno_phase_baseline@val~relation_detr_seed42,paired,mean,3,0.042842841167937205,0.012757945675499222,0.015625228535560174,3.3581300828246983,2.741901730936908,True,significant,significant,True,|Δ| > σ かつ全 seed 同符号
transfer/t1a_region_mask_top3/t1a_region_mask_top3@val~relation_detr_seed42,seg_f1_10,paired_delta,injection,phase1/s4_phase_baseline/frozen_tecno_phase_baseline@val~relation_detr_seed42,paired,mean,3,-0.0350813254440272,0.009510045018663602,0.011647378863311375,3.688870596845713,3.0119502298093446,True,significant,significant,True,|Δ| > σ かつ全 seed 同符号
transfer/t1a_region_mask_top3/t1a_region_mask_top3@val~relation_detr_seed42,seg_f1_25,paired_delta,injection,phase1/s4_phase_baseline/frozen_tecno_phase_baseline@val~relation_detr_seed42,paired,mean,3,-0.04889698141581108,0.007981361643983257,0.009775131740190035,6.1263959205096326,5.002181322505684,True,significant,significant,True,|Δ| > σ かつ全 seed 同符号
transfer/t1a_region_mask_top3/t1a_region_mask_top3@val~relation_detr_seed42,seg_f1_50,paired_delta,injection,phase1/s4_phase_baseline/frozen_tecno_phase_baseline@val~relation_detr_seed42,paired,mean,3,-0.014017997739739515,0.019372349961235616,0.02372618626182637,0.7236085331820742,0.5908238932732905,False,not_significant,not_significant,True,|Δ| <= σ
transfer/t1a_region_only/t1a_region_only@val~relation_detr_seed42,accuracy,paired_delta,injection,phase1/s4_phase_baseline/frozen_tecno_phase_baseline@val~relation_detr_seed42,paired,mean,3,0.051315417256011374,0.003883952758494929,0.00475685122169388,13.212163084057854,10.787685984792757,True,significant,significant,True,|Δ| > σ かつ全 seed 同符号
transfer/t1a_region_only/t1a_region_only@val~relation_detr_seed42,edit_score,paired_delta,injection,phase1/s4_phase_baseline/frozen_tecno_phase_baseline@val~relation_detr_seed42,paired,mean,3,-4.100689422770105,3.320741011734505,4.067060523341551,1.2348717976739216,1.0082686006848318,True,significant,significant,True,|Δ| > σ かつ全 seed 同符号
transfer/t1a_region_only/t1a_region_only@val~relation_detr_seed42,jaccard,paired_delta,injection,phase1/s4_phase_baseline/frozen_tecno_phase_baseline@val~relation_detr_seed42,paired,mean,3,0.13402311720878582,0.011264723516635222,0.013796412354643213,11.897594913081239,9.714345567793938,True,significant,significant,True,|Δ| > σ かつ全 seed 同符号
transfer/t1a_region_only/t1a_region_only@val~relation_detr_seed42,macro_f1,paired_delta,injection,phase1/s4_phase_baseline/frozen_tecno_phase_baseline@val~relation_detr_seed42,paired,mean,3,0.11142879737446525,0.008250939413519016,0.01010529573087014,13.504983104334903,11.026772530176157,True,significant,significant,True,|Δ| > σ かつ全 seed 同符号
transfer/t1a_region_only/t1a_region_only@val~relation_detr_seed42,seg_f1_10,paired_delta,injection,phase1/s4_phase_baseline/frozen_tecno_phase_baseline@val~relation_detr_seed42,paired,mean,3,0.018579335770147865,0.03887378067117857,0.04761046350862744,0.47794002665459245,0.3902363976519809,False,not_significant,not_significant,True,|Δ| <= σ
transfer/t1a_region_only/t1a_region_only@val~relation_detr_seed42,seg_f1_25,paired_delta,injection,phase1/s4_phase_baseline/frozen_tecno_phase_baseline@val~relation_detr_seed42,paired,mean,3,0.027916616627965518,0.029322617260580625,0.03591272510567461,0.9520506433610467,0.7773460951743365,False,not_significant,not_significant,True,|Δ| <= σ
transfer/t1a_region_only/t1a_region_only@val~relation_detr_seed42,seg_f1_50,paired_delta,injection,phase1/s4_phase_baseline/frozen_tecno_phase_baseline@val~relation_detr_seed42,paired,mean,3,0.073428509924929,0.04209335772927803,0.05155362399858478,1.7444203524266682,1.4243132534571132,True,significant,significant,True,|Δ| > σ かつ全 seed 同符号
transfer/t1a_region_only_mask_top3/t1a_region_only_mask_top3@val~relation_detr_seed42,accuracy,paired_delta,injection,phase1/s4_phase_baseline/frozen_tecno_phase_baseline@val~relation_detr_seed42,paired,mean,3,0.0004903347477605383,0.0023645843039670684,0.0028960124992567175,0.20736615181700335,0.169313753958723,False,not_significant,not_significant,True,|Δ| <= σ
transfer/t1a_region_only_mask_top3/t1a_region_only_mask_top3@val~relation_detr_seed42,edit_score,paired_delta,injection,phase1/s4_phase_baseline/frozen_tecno_phase_baseline@val~relation_detr_seed42,paired,mean,3,-4.626154752535657,1.1134000059251232,1.3636309470641594,4.154979996332755,3.39252696082879,True,significant,significant,True,|Δ| > σ かつ全 seed 同符号
transfer/t1a_region_only_mask_top3/t1a_region_only_mask_top3@val~relation_detr_seed42,jaccard,paired_delta,injection,phase1/s4_phase_baseline/frozen_tecno_phase_baseline@val~relation_detr_seed42,paired,mean,3,-0.016165078089143543,0.006554316276205338,0.008027365244760906,2.4663256101675968,2.0137464281563306,True,significant,significant,True,|Δ| > σ かつ全 seed 同符号
transfer/t1a_region_only_mask_top3/t1a_region_only_mask_top3@val~relation_detr_seed42,macro_f1,paired_delta,injection,phase1/s4_phase_baseline/frozen_tecno_phase_baseline@val~relation_detr_seed42,paired,mean,3,-0.004821900221617177,0.00905435517066569,0.01108927505903072,0.5325503728017181,0.4348255585643887,False,not_significant,not_significant,True,|Δ| <= σ
transfer/t1a_region_only_mask_top3/t1a_region_only_mask_top3@val~relation_detr_seed42,seg_f1_10,paired_delta,injection,phase1/s4_phase_baseline/frozen_tecno_phase_baseline@val~relation_detr_seed42,paired,mean,3,-0.05666048436245604,0.018742452984538825,0.022954723170111907,3.023109323480596,2.4683584263926375,True,significant,significant,True,|Δ| > σ かつ全 seed 同符号
transfer/t1a_region_only_mask_top3/t1a_region_only_mask_top3@val~relation_detr_seed42,seg_f1_25,paired_delta,injection,phase1/s4_phase_baseline/frozen_tecno_phase_baseline@val~relation_detr_seed42,paired,mean,3,-0.06611833116208576,0.012121319829498102,0.014845524295674973,5.454713850647027,4.453755208992408,True,significant,significant,True,|Δ| > σ かつ全 seed 同符号
transfer/t1a_region_only_mask_top3/t1a_region_only_mask_top3@val~relation_detr_seed42,seg_f1_50,paired_delta,injection,phase1/s4_phase_baseline/frozen_tecno_phase_baseline@val~relation_detr_seed42,paired,mean,3,-0.03590276993266173,0.02721811962245305,0.033335252416522146,1.3190760578127685,1.077021091187749,True,significant,significant,True,|Δ| > σ かつ全 seed 同符号
transfer/t1a_regiontoken/t1a_regiontoken@val~relation_detr_seed42,accuracy,paired_delta,injection,phase1/s4_phase_baseline/frozen_tecno_phase_baseline@val~relation_detr_seed42,paired,mean,3,0.051535439258211545,0.00217189281432493,0.002660014585556703,23.728352945552633,19.37411905109006,True,significant,significant,True,|Δ| > σ かつ全 seed 同符号
transfer/t1a_regiontoken/t1a_regiontoken@val~relation_detr_seed42,edit_score,paired_delta,injection,phase1/s4_phase_baseline/frozen_tecno_phase_baseline@val~relation_detr_seed42,paired,mean,3,-2.9597645122290075,1.0468866626747404,1.2821690710391447,2.8272062466312873,2.308404233951956,True,significant,significant,True,|Δ| > σ かつ全 seed 同符号
transfer/t1a_regiontoken/t1a_regiontoken@val~relation_detr_seed42,jaccard,paired_delta,injection,phase1/s4_phase_baseline/frozen_tecno_phase_baseline@val~relation_detr_seed42,paired,mean,3,0.13279477693836586,0.005487116823033686,0.006720318187737016,24.20119367259016,19.760191888039582,True,significant,significant,True,|Δ| > σ かつ全 seed 同符号
transfer/t1a_regiontoken/t1a_regiontoken@val~relation_detr_seed42,macro_f1,paired_delta,injection,phase1/s4_phase_baseline/frozen_tecno_phase_baseline@val~relation_detr_seed42,paired,mean,3,0.11105868647153216,0.002983373781954879,0.003653871738893367,37.22587063789241,30.39479609789698,True,significant,significant,True,|Δ| > σ かつ全 seed 同符号
transfer/t1a_regiontoken/t1a_regiontoken@val~relation_detr_seed42,seg_f1_10,paired_delta,injection,phase1/s4_phase_baseline/frozen_tecno_phase_baseline@val~relation_detr_seed42,paired,mean,3,0.016665720259618117,0.01873906324310242,0.02295057160167233,0.8893571702818458,0.7261570887586845,False,not_significant,not_significant,True,|Δ| <= σ
transfer/t1a_regiontoken/t1a_regiontoken@val~relation_detr_seed42,seg_f1_25,paired_delta,injection,phase1/s4_phase_baseline/frozen_tecno_phase_baseline@val~relation_detr_seed42,paired,mean,3,0.029318204432639144,0.016697753486724826,0.020450487946627256,1.7558172993719139,1.4336188216709211,True,significant,significant,True,|Δ| > σ かつ全 seed 同符号
transfer/t1a_regiontoken/t1a_regiontoken@val~relation_detr_seed42,seg_f1_50,paired_delta,injection,phase1/s4_phase_baseline/frozen_tecno_phase_baseline@val~relation_detr_seed42,paired,mean,3,0.07023445407899269,0.02618186243520247,0.03206610174099433,2.682561420250986,2.190302227763555,True,significant,significant,True,|Δ| > σ かつ全 seed 同符号
transfer/t1a_regiontraj/t1a_regiontraj@val~relation_detr_seed42,accuracy,paired_delta,injection,transfer/t1a_regiontoken/t1a_regiontoken@val~relation_detr_seed42,paired,mean,3,-0.0008800880088008686,0.003064551876168143,0.003753294193450405,0.2871832634470896,0.2344841527042151,False,not_significant,not_significant,True,|Δ| <= σ
transfer/t1a_regiontraj/t1a_regiontraj@val~relation_detr_seed42,edit_score,paired_delta,injection,transfer/t1a_regiontoken/t1a_regiontoken@val~relation_detr_seed42,paired,mean,3,3.2029449223307864,2.6014209502972823,3.18607696720723,1.2312290027358948,1.005294271072912,False,not_significant,not_significant,True,全 seed 同符号ではない
transfer/t1a_regiontraj/t1a_regiontraj@val~relation_detr_seed42,jaccard,paired_delta,injection,transfer/t1a_regiontoken/t1a_regiontoken@val~relation_detr_seed42,paired,mean,3,0.006428836046367903,0.008495656127800646,0.010405011271630368,0.7567203697582094,0.6178595946259426,False,not_significant,not_significant,True,|Δ| <= σ
transfer/t1a_regiontraj/t1a_regiontraj@val~relation_detr_seed42,macro_f1,paired_delta,injection,transfer/t1a_regiontoken/t1a_regiontoken@val~relation_detr_seed42,paired,mean,3,0.004344015140597309,0.006515809708258742,0.007980204523153421,0.6666884600836794,0.5443488482022949,False,not_significant,not_significant,True,|Δ| <= σ
transfer/t1a_regiontraj/t1a_regiontraj@val~relation_detr_seed42,seg_f1_10,paired_delta,injection,transfer/t1a_regiontoken/t1a_regiontoken@val~relation_detr_seed42,paired,mean,3,0.0868519352269712,0.028787272800103857,0.03525706472327779,3.0170254692086655,2.4633909801807437,True,significant,significant,True,|Δ| > σ かつ全 seed 同符号
transfer/t1a_regiontraj/t1a_regiontraj@val~relation_detr_seed42,seg_f1_25,paired_delta,injection,transfer/t1a_regiontoken/t1a_regiontoken@val~relation_detr_seed42,paired,mean,3,0.0793390290298544,0.022525883427016478,0.027588460200803223,3.5221273024390656,2.875804900033692,True,significant,significant,True,|Δ| > σ かつ全 seed 同符号
transfer/t1a_regiontraj/t1a_regiontraj@val~relation_detr_seed42,seg_f1_50,paired_delta,injection,transfer/t1a_regiontoken/t1a_regiontoken@val~relation_detr_seed42,paired,mean,3,0.04602535881655819,0.029102252765405387,0.035642834820371935,1.5815050191327369,1.2912934408419177,True,significant,significant,True,|Δ| > σ かつ全 seed 同符号
transfer/t1a_regiontraj_test/t1a_regiontraj_test@val~relation_detr_seed42,accuracy,paired_delta,injection,transfer/t1a_regiontoken/t1a_regiontoken@val~relation_detr_seed42,paired,mean,3,-0.0006600660066006236,0.002349192134660381,0.002877161018838761,0.2809757434744895,0.2294157338705465,False,not_significant,not_significant,True,|Δ| <= σ
transfer/t1a_regiontraj_test/t1a_regiontraj_test@val~relation_detr_seed42,edit_score,paired_delta,injection,transfer/t1a_regiontoken/t1a_regiontoken@val~relation_detr_seed42,paired,mean,3,2.174008895023384,4.9304335599213704,6.038523216250674,0.44093665772022994,0.3600232734342667,False,not_significant,not_significant,True,|Δ| <= σ
transfer/t1a_regiontraj_test/t1a_regiontraj_test@val~relation_detr_seed42,jaccard,paired_delta,injection,transfer/t1a_regiontoken/t1a_regiontoken@val~relation_detr_seed42,paired,mean,3,0.005569304879120662,0.006860157197233021,0.00840194234425124,0.8118334199932019,0.6628592117073121,False,not_significant,not_significant,True,|Δ| <= σ
transfer/t1a_regiontraj_test/t1a_regiontraj_test@val~relation_detr_seed42,macro_f1,paired_delta,injection,transfer/t1a_regiontoken/t1a_regiontoken@val~relation_detr_seed42,paired,mean,3,0.0037374833102083635,0.003727122958165644,0.00456477472805922,1.0027797183401266,0.8187662114483815,False,not_significant,not_significant,True,全 seed 同符号ではない
transfer/t1a_regiontraj_test/t1a_regiontraj_test@val~relation_detr_seed42,seg_f1_10,paired_delta,injection,transfer/t1a_regiontoken/t1a_regiontoken@val~relation_detr_seed42,paired,mean,3,0.0580438737872833,0.0599029733302801,0.07336585936736768,0.968964820281182,0.7911564627988337,False,not_significant,not_significant,True,|Δ| <= σ
transfer/t1a_regiontraj_test/t1a_regiontraj_test@val~relation_detr_seed42,seg_f1_25,paired_delta,injection,transfer/t1a_regiontoken/t1a_regiontoken@val~relation_detr_seed42,paired,mean,3,0.055146500311008095,0.0560152868853656,0.06860443533238006,0.9844901878993236,0.8038328723766922,False,not_significant,not_significant,True,|Δ| <= σ
transfer/t1a_regiontraj_test/t1a_regiontraj_test@val~relation_detr_seed42,seg_f1_50,paired_delta,injection,transfer/t1a_regiontoken/t1a_regiontoken@val~relation_detr_seed42,paired,mean,3,0.03617022425155877,0.059914978628542385,0.07338056279484395,0.6036925169548161,0.4929128760252606,False,not_significant,not_significant,True,|Δ| <= σ
transfer/t1a_shuffle/t1a_shuffle@val~relation_detr_seed42,accuracy,paired_delta,injection,phase1/s4_phase_baseline/frozen_tecno_phase_baseline@val~relation_detr_seed42,paired,mean,3,-0.036253339619676216,0.0036375389753897595,0.0044550572045956235,9.966447058011715,8.13756994686376,True,significant,significant,True,|Δ| > σ かつ全 seed 同符号
transfer/t1a_shuffle/t1a_shuffle@val~relation_detr_seed42,edit_score,paired_delta,injection,phase1/s4_phase_baseline/frozen_tecno_phase_baseline@val~relation_detr_seed42,paired,mean,3,-17.370746389192913,2.669858600691402,3.269895628537519,6.5062420851405705,5.312324417205355,True,significant,significant,True,|Δ| > σ かつ全 seed 同符号
transfer/t1a_shuffle/t1a_shuffle@val~relation_detr_seed42,jaccard,paired_delta,injection,phase1/s4_phase_baseline/frozen_tecno_phase_baseline@val~relation_detr_seed42,paired,mean,3,-0.0600571399420425,0.012676782529653903,0.015525824388940113,4.737569631849017,3.8682094063117485,True,significant,significant,True,|Δ| > σ かつ全 seed 同符号
transfer/t1a_shuffle/t1a_shuffle@val~relation_detr_seed42,macro_f1,paired_delta,injection,phase1/s4_phase_baseline/frozen_tecno_phase_baseline@val~relation_detr_seed42,paired,mean,3,-0.05746259433629334,0.01401611849311166,0.017166169241255313,4.099750894980933,3.347432588407317,True,significant,significant,True,|Δ| > σ かつ全 seed 同符号
transfer/t1a_shuffle/t1a_shuffle@val~relation_detr_seed42,seg_f1_10,paired_delta,injection,phase1/s4_phase_baseline/frozen_tecno_phase_baseline@val~relation_detr_seed42,paired,mean,3,-0.14981823726351698,0.05252609619832325,0.06433106693311764,2.85226293417746,2.3288629336627795,True,significant,significant,True,|Δ| > σ かつ全 seed 同符号
transfer/t1a_shuffle/t1a_shuffle@val~relation_detr_seed42,seg_f1_25,paired_delta,injection,phase1/s4_phase_baseline/frozen_tecno_phase_baseline@val~relation_detr_seed42,paired,mean,3,-0.16210056926824998,0.04993714860798775,0.061160266649552625,3.2460918131461156,2.6504228668112866,True,significant,significant,True,|Δ| > σ かつ全 seed 同符号
transfer/t1a_shuffle/t1a_shuffle@val~relation_detr_seed42,seg_f1_50,paired_delta,injection,phase1/s4_phase_baseline/frozen_tecno_phase_baseline@val~relation_detr_seed42,paired,mean,3,-0.17942248494999408,0.07672420352851406,0.09396757478315206,2.338538253881161,1.9094084886626626,True,significant,significant,True,|Δ| > σ かつ全 seed 同符号
transfer/t1a_shuffle_oracle/t1a_shuffle_oracle@val~relation_detr_seed42,accuracy,paired_delta,injection,phase1/s4_phase_baseline/frozen_tecno_phase_baseline@val~relation_detr_seed42,paired,mean,3,0.039874273141599935,0.004491045392384325,0.0055003848115095285,8.878617261187474,7.249360637125463,True,significant,significant,True,|Δ| > σ かつ全 seed 同符号
transfer/t1a_shuffle_oracle/t1a_shuffle_oracle@val~relation_detr_seed42,edit_score,paired_delta,injection,phase1/s4_phase_baseline/frozen_tecno_phase_baseline@val~relation_detr_seed42,paired,mean,3,2.7099595482996457,2.226896172493867,2.727379666383423,1.216922271353497,0.9936128738149328,False,not_significant,not_significant,True,全 seed 同符号ではない
transfer/t1a_shuffle_oracle/t1a_shuffle_oracle@val~relation_detr_seed42,jaccard,paired_delta,injection,phase1/s4_phase_baseline/frozen_tecno_phase_baseline@val~relation_detr_seed42,paired,mean,3,0.1111110781865624,0.01656764167376642,0.020291134170998985,6.706511425974297,5.475843649260741,True,significant,significant,True,|Δ| > σ かつ全 seed 同符号
transfer/t1a_shuffle_oracle/t1a_shuffle_oracle@val~relation_detr_seed42,macro_f1,paired_delta,injection,phase1/s4_phase_baseline/frozen_tecno_phase_baseline@val~relation_detr_seed42,paired,mean,3,0.09870613849005898,0.01482315027263585,0.018154577274277592,6.6589177519352685,5.436983577134087,True,significant,significant,True,|Δ| > σ かつ全 seed 同符号
transfer/t1a_shuffle_oracle/t1a_shuffle_oracle@val~relation_detr_seed42,seg_f1_10,paired_delta,injection,phase1/s4_phase_baseline/frozen_tecno_phase_baseline@val~relation_detr_seed42,paired,mean,3,0.05937988531534464,0.02495323880178425,0.030561351247094862,2.3796464173259446,1.9429731635635463,True,significant,significant,True,|Δ| > σ かつ全 seed 同符号
transfer/t1a_shuffle_oracle/t1a_shuffle_oracle@val~relation_detr_seed42,seg_f1_25,paired_delta,injection,phase1/s4_phase_baseline/frozen_tecno_phase_baseline@val~relation_detr_seed42,paired,mean,3,0.07067913211980263,0.02576377910891651,0.03155405633131126,2.743352666586926,2.2399380725471847,True,significant,significant,True,|Δ| > σ かつ全 seed 同符号
transfer/t1a_shuffle_oracle/t1a_shuffle_oracle@val~relation_detr_seed42,seg_f1_50,paired_delta,injection,phase1/s4_phase_baseline/frozen_tecno_phase_baseline@val~relation_detr_seed42,paired,mean,3,0.10322746329836967,0.02708863434120095,0.03317666598238794,3.8107296956408017,3.1114477673304686,True,significant,significant,True,|Δ| > σ かつ全 seed 同符号
transfer/t1b_phasefilm/t1b_phasefilm@val,control_max,paired_delta,injection,,,,,0.0,,,,,,undecidable,undecidable,True,Δ または σ が無い
transfer/t1b_phasefilm/t1b_phasefilm@val,control_mean,paired_delta,injection,,,,,0.0,,,,,,undecidable,undecidable,True,Δ または σ が無い
transfer/t1b_phasefilm/t1b_phasefilm@val,control_min,paired_delta,injection,,,,,0.0,,,,,,undecidable,undecidable,True,Δ または σ が無い
transfer/t1b_phasefilm/t1b_phasefilm@val,control_n,paired_delta,injection,,,,,2,,,,,,undecidable,undecidable,True,Δ または σ が無い
transfer/t1b_phasefilm/t1b_phasefilm@val,control_pstd,paired_delta,injection,,,,,0.0,,,,,,undecidable,undecidable,True,Δ または σ が無い
transfer/t1b_phasefilm/t1b_phasefilm@val,control_sstd,paired_delta,injection,,,,,0.0,,,,,,undecidable,undecidable,True,Δ または σ が無い
transfer/t1b_phasefilm/t1b_phasefilm@val,detection_max,paired_delta,injection,,,,,0.0,,,,,,undecidable,undecidable,True,Δ または σ が無い
transfer/t1b_phasefilm/t1b_phasefilm@val,detection_mean,paired_delta,injection,,,,,0.0,,,,,,undecidable,undecidable,True,Δ または σ が無い
transfer/t1b_phasefilm/t1b_phasefilm@val,detection_min,paired_delta,injection,,,,,0.0,,,,,,undecidable,undecidable,True,Δ または σ が無い
transfer/t1b_phasefilm/t1b_phasefilm@val,detection_n,paired_delta,injection,,,,,2,,,,,,undecidable,undecidable,True,Δ または σ が無い
transfer/t1b_phasefilm/t1b_phasefilm@val,detection_pstd,paired_delta,injection,,,,,0.0,,,,,,undecidable,undecidable,True,Δ または σ が無い
transfer/t1b_phasefilm/t1b_phasefilm@val,detection_sstd,paired_delta,injection,,,,,0.0,,,,,,undecidable,undecidable,True,Δ または σ が無い
transfer/taux_mingru_nonek3/taux_mingru_nonek3@val~relation_detr_seed42,accuracy,paired_delta,injection,phase1/s4_phase_baseline/frozen_tecno_phase_baseline@val~relation_detr_seed42,paired,mean,3,0.0528555712714129,0.0033215218087186975,0.004068016800443539,15.913058626522265,12.992957960657884,True,significant,significant,True,|Δ| > σ かつ全 seed 同符号
transfer/taux_mingru_nonek3/taux_mingru_nonek3@val~relation_detr_seed42,edit_score,paired_delta,injection,phase1/s4_phase_baseline/frozen_tecno_phase_baseline@val~relation_detr_seed42,paired,mean,3,30.868549149417984,5.834369807025212,7.145614498956063,5.290811205050615,4.319929259257929,True,significant,significant,True,|Δ| > σ かつ全 seed 同符号
transfer/taux_mingru_nonek3/taux_mingru_nonek3@val~relation_detr_seed42,jaccard,paired_delta,injection,phase1/s4_phase_baseline/frozen_tecno_phase_baseline@val~relation_detr_seed42,paired,mean,3,0.12732304600838815,0.012606355486331388,0.015439569228823589,10.099909220110435,8.246541345900585,True,significant,significant,True,|Δ| > σ かつ全 seed 同符号
transfer/taux_mingru_nonek3/taux_mingru_nonek3@val~relation_detr_seed42,macro_f1,paired_delta,injection,phase1/s4_phase_baseline/frozen_tecno_phase_baseline@val~relation_detr_seed42,paired,mean,3,0.10733146439645962,0.011905145014639289,0.014580765299852614,9.015552877724575,7.361168099835236,True,significant,significant,True,|Δ| > σ かつ全 seed 同符号
transfer/taux_mingru_nonek3/taux_mingru_nonek3@val~relation_detr_seed42,seg_f1_10,paired_delta,injection,phase1/s4_phase_baseline/frozen_tecno_phase_baseline@val~relation_detr_seed42,paired,mean,3,0.29849048147485624,0.045779169346782944,0.05606780287403945,6.520224934920803,5.32374136624254,True,significant,significant,True,|Δ| > σ かつ全 seed 同符号
transfer/taux_mingru_nonek3/taux_mingru_nonek3@val~relation_detr_seed42,seg_f1_25,paired_delta,injection,phase1/s4_phase_baseline/frozen_tecno_phase_baseline@val~relation_detr_seed42,paired,mean,3,0.3177363722412838,0.04640209662542055,0.056830729863800784,6.84745723466335,5.590925420151447,True,significant,significant,True,|Δ| > σ かつ全 seed 同符号
transfer/taux_mingru_nonek3/taux_mingru_nonek3@val~relation_detr_seed42,seg_f1_50,paired_delta,injection,phase1/s4_phase_baseline/frozen_tecno_phase_baseline@val~relation_detr_seed42,paired,mean,3,0.3699382081438392,0.05233292152309079,0.06409447724034395,7.068938583537933,5.771764184246805,True,significant,significant,True,|Δ| > σ かつ全 seed 同符号
transfer/taux_tecno_deltak3/taux_tecno_deltak3@val~relation_detr_seed42,accuracy,paired_delta,injection,phase1/s4_phase_baseline/frozen_tecno_phase_baseline@val~relation_detr_seed42,paired,mean,3,0.033273613075593365,0.005791990884171984,0.007093711130536473,5.744762680224784,4.690579086644735,True,significant,significant,True,|Δ| > σ かつ全 seed 同符号
transfer/taux_tecno_deltak3/taux_tecno_deltak3@val~relation_detr_seed42,edit_score,paired_delta,injection,phase1/s4_phase_baseline/frozen_tecno_phase_baseline@val~relation_detr_seed42,paired,mean,3,-8.376236707899839,4.954776583255877,6.068337209233777,1.6905377199461242,1.380318268265364,True,significant,significant,True,|Δ| > σ かつ全 seed 同符号
transfer/taux_tecno_deltak3/taux_tecno_deltak3@val~relation_detr_seed42,jaccard,paired_delta,injection,phase1/s4_phase_baseline/frozen_tecno_phase_baseline@val~relation_detr_seed42,paired,mean,3,0.09786189654821549,0.016206761564805387,0.019849148108361723,6.03833752701912,4.930281945298693,True,significant,significant,True,|Δ| > σ かつ全 seed 同符号
transfer/taux_tecno_deltak3/taux_tecno_deltak3@val~relation_detr_seed42,macro_f1,paired_delta,injection,phase1/s4_phase_baseline/frozen_tecno_phase_baseline@val~relation_detr_seed42,paired,mean,3,0.08889564590948655,0.012480513652586409,0.015285445088337913,7.1227553916472175,5.815705424064479,True,significant,significant,True,|Δ| > σ かつ全 seed 同符号
transfer/taux_tecno_deltak3/taux_tecno_deltak3@val~relation_detr_seed42,seg_f1_10,paired_delta,injection,phase1/s4_phase_baseline/frozen_tecno_phase_baseline@val~relation_detr_seed42,paired,mean,3,-0.07071157517183964,0.028766453944880338,0.03523156693711454,2.458126236460383,2.007051667558642,True,significant,significant,True,|Δ| > σ かつ全 seed 同符号
transfer/taux_tecno_deltak3/taux_tecno_deltak3@val~relation_detr_seed42,seg_f1_25,paired_delta,injection,phase1/s4_phase_baseline/frozen_tecno_phase_baseline@val~relation_detr_seed42,paired,mean,3,-0.07291298080733644,0.025711616767047675,0.03149017077062763,2.83579914355221,2.315420304908153,True,significant,significant,True,|Δ| > σ かつ全 seed 同符号
transfer/taux_tecno_deltak3/taux_tecno_deltak3@val~relation_detr_seed42,seg_f1_50,paired_delta,injection,phase1/s4_phase_baseline/frozen_tecno_phase_baseline@val~relation_detr_seed42,paired,mean,3,-0.04096066050485153,0.028477725003036317,0.03487794764636875,1.4383403344362753,1.1743999652776609,True,significant,significant,True,|Δ| > σ かつ全 seed 同符号
transfer/taux_tecno_movavgk3/taux_tecno_movavgk3@val~relation_detr_seed42,accuracy,paired_delta,injection,phase1/s4_phase_baseline/frozen_tecno_phase_baseline@val~relation_detr_seed42,paired,mean,3,0.04625491120540629,0.0022836476411644286,0.0027968857365816336,20.254837205016873,16.538005325143978,True,significant,significant,True,|Δ| > σ かつ全 seed 同符号
transfer/taux_tecno_movavgk3/taux_tecno_movavgk3@val~relation_detr_seed42,edit_score,paired_delta,injection,phase1/s4_phase_baseline/frozen_tecno_phase_baseline@val~relation_detr_seed42,paired,mean,3,4.921569202438039,6.905582265917259,8.457576464154872,0.7126943120681676,0.5819124690502966,False,not_significant,not_significant,True,|Δ| <= σ
transfer/taux_tecno_movavgk3/taux_tecno_movavgk3@val~relation_detr_seed42,jaccard,paired_delta,injection,phase1/s4_phase_baseline/frozen_tecno_phase_baseline@val~relation_detr_seed42,paired,mean,3,0.11557390360552804,0.00594341939407824,0.00727917242142663,19.44569210792709,15.877341119895734,True,significant,significant,True,|Δ| > σ かつ全 seed 同符号
transfer/taux_tecno_movavgk3/taux_tecno_movavgk3@val~relation_detr_seed42,macro_f1,paired_delta,injection,phase1/s4_phase_baseline/frozen_tecno_phase_baseline@val~relation_detr_seed42,paired,mean,3,0.09903005223658423,0.009083025579188058,0.011124388994829192,10.902760470419883,8.902066646771802,True,significant,significant,True,|Δ| > σ かつ全 seed 同符号
transfer/taux_tecno_movavgk3/taux_tecno_movavgk3@val~relation_detr_seed42,seg_f1_10,paired_delta,injection,phase1/s4_phase_baseline/frozen_tecno_phase_baseline@val~relation_detr_seed42,paired,mean,3,0.09843258042415143,0.05811656387837312,0.07117796355293916,1.6937095701348077,1.382908073099639,True,significant,significant,True,|Δ| > σ かつ全 seed 同符号
transfer/taux_tecno_movavgk3/taux_tecno_movavgk3@val~relation_detr_seed42,seg_f1_25,paired_delta,injection,phase1/s4_phase_baseline/frozen_tecno_phase_baseline@val~relation_detr_seed42,paired,mean,3,0.11767847119057902,0.05902734759508025,0.07229344123892319,1.9936262763801902,1.627789038312099,True,significant,significant,True,|Δ| > σ かつ全 seed 同符号
transfer/taux_tecno_movavgk3/taux_tecno_movavgk3@val~relation_detr_seed42,seg_f1_50,paired_delta,injection,phase1/s4_phase_baseline/frozen_tecno_phase_baseline@val~relation_detr_seed42,paired,mean,3,0.13842082486980561,0.07077469542640628,0.08668094524779285,1.9557954158028115,1.5969002699971158,True,significant,significant,True,|Δ| > σ かつ全 seed 同符号
transfer/taux_tecno_nonek3/taux_tecno_nonek3@val~relation_detr_seed42,accuracy,paired_delta,injection,phase1/s4_phase_baseline/frozen_tecno_phase_baseline@val~relation_detr_seed42,paired,mean,3,0.05219550526481224,0.004151109805725013,0.005084050445145045,12.573867642052418,10.266519938773568,True,significant,significant,True,|Δ| > σ かつ全 seed 同符号
transfer/taux_tecno_nonek3/taux_tecno_nonek3@val~relation_detr_seed42,edit_score,paired_delta,injection,phase1/s4_phase_baseline/frozen_tecno_phase_baseline@val~relation_detr_seed42,paired,mean,3,-5.825853637183383,3.963746517429944,4.854578218718596,1.4697846119990567,1.2000741103974142,True,significant,significant,True,|Δ| > σ かつ全 seed 同符号
transfer/taux_tecno_nonek3/taux_tecno_nonek3@val~relation_detr_seed42,jaccard,paired_delta,injection,phase1/s4_phase_baseline/frozen_tecno_phase_baseline@val~relation_detr_seed42,paired,mean,3,0.1381057354725426,0.012179372517309509,0.01491662402734249,11.339314507070428,9.258511525087167,True,significant,significant,True,|Δ| > σ かつ全 seed 同符号
transfer/taux_tecno_nonek3/taux_tecno_nonek3@val~relation_detr_seed42,macro_f1,paired_delta,injection,phase1/s4_phase_baseline/frozen_tecno_phase_baseline@val~relation_detr_seed42,paired,mean,3,0.11444528293768537,0.008086301289316568,0.00990365603261766,14.152982784463868,11.555862053443716,True,significant,significant,True,|Δ| > σ かつ全 seed 同符号
transfer/taux_tecno_nonek3/taux_tecno_nonek3@val~relation_detr_seed42,seg_f1_10,paired_delta,injection,phase1/s4_phase_baseline/frozen_tecno_phase_baseline@val~relation_detr_seed42,paired,mean,3,0.0032801359485472026,0.04304132241324899,0.052714638883538556,0.07620899555673295,0.062224384308008716,False,not_significant,not_significant,True,|Δ| <= σ
transfer/taux_tecno_nonek3/taux_tecno_nonek3@val~relation_detr_seed42,seg_f1_25,paired_delta,injection,phase1/s4_phase_baseline/frozen_tecno_phase_baseline@val~relation_detr_seed42,paired,mean,3,0.01290224546021801,0.04035231409329854,0.049421289734549935,0.3197399145532705,0.2610665470188686,False,not_significant,not_significant,True,|Δ| <= σ
transfer/taux_tecno_nonek3/taux_tecno_nonek3@val~relation_detr_seed42,seg_f1_50,paired_delta,injection,phase1/s4_phase_baseline/frozen_tecno_phase_baseline@val~relation_detr_seed42,paired,mean,3,0.058686707532505065,0.04334661968415413,0.05308855015032947,1.3538935206511313,1.1054494305518505,False,not_significant,not_significant,True,全 seed 同符号ではない
transfer/taux_tecno_windowk3/taux_tecno_windowk3@val~relation_detr_seed42,accuracy,paired_delta,injection,phase1/s4_phase_baseline/frozen_tecno_phase_baseline@val~relation_detr_seed42,paired,mean,3,0.05373565928021377,0.0023304109969911465,0.0028541589167994665,23.058447350957945,18.827143423559143,True,significant,significant,True,|Δ| > σ かつ全 seed 同符号
transfer/taux_tecno_windowk3/taux_tecno_windowk3@val~relation_detr_seed42,edit_score,paired_delta,injection,phase1/s4_phase_baseline/frozen_tecno_phase_baseline@val~relation_detr_seed42,paired,mean,3,-1.9703120238085152,3.5012125381653822,4.2880920997699805,0.5627513332398121,0.45948453950282586,False,not_significant,not_significant,True,|Δ| <= σ
transfer/taux_tecno_windowk3/taux_tecno_windowk3@val~relation_detr_seed42,jaccard,paired_delta,injection,phase1/s4_phase_baseline/frozen_tecno_phase_baseline@val~relation_detr_seed42,paired,mean,3,0.1447627731522684,0.00752748800884014,0.009219252333288646,19.23121936325395,15.702224857167929,True,significant,significant,True,|Δ| > σ かつ全 seed 同符号
transfer/taux_tecno_windowk3/taux_tecno_windowk3@val~relation_detr_seed42,macro_f1,paired_delta,injection,phase1/s4_phase_baseline/frozen_tecno_phase_baseline@val~relation_detr_seed42,paired,mean,3,0.11957149981558109,0.008224571712456096,0.010073002024222942,14.538325398086117,11.870492979952036,True,significant,significant,True,|Δ| > σ かつ全 seed 同符号
transfer/taux_tecno_windowk3/taux_tecno_windowk3@val~relation_detr_seed42,seg_f1_10,paired_delta,injection,phase1/s4_phase_baseline/frozen_tecno_phase_baseline@val~relation_detr_seed42,paired,mean,3,0.02388575282465392,0.030163133186146183,0.03694214267483398,0.7918856664275368,0.6465719391237575,False,not_significant,not_significant,True,|Δ| <= σ
transfer/taux_tecno_windowk3/taux_tecno_windowk3@val~relation_detr_seed42,seg_f1_25,paired_delta,injection,phase1/s4_phase_baseline/frozen_tecno_phase_baseline@val~relation_detr_seed42,paired,mean,3,0.03936516524833198,0.02714730476923434,0.03324852228822418,1.4500579554013027,1.1839673627322127,True,significant,significant,True,|Δ| > σ かつ全 seed 同符号
transfer/taux_tecno_windowk3/taux_tecno_windowk3@val~relation_detr_seed42,seg_f1_50,paired_delta,injection,phase1/s4_phase_baseline/frozen_tecno_phase_baseline@val~relation_detr_seed42,paired,mean,3,0.08957041794121394,0.018158687286511377,0.022239759125358458,4.932648298192159,4.0274904703928645,True,significant,significant,True,|Δ| > σ かつ全 seed 同符号
transfer_legacy/hc/hc@None,injection_effect,within_run_seed_spread,unknown,,within_run,,3,0.00040229376110552845,0.0003597301998613572,0.00044057771736486856,1.1183207894710414,0.9131051009835005,False,not_significant,not_significant,True,全 seed 同符号ではない
transfer_legacy/oracle_phase/oracle_phase@None,injection_effect,within_run_seed_spread,unknown,,within_run,,3,0.004032298684106965,0.0007781623197962281,0.0009530503102806121,5.181822071727753,4.2309400045415355,True,significant,significant,True,|Δ| > σ かつ全 seed 同符号
transfer_legacy/t1b/t1b@None,injection_effect,within_run_seed_spread,unknown,,within_run,,1,0.0,0.0,,,,False,undecidable,undecidable,True,σ = 0（ばらつきを測れていない）
transfer_legacy/t1b_ca/t1b_ca@None,injection_effect,within_run_seed_spread,unknown,,within_run,,3,0.0017777185259385542,0.0004964945668829099,0.0006080791744636321,3.580539737019519,2.923498453152297,True,significant,significant,True,|Δ| > σ かつ全 seed 同符号
transfer_legacy/t1b_camt/t1b_camt@None,injection_effect,within_run_seed_spread,unknown,,within_run,,3,0.0005579230950580882,0.0004164239465700181,0.0005100130928862748,1.3397958970745174,1.0939387691023388,False,not_significant,not_significant,True,全 seed 同符号ではない
transfer_legacy/t1b_camt_all/t1b_camt_all@None,injection_effect,within_run_seed_spread,unknown,,within_run,,3,0.0,0.0,0.0,,,False,undecidable,undecidable,True,σ = 0（ばらつきを測れていない）
transfer_legacy/t1b_clsbias/t1b_clsbias@None,injection_effect,within_run_seed_spread,unknown,,within_run,,3,0.0010302097953954759,0.0010306938673534415,0.0012623370280158903,0.9995303436128822,0.8161131080934335,False,not_significant,not_significant,True,|Δ| <= σ
transfer_legacy/t1b_clsbias_pe/t1b_clsbias_pe@None,injection_effect,within_run_seed_spread,unknown,,within_run,,3,0.002359753663451314,0.0005411052841992638,0.0006627159217059365,4.360988022771418,3.5607318100596275,True,significant,significant,True,|Δ| > σ かつ全 seed 同符号
transfer_legacy/t1b_filmonly/t1b_filmonly@None,injection_effect,within_run_seed_spread,unknown,,within_run,,3,0.0018517772785360265,0.001202662658733622,0.0014729549232981765,1.5397312497304174,1.2571853009524605,True,significant,significant,True,|Δ| > σ かつ全 seed 同符号
transfer_legacy/t1c_bidir_pilot/t1c_bidir_pilot@None,injection_effect,within_run_seed_spread,unknown,,within_run,,1,-0.02288112960409816,0.0,,,,True,undecidable,undecidable,True,σ = 0（ばらつきを測れていない）
transfer_legacy/t1c_bidir_v2_pilot/t1c_bidir_v2_pilot@None,injection_effect,within_run_seed_spread,unknown,,within_run,,1,-0.003626601447563438,0.0,,,,True,undecidable,undecidable,True,σ = 0（ばらつきを測れていない）
