{
  "epoch": 1,
  "mAP": 0.032,
  "val/AP_common": 0.0289375,
  "val/AP_rare": 0.028333333333333335,
  "val/mAP": 0.032,
  "val/mAP_50": 0.057,
  "val/mAP_75": 0.031
}
