{
  "epoch": 5,
  "phase_accuracy": 0.5874587458745875,
  "phase_edit_score": 4.663609310907506,
  "phase_macro_f1": 0.2812605861392837,
  "phase_seg_f1_10": 0.07136404979080585,
  "phase_seg_f1_25": 0.05164003014474675,
  "phase_seg_f1_50": 0.019724019646059094,
  "train_loss": 0.9704282982534314
}
