{
  "anesthesia": 0.058252427184466014,
  "closure": 0.6914103923647932,
  "design": 0.0,
  "disinfection": 0.0,
  "dissection": 0.6474916387959867,
  "dressing": 0.0,
  "hemostasis": 0.057971014492753624,
  "incision": 0.5136986301369862,
  "irrigation": 0.0
}
