chain,video,frame,lag,tags,tau_frame,raw_max,raw_sum,share_tool,share_hand,share_outside,area_tool,area_hand
coco,02,02_1_0294,1,fixed+top,02_1_0293,0.009438187815248966,0.21822479367256165,0.5626082071322008,0.9048868321173267,0.07615125789827458,0.12036072530864197,0.26784625771604936
coco,02,02_1_0294,4,top,02_1_0290,0.006926881615072489,0.17664046585559845,0.7442822991937096,0.7243011545915061,0.060662776957480256,0.180009162808642,0.30310233410493825
coco,02,02_1_0294,5,fixed,02_1_0289,0.0020096886437386274,0.06419834494590759,0.7269538552680838,0.67611503134034,0.07765921154611624,0.1953616898148148,0.31052565586419756
coco,02,02_1_0294,15,fixed,02_1_0279,5.530869202630129e-06,0.00017223157919943333,0.23121575779900524,0.8334308924412979,0.15753187881079028,0.25839891975308643,0.3631659915123457
coco,02,02_1_0294,30,fixed,02_1_0194,1.4262532204156741e-05,0.0004850888508372009,0.0184361065163236,0.45854713145515347,0.5408074676892886,0.012854938271604938,0.23788532021604938
coco,02,02_1_0294,60,fixed,02_1_0163,3.727137027453864e-06,0.00016546162078157067,0.0,0.4364519456991822,0.5635480543008178,0.006926118827160494,0.28747395833333333
coco,02,02_1_0294,64,top,02_1_0159,0.006812809035181999,0.1153111606836319,0.2993166637831105,0.6530553937626633,0.346944606237337,0.007744984567901235,0.22143952546296297
coco,02,02_1_0437,1,fixed+top,02_1_0436,0.004649033769965172,0.20762445032596588,0.7989590375811527,0.7892788893874221,0.05502503460729846,0.22442226080246913,0.48517795138888886
coco,02,02_1_0437,4,top,02_1_0433,0.003922225441783667,0.13537651300430298,0.8182447146880798,0.6709109259293342,0.06400326908662861,0.21301456404320987,0.4684182098765432
coco,02,02_1_0437,5,fixed,02_1_0432,0.0021749131847172976,0.09308754652738571,0.7346867364596298,0.7300910528443777,0.12232542372275777,0.34012345679012346,0.621613136574074
coco,02,02_1_0437,8,top,02_1_0429,0.0049549899995327,0.20430254936218262,0.8011698363248484,0.698735975031917,0.11957625265372349,0.29216579861111114,0.4797366898148148
coco,02,02_1_0437,15,fixed,02_1_0421,6.821926217526197e-05,0.002377011813223362,0.6452881496584835,0.9023062271797704,0.08478942626678874,0.16631269290123457,0.44569974922839506
coco,02,02_1_0437,30,fixed,02_1_0406,2.402934478595853e-05,0.0008088432368822396,0.7974273558721482,0.6033763992699508,0.0853503263988812,0.24402440200617284,0.30097029320987656
coco,02,02_1_0437,60,fixed,02_1_0372,6.071221832826268e-06,0.0003285591083113104,0.396254539198382,0.7321312439861529,0.17538398556757687,0.33057484567901235,0.31669511959876545
coco,02,02_1_0587,1,fixed+top,02_1_0586,0.008912744000554085,0.20455728471279144,0.7659558823491692,0.5550611664497253,0.21948706507947446,0.18920958719135803,0.219375
coco,02,02_1_0587,2,top,02_1_0585,0.013775465078651905,0.41540592908859253,0.838403326410946,0.47677899606852453,0.11681958054667117,0.1419603587962963,0.35085985725308644
coco,02,02_1_0587,5,fixed,02_1_0582,0.0011163124581798911,0.033551450818777084,0.1866439360644666,0.5676794157059247,0.3731886267589639,0.07475405092592592,0.23452546296296295
coco,02,02_1_0587,15,fixed,02_1_0566,3.0082504963502288e-05,0.0013420102186501026,0.18213224510281223,0.3447510788889484,0.6346176839976071,0.06169849537037037,0.17580536265432098
coco,02,02_1_0587,30,fixed,02_1_0515,5.0950286095030606e-05,0.0013298013946041465,0.43506920084464973,0.5010660487554397,0.3237628596947716,0.05774112654320988,0.21088782793209876
coco,02,02_1_0587,60,fixed,02_1_0478,3.778969130507903e-06,0.00015785264258738607,0.6084634205605991,0.8631585864556347,0.0788096570471699,0.22055603780864197,0.534612750771605
coco,02,02_1_0587,64,top,02_1_0474,0.008872613310813904,0.14929690957069397,0.8023299428751763,0.12092425092935118,0.13374606021850527,0.15215181327160493,0.3767062114197531
coco,02,02_1_0707,1,fixed+top,02_1_0706,0.006309403106570244,0.2981213331222534,0.7202338719550679,0.5317414907581524,0.19676097937559447,0.20379677854938272,0.41497395833333334
coco,02,02_1_0707,2,top,02_1_0705,0.009565593674778938,0.4332008957862854,0.7054271572976163,0.53744833836045,0.18726753283980085,0.2011689814814815,0.3843142361111111
coco,02,02_1_0707,5,fixed,02_1_0702,0.003211506875231862,0.11363440752029419,0.6019645806707123,0.518523977663215,0.2671980936152771,0.10914641203703704,0.26089988425925925
coco,02,02_1_0707,8,top,02_1_0699,0.004211355000734329,0.13147811591625214,0.5865648026660243,0.5506017169639147,0.272306002774678,0.09716242283950617,0.3215118634259259
coco,02,02_1_0707,15,fixed,02_1_0691,0.00017726561054587364,0.004744622390717268,0.7584627798081681,0.36519411114787914,0.1597460960683812,0.08163917824074074,0.2683588927469136
coco,02,02_1_0707,30,fixed,02_1_0676,2.45926967181731e-05,0.0005126649048179388,0.34125179731980937,0.4714585666317652,0.5086510413734329,0.08594569830246913,0.1773683449074074
coco,02,02_1_0707,60,fixed,02_1_0627,4.456995611690218e-06,0.0001549131702631712,0.41766954875907236,0.5666102312823587,0.3765171518430669,0.1714916087962963,0.33655092592592595
coco,06,06_1_0395,1,fixed+top,06_1_0394,0.01661810278892517,0.3707242012023926,0.891410898051227,0.1584268114949588,0.075904042330413,0.15117573302469137,0.4332609953703704
coco,06,06_1_0395,2,top,06_1_0393,0.01825360581278801,0.4298813045024872,0.8995832146723808,0.19470764796558573,0.05818458206401445,0.143569637345679,0.34032310956790124
coco,06,06_1_0395,4,top,06_1_0391,0.007815707474946976,0.13558253645896912,0.8969646797894784,0.3236105196924638,0.08890852060425564,0.1381201774691358,0.1297164351851852
coco,06,06_1_0395,5,fixed,06_1_0390,0.0035769206006079912,0.07632693648338318,0.9098100558590898,0.2938538599302191,0.07891909119288555,0.14927276234567902,0.09077112268518518
coco,06,06_1_0395,15,fixed,06_1_0378,6.585578375961632e-05,0.001891645952127874,0.7209380726379155,0.896372124141901,0.043211644348917735,0.09298177083333334,0.3173630401234568
coco,06,06_1_0395,30,fixed,06_1_0363,1.9686958694364876e-06,0.0001247242616955191,0.19470855245588106,0.37006113741645613,0.5165995133232115,0.06612268518518519,0.2382860725308642
coco,06,06_1_0395,60,fixed,06_1_0290,4.855576207773993e-06,0.00018242270743940026,0.350364435607331,0.7868799669883778,0.19820487678065093,0.07856385030864198,0.7097926311728395
coco,06,06_1_0506,1,fixed+top,06_1_0505,0.0010160952806472778,0.037034519016742706,0.5395539784588432,0.440827265202782,0.39550188270587466,0.3769685570987654,0.5608256172839506
coco,06,06_1_0506,2,top,06_1_0504,0.0009325987193733454,0.012135128490626812,0.12149322190999354,0.2914995011816723,0.6875204069080363,0.2545187114197531,0.5245838155864198
coco,06,06_1_0506,4,top,06_1_0502,0.0004710171197075397,0.012257651425898075,0.4173049912537425,0.5726938042830829,0.36080413357342683,0.29450327932098763,0.5245968364197531
coco,06,06_1_0506,5,fixed,06_1_0501,0.00014252329128794372,0.003941843286156654,0.6138578224260882,0.31612193349850504,0.35689254816366744,0.2864607445987654,0.1899879436728395
coco,06,06_1_0506,15,fixed,06_1_0489,4.623494078259682e-06,0.00011808249837486073,0.659129032023795,0.7390742608694287,0.14307326343311877,0.1686207561728395,0.5225959683641975
coco,06,06_1_0506,30,fixed,06_1_0474,6.1192272369225975e-06,0.0002811863087117672,0.7257770104276435,0.4676702414255696,0.22813205696713804,0.1719945987654321,0.27719618055555556
coco,06,06_1_0506,60,fixed,06_1_0440,1.1083764547947794e-05,0.00024173954443540424,0.8185466843597965,0.3982333822386461,0.1452980043056494,0.3654692322530864,0.3994285300925926
coco,06,06_1_0610,1,fixed+top,06_1_0609,0.01093341689556837,0.2988380193710327,0.5655104618971667,0.9625237206586188,0.037133945496650396,0.12441309799382716,0.4629200424382716
coco,06,06_1_0610,2,top,06_1_0608,0.009632747620344162,0.27668166160583496,0.9495889478123,0.9149731701075485,0.02298963815822029,0.330736400462963,0.45045476466049383
coco,06,06_1_0610,4,top,06_1_0606,0.0050340513698756695,0.16271251440048218,0.9166994241988273,0.9477521417207382,0.023076168700202068,0.2918793402777778,0.4727372685185185
coco,06,06_1_0610,5,fixed,06_1_0605,0.0012466076295822859,0.0241346787661314,0.6297819613208436,0.9649402110363244,0.03505978896367585,0.08888165509259259,0.4873683449074074
coco,06,06_1_0610,15,fixed,06_1_0595,1.960521512955893e-05,0.0008271722472272813,0.8349538711385285,0.6629871999563056,0.04495120215472698,0.36963782793209876,0.3387229938271605
coco,06,06_1_0610,30,fixed,06_1_0579,4.004333277407568e-06,0.00010426149674458429,0.4533736781196213,0.37735374372779507,0.35050693649978193,0.34593894675925924,0.43515817901234566
coco,06,06_1_0610,60,fixed,06_1_0548,3.624357987064286e-06,0.00010419144382467493,0.6220698559816454,0.43478874665230216,0.23480591744376597,0.3054441550925926,0.48098283179012347
coco,06,06_1_0749,1,fixed+top,06_1_0748,0.020461756736040115,0.3316134214401245,0.661785674700455,0.5261749967571737,0.23188580104450732,0.2889607445987654,0.44492959104938273
coco,06,06_1_0749,2,top,06_1_0747,0.026310907676815987,0.6406280994415283,0.9148701022551371,0.5610525618044455,0.04965170508729633,0.3337639853395062,0.37633391203703703
coco,06,06_1_0749,4,top,06_1_0745,0.010058568790555,0.17385037243366241,0.9181099285852607,0.7151663465513411,0.062408928049419284,0.27694155092592593,0.37147183641975307
coco,06,06_1_0749,5,fixed,06_1_0744,0.004526729695498943,0.11179209500551224,0.7317483456876451,0.19922094301749416,0.22348289028163693,0.29252555941358027,0.3730574845679012
coco,06,06_1_0749,15,fixed,06_1_0705,2.257582855236251e-05,0.000319974817102775,0.7247613820800275,0.6193428338169794,0.15539002084506423,0.26937692901234567,0.4261053240740741
coco,06,06_1_0749,30,fixed,06_1_0690,8.015832463570405e-06,0.00022670283215120435,0.49335085759408687,0.3446293067039549,0.36643386257743144,0.33837770061728395,0.48442853009259257
coco,06,06_1_0749,60,fixed,06_1_0659,5.379319645726355e-06,6.750316970283166e-05,0.8511992500637893,0.8695218337044517,0.06223501479086182,0.1868426890432099,0.5934317129629629
coco,06,06_1_0905,1,fixed+top,06_1_0904,0.01531751174479723,0.3123456537723541,0.9013552925214954,0.5072164201798678,0.07093314920624033,0.5436332947530864,0.5979509066358024
coco,06,06_1_0905,2,top,06_1_0903,0.01257617212831974,0.342987984418869,0.8640602092762419,0.6755193006167772,0.048209518826841206,0.5773784722222223,0.6208154899691358
coco,06,06_1_0905,4,top,06_1_0900,0.006910361349582672,0.14116999506950378,0.8810381002941043,0.4033564918638149,0.06064944530889071,0.23499228395061728,0.5335021219135803
coco,06,06_1_0905,5,fixed,06_1_0899,0.0028199125081300735,0.08261195570230484,0.8729733045766349,0.6631278003158863,0.06871592521633292,0.4457378472222222,0.49810908564814815
coco,06,06_1_0905,15,fixed,06_1_0888,2.5641487809480168e-05,0.0015218713087961078,0.9013383987461745,0.37035476260225997,0.03905075518987473,0.6042539544753086,0.5088450038580247
coco,06,06_1_0905,30,fixed,06_1_0870,6.152481546450872e-06,9.556231088936329e-05,0.7935430781393162,0.23860973748860267,0.17501589461572212,0.42497202932098765,0.47120177469135804
coco,06,06_1_0905,60,fixed,06_1_0839,1.8076671040034853e-06,5.556649193749763e-05,0.48377796184556154,0.4103057127351765,0.4013646737731689,0.5069343171296297,0.4502276234567901
coco,06,06_1_1048,1,fixed+top,06_1_1047,0.00893186591565609,0.24639922380447388,0.8650545777464471,0.20368849835250066,0.08756364068447423,0.25055555555555553,0.2648263888888889
coco,06,06_1_1048,2,top,06_1_1046,0.01300338190048933,0.2812481224536896,0.8783584791783703,0.4961398381872113,0.023368671384456714,0.299945987654321,0.5634688464506172
coco,06,06_1_1048,4,top,06_1_1042,0.0053750984370708466,0.14843112230300903,0.9337560890840567,0.9096876856356818,0.012813184264243771,0.3804909336419753,0.5788406635802469
coco,06,06_1_1048,5,fixed,06_1_1041,0.003310822881758213,0.07870197296142578,0.7001879246044358,0.17213901718431185,0.2833786148799677,0.25561680169753087,0.4485812114197531
coco,06,06_1_1048,15,fixed,06_1_1031,8.49099742481485e-05,0.00152282090857625,0.9710658390551095,0.9040513432026819,0.013014890342220439,0.3887726658950617,0.47723765432098764
coco,06,06_1_1048,30,fixed,06_1_1015,1.4780765923205763e-05,0.0007047925610095263,0.7459603171733694,0.5895649649048387,0.14205545474669207,0.30258101851851854,0.42522087191358027
coco,06,06_1_1048,60,fixed,06_1_0974,7.391405233647674e-06,0.00021958995785098523,0.7116149095288643,0.4845839496183183,0.25468001406465707,0.2599884259259259,0.5602575231481481
coco,06,06_1_1188,1,fixed,06_1_1187,0.009984559379518032,0.17475169897079468,0.36891681178550073,0.31049234716408386,0.33182198074051156,0.13294319058641976,0.41376832561728394
coco,06,06_1_1188,2,top,06_1_1185,0.01281806267797947,0.18946044147014618,0.805385761419066,0.7939597728813667,0.07189238601853618,0.20185378086419753,0.3803076774691358
coco,06,06_1_1188,4,top,06_1_1181,0.0067231180146336555,0.15111033618450165,0.4803247070551755,0.4214502449946229,0.29635107435262203,0.18188898533950618,0.4143455825617284
coco,06,06_1_1188,5,fixed,06_1_1180,0.003954289481043816,0.14803093671798706,0.6842449057110433,0.26889380220674564,0.2379041509464542,0.2156983024691358,0.1808106674382716
coco,06,06_1_1188,8,top,06_1_1177,0.0069483136758208275,0.22334538400173187,0.7838253229000771,0.38935805476565283,0.07966839228373786,0.19366753472222223,0.5165461033950617
coco,06,06_1_1188,15,fixed,06_1_1170,0.00011999037815257907,0.0032463022507727146,0.8028009871107434,0.10214152884872514,0.1511156916754033,0.19961082175925926,0.2821358989197531
coco,06,06_1_1188,30,fixed,06_1_1155,1.1605494364630431e-05,0.00032248126808553934,0.46727762554642666,0.316489415725561,0.3302077370331795,0.12277777777777778,0.20485918209876544
coco,06,06_1_1188,60,fixed,06_1_1123,3.6507644836092368e-06,0.00018415544764138758,0.774312000288909,0.7350626782089512,0.044849203028217675,0.21497395833333333,0.6568229166666667
coco,06,06_1_1301,1,fixed+top,06_1_1300,0.005985448136925697,0.22109103202819824,0.9095107543087769,0.11229746832230421,0.08196379225869387,0.31417582947530864,0.09796006944444445
coco,06,06_1_1301,2,top,06_1_1299,0.009220573119819164,0.27096617221832275,0.9272576178607338,0.41703901183671294,0.027848310363937236,0.4013705632716049,0.5976885609567901
coco,06,06_1_1301,4,top,06_1_1297,0.007728542201220989,0.1995445340871811,0.8953333852796086,0.715757062187312,0.07265622741814852,0.24458670910493827,0.4086641589506173
coco,06,06_1_1301,5,fixed,06_1_1296,0.0032119741663336754,0.0871121734380722,0.7728135263158549,0.5270835570740645,0.11107336658231884,0.2338358410493827,0.36777247299382715
coco,06,06_1_1301,15,fixed,06_1_1281,6.009097705828026e-05,0.0030676492024213076,0.6462234550610313,0.25814313704902936,0.1155942939512102,0.4302030285493827,0.38296489197530864
coco,06,06_1_1301,30,fixed,06_1_1266,7.257630932144821e-05,0.0032200170680880547,0.9634300889231618,0.07937128072560447,0.033408059918221905,0.5287852044753086,0.30572193287037036
coco,06,06_1_1301,60,fixed,06_1_1233,2.219572343165055e-05,0.0007630211766809225,0.6506589124935787,0.32409604309656637,0.21899234143409524,0.23520351080246912,0.43385898919753085
coco,06,06_1_1418,1,fixed+top,06_1_1417,0.01614052802324295,0.5446054339408875,0.9057888470629522,0.19104648267233212,0.07194562305866593,0.2647902199074074,0.40371672453703705
coco,06,06_1_1418,2,top,06_1_1416,0.012100310064852238,0.2628602683544159,0.8552037608765637,0.08556839659160337,0.08849332161171028,0.2966724537037037,0.3785908564814815
coco,06,06_1_1418,4,top,06_1_1414,0.01044805720448494,0.292384535074234,0.9174442744226107,0.5001464682117035,0.02374512354292245,0.3375896990740741,0.575943287037037
coco,06,06_1_1418,5,fixed,06_1_1413,0.0029803793877363205,0.08919914811849594,0.8773376728879217,0.03060236189168392,0.10730831658829675,0.30491849922839503,0.14476514274691357
coco,06,06_1_1418,15,fixed,06_1_1403,4.6799461415503174e-05,0.001064269570633769,0.8422493042394452,0.06624498107473227,0.14260895481524516,0.3317433449074074,0.1646706211419753
coco,06,06_1_1418,30,fixed,06_1_1388,1.2768318811140489e-05,0.00044162175618112087,0.7560330817518968,0.5131902853952529,0.10510316930036499,0.3963329475308642,0.41585407021604937
coco,06,06_1_1418,60,fixed,06_1_1346,8.779710697126575e-06,0.00034584375680424273,0.7095366928641749,0.50702672291394,0.12384554068721805,0.3632826967592593,0.41626350308641974
coco,06,06_2_0326,1,fixed,06_2_0325,0.005311649292707443,0.15346430242061615,0.6578759733417844,0.5615541915560143,0.25801453672840435,0.32024353780864195,0.45793402777777775
coco,06,06_2_0326,2,top,06_2_0324,0.006498674862086773,0.15976828336715698,0.6354079571278587,0.4227109658571451,0.3179389558618545,0.36094907407407406,0.3896363811728395
coco,06,06_2_0326,4,top,06_2_0322,0.008093295618891716,0.2746853828430176,0.827159028272157,0.5397384517667415,0.05588105451269662,0.284867862654321,0.4300443672839506
coco,06,06_2_0326,5,fixed,06_2_0321,0.002136761322617531,0.0765518993139267,0.9024715991453992,0.3427861499696865,0.045621756242646444,0.3294627700617284,0.4877459490740741
coco,06,06_2_0326,8,top,06_2_0318,0.004800702445209026,0.14141306281089783,0.9498218141608261,0.2932970792417922,0.04958642926569743,0.42819203317901233,0.18519386574074073
coco,06,06_2_0326,15,fixed,06_2_0311,8.005041308933869e-05,0.002249321900308132,0.5160932454149816,0.16022513921938122,0.38856244891460684,0.08975308641975309,0.37915943287037035
coco,06,06_2_0326,30,fixed,06_2_0296,1.4628823919338174e-05,0.000741015886887908,0.7958910972169696,0.05657306799916947,0.17939760549131978,0.32916811342592595,0.07520785108024691
coco,06,06_2_0326,60,fixed,06_1_1459,6.218283488124143e-06,0.00024853128707036376,0.7572659682346373,0.42745085401374777,0.18598463197766682,0.32884355709876545,0.42430025077160494
coco,06,06_2_0434,1,fixed+top,06_2_0433,0.00627492181956768,0.2601791024208069,0.9631946705115292,0.4291845909134951,0.025846143322067475,0.7108034336419753,0.4947072723765432
coco,06,06_2_0434,2,top,06_2_0432,0.014202122576534748,0.4639686048030853,0.9567845627707671,0.6768815661244593,0.023948295259544297,0.6768045910493827,0.5486255787037037
coco,06,06_2_0434,4,top,06_2_0430,0.006770886480808258,0.17236225306987762,0.9253698110235815,0.7516168869011431,0.037515033545465336,0.4675564236111111,0.6217737268518518
coco,06,06_2_0434,5,fixed,06_2_0429,0.003140205517411232,0.09846046566963196,0.46385551601727887,0.36468150489393975,0.2756954437787115,0.25526427469135804,0.4006688850308642
coco,06,06_2_0434,15,fixed,06_2_0417,3.9202437619678676e-05,0.0012343141715973616,0.9257367197006208,0.89762285480176,0.041894455353082054,0.549975887345679,0.7570534336419753
coco,06,06_2_0434,30,fixed,06_2_0402,1.2001170034636743e-05,0.0004080875660292804,0.7062590990454994,0.6036208526285497,0.06526397855176465,0.4411858603395062,0.4649619020061728
coco,06,06_2_0434,60,fixed,06_2_0369,1.3391087122727185e-05,0.0005288083339110017,0.7730506637619454,0.26816839074719023,0.20383634755162278,0.21124421296296297,0.36117525077160495
coco,06,06_2_0542,1,fixed,06_2_0541,0.0031928750686347485,0.08519729971885681,0.7070409462789821,0.04845536980764709,0.252237455949157,0.45252170138888886,0.26798466435185186
coco,06,06_2_0542,2,top,06_2_0540,0.008697941899299622,0.1983797252178192,0.8485198996600322,0.7364806189522191,0.11192873901603188,0.29121190200617286,0.26795862268518517
coco,06,06_2_0542,4,top,06_2_0538,0.003705849638208747,0.1065073311328888,0.8352294413711987,0.047475629103825974,0.15817065372273975,0.3953125,0.23578703703703704
coco,06,06_2_0542,5,fixed,06_2_0535,0.004787717014551163,0.161003977060318,0.8255878858636139,0.2594575375188302,0.12062869755765006,0.31361448688271604,0.3620804398148148
coco,06,06_2_0542,8,top,06_2_0532,0.0038647076580673456,0.13512465357780457,0.8289784651926736,0.3630037671433359,0.1601697093866779,0.31949990354938274,0.22131462191358026
coco,06,06_2_0542,15,fixed,06_2_0525,0.000100322300568223,0.004246254917234182,0.7730613909300189,0.4171750669412187,0.06887290093797753,0.21421730324074073,0.3382079475308642
coco,06,06_2_0542,30,fixed,06_2_0510,0.00011729352263500914,0.003452543867751956,0.8677570601054342,0.08517174791767497,0.06093555650892169,0.19350501543209878,0.3421354166666667
coco,06,06_2_0542,60,fixed,06_2_0477,1.8506107153370976e-05,0.0008207354694604874,0.7866703619102101,0.45176213494664447,0.11410642105002618,0.352325424382716,0.5325742669753086
coco,06,06_2_0659,1,fixed+top,06_2_0658,0.01179182156920433,0.5446420907974243,0.5359376152268592,0.45750681444409813,0.08041222368139643,0.2821180555555556,0.3613199266975309
coco,06,06_2_0659,2,top,06_2_0657,0.010029412806034088,0.3935331702232361,0.8489526918205641,0.2652240607093199,0.03219752277758412,0.46706838348765434,0.3054398148148148
coco,06,06_2_0659,4,top,06_2_0655,0.009269476868212223,0.38238081336021423,0.7219967251707008,0.42312327816749373,0.16829779198655576,0.17952208719135804,0.3292091049382716
coco,06,06_2_0659,5,fixed,06_2_0654,0.002239692723378539,0.07707493007183075,0.8287133724763536,0.3438602651274806,0.07599184922786542,0.3695847800925926,0.3737355324074074
coco,06,06_2_0659,15,fixed,06_2_0644,0.0001883056538645178,0.005963431671261787,0.8437822437590558,0.11955692091397582,0.15130159491683706,0.5002551118827161,0.06632040895061729
coco,06,06_2_0659,30,fixed,06_2_0625,8.716368756722659e-05,0.0014744296204298735,0.8737711198199293,0.12297143744236784,0.06873769968786805,0.4940157214506173,0.4839274691358025
coco,06,06_2_0659,60,fixed,06_2_0584,1.9545203031157143e-05,0.0007463060319423676,0.9541597678838133,0.4161017967222611,0.03214358830717932,0.5214091435185185,0.4706712962962963
coco,08,08_1_0380,1,fixed,08_1_0379,0.0032362835481762886,0.06973110139369965,0.47526351967500935,0.4272145375211943,0.10486845710268564,0.04053626543209877,0.6662123842592592
coco,08,08_1_0380,2,top,08_1_0378,0.0075072613544762135,0.1734682321548462,0.11835729063852882,0.8465611913981252,0.04314535390569685,0.041569251543209874,0.6416517168209876
coco,08,08_1_0380,4,top,08_1_0376,0.015476001426577568,0.3259764015674591,0.9519687622065125,0.25494493621048764,0.006783595841149042,0.3324845679012346,0.6558661265432099
coco,08,08_1_0380,5,fixed,08_1_0375,0.011646296828985214,0.22897712886333466,0.9896913887942278,0.09827657352061374,0.0039002765554869323,0.4125289351851852,0.7071971450617284
coco,08,08_1_0380,8,top,08_1_0372,0.0161188542842865,0.31735023856163025,0.9823111615145628,0.04356839727326094,0.00979998464786372,0.3005652006172839,0.6807711226851851
coco,08,08_1_0380,15,fixed,08_1_0354,7.241649291245267e-05,0.0022969311103224754,0.34353003836766755,0.30680490449382863,0.4176253802773135,0.13569782021604937,0.2844333526234568
coco,08,08_1_0380,30,fixed,08_1_0339,6.683154424536042e-06,0.00017648858192842454,0.5588015768895543,0.5576523021770178,0.08190176758994629,0.3090229552469136,0.5896344521604938
coco,08,08_1_0380,60,fixed,08_1_0242,5.484279427037109e-06,0.00015829007315915078,0.674427280878015,0.6328260340011446,0.12232344483391687,0.20710889274691358,0.5379957561728395
coco,08,08_1_0498,1,fixed+top,08_1_0497,0.010587307624518871,0.31395137310028076,0.8683215370483052,0.3137671902068765,0.0898472389695675,0.2596503665123457,0.46225453317901233
coco,08,08_1_0498,2,top,08_1_0496,0.00834711268544197,0.21876049041748047,0.8767581012138268,0.31176392718123297,0.05459782676097972,0.17299382716049383,0.44570216049382716
coco,08,08_1_0498,4,top,08_1_0494,0.0063840728253126144,0.11049313843250275,0.8840385323100767,0.27220139972834034,0.07037553975195918,0.20929108796296297,0.5853245563271605
coco,08,08_1_0498,5,fixed,08_1_0493,0.0024503152817487717,0.05638788267970085,0.8928016994775045,0.20803139445042187,0.08799328370357769,0.20806230709876544,0.42551022376543207
coco,08,08_1_0498,15,fixed,08_1_0482,0.00016487012908328325,0.0039037722162902355,0.8894361266994547,0.07519876956766952,0.04260842439844784,0.15651765046296295,0.46909770447530863
coco,08,08_1_0498,30,fixed,08_1_0455,4.6989822294563055e-05,0.001180229359306395,0.9394774683641414,0.3594604561156789,0.02624007268456983,0.21792824074074074,0.5549633487654321
coco,08,08_1_0498,60,fixed,08_1_0421,7.30779065634124e-05,0.002558802952989936,0.846846570606209,0.6074318017903899,0.07230430503951049,0.350570987654321,0.3631722608024691
coco,08,08_1_0606,1,fixed+top,08_1_0605,0.007928788661956787,0.1329345405101776,0.9578766041191937,0.4848956128292592,0.024690230587810516,0.36037278163580244,0.4409659529320988
coco,08,08_1_0606,4,top,08_1_0602,0.004271571058779955,0.12789972126483917,0.9369118001519282,0.6719483420957763,0.04059641641801789,0.4780647183641975,0.49165895061728393
coco,08,08_1_0606,5,fixed,08_1_0601,0.003017683979123831,0.0977582037448883,0.9486574150485808,0.4284747956015037,0.031171582715886836,0.3316845100308642,0.31680989583333335
coco,08,08_1_0606,15,fixed,08_1_0590,0.00011429610458435491,0.0048207445070147514,0.9278074210278456,0.8004074431643808,0.009142317542962897,0.3467838541666667,0.5604933449074074
coco,08,08_1_0606,16,top,08_1_0589,0.0047027235850691795,0.1506037414073944,0.9449663591153732,0.19114290452095362,0.024514068746431375,0.36412422839506176,0.5748900462962963
coco,08,08_1_0606,30,fixed,08_1_0575,2.3093114577932283e-05,0.0007354742265306413,0.6617841928022499,0.39732284336791346,0.19541905484812486,0.20807002314814815,0.3987606095679012
coco,08,08_1_0606,60,fixed,08_1_0541,1.1871828974108212e-05,0.00036802838440053165,0.8136124931537603,0.20633185463909298,0.09486934602296965,0.2867944637345679,0.5194063464506172
coco,08,08_1_0718,1,fixed+top,08_1_0717,0.02096317894756794,0.7533524036407471,0.8498699404772259,0.5912936802259168,0.01747082448121387,0.31515625,0.5779325810185185
coco,08,08_1_0718,2,top,08_1_0715,0.015377813950181007,0.5493956804275513,0.9802173793924008,0.43827399420726093,0.005168141403378941,0.39372251157407406,0.5568127893518519
coco,08,08_1_0718,4,top,08_1_0713,0.007901763543486595,0.3920130133628845,0.9280679463068109,0.8978861280811242,0.025152103768865307,0.4654615162037037,0.5516304976851852
coco,08,08_1_0718,5,fixed,08_1_0712,0.0007574430201202631,0.01274047326296568,0.8382684108662918,0.7459227164983,0.04269138845842471,0.23780864197530865,0.5089756944444445
coco,08,08_1_0718,15,fixed,08_1_0702,6.972780829528347e-05,0.0012394788209348917,0.763537571113587,0.6641443403325905,0.150263760661383,0.23918113425925927,0.5536738040123457
coco,08,08_1_0718,30,fixed,08_1_0684,4.872740100836381e-05,0.0011182742891833186,0.872756307892611,0.3084138548336331,0.0950290480007539,0.25959153163580245,0.7447646604938272
coco,08,08_1_0718,60,fixed,08_1_0651,9.436269465368241e-06,0.00029796306625939906,0.8925507354730077,0.24272119868890166,0.038888895473546195,0.2717886766975309,0.6451895254629629
coco,08,08_1_0838,1,fixed+top,08_1_0837,0.004822615534067154,0.16714723408222198,0.7973027941421498,0.8259358910207502,0.015141990926220168,0.36299672067901234,0.6199464699074074
coco,08,08_1_0838,2,top,08_1_0836,0.00404351158067584,0.18354788422584534,0.9123769972488148,0.7373900784665995,0.06713021560035169,0.46069492669753087,0.6786289544753087
coco,08,08_1_0838,4,top,08_1_0834,0.0028140172362327576,0.09618505835533142,0.9046843930389318,0.4772816260130621,0.02612164846428951,0.42420235339506174,0.6564800347222223
coco,08,08_1_0838,5,fixed,08_1_0833,0.0016549075953662395,0.04824316129088402,0.8122926538238544,0.4946493074454877,0.035315731192789496,0.3040528549382716,0.6443913966049383
coco,08,08_1_0838,15,fixed,08_1_0821,1.947806595126167e-05,0.0009155901498161256,0.65735427284864,0.7164770584835379,0.11834718568111886,0.3004735725308642,0.550210262345679
coco,08,08_1_0838,30,fixed,08_1_0806,1.9671235349960625e-05,0.0010724561288952827,0.791854307854751,0.8320307317054285,0.15363153599471588,0.25873312114197533,0.5742645640432099
coco,08,08_1_0838,60,fixed,08_1_0766,1.1409135368012358e-05,0.0002959434932563454,0.8450975418467987,0.41151760286765277,0.058034789908102395,0.14911940586419753,0.4220924961419753
coco,08,08_1_1074,1,fixed+top,08_1_1071,0.0018189563415944576,0.02762790024280548,0.20127147116269428,0.8432941284450215,0.07323326490612225,0.1886501736111111,0.46639998070987654
coco,08,08_1_1074,2,top,08_1_1070,0.0018385289004072547,0.07079113274812698,0.4292274262264973,0.467538531359528,0.44963677263682084,0.1391623263888889,0.4528221450617284
coco,08,08_1_1074,4,top,08_1_1068,0.002740229247137904,0.09016934037208557,0.40261021402426916,0.6718896316093542,0.23012533240245092,0.2256712962962963,0.5181741898148148
coco,08,08_1_1074,5,fixed,08_1_1067,0.00048381066881120205,0.012216569855809212,0.4048236417673264,0.7940890560940155,0.09650943751647222,0.3052416087962963,0.7309490740740741
coco,08,08_1_1074,15,fixed,08_1_1054,1.3177052096580155e-05,0.00019157936912961304,0.18767324315984527,0.7470004584284582,0.2529734263105588,0.15529513888888888,0.6098249421296297
coco,08,08_1_1074,30,fixed,08_1_1038,6.9448915382963605e-06,0.00023345892259385437,0.22350896044214144,0.7402838624161054,0.19950708453209015,0.1994873649691358,0.4281510416666667
coco,08,08_1_1074,60,fixed,08_1_0989,1.6594243788858876e-05,0.0004392637056298554,0.9053519083329115,0.9769798079855027,0.0018417283841049492,0.1131934799382716,0.7657040895061729
coco,08,08_1_1192,1,fixed+top,08_1_1191,0.014133851043879986,0.6646026968955994,0.8686752571916256,0.17067616031822958,0.09512137149768868,0.3297728587962963,0.2935546875
coco,08,08_1_1192,2,top,08_1_1190,0.010292843915522099,0.3918383717536926,0.8584949940882208,0.3031838074073654,0.07684558176127469,0.2710561342592593,0.5496161265432099
coco,08,08_1_1192,4,top,08_1_1187,0.004144791979342699,0.15085943043231964,0.86595620478723,0.7017176218082454,0.07106402855350988,0.2748654513888889,0.30344039351851854
coco,08,08_1_1192,5,fixed,08_1_1186,0.004491777159273624,0.10957273840904236,0.9286351479691262,0.3131176874645681,0.05548765031340177,0.25904851466049383,0.32912953317901233
coco,08,08_1_1192,15,fixed,08_1_1172,0.00011018650548066944,0.0018052770756185055,0.7327986673993407,0.2179949287495051,0.07845438659222227,0.05334780092592593,0.263984375
coco,08,08_1_1192,30,fixed,08_1_1157,2.3586046154377982e-05,0.001177539466880262,0.49792281882940287,0.5030988425073979,0.3924356248343408,0.18309172453703704,0.4240036651234568
coco,08,08_1_1192,60,fixed,08_1_1117,1.6796289855847135e-05,0.0007500176434405148,0.9000522715575446,0.7180167265690314,0.009698157468719392,0.37205922067901237,0.7885522762345679
coco,08,08_1_1306,1,fixed+top,08_1_1305,0.0070332614704966545,0.2730095386505127,0.43479489400145777,0.12161272149575585,0.5409763435105593,0.22733458719135802,0.20867283950617285
coco,08,08_1_1306,2,top,08_1_1304,0.011515714228153229,0.6108862161636353,0.7780132740409684,0.4161539994228754,0.15855119711906943,0.25764612268518516,0.4182966820987654
coco,08,08_1_1306,4,top,08_1_1302,0.0068826088681817055,0.15975752472877502,0.19890945977253044,0.5406079471098616,0.3072042648903967,0.1186549961419753,0.48073784722222224
coco,08,08_1_1306,5,fixed,08_1_1300,0.003112740581855178,0.12002857029438019,0.24207649134787593,0.08448465423043508,0.6780805375311352,0.11887104552469135,0.20424768518518518
coco,08,08_1_1306,15,fixed,08_1_1289,0.000200607770239003,0.005295008420944214,0.1709222200667973,0.0022700245987816244,0.8268077553344207,0.13487220293209876,0.06653404706790124
coco,08,08_1_1306,30,fixed,08_1_1273,3.0238930776249617e-05,0.0006470654625445604,0.8657424459744812,0.48394661340214185,0.10846723985042976,0.17622685185185186,0.35412133487654324
coco,08,08_1_1306,60,fixed,08_1_1235,5.931813120696461e-07,2.8792032026103698e-05,0.1168506967083097,0.023817944596088284,0.8772059963770925,0.20022376543209877,0.04828800154320988
coco,08,08_1_1443,1,fixed+top,08_1_1442,0.02681785635650158,0.553270697593689,0.752438593487313,0.7797415942672123,0.015635499352168087,0.1469820601851852,0.6197680362654321
coco,08,08_1_1443,2,top,08_1_1441,0.019086215645074844,0.47450771927833557,0.649392834815904,0.5863568572710799,0.05378317744670846,0.16653211805555557,0.6014766589506173
coco,08,08_1_1443,4,top,08_1_1439,0.015578167513012886,0.5131535530090332,0.720857589643099,0.11329630048065321,0.20834316775893133,0.1756741898148148,0.3343127893518518
coco,08,08_1_1443,5,fixed,08_1_1438,0.0027415903750807047,0.06395827978849411,0.7909731217794828,0.42485059917088486,0.14815887387066173,0.24253134645061727,0.6034418402777778
coco,08,08_1_1443,15,fixed,08_1_1423,0.00014330327394418418,0.005038511473685503,0.7530591664752219,0.9171951470275875,0.07279992345308703,0.14673611111111112,0.48800009645061726
coco,08,08_1_1443,30,fixed,08_1_1398,4.164834535913542e-05,0.001182969892397523,0.4912972940649037,0.36393590679512117,0.20636928067703397,0.11766203703703704,0.22870081018518518
coco,08,08_1_1443,60,fixed,08_1_1361,1.5088926375028677e-06,4.76265704492107e-05,0.2656645999931193,0.19005611211627493,0.5684145788867542,0.15253472222222222,0.2803838734567901
coco,08,08_1_1569,1,fixed,08_1_1568,0.003336843801662326,0.15796421468257904,0.791213198180295,0.6703187770741463,0.08459777961683207,0.20076630015432098,0.426030574845679
coco,08,08_1_1569,2,top,08_1_1567,0.005920738913118839,0.23734432458877563,0.8009026890248621,0.5474458651660419,0.11988744604418636,0.1354716435185185,0.3869921875
coco,08,08_1_1569,4,top,08_1_1564,0.005096072796732187,0.3030720055103302,0.8058404880238008,0.4033336070714771,0.15337661196894575,0.18746720679012346,0.2750221836419753
coco,08,08_1_1569,5,fixed,08_1_1563,0.003515774616971612,0.13028399646282196,0.8352096675959535,0.3791350205542829,0.024200005818731843,0.20830439814814813,0.6902633101851852
coco,08,08_1_1569,8,top,08_1_1559,0.0027529001235961914,0.13733944296836853,0.8084213198394169,0.3267872454247924,0.1199334442262824,0.22999131944444445,0.43495707947530865
coco,08,08_1_1569,15,fixed,08_1_1551,9.721877722768113e-05,0.003385260934010148,0.780750898010511,0.2996646083637849,0.16193648347966902,0.2007378472222222,0.23349488811728394
coco,08,08_1_1569,30,fixed,08_1_1528,1.2222935765748844e-05,0.00045361192314885557,0.715019420347978,0.434667091121302,0.1553544229722001,0.12040316358024691,0.5118349729938272
coco,08,08_1_1569,60,fixed,08_1_1486,1.6947302356129512e-05,0.0006786527810618281,0.6589581795706785,0.25575033632028865,0.31814797861850425,0.22785349151234568,0.37284770447530863
coco,08,08_2_0229,1,fixed+top,08_2_0228,0.009065434336662292,0.28032392263412476,0.8086724164111339,0.09192783619348169,0.14848772893920534,0.21689766589506174,0.49873119212962963
coco,08,08_2_0229,4,top,08_2_0225,0.006376373581588268,0.26711806654930115,0.4000604496610945,0.08725667013652179,0.5732269527995051,0.16437885802469135,0.3561111111111111
coco,08,08_2_0229,5,fixed,08_2_0224,0.007607033010572195,0.21756130456924438,0.8821308599277587,0.21236192363686524,0.10477896022441416,0.3194753086419753,0.3200901813271605
coco,08,08_2_0229,8,top,08_2_0220,0.0033500720746815205,0.12650524079799652,0.861918475276196,0.3321188578402589,0.07749064689574967,0.28668595679012343,0.4750684799382716
coco,08,08_2_0229,15,fixed,08_2_0213,2.5941904823412187e-05,0.001070346450433135,0.9185700146412225,0.50422756072476,0.05138015795327389,0.3205444637345679,0.5112181712962963
coco,08,08_2_0229,30,fixed,08_1_1651,2.296686579938978e-05,0.0011943302815780044,0.7964052603398692,0.18110166090670324,0.12391302963001188,0.19978973765432098,0.5776847029320987
coco,08,08_2_0229,60,fixed,08_1_1619,1.3250087249616627e-06,5.142296140547842e-05,0.24013620564896396,0.27932347132797924,0.6151553049657341,0.11675636574074075,0.2667235725308642
coco,08,08_2_0372,1,fixed+top,08_2_0371,0.013721926137804985,0.4089128375053406,0.938078478986827,0.5107269444948452,0.03189687795232338,0.4435083912037037,0.5458048804012345
coco,08,08_2_0372,2,top,08_2_0370,0.007907023653388023,0.23318181931972504,0.9129637502634637,0.667924757850568,0.04290356695476303,0.4230979938271605,0.5430656828703704
coco,08,08_2_0372,4,top,08_2_0368,0.012073101475834846,0.20786257088184357,0.8097191268691188,0.3637581248124283,0.032776126063576466,0.22082175925925926,0.6569642168209876
coco,08,08_2_0372,5,fixed,08_2_0363,0.0037130676209926605,0.0993497371673584,0.8350530204446085,0.2459227133928191,0.07672202606420747,0.17206597222222222,0.6934418402777778
coco,08,08_2_0372,15,fixed,08_2_0353,7.409592944895849e-05,0.0025973597075790167,0.9014516101319767,0.5343930919502532,0.04975134965283724,0.290766300154321,0.43820746527777776
coco,08,08_2_0372,30,fixed,08_2_0337,1.694976890576072e-05,0.0007580596138723195,0.8286666540855175,0.5250719400788347,0.058718152436981405,0.3379123263888889,0.5761805555555556
coco,08,08_2_0372,60,fixed,08_2_0291,7.649218787264545e-07,3.540507168509066e-05,0.18884478925337334,0.5232074880642406,0.35304472500182804,0.19953221450617284,0.508701774691358
coco,08,08_2_0513,1,fixed+top,08_2_0512,0.017452266067266464,0.6496648788452148,0.8825901406452453,0.4465423512588942,0.045721427786878564,0.29085648148148147,0.5135850694444445
coco,08,08_2_0513,2,top,08_2_0511,0.00925474427640438,0.23391884565353394,0.7603096842765686,0.8472057580442749,0.05381090999020098,0.28230806327160496,0.4927107445987654
coco,08,08_2_0513,4,top,08_2_0507,0.009008278138935566,0.2630019187927246,0.8903353939825066,0.19199591082210396,0.049675200204414426,0.690582561728395,0.43991608796296294
coco,08,08_2_0513,5,fixed,08_2_0506,0.003831692272797227,0.12800262868404388,0.6809385335977229,0.17288113756299364,0.3104549455528659,0.6368070023148148,0.40271701388888886
coco,08,08_2_0513,15,fixed,08_2_0496,0.00011325070227030665,0.0024150253739207983,0.5619988507066309,0.12896938026615865,0.3090317690272102,0.1540186149691358,0.24493682484567902
coco,08,08_2_0513,30,fixed,08_2_0477,1.3217531886766665e-05,0.0003552008420228958,0.3984087045665595,0.65171873931678,0.30387468037172755,0.1857002314814815,0.27106577932098763
coco,08,08_2_0513,60,fixed,08_2_0430,9.105402227760351e-07,1.2029986464767717e-05,0.05126246599492371,0.7025533810068614,0.2519094338219561,0.0743479938271605,0.5283815586419753
coco,09,09_1_0396,1,fixed,09_1_0395,0.00567899364978075,0.1296650469303131,0.8158824017772023,0.8186514019588,0.1338947659044134,0.08303192515432099,0.22062114197530863
coco,09,09_1_0396,2,top,09_1_0394,0.024771489202976227,0.4235326945781708,0.6606902355469847,0.8506115920449882,0.14938840795501193,0.029402970679012347,0.20492621527777777
coco,09,09_1_0396,4,top,09_1_0392,0.015686016529798508,0.4349871575832367,0.5169106501640155,0.8829692294483876,0.10875105446792944,0.02337962962962963,0.1985522762345679
coco,09,09_1_0396,5,fixed,09_1_0391,0.003017811104655266,0.050088461488485336,0.4863549193881711,0.7402220032177689,0.20035310507049184,0.024137731481481482,0.20104311342592593
coco,09,09_1_0396,15,fixed,09_1_0381,2.6237936253892258e-05,0.0009264826076105237,0.42096198577404564,0.32255258429837574,0.4903143619971236,0.11764805169753087,0.17083912037037038
coco,09,09_1_0396,16,top,09_1_0313,0.00904291495680809,0.30102357268333435,0.43358655431603804,0.48657502437816474,0.5025115322528768,0.06125578703703704,0.30666666666666664
coco,09,09_1_0396,30,fixed,09_1_0293,1.5864736269577406e-05,0.00041438022162765265,0.28140654209043375,0.4835777892945186,0.48265726373222256,0.169477237654321,0.39580005787037037
coco,09,09_1_0396,60,fixed,09_1_0256,2.9180246201576665e-05,0.00029426952823996544,0.11140714724164014,0.12238811327405119,0.8761630754700716,0.15171682098765432,0.37319685570987654
coco,09,09_1_0532,1,fixed,09_1_0531,0.005980683024972677,0.18472999334335327,0.6374231412732835,0.42180170747094103,0.24985903848820798,0.07707658179012346,0.25583815586419756
coco,09,09_1_0532,2,top,09_1_0530,0.008082923479378223,0.28279051184654236,0.37285888221284785,0.5721723743831136,0.3079936442152526,0.07644965277777778,0.35587770061728397
coco,09,09_1_0532,4,top,09_1_0526,0.010688112117350101,0.323177695274353,0.5341956478530363,0.6593352435425913,0.21316183341512585,0.06985387731481481,0.28945891203703705
coco,09,09_1_0532,5,fixed,09_1_0524,0.0030013530049473047,0.09586789458990097,0.6784306870015147,0.9046211687383439,0.08349258649449295,0.09719907407407408,0.272421875
coco,09,09_1_0532,8,top,09_1_0521,0.0058801304548978806,0.16603530943393707,0.830470241635246,0.9227369943114925,0.021510527262197682,0.14999951774691359,0.41629340277777777
coco,09,09_1_0532,15,fixed,09_1_0513,6.276328349485993e-06,0.0003408245975151658,0.39024212016509663,0.5443909864917644,0.32746395207559453,0.06432291666666666,0.3218190586419753
coco,09,09_1_0532,30,fixed,09_1_0496,4.313402769184904e-06,8.151682413881645e-05,0.09113713833798161,0.31396073934501423,0.6169931907636965,0.08859953703703703,0.3848804012345679
coco,09,09_1_0532,60,fixed,09_1_0451,2.646106258907821e-05,0.00033718941267579794,0.7298404073693076,0.8823483356873382,0.11765166431266186,0.05135030864197531,0.21933497299382715
coco,09,09_1_0659,1,fixed+top,09_1_0658,0.003283004742115736,0.1616562008857727,0.9105801796425469,0.5593348166228959,0.03650538024648015,0.31941743827160496,0.3650757137345679
coco,09,09_1_0659,2,top,09_1_0657,0.003643594216555357,0.15037880837917328,0.911873937584253,0.6462338904634791,0.027955430959473355,0.3229060570987654,0.3667539544753086
coco,09,09_1_0659,4,top,09_1_0655,0.002238059416413307,0.11578068882226944,0.943001494238134,0.6401479819231283,0.013373663293639752,0.2915470679012346,0.3696069637345679
coco,09,09_1_0659,5,fixed,09_1_0654,0.0005937499227002263,0.025072097778320312,0.9282596181626732,0.45514401336623383,0.016354949903646637,0.2025313464506173,0.29854697145061726
coco,09,09_1_0659,15,fixed,09_1_0638,1.4697517144668382e-05,0.000674828770570457,0.6300279598491096,0.8653597142679839,0.06771868544021802,0.20021363811728396,0.561556712962963
coco,09,09_1_0659,30,fixed,09_1_0620,9.892205525829922e-07,1.4856606867397204e-05,0.3933619385878536,0.658887895125797,0.3274068130420594,0.1452416087962963,0.40720341435185187
coco,09,09_1_0659,60,fixed,09_1_0585,2.499438323866343e-06,6.849430064903572e-05,0.436279749709875,0.3237107088479078,0.4410012737890562,0.11834297839506173,0.2765977044753086
coco,09,09_1_0792,1,fixed+top,09_1_0791,0.005361261311918497,0.13989880681037903,0.6861330689964928,0.2599119892232237,0.3018817627233402,0.3277083333333333,0.2638016010802469
coco,09,09_1_0792,2,top,09_1_0790,0.007235177792608738,0.2064897119998932,0.7621395291253326,0.5650032473864446,0.14427091957713367,0.3337847222222222,0.2523654513888889
coco,09,09_1_0792,4,top,09_1_0788,0.005183114670217037,0.1532074511051178,0.7527205900071053,0.44088272604235323,0.22821673703255227,0.3109037422839506,0.25398292824074076
coco,09,09_1_0792,5,fixed,09_1_0784,0.0008414513431489468,0.027799922972917557,0.8904067791626501,0.8802003378010771,0.08322716635196208,0.2670331790123457,0.30896363811728395
coco,09,09_1_0792,15,fixed,09_1_0764,1.2004500604234636e-05,0.0004945155815221369,0.8078590232917564,0.8341848658834995,0.028611651720893895,0.24709538966049382,0.3823514660493827
coco,09,09_1_0792,30,fixed,09_1_0743,9.822801075642928e-06,0.0003627257246989757,0.7277204684719694,0.4179845261359885,0.1810793369126174,0.33591435185185187,0.506865837191358
coco,09,09_1_0792,60,fixed,09_1_0703,2.2201575120561756e-05,0.0011466488940641284,0.8594863934568558,0.13934851941545245,0.08467776790670925,0.3373654513888889,0.5523808834876544
coco,09,09_1_1001,1,fixed,09_1_1000,0.005521956831216812,0.18810096383094788,0.5096041232340651,0.7118124646545272,0.19166195337824476,0.10686728395061729,0.45859712577160494
coco,09,09_1_1001,2,top,09_1_0998,0.006287222728133202,0.28014206886291504,0.42945010247819515,0.6154251478165187,0.2143707657822017,0.11140625,0.5091608796296296
coco,09,09_1_1001,4,top,09_1_0995,0.007322148885577917,0.2876119315624237,0.4839018366091299,0.7591083328331047,0.031718094035477463,0.07391878858024692,0.5187152777777778
coco,09,09_1_1001,5,fixed,09_1_0994,0.002684200881049037,0.07393978536128998,0.6252233765283536,0.6620507340547508,0.13788233128671476,0.06821614583333334,0.5226620370370371
coco,09,09_1_1001,15,fixed,09_1_0982,7.003990322118625e-05,0.0008744274964556098,0.30451589518888417,0.1755452824396085,0.6668025585379446,0.04542390046296296,0.10204668209876543
coco,09,09_1_1001,16,top,09_1_0981,0.008815618231892586,0.21656951308250427,0.4322765805655533,0.20362312160637325,0.5028796711581723,0.07474826388888889,0.34878327546296295
coco,09,09_1_1001,30,fixed,09_1_0881,2.5453751732129604e-05,0.0011342712678015232,0.3628571257104126,0.945945007397865,0.051192223814342463,0.2637770061728395,0.5507132523148148
coco,09,09_1_1001,60,fixed,09_1_0846,8.815896762826014e-06,0.00019692970090545714,0.8297706560604359,0.7968628959881157,0.06190668635895398,0.34675395447530866,0.45634886188271606
coco,10,10_1_0393,1,fixed,10_1_0392,0.005654931999742985,0.07369901984930038,0.751792046125682,0.8378842598507521,0.07238909973758413,0.09927276234567901,0.5409293016975308
coco,10,10_1_0393,4,top,10_1_0388,0.00384229957126081,0.09819343686103821,0.7778165689416305,0.680144727713575,0.15693419471558975,0.26180507330246916,0.44979841820987654
coco,10,10_1_0393,5,fixed,10_1_0386,0.0008288279641419649,0.0399404875934124,0.5176037750211346,0.9663664622352742,0.014076151492958131,0.08931954089506172,0.5025684799382716
coco,10,10_1_0393,8,top,10_1_0383,0.0031970390118658543,0.1610299050807953,0.5246345312260191,0.9560529902423671,0.031308520512753145,0.08206597222222223,0.5301480516975309
coco,10,10_1_0393,15,fixed,10_1_0373,8.253757187048905e-06,0.00021363691485021263,0.7629894154481734,0.5852756203258294,0.1296057639654982,0.3044709683641975,0.4347554976851852
coco,10,10_1_0393,16,top,10_1_0372,0.00493962224572897,0.20112007856369019,0.8869050079160294,0.6204592576129213,0.0800773836068439,0.2903602430555556,0.4598929398148148
coco,10,10_1_0393,30,fixed,10_1_0352,2.5072908101719804e-05,0.0012159344041720033,0.8019856127320004,0.8970172503333256,0.060504290645840446,0.1495167824074074,0.5630155285493827
coco,10,10_1_0393,60,fixed,10_1_0286,3.861231562041212e-06,0.0001392554841004312,0.4546524846872186,0.7195135169015617,0.24197347283275272,0.11685763888888889,0.6076036844135803
coco,10,10_1_0511,1,fixed+top,10_1_0510,0.013365020975470543,0.27368462085723877,0.8347317393039357,0.7908446538844089,0.012300123131544796,0.21784625771604937,0.540189525462963
coco,10,10_1_0511,2,top,10_1_0509,0.015291118994355202,0.23260498046875,0.2506542546342466,0.9562469017384898,0.03230909072370569,0.0673779899691358,0.5988739390432098
coco,10,10_1_0511,5,fixed,10_1_0506,0.0021264725364744663,0.04205242544412613,0.6747721971844947,0.8806540701805005,0.009646374983695694,0.16186728395061728,0.71703125
coco,10,10_1_0511,15,fixed,10_1_0495,3.66783315257635e-05,0.0014420136576518416,0.9113877662977419,0.9521310585032938,0.031079000457238763,0.19586516203703705,0.5975921103395062
coco,10,10_1_0511,16,top,10_1_0494,0.005235741846263409,0.19111207127571106,0.9077160815262654,0.950575771206522,0.01828460416668943,0.23505208333333333,0.6276234567901234
coco,10,10_1_0511,30,fixed,10_1_0477,1.5984041965566576e-05,0.00037468888331204653,0.9238878418571311,0.8882204359080289,0.0414655877463529,0.26253520447530865,0.5987090084876543
coco,10,10_1_0511,60,fixed,10_1_0438,4.447212177183246e-06,0.00015077665739227086,0.7434005799325712,0.4597133777814482,0.11996309103639305,0.2789747299382716,0.7267703510802469
coco,10,10_1_0619,1,fixed+top,10_1_0618,0.009252231568098068,0.181993767619133,0.9285745790684986,0.61991452727615,0.015418654894961319,0.2751567322530864,0.6236820023148149
coco,10,10_1_0619,2,top,10_1_0617,0.009610038250684738,0.25904232263565063,0.9465391630833342,0.6878309462476039,0.014830399693823012,0.40827305169753086,0.7118870563271605
coco,10,10_1_0619,4,top,10_1_0615,0.008110534399747849,0.17936527729034424,0.9464721410805346,0.5139252804170036,0.028436449575097222,0.5557634066358025,0.7095196759259259
coco,10,10_1_0619,5,fixed,10_1_0614,0.004384949803352356,0.11227744072675705,0.9583729527175537,0.712186169989518,0.013281616952490567,0.3176875964506173,0.6626552854938271
coco,10,10_1_0619,15,fixed,10_1_0603,5.915522342547774e-05,0.0011520797852426767,0.7171904362065983,0.4712755458096415,0.11292770984645349,0.19145833333333334,0.6370235339506173
coco,10,10_1_0619,30,fixed,10_1_0586,9.67947744356934e-06,0.0003461830201558769,0.559829207790368,0.3826832152641217,0.3528376636229197,0.35932581018518517,0.5788271604938272
coco,10,10_1_0619,60,fixed,10_1_0554,3.0293633699329803e-06,9.510674863122404e-05,0.5483658272302934,0.7216459603480342,0.13792891245635586,0.17141589506172838,0.6824064429012345
coco,10,10_1_0784,1,fixed+top,10_1_0783,0.0018234536983072758,0.06457440555095673,0.8815838612468045,0.12144890135095289,0.0398690940156612,0.3350786072530864,0.4816666666666667
coco,10,10_1_0784,2,top,10_1_0782,0.002208299469202757,0.05209336429834366,0.5853404331777344,0.36760102994963706,0.2271571433542278,0.2398480902777778,0.4812109375
coco,10,10_1_0784,4,top,10_1_0778,0.0012641485081985593,0.026636306196451187,0.49930660747033645,0.5668760875680614,0.32584543633500096,0.21320505401234568,0.45521797839506173
coco,10,10_1_0784,5,fixed,10_1_0777,0.0004068849957548082,0.018671955913305283,0.8638817307767229,0.8358154738322416,0.02435114448045113,0.270639949845679,0.6889515817901235
coco,10,10_1_0784,15,fixed,10_1_0766,4.2447049054317176e-05,0.0022487277165055275,0.7475098903935058,0.709598626959123,0.013919141404383429,0.30659239969135804,0.6225843942901235
coco,10,10_1_0784,30,fixed,10_1_0751,1.966493800864555e-05,0.0009977214504033327,0.8399714770263065,0.3835863086346753,0.057982218108688886,0.2636800733024691,0.5349565972222222
coco,10,10_1_0784,60,fixed,10_1_0717,1.764863100106595e-06,2.6422841983730905e-05,0.8425129084580993,0.4694286414609022,0.0439601365457441,0.3631655092592593,0.5110595100308643
coco,10,10_1_0924,1,fixed,10_1_0922,0.004137041978538036,0.09200809895992279,0.8812213540963704,0.8612097135740334,0.07139756012879157,0.2648948688271605,0.7309818672839506
coco,10,10_1_0924,2,top,10_1_0921,0.004121493548154831,0.10885252058506012,0.5254043396044646,0.8961463322420828,0.08543948998977138,0.27345341435185183,0.8188059413580246
coco,10,10_1_0924,4,top,10_1_0919,0.007788051851093769,0.20430269837379456,0.8453214498490014,0.9873506587562477,0.0030681428753089428,0.2870823688271605,0.8576543209876544
coco,10,10_1_0924,5,fixed,10_1_0918,0.002112034475430846,0.057545967400074005,0.781328927629905,0.9972770339894189,0.002433706020714815,0.27207320601851853,0.8662842399691358
coco,10,10_1_0924,8,top,10_1_0913,0.013707520440220833,0.3257252275943756,0.6485044258152982,0.10637555842659177,0.28592909607455563,0.31252797067901233,0.5115205439814815
coco,10,10_1_0924,15,fixed,10_1_0906,6.879090506117791e-05,0.0018365965224802494,0.6557014593219536,0.16514216007608767,0.3090914910788424,0.2702247299382716,0.3942848186728395
coco,10,10_1_0924,30,fixed,10_1_0889,6.192828004714102e-05,0.0012802060227841139,0.6823505803281618,0.6084814477500986,0.2260770899043707,0.4309018132716049,0.47792775848765434
coco,10,10_1_0924,60,fixed,10_1_0840,1.1490123142721131e-05,0.0004559363587759435,0.8187887516545926,0.4300400709208796,0.05494361584754541,0.3815051118827161,0.5531761188271604
coco,10,10_1_1074,1,fixed,10_1_1073,0.005312961060553789,0.10138429701328278,0.9074903554414675,0.44329484882792464,0.013319158016796107,0.2533627507716049,0.7789612268518519
coco,10,10_1_1074,2,top,10_1_1072,0.012144036591053009,0.39957499504089355,0.9663424882598981,0.4213979438344215,0.004366639011025311,0.28824604552469135,0.7507335069444444
coco,10,10_1_1074,4,top,10_1_1070,0.008742621168494225,0.17793682217597961,0.8358687256975735,0.599707063200381,0.030269783970502225,0.2670047260802469,0.7379586226851852
coco,10,10_1_1074,5,fixed,10_1_1039,0.0035767625086009502,0.06954236328601837,0.9543665932192136,0.5208839275747411,0.022523571500948754,0.2682127700617284,0.5281153549382716
coco,10,10_1_1074,8,top,10_1_1030,0.01371928583830595,0.44637608528137207,0.6425117609528597,0.4524745020490507,0.27745678553177655,0.3761231674382716,0.5324565972222223
coco,10,10_1_1074,15,fixed,10_1_1023,4.07931293011643e-05,0.0005557509721256793,0.8654958007671322,0.11158935448555196,0.10805736297799481,0.2884399112654321,0.5255758101851852
coco,10,10_1_1074,30,fixed,10_1_1008,6.099726306274533e-05,0.0017640769947320223,0.8911318951005424,0.3272107421696578,0.018033567008512403,0.3441898148148148,0.630128761574074
coco,10,10_1_1074,60,fixed,10_1_0966,1.4056199688639026e-05,0.0004847162344958633,0.45905559159606985,0.4660932119310317,0.29817005181547906,0.16914641203703704,0.45400993441358023
coco,10,10_1_1409,1,fixed+top,10_1_1408,0.005514063872396946,0.1539340615272522,0.8692014984547001,0.48477923741966894,0.09532345458055316,0.3522825038580247,0.5528641010802469
coco,10,10_1_1409,4,top,10_1_1405,0.00920914113521576,0.2714683711528778,0.7050320892218024,0.29456034436455436,0.25285228872709675,0.2452859760802469,0.5494367283950617
coco,10,10_1_1409,5,fixed,10_1_1404,0.0023152283392846584,0.0614544115960598,0.7025942727042298,0.5737470761865332,0.06683584585968802,0.28586467978395064,0.6270592206790123
coco,10,10_1_1409,8,top,10_1_1401,0.006889394484460354,0.24708189070224762,0.6919890338141799,0.4415368750078215,0.2216747000092935,0.30141444830246916,0.5730198688271605
coco,10,10_1_1409,15,fixed,10_1_1394,1.6625654097879305e-05,0.00034809528733603656,0.7283353435984034,0.3686339988128956,0.10742936972082817,0.16325038580246914,0.5352686149691358
coco,10,10_1_1409,30,fixed,10_1_1191,5.4658008593833074e-05,0.0034159072674810886,0.6531116281954206,0.8381241621316535,0.044301124850496046,0.2258714313271605,0.7928636188271605
coco,10,10_1_1409,60,fixed,10_1_1146,3.083110277657397e-05,0.0006417774129658937,0.7643822958170174,0.8901012936832736,0.04312367035529293,0.13947193287037038,0.6448996913580247
coco,10,10_1_1532,1,fixed,10_1_1531,0.005651547107845545,0.1029140055179596,0.24396979570417252,0.19617613305951503,0.666408958628508,0.19336998456790122,0.39677662037037037
coco,10,10_1_1532,2,top,10_1_1530,0.0057518272660672665,0.1878371387720108,0.7556421578181532,0.5104373753894893,0.04694784238384504,0.3439964313271605,0.5217144097222223
coco,10,10_1_1532,4,top,10_1_1528,0.007964846678078175,0.24269622564315796,0.7545444350426274,0.6285765942380441,0.061990980556843246,0.38901523919753084,0.5381833526234568
coco,10,10_1_1532,5,fixed,10_1_1527,0.002052492927759886,0.10089419782161713,0.7926364170046653,0.544159685809529,0.11103108380575531,0.4009259259259259,0.5537422839506173
coco,10,10_1_1532,8,top,10_1_1524,0.006368361413478851,0.2711390256881714,0.5608938227453661,0.5267395777602545,0.17207255412140957,0.3463599537037037,0.5496985918209877
coco,10,10_1_1532,15,fixed,10_1_1516,4.52369058621116e-05,0.0017097494564950466,0.7242340654380963,0.47022929658554075,0.13688512552769136,0.26023341049382714,0.5290972222222222
coco,10,10_1_1532,30,fixed,10_1_1500,1.157062069978565e-05,0.0005721213528886437,0.8154361485562631,0.5931096928065068,0.09674180092572958,0.4194945987654321,0.45155189043209876
coco,10,10_1_1532,60,fixed,10_1_1456,7.6120300036564e-06,0.00027290184516459703,0.6833477329548857,0.21663107414038504,0.26676046447322355,0.28360918209876546,0.4032716049382716
coco,10,10_1_1665,1,fixed,10_1_1664,0.0037506497465074062,0.1752552092075348,0.8392237134663528,0.34898042149724146,0.026193951666402447,0.3120490933641975,0.48417824074074073
coco,10,10_1_1665,2,top,10_1_1663,0.008280010893940926,0.24650360643863678,0.7759123618380876,0.34452661170815924,0.18803783875464758,0.26665895061728395,0.4098432677469136
coco,10,10_1_1665,5,fixed,10_1_1659,0.0020847998093813658,0.08115546405315399,0.7749313902732574,0.9961833603967812,0.003816639603218317,0.15535976080246913,0.8303534915123457
coco,10,10_1_1665,6,top,10_1_1658,0.004829159006476402,0.19618600606918335,0.553497806297762,0.6288016159268031,0.26208396368327425,0.18637972608024692,0.4336077353395062
coco,10,10_1_1665,8,top,10_1_1656,0.0076008141040802,0.22728776931762695,0.9063975158200962,0.7101023729502652,0.051933294680931406,0.22363377700617285,0.5140885416666666
coco,10,10_1_1665,15,fixed,10_1_1648,7.908877887530252e-05,0.00314698601141572,0.6767305183032298,0.25635178797544067,0.3013020894557314,0.2591213348765432,0.4270756172839506
coco,10,10_1_1665,30,fixed,10_1_1629,8.939151302911341e-05,0.0021927421912550926,0.6828788627227607,0.7802201669425943,0.08045778856987101,0.26956983024691356,0.47293499228395064
coco,10,10_1_1665,60,fixed,10_1_1583,3.945383923564805e-06,0.00015719923248980194,0.5824026818443102,0.4492340395942881,0.23164325657362808,0.41155381944444447,0.38506221064814816
coco,12,12_1_0273,1,fixed,12_1_0252,0.0020643891766667366,0.02254682406783104,0.0771570815683972,0.10339856667400758,0.8777810742485083,0.14535976080246912,0.2973249421296296
coco,12,12_1_0273,2,top,12_1_0251,0.0062241749837994576,0.06692539155483246,0.4948735659884705,0.579974079980331,0.24311485795608673,0.0972434413580247,0.29442467206790124
coco,12,12_1_0273,4,top,12_1_0249,0.0033616009168326855,0.05398612841963768,0.17698510528747205,0.47448410671470875,0.4844138125117122,0.09498987268518519,0.27795090663580246
coco,12,12_1_0273,5,fixed,12_1_0248,0.001122024841606617,0.020241934806108475,0.18018031782435487,0.43882311343097863,0.5529494982573128,0.10507619598765432,0.23216772762345678
coco,12,12_1_0273,15,fixed,12_1_0238,3.7021854950580746e-06,0.00010198826203122735,0.1654559670003458,0.12039176172580576,0.7949873649614058,0.09410011574074074,0.17104890046296295
coco,12,12_1_0273,30,fixed,12_1_0215,5.4632251703878865e-05,0.0008159631979651749,0.34996296648457137,0.8179811462238131,0.1266300907627506,0.1764279513888889,0.2643147183641975
coco,12,12_1_0273,60,fixed,12_1_0152,5.256761141936295e-06,5.830039663123898e-05,0.537656913985571,0.8161847995707724,0.15029706355862063,0.10388020833333333,0.2262919560185185
coco,12,12_1_0273,64,top,12_1_0093,0.0016996870981529355,0.0382315069437027,0.5709139106814326,0.6334285823260777,0.21574673593649324,0.14689091435185186,0.2674609375
coco,12,12_1_0414,1,fixed+top,12_1_0413,0.016668163239955902,0.19058401882648468,0.35268212354180123,0.8390467620232948,0.14461158142393232,0.07417679398148148,0.2588961226851852
coco,12,12_1_0414,2,top,12_1_0412,0.02364722266793251,0.32766443490982056,0.8211178414986086,0.7771949381827603,0.08393743255700827,0.09528838734567902,0.27579909336419756
coco,12,12_1_0414,4,top,12_1_0410,0.02859991043806076,0.45048677921295166,0.7624940943116157,0.4607254812586176,0.21652762404993292,0.16762056327160493,0.14216483410493827
coco,12,12_1_0414,5,fixed,12_1_0409,0.0074575431644916534,0.11359903961420059,0.7943493690650546,0.0656368758990571,0.16017375309719578,0.13962384259259258,0.260703125
coco,12,12_1_0414,15,fixed,12_1_0392,6.980063972150674e-06,7.514483877457678e-05,0.4473270859960713,0.4379863363174468,0.44314378978758234,0.2657282021604938,0.2566338734567901
coco,12,12_1_0414,30,fixed,12_1_0361,2.8755814128089696e-05,0.00047307502245530486,0.25683893442615197,0.6629431957507661,0.2579004555419009,0.11125916280864198,0.3025284529320988
coco,12,12_1_0414,60,fixed,12_1_0318,3.967000338889193e-06,6.256943015614524e-05,0.6736521914890289,0.10826347214061993,0.31267112218995974,0.1793677662037037,0.14787663966049383
coco,12,12_1_0519,1,fixed+top,12_1_0518,0.013801723718643188,0.3399466276168823,0.8135992503177897,0.23962073564339006,0.1219573122663667,0.14374614197530863,0.2550655864197531
coco,12,12_1_0519,2,top,12_1_0517,0.0014454738702625036,0.02605130337178707,0.5135095194734399,0.37696955583037606,0.3496553746696141,0.1404639274691358,0.2607450810185185
coco,12,12_1_0519,4,top,12_1_0515,0.012210873886942863,0.1250273883342743,0.8607635700590229,0.6456955205242528,0.08081188787700797,0.14481385030864197,0.2645558449074074
coco,12,12_1_0519,5,fixed,12_1_0514,0.004574982915073633,0.06958464533090591,0.4901078144243051,0.4445435994801528,0.3973784272023107,0.09853153935185185,0.25710841049382716
coco,12,12_1_0519,15,fixed,12_1_0504,0.00015598996833432466,0.0036421127151697874,0.3642574395531466,0.18614142628197602,0.5371108717006834,0.12485869984567902,0.27563850308641974
coco,12,12_1_0519,30,fixed,12_1_0489,4.751878077513538e-05,0.0011444693664088845,0.2814799831801187,0.347301411877221,0.4969111305032615,0.09479793595679012,0.15582224151234567
coco,12,12_1_0519,60,fixed,12_1_0457,5.7952770475822035e-06,0.00011437568173278123,0.3685051030192286,0.5368244475944959,0.2836042323362067,0.1860522762345679,0.2694087577160494
coco,12,12_1_0651,1,fixed+top,12_1_0650,0.009771864861249924,0.12815316021442413,0.7132892843436205,0.6538708494676242,0.15954620471013484,0.13249421296296296,0.22823784722222223
coco,12,12_1_0651,2,top,12_1_0649,0.014184769243001938,0.1664610654115677,0.6266064935087026,0.04958478804356756,0.3371532126444726,0.12498022762345679,0.2585551697530864
coco,12,12_1_0651,4,top,12_1_0647,0.008252773433923721,0.15981914103031158,0.67320358932767,0.09274266942874629,0.32133538350506047,0.1475805362654321,0.10241657021604939
coco,12,12_1_0651,5,fixed,12_1_0646,0.0007886957610026002,0.014529709704220295,0.4359192195846602,0.37533529217009176,0.42270726293998934,0.15416136188271604,0.10729070216049383
coco,12,12_1_0651,15,fixed,12_1_0636,0.00019439979223534465,0.004042645916342735,0.5833606824492205,0.5171842515350887,0.25633669802323295,0.12976176697530864,0.1372487461419753
coco,12,12_1_0651,30,fixed,12_1_0621,2.598912760731764e-05,0.0010936794569715858,0.39800953587774207,0.3016409190583157,0.4344487425886985,0.1668282214506173,0.19523051697530863
coco,12,12_1_0651,60,fixed,12_1_0574,4.8317619985027704e-06,0.00013672419299837202,0.6436201185321136,0.39566285712394345,0.2911839145972128,0.1125414737654321,0.1420360725308642
coco,12,12_1_1129,1,fixed+top,12_1_1128,0.009616473689675331,0.16558906435966492,0.5956538435333142,0.2321159097389812,0.3554426201667428,0.08670428240740741,0.14046875
coco,12,12_1_1129,2,top,12_1_1127,0.009125219658017159,0.18442216515541077,0.5014642651623882,0.1489721812904128,0.47470447436672575,0.09718846450617284,0.10506221064814815
coco,12,12_1_1129,5,fixed,12_1_1045,0.006269628182053566,0.11050884425640106,0.6766321486736698,0.3611988142332765,0.2739454936855126,0.08694782021604938,0.13414351851851852
coco,12,12_1_1129,8,top,12_1_1042,0.011235160753130913,0.28297311067581177,0.6300137221427969,0.16196080271816196,0.31566096537548816,0.07469907407407407,0.17852623456790123
coco,12,12_1_1129,15,fixed,12_1_1035,0.00010273917723679915,0.003235712181776762,0.5231679632772378,0.05060731153658063,0.4387143720395996,0.10377748842592592,0.12703269675925927
coco,12,12_1_1129,30,fixed,12_1_0852,0.00011824634566437453,0.003859218442812562,0.5581989614315807,0.0032690302501135284,0.43853200831830585,0.13407986111111111,0.0619140625
coco,12,12_1_1129,60,fixed,12_1_0694,5.5107091611716896e-05,0.0011067645391449332,0.4585916741696856,0.1318557203523416,0.4669030228025255,0.14572096836419754,0.15204475308641976
coco,12,12_1_1612,1,fixed+top,12_1_1611,0.009685255587100983,0.17739449441432953,0.5074973077851445,0.41121217098630597,0.2617160567450331,0.058882137345679014,0.3496894290123457
coco,12,12_1_1612,2,top,12_1_1610,0.012489138171076775,0.2747129499912262,0.5094016518785763,0.5816597850365333,0.2958328338674739,0.06968460648148148,0.43973427854938274
coco,12,12_1_1612,4,top,12_1_1608,0.008717359974980354,0.16332104802131653,0.5170123278439936,0.5103440285904361,0.2006027470140429,0.048782793209876545,0.46849537037037037
coco,12,12_1_1612,5,fixed,12_1_1607,0.004789477679878473,0.12807835638523102,0.6927731127041783,0.6218078369811713,0.08312081080805304,0.06718412422839506,0.4641917438271605
coco,12,12_1_1612,15,fixed,12_1_1597,0.00011121405987069011,0.0024443031288683414,0.5330671659127558,0.1329448388228468,0.33398799526439743,0.09490354938271604,0.0901880787037037
coco,12,12_1_1612,30,fixed,12_1_1329,9.433812374481931e-05,0.0018036228138953447,0.6725164357667377,0.08575081625026065,0.292070627482739,0.07103202160493827,0.15579330632716049
coco,12,12_1_1612,60,fixed,12_1_1186,3.388880577404052e-05,0.0005673561827279627,0.2900947696840952,0.05607545742355265,0.6851869821951367,0.04695264274691358,0.11664930555555555
coco,15,15_1_0310,1,fixed+top,15_1_0309,0.010983224958181381,0.2514401972293854,0.5556026791579176,0.5587218467483641,0.204490695197242,0.07352575231481481,0.5555743634259259
coco,15,15_1_0310,2,top,15_1_0308,0.009630661457777023,0.2789735794067383,0.5788945933586869,0.41178504882947786,0.2391879212524493,0.10537181712962963,0.5641710069444444
coco,15,15_1_0310,4,top,15_1_0306,0.005463914945721626,0.23237991333007812,0.777311852416658,0.21129450530700442,0.20598477482942437,0.25222945601851854,0.34944251543209875
coco,15,15_1_0310,5,fixed,15_1_0305,0.0037335779052227736,0.09261796623468399,0.617946216866356,0.6497124042593866,0.14513920724179402,0.19431134259259258,0.5180015432098766
coco,15,15_1_0310,15,fixed,15_1_0295,1.3770801160717383e-05,0.000599625869654119,0.9115271133205688,0.7010328149395504,0.05904486495898338,0.511402874228395,0.4145018325617284
coco,15,15_1_0310,30,fixed,15_1_0280,2.590286749182269e-05,0.0010735351825132966,0.8941442413589556,0.41453018337353764,0.08162126325651232,0.5279364390432099,0.22974054783950618
coco,15,15_1_0310,60,fixed,15_1_0241,4.366940265754238e-05,0.001036839559674263,0.7634382161383033,0.07885227711912376,0.18369749643060637,0.3346305941358025,0.5486525848765432
coco,15,15_1_0432,1,fixed+top,15_1_0431,0.006529445759952068,0.17764343321323395,0.761124187927543,0.2819061941681993,0.20431575904713942,0.23382957175925925,0.3899170524691358
coco,15,15_1_0432,2,top,15_1_0430,0.006672689691185951,0.2801339626312256,0.8141215540736663,0.48407570886055223,0.11898552714217482,0.23141782407407407,0.4184124228395062
coco,15,15_1_0432,5,fixed,15_1_0425,0.001306195161305368,0.06937241554260254,0.8611092901685092,0.8379816836799832,0.05759630631034836,0.30932725694444446,0.5640311535493827
coco,15,15_1_0432,8,top,15_1_0422,0.004508472979068756,0.173182874917984,0.8482491526702067,0.809071296944608,0.04734844583704323,0.33889274691358023,0.43540895061728396
coco,15,15_1_0432,15,fixed,15_1_0415,1.757140489644371e-05,0.0007761740707792342,0.2488541922354822,0.6982139054049328,0.2718146145953009,0.19012538580246913,0.5073403742283951
coco,15,15_1_0432,30,fixed,15_1_0393,1.4147868569125421e-05,0.0005376671906560659,0.7255062463810326,0.6389895928478001,0.12134598024445589,0.32284336419753085,0.5443904320987655
coco,15,15_1_0432,60,fixed,15_1_0355,3.795207157963887e-05,0.0011716476874426007,0.90859363021541,0.03601412084487156,0.06641449214412617,0.18817033179012346,0.5567211612654321
coco,15,15_1_0541,1,fixed+top,15_1_0540,0.00875492300838232,0.31725627183914185,0.7445918041351103,0.17622542156852014,0.22320278206903707,0.2892655285493827,0.48432098765432097
coco,15,15_1_0541,2,top,15_1_0539,0.009034715592861176,0.2975522577762604,0.6871219325396334,0.16123984677560307,0.2837746004760292,0.2010566165123457,0.5040702160493827
coco,15,15_1_0541,4,top,15_1_0537,0.003800535574555397,0.14820578694343567,0.7520141026114285,0.7556541630616624,0.03242948967231279,0.23162181712962962,0.6096088927469135
coco,15,15_1_0541,5,fixed,15_1_0536,0.0019374164985492826,0.05096416175365448,0.8210237322314439,0.5579550996807178,0.10808429923092375,0.36169753086419754,0.6018002507716049
coco,15,15_1_0541,15,fixed,15_1_0526,3.5513867260306142e-06,0.0001807021617423743,0.42891999117937585,0.47461880465807904,0.34820356039065964,0.18575135030864198,0.5827382330246914
coco,15,15_1_0541,30,fixed,15_1_0511,2.804413452395238e-05,0.0011512538185343146,0.9216436618457016,0.36332284397443504,0.052412086187129926,0.5372410300925926,0.5423369984567902
coco,15,15_1_0541,60,fixed,15_1_0474,1.3905935702496208e-05,0.00028943890356458724,0.7412652281619516,0.7117326980017037,0.13988875967036693,0.18650462962962963,0.6131090856481481
coco,15,15_1_0657,1,fixed+top,15_1_0656,0.012769829481840134,0.44681602716445923,0.7937996454942503,0.0,0.20620035450574933,0.29673900462962965,0.0
coco,15,15_1_0657,2,top,15_1_0655,0.010954256169497967,0.43679940700531006,0.8006298743834476,0.0,0.19937012561655332,0.3189028742283951,0.0
coco,15,15_1_0657,4,top,15_1_0653,0.0053635453805327415,0.18053124845027924,0.7210846109923099,0.0,0.2789153890076896,0.2651123649691358,0.0
coco,15,15_1_0657,5,fixed,15_1_0652,0.0027501790318638086,0.06662149727344513,0.7003793032936232,0.0,0.2996206967063773,0.47375144675925923,0.0
coco,15,15_1_0657,15,fixed,15_1_0642,5.968301047687419e-05,0.0016085922252386808,0.9060004940228342,0.5229341843316067,0.02711062197262843,0.40502845293209877,0.6409620949074074
coco,15,15_1_0657,30,fixed,15_1_0625,4.6835724788252264e-05,0.0012357588857412338,0.8583392648095335,0.383921361014237,0.05540855778376615,0.3275467785493827,0.5895920138888889
coco,15,15_1_0657,60,fixed,15_1_0594,1.6683768990333192e-05,0.0007546320557594299,0.7027023998108906,0.3203651775735595,0.2255991375050191,0.3188893711419753,0.5581635802469136
imagenet,02,02_1_0294,1,fixed,02_1_0293,0.0017432321328669786,0.08188310265541077,0.3387618296364507,0.6140734270530877,0.3713208729395995,0.12036072530864197,0.26784625771604936
imagenet,02,02_1_0294,2,top,02_1_0292,0.0029669960495084524,0.1663064807653427,0.34983569815140086,0.6270614735553205,0.31644312395037316,0.12391685956790123,0.25630497685185183
imagenet,02,02_1_0294,4,top,02_1_0290,0.0054107531905174255,0.20781613886356354,0.49086757057904223,0.511560548193806,0.26731961981237445,0.180009162808642,0.30310233410493825
imagenet,02,02_1_0294,5,fixed,02_1_0289,0.000603746622800827,0.0320870578289032,0.38023661154447275,0.4914831615963238,0.3924205958058379,0.1953616898148148,0.31052565586419756
imagenet,02,02_1_0294,8,top,02_1_0286,0.002579625928774476,0.1570500135421753,0.39611125739526554,0.5240361258530527,0.35330953106748725,0.19778163580246913,0.34595341435185184
imagenet,02,02_1_0294,15,fixed,02_1_0279,0.0001664354495005682,0.011417431756854057,0.46371336732476914,0.6278401793602518,0.3504924365627855,0.25839891975308643,0.3631659915123457
imagenet,02,02_1_0294,30,fixed,02_1_0194,4.541663656709716e-05,0.004332491662353277,0.012350300358692239,0.2870414513353108,0.7109179630596861,0.012854938271604938,0.23788532021604938
imagenet,02,02_1_0294,60,fixed,02_1_0163,1.4240444215829484e-05,0.0004595609207171947,0.1786392371603526,0.6339121201659101,0.36608787983409047,0.006926118827160494,0.28747395833333333
imagenet,02,02_1_0437,1,fixed,02_1_0436,1.3907749689678894e-06,0.00013614899944514036,0.5091177651552027,0.6080964149055096,0.1912645453137162,0.22442226080246913,0.48517795138888886
imagenet,02,02_1_0437,5,fixed,02_1_0432,7.786839887558017e-06,0.0006604772061109543,0.701242626947573,0.796332033958422,0.10300402520833671,0.34012345679012346,0.621613136574074
imagenet,02,02_1_0437,15,fixed,02_1_0421,4.94174673804082e-05,0.004188978113234043,0.6669655436238072,0.6849950015117386,0.11052506014373203,0.16631269290123457,0.44569974922839506
imagenet,02,02_1_0437,30,fixed,02_1_0406,0.00011452980106696486,0.008448660373687744,0.4937544938293686,0.4436549130318363,0.3056171984882382,0.24402440200617284,0.30097029320987656
imagenet,02,02_1_0437,32,top,02_1_0404,0.0003800684353336692,0.0179273821413517,0.4789255325669146,0.6134060199177301,0.3337578331027202,0.13175106095679012,0.22965663580246914
imagenet,02,02_1_0437,33,top,02_1_0403,0.0002906181907746941,0.017023922875523567,0.5276997832981479,0.6247453937601813,0.2455502736243,0.145234375,0.18928867669753086
imagenet,02,02_1_0437,60,fixed,02_1_0372,3.6535652725433465e-06,0.0006166469538584352,0.32273281872286824,0.5594346248989605,0.35935496392139915,0.33057484567901235,0.31669511959876545
imagenet,02,02_1_0437,128,top,02_1_0196,0.0004187028971500695,0.021504780277609825,0.47338901046091514,0.5372199480529974,0.28745725451745857,0.12796730324074074,0.27482011959876546
imagenet,02,02_1_0587,1,fixed,02_1_0586,0.0031784207094460726,0.14849242568016052,0.4786120176138513,0.410530082121614,0.46563659722171785,0.18920958719135803,0.219375
imagenet,02,02_1_0587,2,top,02_1_0585,0.008091757073998451,0.5787235498428345,0.520117512225418,0.6150007734378028,0.17924739706268267,0.1419603587962963,0.35085985725308644
imagenet,02,02_1_0587,4,top,02_1_0583,0.007284431252628565,0.40306931734085083,0.2691544289220765,0.31706933318515296,0.5731770750598169,0.08952449845679013,0.197866512345679
imagenet,02,02_1_0587,5,fixed,02_1_0582,0.0007827432127669454,0.03477254882454872,0.24967657594623113,0.5631483273389994,0.3495113931161143,0.07475405092592592,0.23452546296296295
imagenet,02,02_1_0587,8,top,02_1_0573,0.0026975369546562433,0.23978693783283234,0.019486809967769463,0.05169790369478525,0.9307811890662595,0.031213831018518517,0.1364573688271605
imagenet,02,02_1_0587,15,fixed,02_1_0566,0.00016657853848300874,0.019163664430379868,0.05970652093139948,0.19609002295700834,0.8000684739368022,0.06169849537037037,0.17580536265432098
imagenet,02,02_1_0587,30,fixed,02_1_0515,0.00017977089737541974,0.01085118018090725,0.13086470933950514,0.28001866367066436,0.6979456623128478,0.05774112654320988,0.21088782793209876
imagenet,02,02_1_0587,60,fixed,02_1_0478,3.818153345491737e-06,0.00016134681936819106,0.0945803668667521,0.5903799289173381,0.40562001845766404,0.22055603780864197,0.534612750771605
imagenet,02,02_1_0707,1,fixed,02_1_0706,0.0001206467641168274,0.00912613607943058,0.5853911463944764,0.6686717327769002,0.16770073434710528,0.20379677854938272,0.41497395833333334
imagenet,02,02_1_0707,4,top,02_1_0703,0.001810726011171937,0.076252281665802,0.3096890250706684,0.4780791700099719,0.49997900433694303,0.10264949845679013,0.2098630401234568
imagenet,02,02_1_0707,5,fixed,02_1_0702,0.0003044631739612669,0.014578577131032944,0.5211346011273322,0.6958999561968048,0.20043168597225516,0.10914641203703704,0.26089988425925925
imagenet,02,02_1_0707,8,top,02_1_0699,0.0014079181710258126,0.08231666684150696,0.42864243327077967,0.5511852826569711,0.31975234704915284,0.09716242283950617,0.3215118634259259
imagenet,02,02_1_0707,15,fixed,02_1_0691,0.00022997453925199807,0.014991244301199913,0.3878253048613772,0.3020213213019636,0.47380509048362013,0.08163917824074074,0.2683588927469136
imagenet,02,02_1_0707,16,top,02_1_0690,0.001056699431501329,0.06561103463172913,0.31576328037110474,0.1767378144943375,0.5980538693514037,0.04761815200617284,0.17135320216049382
imagenet,02,02_1_0707,30,fixed,02_1_0676,0.0001675222592893988,0.008437917567789555,0.5926879573047218,0.6138020661928102,0.23464390532228951,0.08594569830246913,0.1773683449074074
imagenet,02,02_1_0707,60,fixed,02_1_0627,1.2033755410811864e-05,0.0004584789858199656,0.2872021827678109,0.6089295432934444,0.29426249344218214,0.1714916087962963,0.33655092592592595
imagenet,06,06_1_0395,1,fixed+top,06_1_0394,0.00020212508388794959,0.01647082343697548,0.636103328009398,0.3585185209384644,0.18415047311996913,0.15117573302469137,0.4332609953703704
imagenet,06,06_1_0395,2,top,06_1_0393,8.111060014925897e-05,0.008593978360295296,0.5260525232690427,0.35037836641310227,0.23566099623519207,0.143569637345679,0.34032310956790124
imagenet,06,06_1_0395,5,fixed,06_1_0390,2.1546764401136898e-05,0.0021295915357768536,0.5291363201677675,0.1252426508655539,0.4317807495393418,0.14927276234567902,0.09077112268518518
imagenet,06,06_1_0395,15,fixed,06_1_0378,5.974040959699778e-06,0.0002946752356365323,0.47870743181601155,0.32629758691875854,0.36019099908327384,0.09298177083333334,0.3173630401234568
imagenet,06,06_1_0395,30,fixed,06_1_0363,3.8060556107666343e-05,0.0017011919990181923,0.3204822048732872,0.23006370152877353,0.47247832773633486,0.06612268518518519,0.2382860725308642
imagenet,06,06_1_0395,60,fixed,06_1_0290,7.261417977133533e-06,0.0006083588232286274,0.338374024989558,0.842938551442259,0.13007410104182582,0.07856385030864198,0.7097926311728395
imagenet,06,06_1_0395,64,top,06_1_0261,8.83114553289488e-05,0.00846041925251484,0.07671087079934957,0.252483033835863,0.6804621060485834,0.05991512345679012,0.21079475308641976
imagenet,06,06_1_0506,1,fixed+top,06_1_0505,0.000873679993674159,0.060609541833400726,0.34523551762448806,0.694094381213706,0.294087659591635,0.3769685570987654,0.5608256172839506
imagenet,06,06_1_0506,2,top,06_1_0504,0.0009204347152262926,0.020835429430007935,0.20693498504976743,0.3742340512525389,0.5930491973478886,0.2545187114197531,0.5245838155864198
imagenet,06,06_1_0506,4,top,06_1_0502,0.0013555153273046017,0.06381948292255402,0.15995321581170757,0.375128378197584,0.5294227867338417,0.29450327932098763,0.5245968364197531
imagenet,06,06_1_0506,5,fixed,06_1_0501,4.481375071918592e-05,0.0027969973161816597,0.27147712847407895,0.08748535892204243,0.7245236147339928,0.2864607445987654,0.1899879436728395
imagenet,06,06_1_0506,15,fixed,06_1_0489,6.844938616268337e-05,0.004271881654858589,0.1391491557556364,0.5737520110755899,0.398795487075257,0.1686207561728395,0.5225959683641975
imagenet,06,06_1_0506,30,fixed,06_1_0474,4.53485336038284e-05,0.003990554250776768,0.33777207471499404,0.4561666119751486,0.4780691826912737,0.1719945987654321,0.27719618055555556
imagenet,06,06_1_0506,60,fixed,06_1_0440,3.364403164596297e-05,0.00356655428186059,0.6104888419538433,0.5021825928161173,0.2345112136932257,0.3654692322530864,0.3994285300925926
imagenet,06,06_1_0610,1,fixed+top,06_1_0609,0.006541799753904343,0.6080468893051147,0.3435233001189114,0.7218192957281985,0.26832665028540503,0.12441309799382716,0.4629200424382716
imagenet,06,06_1_0610,2,top,06_1_0608,0.005172458477318287,0.6753140687942505,0.6668917739212088,0.6317033146046501,0.1584792363003476,0.330736400462963,0.45045476466049383
imagenet,06,06_1_0610,4,top,06_1_0606,0.0035095876082777977,0.3295215964317322,0.648398483454432,0.6525779499054478,0.09710727290097713,0.2918793402777778,0.4727372685185185
imagenet,06,06_1_0610,5,fixed,06_1_0605,0.000459190719993785,0.028637606650590897,0.1399454526540872,0.5693124380314633,0.4306875619685367,0.08888165509259259,0.4873683449074074
imagenet,06,06_1_0610,15,fixed,06_1_0595,3.8587372728216e-06,0.00038654921809211373,0.19070539720142213,0.44198616344809505,0.49818140196817184,0.36963782793209876,0.3387229938271605
imagenet,06,06_1_0610,30,fixed,06_1_0579,9.145745934802108e-06,0.0007053252775222063,0.804464878948635,0.5303899827752195,0.0793168445504075,0.34593894675925924,0.43515817901234566
imagenet,06,06_1_0610,60,fixed,06_1_0548,2.4451799163216492e-06,0.00027986662462353706,0.5455919374290351,0.5373334541890004,0.18591308091722838,0.3054441550925926,0.48098283179012347
imagenet,06,06_1_0749,1,fixed+top,06_1_0748,0.007429990451782942,0.6424951553344727,0.47990013329905773,0.46168739720838553,0.2733445898595813,0.2889607445987654,0.44492959104938273
imagenet,06,06_1_0749,2,top,06_1_0747,0.0037561687640845776,0.5088313817977905,0.6890785728721938,0.5133973650439614,0.15872849556395857,0.3337639853395062,0.37633391203703703
imagenet,06,06_1_0749,4,top,06_1_0745,0.0035836021415889263,0.28235670924186707,0.6294289244971051,0.4898804029828832,0.301631339732736,0.27694155092592593,0.37147183641975307
imagenet,06,06_1_0749,5,fixed,06_1_0744,0.000616685370914638,0.05772949755191803,0.5693689407293837,0.34158619981222754,0.3121018135545566,0.29252555941358027,0.3730574845679012
imagenet,06,06_1_0749,15,fixed,06_1_0705,1.8717433704296127e-05,0.002138196723535657,0.724487437528279,0.5063739002804135,0.09847787002193178,0.26937692901234567,0.4261053240740741
imagenet,06,06_1_0749,30,fixed,06_1_0690,4.5952874643262476e-06,0.0005284184007905424,0.3946643435979467,0.5433066012781798,0.3981713889006985,0.33837770061728395,0.48442853009259257
imagenet,06,06_1_0749,60,fixed,06_1_0659,1.5050270576466573e-06,0.00014859171642456204,0.35686010512505073,0.5414920293231769,0.36618968455114836,0.1868426890432099,0.5934317129629629
imagenet,06,06_1_0905,1,fixed,06_1_0904,5.602043165708892e-05,0.006586940959095955,0.7720796206595306,0.5009564562376728,0.14678424360474437,0.5436332947530864,0.5979509066358024
imagenet,06,06_1_0905,4,top,06_1_0900,0.00014812173321843147,0.01234048418700695,0.5852159884385328,0.6531788292273063,0.1257629287972832,0.23499228395061728,0.5335021219135803
imagenet,06,06_1_0905,5,fixed,06_1_0899,1.6348161807400174e-05,0.002323565538972616,0.7624852632744955,0.6027166765974352,0.10774830476067876,0.4457378472222222,0.49810908564814815
imagenet,06,06_1_0905,15,fixed,06_1_0888,3.2761207080511667e-07,6.054557525203563e-05,0.7761833867932727,0.5933013759643813,0.0604396127911264,0.6042539544753086,0.5088450038580247
imagenet,06,06_1_0905,25,top,06_1_0876,9.056228009285405e-05,0.00826200470328331,0.356868882568674,0.5683344748659284,0.16949009462313747,0.24445457175925925,0.5440046296296296
imagenet,06,06_1_0905,30,fixed,06_1_0870,9.592868082108907e-06,0.0010326630435883999,0.658021200898893,0.5131178430620712,0.14139928542125743,0.42497202932098765,0.47120177469135804
imagenet,06,06_1_0905,32,top,06_1_0868,0.0003433713864069432,0.027341390028595924,0.7633901364287698,0.8003271982592948,0.0463668103876232,0.3028298611111111,0.5405878665123457
imagenet,06,06_1_0905,60,fixed,06_1_0839,4.6925888455007225e-06,0.0001785463246051222,0.30512934975926304,0.48606932791051105,0.337142945945594,0.5069343171296297,0.4502276234567901
imagenet,06,06_1_1048,1,fixed,06_1_1047,7.549986094090855e-06,0.0008258007583208382,0.6819599318679203,0.30308814302140397,0.1673721108669675,0.25055555555555553,0.2648263888888889
imagenet,06,06_1_1048,5,fixed,06_1_1041,3.295351689303061e-06,0.00028578980709426105,0.5658997800099943,0.5905271571315371,0.2149771282850648,0.25561680169753087,0.4485812114197531
imagenet,06,06_1_1048,9,top,06_1_1037,0.00011639708100119606,0.007274990901350975,0.5955354561127707,0.21481728765449937,0.3098801729702891,0.24977430555555555,0.5322661072530864
imagenet,06,06_1_1048,10,top,06_1_1036,0.00015588171663694084,0.008695749565958977,0.7964561568975765,0.5131312496563012,0.03256432039126125,0.3080203510802469,0.7093253279320988
imagenet,06,06_1_1048,15,fixed,06_1_1031,1.2928342584928032e-05,0.0008435784839093685,0.739418479709368,0.6678834466529665,0.09967678548086759,0.3887726658950617,0.47723765432098764
imagenet,06,06_1_1048,30,fixed,06_1_1015,9.628397492633667e-07,8.906795119401067e-05,0.326768649292522,0.2746389475587332,0.4581572988204029,0.30258101851851854,0.42522087191358027
imagenet,06,06_1_1048,32,top,06_1_1013,6.620297790504992e-05,0.0035092784091830254,0.5505357193221362,0.5272006539756722,0.2913841634812363,0.29441502700617284,0.47487654320987654
imagenet,06,06_1_1048,60,fixed,06_1_0974,2.592917780930293e-06,0.0002748791011981666,0.4519126148651243,0.45408290743360213,0.3574186058444728,0.2599884259259259,0.5602575231481481
imagenet,06,06_1_1188,1,fixed+top,06_1_1187,0.0008752050343900919,0.06041906028985977,0.2054198088407837,0.4340991359260221,0.38604102530827483,0.13294319058641976,0.41376832561728394
imagenet,06,06_1_1188,4,top,06_1_1181,0.0006039439467713237,0.05026321858167648,0.45534257455250543,0.4264450100001534,0.2601583649868061,0.18188898533950618,0.4143455825617284
imagenet,06,06_1_1188,5,fixed,06_1_1180,0.0004220757109578699,0.029023785144090652,0.4983754186196608,0.22702428372700387,0.43115004902964715,0.2156983024691358,0.1808106674382716
imagenet,06,06_1_1188,15,fixed,06_1_1170,0.00012618477921932936,0.012619979679584503,0.41140671813095625,0.37970898196032743,0.2818149202814761,0.19961082175925926,0.2821358989197531
imagenet,06,06_1_1188,30,fixed,06_1_1155,4.236648601363413e-05,0.002726165112107992,0.18919153183265788,0.24311238252646408,0.6696290889849033,0.12277777777777778,0.20485918209876544
imagenet,06,06_1_1188,32,top,06_1_1153,0.0012025887845084071,0.05753978341817856,0.6080529663918727,0.43104771946468495,0.25533844480892776,0.2505497685185185,0.40956452546296296
imagenet,06,06_1_1188,60,fixed,06_1_1123,8.532779816050606e-07,2.1560612367466092e-05,0.3272108748953866,0.9436902094005307,0.05630979059946931,0.21497395833333333,0.6568229166666667
imagenet,06,06_1_1301,1,fixed+top,06_1_1300,0.005240221507847309,0.4409478008747101,0.6220136868111238,0.22540269497219392,0.30385795879074246,0.31417582947530864,0.09796006944444445
imagenet,06,06_1_1301,2,top,06_1_1299,0.01605982705950737,1.0728278160095215,0.757720825815458,0.5938586934696419,0.07382420065598597,0.4013705632716049,0.5976885609567901
imagenet,06,06_1_1301,4,top,06_1_1297,0.00828263908624649,0.5290223956108093,0.5130223542637741,0.6375467719295123,0.32669796260395534,0.24458670910493827,0.4086641589506173
imagenet,06,06_1_1301,5,fixed,06_1_1296,0.00218211836181581,0.11549248546361923,0.5059559182094305,0.4554869920493374,0.2869484433847796,0.2338358410493827,0.36777247299382715
imagenet,06,06_1_1301,15,fixed,06_1_1281,0.0006023560417816043,0.05229285731911659,0.6786499931444286,0.22853037016929295,0.13637510288993746,0.4302030285493827,0.38296489197530864
imagenet,06,06_1_1301,30,fixed,06_1_1266,4.53822358394973e-05,0.005899928044527769,0.9024200379646188,0.17064724474258536,0.06532025783675165,0.5287852044753086,0.30572193287037036
imagenet,06,06_1_1301,60,fixed,06_1_1233,1.079271714843344e-05,0.0011442216346040368,0.5170265972868107,0.3606720822427886,0.31903402143519843,0.23520351080246912,0.43385898919753085
imagenet,06,06_1_1418,1,fixed,06_1_1417,8.398288628086448e-05,0.004849701188504696,0.7152225109893926,0.20975353700223062,0.22283056378729613,0.2647902199074074,0.40371672453703705
imagenet,06,06_1_1418,4,top,06_1_1414,0.0005221328465268016,0.04252656549215317,0.7310423419831139,0.6542740422138439,0.04910246462983075,0.3375896990740741,0.575943287037037
imagenet,06,06_1_1418,5,fixed,06_1_1413,0.00019816710846498609,0.013432033360004425,0.7956813943930314,0.10152725587692993,0.17582435321782813,0.30491849922839503,0.14476514274691357
imagenet,06,06_1_1418,8,top,06_1_1410,0.0003148509422317147,0.019631803035736084,0.6144616189850675,0.24038845573846765,0.22101606225765003,0.14711612654320988,0.311947337962963
imagenet,06,06_1_1418,15,fixed,06_1_1403,4.086236731382087e-05,0.002789918100461364,0.6310839671155124,0.05557871264748524,0.3583541168026612,0.3317433449074074,0.1646706211419753
imagenet,06,06_1_1418,30,fixed,06_1_1388,3.303155972389504e-05,0.002596218604594469,0.4867259713086615,0.47815814217893976,0.20847613684348715,0.3963329475308642,0.41585407021604937
imagenet,06,06_1_1418,60,fixed,06_1_1346,1.382176560582593e-05,0.0012754721101373434,0.4729777697254752,0.5311032818510564,0.26734398954108735,0.3632826967592593,0.41626350308641974
imagenet,06,06_1_1418,64,top,06_1_1338,0.0004542095120996237,0.01757918857038021,0.3946993573997444,0.7246605993604178,0.12107512604807738,0.35347222222222224,0.42670958719135804
imagenet,06,06_2_0326,1,fixed+top,06_2_0325,0.004322961904108524,0.35374996066093445,0.3993542704146114,0.42524575634233713,0.399743493580193,0.32024353780864195,0.45793402777777775
imagenet,06,06_2_0326,2,top,06_2_0324,0.02273033931851387,0.9197881817817688,0.6414824422469352,0.3666983011815709,0.2875882529989103,0.36094907407407406,0.3896363811728395
imagenet,06,06_2_0326,4,top,06_2_0322,0.012039772234857082,0.7151514887809753,0.6398801702219346,0.4855128360198346,0.11881112062049544,0.284867862654321,0.4300443672839506
imagenet,06,06_2_0326,5,fixed,06_2_0321,0.0009544618660584092,0.07091664522886276,0.7683543018880324,0.4942042939774319,0.08223748283366775,0.3294627700617284,0.4877459490740741
imagenet,06,06_2_0326,15,fixed,06_2_0311,6.68608263367787e-05,0.005906729493290186,0.22172075581978987,0.44487100948289876,0.375874948880844,0.08975308641975309,0.37915943287037035
imagenet,06,06_2_0326,30,fixed,06_2_0296,7.998571163625456e-06,0.0009610165725462139,0.4752088198469264,0.04531180892645702,0.48279872829384324,0.32916811342592595,0.07520785108024691
imagenet,06,06_2_0326,60,fixed,06_1_1459,5.707487616746221e-06,0.0005721169291064143,0.4685334585927753,0.5383165041901562,0.26262526767272676,0.32884355709876545,0.42430025077160494
imagenet,06,06_2_0434,1,fixed,06_2_0433,6.429897621273994e-05,0.0053244708105921745,0.9065518754097991,0.31774400702182287,0.08706602965785983,0.7108034336419753,0.4947072723765432
imagenet,06,06_2_0434,5,fixed,06_2_0429,2.7861005946760997e-05,0.003388057928532362,0.39532135734913093,0.5112294599953848,0.22324567555562996,0.25526427469135804,0.4006688850308642
imagenet,06,06_2_0434,15,fixed+top,06_2_0417,0.00017058334196917713,0.013885194435715675,0.7794121362071584,0.9161303079439723,0.022725138548990418,0.549975887345679,0.7570534336419753
imagenet,06,06_2_0434,30,fixed,06_2_0402,2.6391986466478556e-05,0.0031903015915304422,0.6261029136968412,0.4969583318768952,0.15812208666970948,0.4411858603395062,0.4649619020061728
imagenet,06,06_2_0434,60,fixed,06_2_0369,1.6845042409840971e-06,0.00017223114264197648,0.42486919589356903,0.29362536340591083,0.443733554425232,0.21124421296296297,0.36117525077160495
imagenet,06,06_2_0434,64,top,06_2_0365,0.00029731285758316517,0.024667616933584213,0.6787695323552756,0.48304061048994146,0.1321061242185096,0.37567708333333333,0.30536795910493825
imagenet,06,06_2_0434,256,top,06_1_1350,0.0001690775970928371,0.014265183359384537,0.436216439292509,0.8382054177868209,0.11912207285623358,0.26360484182098765,0.5543561921296296
imagenet,06,06_2_0542,1,fixed+top,06_2_0541,0.009170716628432274,0.7283381223678589,0.6206634876448056,0.10946892717914967,0.2720319211074577,0.45252170138888886,0.26798466435185186
imagenet,06,06_2_0542,2,top,06_2_0540,0.014220989309251308,0.496540904045105,0.4848794885345972,0.6625893445865718,0.2024055463102353,0.29121190200617286,0.26795862268518517
imagenet,06,06_2_0542,4,top,06_2_0538,0.016256744042038918,1.0741004943847656,0.5919586207492088,0.07193675734684474,0.39123051447015805,0.3953125,0.23578703703703704
imagenet,06,06_2_0542,5,fixed,06_2_0535,0.001933191204443574,0.1820593625307083,0.7609235714603048,0.33118623646903567,0.20116566886930148,0.31361448688271604,0.3620804398148148
imagenet,06,06_2_0542,15,fixed,06_2_0525,3.764892608160153e-05,0.00477519491687417,0.5554172778752188,0.38640456203930834,0.21848956342207898,0.21421730324074073,0.3382079475308642
imagenet,06,06_2_0542,30,fixed,06_2_0510,3.8513240724569187e-05,0.003121033776551485,0.7558213271261371,0.11262663557718872,0.147826796691066,0.19350501543209878,0.3421354166666667
imagenet,06,06_2_0542,60,fixed,06_2_0477,2.3960272301337682e-05,0.0017910015303641558,0.516666801330317,0.47409486978168747,0.2826670829002341,0.352325424382716,0.5325742669753086
imagenet,06,06_2_0659,1,fixed,06_2_0658,0.00013408128870651126,0.011660294607281685,0.39768030520530195,0.38974834645703227,0.23829113351122427,0.2821180555555556,0.3613199266975309
imagenet,06,06_2_0659,2,top,06_2_0657,0.0002975411480292678,0.04217352718114853,0.7455022885633393,0.28172384550139035,0.0727982376630288,0.46706838348765434,0.3054398148148148
imagenet,06,06_2_0659,5,fixed,06_2_0654,3.8506426790263504e-05,0.00389482150785625,0.7101999641868736,0.3558835741096521,0.14097471461271577,0.3695847800925926,0.3737355324074074
imagenet,06,06_2_0659,15,fixed,06_2_0644,7.21919714123942e-05,0.008356607519090176,0.8941012633331286,0.04761084158792957,0.10589873666687138,0.5002551118827161,0.06632040895061729
imagenet,06,06_2_0659,16,top,06_2_0643,0.00025960017228499055,0.02181798405945301,0.9190271099759613,0.06170657724085222,0.08097289002403849,0.4872680362654321,0.018796296296296297
imagenet,06,06_2_0659,30,fixed,06_2_0625,4.768158032675274e-05,0.0035815094597637653,0.7761487891978913,0.37113538103359667,0.058133385016879154,0.4940157214506173,0.4839274691358025
imagenet,06,06_2_0659,32,top,06_2_0623,0.00011795185855589807,0.01672104001045227,0.7845915912459481,0.31821858370792516,0.11243778922556344,0.4895047260802469,0.38060860339506175
imagenet,06,06_2_0659,60,fixed,06_2_0584,8.547366405764478e-07,4.978704600944184e-05,0.5465586973636324,0.3536582667362922,0.19354327314820502,0.5214091435185185,0.4706712962962963
imagenet,08,08_1_0380,1,fixed,08_1_0379,0.0010423425119370222,0.04341705143451691,0.020806075694772032,0.5773032277251623,0.40236483024648073,0.04053626543209877,0.6662123842592592
imagenet,08,08_1_0380,2,top,08_1_0378,0.0022086165845394135,0.11355632543563843,0.08478665156194028,0.8749246115275754,0.04028873691048413,0.041569251543209874,0.6416517168209876
imagenet,08,08_1_0380,5,fixed,08_1_0375,0.0005948361358605325,0.03527453541755676,0.9055077000787646,0.5075124549234449,0.01188398127198464,0.4125289351851852,0.7071971450617284
imagenet,08,08_1_0380,8,top,08_1_0372,0.004995278082787991,0.2510650157928467,0.9133373897624157,0.3219611726108978,0.02059531794898702,0.3005652006172839,0.6807711226851851
imagenet,08,08_1_0380,15,fixed,08_1_0354,0.0005317399627529085,0.041511137038469315,0.2580785736760455,0.3084139648151663,0.49370000645658574,0.13569782021604937,0.2844333526234568
imagenet,08,08_1_0380,30,fixed,08_1_0339,0.0006590323755517602,0.03273933380842209,0.7830926955829848,0.7520173782101618,0.06106145141586927,0.3090229552469136,0.5896344521604938
imagenet,08,08_1_0380,32,top,08_1_0337,0.003467982169240713,0.2807754874229431,0.7340007340622697,0.2612860601456508,0.17695420473868234,0.5089279513888889,0.45168836805555557
imagenet,08,08_1_0380,60,fixed,08_1_0242,0.00023342124768532813,0.013807259500026703,0.7993692081668768,0.5103852088821079,0.07976292056460688,0.20710889274691358,0.5379957561728395
imagenet,08,08_1_0498,1,fixed,08_1_0497,0.00461198017001152,0.34848088026046753,0.6645747380502922,0.44353084429541384,0.1114716090748421,0.2596503665123457,0.46225453317901233
imagenet,08,08_1_0498,2,top,08_1_0496,0.005915972404181957,0.42467373609542847,0.5705744978436292,0.47258076479922995,0.18021405716351427,0.17299382716049383,0.44570216049382716
imagenet,08,08_1_0498,4,top,08_1_0494,0.00550122419372201,0.48111987113952637,0.6793215803654208,0.5999418138681637,0.09610709691067579,0.20929108796296297,0.5853245563271605
imagenet,08,08_1_0498,5,fixed,08_1_0493,0.0016266250750049949,0.11103342473506927,0.5904909273085163,0.37625086442332356,0.2046483132437676,0.20806230709876544,0.42551022376543207
imagenet,08,08_1_0498,8,top,08_1_0490,0.0058416761457920074,0.3526046872138977,0.7665764828246701,0.28809953072260347,0.05922430592608317,0.1916845100308642,0.5267853009259259
imagenet,08,08_1_0498,15,fixed,08_1_0482,0.0006359039689414203,0.05005034804344177,0.5678766738527888,0.43442816553213226,0.06993634462105382,0.15651765046296295,0.46909770447530863
imagenet,08,08_1_0498,30,fixed,08_1_0455,0.000426346727181226,0.03114902228116989,0.5877785072927646,0.6408311199325529,0.12650644332288463,0.21792824074074074,0.5549633487654321
imagenet,08,08_1_0498,60,fixed,08_1_0421,8.406047709286213e-05,0.013417035341262817,0.7111293717886217,0.43850581652516724,0.20104642632108413,0.350570987654321,0.3631722608024691
imagenet,08,08_1_0606,1,fixed+top,08_1_0605,0.0020908601582050323,0.1319391131401062,0.8666756083802852,0.48892578547630694,0.07961815185477246,0.36037278163580244,0.4409659529320988
imagenet,08,08_1_0606,2,top,08_1_0604,0.002874185796827078,0.1894473284482956,0.8519193327315369,0.5228074673438572,0.06910845049593721,0.34392457561728396,0.3891975308641975
imagenet,08,08_1_0606,4,top,08_1_0602,0.0021611880511045456,0.1721232384443283,0.7444882304149567,0.7552431335452771,0.04416205124150337,0.4780647183641975,0.49165895061728393
imagenet,08,08_1_0606,5,fixed,08_1_0601,0.0003794821386691183,0.026950182393193245,0.7903096462538386,0.38687854055476883,0.15938313346496766,0.3316845100308642,0.31680989583333335
imagenet,08,08_1_0606,15,fixed,08_1_0590,0.0001831294794101268,0.011430117301642895,0.8395542922174054,0.7705208849381316,0.033494141786352086,0.3467838541666667,0.5604933449074074
imagenet,08,08_1_0606,30,fixed,08_1_0575,9.91901324596256e-05,0.009284780360758305,0.20316752617549116,0.27918052901966595,0.5785627934201535,0.20807002314814815,0.3987606095679012
imagenet,08,08_1_0606,60,fixed,08_1_0541,5.417710417532362e-05,0.0036995504051446915,0.7329292830463499,0.468576736349422,0.07348115314234252,0.2867944637345679,0.5194063464506172
imagenet,08,08_1_0718,1,fixed,08_1_0717,0.0023339835461229086,0.27031996846199036,0.6588461406207538,0.6896882347263945,0.0897392335159664,0.31515625,0.5779325810185185
imagenet,08,08_1_0718,2,top,08_1_0715,0.004629235714673996,0.3327244222164154,0.754928426707201,0.3240172115978664,0.1351398303519803,0.39372251157407406,0.5568127893518519
imagenet,08,08_1_0718,4,top,08_1_0713,0.004763512872159481,0.47822797298431396,0.719263689463104,0.6794110926037163,0.1137033698841998,0.4654615162037037,0.5516304976851852
imagenet,08,08_1_0718,5,fixed,08_1_0712,0.0007813009433448315,0.05624103173613548,0.6174249882093698,0.6825324317219722,0.1830165209878139,0.23780864197530865,0.5089756944444445
imagenet,08,08_1_0718,8,top,08_1_0709,0.003278696909546852,0.21464426815509796,0.7027366144766565,0.827186367924715,0.06357535541896468,0.24255208333333333,0.6576697530864197
imagenet,08,08_1_0718,15,fixed,08_1_0702,0.000936326221562922,0.04567629471421242,0.7173610019383038,0.5596028050556319,0.14639660317520226,0.23918113425925927,0.5536738040123457
imagenet,08,08_1_0718,30,fixed,08_1_0684,0.0006374543299898505,0.042360927909612656,0.6205205508019285,0.4779976538273589,0.1894356464683398,0.25959153163580245,0.7447646604938272
imagenet,08,08_1_0718,60,fixed,08_1_0651,0.00011300842743366957,0.007954622618854046,0.6099474289380143,0.3350251477165134,0.18427473331009622,0.2717886766975309,0.6451895254629629
imagenet,08,08_1_0838,1,fixed,08_1_0837,4.138107760809362e-05,0.004130068700760603,0.6835338252896799,0.7828316877173398,0.04269076181425648,0.36299672067901234,0.6199464699074074
imagenet,08,08_1_0838,2,top,08_1_0836,9.323556150775403e-05,0.008965618908405304,0.8717847224826994,0.6073156736926697,0.057743213730591374,0.46069492669753087,0.6786289544753087
imagenet,08,08_1_0838,5,fixed,08_1_0833,2.102912185364403e-05,0.0018007978796958923,0.6574771429731349,0.5240210409532371,0.055711391469049014,0.3040528549382716,0.6443913966049383
imagenet,08,08_1_0838,15,fixed,08_1_0821,2.1721389202866703e-05,0.0026303844060748816,0.4529011582263292,0.632456687741002,0.17697413658297845,0.3004735725308642,0.550210262345679
imagenet,08,08_1_0838,30,fixed,08_1_0806,3.139682667097077e-05,0.0034840921871364117,0.636068720369169,0.743478078435358,0.2146672836813296,0.25873312114197533,0.5742645640432099
imagenet,08,08_1_0838,60,fixed,08_1_0766,1.2724649423034862e-05,0.0006478172726929188,0.4889380659731708,0.532386977589188,0.3012282821090437,0.14911940586419753,0.4220924961419753
imagenet,08,08_1_0838,128,top,08_1_0687,0.00013557745842263103,0.010271720588207245,0.5854907467510755,0.8321383613373887,0.0896810171014262,0.25202546296296297,0.6573466435185186
imagenet,08,08_1_0838,256,top,08_1_0545,0.00021701907098758966,0.011804288253188133,0.6768194322151818,0.42587521580201615,0.17364544784384373,0.3243132716049383,0.4127560763888889
imagenet,08,08_1_1074,1,fixed,08_1_1071,0.00042006801231764257,0.0268887709826231,0.5074408031065851,0.5772079508921591,0.09989472567611858,0.1886501736111111,0.46639998070987654
imagenet,08,08_1_1074,5,fixed,08_1_1067,9.64904684224166e-05,0.007070737425237894,0.30551595465453446,0.6442848100351989,0.33848826444149793,0.3052416087962963,0.7309490740740741
imagenet,08,08_1_1074,15,fixed,08_1_1054,7.3432042881904636e-06,0.00011873825133079663,0.06656313398516683,0.7692736260379834,0.2305347323722852,0.15529513888888888,0.6098249421296297
imagenet,08,08_1_1074,16,top,08_1_1053,0.001580305048264563,0.060711149126291275,0.43446223447758614,0.5913142395311726,0.2156865980612122,0.2511892361111111,0.4949860146604938
imagenet,08,08_1_1074,30,fixed,08_1_1038,2.621987005113624e-05,0.0025048083625733852,0.24724299836878794,0.6764927851118191,0.28711365446693826,0.1994873649691358,0.4281510416666667
imagenet,08,08_1_1074,32,top,08_1_1036,0.002765926066786051,0.22941389679908752,0.3308019286654648,0.25095289455649245,0.5107215196399435,0.17499469521604938,0.42692226080246914
imagenet,08,08_1_1074,60,fixed,08_1_0989,2.4630617190268822e-05,0.0020032410975545645,0.6587944142629973,0.9335294632393185,0.04416537010700905,0.1131934799382716,0.7657040895061729
imagenet,08,08_1_1074,64,top,08_1_0881,0.0023055081255733967,0.12821775674819946,0.7169319894214436,0.9696854593981962,0.030314469667550196,0.30255497685185184,0.9061882716049383
imagenet,08,08_1_1192,1,fixed,08_1_1191,0.0005303361685946584,0.052986990660429,0.5221155761561824,0.5514079295990868,0.14101524725647627,0.3297728587962963,0.2935546875
imagenet,08,08_1_1192,2,top,08_1_1190,0.0010618711821734905,0.07728239893913269,0.5717108546864039,0.4125268543179442,0.17079221522367166,0.2710561342592593,0.5496161265432099
imagenet,08,08_1_1192,5,fixed,08_1_1186,0.00015076941053848714,0.012419111095368862,0.6711385547701633,0.5080189494240591,0.15899225128802946,0.25904851466049383,0.32912953317901233
imagenet,08,08_1_1192,8,top,08_1_1183,0.0009565440705046058,0.07580354064702988,0.7530621654293418,0.3845908621144195,0.07143626143017703,0.3331129436728395,0.5375530478395062
imagenet,08,08_1_1192,15,fixed,08_1_1172,0.00014445968554355204,0.01383648719638586,0.073928601090251,0.487417822625936,0.4635373752091814,0.05334780092592593,0.263984375
imagenet,08,08_1_1192,16,top,08_1_1171,0.0010457162279635668,0.07321865111589432,0.30851885430646764,0.510965285636496,0.42127378899525564,0.0891087962962963,0.333326099537037
imagenet,08,08_1_1192,30,fixed,08_1_1157,0.00035132592893205583,0.03074781969189644,0.4957487643058379,0.5588798900238817,0.3098473450999553,0.18309172453703704,0.4240036651234568
imagenet,08,08_1_1192,60,fixed,08_1_1117,6.490851956186816e-05,0.003177330829203129,0.7494051737145574,0.8069522035892898,0.004943413454435829,0.37205922067901237,0.7885522762345679
imagenet,08,08_1_1306,1,fixed,08_1_1305,0.0020286845974624157,0.1399918794631958,0.3554249738667059,0.10954937226293915,0.6373512771910493,0.22733458719135802,0.20867283950617285
imagenet,08,08_1_1306,2,top,08_1_1304,0.005887957755476236,0.5030040144920349,0.4783249152625514,0.4321457857442935,0.29104622245067957,0.25764612268518516,0.4182966820987654
imagenet,08,08_1_1306,4,top,08_1_1302,0.005797334015369415,0.5102542638778687,0.22295323242476425,0.4727060943546328,0.33564117503527185,0.1186549961419753,0.48073784722222224
imagenet,08,08_1_1306,5,fixed,08_1_1300,0.0019072300055995584,0.10840761661529541,0.2664369687693997,0.17514358486101672,0.5611623727057843,0.11887104552469135,0.20424768518518518
imagenet,08,08_1_1306,8,top,08_1_1296,0.003950478509068489,0.38642454147338867,0.24839553122357902,0.5813455579595109,0.2537490502353632,0.16360098379629628,0.3004128086419753
imagenet,08,08_1_1306,15,fixed,08_1_1289,0.0004898626357316971,0.034925565123558044,0.19671430988973174,0.009864373689936062,0.7934213164203326,0.13487220293209876,0.06653404706790124
imagenet,08,08_1_1306,30,fixed,08_1_1273,0.0003641116200014949,0.02391398698091507,0.4013118179870758,0.5478687151508121,0.2985336806121491,0.17622685185185186,0.35412133487654324
imagenet,08,08_1_1306,60,fixed,08_1_1235,3.6355075280880556e-05,0.0017609314527362585,0.19211017904803923,2.2451775249859817e-05,0.8078673691767115,0.20022376543209877,0.04828800154320988
imagenet,08,08_1_1443,1,fixed,08_1_1442,0.0002707270032260567,0.02111716940999031,0.5415030509924623,0.6322640455443322,0.08628833559732439,0.1469820601851852,0.6197680362654321
imagenet,08,08_1_1443,2,top,08_1_1441,0.0012874221429228783,0.07685649394989014,0.4679566060566078,0.53160586248864,0.14274112446423973,0.16653211805555557,0.6014766589506173
imagenet,08,08_1_1443,4,top,08_1_1439,0.0009646474500186741,0.08572601526975632,0.49811223907675245,0.26225722639438054,0.3256521513413339,0.1756741898148148,0.3343127893518518
imagenet,08,08_1_1443,5,fixed,08_1_1438,0.00013977594790048897,0.010595841333270073,0.6926672843922723,0.3296761130648351,0.20854931584054925,0.24253134645061727,0.6034418402777778
imagenet,08,08_1_1443,8,top,08_1_1432,0.0009746444411575794,0.06818937510251999,0.17452032478672072,0.098964649610759,0.7265150256025203,0.06036892361111111,0.20396460262345678
imagenet,08,08_1_1443,15,fixed,08_1_1423,0.00015736691420897841,0.006978865712881088,0.5251397400872787,0.7845306007838568,0.1796193573490874,0.14673611111111112,0.48800009645061726
imagenet,08,08_1_1443,30,fixed,08_1_1398,9.226063411915675e-05,0.005203744396567345,0.4345571507240155,0.23238083315241262,0.41802713151280985,0.11766203703703704,0.22870081018518518
imagenet,08,08_1_1443,60,fixed,08_1_1361,9.986568329622969e-06,0.0007487558759748936,0.3135754984087119,0.390057282697466,0.3547050969420009,0.15253472222222222,0.2803838734567901
imagenet,08,08_1_1569,1,fixed,08_1_1568,0.0002160613366868347,0.01383703202009201,0.6403599719544825,0.7542412818899815,0.14505019093860202,0.20076630015432098,0.426030574845679
imagenet,08,08_1_1569,2,top,08_1_1567,0.00033622130285948515,0.027394618839025497,0.5329256557655375,0.4924508419149367,0.29975414205542306,0.1354716435185185,0.3869921875
imagenet,08,08_1_1569,4,top,08_1_1564,0.0007163943955674767,0.0529186874628067,0.623249759347338,0.3203148697092835,0.34472457188927935,0.18746720679012346,0.2750221836419753
imagenet,08,08_1_1569,5,fixed,08_1_1563,0.0001224362786160782,0.007647804915904999,0.608313455607752,0.5984234516143707,0.05339026802532861,0.20830439814814813,0.6902633101851852
imagenet,08,08_1_1569,8,top,08_1_1559,0.00035552476765587926,0.026227449998259544,0.536184210246772,0.3905187258527918,0.2418455862601794,0.22999131944444445,0.43495707947530865
imagenet,08,08_1_1569,15,fixed,08_1_1551,5.862686884938739e-05,0.004083316307514906,0.6947515670319886,0.2655913666198215,0.19900223700629038,0.2007378472222222,0.23349488811728394
imagenet,08,08_1_1569,30,fixed,08_1_1528,1.7257298168260604e-05,0.0014775001909583807,0.46592644817544054,0.41562144838506065,0.31332949925114373,0.12040316358024691,0.5118349729938272
imagenet,08,08_1_1569,60,fixed,08_1_1486,4.073427135153906e-06,0.00026790087576955557,0.6638154750970175,0.6957889920300675,0.24410528789066033,0.22785349151234568,0.37284770447530863
imagenet,08,08_2_0229,1,fixed,08_2_0228,0.00019907641399186105,0.014612775295972824,0.6327962396605781,0.2601170451833785,0.19572709301689517,0.21689766589506174,0.49873119212962963
imagenet,08,08_2_0229,2,top,08_2_0227,0.0004899363266304135,0.04149880260229111,0.6897787919213079,0.1671091219488768,0.22638564780775786,0.2421532600308642,0.27913917824074075
imagenet,08,08_2_0229,4,top,08_2_0225,0.0002659658493939787,0.022901246324181557,0.4229313321419466,0.1350128194525399,0.5000960575074573,0.16437885802469135,0.3561111111111111
imagenet,08,08_2_0229,5,fixed,08_2_0224,4.823249764740467e-05,0.0033709676936268806,0.7644623254101744,0.20677740581480988,0.16769439470867756,0.3194753086419753,0.3200901813271605
imagenet,08,08_2_0229,8,top,08_2_0220,0.00028153671883046627,0.02100197970867157,0.5367946944726051,0.5244487266422266,0.15231063406515924,0.28668595679012343,0.4750684799382716
imagenet,08,08_2_0229,15,fixed,08_2_0213,2.5016644940478727e-05,0.0014103156281635165,0.4347812163697759,0.4558170781365455,0.3660770833358101,0.3205444637345679,0.5112181712962963
imagenet,08,08_2_0229,30,fixed,08_1_1651,9.596493327990174e-06,0.0008113385993055999,0.5978064819736408,0.3235825784306011,0.20908630150647967,0.19978973765432098,0.5776847029320987
imagenet,08,08_2_0229,60,fixed,08_1_1619,2.804536052281037e-06,0.00022211871691979468,0.20784168740781578,0.2999186011577762,0.5544618684776086,0.11675636574074075,0.2667235725308642
imagenet,08,08_2_0372,1,fixed,08_2_0371,0.00042770139407366514,0.026121942326426506,0.7052304517910385,0.7848940513448373,0.05748313535129377,0.4435083912037037,0.5458048804012345
imagenet,08,08_2_0372,2,top,08_2_0370,0.0012584265787154436,0.0760304406285286,0.7404355275947416,0.6760416415263422,0.04460628133119199,0.4230979938271605,0.5430656828703704
imagenet,08,08_2_0372,4,top,08_2_0368,0.0007518634665757418,0.053182750940322876,0.49384034711258606,0.7654406584944882,0.03976123660667836,0.22082175925925926,0.6569642168209876
imagenet,08,08_2_0372,5,fixed,08_2_0363,0.00013009140093345195,0.008415318094193935,0.5774922024168767,0.6168926969157669,0.036189749822174634,0.17206597222222222,0.6934418402777778
imagenet,08,08_2_0372,8,top,08_2_0360,0.00048489918117411435,0.03394213318824768,0.581249508532876,0.5661723374766301,0.08049980205978562,0.22387442129629628,0.6614158950617284
imagenet,08,08_2_0372,15,fixed,08_2_0353,2.9875394830014557e-05,0.002766472054645419,0.7357711882671911,0.6139807970455283,0.10956250491996117,0.290766300154321,0.43820746527777776
imagenet,08,08_2_0372,30,fixed,08_2_0337,4.5060409320285544e-05,0.0033003920689225197,0.6748605523132875,0.5135839508912464,0.21947338670042918,0.3379123263888889,0.5761805555555556
imagenet,08,08_2_0372,60,fixed,08_2_0291,8.067809176282026e-06,0.00045250108814798295,0.5411318099434473,0.31469501287326196,0.2993267539142345,0.19953221450617284,0.508701774691358
imagenet,08,08_2_0513,1,fixed+top,08_2_0512,0.0011536048259586096,0.09863635897636414,0.6008114191689917,0.5635486956023265,0.12568281573568935,0.29085648148148147,0.5135850694444445
imagenet,08,08_2_0513,2,top,08_2_0511,0.0031640564557164907,0.2925807237625122,0.5374215388162936,0.6811718741767493,0.09921790971121008,0.28230806327160496,0.4927107445987654
imagenet,08,08_2_0513,4,top,08_2_0507,0.0013732820516452193,0.0819959044456482,0.7931896452931604,0.47134071149505113,0.07810622776491108,0.690582561728395,0.43991608796296294
imagenet,08,08_2_0513,5,fixed,08_2_0506,0.00020890991436317563,0.011532803997397423,0.7237066516386369,0.457398474986233,0.18547145376607174,0.6368070023148148,0.40271701388888886
imagenet,08,08_2_0513,15,fixed,08_2_0496,7.276952965185046e-05,0.005761406850069761,0.3873920180690553,0.34149293297106365,0.2711150489598815,0.1540186149691358,0.24493682484567902
imagenet,08,08_2_0513,30,fixed,08_2_0477,4.03361591452267e-05,0.0034282130654901266,0.5125979975020355,0.3985830980322847,0.37206408908974065,0.1857002314814815,0.27106577932098763
imagenet,08,08_2_0513,60,fixed,08_2_0430,8.310336852446198e-06,0.0004983043763786554,0.38472193717463554,0.43432866364074335,0.18118471598688887,0.0743479938271605,0.5283815586419753
imagenet,09,09_1_0396,1,fixed,09_1_0395,0.0015641574282199144,0.11892442405223846,0.2320517813994114,0.3126045346003747,0.6762619219599064,0.08303192515432099,0.22062114197530863
imagenet,09,09_1_0396,2,top,09_1_0394,0.0019017425365746021,0.11297127604484558,0.13301068031726423,0.3090468894496715,0.6909531105503283,0.029402970679012347,0.20492621527777777
imagenet,09,09_1_0396,4,top,09_1_0392,0.002949789632111788,0.13118666410446167,0.13011295133938905,0.3068772257531898,0.6886652465333012,0.02337962962962963,0.1985522762345679
imagenet,09,09_1_0396,5,fixed,09_1_0391,0.0005004004924558103,0.03616165369749069,0.06411581913218897,0.24392023845308028,0.741352721810813,0.024137731481481482,0.20104311342592593
imagenet,09,09_1_0396,15,fixed,09_1_0381,7.561275560874492e-05,0.007000276353210211,0.07337390879610663,0.06086199964963046,0.9009199040046785,0.11764805169753087,0.17083912037037038
imagenet,09,09_1_0396,16,top,09_1_0313,0.0018847542814910412,0.11826902627944946,0.2936264456094704,0.4593438026813727,0.5167207998742619,0.06125578703703704,0.30666666666666664
imagenet,09,09_1_0396,30,fixed,09_1_0293,0.00011875416385009885,0.0036118151620030403,0.5234667652304701,0.7616277127231574,0.16877226409257332,0.169477237654321,0.39580005787037037
imagenet,09,09_1_0396,60,fixed,09_1_0256,0.00015388111933134496,0.006452219095081091,0.36605195045577127,0.41724762000911086,0.5342724128879255,0.15171682098765432,0.37319685570987654
imagenet,09,09_1_0532,1,fixed,09_1_0531,9.24675478017889e-05,0.0088093476369977,0.23884116347914686,0.46927805797144384,0.42307670046117773,0.07707658179012346,0.25583815586419756
imagenet,09,09_1_0532,2,top,09_1_0530,0.0002521737478673458,0.013875147327780724,0.19125672261655524,0.5027421613361057,0.4297706507809908,0.07644965277777778,0.35587770061728397
imagenet,09,09_1_0532,5,fixed,09_1_0524,4.834612809645478e-06,0.00012933193647768348,0.05855853165901434,0.5129886107513727,0.4843474076864725,0.09719907407407408,0.272421875
imagenet,09,09_1_0532,8,top,09_1_0521,0.00020367435354273766,0.015088687650859356,0.2352373909802839,0.4391543807080124,0.5124214086392285,0.14999951774691359,0.41629340277777777
imagenet,09,09_1_0532,15,fixed,09_1_0513,1.1077846693297033e-06,0.00013633652997668833,0.22824515943481413,0.4167559651036249,0.5095578492660584,0.06432291666666666,0.3218190586419753
imagenet,09,09_1_0532,30,fixed,09_1_0496,3.638372845671256e-06,0.00016767570923548192,0.4352996435786161,0.4578030182225814,0.3807241988100428,0.08859953703703703,0.3848804012345679
imagenet,09,09_1_0532,60,fixed,09_1_0451,1.415808924321027e-06,0.00010947146802209318,0.21602291156649947,0.5702967716126276,0.4297032283873728,0.05135030864197531,0.21933497299382715
imagenet,09,09_1_0532,128,top,09_1_0296,0.0002195677370764315,0.015436696819961071,0.31099183346841386,0.5903893068007244,0.36226194526498906,0.17273148148148149,0.38863859953703705
imagenet,09,09_1_0659,1,fixed,09_1_0658,3.814334149865317e-06,0.0003085214993916452,0.789839424388254,0.841493034062541,0.07975116279023287,0.31941743827160496,0.3650757137345679
imagenet,09,09_1_0659,5,fixed,09_1_0654,4.248401523909706e-07,2.2496518795378506e-05,0.75223665616459,0.2868345982370353,0.1106119170919932,0.2025313464506173,0.29854697145061726
imagenet,09,09_1_0659,15,fixed,09_1_0638,4.27573686465621e-05,0.002400483936071396,0.3580331850565745,0.6681095709081617,0.23495899036397683,0.20021363811728396,0.561556712962963
imagenet,09,09_1_0659,24,top,09_1_0627,0.0005608359351754189,0.03673286363482475,0.7253914069104477,0.641366367324574,0.15477076984169105,0.2371947337962963,0.5539795524691358
imagenet,09,09_1_0659,30,fixed,09_1_0620,1.553573156343191e-06,4.5916447561467066e-05,0.03723953910029799,0.16089881576984136,0.8363415375156207,0.1452416087962963,0.40720341435185187
imagenet,09,09_1_0659,32,top,09_1_0618,0.0004309630603529513,0.03614525496959686,0.30070689710306253,0.5186531562568769,0.31543584015165294,0.17502555941358025,0.5500622106481482
imagenet,09,09_1_0659,60,fixed,09_1_0585,2.602832864795346e-06,0.00018686115799937397,0.08306900521872962,0.22813803713785016,0.7159982330016891,0.11834297839506173,0.2765977044753086
imagenet,09,09_1_0659,128,top,09_1_0498,0.0002618621801957488,0.017917076125741005,0.238885108813442,0.5028149417535158,0.3010715468168004,0.08797453703703703,0.3642332175925926
imagenet,09,09_1_0792,1,fixed,09_1_0791,2.2937821995583363e-05,0.0019081525970250368,0.6539501123561078,0.4809551636272772,0.2562216569628493,0.3277083333333333,0.2638016010802469
imagenet,09,09_1_0792,2,top,09_1_0790,0.0001625316363060847,0.01513688638806343,0.62787655448594,0.47788973685638786,0.24457291857298258,0.3337847222222222,0.2523654513888889
imagenet,09,09_1_0792,5,fixed,09_1_0784,1.6642624132146011e-06,0.00021466326143126935,0.33145347386717144,0.408932977103336,0.40076731349573025,0.2670331790123457,0.30896363811728395
imagenet,09,09_1_0792,15,fixed,09_1_0764,3.4451898045517737e-07,4.004802030976862e-05,0.5842250285378155,0.6602962635009013,0.12228163401680914,0.24709538966049382,0.3823514660493827
imagenet,09,09_1_0792,30,fixed,09_1_0743,1.8545168245509558e-07,2.5274111976614222e-05,0.5252992390073837,0.6972796319521114,0.12857072939508968,0.33591435185185187,0.506865837191358
imagenet,09,09_1_0792,60,fixed,09_1_0703,1.1840552360808942e-07,1.4802013538428582e-05,0.6156221469437866,0.7642523087286025,0.036608374478308586,0.3373654513888889,0.5523808834876544
imagenet,09,09_1_0792,128,top,09_1_0623,8.549490303266793e-05,0.006086345762014389,0.4482082839620336,0.5931306627789302,0.3497870195332655,0.23664448302469135,0.4024440586419753
imagenet,09,09_1_0792,256,top,09_1_0455,0.00035146300797350705,0.028290696442127228,0.26148238774683974,0.3926261120438307,0.45918248361280295,0.08087384259259259,0.26658805941358027
imagenet,09,09_1_1001,1,fixed,09_1_1000,6.680237675027456e-06,0.000595022167544812,0.3702733606702314,0.543486023372908,0.30833775840469646,0.10686728395061729,0.45859712577160494
imagenet,09,09_1_1001,5,fixed,09_1_0994,3.4725408113445155e-06,0.00014835124602541327,0.16154836900359076,0.8188250614692867,0.1582349558919207,0.06821614583333334,0.5226620370370371
imagenet,09,09_1_1001,14,top,09_1_0983,0.0001195267541334033,0.009720228612422943,0.401815463084533,0.36570542228134356,0.4061149437452207,0.1556032986111111,0.37406684027777776
imagenet,09,09_1_1001,15,fixed,09_1_0982,2.0576128008542582e-05,0.001141668064519763,0.2990627751314197,0.463089074417455,0.45816689904007846,0.04542390046296296,0.10204668209876543
imagenet,09,09_1_1001,22,top,09_1_0892,0.0001830698165576905,0.007954511791467667,0.2992203576276811,0.44913285800099406,0.5254826582965896,0.02929542824074074,0.2016531635802469
imagenet,09,09_1_1001,30,fixed,09_1_0881,2.2295820599538274e-05,0.0021353978663682938,0.4276379704026906,0.9422985095665548,0.049658896142927116,0.2637770061728395,0.5507132523148148
imagenet,09,09_1_1001,60,fixed,09_1_0846,1.690961255462753e-07,2.1053067030152306e-05,0.6957216705345783,0.7952920074174815,0.15755968673776433,0.34675395447530866,0.45634886188271606
imagenet,09,09_1_1001,256,top,09_1_0589,6.723093974869698e-05,0.004055817611515522,0.22768252758882532,0.35156530389574125,0.6307780997979795,0.15556278935185186,0.37648099922839506
imagenet,10,10_1_0393,1,fixed+top,10_1_0392,0.0022986149415373802,0.12357297539710999,0.3307752126736045,0.6590186079429075,0.31666005201499786,0.09927276234567901,0.5409293016975308
imagenet,10,10_1_0393,2,top,10_1_0391,0.0017858596984297037,0.1197548359632492,0.573511758257841,0.5824206282830894,0.30773963587218306,0.1578882137345679,0.3331134259259259
imagenet,10,10_1_0393,5,fixed,10_1_0386,0.00018951395759359002,0.015809211879968643,0.4028356056820675,0.8037177697904466,0.13890960828088078,0.08931954089506172,0.5025684799382716
imagenet,10,10_1_0393,15,fixed,10_1_0373,1.3061319805274252e-05,0.000798763707280159,0.6913473377279183,0.7251430590500653,0.14243770010851428,0.3044709683641975,0.4347554976851852
imagenet,10,10_1_0393,16,top,10_1_0372,0.0009919209405779839,0.06906883418560028,0.649625586724946,0.7574483126254565,0.1144730158234781,0.2903602430555556,0.4598929398148148
imagenet,10,10_1_0393,30,fixed,10_1_0352,0.00011469826858956367,0.005837778560817242,0.5434967143501563,0.844439142248561,0.14436344998822337,0.1495167824074074,0.5630155285493827
imagenet,10,10_1_0393,60,fixed,10_1_0286,4.801921477337601e-06,0.0004785642377100885,0.13149182491330097,0.8284823343381316,0.14865491878467377,0.11685763888888889,0.6076036844135803
imagenet,10,10_1_0511,1,fixed+top,10_1_0510,0.001924809766933322,0.12376195937395096,0.5165346047563417,0.7951648988549872,0.16939673099840424,0.21784625771604937,0.540189525462963
imagenet,10,10_1_0511,2,top,10_1_0509,0.002345985732972622,0.2350378781557083,0.21180900726391957,0.7797045880503556,0.2143479408788971,0.0673779899691358,0.5988739390432098
imagenet,10,10_1_0511,4,top,10_1_0507,0.000805981399025768,0.06663854420185089,0.5201215299028783,0.7102326951460329,0.09005282529929508,0.24678144290123458,0.6537760416666667
imagenet,10,10_1_0511,5,fixed,10_1_0506,0.00027171114925295115,0.015523009933531284,0.5129881707100648,0.6944238462119909,0.07968135969086931,0.16186728395061728,0.71703125
imagenet,10,10_1_0511,15,fixed,10_1_0495,0.00020739328465424478,0.014376820996403694,0.7050584228521459,0.9511038157910291,0.04885602539083264,0.19586516203703705,0.5975921103395062
imagenet,10,10_1_0511,30,fixed,10_1_0477,7.518620259361342e-05,0.005969259887933731,0.5303054232732751,0.7406407336630453,0.16036101488408777,0.26253520447530865,0.5987090084876543
imagenet,10,10_1_0511,60,fixed,10_1_0438,5.2913078434357885e-06,0.00038912444142624736,0.3103348760669298,0.7242574095850564,0.18184399358975795,0.2789747299382716,0.7267703510802469
imagenet,10,10_1_0619,1,fixed+top,10_1_0618,0.00021571102843154222,0.017433982342481613,0.5868472222586203,0.7749622657160122,0.075967457298704,0.2751567322530864,0.6236820023148149
imagenet,10,10_1_0619,5,fixed,10_1_0614,5.545876774704084e-05,0.003477009478956461,0.7133594912369637,0.7139162275440082,0.10075113038497546,0.3176875964506173,0.6626552854938271
imagenet,10,10_1_0619,6,top,10_1_0613,0.00033627261291258037,0.015405267477035522,0.5306442244619574,0.5044985690463453,0.20300780874338706,0.2098022762345679,0.5547530864197531
imagenet,10,10_1_0619,15,fixed+top,10_1_0603,0.0002325246314285323,0.0120601961389184,0.4655868458552321,0.5182165749593765,0.2522502818837683,0.19145833333333334,0.6370235339506173
imagenet,10,10_1_0619,30,fixed,10_1_0586,6.32686642347835e-05,0.0046899588778615,0.5334401288049202,0.7084516116493725,0.21990322051394545,0.35932581018518517,0.5788271604938272
imagenet,10,10_1_0619,60,fixed,10_1_0554,4.428593456395902e-06,0.0005022611003369093,0.5059868090426872,0.8854154953699876,0.06776942381221515,0.17141589506172838,0.6824064429012345
imagenet,10,10_1_0784,1,fixed+top,10_1_0783,0.013250223360955715,1.1086219549179077,0.78035502665126,0.209758627413001,0.11824488529127677,0.3350786072530864,0.4816666666666667
imagenet,10,10_1_0784,2,top,10_1_0782,0.006982975639402866,0.42593735456466675,0.17863955396799522,0.438265676392827,0.46987396839152956,0.2398480902777778,0.4812109375
imagenet,10,10_1_0784,4,top,10_1_0778,0.007384230848401785,0.5101321339607239,0.3377860531327629,0.4175193712580912,0.3213809388400496,0.21320505401234568,0.45521797839506173
imagenet,10,10_1_0784,5,fixed,10_1_0777,0.0005999979330226779,0.050902850925922394,0.4556940487028096,0.7140319058167557,0.0899665225104274,0.270639949845679,0.6889515817901235
imagenet,10,10_1_0784,15,fixed,10_1_0766,0.0008675528224557638,0.05519747734069824,0.7048976044979623,0.7871537477812203,0.05373595362245521,0.30659239969135804,0.6225843942901235
imagenet,10,10_1_0784,30,fixed,10_1_0751,6.740385288139805e-05,0.003794158576056361,0.6378731317883423,0.3514318217089233,0.16739570756450955,0.2636800733024691,0.5349565972222222
imagenet,10,10_1_0784,60,fixed,10_1_0717,9.270571354136337e-06,0.00039386405842378736,0.7837922394986483,0.5064721403877868,0.032162101220255784,0.3631655092592593,0.5110595100308643
imagenet,10,10_1_0924,1,fixed+top,10_1_0922,0.001016352092847228,0.08556432276964188,0.6146851728878326,0.7609952101682759,0.1065685096176487,0.2648948688271605,0.7309818672839506
imagenet,10,10_1_0924,4,top,10_1_0919,0.0018737196223810315,0.08970887959003448,0.5885430055073281,0.9298988828700911,0.024643515765980017,0.2870823688271605,0.8576543209876544
imagenet,10,10_1_0924,5,fixed,10_1_0918,0.0007383472984656692,0.03167113661766052,0.6504876231633222,0.9719688383954604,0.007969742923638397,0.27207320601851853,0.8662842399691358
imagenet,10,10_1_0924,15,fixed,10_1_0906,6.878894055262208e-05,0.005994622595608234,0.6598968423882492,0.3893807882793284,0.23702641590597703,0.2702247299382716,0.3942848186728395
imagenet,10,10_1_0924,30,fixed,10_1_0889,5.969269841443747e-05,0.0029846085235476494,0.7008534120850083,0.4827906304860242,0.19600790294728596,0.4309018132716049,0.47792775848765434
imagenet,10,10_1_0924,32,top,10_1_0887,0.003324336837977171,0.23845405876636505,0.4856852435314098,0.30480549208343455,0.36304094664836345,0.2544241898148148,0.39721305941358026
imagenet,10,10_1_0924,60,fixed,10_1_0840,1.1954957699344959e-05,0.0005108278710395098,0.7838692045341918,0.3287677023095287,0.12723972463445013,0.3815051118827161,0.5531761188271604
imagenet,10,10_1_1074,1,fixed,10_1_1073,0.00022893045388627797,0.019277213141322136,0.777820802767018,0.41521457251710947,0.04579798876050518,0.2533627507716049,0.7789612268518519
imagenet,10,10_1_1074,4,top,10_1_1070,0.000493127852678299,0.03896629065275192,0.750462824108381,0.4372553400421323,0.050498181649648186,0.2670047260802469,0.7379586226851852
imagenet,10,10_1_1074,5,fixed,10_1_1039,9.62906633503735e-05,0.005977611523121595,0.6716672068379532,0.7270811982923842,0.0851370501008655,0.2682127700617284,0.5281153549382716
imagenet,10,10_1_1074,15,fixed,10_1_1023,0.00022427825024351478,0.011851578950881958,0.648806437386162,0.3391576376842375,0.23284532108004002,0.2884399112654321,0.5255758101851852
imagenet,10,10_1_1074,30,fixed,10_1_1008,5.470858741318807e-05,0.0044009387493133545,0.8124664781539216,0.2642968558253022,0.04659983414180138,0.3441898148148148,0.630128761574074
imagenet,10,10_1_1074,32,top,10_1_1006,0.001191511400975287,0.0978977233171463,0.7524442283348788,0.42304260857543013,0.08228294009280451,0.3395529513888889,0.6066068672839506
imagenet,10,10_1_1074,60,fixed,10_1_0966,4.58938438896439e-06,0.0004560552479233593,0.3509367453972817,0.41671812078691756,0.35155968013232036,0.16914641203703704,0.45400993441358023
imagenet,10,10_1_1074,128,top,10_1_0892,0.0003462864551693201,0.02179665118455887,0.41064736612941066,0.3239609742696868,0.2872112791846649,0.2059326774691358,0.4525737847222222
imagenet,10,10_1_1409,1,fixed,10_1_1408,8.438402437604964e-05,0.004919663071632385,0.7342350707154165,0.5442772887189753,0.13629414996493913,0.3522825038580247,0.5528641010802469
imagenet,10,10_1_1409,5,fixed,10_1_1404,1.382634582114406e-05,0.0013164597330614924,0.5224995012810164,0.6141064275924294,0.15019673032363975,0.28586467978395064,0.6270592206790123
imagenet,10,10_1_1409,15,fixed,10_1_1394,2.585681068012491e-05,0.0026903576217591763,0.4958398326751263,0.4337776309183427,0.19786209480626546,0.16325038580246914,0.5352686149691358
imagenet,10,10_1_1409,25,top,10_1_1196,0.00015282086678780615,0.00930638425052166,0.40916938503366357,0.761742264739206,0.1852725907867902,0.21311631944444445,0.808524787808642
imagenet,10,10_1_1409,27,top,10_1_1194,8.888584852684289e-05,0.005505507346242666,0.42169086205552164,0.746096888112446,0.163879465450492,0.20263117283950619,0.7944372106481481
imagenet,10,10_1_1409,30,fixed,10_1_1191,8.395194527111016e-06,0.0007037367904558778,0.4221232321258151,0.8497597923208917,0.12191074982937829,0.2258714313271605,0.7928636188271605
imagenet,10,10_1_1409,60,fixed,10_1_1146,6.237181878532283e-06,0.00031816214323043823,0.4099662685972732,0.6061658812045518,0.2689160253377205,0.13947193287037038,0.6448996913580247
imagenet,10,10_1_1409,256,top,10_1_0845,0.00021285696129780263,0.016155673190951347,0.7213118604804363,0.2803613031171386,0.10438342037993639,0.30743489583333333,0.6262176890432098
imagenet,10,10_1_1532,1,fixed,10_1_1531,1.7979582480620593e-05,0.0016271384665742517,0.3838484510412134,0.25830213805766833,0.4468238353693362,0.19336998456790122,0.39677662037037037
imagenet,10,10_1_1532,2,top,10_1_1530,0.00037963298382237554,0.02194180339574814,0.4335025535979612,0.6982012528944901,0.10481368855545586,0.3439964313271605,0.5217144097222223
imagenet,10,10_1_1532,5,fixed,10_1_1527,6.08375012234319e-06,0.0006366014713421464,0.6603678262001641,0.578978596991534,0.09852361574364567,0.4009259259259259,0.5537422839506173
imagenet,10,10_1_1532,15,fixed,10_1_1516,5.441015218821121e-06,0.0004080302023794502,0.6307123177914951,0.5556067295036329,0.09793318223871242,0.26023341049382714,0.5290972222222222
imagenet,10,10_1_1532,30,fixed,10_1_1500,3.3065934985643253e-06,0.0002967178006656468,0.6767175436980304,0.4753293167946989,0.149106404735146,0.4194945987654321,0.45155189043209876
imagenet,10,10_1_1532,32,top,10_1_1498,0.0001665863092057407,0.01433609426021576,0.7358465060911643,0.34511741158708276,0.16211934269128958,0.5506380208333334,0.4521899112654321
imagenet,10,10_1_1532,60,fixed,10_1_1456,4.495083203437389e-07,7.10973545210436e-05,0.5353017307154417,0.4514072184374443,0.2596259958648703,0.28360918209876546,0.4032716049382716
imagenet,10,10_1_1532,128,top,10_1_1193,9.260603837901726e-05,0.003788026049733162,0.4057189954578715,0.7919958933408703,0.1577681852248295,0.1765846836419753,0.8053197337962963
imagenet,10,10_1_1665,1,fixed,10_1_1664,2.2965330117585836e-06,0.00022800947772338986,0.6763602293454671,0.35566465800745345,0.13361564096065856,0.3120490933641975,0.48417824074074073
imagenet,10,10_1_1665,5,fixed,10_1_1659,1.060541944752913e-05,0.0006483783945441246,0.6841884688838809,0.9856797497758549,0.014320250224143573,0.15535976080246913,0.8303534915123457
imagenet,10,10_1_1665,15,fixed,10_1_1648,1.9906875081687758e-07,1.9815750420093536e-05,0.2859480523092425,0.3320778200374083,0.4551052058702681,0.2591213348765432,0.4270756172839506
imagenet,10,10_1_1665,30,fixed,10_1_1629,3.75044010070269e-07,2.674892675713636e-05,0.677047136976154,0.6515221963523754,0.06974898048743752,0.26956983024691356,0.47293499228395064
imagenet,10,10_1_1665,60,fixed,10_1_1583,4.9786233802251445e-08,1.2711179806501605e-06,0.34737117297532755,0.44901076751254276,0.43076450124314236,0.41155381944444447,0.38506221064814816
imagenet,10,10_1_1665,64,top,10_1_1579,3.4370059438515455e-05,0.002387159038335085,0.6939169244943232,0.8193266235658772,0.044839125891439784,0.3555979938271605,0.5655666473765432
imagenet,10,10_1_1665,256,top,10_1_1150,0.00015552144031971693,0.006901351734995842,0.40477646728426,0.5689441786392322,0.32820828413997777,0.1180299961419753,0.6389718364197531
imagenet,10,10_1_1665,260,top,10_1_1146,3.210103022865951e-05,0.0025120500940829515,0.39020657697980987,0.8376081028840173,0.090644130989773,0.13947193287037038,0.6448996913580247
imagenet,12,12_1_0273,1,fixed+top,12_1_0252,0.006990165915340185,0.3416580557823181,0.3078770838426719,0.36183663883926126,0.4723105549562397,0.14535976080246912,0.2973249421296296
imagenet,12,12_1_0273,4,top,12_1_0249,0.006089484319090843,0.535244882106781,0.15764023246928296,0.2601672358653489,0.6661751752278579,0.09498987268518519,0.27795090663580246
imagenet,12,12_1_0273,5,fixed,12_1_0248,0.002524574752897024,0.06749265640974045,0.5486130171279914,0.3096228545797799,0.3543345499445507,0.10507619598765432,0.23216772762345678
imagenet,12,12_1_0273,15,fixed,12_1_0238,0.0004760125302709639,0.029733508825302124,0.1879156181373478,0.2388471158379562,0.623078455284835,0.09410011574074074,0.17104890046296295
imagenet,12,12_1_0273,30,fixed,12_1_0215,2.3215114197228104e-05,0.0008903948473744094,0.3042672419868325,0.30602885284051057,0.6028757342984019,0.1764279513888889,0.2643147183641975
imagenet,12,12_1_0273,60,fixed,12_1_0152,4.946000990457833e-05,0.0036573149263858795,0.31100967263276363,0.5687733560261871,0.3161404797265978,0.10388020833333333,0.2262919560185185
imagenet,12,12_1_0273,64,top,12_1_0093,0.010471838526427746,0.6380166411399841,0.5531620063236508,0.3618459663018888,0.2485364822814677,0.14689091435185186,0.2674609375
imagenet,12,12_1_0414,1,fixed,12_1_0413,0.0008012995822355151,0.05296973139047623,0.11452466771134516,0.3472007079060756,0.6016442077100819,0.07417679398148148,0.2588961226851852
imagenet,12,12_1_0414,2,top,12_1_0412,0.013996664434671402,0.6946401596069336,0.41473342850454,0.574156275948775,0.3441946426416075,0.09528838734567902,0.27579909336419756
imagenet,12,12_1_0414,5,fixed,12_1_0409,0.0008257001172751188,0.02549709565937519,0.5172859109916469,0.14716956567724404,0.35040994493731065,0.13962384259259258,0.260703125
imagenet,12,12_1_0414,8,top,12_1_0399,0.0036882576532661915,0.30017659068107605,0.6076162904530489,0.8197917403295699,0.0625468129697844,0.23993007330246913,0.3241276041666667
imagenet,12,12_1_0414,15,fixed,12_1_0392,0.0015467425109818578,0.05799409747123718,0.5359595156352085,0.1400173599645249,0.4103487056342665,0.2657282021604938,0.2566338734567901
imagenet,12,12_1_0414,30,fixed,12_1_0361,0.00018704365356825292,0.007295795250684023,0.133807108832898,0.4711542306757111,0.5111028733122409,0.11125916280864198,0.3025284529320988
imagenet,12,12_1_0414,32,top,12_1_0359,0.004587731324136257,0.359102338552475,0.3615765319862829,0.18850296572226244,0.5324297757210953,0.13632619598765433,0.15511574074074075
imagenet,12,12_1_0414,60,fixed,12_1_0318,0.00014388238196261227,0.010143871419131756,0.6129694788595618,0.07130530508604502,0.3705797996535428,0.1793677662037037,0.14787663966049383
imagenet,12,12_1_0519,1,fixed+top,12_1_0518,0.0005079845432192087,0.030668478459119797,0.5100172011294946,0.4344488534843615,0.17920267125096642,0.14374614197530863,0.2550655864197531
imagenet,12,12_1_0519,2,top,12_1_0517,0.0006421253201551735,0.027790918946266174,0.19895217910912283,0.5945925776487867,0.32757353713733917,0.1404639274691358,0.2607450810185185
imagenet,12,12_1_0519,5,fixed,12_1_0514,0.00011825773981399834,0.00692049041390419,0.4112856118421692,0.506859017759864,0.3672158512236116,0.09853153935185185,0.25710841049382716
imagenet,12,12_1_0519,15,fixed,12_1_0504,3.382260911166668e-05,0.0021946444176137447,0.21017418295546234,0.24559201689009535,0.6061431809860592,0.12485869984567902,0.27563850308641974
imagenet,12,12_1_0519,30,fixed,12_1_0489,2.0688570657512173e-05,0.0026013385504484177,0.1508742312882471,0.27242895379318205,0.6463971521904877,0.09479793595679012,0.15582224151234567
imagenet,12,12_1_0519,60,fixed,12_1_0457,5.127400072524324e-06,0.0007273352239280939,0.43713886645033095,0.4051878588613456,0.41286285088373115,0.1860522762345679,0.2694087577160494
imagenet,12,12_1_0519,64,top,12_1_0450,0.0001295835681958124,0.013181323185563087,0.40263604793457414,0.333935958359458,0.47615386166724233,0.14975742669753087,0.18296344521604938
imagenet,12,12_1_0651,1,fixed,12_1_0650,0.004890766926109791,0.2154586762189865,0.5406359718607885,0.5476668575463278,0.2060413811183102,0.13249421296296296,0.22823784722222223
imagenet,12,12_1_0651,2,top,12_1_0649,0.014080271124839783,0.6074821352958679,0.46484081626339746,0.24572285959546405,0.34097358838321856,0.12498022762345679,0.2585551697530864
imagenet,12,12_1_0651,4,top,12_1_0647,0.011883655562996864,0.5946155190467834,0.44092875505481605,0.10475288712656251,0.5166268513542341,0.1475805362654321,0.10241657021604939
imagenet,12,12_1_0651,5,fixed,12_1_0646,0.0008264986099675298,0.040087319910526276,0.3248741899329627,0.3176521635334875,0.5182885132340986,0.15416136188271604,0.10729070216049383
imagenet,12,12_1_0651,8,top,12_1_0643,0.0053889211267232895,0.2598731517791748,0.41836919870291855,0.3688132673037659,0.3642421874464591,0.13341386959876544,0.10207417052469135
imagenet,12,12_1_0651,15,fixed,12_1_0636,0.0010017675813287497,0.03609541058540344,0.2776220433593648,0.47993639208076705,0.4185051936119099,0.12976176697530864,0.1372487461419753
imagenet,12,12_1_0651,30,fixed,12_1_0621,5.333316948963329e-05,0.003476628800854087,0.5201893827224204,0.18198073997136333,0.4312331873008285,0.1668282214506173,0.19523051697530863
imagenet,12,12_1_0651,60,fixed,12_1_0574,7.693542102060746e-06,0.0005110789788886905,0.23642552587377616,0.17614247921557033,0.6258454694844034,0.1125414737654321,0.1420360725308642
imagenet,12,12_1_1129,1,fixed,12_1_1128,0.003720960346981883,0.17362625896930695,0.3063412007306884,0.3664127978316357,0.550971980976988,0.08670428240740741,0.14046875
imagenet,12,12_1_1129,2,top,12_1_1127,0.008904442191123962,0.49255451560020447,0.36997294495248617,0.3020960220450209,0.5056084605774122,0.09718846450617284,0.10506221064814815
imagenet,12,12_1_1129,4,top,12_1_1125,0.006817762739956379,0.2902299761772156,0.06543456451411893,0.013131923510667125,0.921433511975214,0.06743200231481482,0.06828848379629629
imagenet,12,12_1_1129,5,fixed,12_1_1045,0.0013990952866151929,0.04310815781354904,0.4866963181217316,0.37111408372763205,0.39968901225524917,0.08694782021604938,0.13414351851851852
imagenet,12,12_1_1129,8,top,12_1_1042,0.003211866831406951,0.17321328818798065,0.3575195355277932,0.1832233503649693,0.5166806925343171,0.07469907407407407,0.17852623456790123
imagenet,12,12_1_1129,15,fixed,12_1_1035,0.00036512105725705624,0.009795263409614563,0.545842293672119,0.1478113290272722,0.37606615097474266,0.10377748842592592,0.12703269675925927
imagenet,12,12_1_1129,30,fixed,12_1_0852,0.00035123206907883286,0.017492098733782768,0.6525108053236844,0.0032136433331181992,0.34427555134319726,0.13407986111111111,0.0619140625
imagenet,12,12_1_1129,60,fixed,12_1_0694,4.711367000709288e-05,0.0027177701704204082,0.3126594415060801,0.21596410022546628,0.5518531827699644,0.14572096836419754,0.15204475308641976
imagenet,12,12_1_1612,1,fixed+top,12_1_1611,0.0011632033856585622,0.04037350043654442,0.34258032096847973,0.3159284394393638,0.41591960621765917,0.058882137345679014,0.3496894290123457
imagenet,12,12_1_1612,2,top,12_1_1610,0.0011959680123254657,0.07909069955348969,0.37882223564000206,0.5837856092371265,0.3466915467080626,0.06968460648148148,0.43973427854938274
imagenet,12,12_1_1612,4,top,12_1_1608,0.0008685424691066146,0.06252379715442657,0.26848124832419357,0.675365597784924,0.18880784852481264,0.048782793209876545,0.46849537037037037
imagenet,12,12_1_1612,5,fixed,12_1_1607,0.00010349306830903515,0.009983689524233341,0.3945222269500727,0.6177748341048087,0.2091630925658054,0.06718412422839506,0.4641917438271605
imagenet,12,12_1_1612,15,fixed,12_1_1597,6.274232146097347e-05,0.001714607235044241,0.45943267743671573,0.0029377223282531133,0.5376296002350317,0.09490354938271604,0.0901880787037037
imagenet,12,12_1_1612,30,fixed,12_1_1329,0.00021099731384310871,0.008122132159769535,0.39799260720813234,0.19996743404463835,0.4159521146130537,0.07103202160493827,0.15579330632716049
imagenet,12,12_1_1612,60,fixed,12_1_1186,2.902536107285414e-05,0.0009349711472168565,0.20127982628995933,0.12393070569286782,0.7252117148762462,0.04695264274691358,0.11664930555555555
imagenet,15,15_1_0310,1,fixed+top,15_1_0309,7.117351924534887e-05,0.007072201929986477,0.049911761071114794,0.6260382727117282,0.35757744626367716,0.07352575231481481,0.5555743634259259
imagenet,15,15_1_0310,5,fixed,15_1_0305,5.743380825151689e-06,0.00032413029111921787,0.282486965396936,0.5352875346554691,0.30556878750257327,0.19431134259259258,0.5180015432098766
imagenet,15,15_1_0310,15,fixed,15_1_0295,1.3801034583593719e-05,0.0013587631983682513,0.8277219742177122,0.614418249286211,0.08185633673946363,0.511402874228395,0.4145018325617284
imagenet,15,15_1_0310,30,fixed,15_1_0280,2.955201307486277e-05,0.0020022601820528507,0.8549560468366111,0.1985230671442556,0.1404280287799448,0.5279364390432099,0.22974054783950618
imagenet,15,15_1_0310,32,top,15_1_0278,0.0002710720291361213,0.025233976542949677,0.5408004621210654,0.32257417507214275,0.42911551720939856,0.4411998456790123,0.2759394290123457
imagenet,15,15_1_0310,60,fixed,15_1_0241,8.462518962915055e-06,0.0008422965183854103,0.4961438879546266,0.6306677485694531,0.12911756070029015,0.3346305941358025,0.5486525848765432
imagenet,15,15_1_0310,64,top,15_1_0200,5.6622186093591154e-05,0.003833876922726631,0.024874188395965866,0.40144483384134394,0.5945617649120795,0.020669849537037037,0.5223943865740741
imagenet,15,15_1_0432,1,fixed+top,15_1_0431,0.002209012396633625,0.12736421823501587,0.5028155427525577,0.40993506600681784,0.2785890762368893,0.23382957175925925,0.3899170524691358
imagenet,15,15_1_0432,2,top,15_1_0430,0.0045389411970973015,0.362636536359787,0.6125865881040584,0.41021120550133816,0.23900632111934786,0.23141782407407407,0.4184124228395062
imagenet,15,15_1_0432,5,fixed,15_1_0425,0.000306040165014565,0.03411322459578514,0.6271707596433469,0.6612605380522845,0.14540174917404947,0.30932725694444446,0.5640311535493827
imagenet,15,15_1_0432,15,fixed,15_1_0415,0.0002181946620112285,0.009982718154788017,0.20384031047109774,0.6570489331873879,0.26449752915805425,0.19012538580246913,0.5073403742283951
imagenet,15,15_1_0432,16,top,15_1_0414,0.0021549391094595194,0.1701022833585739,0.36190981480128676,0.5766840416694444,0.22305658481504742,0.1841748649691358,0.5314380787037037
imagenet,15,15_1_0432,30,fixed,15_1_0393,0.0002666567452251911,0.020518433302640915,0.6849067745525728,0.6327977755338506,0.14752980772930743,0.32284336419753085,0.5443904320987655
imagenet,15,15_1_0432,60,fixed,15_1_0355,2.6020092263934202e-05,0.0015580343315377831,0.6429051829244975,0.22735377588942124,0.23735646555313672,0.18817033179012346,0.5567211612654321
imagenet,15,15_1_0541,1,fixed,15_1_0540,0.00011223687033634633,0.008031676523387432,0.6846701256796266,0.2408805155700019,0.216179783336425,0.2892655285493827,0.48432098765432097
imagenet,15,15_1_0541,5,fixed,15_1_0536,1.569728192407638e-05,0.0015317294746637344,0.6696442665753739,0.6857293201787584,0.11493681762453495,0.36169753086419754,0.6018002507716049
imagenet,15,15_1_0541,15,fixed,15_1_0526,1.9230417819926515e-05,0.0020485329441726208,0.4462369371602537,0.4514124370773118,0.3356486390283889,0.18575135030864198,0.5827382330246914
imagenet,15,15_1_0541,30,fixed,15_1_0511,2.682684498722665e-05,0.003371547209098935,0.8055063084483322,0.6170863119089744,0.07990532890847381,0.5372410300925926,0.5423369984567902
imagenet,15,15_1_0541,60,fixed,15_1_0474,9.592000424163416e-06,0.0006477526621893048,0.5851947769615362,0.5650034355515553,0.1807842520789614,0.18650462962962963,0.6131090856481481
imagenet,15,15_1_0541,128,top,15_1_0395,0.0006072240648791194,0.045248664915561676,0.7108908797123396,0.4701513911108089,0.1794717063900096,0.3837625385802469,0.5199488811728395
imagenet,15,15_1_0541,130,top,15_1_0393,0.00016832775145303458,0.012395882979035378,0.6649138998762024,0.6385076543730993,0.1449262391872352,0.32284336419753085,0.5443904320987655
imagenet,15,15_1_0541,256,top,15_1_0245,0.00036952097434550524,0.01843436434864998,0.583504178383883,0.8336966317635556,0.12225112027928815,0.3705594135802469,0.6286159336419753
imagenet,15,15_1_0657,1,fixed,15_1_0656,0.00021337816724553704,0.019935263320803642,0.5851813537604286,0.0,0.41481864623957215,0.29673900462962965,0.0
imagenet,15,15_1_0657,2,top,15_1_0655,0.00044775166315957904,0.046392105519771576,0.6475496710967573,0.0,0.3524503289032424,0.3189028742283951,0.0
imagenet,15,15_1_0657,4,top,15_1_0653,0.0002553734229877591,0.02688273787498474,0.5882251704384559,0.0,0.41177482956154465,0.2651123649691358,0.0
imagenet,15,15_1_0657,5,fixed,15_1_0652,7.283837476279587e-05,0.006125635001808405,0.6329773961161409,0.0,0.36702260388385877,0.47375144675925923,0.0
imagenet,15,15_1_0657,15,fixed,15_1_0642,8.223300392273813e-05,0.004422732628881931,0.8437684550261574,0.5567434795562077,0.013025324123419467,0.40502845293209877,0.6409620949074074
imagenet,15,15_1_0657,30,fixed,15_1_0625,5.3876377933193e-05,0.0049356636591255665,0.665921584161889,0.40870625897718355,0.115421672888108,0.3275467785493827,0.5895920138888889
imagenet,15,15_1_0657,60,fixed,15_1_0594,4.507323865254875e-06,0.00033797393552958965,0.6161330338130768,0.6117108838173809,0.2227584815153819,0.3188893711419753,0.5581635802469136
imagenet,15,15_1_0657,256,top,15_1_0359,0.0004185637226328254,0.022660572081804276,0.30234279641099887,0.389078590445361,0.4188784982703756,0.13131076388888888,0.5050458140432099
