{
  "epoch": 10,
  "mAP": 0.285,
  "val/AP_common": 0.27475,
  "val/AP_rare": 0.13466666666666668,
  "val/mAP": 0.285,
  "val/mAP_50": 0.417,
  "val/mAP_75": 0.305
}
