{
  "epoch": 1,
  "mAP": 0.028,
  "val/AP_common": 0.024937499999999998,
  "val/AP_rare": 0.024333333333333332,
  "val/mAP": 0.028,
  "val/mAP_50": 0.051,
  "val/mAP_75": 0.026
}
