{
  "epoch": 8,
  "mAP": 0.015529271685663567,
  "val/AP_common": 0.014933618250961627,
  "val/AP_rare": 0.007559037634028946,
  "val/mAP": 0.015529271685663567,
  "val/mAP_50": 0.04844547523648742,
  "val/mAP_75": 0.005113251243369854
}
