{
  "Bipolar Forceps": 0.0,
  "Electric Cautery": 0.048143375047815615,
  "Forceps": 0.00099009900990099,
  "Gauze": 0.007054152825428588,
  "Hook": 0.00016015488011683263,
  "Mouth Gag": 0.0,
  "Needle Holders": 0.0,
  "Raspatory": 0.0010558863195289628,
  "Retractor": 0.0,
  "Scalpel": 0.03988905517417262,
  "Scissors": 0.008557103389000207,
  "Skewer": 0.0,
  "Suction Cannula": 0.001445043909657123,
  "Syringe": 0.021687013892185848,
  "Tweezers": 0.07289864746581959
}
