{
  "epoch": 5,
  "phase_accuracy": 0.5894389438943894,
  "phase_edit_score": 4.891092300123837,
  "phase_macro_f1": 0.2766534571098764,
  "phase_seg_f1_10": 0.0700904392764858,
  "phase_seg_f1_25": 0.05281007751937985,
  "phase_seg_f1_50": 0.0103359173126615,
  "train_loss": 0.9669626123406224
}
