{
  "anesthesia": 0.0198019801980198,
  "closure": 0.6950053134962806,
  "design": 0.0,
  "disinfection": 0.0,
  "dissection": 0.6498002663115845,
  "dressing": 0.0,
  "hemostasis": 0.06349206349206349,
  "incision": 0.5084745762711865,
  "irrigation": 0.0
}
