{
  "epoch": 8,
  "mAP": 0.013489107626207905,
  "val/AP_common": 0.01210447244929276,
  "val/AP_rare": 0.010034909916396552,
  "val/mAP": 0.013489107626207905,
  "val/mAP_50": 0.041981073011607334,
  "val/mAP_75": 0.005567619198028157
}
