{
  "Bipolar Forceps": 0.0,
  "Electric Cautery": 0.031844730697190585,
  "Forceps": 0.00024752475247524753,
  "Gauze": 0.011277933014254334,
  "Hook": 0.0,
  "Mouth Gag": 0.0,
  "Needle Holders": 0.0,
  "Raspatory": 0.0,
  "Retractor": 0.0,
  "Scalpel": 0.0112672350636158,
  "Scissors": 0.03570480447955701,
  "Skewer": 0.0,
  "Suction Cannula": 0.0010998196886804802,
  "Syringe": 0.029857204996714407,
  "Tweezers": 0.05405914644821492
}
