{
  "epoch": 5,
  "mAP": 0.327,
  "val/AP_common": 0.32225000000000004,
  "val/AP_rare": 0.12933333333333333,
  "val/mAP": 0.327,
  "val/mAP_50": 0.451,
  "val/mAP_75": 0.359
}
