{
  "epoch": 8,
  "mAP": 0.013608628186714497,
  "val/AP_common": 0.013547249386224883,
  "val/AP_rare": 0.004781724597529957,
  "val/mAP": 0.013608628186714497,
  "val/mAP_50": 0.04631920930884354,
  "val/mAP_75": 0.004567326066807766
}
