{
  "Bipolar Forceps": 0.0,
  "Electric Cautery": 0.03957813035487578,
  "Forceps": 0.00016973125884016973,
  "Gauze": 0.009334556975781108,
  "Hook": 0.0010761945759793369,
  "Mouth Gag": 0.0,
  "Needle Holders": 0.0,
  "Raspatory": 0.0,
  "Retractor": 0.0,
  "Scalpel": 0.007001209248534571,
  "Scissors": 0.048632514166663914,
  "Skewer": 0.0,
  "Suction Cannula": 0.0012674488133853957,
  "Syringe": 0.014175442533749702,
  "Tweezers": 0.05567693849947849
}
