The following values were not passed to `accelerate launch` and had defaults used instead:
		More than one GPU was found, enabling multi-GPU training.
		If this was unintended please pass in `--num_processes=1`.
	`--num_machines` was set to a value of `1`
	`--mixed_precision` was set to a value of `'no'`
	`--dynamo_backend` was set to a value of `'no'`
To avoid this warning pass in values for each of the problematic parameters or run `accelerate config`.
/home/ubuntu/slocal/m2/.venv-relation-detr/lib/python3.11/site-packages/albumentations/core/validation.py:114: UserWarning: ShiftScaleRotate is a special case of Affine transform. Please use Affine transform instead.
  original_init(self, **validated_kwargs)
/home/ubuntu/slocal/m2/third_party/Relation-DETR/transforms/presets.py:109: UserWarning: Argument(s) 'value' are not valid for transform ShiftScaleRotate
  A.ShiftScaleRotate(
/home/ubuntu/slocal/m2/third_party/Relation-DETR/transforms/presets.py:140: UserWarning: Argument(s) 'quality_lower, quality_upper' are not valid for transform ImageCompression
  A.ImageCompression(quality_lower=85, quality_upper=95, p=0.2),
/home/ubuntu/slocal/m2/third_party/Relation-DETR/transforms/presets.py:195: UserWarning: Argument(s) 'value' are not valid for transform ShiftScaleRotate
  A.ShiftScaleRotate(
/home/ubuntu/slocal/m2/third_party/Relation-DETR/transforms/presets.py:226: UserWarning: Argument(s) 'quality_lower, quality_upper' are not valid for transform ImageCompression
  A.ImageCompression(quality_lower=85, quality_upper=95, p=0.2),
loading annotations into memory...
/home/ubuntu/slocal/m2/.venv-relation-detr/lib/python3.11/site-packages/albumentations/core/validation.py:114: UserWarning: ShiftScaleRotate is a special case of Affine transform. Please use Affine transform instead.
  original_init(self, **validated_kwargs)
/home/ubuntu/slocal/m2/third_party/Relation-DETR/transforms/presets.py:109: UserWarning: Argument(s) 'value' are not valid for transform ShiftScaleRotate
  A.ShiftScaleRotate(
/home/ubuntu/slocal/m2/third_party/Relation-DETR/transforms/presets.py:140: UserWarning: Argument(s) 'quality_lower, quality_upper' are not valid for transform ImageCompression
  A.ImageCompression(quality_lower=85, quality_upper=95, p=0.2),
/home/ubuntu/slocal/m2/third_party/Relation-DETR/transforms/presets.py:195: UserWarning: Argument(s) 'value' are not valid for transform ShiftScaleRotate
  A.ShiftScaleRotate(
/home/ubuntu/slocal/m2/third_party/Relation-DETR/transforms/presets.py:226: UserWarning: Argument(s) 'quality_lower, quality_upper' are not valid for transform ImageCompression
  A.ImageCompression(quality_lower=85, quality_upper=95, p=0.2),
loading annotations into memory...
Done (t=0.25s)
creating index...
Done (t=0.25s)
creating index...
index created!
index created!
loading annotations into memory...
loading annotations into memory...
Done (t=0.03s)
creating index...
index created!
Done (t=0.02s)
creating index...
index created!
[2026-07-03 18:36:22 det.util.misc]: [RANK 0] Rank of current process: 0, World size: 2
Using [0, 0.5, 0.6299605249474365, 0.7937005259840997, 1.0, 1.259921049894873, 1.5874010519681991, 2.0, inf] as bins for aspect ratio quantization
Count of instances per bin: [9618]
Using /home/ubuntu/.cache/torch_extensions/py311_cu118 as PyTorch extensions root...
[2026-07-03 18:36:23 det.util.misc]: [RANK 0] Environment info: 
-------------------------------  -------------------------------------------------------------------------------------------------
sys.platform                     linux
Python                           3.11.4 (main, Aug 19 2023, 05:47:08) [GCC 11.4.0]
numpy                            1.26.4
PyTorch                          2.1.2+cu118 @/home/ubuntu/slocal/m2/.venv-relation-detr/lib/python3.11/site-packages/torch
PyTorch debug build              False
torch._C._GLIBCXX_USE_CXX11_ABI  False
GPU available                    Yes
GPU 0,1                          NVIDIA RTX A6000 (arch=8.6)
Driver version                   535.309.01
CUDA_HOME                        /usr/local/cuda-11.8
Pillow                           12.2.0
torchvision                      0.16.2+cu118 @/home/ubuntu/slocal/m2/.venv-relation-detr/lib/python3.11/site-packages/torchvision
torchvision arch flags           3.5, 5.0, 6.0, 7.0, 7.5, 8.0, 8.6
fvcore                           0.1.5.post20221221
iopath                           0.1.10
cv2                              4.13.0
-------------------------------  -------------------------------------------------------------------------------------------------
PyTorch built with:
  - GCC 9.3
  - C++ Version: 201703
  - Intel(R) oneAPI Math Kernel Library Version 2022.2-Product Build 20220804 for Intel(R) 64 architecture applications
  - Intel(R) MKL-DNN v3.1.1 (Git Hash 64f6bcbcbab628e96f33a62c3e975f8535a7bde4)
  - OpenMP 201511 (a.k.a. OpenMP 4.5)
  - LAPACK is enabled (usually provided by MKL)
  - NNPACK is enabled
  - CPU capability usage: AVX512
  - CUDA Runtime 11.8
  - NVCC architecture flags: -gencode;arch=compute_50,code=sm_50;-gencode;arch=compute_60,code=sm_60;-gencode;arch=compute_70,code=sm_70;-gencode;arch=compute_75,code=sm_75;-gencode;arch=compute_80,code=sm_80;-gencode;arch=compute_86,code=sm_86;-gencode;arch=compute_37,code=sm_37;-gencode;arch=compute_90,code=sm_90
  - CuDNN 8.7
  - Magma 2.6.1
  - Build settings: BLAS_INFO=mkl, BUILD_TYPE=Release, CUDA_VERSION=11.8, CUDNN_VERSION=8.7.0, CXX_COMPILER=/opt/rh/devtoolset-9/root/usr/bin/c++, CXX_FLAGS= -D_GLIBCXX_USE_CXX11_ABI=0 -fabi-version=11 -fvisibility-inlines-hidden -DUSE_PTHREADPOOL -DNDEBUG -DUSE_KINETO -DLIBKINETO_NOROCTRACER -DUSE_FBGEMM -DUSE_QNNPACK -DUSE_PYTORCH_QNNPACK -DUSE_XNNPACK -DSYMBOLICATE_MOBILE_DEBUG_HANDLE -O2 -fPIC -Wall -Wextra -Werror=return-type -Werror=non-virtual-dtor -Werror=bool-operation -Wnarrowing -Wno-missing-field-initializers -Wno-type-limits -Wno-array-bounds -Wno-unknown-pragmas -Wno-unused-parameter -Wno-unused-function -Wno-unused-result -Wno-strict-overflow -Wno-strict-aliasing -Wno-stringop-overflow -Wno-psabi -Wno-error=pedantic -Wno-error=old-style-cast -Wno-invalid-partial-specialization -Wno-unused-private-field -Wno-aligned-allocation-unavailable -Wno-missing-braces -fdiagnostics-color=always -faligned-new -Wno-unused-but-set-variable -Wno-maybe-uninitialized -fno-math-errno -fno-trapping-math -Werror=format -Werror=cast-function-type -Wno-stringop-overflow, LAPACK_INFO=mkl, PERF_WITH_AVX=1, PERF_WITH_AVX2=1, PERF_WITH_AVX512=1, TORCH_DISABLE_GPU_ASSERTS=ON, TORCH_VERSION=2.1.2, USE_CUDA=ON, USE_CUDNN=ON, USE_EXCEPTION_PTR=1, USE_GFLAGS=OFF, USE_GLOG=OFF, USE_MKL=ON, USE_MKLDNN=ON, USE_MPI=OFF, USE_NCCL=1, USE_NNPACK=ON, USE_OPENMP=ON, USE_ROCM=OFF, 

[2026-07-03 18:36:23 det.util.misc]: [RANK 0] Command line arguments: Namespace(config_file='configs/train_config_egosurgery_seed42_augstrong_hires.py', mixed_precision=None, accumulate_steps=1, seed=42, use_deterministic_algorithms=False, dynamo_backend='no')
[2026-07-03 18:36:23 det.util.misc]: [RANK 0] Contents of args.config_file=configs/train_config_egosurgery_seed42_augstrong_hires.py:
[38;5;245m# DRAFT (not for direct training) — Relation-DETR train_config adapted to EgoSurgery.[39m
[38;5;245m# Run from inside third_party/Relation-DETR with the .venv-relation-detr venv:[39m
[38;5;245m#   CUDA_VISIBLE_DEVICES=0,1 accelerate launch --num_processes 2 main.py \[39m
[38;5;245m#       --config-file <this file> --seed 42 --mixed-precision fp16[39m
[38;5;245m# Lines marked # <CHANGED> are EgoSurgery-specific.[39m
[38;5;204mimport[39m[38;5;255m [39m[38;5;255mos[39m
[38;5;204mfrom[39m[38;5;255m [39m[38;5;255mtorch[39m[38;5;255m [39m[38;5;204mimport[39m[38;5;255m [39m[38;5;255moptim[39m

[38;5;204mfrom[39m[38;5;255m [39m[38;5;255mdatasets[39m[38;5;255m.[39m[38;5;255mcoco[39m[38;5;255m [39m[38;5;204mimport[39m[38;5;255m [39m[38;5;255mCocoDetection[39m
[38;5;204mfrom[39m[38;5;255m [39m[38;5;255mtransforms[39m[38;5;255m [39m[38;5;204mimport[39m[38;5;255m [39m[38;5;255mpresets[39m
[38;5;204mfrom[39m[38;5;255m [39m[38;5;255moptimizer[39m[38;5;255m [39m[38;5;204mimport[39m[38;5;255m [39m[38;5;255mparam_dict[39m

[38;5;245m# ---- training schedule (matches S0: 12 epochs, step at 10) ----[39m
[38;5;255mnum_epochs[39m[38;5;255m [39m[38;5;204m=[39m[38;5;255m [39m[38;5;141m12[39m[38;5;255m          [39m[38;5;245m# S0 parity[39m
[38;5;255mbatch_size[39m[38;5;255m [39m[38;5;204m=[39m[38;5;255m [39m[38;5;141m2[39m[38;5;255m           [39m[38;5;245m# <CHANGED-ish> per-GPU bs; with 2 GPUs -> effective bs = 4 (S0 parity)[39m
[38;5;255mnum_workers[39m[38;5;255m [39m[38;5;204m=[39m[38;5;255m [39m[38;5;141m4[39m
[38;5;255mpin_memory[39m[38;5;255m [39m[38;5;204m=[39m[38;5;255m [39m[38;5;81mTrue[39m
[38;5;255mprint_freq[39m[38;5;255m [39m[38;5;204m=[39m[38;5;255m [39m[38;5;141m50[39m
[38;5;255mstarting_epoch[39m[38;5;255m [39m[38;5;204m=[39m[38;5;255m [39m[38;5;141m0[39m
[38;5;255mmax_norm[39m[38;5;255m [39m[38;5;204m=[39m[38;5;255m [39m[38;5;141m0.1[39m

[38;5;255moutput_dir[39m[38;5;255m [39m[38;5;204m=[39m[38;5;255m [39m[38;5;255mos[39m[38;5;204m.[39m[38;5;255menviron[39m[38;5;204m.[39m[38;5;255mget[39m[38;5;255m([39m
[38;5;255m    [39m[38;5;186m"[39m[38;5;186mRELDETR_OUTPUT_DIR[39m[38;5;186m"[39m[38;5;255m,[39m
[38;5;255m    [39m[38;5;186m"[39m[38;5;186m/home/ubuntu/slocal/m2/experiments/detector_improve/augstrong_hires_seed42[39m[38;5;186m"[39m[38;5;255m,[39m
[38;5;255m)[39m
[38;5;255mfind_unused_parameters[39m[38;5;255m [39m[38;5;204m=[39m[38;5;255m [39m[38;5;81mFalse[39m

[38;5;245m# ---- EgoSurgery dataset (COCO-format, bbox-only, 15 classes) ----  # <CHANGED block>[39m
[38;5;245m# NOTE: instances_*.json file_name fields already include the split prefix[39m
[38;5;245m#       e.g. "train/01/01_1_0124.jpg", so img_folder must be the PARENT (data/raw/ego).[39m
[38;5;255mEGO_ROOT[39m[38;5;255m [39m[38;5;204m=[39m[38;5;255m [39m[38;5;255mos[39m[38;5;204m.[39m[38;5;255menviron[39m[38;5;204m.[39m[38;5;255mget[39m[38;5;255m([39m[38;5;186m"[39m[38;5;186mEGO_ROOT[39m[38;5;186m"[39m[38;5;255m,[39m[38;5;255m [39m[38;5;186m"[39m[38;5;186m/home/ubuntu/slocal2/m2/data/raw/ego[39m[38;5;186m"[39m[38;5;255m)[39m
[38;5;255mANN_DIR[39m[38;5;255m [39m[38;5;204m=[39m[38;5;255m [39m[38;5;255mos[39m[38;5;204m.[39m[38;5;255menviron[39m[38;5;204m.[39m[38;5;255mget[39m[38;5;255m([39m
[38;5;255m    [39m[38;5;186m"[39m[38;5;186mEGO_ANN_DIR[39m[38;5;186m"[39m[38;5;255m,[39m[38;5;255m [39m[38;5;186m"[39m[38;5;186m/home/ubuntu/slocal2/m2/data/annotations/egosurgery_tool[39m[38;5;186m"[39m
[38;5;255m)[39m
[38;5;255mtrain_dataset[39m[38;5;255m [39m[38;5;204m=[39m[38;5;255m [39m[38;5;255mCocoDetection[39m[38;5;255m([39m
[38;5;255m    [39m[38;5;255mimg_folder[39m[38;5;204m=[39m[38;5;255mEGO_ROOT[39m[38;5;255m,[39m
[38;5;255m    [39m[38;5;255mann_file[39m[38;5;204m=[39m[38;5;186mf[39m[38;5;186m"[39m[38;5;186m{[39m[38;5;255mANN_DIR[39m[38;5;186m}[39m[38;5;186m/instances_train.json[39m[38;5;186m"[39m[38;5;255m,[39m
[38;5;255m    [39m[38;5;255mtransforms[39m[38;5;204m=[39m[38;5;255mpresets[39m[38;5;204m.[39m[38;5;255mstrong_album_1200_2000[39m[38;5;255m,[39m[38;5;255m  [39m[38;5;245m# <CHANGED Method C> 強aug＋高解像度（best-shot）[39m
[38;5;255m    [39m[38;5;255mtrain[39m[38;5;204m=[39m[38;5;81mTrue[39m[38;5;255m,[39m
[38;5;255m)[39m
[38;5;255mtest_dataset[39m[38;5;255m [39m[38;5;204m=[39m[38;5;255m [39m[38;5;255mCocoDetection[39m[38;5;255m([39m
[38;5;255m    [39m[38;5;255mimg_folder[39m[38;5;204m=[39m[38;5;255mEGO_ROOT[39m[38;5;255m,[39m
[38;5;255m    [39m[38;5;255mann_file[39m[38;5;204m=[39m[38;5;186mf[39m[38;5;186m"[39m[38;5;186m{[39m[38;5;255mANN_DIR[39m[38;5;186m}[39m[38;5;186m/instances_val.json[39m[38;5;186m"[39m[38;5;255m,[39m[38;5;255m   [39m[38;5;245m# use instances_test.json for final test eval[39m
[38;5;255m    [39m[38;5;255mtransforms[39m[38;5;204m=[39m[38;5;81mNone[39m[38;5;255m,[39m
[38;5;255m)[39m

[38;5;245m# model config to train[39m
[38;5;255mmodel_path[39m[38;5;255m [39m[38;5;204m=[39m[38;5;255m [39m[38;5;186m"[39m[38;5;186mconfigs/relation_detr/relation_detr_resnet50_egosurgery.py[39m[38;5;186m"[39m[38;5;255m  [39m[38;5;245m# <CHANGED> drafted above[39m

[38;5;245m# ---- COCO-pretrained finetune (S0 load_from parity) ----  # <CHANGED>[39m
[38;5;245m# Pointing resume_from_checkpoint at a .pth FILE => finetune. main.py loads it via[39m
[38;5;245m# load_state_dict(), and filter_mismatched_weights() auto-drops the 91->15 class-head[39m
[38;5;245m# mismatch (backbone + transformer load, class heads reinit). A local copy is preferred[39m
[38;5;245m# to avoid network access at train time; download once to data/external/weights/.[39m
[38;5;255mresume_from_checkpoint[39m[38;5;255m [39m[38;5;204m=[39m[38;5;255m [39m[38;5;255mos[39m[38;5;204m.[39m[38;5;255menviron[39m[38;5;204m.[39m[38;5;255mget[39m[38;5;255m([39m
[38;5;255m    [39m[38;5;186m"[39m[38;5;186mRELDETR_COCO_CKPT[39m[38;5;186m"[39m[38;5;255m,[39m
[38;5;255m    [39m[38;5;186m"[39m[38;5;186m/home/ubuntu/slocal2/m2/data/external/weights/relation_detr_resnet50_800_1333_coco_1x.pth[39m[38;5;186m"[39m[38;5;255m,[39m
[38;5;255m)[39m

[38;5;245m# ---- optimizer / scheduler (Relation-DETR defaults; 1x schedule) ----[39m
[38;5;255mlearning_rate[39m[38;5;255m [39m[38;5;204m=[39m[38;5;255m [39m[38;5;141m1e-4[39m[38;5;255m     [39m[38;5;245m# see report: S0 lr_scaling=linear_x2 maps to doubling base lr for eff bs[39m
[38;5;255moptimizer[39m[38;5;255m [39m[38;5;204m=[39m[38;5;255m [39m[38;5;255moptim[39m[38;5;204m.[39m[38;5;255mAdamW[39m[38;5;255m([39m[38;5;255mlr[39m[38;5;204m=[39m[38;5;255mlearning_rate[39m[38;5;255m,[39m[38;5;255m [39m[38;5;255mweight_decay[39m[38;5;204m=[39m[38;5;141m1e-4[39m[38;5;255m,[39m[38;5;255m [39m[38;5;255mbetas[39m[38;5;204m=[39m[38;5;255m([39m[38;5;141m0.9[39m[38;5;255m,[39m[38;5;255m [39m[38;5;141m0.999[39m[38;5;255m)[39m[38;5;255m)[39m
[38;5;255mlr_scheduler[39m[38;5;255m [39m[38;5;204m=[39m[38;5;255m [39m[38;5;255moptim[39m[38;5;204m.[39m[38;5;255mlr_scheduler[39m[38;5;204m.[39m[38;5;255mMultiStepLR[39m[38;5;255m([39m[38;5;255mmilestones[39m[38;5;204m=[39m[38;5;255m[[39m[38;5;141m10[39m[38;5;255m][39m[38;5;255m,[39m[38;5;255m [39m[38;5;255mgamma[39m[38;5;204m=[39m[38;5;141m0.1[39m[38;5;255m)[39m
[38;5;255mparam_dicts[39m[38;5;255m [39m[38;5;204m=[39m[38;5;255m [39m[38;5;255mparam_dict[39m[38;5;204m.[39m[38;5;255mfinetune_backbone_and_linear_projection[39m[38;5;255m([39m[38;5;255mlr[39m[38;5;204m=[39m[38;5;255mlearning_rate[39m[38;5;255m)[39m

[2026-07-03 18:36:23 det.util.misc]: [RANK 0] Using the random seed: 42
Using [0, 0.5, 0.6299605249474365, 0.7937005259840997, 1.0, 1.259921049894873, 1.5874010519681991, 2.0, inf] as bins for aspect ratio quantization
Count of instances per bin: [9618]
Using /home/ubuntu/.cache/torch_extensions/py311_cu118 as PyTorch extensions root...
WARNING [2026-07-03 18:36:23 py.warnings]: /home/ubuntu/slocal/m2/third_party/Relation-DETR/models/bricks/ms_deform_attn.py:24: UserWarning: Failed to load MultiScaleDeformableAttention C++ extension: Ninja is required to load C++ extensions
  warnings.warn(f"Failed to load MultiScaleDeformableAttention C++ extension: {e}")

[2026-07-03 18:36:23 det.models.backbones.base_backbone]: Backbone architecture: resnet50
[2026-07-03 18:36:23 det.util.utils]: <All keys matched successfully>
WARNING [2026-07-03 18:36:24 py.warnings]: /home/ubuntu/slocal/m2/.venv-relation-detr/lib/python3.11/site-packages/torch/overrides.py:110: UserWarning: 'has_cuda' is deprecated, please use 'torch.backends.cuda.is_built()'
  torch.has_cuda,

WARNING [2026-07-03 18:36:24 py.warnings]: /home/ubuntu/slocal/m2/.venv-relation-detr/lib/python3.11/site-packages/torch/overrides.py:111: UserWarning: 'has_cudnn' is deprecated, please use 'torch.backends.cudnn.is_available()'
  torch.has_cudnn,

WARNING [2026-07-03 18:36:24 py.warnings]: /home/ubuntu/slocal/m2/.venv-relation-detr/lib/python3.11/site-packages/torch/overrides.py:117: UserWarning: 'has_mps' is deprecated, please use 'torch.backends.mps.is_built()'
  torch.has_mps,

WARNING [2026-07-03 18:36:24 py.warnings]: /home/ubuntu/slocal/m2/.venv-relation-detr/lib/python3.11/site-packages/torch/overrides.py:118: UserWarning: 'has_mkldnn' is deprecated, please use 'torch.backends.mkldnn.is_available()'
  torch.has_mkldnn,

WARNING [2026-07-03 18:36:24 det.util.utils]: The model and loaded state dict do not match exactly
WARNING [2026-07-03 18:36:24 det.util.utils]: Size mismatch keys: transformer.decoder.class_head.0.weight, transformer.decoder.class_head.0.bias, transformer.decoder.class_head.1.weight, transformer.decoder.class_head.1.bias, transformer.decoder.class_head.2.weight, transformer.decoder.class_head.2.bias, transformer.decoder.class_head.3.weight, transformer.decoder.class_head.3.bias, transformer.decoder.class_head.4.weight, transformer.decoder.class_head.4.bias, transformer.decoder.class_head.5.weight, transformer.decoder.class_head.5.bias, transformer.encoder_class_head.weight, transformer.encoder_class_head.bias, transformer.hybrid_class_head.weight, transformer.hybrid_class_head.bias, denoising_generator.label_encoder.weight
+------------------------------------------+----------------+---------------------+
| key name                                 | shape in model | shape in state dict |
+------------------------------------------+----------------+---------------------+
| transformer.decoder.class_head.0.weight  | (15, 256)      | (91, 256)           |
| transformer.decoder.class_head.0.bias    | (15,)          | (91,)               |
| transformer.decoder.class_head.1.weight  | (15, 256)      | (91, 256)           |
| transformer.decoder.class_head.1.bias    | (15,)          | (91,)               |
| transformer.decoder.class_head.2.weight  | (15, 256)      | (91, 256)           |
| transformer.decoder.class_head.2.bias    | (15,)          | (91,)               |
| transformer.decoder.class_head.3.weight  | (15, 256)      | (91, 256)           |
| transformer.decoder.class_head.3.bias    | (15,)          | (91,)               |
| transformer.decoder.class_head.4.weight  | (15, 256)      | (91, 256)           |
| transformer.decoder.class_head.4.bias    | (15,)          | (91,)               |
| transformer.decoder.class_head.5.weight  | (15, 256)      | (91, 256)           |
| transformer.decoder.class_head.5.bias    | (15,)          | (91,)               |
| transformer.encoder_class_head.weight    | (15, 256)      | (91, 256)           |
| transformer.encoder_class_head.bias      | (15,)          | (91,)               |
| transformer.hybrid_class_head.weight     | (15, 256)      | (91, 256)           |
| transformer.hybrid_class_head.bias       | (15,)          | (91,)               |
+------------------------------------------+----------------+---------------------+
| denoising_generator.label_encoder.weight | (15, 256)      | (91, 256)           |
+------------------------------------------+----------------+---------------------+

[2026-07-03 18:36:24 det.__main__]: [RANK 0] load pretrained from /home/ubuntu/slocal/m2/data/external/weights/relation_detr_resnet50_800_1333_coco_1x.pth
[2026-07-03 18:36:25 det.__main__]: [RANK 0] model parameters: 48471200
[2026-07-03 18:36:25 det.__main__]: [RANK 0] optimizer: AcceleratedOptimizer (
Parameter Group 0
    amsgrad: False
    betas: (0.9, 0.999)
    capturable: False
    differentiable: False
    eps: 1e-08
    foreach: None
    fused: None
    initial_lr: 0.0001
    lr: 0.0001
    maximize: False
    weight_decay: 0.0001

Parameter Group 1
    amsgrad: False
    betas: (0.9, 0.999)
    capturable: False
    differentiable: False
    eps: 1e-08
    foreach: None
    fused: None
    initial_lr: 1e-05
    lr: 1e-05
    maximize: False
    weight_decay: 0.0001

Parameter Group 2
    amsgrad: False
    betas: (0.9, 0.999)
    capturable: False
    differentiable: False
    eps: 1e-08
    foreach: None
    fused: None
    initial_lr: 1e-05
    lr: 1e-05
    maximize: False
    weight_decay: 0

Parameter Group 3
    amsgrad: False
    betas: (0.9, 0.999)
    capturable: False
    differentiable: False
    eps: 1e-08
    foreach: None
    fused: None
    initial_lr: 1e-05
    lr: 1e-05
    maximize: False
    weight_decay: 0.0001

Parameter Group 4
    amsgrad: False
    betas: (0.9, 0.999)
    capturable: False
    differentiable: False
    eps: 1e-08
    foreach: None
    fused: None
    initial_lr: 1e-05
    lr: 1e-05
    maximize: False
    weight_decay: 0

Parameter Group 5
    amsgrad: False
    betas: (0.9, 0.999)
    capturable: False
    differentiable: False
    eps: 1e-08
    foreach: None
    fused: None
    initial_lr: 0.0001
    lr: 0.0001
    maximize: False
    weight_decay: 0
)
[2026-07-03 18:36:25 det.__main__]: [RANK 0] lr_scheduler: {'_get_lr_called_within_step': False,
 '_last_lr': [0.0001, 1e-05, 1e-05, 1e-05, 1e-05, 0.0001],
 '_step_count': 1,
 'base_lrs': [0.0001, 1e-05, 1e-05, 1e-05, 1e-05, 0.0001],
 'gamma': 0.1,
 'last_epoch': 0,
 'milestones': Counter({10: 1}),
 'verbose': False}
[2026-07-03 18:36:25 det.__main__]: [RANK 0] Label names is saved to /home/ubuntu/slocal/m2/experiments/detector_improve/augstrong_hires_seed42/label_names.txt
[2026-07-03 18:36:25 det.__main__]: [RANK 0] Start training
WARNING [2026-07-03 18:36:27 py.warnings]: /home/ubuntu/slocal/m2/.venv-relation-detr/lib/python3.11/site-packages/torch/autograd/__init__.py:251: UserWarning: Grad strides do not match bucket view strides. This may indicate grad was not created according to the gradient layout contract, or that the param's strides changed since DDP was constructed.  This is not an error, but may impair performance.
grad.sizes() = [8, 64, 1, 1], strides() = [64, 1, 64, 64]
bucket_view.sizes() = [8, 64, 1, 1], strides() = [64, 1, 1, 1] (Triggered internally at ../torch/csrc/distributed/c10d/reducer.cpp:320.)
  Variable._execution_engine.run_backward(  # Calls into the C++ engine to run the backward pass

[2026-07-03 18:36:28 det.util.engine]: Epoch: [0]  [0/2405]  eta: 1:36:10  lr: 0.000000  data_time: 0.0181  iter_time: 2.3992  loss: 73.9639 (73.9639)  loss_class: 2.4507 (2.4507)  loss_bbox: 0.5900 (0.5900)  loss_giou: 0.6255 (0.6255)  loss_class_0: 2.3949 (2.3949)  loss_bbox_0: 0.6504 (0.6504)  loss_giou_0: 0.6514 (0.6514)  loss_class_1: 2.4645 (2.4645)  loss_bbox_1: 0.5941 (0.5941)  loss_giou_1: 0.6237 (0.6237)  loss_class_2: 2.4388 (2.4388)  loss_bbox_2: 0.5872 (0.5872)  loss_giou_2: 0.5811 (0.5811)  loss_class_3: 2.3940 (2.3940)  loss_bbox_3: 0.6291 (0.6291)  loss_giou_3: 0.5954 (0.5954)  loss_class_4: 2.4467 (2.4467)  loss_bbox_4: 0.6066 (0.6066)  loss_giou_4: 0.6221 (0.6221)  loss_class_enc: 2.1557 (2.1557)  loss_bbox_enc: 0.7291 (0.7291)  loss_giou_enc: 0.7021 (0.7021)  loss_class_dn: 1.0845 (1.0845)  loss_bbox_dn: 1.5446 (1.5446)  loss_giou_dn: 1.2692 (1.2692)  loss_class_dn_0: 1.1841 (1.1841)  loss_bbox_dn_0: 1.2901 (1.2901)  loss_giou_dn_0: 1.1569 (1.1569)  loss_class_dn_1: 1.2293 (1.2293)  loss_bbox_dn_1: 1.2948 (1.2948)  loss_giou_dn_1: 1.1132 (1.1132)  loss_class_dn_2: 1.0981 (1.0981)  loss_bbox_dn_2: 1.3405 (1.3405)  loss_giou_dn_2: 1.1247 (1.1247)  loss_class_dn_3: 1.0082 (1.0082)  loss_bbox_dn_3: 1.5599 (1.5599)  loss_giou_dn_3: 1.2842 (1.2842)  loss_class_dn_4: 1.0563 (1.0563)  loss_bbox_dn_4: 1.5465 (1.5465)  loss_giou_dn_4: 1.2698 (1.2698)  loss_class_hybrid: 1.3871 (1.3871)  loss_bbox_hybrid: 1.2219 (1.2219)  loss_giou_hybrid: 1.0684 (1.0684)  loss_class_0_hybrid: 1.3042 (1.3042)  loss_bbox_0_hybrid: 1.3474 (1.3474)  loss_giou_0_hybrid: 1.1419 (1.1419)  loss_class_1_hybrid: 1.4049 (1.4049)  loss_bbox_1_hybrid: 1.2558 (1.2558)  loss_giou_1_hybrid: 1.0959 (1.0959)  loss_class_2_hybrid: 1.3392 (1.3392)  loss_bbox_2_hybrid: 1.2343 (1.2343)  loss_giou_2_hybrid: 1.0786 (1.0786)  loss_class_3_hybrid: 1.3601 (1.3601)  loss_bbox_3_hybrid: 1.2110 (1.2110)  loss_giou_3_hybrid: 1.0838 (1.0838)  loss_class_4_hybrid: 1.4037 (1.4037)  loss_bbox_4_hybrid: 1.2175 (1.2175)  loss_giou_4_hybrid: 1.0719 (1.0719)  loss_class_enc_hybrid: 1.1231 (1.1231)  loss_bbox_enc_hybrid: 1.4230 (1.4230)  loss_giou_enc_hybrid: 1.2023 (1.2023)  mem: 1010  max mem: 20917
[2026-07-03 18:36:28 accelerate.tracking]: [RANK 0] Successfully logged to TensorBoard
[2026-07-03 18:37:38 det.util.engine]: Epoch: [0]  [50/2405]  eta: 0:55:55  lr: 0.000005  data_time: 0.0062  iter_time: 1.4146  loss: 72.2060 (73.9805)  loss_class: 2.1605 (2.1761)  loss_bbox: 0.5751 (0.6848)  loss_giou: 0.7123 (0.7460)  loss_class_0: 2.0049 (1.9334)  loss_bbox_0: 0.7289 (0.8182)  loss_giou_0: 0.7894 (0.8648)  loss_class_1: 2.0926 (2.0925)  loss_bbox_1: 0.6324 (0.7488)  loss_giou_1: 0.7048 (0.8037)  loss_class_2: 2.0820 (2.0981)  loss_bbox_2: 0.6110 (0.7296)  loss_giou_2: 0.7054 (0.7699)  loss_class_3: 2.0849 (2.1126)  loss_bbox_3: 0.5966 (0.6938)  loss_giou_3: 0.7015 (0.7461)  loss_class_4: 2.0766 (2.1476)  loss_bbox_4: 0.5778 (0.6875)  loss_giou_4: 0.7201 (0.7455)  loss_class_enc: 1.6919 (1.7069)  loss_bbox_enc: 0.7888 (0.8766)  loss_giou_enc: 0.8745 (0.9465)  loss_class_dn: 1.1484 (1.1429)  loss_bbox_dn: 1.4933 (1.4638)  loss_giou_dn: 1.1852 (1.1989)  loss_class_dn_0: 1.0925 (1.0840)  loss_bbox_dn_0: 1.3868 (1.3733)  loss_giou_dn_0: 1.2022 (1.2057)  loss_class_dn_1: 1.1910 (1.1646)  loss_bbox_dn_1: 1.3894 (1.3810)  loss_giou_dn_1: 1.1511 (1.1590)  loss_class_dn_2: 1.1680 (1.1425)  loss_bbox_dn_2: 1.4237 (1.3881)  loss_giou_dn_2: 1.1314 (1.1438)  loss_class_dn_3: 1.0972 (1.0923)  loss_bbox_dn_3: 1.5074 (1.4736)  loss_giou_dn_3: 1.1914 (1.2101)  loss_class_dn_4: 1.1257 (1.1222)  loss_bbox_dn_4: 1.4931 (1.4644)  loss_giou_dn_4: 1.1850 (1.1987)  loss_class_hybrid: 1.7904 (1.6979)  loss_bbox_hybrid: 0.8931 (1.1518)  loss_giou_hybrid: 0.8857 (0.9326)  loss_class_0_hybrid: 1.6235 (1.5382)  loss_bbox_0_hybrid: 0.9775 (1.2489)  loss_giou_0_hybrid: 0.9515 (1.0081)  loss_class_1_hybrid: 1.8493 (1.6581)  loss_bbox_1_hybrid: 0.9267 (1.1833)  loss_giou_1_hybrid: 0.9235 (0.9582)  loss_class_2_hybrid: 1.7822 (1.6262)  loss_bbox_2_hybrid: 0.9150 (1.1736)  loss_giou_2_hybrid: 0.8908 (0.9442)  loss_class_3_hybrid: 1.8083 (1.6356)  loss_bbox_3_hybrid: 0.8993 (1.1592)  loss_giou_3_hybrid: 0.8834 (0.9389)  loss_class_4_hybrid: 1.8065 (1.6653)  loss_bbox_4_hybrid: 0.8952 (1.1535)  loss_giou_4_hybrid: 0.8800 (0.9319)  loss_class_enc_hybrid: 1.5147 (1.4651)  loss_bbox_enc_hybrid: 1.0621 (1.3038)  loss_giou_enc_hybrid: 1.0147 (1.0682)  mem: 1036  max mem: 32091
[2026-07-03 18:37:38 accelerate.tracking]: [RANK 0] Successfully logged to TensorBoard
[2026-07-03 18:38:51 det.util.engine]: Epoch: [0]  [100/2405]  eta: 0:55:19  lr: 0.000010  data_time: 0.0061  iter_time: 1.4812  loss: 70.4999 (72.4057)  loss_class: 2.3498 (2.2447)  loss_bbox: 0.5133 (0.6080)  loss_giou: 0.6017 (0.6922)  loss_class_0: 2.1644 (2.0563)  loss_bbox_0: 0.6077 (0.7372)  loss_giou_0: 0.7199 (0.8033)  loss_class_1: 2.2714 (2.2009)  loss_bbox_1: 0.5510 (0.6702)  loss_giou_1: 0.6247 (0.7425)  loss_class_2: 2.2221 (2.1704)  loss_bbox_2: 0.5458 (0.6519)  loss_giou_2: 0.6303 (0.7143)  loss_class_3: 2.3160 (2.1829)  loss_bbox_3: 0.5014 (0.6142)  loss_giou_3: 0.6071 (0.6936)  loss_class_4: 2.2704 (2.2016)  loss_bbox_4: 0.5179 (0.6098)  loss_giou_4: 0.5998 (0.6910)  loss_class_enc: 1.8851 (1.7777)  loss_bbox_enc: 0.6800 (0.8099)  loss_giou_enc: 0.8575 (0.9074)  loss_class_dn: 1.2480 (1.1808)  loss_bbox_dn: 1.2931 (1.4057)  loss_giou_dn: 1.0542 (1.1457)  loss_class_dn_0: 1.1749 (1.1151)  loss_bbox_dn_0: 1.2974 (1.3411)  loss_giou_dn_0: 1.1337 (1.1802)  loss_class_dn_1: 1.2845 (1.2121)  loss_bbox_dn_1: 1.2831 (1.3419)  loss_giou_dn_1: 1.0421 (1.1206)  loss_class_dn_2: 1.2370 (1.1809)  loss_bbox_dn_2: 1.2746 (1.3463)  loss_giou_dn_2: 1.0199 (1.1041)  loss_class_dn_3: 1.1972 (1.1366)  loss_bbox_dn_3: 1.3018 (1.4152)  loss_giou_dn_3: 1.0616 (1.1563)  loss_class_dn_4: 1.2133 (1.1538)  loss_bbox_dn_4: 1.2927 (1.4063)  loss_giou_dn_4: 1.0544 (1.1455)  loss_class_hybrid: 2.5659 (2.0475)  loss_bbox_hybrid: 0.4245 (0.8549)  loss_giou_hybrid: 0.4637 (0.7588)  loss_class_0_hybrid: 2.3991 (1.8775)  loss_bbox_0_hybrid: 0.5303 (0.9498)  loss_giou_0_hybrid: 0.5729 (0.8479)  loss_class_1_hybrid: 2.5802 (2.0166)  loss_bbox_1_hybrid: 0.4680 (0.8883)  loss_giou_1_hybrid: 0.5075 (0.7929)  loss_class_2_hybrid: 2.4697 (1.9609)  loss_bbox_2_hybrid: 0.4423 (0.8750)  loss_giou_2_hybrid: 0.4824 (0.7733)  loss_class_3_hybrid: 2.4564 (1.9774)  loss_bbox_3_hybrid: 0.4354 (0.8607)  loss_giou_3_hybrid: 0.4753 (0.7653)  loss_class_4_hybrid: 2.5287 (1.9920)  loss_bbox_4_hybrid: 0.4305 (0.8556)  loss_giou_4_hybrid: 0.4707 (0.7596)  loss_class_enc_hybrid: 2.0939 (1.6966)  loss_bbox_enc_hybrid: 0.6267 (1.0420)  loss_giou_enc_hybrid: 0.7392 (0.9450)  mem: 1022  max mem: 32105
[2026-07-03 18:38:51 accelerate.tracking]: [RANK 0] Successfully logged to TensorBoard
[2026-07-03 18:40:00 det.util.engine]: Epoch: [0]  [150/2405]  eta: 0:53:35  lr: 0.000015  data_time: 0.0053  iter_time: 1.3650  loss: 66.0270 (70.9634)  loss_class: 2.3709 (2.2843)  loss_bbox: 0.4400 (0.5549)  loss_giou: 0.4532 (0.6333)  loss_class_0: 2.3253 (2.1651)  loss_bbox_0: 0.4866 (0.6667)  loss_giou_0: 0.5618 (0.7417)  loss_class_1: 2.3427 (2.2709)  loss_bbox_1: 0.4781 (0.6103)  loss_giou_1: 0.5017 (0.6822)  loss_class_2: 2.1805 (2.2267)  loss_bbox_2: 0.4611 (0.5921)  loss_giou_2: 0.5064 (0.6560)  loss_class_3: 2.4725 (2.2645)  loss_bbox_3: 0.4545 (0.5603)  loss_giou_3: 0.4516 (0.6379)  loss_class_4: 2.2943 (2.2532)  loss_bbox_4: 0.4418 (0.5552)  loss_giou_4: 0.4505 (0.6327)  loss_class_enc: 2.1039 (1.8994)  loss_bbox_enc: 0.6306 (0.7511)  loss_giou_enc: 0.6918 (0.8539)  loss_class_dn: 1.1886 (1.2056)  loss_bbox_dn: 1.1638 (1.3342)  loss_giou_dn: 0.9153 (1.0771)  loss_class_dn_0: 1.2263 (1.1545)  loss_bbox_dn_0: 1.2366 (1.3160)  loss_giou_dn_0: 1.0497 (1.1445)  loss_class_dn_1: 1.3272 (1.2642)  loss_bbox_dn_1: 1.1633 (1.2980)  loss_giou_dn_1: 0.9675 (1.0724)  loss_class_dn_2: 1.2770 (1.2284)  loss_bbox_dn_2: 1.1602 (1.2933)  loss_giou_dn_2: 0.9434 (1.0523)  loss_class_dn_3: 1.2801 (1.1937)  loss_bbox_dn_3: 1.1769 (1.3437)  loss_giou_dn_3: 0.9215 (1.0860)  loss_class_dn_4: 1.2614 (1.1999)  loss_bbox_dn_4: 1.1635 (1.3346)  loss_giou_dn_4: 0.9162 (1.0770)  loss_class_hybrid: 2.0474 (2.1304)  loss_bbox_hybrid: 0.4154 (0.7136)  loss_giou_hybrid: 0.4564 (0.6643)  loss_class_0_hybrid: 2.2919 (2.0551)  loss_bbox_0_hybrid: 0.4883 (0.7986)  loss_giou_0_hybrid: 0.5322 (0.7511)  loss_class_1_hybrid: 2.3354 (2.1594)  loss_bbox_1_hybrid: 0.4342 (0.7441)  loss_giou_1_hybrid: 0.4975 (0.6987)  loss_class_2_hybrid: 2.1618 (2.0837)  loss_bbox_2_hybrid: 0.4072 (0.7293)  loss_giou_2_hybrid: 0.4741 (0.6784)  loss_class_3_hybrid: 2.1248 (2.1022)  loss_bbox_3_hybrid: 0.4112 (0.7184)  loss_giou_3_hybrid: 0.4657 (0.6705)  loss_class_4_hybrid: 2.1429 (2.0958)  loss_bbox_4_hybrid: 0.4106 (0.7138)  loss_giou_4_hybrid: 0.4505 (0.6650)  loss_class_enc_hybrid: 2.1103 (1.8532)  loss_bbox_enc_hybrid: 0.5897 (0.9064)  loss_giou_enc_hybrid: 0.6642 (0.8642)  mem: 1011  max mem: 33608
[2026-07-03 18:40:00 accelerate.tracking]: [RANK 0] Successfully logged to TensorBoard
[2026-07-03 18:41:10 det.util.engine]: Epoch: [0]  [200/2405]  eta: 0:52:07  lr: 0.000020  data_time: 0.0057  iter_time: 1.4511  loss: 62.2874 (69.1441)  loss_class: 2.3356 (2.2881)  loss_bbox: 0.4042 (0.5233)  loss_giou: 0.4558 (0.5989)  loss_class_0: 2.3164 (2.1920)  loss_bbox_0: 0.5090 (0.6263)  loss_giou_0: 0.4943 (0.7020)  loss_class_1: 2.2051 (2.2490)  loss_bbox_1: 0.4283 (0.5730)  loss_giou_1: 0.4872 (0.6445)  loss_class_2: 2.3687 (2.2376)  loss_bbox_2: 0.4206 (0.5559)  loss_giou_2: 0.4696 (0.6192)  loss_class_3: 2.3981 (2.2871)  loss_bbox_3: 0.4110 (0.5293)  loss_giou_3: 0.4554 (0.6043)  loss_class_4: 2.3077 (2.2612)  loss_bbox_4: 0.4022 (0.5249)  loss_giou_4: 0.4646 (0.6003)  loss_class_enc: 2.1488 (1.9466)  loss_bbox_enc: 0.5816 (0.7215)  loss_giou_enc: 0.6685 (0.8227)  loss_class_dn: 1.0918 (1.1996)  loss_bbox_dn: 0.9683 (1.2556)  loss_giou_dn: 0.8062 (1.0144)  loss_class_dn_0: 1.2474 (1.1876)  loss_bbox_dn_0: 1.1180 (1.2781)  loss_giou_dn_0: 0.9640 (1.1053)  loss_class_dn_1: 1.2963 (1.2936)  loss_bbox_dn_1: 1.0127 (1.2402)  loss_giou_dn_1: 0.8524 (1.0239)  loss_class_dn_2: 1.2326 (1.2510)  loss_bbox_dn_2: 0.9646 (1.2263)  loss_giou_dn_2: 0.8202 (0.9999)  loss_class_dn_3: 1.2549 (1.2240)  loss_bbox_dn_3: 0.9714 (1.2640)  loss_giou_dn_3: 0.8120 (1.0219)  loss_class_dn_4: 1.1966 (1.2200)  loss_bbox_dn_4: 0.9690 (1.2559)  loss_giou_dn_4: 0.8067 (1.0144)  loss_class_hybrid: 1.9370 (2.0781)  loss_bbox_hybrid: 0.3989 (0.6387)  loss_giou_hybrid: 0.4503 (0.6166)  loss_class_0_hybrid: 2.1322 (2.1002)  loss_bbox_0_hybrid: 0.4532 (0.7159)  loss_giou_0_hybrid: 0.5063 (0.6983)  loss_class_1_hybrid: 1.9877 (2.1523)  loss_bbox_1_hybrid: 0.4121 (0.6667)  loss_giou_1_hybrid: 0.4631 (0.6493)  loss_class_2_hybrid: 2.0185 (2.0831)  loss_bbox_2_hybrid: 0.4023 (0.6535)  loss_giou_2_hybrid: 0.4622 (0.6298)  loss_class_3_hybrid: 2.0247 (2.0999)  loss_bbox_3_hybrid: 0.4097 (0.6434)  loss_giou_3_hybrid: 0.4579 (0.6224)  loss_class_4_hybrid: 1.9875 (2.0859)  loss_bbox_4_hybrid: 0.4080 (0.6393)  loss_giou_4_hybrid: 0.4515 (0.6173)  loss_class_enc_hybrid: 2.1532 (1.9242)  loss_bbox_enc_hybrid: 0.5562 (0.8278)  loss_giou_enc_hybrid: 0.6406 (0.8179)  mem: 1010  max mem: 34787
[2026-07-03 18:41:10 accelerate.tracking]: [RANK 0] Successfully logged to TensorBoard
[2026-07-03 18:42:22 det.util.engine]: Epoch: [0]  [250/2405]  eta: 0:51:04  lr: 0.000025  data_time: 0.0061  iter_time: 1.4360  loss: 56.6930 (67.1736)  loss_class: 2.0470 (2.2894)  loss_bbox: 0.3304 (0.4954)  loss_giou: 0.4243 (0.5712)  loss_class_0: 2.0714 (2.1863)  loss_bbox_0: 0.3993 (0.5888)  loss_giou_0: 0.5091 (0.6674)  loss_class_1: 2.1562 (2.2330)  loss_bbox_1: 0.3508 (0.5394)  loss_giou_1: 0.4561 (0.6125)  loss_class_2: 2.1925 (2.2403)  loss_bbox_2: 0.3460 (0.5222)  loss_giou_2: 0.4356 (0.5882)  loss_class_3: 2.2133 (2.2893)  loss_bbox_3: 0.3316 (0.5003)  loss_giou_3: 0.4353 (0.5761)  loss_class_4: 2.0945 (2.2448)  loss_bbox_4: 0.3195 (0.4972)  loss_giou_4: 0.4234 (0.5730)  loss_class_enc: 2.0720 (1.9767)  loss_bbox_enc: 0.4883 (0.6912)  loss_giou_enc: 0.6213 (0.7912)  loss_class_dn: 1.0863 (1.1821)  loss_bbox_dn: 0.7103 (1.1766)  loss_giou_dn: 0.6900 (0.9614)  loss_class_dn_0: 1.2623 (1.2024)  loss_bbox_dn_0: 0.8294 (1.2225)  loss_giou_dn_0: 0.8727 (1.0665)  loss_class_dn_1: 1.2038 (1.2844)  loss_bbox_dn_1: 0.7514 (1.1722)  loss_giou_dn_1: 0.7398 (0.9787)  loss_class_dn_2: 1.1718 (1.2411)  loss_bbox_dn_2: 0.7165 (1.1547)  loss_giou_dn_2: 0.6981 (0.9525)  loss_class_dn_3: 1.1404 (1.2176)  loss_bbox_dn_3: 0.7069 (1.1838)  loss_giou_dn_3: 0.6875 (0.9681)  loss_class_dn_4: 1.0861 (1.2042)  loss_bbox_dn_4: 0.7120 (1.1768)  loss_giou_dn_4: 0.6887 (0.9614)  loss_class_hybrid: 1.8008 (2.0335)  loss_bbox_hybrid: 0.3037 (0.5874)  loss_giou_hybrid: 0.4517 (0.5840)  loss_class_0_hybrid: 1.9712 (2.0996)  loss_bbox_0_hybrid: 0.3453 (0.6547)  loss_giou_0_hybrid: 0.5056 (0.6578)  loss_class_1_hybrid: 1.8483 (2.1110)  loss_bbox_1_hybrid: 0.2986 (0.6114)  loss_giou_1_hybrid: 0.4583 (0.6133)  loss_class_2_hybrid: 1.9150 (2.0527)  loss_bbox_2_hybrid: 0.3218 (0.6002)  loss_giou_2_hybrid: 0.4305 (0.5949)  loss_class_3_hybrid: 1.9189 (2.0692)  loss_bbox_3_hybrid: 0.3155 (0.5915)  loss_giou_3_hybrid: 0.4408 (0.5884)  loss_class_4_hybrid: 1.8392 (2.0470)  loss_bbox_4_hybrid: 0.3047 (0.5881)  loss_giou_4_hybrid: 0.4449 (0.5847)  loss_class_enc_hybrid: 2.1455 (1.9792)  loss_bbox_enc_hybrid: 0.4571 (0.7662)  loss_giou_enc_hybrid: 0.5704 (0.7775)  mem: 1017  max mem: 34787
[2026-07-03 18:42:22 accelerate.tracking]: [RANK 0] Successfully logged to TensorBoard
[2026-07-03 18:43:31 det.util.engine]: Epoch: [0]  [300/2405]  eta: 0:49:38  lr: 0.000030  data_time: 0.0058  iter_time: 1.3518  loss: 56.4272 (65.5314)  loss_class: 2.0521 (2.2473)  loss_bbox: 0.3441 (0.4782)  loss_giou: 0.4087 (0.5506)  loss_class_0: 2.0923 (2.1703)  loss_bbox_0: 0.4466 (0.5655)  loss_giou_0: 0.5091 (0.6429)  loss_class_1: 2.2686 (2.2309)  loss_bbox_1: 0.4306 (0.5195)  loss_giou_1: 0.4488 (0.5894)  loss_class_2: 2.1599 (2.2371)  loss_bbox_2: 0.3665 (0.5015)  loss_giou_2: 0.4282 (0.5658)  loss_class_3: 2.0397 (2.2650)  loss_bbox_3: 0.3690 (0.4812)  loss_giou_3: 0.4161 (0.5544)  loss_class_4: 2.0911 (2.2126)  loss_bbox_4: 0.3573 (0.4798)  loss_giou_4: 0.4080 (0.5521)  loss_class_enc: 1.9078 (1.9688)  loss_bbox_enc: 0.6187 (0.6772)  loss_giou_enc: 0.6716 (0.7743)  loss_class_dn: 1.0452 (1.1600)  loss_bbox_dn: 0.8030 (1.1195)  loss_giou_dn: 0.7022 (0.9204)  loss_class_dn_0: 1.2327 (1.2097)  loss_bbox_dn_0: 0.9466 (1.1772)  loss_giou_dn_0: 0.8472 (1.0316)  loss_class_dn_1: 1.1438 (1.2685)  loss_bbox_dn_1: 0.8414 (1.1199)  loss_giou_dn_1: 0.7428 (0.9408)  loss_class_dn_2: 1.1665 (1.2270)  loss_bbox_dn_2: 0.8156 (1.1011)  loss_giou_dn_2: 0.7084 (0.9138)  loss_class_dn_3: 1.0925 (1.2016)  loss_bbox_dn_3: 0.8083 (1.1256)  loss_giou_dn_3: 0.6983 (0.9263)  loss_class_dn_4: 1.0515 (1.1834)  loss_bbox_dn_4: 0.8038 (1.1197)  loss_giou_dn_4: 0.7010 (0.9203)  loss_class_hybrid: 1.7610 (1.9822)  loss_bbox_hybrid: 0.3419 (0.5603)  loss_giou_hybrid: 0.4270 (0.5648)  loss_class_0_hybrid: 1.9610 (2.0708)  loss_bbox_0_hybrid: 0.4046 (0.6211)  loss_giou_0_hybrid: 0.4662 (0.6343)  loss_class_1_hybrid: 1.8795 (2.0703)  loss_bbox_1_hybrid: 0.3455 (0.5811)  loss_giou_1_hybrid: 0.4331 (0.5913)  loss_class_2_hybrid: 1.8981 (2.0195)  loss_bbox_2_hybrid: 0.3385 (0.5702)  loss_giou_2_hybrid: 0.4245 (0.5735)  loss_class_3_hybrid: 1.8868 (2.0307)  loss_bbox_3_hybrid: 0.3433 (0.5626)  loss_giou_3_hybrid: 0.4253 (0.5682)  loss_class_4_hybrid: 1.8151 (2.0000)  loss_bbox_4_hybrid: 0.3450 (0.5605)  loss_giou_4_hybrid: 0.4262 (0.5654)  loss_class_enc_hybrid: 2.0057 (1.9826)  loss_bbox_enc_hybrid: 0.5100 (0.7350)  loss_giou_enc_hybrid: 0.5869 (0.7561)  mem: 1023  max mem: 34787
[2026-07-03 18:43:31 accelerate.tracking]: [RANK 0] Successfully logged to TensorBoard
[2026-07-03 18:44:43 det.util.engine]: Epoch: [0]  [350/2405]  eta: 0:48:36  lr: 0.000035  data_time: 0.0058  iter_time: 1.4533  loss: 52.2467 (63.9151)  loss_class: 1.6492 (2.1887)  loss_bbox: 0.3480 (0.4618)  loss_giou: 0.4223 (0.5365)  loss_class_0: 2.1664 (2.1651)  loss_bbox_0: 0.4039 (0.5441)  loss_giou_0: 0.4576 (0.6234)  loss_class_1: 2.3069 (2.2359)  loss_bbox_1: 0.3198 (0.4996)  loss_giou_1: 0.4404 (0.5712)  loss_class_2: 1.9487 (2.2147)  loss_bbox_2: 0.3589 (0.4829)  loss_giou_2: 0.4262 (0.5500)  loss_class_3: 1.8805 (2.2284)  loss_bbox_3: 0.3460 (0.4639)  loss_giou_3: 0.4294 (0.5387)  loss_class_4: 1.7706 (2.1661)  loss_bbox_4: 0.3525 (0.4631)  loss_giou_4: 0.4229 (0.5374)  loss_class_enc: 1.8846 (1.9632)  loss_bbox_enc: 0.5156 (0.6595)  loss_giou_enc: 0.6358 (0.7574)  loss_class_dn: 0.9207 (1.1359)  loss_bbox_dn: 0.7072 (1.0625)  loss_giou_dn: 0.6938 (0.8842)  loss_class_dn_0: 1.1050 (1.2072)  loss_bbox_dn_0: 0.8072 (1.1280)  loss_giou_dn_0: 0.8034 (0.9995)  loss_class_dn_1: 1.0926 (1.2502)  loss_bbox_dn_1: 0.7317 (1.0666)  loss_giou_dn_1: 0.7119 (0.9073)  loss_class_dn_2: 1.0465 (1.2108)  loss_bbox_dn_2: 0.7083 (1.0465)  loss_giou_dn_2: 0.6950 (0.8790)  loss_class_dn_3: 0.9844 (1.1812)  loss_bbox_dn_3: 0.7062 (1.0679)  loss_giou_dn_3: 0.6921 (0.8899)  loss_class_dn_4: 0.9602 (1.1589)  loss_bbox_dn_4: 0.7091 (1.0628)  loss_giou_dn_4: 0.6930 (0.8842)  loss_class_hybrid: 1.4800 (1.9261)  loss_bbox_hybrid: 0.4016 (0.5355)  loss_giou_hybrid: 0.4403 (0.5517)  loss_class_0_hybrid: 1.7769 (2.0407)  loss_bbox_0_hybrid: 0.3551 (0.5893)  loss_giou_0_hybrid: 0.5153 (0.6156)  loss_class_1_hybrid: 1.7433 (2.0371)  loss_bbox_1_hybrid: 0.3500 (0.5515)  loss_giou_1_hybrid: 0.4518 (0.5740)  loss_class_2_hybrid: 1.7062 (1.9901)  loss_bbox_2_hybrid: 0.3462 (0.5413)  loss_giou_2_hybrid: 0.4628 (0.5572)  loss_class_3_hybrid: 1.6297 (1.9918)  loss_bbox_3_hybrid: 0.3521 (0.5352)  loss_giou_3_hybrid: 0.4344 (0.5529)  loss_class_4_hybrid: 1.4898 (1.9478)  loss_bbox_4_hybrid: 0.3759 (0.5348)  loss_giou_4_hybrid: 0.4365 (0.5520)  loss_class_enc_hybrid: 1.8263 (1.9767)  loss_bbox_enc_hybrid: 0.4691 (0.7026)  loss_giou_enc_hybrid: 0.6188 (0.7369)  mem: 1024  max mem: 34787
[2026-07-03 18:44:43 accelerate.tracking]: [RANK 0] Successfully logged to TensorBoard
[2026-07-03 18:45:52 det.util.engine]: Epoch: [0]  [400/2405]  eta: 0:47:12  lr: 0.000040  data_time: 0.0054  iter_time: 1.3507  loss: 50.3164 (62.3581)  loss_class: 1.5712 (2.1308)  loss_bbox: 0.3224 (0.4455)  loss_giou: 0.4031 (0.5212)  loss_class_0: 2.2553 (2.1800)  loss_bbox_0: 0.3265 (0.5189)  loss_giou_0: 0.4165 (0.5998)  loss_class_1: 2.2295 (2.2326)  loss_bbox_1: 0.2919 (0.4771)  loss_giou_1: 0.3782 (0.5506)  loss_class_2: 2.0326 (2.1937)  loss_bbox_2: 0.3081 (0.4624)  loss_giou_2: 0.3714 (0.5323)  loss_class_3: 1.7540 (2.1780)  loss_bbox_3: 0.3043 (0.4458)  loss_giou_3: 0.4002 (0.5218)  loss_class_4: 1.6194 (2.1133)  loss_bbox_4: 0.3124 (0.4458)  loss_giou_4: 0.4039 (0.5215)  loss_class_enc: 2.0166 (1.9678)  loss_bbox_enc: 0.4223 (0.6350)  loss_giou_enc: 0.5295 (0.7337)  loss_class_dn: 0.8913 (1.1099)  loss_bbox_dn: 0.6625 (1.0145)  loss_giou_dn: 0.6298 (0.8526)  loss_class_dn_0: 1.1351 (1.1977)  loss_bbox_dn_0: 0.8007 (1.0892)  loss_giou_dn_0: 0.7734 (0.9723)  loss_class_dn_1: 1.0783 (1.2314)  loss_bbox_dn_1: 0.6834 (1.0228)  loss_giou_dn_1: 0.6796 (0.8786)  loss_class_dn_2: 1.0413 (1.1922)  loss_bbox_dn_2: 0.6683 (1.0012)  loss_giou_dn_2: 0.6408 (0.8490)  loss_class_dn_3: 0.9595 (1.1582)  loss_bbox_dn_3: 0.6717 (1.0196)  loss_giou_dn_3: 0.6303 (0.8582)  loss_class_dn_4: 0.9145 (1.1320)  loss_bbox_dn_4: 0.6630 (1.0148)  loss_giou_dn_4: 0.6293 (0.8525)  loss_class_hybrid: 1.3587 (1.8686)  loss_bbox_hybrid: 0.3616 (0.5156)  loss_giou_hybrid: 0.4593 (0.5393)  loss_class_0_hybrid: 1.7619 (2.0079)  loss_bbox_0_hybrid: 0.3654 (0.5645)  loss_giou_0_hybrid: 0.4682 (0.5992)  loss_class_1_hybrid: 1.7737 (2.0051)  loss_bbox_1_hybrid: 0.3456 (0.5277)  loss_giou_1_hybrid: 0.4271 (0.5581)  loss_class_2_hybrid: 1.6586 (1.9556)  loss_bbox_2_hybrid: 0.3457 (0.5180)  loss_giou_2_hybrid: 0.4287 (0.5424)  loss_class_3_hybrid: 1.5732 (1.9452)  loss_bbox_3_hybrid: 0.3521 (0.5135)  loss_giou_3_hybrid: 0.4390 (0.5390)  loss_class_4_hybrid: 1.4624 (1.8949)  loss_bbox_4_hybrid: 0.3643 (0.5144)  loss_giou_4_hybrid: 0.4421 (0.5391)  loss_class_enc_hybrid: 1.7661 (1.9519)  loss_bbox_enc_hybrid: 0.4883 (0.6803)  loss_giou_enc_hybrid: 0.6217 (0.7238)  mem: 1016  max mem: 34787
[2026-07-03 18:45:52 accelerate.tracking]: [RANK 0] Successfully logged to TensorBoard
[2026-07-03 18:47:03 det.util.engine]: Epoch: [0]  [450/2405]  eta: 0:46:03  lr: 0.000045  data_time: 0.0056  iter_time: 1.4101  loss: 49.9878 (61.0620)  loss_class: 1.5735 (2.0635)  loss_bbox: 0.2904 (0.4371)  loss_giou: 0.3510 (0.5098)  loss_class_0: 2.4060 (2.2110)  loss_bbox_0: 0.2866 (0.4998)  loss_giou_0: 0.3670 (0.5789)  loss_class_1: 2.2846 (2.2262)  loss_bbox_1: 0.2832 (0.4626)  loss_giou_1: 0.3497 (0.5344)  loss_class_2: 1.8663 (2.1568)  loss_bbox_2: 0.2812 (0.4503)  loss_giou_2: 0.3623 (0.5185)  loss_class_3: 1.6728 (2.1218)  loss_bbox_3: 0.2898 (0.4358)  loss_giou_3: 0.3543 (0.5096)  loss_class_4: 1.5523 (2.0511)  loss_bbox_4: 0.2820 (0.4370)  loss_giou_4: 0.3579 (0.5099)  loss_class_enc: 2.1669 (1.9841)  loss_bbox_enc: 0.3767 (0.6124)  loss_giou_enc: 0.4543 (0.7090)  loss_class_dn: 0.8646 (1.0821)  loss_bbox_dn: 0.6763 (0.9782)  loss_giou_dn: 0.5586 (0.8249)  loss_class_dn_0: 1.0888 (1.1855)  loss_bbox_dn_0: 0.8105 (1.0602)  loss_giou_dn_0: 0.7170 (0.9476)  loss_class_dn_1: 1.0584 (1.2083)  loss_bbox_dn_1: 0.6939 (0.9896)  loss_giou_dn_1: 0.6096 (0.8532)  loss_class_dn_2: 0.9744 (1.1682)  loss_bbox_dn_2: 0.6823 (0.9669)  loss_giou_dn_2: 0.5707 (0.8227)  loss_class_dn_3: 0.9189 (1.1312)  loss_bbox_dn_3: 0.6787 (0.9830)  loss_giou_dn_3: 0.5664 (0.8303)  loss_class_dn_4: 0.8853 (1.1029)  loss_bbox_dn_4: 0.6765 (0.9784)  loss_giou_dn_4: 0.5586 (0.8249)  loss_class_hybrid: 1.3738 (1.8142)  loss_bbox_hybrid: 0.3830 (0.5072)  loss_giou_hybrid: 0.4092 (0.5316)  loss_class_0_hybrid: 1.8151 (1.9833)  loss_bbox_0_hybrid: 0.3854 (0.5510)  loss_giou_0_hybrid: 0.4163 (0.5871)  loss_class_1_hybrid: 1.7756 (1.9822)  loss_bbox_1_hybrid: 0.3613 (0.5147)  loss_giou_1_hybrid: 0.3949 (0.5466)  loss_class_2_hybrid: 1.6538 (1.9218)  loss_bbox_2_hybrid: 0.3573 (0.5059)  loss_giou_2_hybrid: 0.4048 (0.5321)  loss_class_3_hybrid: 1.5394 (1.9008)  loss_bbox_3_hybrid: 0.3661 (0.5028)  loss_giou_3_hybrid: 0.3905 (0.5295)  loss_class_4_hybrid: 1.4124 (1.8446)  loss_bbox_4_hybrid: 0.3755 (0.5053)  loss_giou_4_hybrid: 0.4020 (0.5309)  loss_class_enc_hybrid: 1.7596 (1.9285)  loss_bbox_enc_hybrid: 0.5956 (0.6694)  loss_giou_enc_hybrid: 0.6066 (0.7146)  mem: 1036  max mem: 37653
[2026-07-03 18:47:03 accelerate.tracking]: [RANK 0] Successfully logged to TensorBoard
[2026-07-03 18:48:13 det.util.engine]: Epoch: [0]  [500/2405]  eta: 0:44:51  lr: 0.000050  data_time: 0.0060  iter_time: 1.3543  loss: 47.1243 (59.8211)  loss_class: 1.1585 (1.9937)  loss_bbox: 0.3204 (0.4315)  loss_giou: 0.4101 (0.5014)  loss_class_0: 2.3774 (2.2328)  loss_bbox_0: 0.2868 (0.4838)  loss_giou_0: 0.3892 (0.5617)  loss_class_1: 1.8171 (2.2016)  loss_bbox_1: 0.2704 (0.4510)  loss_giou_1: 0.3706 (0.5214)  loss_class_2: 1.5112 (2.1053)  loss_bbox_2: 0.3066 (0.4425)  loss_giou_2: 0.3702 (0.5085)  loss_class_3: 1.2302 (2.0552)  loss_bbox_3: 0.3242 (0.4300)  loss_giou_3: 0.4046 (0.5010)  loss_class_4: 1.1889 (1.9837)  loss_bbox_4: 0.3157 (0.4316)  loss_giou_4: 0.3892 (0.5015)  loss_class_enc: 2.1432 (2.0006)  loss_bbox_enc: 0.3477 (0.5930)  loss_giou_enc: 0.4109 (0.6871)  loss_class_dn: 0.7279 (1.0536)  loss_bbox_dn: 0.6030 (0.9482)  loss_giou_dn: 0.5830 (0.8018)  loss_class_dn_0: 0.9546 (1.1693)  loss_bbox_dn_0: 0.7533 (1.0362)  loss_giou_dn_0: 0.7366 (0.9268)  loss_class_dn_1: 0.8796 (1.1823)  loss_bbox_dn_1: 0.6499 (0.9621)  loss_giou_dn_1: 0.6362 (0.8317)  loss_class_dn_2: 0.8264 (1.1405)  loss_bbox_dn_2: 0.6114 (0.9385)  loss_giou_dn_2: 0.5903 (0.8008)  loss_class_dn_3: 0.7585 (1.1011)  loss_bbox_dn_3: 0.6037 (0.9529)  loss_giou_dn_3: 0.5926 (0.8072)  loss_class_dn_4: 0.7381 (1.0731)  loss_bbox_dn_4: 0.6022 (0.9484)  loss_giou_dn_4: 0.5827 (0.8018)  loss_class_hybrid: 1.2440 (1.7663)  loss_bbox_hybrid: 0.4024 (0.4996)  loss_giou_hybrid: 0.4693 (0.5248)  loss_class_0_hybrid: 1.7145 (1.9652)  loss_bbox_0_hybrid: 0.3504 (0.5364)  loss_giou_0_hybrid: 0.4659 (0.5751)  loss_class_1_hybrid: 1.6706 (1.9565)  loss_bbox_1_hybrid: 0.3170 (0.5025)  loss_giou_1_hybrid: 0.4145 (0.5364)  loss_class_2_hybrid: 1.4922 (1.8889)  loss_bbox_2_hybrid: 0.3394 (0.4953)  loss_giou_2_hybrid: 0.4285 (0.5233)  loss_class_3_hybrid: 1.3232 (1.8535)  loss_bbox_3_hybrid: 0.3729 (0.4939)  loss_giou_3_hybrid: 0.4541 (0.5218)  loss_class_4_hybrid: 1.2781 (1.7967)  loss_bbox_4_hybrid: 0.4091 (0.4974)  loss_giou_4_hybrid: 0.4633 (0.5239)  loss_class_enc_hybrid: 1.7370 (1.9105)  loss_bbox_enc_hybrid: 0.4510 (0.6543)  loss_giou_enc_hybrid: 0.5932 (0.7036)  mem: 1018  max mem: 37653
[2026-07-03 18:48:13 accelerate.tracking]: [RANK 0] Successfully logged to TensorBoard
[2026-07-03 18:49:23 det.util.engine]: Epoch: [0]  [550/2405]  eta: 0:43:38  lr: 0.000055  data_time: 0.0050  iter_time: 1.3974  loss: 45.6503 (58.6446)  loss_class: 1.3245 (1.9344)  loss_bbox: 0.3289 (0.4245)  loss_giou: 0.3955 (0.4928)  loss_class_0: 2.4092 (2.2445)  loss_bbox_0: 0.2657 (0.4685)  loss_giou_0: 0.3657 (0.5454)  loss_class_1: 1.7646 (2.1677)  loss_bbox_1: 0.3124 (0.4393)  loss_giou_1: 0.3664 (0.5101)  loss_class_2: 1.4221 (2.0530)  loss_bbox_2: 0.3468 (0.4333)  loss_giou_2: 0.4123 (0.4990)  loss_class_3: 1.3663 (1.9992)  loss_bbox_3: 0.3451 (0.4223)  loss_giou_3: 0.3780 (0.4920)  loss_class_4: 1.3375 (1.9263)  loss_bbox_4: 0.3466 (0.4242)  loss_giou_4: 0.3940 (0.4926)  loss_class_enc: 2.1839 (2.0150)  loss_bbox_enc: 0.3250 (0.5735)  loss_giou_enc: 0.4423 (0.6666)  loss_class_dn: 0.7337 (1.0279)  loss_bbox_dn: 0.6514 (0.9196)  loss_giou_dn: 0.5830 (0.7817)  loss_class_dn_0: 0.9648 (1.1535)  loss_bbox_dn_0: 0.8114 (1.0122)  loss_giou_dn_0: 0.7305 (0.9081)  loss_class_dn_1: 0.8604 (1.1560)  loss_bbox_dn_1: 0.6810 (0.9358)  loss_giou_dn_1: 0.6447 (0.8130)  loss_class_dn_2: 0.8123 (1.1134)  loss_bbox_dn_2: 0.6535 (0.9115)  loss_giou_dn_2: 0.6004 (0.7817)  loss_class_dn_3: 0.7591 (1.0741)  loss_bbox_dn_3: 0.6513 (0.9240)  loss_giou_dn_3: 0.5829 (0.7869)  loss_class_dn_4: 0.7554 (1.0456)  loss_bbox_dn_4: 0.6518 (0.9198)  loss_giou_dn_4: 0.5832 (0.7816)  loss_class_hybrid: 1.2210 (1.7222)  loss_bbox_hybrid: 0.4036 (0.4921)  loss_giou_hybrid: 0.4114 (0.5189)  loss_class_0_hybrid: 1.8151 (1.9507)  loss_bbox_0_hybrid: 0.3695 (0.5229)  loss_giou_0_hybrid: 0.3979 (0.5643)  loss_class_1_hybrid: 1.5501 (1.9274)  loss_bbox_1_hybrid: 0.3717 (0.4918)  loss_giou_1_hybrid: 0.4083 (0.5282)  loss_class_2_hybrid: 1.4628 (1.8518)  loss_bbox_2_hybrid: 0.3734 (0.4856)  loss_giou_2_hybrid: 0.3975 (0.5160)  loss_class_3_hybrid: 1.3554 (1.8107)  loss_bbox_3_hybrid: 0.3919 (0.4854)  loss_giou_3_hybrid: 0.4006 (0.5152)  loss_class_4_hybrid: 1.2481 (1.7535)  loss_bbox_4_hybrid: 0.4046 (0.4893)  loss_giou_4_hybrid: 0.4154 (0.5176)  loss_class_enc_hybrid: 1.8356 (1.9022)  loss_bbox_enc_hybrid: 0.4279 (0.6373)  loss_giou_enc_hybrid: 0.4951 (0.6907)  mem: 1012  max mem: 37653
[2026-07-03 18:49:23 accelerate.tracking]: [RANK 0] Successfully logged to TensorBoard
[2026-07-03 18:50:35 det.util.engine]: Epoch: [0]  [600/2405]  eta: 0:42:33  lr: 0.000060  data_time: 0.0061  iter_time: 1.4831  loss: 44.2424 (57.5021)  loss_class: 1.2135 (1.8803)  loss_bbox: 0.3384 (0.4170)  loss_giou: 0.3640 (0.4849)  loss_class_0: 2.2204 (2.2496)  loss_bbox_0: 0.2670 (0.4519)  loss_giou_0: 0.3457 (0.5295)  loss_class_1: 1.7241 (2.1319)  loss_bbox_1: 0.2705 (0.4279)  loss_giou_1: 0.3650 (0.4993)  loss_class_2: 1.4143 (2.0061)  loss_bbox_2: 0.3196 (0.4233)  loss_giou_2: 0.3721 (0.4897)  loss_class_3: 1.3186 (1.9454)  loss_bbox_3: 0.3035 (0.4137)  loss_giou_3: 0.3696 (0.4835)  loss_class_4: 1.2423 (1.8731)  loss_bbox_4: 0.3381 (0.4165)  loss_giou_4: 0.3720 (0.4846)  loss_class_enc: 2.1624 (2.0285)  loss_bbox_enc: 0.2869 (0.5527)  loss_giou_enc: 0.3937 (0.6461)  loss_class_dn: 0.7239 (1.0059)  loss_bbox_dn: 0.5424 (0.8907)  loss_giou_dn: 0.5422 (0.7621)  loss_class_dn_0: 0.9771 (1.1405)  loss_bbox_dn_0: 0.6738 (0.9868)  loss_giou_dn_0: 0.6756 (0.8897)  loss_class_dn_1: 0.8014 (1.1323)  loss_bbox_dn_1: 0.5884 (0.9089)  loss_giou_dn_1: 0.5834 (0.7946)  loss_class_dn_2: 0.7753 (1.0891)  loss_bbox_dn_2: 0.5547 (0.8840)  loss_giou_dn_2: 0.5520 (0.7631)  loss_class_dn_3: 0.7428 (1.0501)  loss_bbox_dn_3: 0.5463 (0.8949)  loss_giou_dn_3: 0.5480 (0.7671)  loss_class_dn_4: 0.7162 (1.0221)  loss_bbox_dn_4: 0.5420 (0.8908)  loss_giou_dn_4: 0.5422 (0.7620)  loss_class_hybrid: 1.2281 (1.6847)  loss_bbox_hybrid: 0.3865 (0.4823)  loss_giou_hybrid: 0.4103 (0.5117)  loss_class_0_hybrid: 1.8023 (1.9396)  loss_bbox_0_hybrid: 0.3258 (0.5071)  loss_giou_0_hybrid: 0.3863 (0.5525)  loss_class_1_hybrid: 1.5657 (1.9001)  loss_bbox_1_hybrid: 0.3378 (0.4791)  loss_giou_1_hybrid: 0.3696 (0.5185)  loss_class_2_hybrid: 1.4718 (1.8204)  loss_bbox_2_hybrid: 0.3690 (0.4744)  loss_giou_2_hybrid: 0.3987 (0.5079)  loss_class_3_hybrid: 1.3307 (1.7707)  loss_bbox_3_hybrid: 0.3944 (0.4753)  loss_giou_3_hybrid: 0.3975 (0.5077)  loss_class_4_hybrid: 1.3026 (1.7162)  loss_bbox_4_hybrid: 0.3903 (0.4794)  loss_giou_4_hybrid: 0.4064 (0.5101)  loss_class_enc_hybrid: 1.8635 (1.9004)  loss_bbox_enc_hybrid: 0.3915 (0.6176)  loss_giou_enc_hybrid: 0.4847 (0.6759)  mem: 1028  max mem: 37653
[2026-07-03 18:50:35 accelerate.tracking]: [RANK 0] Successfully logged to TensorBoard
[2026-07-03 18:51:46 det.util.engine]: Epoch: [0]  [650/2405]  eta: 0:41:22  lr: 0.000065  data_time: 0.0057  iter_time: 1.4737  loss: 42.9924 (56.4260)  loss_class: 1.1411 (1.8270)  loss_bbox: 0.3304 (0.4114)  loss_giou: 0.4099 (0.4784)  loss_class_0: 2.1077 (2.2463)  loss_bbox_0: 0.2464 (0.4390)  loss_giou_0: 0.3813 (0.5175)  loss_class_1: 1.5647 (2.0928)  loss_bbox_1: 0.2649 (0.4185)  loss_giou_1: 0.3973 (0.4902)  loss_class_2: 1.2979 (1.9566)  loss_bbox_2: 0.2794 (0.4155)  loss_giou_2: 0.3941 (0.4823)  loss_class_3: 1.2213 (1.8916)  loss_bbox_3: 0.2989 (0.4071)  loss_giou_3: 0.4189 (0.4767)  loss_class_4: 1.1408 (1.8197)  loss_bbox_4: 0.3307 (0.4107)  loss_giou_4: 0.4095 (0.4780)  loss_class_enc: 2.1232 (2.0422)  loss_bbox_enc: 0.3048 (0.5340)  loss_giou_enc: 0.3953 (0.6281)  loss_class_dn: 0.7387 (0.9872)  loss_bbox_dn: 0.4672 (0.8626)  loss_giou_dn: 0.4955 (0.7439)  loss_class_dn_0: 1.0163 (1.1297)  loss_bbox_dn_0: 0.6240 (0.9630)  loss_giou_dn_0: 0.6765 (0.8738)  loss_class_dn_1: 0.8520 (1.1104)  loss_bbox_dn_1: 0.5147 (0.8826)  loss_giou_dn_1: 0.5538 (0.7773)  loss_class_dn_2: 0.8109 (1.0672)  loss_bbox_dn_2: 0.4752 (0.8571)  loss_giou_dn_2: 0.5146 (0.7458)  loss_class_dn_3: 0.7962 (1.0292)  loss_bbox_dn_3: 0.4732 (0.8667)  loss_giou_dn_3: 0.5031 (0.7488)  loss_class_dn_4: 0.7583 (1.0015)  loss_bbox_dn_4: 0.4676 (0.8628)  loss_giou_dn_4: 0.4955 (0.7438)  loss_class_hybrid: 1.2102 (1.6486)  loss_bbox_hybrid: 0.3086 (0.4729)  loss_giou_hybrid: 0.4416 (0.5057)  loss_class_0_hybrid: 1.7542 (1.9301)  loss_bbox_0_hybrid: 0.2954 (0.4924)  loss_giou_0_hybrid: 0.4122 (0.5421)  loss_class_1_hybrid: 1.5319 (1.8727)  loss_bbox_1_hybrid: 0.2617 (0.4675)  loss_giou_1_hybrid: 0.4083 (0.5108)  loss_class_2_hybrid: 1.3394 (1.7874)  loss_bbox_2_hybrid: 0.2963 (0.4642)  loss_giou_2_hybrid: 0.4309 (0.5012)  loss_class_3_hybrid: 1.2106 (1.7318)  loss_bbox_3_hybrid: 0.3113 (0.4658)  loss_giou_3_hybrid: 0.4494 (0.5015)  loss_class_4_hybrid: 1.2155 (1.6790)  loss_bbox_4_hybrid: 0.3086 (0.4699)  loss_giou_4_hybrid: 0.4434 (0.5039)  loss_class_enc_hybrid: 1.7447 (1.9015)  loss_bbox_enc_hybrid: 0.3433 (0.5987)  loss_giou_enc_hybrid: 0.4718 (0.6615)  mem: 1027  max mem: 37653
[2026-07-03 18:51:46 accelerate.tracking]: [RANK 0] Successfully logged to TensorBoard
[2026-07-03 18:52:56 det.util.engine]: Epoch: [0]  [700/2405]  eta: 0:40:09  lr: 0.000070  data_time: 0.0053  iter_time: 1.3535  loss: 41.4573 (55.4823)  loss_class: 1.1245 (1.7804)  loss_bbox: 0.3322 (0.4067)  loss_giou: 0.4030 (0.4730)  loss_class_0: 2.1943 (2.2423)  loss_bbox_0: 0.2592 (0.4275)  loss_giou_0: 0.3371 (0.5064)  loss_class_1: 1.4965 (2.0548)  loss_bbox_1: 0.3206 (0.4117)  loss_giou_1: 0.3953 (0.4834)  loss_class_2: 1.2040 (1.9093)  loss_bbox_2: 0.3264 (0.4099)  loss_giou_2: 0.3945 (0.4766)  loss_class_3: 1.1637 (1.8439)  loss_bbox_3: 0.3321 (0.4023)  loss_giou_3: 0.3892 (0.4712)  loss_class_4: 1.1463 (1.7751)  loss_bbox_4: 0.3318 (0.4053)  loss_giou_4: 0.4027 (0.4720)  loss_class_enc: 2.0925 (2.0480)  loss_bbox_enc: 0.2703 (0.5178)  loss_giou_enc: 0.3930 (0.6125)  loss_class_dn: 0.6915 (0.9677)  loss_bbox_dn: 0.5051 (0.8411)  loss_giou_dn: 0.4987 (0.7294)  loss_class_dn_0: 0.8880 (1.1179)  loss_bbox_dn_0: 0.6180 (0.9434)  loss_giou_dn_0: 0.6440 (0.8602)  loss_class_dn_1: 0.7359 (1.0873)  loss_bbox_dn_1: 0.5190 (0.8623)  loss_giou_dn_1: 0.5431 (0.7635)  loss_class_dn_2: 0.7113 (1.0443)  loss_bbox_dn_2: 0.5013 (0.8363)  loss_giou_dn_2: 0.5124 (0.7319)  loss_class_dn_3: 0.6959 (1.0077)  loss_bbox_dn_3: 0.5015 (0.8449)  loss_giou_dn_3: 0.4996 (0.7341)  loss_class_dn_4: 0.6892 (0.9808)  loss_bbox_dn_4: 0.5055 (0.8413)  loss_giou_dn_4: 0.4986 (0.7294)  loss_class_hybrid: 1.1925 (1.6170)  loss_bbox_hybrid: 0.3424 (0.4664)  loss_giou_hybrid: 0.4215 (0.5004)  loss_class_0_hybrid: 1.6872 (1.9207)  loss_bbox_0_hybrid: 0.2957 (0.4818)  loss_giou_0_hybrid: 0.3828 (0.5333)  loss_class_1_hybrid: 1.3882 (1.8428)  loss_bbox_1_hybrid: 0.3053 (0.4597)  loss_giou_1_hybrid: 0.3807 (0.5044)  loss_class_2_hybrid: 1.3320 (1.7559)  loss_bbox_2_hybrid: 0.3090 (0.4570)  loss_giou_2_hybrid: 0.3951 (0.4954)  loss_class_3_hybrid: 1.2500 (1.6980)  loss_bbox_3_hybrid: 0.3258 (0.4591)  loss_giou_3_hybrid: 0.4097 (0.4960)  loss_class_4_hybrid: 1.2334 (1.6476)  loss_bbox_4_hybrid: 0.3365 (0.4632)  loss_giou_4_hybrid: 0.4080 (0.4984)  loss_class_enc_hybrid: 1.7868 (1.8980)  loss_bbox_enc_hybrid: 0.3513 (0.5841)  loss_giou_enc_hybrid: 0.4482 (0.6491)  mem: 1031  max mem: 37653
[2026-07-03 18:52:56 accelerate.tracking]: [RANK 0] Successfully logged to TensorBoard
[2026-07-03 18:54:08 det.util.engine]: Epoch: [0]  [750/2405]  eta: 0:39:02  lr: 0.000075  data_time: 0.0060  iter_time: 1.4259  loss: 40.2201 (54.5343)  loss_class: 0.9990 (1.7351)  loss_bbox: 0.2731 (0.4011)  loss_giou: 0.3828 (0.4690)  loss_class_0: 2.0372 (2.2296)  loss_bbox_0: 0.2441 (0.4167)  loss_giou_0: 0.3602 (0.4977)  loss_class_1: 1.1771 (2.0129)  loss_bbox_1: 0.2981 (0.4045)  loss_giou_1: 0.4021 (0.4785)  loss_class_2: 1.0866 (1.8622)  loss_bbox_2: 0.2760 (0.4036)  loss_giou_2: 0.3683 (0.4725)  loss_class_3: 1.0413 (1.7956)  loss_bbox_3: 0.2747 (0.3970)  loss_giou_3: 0.3976 (0.4673)  loss_class_4: 1.0207 (1.7315)  loss_bbox_4: 0.2736 (0.3995)  loss_giou_4: 0.3811 (0.4677)  loss_class_enc: 1.9350 (2.0488)  loss_bbox_enc: 0.2563 (0.5021)  loss_giou_enc: 0.3734 (0.5991)  loss_class_dn: 0.6271 (0.9489)  loss_bbox_dn: 0.4973 (0.8193)  loss_giou_dn: 0.5304 (0.7164)  loss_class_dn_0: 0.9139 (1.1058)  loss_bbox_dn_0: 0.6076 (0.9238)  loss_giou_dn_0: 0.6801 (0.8483)  loss_class_dn_1: 0.7204 (1.0649)  loss_bbox_dn_1: 0.5215 (0.8415)  loss_giou_dn_1: 0.5818 (0.7510)  loss_class_dn_2: 0.6945 (1.0227)  loss_bbox_dn_2: 0.4975 (0.8151)  loss_giou_dn_2: 0.5385 (0.7192)  loss_class_dn_3: 0.6425 (0.9876)  loss_bbox_dn_3: 0.4952 (0.8231)  loss_giou_dn_3: 0.5351 (0.7211)  loss_class_dn_4: 0.6177 (0.9610)  loss_bbox_dn_4: 0.4975 (0.8195)  loss_giou_dn_4: 0.5301 (0.7164)  loss_class_hybrid: 0.9996 (1.5858)  loss_bbox_hybrid: 0.2964 (0.4592)  loss_giou_hybrid: 0.4154 (0.4958)  loss_class_0_hybrid: 1.6645 (1.9052)  loss_bbox_0_hybrid: 0.2638 (0.4714)  loss_giou_0_hybrid: 0.3853 (0.5260)  loss_class_1_hybrid: 1.2505 (1.8098)  loss_bbox_1_hybrid: 0.2967 (0.4520)  loss_giou_1_hybrid: 0.3919 (0.4993)  loss_class_2_hybrid: 1.1361 (1.7213)  loss_bbox_2_hybrid: 0.2827 (0.4496)  loss_giou_2_hybrid: 0.4159 (0.4908)  loss_class_3_hybrid: 1.0932 (1.6636)  loss_bbox_3_hybrid: 0.2951 (0.4519)  loss_giou_3_hybrid: 0.4097 (0.4915)  loss_class_4_hybrid: 1.0413 (1.6169)  loss_bbox_4_hybrid: 0.2955 (0.4560)  loss_giou_4_hybrid: 0.4171 (0.4939)  loss_class_enc_hybrid: 1.7427 (1.8895)  loss_bbox_enc_hybrid: 0.3253 (0.5692)  loss_giou_enc_hybrid: 0.4380 (0.6377)  mem: 1022  max mem: 37653
[2026-07-03 18:54:08 accelerate.tracking]: [RANK 0] Successfully logged to TensorBoard
[2026-07-03 18:55:19 det.util.engine]: Epoch: [0]  [800/2405]  eta: 0:37:52  lr: 0.000080  data_time: 0.0059  iter_time: 1.4298  loss: 39.1430 (53.6592)  loss_class: 1.0487 (1.6961)  loss_bbox: 0.2590 (0.3965)  loss_giou: 0.3202 (0.4640)  loss_class_0: 1.9411 (2.2150)  loss_bbox_0: 0.2331 (0.4079)  loss_giou_0: 0.3185 (0.4896)  loss_class_1: 1.3272 (1.9743)  loss_bbox_1: 0.2656 (0.3993)  loss_giou_1: 0.3317 (0.4731)  loss_class_2: 1.1195 (1.8202)  loss_bbox_2: 0.2520 (0.3988)  loss_giou_2: 0.3289 (0.4675)  loss_class_3: 1.0903 (1.7544)  loss_bbox_3: 0.2592 (0.3925)  loss_giou_3: 0.3180 (0.4623)  loss_class_4: 1.0728 (1.6920)  loss_bbox_4: 0.2607 (0.3948)  loss_giou_4: 0.3203 (0.4628)  loss_class_enc: 1.9514 (2.0463)  loss_bbox_enc: 0.2371 (0.4893)  loss_giou_enc: 0.3518 (0.5864)  loss_class_dn: 0.6681 (0.9318)  loss_bbox_dn: 0.4435 (0.8013)  loss_giou_dn: 0.4767 (0.7033)  loss_class_dn_0: 0.9751 (1.0946)  loss_bbox_dn_0: 0.6071 (0.9080)  loss_giou_dn_0: 0.6445 (0.8363)  loss_class_dn_1: 0.7442 (1.0441)  loss_bbox_dn_1: 0.4858 (0.8246)  loss_giou_dn_1: 0.5211 (0.7387)  loss_class_dn_2: 0.7190 (1.0024)  loss_bbox_dn_2: 0.4445 (0.7977)  loss_giou_dn_2: 0.4850 (0.7067)  loss_class_dn_3: 0.7029 (0.9686)  loss_bbox_dn_3: 0.4409 (0.8049)  loss_giou_dn_3: 0.4803 (0.7079)  loss_class_dn_4: 0.6697 (0.9426)  loss_bbox_dn_4: 0.4428 (0.8014)  loss_giou_dn_4: 0.4775 (0.7032)  loss_class_hybrid: 1.1139 (1.5585)  loss_bbox_hybrid: 0.3132 (0.4530)  loss_giou_hybrid: 0.3436 (0.4902)  loss_class_0_hybrid: 1.6668 (1.8884)  loss_bbox_0_hybrid: 0.2647 (0.4621)  loss_giou_0_hybrid: 0.3383 (0.5178)  loss_class_1_hybrid: 1.2481 (1.7784)  loss_bbox_1_hybrid: 0.2618 (0.4451)  loss_giou_1_hybrid: 0.3423 (0.4932)  loss_class_2_hybrid: 1.1334 (1.6904)  loss_bbox_2_hybrid: 0.2935 (0.4433)  loss_giou_2_hybrid: 0.3355 (0.4851)  loss_class_3_hybrid: 1.0756 (1.6328)  loss_bbox_3_hybrid: 0.3070 (0.4457)  loss_giou_3_hybrid: 0.3391 (0.4859)  loss_class_4_hybrid: 1.1105 (1.5885)  loss_bbox_4_hybrid: 0.3043 (0.4496)  loss_giou_4_hybrid: 0.3315 (0.4882)  loss_class_enc_hybrid: 1.6780 (1.8780)  loss_bbox_enc_hybrid: 0.3030 (0.5569)  loss_giou_enc_hybrid: 0.4076 (0.6267)  mem: 1006  max mem: 37653
[2026-07-03 18:55:19 accelerate.tracking]: [RANK 0] Successfully logged to TensorBoard
[2026-07-03 18:56:27 det.util.engine]: Epoch: [0]  [850/2405]  eta: 0:36:35  lr: 0.000085  data_time: 0.0053  iter_time: 1.3034  loss: 38.8404 (52.7921)  loss_class: 1.0631 (1.6591)  loss_bbox: 0.2771 (0.3913)  loss_giou: 0.3511 (0.4580)  loss_class_0: 1.9040 (2.1995)  loss_bbox_0: 0.2269 (0.3998)  loss_giou_0: 0.3129 (0.4814)  loss_class_1: 1.3634 (1.9376)  loss_bbox_1: 0.2590 (0.3934)  loss_giou_1: 0.3577 (0.4669)  loss_class_2: 1.2008 (1.7832)  loss_bbox_2: 0.2567 (0.3924)  loss_giou_2: 0.3438 (0.4610)  loss_class_3: 1.1440 (1.7167)  loss_bbox_3: 0.2777 (0.3870)  loss_giou_3: 0.3496 (0.4565)  loss_class_4: 1.1117 (1.6560)  loss_bbox_4: 0.2759 (0.3893)  loss_giou_4: 0.3415 (0.4568)  loss_class_enc: 1.9215 (2.0413)  loss_bbox_enc: 0.2579 (0.4770)  loss_giou_enc: 0.3770 (0.5742)  loss_class_dn: 0.6382 (0.9151)  loss_bbox_dn: 0.4397 (0.7830)  loss_giou_dn: 0.4981 (0.6906)  loss_class_dn_0: 0.9710 (1.0843)  loss_bbox_dn_0: 0.6075 (0.8923)  loss_giou_dn_0: 0.6336 (0.8250)  loss_class_dn_1: 0.7294 (1.0254)  loss_bbox_dn_1: 0.5056 (0.8077)  loss_giou_dn_1: 0.5377 (0.7267)  loss_class_dn_2: 0.6683 (0.9839)  loss_bbox_dn_2: 0.4612 (0.7801)  loss_giou_dn_2: 0.5127 (0.6945)  loss_class_dn_3: 0.6621 (0.9508)  loss_bbox_dn_3: 0.4405 (0.7865)  loss_giou_dn_3: 0.5020 (0.6951)  loss_class_dn_4: 0.6191 (0.9253)  loss_bbox_dn_4: 0.4401 (0.7831)  loss_giou_dn_4: 0.4975 (0.6905)  loss_class_hybrid: 1.0930 (1.5318)  loss_bbox_hybrid: 0.2718 (0.4446)  loss_giou_hybrid: 0.3316 (0.4833)  loss_class_0_hybrid: 1.5829 (1.8719)  loss_bbox_0_hybrid: 0.2403 (0.4516)  loss_giou_0_hybrid: 0.3101 (0.5091)  loss_class_1_hybrid: 1.3071 (1.7516)  loss_bbox_1_hybrid: 0.2404 (0.4370)  loss_giou_1_hybrid: 0.3479 (0.4863)  loss_class_2_hybrid: 1.2186 (1.6622)  loss_bbox_2_hybrid: 0.2564 (0.4349)  loss_giou_2_hybrid: 0.3195 (0.4782)  loss_class_3_hybrid: 1.1842 (1.6053)  loss_bbox_3_hybrid: 0.2713 (0.4376)  loss_giou_3_hybrid: 0.3373 (0.4791)  loss_class_4_hybrid: 1.1371 (1.5621)  loss_bbox_4_hybrid: 0.2714 (0.4413)  loss_giou_4_hybrid: 0.3357 (0.4812)  loss_class_enc_hybrid: 1.6331 (1.8660)  loss_bbox_enc_hybrid: 0.2847 (0.5435)  loss_giou_enc_hybrid: 0.4032 (0.6150)  mem: 1014  max mem: 37653
[2026-07-03 18:56:27 accelerate.tracking]: [RANK 0] Successfully logged to TensorBoard
[2026-07-03 18:57:37 det.util.engine]: Epoch: [0]  [900/2405]  eta: 0:35:24  lr: 0.000090  data_time: 0.0058  iter_time: 1.4186  loss: 36.8525 (51.9875)  loss_class: 1.0451 (1.6261)  loss_bbox: 0.2518 (0.3860)  loss_giou: 0.3422 (0.4532)  loss_class_0: 1.8720 (2.1820)  loss_bbox_0: 0.2384 (0.3919)  loss_giou_0: 0.3332 (0.4744)  loss_class_1: 1.2893 (1.8993)  loss_bbox_1: 0.2478 (0.3875)  loss_giou_1: 0.3481 (0.4617)  loss_class_2: 1.1031 (1.7477)  loss_bbox_2: 0.2492 (0.3865)  loss_giou_2: 0.3294 (0.4559)  loss_class_3: 1.0755 (1.6826)  loss_bbox_3: 0.2576 (0.3815)  loss_giou_3: 0.3305 (0.4514)  loss_class_4: 1.0537 (1.6229)  loss_bbox_4: 0.2525 (0.3840)  loss_giou_4: 0.3315 (0.4521)  loss_class_enc: 1.8492 (2.0319)  loss_bbox_enc: 0.2482 (0.4660)  loss_giou_enc: 0.3560 (0.5636)  loss_class_dn: 0.6570 (0.8993)  loss_bbox_dn: 0.4165 (0.7671)  loss_giou_dn: 0.4642 (0.6798)  loss_class_dn_0: 0.9107 (1.0729)  loss_bbox_dn_0: 0.5362 (0.8782)  loss_giou_dn_0: 0.6201 (0.8151)  loss_class_dn_1: 0.6999 (1.0062)  loss_bbox_dn_1: 0.4617 (0.7927)  loss_giou_dn_1: 0.5153 (0.7163)  loss_class_dn_2: 0.6539 (0.9655)  loss_bbox_dn_2: 0.4256 (0.7648)  loss_giou_dn_2: 0.4748 (0.6841)  loss_class_dn_3: 0.6517 (0.9334)  loss_bbox_dn_3: 0.4198 (0.7706)  loss_giou_dn_3: 0.4654 (0.6842)  loss_class_dn_4: 0.6428 (0.9085)  loss_bbox_dn_4: 0.4169 (0.7673)  loss_giou_dn_4: 0.4632 (0.6797)  loss_class_hybrid: 1.1402 (1.5083)  loss_bbox_hybrid: 0.2804 (0.4376)  loss_giou_hybrid: 0.3450 (0.4779)  loss_class_0_hybrid: 1.5093 (1.8540)  loss_bbox_0_hybrid: 0.2519 (0.4429)  loss_giou_0_hybrid: 0.3541 (0.5023)  loss_class_1_hybrid: 1.2720 (1.7233)  loss_bbox_1_hybrid: 0.2851 (0.4298)  loss_giou_1_hybrid: 0.3689 (0.4808)  loss_class_2_hybrid: 1.1430 (1.6356)  loss_bbox_2_hybrid: 0.2696 (0.4278)  loss_giou_2_hybrid: 0.3461 (0.4729)  loss_class_3_hybrid: 1.1330 (1.5800)  loss_bbox_3_hybrid: 0.2657 (0.4305)  loss_giou_3_hybrid: 0.3437 (0.4737)  loss_class_4_hybrid: 1.1233 (1.5381)  loss_bbox_4_hybrid: 0.2592 (0.4341)  loss_giou_4_hybrid: 0.3450 (0.4758)  loss_class_enc_hybrid: 1.5297 (1.8514)  loss_bbox_enc_hybrid: 0.2925 (0.5315)  loss_giou_enc_hybrid: 0.3910 (0.6050)  mem: 1008  max mem: 37653
[2026-07-03 18:57:37 accelerate.tracking]: [RANK 0] Successfully logged to TensorBoard
[2026-07-03 18:58:47 det.util.engine]: Epoch: [0]  [950/2405]  eta: 0:34:13  lr: 0.000095  data_time: 0.0062  iter_time: 1.4340  loss: 36.9073 (51.2160)  loss_class: 1.0409 (1.5955)  loss_bbox: 0.2912 (0.3813)  loss_giou: 0.3396 (0.4480)  loss_class_0: 1.7576 (2.1628)  loss_bbox_0: 0.2677 (0.3853)  loss_giou_0: 0.3178 (0.4673)  loss_class_1: 1.2393 (1.8656)  loss_bbox_1: 0.2877 (0.3824)  loss_giou_1: 0.3568 (0.4564)  loss_class_2: 1.1250 (1.7160)  loss_bbox_2: 0.2659 (0.3812)  loss_giou_2: 0.3415 (0.4505)  loss_class_3: 1.0677 (1.6511)  loss_bbox_3: 0.2698 (0.3766)  loss_giou_3: 0.3315 (0.4462)  loss_class_4: 1.0282 (1.5923)  loss_bbox_4: 0.2805 (0.3797)  loss_giou_4: 0.3381 (0.4471)  loss_class_enc: 1.8462 (2.0229)  loss_bbox_enc: 0.2694 (0.4559)  loss_giou_enc: 0.3676 (0.5534)  loss_class_dn: 0.5936 (0.8844)  loss_bbox_dn: 0.5219 (0.7523)  loss_giou_dn: 0.4751 (0.6694)  loss_class_dn_0: 0.8027 (1.0615)  loss_bbox_dn_0: 0.6284 (0.8647)  loss_giou_dn_0: 0.6517 (0.8054)  loss_class_dn_1: 0.6238 (0.9886)  loss_bbox_dn_1: 0.5231 (0.7784)  loss_giou_dn_1: 0.5317 (0.7063)  loss_class_dn_2: 0.5950 (0.9480)  loss_bbox_dn_2: 0.5120 (0.7504)  loss_giou_dn_2: 0.4869 (0.6739)  loss_class_dn_3: 0.5963 (0.9168)  loss_bbox_dn_3: 0.5229 (0.7557)  loss_giou_dn_3: 0.4807 (0.6738)  loss_class_dn_4: 0.5761 (0.8927)  loss_bbox_dn_4: 0.5218 (0.7524)  loss_giou_dn_4: 0.4741 (0.6693)  loss_class_hybrid: 1.0864 (1.4870)  loss_bbox_hybrid: 0.2817 (0.4301)  loss_giou_hybrid: 0.3286 (0.4717)  loss_class_0_hybrid: 1.3933 (1.8321)  loss_bbox_0_hybrid: 0.2837 (0.4345)  loss_giou_0_hybrid: 0.3403 (0.4948)  loss_class_1_hybrid: 1.1821 (1.6971)  loss_bbox_1_hybrid: 0.2856 (0.4227)  loss_giou_1_hybrid: 0.3313 (0.4746)  loss_class_2_hybrid: 1.1467 (1.6108)  loss_bbox_2_hybrid: 0.2815 (0.4206)  loss_giou_2_hybrid: 0.3277 (0.4668)  loss_class_3_hybrid: 1.0976 (1.5559)  loss_bbox_3_hybrid: 0.2799 (0.4233)  loss_giou_3_hybrid: 0.3350 (0.4677)  loss_class_4_hybrid: 1.0743 (1.5160)  loss_bbox_4_hybrid: 0.2841 (0.4270)  loss_giou_4_hybrid: 0.3450 (0.4696)  loss_class_enc_hybrid: 1.5426 (1.8370)  loss_bbox_enc_hybrid: 0.3156 (0.5204)  loss_giou_enc_hybrid: 0.4032 (0.5949)  mem: 1024  max mem: 37653
[2026-07-03 18:58:47 accelerate.tracking]: [RANK 0] Successfully logged to TensorBoard
[2026-07-03 18:59:58 det.util.engine]: Epoch: [0]  [1000/2405]  eta: 0:33:02  lr: 0.000100  data_time: 0.0058  iter_time: 1.4476  loss: 37.3907 (50.5380)  loss_class: 0.9077 (1.5663)  loss_bbox: 0.2981 (0.3785)  loss_giou: 0.3846 (0.4445)  loss_class_0: 1.7672 (2.1432)  loss_bbox_0: 0.2663 (0.3809)  loss_giou_0: 0.3642 (0.4620)  loss_class_1: 1.2384 (1.8349)  loss_bbox_1: 0.2823 (0.3798)  loss_giou_1: 0.3685 (0.4528)  loss_class_2: 1.0815 (1.6845)  loss_bbox_2: 0.2912 (0.3784)  loss_giou_2: 0.3827 (0.4470)  loss_class_3: 0.9609 (1.6210)  loss_bbox_3: 0.2995 (0.3741)  loss_giou_3: 0.3836 (0.4429)  loss_class_4: 0.9599 (1.5636)  loss_bbox_4: 0.2975 (0.3770)  loss_giou_4: 0.3780 (0.4437)  loss_class_enc: 1.7097 (2.0087)  loss_bbox_enc: 0.2908 (0.4480)  loss_giou_enc: 0.3660 (0.5446)  loss_class_dn: 0.6155 (0.8718)  loss_bbox_dn: 0.4871 (0.7397)  loss_giou_dn: 0.5027 (0.6603)  loss_class_dn_0: 0.8761 (1.0513)  loss_bbox_dn_0: 0.6530 (0.8542)  loss_giou_dn_0: 0.6507 (0.7970)  loss_class_dn_1: 0.6715 (0.9734)  loss_bbox_dn_1: 0.5576 (0.7669)  loss_giou_dn_1: 0.5428 (0.6976)  loss_class_dn_2: 0.6370 (0.9331)  loss_bbox_dn_2: 0.5082 (0.7384)  loss_giou_dn_2: 0.5028 (0.6651)  loss_class_dn_3: 0.6242 (0.9028)  loss_bbox_dn_3: 0.4947 (0.7431)  loss_giou_dn_3: 0.5000 (0.6645)  loss_class_dn_4: 0.6062 (0.8791)  loss_bbox_dn_4: 0.4877 (0.7399)  loss_giou_dn_4: 0.5000 (0.6602)  loss_class_hybrid: 1.0416 (1.4657)  loss_bbox_hybrid: 0.3416 (0.4251)  loss_giou_hybrid: 0.3683 (0.4674)  loss_class_0_hybrid: 1.3793 (1.8103)  loss_bbox_0_hybrid: 0.3117 (0.4286)  loss_giou_0_hybrid: 0.3723 (0.4895)  loss_class_1_hybrid: 1.2073 (1.6718)  loss_bbox_1_hybrid: 0.3093 (0.4179)  loss_giou_1_hybrid: 0.3767 (0.4704)  loss_class_2_hybrid: 1.0871 (1.5857)  loss_bbox_2_hybrid: 0.3293 (0.4158)  loss_giou_2_hybrid: 0.3741 (0.4626)  loss_class_3_hybrid: 1.0675 (1.5324)  loss_bbox_3_hybrid: 0.3269 (0.4185)  loss_giou_3_hybrid: 0.3624 (0.4635)  loss_class_4_hybrid: 1.0424 (1.4939)  loss_bbox_4_hybrid: 0.3218 (0.4220)  loss_giou_4_hybrid: 0.3630 (0.4654)  loss_class_enc_hybrid: 1.4287 (1.8173)  loss_bbox_enc_hybrid: 0.3420 (0.5121)  loss_giou_enc_hybrid: 0.4389 (0.5873)  mem: 1029  max mem: 37653
[2026-07-03 18:59:58 accelerate.tracking]: [RANK 0] Successfully logged to TensorBoard
[2026-07-03 19:01:08 det.util.engine]: Epoch: [0]  [1050/2405]  eta: 0:31:51  lr: 0.000100  data_time: 0.0060  iter_time: 1.3980  loss: 34.9139 (49.8807)  loss_class: 0.9879 (1.5416)  loss_bbox: 0.2763 (0.3734)  loss_giou: 0.3240 (0.4401)  loss_class_0: 1.7398 (2.1240)  loss_bbox_0: 0.2585 (0.3755)  loss_giou_0: 0.3297 (0.4572)  loss_class_1: 1.1482 (1.8074)  loss_bbox_1: 0.2932 (0.3752)  loss_giou_1: 0.3402 (0.4487)  loss_class_2: 1.0665 (1.6576)  loss_bbox_2: 0.2755 (0.3738)  loss_giou_2: 0.3310 (0.4428)  loss_class_3: 1.0218 (1.5948)  loss_bbox_3: 0.2753 (0.3696)  loss_giou_3: 0.3246 (0.4387)  loss_class_4: 0.9819 (1.5387)  loss_bbox_4: 0.2906 (0.3720)  loss_giou_4: 0.3292 (0.4394)  loss_class_enc: 1.7190 (1.9972)  loss_bbox_enc: 0.2878 (0.4401)  loss_giou_enc: 0.3718 (0.5367)  loss_class_dn: 0.5820 (0.8593)  loss_bbox_dn: 0.4499 (0.7270)  loss_giou_dn: 0.4585 (0.6515)  loss_class_dn_0: 0.8463 (1.0411)  loss_bbox_dn_0: 0.5912 (0.8432)  loss_giou_dn_0: 0.5883 (0.7893)  loss_class_dn_1: 0.6452 (0.9591)  loss_bbox_dn_1: 0.4977 (0.7550)  loss_giou_dn_1: 0.4909 (0.6892)  loss_class_dn_2: 0.6288 (0.9195)  loss_bbox_dn_2: 0.4582 (0.7261)  loss_giou_dn_2: 0.4644 (0.6566)  loss_class_dn_3: 0.6069 (0.8895)  loss_bbox_dn_3: 0.4453 (0.7303)  loss_giou_dn_3: 0.4611 (0.6557)  loss_class_dn_4: 0.5717 (0.8662)  loss_bbox_dn_4: 0.4504 (0.7271)  loss_giou_dn_4: 0.4586 (0.6513)  loss_class_hybrid: 0.9948 (1.4470)  loss_bbox_hybrid: 0.2869 (0.4187)  loss_giou_hybrid: 0.3350 (0.4623)  loss_class_0_hybrid: 1.3922 (1.7906)  loss_bbox_0_hybrid: 0.2636 (0.4218)  loss_giou_0_hybrid: 0.3342 (0.4840)  loss_class_1_hybrid: 1.1212 (1.6494)  loss_bbox_1_hybrid: 0.2692 (0.4119)  loss_giou_1_hybrid: 0.3324 (0.4656)  loss_class_2_hybrid: 1.0635 (1.5646)  loss_bbox_2_hybrid: 0.2760 (0.4099)  loss_giou_2_hybrid: 0.3313 (0.4579)  loss_class_3_hybrid: 0.9689 (1.5116)  loss_bbox_3_hybrid: 0.2757 (0.4125)  loss_giou_3_hybrid: 0.3379 (0.4587)  loss_class_4_hybrid: 0.9676 (1.4739)  loss_bbox_4_hybrid: 0.2822 (0.4158)  loss_giou_4_hybrid: 0.3313 (0.4604)  loss_class_enc_hybrid: 1.3784 (1.7989)  loss_bbox_enc_hybrid: 0.3265 (0.5034)  loss_giou_enc_hybrid: 0.4138 (0.5802)  mem: 1034  max mem: 37653
[2026-07-03 19:01:08 accelerate.tracking]: [RANK 0] Successfully logged to TensorBoard
[2026-07-03 19:02:22 det.util.engine]: Epoch: [0]  [1100/2405]  eta: 0:30:45  lr: 0.000100  data_time: 0.0061  iter_time: 1.5175  loss: 35.4647 (49.2295)  loss_class: 0.9543 (1.5177)  loss_bbox: 0.2396 (0.3696)  loss_giou: 0.3216 (0.4355)  loss_class_0: 1.5189 (2.1010)  loss_bbox_0: 0.2499 (0.3715)  loss_giou_0: 0.3185 (0.4524)  loss_class_1: 1.1310 (1.7797)  loss_bbox_1: 0.2621 (0.3717)  loss_giou_1: 0.3283 (0.4445)  loss_class_2: 0.9872 (1.6327)  loss_bbox_2: 0.2499 (0.3701)  loss_giou_2: 0.3228 (0.4384)  loss_class_3: 0.9954 (1.5696)  loss_bbox_3: 0.2398 (0.3661)  loss_giou_3: 0.3023 (0.4344)  loss_class_4: 1.0072 (1.5152)  loss_bbox_4: 0.2479 (0.3683)  loss_giou_4: 0.3218 (0.4348)  loss_class_enc: 1.5910 (1.9814)  loss_bbox_enc: 0.2653 (0.4339)  loss_giou_enc: 0.3687 (0.5297)  loss_class_dn: 0.5821 (0.8466)  loss_bbox_dn: 0.3959 (0.7149)  loss_giou_dn: 0.4505 (0.6425)  loss_class_dn_0: 0.7765 (1.0307)  loss_bbox_dn_0: 0.5556 (0.8328)  loss_giou_dn_0: 0.6178 (0.7813)  loss_class_dn_1: 0.6496 (0.9448)  loss_bbox_dn_1: 0.4318 (0.7436)  loss_giou_dn_1: 0.4952 (0.6808)  loss_class_dn_2: 0.6046 (0.9051)  loss_bbox_dn_2: 0.3946 (0.7144)  loss_giou_dn_2: 0.4698 (0.6480)  loss_class_dn_3: 0.5999 (0.8757)  loss_bbox_dn_3: 0.3919 (0.7181)  loss_giou_dn_3: 0.4532 (0.6467)  loss_class_dn_4: 0.5887 (0.8531)  loss_bbox_dn_4: 0.3958 (0.7150)  loss_giou_dn_4: 0.4505 (0.6424)  loss_class_hybrid: 0.9917 (1.4286)  loss_bbox_hybrid: 0.2668 (0.4127)  loss_giou_hybrid: 0.3295 (0.4571)  loss_class_0_hybrid: 1.2000 (1.7686)  loss_bbox_0_hybrid: 0.2611 (0.4159)  loss_giou_0_hybrid: 0.3444 (0.4786)  loss_class_1_hybrid: 1.0404 (1.6262)  loss_bbox_1_hybrid: 0.2586 (0.4062)  loss_giou_1_hybrid: 0.3348 (0.4606)  loss_class_2_hybrid: 1.0637 (1.5432)  loss_bbox_2_hybrid: 0.2592 (0.4041)  loss_giou_2_hybrid: 0.3330 (0.4529)  loss_class_3_hybrid: 1.0531 (1.4905)  loss_bbox_3_hybrid: 0.2638 (0.4068)  loss_giou_3_hybrid: 0.3255 (0.4537)  loss_class_4_hybrid: 1.0315 (1.4549)  loss_bbox_4_hybrid: 0.2633 (0.4099)  loss_giou_4_hybrid: 0.3242 (0.4553)  loss_class_enc_hybrid: 1.3215 (1.7788)  loss_bbox_enc_hybrid: 0.2912 (0.4965)  loss_giou_enc_hybrid: 0.4189 (0.5736)  mem: 1025  max mem: 37653
[2026-07-03 19:02:22 accelerate.tracking]: [RANK 0] Successfully logged to TensorBoard
[2026-07-03 19:03:31 det.util.engine]: Epoch: [0]  [1150/2405]  eta: 0:29:33  lr: 0.000100  data_time: 0.0053  iter_time: 1.3567  loss: 35.4405 (48.6009)  loss_class: 0.9143 (1.4927)  loss_bbox: 0.2631 (0.3657)  loss_giou: 0.3622 (0.4320)  loss_class_0: 1.6867 (2.0810)  loss_bbox_0: 0.2664 (0.3670)  loss_giou_0: 0.3355 (0.4480)  loss_class_1: 1.1968 (1.7540)  loss_bbox_1: 0.2788 (0.3679)  loss_giou_1: 0.3796 (0.4409)  loss_class_2: 1.0884 (1.6073)  loss_bbox_2: 0.2430 (0.3659)  loss_giou_2: 0.3585 (0.4347)  loss_class_3: 1.0207 (1.5443)  loss_bbox_3: 0.2598 (0.3622)  loss_giou_3: 0.3679 (0.4308)  loss_class_4: 0.9361 (1.4903)  loss_bbox_4: 0.2719 (0.3645)  loss_giou_4: 0.3698 (0.4313)  loss_class_enc: 1.5658 (1.9644)  loss_bbox_enc: 0.2500 (0.4271)  loss_giou_enc: 0.3941 (0.5234)  loss_class_dn: 0.5562 (0.8345)  loss_bbox_dn: 0.4306 (0.7023)  loss_giou_dn: 0.4785 (0.6341)  loss_class_dn_0: 0.7734 (1.0216)  loss_bbox_dn_0: 0.5881 (0.8216)  loss_giou_dn_0: 0.6319 (0.7736)  loss_class_dn_1: 0.6147 (0.9322)  loss_bbox_dn_1: 0.4658 (0.7317)  loss_giou_dn_1: 0.5357 (0.6727)  loss_class_dn_2: 0.5818 (0.8923)  loss_bbox_dn_2: 0.4322 (0.7021)  loss_giou_dn_2: 0.4927 (0.6398)  loss_class_dn_3: 0.5549 (0.8629)  loss_bbox_dn_3: 0.4267 (0.7054)  loss_giou_dn_3: 0.4858 (0.6382)  loss_class_dn_4: 0.5494 (0.8406)  loss_bbox_dn_4: 0.4305 (0.7024)  loss_giou_dn_4: 0.4788 (0.6340)  loss_class_hybrid: 0.9915 (1.4113)  loss_bbox_hybrid: 0.2663 (0.4068)  loss_giou_hybrid: 0.3724 (0.4526)  loss_class_0_hybrid: 1.2649 (1.7476)  loss_bbox_0_hybrid: 0.2629 (0.4102)  loss_giou_0_hybrid: 0.3587 (0.4739)  loss_class_1_hybrid: 1.1387 (1.6059)  loss_bbox_1_hybrid: 0.2575 (0.4007)  loss_giou_1_hybrid: 0.3673 (0.4563)  loss_class_2_hybrid: 1.0697 (1.5230)  loss_bbox_2_hybrid: 0.2623 (0.3985)  loss_giou_2_hybrid: 0.3556 (0.4487)  loss_class_3_hybrid: 1.0087 (1.4710)  loss_bbox_3_hybrid: 0.2620 (0.4012)  loss_giou_3_hybrid: 0.3624 (0.4494)  loss_class_4_hybrid: 0.9834 (1.4361)  loss_bbox_4_hybrid: 0.2668 (0.4041)  loss_giou_4_hybrid: 0.3718 (0.4508)  loss_class_enc_hybrid: 1.2510 (1.7586)  loss_bbox_enc_hybrid: 0.3166 (0.4893)  loss_giou_enc_hybrid: 0.4261 (0.5675)  mem: 1022  max mem: 37653
[2026-07-03 19:03:31 accelerate.tracking]: [RANK 0] Successfully logged to TensorBoard
[2026-07-03 19:04:43 det.util.engine]: Epoch: [0]  [1200/2405]  eta: 0:28:23  lr: 0.000100  data_time: 0.0064  iter_time: 1.4345  loss: 35.3149 (48.0272)  loss_class: 0.9449 (1.4710)  loss_bbox: 0.2469 (0.3619)  loss_giou: 0.3512 (0.4290)  loss_class_0: 1.5295 (2.0613)  loss_bbox_0: 0.2487 (0.3624)  loss_giou_0: 0.3245 (0.4443)  loss_class_1: 1.1057 (1.7288)  loss_bbox_1: 0.2793 (0.3642)  loss_giou_1: 0.3677 (0.4379)  loss_class_2: 1.0716 (1.5840)  loss_bbox_2: 0.2662 (0.3620)  loss_giou_2: 0.3400 (0.4315)  loss_class_3: 0.9751 (1.5210)  loss_bbox_3: 0.2652 (0.3586)  loss_giou_3: 0.3603 (0.4279)  loss_class_4: 0.9603 (1.4686)  loss_bbox_4: 0.2448 (0.3607)  loss_giou_4: 0.3407 (0.4283)  loss_class_enc: 1.5845 (1.9487)  loss_bbox_enc: 0.2764 (0.4210)  loss_giou_enc: 0.3736 (0.5178)  loss_class_dn: 0.5445 (0.8230)  loss_bbox_dn: 0.4510 (0.6911)  loss_giou_dn: 0.4475 (0.6273)  loss_class_dn_0: 0.7690 (1.0115)  loss_bbox_dn_0: 0.6069 (0.8115)  loss_giou_dn_0: 0.6248 (0.7675)  loss_class_dn_1: 0.6007 (0.9196)  loss_bbox_dn_1: 0.4729 (0.7210)  loss_giou_dn_1: 0.4959 (0.6661)  loss_class_dn_2: 0.5636 (0.8795)  loss_bbox_dn_2: 0.4520 (0.6911)  loss_giou_dn_2: 0.4592 (0.6331)  loss_class_dn_3: 0.5366 (0.8503)  loss_bbox_dn_3: 0.4514 (0.6941)  loss_giou_dn_3: 0.4472 (0.6313)  loss_class_dn_4: 0.5316 (0.8286)  loss_bbox_dn_4: 0.4508 (0.6912)  loss_giou_dn_4: 0.4476 (0.6271)  loss_class_hybrid: 1.0180 (1.3956)  loss_bbox_hybrid: 0.2538 (0.4015)  loss_giou_hybrid: 0.3367 (0.4487)  loss_class_0_hybrid: 1.2240 (1.7273)  loss_bbox_0_hybrid: 0.2779 (0.4047)  loss_giou_0_hybrid: 0.3427 (0.4696)  loss_class_1_hybrid: 1.1574 (1.5879)  loss_bbox_1_hybrid: 0.2495 (0.3955)  loss_giou_1_hybrid: 0.3372 (0.4524)  loss_class_2_hybrid: 1.1178 (1.5049)  loss_bbox_2_hybrid: 0.2461 (0.3934)  loss_giou_2_hybrid: 0.3300 (0.4449)  loss_class_3_hybrid: 1.0358 (1.4535)  loss_bbox_3_hybrid: 0.2540 (0.3961)  loss_giou_3_hybrid: 0.3341 (0.4456)  loss_class_4_hybrid: 1.0140 (1.4193)  loss_bbox_4_hybrid: 0.2533 (0.3989)  loss_giou_4_hybrid: 0.3365 (0.4471)  loss_class_enc_hybrid: 1.2991 (1.7408)  loss_bbox_enc_hybrid: 0.3195 (0.4825)  loss_giou_enc_hybrid: 0.4270 (0.5616)  mem: 1014  max mem: 37653
[2026-07-03 19:04:43 accelerate.tracking]: [RANK 0] Successfully logged to TensorBoard
[2026-07-03 19:05:54 det.util.engine]: Epoch: [0]  [1250/2405]  eta: 0:27:12  lr: 0.000100  data_time: 0.0062  iter_time: 1.4734  loss: 34.1057 (47.4905)  loss_class: 0.9606 (1.4497)  loss_bbox: 0.2755 (0.3589)  loss_giou: 0.3412 (0.4255)  loss_class_0: 1.5623 (2.0422)  loss_bbox_0: 0.2626 (0.3590)  loss_giou_0: 0.3531 (0.4406)  loss_class_1: 1.1404 (1.7063)  loss_bbox_1: 0.2667 (0.3609)  loss_giou_1: 0.3394 (0.4343)  loss_class_2: 1.0254 (1.5628)  loss_bbox_2: 0.2866 (0.3589)  loss_giou_2: 0.3473 (0.4279)  loss_class_3: 1.0013 (1.4995)  loss_bbox_3: 0.2749 (0.3554)  loss_giou_3: 0.3430 (0.4243)  loss_class_4: 0.9669 (1.4477)  loss_bbox_4: 0.2752 (0.3578)  loss_giou_4: 0.3408 (0.4249)  loss_class_enc: 1.5484 (1.9345)  loss_bbox_enc: 0.2678 (0.4163)  loss_giou_enc: 0.3981 (0.5125)  loss_class_dn: 0.5480 (0.8120)  loss_bbox_dn: 0.4572 (0.6820)  loss_giou_dn: 0.4539 (0.6201)  loss_class_dn_0: 0.7523 (1.0014)  loss_bbox_dn_0: 0.6123 (0.8044)  loss_giou_dn_0: 0.6234 (0.7615)  loss_class_dn_1: 0.6099 (0.9075)  loss_bbox_dn_1: 0.5123 (0.7128)  loss_giou_dn_1: 0.4985 (0.6594)  loss_class_dn_2: 0.5571 (0.8671)  loss_bbox_dn_2: 0.4609 (0.6823)  loss_giou_dn_2: 0.4607 (0.6261)  loss_class_dn_3: 0.5354 (0.8384)  loss_bbox_dn_3: 0.4584 (0.6850)  loss_giou_dn_3: 0.4602 (0.6240)  loss_class_dn_4: 0.5390 (0.8170)  loss_bbox_dn_4: 0.4575 (0.6821)  loss_giou_dn_4: 0.4537 (0.6199)  loss_class_hybrid: 1.0112 (1.3799)  loss_bbox_hybrid: 0.2733 (0.3968)  loss_giou_hybrid: 0.3405 (0.4445)  loss_class_0_hybrid: 1.2162 (1.7089)  loss_bbox_0_hybrid: 0.2729 (0.4001)  loss_giou_0_hybrid: 0.3569 (0.4653)  loss_class_1_hybrid: 1.0748 (1.5700)  loss_bbox_1_hybrid: 0.2669 (0.3911)  loss_giou_1_hybrid: 0.3375 (0.4482)  loss_class_2_hybrid: 1.0631 (1.4871)  loss_bbox_2_hybrid: 0.2726 (0.3889)  loss_giou_2_hybrid: 0.3390 (0.4407)  loss_class_3_hybrid: 1.0338 (1.4363)  loss_bbox_3_hybrid: 0.2782 (0.3916)  loss_giou_3_hybrid: 0.3509 (0.4415)  loss_class_4_hybrid: 1.0336 (1.4028)  loss_bbox_4_hybrid: 0.2701 (0.3945)  loss_giou_4_hybrid: 0.3406 (0.4429)  loss_class_enc_hybrid: 1.2710 (1.7230)  loss_bbox_enc_hybrid: 0.3281 (0.4773)  loss_giou_enc_hybrid: 0.4072 (0.5563)  mem: 1018  max mem: 37653
[2026-07-03 19:05:54 accelerate.tracking]: [RANK 0] Successfully logged to TensorBoard
[2026-07-03 19:07:02 det.util.engine]: Epoch: [0]  [1300/2405]  eta: 0:26:00  lr: 0.000100  data_time: 0.0056  iter_time: 1.3916  loss: 32.2711 (46.9537)  loss_class: 0.8933 (1.4300)  loss_bbox: 0.2269 (0.3557)  loss_giou: 0.3144 (0.4219)  loss_class_0: 1.7050 (2.0261)  loss_bbox_0: 0.1936 (0.3545)  loss_giou_0: 0.2905 (0.4362)  loss_class_1: 1.1413 (1.6845)  loss_bbox_1: 0.2062 (0.3569)  loss_giou_1: 0.3195 (0.4302)  loss_class_2: 0.9943 (1.5419)  loss_bbox_2: 0.2348 (0.3552)  loss_giou_2: 0.3209 (0.4240)  loss_class_3: 0.9851 (1.4793)  loss_bbox_3: 0.2131 (0.3520)  loss_giou_3: 0.3153 (0.4207)  loss_class_4: 0.9474 (1.4287)  loss_bbox_4: 0.2342 (0.3544)  loss_giou_4: 0.3147 (0.4212)  loss_class_enc: 1.4474 (1.9191)  loss_bbox_enc: 0.2745 (0.4109)  loss_giou_enc: 0.3565 (0.5068)  loss_class_dn: 0.5146 (0.8013)  loss_bbox_dn: 0.3642 (0.6721)  loss_giou_dn: 0.4371 (0.6128)  loss_class_dn_0: 0.7596 (0.9916)  loss_bbox_dn_0: 0.5006 (0.7959)  loss_giou_dn_0: 0.5737 (0.7549)  loss_class_dn_1: 0.5964 (0.8962)  loss_bbox_dn_1: 0.4136 (0.7034)  loss_giou_dn_1: 0.4635 (0.6523)  loss_class_dn_2: 0.5516 (0.8558)  loss_bbox_dn_2: 0.3794 (0.6727)  loss_giou_dn_2: 0.4429 (0.6189)  loss_class_dn_3: 0.5296 (0.8269)  loss_bbox_dn_3: 0.3705 (0.6750)  loss_giou_dn_3: 0.4391 (0.6166)  loss_class_dn_4: 0.5222 (0.8059)  loss_bbox_dn_4: 0.3644 (0.6722)  loss_giou_dn_4: 0.4363 (0.6126)  loss_class_hybrid: 0.9470 (1.3651)  loss_bbox_hybrid: 0.2419 (0.3920)  loss_giou_hybrid: 0.3196 (0.4402)  loss_class_0_hybrid: 1.2700 (1.6912)  loss_bbox_0_hybrid: 0.2503 (0.3953)  loss_giou_0_hybrid: 0.3129 (0.4606)  loss_class_1_hybrid: 1.0598 (1.5522)  loss_bbox_1_hybrid: 0.2230 (0.3866)  loss_giou_1_hybrid: 0.3153 (0.4439)  loss_class_2_hybrid: 0.9807 (1.4702)  loss_bbox_2_hybrid: 0.2417 (0.3844)  loss_giou_2_hybrid: 0.3192 (0.4366)  loss_class_3_hybrid: 0.9776 (1.4203)  loss_bbox_3_hybrid: 0.2320 (0.3868)  loss_giou_3_hybrid: 0.3088 (0.4372)  loss_class_4_hybrid: 0.9785 (1.3877)  loss_bbox_4_hybrid: 0.2331 (0.3897)  loss_giou_4_hybrid: 0.3194 (0.4386)  loss_class_enc_hybrid: 1.2174 (1.7056)  loss_bbox_enc_hybrid: 0.2915 (0.4715)  loss_giou_enc_hybrid: 0.4065 (0.5505)  mem: 1047  max mem: 37653
[2026-07-03 19:07:02 accelerate.tracking]: [RANK 0] Successfully logged to TensorBoard
[2026-07-03 19:08:13 det.util.engine]: Epoch: [0]  [1350/2405]  eta: 0:24:49  lr: 0.000100  data_time: 0.0055  iter_time: 1.3764  loss: 33.9151 (46.4945)  loss_class: 0.9693 (1.4114)  loss_bbox: 0.2825 (0.3533)  loss_giou: 0.3245 (0.4194)  loss_class_0: 1.6123 (2.0064)  loss_bbox_0: 0.2554 (0.3524)  loss_giou_0: 0.3297 (0.4338)  loss_class_1: 1.1244 (1.6638)  loss_bbox_1: 0.2572 (0.3547)  loss_giou_1: 0.3204 (0.4277)  loss_class_2: 1.1211 (1.5246)  loss_bbox_2: 0.2460 (0.3525)  loss_giou_2: 0.3031 (0.4212)  loss_class_3: 1.0254 (1.4607)  loss_bbox_3: 0.2763 (0.3496)  loss_giou_3: 0.3200 (0.4182)  loss_class_4: 1.0109 (1.4108)  loss_bbox_4: 0.2821 (0.3519)  loss_giou_4: 0.3240 (0.4186)  loss_class_enc: 1.4773 (1.9023)  loss_bbox_enc: 0.3021 (0.4076)  loss_giou_enc: 0.3981 (0.5031)  loss_class_dn: 0.5508 (0.7913)  loss_bbox_dn: 0.4545 (0.6647)  loss_giou_dn: 0.4648 (0.6075)  loss_class_dn_0: 0.7167 (0.9814)  loss_bbox_dn_0: 0.6143 (0.7899)  loss_giou_dn_0: 0.6244 (0.7502)  loss_class_dn_1: 0.6071 (0.8854)  loss_bbox_dn_1: 0.4918 (0.6968)  loss_giou_dn_1: 0.5049 (0.6472)  loss_class_dn_2: 0.5572 (0.8449)  loss_bbox_dn_2: 0.4538 (0.6655)  loss_giou_dn_2: 0.4702 (0.6137)  loss_class_dn_3: 0.5498 (0.8162)  loss_bbox_dn_3: 0.4543 (0.6676)  loss_giou_dn_3: 0.4615 (0.6113)  loss_class_dn_4: 0.5472 (0.7956)  loss_bbox_dn_4: 0.4547 (0.6648)  loss_giou_dn_4: 0.4647 (0.6073)  loss_class_hybrid: 1.0450 (1.3516)  loss_bbox_hybrid: 0.2416 (0.3883)  loss_giou_hybrid: 0.3100 (0.4369)  loss_class_0_hybrid: 1.2609 (1.6733)  loss_bbox_0_hybrid: 0.2623 (0.3921)  loss_giou_0_hybrid: 0.3343 (0.4576)  loss_class_1_hybrid: 1.1111 (1.5352)  loss_bbox_1_hybrid: 0.2631 (0.3834)  loss_giou_1_hybrid: 0.3091 (0.4410)  loss_class_2_hybrid: 1.1282 (1.4553)  loss_bbox_2_hybrid: 0.2493 (0.3808)  loss_giou_2_hybrid: 0.3021 (0.4335)  loss_class_3_hybrid: 1.0863 (1.4055)  loss_bbox_3_hybrid: 0.2458 (0.3833)  loss_giou_3_hybrid: 0.2962 (0.4341)  loss_class_4_hybrid: 1.0497 (1.3737)  loss_bbox_4_hybrid: 0.2391 (0.3860)  loss_giou_4_hybrid: 0.2979 (0.4354)  loss_class_enc_hybrid: 1.2111 (1.6875)  loss_bbox_enc_hybrid: 0.3454 (0.4678)  loss_giou_enc_hybrid: 0.4092 (0.5468)  mem: 1042  max mem: 40949
[2026-07-03 19:08:13 accelerate.tracking]: [RANK 0] Successfully logged to TensorBoard
[2026-07-03 19:09:25 det.util.engine]: Epoch: [0]  [1400/2405]  eta: 0:23:40  lr: 0.000100  data_time: 0.0060  iter_time: 1.4294  loss: 30.9914 (45.9790)  loss_class: 0.8899 (1.3931)  loss_bbox: 0.2008 (0.3499)  loss_giou: 0.3019 (0.4161)  loss_class_0: 1.4583 (1.9860)  loss_bbox_0: 0.2003 (0.3492)  loss_giou_0: 0.3052 (0.4304)  loss_class_1: 1.0323 (1.6428)  loss_bbox_1: 0.2166 (0.3515)  loss_giou_1: 0.3076 (0.4245)  loss_class_2: 0.8705 (1.5040)  loss_bbox_2: 0.2063 (0.3493)  loss_giou_2: 0.3048 (0.4180)  loss_class_3: 0.8872 (1.4414)  loss_bbox_3: 0.2010 (0.3464)  loss_giou_3: 0.3005 (0.4149)  loss_class_4: 0.8648 (1.3927)  loss_bbox_4: 0.2009 (0.3485)  loss_giou_4: 0.3020 (0.4152)  loss_class_enc: 1.3941 (1.8867)  loss_bbox_enc: 0.2599 (0.4025)  loss_giou_enc: 0.3518 (0.4984)  loss_class_dn: 0.5264 (0.7814)  loss_bbox_dn: 0.3533 (0.6548)  loss_giou_dn: 0.3830 (0.6003)  loss_class_dn_0: 0.7359 (0.9727)  loss_bbox_dn_0: 0.5023 (0.7807)  loss_giou_dn_0: 0.5664 (0.7436)  loss_class_dn_1: 0.6113 (0.8755)  loss_bbox_dn_1: 0.4022 (0.6871)  loss_giou_dn_1: 0.4365 (0.6402)  loss_class_dn_2: 0.5534 (0.8343)  loss_bbox_dn_2: 0.3561 (0.6558)  loss_giou_dn_2: 0.3893 (0.6067)  loss_class_dn_3: 0.5283 (0.8058)  loss_bbox_dn_3: 0.3564 (0.6576)  loss_giou_dn_3: 0.3869 (0.6041)  loss_class_dn_4: 0.5066 (0.7853)  loss_bbox_dn_4: 0.3533 (0.6549)  loss_giou_dn_4: 0.3827 (0.6001)  loss_class_hybrid: 0.9126 (1.3376)  loss_bbox_hybrid: 0.1988 (0.3835)  loss_giou_hybrid: 0.3111 (0.4329)  loss_class_0_hybrid: 1.2063 (1.6560)  loss_bbox_0_hybrid: 0.2179 (0.3875)  loss_giou_0_hybrid: 0.3340 (0.4536)  loss_class_1_hybrid: 1.0683 (1.5187)  loss_bbox_1_hybrid: 0.2028 (0.3788)  loss_giou_1_hybrid: 0.3145 (0.4371)  loss_class_2_hybrid: 0.9864 (1.4392)  loss_bbox_2_hybrid: 0.1980 (0.3762)  loss_giou_2_hybrid: 0.3026 (0.4296)  loss_class_3_hybrid: 0.9257 (1.3903)  loss_bbox_3_hybrid: 0.1981 (0.3787)  loss_giou_3_hybrid: 0.3120 (0.4301)  loss_class_4_hybrid: 0.9180 (1.3589)  loss_bbox_4_hybrid: 0.1985 (0.3813)  loss_giou_4_hybrid: 0.3107 (0.4314)  loss_class_enc_hybrid: 1.1978 (1.6710)  loss_bbox_enc_hybrid: 0.2939 (0.4622)  loss_giou_enc_hybrid: 0.3988 (0.5418)  mem: 1026  max mem: 40949
[2026-07-03 19:09:25 accelerate.tracking]: [RANK 0] Successfully logged to TensorBoard
[2026-07-03 19:10:36 det.util.engine]: Epoch: [0]  [1450/2405]  eta: 0:22:29  lr: 0.000100  data_time: 0.0058  iter_time: 1.4292  loss: 31.4990 (45.5255)  loss_class: 0.9204 (1.3759)  loss_bbox: 0.2726 (0.3475)  loss_giou: 0.3342 (0.4136)  loss_class_0: 1.4481 (1.9662)  loss_bbox_0: 0.2493 (0.3465)  loss_giou_0: 0.3329 (0.4278)  loss_class_1: 0.9917 (1.6225)  loss_bbox_1: 0.2766 (0.3490)  loss_giou_1: 0.3377 (0.4219)  loss_class_2: 0.9573 (1.4863)  loss_bbox_2: 0.2643 (0.3466)  loss_giou_2: 0.3266 (0.4151)  loss_class_3: 0.9369 (1.4233)  loss_bbox_3: 0.2729 (0.3441)  loss_giou_3: 0.3330 (0.4124)  loss_class_4: 0.9540 (1.3757)  loss_bbox_4: 0.2725 (0.3461)  loss_giou_4: 0.3364 (0.4127)  loss_class_enc: 1.4000 (1.8707)  loss_bbox_enc: 0.2883 (0.3986)  loss_giou_enc: 0.3640 (0.4946)  loss_class_dn: 0.5285 (0.7727)  loss_bbox_dn: 0.3717 (0.6467)  loss_giou_dn: 0.4022 (0.5946)  loss_class_dn_0: 0.6803 (0.9634)  loss_bbox_dn_0: 0.5327 (0.7738)  loss_giou_dn_0: 0.5651 (0.7386)  loss_class_dn_1: 0.5889 (0.8660)  loss_bbox_dn_1: 0.4200 (0.6796)  loss_giou_dn_1: 0.4528 (0.6348)  loss_class_dn_2: 0.5495 (0.8246)  loss_bbox_dn_2: 0.3797 (0.6479)  loss_giou_dn_2: 0.4173 (0.6011)  loss_class_dn_3: 0.5225 (0.7964)  loss_bbox_dn_3: 0.3694 (0.6495)  loss_giou_dn_3: 0.4022 (0.5983)  loss_class_dn_4: 0.5167 (0.7763)  loss_bbox_dn_4: 0.3721 (0.6468)  loss_giou_dn_4: 0.4026 (0.5944)  loss_class_hybrid: 0.9997 (1.3252)  loss_bbox_hybrid: 0.2441 (0.3795)  loss_giou_hybrid: 0.3073 (0.4296)  loss_class_0_hybrid: 1.1788 (1.6383)  loss_bbox_0_hybrid: 0.2582 (0.3840)  loss_giou_0_hybrid: 0.3268 (0.4506)  loss_class_1_hybrid: 1.0426 (1.5024)  loss_bbox_1_hybrid: 0.2580 (0.3753)  loss_giou_1_hybrid: 0.3258 (0.4342)  loss_class_2_hybrid: 0.9690 (1.4250)  loss_bbox_2_hybrid: 0.2439 (0.3724)  loss_giou_2_hybrid: 0.3028 (0.4264)  loss_class_3_hybrid: 0.9461 (1.3763)  loss_bbox_3_hybrid: 0.2506 (0.3749)  loss_giou_3_hybrid: 0.3128 (0.4270)  loss_class_4_hybrid: 0.9986 (1.3459)  loss_bbox_4_hybrid: 0.2462 (0.3775)  loss_giou_4_hybrid: 0.3143 (0.4282)  loss_class_enc_hybrid: 1.1535 (1.6540)  loss_bbox_enc_hybrid: 0.3529 (0.4579)  loss_giou_enc_hybrid: 0.4100 (0.5382)  mem: 1020  max mem: 40949
[2026-07-03 19:10:36 accelerate.tracking]: [RANK 0] Successfully logged to TensorBoard
[2026-07-03 19:11:48 det.util.engine]: Epoch: [0]  [1500/2405]  eta: 0:21:20  lr: 0.000100  data_time: 0.0056  iter_time: 1.4180  loss: 33.4775 (45.1213)  loss_class: 0.9025 (1.3618)  loss_bbox: 0.2606 (0.3446)  loss_giou: 0.3044 (0.4112)  loss_class_0: 1.4546 (1.9503)  loss_bbox_0: 0.2507 (0.3436)  loss_giou_0: 0.3323 (0.4253)  loss_class_1: 1.0461 (1.6055)  loss_bbox_1: 0.2751 (0.3465)  loss_giou_1: 0.3114 (0.4196)  loss_class_2: 1.0081 (1.4718)  loss_bbox_2: 0.2466 (0.3435)  loss_giou_2: 0.3040 (0.4126)  loss_class_3: 0.9065 (1.4091)  loss_bbox_3: 0.2608 (0.3411)  loss_giou_3: 0.2995 (0.4100)  loss_class_4: 0.9302 (1.3619)  loss_bbox_4: 0.2546 (0.3431)  loss_giou_4: 0.3004 (0.4103)  loss_class_enc: 1.4752 (1.8570)  loss_bbox_enc: 0.2955 (0.3947)  loss_giou_enc: 0.3711 (0.4909)  loss_class_dn: 0.5047 (0.7647)  loss_bbox_dn: 0.4061 (0.6390)  loss_giou_dn: 0.4296 (0.5896)  loss_class_dn_0: 0.6662 (0.9540)  loss_bbox_dn_0: 0.5502 (0.7670)  loss_giou_dn_0: 0.6096 (0.7342)  loss_class_dn_1: 0.5919 (0.8574)  loss_bbox_dn_1: 0.4633 (0.6724)  loss_giou_dn_1: 0.4905 (0.6301)  loss_class_dn_2: 0.5360 (0.8157)  loss_bbox_dn_2: 0.4252 (0.6404)  loss_giou_dn_2: 0.4453 (0.5962)  loss_class_dn_3: 0.5062 (0.7878)  loss_bbox_dn_3: 0.4073 (0.6416)  loss_giou_dn_3: 0.4314 (0.5932)  loss_class_dn_4: 0.4916 (0.7680)  loss_bbox_dn_4: 0.4062 (0.6390)  loss_giou_dn_4: 0.4297 (0.5894)  loss_class_hybrid: 0.9908 (1.3144)  loss_bbox_hybrid: 0.2538 (0.3757)  loss_giou_hybrid: 0.2934 (0.4269)  loss_class_0_hybrid: 1.1553 (1.6231)  loss_bbox_0_hybrid: 0.2674 (0.3805)  loss_giou_0_hybrid: 0.3289 (0.4479)  loss_class_1_hybrid: 1.0775 (1.4886)  loss_bbox_1_hybrid: 0.2598 (0.3719)  loss_giou_1_hybrid: 0.3061 (0.4315)  loss_class_2_hybrid: 1.0274 (1.4133)  loss_bbox_2_hybrid: 0.2487 (0.3687)  loss_giou_2_hybrid: 0.2888 (0.4237)  loss_class_3_hybrid: 0.9837 (1.3651)  loss_bbox_3_hybrid: 0.2493 (0.3711)  loss_giou_3_hybrid: 0.2893 (0.4242)  loss_class_4_hybrid: 0.9953 (1.3344)  loss_bbox_4_hybrid: 0.2539 (0.3737)  loss_giou_4_hybrid: 0.2928 (0.4255)  loss_class_enc_hybrid: 1.1980 (1.6393)  loss_bbox_enc_hybrid: 0.3344 (0.4536)  loss_giou_enc_hybrid: 0.4056 (0.5346)  mem: 1045  max mem: 40949
[2026-07-03 19:11:48 accelerate.tracking]: [RANK 0] Successfully logged to TensorBoard
[2026-07-03 19:13:01 det.util.engine]: Epoch: [0]  [1550/2405]  eta: 0:20:10  lr: 0.000100  data_time: 0.0058  iter_time: 1.4680  loss: 32.6306 (44.7135)  loss_class: 0.8670 (1.3468)  loss_bbox: 0.2640 (0.3422)  loss_giou: 0.3413 (0.4091)  loss_class_0: 1.2815 (1.9311)  loss_bbox_0: 0.2775 (0.3412)  loss_giou_0: 0.3666 (0.4229)  loss_class_1: 1.0011 (1.5874)  loss_bbox_1: 0.2761 (0.3441)  loss_giou_1: 0.3533 (0.4175)  loss_class_2: 0.9440 (1.4561)  loss_bbox_2: 0.2569 (0.3409)  loss_giou_2: 0.3440 (0.4103)  loss_class_3: 0.8566 (1.3933)  loss_bbox_3: 0.2708 (0.3390)  loss_giou_3: 0.3435 (0.4080)  loss_class_4: 0.8560 (1.3469)  loss_bbox_4: 0.2581 (0.3408)  loss_giou_4: 0.3364 (0.4082)  loss_class_enc: 1.4376 (1.8427)  loss_bbox_enc: 0.2897 (0.3911)  loss_giou_enc: 0.3803 (0.4873)  loss_class_dn: 0.4685 (0.7559)  loss_bbox_dn: 0.4086 (0.6319)  loss_giou_dn: 0.4556 (0.5849)  loss_class_dn_0: 0.6592 (0.9448)  loss_bbox_dn_0: 0.5527 (0.7606)  loss_giou_dn_0: 0.6088 (0.7299)  loss_class_dn_1: 0.5689 (0.8481)  loss_bbox_dn_1: 0.4567 (0.6658)  loss_giou_dn_1: 0.5082 (0.6258)  loss_class_dn_2: 0.5165 (0.8061)  loss_bbox_dn_2: 0.4101 (0.6335)  loss_giou_dn_2: 0.4649 (0.5917)  loss_class_dn_3: 0.4867 (0.7785)  loss_bbox_dn_3: 0.4054 (0.6345)  loss_giou_dn_3: 0.4530 (0.5886)  loss_class_dn_4: 0.4760 (0.7589)  loss_bbox_dn_4: 0.4085 (0.6320)  loss_giou_dn_4: 0.4558 (0.5848)  loss_class_hybrid: 0.9449 (1.3028)  loss_bbox_hybrid: 0.2756 (0.3723)  loss_giou_hybrid: 0.3319 (0.4243)  loss_class_0_hybrid: 1.1534 (1.6080)  loss_bbox_0_hybrid: 0.2728 (0.3771)  loss_giou_0_hybrid: 0.3552 (0.4452)  loss_class_1_hybrid: 1.0195 (1.4740)  loss_bbox_1_hybrid: 0.2781 (0.3686)  loss_giou_1_hybrid: 0.3430 (0.4291)  loss_class_2_hybrid: 0.9945 (1.4002)  loss_bbox_2_hybrid: 0.2590 (0.3654)  loss_giou_2_hybrid: 0.3351 (0.4211)  loss_class_3_hybrid: 0.9415 (1.3522)  loss_bbox_3_hybrid: 0.2623 (0.3678)  loss_giou_3_hybrid: 0.3438 (0.4217)  loss_class_4_hybrid: 0.9397 (1.3222)  loss_bbox_4_hybrid: 0.2688 (0.3703)  loss_giou_4_hybrid: 0.3248 (0.4230)  loss_class_enc_hybrid: 1.1822 (1.6241)  loss_bbox_enc_hybrid: 0.3308 (0.4496)  loss_giou_enc_hybrid: 0.4300 (0.5312)  mem: 1010  max mem: 40949
[2026-07-03 19:13:01 accelerate.tracking]: [RANK 0] Successfully logged to TensorBoard
[2026-07-03 19:14:13 det.util.engine]: Epoch: [0]  [1600/2405]  eta: 0:19:00  lr: 0.000100  data_time: 0.0062  iter_time: 1.4678  loss: 31.0666 (44.3086)  loss_class: 0.7822 (1.3312)  loss_bbox: 0.2201 (0.3402)  loss_giou: 0.3490 (0.4073)  loss_class_0: 1.2555 (1.9126)  loss_bbox_0: 0.2455 (0.3390)  loss_giou_0: 0.3536 (0.4209)  loss_class_1: 0.8996 (1.5702)  loss_bbox_1: 0.2444 (0.3420)  loss_giou_1: 0.3488 (0.4155)  loss_class_2: 0.8405 (1.4391)  loss_bbox_2: 0.2180 (0.3388)  loss_giou_2: 0.3537 (0.4084)  loss_class_3: 0.7979 (1.3766)  loss_bbox_3: 0.2215 (0.3370)  loss_giou_3: 0.3482 (0.4063)  loss_class_4: 0.7898 (1.3312)  loss_bbox_4: 0.2201 (0.3388)  loss_giou_4: 0.3479 (0.4064)  loss_class_enc: 1.2850 (1.8273)  loss_bbox_enc: 0.2639 (0.3883)  loss_giou_enc: 0.3910 (0.4847)  loss_class_dn: 0.4655 (0.7478)  loss_bbox_dn: 0.3422 (0.6243)  loss_giou_dn: 0.4530 (0.5801)  loss_class_dn_0: 0.6604 (0.9361)  loss_bbox_dn_0: 0.4539 (0.7537)  loss_giou_dn_0: 0.5769 (0.7252)  loss_class_dn_1: 0.5498 (0.8393)  loss_bbox_dn_1: 0.3817 (0.6587)  loss_giou_dn_1: 0.4845 (0.6211)  loss_class_dn_2: 0.4921 (0.7972)  loss_bbox_dn_2: 0.3447 (0.6262)  loss_giou_dn_2: 0.4628 (0.5869)  loss_class_dn_3: 0.4720 (0.7698)  loss_bbox_dn_3: 0.3441 (0.6269)  loss_giou_dn_3: 0.4596 (0.5837)  loss_class_dn_4: 0.4615 (0.7505)  loss_bbox_dn_4: 0.3424 (0.6244)  loss_giou_dn_4: 0.4533 (0.5799)  loss_class_hybrid: 0.8531 (1.2905)  loss_bbox_hybrid: 0.2454 (0.3693)  loss_giou_hybrid: 0.3486 (0.4221)  loss_class_0_hybrid: 1.0602 (1.5928)  loss_bbox_0_hybrid: 0.2653 (0.3742)  loss_giou_0_hybrid: 0.3749 (0.4429)  loss_class_1_hybrid: 0.9382 (1.4588)  loss_bbox_1_hybrid: 0.2650 (0.3658)  loss_giou_1_hybrid: 0.3547 (0.4269)  loss_class_2_hybrid: 0.8724 (1.3863)  loss_bbox_2_hybrid: 0.2415 (0.3625)  loss_giou_2_hybrid: 0.3576 (0.4190)  loss_class_3_hybrid: 0.8412 (1.3386)  loss_bbox_3_hybrid: 0.2465 (0.3649)  loss_giou_3_hybrid: 0.3517 (0.4196)  loss_class_4_hybrid: 0.8349 (1.3091)  loss_bbox_4_hybrid: 0.2412 (0.3674)  loss_giou_4_hybrid: 0.3566 (0.4208)  loss_class_enc_hybrid: 1.0840 (1.6086)  loss_bbox_enc_hybrid: 0.2988 (0.4463)  loss_giou_enc_hybrid: 0.4379 (0.5285)  mem: 1011  max mem: 40949
[2026-07-03 19:14:13 accelerate.tracking]: [RANK 0] Successfully logged to TensorBoard
[2026-07-03 19:15:25 det.util.engine]: Epoch: [0]  [1650/2405]  eta: 0:17:50  lr: 0.000100  data_time: 0.0065  iter_time: 1.4892  loss: 31.4314 (43.9280)  loss_class: 0.7892 (1.3175)  loss_bbox: 0.2320 (0.3379)  loss_giou: 0.3546 (0.4051)  loss_class_0: 1.3030 (1.8948)  loss_bbox_0: 0.2373 (0.3366)  loss_giou_0: 0.3615 (0.4186)  loss_class_1: 1.0085 (1.5546)  loss_bbox_1: 0.2160 (0.3394)  loss_giou_1: 0.3560 (0.4131)  loss_class_2: 0.8749 (1.4241)  loss_bbox_2: 0.2186 (0.3364)  loss_giou_2: 0.3545 (0.4062)  loss_class_3: 0.8018 (1.3623)  loss_bbox_3: 0.2329 (0.3347)  loss_giou_3: 0.3588 (0.4040)  loss_class_4: 0.7971 (1.3178)  loss_bbox_4: 0.2378 (0.3365)  loss_giou_4: 0.3536 (0.4042)  loss_class_enc: 1.3064 (1.8129)  loss_bbox_enc: 0.2529 (0.3852)  loss_giou_enc: 0.3935 (0.4817)  loss_class_dn: 0.4834 (0.7399)  loss_bbox_dn: 0.3597 (0.6173)  loss_giou_dn: 0.4436 (0.5755)  loss_class_dn_0: 0.6451 (0.9274)  loss_bbox_dn_0: 0.4681 (0.7472)  loss_giou_dn_0: 0.6105 (0.7209)  loss_class_dn_1: 0.5679 (0.8311)  loss_bbox_dn_1: 0.3968 (0.6519)  loss_giou_dn_1: 0.5002 (0.6166)  loss_class_dn_2: 0.5031 (0.7888)  loss_bbox_dn_2: 0.3621 (0.6194)  loss_giou_dn_2: 0.4512 (0.5825)  loss_class_dn_3: 0.4854 (0.7617)  loss_bbox_dn_3: 0.3608 (0.6199)  loss_giou_dn_3: 0.4470 (0.5790)  loss_class_dn_4: 0.4851 (0.7426)  loss_bbox_dn_4: 0.3596 (0.6174)  loss_giou_dn_4: 0.4434 (0.5753)  loss_class_hybrid: 0.8682 (1.2808)  loss_bbox_hybrid: 0.2285 (0.3658)  loss_giou_hybrid: 0.3567 (0.4193)  loss_class_0_hybrid: 1.1332 (1.5792)  loss_bbox_0_hybrid: 0.2331 (0.3711)  loss_giou_0_hybrid: 0.3600 (0.4404)  loss_class_1_hybrid: 1.0511 (1.4459)  loss_bbox_1_hybrid: 0.2333 (0.3627)  loss_giou_1_hybrid: 0.3682 (0.4243)  loss_class_2_hybrid: 0.9452 (1.3749)  loss_bbox_2_hybrid: 0.2230 (0.3592)  loss_giou_2_hybrid: 0.3505 (0.4164)  loss_class_3_hybrid: 0.9204 (1.3279)  loss_bbox_3_hybrid: 0.2267 (0.3615)  loss_giou_3_hybrid: 0.3550 (0.4170)  loss_class_4_hybrid: 0.8849 (1.2988)  loss_bbox_4_hybrid: 0.2280 (0.3640)  loss_giou_4_hybrid: 0.3582 (0.4181)  loss_class_enc_hybrid: 1.1304 (1.5951)  loss_bbox_enc_hybrid: 0.2737 (0.4425)  loss_giou_enc_hybrid: 0.4242 (0.5253)  mem: 1015  max mem: 40949
[2026-07-03 19:15:25 accelerate.tracking]: [RANK 0] Successfully logged to TensorBoard
[2026-07-03 19:16:37 det.util.engine]: Epoch: [0]  [1700/2405]  eta: 0:16:39  lr: 0.000100  data_time: 0.0059  iter_time: 1.4249  loss: 29.0106 (43.5426)  loss_class: 0.7954 (1.3031)  loss_bbox: 0.2290 (0.3359)  loss_giou: 0.3573 (0.4034)  loss_class_0: 1.1517 (1.8762)  loss_bbox_0: 0.2327 (0.3343)  loss_giou_0: 0.3925 (0.4167)  loss_class_1: 0.8515 (1.5374)  loss_bbox_1: 0.2335 (0.3370)  loss_giou_1: 0.3613 (0.4110)  loss_class_2: 0.7441 (1.4076)  loss_bbox_2: 0.2453 (0.3344)  loss_giou_2: 0.3605 (0.4045)  loss_class_3: 0.7815 (1.3470)  loss_bbox_3: 0.2378 (0.3329)  loss_giou_3: 0.3687 (0.4024)  loss_class_4: 0.7843 (1.3035)  loss_bbox_4: 0.2411 (0.3346)  loss_giou_4: 0.3669 (0.4025)  loss_class_enc: 1.1954 (1.7965)  loss_bbox_enc: 0.2490 (0.3824)  loss_giou_enc: 0.4280 (0.4793)  loss_class_dn: 0.4598 (0.7323)  loss_bbox_dn: 0.3209 (0.6105)  loss_giou_dn: 0.4397 (0.5710)  loss_class_dn_0: 0.6206 (0.9188)  loss_bbox_dn_0: 0.4807 (0.7409)  loss_giou_dn_0: 0.5693 (0.7165)  loss_class_dn_1: 0.5329 (0.8230)  loss_bbox_dn_1: 0.3956 (0.6454)  loss_giou_dn_1: 0.4690 (0.6121)  loss_class_dn_2: 0.4853 (0.7805)  loss_bbox_dn_2: 0.3265 (0.6126)  loss_giou_dn_2: 0.4313 (0.5780)  loss_class_dn_3: 0.4574 (0.7536)  loss_bbox_dn_3: 0.3241 (0.6130)  loss_giou_dn_3: 0.4327 (0.5745)  loss_class_dn_4: 0.4513 (0.7348)  loss_bbox_dn_4: 0.3206 (0.6105)  loss_giou_dn_4: 0.4394 (0.5708)  loss_class_hybrid: 0.8810 (1.2697)  loss_bbox_hybrid: 0.2125 (0.3627)  loss_giou_hybrid: 0.3447 (0.4171)  loss_class_0_hybrid: 1.0294 (1.5642)  loss_bbox_0_hybrid: 0.2419 (0.3683)  loss_giou_0_hybrid: 0.3971 (0.4382)  loss_class_1_hybrid: 0.9133 (1.4319)  loss_bbox_1_hybrid: 0.2256 (0.3597)  loss_giou_1_hybrid: 0.3723 (0.4222)  loss_class_2_hybrid: 0.8979 (1.3618)  loss_bbox_2_hybrid: 0.2202 (0.3562)  loss_giou_2_hybrid: 0.3546 (0.4143)  loss_class_3_hybrid: 0.8747 (1.3155)  loss_bbox_3_hybrid: 0.2182 (0.3586)  loss_giou_3_hybrid: 0.3511 (0.4149)  loss_class_4_hybrid: 0.8377 (1.2869)  loss_bbox_4_hybrid: 0.2128 (0.3610)  loss_giou_4_hybrid: 0.3440 (0.4160)  loss_class_enc_hybrid: 1.0357 (1.5804)  loss_bbox_enc_hybrid: 0.3094 (0.4391)  loss_giou_enc_hybrid: 0.4354 (0.5224)  mem: 1010  max mem: 40949
[2026-07-03 19:16:37 accelerate.tracking]: [RANK 0] Successfully logged to TensorBoard
[2026-07-03 19:17:48 det.util.engine]: Epoch: [0]  [1750/2405]  eta: 0:15:28  lr: 0.000100  data_time: 0.0061  iter_time: 1.4880  loss: 29.3311 (43.1947)  loss_class: 0.7706 (1.2907)  loss_bbox: 0.2578 (0.3338)  loss_giou: 0.3437 (0.4014)  loss_class_0: 1.2518 (1.8599)  loss_bbox_0: 0.2481 (0.3323)  loss_giou_0: 0.3040 (0.4146)  loss_class_1: 0.8978 (1.5209)  loss_bbox_1: 0.2561 (0.3353)  loss_giou_1: 0.3454 (0.4094)  loss_class_2: 0.8361 (1.3937)  loss_bbox_2: 0.2559 (0.3324)  loss_giou_2: 0.3492 (0.4027)  loss_class_3: 0.7950 (1.3341)  loss_bbox_3: 0.2539 (0.3309)  loss_giou_3: 0.3457 (0.4006)  loss_class_4: 0.7435 (1.2912)  loss_bbox_4: 0.2577 (0.3326)  loss_giou_4: 0.3430 (0.4006)  loss_class_enc: 1.2200 (1.7816)  loss_bbox_enc: 0.2808 (0.3800)  loss_giou_enc: 0.3728 (0.4768)  loss_class_dn: 0.4815 (0.7253)  loss_bbox_dn: 0.3605 (0.6044)  loss_giou_dn: 0.4280 (0.5670)  loss_class_dn_0: 0.6220 (0.9107)  loss_bbox_dn_0: 0.4731 (0.7353)  loss_giou_dn_0: 0.5549 (0.7127)  loss_class_dn_1: 0.5390 (0.8155)  loss_bbox_dn_1: 0.3912 (0.6396)  loss_giou_dn_1: 0.4678 (0.6083)  loss_class_dn_2: 0.4817 (0.7729)  loss_bbox_dn_2: 0.3669 (0.6067)  loss_giou_dn_2: 0.4345 (0.5741)  loss_class_dn_3: 0.4781 (0.7462)  loss_bbox_dn_3: 0.3543 (0.6069)  loss_giou_dn_3: 0.4322 (0.5704)  loss_class_dn_4: 0.4706 (0.7276)  loss_bbox_dn_4: 0.3603 (0.6044)  loss_giou_dn_4: 0.4279 (0.5668)  loss_class_hybrid: 0.8459 (1.2600)  loss_bbox_hybrid: 0.2541 (0.3598)  loss_giou_hybrid: 0.3367 (0.4147)  loss_class_0_hybrid: 1.0284 (1.5508)  loss_bbox_0_hybrid: 0.2494 (0.3657)  loss_giou_0_hybrid: 0.3537 (0.4360)  loss_class_1_hybrid: 0.9616 (1.4194)  loss_bbox_1_hybrid: 0.2470 (0.3572)  loss_giou_1_hybrid: 0.3430 (0.4200)  loss_class_2_hybrid: 0.8997 (1.3505)  loss_bbox_2_hybrid: 0.2441 (0.3535)  loss_giou_2_hybrid: 0.3366 (0.4121)  loss_class_3_hybrid: 0.8619 (1.3046)  loss_bbox_3_hybrid: 0.2503 (0.3559)  loss_giou_3_hybrid: 0.3340 (0.4126)  loss_class_4_hybrid: 0.8461 (1.2768)  loss_bbox_4_hybrid: 0.2522 (0.3581)  loss_giou_4_hybrid: 0.3352 (0.4136)  loss_class_enc_hybrid: 1.0526 (1.5669)  loss_bbox_enc_hybrid: 0.3152 (0.4362)  loss_giou_enc_hybrid: 0.4290 (0.5199)  mem: 1030  max mem: 40949
[2026-07-03 19:17:48 accelerate.tracking]: [RANK 0] Successfully logged to TensorBoard
[2026-07-03 19:18:56 det.util.engine]: Epoch: [0]  [1800/2405]  eta: 0:14:17  lr: 0.000100  data_time: 0.0054  iter_time: 1.3620  loss: 30.2424 (42.8529)  loss_class: 0.8563 (1.2791)  loss_bbox: 0.2324 (0.3318)  loss_giou: 0.2589 (0.3993)  loss_class_0: 1.2527 (1.8438)  loss_bbox_0: 0.2422 (0.3302)  loss_giou_0: 0.2658 (0.4122)  loss_class_1: 1.0371 (1.5060)  loss_bbox_1: 0.2340 (0.3334)  loss_giou_1: 0.2766 (0.4072)  loss_class_2: 0.9067 (1.3814)  loss_bbox_2: 0.2112 (0.3303)  loss_giou_2: 0.2614 (0.4003)  loss_class_3: 0.8805 (1.3217)  loss_bbox_3: 0.2223 (0.3289)  loss_giou_3: 0.2606 (0.3984)  loss_class_4: 0.8529 (1.2798)  loss_bbox_4: 0.2229 (0.3306)  loss_giou_4: 0.2591 (0.3984)  loss_class_enc: 1.2197 (1.7666)  loss_bbox_enc: 0.2619 (0.3779)  loss_giou_enc: 0.3671 (0.4745)  loss_class_dn: 0.4796 (0.7182)  loss_bbox_dn: 0.3475 (0.5985)  loss_giou_dn: 0.3806 (0.5624)  loss_class_dn_0: 0.6292 (0.9025)  loss_bbox_dn_0: 0.5115 (0.7302)  loss_giou_dn_0: 0.5540 (0.7085)  loss_class_dn_1: 0.5288 (0.8080)  loss_bbox_dn_1: 0.4067 (0.6340)  loss_giou_dn_1: 0.4334 (0.6039)  loss_class_dn_2: 0.4917 (0.7650)  loss_bbox_dn_2: 0.3562 (0.6010)  loss_giou_dn_2: 0.3926 (0.5696)  loss_class_dn_3: 0.4868 (0.7388)  loss_bbox_dn_3: 0.3504 (0.6009)  loss_giou_dn_3: 0.3835 (0.5658)  loss_class_dn_4: 0.4814 (0.7205)  loss_bbox_dn_4: 0.3474 (0.5985)  loss_giou_dn_4: 0.3804 (0.5622)  loss_class_hybrid: 0.9010 (1.2514)  loss_bbox_hybrid: 0.2243 (0.3569)  loss_giou_hybrid: 0.2633 (0.4120)  loss_class_0_hybrid: 1.0943 (1.5388)  loss_bbox_0_hybrid: 0.2427 (0.3631)  loss_giou_0_hybrid: 0.2834 (0.4333)  loss_class_1_hybrid: 1.0274 (1.4082)  loss_bbox_1_hybrid: 0.2365 (0.3546)  loss_giou_1_hybrid: 0.2803 (0.4175)  loss_class_2_hybrid: 1.0196 (1.3396)  loss_bbox_2_hybrid: 0.2262 (0.3508)  loss_giou_2_hybrid: 0.2664 (0.4094)  loss_class_3_hybrid: 0.9810 (1.2948)  loss_bbox_3_hybrid: 0.2294 (0.3532)  loss_giou_3_hybrid: 0.2657 (0.4100)  loss_class_4_hybrid: 1.0001 (1.2679)  loss_bbox_4_hybrid: 0.2234 (0.3552)  loss_giou_4_hybrid: 0.2650 (0.4109)  loss_class_enc_hybrid: 1.1833 (1.5553)  loss_bbox_enc_hybrid: 0.2874 (0.4331)  loss_giou_enc_hybrid: 0.3486 (0.5167)  mem: 1019  max mem: 40949
[2026-07-03 19:18:56 accelerate.tracking]: [RANK 0] Successfully logged to TensorBoard
[2026-07-03 19:20:09 det.util.engine]: Epoch: [0]  [1850/2405]  eta: 0:13:06  lr: 0.000100  data_time: 0.0058  iter_time: 1.4369  loss: 31.1811 (42.5260)  loss_class: 0.8056 (1.2672)  loss_bbox: 0.2464 (0.3296)  loss_giou: 0.3083 (0.3971)  loss_class_0: 1.2134 (1.8271)  loss_bbox_0: 0.2469 (0.3283)  loss_giou_0: 0.3123 (0.4101)  loss_class_1: 0.9766 (1.4918)  loss_bbox_1: 0.2365 (0.3312)  loss_giou_1: 0.3022 (0.4050)  loss_class_2: 0.9855 (1.3697)  loss_bbox_2: 0.2326 (0.3280)  loss_giou_2: 0.2933 (0.3979)  loss_class_3: 0.9155 (1.3097)  loss_bbox_3: 0.2333 (0.3267)  loss_giou_3: 0.2938 (0.3962)  loss_class_4: 0.8433 (1.2682)  loss_bbox_4: 0.2362 (0.3285)  loss_giou_4: 0.3086 (0.3962)  loss_class_enc: 1.2687 (1.7522)  loss_bbox_enc: 0.2998 (0.3758)  loss_giou_enc: 0.3667 (0.4722)  loss_class_dn: 0.4562 (0.7120)  loss_bbox_dn: 0.3641 (0.5927)  loss_giou_dn: 0.3876 (0.5582)  loss_class_dn_0: 0.6076 (0.8950)  loss_bbox_dn_0: 0.5117 (0.7254)  loss_giou_dn_0: 0.5628 (0.7046)  loss_class_dn_1: 0.5453 (0.8014)  loss_bbox_dn_1: 0.4037 (0.6286)  loss_giou_dn_1: 0.4305 (0.5997)  loss_class_dn_2: 0.4810 (0.7583)  loss_bbox_dn_2: 0.3807 (0.5953)  loss_giou_dn_2: 0.3962 (0.5655)  loss_class_dn_3: 0.4735 (0.7324)  loss_bbox_dn_3: 0.3709 (0.5951)  loss_giou_dn_3: 0.3912 (0.5616)  loss_class_dn_4: 0.4584 (0.7141)  loss_bbox_dn_4: 0.3640 (0.5928)  loss_giou_dn_4: 0.3874 (0.5580)  loss_class_hybrid: 0.9617 (1.2434)  loss_bbox_hybrid: 0.2091 (0.3540)  loss_giou_hybrid: 0.3133 (0.4094)  loss_class_0_hybrid: 1.0473 (1.5267)  loss_bbox_0_hybrid: 0.2527 (0.3606)  loss_giou_0_hybrid: 0.3316 (0.4309)  loss_class_1_hybrid: 1.0576 (1.3976)  loss_bbox_1_hybrid: 0.2194 (0.3520)  loss_giou_1_hybrid: 0.3073 (0.4149)  loss_class_2_hybrid: 1.0159 (1.3303)  loss_bbox_2_hybrid: 0.2157 (0.3481)  loss_giou_2_hybrid: 0.3059 (0.4069)  loss_class_3_hybrid: 0.9780 (1.2859)  loss_bbox_3_hybrid: 0.2167 (0.3505)  loss_giou_3_hybrid: 0.3137 (0.4075)  loss_class_4_hybrid: 0.9503 (1.2595)  loss_bbox_4_hybrid: 0.2100 (0.3524)  loss_giou_4_hybrid: 0.3142 (0.4083)  loss_class_enc_hybrid: 1.1539 (1.5436)  loss_bbox_enc_hybrid: 0.3133 (0.4303)  loss_giou_enc_hybrid: 0.3829 (0.5139)  mem: 1012  max mem: 40949
[2026-07-03 19:20:09 accelerate.tracking]: [RANK 0] Successfully logged to TensorBoard
[2026-07-03 19:21:18 det.util.engine]: Epoch: [0]  [1900/2405]  eta: 0:11:55  lr: 0.000100  data_time: 0.0062  iter_time: 1.4663  loss: 31.1141 (42.1932)  loss_class: 0.8231 (1.2550)  loss_bbox: 0.2791 (0.3279)  loss_giou: 0.2983 (0.3948)  loss_class_0: 1.2413 (1.8118)  loss_bbox_0: 0.2612 (0.3265)  loss_giou_0: 0.3135 (0.4076)  loss_class_1: 0.9219 (1.4781)  loss_bbox_1: 0.2612 (0.3294)  loss_giou_1: 0.3045 (0.4025)  loss_class_2: 0.9166 (1.3578)  loss_bbox_2: 0.2553 (0.3260)  loss_giou_2: 0.2956 (0.3954)  loss_class_3: 0.8583 (1.2974)  loss_bbox_3: 0.2730 (0.3249)  loss_giou_3: 0.3009 (0.3938)  loss_class_4: 0.8483 (1.2563)  loss_bbox_4: 0.2769 (0.3268)  loss_giou_4: 0.2990 (0.3939)  loss_class_enc: 1.2468 (1.7390)  loss_bbox_enc: 0.3113 (0.3738)  loss_giou_enc: 0.3851 (0.4695)  loss_class_dn: 0.4587 (0.7052)  loss_bbox_dn: 0.3900 (0.5870)  loss_giou_dn: 0.3833 (0.5538)  loss_class_dn_0: 0.5941 (0.8873)  loss_bbox_dn_0: 0.5284 (0.7200)  loss_giou_dn_0: 0.5731 (0.7004)  loss_class_dn_1: 0.5370 (0.7942)  loss_bbox_dn_1: 0.4654 (0.6231)  loss_giou_dn_1: 0.4328 (0.5954)  loss_class_dn_2: 0.4920 (0.7509)  loss_bbox_dn_2: 0.4111 (0.5898)  loss_giou_dn_2: 0.4007 (0.5611)  loss_class_dn_3: 0.4664 (0.7251)  loss_bbox_dn_3: 0.3958 (0.5894)  loss_giou_dn_3: 0.3827 (0.5572)  loss_class_dn_4: 0.4592 (0.7072)  loss_bbox_dn_4: 0.3902 (0.5870)  loss_giou_dn_4: 0.3831 (0.5536)  loss_class_hybrid: 0.8929 (1.2342)  loss_bbox_hybrid: 0.2364 (0.3516)  loss_giou_hybrid: 0.2945 (0.4067)  loss_class_0_hybrid: 1.0501 (1.5149)  loss_bbox_0_hybrid: 0.2534 (0.3583)  loss_giou_0_hybrid: 0.3114 (0.4281)  loss_class_1_hybrid: 0.9840 (1.3867)  loss_bbox_1_hybrid: 0.2464 (0.3496)  loss_giou_1_hybrid: 0.2973 (0.4123)  loss_class_2_hybrid: 0.9598 (1.3201)  loss_bbox_2_hybrid: 0.2331 (0.3457)  loss_giou_2_hybrid: 0.2947 (0.4042)  loss_class_3_hybrid: 0.9080 (1.2758)  loss_bbox_3_hybrid: 0.2347 (0.3481)  loss_giou_3_hybrid: 0.3028 (0.4049)  loss_class_4_hybrid: 0.8854 (1.2498)  loss_bbox_4_hybrid: 0.2372 (0.3500)  loss_giou_4_hybrid: 0.2989 (0.4057)  loss_class_enc_hybrid: 1.1284 (1.5324)  loss_bbox_enc_hybrid: 0.3271 (0.4278)  loss_giou_enc_hybrid: 0.3983 (0.5107)  mem: 1005  max mem: 40949
[2026-07-03 19:21:18 accelerate.tracking]: [RANK 0] Successfully logged to TensorBoard
[2026-07-03 19:22:29 det.util.engine]: Epoch: [0]  [1950/2405]  eta: 0:10:44  lr: 0.000100  data_time: 0.0057  iter_time: 1.3599  loss: 30.0717 (41.9005)  loss_class: 0.9009 (1.2446)  loss_bbox: 0.2099 (0.3262)  loss_giou: 0.3080 (0.3931)  loss_class_0: 1.1861 (1.7960)  loss_bbox_0: 0.2350 (0.3252)  loss_giou_0: 0.3172 (0.4061)  loss_class_1: 1.0043 (1.4658)  loss_bbox_1: 0.2279 (0.3278)  loss_giou_1: 0.3060 (0.4010)  loss_class_2: 0.9852 (1.3464)  loss_bbox_2: 0.2010 (0.3243)  loss_giou_2: 0.2934 (0.3938)  loss_class_3: 0.9227 (1.2863)  loss_bbox_3: 0.2109 (0.3233)  loss_giou_3: 0.3127 (0.3922)  loss_class_4: 0.9299 (1.2461)  loss_bbox_4: 0.1986 (0.3250)  loss_giou_4: 0.3070 (0.3922)  loss_class_enc: 1.1895 (1.7252)  loss_bbox_enc: 0.2937 (0.3725)  loss_giou_enc: 0.3925 (0.4680)  loss_class_dn: 0.4811 (0.6988)  loss_bbox_dn: 0.3196 (0.5821)  loss_giou_dn: 0.4080 (0.5503)  loss_class_dn_0: 0.5941 (0.8798)  loss_bbox_dn_0: 0.4833 (0.7157)  loss_giou_dn_0: 0.5793 (0.6973)  loss_class_dn_1: 0.5370 (0.7874)  loss_bbox_dn_1: 0.3511 (0.6184)  loss_giou_dn_1: 0.4554 (0.5920)  loss_class_dn_2: 0.5017 (0.7441)  loss_bbox_dn_2: 0.3278 (0.5850)  loss_giou_dn_2: 0.4117 (0.5577)  loss_class_dn_3: 0.4760 (0.7185)  loss_bbox_dn_3: 0.3211 (0.5845)  loss_giou_dn_3: 0.4079 (0.5537)  loss_class_dn_4: 0.4682 (0.7007)  loss_bbox_dn_4: 0.3189 (0.5821)  loss_giou_dn_4: 0.4083 (0.5502)  loss_class_hybrid: 0.9754 (1.2255)  loss_bbox_hybrid: 0.2179 (0.3496)  loss_giou_hybrid: 0.3073 (0.4050)  loss_class_0_hybrid: 1.0571 (1.5032)  loss_bbox_0_hybrid: 0.2262 (0.3565)  loss_giou_0_hybrid: 0.3412 (0.4265)  loss_class_1_hybrid: 1.0188 (1.3761)  loss_bbox_1_hybrid: 0.2292 (0.3479)  loss_giou_1_hybrid: 0.3111 (0.4107)  loss_class_2_hybrid: 1.0192 (1.3100)  loss_bbox_2_hybrid: 0.2183 (0.3439)  loss_giou_2_hybrid: 0.3039 (0.4026)  loss_class_3_hybrid: 0.9483 (1.2661)  loss_bbox_3_hybrid: 0.2179 (0.3463)  loss_giou_3_hybrid: 0.3097 (0.4032)  loss_class_4_hybrid: 0.9655 (1.2407)  loss_bbox_4_hybrid: 0.2179 (0.3480)  loss_giou_4_hybrid: 0.3076 (0.4040)  loss_class_enc_hybrid: 1.0346 (1.5206)  loss_bbox_enc_hybrid: 0.3043 (0.4259)  loss_giou_enc_hybrid: 0.3966 (0.5089)  mem: 1063  max mem: 40949
[2026-07-03 19:22:29 accelerate.tracking]: [RANK 0] Successfully logged to TensorBoard
[2026-07-03 19:23:40 det.util.engine]: Epoch: [0]  [2000/2405]  eta: 0:09:33  lr: 0.000100  data_time: 0.0059  iter_time: 1.4360  loss: 29.9005 (41.5914)  loss_class: 0.7719 (1.2336)  loss_bbox: 0.2435 (0.3243)  loss_giou: 0.3046 (0.3914)  loss_class_0: 1.1718 (1.7804)  loss_bbox_0: 0.2381 (0.3235)  loss_giou_0: 0.3391 (0.4043)  loss_class_1: 0.9000 (1.4525)  loss_bbox_1: 0.2400 (0.3259)  loss_giou_1: 0.3348 (0.3992)  loss_class_2: 0.8606 (1.3348)  loss_bbox_2: 0.2243 (0.3223)  loss_giou_2: 0.3067 (0.3920)  loss_class_3: 0.7962 (1.2745)  loss_bbox_3: 0.2230 (0.3216)  loss_giou_3: 0.3241 (0.3906)  loss_class_4: 0.8010 (1.2350)  loss_bbox_4: 0.2415 (0.3232)  loss_giou_4: 0.2989 (0.3905)  loss_class_enc: 1.1918 (1.7114)  loss_bbox_enc: 0.2864 (0.3708)  loss_giou_enc: 0.3700 (0.4661)  loss_class_dn: 0.4611 (0.6928)  loss_bbox_dn: 0.3470 (0.5766)  loss_giou_dn: 0.3993 (0.5466)  loss_class_dn_0: 0.6136 (0.8728)  loss_bbox_dn_0: 0.4854 (0.7106)  loss_giou_dn_0: 0.5410 (0.6937)  loss_class_dn_1: 0.5584 (0.7811)  loss_bbox_dn_1: 0.3759 (0.6130)  loss_giou_dn_1: 0.4396 (0.5883)  loss_class_dn_2: 0.5054 (0.7375)  loss_bbox_dn_2: 0.3553 (0.5796)  loss_giou_dn_2: 0.4131 (0.5540)  loss_class_dn_3: 0.4801 (0.7121)  loss_bbox_dn_3: 0.3475 (0.5789)  loss_giou_dn_3: 0.4023 (0.5499)  loss_class_dn_4: 0.4667 (0.6946)  loss_bbox_dn_4: 0.3471 (0.5766)  loss_giou_dn_4: 0.3991 (0.5464)  loss_class_hybrid: 0.8735 (1.2170)  loss_bbox_hybrid: 0.2222 (0.3470)  loss_giou_hybrid: 0.3103 (0.4029)  loss_class_0_hybrid: 1.0618 (1.4917)  loss_bbox_0_hybrid: 0.2514 (0.3542)  loss_giou_0_hybrid: 0.3332 (0.4244)  loss_class_1_hybrid: 0.9353 (1.3656)  loss_bbox_1_hybrid: 0.2342 (0.3454)  loss_giou_1_hybrid: 0.3081 (0.4086)  loss_class_2_hybrid: 0.9731 (1.3003)  loss_bbox_2_hybrid: 0.2034 (0.3413)  loss_giou_2_hybrid: 0.3127 (0.4006)  loss_class_3_hybrid: 0.9060 (1.2565)  loss_bbox_3_hybrid: 0.2072 (0.3438)  loss_giou_3_hybrid: 0.3166 (0.4012)  loss_class_4_hybrid: 0.8749 (1.2316)  loss_bbox_4_hybrid: 0.2102 (0.3455)  loss_giou_4_hybrid: 0.3125 (0.4019)  loss_class_enc_hybrid: 1.0718 (1.5093)  loss_bbox_enc_hybrid: 0.2978 (0.4231)  loss_giou_enc_hybrid: 0.3895 (0.5063)  mem: 1013  max mem: 40949
[2026-07-03 19:23:40 accelerate.tracking]: [RANK 0] Successfully logged to TensorBoard
[2026-07-03 19:24:53 det.util.engine]: Epoch: [0]  [2050/2405]  eta: 0:08:23  lr: 0.000100  data_time: 0.0057  iter_time: 1.4747  loss: 29.4331 (41.3144)  loss_class: 0.8090 (1.2247)  loss_bbox: 0.1966 (0.3220)  loss_giou: 0.3004 (0.3897)  loss_class_0: 1.1077 (1.7660)  loss_bbox_0: 0.2151 (0.3215)  loss_giou_0: 0.3107 (0.4027)  loss_class_1: 0.9389 (1.4411)  loss_bbox_1: 0.2031 (0.3237)  loss_giou_1: 0.2936 (0.3974)  loss_class_2: 0.8387 (1.3246)  loss_bbox_2: 0.1996 (0.3201)  loss_giou_2: 0.2884 (0.3904)  loss_class_3: 0.8228 (1.2651)  loss_bbox_3: 0.1969 (0.3192)  loss_giou_3: 0.2978 (0.3889)  loss_class_4: 0.8240 (1.2262)  loss_bbox_4: 0.1975 (0.3209)  loss_giou_4: 0.3028 (0.3888)  loss_class_enc: 1.1561 (1.6988)  loss_bbox_enc: 0.2523 (0.3686)  loss_giou_enc: 0.3939 (0.4644)  loss_class_dn: 0.4775 (0.6877)  loss_bbox_dn: 0.3292 (0.5712)  loss_giou_dn: 0.3857 (0.5434)  loss_class_dn_0: 0.6079 (0.8663)  loss_bbox_dn_0: 0.4874 (0.7055)  loss_giou_dn_0: 0.5500 (0.6907)  loss_class_dn_1: 0.5369 (0.7752)  loss_bbox_dn_1: 0.3796 (0.6078)  loss_giou_dn_1: 0.4360 (0.5851)  loss_class_dn_2: 0.4996 (0.7317)  loss_bbox_dn_2: 0.3369 (0.5743)  loss_giou_dn_2: 0.3954 (0.5508)  loss_class_dn_3: 0.4792 (0.7065)  loss_bbox_dn_3: 0.3310 (0.5736)  loss_giou_dn_3: 0.3871 (0.5466)  loss_class_dn_4: 0.4670 (0.6893)  loss_bbox_dn_4: 0.3291 (0.5713)  loss_giou_dn_4: 0.3858 (0.5432)  loss_class_hybrid: 0.8673 (1.2104)  loss_bbox_hybrid: 0.2027 (0.3443)  loss_giou_hybrid: 0.2908 (0.4010)  loss_class_0_hybrid: 1.0249 (1.4818)  loss_bbox_0_hybrid: 0.2236 (0.3516)  loss_giou_0_hybrid: 0.3144 (0.4225)  loss_class_1_hybrid: 0.9791 (1.3568)  loss_bbox_1_hybrid: 0.2093 (0.3429)  loss_giou_1_hybrid: 0.3099 (0.4068)  loss_class_2_hybrid: 0.8926 (1.2927)  loss_bbox_2_hybrid: 0.1978 (0.3388)  loss_giou_2_hybrid: 0.2929 (0.3987)  loss_class_3_hybrid: 0.8763 (1.2490)  loss_bbox_3_hybrid: 0.1942 (0.3412)  loss_giou_3_hybrid: 0.2963 (0.3994)  loss_class_4_hybrid: 0.8960 (1.2245)  loss_bbox_4_hybrid: 0.2062 (0.3429)  loss_giou_4_hybrid: 0.2948 (0.4000)  loss_class_enc_hybrid: 1.0800 (1.4997)  loss_bbox_enc_hybrid: 0.2712 (0.4202)  loss_giou_enc_hybrid: 0.3840 (0.5041)  mem: 1020  max mem: 40949
[2026-07-03 19:24:53 accelerate.tracking]: [RANK 0] Successfully logged to TensorBoard
[2026-07-03 19:26:05 det.util.engine]: Epoch: [0]  [2100/2405]  eta: 0:07:12  lr: 0.000100  data_time: 0.0060  iter_time: 1.4623  loss: 28.9647 (41.0345)  loss_class: 0.7449 (1.2145)  loss_bbox: 0.2353 (0.3205)  loss_giou: 0.2861 (0.3880)  loss_class_0: 1.0955 (1.7509)  loss_bbox_0: 0.2531 (0.3202)  loss_giou_0: 0.2785 (0.4009)  loss_class_1: 0.8437 (1.4292)  loss_bbox_1: 0.2158 (0.3220)  loss_giou_1: 0.2841 (0.3954)  loss_class_2: 0.7660 (1.3137)  loss_bbox_2: 0.2095 (0.3185)  loss_giou_2: 0.2851 (0.3886)  loss_class_3: 0.7541 (1.2549)  loss_bbox_3: 0.2111 (0.3176)  loss_giou_3: 0.2652 (0.3870)  loss_class_4: 0.7708 (1.2162)  loss_bbox_4: 0.2390 (0.3193)  loss_giou_4: 0.3012 (0.3871)  loss_class_enc: 1.0845 (1.6857)  loss_bbox_enc: 0.2943 (0.3675)  loss_giou_enc: 0.3612 (0.4625)  loss_class_dn: 0.4232 (0.6823)  loss_bbox_dn: 0.3181 (0.5665)  loss_giou_dn: 0.3493 (0.5397)  loss_class_dn_0: 0.6173 (0.8601)  loss_bbox_dn_0: 0.5380 (0.7015)  loss_giou_dn_0: 0.5344 (0.6873)  loss_class_dn_1: 0.5315 (0.7694)  loss_bbox_dn_1: 0.4004 (0.6034)  loss_giou_dn_1: 0.4210 (0.5815)  loss_class_dn_2: 0.4818 (0.7259)  loss_bbox_dn_2: 0.3446 (0.5697)  loss_giou_dn_2: 0.3684 (0.5472)  loss_class_dn_3: 0.4413 (0.7008)  loss_bbox_dn_3: 0.3299 (0.5688)  loss_giou_dn_3: 0.3564 (0.5430)  loss_class_dn_4: 0.4254 (0.6839)  loss_bbox_dn_4: 0.3179 (0.5665)  loss_giou_dn_4: 0.3492 (0.5395)  loss_class_hybrid: 0.8069 (1.2026)  loss_bbox_hybrid: 0.2296 (0.3422)  loss_giou_hybrid: 0.2678 (0.3989)  loss_class_0_hybrid: 0.9969 (1.4715)  loss_bbox_0_hybrid: 0.2529 (0.3497)  loss_giou_0_hybrid: 0.3064 (0.4204)  loss_class_1_hybrid: 0.9452 (1.3475)  loss_bbox_1_hybrid: 0.2448 (0.3409)  loss_giou_1_hybrid: 0.2928 (0.4047)  loss_class_2_hybrid: 0.8522 (1.2837)  loss_bbox_2_hybrid: 0.2237 (0.3368)  loss_giou_2_hybrid: 0.2709 (0.3968)  loss_class_3_hybrid: 0.8317 (1.2405)  loss_bbox_3_hybrid: 0.2146 (0.3391)  loss_giou_3_hybrid: 0.2654 (0.3974)  loss_class_4_hybrid: 0.8055 (1.2163)  loss_bbox_4_hybrid: 0.2333 (0.3408)  loss_giou_4_hybrid: 0.2653 (0.3980)  loss_class_enc_hybrid: 1.0587 (1.4892)  loss_bbox_enc_hybrid: 0.3219 (0.4183)  loss_giou_enc_hybrid: 0.3741 (0.5018)  mem: 1001  max mem: 40949
[2026-07-03 19:26:05 accelerate.tracking]: [RANK 0] Successfully logged to TensorBoard
[2026-07-03 19:27:15 det.util.engine]: Epoch: [0]  [2150/2405]  eta: 0:06:01  lr: 0.000100  data_time: 0.0060  iter_time: 1.4243  loss: 28.7183 (40.7704)  loss_class: 0.7716 (1.2050)  loss_bbox: 0.2346 (0.3190)  loss_giou: 0.3018 (0.3865)  loss_class_0: 1.1233 (1.7376)  loss_bbox_0: 0.2514 (0.3189)  loss_giou_0: 0.3205 (0.3995)  loss_class_1: 0.9037 (1.4178)  loss_bbox_1: 0.2426 (0.3204)  loss_giou_1: 0.2999 (0.3939)  loss_class_2: 0.8524 (1.3034)  loss_bbox_2: 0.2431 (0.3170)  loss_giou_2: 0.2907 (0.3871)  loss_class_3: 0.7299 (1.2446)  loss_bbox_3: 0.2429 (0.3163)  loss_giou_3: 0.3006 (0.3857)  loss_class_4: 0.7352 (1.2065)  loss_bbox_4: 0.2348 (0.3181)  loss_giou_4: 0.3019 (0.3857)  loss_class_enc: 1.1554 (1.6734)  loss_bbox_enc: 0.2615 (0.3659)  loss_giou_enc: 0.3820 (0.4610)  loss_class_dn: 0.4273 (0.6771)  loss_bbox_dn: 0.3390 (0.5618)  loss_giou_dn: 0.3960 (0.5365)  loss_class_dn_0: 0.5710 (0.8540)  loss_bbox_dn_0: 0.4638 (0.6969)  loss_giou_dn_0: 0.5593 (0.6841)  loss_class_dn_1: 0.5005 (0.7638)  loss_bbox_dn_1: 0.3735 (0.5987)  loss_giou_dn_1: 0.4640 (0.5783)  loss_class_dn_2: 0.4577 (0.7203)  loss_bbox_dn_2: 0.3427 (0.5652)  loss_giou_dn_2: 0.4078 (0.5440)  loss_class_dn_3: 0.4324 (0.6953)  loss_bbox_dn_3: 0.3394 (0.5641)  loss_giou_dn_3: 0.3972 (0.5397)  loss_class_dn_4: 0.4260 (0.6786)  loss_bbox_dn_4: 0.3389 (0.5619)  loss_giou_dn_4: 0.3954 (0.5363)  loss_class_hybrid: 0.8457 (1.1957)  loss_bbox_hybrid: 0.2116 (0.3400)  loss_giou_hybrid: 0.3089 (0.3970)  loss_class_0_hybrid: 0.9929 (1.4621)  loss_bbox_0_hybrid: 0.2250 (0.3477)  loss_giou_0_hybrid: 0.3218 (0.4185)  loss_class_1_hybrid: 0.9522 (1.3389)  loss_bbox_1_hybrid: 0.2285 (0.3389)  loss_giou_1_hybrid: 0.3182 (0.4028)  loss_class_2_hybrid: 0.9004 (1.2753)  loss_bbox_2_hybrid: 0.2200 (0.3348)  loss_giou_2_hybrid: 0.3141 (0.3949)  loss_class_3_hybrid: 0.8125 (1.2324)  loss_bbox_3_hybrid: 0.2265 (0.3371)  loss_giou_3_hybrid: 0.3104 (0.3956)  loss_class_4_hybrid: 0.8682 (1.2088)  loss_bbox_4_hybrid: 0.2157 (0.3388)  loss_giou_4_hybrid: 0.3070 (0.3961)  loss_class_enc_hybrid: 0.9885 (1.4788)  loss_bbox_enc_hybrid: 0.2928 (0.4161)  loss_giou_enc_hybrid: 0.3992 (0.4998)  mem: 1042  max mem: 40949
[2026-07-03 19:27:15 accelerate.tracking]: [RANK 0] Successfully logged to TensorBoard
[2026-07-03 19:28:25 det.util.engine]: Epoch: [0]  [2200/2405]  eta: 0:04:50  lr: 0.000100  data_time: 0.0060  iter_time: 1.4365  loss: 29.6179 (40.5081)  loss_class: 0.8070 (1.1952)  loss_bbox: 0.2391 (0.3177)  loss_giou: 0.3078 (0.3852)  loss_class_0: 1.1468 (1.7239)  loss_bbox_0: 0.2141 (0.3175)  loss_giou_0: 0.2975 (0.3980)  loss_class_1: 0.9322 (1.4070)  loss_bbox_1: 0.2172 (0.3189)  loss_giou_1: 0.3026 (0.3923)  loss_class_2: 0.8066 (1.2932)  loss_bbox_2: 0.2406 (0.3155)  loss_giou_2: 0.3058 (0.3855)  loss_class_3: 0.8188 (1.2345)  loss_bbox_3: 0.2400 (0.3149)  loss_giou_3: 0.3087 (0.3843)  loss_class_4: 0.8162 (1.1969)  loss_bbox_4: 0.2389 (0.3167)  loss_giou_4: 0.3071 (0.3844)  loss_class_enc: 1.1598 (1.6614)  loss_bbox_enc: 0.2555 (0.3644)  loss_giou_enc: 0.3617 (0.4593)  loss_class_dn: 0.4121 (0.6718)  loss_bbox_dn: 0.3427 (0.5572)  loss_giou_dn: 0.3912 (0.5332)  loss_class_dn_0: 0.5888 (0.8478)  loss_bbox_dn_0: 0.4755 (0.6928)  loss_giou_dn_0: 0.5483 (0.6811)  loss_class_dn_1: 0.4969 (0.7580)  loss_bbox_dn_1: 0.3642 (0.5943)  loss_giou_dn_1: 0.4377 (0.5751)  loss_class_dn_2: 0.4464 (0.7146)  loss_bbox_dn_2: 0.3477 (0.5607)  loss_giou_dn_2: 0.4001 (0.5408)  loss_class_dn_3: 0.4196 (0.6896)  loss_bbox_dn_3: 0.3432 (0.5595)  loss_giou_dn_3: 0.3928 (0.5364)  loss_class_dn_4: 0.4114 (0.6733)  loss_bbox_dn_4: 0.3427 (0.5573)  loss_giou_dn_4: 0.3899 (0.5330)  loss_class_hybrid: 0.8756 (1.1881)  loss_bbox_hybrid: 0.2307 (0.3381)  loss_giou_hybrid: 0.3215 (0.3953)  loss_class_0_hybrid: 0.9853 (1.4527)  loss_bbox_0_hybrid: 0.2268 (0.3458)  loss_giou_0_hybrid: 0.3311 (0.4166)  loss_class_1_hybrid: 0.9378 (1.3305)  loss_bbox_1_hybrid: 0.2340 (0.3369)  loss_giou_1_hybrid: 0.3150 (0.4010)  loss_class_2_hybrid: 0.8649 (1.2671)  loss_bbox_2_hybrid: 0.2343 (0.3329)  loss_giou_2_hybrid: 0.3090 (0.3932)  loss_class_3_hybrid: 0.8371 (1.2243)  loss_bbox_3_hybrid: 0.2344 (0.3352)  loss_giou_3_hybrid: 0.3201 (0.3938)  loss_class_4_hybrid: 0.8597 (1.2011)  loss_bbox_4_hybrid: 0.2285 (0.3368)  loss_giou_4_hybrid: 0.3190 (0.3944)  loss_class_enc_hybrid: 1.0681 (1.4695)  loss_bbox_enc_hybrid: 0.2830 (0.4140)  loss_giou_enc_hybrid: 0.3929 (0.4976)  mem: 1029  max mem: 40949
[2026-07-03 19:28:25 accelerate.tracking]: [RANK 0] Successfully logged to TensorBoard
[2026-07-03 19:29:36 det.util.engine]: Epoch: [0]  [2250/2405]  eta: 0:03:39  lr: 0.000100  data_time: 0.0057  iter_time: 1.3824  loss: 30.6630 (40.2731)  loss_class: 0.8490 (1.1867)  loss_bbox: 0.2640 (0.3167)  loss_giou: 0.3528 (0.3842)  loss_class_0: 1.1886 (1.7111)  loss_bbox_0: 0.2711 (0.3163)  loss_giou_0: 0.3408 (0.3970)  loss_class_1: 1.0273 (1.3967)  loss_bbox_1: 0.2697 (0.3177)  loss_giou_1: 0.3488 (0.3913)  loss_class_2: 0.8716 (1.2842)  loss_bbox_2: 0.2611 (0.3143)  loss_giou_2: 0.3345 (0.3845)  loss_class_3: 0.8851 (1.2256)  loss_bbox_3: 0.2547 (0.3138)  loss_giou_3: 0.3352 (0.3833)  loss_class_4: 0.8220 (1.1885)  loss_bbox_4: 0.2556 (0.3157)  loss_giou_4: 0.3518 (0.3834)  loss_class_enc: 1.1834 (1.6499)  loss_bbox_enc: 0.3070 (0.3631)  loss_giou_enc: 0.3915 (0.4581)  loss_class_dn: 0.4553 (0.6671)  loss_bbox_dn: 0.3388 (0.5527)  loss_giou_dn: 0.4124 (0.5302)  loss_class_dn_0: 0.5962 (0.8422)  loss_bbox_dn_0: 0.4812 (0.6885)  loss_giou_dn_0: 0.5610 (0.6782)  loss_class_dn_1: 0.5352 (0.7530)  loss_bbox_dn_1: 0.3911 (0.5899)  loss_giou_dn_1: 0.4549 (0.5722)  loss_class_dn_2: 0.4800 (0.7095)  loss_bbox_dn_2: 0.3541 (0.5563)  loss_giou_dn_2: 0.4238 (0.5379)  loss_class_dn_3: 0.4690 (0.6846)  loss_bbox_dn_3: 0.3401 (0.5550)  loss_giou_dn_3: 0.4130 (0.5335)  loss_class_dn_4: 0.4576 (0.6684)  loss_bbox_dn_4: 0.3391 (0.5528)  loss_giou_dn_4: 0.4114 (0.5301)  loss_class_hybrid: 0.9114 (1.1815)  loss_bbox_hybrid: 0.2272 (0.3363)  loss_giou_hybrid: 0.3227 (0.3940)  loss_class_0_hybrid: 1.0972 (1.4438)  loss_bbox_0_hybrid: 0.2313 (0.3442)  loss_giou_0_hybrid: 0.3320 (0.4153)  loss_class_1_hybrid: 1.0293 (1.3222)  loss_bbox_1_hybrid: 0.2322 (0.3353)  loss_giou_1_hybrid: 0.3178 (0.3998)  loss_class_2_hybrid: 0.9396 (1.2592)  loss_bbox_2_hybrid: 0.2313 (0.3313)  loss_giou_2_hybrid: 0.3298 (0.3921)  loss_class_3_hybrid: 0.9142 (1.2169)  loss_bbox_3_hybrid: 0.2255 (0.3336)  loss_giou_3_hybrid: 0.3311 (0.3926)  loss_class_4_hybrid: 0.9180 (1.1940)  loss_bbox_4_hybrid: 0.2245 (0.3351)  loss_giou_4_hybrid: 0.3258 (0.3932)  loss_class_enc_hybrid: 1.0675 (1.4601)  loss_bbox_enc_hybrid: 0.3053 (0.4122)  loss_giou_enc_hybrid: 0.4187 (0.4960)  mem: 1055  max mem: 40949
[2026-07-03 19:29:36 accelerate.tracking]: [RANK 0] Successfully logged to TensorBoard
[2026-07-03 19:30:47 det.util.engine]: Epoch: [0]  [2300/2405]  eta: 0:02:28  lr: 0.000100  data_time: 0.0056  iter_time: 1.3706  loss: 29.5470 (40.0451)  loss_class: 0.8546 (1.1785)  loss_bbox: 0.2369 (0.3156)  loss_giou: 0.2952 (0.3830)  loss_class_0: 1.1337 (1.6979)  loss_bbox_0: 0.2741 (0.3155)  loss_giou_0: 0.3365 (0.3960)  loss_class_1: 0.9731 (1.3875)  loss_bbox_1: 0.2435 (0.3165)  loss_giou_1: 0.3018 (0.3899)  loss_class_2: 0.9168 (1.2761)  loss_bbox_2: 0.2294 (0.3129)  loss_giou_2: 0.2950 (0.3830)  loss_class_3: 0.8654 (1.2171)  loss_bbox_3: 0.2327 (0.3128)  loss_giou_3: 0.2951 (0.3821)  loss_class_4: 0.8897 (1.1805)  loss_bbox_4: 0.2373 (0.3146)  loss_giou_4: 0.3071 (0.3821)  loss_class_enc: 1.1267 (1.6383)  loss_bbox_enc: 0.3179 (0.3622)  loss_giou_enc: 0.3916 (0.4567)  loss_class_dn: 0.4274 (0.6621)  loss_bbox_dn: 0.3468 (0.5491)  loss_giou_dn: 0.4083 (0.5274)  loss_class_dn_0: 0.5631 (0.8364)  loss_bbox_dn_0: 0.4917 (0.6851)  loss_giou_dn_0: 0.5426 (0.6754)  loss_class_dn_1: 0.5112 (0.7475)  loss_bbox_dn_1: 0.3870 (0.5864)  loss_giou_dn_1: 0.4421 (0.5694)  loss_class_dn_2: 0.4619 (0.7041)  loss_bbox_dn_2: 0.3546 (0.5527)  loss_giou_dn_2: 0.4099 (0.5352)  loss_class_dn_3: 0.4384 (0.6794)  loss_bbox_dn_3: 0.3461 (0.5513)  loss_giou_dn_3: 0.4068 (0.5306)  loss_class_dn_4: 0.4374 (0.6634)  loss_bbox_dn_4: 0.3466 (0.5491)  loss_giou_dn_4: 0.4080 (0.5273)  loss_class_hybrid: 0.9185 (1.1752)  loss_bbox_hybrid: 0.2516 (0.3346)  loss_giou_hybrid: 0.3310 (0.3925)  loss_class_0_hybrid: 1.0286 (1.4346)  loss_bbox_0_hybrid: 0.2595 (0.3427)  loss_giou_0_hybrid: 0.3623 (0.4139)  loss_class_1_hybrid: 0.9659 (1.3145)  loss_bbox_1_hybrid: 0.2298 (0.3338)  loss_giou_1_hybrid: 0.3251 (0.3983)  loss_class_2_hybrid: 0.9347 (1.2523)  loss_bbox_2_hybrid: 0.2315 (0.3297)  loss_giou_2_hybrid: 0.3217 (0.3905)  loss_class_3_hybrid: 0.8939 (1.2102)  loss_bbox_3_hybrid: 0.2455 (0.3320)  loss_giou_3_hybrid: 0.3308 (0.3911)  loss_class_4_hybrid: 0.9241 (1.1875)  loss_bbox_4_hybrid: 0.2514 (0.3335)  loss_giou_4_hybrid: 0.3302 (0.3916)  loss_class_enc_hybrid: 1.0565 (1.4510)  loss_bbox_enc_hybrid: 0.3217 (0.4106)  loss_giou_enc_hybrid: 0.4127 (0.4942)  mem: 1020  max mem: 40949
[2026-07-03 19:30:47 accelerate.tracking]: [RANK 0] Successfully logged to TensorBoard
[2026-07-03 19:31:59 det.util.engine]: Epoch: [0]  [2350/2405]  eta: 0:01:17  lr: 0.000100  data_time: 0.0060  iter_time: 1.4491  loss: 29.1798 (39.8143)  loss_class: 0.7850 (1.1706)  loss_bbox: 0.2901 (0.3142)  loss_giou: 0.3020 (0.3817)  loss_class_0: 1.0914 (1.6848)  loss_bbox_0: 0.2964 (0.3146)  loss_giou_0: 0.3451 (0.3949)  loss_class_1: 0.9400 (1.3778)  loss_bbox_1: 0.2565 (0.3149)  loss_giou_1: 0.3299 (0.3885)  loss_class_2: 0.8426 (1.2675)  loss_bbox_2: 0.2805 (0.3115)  loss_giou_2: 0.2958 (0.3816)  loss_class_3: 0.7887 (1.2089)  loss_bbox_3: 0.2885 (0.3114)  loss_giou_3: 0.3006 (0.3808)  loss_class_4: 0.8078 (1.1728)  loss_bbox_4: 0.2894 (0.3132)  loss_giou_4: 0.3016 (0.3808)  loss_class_enc: 1.0684 (1.6264)  loss_bbox_enc: 0.3080 (0.3611)  loss_giou_enc: 0.3748 (0.4557)  loss_class_dn: 0.4467 (0.6577)  loss_bbox_dn: 0.3774 (0.5451)  loss_giou_dn: 0.3962 (0.5246)  loss_class_dn_0: 0.5731 (0.8310)  loss_bbox_dn_0: 0.4865 (0.6814)  loss_giou_dn_0: 0.5406 (0.6726)  loss_class_dn_1: 0.5057 (0.7426)  loss_bbox_dn_1: 0.4137 (0.5824)  loss_giou_dn_1: 0.4439 (0.5665)  loss_class_dn_2: 0.4601 (0.6992)  loss_bbox_dn_2: 0.3867 (0.5487)  loss_giou_dn_2: 0.4103 (0.5324)  loss_class_dn_3: 0.4521 (0.6747)  loss_bbox_dn_3: 0.3781 (0.5473)  loss_giou_dn_3: 0.4006 (0.5277)  loss_class_dn_4: 0.4496 (0.6589)  loss_bbox_dn_4: 0.3772 (0.5451)  loss_giou_dn_4: 0.3957 (0.5244)  loss_class_hybrid: 0.8551 (1.1690)  loss_bbox_hybrid: 0.2486 (0.3328)  loss_giou_hybrid: 0.2892 (0.3909)  loss_class_0_hybrid: 1.0043 (1.4257)  loss_bbox_0_hybrid: 0.2646 (0.3412)  loss_giou_0_hybrid: 0.3488 (0.4125)  loss_class_1_hybrid: 0.9395 (1.3064)  loss_bbox_1_hybrid: 0.2685 (0.3321)  loss_giou_1_hybrid: 0.3145 (0.3968)  loss_class_2_hybrid: 0.8216 (1.2448)  loss_bbox_2_hybrid: 0.2625 (0.3279)  loss_giou_2_hybrid: 0.2946 (0.3891)  loss_class_3_hybrid: 0.8336 (1.2034)  loss_bbox_3_hybrid: 0.2501 (0.3302)  loss_giou_3_hybrid: 0.2918 (0.3897)  loss_class_4_hybrid: 0.8458 (1.1811)  loss_bbox_4_hybrid: 0.2491 (0.3316)  loss_giou_4_hybrid: 0.2894 (0.3901)  loss_class_enc_hybrid: 0.9926 (1.4414)  loss_bbox_enc_hybrid: 0.3248 (0.4090)  loss_giou_enc_hybrid: 0.4095 (0.4927)  mem: 1017  max mem: 40949
[2026-07-03 19:31:59 accelerate.tracking]: [RANK 0] Successfully logged to TensorBoard
[2026-07-03 19:33:11 det.util.engine]: Epoch: [0]  [2400/2405]  eta: 0:00:07  lr: 0.000100  data_time: 0.0056  iter_time: 1.4312  loss: 26.0386 (39.5734)  loss_class: 0.7341 (1.1620)  loss_bbox: 0.2161 (0.3129)  loss_giou: 0.2890 (0.3802)  loss_class_0: 1.0114 (1.6720)  loss_bbox_0: 0.2223 (0.3135)  loss_giou_0: 0.2990 (0.3937)  loss_class_1: 0.7879 (1.3678)  loss_bbox_1: 0.1982 (0.3137)  loss_giou_1: 0.3006 (0.3871)  loss_class_2: 0.7981 (1.2585)  loss_bbox_2: 0.1834 (0.3102)  loss_giou_2: 0.2785 (0.3801)  loss_class_3: 0.7208 (1.1998)  loss_bbox_3: 0.1916 (0.3102)  loss_giou_3: 0.2799 (0.3794)  loss_class_4: 0.7083 (1.1642)  loss_bbox_4: 0.1893 (0.3119)  loss_giou_4: 0.2808 (0.3794)  loss_class_enc: 1.0230 (1.6152)  loss_bbox_enc: 0.2781 (0.3600)  loss_giou_enc: 0.3740 (0.4542)  loss_class_dn: 0.4058 (0.6531)  loss_bbox_dn: 0.2591 (0.5407)  loss_giou_dn: 0.3470 (0.5214)  loss_class_dn_0: 0.5600 (0.8259)  loss_bbox_dn_0: 0.4363 (0.6774)  loss_giou_dn_0: 0.5173 (0.6698)  loss_class_dn_1: 0.4813 (0.7376)  loss_bbox_dn_1: 0.3416 (0.5783)  loss_giou_dn_1: 0.4018 (0.5635)  loss_class_dn_2: 0.4222 (0.6942)  loss_bbox_dn_2: 0.2905 (0.5445)  loss_giou_dn_2: 0.3523 (0.5292)  loss_class_dn_3: 0.4041 (0.6698)  loss_bbox_dn_3: 0.2679 (0.5429)  loss_giou_dn_3: 0.3464 (0.5245)  loss_class_dn_4: 0.4058 (0.6543)  loss_bbox_dn_4: 0.2588 (0.5408)  loss_giou_dn_4: 0.3475 (0.5212)  loss_class_hybrid: 0.8044 (1.1618)  loss_bbox_hybrid: 0.2041 (0.3311)  loss_giou_hybrid: 0.2815 (0.3893)  loss_class_0_hybrid: 0.9733 (1.4166)  loss_bbox_0_hybrid: 0.2094 (0.3396)  loss_giou_0_hybrid: 0.2999 (0.4108)  loss_class_1_hybrid: 0.8249 (1.2979)  loss_bbox_1_hybrid: 0.1989 (0.3305)  loss_giou_1_hybrid: 0.2882 (0.3953)  loss_class_2_hybrid: 0.8290 (1.2369)  loss_bbox_2_hybrid: 0.2047 (0.3263)  loss_giou_2_hybrid: 0.2689 (0.3875)  loss_class_3_hybrid: 0.8138 (1.1955)  loss_bbox_3_hybrid: 0.2032 (0.3286)  loss_giou_3_hybrid: 0.2746 (0.3881)  loss_class_4_hybrid: 0.7919 (1.1736)  loss_bbox_4_hybrid: 0.2029 (0.3301)  loss_giou_4_hybrid: 0.2718 (0.3885)  loss_class_enc_hybrid: 0.9938 (1.4325)  loss_bbox_enc_hybrid: 0.2832 (0.4070)  loss_giou_enc_hybrid: 0.3649 (0.4907)  mem: 1008  max mem: 40949
[2026-07-03 19:33:11 accelerate.tracking]: [RANK 0] Successfully logged to TensorBoard
[2026-07-03 19:33:16 det.util.engine]: Averaged stats: lr: 0.000100  data_time: 0.0054  iter_time: 1.4365  loss: 27.3561 (39.5590)  loss_class: 0.7601 (1.1616)  loss_bbox: 0.2197 (0.3128)  loss_giou: 0.2890 (0.3801)  loss_class_0: 1.0432 (1.6711)  loss_bbox_0: 0.2256 (0.3135)  loss_giou_0: 0.3165 (0.3937)  loss_class_1: 0.8107 (1.3672)  loss_bbox_1: 0.2443 (0.3136)  loss_giou_1: 0.3118 (0.3870)  loss_class_2: 0.7981 (1.2580)  loss_bbox_2: 0.1923 (0.3101)  loss_giou_2: 0.2791 (0.3801)  loss_class_3: 0.7447 (1.1994)  loss_bbox_3: 0.2089 (0.3101)  loss_giou_3: 0.2799 (0.3793)  loss_class_4: 0.7730 (1.1638)  loss_bbox_4: 0.2199 (0.3118)  loss_giou_4: 0.2833 (0.3793)  loss_class_enc: 1.0827 (1.6144)  loss_bbox_enc: 0.2879 (0.3600)  loss_giou_enc: 0.3756 (0.4542)  loss_class_dn: 0.4219 (0.6528)  loss_bbox_dn: 0.3103 (0.5404)  loss_giou_dn: 0.3620 (0.5212)  loss_class_dn_0: 0.5778 (0.8255)  loss_bbox_dn_0: 0.4575 (0.6773)  loss_giou_dn_0: 0.5407 (0.6696)  loss_class_dn_1: 0.4876 (0.7372)  loss_bbox_dn_1: 0.3632 (0.5780)  loss_giou_dn_1: 0.4176 (0.5633)  loss_class_dn_2: 0.4491 (0.6938)  loss_bbox_dn_2: 0.3150 (0.5442)  loss_giou_dn_2: 0.3731 (0.5290)  loss_class_dn_3: 0.4257 (0.6695)  loss_bbox_dn_3: 0.3103 (0.5426)  loss_giou_dn_3: 0.3658 (0.5244)  loss_class_dn_4: 0.4143 (0.6540)  loss_bbox_dn_4: 0.3105 (0.5405)  loss_giou_dn_4: 0.3618 (0.5211)  loss_class_hybrid: 0.8430 (1.1615)  loss_bbox_hybrid: 0.2154 (0.3310)  loss_giou_hybrid: 0.2921 (0.3893)  loss_class_0_hybrid: 1.0146 (1.4160)  loss_bbox_0_hybrid: 0.2231 (0.3395)  loss_giou_0_hybrid: 0.3132 (0.4107)  loss_class_1_hybrid: 0.8249 (1.2973)  loss_bbox_1_hybrid: 0.2279 (0.3304)  loss_giou_1_hybrid: 0.3005 (0.3952)  loss_class_2_hybrid: 0.8290 (1.2364)  loss_bbox_2_hybrid: 0.2096 (0.3262)  loss_giou_2_hybrid: 0.2721 (0.3874)  loss_class_3_hybrid: 0.8196 (1.1951)  loss_bbox_3_hybrid: 0.2137 (0.3285)  loss_giou_3_hybrid: 0.2947 (0.3880)  loss_class_4_hybrid: 0.8289 (1.1732)  loss_bbox_4_hybrid: 0.2258 (0.3299)  loss_giou_4_hybrid: 0.2922 (0.3885)  loss_class_enc_hybrid: 1.0067 (1.4319)  loss_bbox_enc_hybrid: 0.2858 (0.4069)  loss_giou_enc_hybrid: 0.3793 (0.4906)
[2026-07-03 19:33:16 accelerate.accelerator]: [RANK 0] Saving current state to /home/ubuntu/slocal/m2/experiments/detector_improve/augstrong_hires_seed42/checkpoints/checkpoint_0
[2026-07-03 19:33:17 accelerate.checkpointing]: [RANK 0] Model weights saved in /home/ubuntu/slocal/m2/experiments/detector_improve/augstrong_hires_seed42/checkpoints/checkpoint_0/pytorch_model.bin
[2026-07-03 19:33:17 accelerate.checkpointing]: [RANK 0] Optimizer state saved in /home/ubuntu/slocal/m2/experiments/detector_improve/augstrong_hires_seed42/checkpoints/checkpoint_0/optimizer.bin
[2026-07-03 19:33:17 accelerate.checkpointing]: [RANK 0] Scheduler state saved in /home/ubuntu/slocal/m2/experiments/detector_improve/augstrong_hires_seed42/checkpoints/checkpoint_0/scheduler.bin
[2026-07-03 19:33:17 accelerate.checkpointing]: [RANK 0] Sampler state for dataloader 0 saved in /home/ubuntu/slocal/m2/experiments/detector_improve/augstrong_hires_seed42/checkpoints/checkpoint_0/sampler.bin
[2026-07-03 19:33:17 accelerate.checkpointing]: [RANK 0] Sampler state for dataloader 1 saved in /home/ubuntu/slocal/m2/experiments/detector_improve/augstrong_hires_seed42/checkpoints/checkpoint_0/sampler_1.bin
[2026-07-03 19:33:17 accelerate.checkpointing]: [RANK 0] Random states saved in /home/ubuntu/slocal/m2/experiments/detector_improve/augstrong_hires_seed42/checkpoints/checkpoint_0/random_states_0.pkl
[2026-07-03 19:33:17 det.__main__]: [RANK 0] Start evaluation
[2026-07-03 19:33:18 det.util.utils]: Test:  [  0/758]  eta: 0:09:08  model_time: 0.3418 (0.3418)  evaluator_time: 0.0070 (0.0070)  time: 0.7240  data: 0.3748  mem: 962  max mem: 40949
[2026-07-03 19:33:20 det.util.utils]: Test:  [ 10/758]  eta: 0:02:42  model_time: 0.1584 (0.1750)  evaluator_time: 0.0060 (0.0063)  time: 0.2171  data: 0.0352  mem: 962  max mem: 40949
[2026-07-03 19:33:21 det.util.utils]: Test:  [ 20/758]  eta: 0:02:21  model_time: 0.1571 (0.1663)  evaluator_time: 0.0060 (0.0062)  time: 0.1654  data: 0.0012  mem: 962  max mem: 40949
[2026-07-03 19:33:23 det.util.utils]: Test:  [ 30/758]  eta: 0:02:13  model_time: 0.1562 (0.1636)  evaluator_time: 0.0059 (0.0061)  time: 0.1650  data: 0.0012  mem: 962  max mem: 40949
[2026-07-03 19:33:25 det.util.utils]: Test:  [ 40/758]  eta: 0:02:08  model_time: 0.1562 (0.1622)  evaluator_time: 0.0059 (0.0061)  time: 0.1653  data: 0.0012  mem: 962  max mem: 40949
[2026-07-03 19:33:26 det.util.utils]: Test:  [ 50/758]  eta: 0:02:05  model_time: 0.1565 (0.1616)  evaluator_time: 0.0059 (0.0061)  time: 0.1664  data: 0.0012  mem: 962  max mem: 40949
[2026-07-03 19:33:28 det.util.utils]: Test:  [ 60/758]  eta: 0:02:02  model_time: 0.1565 (0.1608)  evaluator_time: 0.0068 (0.0063)  time: 0.1663  data: 0.0012  mem: 962  max mem: 40949
[2026-07-03 19:33:30 det.util.utils]: Test:  [ 70/758]  eta: 0:01:59  model_time: 0.1564 (0.1605)  evaluator_time: 0.0068 (0.0064)  time: 0.1661  data: 0.0012  mem: 962  max mem: 40949
[2026-07-03 19:33:31 det.util.utils]: Test:  [ 80/758]  eta: 0:01:57  model_time: 0.1569 (0.1604)  evaluator_time: 0.0064 (0.0063)  time: 0.1673  data: 0.0012  mem: 962  max mem: 40949
[2026-07-03 19:33:33 det.util.utils]: Test:  [ 90/758]  eta: 0:01:55  model_time: 0.1567 (0.1601)  evaluator_time: 0.0057 (0.0065)  time: 0.1674  data: 0.0012  mem: 962  max mem: 40949
[2026-07-03 19:33:35 det.util.utils]: Test:  [100/758]  eta: 0:01:53  model_time: 0.1564 (0.1600)  evaluator_time: 0.0062 (0.0067)  time: 0.1685  data: 0.0012  mem: 962  max mem: 40949
[2026-07-03 19:33:37 det.util.utils]: Test:  [110/758]  eta: 0:01:51  model_time: 0.1565 (0.1603)  evaluator_time: 0.0100 (0.0071)  time: 0.1725  data: 0.0012  mem: 962  max mem: 40949
[2026-07-03 19:33:38 det.util.utils]: Test:  [120/758]  eta: 0:01:50  model_time: 0.1594 (0.1609)  evaluator_time: 0.0110 (0.0075)  time: 0.1782  data: 0.0012  mem: 962  max mem: 40949
[2026-07-03 19:33:40 det.util.utils]: Test:  [130/758]  eta: 0:01:48  model_time: 0.1596 (0.1608)  evaluator_time: 0.0109 (0.0077)  time: 0.1764  data: 0.0012  mem: 962  max mem: 40949
[2026-07-03 19:33:42 det.util.utils]: Test:  [140/758]  eta: 0:01:46  model_time: 0.1595 (0.1607)  evaluator_time: 0.0100 (0.0079)  time: 0.1712  data: 0.0012  mem: 962  max mem: 40949
[2026-07-03 19:33:44 det.util.utils]: Test:  [150/758]  eta: 0:01:45  model_time: 0.1596 (0.1608)  evaluator_time: 0.0100 (0.0082)  time: 0.1738  data: 0.0012  mem: 962  max mem: 40949
[2026-07-03 19:33:45 det.util.utils]: Test:  [160/758]  eta: 0:01:43  model_time: 0.1591 (0.1607)  evaluator_time: 0.0134 (0.0086)  time: 0.1759  data: 0.0012  mem: 962  max mem: 40949
[2026-07-03 19:33:47 det.util.utils]: Test:  [170/758]  eta: 0:01:41  model_time: 0.1565 (0.1604)  evaluator_time: 0.0152 (0.0091)  time: 0.1751  data: 0.0012  mem: 962  max mem: 40949
[2026-07-03 19:33:49 det.util.utils]: Test:  [180/758]  eta: 0:01:40  model_time: 0.1566 (0.1605)  evaluator_time: 0.0172 (0.0095)  time: 0.1773  data: 0.0012  mem: 962  max mem: 40949
[2026-07-03 19:33:51 det.util.utils]: Test:  [190/758]  eta: 0:01:38  model_time: 0.1570 (0.1604)  evaluator_time: 0.0145 (0.0097)  time: 0.1775  data: 0.0012  mem: 962  max mem: 40949
[2026-07-03 19:33:52 det.util.utils]: Test:  [200/758]  eta: 0:01:36  model_time: 0.1576 (0.1603)  evaluator_time: 0.0141 (0.0099)  time: 0.1746  data: 0.0012  mem: 962  max mem: 40949
[2026-07-03 19:33:54 det.util.utils]: Test:  [210/758]  eta: 0:01:35  model_time: 0.1576 (0.1602)  evaluator_time: 0.0150 (0.0102)  time: 0.1739  data: 0.0012  mem: 962  max mem: 40949
[2026-07-03 19:33:56 det.util.utils]: Test:  [220/758]  eta: 0:01:33  model_time: 0.1575 (0.1602)  evaluator_time: 0.0150 (0.0103)  time: 0.1752  data: 0.0012  mem: 962  max mem: 40949
[2026-07-03 19:33:58 det.util.utils]: Test:  [230/758]  eta: 0:01:31  model_time: 0.1607 (0.1602)  evaluator_time: 0.0142 (0.0105)  time: 0.1762  data: 0.0012  mem: 962  max mem: 40949
[2026-07-03 19:33:59 det.util.utils]: Test:  [240/758]  eta: 0:01:30  model_time: 0.1607 (0.1603)  evaluator_time: 0.0127 (0.0106)  time: 0.1762  data: 0.0012  mem: 962  max mem: 40949
[2026-07-03 19:34:01 det.util.utils]: Test:  [250/758]  eta: 0:01:28  model_time: 0.1604 (0.1603)  evaluator_time: 0.0095 (0.0105)  time: 0.1735  data: 0.0012  mem: 962  max mem: 40949
[2026-07-03 19:34:03 det.util.utils]: Test:  [260/758]  eta: 0:01:26  model_time: 0.1596 (0.1603)  evaluator_time: 0.0084 (0.0104)  time: 0.1703  data: 0.0012  mem: 962  max mem: 40949
[2026-07-03 19:34:04 det.util.utils]: Test:  [270/758]  eta: 0:01:24  model_time: 0.1576 (0.1603)  evaluator_time: 0.0070 (0.0103)  time: 0.1689  data: 0.0012  mem: 962  max mem: 40949
[2026-07-03 19:34:06 det.util.utils]: Test:  [280/758]  eta: 0:01:23  model_time: 0.1603 (0.1604)  evaluator_time: 0.0070 (0.0109)  time: 0.1813  data: 0.0012  mem: 962  max mem: 40949
[2026-07-03 19:34:08 det.util.utils]: Test:  [290/758]  eta: 0:01:21  model_time: 0.1606 (0.1604)  evaluator_time: 0.0073 (0.0108)  time: 0.1824  data: 0.0012  mem: 962  max mem: 40949
[2026-07-03 19:34:10 det.util.utils]: Test:  [300/758]  eta: 0:01:19  model_time: 0.1587 (0.1604)  evaluator_time: 0.0083 (0.0108)  time: 0.1708  data: 0.0012  mem: 962  max mem: 40949
[2026-07-03 19:34:12 det.util.utils]: Test:  [310/758]  eta: 0:01:17  model_time: 0.1582 (0.1603)  evaluator_time: 0.0082 (0.0107)  time: 0.1704  data: 0.0012  mem: 962  max mem: 40949
[2026-07-03 19:34:13 det.util.utils]: Test:  [320/758]  eta: 0:01:16  model_time: 0.1594 (0.1605)  evaluator_time: 0.0082 (0.0107)  time: 0.1721  data: 0.0013  mem: 962  max mem: 40949
[2026-07-03 19:34:15 det.util.utils]: Test:  [330/758]  eta: 0:01:14  model_time: 0.1607 (0.1604)  evaluator_time: 0.0094 (0.0107)  time: 0.1737  data: 0.0014  mem: 962  max mem: 40949
[2026-07-03 19:34:17 det.util.utils]: Test:  [340/758]  eta: 0:01:12  model_time: 0.1596 (0.1605)  evaluator_time: 0.0097 (0.0107)  time: 0.1741  data: 0.0013  mem: 962  max mem: 40949
[2026-07-03 19:34:18 det.util.utils]: Test:  [350/758]  eta: 0:01:10  model_time: 0.1601 (0.1606)  evaluator_time: 0.0091 (0.0106)  time: 0.1742  data: 0.0012  mem: 962  max mem: 40949
[2026-07-03 19:34:20 det.util.utils]: Test:  [360/758]  eta: 0:01:09  model_time: 0.1596 (0.1605)  evaluator_time: 0.0086 (0.0105)  time: 0.1710  data: 0.0012  mem: 962  max mem: 40949
[2026-07-03 19:34:22 det.util.utils]: Test:  [370/758]  eta: 0:01:07  model_time: 0.1594 (0.1605)  evaluator_time: 0.0095 (0.0106)  time: 0.1712  data: 0.0012  mem: 962  max mem: 40949
[2026-07-03 19:34:24 det.util.utils]: Test:  [380/758]  eta: 0:01:05  model_time: 0.1595 (0.1605)  evaluator_time: 0.0123 (0.0106)  time: 0.1741  data: 0.0012  mem: 962  max mem: 40949
[2026-07-03 19:34:25 det.util.utils]: Test:  [390/758]  eta: 0:01:03  model_time: 0.1595 (0.1605)  evaluator_time: 0.0119 (0.0107)  time: 0.1742  data: 0.0012  mem: 962  max mem: 40949
[2026-07-03 19:34:27 det.util.utils]: Test:  [400/758]  eta: 0:01:02  model_time: 0.1599 (0.1606)  evaluator_time: 0.0114 (0.0107)  time: 0.1755  data: 0.0013  mem: 962  max mem: 40949
[2026-07-03 19:34:29 det.util.utils]: Test:  [410/758]  eta: 0:01:00  model_time: 0.1617 (0.1607)  evaluator_time: 0.0096 (0.0106)  time: 0.1759  data: 0.0013  mem: 962  max mem: 40949
[2026-07-03 19:34:31 det.util.utils]: Test:  [420/758]  eta: 0:00:58  model_time: 0.1610 (0.1608)  evaluator_time: 0.0096 (0.0106)  time: 0.1755  data: 0.0013  mem: 962  max mem: 40949
[2026-07-03 19:34:32 det.util.utils]: Test:  [430/758]  eta: 0:00:57  model_time: 0.1601 (0.1608)  evaluator_time: 0.0104 (0.0106)  time: 0.1753  data: 0.0013  mem: 962  max mem: 40949
[2026-07-03 19:34:34 det.util.utils]: Test:  [440/758]  eta: 0:00:55  model_time: 0.1576 (0.1608)  evaluator_time: 0.0104 (0.0106)  time: 0.1728  data: 0.0013  mem: 962  max mem: 40949
[2026-07-03 19:34:36 det.util.utils]: Test:  [450/758]  eta: 0:00:53  model_time: 0.1573 (0.1607)  evaluator_time: 0.0098 (0.0106)  time: 0.1705  data: 0.0013  mem: 962  max mem: 40949
[2026-07-03 19:34:38 det.util.utils]: Test:  [460/758]  eta: 0:00:51  model_time: 0.1575 (0.1607)  evaluator_time: 0.0097 (0.0106)  time: 0.1707  data: 0.0012  mem: 962  max mem: 40949
[2026-07-03 19:34:39 det.util.utils]: Test:  [470/758]  eta: 0:00:50  model_time: 0.1570 (0.1606)  evaluator_time: 0.0099 (0.0106)  time: 0.1712  data: 0.0012  mem: 962  max mem: 40949
[2026-07-03 19:34:41 det.util.utils]: Test:  [480/758]  eta: 0:00:48  model_time: 0.1570 (0.1606)  evaluator_time: 0.0100 (0.0106)  time: 0.1702  data: 0.0012  mem: 962  max mem: 40949
[2026-07-03 19:34:43 det.util.utils]: Test:  [490/758]  eta: 0:00:46  model_time: 0.1573 (0.1606)  evaluator_time: 0.0101 (0.0106)  time: 0.1717  data: 0.0013  mem: 962  max mem: 40949
[2026-07-03 19:34:44 det.util.utils]: Test:  [500/758]  eta: 0:00:44  model_time: 0.1607 (0.1607)  evaluator_time: 0.0103 (0.0106)  time: 0.1743  data: 0.0013  mem: 962  max mem: 40949
[2026-07-03 19:34:46 det.util.utils]: Test:  [510/758]  eta: 0:00:43  model_time: 0.1611 (0.1607)  evaluator_time: 0.0102 (0.0106)  time: 0.1737  data: 0.0012  mem: 962  max mem: 40949
[2026-07-03 19:34:48 det.util.utils]: Test:  [520/758]  eta: 0:00:41  model_time: 0.1602 (0.1606)  evaluator_time: 0.0103 (0.0106)  time: 0.1722  data: 0.0012  mem: 962  max mem: 40949
[2026-07-03 19:34:50 det.util.utils]: Test:  [530/758]  eta: 0:00:39  model_time: 0.1602 (0.1607)  evaluator_time: 0.0103 (0.0105)  time: 0.1727  data: 0.0012  mem: 962  max mem: 40949
[2026-07-03 19:34:51 det.util.utils]: Test:  [540/758]  eta: 0:00:37  model_time: 0.1596 (0.1607)  evaluator_time: 0.0092 (0.0105)  time: 0.1720  data: 0.0012  mem: 962  max mem: 40949
[2026-07-03 19:34:53 det.util.utils]: Test:  [550/758]  eta: 0:00:36  model_time: 0.1597 (0.1607)  evaluator_time: 0.0092 (0.0105)  time: 0.1713  data: 0.0012  mem: 962  max mem: 40949
[2026-07-03 19:34:55 det.util.utils]: Test:  [560/758]  eta: 0:00:34  model_time: 0.1608 (0.1607)  evaluator_time: 0.0093 (0.0104)  time: 0.1715  data: 0.0012  mem: 962  max mem: 40949
[2026-07-03 19:34:56 det.util.utils]: Test:  [570/758]  eta: 0:00:32  model_time: 0.1607 (0.1607)  evaluator_time: 0.0075 (0.0104)  time: 0.1720  data: 0.0013  mem: 962  max mem: 40949
[2026-07-03 19:34:58 det.util.utils]: Test:  [580/758]  eta: 0:00:30  model_time: 0.1604 (0.1607)  evaluator_time: 0.0071 (0.0104)  time: 0.1719  data: 0.0012  mem: 962  max mem: 40949
[2026-07-03 19:35:00 det.util.utils]: Test:  [590/758]  eta: 0:00:29  model_time: 0.1598 (0.1607)  evaluator_time: 0.0077 (0.0103)  time: 0.1723  data: 0.0013  mem: 962  max mem: 40949
[2026-07-03 19:35:02 det.util.utils]: Test:  [600/758]  eta: 0:00:27  model_time: 0.1577 (0.1607)  evaluator_time: 0.0092 (0.0103)  time: 0.1713  data: 0.0012  mem: 962  max mem: 40949
[2026-07-03 19:35:03 det.util.utils]: Test:  [610/758]  eta: 0:00:25  model_time: 0.1577 (0.1607)  evaluator_time: 0.0092 (0.0103)  time: 0.1697  data: 0.0012  mem: 962  max mem: 40949
[2026-07-03 19:35:05 det.util.utils]: Test:  [620/758]  eta: 0:00:23  model_time: 0.1582 (0.1607)  evaluator_time: 0.0095 (0.0103)  time: 0.1708  data: 0.0012  mem: 962  max mem: 40949
[2026-07-03 19:35:07 det.util.utils]: Test:  [630/758]  eta: 0:00:22  model_time: 0.1580 (0.1607)  evaluator_time: 0.0098 (0.0103)  time: 0.1723  data: 0.0012  mem: 962  max mem: 40949
[2026-07-03 19:35:09 det.util.utils]: Test:  [640/758]  eta: 0:00:20  model_time: 0.1602 (0.1607)  evaluator_time: 0.0098 (0.0103)  time: 0.1728  data: 0.0012  mem: 962  max mem: 40949
[2026-07-03 19:35:10 det.util.utils]: Test:  [650/758]  eta: 0:00:18  model_time: 0.1611 (0.1607)  evaluator_time: 0.0094 (0.0106)  time: 0.1851  data: 0.0013  mem: 962  max mem: 40949
[2026-07-03 19:35:12 det.util.utils]: Test:  [660/758]  eta: 0:00:17  model_time: 0.1620 (0.1608)  evaluator_time: 0.0094 (0.0106)  time: 0.1856  data: 0.0013  mem: 962  max mem: 40949
[2026-07-03 19:35:14 det.util.utils]: Test:  [670/758]  eta: 0:00:15  model_time: 0.1617 (0.1608)  evaluator_time: 0.0104 (0.0106)  time: 0.1750  data: 0.0013  mem: 962  max mem: 40949
[2026-07-03 19:35:16 det.util.utils]: Test:  [680/758]  eta: 0:00:13  model_time: 0.1617 (0.1609)  evaluator_time: 0.0093 (0.0106)  time: 0.1757  data: 0.0013  mem: 962  max mem: 40949
[2026-07-03 19:35:17 det.util.utils]: Test:  [690/758]  eta: 0:00:11  model_time: 0.1612 (0.1609)  evaluator_time: 0.0092 (0.0106)  time: 0.1736  data: 0.0013  mem: 962  max mem: 40949
[2026-07-03 19:35:19 det.util.utils]: Test:  [700/758]  eta: 0:00:10  model_time: 0.1601 (0.1608)  evaluator_time: 0.0099 (0.0106)  time: 0.1723  data: 0.0013  mem: 962  max mem: 40949
[2026-07-03 19:35:21 det.util.utils]: Test:  [710/758]  eta: 0:00:08  model_time: 0.1598 (0.1608)  evaluator_time: 0.0097 (0.0106)  time: 0.1724  data: 0.0012  mem: 962  max mem: 40949
[2026-07-03 19:35:23 det.util.utils]: Test:  [720/758]  eta: 0:00:06  model_time: 0.1590 (0.1608)  evaluator_time: 0.0097 (0.0105)  time: 0.1722  data: 0.0014  mem: 962  max mem: 40949
[2026-07-03 19:35:24 det.util.utils]: Test:  [730/758]  eta: 0:00:04  model_time: 0.1569 (0.1608)  evaluator_time: 0.0096 (0.0105)  time: 0.1707  data: 0.0014  mem: 962  max mem: 40949
[2026-07-03 19:35:26 det.util.utils]: Test:  [740/758]  eta: 0:00:03  model_time: 0.1566 (0.1607)  evaluator_time: 0.0097 (0.0105)  time: 0.1693  data: 0.0012  mem: 962  max mem: 40949
[2026-07-03 19:35:28 det.util.utils]: Test:  [750/758]  eta: 0:00:01  model_time: 0.1566 (0.1607)  evaluator_time: 0.0093 (0.0105)  time: 0.1682  data: 0.0012  mem: 962  max mem: 40949
[2026-07-03 19:35:29 det.util.utils]: Test:  [757/758]  eta: 0:00:00  model_time: 0.1558 (0.1606)  evaluator_time: 0.0092 (0.0105)  time: 0.1669  data: 0.0012  mem: 962  max mem: 40949
Test: Total time: 0:02:11 (0.1734 s / it)
Test: Total time: 0:02:13 (0.1763 s / it)
[2026-07-03 19:35:30 det.util.engine]: Averaged stats: model_time: 0.1558 (0.1624)  evaluator_time: 0.0092 (0.0101)
WARNING [2026-07-03 19:35:30 py.warnings]: /home/ubuntu/slocal/m2/third_party/Relation-DETR/util/utils.py:93: UserWarning: TypedStorage is deprecated. It will be removed in the future and UntypedStorage will be the only storage class. This should only matter to you if you are using storages directly.  To access UntypedStorage directly, use tensor.untyped_storage() instead of tensor.storage()
  storage = torch.ByteStorage.from_buffer(buffer)

[2026-07-03 19:35:39 det.util.engine]: Accumulating evaluation results...
DONE (t=3.87s).
IoU metric: bbox
 Average Precision  (AP) @[ IoU=0.50:0.95 | area=   all | maxDets=100 ] = 0.568
 Average Precision  (AP) @[ IoU=0.50      | area=   all | maxDets=100 ] = 0.689
 Average Precision  (AP) @[ IoU=0.75      | area=   all | maxDets=100 ] = 0.626
 Average Precision  (AP) @[ IoU=0.50:0.95 | area= small | maxDets=100 ] = 0.000
 Average Precision  (AP) @[ IoU=0.50:0.95 | area=medium | maxDets=100 ] = 0.192
 Average Precision  (AP) @[ IoU=0.50:0.95 | area= large | maxDets=100 ] = 0.576
 Average Recall     (AR) @[ IoU=0.50:0.95 | area=   all | maxDets=  1 ] = 0.684
 Average Recall     (AR) @[ IoU=0.50:0.95 | area=   all | maxDets= 10 ] = 0.828
 Average Recall     (AR) @[ IoU=0.50:0.95 | area=   all | maxDets=100 ] = 0.847
 Average Recall     (AR) @[ IoU=0.50:0.95 | area= small | maxDets=100 ] = 0.000
 Average Recall     (AR) @[ IoU=0.50:0.95 | area=medium | maxDets=100 ] = 0.548
 Average Recall     (AR) @[ IoU=0.50:0.95 | area= large | maxDets=100 ] = 0.856

[2026-07-03 19:35:39 det.util.engine]: 
+------------------+------+-----+-------+--------+--------+
| class            | imgs | gts | dets  | recall | ap     |
+------------------+------+-----+-------+--------+--------+
| Bipolar Forceps  | 0    | 209 | 18113 | 0.982  | 0.236  |
| Electric Cautery | 101  | 101 | 1587  | 1.000  | 0.979  |
| Forceps          | 130  | 154 | 13697 | 0.929  | 0.355  |
| Gauze            | 316  | 455 | 84110 | 0.958  | 0.400  |
| Hook             | 100  | 147 | 2333  | 0.918  | 0.410  |
| Mouth Gag        | 989  | 990 | 7315  | 0.995  | 0.968  |
| Needle Holders   | 510  | 512 | 8462  | 1.000  | 0.910  |
| Raspatory        | 75   | 76  | 7269  | 0.974  | 0.286  |
| Retractor        | 0    | 0   | 15257 | -1.000 | -1.000 |
| Scalpel          | 168  | 168 | 5359  | 1.000  | 0.907  |
| Scissors         | 390  | 391 | 25742 | 0.990  | 0.619  |
| Skewer           | 103  | 103 | 2353  | 0.990  | 0.928  |
| Suction Cannula  | 507  | 509 | 11412 | 0.998  | 0.899  |
| Syringe          | 96   | 96  | 3354  | 1.000  | 0.877  |
| Tweezers         | 825  | 950 | 34734 | 0.996  | 0.868  |
+------------------+------+-----+-------+--------+--------+
| mean results     |      |     |       | 0.981  | 0.689  |
+------------------+------+-----+-------+--------+--------+
[2026-07-03 19:35:39 accelerate.tracking]: [RANK 0] Successfully logged to TensorBoard
[2026-07-03 19:35:40 det.util.utils]: [RANK 0] the best ap model is saved to /home/ubuntu/slocal/m2/experiments/detector_improve/augstrong_hires_seed42/best_ap.pth
[2026-07-03 19:35:40 det.util.utils]: [RANK 0] the best ap50 model is saved to /home/ubuntu/slocal/m2/experiments/detector_improve/augstrong_hires_seed42/best_ap50.pth
[2026-07-03 19:35:42 det.util.engine]: Epoch: [1]  [0/2405]  eta: 1:05:07  lr: 0.000100  data_time: 0.0049  iter_time: 1.6249  loss: 21.6781 (21.6781)  loss_class: 0.5750 (0.5750)  loss_bbox: 0.1291 (0.1291)  loss_giou: 0.2647 (0.2647)  loss_class_0: 1.0010 (1.0010)  loss_bbox_0: 0.1286 (0.1286)  loss_giou_0: 0.2486 (0.2486)  loss_class_1: 0.6926 (0.6926)  loss_bbox_1: 0.1345 (0.1345)  loss_giou_1: 0.2705 (0.2705)  loss_class_2: 0.5952 (0.5952)  loss_bbox_2: 0.1316 (0.1316)  loss_giou_2: 0.2728 (0.2728)  loss_class_3: 0.5564 (0.5564)  loss_bbox_3: 0.1289 (0.1289)  loss_giou_3: 0.2699 (0.2699)  loss_class_4: 0.5816 (0.5816)  loss_bbox_4: 0.1289 (0.1289)  loss_giou_4: 0.2624 (0.2624)  loss_class_enc: 1.0246 (1.0246)  loss_bbox_enc: 0.1945 (0.1945)  loss_giou_enc: 0.3890 (0.3890)  loss_class_dn: 0.3421 (0.3421)  loss_bbox_dn: 0.1501 (0.1501)  loss_giou_dn: 0.2895 (0.2895)  loss_class_dn_0: 0.5495 (0.5495)  loss_bbox_dn_0: 0.2531 (0.2531)  loss_giou_dn_0: 0.4560 (0.4560)  loss_class_dn_1: 0.4104 (0.4104)  loss_bbox_dn_1: 0.1674 (0.1674)  loss_giou_dn_1: 0.3180 (0.3180)  loss_class_dn_2: 0.3745 (0.3745)  loss_bbox_dn_2: 0.1561 (0.1561)  loss_giou_dn_2: 0.2976 (0.2976)  loss_class_dn_3: 0.3521 (0.3521)  loss_bbox_dn_3: 0.1498 (0.1498)  loss_giou_dn_3: 0.2868 (0.2868)  loss_class_dn_4: 0.3435 (0.3435)  loss_bbox_dn_4: 0.1499 (0.1499)  loss_giou_dn_4: 0.2892 (0.2892)  loss_class_hybrid: 0.7013 (0.7013)  loss_bbox_hybrid: 0.1198 (0.1198)  loss_giou_hybrid: 0.2526 (0.2526)  loss_class_0_hybrid: 0.9251 (0.9251)  loss_bbox_0_hybrid: 0.1309 (0.1309)  loss_giou_0_hybrid: 0.2699 (0.2699)  loss_class_1_hybrid: 0.8204 (0.8204)  loss_bbox_1_hybrid: 0.1256 (0.1256)  loss_giou_1_hybrid: 0.2614 (0.2614)  loss_class_2_hybrid: 0.7273 (0.7273)  loss_bbox_2_hybrid: 0.1225 (0.1225)  loss_giou_2_hybrid: 0.2570 (0.2570)  loss_class_3_hybrid: 0.6634 (0.6634)  loss_bbox_3_hybrid: 0.1183 (0.1183)  loss_giou_3_hybrid: 0.2530 (0.2530)  loss_class_4_hybrid: 0.6852 (0.6852)  loss_bbox_4_hybrid: 0.1195 (0.1195)  loss_giou_4_hybrid: 0.2514 (0.2514)  loss_class_enc_hybrid: 0.9630 (0.9630)  loss_bbox_enc_hybrid: 0.2009 (0.2009)  loss_giou_enc_hybrid: 0.3935 (0.3935)  mem: 1012  max mem: 40949
[2026-07-03 19:35:42 accelerate.tracking]: [RANK 0] Successfully logged to TensorBoard
[2026-07-03 19:36:51 det.util.engine]: Epoch: [1]  [50/2405]  eta: 0:54:38  lr: 0.000100  data_time: 0.0060  iter_time: 1.4173  loss: 28.1695 (28.6427)  loss_class: 0.7845 (0.7876)  loss_bbox: 0.2336 (0.2555)  loss_giou: 0.2884 (0.3039)  loss_class_0: 1.1374 (1.1092)  loss_bbox_0: 0.2529 (0.2565)  loss_giou_0: 0.2868 (0.3149)  loss_class_1: 0.9353 (0.9267)  loss_bbox_1: 0.2237 (0.2442)  loss_giou_1: 0.2746 (0.2997)  loss_class_2: 0.8577 (0.8491)  loss_bbox_2: 0.2105 (0.2471)  loss_giou_2: 0.2640 (0.2983)  loss_class_3: 0.7951 (0.8010)  loss_bbox_3: 0.2079 (0.2507)  loss_giou_3: 0.2645 (0.3021)  loss_class_4: 0.7789 (0.7946)  loss_bbox_4: 0.2111 (0.2513)  loss_giou_4: 0.2693 (0.3008)  loss_class_enc: 1.1602 (1.1461)  loss_bbox_enc: 0.3119 (0.2971)  loss_giou_enc: 0.3474 (0.3767)  loss_class_dn: 0.4213 (0.4311)  loss_bbox_dn: 0.3499 (0.3604)  loss_giou_dn: 0.3637 (0.3747)  loss_class_dn_0: 0.5803 (0.5787)  loss_bbox_dn_0: 0.5406 (0.5199)  loss_giou_dn_0: 0.5426 (0.5345)  loss_class_dn_1: 0.5012 (0.5015)  loss_bbox_dn_1: 0.3848 (0.4022)  loss_giou_dn_1: 0.4134 (0.4171)  loss_class_dn_2: 0.4486 (0.4588)  loss_bbox_dn_2: 0.3604 (0.3683)  loss_giou_dn_2: 0.3762 (0.3852)  loss_class_dn_3: 0.4232 (0.4361)  loss_bbox_dn_3: 0.3515 (0.3617)  loss_giou_dn_3: 0.3656 (0.3770)  loss_class_dn_4: 0.4088 (0.4277)  loss_bbox_dn_4: 0.3502 (0.3604)  loss_giou_dn_4: 0.3639 (0.3745)  loss_class_hybrid: 0.8663 (0.8684)  loss_bbox_hybrid: 0.2219 (0.2423)  loss_giou_hybrid: 0.2725 (0.2956)  loss_class_0_hybrid: 1.0292 (1.0691)  loss_bbox_0_hybrid: 0.2482 (0.2543)  loss_giou_0_hybrid: 0.2932 (0.3138)  loss_class_1_hybrid: 0.9455 (0.9581)  loss_bbox_1_hybrid: 0.2402 (0.2464)  loss_giou_1_hybrid: 0.3097 (0.3015)  loss_class_2_hybrid: 0.8887 (0.9060)  loss_bbox_2_hybrid: 0.2151 (0.2426)  loss_giou_2_hybrid: 0.2758 (0.2968)  loss_class_3_hybrid: 0.8561 (0.8695)  loss_bbox_3_hybrid: 0.2178 (0.2421)  loss_giou_3_hybrid: 0.2588 (0.2958)  loss_class_4_hybrid: 0.8437 (0.8674)  loss_bbox_4_hybrid: 0.2252 (0.2432)  loss_giou_4_hybrid: 0.2573 (0.2959)  loss_class_enc_hybrid: 1.0572 (1.0489)  loss_bbox_enc_hybrid: 0.3236 (0.3141)  loss_giou_enc_hybrid: 0.3871 (0.3881)  mem: 1020  max mem: 40949
[2026-07-03 19:36:51 accelerate.tracking]: [RANK 0] Successfully logged to TensorBoard
[2026-07-03 19:38:03 det.util.engine]: Epoch: [1]  [100/2405]  eta: 0:54:20  lr: 0.000100  data_time: 0.0061  iter_time: 1.4550  loss: 29.6367 (29.1178)  loss_class: 0.8280 (0.7985)  loss_bbox: 0.2348 (0.2612)  loss_giou: 0.3124 (0.3187)  loss_class_0: 1.1585 (1.1250)  loss_bbox_0: 0.2358 (0.2590)  loss_giou_0: 0.3001 (0.3283)  loss_class_1: 0.9684 (0.9317)  loss_bbox_1: 0.2265 (0.2573)  loss_giou_1: 0.2858 (0.3184)  loss_class_2: 0.8475 (0.8534)  loss_bbox_2: 0.2234 (0.2566)  loss_giou_2: 0.2994 (0.3161)  loss_class_3: 0.8402 (0.8058)  loss_bbox_3: 0.2335 (0.2591)  loss_giou_3: 0.3078 (0.3183)  loss_class_4: 0.8180 (0.7984)  loss_bbox_4: 0.2264 (0.2588)  loss_giou_4: 0.3122 (0.3174)  loss_class_enc: 1.2175 (1.1332)  loss_bbox_enc: 0.3027 (0.3084)  loss_giou_enc: 0.3783 (0.3914)  loss_class_dn: 0.4508 (0.4445)  loss_bbox_dn: 0.3356 (0.3640)  loss_giou_dn: 0.3775 (0.3858)  loss_class_dn_0: 0.5784 (0.5799)  loss_bbox_dn_0: 0.5143 (0.5214)  loss_giou_dn_0: 0.5415 (0.5443)  loss_class_dn_1: 0.5150 (0.5091)  loss_bbox_dn_1: 0.4076 (0.4074)  loss_giou_dn_1: 0.4291 (0.4298)  loss_class_dn_2: 0.4770 (0.4657)  loss_bbox_dn_2: 0.3533 (0.3719)  loss_giou_dn_2: 0.3841 (0.3966)  loss_class_dn_3: 0.4561 (0.4465)  loss_bbox_dn_3: 0.3388 (0.3654)  loss_giou_dn_3: 0.3835 (0.3885)  loss_class_dn_4: 0.4464 (0.4392)  loss_bbox_dn_4: 0.3357 (0.3641)  loss_giou_dn_4: 0.3771 (0.3857)  loss_class_hybrid: 0.8857 (0.8675)  loss_bbox_hybrid: 0.2173 (0.2512)  loss_giou_hybrid: 0.3095 (0.3125)  loss_class_0_hybrid: 1.0810 (1.0510)  loss_bbox_0_hybrid: 0.2521 (0.2598)  loss_giou_0_hybrid: 0.3261 (0.3294)  loss_class_1_hybrid: 0.9397 (0.9445)  loss_bbox_1_hybrid: 0.2267 (0.2565)  loss_giou_1_hybrid: 0.3277 (0.3204)  loss_class_2_hybrid: 0.9086 (0.8994)  loss_bbox_2_hybrid: 0.2094 (0.2518)  loss_giou_2_hybrid: 0.3180 (0.3134)  loss_class_3_hybrid: 0.9152 (0.8725)  loss_bbox_3_hybrid: 0.2109 (0.2509)  loss_giou_3_hybrid: 0.3130 (0.3129)  loss_class_4_hybrid: 0.8911 (0.8659)  loss_bbox_4_hybrid: 0.2138 (0.2521)  loss_giou_4_hybrid: 0.3081 (0.3131)  loss_class_enc_hybrid: 1.0981 (1.0430)  loss_bbox_enc_hybrid: 0.3250 (0.3224)  loss_giou_enc_hybrid: 0.3932 (0.4030)  mem: 1010  max mem: 40949
[2026-07-03 19:38:03 accelerate.tracking]: [RANK 0] Successfully logged to TensorBoard
[2026-07-03 19:39:14 det.util.engine]: Epoch: [1]  [150/2405]  eta: 0:53:12  lr: 0.000100  data_time: 0.0058  iter_time: 1.3556  loss: 28.7242 (28.8640)  loss_class: 0.7647 (0.7868)  loss_bbox: 0.2493 (0.2583)  loss_giou: 0.3067 (0.3175)  loss_class_0: 1.0476 (1.1037)  loss_bbox_0: 0.2742 (0.2625)  loss_giou_0: 0.3590 (0.3318)  loss_class_1: 0.9142 (0.9207)  loss_bbox_1: 0.2637 (0.2570)  loss_giou_1: 0.3070 (0.3178)  loss_class_2: 0.8512 (0.8472)  loss_bbox_2: 0.2661 (0.2548)  loss_giou_2: 0.3185 (0.3147)  loss_class_3: 0.7988 (0.7982)  loss_bbox_3: 0.2526 (0.2567)  loss_giou_3: 0.3306 (0.3169)  loss_class_4: 0.7644 (0.7860)  loss_bbox_4: 0.2600 (0.2574)  loss_giou_4: 0.3293 (0.3172)  loss_class_enc: 1.0998 (1.1167)  loss_bbox_enc: 0.3238 (0.3104)  loss_giou_enc: 0.3993 (0.3909)  loss_class_dn: 0.4462 (0.4428)  loss_bbox_dn: 0.3553 (0.3559)  loss_giou_dn: 0.3617 (0.3811)  loss_class_dn_0: 0.5818 (0.5789)  loss_bbox_dn_0: 0.5189 (0.5170)  loss_giou_dn_0: 0.5178 (0.5397)  loss_class_dn_1: 0.4930 (0.5059)  loss_bbox_dn_1: 0.3975 (0.4023)  loss_giou_dn_1: 0.4053 (0.4259)  loss_class_dn_2: 0.4591 (0.4638)  loss_bbox_dn_2: 0.3574 (0.3638)  loss_giou_dn_2: 0.3742 (0.3915)  loss_class_dn_3: 0.4325 (0.4449)  loss_bbox_dn_3: 0.3599 (0.3574)  loss_giou_dn_3: 0.3685 (0.3838)  loss_class_dn_4: 0.4314 (0.4382)  loss_bbox_dn_4: 0.3554 (0.3559)  loss_giou_dn_4: 0.3617 (0.3810)  loss_class_hybrid: 0.8286 (0.8503)  loss_bbox_hybrid: 0.2854 (0.2538)  loss_giou_hybrid: 0.3249 (0.3151)  loss_class_0_hybrid: 0.9801 (1.0329)  loss_bbox_0_hybrid: 0.2792 (0.2617)  loss_giou_0_hybrid: 0.3347 (0.3311)  loss_class_1_hybrid: 0.8956 (0.9263)  loss_bbox_1_hybrid: 0.2866 (0.2587)  loss_giou_1_hybrid: 0.3313 (0.3222)  loss_class_2_hybrid: 0.8959 (0.8861)  loss_bbox_2_hybrid: 0.2845 (0.2536)  loss_giou_2_hybrid: 0.3339 (0.3150)  loss_class_3_hybrid: 0.8457 (0.8586)  loss_bbox_3_hybrid: 0.2806 (0.2534)  loss_giou_3_hybrid: 0.3251 (0.3151)  loss_class_4_hybrid: 0.8285 (0.8510)  loss_bbox_4_hybrid: 0.2873 (0.2543)  loss_giou_4_hybrid: 0.3254 (0.3154)  loss_class_enc_hybrid: 1.0289 (1.0290)  loss_bbox_enc_hybrid: 0.3181 (0.3233)  loss_giou_enc_hybrid: 0.4056 (0.4039)  mem: 1027  max mem: 40949
[2026-07-03 19:39:14 accelerate.tracking]: [RANK 0] Successfully logged to TensorBoard
[2026-07-03 19:40:26 det.util.engine]: Epoch: [1]  [200/2405]  eta: 0:52:21  lr: 0.000100  data_time: 0.0060  iter_time: 1.4860  loss: 28.0288 (28.8391)  loss_class: 0.7853 (0.7832)  loss_bbox: 0.2509 (0.2598)  loss_giou: 0.3108 (0.3164)  loss_class_0: 1.0379 (1.0978)  loss_bbox_0: 0.2569 (0.2634)  loss_giou_0: 0.3158 (0.3321)  loss_class_1: 0.9450 (0.9259)  loss_bbox_1: 0.2440 (0.2566)  loss_giou_1: 0.3012 (0.3167)  loss_class_2: 0.8769 (0.8548)  loss_bbox_2: 0.2641 (0.2540)  loss_giou_2: 0.2961 (0.3128)  loss_class_3: 0.8036 (0.7989)  loss_bbox_3: 0.2563 (0.2574)  loss_giou_3: 0.3128 (0.3154)  loss_class_4: 0.7886 (0.7865)  loss_bbox_4: 0.2504 (0.2574)  loss_giou_4: 0.3038 (0.3153)  loss_class_enc: 1.1212 (1.1048)  loss_bbox_enc: 0.3455 (0.3152)  loss_giou_enc: 0.3979 (0.3940)  loss_class_dn: 0.4338 (0.4385)  loss_bbox_dn: 0.3146 (0.3574)  loss_giou_dn: 0.3742 (0.3805)  loss_class_dn_0: 0.5560 (0.5751)  loss_bbox_dn_0: 0.4502 (0.5170)  loss_giou_dn_0: 0.5170 (0.5381)  loss_class_dn_1: 0.4876 (0.5011)  loss_bbox_dn_1: 0.3468 (0.4032)  loss_giou_dn_1: 0.4163 (0.4253)  loss_class_dn_2: 0.4500 (0.4590)  loss_bbox_dn_2: 0.3176 (0.3655)  loss_giou_dn_2: 0.3883 (0.3911)  loss_class_dn_3: 0.4477 (0.4414)  loss_bbox_dn_3: 0.3151 (0.3589)  loss_giou_dn_3: 0.3779 (0.3830)  loss_class_dn_4: 0.4368 (0.4348)  loss_bbox_dn_4: 0.3149 (0.3574)  loss_giou_dn_4: 0.3744 (0.3803)  loss_class_hybrid: 0.8733 (0.8542)  loss_bbox_hybrid: 0.2448 (0.2523)  loss_giou_hybrid: 0.2973 (0.3125)  loss_class_0_hybrid: 1.0228 (1.0283)  loss_bbox_0_hybrid: 0.2764 (0.2631)  loss_giou_0_hybrid: 0.3157 (0.3316)  loss_class_1_hybrid: 0.9535 (0.9298)  loss_bbox_1_hybrid: 0.2530 (0.2573)  loss_giou_1_hybrid: 0.3042 (0.3207)  loss_class_2_hybrid: 0.9328 (0.8905)  loss_bbox_2_hybrid: 0.2303 (0.2520)  loss_giou_2_hybrid: 0.2989 (0.3128)  loss_class_3_hybrid: 0.9235 (0.8636)  loss_bbox_3_hybrid: 0.2330 (0.2520)  loss_giou_3_hybrid: 0.2966 (0.3128)  loss_class_4_hybrid: 0.9230 (0.8558)  loss_bbox_4_hybrid: 0.2450 (0.2529)  loss_giou_4_hybrid: 0.2953 (0.3129)  loss_class_enc_hybrid: 1.0431 (1.0212)  loss_bbox_enc_hybrid: 0.3377 (0.3286)  loss_giou_enc_hybrid: 0.4086 (0.4081)  mem: 1007  max mem: 40949
[2026-07-03 19:40:26 accelerate.tracking]: [RANK 0] Successfully logged to TensorBoard
[2026-07-03 19:41:39 det.util.engine]: Epoch: [1]  [250/2405]  eta: 0:51:19  lr: 0.000100  data_time: 0.0055  iter_time: 1.4133  loss: 27.6141 (28.7031)  loss_class: 0.7463 (0.7764)  loss_bbox: 0.2527 (0.2582)  loss_giou: 0.3377 (0.3182)  loss_class_0: 0.9889 (1.0923)  loss_bbox_0: 0.2367 (0.2598)  loss_giou_0: 0.3401 (0.3310)  loss_class_1: 0.8114 (0.9159)  loss_bbox_1: 0.2462 (0.2547)  loss_giou_1: 0.3382 (0.3183)  loss_class_2: 0.8354 (0.8504)  loss_bbox_2: 0.2591 (0.2524)  loss_giou_2: 0.3302 (0.3138)  loss_class_3: 0.7277 (0.7936)  loss_bbox_3: 0.2660 (0.2562)  loss_giou_3: 0.3391 (0.3171)  loss_class_4: 0.7175 (0.7792)  loss_bbox_4: 0.2572 (0.2563)  loss_giou_4: 0.3307 (0.3170)  loss_class_enc: 0.9893 (1.0919)  loss_bbox_enc: 0.2919 (0.3127)  loss_giou_enc: 0.3956 (0.3946)  loss_class_dn: 0.4164 (0.4374)  loss_bbox_dn: 0.2974 (0.3531)  loss_giou_dn: 0.3924 (0.3805)  loss_class_dn_0: 0.5491 (0.5735)  loss_bbox_dn_0: 0.4881 (0.5101)  loss_giou_dn_0: 0.5370 (0.5363)  loss_class_dn_1: 0.4751 (0.4988)  loss_bbox_dn_1: 0.3561 (0.3974)  loss_giou_dn_1: 0.4291 (0.4242)  loss_class_dn_2: 0.4368 (0.4582)  loss_bbox_dn_2: 0.3120 (0.3608)  loss_giou_dn_2: 0.3995 (0.3907)  loss_class_dn_3: 0.4234 (0.4412)  loss_bbox_dn_3: 0.3014 (0.3542)  loss_giou_dn_3: 0.3941 (0.3830)  loss_class_dn_4: 0.4187 (0.4339)  loss_bbox_dn_4: 0.2972 (0.3531)  loss_giou_dn_4: 0.3924 (0.3804)  loss_class_hybrid: 0.7910 (0.8500)  loss_bbox_hybrid: 0.2447 (0.2519)  loss_giou_hybrid: 0.3132 (0.3138)  loss_class_0_hybrid: 0.9358 (1.0209)  loss_bbox_0_hybrid: 0.2575 (0.2613)  loss_giou_0_hybrid: 0.3298 (0.3320)  loss_class_1_hybrid: 0.8252 (0.9227)  loss_bbox_1_hybrid: 0.2496 (0.2561)  loss_giou_1_hybrid: 0.3221 (0.3217)  loss_class_2_hybrid: 0.8296 (0.8898)  loss_bbox_2_hybrid: 0.2554 (0.2508)  loss_giou_2_hybrid: 0.3248 (0.3135)  loss_class_3_hybrid: 0.7872 (0.8596)  loss_bbox_3_hybrid: 0.2538 (0.2519)  loss_giou_3_hybrid: 0.3184 (0.3143)  loss_class_4_hybrid: 0.7847 (0.8505)  loss_bbox_4_hybrid: 0.2501 (0.2526)  loss_giou_4_hybrid: 0.3209 (0.3144)  loss_class_enc_hybrid: 0.9809 (1.0127)  loss_bbox_enc_hybrid: 0.3033 (0.3265)  loss_giou_enc_hybrid: 0.4014 (0.4091)  mem: 1024  max mem: 40949
[2026-07-03 19:41:39 accelerate.tracking]: [RANK 0] Successfully logged to TensorBoard
[2026-07-03 19:42:53 det.util.engine]: Epoch: [1]  [300/2405]  eta: 0:50:23  lr: 0.000100  data_time: 0.0062  iter_time: 1.4296  loss: 28.3274 (28.7815)  loss_class: 0.7668 (0.7731)  loss_bbox: 0.2370 (0.2592)  loss_giou: 0.3195 (0.3221)  loss_class_0: 1.0598 (1.0947)  loss_bbox_0: 0.2302 (0.2608)  loss_giou_0: 0.3039 (0.3341)  loss_class_1: 0.8188 (0.9111)  loss_bbox_1: 0.2492 (0.2575)  loss_giou_1: 0.3132 (0.3229)  loss_class_2: 0.8240 (0.8462)  loss_bbox_2: 0.2315 (0.2536)  loss_giou_2: 0.3217 (0.3178)  loss_class_3: 0.7986 (0.7915)  loss_bbox_3: 0.2290 (0.2570)  loss_giou_3: 0.3196 (0.3207)  loss_class_4: 0.7522 (0.7768)  loss_bbox_4: 0.2337 (0.2570)  loss_giou_4: 0.3186 (0.3207)  loss_class_enc: 1.1235 (1.0949)  loss_bbox_enc: 0.2805 (0.3131)  loss_giou_enc: 0.3797 (0.3968)  loss_class_dn: 0.4209 (0.4364)  loss_bbox_dn: 0.3368 (0.3546)  loss_giou_dn: 0.3910 (0.3846)  loss_class_dn_0: 0.5653 (0.5734)  loss_bbox_dn_0: 0.4575 (0.5118)  loss_giou_dn_0: 0.5405 (0.5406)  loss_class_dn_1: 0.4918 (0.4985)  loss_bbox_dn_1: 0.3685 (0.3989)  loss_giou_dn_1: 0.4430 (0.4284)  loss_class_dn_2: 0.4433 (0.4577)  loss_bbox_dn_2: 0.3439 (0.3622)  loss_giou_dn_2: 0.4005 (0.3946)  loss_class_dn_3: 0.4278 (0.4404)  loss_bbox_dn_3: 0.3418 (0.3557)  loss_giou_dn_3: 0.3904 (0.3871)  loss_class_dn_4: 0.4086 (0.4333)  loss_bbox_dn_4: 0.3365 (0.3545)  loss_giou_dn_4: 0.3905 (0.3845)  loss_class_hybrid: 0.8461 (0.8490)  loss_bbox_hybrid: 0.2220 (0.2528)  loss_giou_hybrid: 0.3040 (0.3174)  loss_class_0_hybrid: 0.9166 (1.0176)  loss_bbox_0_hybrid: 0.2483 (0.2636)  loss_giou_0_hybrid: 0.3318 (0.3366)  loss_class_1_hybrid: 0.9185 (0.9217)  loss_bbox_1_hybrid: 0.2405 (0.2577)  loss_giou_1_hybrid: 0.3394 (0.3261)  loss_class_2_hybrid: 0.8505 (0.8890)  loss_bbox_2_hybrid: 0.2208 (0.2517)  loss_giou_2_hybrid: 0.3063 (0.3174)  loss_class_3_hybrid: 0.8093 (0.8576)  loss_bbox_3_hybrid: 0.2249 (0.2527)  loss_giou_3_hybrid: 0.3014 (0.3179)  loss_class_4_hybrid: 0.8169 (0.8490)  loss_bbox_4_hybrid: 0.2241 (0.2537)  loss_giou_4_hybrid: 0.3123 (0.3180)  loss_class_enc_hybrid: 0.9547 (1.0117)  loss_bbox_enc_hybrid: 0.3026 (0.3282)  loss_giou_enc_hybrid: 0.4226 (0.4129)  mem: 1003  max mem: 40949
[2026-07-03 19:42:53 accelerate.tracking]: [RANK 0] Successfully logged to TensorBoard
[2026-07-03 19:44:05 det.util.engine]: Epoch: [1]  [350/2405]  eta: 0:49:17  lr: 0.000100  data_time: 0.0062  iter_time: 1.4835  loss: 26.7378 (28.6484)  loss_class: 0.7860 (0.7752)  loss_bbox: 0.1983 (0.2562)  loss_giou: 0.2660 (0.3192)  loss_class_0: 1.0744 (1.0938)  loss_bbox_0: 0.2207 (0.2583)  loss_giou_0: 0.3149 (0.3321)  loss_class_1: 0.9136 (0.9121)  loss_bbox_1: 0.2146 (0.2550)  loss_giou_1: 0.2708 (0.3210)  loss_class_2: 0.8354 (0.8488)  loss_bbox_2: 0.2012 (0.2509)  loss_giou_2: 0.2624 (0.3152)  loss_class_3: 0.7932 (0.7928)  loss_bbox_3: 0.1998 (0.2547)  loss_giou_3: 0.2616 (0.3180)  loss_class_4: 0.7939 (0.7786)  loss_bbox_4: 0.1988 (0.2546)  loss_giou_4: 0.2663 (0.3181)  loss_class_enc: 1.0169 (1.0914)  loss_bbox_enc: 0.2698 (0.3106)  loss_giou_enc: 0.3837 (0.3944)  loss_class_dn: 0.4048 (0.4358)  loss_bbox_dn: 0.3041 (0.3497)  loss_giou_dn: 0.3583 (0.3809)  loss_class_dn_0: 0.5733 (0.5735)  loss_bbox_dn_0: 0.4358 (0.5044)  loss_giou_dn_0: 0.5344 (0.5357)  loss_class_dn_1: 0.4760 (0.4971)  loss_bbox_dn_1: 0.3287 (0.3928)  loss_giou_dn_1: 0.3919 (0.4239)  loss_class_dn_2: 0.4268 (0.4562)  loss_bbox_dn_2: 0.3087 (0.3569)  loss_giou_dn_2: 0.3584 (0.3906)  loss_class_dn_3: 0.4174 (0.4396)  loss_bbox_dn_3: 0.3054 (0.3509)  loss_giou_dn_3: 0.3587 (0.3832)  loss_class_dn_4: 0.4071 (0.4326)  loss_bbox_dn_4: 0.3041 (0.3497)  loss_giou_dn_4: 0.3585 (0.3807)  loss_class_hybrid: 0.8839 (0.8491)  loss_bbox_hybrid: 0.1914 (0.2501)  loss_giou_hybrid: 0.2548 (0.3150)  loss_class_0_hybrid: 0.9874 (1.0154)  loss_bbox_0_hybrid: 0.2141 (0.2607)  loss_giou_0_hybrid: 0.3048 (0.3346)  loss_class_1_hybrid: 0.9174 (0.9232)  loss_bbox_1_hybrid: 0.2005 (0.2542)  loss_giou_1_hybrid: 0.2700 (0.3232)  loss_class_2_hybrid: 0.8791 (0.8887)  loss_bbox_2_hybrid: 0.1931 (0.2485)  loss_giou_2_hybrid: 0.2642 (0.3149)  loss_class_3_hybrid: 0.9049 (0.8598)  loss_bbox_3_hybrid: 0.1889 (0.2496)  loss_giou_3_hybrid: 0.2584 (0.3153)  loss_class_4_hybrid: 0.8765 (0.8487)  loss_bbox_4_hybrid: 0.1929 (0.2508)  loss_giou_4_hybrid: 0.2545 (0.3156)  loss_class_enc_hybrid: 1.0130 (1.0091)  loss_bbox_enc_hybrid: 0.2905 (0.3260)  loss_giou_enc_hybrid: 0.3918 (0.4108)  mem: 1017  max mem: 40949
[2026-07-03 19:44:05 accelerate.tracking]: [RANK 0] Successfully logged to TensorBoard
[2026-07-03 19:45:15 det.util.engine]: Epoch: [1]  [400/2405]  eta: 0:47:55  lr: 0.000100  data_time: 0.0060  iter_time: 1.4050  loss: 28.0169 (28.6276)  loss_class: 0.7283 (0.7773)  loss_bbox: 0.2311 (0.2547)  loss_giou: 0.2913 (0.3175)  loss_class_0: 1.0372 (1.0910)  loss_bbox_0: 0.2353 (0.2583)  loss_giou_0: 0.3080 (0.3310)  loss_class_1: 0.8381 (0.9083)  loss_bbox_1: 0.2204 (0.2548)  loss_giou_1: 0.3130 (0.3206)  loss_class_2: 0.7881 (0.8509)  loss_bbox_2: 0.2255 (0.2494)  loss_giou_2: 0.2846 (0.3136)  loss_class_3: 0.7053 (0.7958)  loss_bbox_3: 0.2306 (0.2531)  loss_giou_3: 0.2974 (0.3162)  loss_class_4: 0.7168 (0.7806)  loss_bbox_4: 0.2308 (0.2530)  loss_giou_4: 0.2914 (0.3164)  loss_class_enc: 1.0461 (1.0880)  loss_bbox_enc: 0.2740 (0.3110)  loss_giou_enc: 0.3558 (0.3928)  loss_class_dn: 0.4096 (0.4358)  loss_bbox_dn: 0.3156 (0.3509)  loss_giou_dn: 0.3721 (0.3806)  loss_class_dn_0: 0.5499 (0.5734)  loss_bbox_dn_0: 0.4698 (0.5064)  loss_giou_dn_0: 0.5267 (0.5359)  loss_class_dn_1: 0.5021 (0.4977)  loss_bbox_dn_1: 0.3522 (0.3948)  loss_giou_dn_1: 0.4230 (0.4245)  loss_class_dn_2: 0.4559 (0.4571)  loss_bbox_dn_2: 0.3228 (0.3584)  loss_giou_dn_2: 0.3919 (0.3906)  loss_class_dn_3: 0.4147 (0.4396)  loss_bbox_dn_3: 0.3154 (0.3522)  loss_giou_dn_3: 0.3774 (0.3830)  loss_class_dn_4: 0.4178 (0.4327)  loss_bbox_dn_4: 0.3156 (0.3509)  loss_giou_dn_4: 0.3722 (0.3805)  loss_class_hybrid: 0.8020 (0.8498)  loss_bbox_hybrid: 0.2113 (0.2491)  loss_giou_hybrid: 0.2813 (0.3133)  loss_class_0_hybrid: 0.9622 (1.0168)  loss_bbox_0_hybrid: 0.2464 (0.2607)  loss_giou_0_hybrid: 0.3017 (0.3330)  loss_class_1_hybrid: 0.9130 (0.9218)  loss_bbox_1_hybrid: 0.2210 (0.2535)  loss_giou_1_hybrid: 0.2996 (0.3218)  loss_class_2_hybrid: 0.8455 (0.8890)  loss_bbox_2_hybrid: 0.2118 (0.2475)  loss_giou_2_hybrid: 0.2710 (0.3134)  loss_class_3_hybrid: 0.7909 (0.8594)  loss_bbox_3_hybrid: 0.2153 (0.2488)  loss_giou_3_hybrid: 0.2797 (0.3137)  loss_class_4_hybrid: 0.7961 (0.8497)  loss_bbox_4_hybrid: 0.2184 (0.2498)  loss_giou_4_hybrid: 0.2813 (0.3139)  loss_class_enc_hybrid: 0.9934 (1.0098)  loss_bbox_enc_hybrid: 0.3137 (0.3257)  loss_giou_enc_hybrid: 0.3822 (0.4081)  mem: 1056  max mem: 40949
[2026-07-03 19:45:15 accelerate.tracking]: [RANK 0] Successfully logged to TensorBoard
[2026-07-03 19:46:26 det.util.engine]: Epoch: [1]  [450/2405]  eta: 0:46:38  lr: 0.000100  data_time: 0.0055  iter_time: 1.3456  loss: 27.1586 (28.5459)  loss_class: 0.6694 (0.7745)  loss_bbox: 0.2083 (0.2538)  loss_giou: 0.3038 (0.3168)  loss_class_0: 1.0404 (1.0875)  loss_bbox_0: 0.2110 (0.2569)  loss_giou_0: 0.3154 (0.3299)  loss_class_1: 0.8124 (0.9046)  loss_bbox_1: 0.2152 (0.2537)  loss_giou_1: 0.3024 (0.3202)  loss_class_2: 0.7173 (0.8464)  loss_bbox_2: 0.2080 (0.2490)  loss_giou_2: 0.3070 (0.3136)  loss_class_3: 0.7312 (0.7929)  loss_bbox_3: 0.2247 (0.2525)  loss_giou_3: 0.2932 (0.3160)  loss_class_4: 0.7245 (0.7776)  loss_bbox_4: 0.2255 (0.2525)  loss_giou_4: 0.3037 (0.3161)  loss_class_enc: 0.9832 (1.0852)  loss_bbox_enc: 0.2473 (0.3083)  loss_giou_enc: 0.3457 (0.3907)  loss_class_dn: 0.3897 (0.4329)  loss_bbox_dn: 0.2825 (0.3501)  loss_giou_dn: 0.3698 (0.3807)  loss_class_dn_0: 0.5501 (0.5719)  loss_bbox_dn_0: 0.4289 (0.5047)  loss_giou_dn_0: 0.5149 (0.5366)  loss_class_dn_1: 0.4600 (0.4951)  loss_bbox_dn_1: 0.3329 (0.3940)  loss_giou_dn_1: 0.4111 (0.4249)  loss_class_dn_2: 0.4226 (0.4549)  loss_bbox_dn_2: 0.2907 (0.3576)  loss_giou_dn_2: 0.3739 (0.3909)  loss_class_dn_3: 0.4004 (0.4370)  loss_bbox_dn_3: 0.2834 (0.3514)  loss_giou_dn_3: 0.3742 (0.3831)  loss_class_dn_4: 0.3911 (0.4301)  loss_bbox_dn_4: 0.2827 (0.3501)  loss_giou_dn_4: 0.3693 (0.3806)  loss_class_hybrid: 0.7729 (0.8462)  loss_bbox_hybrid: 0.2057 (0.2487)  loss_giou_hybrid: 0.3053 (0.3135)  loss_class_0_hybrid: 0.9580 (1.0144)  loss_bbox_0_hybrid: 0.2143 (0.2599)  loss_giou_0_hybrid: 0.3125 (0.3329)  loss_class_1_hybrid: 0.8238 (0.9181)  loss_bbox_1_hybrid: 0.2030 (0.2530)  loss_giou_1_hybrid: 0.3125 (0.3216)  loss_class_2_hybrid: 0.7876 (0.8843)  loss_bbox_2_hybrid: 0.2082 (0.2472)  loss_giou_2_hybrid: 0.3144 (0.3137)  loss_class_3_hybrid: 0.7559 (0.8557)  loss_bbox_3_hybrid: 0.2173 (0.2485)  loss_giou_3_hybrid: 0.3115 (0.3139)  loss_class_4_hybrid: 0.7897 (0.8461)  loss_bbox_4_hybrid: 0.2066 (0.2494)  loss_giou_4_hybrid: 0.3035 (0.3141)  loss_class_enc_hybrid: 0.9335 (1.0087)  loss_bbox_enc_hybrid: 0.2685 (0.3236)  loss_giou_enc_hybrid: 0.3698 (0.4070)  mem: 1025  max mem: 40949
[2026-07-03 19:46:26 accelerate.tracking]: [RANK 0] Successfully logged to TensorBoard
[2026-07-03 19:47:37 det.util.engine]: Epoch: [1]  [500/2405]  eta: 0:45:24  lr: 0.000100  data_time: 0.0055  iter_time: 1.4087  loss: 28.1534 (28.4494)  loss_class: 0.7186 (0.7712)  loss_bbox: 0.2625 (0.2539)  loss_giou: 0.2797 (0.3154)  loss_class_0: 0.9968 (1.0842)  loss_bbox_0: 0.2646 (0.2564)  loss_giou_0: 0.2852 (0.3285)  loss_class_1: 0.8334 (0.9017)  loss_bbox_1: 0.2529 (0.2533)  loss_giou_1: 0.2839 (0.3186)  loss_class_2: 0.7121 (0.8421)  loss_bbox_2: 0.2654 (0.2491)  loss_giou_2: 0.3019 (0.3124)  loss_class_3: 0.7161 (0.7882)  loss_bbox_3: 0.2681 (0.2529)  loss_giou_3: 0.3064 (0.3149)  loss_class_4: 0.6971 (0.7735)  loss_bbox_4: 0.2627 (0.2527)  loss_giou_4: 0.2790 (0.3149)  loss_class_enc: 1.0460 (1.0838)  loss_bbox_enc: 0.3066 (0.3073)  loss_giou_enc: 0.3395 (0.3887)  loss_class_dn: 0.3928 (0.4296)  loss_bbox_dn: 0.3546 (0.3506)  loss_giou_dn: 0.3692 (0.3797)  loss_class_dn_0: 0.5438 (0.5701)  loss_bbox_dn_0: 0.5325 (0.5041)  loss_giou_dn_0: 0.4868 (0.5342)  loss_class_dn_1: 0.4507 (0.4919)  loss_bbox_dn_1: 0.4107 (0.3944)  loss_giou_dn_1: 0.4105 (0.4235)  loss_class_dn_2: 0.4181 (0.4516)  loss_bbox_dn_2: 0.3705 (0.3580)  loss_giou_dn_2: 0.3770 (0.3897)  loss_class_dn_3: 0.4077 (0.4338)  loss_bbox_dn_3: 0.3636 (0.3519)  loss_giou_dn_3: 0.3748 (0.3821)  loss_class_dn_4: 0.3963 (0.4268)  loss_bbox_dn_4: 0.3547 (0.3506)  loss_giou_dn_4: 0.3689 (0.3796)  loss_class_hybrid: 0.7821 (0.8419)  loss_bbox_hybrid: 0.2568 (0.2490)  loss_giou_hybrid: 0.2931 (0.3124)  loss_class_0_hybrid: 0.9691 (1.0100)  loss_bbox_0_hybrid: 0.2667 (0.2592)  loss_giou_0_hybrid: 0.2886 (0.3312)  loss_class_1_hybrid: 0.8635 (0.9161)  loss_bbox_1_hybrid: 0.2598 (0.2522)  loss_giou_1_hybrid: 0.2908 (0.3200)  loss_class_2_hybrid: 0.8197 (0.8810)  loss_bbox_2_hybrid: 0.2504 (0.2469)  loss_giou_2_hybrid: 0.2836 (0.3123)  loss_class_3_hybrid: 0.8201 (0.8523)  loss_bbox_3_hybrid: 0.2523 (0.2483)  loss_giou_3_hybrid: 0.2868 (0.3126)  loss_class_4_hybrid: 0.7980 (0.8420)  loss_bbox_4_hybrid: 0.2534 (0.2495)  loss_giou_4_hybrid: 0.2841 (0.3129)  loss_class_enc_hybrid: 0.9455 (1.0048)  loss_bbox_enc_hybrid: 0.3394 (0.3234)  loss_giou_enc_hybrid: 0.3676 (0.4055)  mem: 1032  max mem: 40949
[2026-07-03 19:47:37 accelerate.tracking]: [RANK 0] Successfully logged to TensorBoard
[2026-07-03 19:48:47 det.util.engine]: Epoch: [1]  [550/2405]  eta: 0:44:10  lr: 0.000100  data_time: 0.0055  iter_time: 1.4061  loss: 26.5444 (28.3494)  loss_class: 0.7408 (0.7684)  loss_bbox: 0.2487 (0.2521)  loss_giou: 0.3061 (0.3143)  loss_class_0: 1.0158 (1.0797)  loss_bbox_0: 0.2673 (0.2560)  loss_giou_0: 0.3013 (0.3281)  loss_class_1: 0.8737 (0.8987)  loss_bbox_1: 0.2453 (0.2521)  loss_giou_1: 0.3006 (0.3180)  loss_class_2: 0.8007 (0.8408)  loss_bbox_2: 0.2544 (0.2480)  loss_giou_2: 0.3134 (0.3118)  loss_class_3: 0.7229 (0.7856)  loss_bbox_3: 0.2499 (0.2514)  loss_giou_3: 0.3078 (0.3139)  loss_class_4: 0.7250 (0.7711)  loss_bbox_4: 0.2489 (0.2511)  loss_giou_4: 0.3066 (0.3138)  loss_class_enc: 0.9877 (1.0768)  loss_bbox_enc: 0.3234 (0.3080)  loss_giou_enc: 0.3746 (0.3890)  loss_class_dn: 0.4073 (0.4283)  loss_bbox_dn: 0.3345 (0.3488)  loss_giou_dn: 0.3289 (0.3781)  loss_class_dn_0: 0.5419 (0.5692)  loss_bbox_dn_0: 0.4909 (0.5025)  loss_giou_dn_0: 0.4932 (0.5325)  loss_class_dn_1: 0.4625 (0.4905)  loss_bbox_dn_1: 0.3626 (0.3927)  loss_giou_dn_1: 0.3670 (0.4220)  loss_class_dn_2: 0.4290 (0.4504)  loss_bbox_dn_2: 0.3462 (0.3563)  loss_giou_dn_2: 0.3274 (0.3881)  loss_class_dn_3: 0.4122 (0.4326)  loss_bbox_dn_3: 0.3370 (0.3501)  loss_giou_dn_3: 0.3246 (0.3805)  loss_class_dn_4: 0.4101 (0.4259)  loss_bbox_dn_4: 0.3345 (0.3488)  loss_giou_dn_4: 0.3270 (0.3780)  loss_class_hybrid: 0.7469 (0.8372)  loss_bbox_hybrid: 0.2580 (0.2483)  loss_giou_hybrid: 0.2962 (0.3120)  loss_class_0_hybrid: 0.9492 (1.0051)  loss_bbox_0_hybrid: 0.2582 (0.2593)  loss_giou_0_hybrid: 0.3056 (0.3310)  loss_class_1_hybrid: 0.8233 (0.9124)  loss_bbox_1_hybrid: 0.2590 (0.2517)  loss_giou_1_hybrid: 0.3033 (0.3193)  loss_class_2_hybrid: 0.7990 (0.8776)  loss_bbox_2_hybrid: 0.2557 (0.2461)  loss_giou_2_hybrid: 0.3020 (0.3116)  loss_class_3_hybrid: 0.7265 (0.8476)  loss_bbox_3_hybrid: 0.2596 (0.2476)  loss_giou_3_hybrid: 0.2939 (0.3121)  loss_class_4_hybrid: 0.7202 (0.8372)  loss_bbox_4_hybrid: 0.2599 (0.2488)  loss_giou_4_hybrid: 0.2956 (0.3124)  loss_class_enc_hybrid: 0.9239 (1.0000)  loss_bbox_enc_hybrid: 0.3079 (0.3231)  loss_giou_enc_hybrid: 0.3765 (0.4049)  mem: 1003  max mem: 40949
[2026-07-03 19:48:47 accelerate.tracking]: [RANK 0] Successfully logged to TensorBoard
[2026-07-03 19:49:59 det.util.engine]: Epoch: [1]  [600/2405]  eta: 0:43:00  lr: 0.000100  data_time: 0.0061  iter_time: 1.4605  loss: 26.0234 (28.1881)  loss_class: 0.6459 (0.7634)  loss_bbox: 0.2240 (0.2500)  loss_giou: 0.3152 (0.3136)  loss_class_0: 0.9524 (1.0740)  loss_bbox_0: 0.2036 (0.2538)  loss_giou_0: 0.3334 (0.3274)  loss_class_1: 0.7907 (0.8943)  loss_bbox_1: 0.2089 (0.2499)  loss_giou_1: 0.3041 (0.3172)  loss_class_2: 0.7473 (0.8357)  loss_bbox_2: 0.2018 (0.2458)  loss_giou_2: 0.3111 (0.3112)  loss_class_3: 0.7187 (0.7811)  loss_bbox_3: 0.2037 (0.2492)  loss_giou_3: 0.3032 (0.3132)  loss_class_4: 0.6546 (0.7665)  loss_bbox_4: 0.2238 (0.2490)  loss_giou_4: 0.3150 (0.3131)  loss_class_enc: 0.9473 (1.0686)  loss_bbox_enc: 0.2536 (0.3056)  loss_giou_enc: 0.3784 (0.3883)  loss_class_dn: 0.4262 (0.4276)  loss_bbox_dn: 0.2665 (0.3446)  loss_giou_dn: 0.3448 (0.3758)  loss_class_dn_0: 0.5735 (0.5686)  loss_bbox_dn_0: 0.3909 (0.4965)  loss_giou_dn_0: 0.4741 (0.5298)  loss_class_dn_1: 0.4384 (0.4888)  loss_bbox_dn_1: 0.3048 (0.3877)  loss_giou_dn_1: 0.3686 (0.4194)  loss_class_dn_2: 0.4191 (0.4490)  loss_bbox_dn_2: 0.2758 (0.3519)  loss_giou_dn_2: 0.3429 (0.3856)  loss_class_dn_3: 0.4191 (0.4314)  loss_bbox_dn_3: 0.2683 (0.3459)  loss_giou_dn_3: 0.3428 (0.3782)  loss_class_dn_4: 0.4146 (0.4251)  loss_bbox_dn_4: 0.2667 (0.3446)  loss_giou_dn_4: 0.3452 (0.3757)  loss_class_hybrid: 0.7656 (0.8322)  loss_bbox_hybrid: 0.2149 (0.2466)  loss_giou_hybrid: 0.3102 (0.3117)  loss_class_0_hybrid: 0.9018 (1.0002)  loss_bbox_0_hybrid: 0.2132 (0.2574)  loss_giou_0_hybrid: 0.3358 (0.3306)  loss_class_1_hybrid: 0.7956 (0.9061)  loss_bbox_1_hybrid: 0.2200 (0.2500)  loss_giou_1_hybrid: 0.3166 (0.3190)  loss_class_2_hybrid: 0.7965 (0.8721)  loss_bbox_2_hybrid: 0.2127 (0.2443)  loss_giou_2_hybrid: 0.3099 (0.3112)  loss_class_3_hybrid: 0.7714 (0.8422)  loss_bbox_3_hybrid: 0.2229 (0.2458)  loss_giou_3_hybrid: 0.3116 (0.3117)  loss_class_4_hybrid: 0.7542 (0.8323)  loss_bbox_4_hybrid: 0.2111 (0.2470)  loss_giou_4_hybrid: 0.3097 (0.3119)  loss_class_enc_hybrid: 0.8928 (0.9943)  loss_bbox_enc_hybrid: 0.2677 (0.3203)  loss_giou_enc_hybrid: 0.3929 (0.4037)  mem: 1001  max mem: 40949
[2026-07-03 19:49:59 accelerate.tracking]: [RANK 0] Successfully logged to TensorBoard
[2026-07-03 19:51:10 det.util.engine]: Epoch: [1]  [650/2405]  eta: 0:41:47  lr: 0.000100  data_time: 0.0057  iter_time: 1.4691  loss: 26.3220 (28.1558)  loss_class: 0.7484 (0.7656)  loss_bbox: 0.2155 (0.2489)  loss_giou: 0.2676 (0.3125)  loss_class_0: 1.0216 (1.0728)  loss_bbox_0: 0.2392 (0.2530)  loss_giou_0: 0.3230 (0.3269)  loss_class_1: 0.9034 (0.8943)  loss_bbox_1: 0.2440 (0.2496)  loss_giou_1: 0.2810 (0.3168)  loss_class_2: 0.7794 (0.8357)  loss_bbox_2: 0.2259 (0.2452)  loss_giou_2: 0.2730 (0.3108)  loss_class_3: 0.7576 (0.7841)  loss_bbox_3: 0.2188 (0.2479)  loss_giou_3: 0.2704 (0.3122)  loss_class_4: 0.7432 (0.7684)  loss_bbox_4: 0.2158 (0.2478)  loss_giou_4: 0.2666 (0.3120)  loss_class_enc: 0.9971 (1.0638)  loss_bbox_enc: 0.2929 (0.3063)  loss_giou_enc: 0.3615 (0.3885)  loss_class_dn: 0.4050 (0.4272)  loss_bbox_dn: 0.3073 (0.3440)  loss_giou_dn: 0.3460 (0.3752)  loss_class_dn_0: 0.5525 (0.5679)  loss_bbox_dn_0: 0.4542 (0.4958)  loss_giou_dn_0: 0.4992 (0.5288)  loss_class_dn_1: 0.4627 (0.4875)  loss_bbox_dn_1: 0.3464 (0.3869)  loss_giou_dn_1: 0.3850 (0.4186)  loss_class_dn_2: 0.4334 (0.4480)  loss_bbox_dn_2: 0.3238 (0.3513)  loss_giou_dn_2: 0.3569 (0.3850)  loss_class_dn_3: 0.4061 (0.4308)  loss_bbox_dn_3: 0.3115 (0.3453)  loss_giou_dn_3: 0.3510 (0.3776)  loss_class_dn_4: 0.4006 (0.4247)  loss_bbox_dn_4: 0.3096 (0.3439)  loss_giou_dn_4: 0.3459 (0.3751)  loss_class_hybrid: 0.8118 (0.8326)  loss_bbox_hybrid: 0.2184 (0.2456)  loss_giou_hybrid: 0.2750 (0.3111)  loss_class_0_hybrid: 0.9508 (0.9985)  loss_bbox_0_hybrid: 0.2350 (0.2571)  loss_giou_0_hybrid: 0.2961 (0.3305)  loss_class_1_hybrid: 0.8456 (0.9052)  loss_bbox_1_hybrid: 0.2410 (0.2497)  loss_giou_1_hybrid: 0.2811 (0.3187)  loss_class_2_hybrid: 0.8079 (0.8715)  loss_bbox_2_hybrid: 0.2372 (0.2437)  loss_giou_2_hybrid: 0.2865 (0.3109)  loss_class_3_hybrid: 0.7936 (0.8424)  loss_bbox_3_hybrid: 0.2357 (0.2451)  loss_giou_3_hybrid: 0.2877 (0.3112)  loss_class_4_hybrid: 0.8144 (0.8325)  loss_bbox_4_hybrid: 0.2197 (0.2461)  loss_giou_4_hybrid: 0.2798 (0.3114)  loss_class_enc_hybrid: 0.9331 (0.9912)  loss_bbox_enc_hybrid: 0.3361 (0.3203)  loss_giou_enc_hybrid: 0.3575 (0.4034)  mem: 1018  max mem: 40949
[2026-07-03 19:51:10 accelerate.tracking]: [RANK 0] Successfully logged to TensorBoard
[2026-07-03 19:52:21 det.util.engine]: Epoch: [1]  [700/2405]  eta: 0:40:34  lr: 0.000100  data_time: 0.0054  iter_time: 1.4063  loss: 25.6803 (28.0220)  loss_class: 0.6512 (0.7636)  loss_bbox: 0.1948 (0.2465)  loss_giou: 0.2826 (0.3103)  loss_class_0: 1.0045 (1.0675)  loss_bbox_0: 0.2111 (0.2511)  loss_giou_0: 0.2922 (0.3254)  loss_class_1: 0.8367 (0.8915)  loss_bbox_1: 0.1854 (0.2474)  loss_giou_1: 0.2862 (0.3149)  loss_class_2: 0.7338 (0.8320)  loss_bbox_2: 0.1914 (0.2431)  loss_giou_2: 0.2788 (0.3091)  loss_class_3: 0.6457 (0.7812)  loss_bbox_3: 0.1879 (0.2457)  loss_giou_3: 0.2829 (0.3103)  loss_class_4: 0.6301 (0.7655)  loss_bbox_4: 0.1929 (0.2457)  loss_giou_4: 0.2828 (0.3100)  loss_class_enc: 0.9795 (1.0599)  loss_bbox_enc: 0.2624 (0.3046)  loss_giou_enc: 0.3488 (0.3870)  loss_class_dn: 0.3908 (0.4263)  loss_bbox_dn: 0.2883 (0.3410)  loss_giou_dn: 0.3313 (0.3732)  loss_class_dn_0: 0.5595 (0.5676)  loss_bbox_dn_0: 0.4174 (0.4929)  loss_giou_dn_0: 0.5072 (0.5268)  loss_class_dn_1: 0.4706 (0.4869)  loss_bbox_dn_1: 0.3205 (0.3840)  loss_giou_dn_1: 0.3938 (0.4166)  loss_class_dn_2: 0.4209 (0.4473)  loss_bbox_dn_2: 0.2898 (0.3483)  loss_giou_dn_2: 0.3413 (0.3829)  loss_class_dn_3: 0.4000 (0.4299)  loss_bbox_dn_3: 0.2919 (0.3424)  loss_giou_dn_3: 0.3348 (0.3755)  loss_class_dn_4: 0.3885 (0.4238)  loss_bbox_dn_4: 0.2881 (0.3410)  loss_giou_dn_4: 0.3307 (0.3731)  loss_class_hybrid: 0.7421 (0.8289)  loss_bbox_hybrid: 0.2036 (0.2440)  loss_giou_hybrid: 0.2801 (0.3096)  loss_class_0_hybrid: 0.9158 (0.9939)  loss_bbox_0_hybrid: 0.2192 (0.2558)  loss_giou_0_hybrid: 0.3060 (0.3294)  loss_class_1_hybrid: 0.8317 (0.9015)  loss_bbox_1_hybrid: 0.2102 (0.2479)  loss_giou_1_hybrid: 0.2957 (0.3173)  loss_class_2_hybrid: 0.7492 (0.8668)  loss_bbox_2_hybrid: 0.2089 (0.2421)  loss_giou_2_hybrid: 0.2848 (0.3095)  loss_class_3_hybrid: 0.7362 (0.8389)  loss_bbox_3_hybrid: 0.2045 (0.2435)  loss_giou_3_hybrid: 0.2851 (0.3098)  loss_class_4_hybrid: 0.7193 (0.8291)  loss_bbox_4_hybrid: 0.2034 (0.2444)  loss_giou_4_hybrid: 0.2772 (0.3099)  loss_class_enc_hybrid: 0.8987 (0.9863)  loss_bbox_enc_hybrid: 0.2803 (0.3191)  loss_giou_enc_hybrid: 0.3873 (0.4024)  mem: 1025  max mem: 40949
[2026-07-03 19:52:21 accelerate.tracking]: [RANK 0] Successfully logged to TensorBoard
[2026-07-03 19:53:34 det.util.engine]: Epoch: [1]  [750/2405]  eta: 0:39:26  lr: 0.000100  data_time: 0.0056  iter_time: 1.4294  loss: 25.8249 (27.9865)  loss_class: 0.6862 (0.7614)  loss_bbox: 0.2037 (0.2458)  loss_giou: 0.2942 (0.3104)  loss_class_0: 1.0954 (1.0684)  loss_bbox_0: 0.2060 (0.2506)  loss_giou_0: 0.3129 (0.3252)  loss_class_1: 0.8753 (0.8905)  loss_bbox_1: 0.2047 (0.2470)  loss_giou_1: 0.2997 (0.3153)  loss_class_2: 0.7844 (0.8301)  loss_bbox_2: 0.1998 (0.2424)  loss_giou_2: 0.3015 (0.3094)  loss_class_3: 0.6835 (0.7798)  loss_bbox_3: 0.1901 (0.2448)  loss_giou_3: 0.2927 (0.3102)  loss_class_4: 0.6840 (0.7641)  loss_bbox_4: 0.2033 (0.2449)  loss_giou_4: 0.2949 (0.3101)  loss_class_enc: 0.9712 (1.0561)  loss_bbox_enc: 0.2895 (0.3043)  loss_giou_enc: 0.3822 (0.3873)  loss_class_dn: 0.4118 (0.4261)  loss_bbox_dn: 0.3038 (0.3404)  loss_giou_dn: 0.3681 (0.3733)  loss_class_dn_0: 0.5418 (0.5673)  loss_bbox_dn_0: 0.5005 (0.4919)  loss_giou_dn_0: 0.5136 (0.5266)  loss_class_dn_1: 0.4605 (0.4863)  loss_bbox_dn_1: 0.3648 (0.3833)  loss_giou_dn_1: 0.4097 (0.4168)  loss_class_dn_2: 0.4139 (0.4469)  loss_bbox_dn_2: 0.3109 (0.3476)  loss_giou_dn_2: 0.3730 (0.3830)  loss_class_dn_3: 0.4030 (0.4296)  loss_bbox_dn_3: 0.3074 (0.3417)  loss_giou_dn_3: 0.3708 (0.3756)  loss_class_dn_4: 0.4059 (0.4236)  loss_bbox_dn_4: 0.3037 (0.3404)  loss_giou_dn_4: 0.3684 (0.3732)  loss_class_hybrid: 0.7601 (0.8262)  loss_bbox_hybrid: 0.2271 (0.2438)  loss_giou_hybrid: 0.3161 (0.3100)  loss_class_0_hybrid: 0.9182 (0.9921)  loss_bbox_0_hybrid: 0.2317 (0.2559)  loss_giou_0_hybrid: 0.3329 (0.3299)  loss_class_1_hybrid: 0.8290 (0.8988)  loss_bbox_1_hybrid: 0.2142 (0.2478)  loss_giou_1_hybrid: 0.3172 (0.3176)  loss_class_2_hybrid: 0.7851 (0.8647)  loss_bbox_2_hybrid: 0.2184 (0.2420)  loss_giou_2_hybrid: 0.3215 (0.3099)  loss_class_3_hybrid: 0.7746 (0.8365)  loss_bbox_3_hybrid: 0.2210 (0.2434)  loss_giou_3_hybrid: 0.3182 (0.3102)  loss_class_4_hybrid: 0.7551 (0.8268)  loss_bbox_4_hybrid: 0.2248 (0.2441)  loss_giou_4_hybrid: 0.3166 (0.3102)  loss_class_enc_hybrid: 0.9260 (0.9833)  loss_bbox_enc_hybrid: 0.3010 (0.3189)  loss_giou_enc_hybrid: 0.3940 (0.4027)  mem: 1040  max mem: 40949
[2026-07-03 19:53:34 accelerate.tracking]: [RANK 0] Successfully logged to TensorBoard
[2026-07-03 19:54:46 det.util.engine]: Epoch: [1]  [800/2405]  eta: 0:38:16  lr: 0.000100  data_time: 0.0055  iter_time: 1.3854  loss: 26.1553 (27.9355)  loss_class: 0.6552 (0.7592)  loss_bbox: 0.2349 (0.2468)  loss_giou: 0.2811 (0.3104)  loss_class_0: 1.0081 (1.0657)  loss_bbox_0: 0.2620 (0.2514)  loss_giou_0: 0.3157 (0.3246)  loss_class_1: 0.8089 (0.8878)  loss_bbox_1: 0.2602 (0.2478)  loss_giou_1: 0.2953 (0.3151)  loss_class_2: 0.7292 (0.8274)  loss_bbox_2: 0.2517 (0.2433)  loss_giou_2: 0.2948 (0.3093)  loss_class_3: 0.6648 (0.7775)  loss_bbox_3: 0.2347 (0.2457)  loss_giou_3: 0.2734 (0.3099)  loss_class_4: 0.6507 (0.7619)  loss_bbox_4: 0.2410 (0.2457)  loss_giou_4: 0.2806 (0.3099)  loss_class_enc: 0.9144 (1.0519)  loss_bbox_enc: 0.3244 (0.3048)  loss_giou_enc: 0.3575 (0.3867)  loss_class_dn: 0.4109 (0.4247)  loss_bbox_dn: 0.3144 (0.3397)  loss_giou_dn: 0.3335 (0.3725)  loss_class_dn_0: 0.5601 (0.5663)  loss_bbox_dn_0: 0.4553 (0.4912)  loss_giou_dn_0: 0.4808 (0.5258)  loss_class_dn_1: 0.4676 (0.4847)  loss_bbox_dn_1: 0.3562 (0.3829)  loss_giou_dn_1: 0.3814 (0.4160)  loss_class_dn_2: 0.4243 (0.4454)  loss_bbox_dn_2: 0.3367 (0.3471)  loss_giou_dn_2: 0.3498 (0.3822)  loss_class_dn_3: 0.4039 (0.4281)  loss_bbox_dn_3: 0.3186 (0.3411)  loss_giou_dn_3: 0.3356 (0.3749)  loss_class_dn_4: 0.4050 (0.4223)  loss_bbox_dn_4: 0.3141 (0.3397)  loss_giou_dn_4: 0.3329 (0.3724)  loss_class_hybrid: 0.7846 (0.8242)  loss_bbox_hybrid: 0.2432 (0.2443)  loss_giou_hybrid: 0.2659 (0.3096)  loss_class_0_hybrid: 0.8900 (0.9883)  loss_bbox_0_hybrid: 0.2695 (0.2567)  loss_giou_0_hybrid: 0.3008 (0.3296)  loss_class_1_hybrid: 0.7937 (0.8957)  loss_bbox_1_hybrid: 0.2426 (0.2485)  loss_giou_1_hybrid: 0.2777 (0.3172)  loss_class_2_hybrid: 0.7641 (0.8622)  loss_bbox_2_hybrid: 0.2414 (0.2427)  loss_giou_2_hybrid: 0.2656 (0.3097)  loss_class_3_hybrid: 0.7592 (0.8338)  loss_bbox_3_hybrid: 0.2437 (0.2439)  loss_giou_3_hybrid: 0.2628 (0.3099)  loss_class_4_hybrid: 0.7702 (0.8246)  loss_bbox_4_hybrid: 0.2418 (0.2447)  loss_giou_4_hybrid: 0.2624 (0.3099)  loss_class_enc_hybrid: 0.9204 (0.9789)  loss_bbox_enc_hybrid: 0.3230 (0.3197)  loss_giou_enc_hybrid: 0.3710 (0.4020)  mem: 1022  max mem: 40949
[2026-07-03 19:54:46 accelerate.tracking]: [RANK 0] Successfully logged to TensorBoard
[2026-07-03 19:55:58 det.util.engine]: Epoch: [1]  [850/2405]  eta: 0:37:05  lr: 0.000100  data_time: 0.0065  iter_time: 1.4738  loss: 26.2069 (27.8589)  loss_class: 0.6956 (0.7567)  loss_bbox: 0.2091 (0.2456)  loss_giou: 0.2860 (0.3097)  loss_class_0: 0.9780 (1.0620)  loss_bbox_0: 0.2219 (0.2507)  loss_giou_0: 0.3035 (0.3244)  loss_class_1: 0.7847 (0.8847)  loss_bbox_1: 0.2221 (0.2473)  loss_giou_1: 0.3063 (0.3149)  loss_class_2: 0.7280 (0.8244)  loss_bbox_2: 0.2111 (0.2424)  loss_giou_2: 0.2906 (0.3089)  loss_class_3: 0.6809 (0.7751)  loss_bbox_3: 0.2179 (0.2446)  loss_giou_3: 0.3096 (0.3094)  loss_class_4: 0.6764 (0.7592)  loss_bbox_4: 0.2166 (0.2448)  loss_giou_4: 0.3080 (0.3094)  loss_class_enc: 0.9705 (1.0481)  loss_bbox_enc: 0.2491 (0.3044)  loss_giou_enc: 0.3786 (0.3864)  loss_class_dn: 0.4035 (0.4241)  loss_bbox_dn: 0.2860 (0.3384)  loss_giou_dn: 0.3677 (0.3717)  loss_class_dn_0: 0.5722 (0.5662)  loss_bbox_dn_0: 0.4123 (0.4897)  loss_giou_dn_0: 0.5083 (0.5248)  loss_class_dn_1: 0.4713 (0.4840)  loss_bbox_dn_1: 0.3325 (0.3816)  loss_giou_dn_1: 0.4022 (0.4153)  loss_class_dn_2: 0.4229 (0.4446)  loss_bbox_dn_2: 0.2971 (0.3458)  loss_giou_dn_2: 0.3731 (0.3815)  loss_class_dn_3: 0.4090 (0.4273)  loss_bbox_dn_3: 0.2875 (0.3398)  loss_giou_dn_3: 0.3715 (0.3740)  loss_class_dn_4: 0.4027 (0.4217)  loss_bbox_dn_4: 0.2864 (0.3384)  loss_giou_dn_4: 0.3671 (0.3716)  loss_class_hybrid: 0.7354 (0.8204)  loss_bbox_hybrid: 0.2092 (0.2437)  loss_giou_hybrid: 0.2850 (0.3094)  loss_class_0_hybrid: 0.8681 (0.9843)  loss_bbox_0_hybrid: 0.2208 (0.2563)  loss_giou_0_hybrid: 0.3144 (0.3293)  loss_class_1_hybrid: 0.8025 (0.8921)  loss_bbox_1_hybrid: 0.2032 (0.2481)  loss_giou_1_hybrid: 0.2932 (0.3171)  loss_class_2_hybrid: 0.7593 (0.8584)  loss_bbox_2_hybrid: 0.2097 (0.2423)  loss_giou_2_hybrid: 0.2876 (0.3095)  loss_class_3_hybrid: 0.7384 (0.8302)  loss_bbox_3_hybrid: 0.2109 (0.2434)  loss_giou_3_hybrid: 0.2852 (0.3098)  loss_class_4_hybrid: 0.7423 (0.8208)  loss_bbox_4_hybrid: 0.2099 (0.2442)  loss_giou_4_hybrid: 0.2920 (0.3097)  loss_class_enc_hybrid: 0.9163 (0.9760)  loss_bbox_enc_hybrid: 0.2712 (0.3189)  loss_giou_enc_hybrid: 0.3920 (0.4014)  mem: 1020  max mem: 40949
[2026-07-03 19:55:58 accelerate.tracking]: [RANK 0] Successfully logged to TensorBoard
[2026-07-03 19:57:10 det.util.engine]: Epoch: [1]  [900/2405]  eta: 0:35:55  lr: 0.000100  data_time: 0.0058  iter_time: 1.4247  loss: 25.2331 (27.8158)  loss_class: 0.7050 (0.7556)  loss_bbox: 0.2134 (0.2458)  loss_giou: 0.2816 (0.3092)  loss_class_0: 0.9968 (1.0607)  loss_bbox_0: 0.2122 (0.2502)  loss_giou_0: 0.2857 (0.3233)  loss_class_1: 0.8068 (0.8820)  loss_bbox_1: 0.2133 (0.2472)  loss_giou_1: 0.2894 (0.3144)  loss_class_2: 0.7224 (0.8231)  loss_bbox_2: 0.2045 (0.2422)  loss_giou_2: 0.2809 (0.3081)  loss_class_3: 0.6997 (0.7740)  loss_bbox_3: 0.2053 (0.2444)  loss_giou_3: 0.2788 (0.3086)  loss_class_4: 0.7075 (0.7582)  loss_bbox_4: 0.2093 (0.2445)  loss_giou_4: 0.2789 (0.3086)  loss_class_enc: 0.9803 (1.0478)  loss_bbox_enc: 0.2732 (0.3033)  loss_giou_enc: 0.3539 (0.3847)  loss_class_dn: 0.3827 (0.4234)  loss_bbox_dn: 0.2831 (0.3386)  loss_giou_dn: 0.3454 (0.3712)  loss_class_dn_0: 0.5250 (0.5654)  loss_bbox_dn_0: 0.4317 (0.4891)  loss_giou_dn_0: 0.4755 (0.5235)  loss_class_dn_1: 0.4609 (0.4828)  loss_bbox_dn_1: 0.3368 (0.3819)  loss_giou_dn_1: 0.3817 (0.4146)  loss_class_dn_2: 0.4200 (0.4438)  loss_bbox_dn_2: 0.2923 (0.3461)  loss_giou_dn_2: 0.3553 (0.3809)  loss_class_dn_3: 0.3907 (0.4265)  loss_bbox_dn_3: 0.2846 (0.3400)  loss_giou_dn_3: 0.3467 (0.3735)  loss_class_dn_4: 0.3829 (0.4211)  loss_bbox_dn_4: 0.2828 (0.3386)  loss_giou_dn_4: 0.3461 (0.3711)  loss_class_hybrid: 0.7573 (0.8187)  loss_bbox_hybrid: 0.2051 (0.2439)  loss_giou_hybrid: 0.2773 (0.3087)  loss_class_0_hybrid: 0.9318 (0.9840)  loss_bbox_0_hybrid: 0.2180 (0.2558)  loss_giou_0_hybrid: 0.2885 (0.3282)  loss_class_1_hybrid: 0.8515 (0.8905)  loss_bbox_1_hybrid: 0.2053 (0.2479)  loss_giou_1_hybrid: 0.2942 (0.3162)  loss_class_2_hybrid: 0.7610 (0.8561)  loss_bbox_2_hybrid: 0.2031 (0.2423)  loss_giou_2_hybrid: 0.2877 (0.3088)  loss_class_3_hybrid: 0.7715 (0.8282)  loss_bbox_3_hybrid: 0.2022 (0.2434)  loss_giou_3_hybrid: 0.2744 (0.3090)  loss_class_4_hybrid: 0.7550 (0.8189)  loss_bbox_4_hybrid: 0.2072 (0.2443)  loss_giou_4_hybrid: 0.2773 (0.3090)  loss_class_enc_hybrid: 0.9535 (0.9754)  loss_bbox_enc_hybrid: 0.2882 (0.3181)  loss_giou_enc_hybrid: 0.3658 (0.4002)  mem: 1010  max mem: 40949
[2026-07-03 19:57:10 accelerate.tracking]: [RANK 0] Successfully logged to TensorBoard
[2026-07-03 19:58:22 det.util.engine]: Epoch: [1]  [950/2405]  eta: 0:34:44  lr: 0.000100  data_time: 0.0058  iter_time: 1.4557  loss: 28.4898 (27.7827)  loss_class: 0.8245 (0.7552)  loss_bbox: 0.2289 (0.2456)  loss_giou: 0.2874 (0.3084)  loss_class_0: 1.0675 (1.0594)  loss_bbox_0: 0.2413 (0.2502)  loss_giou_0: 0.2827 (0.3225)  loss_class_1: 0.8481 (0.8810)  loss_bbox_1: 0.2358 (0.2472)  loss_giou_1: 0.3096 (0.3140)  loss_class_2: 0.9012 (0.8219)  loss_bbox_2: 0.2314 (0.2422)  loss_giou_2: 0.2840 (0.3075)  loss_class_3: 0.8092 (0.7737)  loss_bbox_3: 0.2301 (0.2441)  loss_giou_3: 0.2765 (0.3077)  loss_class_4: 0.8407 (0.7585)  loss_bbox_4: 0.2313 (0.2442)  loss_giou_4: 0.2868 (0.3078)  loss_class_enc: 0.9864 (1.0474)  loss_bbox_enc: 0.2811 (0.3031)  loss_giou_enc: 0.3639 (0.3842)  loss_class_dn: 0.4011 (0.4223)  loss_bbox_dn: 0.3422 (0.3380)  loss_giou_dn: 0.3627 (0.3705)  loss_class_dn_0: 0.5476 (0.5647)  loss_bbox_dn_0: 0.4904 (0.4892)  loss_giou_dn_0: 0.5255 (0.5232)  loss_class_dn_1: 0.4553 (0.4817)  loss_bbox_dn_1: 0.3844 (0.3815)  loss_giou_dn_1: 0.4302 (0.4142)  loss_class_dn_2: 0.4338 (0.4426)  loss_bbox_dn_2: 0.3500 (0.3455)  loss_giou_dn_2: 0.3750 (0.3803)  loss_class_dn_3: 0.4119 (0.4253)  loss_bbox_dn_3: 0.3457 (0.3394)  loss_giou_dn_3: 0.3669 (0.3728)  loss_class_dn_4: 0.4010 (0.4199)  loss_bbox_dn_4: 0.3420 (0.3379)  loss_giou_dn_4: 0.3619 (0.3704)  loss_class_hybrid: 0.8817 (0.8174)  loss_bbox_hybrid: 0.2250 (0.2440)  loss_giou_hybrid: 0.2803 (0.3081)  loss_class_0_hybrid: 1.0094 (0.9834)  loss_bbox_0_hybrid: 0.2424 (0.2556)  loss_giou_0_hybrid: 0.2933 (0.3274)  loss_class_1_hybrid: 0.9391 (0.8903)  loss_bbox_1_hybrid: 0.2401 (0.2479)  loss_giou_1_hybrid: 0.2832 (0.3153)  loss_class_2_hybrid: 0.9365 (0.8553)  loss_bbox_2_hybrid: 0.2214 (0.2422)  loss_giou_2_hybrid: 0.2697 (0.3080)  loss_class_3_hybrid: 0.8824 (0.8275)  loss_bbox_3_hybrid: 0.2244 (0.2434)  loss_giou_3_hybrid: 0.2770 (0.3083)  loss_class_4_hybrid: 0.8850 (0.8182)  loss_bbox_4_hybrid: 0.2248 (0.2442)  loss_giou_4_hybrid: 0.2911 (0.3084)  loss_class_enc_hybrid: 0.9926 (0.9753)  loss_bbox_enc_hybrid: 0.3111 (0.3180)  loss_giou_enc_hybrid: 0.3705 (0.3997)  mem: 1024  max mem: 40949
[2026-07-03 19:58:22 accelerate.tracking]: [RANK 0] Successfully logged to TensorBoard
[2026-07-03 19:59:36 det.util.engine]: Epoch: [1]  [1000/2405]  eta: 0:33:35  lr: 0.000100  data_time: 0.0062  iter_time: 1.4505  loss: 26.2045 (27.7306)  loss_class: 0.7072 (0.7538)  loss_bbox: 0.1905 (0.2446)  loss_giou: 0.2871 (0.3079)  loss_class_0: 0.9281 (1.0559)  loss_bbox_0: 0.2179 (0.2496)  loss_giou_0: 0.3186 (0.3224)  loss_class_1: 0.7743 (0.8776)  loss_bbox_1: 0.2006 (0.2462)  loss_giou_1: 0.3120 (0.3137)  loss_class_2: 0.7126 (0.8196)  loss_bbox_2: 0.1904 (0.2413)  loss_giou_2: 0.2914 (0.3071)  loss_class_3: 0.6933 (0.7723)  loss_bbox_3: 0.1911 (0.2431)  loss_giou_3: 0.2891 (0.3073)  loss_class_4: 0.7073 (0.7573)  loss_bbox_4: 0.1903 (0.2431)  loss_giou_4: 0.2870 (0.3072)  loss_class_enc: 0.9481 (1.0446)  loss_bbox_enc: 0.2730 (0.3033)  loss_giou_enc: 0.3772 (0.3847)  loss_class_dn: 0.3917 (0.4217)  loss_bbox_dn: 0.3239 (0.3374)  loss_giou_dn: 0.3576 (0.3701)  loss_class_dn_0: 0.5407 (0.5637)  loss_bbox_dn_0: 0.5020 (0.4891)  loss_giou_dn_0: 0.5075 (0.5229)  loss_class_dn_1: 0.4475 (0.4806)  loss_bbox_dn_1: 0.3774 (0.3809)  loss_giou_dn_1: 0.3961 (0.4137)  loss_class_dn_2: 0.4066 (0.4417)  loss_bbox_dn_2: 0.3325 (0.3449)  loss_giou_dn_2: 0.3639 (0.3799)  loss_class_dn_3: 0.3949 (0.4247)  loss_bbox_dn_3: 0.3257 (0.3389)  loss_giou_dn_3: 0.3562 (0.3724)  loss_class_dn_4: 0.3897 (0.4193)  loss_bbox_dn_4: 0.3237 (0.3374)  loss_giou_dn_4: 0.3568 (0.3700)  loss_class_hybrid: 0.8138 (0.8160)  loss_bbox_hybrid: 0.1922 (0.2432)  loss_giou_hybrid: 0.2856 (0.3077)  loss_class_0_hybrid: 0.8912 (0.9812)  loss_bbox_0_hybrid: 0.2322 (0.2551)  loss_giou_0_hybrid: 0.3061 (0.3273)  loss_class_1_hybrid: 0.8248 (0.8878)  loss_bbox_1_hybrid: 0.2058 (0.2472)  loss_giou_1_hybrid: 0.2956 (0.3150)  loss_class_2_hybrid: 0.8237 (0.8541)  loss_bbox_2_hybrid: 0.1940 (0.2414)  loss_giou_2_hybrid: 0.2895 (0.3075)  loss_class_3_hybrid: 0.8168 (0.8261)  loss_bbox_3_hybrid: 0.1913 (0.2426)  loss_giou_3_hybrid: 0.2844 (0.3079)  loss_class_4_hybrid: 0.7973 (0.8167)  loss_bbox_4_hybrid: 0.1943 (0.2434)  loss_giou_4_hybrid: 0.2859 (0.3079)  loss_class_enc_hybrid: 0.8826 (0.9728)  loss_bbox_enc_hybrid: 0.3154 (0.3179)  loss_giou_enc_hybrid: 0.3969 (0.3999)  mem: 1014  max mem: 40949
[2026-07-03 19:59:36 accelerate.tracking]: [RANK 0] Successfully logged to TensorBoard
[2026-07-03 20:00:47 det.util.engine]: Epoch: [1]  [1050/2405]  eta: 0:32:23  lr: 0.000100  data_time: 0.0057  iter_time: 1.4697  loss: 26.8280 (27.7332)  loss_class: 0.6911 (0.7536)  loss_bbox: 0.2180 (0.2448)  loss_giou: 0.3076 (0.3084)  loss_class_0: 1.0056 (1.0546)  loss_bbox_0: 0.2709 (0.2499)  loss_giou_0: 0.3397 (0.3230)  loss_class_1: 0.8956 (0.8764)  loss_bbox_1: 0.2634 (0.2468)  loss_giou_1: 0.3154 (0.3144)  loss_class_2: 0.7208 (0.8177)  loss_bbox_2: 0.2308 (0.2420)  loss_giou_2: 0.3295 (0.3079)  loss_class_3: 0.7232 (0.7721)  loss_bbox_3: 0.2223 (0.2434)  loss_giou_3: 0.3105 (0.3079)  loss_class_4: 0.7019 (0.7570)  loss_bbox_4: 0.2208 (0.2434)  loss_giou_4: 0.3091 (0.3078)  loss_class_enc: 1.0412 (1.0427)  loss_bbox_enc: 0.3186 (0.3036)  loss_giou_enc: 0.3867 (0.3853)  loss_class_dn: 0.4089 (0.4215)  loss_bbox_dn: 0.3487 (0.3377)  loss_giou_dn: 0.3571 (0.3705)  loss_class_dn_0: 0.5560 (0.5631)  loss_bbox_dn_0: 0.4961 (0.4890)  loss_giou_dn_0: 0.5034 (0.5230)  loss_class_dn_1: 0.4641 (0.4801)  loss_bbox_dn_1: 0.4041 (0.3810)  loss_giou_dn_1: 0.4029 (0.4140)  loss_class_dn_2: 0.4233 (0.4413)  loss_bbox_dn_2: 0.3607 (0.3452)  loss_giou_dn_2: 0.3664 (0.3802)  loss_class_dn_3: 0.4046 (0.4244)  loss_bbox_dn_3: 0.3512 (0.3391)  loss_giou_dn_3: 0.3612 (0.3728)  loss_class_dn_4: 0.3944 (0.4190)  loss_bbox_dn_4: 0.3490 (0.3377)  loss_giou_dn_4: 0.3570 (0.3704)  loss_class_hybrid: 0.7850 (0.8161)  loss_bbox_hybrid: 0.2322 (0.2432)  loss_giou_hybrid: 0.3170 (0.3081)  loss_class_0_hybrid: 0.9697 (0.9809)  loss_bbox_0_hybrid: 0.2411 (0.2551)  loss_giou_0_hybrid: 0.3254 (0.3277)  loss_class_1_hybrid: 0.8671 (0.8870)  loss_bbox_1_hybrid: 0.2334 (0.2474)  loss_giou_1_hybrid: 0.3270 (0.3156)  loss_class_2_hybrid: 0.8262 (0.8539)  loss_bbox_2_hybrid: 0.2243 (0.2416)  loss_giou_2_hybrid: 0.3246 (0.3082)  loss_class_3_hybrid: 0.8071 (0.8259)  loss_bbox_3_hybrid: 0.2192 (0.2428)  loss_giou_3_hybrid: 0.3175 (0.3084)  loss_class_4_hybrid: 0.7958 (0.8166)  loss_bbox_4_hybrid: 0.2321 (0.2435)  loss_giou_4_hybrid: 0.3165 (0.3084)  loss_class_enc_hybrid: 0.9427 (0.9715)  loss_bbox_enc_hybrid: 0.3244 (0.3181)  loss_giou_enc_hybrid: 0.3971 (0.4004)  mem: 1008  max mem: 40949
[2026-07-03 20:00:47 accelerate.tracking]: [RANK 0] Successfully logged to TensorBoard
[2026-07-03 20:01:57 det.util.engine]: Epoch: [1]  [1100/2405]  eta: 0:31:09  lr: 0.000100  data_time: 0.0053  iter_time: 1.3823  loss: 27.7102 (27.6927)  loss_class: 0.8448 (0.7540)  loss_bbox: 0.2040 (0.2442)  loss_giou: 0.2536 (0.3078)  loss_class_0: 0.9786 (1.0540)  loss_bbox_0: 0.2305 (0.2494)  loss_giou_0: 0.2779 (0.3225)  loss_class_1: 0.8457 (0.8752)  loss_bbox_1: 0.2150 (0.2465)  loss_giou_1: 0.2642 (0.3138)  loss_class_2: 0.8223 (0.8170)  loss_bbox_2: 0.2038 (0.2413)  loss_giou_2: 0.2605 (0.3073)  loss_class_3: 0.8500 (0.7719)  loss_bbox_3: 0.2056 (0.2427)  loss_giou_3: 0.2504 (0.3072)  loss_class_4: 0.8739 (0.7575)  loss_bbox_4: 0.2084 (0.2426)  loss_giou_4: 0.2527 (0.3070)  loss_class_enc: 0.9989 (1.0415)  loss_bbox_enc: 0.3002 (0.3034)  loss_giou_enc: 0.3373 (0.3850)  loss_class_dn: 0.4053 (0.4212)  loss_bbox_dn: 0.3019 (0.3364)  loss_giou_dn: 0.3425 (0.3695)  loss_class_dn_0: 0.5433 (0.5622)  loss_bbox_dn_0: 0.4553 (0.4876)  loss_giou_dn_0: 0.4937 (0.5222)  loss_class_dn_1: 0.4666 (0.4792)  loss_bbox_dn_1: 0.3281 (0.3797)  loss_giou_dn_1: 0.3805 (0.4130)  loss_class_dn_2: 0.4287 (0.4405)  loss_bbox_dn_2: 0.3083 (0.3438)  loss_giou_dn_2: 0.3479 (0.3792)  loss_class_dn_3: 0.4125 (0.4238)  loss_bbox_dn_3: 0.3055 (0.3378)  loss_giou_dn_3: 0.3447 (0.3718)  loss_class_dn_4: 0.4044 (0.4186)  loss_bbox_dn_4: 0.3019 (0.3364)  loss_giou_dn_4: 0.3424 (0.3694)  loss_class_hybrid: 0.8503 (0.8162)  loss_bbox_hybrid: 0.2135 (0.2424)  loss_giou_hybrid: 0.2680 (0.3073)  loss_class_0_hybrid: 1.0254 (0.9814)  loss_bbox_0_hybrid: 0.2311 (0.2545)  loss_giou_0_hybrid: 0.2943 (0.3271)  loss_class_1_hybrid: 0.8781 (0.8867)  loss_bbox_1_hybrid: 0.2254 (0.2468)  loss_giou_1_hybrid: 0.2933 (0.3148)  loss_class_2_hybrid: 0.8787 (0.8532)  loss_bbox_2_hybrid: 0.2204 (0.2409)  loss_giou_2_hybrid: 0.2756 (0.3074)  loss_class_3_hybrid: 0.8789 (0.8257)  loss_bbox_3_hybrid: 0.2112 (0.2420)  loss_giou_3_hybrid: 0.2694 (0.3076)  loss_class_4_hybrid: 0.8674 (0.8166)  loss_bbox_4_hybrid: 0.2131 (0.2427)  loss_giou_4_hybrid: 0.2681 (0.3076)  loss_class_enc_hybrid: 0.9406 (0.9699)  loss_bbox_enc_hybrid: 0.2972 (0.3177)  loss_giou_enc_hybrid: 0.3728 (0.4001)  mem: 1004  max mem: 40949
[2026-07-03 20:01:57 accelerate.tracking]: [RANK 0] Successfully logged to TensorBoard
[2026-07-03 20:03:10 det.util.engine]: Epoch: [1]  [1150/2405]  eta: 0:29:59  lr: 0.000100  data_time: 0.0066  iter_time: 1.4872  loss: 25.7330 (27.6898)  loss_class: 0.7005 (0.7550)  loss_bbox: 0.2079 (0.2440)  loss_giou: 0.2917 (0.3076)  loss_class_0: 0.9632 (1.0531)  loss_bbox_0: 0.2287 (0.2490)  loss_giou_0: 0.3264 (0.3222)  loss_class_1: 0.7933 (0.8762)  loss_bbox_1: 0.2063 (0.2459)  loss_giou_1: 0.2970 (0.3134)  loss_class_2: 0.7463 (0.8175)  loss_bbox_2: 0.2057 (0.2409)  loss_giou_2: 0.2917 (0.3070)  loss_class_3: 0.7188 (0.7735)  loss_bbox_3: 0.2074 (0.2422)  loss_giou_3: 0.2924 (0.3068)  loss_class_4: 0.7122 (0.7586)  loss_bbox_4: 0.2024 (0.2422)  loss_giou_4: 0.2909 (0.3067)  loss_class_enc: 0.9645 (1.0404)  loss_bbox_enc: 0.2884 (0.3034)  loss_giou_enc: 0.4110 (0.3855)  loss_class_dn: 0.4004 (0.4213)  loss_bbox_dn: 0.2839 (0.3361)  loss_giou_dn: 0.3691 (0.3694)  loss_class_dn_0: 0.5493 (0.5622)  loss_bbox_dn_0: 0.4129 (0.4870)  loss_giou_dn_0: 0.5202 (0.5218)  loss_class_dn_1: 0.4638 (0.4789)  loss_bbox_dn_1: 0.3088 (0.3793)  loss_giou_dn_1: 0.4082 (0.4128)  loss_class_dn_2: 0.4108 (0.4403)  loss_bbox_dn_2: 0.2899 (0.3435)  loss_giou_dn_2: 0.3807 (0.3791)  loss_class_dn_3: 0.3999 (0.4239)  loss_bbox_dn_3: 0.2849 (0.3375)  loss_giou_dn_3: 0.3694 (0.3717)  loss_class_dn_4: 0.4018 (0.4188)  loss_bbox_dn_4: 0.2838 (0.3360)  loss_giou_dn_4: 0.3694 (0.3693)  loss_class_hybrid: 0.7399 (0.8171)  loss_bbox_hybrid: 0.2219 (0.2422)  loss_giou_hybrid: 0.3002 (0.3073)  loss_class_0_hybrid: 0.8917 (0.9811)  loss_bbox_0_hybrid: 0.2367 (0.2544)  loss_giou_0_hybrid: 0.3320 (0.3271)  loss_class_1_hybrid: 0.7839 (0.8873)  loss_bbox_1_hybrid: 0.2272 (0.2464)  loss_giou_1_hybrid: 0.3015 (0.3147)  loss_class_2_hybrid: 0.7603 (0.8540)  loss_bbox_2_hybrid: 0.2188 (0.2405)  loss_giou_2_hybrid: 0.3032 (0.3073)  loss_class_3_hybrid: 0.7422 (0.8269)  loss_bbox_3_hybrid: 0.2181 (0.2416)  loss_giou_3_hybrid: 0.2956 (0.3075)  loss_class_4_hybrid: 0.7272 (0.8173)  loss_bbox_4_hybrid: 0.2213 (0.2427)  loss_giou_4_hybrid: 0.2974 (0.3076)  loss_class_enc_hybrid: 0.8547 (0.9686)  loss_bbox_enc_hybrid: 0.2953 (0.3178)  loss_giou_enc_hybrid: 0.4238 (0.4006)  mem: 1029  max mem: 40949
[2026-07-03 20:03:10 accelerate.tracking]: [RANK 0] Successfully logged to TensorBoard
[2026-07-03 20:04:24 det.util.engine]: Epoch: [1]  [1200/2405]  eta: 0:28:49  lr: 0.000100  data_time: 0.0061  iter_time: 1.4980  loss: 25.2990 (27.6204)  loss_class: 0.7197 (0.7531)  loss_bbox: 0.1957 (0.2436)  loss_giou: 0.2630 (0.3064)  loss_class_0: 0.9302 (1.0485)  loss_bbox_0: 0.2372 (0.2487)  loss_giou_0: 0.2736 (0.3213)  loss_class_1: 0.8309 (0.8731)  loss_bbox_1: 0.2462 (0.2459)  loss_giou_1: 0.2833 (0.3124)  loss_class_2: 0.7822 (0.8151)  loss_bbox_2: 0.2128 (0.2406)  loss_giou_2: 0.2641 (0.3060)  loss_class_3: 0.7337 (0.7716)  loss_bbox_3: 0.2183 (0.2419)  loss_giou_3: 0.2642 (0.3057)  loss_class_4: 0.7211 (0.7569)  loss_bbox_4: 0.1959 (0.2419)  loss_giou_4: 0.2590 (0.3055)  loss_class_enc: 0.9784 (1.0370)  loss_bbox_enc: 0.2811 (0.3033)  loss_giou_enc: 0.3617 (0.3846)  loss_class_dn: 0.3783 (0.4200)  loss_bbox_dn: 0.3203 (0.3356)  loss_giou_dn: 0.3246 (0.3681)  loss_class_dn_0: 0.5328 (0.5615)  loss_bbox_dn_0: 0.4598 (0.4870)  loss_giou_dn_0: 0.4894 (0.5207)  loss_class_dn_1: 0.4322 (0.4779)  loss_bbox_dn_1: 0.3688 (0.3788)  loss_giou_dn_1: 0.3700 (0.4114)  loss_class_dn_2: 0.3982 (0.4392)  loss_bbox_dn_2: 0.3292 (0.3431)  loss_giou_dn_2: 0.3389 (0.3778)  loss_class_dn_3: 0.3863 (0.4228)  loss_bbox_dn_3: 0.3233 (0.3371)  loss_giou_dn_3: 0.3281 (0.3704)  loss_class_dn_4: 0.3802 (0.4175)  loss_bbox_dn_4: 0.3203 (0.3356)  loss_giou_dn_4: 0.3246 (0.3680)  loss_class_hybrid: 0.7087 (0.8150)  loss_bbox_hybrid: 0.2161 (0.2419)  loss_giou_hybrid: 0.2565 (0.3063)  loss_class_0_hybrid: 0.9018 (0.9778)  loss_bbox_0_hybrid: 0.2232 (0.2541)  loss_giou_0_hybrid: 0.2760 (0.3262)  loss_class_1_hybrid: 0.8586 (0.8854)  loss_bbox_1_hybrid: 0.2233 (0.2462)  loss_giou_1_hybrid: 0.2730 (0.3136)  loss_class_2_hybrid: 0.8143 (0.8521)  loss_bbox_2_hybrid: 0.2173 (0.2402)  loss_giou_2_hybrid: 0.2664 (0.3063)  loss_class_3_hybrid: 0.7385 (0.8248)  loss_bbox_3_hybrid: 0.2142 (0.2413)  loss_giou_3_hybrid: 0.2604 (0.3064)  loss_class_4_hybrid: 0.7119 (0.8154)  loss_bbox_4_hybrid: 0.2213 (0.2423)  loss_giou_4_hybrid: 0.2554 (0.3065)  loss_class_enc_hybrid: 0.9667 (0.9669)  loss_bbox_enc_hybrid: 0.2900 (0.3172)  loss_giou_enc_hybrid: 0.3581 (0.3993)  mem: 1034  max mem: 40949
[2026-07-03 20:04:24 accelerate.tracking]: [RANK 0] Successfully logged to TensorBoard
[2026-07-03 20:05:37 det.util.engine]: Epoch: [1]  [1250/2405]  eta: 0:27:38  lr: 0.000100  data_time: 0.0060  iter_time: 1.4219  loss: 25.0925 (27.5734)  loss_class: 0.6404 (0.7514)  loss_bbox: 0.2055 (0.2434)  loss_giou: 0.2997 (0.3066)  loss_class_0: 0.8922 (1.0444)  loss_bbox_0: 0.2144 (0.2487)  loss_giou_0: 0.3132 (0.3214)  loss_class_1: 0.7688 (0.8696)  loss_bbox_1: 0.2039 (0.2459)  loss_giou_1: 0.2992 (0.3126)  loss_class_2: 0.7368 (0.8128)  loss_bbox_2: 0.1975 (0.2405)  loss_giou_2: 0.2858 (0.3061)  loss_class_3: 0.6643 (0.7698)  loss_bbox_3: 0.2229 (0.2417)  loss_giou_3: 0.2984 (0.3058)  loss_class_4: 0.6475 (0.7549)  loss_bbox_4: 0.2119 (0.2417)  loss_giou_4: 0.2982 (0.3057)  loss_class_enc: 0.9164 (1.0343)  loss_bbox_enc: 0.2667 (0.3031)  loss_giou_enc: 0.3572 (0.3844)  loss_class_dn: 0.3756 (0.4189)  loss_bbox_dn: 0.2566 (0.3345)  loss_giou_dn: 0.3388 (0.3675)  loss_class_dn_0: 0.5391 (0.5607)  loss_bbox_dn_0: 0.4182 (0.4862)  loss_giou_dn_0: 0.5085 (0.5202)  loss_class_dn_1: 0.4312 (0.4767)  loss_bbox_dn_1: 0.3028 (0.3779)  loss_giou_dn_1: 0.3834 (0.4108)  loss_class_dn_2: 0.3892 (0.4380)  loss_bbox_dn_2: 0.2686 (0.3420)  loss_giou_dn_2: 0.3561 (0.3771)  loss_class_dn_3: 0.3762 (0.4217)  loss_bbox_dn_3: 0.2610 (0.3360)  loss_giou_dn_3: 0.3415 (0.3697)  loss_class_dn_4: 0.3760 (0.4165)  loss_bbox_dn_4: 0.2568 (0.3345)  loss_giou_dn_4: 0.3389 (0.3673)  loss_class_hybrid: 0.7289 (0.8130)  loss_bbox_hybrid: 0.2134 (0.2420)  loss_giou_hybrid: 0.2745 (0.3065)  loss_class_0_hybrid: 0.8840 (0.9754)  loss_bbox_0_hybrid: 0.2198 (0.2542)  loss_giou_0_hybrid: 0.3079 (0.3263)  loss_class_1_hybrid: 0.7627 (0.8830)  loss_bbox_1_hybrid: 0.2046 (0.2463)  loss_giou_1_hybrid: 0.2905 (0.3137)  loss_class_2_hybrid: 0.7280 (0.8499)  loss_bbox_2_hybrid: 0.2113 (0.2404)  loss_giou_2_hybrid: 0.2806 (0.3065)  loss_class_3_hybrid: 0.7247 (0.8230)  loss_bbox_3_hybrid: 0.2081 (0.2415)  loss_giou_3_hybrid: 0.2777 (0.3066)  loss_class_4_hybrid: 0.7255 (0.8136)  loss_bbox_4_hybrid: 0.2083 (0.2424)  loss_giou_4_hybrid: 0.2754 (0.3067)  loss_class_enc_hybrid: 0.8850 (0.9652)  loss_bbox_enc_hybrid: 0.2831 (0.3172)  loss_giou_enc_hybrid: 0.3786 (0.3992)  mem: 1007  max mem: 40949
[2026-07-03 20:05:37 accelerate.tracking]: [RANK 0] Successfully logged to TensorBoard
[2026-07-03 20:06:51 det.util.engine]: Epoch: [1]  [1300/2405]  eta: 0:26:29  lr: 0.000100  data_time: 0.0064  iter_time: 1.5437  loss: 27.8096 (27.5417)  loss_class: 0.6990 (0.7500)  loss_bbox: 0.2219 (0.2438)  loss_giou: 0.3101 (0.3065)  loss_class_0: 0.9393 (1.0423)  loss_bbox_0: 0.2328 (0.2488)  loss_giou_0: 0.3152 (0.3210)  loss_class_1: 0.8156 (0.8677)  loss_bbox_1: 0.2348 (0.2462)  loss_giou_1: 0.3026 (0.3123)  loss_class_2: 0.7745 (0.8108)  loss_bbox_2: 0.2186 (0.2410)  loss_giou_2: 0.3009 (0.3060)  loss_class_3: 0.7087 (0.7684)  loss_bbox_3: 0.2220 (0.2421)  loss_giou_3: 0.3077 (0.3057)  loss_class_4: 0.7051 (0.7532)  loss_bbox_4: 0.2225 (0.2422)  loss_giou_4: 0.3098 (0.3056)  loss_class_enc: 0.9472 (1.0327)  loss_bbox_enc: 0.2898 (0.3034)  loss_giou_enc: 0.3706 (0.3840)  loss_class_dn: 0.3905 (0.4181)  loss_bbox_dn: 0.3105 (0.3341)  loss_giou_dn: 0.3877 (0.3668)  loss_class_dn_0: 0.5390 (0.5601)  loss_bbox_dn_0: 0.4369 (0.4858)  loss_giou_dn_0: 0.5170 (0.5196)  loss_class_dn_1: 0.4318 (0.4757)  loss_bbox_dn_1: 0.3424 (0.3774)  loss_giou_dn_1: 0.4305 (0.4100)  loss_class_dn_2: 0.4010 (0.4370)  loss_bbox_dn_2: 0.3204 (0.3416)  loss_giou_dn_2: 0.3979 (0.3764)  loss_class_dn_3: 0.3812 (0.4209)  loss_bbox_dn_3: 0.3100 (0.3356)  loss_giou_dn_3: 0.3885 (0.3690)  loss_class_dn_4: 0.3832 (0.4157)  loss_bbox_dn_4: 0.3102 (0.3341)  loss_giou_dn_4: 0.3871 (0.3667)  loss_class_hybrid: 0.8154 (0.8123)  loss_bbox_hybrid: 0.2115 (0.2422)  loss_giou_hybrid: 0.2935 (0.3060)  loss_class_0_hybrid: 0.9573 (0.9743)  loss_bbox_0_hybrid: 0.2317 (0.2542)  loss_giou_0_hybrid: 0.3187 (0.3257)  loss_class_1_hybrid: 0.8167 (0.8823)  loss_bbox_1_hybrid: 0.2410 (0.2463)  loss_giou_1_hybrid: 0.2879 (0.3132)  loss_class_2_hybrid: 0.7970 (0.8490)  loss_bbox_2_hybrid: 0.2110 (0.2405)  loss_giou_2_hybrid: 0.2749 (0.3060)  loss_class_3_hybrid: 0.7945 (0.8224)  loss_bbox_3_hybrid: 0.2115 (0.2417)  loss_giou_3_hybrid: 0.2988 (0.3062)  loss_class_4_hybrid: 0.7859 (0.8129)  loss_bbox_4_hybrid: 0.2105 (0.2425)  loss_giou_4_hybrid: 0.2922 (0.3062)  loss_class_enc_hybrid: 0.9037 (0.9636)  loss_bbox_enc_hybrid: 0.2991 (0.3173)  loss_giou_enc_hybrid: 0.3937 (0.3987)  mem: 1017  max mem: 40949
[2026-07-03 20:06:51 accelerate.tracking]: [RANK 0] Successfully logged to TensorBoard
[2026-07-03 20:08:04 det.util.engine]: Epoch: [1]  [1350/2405]  eta: 0:25:18  lr: 0.000100  data_time: 0.0059  iter_time: 1.4603  loss: 24.9165 (27.4996)  loss_class: 0.6329 (0.7481)  loss_bbox: 0.2307 (0.2435)  loss_giou: 0.3096 (0.3069)  loss_class_0: 0.9186 (1.0389)  loss_bbox_0: 0.2119 (0.2486)  loss_giou_0: 0.3266 (0.3215)  loss_class_1: 0.8076 (0.8657)  loss_bbox_1: 0.2051 (0.2456)  loss_giou_1: 0.3033 (0.3127)  loss_class_2: 0.7082 (0.8080)  loss_bbox_2: 0.2177 (0.2407)  loss_giou_2: 0.3031 (0.3065)  loss_class_3: 0.7053 (0.7670)  loss_bbox_3: 0.2213 (0.2417)  loss_giou_3: 0.3075 (0.3060)  loss_class_4: 0.6477 (0.7515)  loss_bbox_4: 0.2307 (0.2419)  loss_giou_4: 0.3098 (0.3060)  loss_class_enc: 0.9582 (1.0293)  loss_bbox_enc: 0.2558 (0.3031)  loss_giou_enc: 0.3802 (0.3846)  loss_class_dn: 0.3812 (0.4174)  loss_bbox_dn: 0.2800 (0.3334)  loss_giou_dn: 0.3362 (0.3666)  loss_class_dn_0: 0.5451 (0.5592)  loss_bbox_dn_0: 0.3845 (0.4850)  loss_giou_dn_0: 0.4870 (0.5193)  loss_class_dn_1: 0.4636 (0.4749)  loss_bbox_dn_1: 0.3151 (0.3766)  loss_giou_dn_1: 0.3845 (0.4098)  loss_class_dn_2: 0.4134 (0.4363)  loss_bbox_dn_2: 0.2897 (0.3409)  loss_giou_dn_2: 0.3531 (0.3761)  loss_class_dn_3: 0.3865 (0.4202)  loss_bbox_dn_3: 0.2804 (0.3349)  loss_giou_dn_3: 0.3426 (0.3688)  loss_class_dn_4: 0.3894 (0.4150)  loss_bbox_dn_4: 0.2799 (0.3334)  loss_giou_dn_4: 0.3361 (0.3665)  loss_class_hybrid: 0.7047 (0.8097)  loss_bbox_hybrid: 0.2189 (0.2420)  loss_giou_hybrid: 0.2955 (0.3066)  loss_class_0_hybrid: 0.8611 (0.9716)  loss_bbox_0_hybrid: 0.2150 (0.2541)  loss_giou_0_hybrid: 0.3108 (0.3263)  loss_class_1_hybrid: 0.7855 (0.8794)  loss_bbox_1_hybrid: 0.2097 (0.2461)  loss_giou_1_hybrid: 0.3083 (0.3137)  loss_class_2_hybrid: 0.7236 (0.8465)  loss_bbox_2_hybrid: 0.2129 (0.2403)  loss_giou_2_hybrid: 0.2947 (0.3066)  loss_class_3_hybrid: 0.7167 (0.8198)  loss_bbox_3_hybrid: 0.2196 (0.2415)  loss_giou_3_hybrid: 0.2990 (0.3068)  loss_class_4_hybrid: 0.7046 (0.8103)  loss_bbox_4_hybrid: 0.2190 (0.2423)  loss_giou_4_hybrid: 0.3001 (0.3068)  loss_class_enc_hybrid: 0.8741 (0.9611)  loss_bbox_enc_hybrid: 0.2658 (0.3170)  loss_giou_enc_hybrid: 0.3836 (0.3990)  mem: 1009  max mem: 40949
[2026-07-03 20:08:04 accelerate.tracking]: [RANK 0] Successfully logged to TensorBoard
[2026-07-03 20:09:18 det.util.engine]: Epoch: [1]  [1400/2405]  eta: 0:24:07  lr: 0.000100  data_time: 0.0063  iter_time: 1.4764  loss: 23.5093 (27.4551)  loss_class: 0.6056 (0.7461)  loss_bbox: 0.2187 (0.2434)  loss_giou: 0.2888 (0.3069)  loss_class_0: 0.9014 (1.0362)  loss_bbox_0: 0.2320 (0.2485)  loss_giou_0: 0.3023 (0.3215)  loss_class_1: 0.7880 (0.8636)  loss_bbox_1: 0.2247 (0.2457)  loss_giou_1: 0.3007 (0.3126)  loss_class_2: 0.7077 (0.8057)  loss_bbox_2: 0.2170 (0.2408)  loss_giou_2: 0.2926 (0.3065)  loss_class_3: 0.6271 (0.7641)  loss_bbox_3: 0.2185 (0.2419)  loss_giou_3: 0.2872 (0.3062)  loss_class_4: 0.6195 (0.7492)  loss_bbox_4: 0.2187 (0.2419)  loss_giou_4: 0.2881 (0.3060)  loss_class_enc: 0.8387 (1.0268)  loss_bbox_enc: 0.2849 (0.3032)  loss_giou_enc: 0.3939 (0.3849)  loss_class_dn: 0.3664 (0.4161)  loss_bbox_dn: 0.2566 (0.3331)  loss_giou_dn: 0.3360 (0.3662)  loss_class_dn_0: 0.5125 (0.5582)  loss_bbox_dn_0: 0.3786 (0.4845)  loss_giou_dn_0: 0.4733 (0.5191)  loss_class_dn_1: 0.4232 (0.4734)  loss_bbox_dn_1: 0.2910 (0.3763)  loss_giou_dn_1: 0.3796 (0.4095)  loss_class_dn_2: 0.3787 (0.4348)  loss_bbox_dn_2: 0.2635 (0.3406)  loss_giou_dn_2: 0.3470 (0.3758)  loss_class_dn_3: 0.3593 (0.4188)  loss_bbox_dn_3: 0.2576 (0.3346)  loss_giou_dn_3: 0.3355 (0.3684)  loss_class_dn_4: 0.3656 (0.4137)  loss_bbox_dn_4: 0.2563 (0.3331)  loss_giou_dn_4: 0.3358 (0.3661)  loss_class_hybrid: 0.6808 (0.8071)  loss_bbox_hybrid: 0.2072 (0.2419)  loss_giou_hybrid: 0.2932 (0.3067)  loss_class_0_hybrid: 0.8361 (0.9697)  loss_bbox_0_hybrid: 0.2248 (0.2539)  loss_giou_0_hybrid: 0.3118 (0.3262)  loss_class_1_hybrid: 0.7600 (0.8767)  loss_bbox_1_hybrid: 0.2155 (0.2460)  loss_giou_1_hybrid: 0.3200 (0.3137)  loss_class_2_hybrid: 0.7247 (0.8444)  loss_bbox_2_hybrid: 0.2050 (0.2402)  loss_giou_2_hybrid: 0.2944 (0.3066)  loss_class_3_hybrid: 0.7176 (0.8173)  loss_bbox_3_hybrid: 0.2059 (0.2414)  loss_giou_3_hybrid: 0.2917 (0.3068)  loss_class_4_hybrid: 0.7022 (0.8080)  loss_bbox_4_hybrid: 0.2051 (0.2423)  loss_giou_4_hybrid: 0.2925 (0.3069)  loss_class_enc_hybrid: 0.8508 (0.9595)  loss_bbox_enc_hybrid: 0.2817 (0.3167)  loss_giou_enc_hybrid: 0.3906 (0.3990)  mem: 1014  max mem: 40949
[2026-07-03 20:09:18 accelerate.tracking]: [RANK 0] Successfully logged to TensorBoard
[2026-07-03 20:10:29 det.util.engine]: Epoch: [1]  [1450/2405]  eta: 0:22:54  lr: 0.000100  data_time: 0.0055  iter_time: 1.4164  loss: 24.0954 (27.3872)  loss_class: 0.6169 (0.7438)  loss_bbox: 0.2218 (0.2427)  loss_giou: 0.2895 (0.3067)  loss_class_0: 0.8682 (1.0333)  loss_bbox_0: 0.2226 (0.2478)  loss_giou_0: 0.3057 (0.3214)  loss_class_1: 0.6668 (0.8604)  loss_bbox_1: 0.2270 (0.2449)  loss_giou_1: 0.2992 (0.3126)  loss_class_2: 0.6530 (0.8028)  loss_bbox_2: 0.2237 (0.2401)  loss_giou_2: 0.2962 (0.3065)  loss_class_3: 0.6210 (0.7616)  loss_bbox_3: 0.2232 (0.2413)  loss_giou_3: 0.2913 (0.3061)  loss_class_4: 0.6197 (0.7469)  loss_bbox_4: 0.2218 (0.2413)  loss_giou_4: 0.2897 (0.3058)  loss_class_enc: 0.8435 (1.0230)  loss_bbox_enc: 0.2747 (0.3025)  loss_giou_enc: 0.3723 (0.3849)  loss_class_dn: 0.3852 (0.4152)  loss_bbox_dn: 0.2612 (0.3319)  loss_giou_dn: 0.3200 (0.3657)  loss_class_dn_0: 0.5247 (0.5573)  loss_bbox_dn_0: 0.3999 (0.4829)  loss_giou_dn_0: 0.4872 (0.5184)  loss_class_dn_1: 0.4414 (0.4722)  loss_bbox_dn_1: 0.2942 (0.3747)  loss_giou_dn_1: 0.3609 (0.4088)  loss_class_dn_2: 0.4075 (0.4337)  loss_bbox_dn_2: 0.2658 (0.3393)  loss_giou_dn_2: 0.3332 (0.3752)  loss_class_dn_3: 0.3928 (0.4179)  loss_bbox_dn_3: 0.2598 (0.3333)  loss_giou_dn_3: 0.3252 (0.3679)  loss_class_dn_4: 0.3781 (0.4128)  loss_bbox_dn_4: 0.2612 (0.3318)  loss_giou_dn_4: 0.3195 (0.3656)  loss_class_hybrid: 0.6642 (0.8048)  loss_bbox_hybrid: 0.2291 (0.2412)  loss_giou_hybrid: 0.2899 (0.3065)  loss_class_0_hybrid: 0.8271 (0.9669)  loss_bbox_0_hybrid: 0.2240 (0.2531)  loss_giou_0_hybrid: 0.3006 (0.3260)  loss_class_1_hybrid: 0.7379 (0.8740)  loss_bbox_1_hybrid: 0.2329 (0.2453)  loss_giou_1_hybrid: 0.2973 (0.3136)  loss_class_2_hybrid: 0.7053 (0.8420)  loss_bbox_2_hybrid: 0.2299 (0.2394)  loss_giou_2_hybrid: 0.2925 (0.3064)  loss_class_3_hybrid: 0.6783 (0.8149)  loss_bbox_3_hybrid: 0.2321 (0.2406)  loss_giou_3_hybrid: 0.2872 (0.3066)  loss_class_4_hybrid: 0.6670 (0.8055)  loss_bbox_4_hybrid: 0.2306 (0.2414)  loss_giou_4_hybrid: 0.2821 (0.3067)  loss_class_enc_hybrid: 0.7937 (0.9567)  loss_bbox_enc_hybrid: 0.2780 (0.3158)  loss_giou_enc_hybrid: 0.3762 (0.3987)  mem: 1022  max mem: 40949
[2026-07-03 20:10:29 accelerate.tracking]: [RANK 0] Successfully logged to TensorBoard
[2026-07-03 20:11:42 det.util.engine]: Epoch: [1]  [1500/2405]  eta: 0:21:43  lr: 0.000100  data_time: 0.0062  iter_time: 1.4303  loss: 24.6887 (27.3591)  loss_class: 0.6449 (0.7427)  loss_bbox: 0.2076 (0.2426)  loss_giou: 0.2803 (0.3070)  loss_class_0: 0.8903 (1.0311)  loss_bbox_0: 0.2198 (0.2477)  loss_giou_0: 0.2992 (0.3214)  loss_class_1: 0.6873 (0.8583)  loss_bbox_1: 0.2203 (0.2448)  loss_giou_1: 0.2913 (0.3128)  loss_class_2: 0.6180 (0.8017)  loss_bbox_2: 0.2099 (0.2400)  loss_giou_2: 0.2638 (0.3066)  loss_class_3: 0.6142 (0.7605)  loss_bbox_3: 0.2065 (0.2412)  loss_giou_3: 0.2626 (0.3063)  loss_class_4: 0.6128 (0.7457)  loss_bbox_4: 0.2077 (0.2413)  loss_giou_4: 0.2800 (0.3062)  loss_class_enc: 0.8944 (1.0222)  loss_bbox_enc: 0.2723 (0.3018)  loss_giou_enc: 0.3695 (0.3849)  loss_class_dn: 0.3680 (0.4144)  loss_bbox_dn: 0.2616 (0.3314)  loss_giou_dn: 0.3272 (0.3656)  loss_class_dn_0: 0.5429 (0.5565)  loss_bbox_dn_0: 0.3871 (0.4821)  loss_giou_dn_0: 0.4507 (0.5179)  loss_class_dn_1: 0.4316 (0.4712)  loss_bbox_dn_1: 0.2874 (0.3741)  loss_giou_dn_1: 0.3533 (0.4084)  loss_class_dn_2: 0.3879 (0.4329)  loss_bbox_dn_2: 0.2616 (0.3388)  loss_giou_dn_2: 0.3345 (0.3750)  loss_class_dn_3: 0.3708 (0.4171)  loss_bbox_dn_3: 0.2599 (0.3328)  loss_giou_dn_3: 0.3309 (0.3677)  loss_class_dn_4: 0.3669 (0.4121)  loss_bbox_dn_4: 0.2617 (0.3314)  loss_giou_dn_4: 0.3268 (0.3655)  loss_class_hybrid: 0.6888 (0.8039)  loss_bbox_hybrid: 0.2001 (0.2411)  loss_giou_hybrid: 0.2786 (0.3068)  loss_class_0_hybrid: 0.8467 (0.9652)  loss_bbox_0_hybrid: 0.2291 (0.2529)  loss_giou_0_hybrid: 0.2919 (0.3260)  loss_class_1_hybrid: 0.7724 (0.8724)  loss_bbox_1_hybrid: 0.2178 (0.2454)  loss_giou_1_hybrid: 0.2846 (0.3138)  loss_class_2_hybrid: 0.7205 (0.8407)  loss_bbox_2_hybrid: 0.2074 (0.2394)  loss_giou_2_hybrid: 0.2751 (0.3067)  loss_class_3_hybrid: 0.6669 (0.8135)  loss_bbox_3_hybrid: 0.2006 (0.2406)  loss_giou_3_hybrid: 0.2770 (0.3069)  loss_class_4_hybrid: 0.6724 (0.8045)  loss_bbox_4_hybrid: 0.2079 (0.2413)  loss_giou_4_hybrid: 0.2780 (0.3069)  loss_class_enc_hybrid: 0.8632 (0.9552)  loss_bbox_enc_hybrid: 0.2833 (0.3154)  loss_giou_enc_hybrid: 0.3630 (0.3987)  mem: 1016  max mem: 40949
[2026-07-03 20:11:42 accelerate.tracking]: [RANK 0] Successfully logged to TensorBoard
[2026-07-03 20:12:53 det.util.engine]: Epoch: [1]  [1550/2405]  eta: 0:20:30  lr: 0.000100  data_time: 0.0061  iter_time: 1.4015  loss: 27.0116 (27.3480)  loss_class: 0.6918 (0.7422)  loss_bbox: 0.2325 (0.2429)  loss_giou: 0.3224 (0.3070)  loss_class_0: 0.9507 (1.0295)  loss_bbox_0: 0.2192 (0.2481)  loss_giou_0: 0.3232 (0.3215)  loss_class_1: 0.8662 (0.8569)  loss_bbox_1: 0.2230 (0.2450)  loss_giou_1: 0.3270 (0.3129)  loss_class_2: 0.7182 (0.8003)  loss_bbox_2: 0.2290 (0.2403)  loss_giou_2: 0.3254 (0.3068)  loss_class_3: 0.7176 (0.7599)  loss_bbox_3: 0.2348 (0.2415)  loss_giou_3: 0.3182 (0.3065)  loss_class_4: 0.6587 (0.7450)  loss_bbox_4: 0.2324 (0.2416)  loss_giou_4: 0.3229 (0.3063)  loss_class_enc: 0.9640 (1.0205)  loss_bbox_enc: 0.2883 (0.3019)  loss_giou_enc: 0.3618 (0.3850)  loss_class_dn: 0.3969 (0.4140)  loss_bbox_dn: 0.3502 (0.3314)  loss_giou_dn: 0.3618 (0.3657)  loss_class_dn_0: 0.5263 (0.5557)  loss_bbox_dn_0: 0.5268 (0.4821)  loss_giou_dn_0: 0.5186 (0.5181)  loss_class_dn_1: 0.4416 (0.4704)  loss_bbox_dn_1: 0.3997 (0.3741)  loss_giou_dn_1: 0.4284 (0.4086)  loss_class_dn_2: 0.4035 (0.4323)  loss_bbox_dn_2: 0.3575 (0.3388)  loss_giou_dn_2: 0.3675 (0.3751)  loss_class_dn_3: 0.3915 (0.4166)  loss_bbox_dn_3: 0.3510 (0.3328)  loss_giou_dn_3: 0.3716 (0.3678)  loss_class_dn_4: 0.3903 (0.4116)  loss_bbox_dn_4: 0.3503 (0.3314)  loss_giou_dn_4: 0.3594 (0.3655)  loss_class_hybrid: 0.8028 (0.8028)  loss_bbox_hybrid: 0.2263 (0.2415)  loss_giou_hybrid: 0.3281 (0.3070)  loss_class_0_hybrid: 0.9392 (0.9642)  loss_bbox_0_hybrid: 0.2421 (0.2532)  loss_giou_0_hybrid: 0.3333 (0.3262)  loss_class_1_hybrid: 0.8659 (0.8716)  loss_bbox_1_hybrid: 0.2320 (0.2457)  loss_giou_1_hybrid: 0.3142 (0.3140)  loss_class_2_hybrid: 0.7908 (0.8391)  loss_bbox_2_hybrid: 0.2390 (0.2399)  loss_giou_2_hybrid: 0.3155 (0.3069)  loss_class_3_hybrid: 0.8075 (0.8127)  loss_bbox_3_hybrid: 0.2272 (0.2410)  loss_giou_3_hybrid: 0.3227 (0.3071)  loss_class_4_hybrid: 0.8001 (0.8036)  loss_bbox_4_hybrid: 0.2263 (0.2417)  loss_giou_4_hybrid: 0.3240 (0.3071)  loss_class_enc_hybrid: 0.9066 (0.9542)  loss_bbox_enc_hybrid: 0.3201 (0.3157)  loss_giou_enc_hybrid: 0.3884 (0.3988)  mem: 1021  max mem: 40949
[2026-07-03 20:12:53 accelerate.tracking]: [RANK 0] Successfully logged to TensorBoard
[2026-07-03 20:14:05 det.util.engine]: Epoch: [1]  [1600/2405]  eta: 0:19:18  lr: 0.000100  data_time: 0.0058  iter_time: 1.4444  loss: 23.8260 (27.3039)  loss_class: 0.6411 (0.7408)  loss_bbox: 0.2035 (0.2425)  loss_giou: 0.2728 (0.3064)  loss_class_0: 0.9175 (1.0287)  loss_bbox_0: 0.1974 (0.2478)  loss_giou_0: 0.2924 (0.3209)  loss_class_1: 0.7477 (0.8554)  loss_bbox_1: 0.2199 (0.2447)  loss_giou_1: 0.2707 (0.3123)  loss_class_2: 0.6924 (0.7981)  loss_bbox_2: 0.1986 (0.2402)  loss_giou_2: 0.2750 (0.3064)  loss_class_3: 0.6374 (0.7582)  loss_bbox_3: 0.2054 (0.2412)  loss_giou_3: 0.2772 (0.3060)  loss_class_4: 0.6275 (0.7434)  loss_bbox_4: 0.2058 (0.2413)  loss_giou_4: 0.2727 (0.3058)  loss_class_enc: 0.9155 (1.0189)  loss_bbox_enc: 0.2931 (0.3016)  loss_giou_enc: 0.3785 (0.3847)  loss_class_dn: 0.3738 (0.4131)  loss_bbox_dn: 0.2634 (0.3310)  loss_giou_dn: 0.3202 (0.3649)  loss_class_dn_0: 0.5292 (0.5551)  loss_bbox_dn_0: 0.4298 (0.4817)  loss_giou_dn_0: 0.4953 (0.5173)  loss_class_dn_1: 0.4254 (0.4694)  loss_bbox_dn_1: 0.3057 (0.3738)  loss_giou_dn_1: 0.3700 (0.4078)  loss_class_dn_2: 0.3871 (0.4314)  loss_bbox_dn_2: 0.2748 (0.3384)  loss_giou_dn_2: 0.3272 (0.3744)  loss_class_dn_3: 0.3715 (0.4157)  loss_bbox_dn_3: 0.2649 (0.3324)  loss_giou_dn_3: 0.3271 (0.3671)  loss_class_dn_4: 0.3739 (0.4108)  loss_bbox_dn_4: 0.2634 (0.3309)  loss_giou_dn_4: 0.3201 (0.3648)  loss_class_hybrid: 0.6747 (0.8013)  loss_bbox_hybrid: 0.2002 (0.2412)  loss_giou_hybrid: 0.2632 (0.3064)  loss_class_0_hybrid: 0.8718 (0.9633)  loss_bbox_0_hybrid: 0.2180 (0.2529)  loss_giou_0_hybrid: 0.2955 (0.3255)  loss_class_1_hybrid: 0.7569 (0.8699)  loss_bbox_1_hybrid: 0.1973 (0.2455)  loss_giou_1_hybrid: 0.2709 (0.3135)  loss_class_2_hybrid: 0.7306 (0.8375)  loss_bbox_2_hybrid: 0.2061 (0.2398)  loss_giou_2_hybrid: 0.2619 (0.3065)  loss_class_3_hybrid: 0.7023 (0.8111)  loss_bbox_3_hybrid: 0.2084 (0.2408)  loss_giou_3_hybrid: 0.2597 (0.3066)  loss_class_4_hybrid: 0.6837 (0.8020)  loss_bbox_4_hybrid: 0.2032 (0.2414)  loss_giou_4_hybrid: 0.2600 (0.3066)  loss_class_enc_hybrid: 0.8848 (0.9528)  loss_bbox_enc_hybrid: 0.3128 (0.3156)  loss_giou_enc_hybrid: 0.3886 (0.3984)  mem: 1026  max mem: 40949
[2026-07-03 20:14:05 accelerate.tracking]: [RANK 0] Successfully logged to TensorBoard
[2026-07-03 20:15:18 det.util.engine]: Epoch: [1]  [1650/2405]  eta: 0:18:07  lr: 0.000100  data_time: 0.0062  iter_time: 1.4788  loss: 27.9507 (27.2906)  loss_class: 0.7810 (0.7405)  loss_bbox: 0.2311 (0.2426)  loss_giou: 0.2806 (0.3064)  loss_class_0: 1.0481 (1.0277)  loss_bbox_0: 0.2384 (0.2478)  loss_giou_0: 0.3022 (0.3208)  loss_class_1: 0.8148 (0.8535)  loss_bbox_1: 0.2397 (0.2451)  loss_giou_1: 0.2941 (0.3125)  loss_class_2: 0.8143 (0.7969)  loss_bbox_2: 0.2344 (0.2405)  loss_giou_2: 0.2948 (0.3066)  loss_class_3: 0.7495 (0.7577)  loss_bbox_3: 0.2324 (0.2413)  loss_giou_3: 0.2919 (0.3060)  loss_class_4: 0.7433 (0.7432)  loss_bbox_4: 0.2310 (0.2414)  loss_giou_4: 0.2892 (0.3058)  loss_class_enc: 0.9471 (1.0164)  loss_bbox_enc: 0.3037 (0.3020)  loss_giou_enc: 0.3953 (0.3852)  loss_class_dn: 0.4224 (0.4127)  loss_bbox_dn: 0.3403 (0.3309)  loss_giou_dn: 0.3675 (0.3647)  loss_class_dn_0: 0.5364 (0.5546)  loss_bbox_dn_0: 0.4645 (0.4818)  loss_giou_dn_0: 0.5613 (0.5173)  loss_class_dn_1: 0.4693 (0.4689)  loss_bbox_dn_1: 0.3718 (0.3737)  loss_giou_dn_1: 0.4297 (0.4077)  loss_class_dn_2: 0.4440 (0.4309)  loss_bbox_dn_2: 0.3456 (0.3384)  loss_giou_dn_2: 0.3828 (0.3742)  loss_class_dn_3: 0.4207 (0.4154)  loss_bbox_dn_3: 0.3401 (0.3324)  loss_giou_dn_3: 0.3713 (0.3669)  loss_class_dn_4: 0.4204 (0.4105)  loss_bbox_dn_4: 0.3402 (0.3309)  loss_giou_dn_4: 0.3668 (0.3646)  loss_class_hybrid: 0.8233 (0.8010)  loss_bbox_hybrid: 0.2230 (0.2412)  loss_giou_hybrid: 0.2939 (0.3065)  loss_class_0_hybrid: 0.9782 (0.9623)  loss_bbox_0_hybrid: 0.2355 (0.2528)  loss_giou_0_hybrid: 0.3079 (0.3255)  loss_class_1_hybrid: 0.8741 (0.8687)  loss_bbox_1_hybrid: 0.2434 (0.2457)  loss_giou_1_hybrid: 0.2948 (0.3136)  loss_class_2_hybrid: 0.8877 (0.8367)  loss_bbox_2_hybrid: 0.2402 (0.2400)  loss_giou_2_hybrid: 0.2957 (0.3066)  loss_class_3_hybrid: 0.8497 (0.8103)  loss_bbox_3_hybrid: 0.2272 (0.2409)  loss_giou_3_hybrid: 0.2945 (0.3067)  loss_class_4_hybrid: 0.8274 (0.8014)  loss_bbox_4_hybrid: 0.2314 (0.2415)  loss_giou_4_hybrid: 0.2937 (0.3066)  loss_class_enc_hybrid: 0.9127 (0.9510)  loss_bbox_enc_hybrid: 0.3206 (0.3160)  loss_giou_enc_hybrid: 0.4176 (0.3988)  mem: 1031  max mem: 40949
[2026-07-03 20:15:18 accelerate.tracking]: [RANK 0] Successfully logged to TensorBoard
[2026-07-03 20:16:32 det.util.engine]: Epoch: [1]  [1700/2405]  eta: 0:16:56  lr: 0.000100  data_time: 0.0061  iter_time: 1.4407  loss: 25.5524 (27.2784)  loss_class: 0.6522 (0.7404)  loss_bbox: 0.2502 (0.2424)  loss_giou: 0.3162 (0.3065)  loss_class_0: 1.0118 (1.0270)  loss_bbox_0: 0.2429 (0.2473)  loss_giou_0: 0.3172 (0.3209)  loss_class_1: 0.7863 (0.8529)  loss_bbox_1: 0.2438 (0.2449)  loss_giou_1: 0.3001 (0.3126)  loss_class_2: 0.7137 (0.7961)  loss_bbox_2: 0.2601 (0.2405)  loss_giou_2: 0.3027 (0.3067)  loss_class_3: 0.7110 (0.7574)  loss_bbox_3: 0.2533 (0.2413)  loss_giou_3: 0.3042 (0.3061)  loss_class_4: 0.6740 (0.7430)  loss_bbox_4: 0.2501 (0.2413)  loss_giou_4: 0.3160 (0.3058)  loss_class_enc: 0.9837 (1.0155)  loss_bbox_enc: 0.3062 (0.3018)  loss_giou_enc: 0.3793 (0.3852)  loss_class_dn: 0.3839 (0.4128)  loss_bbox_dn: 0.2911 (0.3303)  loss_giou_dn: 0.3304 (0.3645)  loss_class_dn_0: 0.5360 (0.5543)  loss_bbox_dn_0: 0.4372 (0.4814)  loss_giou_dn_0: 0.4952 (0.5174)  loss_class_dn_1: 0.4592 (0.4689)  loss_bbox_dn_1: 0.3243 (0.3733)  loss_giou_dn_1: 0.3771 (0.4076)  loss_class_dn_2: 0.4125 (0.4309)  loss_bbox_dn_2: 0.2865 (0.3378)  loss_giou_dn_2: 0.3374 (0.3740)  loss_class_dn_3: 0.3942 (0.4154)  loss_bbox_dn_3: 0.2943 (0.3318)  loss_giou_dn_3: 0.3323 (0.3667)  loss_class_dn_4: 0.3880 (0.4106)  loss_bbox_dn_4: 0.2909 (0.3303)  loss_giou_dn_4: 0.3306 (0.3644)  loss_class_hybrid: 0.7309 (0.8005)  loss_bbox_hybrid: 0.2363 (0.2410)  loss_giou_hybrid: 0.3021 (0.3067)  loss_class_0_hybrid: 0.9787 (0.9623)  loss_bbox_0_hybrid: 0.2468 (0.2526)  loss_giou_0_hybrid: 0.3142 (0.3258)  loss_class_1_hybrid: 0.8029 (0.8685)  loss_bbox_1_hybrid: 0.2531 (0.2454)  loss_giou_1_hybrid: 0.2990 (0.3138)  loss_class_2_hybrid: 0.7883 (0.8361)  loss_bbox_2_hybrid: 0.2402 (0.2397)  loss_giou_2_hybrid: 0.3066 (0.3068)  loss_class_3_hybrid: 0.7578 (0.8100)  loss_bbox_3_hybrid: 0.2342 (0.2406)  loss_giou_3_hybrid: 0.2978 (0.3068)  loss_class_4_hybrid: 0.7365 (0.8010)  loss_bbox_4_hybrid: 0.2358 (0.2412)  loss_giou_4_hybrid: 0.2956 (0.3068)  loss_class_enc_hybrid: 0.8841 (0.9502)  loss_bbox_enc_hybrid: 0.3078 (0.3157)  loss_giou_enc_hybrid: 0.3689 (0.3990)  mem: 1031  max mem: 40949
[2026-07-03 20:16:32 accelerate.tracking]: [RANK 0] Successfully logged to TensorBoard
[2026-07-03 20:17:45 det.util.engine]: Epoch: [1]  [1750/2405]  eta: 0:15:44  lr: 0.000100  data_time: 0.0062  iter_time: 1.4535  loss: 24.0354 (27.2413)  loss_class: 0.6597 (0.7387)  loss_bbox: 0.1957 (0.2424)  loss_giou: 0.3004 (0.3068)  loss_class_0: 0.9721 (1.0256)  loss_bbox_0: 0.1980 (0.2471)  loss_giou_0: 0.3026 (0.3209)  loss_class_1: 0.6949 (0.8504)  loss_bbox_1: 0.2273 (0.2451)  loss_giou_1: 0.3298 (0.3131)  loss_class_2: 0.6667 (0.7936)  loss_bbox_2: 0.2060 (0.2407)  loss_giou_2: 0.3023 (0.3072)  loss_class_3: 0.6687 (0.7552)  loss_bbox_3: 0.2038 (0.2416)  loss_giou_3: 0.3015 (0.3066)  loss_class_4: 0.6521 (0.7411)  loss_bbox_4: 0.1994 (0.2415)  loss_giou_4: 0.3003 (0.3062)  loss_class_enc: 0.9412 (1.0128)  loss_bbox_enc: 0.2595 (0.3014)  loss_giou_enc: 0.3654 (0.3853)  loss_class_dn: 0.3752 (0.4124)  loss_bbox_dn: 0.2538 (0.3294)  loss_giou_dn: 0.3090 (0.3642)  loss_class_dn_0: 0.5205 (0.5538)  loss_bbox_dn_0: 0.3812 (0.4801)  loss_giou_dn_0: 0.4945 (0.5169)  loss_class_dn_1: 0.4288 (0.4684)  loss_bbox_dn_1: 0.2722 (0.3721)  loss_giou_dn_1: 0.3713 (0.4072)  loss_class_dn_2: 0.3823 (0.4303)  loss_bbox_dn_2: 0.2606 (0.3368)  loss_giou_dn_2: 0.3288 (0.3737)  loss_class_dn_3: 0.3826 (0.4148)  loss_bbox_dn_3: 0.2537 (0.3309)  loss_giou_dn_3: 0.3124 (0.3664)  loss_class_dn_4: 0.3729 (0.4100)  loss_bbox_dn_4: 0.2540 (0.3294)  loss_giou_dn_4: 0.3089 (0.3641)  loss_class_hybrid: 0.7498 (0.7990)  loss_bbox_hybrid: 0.2055 (0.2408)  loss_giou_hybrid: 0.3075 (0.3069)  loss_class_0_hybrid: 0.8700 (0.9599)  loss_bbox_0_hybrid: 0.2226 (0.2524)  loss_giou_0_hybrid: 0.3077 (0.3260)  loss_class_1_hybrid: 0.7502 (0.8666)  loss_bbox_1_hybrid: 0.2081 (0.2453)  loss_giou_1_hybrid: 0.3020 (0.3141)  loss_class_2_hybrid: 0.7271 (0.8342)  loss_bbox_2_hybrid: 0.2076 (0.2397)  loss_giou_2_hybrid: 0.3104 (0.3071)  loss_class_3_hybrid: 0.7322 (0.8080)  loss_bbox_3_hybrid: 0.2080 (0.2405)  loss_giou_3_hybrid: 0.3142 (0.3071)  loss_class_4_hybrid: 0.7402 (0.7993)  loss_bbox_4_hybrid: 0.2062 (0.2411)  loss_giou_4_hybrid: 0.3066 (0.3071)  loss_class_enc_hybrid: 0.8479 (0.9476)  loss_bbox_enc_hybrid: 0.2760 (0.3152)  loss_giou_enc_hybrid: 0.3897 (0.3990)  mem: 1047  max mem: 40949
[2026-07-03 20:17:45 accelerate.tracking]: [RANK 0] Successfully logged to TensorBoard
[2026-07-03 20:18:57 det.util.engine]: Epoch: [1]  [1800/2405]  eta: 0:14:32  lr: 0.000100  data_time: 0.0059  iter_time: 1.4373  loss: 25.5870 (27.1875)  loss_class: 0.6678 (0.7366)  loss_bbox: 0.1957 (0.2418)  loss_giou: 0.3221 (0.3067)  loss_class_0: 0.9261 (1.0234)  loss_bbox_0: 0.2239 (0.2466)  loss_giou_0: 0.3151 (0.3208)  loss_class_1: 0.7562 (0.8479)  loss_bbox_1: 0.2108 (0.2447)  loss_giou_1: 0.3169 (0.3131)  loss_class_2: 0.7154 (0.7914)  loss_bbox_2: 0.1880 (0.2403)  loss_giou_2: 0.3197 (0.3071)  loss_class_3: 0.6914 (0.7530)  loss_bbox_3: 0.1907 (0.2411)  loss_giou_3: 0.3050 (0.3065)  loss_class_4: 0.6705 (0.7391)  loss_bbox_4: 0.1962 (0.2409)  loss_giou_4: 0.3068 (0.3061)  loss_class_enc: 0.9123 (1.0106)  loss_bbox_enc: 0.2790 (0.3008)  loss_giou_enc: 0.3723 (0.3852)  loss_class_dn: 0.4100 (0.4119)  loss_bbox_dn: 0.2697 (0.3280)  loss_giou_dn: 0.3683 (0.3636)  loss_class_dn_0: 0.5378 (0.5534)  loss_bbox_dn_0: 0.3958 (0.4787)  loss_giou_dn_0: 0.5037 (0.5163)  loss_class_dn_1: 0.4563 (0.4678)  loss_bbox_dn_1: 0.2949 (0.3707)  loss_giou_dn_1: 0.3970 (0.4066)  loss_class_dn_2: 0.4198 (0.4297)  loss_bbox_dn_2: 0.2796 (0.3354)  loss_giou_dn_2: 0.3714 (0.3731)  loss_class_dn_3: 0.4082 (0.4143)  loss_bbox_dn_3: 0.2728 (0.3295)  loss_giou_dn_3: 0.3739 (0.3658)  loss_class_dn_4: 0.4057 (0.4096)  loss_bbox_dn_4: 0.2700 (0.3280)  loss_giou_dn_4: 0.3682 (0.3635)  loss_class_hybrid: 0.7144 (0.7971)  loss_bbox_hybrid: 0.1971 (0.2402)  loss_giou_hybrid: 0.3126 (0.3067)  loss_class_0_hybrid: 0.8689 (0.9573)  loss_bbox_0_hybrid: 0.2275 (0.2519)  loss_giou_0_hybrid: 0.3117 (0.3260)  loss_class_1_hybrid: 0.8195 (0.8647)  loss_bbox_1_hybrid: 0.1896 (0.2448)  loss_giou_1_hybrid: 0.3185 (0.3140)  loss_class_2_hybrid: 0.7750 (0.8320)  loss_bbox_2_hybrid: 0.1842 (0.2392)  loss_giou_2_hybrid: 0.3136 (0.3070)  loss_class_3_hybrid: 0.7527 (0.8061)  loss_bbox_3_hybrid: 0.1900 (0.2399)  loss_giou_3_hybrid: 0.3181 (0.3069)  loss_class_4_hybrid: 0.7247 (0.7975)  loss_bbox_4_hybrid: 0.1864 (0.2404)  loss_giou_4_hybrid: 0.3127 (0.3069)  loss_class_enc_hybrid: 0.8817 (0.9452)  loss_bbox_enc_hybrid: 0.2816 (0.3147)  loss_giou_enc_hybrid: 0.4120 (0.3990)  mem: 1023  max mem: 40949
[2026-07-03 20:18:57 accelerate.tracking]: [RANK 0] Successfully logged to TensorBoard
[2026-07-03 20:20:07 det.util.engine]: Epoch: [1]  [1850/2405]  eta: 0:13:19  lr: 0.000100  data_time: 0.0057  iter_time: 1.4575  loss: 25.6973 (27.1644)  loss_class: 0.6630 (0.7352)  loss_bbox: 0.2508 (0.2421)  loss_giou: 0.3301 (0.3072)  loss_class_0: 0.9794 (1.0220)  loss_bbox_0: 0.2213 (0.2466)  loss_giou_0: 0.3205 (0.3211)  loss_class_1: 0.8192 (0.8463)  loss_bbox_1: 0.2375 (0.2448)  loss_giou_1: 0.3124 (0.3136)  loss_class_2: 0.7064 (0.7901)  loss_bbox_2: 0.2259 (0.2404)  loss_giou_2: 0.3348 (0.3075)  loss_class_3: 0.7039 (0.7516)  loss_bbox_3: 0.2491 (0.2413)  loss_giou_3: 0.3362 (0.3070)  loss_class_4: 0.6733 (0.7376)  loss_bbox_4: 0.2503 (0.2412)  loss_giou_4: 0.3462 (0.3067)  loss_class_enc: 0.9580 (1.0089)  loss_bbox_enc: 0.2781 (0.3008)  loss_giou_enc: 0.3843 (0.3856)  loss_class_dn: 0.3833 (0.4115)  loss_bbox_dn: 0.2496 (0.3274)  loss_giou_dn: 0.3858 (0.3635)  loss_class_dn_0: 0.5201 (0.5530)  loss_bbox_dn_0: 0.3749 (0.4774)  loss_giou_dn_0: 0.5152 (0.5158)  loss_class_dn_1: 0.4291 (0.4672)  loss_bbox_dn_1: 0.3034 (0.3698)  loss_giou_dn_1: 0.4203 (0.4064)  loss_class_dn_2: 0.3973 (0.4292)  loss_bbox_dn_2: 0.2502 (0.3348)  loss_giou_dn_2: 0.3965 (0.3729)  loss_class_dn_3: 0.3889 (0.4138)  loss_bbox_dn_3: 0.2511 (0.3288)  loss_giou_dn_3: 0.3870 (0.3656)  loss_class_dn_4: 0.3852 (0.4092)  loss_bbox_dn_4: 0.2504 (0.3273)  loss_giou_dn_4: 0.3858 (0.3633)  loss_class_hybrid: 0.7546 (0.7957)  loss_bbox_hybrid: 0.2207 (0.2403)  loss_giou_hybrid: 0.3216 (0.3071)  loss_class_0_hybrid: 0.8932 (0.9552)  loss_bbox_0_hybrid: 0.2105 (0.2521)  loss_giou_0_hybrid: 0.3168 (0.3263)  loss_class_1_hybrid: 0.8576 (0.8633)  loss_bbox_1_hybrid: 0.2195 (0.2449)  loss_giou_1_hybrid: 0.3187 (0.3144)  loss_class_2_hybrid: 0.7945 (0.8307)  loss_bbox_2_hybrid: 0.2252 (0.2392)  loss_giou_2_hybrid: 0.3125 (0.3073)  loss_class_3_hybrid: 0.7505 (0.8044)  loss_bbox_3_hybrid: 0.2299 (0.2401)  loss_giou_3_hybrid: 0.3239 (0.3073)  loss_class_4_hybrid: 0.7629 (0.7961)  loss_bbox_4_hybrid: 0.2291 (0.2406)  loss_giou_4_hybrid: 0.3212 (0.3073)  loss_class_enc_hybrid: 0.8631 (0.9434)  loss_bbox_enc_hybrid: 0.2743 (0.3147)  loss_giou_enc_hybrid: 0.4065 (0.3993)  mem: 1030  max mem: 40949
[2026-07-03 20:20:07 accelerate.tracking]: [RANK 0] Successfully logged to TensorBoard
[2026-07-03 20:21:19 det.util.engine]: Epoch: [1]  [1900/2405]  eta: 0:12:07  lr: 0.000100  data_time: 0.0054  iter_time: 1.4366  loss: 24.9938 (27.1192)  loss_class: 0.6500 (0.7338)  loss_bbox: 0.2285 (0.2417)  loss_giou: 0.3214 (0.3072)  loss_class_0: 0.9054 (1.0189)  loss_bbox_0: 0.2363 (0.2464)  loss_giou_0: 0.3304 (0.3212)  loss_class_1: 0.7450 (0.8438)  loss_bbox_1: 0.2336 (0.2446)  loss_giou_1: 0.3090 (0.3136)  loss_class_2: 0.6723 (0.7877)  loss_bbox_2: 0.2408 (0.2402)  loss_giou_2: 0.3217 (0.3076)  loss_class_3: 0.6401 (0.7500)  loss_bbox_3: 0.2284 (0.2410)  loss_giou_3: 0.3224 (0.3070)  loss_class_4: 0.6336 (0.7359)  loss_bbox_4: 0.2285 (0.2409)  loss_giou_4: 0.3211 (0.3067)  loss_class_enc: 0.9125 (1.0065)  loss_bbox_enc: 0.3010 (0.3007)  loss_giou_enc: 0.3740 (0.3856)  loss_class_dn: 0.3724 (0.4108)  loss_bbox_dn: 0.3067 (0.3264)  loss_giou_dn: 0.3389 (0.3629)  loss_class_dn_0: 0.5157 (0.5523)  loss_bbox_dn_0: 0.4469 (0.4762)  loss_giou_dn_0: 0.4919 (0.5150)  loss_class_dn_1: 0.4255 (0.4662)  loss_bbox_dn_1: 0.3557 (0.3688)  loss_giou_dn_1: 0.3923 (0.4057)  loss_class_dn_2: 0.3919 (0.4284)  loss_bbox_dn_2: 0.3348 (0.3338)  loss_giou_dn_2: 0.3552 (0.3723)  loss_class_dn_3: 0.3821 (0.4131)  loss_bbox_dn_3: 0.3101 (0.3279)  loss_giou_dn_3: 0.3414 (0.3651)  loss_class_dn_4: 0.3723 (0.4085)  loss_bbox_dn_4: 0.3066 (0.3264)  loss_giou_dn_4: 0.3387 (0.3628)  loss_class_hybrid: 0.7218 (0.7947)  loss_bbox_hybrid: 0.2214 (0.2399)  loss_giou_hybrid: 0.2850 (0.3070)  loss_class_0_hybrid: 0.8817 (0.9530)  loss_bbox_0_hybrid: 0.2445 (0.2518)  loss_giou_0_hybrid: 0.3192 (0.3263)  loss_class_1_hybrid: 0.7530 (0.8613)  loss_bbox_1_hybrid: 0.2349 (0.2445)  loss_giou_1_hybrid: 0.3161 (0.3144)  loss_class_2_hybrid: 0.7334 (0.8289)  loss_bbox_2_hybrid: 0.2382 (0.2389)  loss_giou_2_hybrid: 0.2973 (0.3074)  loss_class_3_hybrid: 0.7338 (0.8029)  loss_bbox_3_hybrid: 0.2359 (0.2398)  loss_giou_3_hybrid: 0.2924 (0.3073)  loss_class_4_hybrid: 0.7083 (0.7948)  loss_bbox_4_hybrid: 0.2323 (0.2402)  loss_giou_4_hybrid: 0.2874 (0.3072)  loss_class_enc_hybrid: 0.8378 (0.9413)  loss_bbox_enc_hybrid: 0.2812 (0.3144)  loss_giou_enc_hybrid: 0.3963 (0.3992)  mem: 1016  max mem: 40949
[2026-07-03 20:21:19 accelerate.tracking]: [RANK 0] Successfully logged to TensorBoard
[2026-07-03 20:22:29 det.util.engine]: Epoch: [1]  [1950/2405]  eta: 0:10:55  lr: 0.000100  data_time: 0.0058  iter_time: 1.4446  loss: 23.5443 (27.1020)  loss_class: 0.6755 (0.7333)  loss_bbox: 0.2422 (0.2418)  loss_giou: 0.3018 (0.3074)  loss_class_0: 0.9021 (1.0181)  loss_bbox_0: 0.2338 (0.2464)  loss_giou_0: 0.2937 (0.3212)  loss_class_1: 0.7865 (0.8430)  loss_bbox_1: 0.2175 (0.2445)  loss_giou_1: 0.3110 (0.3137)  loss_class_2: 0.6959 (0.7866)  loss_bbox_2: 0.2287 (0.2402)  loss_giou_2: 0.3141 (0.3078)  loss_class_3: 0.6445 (0.7491)  loss_bbox_3: 0.2343 (0.2413)  loss_giou_3: 0.3086 (0.3073)  loss_class_4: 0.6476 (0.7353)  loss_bbox_4: 0.2614 (0.2411)  loss_giou_4: 0.3046 (0.3069)  loss_class_enc: 0.8510 (1.0053)  loss_bbox_enc: 0.2869 (0.3006)  loss_giou_enc: 0.3857 (0.3856)  loss_class_dn: 0.3446 (0.4104)  loss_bbox_dn: 0.2937 (0.3259)  loss_giou_dn: 0.3216 (0.3627)  loss_class_dn_0: 0.5191 (0.5518)  loss_bbox_dn_0: 0.4091 (0.4752)  loss_giou_dn_0: 0.4769 (0.5145)  loss_class_dn_1: 0.4190 (0.4656)  loss_bbox_dn_1: 0.2972 (0.3681)  loss_giou_dn_1: 0.3616 (0.4053)  loss_class_dn_2: 0.3736 (0.4279)  loss_bbox_dn_2: 0.2879 (0.3333)  loss_giou_dn_2: 0.3286 (0.3721)  loss_class_dn_3: 0.3555 (0.4127)  loss_bbox_dn_3: 0.2903 (0.3274)  loss_giou_dn_3: 0.3261 (0.3648)  loss_class_dn_4: 0.3498 (0.4081)  loss_bbox_dn_4: 0.2940 (0.3259)  loss_giou_dn_4: 0.3215 (0.3625)  loss_class_hybrid: 0.6658 (0.7944)  loss_bbox_hybrid: 0.2577 (0.2400)  loss_giou_hybrid: 0.2984 (0.3071)  loss_class_0_hybrid: 0.8708 (0.9526)  loss_bbox_0_hybrid: 0.2391 (0.2517)  loss_giou_0_hybrid: 0.3158 (0.3262)  loss_class_1_hybrid: 0.7975 (0.8608)  loss_bbox_1_hybrid: 0.2218 (0.2445)  loss_giou_1_hybrid: 0.3096 (0.3144)  loss_class_2_hybrid: 0.7136 (0.8281)  loss_bbox_2_hybrid: 0.2275 (0.2390)  loss_giou_2_hybrid: 0.3053 (0.3075)  loss_class_3_hybrid: 0.7486 (0.8024)  loss_bbox_3_hybrid: 0.2548 (0.2399)  loss_giou_3_hybrid: 0.3038 (0.3074)  loss_class_4_hybrid: 0.6878 (0.7944)  loss_bbox_4_hybrid: 0.2613 (0.2404)  loss_giou_4_hybrid: 0.2993 (0.3073)  loss_class_enc_hybrid: 0.8525 (0.9405)  loss_bbox_enc_hybrid: 0.3138 (0.3142)  loss_giou_enc_hybrid: 0.3760 (0.3991)  mem: 1034  max mem: 40949
[2026-07-03 20:22:29 accelerate.tracking]: [RANK 0] Successfully logged to TensorBoard
[2026-07-03 20:23:41 det.util.engine]: Epoch: [1]  [2000/2405]  eta: 0:09:43  lr: 0.000100  data_time: 0.0059  iter_time: 1.4144  loss: 25.9013 (27.0915)  loss_class: 0.7323 (0.7338)  loss_bbox: 0.2186 (0.2416)  loss_giou: 0.2739 (0.3072)  loss_class_0: 0.9206 (1.0166)  loss_bbox_0: 0.2296 (0.2465)  loss_giou_0: 0.2894 (0.3213)  loss_class_1: 0.7879 (0.8424)  loss_bbox_1: 0.2499 (0.2445)  loss_giou_1: 0.2970 (0.3135)  loss_class_2: 0.7575 (0.7872)  loss_bbox_2: 0.2047 (0.2400)  loss_giou_2: 0.2724 (0.3075)  loss_class_3: 0.7245 (0.7497)  loss_bbox_3: 0.2003 (0.2409)  loss_giou_3: 0.2713 (0.3070)  loss_class_4: 0.7085 (0.7357)  loss_bbox_4: 0.2183 (0.2409)  loss_giou_4: 0.2735 (0.3067)  loss_class_enc: 0.9261 (1.0038)  loss_bbox_enc: 0.3212 (0.3009)  loss_giou_enc: 0.3571 (0.3856)  loss_class_dn: 0.3824 (0.4101)  loss_bbox_dn: 0.3212 (0.3258)  loss_giou_dn: 0.3370 (0.3624)  loss_class_dn_0: 0.5332 (0.5514)  loss_bbox_dn_0: 0.4752 (0.4747)  loss_giou_dn_0: 0.4917 (0.5141)  loss_class_dn_1: 0.4364 (0.4651)  loss_bbox_dn_1: 0.3588 (0.3678)  loss_giou_dn_1: 0.3864 (0.4050)  loss_class_dn_2: 0.3976 (0.4274)  loss_bbox_dn_2: 0.3269 (0.3331)  loss_giou_dn_2: 0.3447 (0.3718)  loss_class_dn_3: 0.3806 (0.4123)  loss_bbox_dn_3: 0.3218 (0.3273)  loss_giou_dn_3: 0.3400 (0.3646)  loss_class_dn_4: 0.3770 (0.4078)  loss_bbox_dn_4: 0.3212 (0.3258)  loss_giou_dn_4: 0.3374 (0.3623)  loss_class_hybrid: 0.7798 (0.7950)  loss_bbox_hybrid: 0.1997 (0.2397)  loss_giou_hybrid: 0.2795 (0.3067)  loss_class_0_hybrid: 0.9436 (0.9526)  loss_bbox_0_hybrid: 0.2108 (0.2515)  loss_giou_0_hybrid: 0.2866 (0.3258)  loss_class_1_hybrid: 0.8776 (0.8610)  loss_bbox_1_hybrid: 0.2012 (0.2443)  loss_giou_1_hybrid: 0.2816 (0.3140)  loss_class_2_hybrid: 0.7915 (0.8284)  loss_bbox_2_hybrid: 0.1990 (0.2388)  loss_giou_2_hybrid: 0.2712 (0.3071)  loss_class_3_hybrid: 0.7779 (0.8028)  loss_bbox_3_hybrid: 0.1992 (0.2397)  loss_giou_3_hybrid: 0.2684 (0.3071)  loss_class_4_hybrid: 0.7619 (0.7946)  loss_bbox_4_hybrid: 0.2037 (0.2401)  loss_giou_4_hybrid: 0.2791 (0.3070)  loss_class_enc_hybrid: 0.9438 (0.9400)  loss_bbox_enc_hybrid: 0.3141 (0.3143)  loss_giou_enc_hybrid: 0.3535 (0.3988)  mem: 1014  max mem: 40949
[2026-07-03 20:23:41 accelerate.tracking]: [RANK 0] Successfully logged to TensorBoard
[2026-07-03 20:24:52 det.util.engine]: Epoch: [1]  [2050/2405]  eta: 0:08:30  lr: 0.000100  data_time: 0.0060  iter_time: 1.4022  loss: 24.4657 (27.0521)  loss_class: 0.6751 (0.7327)  loss_bbox: 0.1953 (0.2412)  loss_giou: 0.3021 (0.3067)  loss_class_0: 0.9029 (1.0156)  loss_bbox_0: 0.1949 (0.2461)  loss_giou_0: 0.2805 (0.3206)  loss_class_1: 0.7708 (0.8410)  loss_bbox_1: 0.2003 (0.2442)  loss_giou_1: 0.2879 (0.3129)  loss_class_2: 0.7405 (0.7858)  loss_bbox_2: 0.1964 (0.2397)  loss_giou_2: 0.3061 (0.3070)  loss_class_3: 0.6515 (0.7484)  loss_bbox_3: 0.2038 (0.2406)  loss_giou_3: 0.3015 (0.3065)  loss_class_4: 0.6625 (0.7347)  loss_bbox_4: 0.1952 (0.2405)  loss_giou_4: 0.3020 (0.3062)  loss_class_enc: 0.9268 (1.0027)  loss_bbox_enc: 0.2369 (0.3005)  loss_giou_enc: 0.3551 (0.3849)  loss_class_dn: 0.3904 (0.4097)  loss_bbox_dn: 0.2402 (0.3250)  loss_giou_dn: 0.3142 (0.3616)  loss_class_dn_0: 0.5424 (0.5511)  loss_bbox_dn_0: 0.4116 (0.4744)  loss_giou_dn_0: 0.4667 (0.5135)  loss_class_dn_1: 0.4293 (0.4646)  loss_bbox_dn_1: 0.2899 (0.3671)  loss_giou_dn_1: 0.3455 (0.4042)  loss_class_dn_2: 0.4065 (0.4269)  loss_bbox_dn_2: 0.2491 (0.3324)  loss_giou_dn_2: 0.3218 (0.3710)  loss_class_dn_3: 0.3950 (0.4119)  loss_bbox_dn_3: 0.2485 (0.3265)  loss_giou_dn_3: 0.3154 (0.3638)  loss_class_dn_4: 0.3923 (0.4074)  loss_bbox_dn_4: 0.2401 (0.3250)  loss_giou_dn_4: 0.3141 (0.3615)  loss_class_hybrid: 0.7483 (0.7944)  loss_bbox_hybrid: 0.1985 (0.2393)  loss_giou_hybrid: 0.2784 (0.3062)  loss_class_0_hybrid: 0.8589 (0.9518)  loss_bbox_0_hybrid: 0.2080 (0.2509)  loss_giou_0_hybrid: 0.2815 (0.3251)  loss_class_1_hybrid: 0.7844 (0.8602)  loss_bbox_1_hybrid: 0.1952 (0.2438)  loss_giou_1_hybrid: 0.2728 (0.3133)  loss_class_2_hybrid: 0.7592 (0.8277)  loss_bbox_2_hybrid: 0.1899 (0.2382)  loss_giou_2_hybrid: 0.2661 (0.3065)  loss_class_3_hybrid: 0.7228 (0.8022)  loss_bbox_3_hybrid: 0.1962 (0.2392)  loss_giou_3_hybrid: 0.2723 (0.3065)  loss_class_4_hybrid: 0.7328 (0.7940)  loss_bbox_4_hybrid: 0.2016 (0.2397)  loss_giou_4_hybrid: 0.2784 (0.3065)  loss_class_enc_hybrid: 0.8716 (0.9389)  loss_bbox_enc_hybrid: 0.2690 (0.3139)  loss_giou_enc_hybrid: 0.3740 (0.3981)  mem: 1028  max mem: 40949
[2026-07-03 20:24:52 accelerate.tracking]: [RANK 0] Successfully logged to TensorBoard
[2026-07-03 20:26:07 det.util.engine]: Epoch: [1]  [2100/2405]  eta: 0:07:19  lr: 0.000100  data_time: 0.0071  iter_time: 1.5228  loss: 25.8548 (27.0450)  loss_class: 0.6423 (0.7318)  loss_bbox: 0.2292 (0.2416)  loss_giou: 0.2923 (0.3070)  loss_class_0: 0.9254 (1.0141)  loss_bbox_0: 0.2348 (0.2465)  loss_giou_0: 0.3177 (0.3211)  loss_class_1: 0.7634 (0.8397)  loss_bbox_1: 0.2333 (0.2445)  loss_giou_1: 0.3054 (0.3133)  loss_class_2: 0.7277 (0.7848)  loss_bbox_2: 0.2292 (0.2401)  loss_giou_2: 0.3047 (0.3074)  loss_class_3: 0.6443 (0.7477)  loss_bbox_3: 0.2294 (0.2409)  loss_giou_3: 0.2983 (0.3068)  loss_class_4: 0.6399 (0.7340)  loss_bbox_4: 0.2227 (0.2408)  loss_giou_4: 0.2925 (0.3064)  loss_class_enc: 0.9059 (1.0016)  loss_bbox_enc: 0.2706 (0.3005)  loss_giou_enc: 0.3857 (0.3851)  loss_class_dn: 0.3809 (0.4093)  loss_bbox_dn: 0.2727 (0.3250)  loss_giou_dn: 0.3371 (0.3616)  loss_class_dn_0: 0.5353 (0.5507)  loss_bbox_dn_0: 0.4270 (0.4741)  loss_giou_dn_0: 0.4914 (0.5132)  loss_class_dn_1: 0.4345 (0.4640)  loss_bbox_dn_1: 0.3275 (0.3670)  loss_giou_dn_1: 0.3912 (0.4041)  loss_class_dn_2: 0.3981 (0.4265)  loss_bbox_dn_2: 0.2825 (0.3323)  loss_giou_dn_2: 0.3530 (0.3710)  loss_class_dn_3: 0.3870 (0.4115)  loss_bbox_dn_3: 0.2749 (0.3264)  loss_giou_dn_3: 0.3427 (0.3637)  loss_class_dn_4: 0.3784 (0.4071)  loss_bbox_dn_4: 0.2725 (0.3249)  loss_giou_dn_4: 0.3370 (0.3615)  loss_class_hybrid: 0.7410 (0.7938)  loss_bbox_hybrid: 0.2138 (0.2395)  loss_giou_hybrid: 0.3057 (0.3064)  loss_class_0_hybrid: 0.9214 (0.9511)  loss_bbox_0_hybrid: 0.2278 (0.2512)  loss_giou_0_hybrid: 0.2971 (0.3254)  loss_class_1_hybrid: 0.8297 (0.8595)  loss_bbox_1_hybrid: 0.2243 (0.2442)  loss_giou_1_hybrid: 0.2962 (0.3137)  loss_class_2_hybrid: 0.7772 (0.8269)  loss_bbox_2_hybrid: 0.2135 (0.2387)  loss_giou_2_hybrid: 0.2932 (0.3069)  loss_class_3_hybrid: 0.7424 (0.8015)  loss_bbox_3_hybrid: 0.2116 (0.2395)  loss_giou_3_hybrid: 0.3104 (0.3068)  loss_class_4_hybrid: 0.7331 (0.7934)  loss_bbox_4_hybrid: 0.2120 (0.2400)  loss_giou_4_hybrid: 0.3057 (0.3067)  loss_class_enc_hybrid: 0.8794 (0.9377)  loss_bbox_enc_hybrid: 0.2963 (0.3141)  loss_giou_enc_hybrid: 0.3972 (0.3984)  mem: 1014  max mem: 40949
[2026-07-03 20:26:07 accelerate.tracking]: [RANK 0] Successfully logged to TensorBoard
[2026-07-03 20:27:19 det.util.engine]: Epoch: [1]  [2150/2405]  eta: 0:06:07  lr: 0.000100  data_time: 0.0058  iter_time: 1.4457  loss: 25.0530 (27.0292)  loss_class: 0.6622 (0.7320)  loss_bbox: 0.1809 (0.2413)  loss_giou: 0.2707 (0.3067)  loss_class_0: 0.9345 (1.0130)  loss_bbox_0: 0.1968 (0.2463)  loss_giou_0: 0.3023 (0.3210)  loss_class_1: 0.7605 (0.8393)  loss_bbox_1: 0.2161 (0.2444)  loss_giou_1: 0.2738 (0.3132)  loss_class_2: 0.7148 (0.7846)  loss_bbox_2: 0.1906 (0.2399)  loss_giou_2: 0.2765 (0.3072)  loss_class_3: 0.6513 (0.7478)  loss_bbox_3: 0.2131 (0.2407)  loss_giou_3: 0.2785 (0.3066)  loss_class_4: 0.7000 (0.7341)  loss_bbox_4: 0.1806 (0.2405)  loss_giou_4: 0.2712 (0.3062)  loss_class_enc: 0.8408 (1.0004)  loss_bbox_enc: 0.2565 (0.3003)  loss_giou_enc: 0.3736 (0.3851)  loss_class_dn: 0.3895 (0.4092)  loss_bbox_dn: 0.2942 (0.3247)  loss_giou_dn: 0.3258 (0.3613)  loss_class_dn_0: 0.5462 (0.5504)  loss_bbox_dn_0: 0.4325 (0.4738)  loss_giou_dn_0: 0.4713 (0.5127)  loss_class_dn_1: 0.4531 (0.4637)  loss_bbox_dn_1: 0.3404 (0.3668)  loss_giou_dn_1: 0.3631 (0.4037)  loss_class_dn_2: 0.4122 (0.4261)  loss_bbox_dn_2: 0.3054 (0.3321)  loss_giou_dn_2: 0.3337 (0.3706)  loss_class_dn_3: 0.4024 (0.4114)  loss_bbox_dn_3: 0.3001 (0.3262)  loss_giou_dn_3: 0.3247 (0.3634)  loss_class_dn_4: 0.3889 (0.4070)  loss_bbox_dn_4: 0.2940 (0.3247)  loss_giou_dn_4: 0.3247 (0.3611)  loss_class_hybrid: 0.7436 (0.7933)  loss_bbox_hybrid: 0.1973 (0.2394)  loss_giou_hybrid: 0.2659 (0.3063)  loss_class_0_hybrid: 0.9168 (0.9509)  loss_bbox_0_hybrid: 0.1956 (0.2509)  loss_giou_0_hybrid: 0.2900 (0.3251)  loss_class_1_hybrid: 0.8143 (0.8593)  loss_bbox_1_hybrid: 0.1968 (0.2440)  loss_giou_1_hybrid: 0.2685 (0.3135)  loss_class_2_hybrid: 0.7728 (0.8264)  loss_bbox_2_hybrid: 0.2062 (0.2385)  loss_giou_2_hybrid: 0.2708 (0.3067)  loss_class_3_hybrid: 0.7476 (0.8013)  loss_bbox_3_hybrid: 0.2039 (0.2393)  loss_giou_3_hybrid: 0.2663 (0.3067)  loss_class_4_hybrid: 0.7255 (0.7929)  loss_bbox_4_hybrid: 0.1931 (0.2398)  loss_giou_4_hybrid: 0.2668 (0.3066)  loss_class_enc_hybrid: 0.8760 (0.9369)  loss_bbox_enc_hybrid: 0.2681 (0.3137)  loss_giou_enc_hybrid: 0.3621 (0.3981)  mem: 1030  max mem: 40949
[2026-07-03 20:27:19 accelerate.tracking]: [RANK 0] Successfully logged to TensorBoard
[2026-07-03 20:28:32 det.util.engine]: Epoch: [1]  [2200/2405]  eta: 0:04:55  lr: 0.000100  data_time: 0.0060  iter_time: 1.4427  loss: 25.4469 (26.9950)  loss_class: 0.6297 (0.7309)  loss_bbox: 0.2378 (0.2412)  loss_giou: 0.2833 (0.3068)  loss_class_0: 0.8860 (1.0110)  loss_bbox_0: 0.2416 (0.2462)  loss_giou_0: 0.3264 (0.3211)  loss_class_1: 0.6787 (0.8372)  loss_bbox_1: 0.2704 (0.2445)  loss_giou_1: 0.3364 (0.3135)  loss_class_2: 0.6971 (0.7829)  loss_bbox_2: 0.2577 (0.2398)  loss_giou_2: 0.2797 (0.3073)  loss_class_3: 0.6000 (0.7463)  loss_bbox_3: 0.2408 (0.2406)  loss_giou_3: 0.2967 (0.3067)  loss_class_4: 0.6470 (0.7330)  loss_bbox_4: 0.2378 (0.2404)  loss_giou_4: 0.2757 (0.3063)  loss_class_enc: 0.8641 (0.9986)  loss_bbox_enc: 0.2964 (0.3000)  loss_giou_enc: 0.3914 (0.3853)  loss_class_dn: 0.3736 (0.4088)  loss_bbox_dn: 0.2683 (0.3239)  loss_giou_dn: 0.3232 (0.3608)  loss_class_dn_0: 0.5353 (0.5500)  loss_bbox_dn_0: 0.4099 (0.4726)  loss_giou_dn_0: 0.4838 (0.5121)  loss_class_dn_1: 0.4327 (0.4632)  loss_bbox_dn_1: 0.2995 (0.3657)  loss_giou_dn_1: 0.3732 (0.4032)  loss_class_dn_2: 0.3838 (0.4257)  loss_bbox_dn_2: 0.2703 (0.3312)  loss_giou_dn_2: 0.3311 (0.3701)  loss_class_dn_3: 0.3700 (0.4110)  loss_bbox_dn_3: 0.2681 (0.3254)  loss_giou_dn_3: 0.3223 (0.3629)  loss_class_dn_4: 0.3795 (0.4066)  loss_bbox_dn_4: 0.2681 (0.3239)  loss_giou_dn_4: 0.3231 (0.3607)  loss_class_hybrid: 0.7062 (0.7919)  loss_bbox_hybrid: 0.2455 (0.2392)  loss_giou_hybrid: 0.2945 (0.3064)  loss_class_0_hybrid: 0.8336 (0.9491)  loss_bbox_0_hybrid: 0.2600 (0.2507)  loss_giou_0_hybrid: 0.3001 (0.3251)  loss_class_1_hybrid: 0.7813 (0.8578)  loss_bbox_1_hybrid: 0.2442 (0.2438)  loss_giou_1_hybrid: 0.2915 (0.3135)  loss_class_2_hybrid: 0.7451 (0.8249)  loss_bbox_2_hybrid: 0.2384 (0.2383)  loss_giou_2_hybrid: 0.2739 (0.3068)  loss_class_3_hybrid: 0.6796 (0.7997)  loss_bbox_3_hybrid: 0.2466 (0.2392)  loss_giou_3_hybrid: 0.2808 (0.3067)  loss_class_4_hybrid: 0.7013 (0.7916)  loss_bbox_4_hybrid: 0.2455 (0.2396)  loss_giou_4_hybrid: 0.3009 (0.3066)  loss_class_enc_hybrid: 0.8474 (0.9351)  loss_bbox_enc_hybrid: 0.2985 (0.3135)  loss_giou_enc_hybrid: 0.3825 (0.3982)  mem: 1009  max mem: 40949
[2026-07-03 20:28:32 accelerate.tracking]: [RANK 0] Successfully logged to TensorBoard
[2026-07-03 20:29:43 det.util.engine]: Epoch: [1]  [2250/2405]  eta: 0:03:43  lr: 0.000100  data_time: 0.0055  iter_time: 1.4075  loss: 27.0756 (26.9686)  loss_class: 0.7975 (0.7301)  loss_bbox: 0.1978 (0.2408)  loss_giou: 0.2895 (0.3067)  loss_class_0: 1.0286 (1.0098)  loss_bbox_0: 0.2115 (0.2458)  loss_giou_0: 0.3243 (0.3212)  loss_class_1: 0.8625 (0.8359)  loss_bbox_1: 0.1897 (0.2441)  loss_giou_1: 0.2985 (0.3134)  loss_class_2: 0.7973 (0.7820)  loss_bbox_2: 0.1959 (0.2395)  loss_giou_2: 0.3152 (0.3072)  loss_class_3: 0.8312 (0.7457)  loss_bbox_3: 0.1901 (0.2402)  loss_giou_3: 0.2940 (0.3066)  loss_class_4: 0.8168 (0.7324)  loss_bbox_4: 0.1901 (0.2400)  loss_giou_4: 0.2929 (0.3062)  loss_class_enc: 0.9837 (0.9970)  loss_bbox_enc: 0.2952 (0.3000)  loss_giou_enc: 0.3922 (0.3854)  loss_class_dn: 0.3707 (0.4081)  loss_bbox_dn: 0.3181 (0.3233)  loss_giou_dn: 0.4038 (0.3607)  loss_class_dn_0: 0.5352 (0.5497)  loss_bbox_dn_0: 0.4534 (0.4719)  loss_giou_dn_0: 0.5424 (0.5118)  loss_class_dn_1: 0.4387 (0.4625)  loss_bbox_dn_1: 0.3377 (0.3651)  loss_giou_dn_1: 0.4270 (0.4030)  loss_class_dn_2: 0.3968 (0.4251)  loss_bbox_dn_2: 0.3230 (0.3306)  loss_giou_dn_2: 0.4043 (0.3700)  loss_class_dn_3: 0.3796 (0.4104)  loss_bbox_dn_3: 0.3198 (0.3248)  loss_giou_dn_3: 0.4050 (0.3628)  loss_class_dn_4: 0.3758 (0.4060)  loss_bbox_dn_4: 0.3181 (0.3233)  loss_giou_dn_4: 0.4037 (0.3606)  loss_class_hybrid: 0.7913 (0.7909)  loss_bbox_hybrid: 0.2096 (0.2389)  loss_giou_hybrid: 0.3135 (0.3064)  loss_class_0_hybrid: 0.9358 (0.9483)  loss_bbox_0_hybrid: 0.2314 (0.2504)  loss_giou_0_hybrid: 0.3198 (0.3251)  loss_class_1_hybrid: 0.8623 (0.8568)  loss_bbox_1_hybrid: 0.2097 (0.2434)  loss_giou_1_hybrid: 0.3245 (0.3135)  loss_class_2_hybrid: 0.8614 (0.8239)  loss_bbox_2_hybrid: 0.2093 (0.2379)  loss_giou_2_hybrid: 0.3084 (0.3067)  loss_class_3_hybrid: 0.8207 (0.7988)  loss_bbox_3_hybrid: 0.2101 (0.2388)  loss_giou_3_hybrid: 0.3119 (0.3067)  loss_class_4_hybrid: 0.8115 (0.7907)  loss_bbox_4_hybrid: 0.2095 (0.2393)  loss_giou_4_hybrid: 0.3158 (0.3067)  loss_class_enc_hybrid: 0.9209 (0.9337)  loss_bbox_enc_hybrid: 0.3095 (0.3134)  loss_giou_enc_hybrid: 0.4234 (0.3984)  mem: 1012  max mem: 40949
[2026-07-03 20:29:43 accelerate.tracking]: [RANK 0] Successfully logged to TensorBoard
[2026-07-03 20:30:53 det.util.engine]: Epoch: [1]  [2300/2405]  eta: 0:02:31  lr: 0.000100  data_time: 0.0061  iter_time: 1.4253  loss: 23.9580 (26.9351)  loss_class: 0.6003 (0.7292)  loss_bbox: 0.2305 (0.2407)  loss_giou: 0.2949 (0.3062)  loss_class_0: 0.8454 (1.0089)  loss_bbox_0: 0.2263 (0.2456)  loss_giou_0: 0.3175 (0.3206)  loss_class_1: 0.7311 (0.8347)  loss_bbox_1: 0.2174 (0.2438)  loss_giou_1: 0.2966 (0.3129)  loss_class_2: 0.6804 (0.7812)  loss_bbox_2: 0.2270 (0.2392)  loss_giou_2: 0.2883 (0.3068)  loss_class_3: 0.6687 (0.7451)  loss_bbox_3: 0.2304 (0.2400)  loss_giou_3: 0.2671 (0.3061)  loss_class_4: 0.6339 (0.7315)  loss_bbox_4: 0.2307 (0.2399)  loss_giou_4: 0.2937 (0.3057)  loss_class_enc: 0.8738 (0.9958)  loss_bbox_enc: 0.2606 (0.3000)  loss_giou_enc: 0.3648 (0.3851)  loss_class_dn: 0.3598 (0.4075)  loss_bbox_dn: 0.2558 (0.3228)  loss_giou_dn: 0.3417 (0.3599)  loss_class_dn_0: 0.5167 (0.5493)  loss_bbox_dn_0: 0.3785 (0.4714)  loss_giou_dn_0: 0.4632 (0.5110)  loss_class_dn_1: 0.4104 (0.4619)  loss_bbox_dn_1: 0.2846 (0.3645)  loss_giou_dn_1: 0.3667 (0.4022)  loss_class_dn_2: 0.3800 (0.4245)  loss_bbox_dn_2: 0.2635 (0.3301)  loss_giou_dn_2: 0.3495 (0.3693)  loss_class_dn_3: 0.3728 (0.4099)  loss_bbox_dn_3: 0.2560 (0.3243)  loss_giou_dn_3: 0.3430 (0.3621)  loss_class_dn_4: 0.3633 (0.4054)  loss_bbox_dn_4: 0.2556 (0.3228)  loss_giou_dn_4: 0.3419 (0.3598)  loss_class_hybrid: 0.7130 (0.7897)  loss_bbox_hybrid: 0.2262 (0.2388)  loss_giou_hybrid: 0.3021 (0.3059)  loss_class_0_hybrid: 0.8267 (0.9474)  loss_bbox_0_hybrid: 0.2168 (0.2501)  loss_giou_0_hybrid: 0.3193 (0.3245)  loss_class_1_hybrid: 0.7473 (0.8561)  loss_bbox_1_hybrid: 0.2227 (0.2431)  loss_giou_1_hybrid: 0.3126 (0.3129)  loss_class_2_hybrid: 0.7520 (0.8232)  loss_bbox_2_hybrid: 0.2241 (0.2378)  loss_giou_2_hybrid: 0.3062 (0.3063)  loss_class_3_hybrid: 0.7202 (0.7979)  loss_bbox_3_hybrid: 0.2322 (0.2387)  loss_giou_3_hybrid: 0.3038 (0.3062)  loss_class_4_hybrid: 0.7088 (0.7897)  loss_bbox_4_hybrid: 0.2310 (0.2391)  loss_giou_4_hybrid: 0.3048 (0.3062)  loss_class_enc_hybrid: 0.8588 (0.9327)  loss_bbox_enc_hybrid: 0.2694 (0.3133)  loss_giou_enc_hybrid: 0.3623 (0.3980)  mem: 1025  max mem: 40949
[2026-07-03 20:30:53 accelerate.tracking]: [RANK 0] Successfully logged to TensorBoard
[2026-07-03 20:32:06 det.util.engine]: Epoch: [1]  [2350/2405]  eta: 0:01:19  lr: 0.000100  data_time: 0.0063  iter_time: 1.4966  loss: 25.7698 (26.9095)  loss_class: 0.6441 (0.7280)  loss_bbox: 0.2367 (0.2407)  loss_giou: 0.3017 (0.3063)  loss_class_0: 0.9248 (1.0072)  loss_bbox_0: 0.2558 (0.2455)  loss_giou_0: 0.3328 (0.3208)  loss_class_1: 0.7633 (0.8335)  loss_bbox_1: 0.2401 (0.2436)  loss_giou_1: 0.3125 (0.3130)  loss_class_2: 0.6342 (0.7797)  loss_bbox_2: 0.2347 (0.2392)  loss_giou_2: 0.2988 (0.3069)  loss_class_3: 0.6577 (0.7437)  loss_bbox_3: 0.2361 (0.2399)  loss_giou_3: 0.3038 (0.3062)  loss_class_4: 0.6448 (0.7303)  loss_bbox_4: 0.2368 (0.2398)  loss_giou_4: 0.3017 (0.3058)  loss_class_enc: 0.8730 (0.9941)  loss_bbox_enc: 0.2925 (0.2999)  loss_giou_enc: 0.3922 (0.3852)  loss_class_dn: 0.3802 (0.4070)  loss_bbox_dn: 0.3272 (0.3223)  loss_giou_dn: 0.3526 (0.3598)  loss_class_dn_0: 0.5185 (0.5488)  loss_bbox_dn_0: 0.4653 (0.4707)  loss_giou_dn_0: 0.5157 (0.5107)  loss_class_dn_1: 0.4388 (0.4613)  loss_bbox_dn_1: 0.3712 (0.3640)  loss_giou_dn_1: 0.3957 (0.4021)  loss_class_dn_2: 0.3950 (0.4240)  loss_bbox_dn_2: 0.3431 (0.3296)  loss_giou_dn_2: 0.3640 (0.3691)  loss_class_dn_3: 0.3848 (0.4094)  loss_bbox_dn_3: 0.3284 (0.3238)  loss_giou_dn_3: 0.3575 (0.3620)  loss_class_dn_4: 0.3795 (0.4049)  loss_bbox_dn_4: 0.3273 (0.3223)  loss_giou_dn_4: 0.3527 (0.3597)  loss_class_hybrid: 0.7175 (0.7888)  loss_bbox_hybrid: 0.2541 (0.2386)  loss_giou_hybrid: 0.2835 (0.3059)  loss_class_0_hybrid: 0.8741 (0.9462)  loss_bbox_0_hybrid: 0.2551 (0.2499)  loss_giou_0_hybrid: 0.3178 (0.3246)  loss_class_1_hybrid: 0.7546 (0.8552)  loss_bbox_1_hybrid: 0.2525 (0.2428)  loss_giou_1_hybrid: 0.3052 (0.3129)  loss_class_2_hybrid: 0.7340 (0.8224)  loss_bbox_2_hybrid: 0.2541 (0.2376)  loss_giou_2_hybrid: 0.2986 (0.3063)  loss_class_3_hybrid: 0.7260 (0.7970)  loss_bbox_3_hybrid: 0.2550 (0.2385)  loss_giou_3_hybrid: 0.2869 (0.3062)  loss_class_4_hybrid: 0.7171 (0.7888)  loss_bbox_4_hybrid: 0.2537 (0.2389)  loss_giou_4_hybrid: 0.2841 (0.3061)  loss_class_enc_hybrid: 0.8364 (0.9312)  loss_bbox_enc_hybrid: 0.3333 (0.3130)  loss_giou_enc_hybrid: 0.3988 (0.3978)  mem: 1011  max mem: 40949
[2026-07-03 20:32:06 accelerate.tracking]: [RANK 0] Successfully logged to TensorBoard
[2026-07-03 20:33:18 det.util.engine]: Epoch: [1]  [2400/2405]  eta: 0:00:07  lr: 0.000100  data_time: 0.0060  iter_time: 1.4995  loss: 24.9070 (26.8843)  loss_class: 0.6517 (0.7270)  loss_bbox: 0.2084 (0.2406)  loss_giou: 0.2895 (0.3064)  loss_class_0: 0.8814 (1.0056)  loss_bbox_0: 0.2160 (0.2455)  loss_giou_0: 0.3228 (0.3210)  loss_class_1: 0.7549 (0.8324)  loss_bbox_1: 0.2154 (0.2435)  loss_giou_1: 0.2890 (0.3131)  loss_class_2: 0.6859 (0.7782)  loss_bbox_2: 0.2106 (0.2393)  loss_giou_2: 0.2958 (0.3072)  loss_class_3: 0.6382 (0.7423)  loss_bbox_3: 0.2236 (0.2399)  loss_giou_3: 0.2958 (0.3064)  loss_class_4: 0.6410 (0.7291)  loss_bbox_4: 0.2225 (0.2398)  loss_giou_4: 0.2896 (0.3060)  loss_class_enc: 0.9432 (0.9926)  loss_bbox_enc: 0.3115 (0.2998)  loss_giou_enc: 0.3732 (0.3852)  loss_class_dn: 0.3672 (0.4065)  loss_bbox_dn: 0.2506 (0.3217)  loss_giou_dn: 0.3315 (0.3596)  loss_class_dn_0: 0.5304 (0.5483)  loss_bbox_dn_0: 0.4200 (0.4700)  loss_giou_dn_0: 0.4827 (0.5104)  loss_class_dn_1: 0.4390 (0.4607)  loss_bbox_dn_1: 0.3209 (0.3633)  loss_giou_dn_1: 0.3778 (0.4018)  loss_class_dn_2: 0.3943 (0.4234)  loss_bbox_dn_2: 0.2713 (0.3290)  loss_giou_dn_2: 0.3441 (0.3689)  loss_class_dn_3: 0.3747 (0.4089)  loss_bbox_dn_3: 0.2566 (0.3232)  loss_giou_dn_3: 0.3338 (0.3618)  loss_class_dn_4: 0.3649 (0.4045)  loss_bbox_dn_4: 0.2507 (0.3217)  loss_giou_dn_4: 0.3313 (0.3595)  loss_class_hybrid: 0.6905 (0.7877)  loss_bbox_hybrid: 0.2291 (0.2385)  loss_giou_hybrid: 0.2747 (0.3060)  loss_class_0_hybrid: 0.8377 (0.9446)  loss_bbox_0_hybrid: 0.2443 (0.2499)  loss_giou_0_hybrid: 0.3138 (0.3247)  loss_class_1_hybrid: 0.7568 (0.8539)  loss_bbox_1_hybrid: 0.2246 (0.2427)  loss_giou_1_hybrid: 0.2925 (0.3130)  loss_class_2_hybrid: 0.7426 (0.8211)  loss_bbox_2_hybrid: 0.2317 (0.2375)  loss_giou_2_hybrid: 0.2841 (0.3065)  loss_class_3_hybrid: 0.7272 (0.7959)  loss_bbox_3_hybrid: 0.2274 (0.2384)  loss_giou_3_hybrid: 0.2795 (0.3064)  loss_class_4_hybrid: 0.6944 (0.7877)  loss_bbox_4_hybrid: 0.2265 (0.2388)  loss_giou_4_hybrid: 0.2749 (0.3063)  loss_class_enc_hybrid: 0.8717 (0.9298)  loss_bbox_enc_hybrid: 0.2861 (0.3128)  loss_giou_enc_hybrid: 0.4012 (0.3979)  mem: 1006  max mem: 40949
[2026-07-03 20:33:18 accelerate.tracking]: [RANK 0] Successfully logged to TensorBoard
[2026-07-03 20:33:24 det.util.engine]: Averaged stats: lr: 0.000100  data_time: 0.0056  iter_time: 1.4666  loss: 25.1464 (26.8854)  loss_class: 0.6574 (0.7271)  loss_bbox: 0.2059 (0.2406)  loss_giou: 0.3015 (0.3065)  loss_class_0: 0.9156 (1.0055)  loss_bbox_0: 0.2350 (0.2455)  loss_giou_0: 0.3245 (0.3210)  loss_class_1: 0.7602 (0.8324)  loss_bbox_1: 0.2148 (0.2436)  loss_giou_1: 0.3035 (0.3131)  loss_class_2: 0.6859 (0.7783)  loss_bbox_2: 0.2106 (0.2393)  loss_giou_2: 0.3035 (0.3072)  loss_class_3: 0.6382 (0.7424)  loss_bbox_3: 0.2138 (0.2399)  loss_giou_3: 0.3034 (0.3065)  loss_class_4: 0.6410 (0.7293)  loss_bbox_4: 0.2156 (0.2399)  loss_giou_4: 0.3016 (0.3060)  loss_class_enc: 0.9260 (0.9925)  loss_bbox_enc: 0.3202 (0.2999)  loss_giou_enc: 0.3951 (0.3853)  loss_class_dn: 0.3706 (0.4066)  loss_bbox_dn: 0.2602 (0.3217)  loss_giou_dn: 0.3315 (0.3596)  loss_class_dn_0: 0.5265 (0.5484)  loss_bbox_dn_0: 0.4178 (0.4699)  loss_giou_dn_0: 0.4827 (0.5104)  loss_class_dn_1: 0.4390 (0.4607)  loss_bbox_dn_1: 0.3204 (0.3632)  loss_giou_dn_1: 0.3778 (0.4018)  loss_class_dn_2: 0.3943 (0.4235)  loss_bbox_dn_2: 0.2713 (0.3289)  loss_giou_dn_2: 0.3441 (0.3689)  loss_class_dn_3: 0.3778 (0.4090)  loss_bbox_dn_3: 0.2584 (0.3231)  loss_giou_dn_3: 0.3338 (0.3617)  loss_class_dn_4: 0.3690 (0.4046)  loss_bbox_dn_4: 0.2602 (0.3216)  loss_giou_dn_4: 0.3313 (0.3595)  loss_class_hybrid: 0.6905 (0.7878)  loss_bbox_hybrid: 0.2291 (0.2385)  loss_giou_hybrid: 0.2964 (0.3061)  loss_class_0_hybrid: 0.8377 (0.9446)  loss_bbox_0_hybrid: 0.2443 (0.2498)  loss_giou_0_hybrid: 0.3157 (0.3247)  loss_class_1_hybrid: 0.7568 (0.8540)  loss_bbox_1_hybrid: 0.2228 (0.2427)  loss_giou_1_hybrid: 0.2989 (0.3130)  loss_class_2_hybrid: 0.7426 (0.8212)  loss_bbox_2_hybrid: 0.2155 (0.2375)  loss_giou_2_hybrid: 0.2891 (0.3065)  loss_class_3_hybrid: 0.7272 (0.7960)  loss_bbox_3_hybrid: 0.2263 (0.2384)  loss_giou_3_hybrid: 0.2951 (0.3064)  loss_class_4_hybrid: 0.6944 (0.7878)  loss_bbox_4_hybrid: 0.2264 (0.2388)  loss_giou_4_hybrid: 0.2973 (0.3063)  loss_class_enc_hybrid: 0.8642 (0.9299)  loss_bbox_enc_hybrid: 0.2861 (0.3127)  loss_giou_enc_hybrid: 0.3955 (0.3979)
[2026-07-03 20:33:24 accelerate.accelerator]: [RANK 0] Saving current state to /home/ubuntu/slocal/m2/experiments/detector_improve/augstrong_hires_seed42/checkpoints/checkpoint_1
[2026-07-03 20:33:24 accelerate.checkpointing]: [RANK 0] Model weights saved in /home/ubuntu/slocal/m2/experiments/detector_improve/augstrong_hires_seed42/checkpoints/checkpoint_1/pytorch_model.bin
[2026-07-03 20:33:24 accelerate.checkpointing]: [RANK 0] Optimizer state saved in /home/ubuntu/slocal/m2/experiments/detector_improve/augstrong_hires_seed42/checkpoints/checkpoint_1/optimizer.bin
[2026-07-03 20:33:24 accelerate.checkpointing]: [RANK 0] Scheduler state saved in /home/ubuntu/slocal/m2/experiments/detector_improve/augstrong_hires_seed42/checkpoints/checkpoint_1/scheduler.bin
[2026-07-03 20:33:24 accelerate.checkpointing]: [RANK 0] Sampler state for dataloader 0 saved in /home/ubuntu/slocal/m2/experiments/detector_improve/augstrong_hires_seed42/checkpoints/checkpoint_1/sampler.bin
[2026-07-03 20:33:24 accelerate.checkpointing]: [RANK 0] Sampler state for dataloader 1 saved in /home/ubuntu/slocal/m2/experiments/detector_improve/augstrong_hires_seed42/checkpoints/checkpoint_1/sampler_1.bin
[2026-07-03 20:33:24 accelerate.checkpointing]: [RANK 0] Random states saved in /home/ubuntu/slocal/m2/experiments/detector_improve/augstrong_hires_seed42/checkpoints/checkpoint_1/random_states_0.pkl
[2026-07-03 20:33:24 det.__main__]: [RANK 0] Start evaluation
[2026-07-03 20:33:25 det.util.utils]: Test:  [  0/758]  eta: 0:02:56  model_time: 0.1826 (0.1826)  evaluator_time: 0.0063 (0.0063)  time: 0.2331  data: 0.0439  mem: 964  max mem: 40949
[2026-07-03 20:33:27 det.util.utils]: Test:  [ 10/758]  eta: 0:02:20  model_time: 0.1757 (0.1760)  evaluator_time: 0.0064 (0.0065)  time: 0.1879  data: 0.0051  mem: 964  max mem: 40949
[2026-07-03 20:33:28 det.util.utils]: Test:  [ 20/758]  eta: 0:02:17  model_time: 0.1758 (0.1763)  evaluator_time: 0.0064 (0.0065)  time: 0.1841  data: 0.0012  mem: 964  max mem: 40949
[2026-07-03 20:33:30 det.util.utils]: Test:  [ 30/758]  eta: 0:02:15  model_time: 0.1761 (0.1765)  evaluator_time: 0.0064 (0.0065)  time: 0.1849  data: 0.0012  mem: 964  max mem: 40949
[2026-07-03 20:33:32 det.util.utils]: Test:  [ 40/758]  eta: 0:02:13  model_time: 0.1760 (0.1766)  evaluator_time: 0.0064 (0.0065)  time: 0.1851  data: 0.0012  mem: 964  max mem: 40949
[2026-07-03 20:33:34 det.util.utils]: Test:  [ 50/758]  eta: 0:02:12  model_time: 0.1767 (0.1776)  evaluator_time: 0.0065 (0.0072)  time: 0.1896  data: 0.0012  mem: 964  max mem: 40949
[2026-07-03 20:33:36 det.util.utils]: Test:  [ 60/758]  eta: 0:02:11  model_time: 0.1816 (0.1784)  evaluator_time: 0.0092 (0.0077)  time: 0.1942  data: 0.0013  mem: 964  max mem: 40949
[2026-07-03 20:33:38 det.util.utils]: Test:  [ 70/758]  eta: 0:02:09  model_time: 0.1783 (0.1784)  evaluator_time: 0.0075 (0.0077)  time: 0.1910  data: 0.0012  mem: 964  max mem: 40949
[2026-07-03 20:33:40 det.util.utils]: Test:  [ 80/758]  eta: 0:02:08  model_time: 0.1798 (0.1788)  evaluator_time: 0.0076 (0.0079)  time: 0.1907  data: 0.0012  mem: 964  max mem: 40949
[2026-07-03 20:33:42 det.util.utils]: Test:  [ 90/758]  eta: 0:02:06  model_time: 0.1811 (0.1789)  evaluator_time: 0.0101 (0.0081)  time: 0.1925  data: 0.0012  mem: 964  max mem: 40949
[2026-07-03 20:33:44 det.util.utils]: Test:  [100/758]  eta: 0:02:04  model_time: 0.1728 (0.1783)  evaluator_time: 0.0095 (0.0082)  time: 0.1873  data: 0.0012  mem: 964  max mem: 40949
[2026-07-03 20:33:45 det.util.utils]: Test:  [110/758]  eta: 0:02:02  model_time: 0.1719 (0.1778)  evaluator_time: 0.0102 (0.0084)  time: 0.1844  data: 0.0012  mem: 964  max mem: 40949
[2026-07-03 20:33:47 det.util.utils]: Test:  [120/758]  eta: 0:02:00  model_time: 0.1729 (0.1780)  evaluator_time: 0.0119 (0.0088)  time: 0.1902  data: 0.0012  mem: 964  max mem: 40949
[2026-07-03 20:33:49 det.util.utils]: Test:  [130/758]  eta: 0:01:58  model_time: 0.1739 (0.1777)  evaluator_time: 0.0119 (0.0090)  time: 0.1904  data: 0.0012  mem: 964  max mem: 40949
[2026-07-03 20:33:51 det.util.utils]: Test:  [140/758]  eta: 0:01:56  model_time: 0.1721 (0.1774)  evaluator_time: 0.0101 (0.0091)  time: 0.1858  data: 0.0012  mem: 964  max mem: 40949
[2026-07-03 20:33:53 det.util.utils]: Test:  [150/758]  eta: 0:01:54  model_time: 0.1721 (0.1772)  evaluator_time: 0.0106 (0.0094)  time: 0.1875  data: 0.0012  mem: 964  max mem: 40949
[2026-07-03 20:33:55 det.util.utils]: Test:  [160/758]  eta: 0:01:52  model_time: 0.1725 (0.1770)  evaluator_time: 0.0138 (0.0097)  time: 0.1902  data: 0.0013  mem: 964  max mem: 40949
[2026-07-03 20:33:57 det.util.utils]: Test:  [170/758]  eta: 0:01:50  model_time: 0.1713 (0.1767)  evaluator_time: 0.0147 (0.0100)  time: 0.1896  data: 0.0012  mem: 964  max mem: 40949
[2026-07-03 20:33:59 det.util.utils]: Test:  [180/758]  eta: 0:01:49  model_time: 0.1710 (0.1765)  evaluator_time: 0.0157 (0.0103)  time: 0.1888  data: 0.0012  mem: 964  max mem: 40949
[2026-07-03 20:34:01 det.util.utils]: Test:  [190/758]  eta: 0:01:47  model_time: 0.1709 (0.1762)  evaluator_time: 0.0141 (0.0104)  time: 0.1877  data: 0.0012  mem: 964  max mem: 40949
[2026-07-03 20:34:02 det.util.utils]: Test:  [200/758]  eta: 0:01:45  model_time: 0.1711 (0.1761)  evaluator_time: 0.0141 (0.0107)  time: 0.1893  data: 0.0012  mem: 964  max mem: 40949
[2026-07-03 20:34:04 det.util.utils]: Test:  [210/758]  eta: 0:01:43  model_time: 0.1730 (0.1760)  evaluator_time: 0.0153 (0.0109)  time: 0.1915  data: 0.0012  mem: 964  max mem: 40949
[2026-07-03 20:34:06 det.util.utils]: Test:  [220/758]  eta: 0:01:41  model_time: 0.1730 (0.1759)  evaluator_time: 0.0141 (0.0110)  time: 0.1892  data: 0.0012  mem: 964  max mem: 40949
[2026-07-03 20:34:08 det.util.utils]: Test:  [230/758]  eta: 0:01:39  model_time: 0.1732 (0.1758)  evaluator_time: 0.0125 (0.0111)  time: 0.1884  data: 0.0013  mem: 964  max mem: 40949
[2026-07-03 20:34:10 det.util.utils]: Test:  [240/758]  eta: 0:01:37  model_time: 0.1751 (0.1761)  evaluator_time: 0.0122 (0.0111)  time: 0.1919  data: 0.0013  mem: 964  max mem: 40949
[2026-07-03 20:34:12 det.util.utils]: Test:  [250/758]  eta: 0:01:36  model_time: 0.1757 (0.1761)  evaluator_time: 0.0107 (0.0111)  time: 0.1922  data: 0.0012  mem: 964  max mem: 40949
[2026-07-03 20:34:14 det.util.utils]: Test:  [260/758]  eta: 0:01:34  model_time: 0.1763 (0.1762)  evaluator_time: 0.0096 (0.0110)  time: 0.1890  data: 0.0012  mem: 964  max mem: 40949
[2026-07-03 20:34:16 det.util.utils]: Test:  [270/758]  eta: 0:01:32  model_time: 0.1775 (0.1764)  evaluator_time: 0.0075 (0.0108)  time: 0.1895  data: 0.0012  mem: 964  max mem: 40949
[2026-07-03 20:34:18 det.util.utils]: Test:  [280/758]  eta: 0:01:30  model_time: 0.1784 (0.1765)  evaluator_time: 0.0076 (0.0107)  time: 0.1904  data: 0.0012  mem: 964  max mem: 40949
[2026-07-03 20:34:20 det.util.utils]: Test:  [290/758]  eta: 0:01:28  model_time: 0.1770 (0.1766)  evaluator_time: 0.0082 (0.0107)  time: 0.1897  data: 0.0012  mem: 964  max mem: 40949
[2026-07-03 20:34:22 det.util.utils]: Test:  [300/758]  eta: 0:01:26  model_time: 0.1770 (0.1768)  evaluator_time: 0.0083 (0.0106)  time: 0.1916  data: 0.0012  mem: 964  max mem: 40949
[2026-07-03 20:34:23 det.util.utils]: Test:  [310/758]  eta: 0:01:24  model_time: 0.1765 (0.1770)  evaluator_time: 0.0089 (0.0106)  time: 0.1933  data: 0.0012  mem: 964  max mem: 40949
[2026-07-03 20:34:25 det.util.utils]: Test:  [320/758]  eta: 0:01:22  model_time: 0.1737 (0.1769)  evaluator_time: 0.0096 (0.0106)  time: 0.1895  data: 0.0012  mem: 964  max mem: 40949
[2026-07-03 20:34:27 det.util.utils]: Test:  [330/758]  eta: 0:01:21  model_time: 0.1720 (0.1768)  evaluator_time: 0.0109 (0.0106)  time: 0.1867  data: 0.0012  mem: 964  max mem: 40949
[2026-07-03 20:34:29 det.util.utils]: Test:  [340/758]  eta: 0:01:19  model_time: 0.1712 (0.1766)  evaluator_time: 0.0109 (0.0106)  time: 0.1847  data: 0.0012  mem: 964  max mem: 40949
[2026-07-03 20:34:31 det.util.utils]: Test:  [350/758]  eta: 0:01:17  model_time: 0.1708 (0.1765)  evaluator_time: 0.0095 (0.0106)  time: 0.1821  data: 0.0012  mem: 964  max mem: 40949
[2026-07-03 20:34:33 det.util.utils]: Test:  [360/758]  eta: 0:01:15  model_time: 0.1717 (0.1764)  evaluator_time: 0.0095 (0.0105)  time: 0.1839  data: 0.0012  mem: 964  max mem: 40949
[2026-07-03 20:34:35 det.util.utils]: Test:  [370/758]  eta: 0:01:13  model_time: 0.1726 (0.1763)  evaluator_time: 0.0126 (0.0106)  time: 0.1870  data: 0.0012  mem: 964  max mem: 40949
[2026-07-03 20:34:36 det.util.utils]: Test:  [380/758]  eta: 0:01:11  model_time: 0.1713 (0.1762)  evaluator_time: 0.0129 (0.0107)  time: 0.1875  data: 0.0012  mem: 964  max mem: 40949
[2026-07-03 20:34:38 det.util.utils]: Test:  [390/758]  eta: 0:01:09  model_time: 0.1710 (0.1761)  evaluator_time: 0.0127 (0.0107)  time: 0.1867  data: 0.0012  mem: 964  max mem: 40949
[2026-07-03 20:34:40 det.util.utils]: Test:  [400/758]  eta: 0:01:07  model_time: 0.1714 (0.1761)  evaluator_time: 0.0117 (0.0108)  time: 0.1874  data: 0.0012  mem: 964  max mem: 40949
[2026-07-03 20:34:42 det.util.utils]: Test:  [410/758]  eta: 0:01:05  model_time: 0.1743 (0.1761)  evaluator_time: 0.0117 (0.0108)  time: 0.1900  data: 0.0012  mem: 964  max mem: 40949
[2026-07-03 20:34:44 det.util.utils]: Test:  [420/758]  eta: 0:01:03  model_time: 0.1746 (0.1761)  evaluator_time: 0.0117 (0.0109)  time: 0.1910  data: 0.0012  mem: 964  max mem: 40949
[2026-07-03 20:34:46 det.util.utils]: Test:  [430/758]  eta: 0:01:01  model_time: 0.1741 (0.1761)  evaluator_time: 0.0119 (0.0109)  time: 0.1901  data: 0.0012  mem: 964  max mem: 40949
[2026-07-03 20:34:48 det.util.utils]: Test:  [440/758]  eta: 0:01:00  model_time: 0.1761 (0.1761)  evaluator_time: 0.0118 (0.0109)  time: 0.1910  data: 0.0012  mem: 964  max mem: 40949
[2026-07-03 20:34:50 det.util.utils]: Test:  [450/758]  eta: 0:00:58  model_time: 0.1761 (0.1761)  evaluator_time: 0.0102 (0.0109)  time: 0.1897  data: 0.0012  mem: 964  max mem: 40949
[2026-07-03 20:34:52 det.util.utils]: Test:  [460/758]  eta: 0:00:56  model_time: 0.1756 (0.1761)  evaluator_time: 0.0099 (0.0109)  time: 0.1875  data: 0.0012  mem: 964  max mem: 40949
[2026-07-03 20:34:54 det.util.utils]: Test:  [470/758]  eta: 0:00:54  model_time: 0.1761 (0.1762)  evaluator_time: 0.0101 (0.0109)  time: 0.1893  data: 0.0012  mem: 964  max mem: 40949
[2026-07-03 20:34:55 det.util.utils]: Test:  [480/758]  eta: 0:00:52  model_time: 0.1758 (0.1761)  evaluator_time: 0.0102 (0.0109)  time: 0.1888  data: 0.0012  mem: 964  max mem: 40949
[2026-07-03 20:34:57 det.util.utils]: Test:  [490/758]  eta: 0:00:50  model_time: 0.1755 (0.1762)  evaluator_time: 0.0103 (0.0109)  time: 0.1892  data: 0.0012  mem: 964  max mem: 40949
[2026-07-03 20:34:59 det.util.utils]: Test:  [500/758]  eta: 0:00:48  model_time: 0.1758 (0.1762)  evaluator_time: 0.0104 (0.0108)  time: 0.1901  data: 0.0012  mem: 964  max mem: 40949
[2026-07-03 20:35:02 det.util.utils]: Test:  [510/758]  eta: 0:00:47  model_time: 0.1752 (0.1761)  evaluator_time: 0.0107 (0.0118)  time: 0.2118  data: 0.0012  mem: 964  max mem: 40949
[2026-07-03 20:35:03 det.util.utils]: Test:  [520/758]  eta: 0:00:45  model_time: 0.1710 (0.1760)  evaluator_time: 0.0113 (0.0118)  time: 0.2096  data: 0.0012  mem: 964  max mem: 40949
[2026-07-03 20:35:05 det.util.utils]: Test:  [530/758]  eta: 0:00:43  model_time: 0.1711 (0.1760)  evaluator_time: 0.0108 (0.0118)  time: 0.1844  data: 0.0012  mem: 964  max mem: 40949
[2026-07-03 20:35:07 det.util.utils]: Test:  [540/758]  eta: 0:00:41  model_time: 0.1712 (0.1759)  evaluator_time: 0.0099 (0.0117)  time: 0.1840  data: 0.0012  mem: 964  max mem: 40949
[2026-07-03 20:35:09 det.util.utils]: Test:  [550/758]  eta: 0:00:39  model_time: 0.1734 (0.1759)  evaluator_time: 0.0094 (0.0117)  time: 0.1861  data: 0.0012  mem: 964  max mem: 40949
[2026-07-03 20:35:11 det.util.utils]: Test:  [560/758]  eta: 0:00:37  model_time: 0.1735 (0.1759)  evaluator_time: 0.0094 (0.0117)  time: 0.1880  data: 0.0013  mem: 964  max mem: 40949
[2026-07-03 20:35:13 det.util.utils]: Test:  [570/758]  eta: 0:00:35  model_time: 0.1730 (0.1759)  evaluator_time: 0.0080 (0.0116)  time: 0.1857  data: 0.0012  mem: 964  max mem: 40949
[2026-07-03 20:35:15 det.util.utils]: Test:  [580/758]  eta: 0:00:33  model_time: 0.1765 (0.1760)  evaluator_time: 0.0079 (0.0115)  time: 0.1876  data: 0.0012  mem: 964  max mem: 40949
[2026-07-03 20:35:16 det.util.utils]: Test:  [590/758]  eta: 0:00:31  model_time: 0.1776 (0.1760)  evaluator_time: 0.0095 (0.0115)  time: 0.1903  data: 0.0013  mem: 964  max mem: 40949
[2026-07-03 20:35:18 det.util.utils]: Test:  [600/758]  eta: 0:00:29  model_time: 0.1770 (0.1761)  evaluator_time: 0.0095 (0.0115)  time: 0.1899  data: 0.0013  mem: 964  max mem: 40949
[2026-07-03 20:35:20 det.util.utils]: Test:  [610/758]  eta: 0:00:28  model_time: 0.1777 (0.1761)  evaluator_time: 0.0098 (0.0115)  time: 0.1901  data: 0.0012  mem: 964  max mem: 40949
[2026-07-03 20:35:22 det.util.utils]: Test:  [620/758]  eta: 0:00:26  model_time: 0.1769 (0.1761)  evaluator_time: 0.0105 (0.0115)  time: 0.1904  data: 0.0012  mem: 964  max mem: 40949
[2026-07-03 20:35:24 det.util.utils]: Test:  [630/758]  eta: 0:00:24  model_time: 0.1759 (0.1762)  evaluator_time: 0.0106 (0.0114)  time: 0.1923  data: 0.0012  mem: 964  max mem: 40949
[2026-07-03 20:35:26 det.util.utils]: Test:  [640/758]  eta: 0:00:22  model_time: 0.1759 (0.1762)  evaluator_time: 0.0105 (0.0114)  time: 0.1918  data: 0.0012  mem: 964  max mem: 40949
[2026-07-03 20:35:28 det.util.utils]: Test:  [650/758]  eta: 0:00:20  model_time: 0.1761 (0.1763)  evaluator_time: 0.0101 (0.0114)  time: 0.1910  data: 0.0012  mem: 964  max mem: 40949
[2026-07-03 20:35:30 det.util.utils]: Test:  [660/758]  eta: 0:00:18  model_time: 0.1756 (0.1763)  evaluator_time: 0.0103 (0.0114)  time: 0.1910  data: 0.0012  mem: 964  max mem: 40949
[2026-07-03 20:35:32 det.util.utils]: Test:  [670/758]  eta: 0:00:16  model_time: 0.1754 (0.1763)  evaluator_time: 0.0106 (0.0114)  time: 0.1908  data: 0.0012  mem: 964  max mem: 40949
[2026-07-03 20:35:34 det.util.utils]: Test:  [680/758]  eta: 0:00:14  model_time: 0.1766 (0.1764)  evaluator_time: 0.0104 (0.0114)  time: 0.1924  data: 0.0012  mem: 964  max mem: 40949
[2026-07-03 20:35:36 det.util.utils]: Test:  [690/758]  eta: 0:00:12  model_time: 0.1763 (0.1764)  evaluator_time: 0.0103 (0.0114)  time: 0.1909  data: 0.0012  mem: 964  max mem: 40949
[2026-07-03 20:35:38 det.util.utils]: Test:  [700/758]  eta: 0:00:10  model_time: 0.1757 (0.1764)  evaluator_time: 0.0107 (0.0114)  time: 0.1903  data: 0.0012  mem: 964  max mem: 40949
[2026-07-03 20:35:39 det.util.utils]: Test:  [710/758]  eta: 0:00:09  model_time: 0.1762 (0.1765)  evaluator_time: 0.0115 (0.0114)  time: 0.1937  data: 0.0012  mem: 964  max mem: 40949
[2026-07-03 20:35:41 det.util.utils]: Test:  [720/758]  eta: 0:00:07  model_time: 0.1801 (0.1765)  evaluator_time: 0.0106 (0.0114)  time: 0.1932  data: 0.0012  mem: 964  max mem: 40949
[2026-07-03 20:35:43 det.util.utils]: Test:  [730/758]  eta: 0:00:05  model_time: 0.1755 (0.1766)  evaluator_time: 0.0104 (0.0114)  time: 0.1907  data: 0.0012  mem: 964  max mem: 40949
[2026-07-03 20:35:45 det.util.utils]: Test:  [740/758]  eta: 0:00:03  model_time: 0.1755 (0.1766)  evaluator_time: 0.0109 (0.0114)  time: 0.1909  data: 0.0012  mem: 964  max mem: 40949
Test: Total time: 0:02:21 (0.1870 s / it)
[2026-07-03 20:35:47 det.util.utils]: Test:  [750/758]  eta: 0:00:01  model_time: 0.1758 (0.1766)  evaluator_time: 0.0106 (0.0114)  time: 0.1912  data: 0.0012  mem: 964  max mem: 40949
[2026-07-03 20:35:48 det.util.utils]: Test:  [757/758]  eta: 0:00:00  model_time: 0.1747 (0.1766)  evaluator_time: 0.0096 (0.0114)  time: 0.1885  data: 0.0012  mem: 964  max mem: 40949
Test: Total time: 0:02:23 (0.1898 s / it)
[2026-07-03 20:35:48 det.util.engine]: Averaged stats: model_time: 0.1747 (0.1758)  evaluator_time: 0.0096 (0.0108)
[2026-07-03 20:35:58 det.util.engine]: Accumulating evaluation results...
DONE (t=5.02s).
IoU metric: bbox
 Average Precision  (AP) @[ IoU=0.50:0.95 | area=   all | maxDets=100 ] = 0.663
 Average Precision  (AP) @[ IoU=0.50      | area=   all | maxDets=100 ] = 0.797
 Average Precision  (AP) @[ IoU=0.75      | area=   all | maxDets=100 ] = 0.723
 Average Precision  (AP) @[ IoU=0.50:0.95 | area= small | maxDets=100 ] = 0.000
 Average Precision  (AP) @[ IoU=0.50:0.95 | area=medium | maxDets=100 ] = 0.244
 Average Precision  (AP) @[ IoU=0.50:0.95 | area= large | maxDets=100 ] = 0.672
 Average Recall     (AR) @[ IoU=0.50:0.95 | area=   all | maxDets=  1 ] = 0.720
 Average Recall     (AR) @[ IoU=0.50:0.95 | area=   all | maxDets= 10 ] = 0.838
 Average Recall     (AR) @[ IoU=0.50:0.95 | area=   all | maxDets=100 ] = 0.860
 Average Recall     (AR) @[ IoU=0.50:0.95 | area= small | maxDets=100 ] = 0.000
 Average Recall     (AR) @[ IoU=0.50:0.95 | area=medium | maxDets=100 ] = 0.537
 Average Recall     (AR) @[ IoU=0.50:0.95 | area= large | maxDets=100 ] = 0.868

[2026-07-03 20:35:58 det.util.engine]: 
+------------------+------+-----+-------+--------+--------+
| class            | imgs | gts | dets  | recall | ap     |
+------------------+------+-----+-------+--------+--------+
| Bipolar Forceps  | 0    | 209 | 15092 | 1.000  | 0.697  |
| Electric Cautery | 101  | 101 | 1569  | 1.000  | 0.984  |
| Forceps          | 130  | 154 | 9423  | 0.968  | 0.407  |
| Gauze            | 316  | 455 | 33588 | 0.976  | 0.548  |
| Hook             | 100  | 147 | 3601  | 0.932  | 0.615  |
| Mouth Gag        | 989  | 990 | 9742  | 0.994  | 0.971  |
| Needle Holders   | 510  | 512 | 10026 | 1.000  | 0.923  |
| Raspatory        | 75   | 76  | 13917 | 1.000  | 0.593  |
| Retractor        | 0    | 0   | 13363 | -1.000 | -1.000 |
| Scalpel          | 168  | 168 | 8031  | 1.000  | 0.983  |
| Scissors         | 390  | 391 | 43911 | 0.995  | 0.757  |
| Skewer           | 103  | 103 | 2240  | 0.990  | 0.956  |
| Suction Cannula  | 507  | 509 | 24227 | 1.000  | 0.952  |
| Syringe          | 96   | 96  | 4972  | 1.000  | 0.888  |
| Tweezers         | 825  | 950 | 43121 | 0.991  | 0.889  |
+------------------+------+-----+-------+--------+--------+
| mean results     |      |     |       | 0.989  | 0.797  |
+------------------+------+-----+-------+--------+--------+
[2026-07-03 20:35:58 accelerate.tracking]: [RANK 0] Successfully logged to TensorBoard
[2026-07-03 20:35:59 det.util.utils]: [RANK 0] the best ap model is saved to /home/ubuntu/slocal/m2/experiments/detector_improve/augstrong_hires_seed42/best_ap.pth
[2026-07-03 20:36:00 det.util.utils]: [RANK 0] the best ap50 model is saved to /home/ubuntu/slocal/m2/experiments/detector_improve/augstrong_hires_seed42/best_ap50.pth
[2026-07-03 20:36:02 det.util.engine]: Epoch: [2]  [0/2405]  eta: 0:58:00  lr: 0.000100  data_time: 0.0077  iter_time: 1.4472  loss: 23.1081 (23.1081)  loss_class: 0.6467 (0.6467)  loss_bbox: 0.1779 (0.1779)  loss_giou: 0.2343 (0.2343)  loss_class_0: 0.9144 (0.9144)  loss_bbox_0: 0.1805 (0.1805)  loss_giou_0: 0.2452 (0.2452)  loss_class_1: 0.7272 (0.7272)  loss_bbox_1: 0.1659 (0.1659)  loss_giou_1: 0.2230 (0.2230)  loss_class_2: 0.6873 (0.6873)  loss_bbox_2: 0.1800 (0.1800)  loss_giou_2: 0.2435 (0.2435)  loss_class_3: 0.6679 (0.6679)  loss_bbox_3: 0.1791 (0.1791)  loss_giou_3: 0.2365 (0.2365)  loss_class_4: 0.6465 (0.6465)  loss_bbox_4: 0.1780 (0.1780)  loss_giou_4: 0.2343 (0.2343)  loss_class_enc: 0.9036 (0.9036)  loss_bbox_enc: 0.2417 (0.2417)  loss_giou_enc: 0.3071 (0.3071)  loss_class_dn: 0.4258 (0.4258)  loss_bbox_dn: 0.2426 (0.2426)  loss_giou_dn: 0.2785 (0.2785)  loss_class_dn_0: 0.5836 (0.5836)  loss_bbox_dn_0: 0.3857 (0.3857)  loss_giou_dn_0: 0.4541 (0.4541)  loss_class_dn_1: 0.4762 (0.4762)  loss_bbox_dn_1: 0.2820 (0.2820)  loss_giou_dn_1: 0.3257 (0.3257)  loss_class_dn_2: 0.4309 (0.4309)  loss_bbox_dn_2: 0.2512 (0.2512)  loss_giou_dn_2: 0.2900 (0.2900)  loss_class_dn_3: 0.4209 (0.4209)  loss_bbox_dn_3: 0.2442 (0.2442)  loss_giou_dn_3: 0.2775 (0.2775)  loss_class_dn_4: 0.4097 (0.4097)  loss_bbox_dn_4: 0.2427 (0.2427)  loss_giou_dn_4: 0.2786 (0.2786)  loss_class_hybrid: 0.7406 (0.7406)  loss_bbox_hybrid: 0.1656 (0.1656)  loss_giou_hybrid: 0.2139 (0.2139)  loss_class_0_hybrid: 0.8620 (0.8620)  loss_bbox_0_hybrid: 0.2033 (0.2033)  loss_giou_0_hybrid: 0.2623 (0.2623)  loss_class_1_hybrid: 0.7942 (0.7942)  loss_bbox_1_hybrid: 0.1887 (0.1887)  loss_giou_1_hybrid: 0.2390 (0.2390)  loss_class_2_hybrid: 0.7460 (0.7460)  loss_bbox_2_hybrid: 0.1647 (0.1647)  loss_giou_2_hybrid: 0.2153 (0.2153)  loss_class_3_hybrid: 0.7377 (0.7377)  loss_bbox_3_hybrid: 0.1682 (0.1682)  loss_giou_3_hybrid: 0.2179 (0.2179)  loss_class_4_hybrid: 0.7288 (0.7288)  loss_bbox_4_hybrid: 0.1657 (0.1657)  loss_giou_4_hybrid: 0.2142 (0.2142)  loss_class_enc_hybrid: 0.9193 (0.9193)  loss_bbox_enc_hybrid: 0.2803 (0.2803)  loss_giou_enc_hybrid: 0.3596 (0.3596)  mem: 1027  max mem: 40949
[2026-07-03 20:36:02 accelerate.tracking]: [RANK 0] Successfully logged to TensorBoard
[2026-07-03 20:37:14 det.util.engine]: Epoch: [2]  [50/2405]  eta: 0:57:09  lr: 0.000100  data_time: 0.0058  iter_time: 1.4143  loss: 24.6171 (26.1347)  loss_class: 0.6256 (0.6778)  loss_bbox: 0.2451 (0.2444)  loss_giou: 0.3100 (0.3126)  loss_class_0: 0.8704 (0.9552)  loss_bbox_0: 0.2343 (0.2482)  loss_giou_0: 0.3309 (0.3262)  loss_class_1: 0.6916 (0.7800)  loss_bbox_1: 0.2289 (0.2429)  loss_giou_1: 0.3236 (0.3156)  loss_class_2: 0.6269 (0.7189)  loss_bbox_2: 0.2260 (0.2378)  loss_giou_2: 0.3114 (0.3112)  loss_class_3: 0.6362 (0.6977)  loss_bbox_3: 0.2244 (0.2425)  loss_giou_3: 0.3129 (0.3127)  loss_class_4: 0.6363 (0.6842)  loss_bbox_4: 0.2122 (0.2420)  loss_giou_4: 0.3082 (0.3106)  loss_class_enc: 0.8527 (0.9254)  loss_bbox_enc: 0.3009 (0.3097)  loss_giou_enc: 0.3848 (0.3994)  loss_class_dn: 0.3858 (0.3868)  loss_bbox_dn: 0.2966 (0.3252)  loss_giou_dn: 0.3527 (0.3574)  loss_class_dn_0: 0.5285 (0.5287)  loss_bbox_dn_0: 0.4385 (0.4699)  loss_giou_dn_0: 0.5061 (0.5100)  loss_class_dn_1: 0.4304 (0.4365)  loss_bbox_dn_1: 0.3449 (0.3670)  loss_giou_dn_1: 0.3978 (0.4018)  loss_class_dn_2: 0.3863 (0.3959)  loss_bbox_dn_2: 0.3057 (0.3317)  loss_giou_dn_2: 0.3671 (0.3670)  loss_class_dn_3: 0.3808 (0.3876)  loss_bbox_dn_3: 0.3042 (0.3266)  loss_giou_dn_3: 0.3526 (0.3596)  loss_class_dn_4: 0.3843 (0.3857)  loss_bbox_dn_4: 0.2968 (0.3252)  loss_giou_dn_4: 0.3516 (0.3573)  loss_class_hybrid: 0.6737 (0.7444)  loss_bbox_hybrid: 0.2081 (0.2389)  loss_giou_hybrid: 0.2990 (0.3064)  loss_class_0_hybrid: 0.8333 (0.8989)  loss_bbox_0_hybrid: 0.2237 (0.2476)  loss_giou_0_hybrid: 0.3057 (0.3254)  loss_class_1_hybrid: 0.7309 (0.8084)  loss_bbox_1_hybrid: 0.2288 (0.2383)  loss_giou_1_hybrid: 0.3022 (0.3115)  loss_class_2_hybrid: 0.6585 (0.7760)  loss_bbox_2_hybrid: 0.2006 (0.2364)  loss_giou_2_hybrid: 0.2937 (0.3064)  loss_class_3_hybrid: 0.7031 (0.7532)  loss_bbox_3_hybrid: 0.2036 (0.2386)  loss_giou_3_hybrid: 0.2964 (0.3064)  loss_class_4_hybrid: 0.7001 (0.7434)  loss_bbox_4_hybrid: 0.2066 (0.2389)  loss_giou_4_hybrid: 0.2996 (0.3067)  loss_class_enc_hybrid: 0.8233 (0.8696)  loss_bbox_enc_hybrid: 0.3086 (0.3163)  loss_giou_enc_hybrid: 0.3735 (0.4084)  mem: 1021  max mem: 40949
[2026-07-03 20:37:14 accelerate.tracking]: [RANK 0] Successfully logged to TensorBoard
[2026-07-03 20:38:27 det.util.engine]: Epoch: [2]  [100/2405]  eta: 0:55:42  lr: 0.000100  data_time: 0.0065  iter_time: 1.4297  loss: 23.7814 (25.4675)  loss_class: 0.6015 (0.6646)  loss_bbox: 0.1869 (0.2365)  loss_giou: 0.2543 (0.2979)  loss_class_0: 0.8443 (0.9311)  loss_bbox_0: 0.2082 (0.2436)  loss_giou_0: 0.2747 (0.3129)  loss_class_1: 0.7291 (0.7641)  loss_bbox_1: 0.1981 (0.2396)  loss_giou_1: 0.2628 (0.3016)  loss_class_2: 0.6584 (0.7123)  loss_bbox_2: 0.1889 (0.2315)  loss_giou_2: 0.2522 (0.2960)  loss_class_3: 0.6247 (0.6825)  loss_bbox_3: 0.1847 (0.2336)  loss_giou_3: 0.2559 (0.2967)  loss_class_4: 0.6027 (0.6679)  loss_bbox_4: 0.1835 (0.2348)  loss_giou_4: 0.2542 (0.2961)  loss_class_enc: 0.8991 (0.9219)  loss_bbox_enc: 0.2575 (0.3012)  loss_giou_enc: 0.3305 (0.3789)  loss_class_dn: 0.3580 (0.3779)  loss_bbox_dn: 0.2888 (0.3134)  loss_giou_dn: 0.3233 (0.3432)  loss_class_dn_0: 0.5055 (0.5254)  loss_bbox_dn_0: 0.4234 (0.4645)  loss_giou_dn_0: 0.4698 (0.4962)  loss_class_dn_1: 0.4129 (0.4272)  loss_bbox_dn_1: 0.3239 (0.3557)  loss_giou_dn_1: 0.3562 (0.3873)  loss_class_dn_2: 0.3710 (0.3891)  loss_bbox_dn_2: 0.2888 (0.3198)  loss_giou_dn_2: 0.3279 (0.3525)  loss_class_dn_3: 0.3618 (0.3790)  loss_bbox_dn_3: 0.2910 (0.3146)  loss_giou_dn_3: 0.3255 (0.3455)  loss_class_dn_4: 0.3587 (0.3776)  loss_bbox_dn_4: 0.2886 (0.3134)  loss_giou_dn_4: 0.3230 (0.3431)  loss_class_hybrid: 0.6804 (0.7285)  loss_bbox_hybrid: 0.1983 (0.2350)  loss_giou_hybrid: 0.2642 (0.2947)  loss_class_0_hybrid: 0.8228 (0.8784)  loss_bbox_0_hybrid: 0.2177 (0.2456)  loss_giou_0_hybrid: 0.2893 (0.3124)  loss_class_1_hybrid: 0.7273 (0.7921)  loss_bbox_1_hybrid: 0.1983 (0.2367)  loss_giou_1_hybrid: 0.2607 (0.2993)  loss_class_2_hybrid: 0.6977 (0.7632)  loss_bbox_2_hybrid: 0.1974 (0.2326)  loss_giou_2_hybrid: 0.2592 (0.2931)  loss_class_3_hybrid: 0.6806 (0.7388)  loss_bbox_3_hybrid: 0.1980 (0.2343)  loss_giou_3_hybrid: 0.2621 (0.2933)  loss_class_4_hybrid: 0.6757 (0.7258)  loss_bbox_4_hybrid: 0.1981 (0.2353)  loss_giou_4_hybrid: 0.2633 (0.2948)  loss_class_enc_hybrid: 0.8687 (0.8593)  loss_bbox_enc_hybrid: 0.2825 (0.3128)  loss_giou_enc_hybrid: 0.3540 (0.3905)  mem: 1036  max mem: 40949
[2026-07-03 20:38:27 accelerate.tracking]: [RANK 0] Successfully logged to TensorBoard
[2026-07-03 20:39:38 det.util.engine]: Epoch: [2]  [150/2405]  eta: 0:54:11  lr: 0.000100  data_time: 0.0058  iter_time: 1.4036  loss: 23.8137 (25.2600)  loss_class: 0.5280 (0.6448)  loss_bbox: 0.2168 (0.2448)  loss_giou: 0.2758 (0.2991)  loss_class_0: 0.8230 (0.9175)  loss_bbox_0: 0.2250 (0.2483)  loss_giou_0: 0.3025 (0.3093)  loss_class_1: 0.6503 (0.7421)  loss_bbox_1: 0.2084 (0.2462)  loss_giou_1: 0.2776 (0.2989)  loss_class_2: 0.5959 (0.6906)  loss_bbox_2: 0.2106 (0.2404)  loss_giou_2: 0.2668 (0.2960)  loss_class_3: 0.5652 (0.6618)  loss_bbox_3: 0.2264 (0.2413)  loss_giou_3: 0.2768 (0.2963)  loss_class_4: 0.5367 (0.6494)  loss_bbox_4: 0.2169 (0.2420)  loss_giou_4: 0.2757 (0.2968)  loss_class_enc: 0.8224 (0.9102)  loss_bbox_enc: 0.2858 (0.3046)  loss_giou_enc: 0.3716 (0.3742)  loss_class_dn: 0.3650 (0.3738)  loss_bbox_dn: 0.2830 (0.3154)  loss_giou_dn: 0.2874 (0.3384)  loss_class_dn_0: 0.4989 (0.5218)  loss_bbox_dn_0: 0.4257 (0.4661)  loss_giou_dn_0: 0.4557 (0.4890)  loss_class_dn_1: 0.4101 (0.4240)  loss_bbox_dn_1: 0.3357 (0.3570)  loss_giou_dn_1: 0.3473 (0.3809)  loss_class_dn_2: 0.3791 (0.3857)  loss_bbox_dn_2: 0.2890 (0.3213)  loss_giou_dn_2: 0.2979 (0.3469)  loss_class_dn_3: 0.3663 (0.3751)  loss_bbox_dn_3: 0.2837 (0.3165)  loss_giou_dn_3: 0.2905 (0.3404)  loss_class_dn_4: 0.3654 (0.3737)  loss_bbox_dn_4: 0.2830 (0.3154)  loss_giou_dn_4: 0.2869 (0.3383)  loss_class_hybrid: 0.6269 (0.7163)  loss_bbox_hybrid: 0.1999 (0.2405)  loss_giou_hybrid: 0.2700 (0.2925)  loss_class_0_hybrid: 0.7906 (0.8678)  loss_bbox_0_hybrid: 0.2203 (0.2502)  loss_giou_0_hybrid: 0.2914 (0.3078)  loss_class_1_hybrid: 0.6917 (0.7766)  loss_bbox_1_hybrid: 0.2021 (0.2427)  loss_giou_1_hybrid: 0.2728 (0.2966)  loss_class_2_hybrid: 0.6185 (0.7479)  loss_bbox_2_hybrid: 0.2012 (0.2380)  loss_giou_2_hybrid: 0.2664 (0.2905)  loss_class_3_hybrid: 0.6403 (0.7253)  loss_bbox_3_hybrid: 0.2090 (0.2396)  loss_giou_3_hybrid: 0.2725 (0.2911)  loss_class_4_hybrid: 0.6109 (0.7132)  loss_bbox_4_hybrid: 0.2083 (0.2409)  loss_giou_4_hybrid: 0.2696 (0.2927)  loss_class_enc_hybrid: 0.7730 (0.8537)  loss_bbox_enc_hybrid: 0.2924 (0.3161)  loss_giou_enc_hybrid: 0.3636 (0.3852)  mem: 1025  max mem: 40949
[2026-07-03 20:39:38 accelerate.tracking]: [RANK 0] Successfully logged to TensorBoard
[2026-07-03 20:40:50 det.util.engine]: Epoch: [2]  [200/2405]  eta: 0:53:03  lr: 0.000100  data_time: 0.0065  iter_time: 1.4932  loss: 24.5625 (25.0843)  loss_class: 0.6533 (0.6491)  loss_bbox: 0.2496 (0.2391)  loss_giou: 0.2860 (0.2990)  loss_class_0: 0.8512 (0.9090)  loss_bbox_0: 0.2179 (0.2431)  loss_giou_0: 0.3140 (0.3102)  loss_class_1: 0.7169 (0.7393)  loss_bbox_1: 0.2431 (0.2416)  loss_giou_1: 0.3084 (0.3006)  loss_class_2: 0.6441 (0.6948)  loss_bbox_2: 0.2368 (0.2345)  loss_giou_2: 0.2955 (0.2961)  loss_class_3: 0.6472 (0.6667)  loss_bbox_3: 0.2404 (0.2358)  loss_giou_3: 0.2906 (0.2966)  loss_class_4: 0.6263 (0.6536)  loss_bbox_4: 0.2417 (0.2367)  loss_giou_4: 0.2856 (0.2971)  loss_class_enc: 0.8788 (0.9025)  loss_bbox_enc: 0.2772 (0.2995)  loss_giou_enc: 0.3562 (0.3756)  loss_class_dn: 0.3483 (0.3727)  loss_bbox_dn: 0.2803 (0.3042)  loss_giou_dn: 0.3026 (0.3355)  loss_class_dn_0: 0.5261 (0.5214)  loss_bbox_dn_0: 0.4131 (0.4555)  loss_giou_dn_0: 0.4552 (0.4866)  loss_class_dn_1: 0.4137 (0.4226)  loss_bbox_dn_1: 0.2875 (0.3453)  loss_giou_dn_1: 0.3459 (0.3771)  loss_class_dn_2: 0.3691 (0.3844)  loss_bbox_dn_2: 0.2831 (0.3108)  loss_giou_dn_2: 0.3112 (0.3440)  loss_class_dn_3: 0.3577 (0.3735)  loss_bbox_dn_3: 0.2851 (0.3055)  loss_giou_dn_3: 0.3039 (0.3374)  loss_class_dn_4: 0.3549 (0.3722)  loss_bbox_dn_4: 0.2805 (0.3042)  loss_giou_dn_4: 0.3026 (0.3354)  loss_class_hybrid: 0.7116 (0.7187)  loss_bbox_hybrid: 0.2316 (0.2341)  loss_giou_hybrid: 0.2913 (0.2926)  loss_class_0_hybrid: 0.8291 (0.8625)  loss_bbox_0_hybrid: 0.2365 (0.2447)  loss_giou_0_hybrid: 0.3054 (0.3083)  loss_class_1_hybrid: 0.7090 (0.7728)  loss_bbox_1_hybrid: 0.2249 (0.2377)  loss_giou_1_hybrid: 0.3011 (0.2978)  loss_class_2_hybrid: 0.6903 (0.7467)  loss_bbox_2_hybrid: 0.2166 (0.2326)  loss_giou_2_hybrid: 0.2787 (0.2916)  loss_class_3_hybrid: 0.6718 (0.7247)  loss_bbox_3_hybrid: 0.2328 (0.2338)  loss_giou_3_hybrid: 0.2913 (0.2919)  loss_class_4_hybrid: 0.7019 (0.7152)  loss_bbox_4_hybrid: 0.2313 (0.2348)  loss_giou_4_hybrid: 0.2906 (0.2932)  loss_class_enc_hybrid: 0.8317 (0.8470)  loss_bbox_enc_hybrid: 0.2841 (0.3107)  loss_giou_enc_hybrid: 0.3728 (0.3847)  mem: 1017  max mem: 40949
[2026-07-03 20:40:50 accelerate.tracking]: [RANK 0] Successfully logged to TensorBoard
[2026-07-03 20:41:59 det.util.engine]: Epoch: [2]  [250/2405]  eta: 0:51:24  lr: 0.000100  data_time: 0.0058  iter_time: 1.3865  loss: 24.0988 (25.1347)  loss_class: 0.5947 (0.6544)  loss_bbox: 0.2160 (0.2389)  loss_giou: 0.2479 (0.2978)  loss_class_0: 0.8560 (0.9126)  loss_bbox_0: 0.2216 (0.2422)  loss_giou_0: 0.2684 (0.3089)  loss_class_1: 0.7019 (0.7480)  loss_bbox_1: 0.2253 (0.2406)  loss_giou_1: 0.2526 (0.2995)  loss_class_2: 0.6270 (0.6982)  loss_bbox_2: 0.2168 (0.2354)  loss_giou_2: 0.2463 (0.2957)  loss_class_3: 0.5872 (0.6715)  loss_bbox_3: 0.2175 (0.2363)  loss_giou_3: 0.2502 (0.2959)  loss_class_4: 0.5855 (0.6602)  loss_bbox_4: 0.2164 (0.2360)  loss_giou_4: 0.2479 (0.2957)  loss_class_enc: 0.8750 (0.9093)  loss_bbox_enc: 0.2709 (0.2969)  loss_giou_enc: 0.3221 (0.3716)  loss_class_dn: 0.3806 (0.3764)  loss_bbox_dn: 0.2195 (0.3020)  loss_giou_dn: 0.2894 (0.3348)  loss_class_dn_0: 0.5158 (0.5226)  loss_bbox_dn_0: 0.3799 (0.4502)  loss_giou_dn_0: 0.4405 (0.4846)  loss_class_dn_1: 0.4270 (0.4252)  loss_bbox_dn_1: 0.2464 (0.3419)  loss_giou_dn_1: 0.3244 (0.3757)  loss_class_dn_2: 0.4009 (0.3887)  loss_bbox_dn_2: 0.2241 (0.3085)  loss_giou_dn_2: 0.3114 (0.3433)  loss_class_dn_3: 0.3868 (0.3776)  loss_bbox_dn_3: 0.2214 (0.3033)  loss_giou_dn_3: 0.2973 (0.3367)  loss_class_dn_4: 0.3812 (0.3759)  loss_bbox_dn_4: 0.2194 (0.3020)  loss_giou_dn_4: 0.2908 (0.3347)  loss_class_hybrid: 0.6774 (0.7232)  loss_bbox_hybrid: 0.2136 (0.2346)  loss_giou_hybrid: 0.2462 (0.2926)  loss_class_0_hybrid: 0.8100 (0.8666)  loss_bbox_0_hybrid: 0.2162 (0.2451)  loss_giou_0_hybrid: 0.2576 (0.3087)  loss_class_1_hybrid: 0.7497 (0.7776)  loss_bbox_1_hybrid: 0.2093 (0.2378)  loss_giou_1_hybrid: 0.2546 (0.2978)  loss_class_2_hybrid: 0.7039 (0.7499)  loss_bbox_2_hybrid: 0.2081 (0.2333)  loss_giou_2_hybrid: 0.2521 (0.2923)  loss_class_3_hybrid: 0.6753 (0.7299)  loss_bbox_3_hybrid: 0.2099 (0.2341)  loss_giou_3_hybrid: 0.2487 (0.2921)  loss_class_4_hybrid: 0.6673 (0.7207)  loss_bbox_4_hybrid: 0.2136 (0.2350)  loss_giou_4_hybrid: 0.2496 (0.2931)  loss_class_enc_hybrid: 0.8491 (0.8499)  loss_bbox_enc_hybrid: 0.2680 (0.3082)  loss_giou_enc_hybrid: 0.3201 (0.3824)  mem: 1025  max mem: 40949
[2026-07-03 20:41:59 accelerate.tracking]: [RANK 0] Successfully logged to TensorBoard
[2026-07-03 20:43:12 det.util.engine]: Epoch: [2]  [300/2405]  eta: 0:50:21  lr: 0.000100  data_time: 0.0061  iter_time: 1.4207  loss: 26.4143 (25.2088)  loss_class: 0.6614 (0.6530)  loss_bbox: 0.2256 (0.2383)  loss_giou: 0.3055 (0.3018)  loss_class_0: 0.9952 (0.9194)  loss_bbox_0: 0.2282 (0.2406)  loss_giou_0: 0.3166 (0.3118)  loss_class_1: 0.7240 (0.7462)  loss_bbox_1: 0.2175 (0.2400)  loss_giou_1: 0.3179 (0.3036)  loss_class_2: 0.7919 (0.6993)  loss_bbox_2: 0.2157 (0.2350)  loss_giou_2: 0.3131 (0.2997)  loss_class_3: 0.6860 (0.6707)  loss_bbox_3: 0.2144 (0.2358)  loss_giou_3: 0.3121 (0.3000)  loss_class_4: 0.6773 (0.6582)  loss_bbox_4: 0.2253 (0.2360)  loss_giou_4: 0.3058 (0.3001)  loss_class_enc: 0.9248 (0.9100)  loss_bbox_enc: 0.2806 (0.2963)  loss_giou_enc: 0.3783 (0.3755)  loss_class_dn: 0.3920 (0.3782)  loss_bbox_dn: 0.3320 (0.3013)  loss_giou_dn: 0.3507 (0.3377)  loss_class_dn_0: 0.5231 (0.5227)  loss_bbox_dn_0: 0.4770 (0.4468)  loss_giou_dn_0: 0.4899 (0.4855)  loss_class_dn_1: 0.4303 (0.4264)  loss_bbox_dn_1: 0.3643 (0.3405)  loss_giou_dn_1: 0.3877 (0.3778)  loss_class_dn_2: 0.4042 (0.3905)  loss_bbox_dn_2: 0.3344 (0.3077)  loss_giou_dn_2: 0.3551 (0.3460)  loss_class_dn_3: 0.3986 (0.3792)  loss_bbox_dn_3: 0.3351 (0.3027)  loss_giou_dn_3: 0.3509 (0.3395)  loss_class_dn_4: 0.3819 (0.3776)  loss_bbox_dn_4: 0.3320 (0.3013)  loss_giou_dn_4: 0.3503 (0.3376)  loss_class_hybrid: 0.7511 (0.7228)  loss_bbox_hybrid: 0.2361 (0.2341)  loss_giou_hybrid: 0.3138 (0.2970)  loss_class_0_hybrid: 0.8801 (0.8676)  loss_bbox_0_hybrid: 0.2327 (0.2443)  loss_giou_0_hybrid: 0.3205 (0.3131)  loss_class_1_hybrid: 0.8036 (0.7794)  loss_bbox_1_hybrid: 0.2181 (0.2374)  loss_giou_1_hybrid: 0.3165 (0.3022)  loss_class_2_hybrid: 0.8093 (0.7526)  loss_bbox_2_hybrid: 0.2179 (0.2326)  loss_giou_2_hybrid: 0.3104 (0.2966)  loss_class_3_hybrid: 0.7902 (0.7314)  loss_bbox_3_hybrid: 0.2277 (0.2335)  loss_giou_3_hybrid: 0.3129 (0.2964)  loss_class_4_hybrid: 0.7960 (0.7223)  loss_bbox_4_hybrid: 0.2357 (0.2344)  loss_giou_4_hybrid: 0.3133 (0.2973)  loss_class_enc_hybrid: 0.8362 (0.8499)  loss_bbox_enc_hybrid: 0.2867 (0.3071)  loss_giou_enc_hybrid: 0.3851 (0.3863)  mem: 1017  max mem: 40949
[2026-07-03 20:43:12 accelerate.tracking]: [RANK 0] Successfully logged to TensorBoard
[2026-07-03 20:44:23 det.util.engine]: Epoch: [2]  [350/2405]  eta: 0:49:02  lr: 0.000100  data_time: 0.0061  iter_time: 1.3967  loss: 24.7816 (25.0951)  loss_class: 0.6378 (0.6527)  loss_bbox: 0.2126 (0.2356)  loss_giou: 0.2824 (0.3001)  loss_class_0: 0.8123 (0.9128)  loss_bbox_0: 0.2422 (0.2392)  loss_giou_0: 0.3002 (0.3107)  loss_class_1: 0.7504 (0.7419)  loss_bbox_1: 0.2255 (0.2378)  loss_giou_1: 0.2914 (0.3026)  loss_class_2: 0.7215 (0.6973)  loss_bbox_2: 0.2160 (0.2328)  loss_giou_2: 0.2820 (0.2985)  loss_class_3: 0.6585 (0.6703)  loss_bbox_3: 0.2133 (0.2333)  loss_giou_3: 0.2890 (0.2986)  loss_class_4: 0.6514 (0.6575)  loss_bbox_4: 0.2111 (0.2335)  loss_giou_4: 0.2830 (0.2985)  loss_class_enc: 0.8898 (0.9043)  loss_bbox_enc: 0.2908 (0.2954)  loss_giou_enc: 0.3675 (0.3750)  loss_class_dn: 0.3604 (0.3770)  loss_bbox_dn: 0.2615 (0.2987)  loss_giou_dn: 0.3237 (0.3368)  loss_class_dn_0: 0.5184 (0.5219)  loss_bbox_dn_0: 0.3676 (0.4428)  loss_giou_dn_0: 0.4807 (0.4844)  loss_class_dn_1: 0.4205 (0.4254)  loss_bbox_dn_1: 0.2857 (0.3369)  loss_giou_dn_1: 0.3479 (0.3761)  loss_class_dn_2: 0.3728 (0.3889)  loss_bbox_dn_2: 0.2637 (0.3050)  loss_giou_dn_2: 0.3299 (0.3450)  loss_class_dn_3: 0.3629 (0.3777)  loss_bbox_dn_3: 0.2624 (0.3001)  loss_giou_dn_3: 0.3243 (0.3386)  loss_class_dn_4: 0.3628 (0.3762)  loss_bbox_dn_4: 0.2615 (0.2986)  loss_giou_dn_4: 0.3240 (0.3367)  loss_class_hybrid: 0.7019 (0.7210)  loss_bbox_hybrid: 0.2058 (0.2319)  loss_giou_hybrid: 0.2682 (0.2964)  loss_class_0_hybrid: 0.8275 (0.8617)  loss_bbox_0_hybrid: 0.2337 (0.2429)  loss_giou_0_hybrid: 0.2969 (0.3129)  loss_class_1_hybrid: 0.7524 (0.7760)  loss_bbox_1_hybrid: 0.2257 (0.2354)  loss_giou_1_hybrid: 0.2807 (0.3018)  loss_class_2_hybrid: 0.7269 (0.7500)  loss_bbox_2_hybrid: 0.2138 (0.2306)  loss_giou_2_hybrid: 0.2756 (0.2961)  loss_class_3_hybrid: 0.7064 (0.7297)  loss_bbox_3_hybrid: 0.2103 (0.2316)  loss_giou_3_hybrid: 0.2806 (0.2960)  loss_class_4_hybrid: 0.6882 (0.7200)  loss_bbox_4_hybrid: 0.2068 (0.2323)  loss_giou_4_hybrid: 0.2730 (0.2967)  loss_class_enc_hybrid: 0.8484 (0.8458)  loss_bbox_enc_hybrid: 0.2678 (0.3055)  loss_giou_enc_hybrid: 0.3799 (0.3860)  mem: 1034  max mem: 40949
[2026-07-03 20:44:23 accelerate.tracking]: [RANK 0] Successfully logged to TensorBoard
[2026-07-03 20:45:34 det.util.engine]: Epoch: [2]  [400/2405]  eta: 0:47:50  lr: 0.000100  data_time: 0.0059  iter_time: 1.4025  loss: 25.3130 (25.1659)  loss_class: 0.7029 (0.6577)  loss_bbox: 0.2327 (0.2366)  loss_giou: 0.3170 (0.3004)  loss_class_0: 0.8046 (0.9084)  loss_bbox_0: 0.2369 (0.2412)  loss_giou_0: 0.3377 (0.3131)  loss_class_1: 0.7676 (0.7437)  loss_bbox_1: 0.2361 (0.2389)  loss_giou_1: 0.3264 (0.3045)  loss_class_2: 0.6870 (0.6990)  loss_bbox_2: 0.2338 (0.2339)  loss_giou_2: 0.3168 (0.2999)  loss_class_3: 0.6409 (0.6746)  loss_bbox_3: 0.2298 (0.2338)  loss_giou_3: 0.3199 (0.2990)  loss_class_4: 0.6921 (0.6625)  loss_bbox_4: 0.2342 (0.2345)  loss_giou_4: 0.2956 (0.2988)  loss_class_enc: 0.8409 (0.9008)  loss_bbox_enc: 0.2938 (0.2978)  loss_giou_enc: 0.3806 (0.3776)  loss_class_dn: 0.3776 (0.3777)  loss_bbox_dn: 0.3012 (0.2990)  loss_giou_dn: 0.3456 (0.3380)  loss_class_dn_0: 0.5041 (0.5212)  loss_bbox_dn_0: 0.4316 (0.4429)  loss_giou_dn_0: 0.5051 (0.4857)  loss_class_dn_1: 0.4333 (0.4257)  loss_bbox_dn_1: 0.3405 (0.3371)  loss_giou_dn_1: 0.3845 (0.3773)  loss_class_dn_2: 0.4043 (0.3892)  loss_bbox_dn_2: 0.3070 (0.3052)  loss_giou_dn_2: 0.3596 (0.3461)  loss_class_dn_3: 0.3837 (0.3780)  loss_bbox_dn_3: 0.2998 (0.3004)  loss_giou_dn_3: 0.3455 (0.3398)  loss_class_dn_4: 0.3713 (0.3765)  loss_bbox_dn_4: 0.3009 (0.2990)  loss_giou_dn_4: 0.3449 (0.3379)  loss_class_hybrid: 0.7395 (0.7245)  loss_bbox_hybrid: 0.2328 (0.2334)  loss_giou_hybrid: 0.3192 (0.2981)  loss_class_0_hybrid: 0.8182 (0.8625)  loss_bbox_0_hybrid: 0.2235 (0.2437)  loss_giou_0_hybrid: 0.3239 (0.3143)  loss_class_1_hybrid: 0.7559 (0.7783)  loss_bbox_1_hybrid: 0.2347 (0.2368)  loss_giou_1_hybrid: 0.3117 (0.3036)  loss_class_2_hybrid: 0.7283 (0.7515)  loss_bbox_2_hybrid: 0.2396 (0.2318)  loss_giou_2_hybrid: 0.3122 (0.2978)  loss_class_3_hybrid: 0.7089 (0.7317)  loss_bbox_3_hybrid: 0.2332 (0.2330)  loss_giou_3_hybrid: 0.3189 (0.2977)  loss_class_4_hybrid: 0.7308 (0.7237)  loss_bbox_4_hybrid: 0.2325 (0.2336)  loss_giou_4_hybrid: 0.3113 (0.2982)  loss_class_enc_hybrid: 0.8286 (0.8458)  loss_bbox_enc_hybrid: 0.2979 (0.3058)  loss_giou_enc_hybrid: 0.3835 (0.3869)  mem: 1018  max mem: 40949
[2026-07-03 20:45:34 accelerate.tracking]: [RANK 0] Successfully logged to TensorBoard
[2026-07-03 20:46:46 det.util.engine]: Epoch: [2]  [450/2405]  eta: 0:46:37  lr: 0.000100  data_time: 0.0057  iter_time: 1.4579  loss: 25.1089 (25.2025)  loss_class: 0.6720 (0.6586)  loss_bbox: 0.2361 (0.2378)  loss_giou: 0.3072 (0.3012)  loss_class_0: 0.8264 (0.9038)  loss_bbox_0: 0.2541 (0.2428)  loss_giou_0: 0.3151 (0.3142)  loss_class_1: 0.6884 (0.7426)  loss_bbox_1: 0.2399 (0.2397)  loss_giou_1: 0.3297 (0.3055)  loss_class_2: 0.7179 (0.6995)  loss_bbox_2: 0.2409 (0.2351)  loss_giou_2: 0.3076 (0.3005)  loss_class_3: 0.7126 (0.6749)  loss_bbox_3: 0.2362 (0.2355)  loss_giou_3: 0.3077 (0.3001)  loss_class_4: 0.6887 (0.6635)  loss_bbox_4: 0.2359 (0.2360)  loss_giou_4: 0.3072 (0.2998)  loss_class_enc: 0.8645 (0.9004)  loss_bbox_enc: 0.3052 (0.2968)  loss_giou_enc: 0.3801 (0.3773)  loss_class_dn: 0.3935 (0.3793)  loss_bbox_dn: 0.3413 (0.3005)  loss_giou_dn: 0.3529 (0.3390)  loss_class_dn_0: 0.5181 (0.5212)  loss_bbox_dn_0: 0.4617 (0.4428)  loss_giou_dn_0: 0.4998 (0.4860)  loss_class_dn_1: 0.4432 (0.4265)  loss_bbox_dn_1: 0.3674 (0.3383)  loss_giou_dn_1: 0.3941 (0.3782)  loss_class_dn_2: 0.4071 (0.3905)  loss_bbox_dn_2: 0.3468 (0.3067)  loss_giou_dn_2: 0.3579 (0.3472)  loss_class_dn_3: 0.3939 (0.3795)  loss_bbox_dn_3: 0.3411 (0.3018)  loss_giou_dn_3: 0.3551 (0.3408)  loss_class_dn_4: 0.3900 (0.3781)  loss_bbox_dn_4: 0.3411 (0.3005)  loss_giou_dn_4: 0.3521 (0.3389)  loss_class_hybrid: 0.7677 (0.7250)  loss_bbox_hybrid: 0.2421 (0.2342)  loss_giou_hybrid: 0.2942 (0.2986)  loss_class_0_hybrid: 0.8417 (0.8620)  loss_bbox_0_hybrid: 0.2611 (0.2445)  loss_giou_0_hybrid: 0.3059 (0.3147)  loss_class_1_hybrid: 0.7853 (0.7782)  loss_bbox_1_hybrid: 0.2514 (0.2375)  loss_giou_1_hybrid: 0.3100 (0.3043)  loss_class_2_hybrid: 0.7767 (0.7516)  loss_bbox_2_hybrid: 0.2482 (0.2325)  loss_giou_2_hybrid: 0.2887 (0.2985)  loss_class_3_hybrid: 0.7814 (0.7320)  loss_bbox_3_hybrid: 0.2441 (0.2337)  loss_giou_3_hybrid: 0.2971 (0.2983)  loss_class_4_hybrid: 0.7609 (0.7245)  loss_bbox_4_hybrid: 0.2474 (0.2344)  loss_giou_4_hybrid: 0.2940 (0.2988)  loss_class_enc_hybrid: 0.7891 (0.8449)  loss_bbox_enc_hybrid: 0.3242 (0.3060)  loss_giou_enc_hybrid: 0.3999 (0.3869)  mem: 1026  max mem: 40949
[2026-07-03 20:46:46 accelerate.tracking]: [RANK 0] Successfully logged to TensorBoard
[2026-07-03 20:47:56 det.util.engine]: Epoch: [2]  [500/2405]  eta: 0:45:20  lr: 0.000100  data_time: 0.0056  iter_time: 1.4063  loss: 25.0249 (25.1647)  loss_class: 0.6182 (0.6547)  loss_bbox: 0.2355 (0.2380)  loss_giou: 0.3104 (0.3011)  loss_class_0: 0.8807 (0.9029)  loss_bbox_0: 0.2164 (0.2427)  loss_giou_0: 0.3025 (0.3135)  loss_class_1: 0.7378 (0.7419)  loss_bbox_1: 0.2175 (0.2392)  loss_giou_1: 0.2996 (0.3052)  loss_class_2: 0.7024 (0.6964)  loss_bbox_2: 0.2191 (0.2348)  loss_giou_2: 0.3143 (0.3002)  loss_class_3: 0.6678 (0.6710)  loss_bbox_3: 0.2195 (0.2352)  loss_giou_3: 0.3097 (0.2998)  loss_class_4: 0.6441 (0.6594)  loss_bbox_4: 0.2354 (0.2362)  loss_giou_4: 0.3104 (0.2997)  loss_class_enc: 0.9292 (0.8988)  loss_bbox_enc: 0.2739 (0.2975)  loss_giou_enc: 0.3692 (0.3769)  loss_class_dn: 0.3775 (0.3786)  loss_bbox_dn: 0.2622 (0.3006)  loss_giou_dn: 0.3482 (0.3384)  loss_class_dn_0: 0.5258 (0.5210)  loss_bbox_dn_0: 0.4111 (0.4440)  loss_giou_dn_0: 0.4862 (0.4863)  loss_class_dn_1: 0.4300 (0.4263)  loss_bbox_dn_1: 0.3029 (0.3386)  loss_giou_dn_1: 0.3671 (0.3777)  loss_class_dn_2: 0.3972 (0.3900)  loss_bbox_dn_2: 0.2705 (0.3068)  loss_giou_dn_2: 0.3526 (0.3467)  loss_class_dn_3: 0.3837 (0.3790)  loss_bbox_dn_3: 0.2665 (0.3020)  loss_giou_dn_3: 0.3470 (0.3401)  loss_class_dn_4: 0.3816 (0.3775)  loss_bbox_dn_4: 0.2618 (0.3006)  loss_giou_dn_4: 0.3486 (0.3383)  loss_class_hybrid: 0.6905 (0.7222)  loss_bbox_hybrid: 0.2240 (0.2342)  loss_giou_hybrid: 0.3025 (0.2985)  loss_class_0_hybrid: 0.8735 (0.8625)  loss_bbox_0_hybrid: 0.2167 (0.2439)  loss_giou_0_hybrid: 0.3260 (0.3140)  loss_class_1_hybrid: 0.8082 (0.7794)  loss_bbox_1_hybrid: 0.2191 (0.2369)  loss_giou_1_hybrid: 0.3163 (0.3038)  loss_class_2_hybrid: 0.7428 (0.7497)  loss_bbox_2_hybrid: 0.2214 (0.2323)  loss_giou_2_hybrid: 0.3046 (0.2981)  loss_class_3_hybrid: 0.7260 (0.7297)  loss_bbox_3_hybrid: 0.2148 (0.2332)  loss_giou_3_hybrid: 0.3090 (0.2979)  loss_class_4_hybrid: 0.7167 (0.7220)  loss_bbox_4_hybrid: 0.2154 (0.2340)  loss_giou_4_hybrid: 0.2983 (0.2984)  loss_class_enc_hybrid: 0.8550 (0.8447)  loss_bbox_enc_hybrid: 0.2679 (0.3055)  loss_giou_enc_hybrid: 0.3705 (0.3862)  mem: 1024  max mem: 40949
[2026-07-03 20:47:56 accelerate.tracking]: [RANK 0] Successfully logged to TensorBoard
[2026-07-03 20:49:07 det.util.engine]: Epoch: [2]  [550/2405]  eta: 0:44:09  lr: 0.000100  data_time: 0.0059  iter_time: 1.4129  loss: 25.8694 (25.0980)  loss_class: 0.6737 (0.6535)  loss_bbox: 0.2005 (0.2364)  loss_giou: 0.3125 (0.3005)  loss_class_0: 0.9295 (0.9009)  loss_bbox_0: 0.2006 (0.2417)  loss_giou_0: 0.3057 (0.3129)  loss_class_1: 0.7237 (0.7408)  loss_bbox_1: 0.2050 (0.2374)  loss_giou_1: 0.3237 (0.3043)  loss_class_2: 0.6596 (0.6948)  loss_bbox_2: 0.1967 (0.2331)  loss_giou_2: 0.2912 (0.2995)  loss_class_3: 0.6603 (0.6690)  loss_bbox_3: 0.1968 (0.2337)  loss_giou_3: 0.2931 (0.2994)  loss_class_4: 0.6935 (0.6581)  loss_bbox_4: 0.2007 (0.2345)  loss_giou_4: 0.2947 (0.2991)  loss_class_enc: 0.9144 (0.8990)  loss_bbox_enc: 0.2449 (0.2957)  loss_giou_enc: 0.3685 (0.3758)  loss_class_dn: 0.3764 (0.3783)  loss_bbox_dn: 0.2909 (0.2989)  loss_giou_dn: 0.3241 (0.3374)  loss_class_dn_0: 0.5230 (0.5205)  loss_bbox_dn_0: 0.4519 (0.4429)  loss_giou_dn_0: 0.4683 (0.4854)  loss_class_dn_1: 0.4351 (0.4260)  loss_bbox_dn_1: 0.3572 (0.3373)  loss_giou_dn_1: 0.3581 (0.3769)  loss_class_dn_2: 0.3971 (0.3898)  loss_bbox_dn_2: 0.3073 (0.3052)  loss_giou_dn_2: 0.3368 (0.3457)  loss_class_dn_3: 0.3826 (0.3788)  loss_bbox_dn_3: 0.2954 (0.3002)  loss_giou_dn_3: 0.3287 (0.3392)  loss_class_dn_4: 0.3770 (0.3772)  loss_bbox_dn_4: 0.2907 (0.2989)  loss_giou_dn_4: 0.3237 (0.3373)  loss_class_hybrid: 0.7174 (0.7214)  loss_bbox_hybrid: 0.1910 (0.2325)  loss_giou_hybrid: 0.2937 (0.2978)  loss_class_0_hybrid: 0.8551 (0.8596)  loss_bbox_0_hybrid: 0.2064 (0.2428)  loss_giou_0_hybrid: 0.3103 (0.3137)  loss_class_1_hybrid: 0.7720 (0.7774)  loss_bbox_1_hybrid: 0.1901 (0.2355)  loss_giou_1_hybrid: 0.3063 (0.3033)  loss_class_2_hybrid: 0.7220 (0.7475)  loss_bbox_2_hybrid: 0.1913 (0.2308)  loss_giou_2_hybrid: 0.3090 (0.2976)  loss_class_3_hybrid: 0.7237 (0.7284)  loss_bbox_3_hybrid: 0.1905 (0.2317)  loss_giou_3_hybrid: 0.3011 (0.2974)  loss_class_4_hybrid: 0.7206 (0.7211)  loss_bbox_4_hybrid: 0.1911 (0.2323)  loss_giou_4_hybrid: 0.2935 (0.2977)  loss_class_enc_hybrid: 0.8659 (0.8442)  loss_bbox_enc_hybrid: 0.2713 (0.3039)  loss_giou_enc_hybrid: 0.3901 (0.3851)  mem: 1032  max mem: 40949
[2026-07-03 20:49:07 accelerate.tracking]: [RANK 0] Successfully logged to TensorBoard
[2026-07-03 20:50:19 det.util.engine]: Epoch: [2]  [600/2405]  eta: 0:42:58  lr: 0.000100  data_time: 0.0059  iter_time: 1.4472  loss: 26.1855 (25.1096)  loss_class: 0.6449 (0.6528)  loss_bbox: 0.2287 (0.2371)  loss_giou: 0.2789 (0.3012)  loss_class_0: 0.9119 (0.9032)  loss_bbox_0: 0.2061 (0.2416)  loss_giou_0: 0.3155 (0.3128)  loss_class_1: 0.7473 (0.7417)  loss_bbox_1: 0.2297 (0.2379)  loss_giou_1: 0.2942 (0.3046)  loss_class_2: 0.7020 (0.6954)  loss_bbox_2: 0.2481 (0.2339)  loss_giou_2: 0.2809 (0.3000)  loss_class_3: 0.6681 (0.6689)  loss_bbox_3: 0.2218 (0.2345)  loss_giou_3: 0.2775 (0.2998)  loss_class_4: 0.6635 (0.6581)  loss_bbox_4: 0.2288 (0.2351)  loss_giou_4: 0.2789 (0.2996)  loss_class_enc: 0.8845 (0.8996)  loss_bbox_enc: 0.2417 (0.2951)  loss_giou_enc: 0.3504 (0.3757)  loss_class_dn: 0.3573 (0.3781)  loss_bbox_dn: 0.2716 (0.2987)  loss_giou_dn: 0.3383 (0.3374)  loss_class_dn_0: 0.5127 (0.5199)  loss_bbox_dn_0: 0.3610 (0.4415)  loss_giou_dn_0: 0.4759 (0.4845)  loss_class_dn_1: 0.4097 (0.4253)  loss_bbox_dn_1: 0.2999 (0.3368)  loss_giou_dn_1: 0.3745 (0.3766)  loss_class_dn_2: 0.3700 (0.3895)  loss_bbox_dn_2: 0.2742 (0.3049)  loss_giou_dn_2: 0.3364 (0.3456)  loss_class_dn_3: 0.3601 (0.3785)  loss_bbox_dn_3: 0.2721 (0.3000)  loss_giou_dn_3: 0.3389 (0.3390)  loss_class_dn_4: 0.3601 (0.3769)  loss_bbox_dn_4: 0.2715 (0.2987)  loss_giou_dn_4: 0.3384 (0.3373)  loss_class_hybrid: 0.7147 (0.7232)  loss_bbox_hybrid: 0.2265 (0.2323)  loss_giou_hybrid: 0.2912 (0.2977)  loss_class_0_hybrid: 0.8895 (0.8601)  loss_bbox_0_hybrid: 0.2370 (0.2433)  loss_giou_0_hybrid: 0.3053 (0.3141)  loss_class_1_hybrid: 0.8228 (0.7788)  loss_bbox_1_hybrid: 0.2329 (0.2359)  loss_giou_1_hybrid: 0.3048 (0.3036)  loss_class_2_hybrid: 0.7765 (0.7497)  loss_bbox_2_hybrid: 0.2289 (0.2311)  loss_giou_2_hybrid: 0.2943 (0.2980)  loss_class_3_hybrid: 0.7280 (0.7294)  loss_bbox_3_hybrid: 0.2276 (0.2317)  loss_giou_3_hybrid: 0.2914 (0.2975)  loss_class_4_hybrid: 0.7450 (0.7226)  loss_bbox_4_hybrid: 0.2273 (0.2323)  loss_giou_4_hybrid: 0.2891 (0.2978)  loss_class_enc_hybrid: 0.8719 (0.8438)  loss_bbox_enc_hybrid: 0.2859 (0.3038)  loss_giou_enc_hybrid: 0.3835 (0.3853)  mem: 1026  max mem: 40949
[2026-07-03 20:50:19 accelerate.tracking]: [RANK 0] Successfully logged to TensorBoard
[2026-07-03 20:51:29 det.util.engine]: Epoch: [2]  [650/2405]  eta: 0:41:44  lr: 0.000100  data_time: 0.0061  iter_time: 1.4302  loss: 24.9890 (25.1579)  loss_class: 0.6747 (0.6541)  loss_bbox: 0.2330 (0.2381)  loss_giou: 0.2746 (0.3008)  loss_class_0: 0.8992 (0.9065)  loss_bbox_0: 0.2404 (0.2421)  loss_giou_0: 0.3060 (0.3122)  loss_class_1: 0.7523 (0.7450)  loss_bbox_1: 0.2129 (0.2382)  loss_giou_1: 0.2791 (0.3039)  loss_class_2: 0.7042 (0.6988)  loss_bbox_2: 0.2045 (0.2341)  loss_giou_2: 0.2646 (0.2993)  loss_class_3: 0.6943 (0.6714)  loss_bbox_3: 0.2211 (0.2349)  loss_giou_3: 0.2536 (0.2992)  loss_class_4: 0.6780 (0.6602)  loss_bbox_4: 0.2329 (0.2354)  loss_giou_4: 0.2690 (0.2990)  loss_class_enc: 0.9310 (0.9016)  loss_bbox_enc: 0.2869 (0.2958)  loss_giou_enc: 0.3431 (0.3753)  loss_class_dn: 0.3725 (0.3784)  loss_bbox_dn: 0.3113 (0.3010)  loss_giou_dn: 0.3155 (0.3378)  loss_class_dn_0: 0.5138 (0.5203)  loss_bbox_dn_0: 0.4682 (0.4433)  loss_giou_dn_0: 0.4688 (0.4843)  loss_class_dn_1: 0.4229 (0.4255)  loss_bbox_dn_1: 0.3532 (0.3389)  loss_giou_dn_1: 0.3495 (0.3768)  loss_class_dn_2: 0.3911 (0.3901)  loss_bbox_dn_2: 0.3208 (0.3071)  loss_giou_dn_2: 0.3272 (0.3460)  loss_class_dn_3: 0.3742 (0.3791)  loss_bbox_dn_3: 0.3143 (0.3022)  loss_giou_dn_3: 0.3174 (0.3395)  loss_class_dn_4: 0.3690 (0.3772)  loss_bbox_dn_4: 0.3112 (0.3009)  loss_giou_dn_4: 0.3154 (0.3377)  loss_class_hybrid: 0.7365 (0.7255)  loss_bbox_hybrid: 0.2126 (0.2326)  loss_giou_hybrid: 0.2618 (0.2970)  loss_class_0_hybrid: 0.9060 (0.8625)  loss_bbox_0_hybrid: 0.2355 (0.2435)  loss_giou_0_hybrid: 0.2835 (0.3134)  loss_class_1_hybrid: 0.7973 (0.7803)  loss_bbox_1_hybrid: 0.2137 (0.2361)  loss_giou_1_hybrid: 0.2617 (0.3029)  loss_class_2_hybrid: 0.7780 (0.7521)  loss_bbox_2_hybrid: 0.2109 (0.2314)  loss_giou_2_hybrid: 0.2619 (0.2973)  loss_class_3_hybrid: 0.7661 (0.7328)  loss_bbox_3_hybrid: 0.2142 (0.2318)  loss_giou_3_hybrid: 0.2529 (0.2967)  loss_class_4_hybrid: 0.7650 (0.7249)  loss_bbox_4_hybrid: 0.2217 (0.2326)  loss_giou_4_hybrid: 0.2647 (0.2971)  loss_class_enc_hybrid: 0.8412 (0.8457)  loss_bbox_enc_hybrid: 0.3106 (0.3047)  loss_giou_enc_hybrid: 0.3464 (0.3848)  mem: 1038  max mem: 40949
[2026-07-03 20:51:29 accelerate.tracking]: [RANK 0] Successfully logged to TensorBoard
[2026-07-03 20:52:44 det.util.engine]: Epoch: [2]  [700/2405]  eta: 0:40:41  lr: 0.000100  data_time: 0.0057  iter_time: 1.5097  loss: 25.5117 (25.1736)  loss_class: 0.7013 (0.6537)  loss_bbox: 0.2128 (0.2380)  loss_giou: 0.2977 (0.3012)  loss_class_0: 0.9312 (0.9066)  loss_bbox_0: 0.2385 (0.2425)  loss_giou_0: 0.3212 (0.3125)  loss_class_1: 0.7591 (0.7453)  loss_bbox_1: 0.2248 (0.2387)  loss_giou_1: 0.3075 (0.3045)  loss_class_2: 0.7117 (0.6989)  loss_bbox_2: 0.2393 (0.2347)  loss_giou_2: 0.3193 (0.3000)  loss_class_3: 0.6706 (0.6711)  loss_bbox_3: 0.2110 (0.2350)  loss_giou_3: 0.3023 (0.2995)  loss_class_4: 0.6937 (0.6605)  loss_bbox_4: 0.2125 (0.2354)  loss_giou_4: 0.2981 (0.2993)  loss_class_enc: 0.9361 (0.9020)  loss_bbox_enc: 0.2868 (0.2964)  loss_giou_enc: 0.3941 (0.3759)  loss_class_dn: 0.3730 (0.3784)  loss_bbox_dn: 0.3092 (0.3014)  loss_giou_dn: 0.3654 (0.3386)  loss_class_dn_0: 0.5058 (0.5199)  loss_bbox_dn_0: 0.4605 (0.4443)  loss_giou_dn_0: 0.5051 (0.4852)  loss_class_dn_1: 0.4173 (0.4254)  loss_bbox_dn_1: 0.3469 (0.3398)  loss_giou_dn_1: 0.3895 (0.3777)  loss_class_dn_2: 0.3818 (0.3903)  loss_bbox_dn_2: 0.3207 (0.3077)  loss_giou_dn_2: 0.3688 (0.3468)  loss_class_dn_3: 0.3786 (0.3792)  loss_bbox_dn_3: 0.3125 (0.3026)  loss_giou_dn_3: 0.3649 (0.3402)  loss_class_dn_4: 0.3751 (0.3772)  loss_bbox_dn_4: 0.3095 (0.3014)  loss_giou_dn_4: 0.3651 (0.3385)  loss_class_hybrid: 0.6855 (0.7237)  loss_bbox_hybrid: 0.2238 (0.2328)  loss_giou_hybrid: 0.3216 (0.2974)  loss_class_0_hybrid: 0.8705 (0.8619)  loss_bbox_0_hybrid: 0.2465 (0.2440)  loss_giou_0_hybrid: 0.3332 (0.3141)  loss_class_1_hybrid: 0.7912 (0.7801)  loss_bbox_1_hybrid: 0.2290 (0.2367)  loss_giou_1_hybrid: 0.3123 (0.3036)  loss_class_2_hybrid: 0.7150 (0.7518)  loss_bbox_2_hybrid: 0.2354 (0.2317)  loss_giou_2_hybrid: 0.3234 (0.2977)  loss_class_3_hybrid: 0.6697 (0.7321)  loss_bbox_3_hybrid: 0.2289 (0.2320)  loss_giou_3_hybrid: 0.3193 (0.2970)  loss_class_4_hybrid: 0.6639 (0.7238)  loss_bbox_4_hybrid: 0.2291 (0.2327)  loss_giou_4_hybrid: 0.3234 (0.2974)  loss_class_enc_hybrid: 0.8384 (0.8454)  loss_bbox_enc_hybrid: 0.3026 (0.3055)  loss_giou_enc_hybrid: 0.4002 (0.3859)  mem: 1015  max mem: 40949
[2026-07-03 20:52:44 accelerate.tracking]: [RANK 0] Successfully logged to TensorBoard
[2026-07-03 20:53:54 det.util.engine]: Epoch: [2]  [750/2405]  eta: 0:39:26  lr: 0.000100  data_time: 0.0058  iter_time: 1.4358  loss: 24.4572 (25.1408)  loss_class: 0.6080 (0.6526)  loss_bbox: 0.2211 (0.2381)  loss_giou: 0.3057 (0.3005)  loss_class_0: 0.8772 (0.9056)  loss_bbox_0: 0.2448 (0.2422)  loss_giou_0: 0.3090 (0.3119)  loss_class_1: 0.6948 (0.7443)  loss_bbox_1: 0.2484 (0.2385)  loss_giou_1: 0.3037 (0.3039)  loss_class_2: 0.6720 (0.6972)  loss_bbox_2: 0.2391 (0.2348)  loss_giou_2: 0.2767 (0.2994)  loss_class_3: 0.6032 (0.6689)  loss_bbox_3: 0.2263 (0.2351)  loss_giou_3: 0.2879 (0.2990)  loss_class_4: 0.5900 (0.6592)  loss_bbox_4: 0.2205 (0.2353)  loss_giou_4: 0.2892 (0.2986)  loss_class_enc: 0.8762 (0.9031)  loss_bbox_enc: 0.2589 (0.2958)  loss_giou_enc: 0.3421 (0.3750)  loss_class_dn: 0.3601 (0.3785)  loss_bbox_dn: 0.2744 (0.3007)  loss_giou_dn: 0.3047 (0.3376)  loss_class_dn_0: 0.5203 (0.5203)  loss_bbox_dn_0: 0.3918 (0.4436)  loss_giou_dn_0: 0.4575 (0.4841)  loss_class_dn_1: 0.4149 (0.4253)  loss_bbox_dn_1: 0.2904 (0.3389)  loss_giou_dn_1: 0.3392 (0.3766)  loss_class_dn_2: 0.3778 (0.3903)  loss_bbox_dn_2: 0.2727 (0.3070)  loss_giou_dn_2: 0.3102 (0.3458)  loss_class_dn_3: 0.3644 (0.3792)  loss_bbox_dn_3: 0.2760 (0.3019)  loss_giou_dn_3: 0.3048 (0.3393)  loss_class_dn_4: 0.3593 (0.3773)  loss_bbox_dn_4: 0.2746 (0.3007)  loss_giou_dn_4: 0.3045 (0.3375)  loss_class_hybrid: 0.7112 (0.7232)  loss_bbox_hybrid: 0.2376 (0.2324)  loss_giou_hybrid: 0.2797 (0.2966)  loss_class_0_hybrid: 0.8676 (0.8622)  loss_bbox_0_hybrid: 0.2349 (0.2435)  loss_giou_0_hybrid: 0.2999 (0.3131)  loss_class_1_hybrid: 0.7974 (0.7797)  loss_bbox_1_hybrid: 0.2372 (0.2362)  loss_giou_1_hybrid: 0.2769 (0.3027)  loss_class_2_hybrid: 0.7586 (0.7515)  loss_bbox_2_hybrid: 0.2421 (0.2313)  loss_giou_2_hybrid: 0.2699 (0.2967)  loss_class_3_hybrid: 0.6982 (0.7313)  loss_bbox_3_hybrid: 0.2386 (0.2316)  loss_giou_3_hybrid: 0.2831 (0.2962)  loss_class_4_hybrid: 0.7078 (0.7233)  loss_bbox_4_hybrid: 0.2365 (0.2321)  loss_giou_4_hybrid: 0.2795 (0.2965)  loss_class_enc_hybrid: 0.8496 (0.8468)  loss_bbox_enc_hybrid: 0.2911 (0.3053)  loss_giou_enc_hybrid: 0.3678 (0.3852)  mem: 1026  max mem: 40949
[2026-07-03 20:53:54 accelerate.tracking]: [RANK 0] Successfully logged to TensorBoard
[2026-07-03 20:55:06 det.util.engine]: Epoch: [2]  [800/2405]  eta: 0:38:15  lr: 0.000100  data_time: 0.0062  iter_time: 1.4495  loss: 24.3418 (25.0931)  loss_class: 0.6376 (0.6508)  loss_bbox: 0.2171 (0.2376)  loss_giou: 0.2930 (0.3001)  loss_class_0: 0.8730 (0.9029)  loss_bbox_0: 0.2092 (0.2415)  loss_giou_0: 0.3109 (0.3119)  loss_class_1: 0.6975 (0.7412)  loss_bbox_1: 0.2193 (0.2382)  loss_giou_1: 0.3006 (0.3039)  loss_class_2: 0.6660 (0.6950)  loss_bbox_2: 0.2180 (0.2343)  loss_giou_2: 0.3090 (0.2991)  loss_class_3: 0.6304 (0.6664)  loss_bbox_3: 0.2174 (0.2350)  loss_giou_3: 0.2936 (0.2988)  loss_class_4: 0.6221 (0.6569)  loss_bbox_4: 0.2170 (0.2350)  loss_giou_4: 0.2928 (0.2983)  loss_class_enc: 0.8340 (0.9004)  loss_bbox_enc: 0.2753 (0.2953)  loss_giou_enc: 0.3834 (0.3753)  loss_class_dn: 0.3711 (0.3784)  loss_bbox_dn: 0.2730 (0.2998)  loss_giou_dn: 0.3374 (0.3373)  loss_class_dn_0: 0.5220 (0.5205)  loss_bbox_dn_0: 0.3900 (0.4420)  loss_giou_dn_0: 0.4868 (0.4838)  loss_class_dn_1: 0.4107 (0.4251)  loss_bbox_dn_1: 0.3095 (0.3376)  loss_giou_dn_1: 0.3733 (0.3762)  loss_class_dn_2: 0.3815 (0.3903)  loss_bbox_dn_2: 0.2813 (0.3060)  loss_giou_dn_2: 0.3380 (0.3454)  loss_class_dn_3: 0.3721 (0.3791)  loss_bbox_dn_3: 0.2758 (0.3010)  loss_giou_dn_3: 0.3401 (0.3389)  loss_class_dn_4: 0.3716 (0.3771)  loss_bbox_dn_4: 0.2733 (0.2998)  loss_giou_dn_4: 0.3377 (0.3372)  loss_class_hybrid: 0.7052 (0.7210)  loss_bbox_hybrid: 0.1950 (0.2322)  loss_giou_hybrid: 0.2910 (0.2965)  loss_class_0_hybrid: 0.8482 (0.8600)  loss_bbox_0_hybrid: 0.2309 (0.2431)  loss_giou_0_hybrid: 0.3088 (0.3130)  loss_class_1_hybrid: 0.7495 (0.7767)  loss_bbox_1_hybrid: 0.2037 (0.2362)  loss_giou_1_hybrid: 0.2973 (0.3028)  loss_class_2_hybrid: 0.7181 (0.7490)  loss_bbox_2_hybrid: 0.2152 (0.2313)  loss_giou_2_hybrid: 0.2993 (0.2968)  loss_class_3_hybrid: 0.7218 (0.7290)  loss_bbox_3_hybrid: 0.1975 (0.2315)  loss_giou_3_hybrid: 0.2845 (0.2962)  loss_class_4_hybrid: 0.7071 (0.7213)  loss_bbox_4_hybrid: 0.2000 (0.2319)  loss_giou_4_hybrid: 0.2869 (0.2964)  loss_class_enc_hybrid: 0.8375 (0.8451)  loss_bbox_enc_hybrid: 0.2749 (0.3047)  loss_giou_enc_hybrid: 0.3774 (0.3852)  mem: 1037  max mem: 40949
[2026-07-03 20:55:06 accelerate.tracking]: [RANK 0] Successfully logged to TensorBoard
[2026-07-03 20:56:18 det.util.engine]: Epoch: [2]  [850/2405]  eta: 0:37:04  lr: 0.000100  data_time: 0.0058  iter_time: 1.4100  loss: 25.8459 (25.0997)  loss_class: 0.6581 (0.6514)  loss_bbox: 0.2308 (0.2378)  loss_giou: 0.3081 (0.2999)  loss_class_0: 0.8408 (0.9034)  loss_bbox_0: 0.2290 (0.2416)  loss_giou_0: 0.3170 (0.3117)  loss_class_1: 0.7262 (0.7419)  loss_bbox_1: 0.2239 (0.2381)  loss_giou_1: 0.2879 (0.3033)  loss_class_2: 0.7222 (0.6968)  loss_bbox_2: 0.2301 (0.2341)  loss_giou_2: 0.2881 (0.2987)  loss_class_3: 0.6700 (0.6667)  loss_bbox_3: 0.2362 (0.2355)  loss_giou_3: 0.3082 (0.2987)  loss_class_4: 0.6479 (0.6574)  loss_bbox_4: 0.2310 (0.2353)  loss_giou_4: 0.3078 (0.2982)  loss_class_enc: 0.8958 (0.9012)  loss_bbox_enc: 0.2812 (0.2952)  loss_giou_enc: 0.3647 (0.3752)  loss_class_dn: 0.3615 (0.3781)  loss_bbox_dn: 0.2974 (0.3000)  loss_giou_dn: 0.3469 (0.3372)  loss_class_dn_0: 0.5057 (0.5204)  loss_bbox_dn_0: 0.4627 (0.4423)  loss_giou_dn_0: 0.4996 (0.4839)  loss_class_dn_1: 0.4099 (0.4249)  loss_bbox_dn_1: 0.3184 (0.3379)  loss_giou_dn_1: 0.3866 (0.3762)  loss_class_dn_2: 0.3676 (0.3900)  loss_bbox_dn_2: 0.3027 (0.3062)  loss_giou_dn_2: 0.3454 (0.3455)  loss_class_dn_3: 0.3551 (0.3788)  loss_bbox_dn_3: 0.2968 (0.3012)  loss_giou_dn_3: 0.3482 (0.3389)  loss_class_dn_4: 0.3547 (0.3768)  loss_bbox_dn_4: 0.2974 (0.3000)  loss_giou_dn_4: 0.3471 (0.3371)  loss_class_hybrid: 0.7392 (0.7216)  loss_bbox_hybrid: 0.2312 (0.2321)  loss_giou_hybrid: 0.2866 (0.2962)  loss_class_0_hybrid: 0.8250 (0.8606)  loss_bbox_0_hybrid: 0.2376 (0.2431)  loss_giou_0_hybrid: 0.3274 (0.3129)  loss_class_1_hybrid: 0.7628 (0.7768)  loss_bbox_1_hybrid: 0.2270 (0.2362)  loss_giou_1_hybrid: 0.3148 (0.3025)  loss_class_2_hybrid: 0.7676 (0.7498)  loss_bbox_2_hybrid: 0.2106 (0.2311)  loss_giou_2_hybrid: 0.2968 (0.2965)  loss_class_3_hybrid: 0.7108 (0.7297)  loss_bbox_3_hybrid: 0.2302 (0.2314)  loss_giou_3_hybrid: 0.2998 (0.2959)  loss_class_4_hybrid: 0.7360 (0.7221)  loss_bbox_4_hybrid: 0.2288 (0.2318)  loss_giou_4_hybrid: 0.3007 (0.2961)  loss_class_enc_hybrid: 0.8931 (0.8463)  loss_bbox_enc_hybrid: 0.3052 (0.3046)  loss_giou_enc_hybrid: 0.3815 (0.3850)  mem: 1024  max mem: 40949
[2026-07-03 20:56:18 accelerate.tracking]: [RANK 0] Successfully logged to TensorBoard
[2026-07-03 20:57:30 det.util.engine]: Epoch: [2]  [900/2405]  eta: 0:35:54  lr: 0.000100  data_time: 0.0061  iter_time: 1.4421  loss: 25.0557 (25.1006)  loss_class: 0.6615 (0.6518)  loss_bbox: 0.2492 (0.2373)  loss_giou: 0.3272 (0.2999)  loss_class_0: 0.8803 (0.9042)  loss_bbox_0: 0.2498 (0.2412)  loss_giou_0: 0.3226 (0.3119)  loss_class_1: 0.7385 (0.7426)  loss_bbox_1: 0.2495 (0.2379)  loss_giou_1: 0.3313 (0.3036)  loss_class_2: 0.7083 (0.6971)  loss_bbox_2: 0.2470 (0.2338)  loss_giou_2: 0.3249 (0.2989)  loss_class_3: 0.6799 (0.6667)  loss_bbox_3: 0.2512 (0.2352)  loss_giou_3: 0.3256 (0.2990)  loss_class_4: 0.6447 (0.6571)  loss_bbox_4: 0.2510 (0.2350)  loss_giou_4: 0.3268 (0.2984)  loss_class_enc: 0.8841 (0.9017)  loss_bbox_enc: 0.3041 (0.2948)  loss_giou_enc: 0.3585 (0.3753)  loss_class_dn: 0.3703 (0.3774)  loss_bbox_dn: 0.2997 (0.3002)  loss_giou_dn: 0.3416 (0.3374)  loss_class_dn_0: 0.5098 (0.5199)  loss_bbox_dn_0: 0.4020 (0.4425)  loss_giou_dn_0: 0.4771 (0.4839)  loss_class_dn_1: 0.4210 (0.4243)  loss_bbox_dn_1: 0.3466 (0.3381)  loss_giou_dn_1: 0.3858 (0.3762)  loss_class_dn_2: 0.3889 (0.3894)  loss_bbox_dn_2: 0.3148 (0.3065)  loss_giou_dn_2: 0.3573 (0.3456)  loss_class_dn_3: 0.3648 (0.3782)  loss_bbox_dn_3: 0.2993 (0.3015)  loss_giou_dn_3: 0.3419 (0.3390)  loss_class_dn_4: 0.3616 (0.3761)  loss_bbox_dn_4: 0.3000 (0.3002)  loss_giou_dn_4: 0.3420 (0.3373)  loss_class_hybrid: 0.7100 (0.7213)  loss_bbox_hybrid: 0.2539 (0.2322)  loss_giou_hybrid: 0.3138 (0.2965)  loss_class_0_hybrid: 0.8507 (0.8606)  loss_bbox_0_hybrid: 0.2580 (0.2430)  loss_giou_0_hybrid: 0.3292 (0.3132)  loss_class_1_hybrid: 0.7590 (0.7766)  loss_bbox_1_hybrid: 0.2711 (0.2364)  loss_giou_1_hybrid: 0.3324 (0.3029)  loss_class_2_hybrid: 0.7587 (0.7497)  loss_bbox_2_hybrid: 0.2491 (0.2314)  loss_giou_2_hybrid: 0.3133 (0.2969)  loss_class_3_hybrid: 0.7221 (0.7296)  loss_bbox_3_hybrid: 0.2430 (0.2315)  loss_giou_3_hybrid: 0.3048 (0.2963)  loss_class_4_hybrid: 0.7103 (0.7216)  loss_bbox_4_hybrid: 0.2540 (0.2319)  loss_giou_4_hybrid: 0.3140 (0.2964)  loss_class_enc_hybrid: 0.8217 (0.8455)  loss_bbox_enc_hybrid: 0.3053 (0.3048)  loss_giou_enc_hybrid: 0.4117 (0.3853)  mem: 1018  max mem: 40949
[2026-07-03 20:57:30 accelerate.tracking]: [RANK 0] Successfully logged to TensorBoard
[2026-07-03 20:58:39 det.util.engine]: Epoch: [2]  [950/2405]  eta: 0:34:38  lr: 0.000100  data_time: 0.0059  iter_time: 1.3783  loss: 24.0388 (25.0530)  loss_class: 0.5992 (0.6507)  loss_bbox: 0.2437 (0.2367)  loss_giou: 0.3291 (0.2995)  loss_class_0: 0.7634 (0.9019)  loss_bbox_0: 0.2253 (0.2408)  loss_giou_0: 0.3445 (0.3116)  loss_class_1: 0.6561 (0.7407)  loss_bbox_1: 0.2411 (0.2373)  loss_giou_1: 0.3416 (0.3032)  loss_class_2: 0.6476 (0.6961)  loss_bbox_2: 0.2427 (0.2334)  loss_giou_2: 0.3216 (0.2985)  loss_class_3: 0.5735 (0.6650)  loss_bbox_3: 0.2424 (0.2347)  loss_giou_3: 0.3269 (0.2987)  loss_class_4: 0.5974 (0.6563)  loss_bbox_4: 0.2433 (0.2345)  loss_giou_4: 0.3284 (0.2979)  loss_class_enc: 0.8186 (0.9003)  loss_bbox_enc: 0.2655 (0.2946)  loss_giou_enc: 0.3765 (0.3749)  loss_class_dn: 0.3700 (0.3766)  loss_bbox_dn: 0.2732 (0.2992)  loss_giou_dn: 0.3454 (0.3366)  loss_class_dn_0: 0.5178 (0.5194)  loss_bbox_dn_0: 0.4643 (0.4420)  loss_giou_dn_0: 0.4874 (0.4832)  loss_class_dn_1: 0.4253 (0.4236)  loss_bbox_dn_1: 0.3145 (0.3371)  loss_giou_dn_1: 0.3754 (0.3753)  loss_class_dn_2: 0.3811 (0.3889)  loss_bbox_dn_2: 0.2760 (0.3055)  loss_giou_dn_2: 0.3499 (0.3448)  loss_class_dn_3: 0.3701 (0.3775)  loss_bbox_dn_3: 0.2730 (0.3005)  loss_giou_dn_3: 0.3460 (0.3383)  loss_class_dn_4: 0.3695 (0.3755)  loss_bbox_dn_4: 0.2733 (0.2992)  loss_giou_dn_4: 0.3447 (0.3365)  loss_class_hybrid: 0.6457 (0.7196)  loss_bbox_hybrid: 0.2366 (0.2319)  loss_giou_hybrid: 0.3192 (0.2964)  loss_class_0_hybrid: 0.8260 (0.8585)  loss_bbox_0_hybrid: 0.2394 (0.2426)  loss_giou_0_hybrid: 0.3372 (0.3130)  loss_class_1_hybrid: 0.6946 (0.7743)  loss_bbox_1_hybrid: 0.2355 (0.2359)  loss_giou_1_hybrid: 0.3289 (0.3027)  loss_class_2_hybrid: 0.7411 (0.7481)  loss_bbox_2_hybrid: 0.2327 (0.2310)  loss_giou_2_hybrid: 0.3185 (0.2966)  loss_class_3_hybrid: 0.6457 (0.7276)  loss_bbox_3_hybrid: 0.2376 (0.2311)  loss_giou_3_hybrid: 0.3188 (0.2961)  loss_class_4_hybrid: 0.6738 (0.7201)  loss_bbox_4_hybrid: 0.2399 (0.2316)  loss_giou_4_hybrid: 0.3189 (0.2963)  loss_class_enc_hybrid: 0.7682 (0.8436)  loss_bbox_enc_hybrid: 0.3049 (0.3044)  loss_giou_enc_hybrid: 0.3941 (0.3849)  mem: 1004  max mem: 40949
[2026-07-03 20:58:39 accelerate.tracking]: [RANK 0] Successfully logged to TensorBoard
[2026-07-03 20:59:49 det.util.engine]: Epoch: [2]  [1000/2405]  eta: 0:33:25  lr: 0.000100  data_time: 0.0064  iter_time: 1.4133  loss: 22.0314 (25.0146)  loss_class: 0.5335 (0.6497)  loss_bbox: 0.1713 (0.2362)  loss_giou: 0.2564 (0.2995)  loss_class_0: 0.7564 (0.8998)  loss_bbox_0: 0.2082 (0.2403)  loss_giou_0: 0.2736 (0.3115)  loss_class_1: 0.6333 (0.7394)  loss_bbox_1: 0.1854 (0.2370)  loss_giou_1: 0.2624 (0.3033)  loss_class_2: 0.6030 (0.6952)  loss_bbox_2: 0.1832 (0.2329)  loss_giou_2: 0.2585 (0.2985)  loss_class_3: 0.5261 (0.6635)  loss_bbox_3: 0.1790 (0.2343)  loss_giou_3: 0.2571 (0.2989)  loss_class_4: 0.5493 (0.6544)  loss_bbox_4: 0.1782 (0.2340)  loss_giou_4: 0.2558 (0.2981)  loss_class_enc: 0.8140 (0.8985)  loss_bbox_enc: 0.2702 (0.2944)  loss_giou_enc: 0.3742 (0.3750)  loss_class_dn: 0.3420 (0.3761)  loss_bbox_dn: 0.2054 (0.2978)  loss_giou_dn: 0.2829 (0.3363)  loss_class_dn_0: 0.5086 (0.5193)  loss_bbox_dn_0: 0.3873 (0.4407)  loss_giou_dn_0: 0.4246 (0.4829)  loss_class_dn_1: 0.3979 (0.4231)  loss_bbox_dn_1: 0.2533 (0.3357)  loss_giou_dn_1: 0.3422 (0.3749)  loss_class_dn_2: 0.3582 (0.3883)  loss_bbox_dn_2: 0.2052 (0.3041)  loss_giou_dn_2: 0.2935 (0.3443)  loss_class_dn_3: 0.3424 (0.3769)  loss_bbox_dn_3: 0.2066 (0.2990)  loss_giou_dn_3: 0.2875 (0.3379)  loss_class_dn_4: 0.3459 (0.3749)  loss_bbox_dn_4: 0.2054 (0.2978)  loss_giou_dn_4: 0.2831 (0.3361)  loss_class_hybrid: 0.6291 (0.7182)  loss_bbox_hybrid: 0.1776 (0.2315)  loss_giou_hybrid: 0.2600 (0.2967)  loss_class_0_hybrid: 0.7403 (0.8568)  loss_bbox_0_hybrid: 0.1983 (0.2424)  loss_giou_0_hybrid: 0.2783 (0.3133)  loss_class_1_hybrid: 0.6800 (0.7729)  loss_bbox_1_hybrid: 0.1872 (0.2356)  loss_giou_1_hybrid: 0.2644 (0.3030)  loss_class_2_hybrid: 0.6528 (0.7458)  loss_bbox_2_hybrid: 0.1892 (0.2306)  loss_giou_2_hybrid: 0.2520 (0.2969)  loss_class_3_hybrid: 0.6298 (0.7259)  loss_bbox_3_hybrid: 0.1832 (0.2308)  loss_giou_3_hybrid: 0.2523 (0.2964)  loss_class_4_hybrid: 0.6199 (0.7182)  loss_bbox_4_hybrid: 0.1799 (0.2312)  loss_giou_4_hybrid: 0.2504 (0.2965)  loss_class_enc_hybrid: 0.7534 (0.8416)  loss_bbox_enc_hybrid: 0.2836 (0.3044)  loss_giou_enc_hybrid: 0.3736 (0.3853)  mem: 1032  max mem: 40949
[2026-07-03 20:59:49 accelerate.tracking]: [RANK 0] Successfully logged to TensorBoard
[2026-07-03 21:01:02 det.util.engine]: Epoch: [2]  [1050/2405]  eta: 0:32:16  lr: 0.000100  data_time: 0.0065  iter_time: 1.4122  loss: 23.6089 (24.9759)  loss_class: 0.5423 (0.6472)  loss_bbox: 0.2141 (0.2368)  loss_giou: 0.2831 (0.2996)  loss_class_0: 0.7838 (0.8978)  loss_bbox_0: 0.2108 (0.2405)  loss_giou_0: 0.3085 (0.3116)  loss_class_1: 0.6441 (0.7374)  loss_bbox_1: 0.1977 (0.2374)  loss_giou_1: 0.2875 (0.3034)  loss_class_2: 0.5600 (0.6925)  loss_bbox_2: 0.2127 (0.2334)  loss_giou_2: 0.2839 (0.2987)  loss_class_3: 0.5500 (0.6611)  loss_bbox_3: 0.2138 (0.2348)  loss_giou_3: 0.2822 (0.2990)  loss_class_4: 0.5288 (0.6514)  loss_bbox_4: 0.2140 (0.2348)  loss_giou_4: 0.2830 (0.2983)  loss_class_enc: 0.7828 (0.8947)  loss_bbox_enc: 0.2765 (0.2953)  loss_giou_enc: 0.3636 (0.3755)  loss_class_dn: 0.3526 (0.3752)  loss_bbox_dn: 0.2477 (0.2973)  loss_giou_dn: 0.3056 (0.3358)  loss_class_dn_0: 0.4917 (0.5185)  loss_bbox_dn_0: 0.3953 (0.4404)  loss_giou_dn_0: 0.4662 (0.4825)  loss_class_dn_1: 0.4067 (0.4221)  loss_bbox_dn_1: 0.2839 (0.3354)  loss_giou_dn_1: 0.3582 (0.3747)  loss_class_dn_2: 0.3685 (0.3874)  loss_bbox_dn_2: 0.2562 (0.3036)  loss_giou_dn_2: 0.3200 (0.3439)  loss_class_dn_3: 0.3560 (0.3761)  loss_bbox_dn_3: 0.2514 (0.2986)  loss_giou_dn_3: 0.3090 (0.3375)  loss_class_dn_4: 0.3511 (0.3740)  loss_bbox_dn_4: 0.2478 (0.2973)  loss_giou_dn_4: 0.3056 (0.3357)  loss_class_hybrid: 0.6050 (0.7155)  loss_bbox_hybrid: 0.2311 (0.2316)  loss_giou_hybrid: 0.3059 (0.2967)  loss_class_0_hybrid: 0.6855 (0.8543)  loss_bbox_0_hybrid: 0.2222 (0.2425)  loss_giou_0_hybrid: 0.3059 (0.3133)  loss_class_1_hybrid: 0.6601 (0.7710)  loss_bbox_1_hybrid: 0.2394 (0.2357)  loss_giou_1_hybrid: 0.3018 (0.3029)  loss_class_2_hybrid: 0.6231 (0.7432)  loss_bbox_2_hybrid: 0.2325 (0.2307)  loss_giou_2_hybrid: 0.3049 (0.2969)  loss_class_3_hybrid: 0.6122 (0.7233)  loss_bbox_3_hybrid: 0.2351 (0.2311)  loss_giou_3_hybrid: 0.3051 (0.2965)  loss_class_4_hybrid: 0.6133 (0.7154)  loss_bbox_4_hybrid: 0.2355 (0.2314)  loss_giou_4_hybrid: 0.3064 (0.2966)  loss_class_enc_hybrid: 0.7420 (0.8392)  loss_bbox_enc_hybrid: 0.2848 (0.3049)  loss_giou_enc_hybrid: 0.3738 (0.3855)  mem: 1021  max mem: 40949
[2026-07-03 21:01:02 accelerate.tracking]: [RANK 0] Successfully logged to TensorBoard
[2026-07-03 21:02:16 det.util.engine]: Epoch: [2]  [1100/2405]  eta: 0:31:07  lr: 0.000100  data_time: 0.0064  iter_time: 1.5258  loss: 25.3496 (24.9344)  loss_class: 0.6552 (0.6454)  loss_bbox: 0.2300 (0.2366)  loss_giou: 0.3039 (0.2996)  loss_class_0: 0.8455 (0.8952)  loss_bbox_0: 0.2283 (0.2401)  loss_giou_0: 0.3141 (0.3115)  loss_class_1: 0.7349 (0.7348)  loss_bbox_1: 0.2312 (0.2371)  loss_giou_1: 0.3209 (0.3036)  loss_class_2: 0.6565 (0.6902)  loss_bbox_2: 0.2289 (0.2332)  loss_giou_2: 0.3055 (0.2986)  loss_class_3: 0.6574 (0.6593)  loss_bbox_3: 0.2352 (0.2344)  loss_giou_3: 0.3036 (0.2990)  loss_class_4: 0.6594 (0.6497)  loss_bbox_4: 0.2303 (0.2346)  loss_giou_4: 0.3037 (0.2983)  loss_class_enc: 0.9053 (0.8922)  loss_bbox_enc: 0.2756 (0.2943)  loss_giou_enc: 0.3820 (0.3750)  loss_class_dn: 0.3686 (0.3749)  loss_bbox_dn: 0.2991 (0.2966)  loss_giou_dn: 0.3524 (0.3355)  loss_class_dn_0: 0.5076 (0.5181)  loss_bbox_dn_0: 0.4328 (0.4393)  loss_giou_dn_0: 0.5006 (0.4820)  loss_class_dn_1: 0.4063 (0.4215)  loss_bbox_dn_1: 0.3384 (0.3346)  loss_giou_dn_1: 0.3999 (0.3745)  loss_class_dn_2: 0.3805 (0.3871)  loss_bbox_dn_2: 0.3028 (0.3029)  loss_giou_dn_2: 0.3598 (0.3436)  loss_class_dn_3: 0.3746 (0.3758)  loss_bbox_dn_3: 0.3008 (0.2979)  loss_giou_dn_3: 0.3545 (0.3372)  loss_class_dn_4: 0.3729 (0.3737)  loss_bbox_dn_4: 0.2991 (0.2966)  loss_giou_dn_4: 0.3522 (0.3354)  loss_class_hybrid: 0.7395 (0.7142)  loss_bbox_hybrid: 0.2497 (0.2314)  loss_giou_hybrid: 0.3268 (0.2966)  loss_class_0_hybrid: 0.8278 (0.8532)  loss_bbox_0_hybrid: 0.2272 (0.2419)  loss_giou_0_hybrid: 0.3148 (0.3129)  loss_class_1_hybrid: 0.7796 (0.7694)  loss_bbox_1_hybrid: 0.2502 (0.2355)  loss_giou_1_hybrid: 0.3273 (0.3029)  loss_class_2_hybrid: 0.7603 (0.7415)  loss_bbox_2_hybrid: 0.2429 (0.2306)  loss_giou_2_hybrid: 0.3176 (0.2969)  loss_class_3_hybrid: 0.7551 (0.7218)  loss_bbox_3_hybrid: 0.2445 (0.2309)  loss_giou_3_hybrid: 0.3165 (0.2964)  loss_class_4_hybrid: 0.7366 (0.7141)  loss_bbox_4_hybrid: 0.2449 (0.2312)  loss_giou_4_hybrid: 0.3137 (0.2965)  loss_class_enc_hybrid: 0.8107 (0.8372)  loss_bbox_enc_hybrid: 0.3062 (0.3042)  loss_giou_enc_hybrid: 0.3832 (0.3850)  mem: 1031  max mem: 40949
[2026-07-03 21:02:16 accelerate.tracking]: [RANK 0] Successfully logged to TensorBoard
[2026-07-03 21:03:25 det.util.engine]: Epoch: [2]  [1150/2405]  eta: 0:29:53  lr: 0.000100  data_time: 0.0060  iter_time: 1.4163  loss: 23.5009 (24.9242)  loss_class: 0.5152 (0.6450)  loss_bbox: 0.2374 (0.2368)  loss_giou: 0.3167 (0.2993)  loss_class_0: 0.7553 (0.8941)  loss_bbox_0: 0.2227 (0.2402)  loss_giou_0: 0.3119 (0.3110)  loss_class_1: 0.6442 (0.7340)  loss_bbox_1: 0.2273 (0.2374)  loss_giou_1: 0.3176 (0.3033)  loss_class_2: 0.6271 (0.6902)  loss_bbox_2: 0.2147 (0.2335)  loss_giou_2: 0.3164 (0.2983)  loss_class_3: 0.5449 (0.6594)  loss_bbox_3: 0.2233 (0.2346)  loss_giou_3: 0.3155 (0.2986)  loss_class_4: 0.5272 (0.6495)  loss_bbox_4: 0.2375 (0.2348)  loss_giou_4: 0.3166 (0.2980)  loss_class_enc: 0.8089 (0.8911)  loss_bbox_enc: 0.2721 (0.2942)  loss_giou_enc: 0.3739 (0.3745)  loss_class_dn: 0.3728 (0.3754)  loss_bbox_dn: 0.2848 (0.2966)  loss_giou_dn: 0.3160 (0.3349)  loss_class_dn_0: 0.5162 (0.5178)  loss_bbox_dn_0: 0.4066 (0.4390)  loss_giou_dn_0: 0.4555 (0.4813)  loss_class_dn_1: 0.4131 (0.4216)  loss_bbox_dn_1: 0.3037 (0.3346)  loss_giou_dn_1: 0.3564 (0.3739)  loss_class_dn_2: 0.3894 (0.3873)  loss_bbox_dn_2: 0.2907 (0.3028)  loss_giou_dn_2: 0.3285 (0.3430)  loss_class_dn_3: 0.3787 (0.3762)  loss_bbox_dn_3: 0.2861 (0.2978)  loss_giou_dn_3: 0.3163 (0.3366)  loss_class_dn_4: 0.3772 (0.3742)  loss_bbox_dn_4: 0.2846 (0.2965)  loss_giou_dn_4: 0.3159 (0.3348)  loss_class_hybrid: 0.6342 (0.7147)  loss_bbox_hybrid: 0.2444 (0.2314)  loss_giou_hybrid: 0.3086 (0.2960)  loss_class_0_hybrid: 0.7773 (0.8529)  loss_bbox_0_hybrid: 0.2483 (0.2420)  loss_giou_0_hybrid: 0.3198 (0.3124)  loss_class_1_hybrid: 0.7081 (0.7696)  loss_bbox_1_hybrid: 0.2501 (0.2355)  loss_giou_1_hybrid: 0.3048 (0.3023)  loss_class_2_hybrid: 0.6757 (0.7419)  loss_bbox_2_hybrid: 0.2478 (0.2306)  loss_giou_2_hybrid: 0.2976 (0.2963)  loss_class_3_hybrid: 0.6394 (0.7224)  loss_bbox_3_hybrid: 0.2243 (0.2309)  loss_giou_3_hybrid: 0.3070 (0.2958)  loss_class_4_hybrid: 0.6352 (0.7145)  loss_bbox_4_hybrid: 0.2528 (0.2313)  loss_giou_4_hybrid: 0.3071 (0.2960)  loss_class_enc_hybrid: 0.7818 (0.8369)  loss_bbox_enc_hybrid: 0.2828 (0.3039)  loss_giou_enc_hybrid: 0.3593 (0.3845)  mem: 1038  max mem: 40949
[2026-07-03 21:03:25 accelerate.tracking]: [RANK 0] Successfully logged to TensorBoard
