{
  "epoch": 1,
  "mAP": 0.029,
  "val/AP_common": 0.02575,
  "val/AP_rare": 0.028333333333333335,
  "val/mAP": 0.029,
  "val/mAP_50": 0.054,
  "val/mAP_75": 0.027
}
