{
  "epoch": 8,
  "mAP": 0.016353227302984486,
  "val/AP_common": 0.015396934981604306,
  "val/AP_rare": 0.009276245053182213,
  "val/mAP": 0.016353227302984486,
  "val/mAP_50": 0.05053591583306546,
  "val/mAP_75": 0.005044278441713657
}
