experiment_id,metric,verdict_pstd,ratio_pstd,n_seeds,sigma_source,sigma_interpretation,determinism_class,pstd,pstd_over_median,a1_source,a2_seeds,a3_interp,a4_ratio,a5_sigma,a6_det,total,fragility,entrypoints
hand2det_dev/hand2det_1ep_4ch_all/hand2det_1ep_4ch_all@val,detection_max,undecidable,(記録なし),(記録なし),paired_delta,unknown,uncontrolled,(記録なし),(算出不能),0,3,2,3,0,1,9,脆い,scripts/train_hand2det.py
hand2det_dev/hand2det_1ep_4ch_all/hand2det_1ep_4ch_all@val,detection_mean,undecidable,(記録なし),(記録なし),paired_delta,unknown,uncontrolled,(記録なし),(算出不能),0,3,2,3,0,1,9,脆い,scripts/train_hand2det.py
hand2det_dev/hand2det_1ep_4ch_all/hand2det_1ep_4ch_all@val,detection_min,undecidable,(記録なし),(記録なし),paired_delta,unknown,uncontrolled,(記録なし),(算出不能),0,3,2,3,0,1,9,脆い,scripts/train_hand2det.py
hand2det_dev/hand2det_1ep_4ch_all/hand2det_1ep_4ch_all@val,detection_n,undecidable,(記録なし),(記録なし),paired_delta,unknown,uncontrolled,(記録なし),(算出不能),0,3,2,3,0,1,9,脆い,scripts/train_hand2det.py
hand2det_dev/hand2det_1ep_4ch_all/hand2det_1ep_4ch_all@val,detection_pstd,undecidable,(記録なし),(記録なし),paired_delta,unknown,uncontrolled,(記録なし),(算出不能),0,3,2,3,0,1,9,脆い,scripts/train_hand2det.py
hand2det_dev/hand2det_1ep_4ch_film/hand2det_1ep_4ch_film@val,detection_max,undecidable,(記録なし),(記録なし),paired_delta,unknown,uncontrolled,(記録なし),(算出不能),0,3,2,3,0,1,9,脆い,scripts/train_hand2det.py
hand2det_dev/hand2det_1ep_4ch_film/hand2det_1ep_4ch_film@val,detection_mean,undecidable,(記録なし),(記録なし),paired_delta,unknown,uncontrolled,(記録なし),(算出不能),0,3,2,3,0,1,9,脆い,scripts/train_hand2det.py
hand2det_dev/hand2det_1ep_4ch_film/hand2det_1ep_4ch_film@val,detection_min,undecidable,(記録なし),(記録なし),paired_delta,unknown,uncontrolled,(記録なし),(算出不能),0,3,2,3,0,1,9,脆い,scripts/train_hand2det.py
hand2det_dev/hand2det_1ep_4ch_film/hand2det_1ep_4ch_film@val,detection_n,undecidable,(記録なし),(記録なし),paired_delta,unknown,uncontrolled,(記録なし),(算出不能),0,3,2,3,0,1,9,脆い,scripts/train_hand2det.py
hand2det_dev/hand2det_1ep_4ch_film/hand2det_1ep_4ch_film@val,detection_pstd,undecidable,(記録なし),(記録なし),paired_delta,unknown,uncontrolled,(記録なし),(算出不能),0,3,2,3,0,1,9,脆い,scripts/train_hand2det.py
hand2det_dev/hand2det_4ch_film_inj/hand2det_4ch_film_inj@val,detection_max,undecidable,(記録なし),(記録なし),paired_delta,unknown,uncontrolled,(記録なし),(算出不能),0,3,2,3,0,1,9,脆い,scripts/train_hand2det.py
hand2det_dev/hand2det_4ch_film_inj/hand2det_4ch_film_inj@val,detection_mean,undecidable,(記録なし),(記録なし),paired_delta,unknown,uncontrolled,(記録なし),(算出不能),0,3,2,3,0,1,9,脆い,scripts/train_hand2det.py
hand2det_dev/hand2det_4ch_film_inj/hand2det_4ch_film_inj@val,detection_min,undecidable,(記録なし),(記録なし),paired_delta,unknown,uncontrolled,(記録なし),(算出不能),0,3,2,3,0,1,9,脆い,scripts/train_hand2det.py
hand2det_dev/hand2det_4ch_film_inj/hand2det_4ch_film_inj@val,detection_n,undecidable,(記録なし),(記録なし),paired_delta,unknown,uncontrolled,(記録なし),(算出不能),0,3,2,3,0,1,9,脆い,scripts/train_hand2det.py
hand2det_dev/hand2det_4ch_film_inj/hand2det_4ch_film_inj@val,detection_pstd,undecidable,(記録なし),(記録なし),paired_delta,unknown,uncontrolled,(記録なし),(算出不能),0,3,2,3,0,1,9,脆い,scripts/train_hand2det.py
hand2det_dev/identity_ctrl_4ch/identity_ctrl_4ch@val,detection_max,undecidable,(記録なし),(記録なし),paired_delta,unknown,uncontrolled,(記録なし),(算出不能),0,3,2,3,0,1,9,脆い,scripts/train_hand2det.py
hand2det_dev/identity_ctrl_4ch/identity_ctrl_4ch@val,detection_mean,undecidable,(記録なし),(記録なし),paired_delta,unknown,uncontrolled,(記録なし),(算出不能),0,3,2,3,0,1,9,脆い,scripts/train_hand2det.py
hand2det_dev/identity_ctrl_4ch/identity_ctrl_4ch@val,detection_min,undecidable,(記録なし),(記録なし),paired_delta,unknown,uncontrolled,(記録なし),(算出不能),0,3,2,3,0,1,9,脆い,scripts/train_hand2det.py
hand2det_dev/identity_ctrl_4ch/identity_ctrl_4ch@val,detection_n,undecidable,(記録なし),(記録なし),paired_delta,unknown,uncontrolled,(記録なし),(算出不能),0,3,2,3,0,1,9,脆い,scripts/train_hand2det.py
hand2det_dev/identity_ctrl_4ch/identity_ctrl_4ch@val,detection_pstd,undecidable,(記録なし),(記録なし),paired_delta,unknown,uncontrolled,(記録なし),(算出不能),0,3,2,3,0,1,9,脆い,scripts/train_hand2det.py
hand2det_dev/identity_ctrl_4ch/identity_ctrl_4ch@val,detection_sstd,undecidable,(記録なし),(記録なし),paired_delta,unknown,uncontrolled,(記録なし),(算出不能),0,3,2,3,0,1,9,脆い,scripts/train_hand2det.py
hand2det_dev/identity_ctrl_4ch_real/identity_ctrl_4ch_real@val,detection_max,undecidable,(記録なし),(記録なし),paired_delta,unknown,uncontrolled,(記録なし),(算出不能),0,3,2,3,0,1,9,脆い,scripts/train_hand2det.py
hand2det_dev/identity_ctrl_4ch_real/identity_ctrl_4ch_real@val,detection_mean,undecidable,(記録なし),(記録なし),paired_delta,unknown,uncontrolled,(記録なし),(算出不能),0,3,2,3,0,1,9,脆い,scripts/train_hand2det.py
hand2det_dev/identity_ctrl_4ch_real/identity_ctrl_4ch_real@val,detection_min,undecidable,(記録なし),(記録なし),paired_delta,unknown,uncontrolled,(記録なし),(算出不能),0,3,2,3,0,1,9,脆い,scripts/train_hand2det.py
hand2det_dev/identity_ctrl_4ch_real/identity_ctrl_4ch_real@val,detection_n,undecidable,(記録なし),(記録なし),paired_delta,unknown,uncontrolled,(記録なし),(算出不能),0,3,2,3,0,1,9,脆い,scripts/train_hand2det.py
hand2det_dev/identity_ctrl_4ch_real/identity_ctrl_4ch_real@val,detection_pstd,undecidable,(記録なし),(記録なし),paired_delta,unknown,uncontrolled,(記録なし),(算出不能),0,3,2,3,0,1,9,脆い,scripts/train_hand2det.py
hand2det_dev/identity_ctrl_4ch_real/identity_ctrl_4ch_real@val,detection_sstd,undecidable,(記録なし),(記録なし),paired_delta,unknown,uncontrolled,(記録なし),(算出不能),0,3,2,3,0,1,9,脆い,scripts/train_hand2det.py
hand2det_dev/identity_ctrl_5ch/identity_ctrl_5ch@val,detection_max,undecidable,(記録なし),(記録なし),paired_delta,unknown,uncontrolled,(記録なし),(算出不能),0,3,2,3,0,1,9,脆い,scripts/train_hand2det.py
hand2det_dev/identity_ctrl_5ch/identity_ctrl_5ch@val,detection_mean,undecidable,(記録なし),(記録なし),paired_delta,unknown,uncontrolled,(記録なし),(算出不能),0,3,2,3,0,1,9,脆い,scripts/train_hand2det.py
hand2det_dev/identity_ctrl_5ch/identity_ctrl_5ch@val,detection_min,undecidable,(記録なし),(記録なし),paired_delta,unknown,uncontrolled,(記録なし),(算出不能),0,3,2,3,0,1,9,脆い,scripts/train_hand2det.py
hand2det_dev/identity_ctrl_5ch/identity_ctrl_5ch@val,detection_n,undecidable,(記録なし),(記録なし),paired_delta,unknown,uncontrolled,(記録なし),(算出不能),0,3,2,3,0,1,9,脆い,scripts/train_hand2det.py
hand2det_dev/identity_ctrl_5ch/identity_ctrl_5ch@val,detection_pstd,undecidable,(記録なし),(記録なし),paired_delta,unknown,uncontrolled,(記録なし),(算出不能),0,3,2,3,0,1,9,脆い,scripts/train_hand2det.py
hand2det_dev/identity_ctrl_5ch/identity_ctrl_5ch@val,detection_sstd,undecidable,(記録なし),(記録なし),paired_delta,unknown,uncontrolled,(記録なし),(算出不能),0,3,2,3,0,1,9,脆い,scripts/train_hand2det.py
hand2det_dev/identity_inj_4ch/identity_inj_4ch@val,detection_max,undecidable,(記録なし),(記録なし),paired_delta,unknown,uncontrolled,(記録なし),(算出不能),0,3,2,3,0,1,9,脆い,scripts/train_hand2det.py
hand2det_dev/identity_inj_4ch/identity_inj_4ch@val,detection_mean,undecidable,(記録なし),(記録なし),paired_delta,unknown,uncontrolled,(記録なし),(算出不能),0,3,2,3,0,1,9,脆い,scripts/train_hand2det.py
hand2det_dev/identity_inj_4ch/identity_inj_4ch@val,detection_min,undecidable,(記録なし),(記録なし),paired_delta,unknown,uncontrolled,(記録なし),(算出不能),0,3,2,3,0,1,9,脆い,scripts/train_hand2det.py
hand2det_dev/identity_inj_4ch/identity_inj_4ch@val,detection_n,undecidable,(記録なし),(記録なし),paired_delta,unknown,uncontrolled,(記録なし),(算出不能),0,3,2,3,0,1,9,脆い,scripts/train_hand2det.py
hand2det_dev/identity_inj_4ch/identity_inj_4ch@val,detection_pstd,undecidable,(記録なし),(記録なし),paired_delta,unknown,uncontrolled,(記録なし),(算出不能),0,3,2,3,0,1,9,脆い,scripts/train_hand2det.py
hand2det_dev/identity_inj_4ch/identity_inj_4ch@val,detection_sstd,undecidable,(記録なし),(記録なし),paired_delta,unknown,uncontrolled,(記録なし),(算出不能),0,3,2,3,0,1,9,脆い,scripts/train_hand2det.py
hand2det_dev/identity_inj_4ch_real/identity_inj_4ch_real@val,detection_max,undecidable,(記録なし),(記録なし),paired_delta,unknown,uncontrolled,(記録なし),(算出不能),0,3,2,3,0,1,9,脆い,scripts/train_hand2det.py
hand2det_dev/identity_inj_4ch_real/identity_inj_4ch_real@val,detection_mean,undecidable,(記録なし),(記録なし),paired_delta,unknown,uncontrolled,(記録なし),(算出不能),0,3,2,3,0,1,9,脆い,scripts/train_hand2det.py
hand2det_dev/identity_inj_4ch_real/identity_inj_4ch_real@val,detection_min,undecidable,(記録なし),(記録なし),paired_delta,unknown,uncontrolled,(記録なし),(算出不能),0,3,2,3,0,1,9,脆い,scripts/train_hand2det.py
hand2det_dev/identity_inj_4ch_real/identity_inj_4ch_real@val,detection_n,undecidable,(記録なし),(記録なし),paired_delta,unknown,uncontrolled,(記録なし),(算出不能),0,3,2,3,0,1,9,脆い,scripts/train_hand2det.py
hand2det_dev/identity_inj_4ch_real/identity_inj_4ch_real@val,detection_pstd,undecidable,(記録なし),(記録なし),paired_delta,unknown,uncontrolled,(記録なし),(算出不能),0,3,2,3,0,1,9,脆い,scripts/train_hand2det.py
hand2det_dev/identity_inj_4ch_real/identity_inj_4ch_real@val,detection_sstd,undecidable,(記録なし),(記録なし),paired_delta,unknown,uncontrolled,(記録なし),(算出不能),0,3,2,3,0,1,9,脆い,scripts/train_hand2det.py
hand2det_dev/identity_inj_5ch/identity_inj_5ch@val,detection_max,undecidable,(記録なし),(記録なし),paired_delta,unknown,uncontrolled,(記録なし),(算出不能),0,3,2,3,0,1,9,脆い,scripts/train_hand2det.py
hand2det_dev/identity_inj_5ch/identity_inj_5ch@val,detection_mean,undecidable,(記録なし),(記録なし),paired_delta,unknown,uncontrolled,(記録なし),(算出不能),0,3,2,3,0,1,9,脆い,scripts/train_hand2det.py
hand2det_dev/identity_inj_5ch/identity_inj_5ch@val,detection_min,undecidable,(記録なし),(記録なし),paired_delta,unknown,uncontrolled,(記録なし),(算出不能),0,3,2,3,0,1,9,脆い,scripts/train_hand2det.py
hand2det_dev/identity_inj_5ch/identity_inj_5ch@val,detection_n,undecidable,(記録なし),(記録なし),paired_delta,unknown,uncontrolled,(記録なし),(算出不能),0,3,2,3,0,1,9,脆い,scripts/train_hand2det.py
hand2det_dev/identity_inj_5ch/identity_inj_5ch@val,detection_pstd,undecidable,(記録なし),(記録なし),paired_delta,unknown,uncontrolled,(記録なし),(算出不能),0,3,2,3,0,1,9,脆い,scripts/train_hand2det.py
hand2det_dev/identity_inj_5ch/identity_inj_5ch@val,detection_sstd,undecidable,(記録なし),(記録なし),paired_delta,unknown,uncontrolled,(記録なし),(算出不能),0,3,2,3,0,1,9,脆い,scripts/train_hand2det.py
transfer/b2a_base_oracle_noise_p010/b2a_base_oracle_noise_p010@val~relation_detr_seed42,accuracy,significant,5.693725074699847,3,paired_delta,mixed_with_nondeterminism,uncontrolled,0.0065008384892816925,1.7991,0,1,2,0,0,1,4,要注意,scripts/train_b2a.py
transfer/b2a_base_oracle_noise_p010/b2a_base_oracle_noise_p010@val~relation_detr_seed42,edit_score,not_significant,0.8249286484745321,3,paired_delta,mixed_with_nondeterminism,uncontrolled,3.4252660346224917,1.2989,0,1,2,3,0,1,7,脆い,scripts/train_b2a.py
transfer/b2a_base_oracle_noise_p010/b2a_base_oracle_noise_p010@val~relation_detr_seed42,jaccard,significant,5.478840709312319,3,paired_delta,mixed_with_nondeterminism,uncontrolled,0.018946039728483962,2.0531,0,1,2,0,0,1,4,要注意,scripts/train_b2a.py
transfer/b2a_base_oracle_noise_p010/b2a_base_oracle_noise_p010@val~relation_detr_seed42,macro_f1,significant,5.950969913336027,3,paired_delta,mixed_with_nondeterminism,uncontrolled,0.015337116287070178,1.7603,0,1,2,0,0,1,4,要注意,scripts/train_b2a.py
transfer/b2a_base_oracle_noise_p010/b2a_base_oracle_noise_p010@val~relation_detr_seed42,seg_f1_10,significant,1.6249358762772526,3,paired_delta,mixed_with_nondeterminism,uncontrolled,0.042270164933958944,1.4689,0,1,2,2,0,1,6,脆い,scripts/train_b2a.py
transfer/b2a_base_oracle_noise_p010/b2a_base_oracle_noise_p010@val~relation_detr_seed42,seg_f1_25,significant,1.9561084472253314,3,paired_delta,mixed_with_nondeterminism,uncontrolled,0.04495261926224121,1.6547,0,1,2,2,0,1,6,脆い,scripts/train_b2a.py
transfer/b2a_base_oracle_noise_p010/b2a_base_oracle_noise_p010@val~relation_detr_seed42,seg_f1_50,significant,2.925964377605222,3,paired_delta,mixed_with_nondeterminism,uncontrolled,0.038671733764960796,1.1196,0,1,2,1,0,1,5,要注意,scripts/train_b2a.py
transfer/b2a_base_oracle_noise_p020/b2a_base_oracle_noise_p020@val~relation_detr_seed42,accuracy,significant,2.6434902413749923,3,paired_delta,mixed_with_nondeterminism,uncontrolled,0.007176944569581901,1.9862,0,1,2,1,0,1,5,要注意,scripts/train_b2a.py
transfer/b2a_base_oracle_noise_p020/b2a_base_oracle_noise_p020@val~relation_detr_seed42,edit_score,not_significant,0.4387723982590147,3,paired_delta,mixed_with_nondeterminism,uncontrolled,5.550305361695497,2.1047,0,1,2,3,0,1,7,脆い,scripts/train_b2a.py
transfer/b2a_base_oracle_noise_p020/b2a_base_oracle_noise_p020@val~relation_detr_seed42,jaccard,significant,5.1980434468172,3,paired_delta,mixed_with_nondeterminism,uncontrolled,0.00930740002419932,1.0086,0,1,2,0,0,1,4,要注意,scripts/train_b2a.py
transfer/b2a_base_oracle_noise_p020/b2a_base_oracle_noise_p020@val~relation_detr_seed42,macro_f1,significant,18.798399559629402,3,paired_delta,mixed_with_nondeterminism,uncontrolled,0.0024789355292321627,0.2845,0,1,2,0,2,1,6,脆い,scripts/train_b2a.py
transfer/b2a_base_oracle_noise_p020/b2a_base_oracle_noise_p020@val~relation_detr_seed42,seg_f1_10,not_significant,0.789543560706909,3,paired_delta,mixed_with_nondeterminism,uncontrolled,0.06255613014929629,2.1738,0,1,2,3,0,1,7,脆い,scripts/train_b2a.py
transfer/b2a_base_oracle_noise_p020/b2a_base_oracle_noise_p020@val~relation_detr_seed42,seg_f1_25,not_significant,0.7674947445182344,3,paired_delta,mixed_with_nondeterminism,uncontrolled,0.061561062088206116,2.2661,0,1,2,3,0,1,7,脆い,scripts/train_b2a.py
transfer/b2a_base_oracle_noise_p020/b2a_base_oracle_noise_p020@val~relation_detr_seed42,seg_f1_50,not_significant,1.0525082152244096,3,paired_delta,mixed_with_nondeterminism,uncontrolled,0.06312983699330439,1.8278,0,1,2,3,0,1,7,脆い,scripts/train_b2a.py
transfer/b2a_base_oracle_noise_p030/b2a_base_oracle_noise_p030@val~relation_detr_seed42,accuracy,significant,3.622117245307449,3,paired_delta,mixed_with_nondeterminism,uncontrolled,0.0034155500854093105,0.9452,0,1,2,0,0,1,4,要注意,scripts/train_b2a.py
transfer/b2a_base_oracle_noise_p030/b2a_base_oracle_noise_p030@val~relation_detr_seed42,edit_score,not_significant,0.5840029950846184,3,paired_delta,mixed_with_nondeterminism,uncontrolled,2.067765095511603,0.7841,0,1,2,3,0,1,7,脆い,scripts/train_b2a.py
transfer/b2a_base_oracle_noise_p030/b2a_base_oracle_noise_p030@val~relation_detr_seed42,jaccard,significant,14.548545483384444,3,paired_delta,mixed_with_nondeterminism,uncontrolled,0.0029663049929024342,0.3214,0,1,2,0,2,1,6,脆い,scripts/train_b2a.py
transfer/b2a_base_oracle_noise_p030/b2a_base_oracle_noise_p030@val~relation_detr_seed42,macro_f1,significant,7.722635337597306,3,paired_delta,mixed_with_nondeterminism,uncontrolled,0.0055376724727419155,0.6356,0,1,2,0,1,1,5,要注意,scripts/train_b2a.py
transfer/b2a_base_oracle_noise_p030/b2a_base_oracle_noise_p030@val~relation_detr_seed42,seg_f1_10,not_significant,0.27440560245746104,3,paired_delta,mixed_with_nondeterminism,uncontrolled,0.03209928129606266,1.1155,0,1,2,3,0,1,7,脆い,scripts/train_b2a.py
transfer/b2a_base_oracle_noise_p030/b2a_base_oracle_noise_p030@val~relation_detr_seed42,seg_f1_25,not_significant,0.8062125765196275,3,paired_delta,mixed_with_nondeterminism,uncontrolled,0.03479741473400619,1.2809,0,1,2,3,0,1,7,脆い,scripts/train_b2a.py
transfer/b2a_base_oracle_noise_p030/b2a_base_oracle_noise_p030@val~relation_detr_seed42,seg_f1_50,not_significant,0.624198666880034,3,paired_delta,mixed_with_nondeterminism,uncontrolled,0.034832522025061784,1.0085,0,1,2,3,0,1,7,脆い,scripts/train_b2a.py
transfer/b2a_base_oracle_top3noise_p010/b2a_base_oracle_top3noise_p010@val~relation_detr_seed42,accuracy,significant,7.541858288534811,3,paired_delta,mixed_with_nondeterminism,uncontrolled,0.005928877934232792,1.6408,0,1,2,0,0,1,4,要注意,scripts/train_b2a.py
transfer/b2a_base_oracle_top3noise_p010/b2a_base_oracle_top3noise_p010@val~relation_detr_seed42,edit_score,significant,7.166017897551682,3,paired_delta,mixed_with_nondeterminism,uncontrolled,0.9353162494405398,0.3547,0,1,2,0,2,1,6,脆い,scripts/train_b2a.py
transfer/b2a_base_oracle_top3noise_p010/b2a_base_oracle_top3noise_p010@val~relation_detr_seed42,jaccard,significant,10.855833913464108,3,paired_delta,mixed_with_nondeterminism,uncontrolled,0.011211946449712518,1.2150,0,1,2,0,0,1,4,要注意,scripts/train_b2a.py
transfer/b2a_base_oracle_top3noise_p010/b2a_base_oracle_top3noise_p010@val~relation_detr_seed42,macro_f1,significant,10.083685973794822,3,paired_delta,mixed_with_nondeterminism,uncontrolled,0.010167249149186843,1.1669,0,1,2,0,0,1,4,要注意,scripts/train_b2a.py
transfer/b2a_base_oracle_top3noise_p010/b2a_base_oracle_top3noise_p010@val~relation_detr_seed42,seg_f1_10,significant,7.09622355652669,3,paired_delta,mixed_with_nondeterminism,uncontrolled,0.013561333619606625,0.4713,0,1,2,0,2,1,6,脆い,scripts/train_b2a.py
transfer/b2a_base_oracle_top3noise_p010/b2a_base_oracle_top3noise_p010@val~relation_detr_seed42,seg_f1_25,significant,9.476014623159235,3,paired_delta,mixed_with_nondeterminism,uncontrolled,0.01129655949710173,0.4158,0,1,2,0,2,1,6,脆い,scripts/train_b2a.py
transfer/b2a_base_oracle_top3noise_p010/b2a_base_oracle_top3noise_p010@val~relation_detr_seed42,seg_f1_50,significant,9.9071093859298,3,paired_delta,mixed_with_nondeterminism,uncontrolled,0.01613353259176859,0.4671,0,1,2,0,2,1,6,脆い,scripts/train_b2a.py
transfer/b2a_base_oracle_top3noise_p020/b2a_base_oracle_top3noise_p020@val~relation_detr_seed42,accuracy,significant,7.39845636703969,3,paired_delta,mixed_with_nondeterminism,uncontrolled,0.0049137170381046,1.3599,0,1,2,0,0,1,4,要注意,scripts/train_b2a.py
transfer/b2a_base_oracle_top3noise_p020/b2a_base_oracle_top3noise_p020@val~relation_detr_seed42,edit_score,not_significant,0.05027172938241013,3,paired_delta,mixed_with_nondeterminism,uncontrolled,2.905734168654661,1.1019,0,1,2,3,0,1,7,脆い,scripts/train_b2a.py
transfer/b2a_base_oracle_top3noise_p020/b2a_base_oracle_top3noise_p020@val~relation_detr_seed42,jaccard,significant,14.057880542504739,3,paired_delta,mixed_with_nondeterminism,uncontrolled,0.007084421809690231,0.7677,0,1,2,0,0,1,4,要注意,scripts/train_b2a.py
transfer/b2a_base_oracle_top3noise_p020/b2a_base_oracle_top3noise_p020@val~relation_detr_seed42,macro_f1,significant,9.21663866458143,3,paired_delta,mixed_with_nondeterminism,uncontrolled,0.0094381210154635,1.0832,0,1,2,0,0,1,4,要注意,scripts/train_b2a.py
transfer/b2a_base_oracle_top3noise_p020/b2a_base_oracle_top3noise_p020@val~relation_detr_seed42,seg_f1_10,not_significant,0.7636737405027428,3,paired_delta,mixed_with_nondeterminism,uncontrolled,0.025724095103138715,0.8939,0,1,2,3,0,1,7,脆い,scripts/train_b2a.py
transfer/b2a_base_oracle_top3noise_p020/b2a_base_oracle_top3noise_p020@val~relation_detr_seed42,seg_f1_25,not_significant,1.1650218220377278,3,paired_delta,mixed_with_nondeterminism,uncontrolled,0.026494282226387993,0.9752,0,1,2,3,0,1,7,脆い,scripts/train_b2a.py
transfer/b2a_base_oracle_top3noise_p020/b2a_base_oracle_top3noise_p020@val~relation_detr_seed42,seg_f1_50,significant,2.3387269898125567,3,paired_delta,mixed_with_nondeterminism,uncontrolled,0.023148567571072996,0.6702,0,1,2,1,1,1,6,脆い,scripts/train_b2a.py
transfer/b2a_base_oracle_top3noise_p030/b2a_base_oracle_top3noise_p030@val~relation_detr_seed42,accuracy,significant,4.8705811381550514,3,paired_delta,mixed_with_nondeterminism,uncontrolled,0.006244291221993858,1.7281,0,1,2,0,0,1,4,要注意,scripts/train_b2a.py
transfer/b2a_base_oracle_top3noise_p030/b2a_base_oracle_top3noise_p030@val~relation_detr_seed42,edit_score,not_significant,0.7764924484435624,3,paired_delta,mixed_with_nondeterminism,uncontrolled,1.8413654256649785,0.6982,0,1,2,3,1,1,8,脆い,scripts/train_b2a.py
transfer/b2a_base_oracle_top3noise_p030/b2a_base_oracle_top3noise_p030@val~relation_detr_seed42,jaccard,significant,8.202555483949102,3,paired_delta,mixed_with_nondeterminism,uncontrolled,0.01048136090828419,1.1358,0,1,2,0,0,1,4,要注意,scripts/train_b2a.py
transfer/b2a_base_oracle_top3noise_p030/b2a_base_oracle_top3noise_p030@val~relation_detr_seed42,macro_f1,significant,7.40727528108125,3,paired_delta,mixed_with_nondeterminism,uncontrolled,0.010319885385532513,1.1844,0,1,2,0,0,1,4,要注意,scripts/train_b2a.py
transfer/b2a_base_oracle_top3noise_p030/b2a_base_oracle_top3noise_p030@val~relation_detr_seed42,seg_f1_10,not_significant,0.4788997492127547,3,paired_delta,mixed_with_nondeterminism,uncontrolled,0.010430961892767753,0.3625,0,1,2,3,2,1,9,脆い,scripts/train_b2a.py
transfer/b2a_base_oracle_top3noise_p030/b2a_base_oracle_top3noise_p030@val~relation_detr_seed42,seg_f1_25,significant,1.9491589983070734,3,paired_delta,mixed_with_nondeterminism,uncontrolled,0.0029122021139472874,0.1072,0,1,2,2,3,1,9,脆い,scripts/train_b2a.py
transfer/b2a_base_oracle_top3noise_p030/b2a_base_oracle_top3noise_p030@val~relation_detr_seed42,seg_f1_50,significant,2.1099679972645475,3,paired_delta,mixed_with_nondeterminism,uncontrolled,0.02242186439553077,0.6492,0,1,2,1,1,1,6,脆い,scripts/train_b2a.py
transfer/b2a_det2phase/b2a_det2phase_toolpresence@val~relation_detr_seed42,accuracy,significant,11.26767196241516,3,paired_delta,mixed_with_nondeterminism,uncontrolled,0.0035583477472134507,0.9848,0,1,2,0,0,1,4,要注意,/home/ubuntu/slocal2/m2/scripts/train_b2a.py
transfer/b2a_det2phase/b2a_det2phase_toolpresence@val~relation_detr_seed42,edit_score,significant,1.823413741857274,3,paired_delta,mixed_with_nondeterminism,uncontrolled,1.646448205423315,0.6243,0,1,2,2,1,1,7,脆い,/home/ubuntu/slocal2/m2/scripts/train_b2a.py
transfer/b2a_det2phase/b2a_det2phase_toolpresence@val~relation_detr_seed42,jaccard,significant,16.532370617906345,3,paired_delta,mixed_with_nondeterminism,uncontrolled,0.006889019373268601,0.7465,0,1,2,0,1,1,5,要注意,/home/ubuntu/slocal2/m2/scripts/train_b2a.py
transfer/b2a_det2phase/b2a_det2phase_toolpresence@val~relation_detr_seed42,macro_f1,significant,11.351105726747774,3,paired_delta,mixed_with_nondeterminism,uncontrolled,0.008544980651752672,0.9807,0,1,2,0,0,1,4,要注意,/home/ubuntu/slocal2/m2/scripts/train_b2a.py
transfer/b2a_det2phase/b2a_det2phase_toolpresence@val~relation_detr_seed42,seg_f1_10,significant,3.5084028603872786,3,paired_delta,mixed_with_nondeterminism,uncontrolled,0.012036205023502559,0.4183,0,1,2,0,2,1,6,脆い,/home/ubuntu/slocal2/m2/scripts/train_b2a.py
transfer/b2a_det2phase/b2a_det2phase_toolpresence@val~relation_detr_seed42,seg_f1_25,significant,7.730279763425654,3,paired_delta,mixed_with_nondeterminism,uncontrolled,0.006881754148384365,0.2533,0,1,2,0,2,1,6,脆い,/home/ubuntu/slocal2/m2/scripts/train_b2a.py
transfer/b2a_det2phase/b2a_det2phase_toolpresence@val~relation_detr_seed42,seg_f1_50,significant,13.706430471364571,3,paired_delta,mixed_with_nondeterminism,uncontrolled,0.007202110171373092,0.2085,0,1,2,0,3,1,7,脆い,/home/ubuntu/slocal2/m2/scripts/train_b2a.py
transfer/b2a_det2phase_oracletool/b2a_det2phase_oracletool@val~relation_detr_seed42,accuracy,significant,11.423346198558852,3,paired_delta,mixed_with_nondeterminism,uncontrolled,0.0052336910132569,1.4484,0,1,2,0,0,1,4,要注意,scripts/train_b2a.py
transfer/b2a_det2phase_oracletool/b2a_det2phase_oracletool@val~relation_detr_seed42,edit_score,significant,3.7367660032970496,3,paired_delta,mixed_with_nondeterminism,uncontrolled,3.409117998583763,1.2927,0,1,2,0,0,1,4,要注意,scripts/train_b2a.py
transfer/b2a_det2phase_oracletool/b2a_det2phase_oracletool@val~relation_detr_seed42,jaccard,significant,14.01506997686697,3,paired_delta,mixed_with_nondeterminism,uncontrolled,0.01165588749416923,1.2631,0,1,2,0,0,1,4,要注意,scripts/train_b2a.py
transfer/b2a_det2phase_oracletool/b2a_det2phase_oracletool@val~relation_detr_seed42,macro_f1,significant,12.940916925573283,3,paired_delta,mixed_with_nondeterminism,uncontrolled,0.010040505261169546,1.1524,0,1,2,0,0,1,4,要注意,scripts/train_b2a.py
transfer/b2a_det2phase_oracletool/b2a_det2phase_oracletool@val~relation_detr_seed42,seg_f1_10,significant,4.552314216697369,3,paired_delta,mixed_with_nondeterminism,uncontrolled,0.03537752725325165,1.2294,0,1,2,0,0,1,4,要注意,scripts/train_b2a.py
transfer/b2a_det2phase_oracletool/b2a_det2phase_oracletool@val~relation_detr_seed42,seg_f1_25,significant,4.7602286155888045,3,paired_delta,mixed_with_nondeterminism,uncontrolled,0.037417711664568705,1.3773,0,1,2,0,0,1,4,要注意,scripts/train_b2a.py
transfer/b2a_det2phase_oracletool/b2a_det2phase_oracletool@val~relation_detr_seed42,seg_f1_50,significant,4.10353695749032,3,paired_delta,mixed_with_nondeterminism,uncontrolled,0.048406642931094146,1.4015,0,1,2,0,0,1,4,要注意,scripts/train_b2a.py
transfer/b2a_det2phase_toolpresence/b2a_det2phase_toolpresence@val~relation_detr_augstrong_hires_seed42,accuracy,significant,10.492213229892778,3,paired_delta,unknown,uncontrolled,0.0022437929652773672,0.6210,0,1,2,0,1,1,5,要注意,scripts/train_b2a.py
transfer/b2a_det2phase_toolpresence/b2a_det2phase_toolpresence@val~relation_detr_augstrong_hires_seed42,edit_score,not_significant,0.33091671505312975,3,paired_delta,unknown,uncontrolled,8.409554128573399,3.1889,0,1,2,3,0,1,7,脆い,scripts/train_b2a.py
transfer/b2a_det2phase_toolpresence/b2a_det2phase_toolpresence@val~relation_detr_augstrong_hires_seed42,jaccard,significant,5.8363085435250115,3,paired_delta,unknown,uncontrolled,0.010203292191327321,1.1057,0,1,2,0,0,1,4,要注意,scripts/train_b2a.py
transfer/b2a_det2phase_toolpresence/b2a_det2phase_toolpresence@val~relation_detr_augstrong_hires_seed42,macro_f1,significant,4.960436182788736,3,paired_delta,unknown,uncontrolled,0.012397550222790958,1.4229,0,1,2,0,0,1,4,要注意,scripts/train_b2a.py
transfer/b2a_det2phase_toolpresence/b2a_det2phase_toolpresence@val~relation_detr_augstrong_hires_seed42,seg_f1_10,not_significant,0.7592736760603462,3,paired_delta,unknown,uncontrolled,0.07988656251566993,2.7761,0,1,2,3,0,1,7,脆い,scripts/train_b2a.py
transfer/b2a_det2phase_toolpresence/b2a_det2phase_toolpresence@val~relation_detr_augstrong_hires_seed42,seg_f1_25,not_significant,1.0331696029422406,3,paired_delta,unknown,uncontrolled,0.0714159740846151,2.6288,0,1,2,3,0,1,7,脆い,scripts/train_b2a.py
transfer/b2a_det2phase_toolpresence/b2a_det2phase_toolpresence@val~relation_detr_augstrong_hires_seed42,seg_f1_50,not_significant,0.998807090194496,3,paired_delta,unknown,uncontrolled,0.10518418559921326,3.0453,0,1,2,3,0,1,7,脆い,scripts/train_b2a.py
transfer/b2a_det2phase_toolpresence/b2a_det2phase_toolpresence@val~relation_detr_augstrong_seed123,accuracy,significant,2.699000555212854,3,paired_delta,seed_effect,uncontrolled,0.009904656453550997,2.7411,0,1,0,1,0,1,3,要注意,scripts/train_b2a.py
transfer/b2a_det2phase_toolpresence/b2a_det2phase_toolpresence@val~relation_detr_augstrong_seed123,edit_score,not_significant,0.6637007998038762,3,paired_delta,seed_effect,uncontrolled,5.752841560102627,2.1815,0,1,0,3,0,1,5,要注意,scripts/train_b2a.py
transfer/b2a_det2phase_toolpresence/b2a_det2phase_toolpresence@val~relation_detr_augstrong_seed123,jaccard,significant,2.2430060439139847,3,paired_delta,seed_effect,uncontrolled,0.03443343194250599,3.7314,0,1,0,1,0,1,3,要注意,scripts/train_b2a.py
transfer/b2a_det2phase_toolpresence/b2a_det2phase_toolpresence@val~relation_detr_augstrong_seed123,macro_f1,significant,2.16530175507004,3,paired_delta,seed_effect,uncontrolled,0.0296401402941746,3.4018,0,1,0,1,0,1,3,要注意,scripts/train_b2a.py
transfer/b2a_det2phase_toolpresence/b2a_det2phase_toolpresence@val~relation_detr_augstrong_seed123,seg_f1_10,significant,1.5001889810394902,3,paired_delta,seed_effect,uncontrolled,0.04616857110220981,1.6044,0,1,0,2,0,1,4,要注意,scripts/train_b2a.py
transfer/b2a_det2phase_toolpresence/b2a_det2phase_toolpresence@val~relation_detr_augstrong_seed123,seg_f1_25,significant,1.4880469724358711,3,paired_delta,seed_effect,uncontrolled,0.04861030798023297,1.7893,0,1,0,3,0,1,5,要注意,scripts/train_b2a.py
transfer/b2a_det2phase_toolpresence/b2a_det2phase_toolpresence@val~relation_detr_augstrong_seed123,seg_f1_50,significant,1.4713451246876295,3,paired_delta,seed_effect,uncontrolled,0.039113888231088585,1.1324,0,1,0,3,0,1,5,要注意,scripts/train_b2a.py
transfer/b2a_det2phase_toolpresence/b2a_det2phase_toolpresence@val~relation_detr_augstrong_seed42,accuracy,significant,16.956467816332648,3,paired_delta,mixed_with_nondeterminism,uncontrolled,0.001470146561141323,0.4069,0,1,2,0,2,1,6,脆い,scripts/train_b2a.py
transfer/b2a_det2phase_toolpresence/b2a_det2phase_toolpresence@val~relation_detr_augstrong_seed42,edit_score,not_significant,0.041072283222004624,3,paired_delta,mixed_with_nondeterminism,uncontrolled,6.374173397192848,2.4171,0,1,2,3,0,1,7,脆い,scripts/train_b2a.py
transfer/b2a_det2phase_toolpresence/b2a_det2phase_toolpresence@val~relation_detr_augstrong_seed42,jaccard,significant,6.870382539482981,3,paired_delta,mixed_with_nondeterminism,uncontrolled,0.008916218152880531,0.9662,0,1,2,0,0,1,4,要注意,scripts/train_b2a.py
transfer/b2a_det2phase_toolpresence/b2a_det2phase_toolpresence@val~relation_detr_augstrong_seed42,macro_f1,significant,7.730876816104386,3,paired_delta,mixed_with_nondeterminism,uncontrolled,0.006781089903516565,0.7783,0,1,2,0,0,1,4,要注意,scripts/train_b2a.py
transfer/b2a_det2phase_toolpresence/b2a_det2phase_toolpresence@val~relation_detr_augstrong_seed42,seg_f1_10,not_significant,0.40427213206048396,3,paired_delta,mixed_with_nondeterminism,uncontrolled,0.05544489705699702,1.9267,0,1,2,3,0,1,7,脆い,scripts/train_b2a.py
transfer/b2a_det2phase_toolpresence/b2a_det2phase_toolpresence@val~relation_detr_augstrong_seed42,seg_f1_25,not_significant,0.34550457559745845,3,paired_delta,mixed_with_nondeterminism,uncontrolled,0.05950085525879608,2.1902,0,1,2,3,0,1,7,脆い,scripts/train_b2a.py
transfer/b2a_det2phase_toolpresence/b2a_det2phase_toolpresence@val~relation_detr_augstrong_seed42,seg_f1_50,not_significant,0.637610677367293,3,paired_delta,mixed_with_nondeterminism,uncontrolled,0.04120235983937824,1.1929,0,1,2,3,0,1,7,脆い,scripts/train_b2a.py
transfer/b2a_det2phase_toolpresence/b2a_det2phase_toolpresence@val~relation_detr_augstrong_seed456,accuracy,significant,6.068429096771516,3,paired_delta,seed_effect,uncontrolled,0.0035169125111432224,0.9733,0,1,0,0,0,1,2,頑健,scripts/train_b2a.py
transfer/b2a_det2phase_toolpresence/b2a_det2phase_toolpresence@val~relation_detr_augstrong_seed456,edit_score,not_significant,0.23307381448646683,3,paired_delta,seed_effect,uncontrolled,9.691249798283456,3.6749,0,1,0,3,0,1,5,要注意,scripts/train_b2a.py
transfer/b2a_det2phase_toolpresence/b2a_det2phase_toolpresence@val~relation_detr_augstrong_seed456,jaccard,significant,3.7949147830814614,3,paired_delta,seed_effect,uncontrolled,0.01483378444431776,1.6075,0,1,0,0,0,1,2,頑健,scripts/train_b2a.py
transfer/b2a_det2phase_toolpresence/b2a_det2phase_toolpresence@val~relation_detr_augstrong_seed456,macro_f1,significant,3.2623486346314587,3,paired_delta,seed_effect,uncontrolled,0.015217441571872894,1.7465,0,1,0,0,0,1,2,頑健,scripts/train_b2a.py
transfer/b2a_det2phase_toolpresence/b2a_det2phase_toolpresence@val~relation_detr_augstrong_seed456,seg_f1_10,not_significant,0.19128261451490258,3,paired_delta,seed_effect,uncontrolled,0.06620611314158327,2.3007,0,1,0,3,0,1,5,要注意,scripts/train_b2a.py
transfer/b2a_det2phase_toolpresence/b2a_det2phase_toolpresence@val~relation_detr_augstrong_seed456,seg_f1_25,not_significant,0.1963445886773856,3,paired_delta,seed_effect,uncontrolled,0.0723788977543976,2.6643,0,1,0,3,0,1,5,要注意,scripts/train_b2a.py
transfer/b2a_det2phase_toolpresence/b2a_det2phase_toolpresence@val~relation_detr_augstrong_seed456,seg_f1_50,not_significant,0.2453180776228603,3,paired_delta,seed_effect,uncontrolled,0.08253884233433532,2.3897,0,1,0,3,0,1,5,要注意,scripts/train_b2a.py
transfer/b2a_det2phase_toolpresence/b2a_det2phase_toolpresence@val~relation_detr_seed123,accuracy,significant,10.492736076612495,3,paired_delta,seed_effect,uncontrolled,0.004183312066409554,1.1577,0,1,0,0,0,1,2,頑健,scripts/train_b2a.py
transfer/b2a_det2phase_toolpresence/b2a_det2phase_toolpresence@val~relation_detr_seed123,edit_score,significant,1.9819103384174732,3,paired_delta,seed_effect,uncontrolled,2.057381624102687,0.7802,0,1,0,2,0,1,4,要注意,scripts/train_b2a.py
transfer/b2a_det2phase_toolpresence/b2a_det2phase_toolpresence@val~relation_detr_seed123,jaccard,significant,16.859973841976473,3,paired_delta,seed_effect,uncontrolled,0.006866302776250108,0.7441,0,1,0,0,1,1,3,要注意,scripts/train_b2a.py
transfer/b2a_det2phase_toolpresence/b2a_det2phase_toolpresence@val~relation_detr_seed123,macro_f1,significant,172.270445599465,3,paired_delta,seed_effect,uncontrolled,0.0005611364937579734,0.0644,0,1,0,0,3,1,5,要注意,scripts/train_b2a.py
transfer/b2a_det2phase_toolpresence/b2a_det2phase_toolpresence@val~relation_detr_seed123,seg_f1_10,significant,2.9329690435917546,3,paired_delta,seed_effect,uncontrolled,0.026702824655977175,0.9279,0,1,0,1,0,1,3,要注意,scripts/train_b2a.py
transfer/b2a_det2phase_toolpresence/b2a_det2phase_toolpresence@val~relation_detr_seed123,seg_f1_25,significant,2.8569661320389894,3,paired_delta,seed_effect,uncontrolled,0.03118640160763396,1.1480,0,1,0,1,0,1,3,要注意,scripts/train_b2a.py
transfer/b2a_det2phase_toolpresence/b2a_det2phase_toolpresence@val~relation_detr_seed123,seg_f1_50,significant,2.382329863258408,3,paired_delta,seed_effect,uncontrolled,0.02539869432767098,0.7354,0,1,0,1,1,1,4,要注意,scripts/train_b2a.py
transfer/b2a_det2phase_toolpresence/b2a_det2phase_toolpresence@val~relation_detr_seed42,accuracy,significant,10.18012751388452,3,paired_delta,mixed_with_nondeterminism,uncontrolled,0.003942088684327984,1.0910,0,1,2,0,0,1,4,要注意,scripts/train_b2a.py
transfer/b2a_det2phase_toolpresence/b2a_det2phase_toolpresence@val~relation_detr_seed42,edit_score,significant,2.435093359999133,3,paired_delta,mixed_with_nondeterminism,uncontrolled,1.6656972643225878,0.6316,0,1,2,1,1,1,6,脆い,scripts/train_b2a.py
transfer/b2a_det2phase_toolpresence/b2a_det2phase_toolpresence@val~relation_detr_seed42,jaccard,significant,11.664539682337253,3,paired_delta,mixed_with_nondeterminism,uncontrolled,0.009647351823003176,1.0454,0,1,2,0,0,1,4,要注意,scripts/train_b2a.py
transfer/b2a_det2phase_toolpresence/b2a_det2phase_toolpresence@val~relation_detr_seed42,macro_f1,significant,8.651984057731353,3,paired_delta,mixed_with_nondeterminism,uncontrolled,0.011116353544244914,1.2758,0,1,2,0,0,1,4,要注意,scripts/train_b2a.py
transfer/b2a_det2phase_toolpresence/b2a_det2phase_toolpresence@val~relation_detr_seed42,seg_f1_10,significant,2.748316871805531,3,paired_delta,mixed_with_nondeterminism,uncontrolled,0.023271462315233776,0.8087,0,1,2,1,0,1,5,要注意,scripts/train_b2a.py
transfer/b2a_det2phase_toolpresence/b2a_det2phase_toolpresence@val~relation_detr_seed42,seg_f1_25,significant,2.577335737039355,3,paired_delta,mixed_with_nondeterminism,uncontrolled,0.02718605371246387,1.0007,0,1,2,1,0,1,5,要注意,scripts/train_b2a.py
transfer/b2a_det2phase_toolpresence/b2a_det2phase_toolpresence@val~relation_detr_seed42,seg_f1_50,significant,3.635814252044624,3,paired_delta,mixed_with_nondeterminism,uncontrolled,0.028347159364888925,0.8207,0,1,2,0,0,1,4,要注意,scripts/train_b2a.py
transfer/b2a_det2phase_toolpresence/b2a_det2phase_toolpresence@val~relation_detr_seed456,accuracy,significant,3.466445867700257,3,paired_delta,seed_effect,uncontrolled,0.01091717159960862,3.0213,0,1,0,0,0,1,2,頑健,scripts/train_b2a.py
transfer/b2a_det2phase_toolpresence/b2a_det2phase_toolpresence@val~relation_detr_seed456,edit_score,not_significant,0.7204756520506578,3,paired_delta,seed_effect,uncontrolled,4.513168603351686,1.7114,0,1,0,3,0,1,5,要注意,scripts/train_b2a.py
transfer/b2a_det2phase_toolpresence/b2a_det2phase_toolpresence@val~relation_detr_seed456,jaccard,significant,8.32889766448553,3,paired_delta,seed_effect,uncontrolled,0.011547356412363964,1.2513,0,1,0,0,0,1,2,頑健,scripts/train_b2a.py
transfer/b2a_det2phase_toolpresence/b2a_det2phase_toolpresence@val~relation_detr_seed456,macro_f1,significant,8.680388410034162,3,paired_delta,seed_effect,uncontrolled,0.010426767425518417,1.1967,0,1,0,0,0,1,2,頑健,scripts/train_b2a.py
transfer/b2a_det2phase_toolpresence/b2a_det2phase_toolpresence@val~relation_detr_seed456,seg_f1_10,not_significant,0.6116787278525142,3,paired_delta,seed_effect,uncontrolled,0.034658019868754525,1.2044,0,1,0,3,0,1,5,要注意,scripts/train_b2a.py
transfer/b2a_det2phase_toolpresence/b2a_det2phase_toolpresence@val~relation_detr_seed456,seg_f1_25,not_significant,0.6646398165939466,3,paired_delta,seed_effect,uncontrolled,0.02477385548099853,0.9119,0,1,0,3,0,1,5,要注意,scripts/train_b2a.py
transfer/b2a_det2phase_toolpresence/b2a_det2phase_toolpresence@val~relation_detr_seed456,seg_f1_50,not_significant,0.8761015307606959,3,paired_delta,seed_effect,uncontrolled,0.02727141305151308,0.7896,0,1,0,3,0,1,5,要注意,scripts/train_b2a.py
transfer/b2a_mask_dim_00/b2a_mask_dim_00@val~relation_detr_seed42,accuracy,significant,10.606442180272234,3,paired_delta,mixed_with_nondeterminism,uncontrolled,0.0029711600291948926,0.8223,0,1,2,0,0,1,4,要注意,scripts/train_b2a.py
transfer/b2a_mask_dim_00/b2a_mask_dim_00@val~relation_detr_seed42,edit_score,not_significant,0.303782526910579,3,paired_delta,mixed_with_nondeterminism,uncontrolled,5.388904143277584,2.0435,0,1,2,3,0,1,7,脆い,scripts/train_b2a.py
transfer/b2a_mask_dim_00/b2a_mask_dim_00@val~relation_detr_seed42,jaccard,significant,13.527652297722106,3,paired_delta,mixed_with_nondeterminism,uncontrolled,0.006115368976685148,0.6627,0,1,2,0,1,1,5,要注意,scripts/train_b2a.py
transfer/b2a_mask_dim_00/b2a_mask_dim_00@val~relation_detr_seed42,macro_f1,significant,23.694392738836545,3,paired_delta,mixed_with_nondeterminism,uncontrolled,0.002932747526409118,0.3366,0,1,2,0,2,1,6,脆い,scripts/train_b2a.py
transfer/b2a_mask_dim_00/b2a_mask_dim_00@val~relation_detr_seed42,seg_f1_10,not_significant,0.87965387014274,3,paired_delta,mixed_with_nondeterminism,uncontrolled,0.0489377705192535,1.7006,0,1,2,3,0,1,7,脆い,scripts/train_b2a.py
transfer/b2a_mask_dim_00/b2a_mask_dim_00@val~relation_detr_seed42,seg_f1_25,not_significant,0.9485410518094956,3,paired_delta,mixed_with_nondeterminism,uncontrolled,0.04945687074764094,1.8205,0,1,2,3,0,1,7,脆い,scripts/train_b2a.py
transfer/b2a_mask_dim_00/b2a_mask_dim_00@val~relation_detr_seed42,seg_f1_50,not_significant,0.914595166040105,3,paired_delta,mixed_with_nondeterminism,uncontrolled,0.07611370716538643,2.2037,0,1,2,3,0,1,7,脆い,scripts/train_b2a.py
transfer/b2a_mask_dim_01/b2a_mask_dim_01@val~relation_detr_seed42,accuracy,significant,16.399107232387045,3,paired_delta,mixed_with_nondeterminism,uncontrolled,0.0024314904815581143,0.6729,0,1,2,0,1,1,5,要注意,scripts/train_b2a.py
transfer/b2a_mask_dim_01/b2a_mask_dim_01@val~relation_detr_seed42,edit_score,not_significant,0.5282200166107809,3,paired_delta,mixed_with_nondeterminism,uncontrolled,1.1940477296480316,0.4528,0,1,2,3,2,1,9,脆い,scripts/train_b2a.py
transfer/b2a_mask_dim_01/b2a_mask_dim_01@val~relation_detr_seed42,jaccard,significant,13.73264462885252,3,paired_delta,mixed_with_nondeterminism,uncontrolled,0.008269021374384527,0.8961,0,1,2,0,0,1,4,要注意,scripts/train_b2a.py
transfer/b2a_mask_dim_01/b2a_mask_dim_01@val~relation_detr_seed42,macro_f1,significant,8.645537318947211,3,paired_delta,mixed_with_nondeterminism,uncontrolled,0.011223106816351157,1.2881,0,1,2,0,0,1,4,要注意,scripts/train_b2a.py
transfer/b2a_mask_dim_01/b2a_mask_dim_01@val~relation_detr_seed42,seg_f1_10,significant,3.5892121802208288,3,paired_delta,mixed_with_nondeterminism,uncontrolled,0.011544275082176763,0.4012,0,1,2,0,2,1,6,脆い,scripts/train_b2a.py
transfer/b2a_mask_dim_01/b2a_mask_dim_01@val~relation_detr_seed42,seg_f1_25,significant,4.774821601854594,3,paired_delta,mixed_with_nondeterminism,uncontrolled,0.009550568595325017,0.3516,0,1,2,0,2,1,6,脆い,scripts/train_b2a.py
transfer/b2a_mask_dim_01/b2a_mask_dim_01@val~relation_detr_seed42,seg_f1_50,significant,11.705378270459594,3,paired_delta,mixed_with_nondeterminism,uncontrolled,0.00706618043393831,0.2046,0,1,2,0,3,1,7,脆い,scripts/train_b2a.py
transfer/b2a_mask_dim_02/b2a_mask_dim_02@val~relation_detr_seed42,accuracy,significant,15.351777907986493,3,paired_delta,mixed_with_nondeterminism,uncontrolled,0.0024827155103755096,0.6871,0,1,2,0,1,1,5,要注意,scripts/train_b2a.py
transfer/b2a_mask_dim_02/b2a_mask_dim_02@val~relation_detr_seed42,edit_score,not_significant,0.4982896596207346,3,paired_delta,mixed_with_nondeterminism,uncontrolled,2.6044123969588573,0.9876,0,1,2,3,0,1,7,脆い,scripts/train_b2a.py
transfer/b2a_mask_dim_02/b2a_mask_dim_02@val~relation_detr_seed42,jaccard,significant,10.697126660570685,3,paired_delta,mixed_with_nondeterminism,uncontrolled,0.010565105552016186,1.1449,0,1,2,0,0,1,4,要注意,scripts/train_b2a.py
transfer/b2a_mask_dim_02/b2a_mask_dim_02@val~relation_detr_seed42,macro_f1,significant,7.7486015113873545,3,paired_delta,mixed_with_nondeterminism,uncontrolled,0.012613775214632092,1.4477,0,1,2,0,0,1,4,要注意,scripts/train_b2a.py
transfer/b2a_mask_dim_02/b2a_mask_dim_02@val~relation_detr_seed42,seg_f1_10,significant,1.2936985819240254,3,paired_delta,mixed_with_nondeterminism,uncontrolled,0.019664848386705,0.6834,0,1,2,3,1,1,8,脆い,scripts/train_b2a.py
transfer/b2a_mask_dim_02/b2a_mask_dim_02@val~relation_detr_seed42,seg_f1_25,not_significant,1.06092795851861,3,paired_delta,mixed_with_nondeterminism,uncontrolled,0.03196297627639385,1.1766,0,1,2,3,0,1,7,脆い,scripts/train_b2a.py
transfer/b2a_mask_dim_02/b2a_mask_dim_02@val~relation_detr_seed42,seg_f1_50,significant,1.6071415746207391,3,paired_delta,mixed_with_nondeterminism,uncontrolled,0.04179221108403429,1.2100,0,1,2,2,0,1,6,脆い,scripts/train_b2a.py
transfer/b2a_mask_dim_03/b2a_mask_dim_03@val~relation_detr_seed42,accuracy,significant,7.066024276399768,3,paired_delta,mixed_with_nondeterminism,uncontrolled,0.005705374842915346,1.5789,0,1,2,0,0,1,4,要注意,scripts/train_b2a.py
transfer/b2a_mask_dim_03/b2a_mask_dim_03@val~relation_detr_seed42,edit_score,significant,2.69100204502118,3,paired_delta,mixed_with_nondeterminism,uncontrolled,2.1021993586393313,0.7972,0,1,2,1,0,1,5,要注意,scripts/train_b2a.py
transfer/b2a_mask_dim_03/b2a_mask_dim_03@val~relation_detr_seed42,jaccard,significant,6.541926353600238,3,paired_delta,mixed_with_nondeterminism,uncontrolled,0.0174324766320599,1.8891,0,1,2,0,0,1,4,要注意,scripts/train_b2a.py
transfer/b2a_mask_dim_03/b2a_mask_dim_03@val~relation_detr_seed42,macro_f1,significant,5.93895461662478,3,paired_delta,mixed_with_nondeterminism,uncontrolled,0.01643632810840483,1.8864,0,1,2,0,0,1,4,要注意,scripts/train_b2a.py
transfer/b2a_mask_dim_03/b2a_mask_dim_03@val~relation_detr_seed42,seg_f1_10,significant,1.8130844968516566,3,paired_delta,mixed_with_nondeterminism,uncontrolled,0.04678356182890457,1.6257,0,1,2,2,0,1,6,脆い,scripts/train_b2a.py
transfer/b2a_mask_dim_03/b2a_mask_dim_03@val~relation_detr_seed42,seg_f1_25,significant,1.9509239288089804,3,paired_delta,mixed_with_nondeterminism,uncontrolled,0.0511526542264182,1.8829,0,1,2,2,0,1,6,脆い,scripts/train_b2a.py
transfer/b2a_mask_dim_03/b2a_mask_dim_03@val~relation_detr_seed42,seg_f1_50,significant,2.376595291586956,3,paired_delta,mixed_with_nondeterminism,uncontrolled,0.06248507001273657,1.8091,0,1,2,1,0,1,5,要注意,scripts/train_b2a.py
transfer/b2a_mask_dim_04/b2a_mask_dim_04@val~relation_detr_seed42,accuracy,significant,5.044446669330172,3,paired_delta,mixed_with_nondeterminism,uncontrolled,0.007730121396640095,2.1393,0,1,2,0,0,1,4,要注意,scripts/train_b2a.py
transfer/b2a_mask_dim_04/b2a_mask_dim_04@val~relation_detr_seed42,edit_score,significant,1.7900735250437891,3,paired_delta,mixed_with_nondeterminism,uncontrolled,1.907874419676392,0.7235,0,1,2,2,1,1,7,脆い,scripts/train_b2a.py
transfer/b2a_mask_dim_04/b2a_mask_dim_04@val~relation_detr_seed42,jaccard,significant,7.036837398947758,3,paired_delta,mixed_with_nondeterminism,uncontrolled,0.016505149319486736,1.7886,0,1,2,0,0,1,4,要注意,scripts/train_b2a.py
transfer/b2a_mask_dim_04/b2a_mask_dim_04@val~relation_detr_seed42,macro_f1,significant,6.473673701222727,3,paired_delta,mixed_with_nondeterminism,uncontrolled,0.01530214615133167,1.7562,0,1,2,0,0,1,4,要注意,scripts/train_b2a.py
transfer/b2a_mask_dim_04/b2a_mask_dim_04@val~relation_detr_seed42,seg_f1_10,significant,1.9167933593249589,3,paired_delta,mixed_with_nondeterminism,uncontrolled,0.030384634249977355,1.0559,0,1,2,2,0,1,6,脆い,scripts/train_b2a.py
transfer/b2a_mask_dim_04/b2a_mask_dim_04@val~relation_detr_seed42,seg_f1_25,significant,1.6015846748955822,3,paired_delta,mixed_with_nondeterminism,uncontrolled,0.035175697757028015,1.2948,0,1,2,2,0,1,6,脆い,scripts/train_b2a.py
transfer/b2a_mask_dim_04/b2a_mask_dim_04@val~relation_detr_seed42,seg_f1_50,significant,2.3279136535542397,3,paired_delta,mixed_with_nondeterminism,uncontrolled,0.042422878149906494,1.2282,0,1,2,1,0,1,5,要注意,scripts/train_b2a.py
transfer/b2a_mask_dim_05/b2a_mask_dim_05@val~relation_detr_seed42,accuracy,significant,5.062906450043864,3,paired_delta,mixed_with_nondeterminism,uncontrolled,0.008093055551568806,2.2397,0,1,2,0,0,1,4,要注意,scripts/train_b2a.py
transfer/b2a_mask_dim_05/b2a_mask_dim_05@val~relation_detr_seed42,edit_score,not_significant,0.9691678355313981,3,paired_delta,mixed_with_nondeterminism,uncontrolled,2.8625050559886667,1.0855,0,1,2,3,0,1,7,脆い,scripts/train_b2a.py
transfer/b2a_mask_dim_05/b2a_mask_dim_05@val~relation_detr_seed42,jaccard,significant,7.862115610844838,3,paired_delta,mixed_with_nondeterminism,uncontrolled,0.015112454347183613,1.6377,0,1,2,0,0,1,4,要注意,scripts/train_b2a.py
transfer/b2a_mask_dim_05/b2a_mask_dim_05@val~relation_detr_seed42,macro_f1,significant,7.000736483613281,3,paired_delta,mixed_with_nondeterminism,uncontrolled,0.014419904711633822,1.6550,0,1,2,0,0,1,4,要注意,scripts/train_b2a.py
transfer/b2a_mask_dim_05/b2a_mask_dim_05@val~relation_detr_seed42,seg_f1_10,significant,2.2548417419990234,3,paired_delta,mixed_with_nondeterminism,uncontrolled,0.022004134783945365,0.7646,0,1,2,1,0,1,5,要注意,scripts/train_b2a.py
transfer/b2a_mask_dim_05/b2a_mask_dim_05@val~relation_detr_seed42,seg_f1_25,significant,2.557769374127774,3,paired_delta,mixed_with_nondeterminism,uncontrolled,0.02241836016439331,0.8252,0,1,2,1,0,1,5,要注意,scripts/train_b2a.py
transfer/b2a_mask_dim_05/b2a_mask_dim_05@val~relation_detr_seed42,seg_f1_50,significant,2.1221463849687323,3,paired_delta,mixed_with_nondeterminism,uncontrolled,0.047237396435413484,1.3676,0,1,2,1,0,1,5,要注意,scripts/train_b2a.py
transfer/b2a_mask_dim_06/b2a_mask_dim_06@val~relation_detr_seed42,accuracy,significant,9.449719527173398,3,paired_delta,mixed_with_nondeterminism,uncontrolled,0.0036375389753897083,1.0067,0,1,2,0,0,1,4,要注意,scripts/train_b2a.py
transfer/b2a_mask_dim_06/b2a_mask_dim_06@val~relation_detr_seed42,edit_score,significant,1.518336202322676,3,paired_delta,mixed_with_nondeterminism,uncontrolled,4.0586503691773155,1.5390,0,1,2,2,0,1,6,脆い,scripts/train_b2a.py
transfer/b2a_mask_dim_06/b2a_mask_dim_06@val~relation_detr_seed42,jaccard,significant,5.824977545896408,3,paired_delta,mixed_with_nondeterminism,uncontrolled,0.016925365999715114,1.8341,0,1,2,0,0,1,4,要注意,scripts/train_b2a.py
transfer/b2a_mask_dim_06/b2a_mask_dim_06@val~relation_detr_seed42,macro_f1,significant,5.5413493652309205,3,paired_delta,mixed_with_nondeterminism,uncontrolled,0.015289311737735047,1.7548,0,1,2,0,0,1,4,要注意,scripts/train_b2a.py
transfer/b2a_mask_dim_06/b2a_mask_dim_06@val~relation_detr_seed42,seg_f1_10,significant,1.7729727076886688,3,paired_delta,mixed_with_nondeterminism,uncontrolled,0.049885614006554176,1.7335,0,1,2,2,0,1,6,脆い,scripts/train_b2a.py
transfer/b2a_mask_dim_06/b2a_mask_dim_06@val~relation_detr_seed42,seg_f1_25,significant,1.9038027103859656,3,paired_delta,mixed_with_nondeterminism,uncontrolled,0.049638768754383264,1.8272,0,1,2,2,0,1,6,脆い,scripts/train_b2a.py
transfer/b2a_mask_dim_06/b2a_mask_dim_06@val~relation_detr_seed42,seg_f1_50,significant,2.8802552308598526,3,paired_delta,mixed_with_nondeterminism,uncontrolled,0.046413564446762326,1.3438,0,1,2,1,0,1,5,要注意,scripts/train_b2a.py
transfer/b2a_mask_dim_07/b2a_mask_dim_07@val~relation_detr_seed42,accuracy,significant,5.500548683943734,3,paired_delta,mixed_with_nondeterminism,uncontrolled,0.006449144464650353,1.7848,0,1,2,0,0,1,4,要注意,scripts/train_b2a.py
transfer/b2a_mask_dim_07/b2a_mask_dim_07@val~relation_detr_seed42,edit_score,significant,5.016943787873991,3,paired_delta,mixed_with_nondeterminism,uncontrolled,0.30946752294413626,0.1173,0,1,2,0,3,1,7,脆い,scripts/train_b2a.py
transfer/b2a_mask_dim_07/b2a_mask_dim_07@val~relation_detr_seed42,jaccard,significant,5.290493886596152,3,paired_delta,mixed_with_nondeterminism,uncontrolled,0.018329523175287927,1.9863,0,1,2,0,0,1,4,要注意,scripts/train_b2a.py
transfer/b2a_mask_dim_07/b2a_mask_dim_07@val~relation_detr_seed42,macro_f1,significant,5.398627014998547,3,paired_delta,mixed_with_nondeterminism,uncontrolled,0.015573862321155115,1.7874,0,1,2,0,0,1,4,要注意,scripts/train_b2a.py
transfer/b2a_mask_dim_07/b2a_mask_dim_07@val~relation_detr_seed42,seg_f1_10,significant,5.155147568838568,3,paired_delta,mixed_with_nondeterminism,uncontrolled,0.0072814331409927265,0.2530,0,1,2,0,2,1,6,脆い,scripts/train_b2a.py
transfer/b2a_mask_dim_07/b2a_mask_dim_07@val~relation_detr_seed42,seg_f1_25,significant,4.251936178210054,3,paired_delta,mixed_with_nondeterminism,uncontrolled,0.01036291344947137,0.3815,0,1,2,0,2,1,6,脆い,scripts/train_b2a.py
transfer/b2a_mask_dim_07/b2a_mask_dim_07@val~relation_detr_seed42,seg_f1_50,significant,5.05529220950424,3,paired_delta,mixed_with_nondeterminism,uncontrolled,0.015939525227184097,0.4615,0,1,2,0,2,1,6,脆い,scripts/train_b2a.py
transfer/b2a_mask_dim_08/b2a_mask_dim_08@val~relation_detr_seed42,accuracy,significant,9.913633853619364,3,paired_delta,mixed_with_nondeterminism,uncontrolled,0.003955583564414432,1.0947,0,1,2,0,0,1,4,要注意,scripts/train_b2a.py
transfer/b2a_mask_dim_08/b2a_mask_dim_08@val~relation_detr_seed42,edit_score,not_significant,0.20335593160646795,3,paired_delta,mixed_with_nondeterminism,uncontrolled,6.395873875800174,2.4253,0,1,2,3,0,1,7,脆い,scripts/train_b2a.py
transfer/b2a_mask_dim_08/b2a_mask_dim_08@val~relation_detr_seed42,jaccard,significant,10.357724439588194,3,paired_delta,mixed_with_nondeterminism,uncontrolled,0.0108009121352056,1.1704,0,1,2,0,0,1,4,要注意,scripts/train_b2a.py
transfer/b2a_mask_dim_08/b2a_mask_dim_08@val~relation_detr_seed42,macro_f1,significant,7.61590693805282,3,paired_delta,mixed_with_nondeterminism,uncontrolled,0.012578561501096036,1.4437,0,1,2,0,0,1,4,要注意,scripts/train_b2a.py
transfer/b2a_mask_dim_08/b2a_mask_dim_08@val~relation_detr_seed42,seg_f1_10,not_significant,0.7794288976585947,3,paired_delta,mixed_with_nondeterminism,uncontrolled,0.06090519849021641,2.1165,0,1,2,3,0,1,7,脆い,scripts/train_b2a.py
transfer/b2a_mask_dim_08/b2a_mask_dim_08@val~relation_detr_seed42,seg_f1_25,not_significant,0.7843918121751913,3,paired_delta,mixed_with_nondeterminism,uncontrolled,0.07174915797955139,2.6411,0,1,2,3,0,1,7,脆い,scripts/train_b2a.py
transfer/b2a_mask_dim_08/b2a_mask_dim_08@val~relation_detr_seed42,seg_f1_50,not_significant,1.0673411537427042,3,paired_delta,mixed_with_nondeterminism,uncontrolled,0.07713256193488069,2.2332,0,1,2,3,0,1,7,脆い,scripts/train_b2a.py
transfer/b2a_mask_dim_09/b2a_mask_dim_09@val~relation_detr_seed42,accuracy,significant,10.100355030982222,3,paired_delta,mixed_with_nondeterminism,uncontrolled,0.0030328982451829425,0.8393,0,1,2,0,0,1,4,要注意,scripts/train_b2a.py
transfer/b2a_mask_dim_09/b2a_mask_dim_09@val~relation_detr_seed42,edit_score,significant,1.3853009627377313,3,paired_delta,mixed_with_nondeterminism,uncontrolled,2.35122717801567,0.8916,0,1,2,3,0,1,7,脆い,scripts/train_b2a.py
transfer/b2a_mask_dim_09/b2a_mask_dim_09@val~relation_detr_seed42,jaccard,significant,10.21518163589708,3,paired_delta,mixed_with_nondeterminism,uncontrolled,0.009109081403535316,0.9871,0,1,2,0,0,1,4,要注意,scripts/train_b2a.py
transfer/b2a_mask_dim_09/b2a_mask_dim_09@val~relation_detr_seed42,macro_f1,significant,9.829997213239261,3,paired_delta,mixed_with_nondeterminism,uncontrolled,0.00843279949228465,0.9678,0,1,2,0,0,1,4,要注意,scripts/train_b2a.py
transfer/b2a_mask_dim_09/b2a_mask_dim_09@val~relation_detr_seed42,seg_f1_10,significant,1.4800235799144223,3,paired_delta,mixed_with_nondeterminism,uncontrolled,0.027982294347329826,0.9724,0,1,2,3,0,1,7,脆い,scripts/train_b2a.py
transfer/b2a_mask_dim_09/b2a_mask_dim_09@val~relation_detr_seed42,seg_f1_25,significant,2.0451239527683898,3,paired_delta,mixed_with_nondeterminism,uncontrolled,0.02543759246881628,0.9364,0,1,2,1,0,1,5,要注意,scripts/train_b2a.py
transfer/b2a_mask_dim_09/b2a_mask_dim_09@val~relation_detr_seed42,seg_f1_50,significant,2.9597409992878427,3,paired_delta,mixed_with_nondeterminism,uncontrolled,0.026858306833576102,0.7776,0,1,2,1,0,1,5,要注意,scripts/train_b2a.py
transfer/b2a_mask_dim_10/b2a_mask_dim_10@val~relation_detr_seed42,accuracy,significant,5.605349296525948,3,paired_delta,mixed_with_nondeterminism,uncontrolled,0.006289315657321251,1.7405,0,1,2,0,0,1,4,要注意,scripts/train_b2a.py
transfer/b2a_mask_dim_10/b2a_mask_dim_10@val~relation_detr_seed42,edit_score,significant,3.6078670300149542,3,paired_delta,mixed_with_nondeterminism,uncontrolled,1.7554843958317081,0.6657,0,1,2,0,1,1,5,要注意,scripts/train_b2a.py
transfer/b2a_mask_dim_10/b2a_mask_dim_10@val~relation_detr_seed42,jaccard,significant,4.911028625614869,3,paired_delta,mixed_with_nondeterminism,uncontrolled,0.02062701944493317,2.2352,0,1,2,0,0,1,4,要注意,scripts/train_b2a.py
transfer/b2a_mask_dim_10/b2a_mask_dim_10@val~relation_detr_seed42,macro_f1,significant,4.776328709862611,3,paired_delta,mixed_with_nondeterminism,uncontrolled,0.018170343369579903,2.0854,0,1,2,0,0,1,4,要注意,scripts/train_b2a.py
transfer/b2a_mask_dim_10/b2a_mask_dim_10@val~relation_detr_seed42,seg_f1_10,significant,1.8522253181873438,3,paired_delta,mixed_with_nondeterminism,uncontrolled,0.04056709802954345,1.4097,0,1,2,2,0,1,6,脆い,scripts/train_b2a.py
transfer/b2a_mask_dim_10/b2a_mask_dim_10@val~relation_detr_seed42,seg_f1_25,significant,1.4161663883090276,3,paired_delta,mixed_with_nondeterminism,uncontrolled,0.05480135402231781,2.0172,0,1,2,3,0,1,7,脆い,scripts/train_b2a.py
transfer/b2a_mask_dim_10/b2a_mask_dim_10@val~relation_detr_seed42,seg_f1_50,significant,1.92811527239885,3,paired_delta,mixed_with_nondeterminism,uncontrolled,0.057593851226099904,1.6675,0,1,2,2,0,1,6,脆い,scripts/train_b2a.py
transfer/b2a_mask_dim_11/b2a_mask_dim_11@val~relation_detr_seed42,accuracy,significant,5.59212840214711,3,paired_delta,mixed_with_nondeterminism,uncontrolled,0.006855014114389779,1.8971,0,1,2,0,0,1,4,要注意,scripts/train_b2a.py
transfer/b2a_mask_dim_11/b2a_mask_dim_11@val~relation_detr_seed42,edit_score,not_significant,0.12283418055989076,3,paired_delta,mixed_with_nondeterminism,uncontrolled,7.779425879338131,2.9500,0,1,2,3,0,1,7,脆い,scripts/train_b2a.py
transfer/b2a_mask_dim_11/b2a_mask_dim_11@val~relation_detr_seed42,jaccard,significant,6.2323818654575,3,paired_delta,mixed_with_nondeterminism,uncontrolled,0.016775090968331546,1.8178,0,1,2,0,0,1,4,要注意,scripts/train_b2a.py
transfer/b2a_mask_dim_11/b2a_mask_dim_11@val~relation_detr_seed42,macro_f1,significant,6.130855304548557,3,paired_delta,mixed_with_nondeterminism,uncontrolled,0.014988845295915605,1.7203,0,1,2,0,0,1,4,要注意,scripts/train_b2a.py
transfer/b2a_mask_dim_11/b2a_mask_dim_11@val~relation_detr_seed42,seg_f1_10,not_significant,0.49918871306185975,3,paired_delta,mixed_with_nondeterminism,uncontrolled,0.08536628430112879,2.9665,0,1,2,3,0,1,7,脆い,scripts/train_b2a.py
transfer/b2a_mask_dim_11/b2a_mask_dim_11@val~relation_detr_seed42,seg_f1_25,not_significant,0.6568844615127402,3,paired_delta,mixed_with_nondeterminism,uncontrolled,0.08833875992046801,3.2517,0,1,2,3,0,1,7,脆い,scripts/train_b2a.py
transfer/b2a_mask_dim_11/b2a_mask_dim_11@val~relation_detr_seed42,seg_f1_50,not_significant,0.944820522016876,3,paired_delta,mixed_with_nondeterminism,uncontrolled,0.09635541522797059,2.7897,0,1,2,3,0,1,7,脆い,scripts/train_b2a.py
transfer/b2a_mask_dim_12/b2a_mask_dim_12@val~relation_detr_seed42,accuracy,significant,14.58401091351446,3,paired_delta,mixed_with_nondeterminism,uncontrolled,0.002749195360697807,0.7608,0,1,2,0,0,1,4,要注意,scripts/train_b2a.py
transfer/b2a_mask_dim_12/b2a_mask_dim_12@val~relation_detr_seed42,edit_score,significant,1.6209282612798517,3,paired_delta,mixed_with_nondeterminism,uncontrolled,1.8748593035159,0.7109,0,1,2,2,1,1,7,脆い,scripts/train_b2a.py
transfer/b2a_mask_dim_12/b2a_mask_dim_12@val~relation_detr_seed42,jaccard,significant,14.589161804707736,3,paired_delta,mixed_with_nondeterminism,uncontrolled,0.007687996590995269,0.8331,0,1,2,0,0,1,4,要注意,scripts/train_b2a.py
transfer/b2a_mask_dim_12/b2a_mask_dim_12@val~relation_detr_seed42,macro_f1,significant,9.512648927359166,3,paired_delta,mixed_with_nondeterminism,uncontrolled,0.010069739246318744,1.1557,0,1,2,0,0,1,4,要注意,scripts/train_b2a.py
transfer/b2a_mask_dim_12/b2a_mask_dim_12@val~relation_detr_seed42,seg_f1_10,significant,2.581181048865152,3,paired_delta,mixed_with_nondeterminism,uncontrolled,0.017423519709258647,0.6055,0,1,2,1,1,1,6,脆い,scripts/train_b2a.py
transfer/b2a_mask_dim_12/b2a_mask_dim_12@val~relation_detr_seed42,seg_f1_25,significant,2.922556384489946,3,paired_delta,mixed_with_nondeterminism,uncontrolled,0.01920039183649909,0.7068,0,1,2,1,1,1,6,脆い,scripts/train_b2a.py
transfer/b2a_mask_dim_12/b2a_mask_dim_12@val~relation_detr_seed42,seg_f1_50,significant,3.150422396624615,3,paired_delta,mixed_with_nondeterminism,uncontrolled,0.03211933697741854,0.9299,0,1,2,0,0,1,4,要注意,scripts/train_b2a.py
transfer/b2a_mask_dim_13/b2a_mask_dim_13@val~relation_detr_seed42,accuracy,significant,14.147994434152574,3,paired_delta,mixed_with_nondeterminism,uncontrolled,0.0028339207603174095,0.7843,0,1,2,0,0,1,4,要注意,scripts/train_b2a.py
transfer/b2a_mask_dim_13/b2a_mask_dim_13@val~relation_detr_seed42,edit_score,not_significant,0.3611847955754037,3,paired_delta,mixed_with_nondeterminism,uncontrolled,1.899546244090973,0.7203,0,1,2,3,1,1,8,脆い,scripts/train_b2a.py
transfer/b2a_mask_dim_13/b2a_mask_dim_13@val~relation_detr_seed42,jaccard,significant,15.31397486800345,3,paired_delta,mixed_with_nondeterminism,uncontrolled,0.007602056939397843,0.8238,0,1,2,0,0,1,4,要注意,scripts/train_b2a.py
transfer/b2a_mask_dim_13/b2a_mask_dim_13@val~relation_detr_seed42,macro_f1,significant,9.572405088242105,3,paired_delta,mixed_with_nondeterminism,uncontrolled,0.010414626378802867,1.1953,0,1,2,0,0,1,4,要注意,scripts/train_b2a.py
transfer/b2a_mask_dim_13/b2a_mask_dim_13@val~relation_detr_seed42,seg_f1_10,not_significant,0.8063697300347046,3,paired_delta,mixed_with_nondeterminism,uncontrolled,0.038356093886464784,1.3329,0,1,2,3,0,1,7,脆い,scripts/train_b2a.py
transfer/b2a_mask_dim_13/b2a_mask_dim_13@val~relation_detr_seed42,seg_f1_25,significant,1.226362362937097,3,paired_delta,mixed_with_nondeterminism,uncontrolled,0.031848578318336186,1.1723,0,1,2,3,0,1,7,脆い,scripts/train_b2a.py
transfer/b2a_mask_dim_13/b2a_mask_dim_13@val~relation_detr_seed42,seg_f1_50,significant,1.572885294997179,3,paired_delta,mixed_with_nondeterminism,uncontrolled,0.04858429638957838,1.4066,0,1,2,2,0,1,6,脆い,scripts/train_b2a.py
transfer/b2a_mask_dim_14/b2a_mask_dim_14@val~relation_detr_seed42,accuracy,significant,10.760588856931175,3,paired_delta,mixed_with_nondeterminism,uncontrolled,0.003685137650608906,1.0198,0,1,2,0,0,1,4,要注意,scripts/train_b2a.py
transfer/b2a_mask_dim_14/b2a_mask_dim_14@val~relation_detr_seed42,edit_score,significant,1.1838168103507813,3,paired_delta,mixed_with_nondeterminism,uncontrolled,1.7312477076766324,0.6565,0,1,2,3,1,1,8,脆い,scripts/train_b2a.py
transfer/b2a_mask_dim_14/b2a_mask_dim_14@val~relation_detr_seed42,jaccard,significant,18.185870583140183,3,paired_delta,mixed_with_nondeterminism,uncontrolled,0.0060817099184069245,0.6590,0,1,2,0,1,1,5,要注意,scripts/train_b2a.py
transfer/b2a_mask_dim_14/b2a_mask_dim_14@val~relation_detr_seed42,macro_f1,significant,11.730373044518373,3,paired_delta,mixed_with_nondeterminism,uncontrolled,0.00811140845575918,0.9310,0,1,2,0,0,1,4,要注意,scripts/train_b2a.py
transfer/b2a_mask_dim_14/b2a_mask_dim_14@val~relation_detr_seed42,seg_f1_10,significant,1.9406040420151207,3,paired_delta,mixed_with_nondeterminism,uncontrolled,0.020339436170275293,0.7068,0,1,2,2,1,1,7,脆い,scripts/train_b2a.py
transfer/b2a_mask_dim_14/b2a_mask_dim_14@val~relation_detr_seed42,seg_f1_25,significant,2.3025063957689276,3,paired_delta,mixed_with_nondeterminism,uncontrolled,0.020222082311098483,0.7444,0,1,2,1,1,1,6,脆い,scripts/train_b2a.py
transfer/b2a_mask_dim_14/b2a_mask_dim_14@val~relation_detr_seed42,seg_f1_50,significant,2.934305826595296,3,paired_delta,mixed_with_nondeterminism,uncontrolled,0.031202127595269854,0.9034,0,1,2,1,0,1,5,要注意,scripts/train_b2a.py
transfer/b2a_oracle_mask_00/b2a_oracle_mask_00@val~relation_detr_seed42,accuracy,significant,8.212588341594508,3,paired_delta,mixed_with_nondeterminism,uncontrolled,0.006060849657897955,1.6773,0,1,2,0,0,1,4,要注意,scripts/train_b2a.py
transfer/b2a_oracle_mask_00/b2a_oracle_mask_00@val~relation_detr_seed42,edit_score,significant,4.568736997596989,3,paired_delta,mixed_with_nondeterminism,uncontrolled,2.7676970290231955,1.0495,0,1,2,0,0,1,4,要注意,scripts/train_b2a.py
transfer/b2a_oracle_mask_00/b2a_oracle_mask_00@val~relation_detr_seed42,jaccard,significant,7.753642058840284,3,paired_delta,mixed_with_nondeterminism,uncontrolled,0.015662862798481263,1.6973,0,1,2,0,0,1,4,要注意,scripts/train_b2a.py
transfer/b2a_oracle_mask_00/b2a_oracle_mask_00@val~relation_detr_seed42,macro_f1,significant,7.901964015321446,3,paired_delta,mixed_with_nondeterminism,uncontrolled,0.012640280607554349,1.4507,0,1,2,0,0,1,4,要注意,scripts/train_b2a.py
transfer/b2a_oracle_mask_00/b2a_oracle_mask_00@val~relation_detr_seed42,seg_f1_10,significant,7.671193142886655,3,paired_delta,mixed_with_nondeterminism,uncontrolled,0.020654977187159935,0.7178,0,1,2,0,1,1,5,要注意,scripts/train_b2a.py
transfer/b2a_oracle_mask_00/b2a_oracle_mask_00@val~relation_detr_seed42,seg_f1_25,significant,7.921759643968294,3,paired_delta,mixed_with_nondeterminism,uncontrolled,0.020746228006123107,0.7637,0,1,2,0,0,1,4,要注意,scripts/train_b2a.py
transfer/b2a_oracle_mask_00/b2a_oracle_mask_00@val~relation_detr_seed42,seg_f1_50,significant,6.941975854112441,3,paired_delta,mixed_with_nondeterminism,uncontrolled,0.024768073365950768,0.7171,0,1,2,0,1,1,5,要注意,scripts/train_b2a.py
transfer/b2a_oracle_mask_01/b2a_oracle_mask_01@val~relation_detr_seed42,accuracy,significant,12.13334400459279,3,paired_delta,mixed_with_nondeterminism,uncontrolled,0.005063437526700487,1.4013,0,1,2,0,0,1,4,要注意,scripts/train_b2a.py
transfer/b2a_oracle_mask_01/b2a_oracle_mask_01@val~relation_detr_seed42,edit_score,significant,9.595542938018669,3,paired_delta,mixed_with_nondeterminism,uncontrolled,1.6924101991852676,0.6418,0,1,2,0,1,1,5,要注意,scripts/train_b2a.py
transfer/b2a_oracle_mask_01/b2a_oracle_mask_01@val~relation_detr_seed42,jaccard,significant,16.08082005976939,3,paired_delta,mixed_with_nondeterminism,uncontrolled,0.010101089342883745,1.0946,0,1,2,0,0,1,4,要注意,scripts/train_b2a.py
transfer/b2a_oracle_mask_01/b2a_oracle_mask_01@val~relation_detr_seed42,macro_f1,significant,15.566142036805434,3,paired_delta,mixed_with_nondeterminism,uncontrolled,0.008300054939030056,0.9526,0,1,2,0,0,1,4,要注意,scripts/train_b2a.py
transfer/b2a_oracle_mask_01/b2a_oracle_mask_01@val~relation_detr_seed42,seg_f1_10,significant,18.593247669043784,3,paired_delta,mixed_with_nondeterminism,uncontrolled,0.01056341742824568,0.3671,0,1,2,0,2,1,6,脆い,scripts/train_b2a.py
transfer/b2a_oracle_mask_01/b2a_oracle_mask_01@val~relation_detr_seed42,seg_f1_25,significant,21.627101722951863,3,paired_delta,mixed_with_nondeterminism,uncontrolled,0.009971476067568921,0.3670,0,1,2,0,2,1,6,脆い,scripts/train_b2a.py
transfer/b2a_oracle_mask_01/b2a_oracle_mask_01@val~relation_detr_seed42,seg_f1_50,significant,7.096105022525524,3,paired_delta,mixed_with_nondeterminism,uncontrolled,0.034585230957096355,1.0013,0,1,2,0,0,1,4,要注意,scripts/train_b2a.py
transfer/b2a_oracle_mask_02/b2a_oracle_mask_02@val~relation_detr_seed42,accuracy,significant,11.263566361405665,3,paired_delta,mixed_with_nondeterminism,uncontrolled,0.00551304030813848,1.5257,0,1,2,0,0,1,4,要注意,scripts/train_b2a.py
transfer/b2a_oracle_mask_02/b2a_oracle_mask_02@val~relation_detr_seed42,edit_score,significant,2.250203010058398,3,paired_delta,mixed_with_nondeterminism,uncontrolled,5.934044872390398,2.2502,0,1,2,1,0,1,5,要注意,scripts/train_b2a.py
transfer/b2a_oracle_mask_02/b2a_oracle_mask_02@val~relation_detr_seed42,jaccard,significant,12.60262714287398,3,paired_delta,mixed_with_nondeterminism,uncontrolled,0.013233758375506032,1.4341,0,1,2,0,0,1,4,要注意,scripts/train_b2a.py
transfer/b2a_oracle_mask_02/b2a_oracle_mask_02@val~relation_detr_seed42,macro_f1,significant,11.88902913058508,3,paired_delta,mixed_with_nondeterminism,uncontrolled,0.011093779939837784,1.2732,0,1,2,0,0,1,4,要注意,scripts/train_b2a.py
transfer/b2a_oracle_mask_02/b2a_oracle_mask_02@val~relation_detr_seed42,seg_f1_10,significant,3.419733918115804,3,paired_delta,mixed_with_nondeterminism,uncontrolled,0.05032689011015303,1.7489,0,1,2,0,0,1,4,要注意,scripts/train_b2a.py
transfer/b2a_oracle_mask_02/b2a_oracle_mask_02@val~relation_detr_seed42,seg_f1_25,significant,3.882059283078569,3,paired_delta,mixed_with_nondeterminism,uncontrolled,0.049290969023445486,1.8144,0,1,2,0,0,1,4,要注意,scripts/train_b2a.py
transfer/b2a_oracle_mask_02/b2a_oracle_mask_02@val~relation_detr_seed42,seg_f1_50,significant,3.219295075244421,3,paired_delta,mixed_with_nondeterminism,uncontrolled,0.06822149374425336,1.9752,0,1,2,0,0,1,4,要注意,scripts/train_b2a.py
transfer/b2a_oracle_mask_03/b2a_oracle_mask_03@val~relation_detr_seed42,accuracy,significant,15.460601039052316,3,paired_delta,mixed_with_nondeterminism,uncontrolled,0.004059128180845261,1.1233,0,1,2,0,0,1,4,要注意,scripts/train_b2a.py
transfer/b2a_oracle_mask_03/b2a_oracle_mask_03@val~relation_detr_seed42,edit_score,significant,12.178757438155806,3,paired_delta,mixed_with_nondeterminism,uncontrolled,1.2727956824907651,0.4826,0,1,2,0,2,1,6,脆い,scripts/train_b2a.py
transfer/b2a_oracle_mask_03/b2a_oracle_mask_03@val~relation_detr_seed42,jaccard,significant,33.15663193254934,3,paired_delta,mixed_with_nondeterminism,uncontrolled,0.0051117209770421695,0.5539,0,1,2,0,1,1,5,要注意,scripts/train_b2a.py
transfer/b2a_oracle_mask_03/b2a_oracle_mask_03@val~relation_detr_seed42,macro_f1,significant,18.545848505830165,3,paired_delta,mixed_with_nondeterminism,uncontrolled,0.0071998940037346785,0.8263,0,1,2,0,0,1,4,要注意,scripts/train_b2a.py
transfer/b2a_oracle_mask_03/b2a_oracle_mask_03@val~relation_detr_seed42,seg_f1_10,significant,35.08649179552101,3,paired_delta,mixed_with_nondeterminism,uncontrolled,0.005365886812739826,0.1865,0,1,2,0,3,1,7,脆い,scripts/train_b2a.py
transfer/b2a_oracle_mask_03/b2a_oracle_mask_03@val~relation_detr_seed42,seg_f1_25,significant,14.613086307379534,3,paired_delta,mixed_with_nondeterminism,uncontrolled,0.013896557214633249,0.5115,0,1,2,0,1,1,5,要注意,scripts/train_b2a.py
transfer/b2a_oracle_mask_03/b2a_oracle_mask_03@val~relation_detr_seed42,seg_f1_50,significant,7.705289978748063,3,paired_delta,mixed_with_nondeterminism,uncontrolled,0.03241542912599415,0.9385,0,1,2,0,0,1,4,要注意,scripts/train_b2a.py
transfer/b2a_oracle_mask_04/b2a_oracle_mask_04@val~relation_detr_seed42,accuracy,significant,15.54284050889067,3,paired_delta,mixed_with_nondeterminism,uncontrolled,0.003981027362805911,1.1017,0,1,2,0,0,1,4,要注意,scripts/train_b2a.py
transfer/b2a_oracle_mask_04/b2a_oracle_mask_04@val~relation_detr_seed42,edit_score,significant,5.72886638105108,3,paired_delta,mixed_with_nondeterminism,uncontrolled,2.46668916445703,0.9354,0,1,2,0,0,1,4,要注意,scripts/train_b2a.py
transfer/b2a_oracle_mask_04/b2a_oracle_mask_04@val~relation_detr_seed42,jaccard,significant,20.178287422057025,3,paired_delta,mixed_with_nondeterminism,uncontrolled,0.008251414013591732,0.8942,0,1,2,0,0,1,4,要注意,scripts/train_b2a.py
transfer/b2a_oracle_mask_04/b2a_oracle_mask_04@val~relation_detr_seed42,macro_f1,significant,18.90019707495236,3,paired_delta,mixed_with_nondeterminism,uncontrolled,0.006968218587114093,0.7997,0,1,2,0,0,1,4,要注意,scripts/train_b2a.py
transfer/b2a_oracle_mask_04/b2a_oracle_mask_04@val~relation_detr_seed42,seg_f1_10,significant,7.003407304369262,3,paired_delta,mixed_with_nondeterminism,uncontrolled,0.024947158888323284,0.8669,0,1,2,0,0,1,4,要注意,scripts/train_b2a.py
transfer/b2a_oracle_mask_04/b2a_oracle_mask_04@val~relation_detr_seed42,seg_f1_25,significant,6.564349352151133,3,paired_delta,mixed_with_nondeterminism,uncontrolled,0.028896618857207335,1.0637,0,1,2,0,0,1,4,要注意,scripts/train_b2a.py
transfer/b2a_oracle_mask_04/b2a_oracle_mask_04@val~relation_detr_seed42,seg_f1_50,significant,4.400520001921352,3,paired_delta,mixed_with_nondeterminism,uncontrolled,0.05018552231570142,1.4530,0,1,2,0,0,1,4,要注意,scripts/train_b2a.py
transfer/b2a_oracle_mask_05/b2a_oracle_mask_05@val~relation_detr_seed42,accuracy,significant,10.048121348501216,3,paired_delta,mixed_with_nondeterminism,uncontrolled,0.006070426822812933,1.6800,0,1,2,0,0,1,4,要注意,scripts/train_b2a.py
transfer/b2a_oracle_mask_05/b2a_oracle_mask_05@val~relation_detr_seed42,edit_score,significant,3.2379808564524857,3,paired_delta,mixed_with_nondeterminism,uncontrolled,4.5034302268438005,1.7077,0,1,2,0,0,1,4,要注意,scripts/train_b2a.py
transfer/b2a_oracle_mask_05/b2a_oracle_mask_05@val~relation_detr_seed42,jaccard,significant,13.710529140815128,3,paired_delta,mixed_with_nondeterminism,uncontrolled,0.012144863395391309,1.3161,0,1,2,0,0,1,4,要注意,scripts/train_b2a.py
transfer/b2a_oracle_mask_05/b2a_oracle_mask_05@val~relation_detr_seed42,macro_f1,significant,11.977648020439558,3,paired_delta,mixed_with_nondeterminism,uncontrolled,0.011013080854571373,1.2640,0,1,2,0,0,1,4,要注意,scripts/train_b2a.py
transfer/b2a_oracle_mask_05/b2a_oracle_mask_05@val~relation_detr_seed42,seg_f1_10,significant,3.3142940637843497,3,paired_delta,mixed_with_nondeterminism,uncontrolled,0.0507780418865239,1.7645,0,1,2,0,0,1,4,要注意,scripts/train_b2a.py
transfer/b2a_oracle_mask_05/b2a_oracle_mask_05@val~relation_detr_seed42,seg_f1_25,significant,3.075384274266138,3,paired_delta,mixed_with_nondeterminism,uncontrolled,0.05808926357241016,2.1383,0,1,2,0,0,1,4,要注意,scripts/train_b2a.py
transfer/b2a_oracle_mask_05/b2a_oracle_mask_05@val~relation_detr_seed42,seg_f1_50,significant,2.9793829229294926,3,paired_delta,mixed_with_nondeterminism,uncontrolled,0.07249673584195572,2.0989,0,1,2,1,0,1,5,要注意,scripts/train_b2a.py
transfer/b2a_oracle_mask_06/b2a_oracle_mask_06@val~relation_detr_seed42,accuracy,significant,18.124267137504425,3,paired_delta,mixed_with_nondeterminism,uncontrolled,0.003086242267223496,0.8541,0,1,2,0,0,1,4,要注意,scripts/train_b2a.py
transfer/b2a_oracle_mask_06/b2a_oracle_mask_06@val~relation_detr_seed42,edit_score,significant,2.301207328438785,3,paired_delta,mixed_with_nondeterminism,uncontrolled,2.861176849421078,1.0850,0,1,2,1,0,1,5,要注意,scripts/train_b2a.py
transfer/b2a_oracle_mask_06/b2a_oracle_mask_06@val~relation_detr_seed42,jaccard,significant,30.33173366341673,3,paired_delta,mixed_with_nondeterminism,uncontrolled,0.0051897884639995,0.5624,0,1,2,0,1,1,5,要注意,scripts/train_b2a.py
transfer/b2a_oracle_mask_06/b2a_oracle_mask_06@val~relation_detr_seed42,macro_f1,significant,24.142362485022463,3,paired_delta,mixed_with_nondeterminism,uncontrolled,0.005242449887926423,0.6017,0,1,2,0,1,1,5,要注意,scripts/train_b2a.py
transfer/b2a_oracle_mask_06/b2a_oracle_mask_06@val~relation_detr_seed42,seg_f1_10,significant,3.813188410445893,3,paired_delta,mixed_with_nondeterminism,uncontrolled,0.03125957610327651,1.0863,0,1,2,0,0,1,4,要注意,scripts/train_b2a.py
transfer/b2a_oracle_mask_06/b2a_oracle_mask_06@val~relation_detr_seed42,seg_f1_25,significant,4.277214412419596,3,paired_delta,mixed_with_nondeterminism,uncontrolled,0.03236792237417335,1.1915,0,1,2,0,0,1,4,要注意,scripts/train_b2a.py
transfer/b2a_oracle_mask_06/b2a_oracle_mask_06@val~relation_detr_seed42,seg_f1_50,significant,5.042685081871771,3,paired_delta,mixed_with_nondeterminism,uncontrolled,0.03136910828974418,0.9082,0,1,2,0,0,1,4,要注意,scripts/train_b2a.py
transfer/b2a_oracle_mask_07/b2a_oracle_mask_07@val~relation_detr_seed42,accuracy,significant,12.414444127219719,3,paired_delta,mixed_with_nondeterminism,uncontrolled,0.0048070016448641855,1.3303,0,1,2,0,0,1,4,要注意,scripts/train_b2a.py
transfer/b2a_oracle_mask_07/b2a_oracle_mask_07@val~relation_detr_seed42,edit_score,significant,16.316441527894895,3,paired_delta,mixed_with_nondeterminism,uncontrolled,0.9337057915698578,0.3541,0,1,2,0,2,1,6,脆い,scripts/train_b2a.py
transfer/b2a_oracle_mask_07/b2a_oracle_mask_07@val~relation_detr_seed42,jaccard,significant,14.181002165396327,3,paired_delta,mixed_with_nondeterminism,uncontrolled,0.011508170029074368,1.2471,0,1,2,0,0,1,4,要注意,scripts/train_b2a.py
transfer/b2a_oracle_mask_07/b2a_oracle_mask_07@val~relation_detr_seed42,macro_f1,significant,13.367649238244772,3,paired_delta,mixed_with_nondeterminism,uncontrolled,0.00971111232330086,1.1146,0,1,2,0,0,1,4,要注意,scripts/train_b2a.py
transfer/b2a_oracle_mask_07/b2a_oracle_mask_07@val~relation_detr_seed42,seg_f1_10,significant,13.38002274577136,3,paired_delta,mixed_with_nondeterminism,uncontrolled,0.014159305307354526,0.4920,0,1,2,0,2,1,6,脆い,scripts/train_b2a.py
transfer/b2a_oracle_mask_07/b2a_oracle_mask_07@val~relation_detr_seed42,seg_f1_25,significant,9.69111387923266,3,paired_delta,mixed_with_nondeterminism,uncontrolled,0.020661334078565373,0.7605,0,1,2,0,0,1,4,要注意,scripts/train_b2a.py
transfer/b2a_oracle_mask_07/b2a_oracle_mask_07@val~relation_detr_seed42,seg_f1_50,significant,8.564820224505526,3,paired_delta,mixed_with_nondeterminism,uncontrolled,0.025495908725477016,0.7382,0,1,2,0,1,1,5,要注意,scripts/train_b2a.py
transfer/b2a_oracle_mask_08/b2a_oracle_mask_08@val~relation_detr_seed42,accuracy,significant,12.303500087692615,3,paired_delta,mixed_with_nondeterminism,uncontrolled,0.00502917648804001,1.3918,0,1,2,0,0,1,4,要注意,scripts/train_b2a.py
transfer/b2a_oracle_mask_08/b2a_oracle_mask_08@val~relation_detr_seed42,edit_score,significant,7.633898096978793,3,paired_delta,mixed_with_nondeterminism,uncontrolled,2.1796205173939702,0.8265,0,1,2,0,0,1,4,要注意,scripts/train_b2a.py
transfer/b2a_oracle_mask_08/b2a_oracle_mask_08@val~relation_detr_seed42,jaccard,significant,15.25434607026485,3,paired_delta,mixed_with_nondeterminism,uncontrolled,0.010794421477059486,1.1697,0,1,2,0,0,1,4,要注意,scripts/train_b2a.py
transfer/b2a_oracle_mask_08/b2a_oracle_mask_08@val~relation_detr_seed42,macro_f1,significant,12.845023016975766,3,paired_delta,mixed_with_nondeterminism,uncontrolled,0.010163006568566016,1.1664,0,1,2,0,0,1,4,要注意,scripts/train_b2a.py
transfer/b2a_oracle_mask_08/b2a_oracle_mask_08@val~relation_detr_seed42,seg_f1_10,significant,7.708451208786039,3,paired_delta,mixed_with_nondeterminism,uncontrolled,0.025717979246434142,0.8937,0,1,2,0,0,1,4,要注意,scripts/train_b2a.py
transfer/b2a_oracle_mask_08/b2a_oracle_mask_08@val~relation_detr_seed42,seg_f1_25,significant,7.71555035303238,3,paired_delta,mixed_with_nondeterminism,uncontrolled,0.0276127074263679,1.0164,0,1,2,0,0,1,4,要注意,scripts/train_b2a.py
transfer/b2a_oracle_mask_08/b2a_oracle_mask_08@val~relation_detr_seed42,seg_f1_50,significant,10.05722413789328,3,paired_delta,mixed_with_nondeterminism,uncontrolled,0.02720778724996857,0.7877,0,1,2,0,0,1,4,要注意,scripts/train_b2a.py
transfer/b2a_oracle_mask_09/b2a_oracle_mask_09@val~relation_detr_seed42,accuracy,significant,9.719473480521408,3,paired_delta,mixed_with_nondeterminism,uncontrolled,0.005166463733415776,1.4298,0,1,2,0,0,1,4,要注意,scripts/train_b2a.py
transfer/b2a_oracle_mask_09/b2a_oracle_mask_09@val~relation_detr_seed42,edit_score,not_significant,1.0177875577257218,3,paired_delta,mixed_with_nondeterminism,uncontrolled,2.7076475987158064,1.0267,0,1,2,3,0,1,7,脆い,scripts/train_b2a.py
transfer/b2a_oracle_mask_09/b2a_oracle_mask_09@val~relation_detr_seed42,jaccard,significant,10.679306244569828,3,paired_delta,mixed_with_nondeterminism,uncontrolled,0.013478586593381447,1.4606,0,1,2,0,0,1,4,要注意,scripts/train_b2a.py
transfer/b2a_oracle_mask_09/b2a_oracle_mask_09@val~relation_detr_seed42,macro_f1,significant,9.871628515624367,3,paired_delta,mixed_with_nondeterminism,uncontrolled,0.012029246694905208,1.3806,0,1,2,0,0,1,4,要注意,scripts/train_b2a.py
transfer/b2a_oracle_mask_09/b2a_oracle_mask_09@val~relation_detr_seed42,seg_f1_10,significant,3.8082102999868006,3,paired_delta,mixed_with_nondeterminism,uncontrolled,0.01485089577393979,0.5161,0,1,2,0,1,1,5,要注意,scripts/train_b2a.py
transfer/b2a_oracle_mask_09/b2a_oracle_mask_09@val~relation_detr_seed42,seg_f1_25,significant,5.514770518020379,3,paired_delta,mixed_with_nondeterminism,uncontrolled,0.013745127701884085,0.5060,0,1,2,0,1,1,5,要注意,scripts/train_b2a.py
transfer/b2a_oracle_mask_09/b2a_oracle_mask_09@val~relation_detr_seed42,seg_f1_50,significant,8.391723693481822,3,paired_delta,mixed_with_nondeterminism,uncontrolled,0.013589761409259693,0.3935,0,1,2,0,2,1,6,脆い,scripts/train_b2a.py
transfer/b2a_oracle_mask_10/b2a_oracle_mask_10@val~relation_detr_seed42,accuracy,significant,10.110934716993635,3,paired_delta,mixed_with_nondeterminism,uncontrolled,0.006032714784549374,1.6695,0,1,2,0,0,1,4,要注意,scripts/train_b2a.py
transfer/b2a_oracle_mask_10/b2a_oracle_mask_10@val~relation_detr_seed42,edit_score,significant,1.9721480872633113,3,paired_delta,mixed_with_nondeterminism,uncontrolled,5.586966501325935,2.1186,0,1,2,2,0,1,6,脆い,scripts/train_b2a.py
transfer/b2a_oracle_mask_10/b2a_oracle_mask_10@val~relation_detr_seed42,jaccard,significant,16.582571881068418,3,paired_delta,mixed_with_nondeterminism,uncontrolled,0.009868558797323413,1.0694,0,1,2,0,0,1,4,要注意,scripts/train_b2a.py
transfer/b2a_oracle_mask_10/b2a_oracle_mask_10@val~relation_detr_seed42,macro_f1,significant,12.971489622571488,3,paired_delta,mixed_with_nondeterminism,uncontrolled,0.010025329904744662,1.1506,0,1,2,0,0,1,4,要注意,scripts/train_b2a.py
transfer/b2a_oracle_mask_10/b2a_oracle_mask_10@val~relation_detr_seed42,seg_f1_10,significant,2.670165876857337,3,paired_delta,mixed_with_nondeterminism,uncontrolled,0.05874529383329747,2.0414,0,1,2,1,0,1,5,要注意,scripts/train_b2a.py
transfer/b2a_oracle_mask_10/b2a_oracle_mask_10@val~relation_detr_seed42,seg_f1_25,significant,2.8629543592146383,3,paired_delta,mixed_with_nondeterminism,uncontrolled,0.06151183277485613,2.2642,0,1,2,1,0,1,5,要注意,scripts/train_b2a.py
transfer/b2a_oracle_mask_10/b2a_oracle_mask_10@val~relation_detr_seed42,seg_f1_50,significant,2.2920752143782486,3,paired_delta,mixed_with_nondeterminism,uncontrolled,0.08669873049107636,2.5101,0,1,2,1,0,1,5,要注意,scripts/train_b2a.py
transfer/b2a_oracle_mask_11/b2a_oracle_mask_11@val~relation_detr_seed42,accuracy,significant,12.82638449381344,3,paired_delta,mixed_with_nondeterminism,uncontrolled,0.0048070016448641855,1.3303,0,1,2,0,0,1,4,要注意,scripts/train_b2a.py
transfer/b2a_oracle_mask_11/b2a_oracle_mask_11@val~relation_detr_seed42,edit_score,significant,4.918124236386046,3,paired_delta,mixed_with_nondeterminism,uncontrolled,2.8500772757601625,1.0807,0,1,2,0,0,1,4,要注意,scripts/train_b2a.py
transfer/b2a_oracle_mask_11/b2a_oracle_mask_11@val~relation_detr_seed42,jaccard,significant,12.919723011316563,3,paired_delta,mixed_with_nondeterminism,uncontrolled,0.01277532252566131,1.3844,0,1,2,0,0,1,4,要注意,scripts/train_b2a.py
transfer/b2a_oracle_mask_11/b2a_oracle_mask_11@val~relation_detr_seed42,macro_f1,significant,11.562084162529382,3,paired_delta,mixed_with_nondeterminism,uncontrolled,0.011320202948530108,1.2992,0,1,2,0,0,1,4,要注意,scripts/train_b2a.py
transfer/b2a_oracle_mask_11/b2a_oracle_mask_11@val~relation_detr_seed42,seg_f1_10,significant,3.822317445142301,3,paired_delta,mixed_with_nondeterminism,uncontrolled,0.05108708794068809,1.7753,0,1,2,0,0,1,4,要注意,scripts/train_b2a.py
transfer/b2a_oracle_mask_11/b2a_oracle_mask_11@val~relation_detr_seed42,seg_f1_25,significant,3.9826160713236405,3,paired_delta,mixed_with_nondeterminism,uncontrolled,0.053863328621667234,1.9827,0,1,2,0,0,1,4,要注意,scripts/train_b2a.py
transfer/b2a_oracle_mask_11/b2a_oracle_mask_11@val~relation_detr_seed42,seg_f1_50,significant,5.701685673630976,3,paired_delta,mixed_with_nondeterminism,uncontrolled,0.04758566951267232,1.3777,0,1,2,0,0,1,4,要注意,scripts/train_b2a.py
transfer/b2a_oracle_mask_12/b2a_oracle_mask_12@val~relation_detr_seed42,accuracy,significant,11.448730452255692,3,paired_delta,mixed_with_nondeterminism,uncontrolled,0.005327785959080135,1.4744,0,1,2,0,0,1,4,要注意,scripts/train_b2a.py
transfer/b2a_oracle_mask_12/b2a_oracle_mask_12@val~relation_detr_seed42,edit_score,significant,7.9326330791220885,3,paired_delta,mixed_with_nondeterminism,uncontrolled,2.1357904954677824,0.8099,0,1,2,0,0,1,4,要注意,scripts/train_b2a.py
transfer/b2a_oracle_mask_12/b2a_oracle_mask_12@val~relation_detr_seed42,jaccard,significant,15.749878246435435,3,paired_delta,mixed_with_nondeterminism,uncontrolled,0.010521898999405314,1.1402,0,1,2,0,0,1,4,要注意,scripts/train_b2a.py
transfer/b2a_oracle_mask_12/b2a_oracle_mask_12@val~relation_detr_seed42,macro_f1,significant,13.58923678987113,3,paired_delta,mixed_with_nondeterminism,uncontrolled,0.009663270961524358,1.1091,0,1,2,0,0,1,4,要注意,scripts/train_b2a.py
transfer/b2a_oracle_mask_12/b2a_oracle_mask_12@val~relation_detr_seed42,seg_f1_10,significant,19.395874486559393,3,paired_delta,mixed_with_nondeterminism,uncontrolled,0.009998808903068205,0.3475,0,1,2,0,2,1,6,脆い,scripts/train_b2a.py
transfer/b2a_oracle_mask_12/b2a_oracle_mask_12@val~relation_detr_seed42,seg_f1_25,significant,53.812375322221875,3,paired_delta,mixed_with_nondeterminism,uncontrolled,0.003880598719905445,0.1428,0,1,2,0,3,1,7,脆い,scripts/train_b2a.py
transfer/b2a_oracle_mask_12/b2a_oracle_mask_12@val~relation_detr_seed42,seg_f1_50,significant,22.87646571341959,3,paired_delta,mixed_with_nondeterminism,uncontrolled,0.010173479609153383,0.2945,0,1,2,0,2,1,6,脆い,scripts/train_b2a.py
transfer/b2a_oracle_mask_13/b2a_oracle_mask_13@val~relation_detr_seed42,accuracy,significant,13.773504046241266,3,paired_delta,mixed_with_nondeterminism,uncontrolled,0.004348659218506229,1.2035,0,1,2,0,0,1,4,要注意,scripts/train_b2a.py
transfer/b2a_oracle_mask_13/b2a_oracle_mask_13@val~relation_detr_seed42,edit_score,significant,7.641086384653507,3,paired_delta,mixed_with_nondeterminism,uncontrolled,1.7002648077415026,0.6447,0,1,2,0,1,1,5,要注意,scripts/train_b2a.py
transfer/b2a_oracle_mask_13/b2a_oracle_mask_13@val~relation_detr_seed42,jaccard,significant,22.144035496286037,3,paired_delta,mixed_with_nondeterminism,uncontrolled,0.007423987070962219,0.8045,0,1,2,0,0,1,4,要注意,scripts/train_b2a.py
transfer/b2a_oracle_mask_13/b2a_oracle_mask_13@val~relation_detr_seed42,macro_f1,significant,16.76052042552754,3,paired_delta,mixed_with_nondeterminism,uncontrolled,0.007801448612578475,0.8954,0,1,2,0,0,1,4,要注意,scripts/train_b2a.py
transfer/b2a_oracle_mask_13/b2a_oracle_mask_13@val~relation_detr_seed42,seg_f1_10,significant,5.701578153691638,3,paired_delta,mixed_with_nondeterminism,uncontrolled,0.031732691184038,1.1027,0,1,2,0,0,1,4,要注意,scripts/train_b2a.py
transfer/b2a_oracle_mask_13/b2a_oracle_mask_13@val~relation_detr_seed42,seg_f1_25,significant,6.35422772082983,3,paired_delta,mixed_with_nondeterminism,uncontrolled,0.030842369218109723,1.1353,0,1,2,0,0,1,4,要注意,scripts/train_b2a.py
transfer/b2a_oracle_mask_13/b2a_oracle_mask_13@val~relation_detr_seed42,seg_f1_50,significant,7.487368532029615,3,paired_delta,mixed_with_nondeterminism,uncontrolled,0.026940892551533223,0.7800,0,1,2,0,0,1,4,要注意,scripts/train_b2a.py
transfer/b2a_oracle_mask_14/b2a_oracle_mask_14@val~relation_detr_seed42,accuracy,significant,15.239925154868404,3,paired_delta,mixed_with_nondeterminism,uncontrolled,0.003987969936401281,1.1037,0,1,2,0,0,1,4,要注意,scripts/train_b2a.py
transfer/b2a_oracle_mask_14/b2a_oracle_mask_14@val~relation_detr_seed42,edit_score,significant,1.7564795674371507,3,paired_delta,mixed_with_nondeterminism,uncontrolled,6.6064861542508435,2.5052,0,1,2,2,0,1,6,脆い,scripts/train_b2a.py
transfer/b2a_oracle_mask_14/b2a_oracle_mask_14@val~relation_detr_seed42,jaccard,significant,22.777690896838,3,paired_delta,mixed_with_nondeterminism,uncontrolled,0.0072993918665359495,0.7910,0,1,2,0,0,1,4,要注意,scripts/train_b2a.py
transfer/b2a_oracle_mask_14/b2a_oracle_mask_14@val~relation_detr_seed42,macro_f1,significant,25.94854373076741,3,paired_delta,mixed_with_nondeterminism,uncontrolled,0.005071708208472267,0.5821,0,1,2,0,1,1,5,要注意,scripts/train_b2a.py
transfer/b2a_oracle_mask_14/b2a_oracle_mask_14@val~relation_detr_seed42,seg_f1_10,significant,2.4412165238501786,3,paired_delta,mixed_with_nondeterminism,uncontrolled,0.06247238014445066,2.1709,0,1,2,1,0,1,5,要注意,scripts/train_b2a.py
transfer/b2a_oracle_mask_14/b2a_oracle_mask_14@val~relation_detr_seed42,seg_f1_25,significant,2.749115830979593,3,paired_delta,mixed_with_nondeterminism,uncontrolled,0.062476268014545255,2.2997,0,1,2,1,0,1,5,要注意,scripts/train_b2a.py
transfer/b2a_oracle_mask_14/b2a_oracle_mask_14@val~relation_detr_seed42,seg_f1_50,significant,2.512791185904497,3,paired_delta,mixed_with_nondeterminism,uncontrolled,0.08131360034410104,2.3542,0,1,2,1,0,1,5,要注意,scripts/train_b2a.py
transfer/b2a_oracle_mask_top3_joint/b2a_oracle_mask_top3_joint@val~relation_detr_seed42,accuracy,significant,15.698385199720402,3,paired_delta,mixed_with_nondeterminism,uncontrolled,0.0015309019798808424,0.4237,0,1,2,0,2,1,6,脆い,scripts/train_b2a.py
transfer/b2a_oracle_mask_top3_joint/b2a_oracle_mask_top3_joint@val~relation_detr_seed42,edit_score,not_significant,0.5533648434843911,3,paired_delta,mixed_with_nondeterminism,uncontrolled,0.8748068506155466,0.3317,0,1,2,3,2,1,9,脆い,scripts/train_b2a.py
transfer/b2a_oracle_mask_top3_joint/b2a_oracle_mask_top3_joint@val~relation_detr_seed42,jaccard,significant,5.246154422200017,3,paired_delta,mixed_with_nondeterminism,uncontrolled,0.015152715117042644,1.6420,0,1,2,0,0,1,4,要注意,scripts/train_b2a.py
transfer/b2a_oracle_mask_top3_joint/b2a_oracle_mask_top3_joint@val~relation_detr_seed42,macro_f1,significant,3.8653145144233307,3,paired_delta,mixed_with_nondeterminism,uncontrolled,0.018158851479124622,2.0841,0,1,2,0,0,1,4,要注意,scripts/train_b2a.py
transfer/b2a_oracle_mask_top3_joint/b2a_oracle_mask_top3_joint@val~relation_detr_seed42,seg_f1_10,not_significant,1.0135046152313003,3,paired_delta,mixed_with_nondeterminism,uncontrolled,0.006943205404179163,0.2413,0,1,2,3,3,1,10,脆い,scripts/train_b2a.py
transfer/b2a_oracle_mask_top3_joint/b2a_oracle_mask_top3_joint@val~relation_detr_seed42,seg_f1_25,significant,2.217448054268388,3,paired_delta,mixed_with_nondeterminism,uncontrolled,0.010182496830487433,0.3748,0,1,2,1,2,1,7,脆い,scripts/train_b2a.py
transfer/b2a_oracle_mask_top3_joint/b2a_oracle_mask_top3_joint@val~relation_detr_seed42,seg_f1_50,significant,1.2430954102079372,3,paired_delta,mixed_with_nondeterminism,uncontrolled,0.02348414152178193,0.6799,0,1,2,3,1,1,8,脆い,scripts/train_b2a.py
transfer/b2a_regiononly_mask_00/b2a_regiononly_mask_00@val~relation_detr_seed42,accuracy,significant,11.629674407287393,3,paired_delta,mixed_with_nondeterminism,uncontrolled,0.002482715510375457,0.6871,0,1,2,0,1,1,5,要注意,scripts/train_b2a.py
transfer/b2a_regiononly_mask_00/b2a_regiononly_mask_00@val~relation_detr_seed42,edit_score,significant,1.4027869747291442,3,paired_delta,mixed_with_nondeterminism,uncontrolled,1.7094798856613993,0.6482,0,1,2,3,1,1,8,脆い,scripts/train_b2a.py
transfer/b2a_regiononly_mask_00/b2a_regiononly_mask_00@val~relation_detr_seed42,jaccard,significant,7.494459075569224,3,paired_delta,mixed_with_nondeterminism,uncontrolled,0.004533288772148966,0.4913,0,1,2,0,2,1,6,脆い,scripts/train_b2a.py
transfer/b2a_regiononly_mask_00/b2a_regiononly_mask_00@val~relation_detr_seed42,macro_f1,not_significant,0.5562829668424047,3,paired_delta,mixed_with_nondeterminism,uncontrolled,0.007240811820221476,0.8310,0,1,2,3,0,1,7,脆い,scripts/train_b2a.py
transfer/b2a_regiononly_mask_00/b2a_regiononly_mask_00@val~relation_detr_seed42,seg_f1_10,significant,2.3394123523854833,3,paired_delta,mixed_with_nondeterminism,uncontrolled,0.01196510569072311,0.4158,0,1,2,1,2,1,7,脆い,scripts/train_b2a.py
transfer/b2a_regiononly_mask_00/b2a_regiononly_mask_00@val~relation_detr_seed42,seg_f1_25,significant,4.957147496364059,3,paired_delta,mixed_with_nondeterminism,uncontrolled,0.009529110612817223,0.3508,0,1,2,0,2,1,6,脆い,scripts/train_b2a.py
transfer/b2a_regiononly_mask_00/b2a_regiononly_mask_00@val~relation_detr_seed42,seg_f1_50,significant,4.792880976282921,3,paired_delta,mixed_with_nondeterminism,uncontrolled,0.014403478812391088,0.4170,0,1,2,0,2,1,6,脆い,scripts/train_b2a.py
transfer/b2a_regiononly_mask_01/b2a_regiononly_mask_01@val~relation_detr_seed42,accuracy,significant,16.04551913513796,3,paired_delta,mixed_with_nondeterminism,uncontrolled,0.0026633329099722738,0.7371,0,1,2,0,1,1,5,要注意,scripts/train_b2a.py
transfer/b2a_regiononly_mask_01/b2a_regiononly_mask_01@val~relation_detr_seed42,edit_score,not_significant,0.8600480200523625,3,paired_delta,mixed_with_nondeterminism,uncontrolled,5.269486615336364,1.9982,0,1,2,3,0,1,7,脆い,scripts/train_b2a.py
transfer/b2a_regiononly_mask_01/b2a_regiononly_mask_01@val~relation_detr_seed42,jaccard,significant,13.446228312247488,3,paired_delta,mixed_with_nondeterminism,uncontrolled,0.007747311326376473,0.8395,0,1,2,0,0,1,4,要注意,scripts/train_b2a.py
transfer/b2a_regiononly_mask_01/b2a_regiononly_mask_01@val~relation_detr_seed42,macro_f1,significant,12.184564010758177,3,paired_delta,mixed_with_nondeterminism,uncontrolled,0.007295285863458853,0.8373,0,1,2,0,0,1,4,要注意,scripts/train_b2a.py
transfer/b2a_regiononly_mask_01/b2a_regiononly_mask_01@val~relation_detr_seed42,seg_f1_10,not_significant,0.09469171639648352,3,paired_delta,mixed_with_nondeterminism,uncontrolled,0.049258435202717096,1.7117,0,1,2,3,0,1,7,脆い,scripts/train_b2a.py
transfer/b2a_regiononly_mask_01/b2a_regiononly_mask_01@val~relation_detr_seed42,seg_f1_25,not_significant,0.08783330071567186,3,paired_delta,mixed_with_nondeterminism,uncontrolled,0.054393987047300175,2.0022,0,1,2,3,0,1,7,脆い,scripts/train_b2a.py
transfer/b2a_regiononly_mask_01/b2a_regiononly_mask_01@val~relation_detr_seed42,seg_f1_50,not_significant,0.6558224532493799,3,paired_delta,mixed_with_nondeterminism,uncontrolled,0.05681684440377424,1.6450,0,1,2,3,0,1,7,脆い,scripts/train_b2a.py
transfer/b2a_regiononly_mask_02/b2a_regiononly_mask_02@val~relation_detr_seed42,accuracy,significant,12.272534396485646,3,paired_delta,mixed_with_nondeterminism,uncontrolled,0.004073753931146172,1.1274,0,1,2,0,0,1,4,要注意,scripts/train_b2a.py
transfer/b2a_regiononly_mask_02/b2a_regiononly_mask_02@val~relation_detr_seed42,edit_score,not_significant,0.22690069607297136,3,paired_delta,mixed_with_nondeterminism,uncontrolled,1.7960780293763117,0.6811,0,1,2,3,1,1,8,脆い,scripts/train_b2a.py
transfer/b2a_regiononly_mask_02/b2a_regiononly_mask_02@val~relation_detr_seed42,jaccard,significant,11.77767007116836,3,paired_delta,mixed_with_nondeterminism,uncontrolled,0.010809254561877831,1.1713,0,1,2,0,0,1,4,要注意,scripts/train_b2a.py
transfer/b2a_regiononly_mask_02/b2a_regiononly_mask_02@val~relation_detr_seed42,macro_f1,significant,17.694997038006424,3,paired_delta,mixed_with_nondeterminism,uncontrolled,0.0059826386786007695,0.6866,0,1,2,0,1,1,5,要注意,scripts/train_b2a.py
transfer/b2a_regiononly_mask_02/b2a_regiononly_mask_02@val~relation_detr_seed42,seg_f1_10,significant,4.175500936216538,3,paired_delta,mixed_with_nondeterminism,uncontrolled,0.011381801991535366,0.3955,0,1,2,0,2,1,6,脆い,scripts/train_b2a.py
transfer/b2a_regiononly_mask_02/b2a_regiononly_mask_02@val~relation_detr_seed42,seg_f1_25,significant,7.351295991990129,3,paired_delta,mixed_with_nondeterminism,uncontrolled,0.009082835966701262,0.3343,0,1,2,0,2,1,6,脆い,scripts/train_b2a.py
transfer/b2a_regiononly_mask_02/b2a_regiononly_mask_02@val~relation_detr_seed42,seg_f1_50,significant,7.945944616128705,3,paired_delta,mixed_with_nondeterminism,uncontrolled,0.01092964445810231,0.3164,0,1,2,0,2,1,6,脆い,scripts/train_b2a.py
transfer/b2a_regiononly_mask_03/b2a_regiononly_mask_03@val~relation_detr_seed42,accuracy,significant,16.59990394851151,3,paired_delta,mixed_with_nondeterminism,uncontrolled,0.003104562497353046,0.8592,0,1,2,0,0,1,4,要注意,scripts/train_b2a.py
transfer/b2a_regiononly_mask_03/b2a_regiononly_mask_03@val~relation_detr_seed42,edit_score,not_significant,0.3074343584436393,3,paired_delta,mixed_with_nondeterminism,uncontrolled,3.437408787788918,1.3035,0,1,2,3,0,1,7,脆い,scripts/train_b2a.py
transfer/b2a_regiononly_mask_03/b2a_regiononly_mask_03@val~relation_detr_seed42,jaccard,significant,19.09720845484598,3,paired_delta,mixed_with_nondeterminism,uncontrolled,0.0068984201125390715,0.7475,0,1,2,0,1,1,5,要注意,scripts/train_b2a.py
transfer/b2a_regiononly_mask_03/b2a_regiononly_mask_03@val~relation_detr_seed42,macro_f1,significant,13.948665675035192,3,paired_delta,mixed_with_nondeterminism,uncontrolled,0.007857451963426227,0.9018,0,1,2,0,0,1,4,要注意,scripts/train_b2a.py
transfer/b2a_regiononly_mask_03/b2a_regiononly_mask_03@val~relation_detr_seed42,seg_f1_10,significant,1.657205474188704,3,paired_delta,mixed_with_nondeterminism,uncontrolled,0.025249489213819656,0.8774,0,1,2,2,0,1,6,脆い,scripts/train_b2a.py
transfer/b2a_regiononly_mask_03/b2a_regiononly_mask_03@val~relation_detr_seed42,seg_f1_25,significant,2.6686648971172513,3,paired_delta,mixed_with_nondeterminism,uncontrolled,0.022891402580379545,0.8426,0,1,2,1,0,1,5,要注意,scripts/train_b2a.py
transfer/b2a_regiononly_mask_03/b2a_regiononly_mask_03@val~relation_detr_seed42,seg_f1_50,significant,2.5974022891694184,3,paired_delta,mixed_with_nondeterminism,uncontrolled,0.03497225481881505,1.0125,0,1,2,1,0,1,5,要注意,scripts/train_b2a.py
transfer/b2a_regiononly_mask_04/b2a_regiononly_mask_04@val~relation_detr_seed42,accuracy,significant,11.085129526872933,3,paired_delta,mixed_with_nondeterminism,uncontrolled,0.004371183134120533,1.2097,0,1,2,0,0,1,4,要注意,scripts/train_b2a.py
transfer/b2a_regiononly_mask_04/b2a_regiononly_mask_04@val~relation_detr_seed42,edit_score,not_significant,0.06857819310812514,3,paired_delta,mixed_with_nondeterminism,uncontrolled,2.243218521731654,0.8506,0,1,2,3,0,1,7,脆い,scripts/train_b2a.py
transfer/b2a_regiononly_mask_04/b2a_regiononly_mask_04@val~relation_detr_seed42,jaccard,significant,7.803400670250032,3,paired_delta,mixed_with_nondeterminism,uncontrolled,0.01574256528394359,1.7059,0,1,2,0,0,1,4,要注意,scripts/train_b2a.py
transfer/b2a_regiononly_mask_04/b2a_regiononly_mask_04@val~relation_detr_seed42,macro_f1,significant,10.101376314557497,3,paired_delta,mixed_with_nondeterminism,uncontrolled,0.010142600537239062,1.1641,0,1,2,0,0,1,4,要注意,scripts/train_b2a.py
transfer/b2a_regiononly_mask_04/b2a_regiononly_mask_04@val~relation_detr_seed42,seg_f1_10,significant,1.6216797695503369,3,paired_delta,mixed_with_nondeterminism,uncontrolled,0.027266986860308127,0.9475,0,1,2,2,0,1,6,脆い,scripts/train_b2a.py
transfer/b2a_regiononly_mask_04/b2a_regiononly_mask_04@val~relation_detr_seed42,seg_f1_25,significant,2.492971980313654,3,paired_delta,mixed_with_nondeterminism,uncontrolled,0.025457250316306954,0.9371,0,1,2,1,0,1,5,要注意,scripts/train_b2a.py
transfer/b2a_regiononly_mask_04/b2a_regiononly_mask_04@val~relation_detr_seed42,seg_f1_50,significant,1.9029077398498895,3,paired_delta,mixed_with_nondeterminism,uncontrolled,0.042820170072569726,1.2397,0,1,2,2,0,1,6,脆い,scripts/train_b2a.py
transfer/b2a_regiononly_mask_05/b2a_regiononly_mask_05@val~relation_detr_seed42,accuracy,significant,47.63511572723342,3,paired_delta,mixed_with_nondeterminism,uncontrolled,0.0010403090342463131,0.2879,0,1,2,0,2,1,6,脆い,scripts/train_b2a.py
transfer/b2a_regiononly_mask_05/b2a_regiononly_mask_05@val~relation_detr_seed42,edit_score,significant,3.2458375294765562,3,paired_delta,mixed_with_nondeterminism,uncontrolled,1.3507733684078738,0.5122,0,1,2,0,1,1,5,要注意,scripts/train_b2a.py
transfer/b2a_regiononly_mask_05/b2a_regiononly_mask_05@val~relation_detr_seed42,jaccard,significant,31.395929186533248,3,paired_delta,mixed_with_nondeterminism,uncontrolled,0.003980412975722954,0.4313,0,1,2,0,2,1,6,脆い,scripts/train_b2a.py
transfer/b2a_regiononly_mask_05/b2a_regiononly_mask_05@val~relation_detr_seed42,macro_f1,significant,38.15838798208684,3,paired_delta,mixed_with_nondeterminism,uncontrolled,0.002741520423744348,0.3146,0,1,2,0,2,1,6,脆い,scripts/train_b2a.py
transfer/b2a_regiononly_mask_05/b2a_regiononly_mask_05@val~relation_detr_seed42,seg_f1_10,not_significant,0.346541878739601,3,paired_delta,mixed_with_nondeterminism,uncontrolled,0.012391581337266385,0.4306,0,1,2,3,2,1,9,脆い,scripts/train_b2a.py
transfer/b2a_regiononly_mask_05/b2a_regiononly_mask_05@val~relation_detr_seed42,seg_f1_25,significant,2.385174699847338,3,paired_delta,mixed_with_nondeterminism,uncontrolled,0.009869336885514146,0.3633,0,1,2,1,2,1,7,脆い,scripts/train_b2a.py
transfer/b2a_regiononly_mask_05/b2a_regiononly_mask_05@val~relation_detr_seed42,seg_f1_50,significant,7.414559248984199,3,paired_delta,mixed_with_nondeterminism,uncontrolled,0.0064025194032913445,0.1854,0,1,2,0,3,1,7,脆い,scripts/train_b2a.py
transfer/b2a_regiononly_mask_06/b2a_regiononly_mask_06@val~relation_detr_seed42,accuracy,significant,13.36077967749539,3,paired_delta,mixed_with_nondeterminism,uncontrolled,0.0021610395297680315,0.5981,0,1,2,0,1,1,5,要注意,scripts/train_b2a.py
transfer/b2a_regiononly_mask_06/b2a_regiononly_mask_06@val~relation_detr_seed42,edit_score,significant,2.704421037288476,3,paired_delta,mixed_with_nondeterminism,uncontrolled,3.3760560812901765,1.2802,0,1,2,1,0,1,5,要注意,scripts/train_b2a.py
transfer/b2a_regiononly_mask_06/b2a_regiononly_mask_06@val~relation_detr_seed42,jaccard,significant,8.197396238707109,3,paired_delta,mixed_with_nondeterminism,uncontrolled,0.01088687531075709,1.1798,0,1,2,0,0,1,4,要注意,scripts/train_b2a.py
transfer/b2a_regiononly_mask_06/b2a_regiononly_mask_06@val~relation_detr_seed42,macro_f1,significant,5.33735377289929,3,paired_delta,mixed_with_nondeterminism,uncontrolled,0.01471536910458857,1.6889,0,1,2,0,0,1,4,要注意,scripts/train_b2a.py
transfer/b2a_regiononly_mask_06/b2a_regiononly_mask_06@val~relation_detr_seed42,seg_f1_10,significant,5.681557556205458,3,paired_delta,mixed_with_nondeterminism,uncontrolled,0.023966412309789648,0.8328,0,1,2,0,0,1,4,要注意,scripts/train_b2a.py
transfer/b2a_regiononly_mask_06/b2a_regiononly_mask_06@val~relation_detr_seed42,seg_f1_25,significant,5.319704330434578,3,paired_delta,mixed_with_nondeterminism,uncontrolled,0.02641961253498378,0.9725,0,1,2,0,0,1,4,要注意,scripts/train_b2a.py
transfer/b2a_regiononly_mask_06/b2a_regiononly_mask_06@val~relation_detr_seed42,seg_f1_50,significant,5.576472734726286,3,paired_delta,mixed_with_nondeterminism,uncontrolled,0.028150099627198256,0.8150,0,1,2,0,0,1,4,要注意,scripts/train_b2a.py
transfer/b2a_regiononly_mask_07/b2a_regiononly_mask_07@val~relation_detr_seed42,accuracy,significant,14.65692195202253,3,paired_delta,mixed_with_nondeterminism,uncontrolled,0.003486093152509446,0.9648,0,1,2,0,0,1,4,要注意,scripts/train_b2a.py
transfer/b2a_regiononly_mask_07/b2a_regiononly_mask_07@val~relation_detr_seed42,edit_score,not_significant,0.29541529069709355,3,paired_delta,mixed_with_nondeterminism,uncontrolled,4.791032555080395,1.8168,0,1,2,3,0,1,7,脆い,scripts/train_b2a.py
transfer/b2a_regiononly_mask_07/b2a_regiononly_mask_07@val~relation_detr_seed42,jaccard,significant,40.82308811520724,3,paired_delta,mixed_with_nondeterminism,uncontrolled,0.0032824340799609162,0.3557,0,1,2,0,2,1,6,脆い,scripts/train_b2a.py
transfer/b2a_regiononly_mask_07/b2a_regiononly_mask_07@val~relation_detr_seed42,macro_f1,significant,19.626557755322544,3,paired_delta,mixed_with_nondeterminism,uncontrolled,0.005698931463623838,0.6541,0,1,2,0,1,1,5,要注意,scripts/train_b2a.py
transfer/b2a_regiononly_mask_07/b2a_regiononly_mask_07@val~relation_detr_seed42,seg_f1_10,not_significant,0.5646239988193757,3,paired_delta,mixed_with_nondeterminism,uncontrolled,0.04741461885256778,1.6477,0,1,2,3,0,1,7,脆い,scripts/train_b2a.py
transfer/b2a_regiononly_mask_07/b2a_regiononly_mask_07@val~relation_detr_seed42,seg_f1_25,not_significant,0.9965300907870135,3,paired_delta,mixed_with_nondeterminism,uncontrolled,0.04617755438686113,1.6998,0,1,2,3,0,1,7,脆い,scripts/train_b2a.py
transfer/b2a_regiononly_mask_07/b2a_regiononly_mask_07@val~relation_detr_seed42,seg_f1_50,significant,1.8381540482474727,3,paired_delta,mixed_with_nondeterminism,uncontrolled,0.034488187061439836,0.9985,0,1,2,2,0,1,6,脆い,scripts/train_b2a.py
transfer/b2a_regiononly_mask_08/b2a_regiononly_mask_08@val~relation_detr_seed42,accuracy,significant,9.895266807587854,3,paired_delta,mixed_with_nondeterminism,uncontrolled,0.004896798860466534,1.3552,0,1,2,0,0,1,4,要注意,scripts/train_b2a.py
transfer/b2a_regiononly_mask_08/b2a_regiononly_mask_08@val~relation_detr_seed42,edit_score,not_significant,0.05343717024397848,3,paired_delta,mixed_with_nondeterminism,uncontrolled,3.5126624279358847,1.3320,0,1,2,3,0,1,7,脆い,scripts/train_b2a.py
transfer/b2a_regiononly_mask_08/b2a_regiononly_mask_08@val~relation_detr_seed42,jaccard,significant,8.082085428251945,3,paired_delta,mixed_with_nondeterminism,uncontrolled,0.01450337665665982,1.5717,0,1,2,0,0,1,4,要注意,scripts/train_b2a.py
transfer/b2a_regiononly_mask_08/b2a_regiononly_mask_08@val~relation_detr_seed42,macro_f1,significant,9.346682609438906,3,paired_delta,mixed_with_nondeterminism,uncontrolled,0.01048081912197852,1.2029,0,1,2,0,0,1,4,要注意,scripts/train_b2a.py
transfer/b2a_regiononly_mask_08/b2a_regiononly_mask_08@val~relation_detr_seed42,seg_f1_10,significant,1.543039145565888,3,paired_delta,mixed_with_nondeterminism,uncontrolled,0.0294214938517978,1.0224,0,1,2,2,0,1,6,脆い,scripts/train_b2a.py
transfer/b2a_regiononly_mask_08/b2a_regiononly_mask_08@val~relation_detr_seed42,seg_f1_25,significant,2.436232077222488,3,paired_delta,mixed_with_nondeterminism,uncontrolled,0.02653458515104925,0.9767,0,1,2,1,0,1,5,要注意,scripts/train_b2a.py
transfer/b2a_regiononly_mask_08/b2a_regiononly_mask_08@val~relation_detr_seed42,seg_f1_50,significant,1.7142484082196348,3,paired_delta,mixed_with_nondeterminism,uncontrolled,0.04261168540717167,1.2337,0,1,2,2,0,1,6,脆い,scripts/train_b2a.py
transfer/b2a_regiononly_mask_09/b2a_regiononly_mask_09@val~relation_detr_seed42,accuracy,significant,12.31851154615973,3,paired_delta,mixed_with_nondeterminism,uncontrolled,0.003415550085409363,0.9452,0,1,2,0,0,1,4,要注意,scripts/train_b2a.py
transfer/b2a_regiononly_mask_09/b2a_regiononly_mask_09@val~relation_detr_seed42,edit_score,significant,2.1425533778483423,3,paired_delta,mixed_with_nondeterminism,uncontrolled,2.1601882822178213,0.8191,0,1,2,1,0,1,5,要注意,scripts/train_b2a.py
transfer/b2a_regiononly_mask_09/b2a_regiononly_mask_09@val~relation_detr_seed42,jaccard,significant,12.566807735749801,3,paired_delta,mixed_with_nondeterminism,uncontrolled,0.008702591559242096,0.9431,0,1,2,0,0,1,4,要注意,scripts/train_b2a.py
transfer/b2a_regiononly_mask_09/b2a_regiononly_mask_09@val~relation_detr_seed42,macro_f1,significant,12.699640343013915,3,paired_delta,mixed_with_nondeterminism,uncontrolled,0.0073411495957311675,0.8425,0,1,2,0,0,1,4,要注意,scripts/train_b2a.py
transfer/b2a_regiononly_mask_09/b2a_regiononly_mask_09@val~relation_detr_seed42,seg_f1_10,significant,3.870513782185496,3,paired_delta,mixed_with_nondeterminism,uncontrolled,0.02012709095229742,0.6994,0,1,2,0,1,1,5,要注意,scripts/train_b2a.py
transfer/b2a_regiononly_mask_09/b2a_regiononly_mask_09@val~relation_detr_seed42,seg_f1_25,significant,5.610706940820784,3,paired_delta,mixed_with_nondeterminism,uncontrolled,0.01731476527241041,0.6374,0,1,2,0,1,1,5,要注意,scripts/train_b2a.py
transfer/b2a_regiononly_mask_09/b2a_regiononly_mask_09@val~relation_detr_seed42,seg_f1_50,significant,9.783316192596608,3,paired_delta,mixed_with_nondeterminism,uncontrolled,0.014638310499331222,0.4238,0,1,2,0,2,1,6,脆い,scripts/train_b2a.py
transfer/b2a_regiononly_mask_10/b2a_regiononly_mask_10@val~relation_detr_seed42,accuracy,significant,29.377652031327496,3,paired_delta,mixed_with_nondeterminism,uncontrolled,0.0013947466975545591,0.3860,0,1,2,0,2,1,6,脆い,scripts/train_b2a.py
transfer/b2a_regiononly_mask_10/b2a_regiononly_mask_10@val~relation_detr_seed42,edit_score,not_significant,1.1802934694275111,3,paired_delta,mixed_with_nondeterminism,uncontrolled,4.0920255592203585,1.5517,0,1,2,3,0,1,7,脆い,scripts/train_b2a.py
transfer/b2a_regiononly_mask_10/b2a_regiononly_mask_10@val~relation_detr_seed42,jaccard,significant,85.79019661011779,3,paired_delta,mixed_with_nondeterminism,uncontrolled,0.0013814088614704724,0.1497,0,1,2,0,3,1,7,脆い,scripts/train_b2a.py
transfer/b2a_regiononly_mask_10/b2a_regiononly_mask_10@val~relation_detr_seed42,macro_f1,significant,20.50244188216192,3,paired_delta,mixed_with_nondeterminism,uncontrolled,0.004954304681251854,0.5686,0,1,2,0,1,1,5,要注意,scripts/train_b2a.py
transfer/b2a_regiononly_mask_10/b2a_regiononly_mask_10@val~relation_detr_seed42,seg_f1_10,not_significant,0.5572814507919982,3,paired_delta,mixed_with_nondeterminism,uncontrolled,0.04579913772358083,1.5915,0,1,2,3,0,1,7,脆い,scripts/train_b2a.py
transfer/b2a_regiononly_mask_10/b2a_regiononly_mask_10@val~relation_detr_seed42,seg_f1_25,not_significant,0.2498362915160816,3,paired_delta,mixed_with_nondeterminism,uncontrolled,0.040200714760029656,1.4798,0,1,2,3,0,1,7,脆い,scripts/train_b2a.py
transfer/b2a_regiononly_mask_10/b2a_regiononly_mask_10@val~relation_detr_seed42,seg_f1_50,not_significant,0.03475667137724339,3,paired_delta,mixed_with_nondeterminism,uncontrolled,0.0426056950160466,1.2335,0,1,2,3,0,1,7,脆い,scripts/train_b2a.py
transfer/b2a_regiononly_mask_11/b2a_regiononly_mask_11@val~relation_detr_seed42,accuracy,significant,13.71253704325253,3,paired_delta,mixed_with_nondeterminism,uncontrolled,0.003132504294202762,0.8669,0,1,2,0,0,1,4,要注意,scripts/train_b2a.py
transfer/b2a_regiononly_mask_11/b2a_regiononly_mask_11@val~relation_detr_seed42,edit_score,significant,2.3376897459157058,3,paired_delta,mixed_with_nondeterminism,uncontrolled,2.4003324293302497,0.9102,0,1,2,1,0,1,5,要注意,scripts/train_b2a.py
transfer/b2a_regiononly_mask_11/b2a_regiononly_mask_11@val~relation_detr_seed42,jaccard,significant,11.388572913728273,3,paired_delta,mixed_with_nondeterminism,uncontrolled,0.00937775459531879,1.0162,0,1,2,0,0,1,4,要注意,scripts/train_b2a.py
transfer/b2a_regiononly_mask_11/b2a_regiononly_mask_11@val~relation_detr_seed42,macro_f1,significant,10.693765254173487,3,paired_delta,mixed_with_nondeterminism,uncontrolled,0.008763976248078445,1.0058,0,1,2,0,0,1,4,要注意,scripts/train_b2a.py
transfer/b2a_regiononly_mask_11/b2a_regiononly_mask_11@val~relation_detr_seed42,seg_f1_10,not_significant,0.6645609570502218,3,paired_delta,mixed_with_nondeterminism,uncontrolled,0.024270415456236052,0.8434,0,1,2,3,0,1,7,脆い,scripts/train_b2a.py
transfer/b2a_regiononly_mask_11/b2a_regiononly_mask_11@val~relation_detr_seed42,seg_f1_25,not_significant,0.012957975154301521,3,paired_delta,mixed_with_nondeterminism,uncontrolled,0.02331252934053468,0.8581,0,1,2,3,0,1,7,脆い,scripts/train_b2a.py
transfer/b2a_regiononly_mask_11/b2a_regiononly_mask_11@val~relation_detr_seed42,seg_f1_50,not_significant,1.1958093398139236,3,paired_delta,mixed_with_nondeterminism,uncontrolled,0.020758642883233654,0.6010,0,1,2,3,1,1,8,脆い,scripts/train_b2a.py
transfer/b2a_regiononly_mask_12/b2a_regiononly_mask_12@val~relation_detr_seed42,accuracy,significant,20.576575568268243,3,paired_delta,mixed_with_nondeterminism,uncontrolled,0.002376254254241005,0.6576,0,1,2,0,1,1,5,要注意,scripts/train_b2a.py
transfer/b2a_regiononly_mask_12/b2a_regiononly_mask_12@val~relation_detr_seed42,edit_score,not_significant,0.5462435531669299,3,paired_delta,mixed_with_nondeterminism,uncontrolled,3.147217817753432,1.1934,0,1,2,3,0,1,7,脆い,scripts/train_b2a.py
transfer/b2a_regiononly_mask_12/b2a_regiononly_mask_12@val~relation_detr_seed42,jaccard,significant,15.103330562704919,3,paired_delta,mixed_with_nondeterminism,uncontrolled,0.008152435937538156,0.8834,0,1,2,0,0,1,4,要注意,scripts/train_b2a.py
transfer/b2a_regiononly_mask_12/b2a_regiononly_mask_12@val~relation_detr_seed42,macro_f1,significant,16.724332495082844,3,paired_delta,mixed_with_nondeterminism,uncontrolled,0.006151731415013972,0.7060,0,1,2,0,1,1,5,要注意,scripts/train_b2a.py
transfer/b2a_regiononly_mask_12/b2a_regiononly_mask_12@val~relation_detr_seed42,seg_f1_10,significant,1.6441304121126255,3,paired_delta,mixed_with_nondeterminism,uncontrolled,0.027157381181810446,0.9437,0,1,2,2,0,1,6,脆い,scripts/train_b2a.py
transfer/b2a_regiononly_mask_12/b2a_regiononly_mask_12@val~relation_detr_seed42,seg_f1_25,significant,2.1367552405680894,3,paired_delta,mixed_with_nondeterminism,uncontrolled,0.028198447200351025,1.0380,0,1,2,1,0,1,5,要注意,scripts/train_b2a.py
transfer/b2a_regiononly_mask_12/b2a_regiononly_mask_12@val~relation_detr_seed42,seg_f1_50,significant,1.9382061240902586,3,paired_delta,mixed_with_nondeterminism,uncontrolled,0.034493952685948855,0.9987,0,1,2,2,0,1,6,脆い,scripts/train_b2a.py
transfer/b2a_regiononly_mask_13/b2a_regiononly_mask_13@val~relation_detr_seed42,accuracy,significant,12.93114336022306,3,paired_delta,mixed_with_nondeterminism,uncontrolled,0.0038492546137661246,1.0653,0,1,2,0,0,1,4,要注意,scripts/train_b2a.py
transfer/b2a_regiononly_mask_13/b2a_regiononly_mask_13@val~relation_detr_seed42,edit_score,not_significant,0.7329287868737048,3,paired_delta,mixed_with_nondeterminism,uncontrolled,2.007324112844285,0.7612,0,1,2,3,0,1,7,脆い,scripts/train_b2a.py
transfer/b2a_regiononly_mask_13/b2a_regiononly_mask_13@val~relation_detr_seed42,jaccard,significant,12.19477671851182,3,paired_delta,mixed_with_nondeterminism,uncontrolled,0.010389363625793572,1.1258,0,1,2,0,0,1,4,要注意,scripts/train_b2a.py
transfer/b2a_regiononly_mask_13/b2a_regiononly_mask_13@val~relation_detr_seed42,macro_f1,significant,16.53067158299591,3,paired_delta,mixed_with_nondeterminism,uncontrolled,0.006433286599412983,0.7384,0,1,2,0,1,1,5,要注意,scripts/train_b2a.py
transfer/b2a_regiononly_mask_13/b2a_regiononly_mask_13@val~relation_detr_seed42,seg_f1_10,significant,2.1844302354291405,3,paired_delta,mixed_with_nondeterminism,uncontrolled,0.013949346721641824,0.4847,0,1,2,1,2,1,7,脆い,scripts/train_b2a.py
transfer/b2a_regiononly_mask_13/b2a_regiononly_mask_13@val~relation_detr_seed42,seg_f1_25,significant,4.484488699048106,3,paired_delta,mixed_with_nondeterminism,uncontrolled,0.011086495885298924,0.4081,0,1,2,0,2,1,6,脆い,scripts/train_b2a.py
transfer/b2a_regiononly_mask_13/b2a_regiononly_mask_13@val~relation_detr_seed42,seg_f1_50,significant,16.500393247629084,3,paired_delta,mixed_with_nondeterminism,uncontrolled,0.0042345917171255415,0.1226,0,1,2,0,3,1,7,脆い,scripts/train_b2a.py
transfer/b2a_regiononly_mask_14/b2a_regiononly_mask_14@val~relation_detr_seed42,accuracy,significant,12.653687176504404,3,paired_delta,mixed_with_nondeterminism,uncontrolled,0.0038988808991434467,1.0790,0,1,2,0,0,1,4,要注意,scripts/train_b2a.py
transfer/b2a_regiononly_mask_14/b2a_regiononly_mask_14@val~relation_detr_seed42,edit_score,significant,6.59697313357463,3,paired_delta,mixed_with_nondeterminism,uncontrolled,0.5045403369358076,0.1913,0,1,2,0,3,1,7,脆い,scripts/train_b2a.py
transfer/b2a_regiononly_mask_14/b2a_regiononly_mask_14@val~relation_detr_seed42,jaccard,significant,16.971023701178456,3,paired_delta,mixed_with_nondeterminism,uncontrolled,0.007401280748827948,0.8020,0,1,2,0,0,1,4,要注意,scripts/train_b2a.py
transfer/b2a_regiononly_mask_14/b2a_regiononly_mask_14@val~relation_detr_seed42,macro_f1,significant,14.785109887420727,3,paired_delta,mixed_with_nondeterminism,uncontrolled,0.007082899308207648,0.8129,0,1,2,0,0,1,4,要注意,scripts/train_b2a.py
transfer/b2a_regiononly_mask_14/b2a_regiononly_mask_14@val~relation_detr_seed42,seg_f1_10,significant,3.187760336170489,3,paired_delta,mixed_with_nondeterminism,uncontrolled,0.005469922943511404,0.1901,0,1,2,0,3,1,7,脆い,scripts/train_b2a.py
transfer/b2a_regiononly_mask_14/b2a_regiononly_mask_14@val~relation_detr_seed42,seg_f1_25,significant,4.405846907074248,3,paired_delta,mixed_with_nondeterminism,uncontrolled,0.008325912121177568,0.3065,0,1,2,0,2,1,6,脆い,scripts/train_b2a.py
transfer/b2a_regiononly_mask_14/b2a_regiononly_mask_14@val~relation_detr_seed42,seg_f1_50,significant,15.704153088888685,3,paired_delta,mixed_with_nondeterminism,uncontrolled,0.004769857952228478,0.1381,0,1,2,0,3,1,7,脆い,scripts/train_b2a.py
transfer/b2a_regiononly_oracle/b2a_regiononly_oracle@val~relation_detr_seed42,accuracy,significant,20.284197896784626,3,paired_delta,mixed_with_nondeterminism,uncontrolled,0.0034409674859213354,0.9523,0,1,2,0,0,1,4,要注意,scripts/train_b2a.py
transfer/b2a_regiononly_oracle/b2a_regiononly_oracle@val~relation_detr_seed42,edit_score,significant,5.862272106787433,3,paired_delta,mixed_with_nondeterminism,uncontrolled,4.215613766090905,1.5986,0,1,2,0,0,1,4,要注意,scripts/train_b2a.py
transfer/b2a_regiononly_oracle/b2a_regiononly_oracle@val~relation_detr_seed42,jaccard,significant,22.830153064444943,3,paired_delta,mixed_with_nondeterminism,uncontrolled,0.008261417735453153,0.8952,0,1,2,0,0,1,4,要注意,scripts/train_b2a.py
transfer/b2a_regiononly_oracle/b2a_regiononly_oracle@val~relation_detr_seed42,macro_f1,significant,16.620811032359963,3,paired_delta,mixed_with_nondeterminism,uncontrolled,0.008676016793890344,0.9958,0,1,2,0,0,1,4,要注意,scripts/train_b2a.py
transfer/b2a_regiononly_oracle/b2a_regiononly_oracle@val~relation_detr_seed42,seg_f1_10,significant,5.636705481011414,3,paired_delta,mixed_with_nondeterminism,uncontrolled,0.052250274519611346,1.8157,0,1,2,0,0,1,4,要注意,scripts/train_b2a.py
transfer/b2a_regiononly_oracle/b2a_regiononly_oracle@val~relation_detr_seed42,seg_f1_25,significant,6.049185325562993,3,paired_delta,mixed_with_nondeterminism,uncontrolled,0.051869017503819004,1.9093,0,1,2,0,0,1,4,要注意,scripts/train_b2a.py
transfer/b2a_regiononly_oracle/b2a_regiononly_oracle@val~relation_detr_seed42,seg_f1_50,significant,5.413684585728926,3,paired_delta,mixed_with_nondeterminism,uncontrolled,0.0670383178955356,1.9409,0,1,2,0,0,1,4,要注意,scripts/train_b2a.py
transfer/b2a_regiononly_oracle_mask_top3/b2a_regiononly_oracle_mask_top3@val~relation_detr_seed42,accuracy,significant,2.6023064289095768,3,paired_delta,mixed_with_nondeterminism,uncontrolled,0.006913679817713396,1.9133,0,1,2,1,0,1,5,要注意,scripts/train_b2a.py
transfer/b2a_regiononly_oracle_mask_top3/b2a_regiononly_oracle_mask_top3@val~relation_detr_seed42,edit_score,significant,2.117649184755436,3,paired_delta,mixed_with_nondeterminism,uncontrolled,7.2629424375584,2.7541,0,1,2,1,0,1,5,要注意,scripts/train_b2a.py
transfer/b2a_regiononly_oracle_mask_top3/b2a_regiononly_oracle_mask_top3@val~relation_detr_seed42,jaccard,significant,1.229006771714778,3,paired_delta,mixed_with_nondeterminism,uncontrolled,0.02096487708662868,2.2719,0,1,2,3,0,1,7,脆い,scripts/train_b2a.py
transfer/b2a_regiononly_oracle_mask_top3/b2a_regiononly_oracle_mask_top3@val~relation_detr_seed42,macro_f1,significant,2.3834607597904887,3,paired_delta,mixed_with_nondeterminism,uncontrolled,0.01569517900955126,1.8013,0,1,2,1,0,1,5,要注意,scripts/train_b2a.py
transfer/b2a_regiononly_oracle_mask_top3/b2a_regiononly_oracle_mask_top3@val~relation_detr_seed42,seg_f1_10,significant,2.5835262675819792,3,paired_delta,mixed_with_nondeterminism,uncontrolled,0.07304570038452234,2.5383,0,1,2,1,0,1,5,要注意,scripts/train_b2a.py
transfer/b2a_regiononly_oracle_mask_top3/b2a_regiononly_oracle_mask_top3@val~relation_detr_seed42,seg_f1_25,significant,2.303376931432259,3,paired_delta,mixed_with_nondeterminism,uncontrolled,0.08018405324709786,2.9516,0,1,2,1,0,1,5,要注意,scripts/train_b2a.py
transfer/b2a_regiononly_oracle_mask_top3/b2a_regiononly_oracle_mask_top3@val~relation_detr_seed42,seg_f1_50,significant,3.227249682499593,3,paired_delta,mixed_with_nondeterminism,uncontrolled,0.07175941012142932,2.0776,0,1,2,0,0,1,4,要注意,scripts/train_b2a.py
transfer/b2a_regiononly_pred/b2a_regiononly_pred@val~relation_detr_seed42,accuracy,significant,10.851598380141613,3,paired_delta,mixed_with_nondeterminism,uncontrolled,0.004505803985640211,1.2470,0,1,2,0,0,1,4,要注意,scripts/train_b2a.py
transfer/b2a_regiononly_pred/b2a_regiononly_pred@val~relation_detr_seed42,edit_score,not_significant,0.026347207297840975,3,paired_delta,mixed_with_nondeterminism,uncontrolled,4.535994896453226,1.7200,0,1,2,3,0,1,7,脆い,scripts/train_b2a.py
transfer/b2a_regiononly_pred/b2a_regiononly_pred@val~relation_detr_seed42,jaccard,significant,8.917679954475163,3,paired_delta,mixed_with_nondeterminism,uncontrolled,0.014458105742191885,1.5668,0,1,2,0,0,1,4,要注意,scripts/train_b2a.py
transfer/b2a_regiononly_pred/b2a_regiononly_pred@val~relation_detr_seed42,macro_f1,significant,8.343951523936004,3,paired_delta,mixed_with_nondeterminism,uncontrolled,0.012885053198869813,1.4788,0,1,2,0,0,1,4,要注意,scripts/train_b2a.py
transfer/b2a_regiononly_pred/b2a_regiononly_pred@val~relation_detr_seed42,seg_f1_10,significant,1.027980514196183,3,paired_delta,mixed_with_nondeterminism,uncontrolled,0.049514820565701785,1.7206,0,1,2,3,0,1,7,脆い,scripts/train_b2a.py
transfer/b2a_regiononly_pred/b2a_regiononly_pred@val~relation_detr_seed42,seg_f1_25,significant,1.5934523936802703,3,paired_delta,mixed_with_nondeterminism,uncontrolled,0.04180785373659957,1.5389,0,1,2,2,0,1,6,脆い,scripts/train_b2a.py
transfer/b2a_regiononly_pred/b2a_regiononly_pred@val~relation_detr_seed42,seg_f1_50,significant,1.9321622436355927,3,paired_delta,mixed_with_nondeterminism,uncontrolled,0.04305339546239954,1.2465,0,1,2,2,0,1,6,脆い,scripts/train_b2a.py
transfer/b2a_ro_oracle_bipolarnoise_p010/b2a_ro_oracle_bipolarnoise_p010@val~relation_detr_seed42,accuracy,significant,15.846284923496535,3,paired_delta,mixed_with_nondeterminism,uncontrolled,0.0038492546137660877,1.0653,0,1,2,0,0,1,4,要注意,scripts/train_b2a.py
transfer/b2a_ro_oracle_bipolarnoise_p010/b2a_ro_oracle_bipolarnoise_p010@val~relation_detr_seed42,edit_score,significant,2.231877373604389,3,paired_delta,mixed_with_nondeterminism,uncontrolled,11.334599935034612,4.2981,0,1,2,1,0,1,5,要注意,scripts/train_b2a.py
transfer/b2a_ro_oracle_bipolarnoise_p010/b2a_ro_oracle_bipolarnoise_p010@val~relation_detr_seed42,jaccard,significant,15.187898346262159,3,paired_delta,mixed_with_nondeterminism,uncontrolled,0.010069996257706494,1.0912,0,1,2,0,0,1,4,要注意,scripts/train_b2a.py
transfer/b2a_ro_oracle_bipolarnoise_p010/b2a_ro_oracle_bipolarnoise_p010@val~relation_detr_seed42,macro_f1,significant,14.903507182017051,3,paired_delta,mixed_with_nondeterminism,uncontrolled,0.00820316884019939,0.9415,0,1,2,0,0,1,4,要注意,scripts/train_b2a.py
transfer/b2a_ro_oracle_bipolarnoise_p010/b2a_ro_oracle_bipolarnoise_p010@val~relation_detr_seed42,seg_f1_10,significant,2.6024022319365794,3,paired_delta,mixed_with_nondeterminism,uncontrolled,0.11086498592217112,3.8526,0,1,2,1,0,1,5,要注意,scripts/train_b2a.py
transfer/b2a_ro_oracle_bipolarnoise_p010/b2a_ro_oracle_bipolarnoise_p010@val~relation_detr_seed42,seg_f1_25,significant,2.636430331333846,3,paired_delta,mixed_with_nondeterminism,uncontrolled,0.11511310186863757,4.2373,0,1,2,1,0,1,5,要注意,scripts/train_b2a.py
transfer/b2a_ro_oracle_bipolarnoise_p010/b2a_ro_oracle_bipolarnoise_p010@val~relation_detr_seed42,seg_f1_50,significant,2.537031538102649,3,paired_delta,mixed_with_nondeterminism,uncontrolled,0.12899712468624053,3.7348,0,1,2,1,0,1,5,要注意,scripts/train_b2a.py
transfer/b2a_ro_oracle_bipolarnoise_p020/b2a_ro_oracle_bipolarnoise_p020@val~relation_detr_seed42,accuracy,significant,11.882454529216478,3,paired_delta,mixed_with_nondeterminism,uncontrolled,0.00467040165492431,1.2925,0,1,2,0,0,1,4,要注意,scripts/train_b2a.py
transfer/b2a_ro_oracle_bipolarnoise_p020/b2a_ro_oracle_bipolarnoise_p020@val~relation_detr_seed42,edit_score,significant,11.922932808762132,3,paired_delta,mixed_with_nondeterminism,uncontrolled,1.8062770802169335,0.6849,0,1,2,0,1,1,5,要注意,scripts/train_b2a.py
transfer/b2a_ro_oracle_bipolarnoise_p020/b2a_ro_oracle_bipolarnoise_p020@val~relation_detr_seed42,jaccard,significant,10.413492335179145,3,paired_delta,mixed_with_nondeterminism,uncontrolled,0.012798594625008994,1.3869,0,1,2,0,0,1,4,要注意,scripts/train_b2a.py
transfer/b2a_ro_oracle_bipolarnoise_p020/b2a_ro_oracle_bipolarnoise_p020@val~relation_detr_seed42,macro_f1,significant,12.403666636372424,3,paired_delta,mixed_with_nondeterminism,uncontrolled,0.008676118668063521,0.9958,0,1,2,0,0,1,4,要注意,scripts/train_b2a.py
transfer/b2a_ro_oracle_bipolarnoise_p020/b2a_ro_oracle_bipolarnoise_p020@val~relation_detr_seed42,seg_f1_10,significant,7.20173133361184,3,paired_delta,mixed_with_nondeterminism,uncontrolled,0.03654220298938076,1.2698,0,1,2,0,0,1,4,要注意,scripts/train_b2a.py
transfer/b2a_ro_oracle_bipolarnoise_p020/b2a_ro_oracle_bipolarnoise_p020@val~relation_detr_seed42,seg_f1_25,significant,6.184520924616008,3,paired_delta,mixed_with_nondeterminism,uncontrolled,0.042771703210071885,1.5744,0,1,2,0,0,1,4,要注意,scripts/train_b2a.py
transfer/b2a_ro_oracle_bipolarnoise_p020/b2a_ro_oracle_bipolarnoise_p020@val~relation_detr_seed42,seg_f1_50,significant,3.5276960173218423,3,paired_delta,mixed_with_nondeterminism,uncontrolled,0.08304982413105359,2.4045,0,1,2,0,0,1,4,要注意,scripts/train_b2a.py
transfer/b2a_ro_oracle_bipolarnoise_p030/b2a_ro_oracle_bipolarnoise_p030@val~relation_detr_seed42,accuracy,significant,14.637550026387022,3,paired_delta,mixed_with_nondeterminism,uncontrolled,0.003415550085409363,0.9452,0,1,2,0,0,1,4,要注意,scripts/train_b2a.py
transfer/b2a_ro_oracle_bipolarnoise_p030/b2a_ro_oracle_bipolarnoise_p030@val~relation_detr_seed42,edit_score,significant,2.481526532966077,3,paired_delta,mixed_with_nondeterminism,uncontrolled,5.746624066831782,2.1791,0,1,2,1,0,1,5,要注意,scripts/train_b2a.py
transfer/b2a_ro_oracle_bipolarnoise_p030/b2a_ro_oracle_bipolarnoise_p030@val~relation_detr_seed42,jaccard,significant,18.899572533370385,3,paired_delta,mixed_with_nondeterminism,uncontrolled,0.005700747565638131,0.6178,0,1,2,0,1,1,5,要注意,scripts/train_b2a.py
transfer/b2a_ro_oracle_bipolarnoise_p030/b2a_ro_oracle_bipolarnoise_p030@val~relation_detr_seed42,macro_f1,significant,14.68196308138254,3,paired_delta,mixed_with_nondeterminism,uncontrolled,0.005843769305651353,0.6707,0,1,2,0,1,1,5,要注意,scripts/train_b2a.py
transfer/b2a_ro_oracle_bipolarnoise_p030/b2a_ro_oracle_bipolarnoise_p030@val~relation_detr_seed42,seg_f1_10,significant,2.6376113554478304,3,paired_delta,mixed_with_nondeterminism,uncontrolled,0.07401682508655834,2.5721,0,1,2,1,0,1,5,要注意,scripts/train_b2a.py
transfer/b2a_ro_oracle_bipolarnoise_p030/b2a_ro_oracle_bipolarnoise_p030@val~relation_detr_seed42,seg_f1_25,significant,2.786854618547686,3,paired_delta,mixed_with_nondeterminism,uncontrolled,0.07365354900983506,2.7112,0,1,2,1,0,1,5,要注意,scripts/train_b2a.py
transfer/b2a_ro_oracle_bipolarnoise_p030/b2a_ro_oracle_bipolarnoise_p030@val~relation_detr_seed42,seg_f1_50,significant,2.4815589983329436,3,paired_delta,mixed_with_nondeterminism,uncontrolled,0.08840306828826877,2.5595,0,1,2,1,0,1,5,要注意,scripts/train_b2a.py
transfer/b2a_ro_oracle_bsnoise_p010/b2a_ro_oracle_bsnoise_p010@val~relation_detr_seed42,accuracy,significant,59.85508397170564,3,paired_delta,mixed_with_nondeterminism,uncontrolled,0.0009308458630908185,0.2576,0,1,2,0,2,1,6,脆い,scripts/train_b2a.py
transfer/b2a_ro_oracle_bsnoise_p010/b2a_ro_oracle_bsnoise_p010@val~relation_detr_seed42,edit_score,significant,6.6506722663239355,3,paired_delta,mixed_with_nondeterminism,uncontrolled,2.669997825584829,1.0125,0,1,2,0,0,1,4,要注意,scripts/train_b2a.py
transfer/b2a_ro_oracle_bsnoise_p010/b2a_ro_oracle_bsnoise_p010@val~relation_detr_seed42,jaccard,significant,36.521429422254506,3,paired_delta,mixed_with_nondeterminism,uncontrolled,0.003724462415957485,0.4036,0,1,2,0,2,1,6,脆い,scripts/train_b2a.py
transfer/b2a_ro_oracle_bsnoise_p010/b2a_ro_oracle_bsnoise_p010@val~relation_detr_seed42,macro_f1,significant,15.26896309316848,3,paired_delta,mixed_with_nondeterminism,uncontrolled,0.007276650491540095,0.8351,0,1,2,0,0,1,4,要注意,scripts/train_b2a.py
transfer/b2a_ro_oracle_bsnoise_p010/b2a_ro_oracle_bsnoise_p010@val~relation_detr_seed42,seg_f1_10,significant,8.143057117738605,3,paired_delta,mixed_with_nondeterminism,uncontrolled,0.025544641189852578,0.8877,0,1,2,0,0,1,4,要注意,scripts/train_b2a.py
transfer/b2a_ro_oracle_bsnoise_p010/b2a_ro_oracle_bsnoise_p010@val~relation_detr_seed42,seg_f1_25,significant,8.247971107054493,3,paired_delta,mixed_with_nondeterminism,uncontrolled,0.02651069900604189,0.9759,0,1,2,0,0,1,4,要注意,scripts/train_b2a.py
transfer/b2a_ro_oracle_bsnoise_p010/b2a_ro_oracle_bsnoise_p010@val~relation_detr_seed42,seg_f1_50,significant,8.577769417621207,3,paired_delta,mixed_with_nondeterminism,uncontrolled,0.030297151572768587,0.8772,0,1,2,0,0,1,4,要注意,scripts/train_b2a.py
transfer/b2a_ro_oracle_bsnoise_p020/b2a_ro_oracle_bsnoise_p020@val~relation_detr_seed42,accuracy,significant,11.36804683937748,3,paired_delta,mixed_with_nondeterminism,uncontrolled,0.003778536610494403,1.0457,0,1,2,0,0,1,4,要注意,scripts/train_b2a.py
transfer/b2a_ro_oracle_bsnoise_p020/b2a_ro_oracle_bsnoise_p020@val~relation_detr_seed42,edit_score,significant,1.506356606118793,3,paired_delta,mixed_with_nondeterminism,uncontrolled,5.368744692942759,2.0358,0,1,2,2,0,1,6,脆い,scripts/train_b2a.py
transfer/b2a_ro_oracle_bsnoise_p020/b2a_ro_oracle_bsnoise_p020@val~relation_detr_seed42,jaccard,significant,7.552506213121531,3,paired_delta,mixed_with_nondeterminism,uncontrolled,0.012261761151687556,1.3287,0,1,2,0,0,1,4,要注意,scripts/train_b2a.py
transfer/b2a_ro_oracle_bsnoise_p020/b2a_ro_oracle_bsnoise_p020@val~relation_detr_seed42,macro_f1,significant,14.545039163333175,3,paired_delta,mixed_with_nondeterminism,uncontrolled,0.0053708917282424655,0.6164,0,1,2,0,1,1,5,要注意,scripts/train_b2a.py
transfer/b2a_ro_oracle_bsnoise_p020/b2a_ro_oracle_bsnoise_p020@val~relation_detr_seed42,seg_f1_10,significant,2.71260468660787,3,paired_delta,mixed_with_nondeterminism,uncontrolled,0.04690886250071046,1.6301,0,1,2,1,0,1,5,要注意,scripts/train_b2a.py
transfer/b2a_ro_oracle_bsnoise_p020/b2a_ro_oracle_bsnoise_p020@val~relation_detr_seed42,seg_f1_25,significant,2.3599298277253338,3,paired_delta,mixed_with_nondeterminism,uncontrolled,0.053250413958228326,1.9601,0,1,2,1,0,1,5,要注意,scripts/train_b2a.py
transfer/b2a_ro_oracle_bsnoise_p020/b2a_ro_oracle_bsnoise_p020@val~relation_detr_seed42,seg_f1_50,significant,3.39502598145872,3,paired_delta,mixed_with_nondeterminism,uncontrolled,0.048704690361884524,1.4101,0,1,2,0,0,1,4,要注意,scripts/train_b2a.py
transfer/b2a_ro_oracle_bsnoise_p030/b2a_ro_oracle_bsnoise_p030@val~relation_detr_seed42,accuracy,significant,7.9012816483234944,3,paired_delta,mixed_with_nondeterminism,uncontrolled,0.0024011525948583984,0.6645,0,1,2,0,1,1,5,要注意,scripts/train_b2a.py
transfer/b2a_ro_oracle_bsnoise_p030/b2a_ro_oracle_bsnoise_p030@val~relation_detr_seed42,edit_score,not_significant,0.5067689566155911,3,paired_delta,mixed_with_nondeterminism,uncontrolled,13.143637401801266,4.9841,0,1,2,3,0,1,7,脆い,scripts/train_b2a.py
transfer/b2a_ro_oracle_bsnoise_p030/b2a_ro_oracle_bsnoise_p030@val~relation_detr_seed42,jaccard,significant,2.667797147574914,3,paired_delta,mixed_with_nondeterminism,uncontrolled,0.007118579892198844,0.7714,0,1,2,1,0,1,5,要注意,scripts/train_b2a.py
transfer/b2a_ro_oracle_bsnoise_p030/b2a_ro_oracle_bsnoise_p030@val~relation_detr_seed42,macro_f1,not_significant,0.32167920811148465,3,paired_delta,mixed_with_nondeterminism,uncontrolled,0.016295480283498594,1.8702,0,1,2,3,0,1,7,脆い,scripts/train_b2a.py
transfer/b2a_ro_oracle_bsnoise_p030/b2a_ro_oracle_bsnoise_p030@val~relation_detr_seed42,seg_f1_10,not_significant,0.6994932066894857,3,paired_delta,mixed_with_nondeterminism,uncontrolled,0.1035450508087288,3.5982,0,1,2,3,0,1,7,脆い,scripts/train_b2a.py
transfer/b2a_ro_oracle_bsnoise_p030/b2a_ro_oracle_bsnoise_p030@val~relation_detr_seed42,seg_f1_25,not_significant,0.8531531636323824,3,paired_delta,mixed_with_nondeterminism,uncontrolled,0.09593681556741383,3.5314,0,1,2,3,0,1,7,脆い,scripts/train_b2a.py
transfer/b2a_ro_oracle_bsnoise_p030/b2a_ro_oracle_bsnoise_p030@val~relation_detr_seed42,seg_f1_50,significant,1.420843958794289,3,paired_delta,mixed_with_nondeterminism,uncontrolled,0.08196080971956905,2.3730,0,1,2,3,0,1,7,脆い,scripts/train_b2a.py
transfer/b2a_ro_oracle_nhnoise_p010/b2a_ro_oracle_nhnoise_p010@val~relation_detr_seed42,accuracy,significant,26.746616553023305,3,paired_delta,mixed_with_nondeterminism,uncontrolled,0.002642478285412953,0.7313,0,1,2,0,1,1,5,要注意,scripts/train_b2a.py
transfer/b2a_ro_oracle_nhnoise_p010/b2a_ro_oracle_nhnoise_p010@val~relation_detr_seed42,edit_score,significant,18.418959650972493,3,paired_delta,mixed_with_nondeterminism,uncontrolled,1.1734521006725023,0.4450,0,1,2,0,2,1,6,脆い,scripts/train_b2a.py
transfer/b2a_ro_oracle_nhnoise_p010/b2a_ro_oracle_nhnoise_p010@val~relation_detr_seed42,jaccard,significant,30.64922902431926,3,paired_delta,mixed_with_nondeterminism,uncontrolled,0.00605364953612184,0.6560,0,1,2,0,1,1,5,要注意,scripts/train_b2a.py
transfer/b2a_ro_oracle_nhnoise_p010/b2a_ro_oracle_nhnoise_p010@val~relation_detr_seed42,macro_f1,significant,24.68362059449011,3,paired_delta,mixed_with_nondeterminism,uncontrolled,0.005768758189827352,0.6621,0,1,2,0,1,1,5,要注意,scripts/train_b2a.py
transfer/b2a_ro_oracle_nhnoise_p010/b2a_ro_oracle_nhnoise_p010@val~relation_detr_seed42,seg_f1_10,significant,24.25506819614412,3,paired_delta,mixed_with_nondeterminism,uncontrolled,0.011369374210227426,0.3951,0,1,2,0,2,1,6,脆い,scripts/train_b2a.py
transfer/b2a_ro_oracle_nhnoise_p010/b2a_ro_oracle_nhnoise_p010@val~relation_detr_seed42,seg_f1_25,significant,21.0021976437963,3,paired_delta,mixed_with_nondeterminism,uncontrolled,0.01404666514364116,0.5171,0,1,2,0,1,1,5,要注意,scripts/train_b2a.py
transfer/b2a_ro_oracle_nhnoise_p010/b2a_ro_oracle_nhnoise_p010@val~relation_detr_seed42,seg_f1_50,significant,12.082307783333265,3,paired_delta,mixed_with_nondeterminism,uncontrolled,0.026975281938895503,0.7810,0,1,2,0,0,1,4,要注意,scripts/train_b2a.py
transfer/b2a_ro_oracle_nhnoise_p020/b2a_ro_oracle_nhnoise_p020@val~relation_detr_seed42,accuracy,significant,32.73726025913604,3,paired_delta,mixed_with_nondeterminism,uncontrolled,0.0021320435762901503,0.5900,0,1,2,0,1,1,5,要注意,scripts/train_b2a.py
transfer/b2a_ro_oracle_nhnoise_p020/b2a_ro_oracle_nhnoise_p020@val~relation_detr_seed42,edit_score,significant,14.52438687813057,3,paired_delta,mixed_with_nondeterminism,uncontrolled,1.6124483862871326,0.6114,0,1,2,0,1,1,5,要注意,scripts/train_b2a.py
transfer/b2a_ro_oracle_nhnoise_p020/b2a_ro_oracle_nhnoise_p020@val~relation_detr_seed42,jaccard,significant,24.581071752701995,3,paired_delta,mixed_with_nondeterminism,uncontrolled,0.007595891164229542,0.8231,0,1,2,0,0,1,4,要注意,scripts/train_b2a.py
transfer/b2a_ro_oracle_nhnoise_p020/b2a_ro_oracle_nhnoise_p020@val~relation_detr_seed42,macro_f1,significant,19.923086581792422,3,paired_delta,mixed_with_nondeterminism,uncontrolled,0.007178374839513384,0.8239,0,1,2,0,0,1,4,要注意,scripts/train_b2a.py
transfer/b2a_ro_oracle_nhnoise_p020/b2a_ro_oracle_nhnoise_p020@val~relation_detr_seed42,seg_f1_10,significant,28.005142022791578,3,paired_delta,mixed_with_nondeterminism,uncontrolled,0.010820110613209009,0.3760,0,1,2,0,2,1,6,脆い,scripts/train_b2a.py
transfer/b2a_ro_oracle_nhnoise_p020/b2a_ro_oracle_nhnoise_p020@val~relation_detr_seed42,seg_f1_25,significant,24.291118768159453,3,paired_delta,mixed_with_nondeterminism,uncontrolled,0.013266767507393749,0.4883,0,1,2,0,2,1,6,脆い,scripts/train_b2a.py
transfer/b2a_ro_oracle_nhnoise_p020/b2a_ro_oracle_nhnoise_p020@val~relation_detr_seed42,seg_f1_50,significant,9.435533137419359,3,paired_delta,mixed_with_nondeterminism,uncontrolled,0.03719143192938617,1.0768,0,1,2,0,0,1,4,要注意,scripts/train_b2a.py
transfer/b2a_ro_oracle_nhnoise_p030/b2a_ro_oracle_nhnoise_p030@val~relation_detr_seed42,accuracy,significant,36.63021006795969,3,paired_delta,mixed_with_nondeterminism,uncontrolled,0.0018634103189359688,0.5157,0,1,2,0,1,1,5,要注意,scripts/train_b2a.py
transfer/b2a_ro_oracle_nhnoise_p030/b2a_ro_oracle_nhnoise_p030@val~relation_detr_seed42,edit_score,significant,10.738730928345124,3,paired_delta,mixed_with_nondeterminism,uncontrolled,2.314606102215782,0.8777,0,1,2,0,0,1,4,要注意,scripts/train_b2a.py
transfer/b2a_ro_oracle_nhnoise_p030/b2a_ro_oracle_nhnoise_p030@val~relation_detr_seed42,jaccard,significant,30.029332150080354,3,paired_delta,mixed_with_nondeterminism,uncontrolled,0.006045546130788515,0.6551,0,1,2,0,1,1,5,要注意,scripts/train_b2a.py
transfer/b2a_ro_oracle_nhnoise_p030/b2a_ro_oracle_nhnoise_p030@val~relation_detr_seed42,macro_f1,significant,20.34543264905701,3,paired_delta,mixed_with_nondeterminism,uncontrolled,0.006886421961901422,0.7904,0,1,2,0,0,1,4,要注意,scripts/train_b2a.py
transfer/b2a_ro_oracle_nhnoise_p030/b2a_ro_oracle_nhnoise_p030@val~relation_detr_seed42,seg_f1_10,significant,21.396237376498647,3,paired_delta,mixed_with_nondeterminism,uncontrolled,0.01473144388911481,0.5119,0,1,2,0,1,1,5,要注意,scripts/train_b2a.py
transfer/b2a_ro_oracle_nhnoise_p030/b2a_ro_oracle_nhnoise_p030@val~relation_detr_seed42,seg_f1_25,significant,21.873955310259177,3,paired_delta,mixed_with_nondeterminism,uncontrolled,0.015082238627847832,0.5552,0,1,2,0,1,1,5,要注意,scripts/train_b2a.py
transfer/b2a_ro_oracle_nhnoise_p030/b2a_ro_oracle_nhnoise_p030@val~relation_detr_seed42,seg_f1_50,significant,9.112133596724027,3,paired_delta,mixed_with_nondeterminism,uncontrolled,0.03905990518102193,1.1309,0,1,2,0,0,1,4,要注意,scripts/train_b2a.py
transfer/b2a_ro_oracle_noise000/b2a_ro_oracle_noise000@val~relation_detr_seed42,accuracy,significant,1.055829277132759,3,paired_delta,mixed_with_nondeterminism,uncontrolled,0.005726200659764305,1.5847,0,1,2,3,0,1,7,脆い,scripts/train_b2a.py
transfer/b2a_ro_oracle_noise000/b2a_ro_oracle_noise000@val~relation_detr_seed42,edit_score,not_significant,0.7224270765111268,3,paired_delta,mixed_with_nondeterminism,uncontrolled,2.0244053956645542,0.7677,0,1,2,3,0,1,7,脆い,scripts/train_b2a.py
transfer/b2a_ro_oracle_noise000/b2a_ro_oracle_noise000@val~relation_detr_seed42,jaccard,significant,2.4838809140979707,3,paired_delta,mixed_with_nondeterminism,uncontrolled,0.0061503403362306005,0.6665,0,1,2,1,1,1,6,脆い,scripts/train_b2a.py
transfer/b2a_ro_oracle_noise000/b2a_ro_oracle_noise000@val~relation_detr_seed42,macro_f1,significant,5.406212449584496,3,paired_delta,mixed_with_nondeterminism,uncontrolled,0.002475537894792962,0.2841,0,1,2,0,2,1,6,脆い,scripts/train_b2a.py
transfer/b2a_ro_oracle_noise000/b2a_ro_oracle_noise000@val~relation_detr_seed42,seg_f1_10,significant,10.355004944413992,3,paired_delta,mixed_with_nondeterminism,uncontrolled,0.0032696775551684463,0.1136,0,1,2,0,3,1,7,脆い,scripts/train_b2a.py
transfer/b2a_ro_oracle_noise000/b2a_ro_oracle_noise000@val~relation_detr_seed42,seg_f1_25,significant,3.79310933506385,3,paired_delta,mixed_with_nondeterminism,uncontrolled,0.008387343639866178,0.3087,0,1,2,0,2,1,6,脆い,scripts/train_b2a.py
transfer/b2a_ro_oracle_noise000/b2a_ro_oracle_noise000@val~relation_detr_seed42,seg_f1_50,significant,3.8003779094259613,3,paired_delta,mixed_with_nondeterminism,uncontrolled,0.011951684530947462,0.3460,0,1,2,0,2,1,6,脆い,scripts/train_b2a.py
transfer/b2a_ro_oracle_scalpelnoise_p010/b2a_ro_oracle_scalpelnoise_p010@val~relation_detr_seed42,accuracy,significant,27.31568201737725,3,paired_delta,mixed_with_nondeterminism,uncontrolled,0.0024827155103755096,0.6871,0,1,2,0,1,1,5,要注意,scripts/train_b2a.py
transfer/b2a_ro_oracle_scalpelnoise_p010/b2a_ro_oracle_scalpelnoise_p010@val~relation_detr_seed42,edit_score,significant,3.5291980894506247,3,paired_delta,mixed_with_nondeterminism,uncontrolled,6.779746037779303,2.5709,0,1,2,0,0,1,4,要注意,scripts/train_b2a.py
transfer/b2a_ro_oracle_scalpelnoise_p010/b2a_ro_oracle_scalpelnoise_p010@val~relation_detr_seed42,jaccard,significant,30.48559360400037,3,paired_delta,mixed_with_nondeterminism,uncontrolled,0.005884642805434944,0.6377,0,1,2,0,1,1,5,要注意,scripts/train_b2a.py
transfer/b2a_ro_oracle_scalpelnoise_p010/b2a_ro_oracle_scalpelnoise_p010@val~relation_detr_seed42,macro_f1,significant,17.50019648967565,3,paired_delta,mixed_with_nondeterminism,uncontrolled,0.007950494388447917,0.9125,0,1,2,0,0,1,4,要注意,scripts/train_b2a.py
transfer/b2a_ro_oracle_scalpelnoise_p010/b2a_ro_oracle_scalpelnoise_p010@val~relation_detr_seed42,seg_f1_10,significant,3.537039955388479,3,paired_delta,mixed_with_nondeterminism,uncontrolled,0.07679692039373004,2.6687,0,1,2,0,0,1,4,要注意,scripts/train_b2a.py
transfer/b2a_ro_oracle_scalpelnoise_p010/b2a_ro_oracle_scalpelnoise_p010@val~relation_detr_seed42,seg_f1_25,significant,3.783598431200086,3,paired_delta,mixed_with_nondeterminism,uncontrolled,0.07687910647472637,2.8299,0,1,2,0,0,1,4,要注意,scripts/train_b2a.py
transfer/b2a_ro_oracle_scalpelnoise_p010/b2a_ro_oracle_scalpelnoise_p010@val~relation_detr_seed42,seg_f1_50,significant,4.317131472710341,3,paired_delta,mixed_with_nondeterminism,uncontrolled,0.08042232318111896,2.3284,0,1,2,0,0,1,4,要注意,scripts/train_b2a.py
transfer/b2a_ro_oracle_scalpelnoise_p020/b2a_ro_oracle_scalpelnoise_p020@val~relation_detr_seed42,accuracy,significant,32.80134436776766,3,paired_delta,mixed_with_nondeterminism,uncontrolled,0.0019333545194367098,0.5350,0,1,2,0,1,1,5,要注意,scripts/train_b2a.py
transfer/b2a_ro_oracle_scalpelnoise_p020/b2a_ro_oracle_scalpelnoise_p020@val~relation_detr_seed42,edit_score,significant,4.6240142247927984,3,paired_delta,mixed_with_nondeterminism,uncontrolled,4.193155073881839,1.5900,0,1,2,0,0,1,4,要注意,scripts/train_b2a.py
transfer/b2a_ro_oracle_scalpelnoise_p020/b2a_ro_oracle_scalpelnoise_p020@val~relation_detr_seed42,jaccard,significant,26.492765955926018,3,paired_delta,mixed_with_nondeterminism,uncontrolled,0.006473644274514783,0.7015,0,1,2,0,1,1,5,要注意,scripts/train_b2a.py
transfer/b2a_ro_oracle_scalpelnoise_p020/b2a_ro_oracle_scalpelnoise_p020@val~relation_detr_seed42,macro_f1,significant,15.410125109212142,3,paired_delta,mixed_with_nondeterminism,uncontrolled,0.008749931656063603,1.0042,0,1,2,0,0,1,4,要注意,scripts/train_b2a.py
transfer/b2a_ro_oracle_scalpelnoise_p020/b2a_ro_oracle_scalpelnoise_p020@val~relation_detr_seed42,seg_f1_10,significant,4.2093473322543264,3,paired_delta,mixed_with_nondeterminism,uncontrolled,0.05726659098054916,1.9900,0,1,2,0,0,1,4,要注意,scripts/train_b2a.py
transfer/b2a_ro_oracle_scalpelnoise_p020/b2a_ro_oracle_scalpelnoise_p020@val~relation_detr_seed42,seg_f1_25,significant,4.937299140919802,3,paired_delta,mixed_with_nondeterminism,uncontrolled,0.051855751729173234,1.9088,0,1,2,0,0,1,4,要注意,scripts/train_b2a.py
transfer/b2a_ro_oracle_scalpelnoise_p020/b2a_ro_oracle_scalpelnoise_p020@val~relation_detr_seed42,seg_f1_50,significant,5.383553643627552,3,paired_delta,mixed_with_nondeterminism,uncontrolled,0.057328350161414895,1.6598,0,1,2,0,0,1,4,要注意,scripts/train_b2a.py
transfer/b2a_ro_oracle_scalpelnoise_p030/b2a_ro_oracle_scalpelnoise_p030@val~relation_detr_seed42,accuracy,significant,30.752886105307944,3,paired_delta,mixed_with_nondeterminism,uncontrolled,0.0019333545194367098,0.5350,0,1,2,0,1,1,5,要注意,scripts/train_b2a.py
transfer/b2a_ro_oracle_scalpelnoise_p030/b2a_ro_oracle_scalpelnoise_p030@val~relation_detr_seed42,edit_score,significant,3.636942361338278,3,paired_delta,mixed_with_nondeterminism,uncontrolled,5.291665495152231,2.0066,0,1,2,0,0,1,4,要注意,scripts/train_b2a.py
transfer/b2a_ro_oracle_scalpelnoise_p030/b2a_ro_oracle_scalpelnoise_p030@val~relation_detr_seed42,jaccard,significant,23.92503906755938,3,paired_delta,mixed_with_nondeterminism,uncontrolled,0.006874223562623532,0.7449,0,1,2,0,1,1,5,要注意,scripts/train_b2a.py
transfer/b2a_ro_oracle_scalpelnoise_p030/b2a_ro_oracle_scalpelnoise_p030@val~relation_detr_seed42,macro_f1,significant,16.014019069872937,3,paired_delta,mixed_with_nondeterminism,uncontrolled,0.008171063946186354,0.9378,0,1,2,0,0,1,4,要注意,scripts/train_b2a.py
transfer/b2a_ro_oracle_scalpelnoise_p030/b2a_ro_oracle_scalpelnoise_p030@val~relation_detr_seed42,seg_f1_10,significant,3.358278418029635,3,paired_delta,mixed_with_nondeterminism,uncontrolled,0.07218736935810476,2.5085,0,1,2,0,0,1,4,要注意,scripts/train_b2a.py
transfer/b2a_ro_oracle_scalpelnoise_p030/b2a_ro_oracle_scalpelnoise_p030@val~relation_detr_seed42,seg_f1_25,significant,3.4054964385449358,3,paired_delta,mixed_with_nondeterminism,uncontrolled,0.07569308748672193,2.7862,0,1,2,0,0,1,4,要注意,scripts/train_b2a.py
transfer/b2a_ro_oracle_scalpelnoise_p030/b2a_ro_oracle_scalpelnoise_p030@val~relation_detr_seed42,seg_f1_50,significant,3.5789449523911623,3,paired_delta,mixed_with_nondeterminism,uncontrolled,0.08801680318516057,2.5483,0,1,2,0,0,1,4,要注意,scripts/train_b2a.py
transfer/b2a_ro_oracle_top3noise_p010/b2a_ro_oracle_top3noise_p010@val~relation_detr_seed42,accuracy,significant,25.758084758696036,3,paired_delta,mixed_with_nondeterminism,uncontrolled,0.002120334170830622,0.5868,0,1,2,0,1,1,5,要注意,scripts/train_b2a.py
transfer/b2a_ro_oracle_top3noise_p010/b2a_ro_oracle_top3noise_p010@val~relation_detr_seed42,edit_score,significant,1.6581471073452327,3,paired_delta,mixed_with_nondeterminism,uncontrolled,9.94480085498128,3.7711,0,1,2,2,0,1,6,脆い,scripts/train_b2a.py
transfer/b2a_ro_oracle_top3noise_p010/b2a_ro_oracle_top3noise_p010@val~relation_detr_seed42,jaccard,significant,24.51922453601962,3,paired_delta,mixed_with_nondeterminism,uncontrolled,0.005536784302953869,0.6000,0,1,2,0,1,1,5,要注意,scripts/train_b2a.py
transfer/b2a_ro_oracle_top3noise_p010/b2a_ro_oracle_top3noise_p010@val~relation_detr_seed42,macro_f1,significant,14.343967846249514,3,paired_delta,mixed_with_nondeterminism,uncontrolled,0.007744053643759859,0.8888,0,1,2,0,0,1,4,要注意,scripts/train_b2a.py
transfer/b2a_ro_oracle_top3noise_p010/b2a_ro_oracle_top3noise_p010@val~relation_detr_seed42,seg_f1_10,significant,2.1772613639101563,3,paired_delta,mixed_with_nondeterminism,uncontrolled,0.09980497332238573,3.4682,0,1,2,1,0,1,5,要注意,scripts/train_b2a.py
transfer/b2a_ro_oracle_top3noise_p010/b2a_ro_oracle_top3noise_p010@val~relation_detr_seed42,seg_f1_25,significant,2.152263772549371,3,paired_delta,mixed_with_nondeterminism,uncontrolled,0.1046806350323636,3.8533,0,1,2,1,0,1,5,要注意,scripts/train_b2a.py
transfer/b2a_ro_oracle_top3noise_p010/b2a_ro_oracle_top3noise_p010@val~relation_detr_seed42,seg_f1_50,significant,2.5117656472318566,3,paired_delta,mixed_with_nondeterminism,uncontrolled,0.10801318710103663,3.1272,0,1,2,1,0,1,5,要注意,scripts/train_b2a.py
transfer/b2a_ro_oracle_top3noise_p020/b2a_ro_oracle_top3noise_p020@val~relation_detr_seed42,accuracy,significant,28.319416539124564,3,paired_delta,mixed_with_nondeterminism,uncontrolled,0.0011283241311927036,0.3123,0,1,2,0,2,1,6,脆い,scripts/train_b2a.py
transfer/b2a_ro_oracle_top3noise_p020/b2a_ro_oracle_top3noise_p020@val~relation_detr_seed42,edit_score,significant,1.3259339330156803,3,paired_delta,mixed_with_nondeterminism,uncontrolled,8.35053133298969,3.1665,0,1,2,3,0,1,7,脆い,scripts/train_b2a.py
transfer/b2a_ro_oracle_top3noise_p020/b2a_ro_oracle_top3noise_p020@val~relation_detr_seed42,jaccard,significant,11.68035632947463,3,paired_delta,mixed_with_nondeterminism,uncontrolled,0.005467152074210753,0.5924,0,1,2,0,1,1,5,要注意,scripts/train_b2a.py
transfer/b2a_ro_oracle_top3noise_p020/b2a_ro_oracle_top3noise_p020@val~relation_detr_seed42,macro_f1,significant,8.068556851618402,3,paired_delta,mixed_with_nondeterminism,uncontrolled,0.005658232330641087,0.6494,0,1,2,0,1,1,5,要注意,scripts/train_b2a.py
transfer/b2a_ro_oracle_top3noise_p020/b2a_ro_oracle_top3noise_p020@val~relation_detr_seed42,seg_f1_10,significant,2.222765474297904,3,paired_delta,mixed_with_nondeterminism,uncontrolled,0.07454649100950289,2.5905,0,1,2,1,0,1,5,要注意,scripts/train_b2a.py
transfer/b2a_ro_oracle_top3noise_p020/b2a_ro_oracle_top3noise_p020@val~relation_detr_seed42,seg_f1_25,significant,2.43920285275673,3,paired_delta,mixed_with_nondeterminism,uncontrolled,0.06596079797069335,2.4280,0,1,2,1,0,1,5,要注意,scripts/train_b2a.py
transfer/b2a_ro_oracle_top3noise_p020/b2a_ro_oracle_top3noise_p020@val~relation_detr_seed42,seg_f1_50,significant,2.8347878614424658,3,paired_delta,mixed_with_nondeterminism,uncontrolled,0.0687317654025962,1.9899,0,1,2,1,0,1,5,要注意,scripts/train_b2a.py
transfer/b2a_ro_oracle_top3noise_p030/b2a_ro_oracle_top3noise_p030@val~relation_detr_seed42,accuracy,not_significant,0.2497437546731331,3,paired_delta,mixed_with_nondeterminism,uncontrolled,0.011654252478795165,3.2253,0,1,2,3,0,1,7,脆い,scripts/train_b2a.py
transfer/b2a_ro_oracle_top3noise_p030/b2a_ro_oracle_top3noise_p030@val~relation_detr_seed42,edit_score,significant,7.997450147797045,3,paired_delta,mixed_with_nondeterminism,uncontrolled,0.8958172058247501,0.3397,0,1,2,0,2,1,6,脆い,scripts/train_b2a.py
transfer/b2a_ro_oracle_top3noise_p030/b2a_ro_oracle_top3noise_p030@val~relation_detr_seed42,jaccard,not_significant,0.08200612762085147,3,paired_delta,mixed_with_nondeterminism,uncontrolled,0.010586281682401534,1.1472,0,1,2,3,0,1,7,脆い,scripts/train_b2a.py
transfer/b2a_ro_oracle_top3noise_p030/b2a_ro_oracle_top3noise_p030@val~relation_detr_seed42,macro_f1,significant,4.25583687693241,3,paired_delta,mixed_with_nondeterminism,uncontrolled,0.005883622336482509,0.6753,0,1,2,0,1,1,5,要注意,scripts/train_b2a.py
transfer/b2a_ro_oracle_top3noise_p030/b2a_ro_oracle_top3noise_p030@val~relation_detr_seed42,seg_f1_10,significant,15.987129747564639,3,paired_delta,mixed_with_nondeterminism,uncontrolled,0.009096414610680535,0.3161,0,1,2,0,2,1,6,脆い,scripts/train_b2a.py
transfer/b2a_ro_oracle_top3noise_p030/b2a_ro_oracle_top3noise_p030@val~relation_detr_seed42,seg_f1_25,significant,11.697919746489372,3,paired_delta,mixed_with_nondeterminism,uncontrolled,0.013711664175132693,0.5047,0,1,2,0,1,1,5,要注意,scripts/train_b2a.py
transfer/b2a_ro_oracle_top3noise_p030/b2a_ro_oracle_top3noise_p030@val~relation_detr_seed42,seg_f1_50,significant,18.28045336495388,3,paired_delta,mixed_with_nondeterminism,uncontrolled,0.011015848883434293,0.3189,0,1,2,0,2,1,6,脆い,scripts/train_b2a.py
transfer/haux_hand_count_oracle/haux_hand_count_oracle@val~relation_detr_seed42,accuracy,not_significant,0.40115828409780213,3,paired_delta,mixed_with_nondeterminism,uncontrolled,0.0056100318865997525,1.5526,0,1,2,3,0,1,7,脆い,scripts/train_haux.py
transfer/haux_hand_count_oracle/haux_hand_count_oracle@val~relation_detr_seed42,edit_score,not_significant,0.267897509193014,3,paired_delta,mixed_with_nondeterminism,uncontrolled,2.26307114336503,0.8582,0,1,2,3,0,1,7,脆い,scripts/train_haux.py
transfer/haux_hand_count_oracle/haux_hand_count_oracle@val~relation_detr_seed42,jaccard,not_significant,0.1366106531575954,3,paired_delta,mixed_with_nondeterminism,uncontrolled,0.011486144689082958,1.2447,0,1,2,3,0,1,7,脆い,scripts/train_haux.py
transfer/haux_hand_count_oracle/haux_hand_count_oracle@val~relation_detr_seed42,macro_f1,not_significant,0.5997348678688812,3,paired_delta,mixed_with_nondeterminism,uncontrolled,0.0071898458473576695,0.8252,0,1,2,3,0,1,7,脆い,scripts/train_haux.py
transfer/haux_hand_count_oracle/haux_hand_count_oracle@val~relation_detr_seed42,seg_f1_10,not_significant,0.7048246877055868,3,paired_delta,mixed_with_nondeterminism,uncontrolled,0.03808109908738675,1.3233,0,1,2,3,0,1,7,脆い,scripts/train_haux.py
transfer/haux_hand_count_oracle/haux_hand_count_oracle@val~relation_detr_seed42,seg_f1_25,not_significant,0.38857184219855984,3,paired_delta,mixed_with_nondeterminism,uncontrolled,0.03270102255435957,1.2037,0,1,2,3,0,1,7,脆い,scripts/train_haux.py
transfer/haux_hand_count_oracle/haux_hand_count_oracle@val~relation_detr_seed42,seg_f1_50,not_significant,0.820427441497705,3,paired_delta,mixed_with_nondeterminism,uncontrolled,0.0396896474371662,1.1491,0,1,2,3,0,1,7,脆い,scripts/train_haux.py
transfer/haux_hand_geom_oracle/haux_hand_geom_oracle@val~relation_detr_seed42,accuracy,significant,2.0346330966408734,3,paired_delta,mixed_with_nondeterminism,uncontrolled,0.0068374376220173266,1.8922,0,1,2,1,0,1,5,要注意,scripts/train_haux.py
transfer/haux_hand_geom_oracle/haux_hand_geom_oracle@val~relation_detr_seed42,edit_score,not_significant,1.1543692966010186,3,paired_delta,mixed_with_nondeterminism,uncontrolled,1.7661055850720855,0.6697,0,1,2,3,1,1,8,脆い,scripts/train_haux.py
transfer/haux_hand_geom_oracle/haux_hand_geom_oracle@val~relation_detr_seed42,jaccard,significant,2.1721948632310335,3,paired_delta,mixed_with_nondeterminism,uncontrolled,0.02326956835307421,2.5216,0,1,2,1,0,1,5,要注意,scripts/train_haux.py
transfer/haux_hand_geom_oracle/haux_hand_geom_oracle@val~relation_detr_seed42,macro_f1,significant,1.6404318622254976,3,paired_delta,mixed_with_nondeterminism,uncontrolled,0.02585127850581854,2.9670,0,1,2,2,0,1,6,脆い,scripts/train_haux.py
transfer/haux_hand_geom_oracle/haux_hand_geom_oracle@val~relation_detr_seed42,seg_f1_10,significant,1.6377648717435462,3,paired_delta,mixed_with_nondeterminism,uncontrolled,0.017930061648182536,0.6231,0,1,2,2,1,1,7,脆い,scripts/train_haux.py
transfer/haux_hand_geom_oracle/haux_hand_geom_oracle@val~relation_detr_seed42,seg_f1_25,not_significant,0.559526361290468,3,paired_delta,mixed_with_nondeterminism,uncontrolled,0.026028762541262802,0.9581,0,1,2,3,0,1,7,脆い,scripts/train_haux.py
transfer/haux_hand_geom_oracle/haux_hand_geom_oracle@val~relation_detr_seed42,seg_f1_50,not_significant,0.5898426769426554,3,paired_delta,mixed_with_nondeterminism,uncontrolled,0.04180753242159144,1.2104,0,1,2,3,0,1,7,脆い,scripts/train_haux.py
transfer/haux_hand_own_other_oracle/haux_hand_own_other_oracle@val~relation_detr_seed42,accuracy,not_significant,1.021041719270307,3,paired_delta,mixed_with_nondeterminism,uncontrolled,0.002204132037788442,0.6100,0,1,2,3,1,1,8,脆い,scripts/train_haux.py
transfer/haux_hand_own_other_oracle/haux_hand_own_other_oracle@val~relation_detr_seed42,edit_score,not_significant,0.5776692205727848,3,paired_delta,mixed_with_nondeterminism,uncontrolled,3.8772828448385623,1.4703,0,1,2,3,0,1,7,脆い,scripts/train_haux.py
transfer/haux_hand_own_other_oracle/haux_hand_own_other_oracle@val~relation_detr_seed42,jaccard,not_significant,0.8257605887788803,3,paired_delta,mixed_with_nondeterminism,uncontrolled,0.01547306384109566,1.6767,0,1,2,3,0,1,7,脆い,scripts/train_haux.py
transfer/haux_hand_own_other_oracle/haux_hand_own_other_oracle@val~relation_detr_seed42,macro_f1,not_significant,0.031322459578829114,3,paired_delta,mixed_with_nondeterminism,uncontrolled,0.02061095801936329,2.3655,0,1,2,3,0,1,7,脆い,scripts/train_haux.py
transfer/haux_hand_own_other_oracle/haux_hand_own_other_oracle@val~relation_detr_seed42,seg_f1_10,not_significant,0.2878836339175562,3,paired_delta,mixed_with_nondeterminism,uncontrolled,0.04312101028682341,1.4985,0,1,2,3,0,1,7,脆い,scripts/train_haux.py
transfer/haux_hand_own_other_oracle/haux_hand_own_other_oracle@val~relation_detr_seed42,seg_f1_25,not_significant,0.35157141519271906,3,paired_delta,mixed_with_nondeterminism,uncontrolled,0.059039941187654196,2.1732,0,1,2,3,0,1,7,脆い,scripts/train_haux.py
transfer/haux_hand_own_other_oracle/haux_hand_own_other_oracle@val~relation_detr_seed42,seg_f1_50,not_significant,0.07013643432110095,3,paired_delta,mixed_with_nondeterminism,uncontrolled,0.069247141489272,2.0049,0,1,2,3,0,1,7,脆い,scripts/train_haux.py
transfer/haux_hand_presence_oracle/haux_hand_presence_oracle@val~relation_detr_seed42,accuracy,not_significant,0.7432726560037546,3,paired_delta,mixed_with_nondeterminism,uncontrolled,0.008948197886258707,2.4764,0,1,2,3,0,1,7,脆い,scripts/train_haux.py
transfer/haux_hand_presence_oracle/haux_hand_presence_oracle@val~relation_detr_seed42,edit_score,not_significant,0.14082319107534233,3,paired_delta,mixed_with_nondeterminism,uncontrolled,2.3289399411426976,0.8831,0,1,2,3,0,1,7,脆い,scripts/train_haux.py
transfer/haux_hand_presence_oracle/haux_hand_presence_oracle@val~relation_detr_seed42,jaccard,significant,3.0544908278618967,3,paired_delta,mixed_with_nondeterminism,uncontrolled,0.013199910713871329,1.4304,0,1,2,0,0,1,4,要注意,scripts/train_haux.py
transfer/haux_hand_presence_oracle/haux_hand_presence_oracle@val~relation_detr_seed42,macro_f1,significant,3.508722274292841,3,paired_delta,mixed_with_nondeterminism,uncontrolled,0.010712370437395929,1.2295,0,1,2,0,0,1,4,要注意,scripts/train_haux.py
transfer/haux_hand_presence_oracle/haux_hand_presence_oracle@val~relation_detr_seed42,seg_f1_10,significant,1.4052624559888949,3,paired_delta,mixed_with_nondeterminism,uncontrolled,0.017455955842103594,0.6066,0,1,2,3,1,1,8,脆い,scripts/train_haux.py
transfer/haux_hand_presence_oracle/haux_hand_presence_oracle@val~relation_detr_seed42,seg_f1_25,not_significant,0.5536093412925822,3,paired_delta,mixed_with_nondeterminism,uncontrolled,0.03596427564883544,1.3238,0,1,2,3,0,1,7,脆い,scripts/train_haux.py
transfer/haux_hand_presence_oracle/haux_hand_presence_oracle@val~relation_detr_seed42,seg_f1_50,not_significant,0.11711446960207343,3,paired_delta,mixed_with_nondeterminism,uncontrolled,0.025921527930607285,0.7505,0,1,2,3,0,1,7,脆い,scripts/train_haux.py
transfer/haux_hand_presence_oracle_shuffle/haux_hand_presence_oracle_shuffle@val~relation_detr_seed42,accuracy,not_significant,0.2730469961257482,3,paired_delta,mixed_with_nondeterminism,uncontrolled,0.006630604938528873,1.8350,0,1,2,3,0,1,7,脆い,scripts/train_haux.py
transfer/haux_hand_presence_oracle_shuffle/haux_hand_presence_oracle_shuffle@val~relation_detr_seed42,edit_score,not_significant,0.9609567817974067,3,paired_delta,mixed_with_nondeterminism,uncontrolled,1.8708693149558562,0.7094,0,1,2,3,1,1,8,脆い,scripts/train_haux.py
transfer/haux_hand_presence_oracle_shuffle/haux_hand_presence_oracle_shuffle@val~relation_detr_seed42,jaccard,not_significant,0.3181188133591378,3,paired_delta,mixed_with_nondeterminism,uncontrolled,0.0378696549243827,4.1037,0,1,2,3,0,1,7,脆い,scripts/train_haux.py
transfer/haux_hand_presence_oracle_shuffle/haux_hand_presence_oracle_shuffle@val~relation_detr_seed42,macro_f1,not_significant,0.24547795002392592,3,paired_delta,mixed_with_nondeterminism,uncontrolled,0.03887042436366878,4.4612,0,1,2,3,0,1,7,脆い,scripts/train_haux.py
transfer/haux_hand_presence_oracle_shuffle/haux_hand_presence_oracle_shuffle@val~relation_detr_seed42,seg_f1_10,not_significant,0.49604241945668576,3,paired_delta,mixed_with_nondeterminism,uncontrolled,0.030289099554186447,1.0526,0,1,2,3,0,1,7,脆い,scripts/train_haux.py
transfer/haux_hand_presence_oracle_shuffle/haux_hand_presence_oracle_shuffle@val~relation_detr_seed42,seg_f1_25,not_significant,0.24966256104447515,3,paired_delta,mixed_with_nondeterminism,uncontrolled,0.03292270257044787,1.2119,0,1,2,3,0,1,7,脆い,scripts/train_haux.py
transfer/haux_hand_presence_oracle_shuffle/haux_hand_presence_oracle_shuffle@val~relation_detr_seed42,seg_f1_50,not_significant,0.07172112223251313,3,paired_delta,mixed_with_nondeterminism,uncontrolled,0.01994009282795798,0.5773,0,1,2,3,1,1,8,脆い,scripts/train_haux.py
transfer/haux_hand_presence_oracle_withtooloracle/haux_hand_presence_oracle_withtooloracle@val~relation_detr_seed42,accuracy,significant,11.766462355182599,3,paired_delta,mixed_with_nondeterminism,uncontrolled,0.005109122481281861,1.4139,0,1,2,0,0,1,4,要注意,scripts/train_haux.py
transfer/haux_hand_presence_oracle_withtooloracle/haux_hand_presence_oracle_withtooloracle@val~relation_detr_seed42,edit_score,significant,14.308879027735944,3,paired_delta,mixed_with_nondeterminism,uncontrolled,0.9603428283232746,0.3642,0,1,2,0,2,1,6,脆い,scripts/train_haux.py
transfer/haux_hand_presence_oracle_withtooloracle/haux_hand_presence_oracle_withtooloracle@val~relation_detr_seed42,jaccard,significant,16.476331733639594,3,paired_delta,mixed_with_nondeterminism,uncontrolled,0.010027790794676458,1.0867,0,1,2,0,0,1,4,要注意,scripts/train_haux.py
transfer/haux_hand_presence_oracle_withtooloracle/haux_hand_presence_oracle_withtooloracle@val~relation_detr_seed42,macro_f1,significant,13.723010068573728,3,paired_delta,mixed_with_nondeterminism,uncontrolled,0.009557424374697247,1.0969,0,1,2,0,0,1,4,要注意,scripts/train_haux.py
transfer/haux_hand_presence_oracle_withtooloracle/haux_hand_presence_oracle_withtooloracle@val~relation_detr_seed42,seg_f1_10,significant,8.434750866838892,3,paired_delta,mixed_with_nondeterminism,uncontrolled,0.022196909642424833,0.7713,0,1,2,0,0,1,4,要注意,scripts/train_haux.py
transfer/haux_hand_presence_oracle_withtooloracle/haux_hand_presence_oracle_withtooloracle@val~relation_detr_seed42,seg_f1_25,significant,8.2602085140091,3,paired_delta,mixed_with_nondeterminism,uncontrolled,0.02446838899965895,0.9007,0,1,2,0,0,1,4,要注意,scripts/train_haux.py
transfer/haux_hand_presence_oracle_withtooloracle/haux_hand_presence_oracle_withtooloracle@val~relation_detr_seed42,seg_f1_50,significant,11.592726619418364,3,paired_delta,mixed_with_nondeterminism,uncontrolled,0.02152549527874165,0.6232,0,1,2,0,1,1,5,要注意,scripts/train_haux.py
transfer/hires_relation_detr_augstrong_hires_seed42/hires_relation_detr_augstrong_hires_seed42@val~relation_detr_augstrong_hires_seed42,accuracy,significant,13.490737563231967,3,paired_delta,unknown,uncontrolled,0.0029682590898200485,0.8215,0,1,2,0,0,1,4,要注意,scripts/train_t1a.py
transfer/hires_relation_detr_augstrong_hires_seed42/hires_relation_detr_augstrong_hires_seed42@val~relation_detr_augstrong_hires_seed42,edit_score,not_significant,1.1067512063148803,3,paired_delta,unknown,uncontrolled,2.5401698529473324,0.9632,0,1,2,3,0,1,7,脆い,scripts/train_t1a.py
transfer/hires_relation_detr_augstrong_hires_seed42/hires_relation_detr_augstrong_hires_seed42@val~relation_detr_augstrong_hires_seed42,jaccard,significant,8.994139831489576,3,paired_delta,unknown,uncontrolled,0.00961140599973902,1.0415,0,1,2,0,0,1,4,要注意,scripts/train_t1a.py
transfer/hires_relation_detr_augstrong_hires_seed42/hires_relation_detr_augstrong_hires_seed42@val~relation_detr_augstrong_hires_seed42,macro_f1,significant,7.1690072312162805,3,paired_delta,unknown,uncontrolled,0.01152649234789235,1.3229,0,1,2,0,0,1,4,要注意,scripts/train_t1a.py
transfer/hires_relation_detr_augstrong_hires_seed42/hires_relation_detr_augstrong_hires_seed42@val~relation_detr_augstrong_hires_seed42,seg_f1_10,significant,2.3838388418576986,3,paired_delta,unknown,uncontrolled,0.03240750566992155,1.1262,0,1,2,1,0,1,5,要注意,scripts/train_t1a.py
transfer/hires_relation_detr_augstrong_hires_seed42/hires_relation_detr_augstrong_hires_seed42@val~relation_detr_augstrong_hires_seed42,seg_f1_25,significant,6.060694790708488,3,paired_delta,unknown,uncontrolled,0.018016625548020502,0.6632,0,1,2,0,1,1,5,要注意,scripts/train_t1a.py
transfer/hires_relation_detr_augstrong_hires_seed42/hires_relation_detr_augstrong_hires_seed42@val~relation_detr_augstrong_hires_seed42,seg_f1_50,significant,2.4128996375229206,3,paired_delta,unknown,uncontrolled,0.053568896855604745,1.5509,0,1,2,1,0,1,5,要注意,scripts/train_t1a.py
transfer/hires_relation_detr_augstrong_seed42/hires_relation_detr_augstrong_seed42@val~relation_detr_augstrong_seed42,accuracy,significant,38.97375364437579,3,paired_delta,mixed_with_nondeterminism,uncontrolled,0.0009924593956163756,0.2747,0,1,2,0,2,1,6,脆い,scripts/train_t1a.py
transfer/hires_relation_detr_augstrong_seed42/hires_relation_detr_augstrong_seed42@val~relation_detr_augstrong_seed42,edit_score,not_significant,0.13833523856954366,3,paired_delta,mixed_with_nondeterminism,uncontrolled,1.1624818807388855,0.4408,0,1,2,3,2,1,9,脆い,scripts/train_t1a.py
transfer/hires_relation_detr_augstrong_seed42/hires_relation_detr_augstrong_seed42@val~relation_detr_augstrong_seed42,jaccard,significant,16.94221930318127,3,paired_delta,mixed_with_nondeterminism,uncontrolled,0.00511215869642867,0.5540,0,1,2,0,1,1,5,要注意,scripts/train_t1a.py
transfer/hires_relation_detr_augstrong_seed42/hires_relation_detr_augstrong_seed42@val~relation_detr_augstrong_seed42,macro_f1,significant,19.269926786594166,3,paired_delta,mixed_with_nondeterminism,uncontrolled,0.0035963977759359356,0.4128,0,1,2,0,2,1,6,脆い,scripts/train_t1a.py
transfer/hires_relation_detr_augstrong_seed42/hires_relation_detr_augstrong_seed42@val~relation_detr_augstrong_seed42,seg_f1_10,significant,6.0340089019792815,3,paired_delta,mixed_with_nondeterminism,uncontrolled,0.006230206298563317,0.2165,0,1,2,0,3,1,7,脆い,scripts/train_t1a.py
transfer/hires_relation_detr_augstrong_seed42/hires_relation_detr_augstrong_seed42@val~relation_detr_augstrong_seed42,seg_f1_25,significant,3.962427742734208,3,paired_delta,mixed_with_nondeterminism,uncontrolled,0.00986190882291295,0.3630,0,1,2,0,2,1,6,脆い,scripts/train_t1a.py
transfer/hires_relation_detr_augstrong_seed42/hires_relation_detr_augstrong_seed42@val~relation_detr_augstrong_seed42,seg_f1_50,significant,1.3908735546653959,3,paired_delta,mixed_with_nondeterminism,uncontrolled,0.034473388627458273,0.9981,0,1,2,3,0,1,7,脆い,scripts/train_t1a.py
transfer/hires_relation_detr_seed42/hires_relation_detr_seed42@val~relation_detr_seed42,accuracy,significant,17.83142307424189,3,paired_delta,mixed_with_nondeterminism,uncontrolled,0.002865469292107157,0.7930,0,1,2,0,0,1,4,要注意,scripts/train_t1a.py
transfer/hires_relation_detr_seed42/hires_relation_detr_seed42@val~relation_detr_seed42,edit_score,significant,3.497064389448326,3,paired_delta,mixed_with_nondeterminism,uncontrolled,1.9189307045265356,0.7277,0,1,2,0,1,1,5,要注意,scripts/train_t1a.py
transfer/hires_relation_detr_seed42/hires_relation_detr_seed42@val~relation_detr_seed42,jaccard,significant,26.192351604863024,3,paired_delta,mixed_with_nondeterminism,uncontrolled,0.005209201046505859,0.5645,0,1,2,0,1,1,5,要注意,scripts/train_t1a.py
transfer/hires_relation_detr_seed42/hires_relation_detr_seed42@val~relation_detr_seed42,macro_f1,significant,14.725780832976099,3,paired_delta,mixed_with_nondeterminism,uncontrolled,0.0077042880966550625,0.8842,0,1,2,0,0,1,4,要注意,scripts/train_t1a.py
transfer/hires_relation_detr_seed42/hires_relation_detr_seed42@val~relation_detr_seed42,seg_f1_10,not_significant,0.296763244998492,3,paired_delta,mixed_with_nondeterminism,uncontrolled,0.02400712214655595,0.8343,0,1,2,3,0,1,7,脆い,scripts/train_t1a.py
transfer/hires_relation_detr_seed42/hires_relation_detr_seed42@val~relation_detr_seed42,seg_f1_25,not_significant,0.022392759533273472,3,paired_delta,mixed_with_nondeterminism,uncontrolled,0.020564712203348563,0.7570,0,1,2,3,0,1,7,脆い,scripts/train_t1a.py
transfer/hires_relation_detr_seed42/hires_relation_detr_seed42@val~relation_detr_seed42,seg_f1_50,significant,1.6727135637983441,3,paired_delta,mixed_with_nondeterminism,uncontrolled,0.027558399167426462,0.7979,0,1,2,2,0,1,6,脆い,scripts/train_t1a.py
transfer/p0_identity_ctrl/p0_identity_ctrl@val,detection_max,undecidable,(記録なし),(記録なし),paired_delta,unknown,uncontrolled,(記録なし),(算出不能),0,3,2,3,0,1,9,脆い,scripts/train_t1b.py
transfer/p0_identity_ctrl/p0_identity_ctrl@val,detection_mean,undecidable,(記録なし),(記録なし),paired_delta,unknown,uncontrolled,(記録なし),(算出不能),0,3,2,3,0,1,9,脆い,scripts/train_t1b.py
transfer/p0_identity_ctrl/p0_identity_ctrl@val,detection_min,undecidable,(記録なし),(記録なし),paired_delta,unknown,uncontrolled,(記録なし),(算出不能),0,3,2,3,0,1,9,脆い,scripts/train_t1b.py
transfer/p0_identity_ctrl/p0_identity_ctrl@val,detection_n,undecidable,(記録なし),(記録なし),paired_delta,unknown,uncontrolled,(記録なし),(算出不能),0,3,2,3,0,1,9,脆い,scripts/train_t1b.py
transfer/p0_identity_ctrl/p0_identity_ctrl@val,detection_pstd,undecidable,(記録なし),(記録なし),paired_delta,unknown,uncontrolled,(記録なし),(算出不能),0,3,2,3,0,1,9,脆い,scripts/train_t1b.py
transfer/p0_identity_ctrl/p0_identity_ctrl@val,detection_sstd,undecidable,(記録なし),(記録なし),paired_delta,unknown,uncontrolled,(記録なし),(算出不能),0,3,2,3,0,1,9,脆い,scripts/train_t1b.py
transfer/p0_identity_inj/p0_identity_inj@val,detection_max,undecidable,(記録なし),(記録なし),paired_delta,unknown,uncontrolled,(記録なし),(算出不能),0,3,2,3,0,1,9,脆い,scripts/train_t1b.py
transfer/p0_identity_inj/p0_identity_inj@val,detection_mean,undecidable,(記録なし),(記録なし),paired_delta,unknown,uncontrolled,(記録なし),(算出不能),0,3,2,3,0,1,9,脆い,scripts/train_t1b.py
transfer/p0_identity_inj/p0_identity_inj@val,detection_min,undecidable,(記録なし),(記録なし),paired_delta,unknown,uncontrolled,(記録なし),(算出不能),0,3,2,3,0,1,9,脆い,scripts/train_t1b.py
transfer/p0_identity_inj/p0_identity_inj@val,detection_n,undecidable,(記録なし),(記録なし),paired_delta,unknown,uncontrolled,(記録なし),(算出不能),0,3,2,3,0,1,9,脆い,scripts/train_t1b.py
transfer/p0_identity_inj/p0_identity_inj@val,detection_pstd,undecidable,(記録なし),(記録なし),paired_delta,unknown,uncontrolled,(記録なし),(算出不能),0,3,2,3,0,1,9,脆い,scripts/train_t1b.py
transfer/p0_identity_inj/p0_identity_inj@val,detection_sstd,undecidable,(記録なし),(記録なし),paired_delta,unknown,uncontrolled,(記録なし),(算出不能),0,3,2,3,0,1,9,脆い,scripts/train_t1b.py
transfer/t1a_3seed_det123_aug/t1a_3seed_det123_aug@val~relation_detr_augstrong_seed123,accuracy,significant,6.67325797369769,3,paired_delta,seed_effect,uncontrolled,0.006412801602547703,1.7747,0,1,0,0,0,1,2,頑健,scripts/train_t1a.py
transfer/t1a_3seed_det123_aug/t1a_3seed_det123_aug@val~relation_detr_augstrong_seed123,edit_score,significant,1.4619254414004432,3,paired_delta,seed_effect,uncontrolled,3.378813318160482,1.2812,0,1,0,3,0,1,5,要注意,scripts/train_t1a.py
transfer/t1a_3seed_det123_aug/t1a_3seed_det123_aug@val~relation_detr_augstrong_seed123,jaccard,significant,4.9670989299781825,3,paired_delta,seed_effect,uncontrolled,0.024508553520256885,2.6559,0,1,0,0,0,1,2,頑健,scripts/train_t1a.py
transfer/t1a_3seed_det123_aug/t1a_3seed_det123_aug@val~relation_detr_augstrong_seed123,macro_f1,significant,4.31647669098937,3,paired_delta,seed_effect,uncontrolled,0.02194006624689307,2.5181,0,1,0,0,0,1,2,頑健,scripts/train_t1a.py
transfer/t1a_3seed_det123_aug/t1a_3seed_det123_aug@val~relation_detr_augstrong_seed123,seg_f1_10,significant,3.423932058685865,3,paired_delta,seed_effect,uncontrolled,0.0344123949317691,1.1958,0,1,0,0,0,1,2,頑健,scripts/train_t1a.py
transfer/t1a_3seed_det123_aug/t1a_3seed_det123_aug@val~relation_detr_augstrong_seed123,seg_f1_25,significant,2.5742772832919254,3,paired_delta,seed_effect,uncontrolled,0.043161241996307824,1.5888,0,1,0,1,0,1,3,要注意,scripts/train_t1a.py
transfer/t1a_3seed_det123_aug/t1a_3seed_det123_aug@val~relation_detr_augstrong_seed123,seg_f1_50,significant,4.66654911926087,3,paired_delta,seed_effect,uncontrolled,0.03177916133737405,0.9201,0,1,0,0,0,1,2,頑健,scripts/train_t1a.py
transfer/t1a_3seed_det123_frozen/t1a_3seed_det123_frozen@val~relation_detr_seed123,accuracy,significant,14.268889178984383,3,paired_delta,seed_effect,uncontrolled,0.0042635472772443945,1.1799,0,1,0,0,0,1,2,頑健,scripts/train_t1a.py
transfer/t1a_3seed_det123_frozen/t1a_3seed_det123_frozen@val~relation_detr_seed123,edit_score,not_significant,0.25827750741883154,3,paired_delta,seed_effect,uncontrolled,5.128613478416571,1.9448,0,1,0,3,0,1,5,要注意,scripts/train_t1a.py
transfer/t1a_3seed_det123_frozen/t1a_3seed_det123_frozen@val~relation_detr_seed123,jaccard,significant,21.55770980987265,3,paired_delta,seed_effect,uncontrolled,0.006722668009872342,0.7285,0,1,0,0,1,1,3,要注意,scripts/train_t1a.py
transfer/t1a_3seed_det123_frozen/t1a_3seed_det123_frozen@val~relation_detr_seed123,macro_f1,significant,44.633172991346584,3,paired_delta,seed_effect,uncontrolled,0.0025632090614685675,0.2942,0,1,0,0,2,1,4,要注意,scripts/train_t1a.py
transfer/t1a_3seed_det123_frozen/t1a_3seed_det123_frozen@val~relation_detr_seed123,seg_f1_10,not_significant,0.9432233081104583,3,paired_delta,seed_effect,uncontrolled,0.05838423066527509,2.0289,0,1,0,3,0,1,5,要注意,scripts/train_t1a.py
transfer/t1a_3seed_det123_frozen/t1a_3seed_det123_frozen@val~relation_detr_seed123,seg_f1_25,not_significant,1.1520856709629583,3,paired_delta,seed_effect,uncontrolled,0.06271051025909649,2.3084,0,1,0,3,0,1,5,要注意,scripts/train_t1a.py
transfer/t1a_3seed_det123_frozen/t1a_3seed_det123_frozen@val~relation_detr_seed123,seg_f1_50,not_significant,1.1199624832969108,3,paired_delta,seed_effect,uncontrolled,0.06820679938183746,1.9747,0,1,0,3,0,1,5,要注意,scripts/train_t1a.py
transfer/t1a_3seed_det42_aug/t1a_3seed_det42_aug@val~relation_detr_augstrong_seed42,accuracy,significant,29.197748329114482,3,paired_delta,mixed_with_nondeterminism,uncontrolled,0.0013209873772094506,0.3656,0,1,2,0,2,1,6,脆い,scripts/train_t1a.py
transfer/t1a_3seed_det42_aug/t1a_3seed_det42_aug@val~relation_detr_augstrong_seed42,edit_score,not_significant,0.005828259982570414,3,paired_delta,mixed_with_nondeterminism,uncontrolled,1.3942040528111297,0.5287,0,1,2,3,1,1,8,脆い,scripts/train_t1a.py
transfer/t1a_3seed_det42_aug/t1a_3seed_det42_aug@val~relation_detr_augstrong_seed42,jaccard,significant,18.770172404860148,3,paired_delta,mixed_with_nondeterminism,uncontrolled,0.004697758062498919,0.5091,0,1,2,0,1,1,5,要注意,scripts/train_t1a.py
transfer/t1a_3seed_det42_aug/t1a_3seed_det42_aug@val~relation_detr_augstrong_seed42,macro_f1,significant,18.719904516632837,3,paired_delta,mixed_with_nondeterminism,uncontrolled,0.003759979577384656,0.4315,0,1,2,0,2,1,6,脆い,scripts/train_t1a.py
transfer/t1a_3seed_det42_aug/t1a_3seed_det42_aug@val~relation_detr_augstrong_seed42,seg_f1_10,significant,5.478340018908261,3,paired_delta,mixed_with_nondeterminism,uncontrolled,0.006126446434678755,0.2129,0,1,2,0,3,1,7,脆い,scripts/train_t1a.py
transfer/t1a_3seed_det42_aug/t1a_3seed_det42_aug@val~relation_detr_augstrong_seed42,seg_f1_25,significant,2.1751242664763244,3,paired_delta,mixed_with_nondeterminism,uncontrolled,0.015982947977169825,0.5883,0,1,2,1,1,1,6,脆い,scripts/train_t1a.py
transfer/t1a_3seed_det42_aug/t1a_3seed_det42_aug@val~relation_detr_augstrong_seed42,seg_f1_50,significant,1.8078044170875542,3,paired_delta,mixed_with_nondeterminism,uncontrolled,0.02492522130104994,0.7216,0,1,2,2,1,1,7,脆い,scripts/train_t1a.py
transfer/t1a_3seed_det42_frozen/t1a_3seed_det42_frozen@val~relation_detr_seed42,accuracy,significant,18.391111624385942,3,paired_delta,mixed_with_nondeterminism,uncontrolled,0.0027962109799237593,0.7738,0,1,2,0,0,1,4,要注意,scripts/train_t1a.py
transfer/t1a_3seed_det42_frozen/t1a_3seed_det42_frozen@val~relation_detr_seed42,edit_score,significant,6.552929173890484,3,paired_delta,mixed_with_nondeterminism,uncontrolled,0.6338538637392531,0.2404,0,1,2,0,3,1,7,脆い,scripts/train_t1a.py
transfer/t1a_3seed_det42_frozen/t1a_3seed_det42_frozen@val~relation_detr_seed42,jaccard,significant,20.582279013614837,3,paired_delta,mixed_with_nondeterminism,uncontrolled,0.006708345495752296,0.7270,0,1,2,0,1,1,5,要注意,scripts/train_t1a.py
transfer/t1a_3seed_det42_frozen/t1a_3seed_det42_frozen@val~relation_detr_seed42,macro_f1,significant,25.048822660223692,3,paired_delta,mixed_with_nondeterminism,uncontrolled,0.00457244739779944,0.5248,0,1,2,0,1,1,5,要注意,scripts/train_t1a.py
transfer/t1a_3seed_det42_frozen/t1a_3seed_det42_frozen@val~relation_detr_seed42,seg_f1_10,significant,1.4412960572827194,3,paired_delta,mixed_with_nondeterminism,uncontrolled,0.011379112895855166,0.3954,0,1,2,3,2,1,9,脆い,scripts/train_t1a.py
transfer/t1a_3seed_det42_frozen/t1a_3seed_det42_frozen@val~relation_detr_seed42,seg_f1_25,significant,2.4573890000085563,3,paired_delta,mixed_with_nondeterminism,uncontrolled,0.011131005023049938,0.4097,0,1,2,1,2,1,7,脆い,scripts/train_t1a.py
transfer/t1a_3seed_det42_frozen/t1a_3seed_det42_frozen@val~relation_detr_seed42,seg_f1_50,significant,4.460099354066814,3,paired_delta,mixed_with_nondeterminism,uncontrolled,0.016178012388292355,0.4684,0,1,2,0,2,1,6,脆い,scripts/train_t1a.py
transfer/t1a_3seed_det456_aug/t1a_3seed_det456_aug@val~relation_detr_augstrong_seed456,accuracy,significant,18.832468518587646,3,paired_delta,seed_effect,uncontrolled,0.0018342499450531458,0.5076,0,1,0,0,1,1,3,要注意,scripts/train_t1a.py
transfer/t1a_3seed_det456_aug/t1a_3seed_det456_aug@val~relation_detr_augstrong_seed456,edit_score,not_significant,0.7672696894198382,3,paired_delta,seed_effect,uncontrolled,4.843415031300548,1.8366,0,1,0,3,0,1,5,要注意,scripts/train_t1a.py
transfer/t1a_3seed_det456_aug/t1a_3seed_det456_aug@val~relation_detr_augstrong_seed456,jaccard,significant,10.891086936225506,3,paired_delta,seed_effect,uncontrolled,0.007277141097580892,0.7886,0,1,0,0,0,1,2,頑健,scripts/train_t1a.py
transfer/t1a_3seed_det456_aug/t1a_3seed_det456_aug@val~relation_detr_augstrong_seed456,macro_f1,significant,6.574221041463321,3,paired_delta,seed_effect,uncontrolled,0.010105170469147237,1.1598,0,1,0,0,0,1,2,頑健,scripts/train_t1a.py
transfer/t1a_3seed_det456_aug/t1a_3seed_det456_aug@val~relation_detr_augstrong_seed456,seg_f1_10,not_significant,0.9673327052786755,3,paired_delta,seed_effect,uncontrolled,0.017985933158213542,0.6250,0,1,0,3,1,1,6,脆い,scripts/train_t1a.py
transfer/t1a_3seed_det456_aug/t1a_3seed_det456_aug@val~relation_detr_augstrong_seed456,seg_f1_25,not_significant,1.0102675525954459,3,paired_delta,seed_effect,uncontrolled,0.023758534024403442,0.8745,0,1,0,3,0,1,5,要注意,scripts/train_t1a.py
transfer/t1a_3seed_det456_aug/t1a_3seed_det456_aug@val~relation_detr_augstrong_seed456,seg_f1_50,not_significant,0.29791625623383294,3,paired_delta,seed_effect,uncontrolled,0.03657869896217713,1.0590,0,1,0,3,0,1,5,要注意,scripts/train_t1a.py
transfer/t1a_3seed_det456_frozen/t1a_3seed_det456_frozen@val~relation_detr_seed456,accuracy,significant,6.0030986644944715,3,paired_delta,seed_effect,uncontrolled,0.010702210347208167,2.9618,0,1,0,0,0,1,2,頑健,scripts/train_t1a.py
transfer/t1a_3seed_det456_frozen/t1a_3seed_det456_frozen@val~relation_detr_seed456,edit_score,not_significant,0.34756811159852374,3,paired_delta,seed_effect,uncontrolled,6.227749131812113,2.3616,0,1,0,3,0,1,5,要注意,scripts/train_t1a.py
transfer/t1a_3seed_det456_frozen/t1a_3seed_det456_frozen@val~relation_detr_seed456,jaccard,significant,14.536014772960899,3,paired_delta,seed_effect,uncontrolled,0.01002176592715329,1.0860,0,1,0,0,0,1,2,頑健,scripts/train_t1a.py
transfer/t1a_3seed_det456_frozen/t1a_3seed_det456_frozen@val~relation_detr_seed456,macro_f1,significant,11.320979834482303,3,paired_delta,seed_effect,uncontrolled,0.011125266392414701,1.2769,0,1,0,0,0,1,2,頑健,scripts/train_t1a.py
transfer/t1a_3seed_det456_frozen/t1a_3seed_det456_frozen@val~relation_detr_seed456,seg_f1_10,not_significant,0.7286041555940613,3,paired_delta,seed_effect,uncontrolled,0.03664237810729922,1.2733,0,1,0,3,0,1,5,要注意,scripts/train_t1a.py
transfer/t1a_3seed_det456_frozen/t1a_3seed_det456_frozen@val~relation_detr_seed456,seg_f1_25,not_significant,1.0384643970733691,3,paired_delta,seed_effect,uncontrolled,0.028420961960997502,1.0462,0,1,0,3,0,1,5,要注意,scripts/train_t1a.py
transfer/t1a_3seed_det456_frozen/t1a_3seed_det456_frozen@val~relation_detr_seed456,seg_f1_50,significant,1.095304062004035,3,paired_delta,seed_effect,uncontrolled,0.04446423097803719,1.2873,0,1,0,3,0,1,5,要注意,scripts/train_t1a.py
transfer/t1a_appearance/t1a_appearance@val~relation_detr_seed42,accuracy,significant,15.245259073535841,3,paired_delta,mixed_with_nondeterminism,uncontrolled,0.003438152609554548,0.9515,0,1,2,0,0,1,4,要注意,scripts/train_t1a.py
transfer/t1a_appearance/t1a_appearance@val~relation_detr_seed42,edit_score,not_significant,0.2985321122186358,3,paired_delta,mixed_with_nondeterminism,uncontrolled,10.094592438870144,3.8279,0,1,2,3,0,1,7,脆い,scripts/train_t1a.py
transfer/t1a_appearance/t1a_appearance@val~relation_detr_seed42,jaccard,significant,11.394616798580767,3,paired_delta,mixed_with_nondeterminism,uncontrolled,0.012259817171130402,1.3285,0,1,2,0,0,1,4,要注意,scripts/train_t1a.py
transfer/t1a_appearance/t1a_appearance@val~relation_detr_seed42,macro_f1,significant,8.080488721656819,3,paired_delta,mixed_with_nondeterminism,uncontrolled,0.014264543665300989,1.6372,0,1,2,0,0,1,4,要注意,scripts/train_t1a.py
transfer/t1a_appearance/t1a_appearance@val~relation_detr_seed42,seg_f1_10,not_significant,0.8577188058244737,3,paired_delta,mixed_with_nondeterminism,uncontrolled,0.08397839529417382,2.9183,0,1,2,3,0,1,7,脆い,scripts/train_t1a.py
transfer/t1a_appearance/t1a_appearance@val~relation_detr_seed42,seg_f1_25,not_significant,0.9145193343573713,3,paired_delta,mixed_with_nondeterminism,uncontrolled,0.09233061531162645,3.3987,0,1,2,3,0,1,7,脆い,scripts/train_t1a.py
transfer/t1a_appearance/t1a_appearance@val~relation_detr_seed42,seg_f1_50,significant,1.5245847010951539,3,paired_delta,mixed_with_nondeterminism,uncontrolled,0.08895620761914597,2.5755,0,1,2,2,0,1,6,脆い,scripts/train_t1a.py
transfer/t1a_b2a_combined/t1a_b2a_combined@val~relation_detr_seed42,accuracy,significant,11.600721200214297,3,paired_delta,mixed_with_nondeterminism,uncontrolled,0.004290704205501496,1.1874,0,1,2,0,0,1,4,要注意,scripts/train_t1a.py
transfer/t1a_b2a_combined/t1a_b2a_combined@val~relation_detr_seed42,edit_score,significant,1.7824963422263815,3,paired_delta,mixed_with_nondeterminism,uncontrolled,2.872233464829259,1.0891,0,1,2,2,0,1,6,脆い,scripts/train_t1a.py
transfer/t1a_b2a_combined/t1a_b2a_combined@val~relation_detr_seed42,jaccard,significant,16.72135519623517,3,paired_delta,mixed_with_nondeterminism,uncontrolled,0.007867918112594909,0.8526,0,1,2,0,0,1,4,要注意,scripts/train_t1a.py
transfer/t1a_b2a_combined/t1a_b2a_combined@val~relation_detr_seed42,macro_f1,significant,13.438044493631295,3,paired_delta,mixed_with_nondeterminism,uncontrolled,0.00817692124652729,0.9385,0,1,2,0,0,1,4,要注意,scripts/train_t1a.py
transfer/t1a_b2a_combined/t1a_b2a_combined@val~relation_detr_seed42,seg_f1_10,not_significant,0.14287214702173998,3,paired_delta,mixed_with_nondeterminism,uncontrolled,0.025680574183155978,0.8924,0,1,2,3,0,1,7,脆い,scripts/train_t1a.py
transfer/t1a_b2a_combined/t1a_b2a_combined@val~relation_detr_seed42,seg_f1_25,not_significant,0.8253704508286768,3,paired_delta,mixed_with_nondeterminism,uncontrolled,0.01989843077157332,0.7325,0,1,2,3,1,1,8,脆い,scripts/train_t1a.py
transfer/t1a_b2a_combined/t1a_b2a_combined@val~relation_detr_seed42,seg_f1_50,significant,2.5887150404061616,3,paired_delta,mixed_with_nondeterminism,uncontrolled,0.02394459138521169,0.6933,0,1,2,1,1,1,6,脆い,scripts/train_t1a.py
transfer/t1a_base_env/t1a_base_env@val~relation_detr_seed42,accuracy,significant,19.105871509273726,3,paired_delta,mixed_with_nondeterminism,uncontrolled,0.0026628135349343615,0.7369,0,1,2,0,1,1,5,要注意,scripts/train_t1a.py
transfer/t1a_base_env/t1a_base_env@val~relation_detr_seed42,edit_score,significant,2.0435592708699657,3,paired_delta,mixed_with_nondeterminism,uncontrolled,3.4608152842738247,1.3123,0,1,2,1,0,1,5,要注意,scripts/train_t1a.py
transfer/t1a_base_env/t1a_base_env@val~relation_detr_seed42,jaccard,significant,46.04130510504654,3,paired_delta,mixed_with_nondeterminism,uncontrolled,0.0028406330435015964,0.3078,0,1,2,0,2,1,6,脆い,scripts/train_t1a.py
transfer/t1a_base_env/t1a_base_env@val~relation_detr_seed42,macro_f1,significant,26.252210262375158,3,paired_delta,mixed_with_nondeterminism,uncontrolled,0.004178649691666549,0.4796,0,1,2,0,2,1,6,脆い,scripts/train_t1a.py
transfer/t1a_base_env/t1a_base_env@val~relation_detr_seed42,seg_f1_10,not_significant,0.23577814743425535,3,paired_delta,mixed_with_nondeterminism,uncontrolled,0.03156013432535348,1.0967,0,1,2,3,0,1,7,脆い,scripts/train_t1a.py
transfer/t1a_base_env/t1a_base_env@val~relation_detr_seed42,seg_f1_25,not_significant,0.024050523721392845,3,paired_delta,mixed_with_nondeterminism,uncontrolled,0.033174336720559104,1.2211,0,1,2,3,0,1,7,脆い,scripts/train_t1a.py
transfer/t1a_base_env/t1a_base_env@val~relation_detr_seed42,seg_f1_50,not_significant,1.173825799440988,3,paired_delta,mixed_with_nondeterminism,uncontrolled,0.03609125549966642,1.0449,0,1,2,3,0,1,7,脆い,scripts/train_t1a.py
transfer/t1a_base_test/t1a_base_test@val~relation_detr_seed42,accuracy,significant,14.17414084155671,3,paired_delta,mixed_with_nondeterminism,uncontrolled,0.003589309138403016,0.9933,0,1,2,0,0,1,4,要注意,scripts/train_t1a.py
transfer/t1a_base_test/t1a_base_test@val~relation_detr_seed42,edit_score,significant,1.9119682158112048,3,paired_delta,mixed_with_nondeterminism,uncontrolled,2.289318209189438,0.8681,0,1,2,2,0,1,6,脆い,scripts/train_t1a.py
transfer/t1a_base_test/t1a_base_test@val~relation_detr_seed42,jaccard,significant,19.376509855914545,3,paired_delta,mixed_with_nondeterminism,uncontrolled,0.006690375257503501,0.7250,0,1,2,0,1,1,5,要注意,scripts/train_t1a.py
transfer/t1a_base_test/t1a_base_test@val~relation_detr_seed42,macro_f1,significant,21.366196053211937,3,paired_delta,mixed_with_nondeterminism,uncontrolled,0.005081813092882636,0.5832,0,1,2,0,1,1,5,要注意,scripts/train_t1a.py
transfer/t1a_base_test/t1a_base_test@val~relation_detr_seed42,seg_f1_10,not_significant,1.032323457264597,3,paired_delta,mixed_with_nondeterminism,uncontrolled,0.016995188543575346,0.5906,0,1,2,3,1,1,8,脆い,scripts/train_t1a.py
transfer/t1a_base_test/t1a_base_test@val~relation_detr_seed42,seg_f1_25,significant,1.4708404094931395,3,paired_delta,mixed_with_nondeterminism,uncontrolled,0.01830123502724403,0.6737,0,1,2,3,1,1,8,脆い,scripts/train_t1a.py
transfer/t1a_base_test/t1a_base_test@val~relation_detr_seed42,seg_f1_50,significant,4.911368999580124,3,paired_delta,mixed_with_nondeterminism,uncontrolled,0.014758889251821629,0.4273,0,1,2,0,2,1,6,脆い,scripts/train_t1a.py
transfer/t1a_boundary/t1a_boundary@val~relation_detr_seed42,accuracy,not_significant,0.8751130125932873,3,paired_delta,unknown,uncontrolled,0.002765633683163178,0.7654,0,1,2,3,0,1,7,脆い,scripts/train_t1a_boundary.py
transfer/t1a_boundary/t1a_boundary@val~relation_detr_seed42,edit_score,significant,2.234515494761723,3,paired_delta,unknown,uncontrolled,1.3628266257552233,0.5168,0,1,2,1,1,1,6,脆い,scripts/train_t1a_boundary.py
transfer/t1a_boundary/t1a_boundary@val~relation_detr_seed42,jaccard,not_significant,0.03691437257091347,3,paired_delta,unknown,uncontrolled,0.015271929058447146,1.6549,0,1,2,3,0,1,7,脆い,scripts/train_t1a_boundary.py
transfer/t1a_boundary/t1a_boundary@val~relation_detr_seed42,macro_f1,not_significant,0.04687069780314404,3,paired_delta,unknown,uncontrolled,0.01084258027113915,1.2444,0,1,2,3,0,1,7,脆い,scripts/train_t1a_boundary.py
transfer/t1a_boundary/t1a_boundary@val~relation_detr_seed42,seg_f1_10,not_significant,1.3184104475066856,3,paired_delta,unknown,uncontrolled,0.019435238294979864,0.6754,0,1,2,3,1,1,8,脆い,scripts/train_t1a_boundary.py
transfer/t1a_boundary/t1a_boundary@val~relation_detr_seed42,seg_f1_25,significant,3.0853546317319003,3,paired_delta,unknown,uncontrolled,0.009619109086324296,0.3541,0,1,2,0,2,1,6,脆い,scripts/train_t1a_boundary.py
transfer/t1a_boundary/t1a_boundary@val~relation_detr_seed42,seg_f1_50,not_significant,1.2252355263253023,3,paired_delta,unknown,uncontrolled,0.018898554549113513,0.5472,0,1,2,3,1,1,8,脆い,scripts/train_t1a_boundary.py
transfer/t1a_combined_oracle/t1a_combined_oracle@val~relation_detr_seed42,accuracy,significant,11.366645497240539,3,paired_delta,mixed_with_nondeterminism,uncontrolled,0.004437134003999207,1.2280,0,1,2,0,0,1,4,要注意,scripts/train_t1a.py
transfer/t1a_combined_oracle/t1a_combined_oracle@val~relation_detr_seed42,edit_score,significant,1.7461814468152628,3,paired_delta,mixed_with_nondeterminism,uncontrolled,2.85583527107685,1.0829,0,1,2,2,0,1,6,脆い,scripts/train_t1a.py
transfer/t1a_combined_oracle/t1a_combined_oracle@val~relation_detr_seed42,jaccard,significant,20.231994610723522,3,paired_delta,mixed_with_nondeterminism,uncontrolled,0.0066244951185574896,0.7179,0,1,2,0,1,1,5,要注意,scripts/train_t1a.py
transfer/t1a_combined_oracle/t1a_combined_oracle@val~relation_detr_seed42,macro_f1,significant,15.784610618198153,3,paired_delta,mixed_with_nondeterminism,uncontrolled,0.007092234287675672,0.8140,0,1,2,0,0,1,4,要注意,scripts/train_t1a.py
transfer/t1a_combined_oracle/t1a_combined_oracle@val~relation_detr_seed42,seg_f1_10,not_significant,0.5403705547141102,3,paired_delta,mixed_with_nondeterminism,uncontrolled,0.020261264210648416,0.7041,0,1,2,3,1,1,8,脆い,scripts/train_t1a.py
transfer/t1a_combined_oracle/t1a_combined_oracle@val~relation_detr_seed42,seg_f1_25,significant,2.0498613845409763,3,paired_delta,mixed_with_nondeterminism,uncontrolled,0.009918028756786672,0.3651,0,1,2,1,2,1,7,脆い,scripts/train_t1a.py
transfer/t1a_combined_oracle/t1a_combined_oracle@val~relation_detr_seed42,seg_f1_50,significant,2.6803054282608816,3,paired_delta,mixed_with_nondeterminism,uncontrolled,0.021144099116837733,0.6122,0,1,2,1,1,1,6,脆い,scripts/train_t1a.py
transfer/t1a_combined_oracle_noise_p010/t1a_combined_oracle_noise_p010@val~relation_detr_seed42,accuracy,significant,13.340095410668313,3,paired_delta,mixed_with_nondeterminism,uncontrolled,0.0037807322732396976,1.0463,0,1,2,0,0,1,4,要注意,scripts/train_t1a.py
transfer/t1a_combined_oracle_noise_p010/t1a_combined_oracle_noise_p010@val~relation_detr_seed42,edit_score,significant,2.745306341363581,3,paired_delta,mixed_with_nondeterminism,uncontrolled,1.8428879798456541,0.6988,0,1,2,1,1,1,6,脆い,scripts/train_t1a.py
transfer/t1a_combined_oracle_noise_p010/t1a_combined_oracle_noise_p010@val~relation_detr_seed42,jaccard,significant,15.177714504154444,3,paired_delta,mixed_with_nondeterminism,uncontrolled,0.008674153153820316,0.9400,0,1,2,0,0,1,4,要注意,scripts/train_t1a.py
transfer/t1a_combined_oracle_noise_p010/t1a_combined_oracle_noise_p010@val~relation_detr_seed42,macro_f1,significant,13.57453248617133,3,paired_delta,mixed_with_nondeterminism,uncontrolled,0.008098447628647344,0.9295,0,1,2,0,0,1,4,要注意,scripts/train_t1a.py
transfer/t1a_combined_oracle_noise_p010/t1a_combined_oracle_noise_p010@val~relation_detr_seed42,seg_f1_10,not_significant,0.477717581360445,3,paired_delta,mixed_with_nondeterminism,uncontrolled,0.014894955768938746,0.5176,0,1,2,3,1,1,8,脆い,scripts/train_t1a.py
transfer/t1a_combined_oracle_noise_p010/t1a_combined_oracle_noise_p010@val~relation_detr_seed42,seg_f1_25,significant,1.6477836862667132,3,paired_delta,mixed_with_nondeterminism,uncontrolled,0.014014885174005008,0.5159,0,1,2,2,1,1,7,脆い,scripts/train_t1a.py
transfer/t1a_combined_oracle_noise_p010/t1a_combined_oracle_noise_p010@val~relation_detr_seed42,seg_f1_50,significant,2.7496618029413598,3,paired_delta,mixed_with_nondeterminism,uncontrolled,0.02013263462275361,0.5829,0,1,2,1,1,1,6,脆い,scripts/train_t1a.py
transfer/t1a_combined_oracle_noise_p020/t1a_combined_oracle_noise_p020@val~relation_detr_seed42,accuracy,significant,12.732997609656628,3,paired_delta,mixed_with_nondeterminism,uncontrolled,0.00390915515470297,1.0818,0,1,2,0,0,1,4,要注意,scripts/train_t1a.py
transfer/t1a_combined_oracle_noise_p020/t1a_combined_oracle_noise_p020@val~relation_detr_seed42,edit_score,significant,8.904478613539833,3,paired_delta,mixed_with_nondeterminism,uncontrolled,0.7900791532248662,0.2996,0,1,2,0,2,1,6,脆い,scripts/train_t1a.py
transfer/t1a_combined_oracle_noise_p020/t1a_combined_oracle_noise_p020@val~relation_detr_seed42,jaccard,significant,10.032847660651077,3,paired_delta,mixed_with_nondeterminism,uncontrolled,0.012720053441563513,1.3784,0,1,2,0,0,1,4,要注意,scripts/train_t1a.py
transfer/t1a_combined_oracle_noise_p020/t1a_combined_oracle_noise_p020@val~relation_detr_seed42,macro_f1,significant,10.146861841257463,3,paired_delta,mixed_with_nondeterminism,uncontrolled,0.010568428065588033,1.2129,0,1,2,0,0,1,4,要注意,scripts/train_t1a.py
transfer/t1a_combined_oracle_noise_p020/t1a_combined_oracle_noise_p020@val~relation_detr_seed42,seg_f1_10,not_significant,0.7338592580867892,3,paired_delta,mixed_with_nondeterminism,uncontrolled,0.012957145510350779,0.4503,0,1,2,3,2,1,9,脆い,scripts/train_t1a.py
transfer/t1a_combined_oracle_noise_p020/t1a_combined_oracle_noise_p020@val~relation_detr_seed42,seg_f1_25,not_significant,0.5236788834164201,3,paired_delta,mixed_with_nondeterminism,uncontrolled,0.012531661307139974,0.4613,0,1,2,3,2,1,9,脆い,scripts/train_t1a.py
transfer/t1a_combined_oracle_noise_p020/t1a_combined_oracle_noise_p020@val~relation_detr_seed42,seg_f1_50,significant,3.681280603788781,3,paired_delta,mixed_with_nondeterminism,uncontrolled,0.009994492787649538,0.2894,0,1,2,0,2,1,6,脆い,scripts/train_t1a.py
transfer/t1a_combined_oracle_noise_p030/t1a_combined_oracle_noise_p030@val~relation_detr_seed42,accuracy,significant,15.577685844228272,3,paired_delta,mixed_with_nondeterminism,uncontrolled,0.003280037597673252,0.9077,0,1,2,0,0,1,4,要注意,scripts/train_t1a.py
transfer/t1a_combined_oracle_noise_p030/t1a_combined_oracle_noise_p030@val~relation_detr_seed42,edit_score,significant,7.755544266856692,3,paired_delta,mixed_with_nondeterminism,uncontrolled,0.7564502060485562,0.2868,0,1,2,0,2,1,6,脆い,scripts/train_t1a.py
transfer/t1a_combined_oracle_noise_p030/t1a_combined_oracle_noise_p030@val~relation_detr_seed42,jaccard,significant,32.11882017311229,3,paired_delta,mixed_with_nondeterminism,uncontrolled,0.00425521484540127,0.4611,0,1,2,0,2,1,6,脆い,scripts/train_t1a.py
transfer/t1a_combined_oracle_noise_p030/t1a_combined_oracle_noise_p030@val~relation_detr_seed42,macro_f1,significant,20.152109668250333,3,paired_delta,mixed_with_nondeterminism,uncontrolled,0.005637773689535978,0.6471,0,1,2,0,1,1,5,要注意,scripts/train_t1a.py
transfer/t1a_combined_oracle_noise_p030/t1a_combined_oracle_noise_p030@val~relation_detr_seed42,seg_f1_10,not_significant,0.0792471797758018,3,paired_delta,mixed_with_nondeterminism,uncontrolled,0.009371251112827397,0.3257,0,1,2,3,2,1,9,脆い,scripts/train_t1a.py
transfer/t1a_combined_oracle_noise_p030/t1a_combined_oracle_noise_p030@val~relation_detr_seed42,seg_f1_25,significant,2.028708164991285,3,paired_delta,mixed_with_nondeterminism,uncontrolled,0.007509838995803267,0.2764,0,1,2,1,2,1,7,脆い,scripts/train_t1a.py
transfer/t1a_combined_oracle_noise_p030/t1a_combined_oracle_noise_p030@val~relation_detr_seed42,seg_f1_50,significant,6.158472377670679,3,paired_delta,mixed_with_nondeterminism,uncontrolled,0.008731240979746929,0.2528,0,1,2,0,2,1,6,脆い,scripts/train_t1a.py
transfer/t1a_combined_region_top3_mask/t1a_combined_region_top3_mask@val~relation_detr_seed42,accuracy,significant,7.290493094920924,3,paired_delta,mixed_with_nondeterminism,uncontrolled,0.003296442184401348,0.9123,0,1,2,0,0,1,4,要注意,scripts/train_t1a.py
transfer/t1a_combined_region_top3_mask/t1a_combined_region_top3_mask@val~relation_detr_seed42,edit_score,significant,1.4759133589847022,3,paired_delta,mixed_with_nondeterminism,uncontrolled,3.9652676726016973,1.5036,0,1,2,3,0,1,7,脆い,scripts/train_t1a.py
transfer/t1a_combined_region_top3_mask/t1a_combined_region_top3_mask@val~relation_detr_seed42,jaccard,significant,2.778278868467976,3,paired_delta,mixed_with_nondeterminism,uncontrolled,0.01996350219298323,2.1633,0,1,2,1,0,1,5,要注意,scripts/train_t1a.py
transfer/t1a_combined_region_top3_mask/t1a_combined_region_top3_mask@val~relation_detr_seed42,macro_f1,significant,3.0936309443961334,3,paired_delta,mixed_with_nondeterminism,uncontrolled,0.019065352913867777,2.1881,0,1,2,0,0,1,4,要注意,scripts/train_t1a.py
transfer/t1a_combined_region_top3_mask/t1a_combined_region_top3_mask@val~relation_detr_seed42,seg_f1_10,significant,1.5307303612637508,3,paired_delta,mixed_with_nondeterminism,uncontrolled,0.027004285178898482,0.9384,0,1,2,2,0,1,6,脆い,scripts/train_t1a.py
transfer/t1a_combined_region_top3_mask/t1a_combined_region_top3_mask@val~relation_detr_seed42,seg_f1_25,significant,2.004170751928583,3,paired_delta,mixed_with_nondeterminism,uncontrolled,0.024082402319917,0.8865,0,1,2,1,0,1,5,要注意,scripts/train_t1a.py
transfer/t1a_combined_region_top3_mask/t1a_combined_region_top3_mask@val~relation_detr_seed42,seg_f1_50,not_significant,0.4315434400922958,3,paired_delta,mixed_with_nondeterminism,uncontrolled,0.03689830597734685,1.0683,0,1,2,3,0,1,7,脆い,scripts/train_t1a.py
transfer/t1a_deep_3s10l96f/t1a_deep_3s10l96f@val~relation_detr_seed42,accuracy,significant,10.336836512101453,3,paired_delta,mixed_with_nondeterminism,uncontrolled,0.004900469422159079,1.3562,0,1,2,0,0,1,4,要注意,scripts/train_t1a.py
transfer/t1a_deep_3s10l96f/t1a_deep_3s10l96f@val~relation_detr_seed42,edit_score,significant,1.6666364778960245,3,paired_delta,mixed_with_nondeterminism,uncontrolled,3.716291600907932,1.4092,0,1,2,2,0,1,6,脆い,scripts/train_t1a.py
transfer/t1a_deep_3s10l96f/t1a_deep_3s10l96f@val~relation_detr_seed42,jaccard,significant,11.767243136644517,3,paired_delta,mixed_with_nondeterminism,uncontrolled,0.01215553572346793,1.3172,0,1,2,0,0,1,4,要注意,scripts/train_t1a.py
transfer/t1a_deep_3s10l96f/t1a_deep_3s10l96f@val~relation_detr_seed42,macro_f1,significant,11.125803979189545,3,paired_delta,mixed_with_nondeterminism,uncontrolled,0.010646871738618877,1.2219,0,1,2,0,0,1,4,要注意,scripts/train_t1a.py
transfer/t1a_deep_3s10l96f/t1a_deep_3s10l96f@val~relation_detr_seed42,seg_f1_10,not_significant,0.1698366663199419,3,paired_delta,mixed_with_nondeterminism,uncontrolled,0.041772269704693755,1.4516,0,1,2,3,0,1,7,脆い,scripts/train_t1a.py
transfer/t1a_deep_3s10l96f/t1a_deep_3s10l96f@val~relation_detr_seed42,seg_f1_25,not_significant,0.02353397045532503,3,paired_delta,mixed_with_nondeterminism,uncontrolled,0.039618171465442074,1.4583,0,1,2,3,0,1,7,脆い,scripts/train_t1a.py
transfer/t1a_deep_3s10l96f/t1a_deep_3s10l96f@val~relation_detr_seed42,seg_f1_50,not_significant,0.8267309370729519,3,paired_delta,mixed_with_nondeterminism,uncontrolled,0.05771453777591267,1.6710,0,1,2,3,0,1,7,脆い,scripts/train_t1a.py
transfer/t1a_probe_aug/t1a_probe_aug@val~relation_detr_augstrong_seed42,accuracy,undecidable,19.70368732287566,(記録なし),paired_delta,mixed_with_nondeterminism,uncontrolled,0.0020099771046437633,0.5563,0,3,2,0,1,1,7,脆い,scripts/train_t1a.py
transfer/t1a_probe_aug/t1a_probe_aug@val~relation_detr_augstrong_seed42,edit_score,undecidable,0.5463819279158577,(記録なし),paired_delta,mixed_with_nondeterminism,uncontrolled,3.8742051804715185,1.4691,0,3,2,3,0,1,9,脆い,scripts/train_t1a.py
transfer/t1a_probe_aug/t1a_probe_aug@val~relation_detr_augstrong_seed42,jaccard,undecidable,7.9519694808467065,(記録なし),paired_delta,mixed_with_nondeterminism,uncontrolled,0.011123913623643794,1.2054,0,3,2,0,0,1,6,脆い,scripts/train_t1a.py
transfer/t1a_probe_aug/t1a_probe_aug@val~relation_detr_augstrong_seed42,macro_f1,undecidable,5.99126415545136,(記録なし),paired_delta,mixed_with_nondeterminism,uncontrolled,0.01171021490884695,1.3440,0,3,2,0,0,1,6,脆い,scripts/train_t1a.py
transfer/t1a_probe_aug/t1a_probe_aug@val~relation_detr_augstrong_seed42,seg_f1_10,undecidable,0.9748976267337277,(記録なし),paired_delta,mixed_with_nondeterminism,uncontrolled,0.04825120406609238,1.6767,0,3,2,3,0,1,9,脆い,scripts/train_t1a.py
transfer/t1a_probe_aug/t1a_probe_aug@val~relation_detr_augstrong_seed42,seg_f1_25,undecidable,0.720338912464576,(記録なし),paired_delta,mixed_with_nondeterminism,uncontrolled,0.055373265546953016,2.0383,0,3,2,3,0,1,9,脆い,scripts/train_t1a.py
transfer/t1a_probe_aug/t1a_probe_aug@val~relation_detr_augstrong_seed42,seg_f1_50,undecidable,1.2271094310833945,(記録なし),paired_delta,mixed_with_nondeterminism,uncontrolled,0.051668909032626206,1.4959,0,3,2,3,0,1,9,脆い,scripts/train_t1a.py
transfer/t1a_probe_frozen/t1a_probe_frozen@val~relation_detr_seed42,accuracy,undecidable,8.543630802072519,(記録なし),paired_delta,mixed_with_nondeterminism,uncontrolled,0.005917073407586465,1.6375,0,3,2,0,0,1,6,脆い,scripts/train_t1a.py
transfer/t1a_probe_frozen/t1a_probe_frozen@val~relation_detr_seed42,edit_score,undecidable,0.9006121021713399,(記録なし),paired_delta,mixed_with_nondeterminism,uncontrolled,2.5431040954436486,0.9643,0,3,2,3,0,1,9,脆い,scripts/train_t1a.py
transfer/t1a_probe_frozen/t1a_probe_frozen@val~relation_detr_seed42,jaccard,undecidable,6.049072451019135,(記録なし),paired_delta,mixed_with_nondeterminism,uncontrolled,0.021544225014892025,2.3346,0,3,2,0,0,1,6,脆い,scripts/train_t1a.py
transfer/t1a_probe_frozen/t1a_probe_frozen@val~relation_detr_seed42,macro_f1,undecidable,4.713674957384771,(記録なし),paired_delta,mixed_with_nondeterminism,uncontrolled,0.0231088139573953,2.6522,0,3,2,0,0,1,6,脆い,scripts/train_t1a.py
transfer/t1a_probe_frozen/t1a_probe_frozen@val~relation_detr_seed42,seg_f1_10,undecidable,0.9484969824069213,(記録なし),paired_delta,mixed_with_nondeterminism,uncontrolled,0.03708702434647582,1.2888,0,3,2,3,0,1,9,脆い,scripts/train_t1a.py
transfer/t1a_probe_frozen/t1a_probe_frozen@val~relation_detr_seed42,seg_f1_25,undecidable,1.331638974221368,(記録なし),paired_delta,mixed_with_nondeterminism,uncontrolled,0.033274546541537484,1.2248,0,3,2,3,0,1,9,脆い,scripts/train_t1a.py
transfer/t1a_probe_frozen/t1a_probe_frozen@val~relation_detr_seed42,seg_f1_50,undecidable,2.4016854267059267,(記録なし),paired_delta,mixed_with_nondeterminism,uncontrolled,0.037342040212962335,1.0811,0,3,2,1,0,1,7,脆い,scripts/train_t1a.py
transfer/t1a_region_mask_00/t1a_region_mask_00@val~relation_detr_seed42,accuracy,significant,15.501278179841401,3,paired_delta,mixed_with_nondeterminism,uncontrolled,0.002742647198170436,0.7590,0,1,2,0,0,1,4,要注意,scripts/train_t1a.py
transfer/t1a_region_mask_00/t1a_region_mask_00@val~relation_detr_seed42,edit_score,not_significant,1.0068797335990238,3,paired_delta,mixed_with_nondeterminism,uncontrolled,3.4562493409974224,1.3106,0,1,2,3,0,1,7,脆い,scripts/train_t1a.py
transfer/t1a_region_mask_00/t1a_region_mask_00@val~relation_detr_seed42,jaccard,significant,14.823075628518202,3,paired_delta,mixed_with_nondeterminism,uncontrolled,0.006567734515840708,0.7117,0,1,2,0,1,1,5,要注意,scripts/train_t1a.py
transfer/t1a_region_mask_00/t1a_region_mask_00@val~relation_detr_seed42,macro_f1,significant,8.144940622390966,3,paired_delta,mixed_with_nondeterminism,uncontrolled,0.010255870303840354,1.1771,0,1,2,0,0,1,4,要注意,scripts/train_t1a.py
transfer/t1a_region_mask_00/t1a_region_mask_00@val~relation_detr_seed42,seg_f1_10,not_significant,0.038943503848896985,3,paired_delta,mixed_with_nondeterminism,uncontrolled,0.0325956387598547,1.1327,0,1,2,3,0,1,7,脆い,scripts/train_t1a.py
transfer/t1a_region_mask_00/t1a_region_mask_00@val~relation_detr_seed42,seg_f1_25,not_significant,0.3327967632546749,3,paired_delta,mixed_with_nondeterminism,uncontrolled,0.02265667992565388,0.8340,0,1,2,3,0,1,7,脆い,scripts/train_t1a.py
transfer/t1a_region_mask_00/t1a_region_mask_00@val~relation_detr_seed42,seg_f1_50,not_significant,1.214368916195183,3,paired_delta,mixed_with_nondeterminism,uncontrolled,0.04033692159176579,1.1678,0,1,2,3,0,1,7,脆い,scripts/train_t1a.py
transfer/t1a_region_mask_01/t1a_region_mask_01@val~relation_detr_seed42,accuracy,significant,17.049014779300514,3,paired_delta,mixed_with_nondeterminism,uncontrolled,0.0029711600291948926,0.8223,0,1,2,0,0,1,4,要注意,scripts/train_t1a.py
transfer/t1a_region_mask_01/t1a_region_mask_01@val~relation_detr_seed42,edit_score,significant,3.7859507157562495,3,paired_delta,mixed_with_nondeterminism,uncontrolled,1.9473175495670298,0.7384,0,1,2,0,1,1,5,要注意,scripts/train_t1a.py
transfer/t1a_region_mask_01/t1a_region_mask_01@val~relation_detr_seed42,jaccard,significant,22.53331186680856,3,paired_delta,mixed_with_nondeterminism,uncontrolled,0.005963532357647781,0.6462,0,1,2,0,1,1,5,要注意,scripts/train_t1a.py
transfer/t1a_region_mask_01/t1a_region_mask_01@val~relation_detr_seed42,macro_f1,significant,14.908178460561432,3,paired_delta,mixed_with_nondeterminism,uncontrolled,0.007574699266677046,0.8694,0,1,2,0,0,1,4,要注意,scripts/train_t1a.py
transfer/t1a_region_mask_01/t1a_region_mask_01@val~relation_detr_seed42,seg_f1_10,significant,1.9265799776038859,3,paired_delta,mixed_with_nondeterminism,uncontrolled,0.012993901515843198,0.4515,0,1,2,2,2,1,8,脆い,scripts/train_t1a.py
transfer/t1a_region_mask_01/t1a_region_mask_01@val~relation_detr_seed42,seg_f1_25,not_significant,1.0392680008461301,3,paired_delta,mixed_with_nondeterminism,uncontrolled,0.018430941121393755,0.6784,0,1,2,3,1,1,8,脆い,scripts/train_t1a.py
transfer/t1a_region_mask_01/t1a_region_mask_01@val~relation_detr_seed42,seg_f1_50,not_significant,0.6784231355019973,3,paired_delta,mixed_with_nondeterminism,uncontrolled,0.021911183925353437,0.6344,0,1,2,3,1,1,8,脆い,scripts/train_t1a.py
transfer/t1a_region_mask_02/t1a_region_mask_02@val~relation_detr_seed42,accuracy,significant,12.048467333824448,3,paired_delta,mixed_with_nondeterminism,uncontrolled,0.004368651033434389,1.2090,0,1,2,0,0,1,4,要注意,scripts/train_t1a.py
transfer/t1a_region_mask_02/t1a_region_mask_02@val~relation_detr_seed42,edit_score,significant,1.7737386936507538,3,paired_delta,mixed_with_nondeterminism,uncontrolled,2.4584041427155805,0.9322,0,1,2,2,0,1,6,脆い,scripts/train_t1a.py
transfer/t1a_region_mask_02/t1a_region_mask_02@val~relation_detr_seed42,jaccard,significant,10.508109152216614,3,paired_delta,mixed_with_nondeterminism,uncontrolled,0.013387519040357468,1.4507,0,1,2,0,0,1,4,要注意,scripts/train_t1a.py
transfer/t1a_region_mask_02/t1a_region_mask_02@val~relation_detr_seed42,macro_f1,significant,13.210806402676594,3,paired_delta,mixed_with_nondeterminism,uncontrolled,0.008818777530499405,1.0121,0,1,2,0,0,1,4,要注意,scripts/train_t1a.py
transfer/t1a_region_mask_02/t1a_region_mask_02@val~relation_detr_seed42,seg_f1_10,not_significant,0.5432514140661905,3,paired_delta,mixed_with_nondeterminism,uncontrolled,0.022575735149127703,0.7845,0,1,2,3,0,1,7,脆い,scripts/train_t1a.py
transfer/t1a_region_mask_02/t1a_region_mask_02@val~relation_detr_seed42,seg_f1_25,not_significant,0.992198298955377,3,paired_delta,mixed_with_nondeterminism,uncontrolled,0.02153189548677082,0.7926,0,1,2,3,0,1,7,脆い,scripts/train_t1a.py
transfer/t1a_region_mask_02/t1a_region_mask_02@val~relation_detr_seed42,seg_f1_50,significant,2.2342420840247597,3,paired_delta,mixed_with_nondeterminism,uncontrolled,0.031244186738252182,0.9046,0,1,2,1,0,1,5,要注意,scripts/train_t1a.py
transfer/t1a_region_mask_03/t1a_region_mask_03@val~relation_detr_seed42,accuracy,significant,15.813507865535996,3,paired_delta,mixed_with_nondeterminism,uncontrolled,0.003286777589423252,0.9096,0,1,2,0,0,1,4,要注意,scripts/train_t1a.py
transfer/t1a_region_mask_03/t1a_region_mask_03@val~relation_detr_seed42,edit_score,significant,2.028910376122589,3,paired_delta,mixed_with_nondeterminism,uncontrolled,2.579733009089217,0.9782,0,1,2,1,0,1,5,要注意,scripts/train_t1a.py
transfer/t1a_region_mask_03/t1a_region_mask_03@val~relation_detr_seed42,jaccard,significant,22.5946388238979,3,paired_delta,mixed_with_nondeterminism,uncontrolled,0.006065838993873993,0.6573,0,1,2,0,1,1,5,要注意,scripts/train_t1a.py
transfer/t1a_region_mask_03/t1a_region_mask_03@val~relation_detr_seed42,macro_f1,significant,13.243342988165981,3,paired_delta,mixed_with_nondeterminism,uncontrolled,0.00860778321107558,0.9879,0,1,2,0,0,1,4,要注意,scripts/train_t1a.py
transfer/t1a_region_mask_03/t1a_region_mask_03@val~relation_detr_seed42,seg_f1_10,not_significant,0.3382587365519129,3,paired_delta,mixed_with_nondeterminism,uncontrolled,0.0298755753016864,1.0382,0,1,2,3,0,1,7,脆い,scripts/train_t1a.py
transfer/t1a_region_mask_03/t1a_region_mask_03@val~relation_detr_seed42,seg_f1_25,not_significant,0.6192548946738531,3,paired_delta,mixed_with_nondeterminism,uncontrolled,0.026472005261083408,0.9744,0,1,2,3,0,1,7,脆い,scripts/train_t1a.py
transfer/t1a_region_mask_03/t1a_region_mask_03@val~relation_detr_seed42,seg_f1_50,significant,2.2495941097185077,3,paired_delta,mixed_with_nondeterminism,uncontrolled,0.025898755096873484,0.7498,0,1,2,1,1,1,6,脆い,scripts/train_t1a.py
transfer/t1a_region_mask_04/t1a_region_mask_04@val~relation_detr_seed42,accuracy,significant,15.118162738898686,3,paired_delta,mixed_with_nondeterminism,uncontrolled,0.0033215218087186893,0.9192,0,1,2,0,0,1,4,要注意,scripts/train_t1a.py
transfer/t1a_region_mask_04/t1a_region_mask_04@val~relation_detr_seed42,edit_score,significant,2.5479455804848032,3,paired_delta,mixed_with_nondeterminism,uncontrolled,1.744665045855636,0.6616,0,1,2,1,1,1,6,脆い,scripts/train_t1a.py
transfer/t1a_region_mask_04/t1a_region_mask_04@val~relation_detr_seed42,jaccard,significant,8.863419975233615,3,paired_delta,mixed_with_nondeterminism,uncontrolled,0.015083815539161301,1.6346,0,1,2,0,0,1,4,要注意,scripts/train_t1a.py
transfer/t1a_region_mask_04/t1a_region_mask_04@val~relation_detr_seed42,macro_f1,significant,7.608365230921272,3,paired_delta,mixed_with_nondeterminism,uncontrolled,0.014710495393516269,1.6883,0,1,2,0,0,1,4,要注意,scripts/train_t1a.py
transfer/t1a_region_mask_04/t1a_region_mask_04@val~relation_detr_seed42,seg_f1_10,not_significant,0.7539141267443927,3,paired_delta,mixed_with_nondeterminism,uncontrolled,0.01365203450486736,0.4744,0,1,2,3,2,1,9,脆い,scripts/train_t1a.py
transfer/t1a_region_mask_04/t1a_region_mask_04@val~relation_detr_seed42,seg_f1_25,significant,1.4949253419943465,3,paired_delta,mixed_with_nondeterminism,uncontrolled,0.010867681132276362,0.4000,0,1,2,3,2,1,9,脆い,scripts/train_t1a.py
transfer/t1a_region_mask_04/t1a_region_mask_04@val~relation_detr_seed42,seg_f1_50,significant,3.710947884917652,3,paired_delta,mixed_with_nondeterminism,uncontrolled,0.0176025489386195,0.5096,0,1,2,0,1,1,5,要注意,scripts/train_t1a.py
transfer/t1a_region_mask_05/t1a_region_mask_05@val~relation_detr_seed42,accuracy,significant,25.370319803699193,3,paired_delta,mixed_with_nondeterminism,uncontrolled,0.002048672766633141,0.5670,0,1,2,0,1,1,5,要注意,scripts/train_t1a.py
transfer/t1a_region_mask_05/t1a_region_mask_05@val~relation_detr_seed42,edit_score,not_significant,0.8777899130964242,3,paired_delta,mixed_with_nondeterminism,uncontrolled,5.355639642642577,2.0309,0,1,2,3,0,1,7,脆い,scripts/train_t1a.py
transfer/t1a_region_mask_05/t1a_region_mask_05@val~relation_detr_seed42,jaccard,significant,100.96793364871588,3,paired_delta,mixed_with_nondeterminism,uncontrolled,0.0013069484147330247,0.1416,0,1,2,0,3,1,7,脆い,scripts/train_t1a.py
transfer/t1a_region_mask_05/t1a_region_mask_05@val~relation_detr_seed42,macro_f1,significant,23.250390519070496,3,paired_delta,mixed_with_nondeterminism,uncontrolled,0.0047212866046005535,0.5419,0,1,2,0,1,1,5,要注意,scripts/train_t1a.py
transfer/t1a_region_mask_05/t1a_region_mask_05@val~relation_detr_seed42,seg_f1_10,not_significant,0.2727506484675881,3,paired_delta,mixed_with_nondeterminism,uncontrolled,0.052276129116228996,1.8166,0,1,2,3,0,1,7,脆い,scripts/train_t1a.py
transfer/t1a_region_mask_05/t1a_region_mask_05@val~relation_detr_seed42,seg_f1_25,not_significant,0.5549912152815903,3,paired_delta,mixed_with_nondeterminism,uncontrolled,0.04234708162022711,1.5588,0,1,2,3,0,1,7,脆い,scripts/train_t1a.py
transfer/t1a_region_mask_05/t1a_region_mask_05@val~relation_detr_seed42,seg_f1_50,significant,1.5144173315616858,3,paired_delta,mixed_with_nondeterminism,uncontrolled,0.04784578912176383,1.3852,0,1,2,2,0,1,6,脆い,scripts/train_t1a.py
transfer/t1a_region_mask_06/t1a_region_mask_06@val~relation_detr_seed42,accuracy,significant,18.59875685199501,3,paired_delta,mixed_with_nondeterminism,uncontrolled,0.0024988193338643114,0.6915,0,1,2,0,1,1,5,要注意,scripts/train_t1a.py
transfer/t1a_region_mask_06/t1a_region_mask_06@val~relation_detr_seed42,edit_score,not_significant,0.5863973294262796,3,paired_delta,mixed_with_nondeterminism,uncontrolled,6.298928142841254,2.3885,0,1,2,3,0,1,7,脆い,scripts/train_t1a.py
transfer/t1a_region_mask_06/t1a_region_mask_06@val~relation_detr_seed42,jaccard,significant,79.66788097028767,3,paired_delta,mixed_with_nondeterminism,uncontrolled,0.0016773909645619001,0.1818,0,1,2,0,3,1,7,脆い,scripts/train_t1a.py
transfer/t1a_region_mask_06/t1a_region_mask_06@val~relation_detr_seed42,macro_f1,significant,21.617760289457163,3,paired_delta,mixed_with_nondeterminism,uncontrolled,0.005173884253273421,0.5938,0,1,2,0,1,1,5,要注意,scripts/train_t1a.py
transfer/t1a_region_mask_06/t1a_region_mask_06@val~relation_detr_seed42,seg_f1_10,significant,1.753054270265451,3,paired_delta,mixed_with_nondeterminism,uncontrolled,0.04546797459960966,1.5800,0,1,2,2,0,1,6,脆い,scripts/train_t1a.py
transfer/t1a_region_mask_06/t1a_region_mask_06@val~relation_detr_seed42,seg_f1_25,significant,2.0388441148215324,3,paired_delta,mixed_with_nondeterminism,uncontrolled,0.04320847525597703,1.5905,0,1,2,1,0,1,5,要注意,scripts/train_t1a.py
transfer/t1a_region_mask_06/t1a_region_mask_06@val~relation_detr_seed42,seg_f1_50,significant,2.935961244150081,3,paired_delta,mixed_with_nondeterminism,uncontrolled,0.046197986725733976,1.3375,0,1,2,1,0,1,5,要注意,scripts/train_t1a.py
transfer/t1a_region_mask_07/t1a_region_mask_07@val~relation_detr_seed42,accuracy,significant,13.165508595497025,3,paired_delta,mixed_with_nondeterminism,uncontrolled,0.003780732273239664,1.0463,0,1,2,0,0,1,4,要注意,scripts/train_t1a.py
transfer/t1a_region_mask_07/t1a_region_mask_07@val~relation_detr_seed42,edit_score,significant,1.6071344886056576,3,paired_delta,mixed_with_nondeterminism,uncontrolled,3.416817592893509,1.2957,0,1,2,2,0,1,6,脆い,scripts/train_t1a.py
transfer/t1a_region_mask_07/t1a_region_mask_07@val~relation_detr_seed42,jaccard,significant,17.6600029478569,3,paired_delta,mixed_with_nondeterminism,uncontrolled,0.007843201897239846,0.8499,0,1,2,0,0,1,4,要注意,scripts/train_t1a.py
transfer/t1a_region_mask_07/t1a_region_mask_07@val~relation_detr_seed42,macro_f1,significant,14.931590641280794,3,paired_delta,mixed_with_nondeterminism,uncontrolled,0.007691267085834892,0.8827,0,1,2,0,0,1,4,要注意,scripts/train_t1a.py
transfer/t1a_region_mask_07/t1a_region_mask_07@val~relation_detr_seed42,seg_f1_10,not_significant,0.057257668041965415,3,paired_delta,mixed_with_nondeterminism,uncontrolled,0.03547180695250412,1.2327,0,1,2,3,0,1,7,脆い,scripts/train_t1a.py
transfer/t1a_region_mask_07/t1a_region_mask_07@val~relation_detr_seed42,seg_f1_25,not_significant,0.28784866681564436,3,paired_delta,mixed_with_nondeterminism,uncontrolled,0.03072121673422235,1.1308,0,1,2,3,0,1,7,脆い,scripts/train_t1a.py
transfer/t1a_region_mask_07/t1a_region_mask_07@val~relation_detr_seed42,seg_f1_50,significant,1.6958152543917977,3,paired_delta,mixed_with_nondeterminism,uncontrolled,0.02520695456393776,0.7298,0,1,2,2,1,1,7,脆い,scripts/train_t1a.py
transfer/t1a_region_mask_08/t1a_region_mask_08@val~relation_detr_seed42,accuracy,significant,18.905707468319125,3,paired_delta,mixed_with_nondeterminism,uncontrolled,0.0027491953606977636,0.7608,0,1,2,0,0,1,4,要注意,scripts/train_t1a.py
transfer/t1a_region_mask_08/t1a_region_mask_08@val~relation_detr_seed42,edit_score,significant,1.4089146533856283,3,paired_delta,mixed_with_nondeterminism,uncontrolled,3.7611633165670866,1.4262,0,1,2,3,0,1,7,脆い,scripts/train_t1a.py
transfer/t1a_region_mask_08/t1a_region_mask_08@val~relation_detr_seed42,jaccard,significant,29.028678523376616,3,paired_delta,mixed_with_nondeterminism,uncontrolled,0.00479754602249798,0.5199,0,1,2,0,1,1,5,要注意,scripts/train_t1a.py
transfer/t1a_region_mask_08/t1a_region_mask_08@val~relation_detr_seed42,macro_f1,significant,16.147787267590765,3,paired_delta,mixed_with_nondeterminism,uncontrolled,0.007134090826344939,0.8188,0,1,2,0,0,1,4,要注意,scripts/train_t1a.py
transfer/t1a_region_mask_08/t1a_region_mask_08@val~relation_detr_seed42,seg_f1_10,not_significant,0.31136724627616935,3,paired_delta,mixed_with_nondeterminism,uncontrolled,0.032243889092587553,1.1205,0,1,2,3,0,1,7,脆い,scripts/train_t1a.py
transfer/t1a_region_mask_08/t1a_region_mask_08@val~relation_detr_seed42,seg_f1_25,not_significant,0.8800555941569959,3,paired_delta,mixed_with_nondeterminism,uncontrolled,0.029769894246772562,1.0958,0,1,2,3,0,1,7,脆い,scripts/train_t1a.py
transfer/t1a_region_mask_08/t1a_region_mask_08@val~relation_detr_seed42,seg_f1_50,significant,1.9697485830696007,3,paired_delta,mixed_with_nondeterminism,uncontrolled,0.03301980309553074,0.9560,0,1,2,2,0,1,6,脆い,scripts/train_t1a.py
transfer/t1a_region_mask_09/t1a_region_mask_09@val~relation_detr_seed42,accuracy,significant,25.881721095052974,3,paired_delta,mixed_with_nondeterminism,uncontrolled,0.0016766514490065285,0.4640,0,1,2,0,2,1,6,脆い,scripts/train_t1a.py
transfer/t1a_region_mask_09/t1a_region_mask_09@val~relation_detr_seed42,edit_score,significant,1.5278455607285448,3,paired_delta,mixed_with_nondeterminism,uncontrolled,1.8450325640396097,0.6996,0,1,2,2,1,1,7,脆い,scripts/train_t1a.py
transfer/t1a_region_mask_09/t1a_region_mask_09@val~relation_detr_seed42,jaccard,significant,34.37711765318467,3,paired_delta,mixed_with_nondeterminism,uncontrolled,0.003384232030882473,0.3667,0,1,2,0,2,1,6,脆い,scripts/train_t1a.py
transfer/t1a_region_mask_09/t1a_region_mask_09@val~relation_detr_seed42,macro_f1,significant,19.704600670195042,3,paired_delta,mixed_with_nondeterminism,uncontrolled,0.00523414534151765,0.6007,0,1,2,0,1,1,5,要注意,scripts/train_t1a.py
transfer/t1a_region_mask_09/t1a_region_mask_09@val~relation_detr_seed42,seg_f1_10,not_significant,0.7505541084419554,3,paired_delta,mixed_with_nondeterminism,uncontrolled,0.015227606620549831,0.5292,0,1,2,3,1,1,8,脆い,scripts/train_t1a.py
transfer/t1a_region_mask_09/t1a_region_mask_09@val~relation_detr_seed42,seg_f1_25,not_significant,0.8883107261168544,3,paired_delta,mixed_with_nondeterminism,uncontrolled,0.01609242694720225,0.5924,0,1,2,3,1,1,8,脆い,scripts/train_t1a.py
transfer/t1a_region_mask_09/t1a_region_mask_09@val~relation_detr_seed42,seg_f1_50,significant,3.2301750819758155,3,paired_delta,mixed_with_nondeterminism,uncontrolled,0.01432916884703572,0.4149,0,1,2,0,2,1,6,脆い,scripts/train_t1a.py
transfer/t1a_region_mask_10/t1a_region_mask_10@val~relation_detr_seed42,accuracy,significant,13.122650883791115,3,paired_delta,mixed_with_nondeterminism,uncontrolled,0.0035583477472134507,0.9848,0,1,2,0,0,1,4,要注意,scripts/train_t1a.py
transfer/t1a_region_mask_10/t1a_region_mask_10@val~relation_detr_seed42,edit_score,significant,24.82858934336243,3,paired_delta,mixed_with_nondeterminism,uncontrolled,0.44176335956548346,0.1675,0,1,2,0,3,1,7,脆い,scripts/train_t1a.py
transfer/t1a_region_mask_10/t1a_region_mask_10@val~relation_detr_seed42,jaccard,significant,11.782134033968783,3,paired_delta,mixed_with_nondeterminism,uncontrolled,0.01069934946482452,1.1594,0,1,2,0,0,1,4,要注意,scripts/train_t1a.py
transfer/t1a_region_mask_10/t1a_region_mask_10@val~relation_detr_seed42,macro_f1,significant,9.747645402761,3,paired_delta,mixed_with_nondeterminism,uncontrolled,0.011015795067476299,1.2643,0,1,2,0,0,1,4,要注意,scripts/train_t1a.py
transfer/t1a_region_mask_10/t1a_region_mask_10@val~relation_detr_seed42,seg_f1_10,significant,10.56963936418809,3,paired_delta,mixed_with_nondeterminism,uncontrolled,0.0051635921637266284,0.1794,0,1,2,0,3,1,7,脆い,scripts/train_t1a.py
transfer/t1a_region_mask_10/t1a_region_mask_10@val~relation_detr_seed42,seg_f1_25,significant,10.391272063089376,3,paired_delta,mixed_with_nondeterminism,uncontrolled,0.004593072952336954,0.1691,0,1,2,0,3,1,7,脆い,scripts/train_t1a.py
transfer/t1a_region_mask_10/t1a_region_mask_10@val~relation_detr_seed42,seg_f1_50,not_significant,1.258378818566239,3,paired_delta,mixed_with_nondeterminism,uncontrolled,0.018184862413300928,0.5265,0,1,2,3,1,1,8,脆い,scripts/train_t1a.py
transfer/t1a_region_mask_11/t1a_region_mask_11@val~relation_detr_seed42,accuracy,significant,30.671479733923004,3,paired_delta,mixed_with_nondeterminism,uncontrolled,0.0016658927347838065,0.4610,0,1,2,0,2,1,6,脆い,scripts/train_t1a.py
transfer/t1a_region_mask_11/t1a_region_mask_11@val~relation_detr_seed42,edit_score,significant,2.982668718151816,3,paired_delta,mixed_with_nondeterminism,uncontrolled,2.2159393309618522,0.8403,0,1,2,1,0,1,5,要注意,scripts/train_t1a.py
transfer/t1a_region_mask_11/t1a_region_mask_11@val~relation_detr_seed42,jaccard,significant,37.68065937766864,3,paired_delta,mixed_with_nondeterminism,uncontrolled,0.0036754751368277367,0.3983,0,1,2,0,2,1,6,脆い,scripts/train_t1a.py
transfer/t1a_region_mask_11/t1a_region_mask_11@val~relation_detr_seed42,macro_f1,significant,18.890778771751602,3,paired_delta,mixed_with_nondeterminism,uncontrolled,0.006095860103215846,0.6996,0,1,2,0,1,1,5,要注意,scripts/train_t1a.py
transfer/t1a_region_mask_11/t1a_region_mask_11@val~relation_detr_seed42,seg_f1_10,not_significant,0.004792091486364253,3,paired_delta,mixed_with_nondeterminism,uncontrolled,0.014753993727944371,0.5127,0,1,2,3,1,1,8,脆い,scripts/train_t1a.py
transfer/t1a_region_mask_11/t1a_region_mask_11@val~relation_detr_seed42,seg_f1_25,not_significant,0.42076231101881706,3,paired_delta,mixed_with_nondeterminism,uncontrolled,0.02364415751100631,0.8703,0,1,2,3,0,1,7,脆い,scripts/train_t1a.py
transfer/t1a_region_mask_11/t1a_region_mask_11@val~relation_detr_seed42,seg_f1_50,significant,3.317182464868632,3,paired_delta,mixed_with_nondeterminism,uncontrolled,0.015759445070306223,0.4563,0,1,2,0,2,1,6,脆い,scripts/train_t1a.py
transfer/t1a_region_mask_12/t1a_region_mask_12@val~relation_detr_seed42,accuracy,significant,15.86481823565596,3,paired_delta,mixed_with_nondeterminism,uncontrolled,0.0032622788670904593,0.9028,0,1,2,0,0,1,4,要注意,scripts/train_t1a.py
transfer/t1a_region_mask_12/t1a_region_mask_12@val~relation_detr_seed42,edit_score,significant,2.457909637184623,3,paired_delta,mixed_with_nondeterminism,uncontrolled,2.183928362143256,0.8281,0,1,2,1,0,1,5,要注意,scripts/train_t1a.py
transfer/t1a_region_mask_12/t1a_region_mask_12@val~relation_detr_seed42,jaccard,significant,19.94574231547679,3,paired_delta,mixed_with_nondeterminism,uncontrolled,0.006747344161310224,0.7312,0,1,2,0,1,1,5,要注意,scripts/train_t1a.py
transfer/t1a_region_mask_12/t1a_region_mask_12@val~relation_detr_seed42,macro_f1,significant,17.271002806428065,3,paired_delta,mixed_with_nondeterminism,uncontrolled,0.006483963601663068,0.7442,0,1,2,0,1,1,5,要注意,scripts/train_t1a.py
transfer/t1a_region_mask_12/t1a_region_mask_12@val~relation_detr_seed42,seg_f1_10,not_significant,0.30529875448251476,3,paired_delta,mixed_with_nondeterminism,uncontrolled,0.02254764858535334,0.7835,0,1,2,3,0,1,7,脆い,scripts/train_t1a.py
transfer/t1a_region_mask_12/t1a_region_mask_12@val~relation_detr_seed42,seg_f1_25,not_significant,1.2936886979423174,3,paired_delta,mixed_with_nondeterminism,uncontrolled,0.017427245396225647,0.6415,0,1,2,3,1,1,8,脆い,scripts/train_t1a.py
transfer/t1a_region_mask_12/t1a_region_mask_12@val~relation_detr_seed42,seg_f1_50,significant,3.062655541841779,3,paired_delta,mixed_with_nondeterminism,uncontrolled,0.017925798007757534,0.5190,0,1,2,0,1,1,5,要注意,scripts/train_t1a.py
transfer/t1a_region_mask_13/t1a_region_mask_13@val~relation_detr_seed42,accuracy,significant,18.0617748733066,3,paired_delta,mixed_with_nondeterminism,uncontrolled,0.002865469292107106,0.7930,0,1,2,0,0,1,4,要注意,scripts/train_t1a.py
transfer/t1a_region_mask_13/t1a_region_mask_13@val~relation_detr_seed42,edit_score,significant,2.557952125048586,3,paired_delta,mixed_with_nondeterminism,uncontrolled,1.8101432912035458,0.6864,0,1,2,1,1,1,6,脆い,scripts/train_t1a.py
transfer/t1a_region_mask_13/t1a_region_mask_13@val~relation_detr_seed42,jaccard,significant,17.968851204928285,3,paired_delta,mixed_with_nondeterminism,uncontrolled,0.007769287378248819,0.8419,0,1,2,0,0,1,4,要注意,scripts/train_t1a.py
transfer/t1a_region_mask_13/t1a_region_mask_13@val~relation_detr_seed42,macro_f1,significant,17.356367580057178,3,paired_delta,mixed_with_nondeterminism,uncontrolled,0.0066749921793819835,0.7661,0,1,2,0,0,1,4,要注意,scripts/train_t1a.py
transfer/t1a_region_mask_13/t1a_region_mask_13@val~relation_detr_seed42,seg_f1_10,not_significant,0.4519490422317131,3,paired_delta,mixed_with_nondeterminism,uncontrolled,0.021649442902831283,0.7523,0,1,2,3,0,1,7,脆い,scripts/train_t1a.py
transfer/t1a_region_mask_13/t1a_region_mask_13@val~relation_detr_seed42,seg_f1_25,not_significant,1.1217104326442053,3,paired_delta,mixed_with_nondeterminism,uncontrolled,0.017252002710826962,0.6350,0,1,2,3,1,1,8,脆い,scripts/train_t1a.py
transfer/t1a_region_mask_13/t1a_region_mask_13@val~relation_detr_seed42,seg_f1_50,significant,2.7732462280936363,3,paired_delta,mixed_with_nondeterminism,uncontrolled,0.023200948824890787,0.6717,0,1,2,1,1,1,6,脆い,scripts/train_t1a.py
transfer/t1a_region_mask_14/t1a_region_mask_14@val~relation_detr_seed42,accuracy,significant,14.163787139996744,3,paired_delta,mixed_with_nondeterminism,uncontrolled,0.003685137650608906,1.0198,0,1,2,0,0,1,4,要注意,scripts/train_t1a.py
transfer/t1a_region_mask_14/t1a_region_mask_14@val~relation_detr_seed42,edit_score,not_significant,0.9551938927531055,3,paired_delta,mixed_with_nondeterminism,uncontrolled,5.7826248170468935,2.1928,0,1,2,3,0,1,7,脆い,scripts/train_t1a.py
transfer/t1a_region_mask_14/t1a_region_mask_14@val~relation_detr_seed42,jaccard,significant,11.834103084094131,3,paired_delta,mixed_with_nondeterminism,uncontrolled,0.011570725279261637,1.2539,0,1,2,0,0,1,4,要注意,scripts/train_t1a.py
transfer/t1a_region_mask_14/t1a_region_mask_14@val~relation_detr_seed42,macro_f1,significant,10.574060679421784,3,paired_delta,mixed_with_nondeterminism,uncontrolled,0.010739912563606978,1.2326,0,1,2,0,0,1,4,要注意,scripts/train_t1a.py
transfer/t1a_region_mask_14/t1a_region_mask_14@val~relation_detr_seed42,seg_f1_10,not_significant,0.0825636325969524,3,paired_delta,mixed_with_nondeterminism,uncontrolled,0.0395525335532573,1.3745,0,1,2,3,0,1,7,脆い,scripts/train_t1a.py
transfer/t1a_region_mask_14/t1a_region_mask_14@val~relation_detr_seed42,seg_f1_25,not_significant,0.3601399052427227,3,paired_delta,mixed_with_nondeterminism,uncontrolled,0.04648050826722389,1.7109,0,1,2,3,0,1,7,脆い,scripts/train_t1a.py
transfer/t1a_region_mask_14/t1a_region_mask_14@val~relation_detr_seed42,seg_f1_50,significant,1.3977890672336464,3,paired_delta,mixed_with_nondeterminism,uncontrolled,0.0422583700976222,1.2235,0,1,2,3,0,1,7,脆い,scripts/train_t1a.py
transfer/t1a_region_mask_top3/t1a_region_mask_top3@val~relation_detr_seed42,accuracy,significant,4.866426901166012,3,paired_delta,mixed_with_nondeterminism,uncontrolled,0.0039890102802794015,1.1039,0,1,2,0,0,1,4,要注意,scripts/train_t1a.py
transfer/t1a_region_mask_top3/t1a_region_mask_top3@val~relation_detr_seed42,edit_score,significant,2.4422389688379242,3,paired_delta,mixed_with_nondeterminism,uncontrolled,2.249501997609971,0.8530,0,1,2,1,0,1,5,要注意,scripts/train_t1a.py
transfer/t1a_region_mask_top3/t1a_region_mask_top3@val~relation_detr_seed42,jaccard,significant,3.8417251093184515,3,paired_delta,mixed_with_nondeterminism,uncontrolled,0.009148723297444417,0.9914,0,1,2,0,0,1,4,要注意,scripts/train_t1a.py
transfer/t1a_region_mask_top3/t1a_region_mask_top3@val~relation_detr_seed42,macro_f1,significant,3.3581300828246983,3,paired_delta,mixed_with_nondeterminism,uncontrolled,0.012757945675499222,1.4642,0,1,2,0,0,1,4,要注意,scripts/train_t1a.py
transfer/t1a_region_mask_top3/t1a_region_mask_top3@val~relation_detr_seed42,seg_f1_10,significant,3.688870596845713,3,paired_delta,mixed_with_nondeterminism,uncontrolled,0.009510045018663602,0.3305,0,1,2,0,2,1,6,脆い,scripts/train_t1a.py
transfer/t1a_region_mask_top3/t1a_region_mask_top3@val~relation_detr_seed42,seg_f1_25,significant,6.1263959205096326,3,paired_delta,mixed_with_nondeterminism,uncontrolled,0.007981361643983257,0.2938,0,1,2,0,2,1,6,脆い,scripts/train_t1a.py
transfer/t1a_region_mask_top3/t1a_region_mask_top3@val~relation_detr_seed42,seg_f1_50,not_significant,0.7236085331820742,3,paired_delta,mixed_with_nondeterminism,uncontrolled,0.019372349961235616,0.5609,0,1,2,3,1,1,8,脆い,scripts/train_t1a.py
transfer/t1a_region_only/t1a_region_only@val~relation_detr_seed42,accuracy,significant,13.212163084057854,3,paired_delta,mixed_with_nondeterminism,uncontrolled,0.003883952758494929,1.0749,0,1,2,0,0,1,4,要注意,scripts/train_t1a.py
transfer/t1a_region_only/t1a_region_only@val~relation_detr_seed42,edit_score,significant,1.2348717976739216,3,paired_delta,mixed_with_nondeterminism,uncontrolled,3.320741011734505,1.2592,0,1,2,3,0,1,7,脆い,scripts/train_t1a.py
transfer/t1a_region_only/t1a_region_only@val~relation_detr_seed42,jaccard,significant,11.897594913081239,3,paired_delta,mixed_with_nondeterminism,uncontrolled,0.011264723516635222,1.2207,0,1,2,0,0,1,4,要注意,scripts/train_t1a.py
transfer/t1a_region_only/t1a_region_only@val~relation_detr_seed42,macro_f1,significant,13.504983104334903,3,paired_delta,mixed_with_nondeterminism,uncontrolled,0.008250939413519016,0.9470,0,1,2,0,0,1,4,要注意,scripts/train_t1a.py
transfer/t1a_region_only/t1a_region_only@val~relation_detr_seed42,seg_f1_10,not_significant,0.47794002665459245,3,paired_delta,mixed_with_nondeterminism,uncontrolled,0.03887378067117857,1.3509,0,1,2,3,0,1,7,脆い,scripts/train_t1a.py
transfer/t1a_region_only/t1a_region_only@val~relation_detr_seed42,seg_f1_25,not_significant,0.9520506433610467,3,paired_delta,mixed_with_nondeterminism,uncontrolled,0.029322617260580625,1.0794,0,1,2,3,0,1,7,脆い,scripts/train_t1a.py
transfer/t1a_region_only/t1a_region_only@val~relation_detr_seed42,seg_f1_50,significant,1.7444203524266682,3,paired_delta,mixed_with_nondeterminism,uncontrolled,0.04209335772927803,1.2187,0,1,2,2,0,1,6,脆い,scripts/train_t1a.py
transfer/t1a_region_only_mask_top3/t1a_region_only_mask_top3@val~relation_detr_seed42,accuracy,not_significant,0.20736615181700335,3,paired_delta,mixed_with_nondeterminism,uncontrolled,0.0023645843039670684,0.6544,0,1,2,3,1,1,8,脆い,scripts/train_t1a.py
transfer/t1a_region_only_mask_top3/t1a_region_only_mask_top3@val~relation_detr_seed42,edit_score,significant,4.154979996332755,3,paired_delta,mixed_with_nondeterminism,uncontrolled,1.1134000059251232,0.4222,0,1,2,0,2,1,6,脆い,scripts/train_t1a.py
transfer/t1a_region_only_mask_top3/t1a_region_only_mask_top3@val~relation_detr_seed42,jaccard,significant,2.4663256101675968,3,paired_delta,mixed_with_nondeterminism,uncontrolled,0.006554316276205338,0.7103,0,1,2,1,1,1,6,脆い,scripts/train_t1a.py
transfer/t1a_region_only_mask_top3/t1a_region_only_mask_top3@val~relation_detr_seed42,macro_f1,not_significant,0.5325503728017181,3,paired_delta,mixed_with_nondeterminism,uncontrolled,0.00905435517066569,1.0392,0,1,2,3,0,1,7,脆い,scripts/train_t1a.py
transfer/t1a_region_only_mask_top3/t1a_region_only_mask_top3@val~relation_detr_seed42,seg_f1_10,significant,3.023109323480596,3,paired_delta,mixed_with_nondeterminism,uncontrolled,0.018742452984538825,0.6513,0,1,2,0,1,1,5,要注意,scripts/train_t1a.py
transfer/t1a_region_only_mask_top3/t1a_region_only_mask_top3@val~relation_detr_seed42,seg_f1_25,significant,5.454713850647027,3,paired_delta,mixed_with_nondeterminism,uncontrolled,0.012121319829498102,0.4462,0,1,2,0,2,1,6,脆い,scripts/train_t1a.py
transfer/t1a_region_only_mask_top3/t1a_region_only_mask_top3@val~relation_detr_seed42,seg_f1_50,significant,1.3190760578127685,3,paired_delta,mixed_with_nondeterminism,uncontrolled,0.02721811962245305,0.7880,0,1,2,3,0,1,7,脆い,scripts/train_t1a.py
transfer/t1a_regiontoken/t1a_regiontoken@val~relation_detr_seed42,accuracy,significant,23.728352945552633,3,paired_delta,mixed_with_nondeterminism,uncontrolled,0.00217189281432493,0.6011,0,1,2,0,1,1,5,要注意,/home/ubuntu/slocal2/m2/scripts/train_t1a.py;scripts/train_t1a.py
transfer/t1a_regiontoken/t1a_regiontoken@val~relation_detr_seed42,edit_score,significant,2.8272062466312873,3,paired_delta,mixed_with_nondeterminism,uncontrolled,1.0468866626747404,0.3970,0,1,2,1,2,1,7,脆い,/home/ubuntu/slocal2/m2/scripts/train_t1a.py;scripts/train_t1a.py
transfer/t1a_regiontoken/t1a_regiontoken@val~relation_detr_seed42,jaccard,significant,24.20119367259016,3,paired_delta,mixed_with_nondeterminism,uncontrolled,0.005487116823033686,0.5946,0,1,2,0,1,1,5,要注意,/home/ubuntu/slocal2/m2/scripts/train_t1a.py;scripts/train_t1a.py
transfer/t1a_regiontoken/t1a_regiontoken@val~relation_detr_seed42,macro_f1,significant,37.22587063789241,3,paired_delta,mixed_with_nondeterminism,uncontrolled,0.002983373781954879,0.3424,0,1,2,0,2,1,6,脆い,/home/ubuntu/slocal2/m2/scripts/train_t1a.py;scripts/train_t1a.py
transfer/t1a_regiontoken/t1a_regiontoken@val~relation_detr_seed42,seg_f1_10,not_significant,0.8893571702818458,3,paired_delta,mixed_with_nondeterminism,uncontrolled,0.01873906324310242,0.6512,0,1,2,3,1,1,8,脆い,/home/ubuntu/slocal2/m2/scripts/train_t1a.py;scripts/train_t1a.py
transfer/t1a_regiontoken/t1a_regiontoken@val~relation_detr_seed42,seg_f1_25,significant,1.7558172993719139,3,paired_delta,mixed_with_nondeterminism,uncontrolled,0.016697753486724826,0.6146,0,1,2,2,1,1,7,脆い,/home/ubuntu/slocal2/m2/scripts/train_t1a.py;scripts/train_t1a.py
transfer/t1a_regiontoken/t1a_regiontoken@val~relation_detr_seed42,seg_f1_50,significant,2.682561420250986,3,paired_delta,mixed_with_nondeterminism,uncontrolled,0.02618186243520247,0.7580,0,1,2,1,0,1,5,要注意,/home/ubuntu/slocal2/m2/scripts/train_t1a.py;scripts/train_t1a.py
transfer/t1a_regiontraj/t1a_regiontraj@val~relation_detr_seed42,accuracy,not_significant,0.2871832634470896,3,paired_delta,unknown,uncontrolled,0.003064551876168143,0.8481,0,1,2,3,0,1,7,脆い,scripts/train_t1a_regiontraj.py
transfer/t1a_regiontraj/t1a_regiontraj@val~relation_detr_seed42,edit_score,not_significant,1.2312290027358948,3,paired_delta,unknown,uncontrolled,2.6014209502972823,0.9865,0,1,2,3,0,1,7,脆い,scripts/train_t1a_regiontraj.py
transfer/t1a_regiontraj/t1a_regiontraj@val~relation_detr_seed42,jaccard,not_significant,0.7567203697582094,3,paired_delta,unknown,uncontrolled,0.008495656127800646,0.9206,0,1,2,3,0,1,7,脆い,scripts/train_t1a_regiontraj.py
transfer/t1a_regiontraj/t1a_regiontraj@val~relation_detr_seed42,macro_f1,not_significant,0.6666884600836794,3,paired_delta,unknown,uncontrolled,0.006515809708258742,0.7478,0,1,2,3,1,1,8,脆い,scripts/train_t1a_regiontraj.py
transfer/t1a_regiontraj/t1a_regiontraj@val~relation_detr_seed42,seg_f1_10,significant,3.0170254692086655,3,paired_delta,unknown,uncontrolled,0.028787272800103857,1.0004,0,1,2,0,0,1,4,要注意,scripts/train_t1a_regiontraj.py
transfer/t1a_regiontraj/t1a_regiontraj@val~relation_detr_seed42,seg_f1_25,significant,3.5221273024390656,3,paired_delta,unknown,uncontrolled,0.022525883427016478,0.8292,0,1,2,0,0,1,4,要注意,scripts/train_t1a_regiontraj.py
transfer/t1a_regiontraj/t1a_regiontraj@val~relation_detr_seed42,seg_f1_50,significant,1.5815050191327369,3,paired_delta,unknown,uncontrolled,0.029102252765405387,0.8426,0,1,2,2,0,1,6,脆い,scripts/train_t1a_regiontraj.py
transfer/t1a_regiontraj_test/t1a_regiontraj_test@val~relation_detr_seed42,accuracy,not_significant,0.2809757434744895,3,paired_delta,unknown,uncontrolled,0.002349192134660381,0.6501,0,1,2,3,1,1,8,脆い,scripts/train_t1a_regiontraj.py
transfer/t1a_regiontraj_test/t1a_regiontraj_test@val~relation_detr_seed42,edit_score,not_significant,0.44093665772022994,3,paired_delta,unknown,uncontrolled,4.9304335599213704,1.8696,0,1,2,3,0,1,7,脆い,scripts/train_t1a_regiontraj.py
transfer/t1a_regiontraj_test/t1a_regiontraj_test@val~relation_detr_seed42,jaccard,not_significant,0.8118334199932019,3,paired_delta,unknown,uncontrolled,0.006860157197233021,0.7434,0,1,2,3,1,1,8,脆い,scripts/train_t1a_regiontraj.py
transfer/t1a_regiontraj_test/t1a_regiontraj_test@val~relation_detr_seed42,macro_f1,not_significant,1.0027797183401266,3,paired_delta,unknown,uncontrolled,0.003727122958165644,0.4278,0,1,2,3,2,1,9,脆い,scripts/train_t1a_regiontraj.py
transfer/t1a_regiontraj_test/t1a_regiontraj_test@val~relation_detr_seed42,seg_f1_10,not_significant,0.968964820281182,3,paired_delta,unknown,uncontrolled,0.0599029733302801,2.0816,0,1,2,3,0,1,7,脆い,scripts/train_t1a_regiontraj.py
transfer/t1a_regiontraj_test/t1a_regiontraj_test@val~relation_detr_seed42,seg_f1_25,not_significant,0.9844901878993236,3,paired_delta,unknown,uncontrolled,0.0560152868853656,2.0619,0,1,2,3,0,1,7,脆い,scripts/train_t1a_regiontraj.py
transfer/t1a_regiontraj_test/t1a_regiontraj_test@val~relation_detr_seed42,seg_f1_50,not_significant,0.6036925169548161,3,paired_delta,unknown,uncontrolled,0.059914978628542385,1.7347,0,1,2,3,0,1,7,脆い,scripts/train_t1a_regiontraj.py
transfer/t1a_shuffle/t1a_shuffle@val~relation_detr_seed42,accuracy,significant,9.966447058011715,3,paired_delta,mixed_with_nondeterminism,uncontrolled,0.0036375389753897595,1.0067,0,1,2,0,0,1,4,要注意,scripts/train_t1a.py
transfer/t1a_shuffle/t1a_shuffle@val~relation_detr_seed42,edit_score,significant,6.5062420851405705,3,paired_delta,mixed_with_nondeterminism,uncontrolled,2.669858600691402,1.0124,0,1,2,0,0,1,4,要注意,scripts/train_t1a.py
transfer/t1a_shuffle/t1a_shuffle@val~relation_detr_seed42,jaccard,significant,4.737569631849017,3,paired_delta,mixed_with_nondeterminism,uncontrolled,0.012676782529653903,1.3737,0,1,2,0,0,1,4,要注意,scripts/train_t1a.py
transfer/t1a_shuffle/t1a_shuffle@val~relation_detr_seed42,macro_f1,significant,4.099750894980933,3,paired_delta,mixed_with_nondeterminism,uncontrolled,0.01401611849311166,1.6086,0,1,2,0,0,1,4,要注意,scripts/train_t1a.py
transfer/t1a_shuffle/t1a_shuffle@val~relation_detr_seed42,seg_f1_10,significant,2.85226293417746,3,paired_delta,mixed_with_nondeterminism,uncontrolled,0.05252609619832325,1.8253,0,1,2,1,0,1,5,要注意,scripts/train_t1a.py
transfer/t1a_shuffle/t1a_shuffle@val~relation_detr_seed42,seg_f1_25,significant,3.2460918131461156,3,paired_delta,mixed_with_nondeterminism,uncontrolled,0.04993714860798775,1.8382,0,1,2,0,0,1,4,要注意,scripts/train_t1a.py
transfer/t1a_shuffle/t1a_shuffle@val~relation_detr_seed42,seg_f1_50,significant,2.338538253881161,3,paired_delta,mixed_with_nondeterminism,uncontrolled,0.07672420352851406,2.2213,0,1,2,1,0,1,5,要注意,scripts/train_t1a.py
transfer/t1a_shuffle_oracle/t1a_shuffle_oracle@val~relation_detr_seed42,accuracy,significant,8.878617261187474,3,paired_delta,mixed_with_nondeterminism,uncontrolled,0.004491045392384325,1.2429,0,1,2,0,0,1,4,要注意,scripts/train_t1a.py
transfer/t1a_shuffle_oracle/t1a_shuffle_oracle@val~relation_detr_seed42,edit_score,not_significant,1.216922271353497,3,paired_delta,mixed_with_nondeterminism,uncontrolled,2.226896172493867,0.8444,0,1,2,3,0,1,7,脆い,scripts/train_t1a.py
transfer/t1a_shuffle_oracle/t1a_shuffle_oracle@val~relation_detr_seed42,jaccard,significant,6.706511425974297,3,paired_delta,mixed_with_nondeterminism,uncontrolled,0.01656764167376642,1.7954,0,1,2,0,0,1,4,要注意,scripts/train_t1a.py
transfer/t1a_shuffle_oracle/t1a_shuffle_oracle@val~relation_detr_seed42,macro_f1,significant,6.6589177519352685,3,paired_delta,mixed_with_nondeterminism,uncontrolled,0.01482315027263585,1.7013,0,1,2,0,0,1,4,要注意,scripts/train_t1a.py
transfer/t1a_shuffle_oracle/t1a_shuffle_oracle@val~relation_detr_seed42,seg_f1_10,significant,2.3796464173259446,3,paired_delta,mixed_with_nondeterminism,uncontrolled,0.02495323880178425,0.8671,0,1,2,1,0,1,5,要注意,scripts/train_t1a.py
transfer/t1a_shuffle_oracle/t1a_shuffle_oracle@val~relation_detr_seed42,seg_f1_25,significant,2.743352666586926,3,paired_delta,mixed_with_nondeterminism,uncontrolled,0.02576377910891651,0.9484,0,1,2,1,0,1,5,要注意,scripts/train_t1a.py
transfer/t1a_shuffle_oracle/t1a_shuffle_oracle@val~relation_detr_seed42,seg_f1_50,significant,3.8107296956408017,3,paired_delta,mixed_with_nondeterminism,uncontrolled,0.02708863434120095,0.7843,0,1,2,0,0,1,4,要注意,scripts/train_t1a.py
transfer/t1b_phasefilm/t1b_phasefilm@val,control_max,undecidable,(記録なし),(記録なし),paired_delta,unknown,uncontrolled,(記録なし),(算出不能),0,3,2,3,0,1,9,脆い,scripts/postprocess_t1b.py
transfer/t1b_phasefilm/t1b_phasefilm@val,control_mean,undecidable,(記録なし),(記録なし),paired_delta,unknown,uncontrolled,(記録なし),(算出不能),0,3,2,3,0,1,9,脆い,scripts/postprocess_t1b.py
transfer/t1b_phasefilm/t1b_phasefilm@val,control_min,undecidable,(記録なし),(記録なし),paired_delta,unknown,uncontrolled,(記録なし),(算出不能),0,3,2,3,0,1,9,脆い,scripts/postprocess_t1b.py
transfer/t1b_phasefilm/t1b_phasefilm@val,control_n,undecidable,(記録なし),(記録なし),paired_delta,unknown,uncontrolled,(記録なし),(算出不能),0,3,2,3,0,1,9,脆い,scripts/postprocess_t1b.py
transfer/t1b_phasefilm/t1b_phasefilm@val,control_pstd,undecidable,(記録なし),(記録なし),paired_delta,unknown,uncontrolled,(記録なし),(算出不能),0,3,2,3,0,1,9,脆い,scripts/postprocess_t1b.py
transfer/t1b_phasefilm/t1b_phasefilm@val,control_sstd,undecidable,(記録なし),(記録なし),paired_delta,unknown,uncontrolled,(記録なし),(算出不能),0,3,2,3,0,1,9,脆い,scripts/postprocess_t1b.py
transfer/t1b_phasefilm/t1b_phasefilm@val,detection_max,undecidable,(記録なし),(記録なし),paired_delta,unknown,uncontrolled,(記録なし),(算出不能),0,3,2,3,0,1,9,脆い,scripts/postprocess_t1b.py
transfer/t1b_phasefilm/t1b_phasefilm@val,detection_mean,undecidable,(記録なし),(記録なし),paired_delta,unknown,uncontrolled,(記録なし),(算出不能),0,3,2,3,0,1,9,脆い,scripts/postprocess_t1b.py
transfer/t1b_phasefilm/t1b_phasefilm@val,detection_min,undecidable,(記録なし),(記録なし),paired_delta,unknown,uncontrolled,(記録なし),(算出不能),0,3,2,3,0,1,9,脆い,scripts/postprocess_t1b.py
transfer/t1b_phasefilm/t1b_phasefilm@val,detection_n,undecidable,(記録なし),(記録なし),paired_delta,unknown,uncontrolled,(記録なし),(算出不能),0,3,2,3,0,1,9,脆い,scripts/postprocess_t1b.py
transfer/t1b_phasefilm/t1b_phasefilm@val,detection_pstd,undecidable,(記録なし),(記録なし),paired_delta,unknown,uncontrolled,(記録なし),(算出不能),0,3,2,3,0,1,9,脆い,scripts/postprocess_t1b.py
transfer/t1b_phasefilm/t1b_phasefilm@val,detection_sstd,undecidable,(記録なし),(記録なし),paired_delta,unknown,uncontrolled,(記録なし),(算出不能),0,3,2,3,0,1,9,脆い,scripts/postprocess_t1b.py
transfer/taux_mingru_nonek3/taux_mingru_nonek3@val~relation_detr_seed42,accuracy,significant,15.913058626522265,3,paired_delta,mixed_with_nondeterminism,uncontrolled,0.0033215218087186975,0.9192,0,1,2,0,0,1,4,要注意,scripts/train_taux.py
transfer/taux_mingru_nonek3/taux_mingru_nonek3@val~relation_detr_seed42,edit_score,significant,5.290811205050615,3,paired_delta,mixed_with_nondeterminism,uncontrolled,5.834369807025212,2.2124,0,1,2,0,0,1,4,要注意,scripts/train_taux.py
transfer/taux_mingru_nonek3/taux_mingru_nonek3@val~relation_detr_seed42,jaccard,significant,10.099909220110435,3,paired_delta,mixed_with_nondeterminism,uncontrolled,0.012606355486331388,1.3661,0,1,2,0,0,1,4,要注意,scripts/train_taux.py
transfer/taux_mingru_nonek3/taux_mingru_nonek3@val~relation_detr_seed42,macro_f1,significant,9.015552877724575,3,paired_delta,mixed_with_nondeterminism,uncontrolled,0.011905145014639289,1.3664,0,1,2,0,0,1,4,要注意,scripts/train_taux.py
transfer/taux_mingru_nonek3/taux_mingru_nonek3@val~relation_detr_seed42,seg_f1_10,significant,6.520224934920803,3,paired_delta,mixed_with_nondeterminism,uncontrolled,0.045779169346782944,1.5908,0,1,2,0,0,1,4,要注意,scripts/train_taux.py
transfer/taux_mingru_nonek3/taux_mingru_nonek3@val~relation_detr_seed42,seg_f1_25,significant,6.84745723466335,3,paired_delta,mixed_with_nondeterminism,uncontrolled,0.04640209662542055,1.7081,0,1,2,0,0,1,4,要注意,scripts/train_taux.py
transfer/taux_mingru_nonek3/taux_mingru_nonek3@val~relation_detr_seed42,seg_f1_50,significant,7.068938583537933,3,paired_delta,mixed_with_nondeterminism,uncontrolled,0.05233292152309079,1.5152,0,1,2,0,0,1,4,要注意,scripts/train_taux.py
transfer/taux_tecno_deltak3/taux_tecno_deltak3@val~relation_detr_seed42,accuracy,significant,5.744762680224784,3,paired_delta,mixed_with_nondeterminism,uncontrolled,0.005791990884171984,1.6029,0,1,2,0,0,1,4,要注意,scripts/train_taux.py
transfer/taux_tecno_deltak3/taux_tecno_deltak3@val~relation_detr_seed42,edit_score,significant,1.6905377199461242,3,paired_delta,mixed_with_nondeterminism,uncontrolled,4.954776583255877,1.8788,0,1,2,2,0,1,6,脆い,scripts/train_taux.py
transfer/taux_tecno_deltak3/taux_tecno_deltak3@val~relation_detr_seed42,jaccard,significant,6.03833752701912,3,paired_delta,mixed_with_nondeterminism,uncontrolled,0.016206761564805387,1.7562,0,1,2,0,0,1,4,要注意,scripts/train_taux.py
transfer/taux_tecno_deltak3/taux_tecno_deltak3@val~relation_detr_seed42,macro_f1,significant,7.1227553916472175,3,paired_delta,mixed_with_nondeterminism,uncontrolled,0.012480513652586409,1.4324,0,1,2,0,0,1,4,要注意,scripts/train_taux.py
transfer/taux_tecno_deltak3/taux_tecno_deltak3@val~relation_detr_seed42,seg_f1_10,significant,2.458126236460383,3,paired_delta,mixed_with_nondeterminism,uncontrolled,0.028766453944880338,0.9996,0,1,2,1,0,1,5,要注意,scripts/train_taux.py
transfer/taux_tecno_deltak3/taux_tecno_deltak3@val~relation_detr_seed42,seg_f1_25,significant,2.83579914355221,3,paired_delta,mixed_with_nondeterminism,uncontrolled,0.025711616767047675,0.9464,0,1,2,1,0,1,5,要注意,scripts/train_taux.py
transfer/taux_tecno_deltak3/taux_tecno_deltak3@val~relation_detr_seed42,seg_f1_50,significant,1.4383403344362753,3,paired_delta,mixed_with_nondeterminism,uncontrolled,0.028477725003036317,0.8245,0,1,2,3,0,1,7,脆い,scripts/train_taux.py
transfer/taux_tecno_movavgk3/taux_tecno_movavgk3@val~relation_detr_seed42,accuracy,significant,20.254837205016873,3,paired_delta,mixed_with_nondeterminism,uncontrolled,0.0022836476411644286,0.6320,0,1,2,0,1,1,5,要注意,scripts/train_taux.py
transfer/taux_tecno_movavgk3/taux_tecno_movavgk3@val~relation_detr_seed42,edit_score,not_significant,0.7126943120681676,3,paired_delta,mixed_with_nondeterminism,uncontrolled,6.905582265917259,2.6186,0,1,2,3,0,1,7,脆い,scripts/train_taux.py
transfer/taux_tecno_movavgk3/taux_tecno_movavgk3@val~relation_detr_seed42,jaccard,significant,19.44569210792709,3,paired_delta,mixed_with_nondeterminism,uncontrolled,0.00594341939407824,0.6441,0,1,2,0,1,1,5,要注意,scripts/train_taux.py
transfer/taux_tecno_movavgk3/taux_tecno_movavgk3@val~relation_detr_seed42,macro_f1,significant,10.902760470419883,3,paired_delta,mixed_with_nondeterminism,uncontrolled,0.009083025579188058,1.0425,0,1,2,0,0,1,4,要注意,scripts/train_taux.py
transfer/taux_tecno_movavgk3/taux_tecno_movavgk3@val~relation_detr_seed42,seg_f1_10,significant,1.6937095701348077,3,paired_delta,mixed_with_nondeterminism,uncontrolled,0.05811656387837312,2.0196,0,1,2,2,0,1,6,脆い,scripts/train_taux.py
transfer/taux_tecno_movavgk3/taux_tecno_movavgk3@val~relation_detr_seed42,seg_f1_25,significant,1.9936262763801902,3,paired_delta,mixed_with_nondeterminism,uncontrolled,0.05902734759508025,2.1728,0,1,2,2,0,1,6,脆い,scripts/train_taux.py
transfer/taux_tecno_movavgk3/taux_tecno_movavgk3@val~relation_detr_seed42,seg_f1_50,significant,1.9557954158028115,3,paired_delta,mixed_with_nondeterminism,uncontrolled,0.07077469542640628,2.0491,0,1,2,2,0,1,6,脆い,scripts/train_taux.py
transfer/taux_tecno_nonek3/taux_tecno_nonek3@val~relation_detr_seed42,accuracy,significant,12.573867642052418,3,paired_delta,mixed_with_nondeterminism,uncontrolled,0.004151109805725013,1.1488,0,1,2,0,0,1,4,要注意,scripts/train_taux.py
transfer/taux_tecno_nonek3/taux_tecno_nonek3@val~relation_detr_seed42,edit_score,significant,1.4697846119990567,3,paired_delta,mixed_with_nondeterminism,uncontrolled,3.963746517429944,1.5031,0,1,2,3,0,1,7,脆い,scripts/train_taux.py
transfer/taux_tecno_nonek3/taux_tecno_nonek3@val~relation_detr_seed42,jaccard,significant,11.339314507070428,3,paired_delta,mixed_with_nondeterminism,uncontrolled,0.012179372517309509,1.3198,0,1,2,0,0,1,4,要注意,scripts/train_taux.py
transfer/taux_tecno_nonek3/taux_tecno_nonek3@val~relation_detr_seed42,macro_f1,significant,14.152982784463868,3,paired_delta,mixed_with_nondeterminism,uncontrolled,0.008086301289316568,0.9281,0,1,2,0,0,1,4,要注意,scripts/train_taux.py
transfer/taux_tecno_nonek3/taux_tecno_nonek3@val~relation_detr_seed42,seg_f1_10,not_significant,0.07620899555673295,3,paired_delta,mixed_with_nondeterminism,uncontrolled,0.04304132241324899,1.4957,0,1,2,3,0,1,7,脆い,scripts/train_taux.py
transfer/taux_tecno_nonek3/taux_tecno_nonek3@val~relation_detr_seed42,seg_f1_25,not_significant,0.3197399145532705,3,paired_delta,mixed_with_nondeterminism,uncontrolled,0.04035231409329854,1.4854,0,1,2,3,0,1,7,脆い,scripts/train_taux.py
transfer/taux_tecno_nonek3/taux_tecno_nonek3@val~relation_detr_seed42,seg_f1_50,not_significant,1.3538935206511313,3,paired_delta,mixed_with_nondeterminism,uncontrolled,0.04334661968415413,1.2550,0,1,2,3,0,1,7,脆い,scripts/train_taux.py
transfer/taux_tecno_windowk3/taux_tecno_windowk3@val~relation_detr_seed42,accuracy,significant,23.058447350957945,3,paired_delta,mixed_with_nondeterminism,uncontrolled,0.0023304109969911465,0.6449,0,1,2,0,1,1,5,要注意,scripts/train_taux.py
transfer/taux_tecno_windowk3/taux_tecno_windowk3@val~relation_detr_seed42,edit_score,not_significant,0.5627513332398121,3,paired_delta,mixed_with_nondeterminism,uncontrolled,3.5012125381653822,1.3277,0,1,2,3,0,1,7,脆い,scripts/train_taux.py
transfer/taux_tecno_windowk3/taux_tecno_windowk3@val~relation_detr_seed42,jaccard,significant,19.23121936325395,3,paired_delta,mixed_with_nondeterminism,uncontrolled,0.00752748800884014,0.8157,0,1,2,0,0,1,4,要注意,scripts/train_taux.py
transfer/taux_tecno_windowk3/taux_tecno_windowk3@val~relation_detr_seed42,macro_f1,significant,14.538325398086117,3,paired_delta,mixed_with_nondeterminism,uncontrolled,0.008224571712456096,0.9439,0,1,2,0,0,1,4,要注意,scripts/train_taux.py
transfer/taux_tecno_windowk3/taux_tecno_windowk3@val~relation_detr_seed42,seg_f1_10,not_significant,0.7918856664275368,3,paired_delta,mixed_with_nondeterminism,uncontrolled,0.030163133186146183,1.0482,0,1,2,3,0,1,7,脆い,scripts/train_taux.py
transfer/taux_tecno_windowk3/taux_tecno_windowk3@val~relation_detr_seed42,seg_f1_25,significant,1.4500579554013027,3,paired_delta,mixed_with_nondeterminism,uncontrolled,0.02714730476923434,0.9993,0,1,2,3,0,1,7,脆い,scripts/train_taux.py
transfer/taux_tecno_windowk3/taux_tecno_windowk3@val~relation_detr_seed42,seg_f1_50,significant,4.932648298192159,3,paired_delta,mixed_with_nondeterminism,uncontrolled,0.018158687286511377,0.5257,0,1,2,0,1,1,5,要注意,scripts/train_taux.py
transfer_legacy/hc/hc@None,injection_effect,not_significant,1.1183207894710414,3,within_run_seed_spread,unknown,uncontrolled,0.0003597301998613572,0.6648,0,1,2,3,1,1,8,脆い,NO_COMMAND_RECORD
transfer_legacy/oracle_phase/oracle_phase@None,injection_effect,significant,5.181822071727753,3,within_run_seed_spread,unknown,uncontrolled,0.0007781623197962281,1.4381,0,1,2,0,0,1,4,要注意,NO_COMMAND_RECORD
transfer_legacy/t1b/t1b@None,injection_effect,undecidable,(記録なし),1,within_run_seed_spread,unknown,uncontrolled,0.0,(算出不能),0,3,2,3,0,1,9,脆い,NO_COMMAND_RECORD
transfer_legacy/t1b_ca/t1b_ca@None,injection_effect,significant,3.580539737019519,3,within_run_seed_spread,unknown,uncontrolled,0.0004964945668829099,0.9176,0,1,2,0,0,1,4,要注意,NO_COMMAND_RECORD
transfer_legacy/t1b_camt/t1b_camt@None,injection_effect,not_significant,1.3397958970745174,3,within_run_seed_spread,unknown,uncontrolled,0.0004164239465700181,0.7696,0,1,2,3,0,1,7,脆い,NO_COMMAND_RECORD
transfer_legacy/t1b_camt_all/t1b_camt_all@None,injection_effect,undecidable,(記録なし),3,within_run_seed_spread,unknown,uncontrolled,0.0,(算出不能),0,1,2,3,0,1,7,脆い,NO_COMMAND_RECORD
transfer_legacy/t1b_clsbias/t1b_clsbias@None,injection_effect,not_significant,0.9995303436128822,3,within_run_seed_spread,unknown,uncontrolled,0.0010306938673534415,1.9048,0,1,2,3,0,1,7,脆い,NO_COMMAND_RECORD
transfer_legacy/t1b_clsbias_pe/t1b_clsbias_pe@None,injection_effect,significant,4.360988022771418,3,within_run_seed_spread,unknown,uncontrolled,0.0005411052841992638,1.0000,0,1,2,0,0,1,4,要注意,NO_COMMAND_RECORD
transfer_legacy/t1b_filmonly/t1b_filmonly@None,injection_effect,significant,1.5397312497304174,3,within_run_seed_spread,unknown,uncontrolled,0.001202662658733622,2.2226,0,1,2,2,0,1,6,脆い,NO_COMMAND_RECORD
transfer_legacy/t1c_bidir_pilot/t1c_bidir_pilot@None,injection_effect,undecidable,(記録なし),1,within_run_seed_spread,unknown,uncontrolled,0.0,(算出不能),0,3,2,3,0,1,9,脆い,NO_COMMAND_RECORD
transfer_legacy/t1c_bidir_v2_pilot/t1c_bidir_v2_pilot@None,injection_effect,undecidable,(記録なし),1,within_run_seed_spread,unknown,uncontrolled,0.0,(算出不能),0,3,2,3,0,1,9,脆い,NO_COMMAND_RECORD
