__id,__created_time,__last_edited_time,Commit,Finished,Eval Recipe,Seed,Primary Metric,Result,Status,Server,Decision Needed,GPU Config,Artifacts,Started,Step,Tier,Name
3ccee4d4-7777-81e8-bc21-fbb97034387e,2026-08-30T10:27:00.000Z,2026-08-30T10:27:00.000Z,762ee4f57069990120cbc668730c17f376f3dfa7,"{""start"": ""2026-08-30T10:27:00.000+00:00"", ""end"": null, ""time_zone"": null}","effective_bs=1 (gpu_count=1 x per-gpu bs), lr_scaling=none; test_cfg(score_thr=None, max_per_img=None, nms_pre=None, nms_iou=None); split(train 9657 / val 1515 / test 4265)",456,(STEP B),"phase acc=0.7479, macro_f1=0.4669, jaccard=0.3605, edit=14.4005, segF1@50=0.1090
Artifacts @ lecun
  run_dir: /home/ubuntu/slocal/m2/experiments/transfer/b4_refin_pred_003_b4_refin_pred_seed456
  checkpoints: /home/ubuntu/slocal/m2/experiments/transfer/b4_refin_pred_003_b4_refin_pred_seed456/checkpoints (1 files)
  predictions: /home/ubuntu/slocal/m2/experiments/transfer/b4_refin_pred_003_b4_refin_pred_seed456/predictions (0 files)",completed,lecun,False,"DDP 2GPU (RTX A6000 x2) on lecun, manual launcher (E plan, CUDA_VISIBLE_DEVICES per rank)",file://lecun/home/ubuntu/slocal/m2/experiments/transfer/b4_refin_pred_003_b4_refin_pred_seed456,"{""start"": ""2026-08-30T02:30:00.000+00:00"", ""end"": null, ""time_zone"": null}",B,must,b4_refin_pred_003_b4_refin_pred_seed456
3ccee4d4-7777-81bf-824a-d2e0c00c1f8a,2026-08-30T10:27:00.000Z,2026-08-30T10:27:00.000Z,762ee4f57069990120cbc668730c17f376f3dfa7,"{""start"": ""2026-08-30T10:27:00.000+00:00"", ""end"": null, ""time_zone"": null}","effective_bs=1 (gpu_count=1 x per-gpu bs), lr_scaling=none; test_cfg(score_thr=None, max_per_img=None, nms_pre=None, nms_iou=None); split(train 9657 / val 1515 / test 4265)",123,(STEP B),"phase acc=0.7386, macro_f1=0.4619, jaccard=0.3542, edit=13.7139, segF1@50=0.1106
Artifacts @ lecun
  run_dir: /home/ubuntu/slocal/m2/experiments/transfer/b4_refin_pred_002_b4_refin_pred_seed123
  checkpoints: /home/ubuntu/slocal/m2/experiments/transfer/b4_refin_pred_002_b4_refin_pred_seed123/checkpoints (1 files)
  predictions: /home/ubuntu/slocal/m2/experiments/transfer/b4_refin_pred_002_b4_refin_pred_seed123/predictions (0 files)",completed,lecun,False,"DDP 2GPU (RTX A6000 x2) on lecun, manual launcher (E plan, CUDA_VISIBLE_DEVICES per rank)",file://lecun/home/ubuntu/slocal/m2/experiments/transfer/b4_refin_pred_002_b4_refin_pred_seed123,"{""start"": ""2026-08-30T02:30:00.000+00:00"", ""end"": null, ""time_zone"": null}",B,must,b4_refin_pred_002_b4_refin_pred_seed123
3ccee4d4-7777-81d6-80f6-db925a3716b5,2026-08-30T10:27:00.000Z,2026-08-30T10:27:00.000Z,762ee4f57069990120cbc668730c17f376f3dfa7,"{""start"": ""2026-08-30T10:27:00.000+00:00"", ""end"": null, ""time_zone"": null}","effective_bs=1 (gpu_count=1 x per-gpu bs), lr_scaling=none; test_cfg(score_thr=None, max_per_img=None, nms_pre=None, nms_iou=None); split(train 9657 / val 1515 / test 4265)",42,(STEP B),"phase acc=0.7479, macro_f1=0.4763, jaccard=0.3634, edit=16.5075, segF1@50=0.1228
Artifacts @ lecun
  run_dir: /home/ubuntu/slocal/m2/experiments/transfer/b4_refin_pred_001_b4_refin_pred_seed42
  checkpoints: /home/ubuntu/slocal/m2/experiments/transfer/b4_refin_pred_001_b4_refin_pred_seed42/checkpoints (1 files)
  predictions: /home/ubuntu/slocal/m2/experiments/transfer/b4_refin_pred_001_b4_refin_pred_seed42/predictions (0 files)",completed,lecun,False,"DDP 2GPU (RTX A6000 x2) on lecun, manual launcher (E plan, CUDA_VISIBLE_DEVICES per rank)",file://lecun/home/ubuntu/slocal/m2/experiments/transfer/b4_refin_pred_001_b4_refin_pred_seed42,"{""start"": ""2026-08-30T02:30:00.000+00:00"", ""end"": null, ""time_zone"": null}",B,must,b4_refin_pred_001_b4_refin_pred_seed42
3ccee4d4-7777-819f-a615-fae0e0b7ee8e,2026-08-30T10:27:00.000Z,2026-08-30T10:27:00.000Z,762ee4f57069990120cbc668730c17f376f3dfa7,"{""start"": ""2026-08-30T10:27:00.000+00:00"", ""end"": null, ""time_zone"": null}","effective_bs=1 (gpu_count=1 x per-gpu bs), lr_scaling=none; test_cfg(score_thr=None, max_per_img=None, nms_pre=None, nms_iou=None); split(train 9657 / val 1515 / test 4265)",456,(STEP B),"phase acc=0.7505, macro_f1=0.4678, jaccard=0.3622, edit=14.8535, segF1@50=0.1034
Artifacts @ lecun
  run_dir: /home/ubuntu/slocal/m2/experiments/transfer/b4_refin_oracle_003_b4_refin_oracle_seed456
  checkpoints: /home/ubuntu/slocal/m2/experiments/transfer/b4_refin_oracle_003_b4_refin_oracle_seed456/checkpoints (1 files)
  predictions: /home/ubuntu/slocal/m2/experiments/transfer/b4_refin_oracle_003_b4_refin_oracle_seed456/predictions (0 files)",completed,lecun,False,"DDP 2GPU (RTX A6000 x2) on lecun, manual launcher (E plan, CUDA_VISIBLE_DEVICES per rank)",file://lecun/home/ubuntu/slocal/m2/experiments/transfer/b4_refin_oracle_003_b4_refin_oracle_seed456,"{""start"": ""2026-08-30T02:30:00.000+00:00"", ""end"": null, ""time_zone"": null}",B,must,b4_refin_oracle_003_b4_refin_oracle_seed456
3ccee4d4-7777-81ba-a090-c7cdb5e13885,2026-08-30T10:27:00.000Z,2026-08-30T10:27:00.000Z,762ee4f57069990120cbc668730c17f376f3dfa7,"{""start"": ""2026-08-30T10:27:00.000+00:00"", ""end"": null, ""time_zone"": null}","effective_bs=1 (gpu_count=1 x per-gpu bs), lr_scaling=none; test_cfg(score_thr=None, max_per_img=None, nms_pre=None, nms_iou=None); split(train 9657 / val 1515 / test 4265)",123,(STEP B),"phase acc=0.7452, macro_f1=0.4504, jaccard=0.3435, edit=14.0123, segF1@50=0.1213
Artifacts @ lecun
  run_dir: /home/ubuntu/slocal/m2/experiments/transfer/b4_refin_oracle_002_b4_refin_oracle_seed123
  checkpoints: /home/ubuntu/slocal/m2/experiments/transfer/b4_refin_oracle_002_b4_refin_oracle_seed123/checkpoints (1 files)
  predictions: /home/ubuntu/slocal/m2/experiments/transfer/b4_refin_oracle_002_b4_refin_oracle_seed123/predictions (0 files)",completed,lecun,False,"DDP 2GPU (RTX A6000 x2) on lecun, manual launcher (E plan, CUDA_VISIBLE_DEVICES per rank)",file://lecun/home/ubuntu/slocal/m2/experiments/transfer/b4_refin_oracle_002_b4_refin_oracle_seed123,"{""start"": ""2026-08-30T02:30:00.000+00:00"", ""end"": null, ""time_zone"": null}",B,must,b4_refin_oracle_002_b4_refin_oracle_seed123
3ccee4d4-7777-81ea-aa09-c774b6b5eb5b,2026-08-30T10:27:00.000Z,2026-08-30T10:27:00.000Z,762ee4f57069990120cbc668730c17f376f3dfa7,"{""start"": ""2026-08-30T10:27:00.000+00:00"", ""end"": null, ""time_zone"": null}","effective_bs=1 (gpu_count=1 x per-gpu bs), lr_scaling=none; test_cfg(score_thr=None, max_per_img=None, nms_pre=None, nms_iou=None); split(train 9657 / val 1515 / test 4265)",42,(STEP B),"phase acc=0.7558, macro_f1=0.4903, jaccard=0.3759, edit=16.6190, segF1@50=0.1229
Artifacts @ lecun
  run_dir: /home/ubuntu/slocal/m2/experiments/transfer/b4_refin_oracle_001_b4_refin_oracle_seed42
  checkpoints: /home/ubuntu/slocal/m2/experiments/transfer/b4_refin_oracle_001_b4_refin_oracle_seed42/checkpoints (1 files)
  predictions: /home/ubuntu/slocal/m2/experiments/transfer/b4_refin_oracle_001_b4_refin_oracle_seed42/predictions (0 files)",completed,lecun,False,"DDP 2GPU (RTX A6000 x2) on lecun, manual launcher (E plan, CUDA_VISIBLE_DEVICES per rank)",file://lecun/home/ubuntu/slocal/m2/experiments/transfer/b4_refin_oracle_001_b4_refin_oracle_seed42,"{""start"": ""2026-08-30T02:30:00.000+00:00"", ""end"": null, ""time_zone"": null}",B,must,b4_refin_oracle_001_b4_refin_oracle_seed42
3ccee4d4-7777-81fc-9edc-d21a2969564f,2026-08-30T10:27:00.000Z,2026-08-30T10:27:00.000Z,762ee4f57069990120cbc668730c17f376f3dfa7,"{""start"": ""2026-08-30T10:27:00.000+00:00"", ""end"": null, ""time_zone"": null}","effective_bs=1 (gpu_count=1 x per-gpu bs), lr_scaling=none; test_cfg(score_thr=None, max_per_img=None, nms_pre=None, nms_iou=None); split(train 9657 / val 1515 / test 4265)",456,(STEP B),"phase acc=0.7406, macro_f1=0.4547, jaccard=0.3494, edit=14.5392, segF1@50=0.0962
Artifacts @ lecun
  run_dir: /home/ubuntu/slocal/m2/experiments/transfer/b4_refin_empty_003_b4_refin_empty_seed456
  checkpoints: /home/ubuntu/slocal/m2/experiments/transfer/b4_refin_empty_003_b4_refin_empty_seed456/checkpoints (1 files)
  predictions: /home/ubuntu/slocal/m2/experiments/transfer/b4_refin_empty_003_b4_refin_empty_seed456/predictions (0 files)",completed,lecun,False,"DDP 2GPU (RTX A6000 x2) on lecun, manual launcher (E plan, CUDA_VISIBLE_DEVICES per rank)",file://lecun/home/ubuntu/slocal/m2/experiments/transfer/b4_refin_empty_003_b4_refin_empty_seed456,"{""start"": ""2026-08-30T02:30:00.000+00:00"", ""end"": null, ""time_zone"": null}",B,must,b4_refin_empty_003_b4_refin_empty_seed456
3ccee4d4-7777-8150-aa34-ff9caa98250c,2026-08-30T10:27:00.000Z,2026-08-30T10:27:00.000Z,762ee4f57069990120cbc668730c17f376f3dfa7,"{""start"": ""2026-08-30T10:27:00.000+00:00"", ""end"": null, ""time_zone"": null}","effective_bs=1 (gpu_count=1 x per-gpu bs), lr_scaling=none; test_cfg(score_thr=None, max_per_img=None, nms_pre=None, nms_iou=None); split(train 9657 / val 1515 / test 4265)",123,(STEP B),"phase acc=0.7294, macro_f1=0.4406, jaccard=0.3330, edit=14.4339, segF1@50=0.1116
Artifacts @ lecun
  run_dir: /home/ubuntu/slocal/m2/experiments/transfer/b4_refin_empty_002_b4_refin_empty_seed123
  checkpoints: /home/ubuntu/slocal/m2/experiments/transfer/b4_refin_empty_002_b4_refin_empty_seed123/checkpoints (1 files)
  predictions: /home/ubuntu/slocal/m2/experiments/transfer/b4_refin_empty_002_b4_refin_empty_seed123/predictions (0 files)",completed,lecun,False,"DDP 2GPU (RTX A6000 x2) on lecun, manual launcher (E plan, CUDA_VISIBLE_DEVICES per rank)",file://lecun/home/ubuntu/slocal/m2/experiments/transfer/b4_refin_empty_002_b4_refin_empty_seed123,"{""start"": ""2026-08-30T02:30:00.000+00:00"", ""end"": null, ""time_zone"": null}",B,must,b4_refin_empty_002_b4_refin_empty_seed123
3ccee4d4-7777-81a1-9273-d888c55503f0,2026-08-30T10:27:00.000Z,2026-08-30T10:27:00.000Z,762ee4f57069990120cbc668730c17f376f3dfa7,"{""start"": ""2026-08-30T10:27:00.000+00:00"", ""end"": null, ""time_zone"": null}","effective_bs=1 (gpu_count=1 x per-gpu bs), lr_scaling=none; test_cfg(score_thr=None, max_per_img=None, nms_pre=None, nms_iou=None); split(train 9657 / val 1515 / test 4265)",42,(STEP B),"phase acc=0.7406, macro_f1=0.4648, jaccard=0.3531, edit=14.9603, segF1@50=0.1047
Artifacts @ lecun
  run_dir: /home/ubuntu/slocal/m2/experiments/transfer/b4_refin_empty_001_b4_refin_empty_seed42
  checkpoints: /home/ubuntu/slocal/m2/experiments/transfer/b4_refin_empty_001_b4_refin_empty_seed42/checkpoints (1 files)
  predictions: /home/ubuntu/slocal/m2/experiments/transfer/b4_refin_empty_001_b4_refin_empty_seed42/predictions (0 files)",completed,lecun,False,"DDP 2GPU (RTX A6000 x2) on lecun, manual launcher (E plan, CUDA_VISIBLE_DEVICES per rank)",file://lecun/home/ubuntu/slocal/m2/experiments/transfer/b4_refin_empty_001_b4_refin_empty_seed42,"{""start"": ""2026-08-30T02:30:00.000+00:00"", ""end"": null, ""time_zone"": null}",B,must,b4_refin_empty_001_b4_refin_empty_seed42
3ccee4d4-7777-8135-9d95-fd86100cfe35,2026-08-30T10:27:00.000Z,2026-08-30T10:27:00.000Z,762ee4f57069990120cbc668730c17f376f3dfa7,"{""start"": ""2026-08-30T10:27:00.000+00:00"", ""end"": null, ""time_zone"": null}","effective_bs=1 (gpu_count=1 x per-gpu bs), lr_scaling=none; test_cfg(score_thr=None, max_per_img=None, nms_pre=None, nms_iou=None); split(train 9657 / val 1515 / test 4265)",456,(STEP B),"phase acc=0.7624, macro_f1=0.5046, jaccard=0.3895, edit=15.9647, segF1@50=0.1197
Artifacts @ lecun
  run_dir: /home/ubuntu/slocal/m2/experiments/transfer/b4_refin_both_003_b4_refin_both_seed456
  checkpoints: /home/ubuntu/slocal/m2/experiments/transfer/b4_refin_both_003_b4_refin_both_seed456/checkpoints (1 files)
  predictions: /home/ubuntu/slocal/m2/experiments/transfer/b4_refin_both_003_b4_refin_both_seed456/predictions (0 files)",completed,lecun,False,"DDP 2GPU (RTX A6000 x2) on lecun, manual launcher (E plan, CUDA_VISIBLE_DEVICES per rank)",file://lecun/home/ubuntu/slocal/m2/experiments/transfer/b4_refin_both_003_b4_refin_both_seed456,"{""start"": ""2026-08-30T02:30:00.000+00:00"", ""end"": null, ""time_zone"": null}",B,must,b4_refin_both_003_b4_refin_both_seed456
3ccee4d4-7777-8185-901a-df5340f9ee45,2026-08-30T10:27:00.000Z,2026-08-30T10:27:00.000Z,762ee4f57069990120cbc668730c17f376f3dfa7,"{""start"": ""2026-08-30T10:27:00.000+00:00"", ""end"": null, ""time_zone"": null}","effective_bs=1 (gpu_count=1 x per-gpu bs), lr_scaling=none; test_cfg(score_thr=None, max_per_img=None, nms_pre=None, nms_iou=None); split(train 9657 / val 1515 / test 4265)",123,(STEP B),"phase acc=0.7571, macro_f1=0.4846, jaccard=0.3717, edit=14.7798, segF1@50=0.1121
Artifacts @ lecun
  run_dir: /home/ubuntu/slocal/m2/experiments/transfer/b4_refin_both_002_b4_refin_both_seed123
  checkpoints: /home/ubuntu/slocal/m2/experiments/transfer/b4_refin_both_002_b4_refin_both_seed123/checkpoints (1 files)
  predictions: /home/ubuntu/slocal/m2/experiments/transfer/b4_refin_both_002_b4_refin_both_seed123/predictions (0 files)",completed,lecun,False,"DDP 2GPU (RTX A6000 x2) on lecun, manual launcher (E plan, CUDA_VISIBLE_DEVICES per rank)",file://lecun/home/ubuntu/slocal/m2/experiments/transfer/b4_refin_both_002_b4_refin_both_seed123,"{""start"": ""2026-08-30T02:30:00.000+00:00"", ""end"": null, ""time_zone"": null}",B,must,b4_refin_both_002_b4_refin_both_seed123
3ccee4d4-7777-8145-87ab-dae938c90b0b,2026-08-30T10:27:00.000Z,2026-08-30T10:27:00.000Z,762ee4f57069990120cbc668730c17f376f3dfa7,"{""start"": ""2026-08-30T10:27:00.000+00:00"", ""end"": null, ""time_zone"": null}","effective_bs=1 (gpu_count=1 x per-gpu bs), lr_scaling=none; test_cfg(score_thr=None, max_per_img=None, nms_pre=None, nms_iou=None); split(train 9657 / val 1515 / test 4265)",42,(STEP B),"phase acc=0.7545, macro_f1=0.4768, jaccard=0.3642, edit=13.8644, segF1@50=0.1105
Artifacts @ lecun
  run_dir: /home/ubuntu/slocal/m2/experiments/transfer/b4_refin_both_001_b4_refin_both_seed42
  checkpoints: /home/ubuntu/slocal/m2/experiments/transfer/b4_refin_both_001_b4_refin_both_seed42/checkpoints (1 files)
  predictions: /home/ubuntu/slocal/m2/experiments/transfer/b4_refin_both_001_b4_refin_both_seed42/predictions (0 files)",completed,lecun,False,"DDP 2GPU (RTX A6000 x2) on lecun, manual launcher (E plan, CUDA_VISIBLE_DEVICES per rank)",file://lecun/home/ubuntu/slocal/m2/experiments/transfer/b4_refin_both_001_b4_refin_both_seed42,"{""start"": ""2026-08-30T02:30:00.000+00:00"", ""end"": null, ""time_zone"": null}",B,must,b4_refin_both_001_b4_refin_both_seed42
3ccee4d4-7777-8197-b802-e3a436d659ce,2026-08-30T10:27:00.000Z,2026-08-30T10:27:00.000Z,762ee4f57069990120cbc668730c17f376f3dfa7,"{""start"": ""2026-08-30T10:27:00.000+00:00"", ""end"": null, ""time_zone"": null}",(eval_recipe が metrics.json に未記載),42,(STEP B),"det mAP=0.7375 (init/warm-start=0.7303, Δ_det=+0.0072)
Artifacts @ lecun
  run_dir: /home/ubuntu/slocal/m2/experiments/transfer/pd_refin_pred_seed42
  checkpoints: /home/ubuntu/slocal/m2/experiments/transfer/pd_refin_pred_seed42/checkpoints (1 files)
  predictions: /home/ubuntu/slocal/m2/experiments/transfer/pd_refin_pred_seed42/predictions (2 files)
  logs: /home/ubuntu/slocal/m2/experiments/transfer/pd_refin_pred_seed42/logs (2 files)",completed,lecun,False,"DDP 2GPU (RTX A6000 x2) on lecun, manual launcher (E plan, CUDA_VISIBLE_DEVICES per rank)",file://lecun/home/ubuntu/slocal/m2/experiments/transfer/pd_refin_pred_seed42,"{""start"": ""2026-08-30T06:58:00.000+00:00"", ""end"": null, ""time_zone"": null}",B,must,pd_refin_pred_seed42
3ccee4d4-7777-81f0-9ff6-e10c6c5d74ef,2026-08-30T10:27:00.000Z,2026-08-30T10:27:00.000Z,762ee4f57069990120cbc668730c17f376f3dfa7,"{""start"": ""2026-08-30T10:27:00.000+00:00"", ""end"": null, ""time_zone"": null}",(eval_recipe が metrics.json に未記載),42,(STEP B),"det mAP=0.7411 (init/warm-start=0.7303, Δ_det=+0.0108)
Artifacts @ lecun
  run_dir: /home/ubuntu/slocal/m2/experiments/transfer/pd_refin_oracle_seed42
  checkpoints: /home/ubuntu/slocal/m2/experiments/transfer/pd_refin_oracle_seed42/checkpoints (1 files)
  predictions: /home/ubuntu/slocal/m2/experiments/transfer/pd_refin_oracle_seed42/predictions (2 files)
  logs: /home/ubuntu/slocal/m2/experiments/transfer/pd_refin_oracle_seed42/logs (2 files)",completed,lecun,False,"DDP 2GPU (RTX A6000 x2) on lecun, manual launcher (E plan, CUDA_VISIBLE_DEVICES per rank)",file://lecun/home/ubuntu/slocal/m2/experiments/transfer/pd_refin_oracle_seed42,"{""start"": ""2026-08-30T06:58:00.000+00:00"", ""end"": null, ""time_zone"": null}",B,must,pd_refin_oracle_seed42
3ccee4d4-7777-81ee-b7f9-d9cc3044073d,2026-08-30T10:27:00.000Z,2026-08-30T10:27:00.000Z,762ee4f57069990120cbc668730c17f376f3dfa7,"{""start"": ""2026-08-30T10:27:00.000+00:00"", ""end"": null, ""time_zone"": null}",(eval_recipe が metrics.json に未記載),42,(STEP B),"det mAP=0.7336 (init/warm-start=0.7303, Δ_det=+0.0033)
Artifacts @ lecun
  run_dir: /home/ubuntu/slocal/m2/experiments/transfer/pd_refin_empty_seed42
  checkpoints: /home/ubuntu/slocal/m2/experiments/transfer/pd_refin_empty_seed42/checkpoints (1 files)
  predictions: /home/ubuntu/slocal/m2/experiments/transfer/pd_refin_empty_seed42/predictions (2 files)
  logs: /home/ubuntu/slocal/m2/experiments/transfer/pd_refin_empty_seed42/logs (2 files)",completed,lecun,False,"DDP 2GPU (RTX A6000 x2) on lecun, manual launcher (E plan, CUDA_VISIBLE_DEVICES per rank)",file://lecun/home/ubuntu/slocal/m2/experiments/transfer/pd_refin_empty_seed42,"{""start"": ""2026-08-30T06:58:00.000+00:00"", ""end"": null, ""time_zone"": null}",B,must,pd_refin_empty_seed42
3ccee4d4-7777-8166-9bb4-d5f1ff9b75ef,2026-08-30T10:27:00.000Z,2026-08-30T10:27:00.000Z,762ee4f57069990120cbc668730c17f376f3dfa7,"{""start"": ""2026-08-30T10:27:00.000+00:00"", ""end"": null, ""time_zone"": null}",(eval_recipe が metrics.json に未記載),42,(STEP B),"det mAP=0.7425 (init/warm-start=0.7303, Δ_det=+0.0122)
Artifacts @ lecun
  run_dir: /home/ubuntu/slocal/m2/experiments/transfer/pd_refin_both_seed42
  checkpoints: /home/ubuntu/slocal/m2/experiments/transfer/pd_refin_both_seed42/checkpoints (1 files)
  predictions: /home/ubuntu/slocal/m2/experiments/transfer/pd_refin_both_seed42/predictions (2 files)
  logs: /home/ubuntu/slocal/m2/experiments/transfer/pd_refin_both_seed42/logs (2 files)",completed,lecun,False,"DDP 2GPU (RTX A6000 x2) on lecun, manual launcher (E plan, CUDA_VISIBLE_DEVICES per rank)",file://lecun/home/ubuntu/slocal/m2/experiments/transfer/pd_refin_both_seed42,"{""start"": ""2026-08-30T06:58:00.000+00:00"", ""end"": null, ""time_zone"": null}",B,must,pd_refin_both_seed42
3cbee4d4-7777-81ae-86ef-c62c862408be,2026-08-29T14:12:00.000Z,2026-08-29T14:12:00.000Z,7b1cff8b9e12478bf2638597f385565386d7aed6,"{""start"": ""2026-08-29T14:12:00.000+00:00"", ""end"": null, ""time_zone"": null}","effective_bs=1 (gpu_count=1 x per-gpu bs), lr_scaling=none; test_cfg(score_thr=None, max_per_img=None, nms_pre=None, nms_iou=None); split(train 9657 / val 1515 / test 4265)",456,"phase acc/macro-F1/jaccard/edit/seg-F1 (online_causal, jaccard strict)","phase acc=0.9353, macro_f1=0.7813, jaccard=0.7341, edit=52.0741, segF1@50=0.5701
①信号 det→phase。Δ_phase vs S4 base 0.8986±0.0034
Artifacts @ lecun
  run_dir: /home/ubuntu/slocal/m2/experiments/transfer/b2a_refin_pred_003_b2a_refin_pred_seed456
  checkpoints: /home/ubuntu/slocal/m2/experiments/transfer/b2a_refin_pred_003_b2a_refin_pred_seed456/checkpoints (1 files)
  predictions: /home/ubuntu/slocal/m2/experiments/transfer/b2a_refin_pred_003_b2a_refin_pred_seed456/predictions (0 files)
  logs: /home/ubuntu/slocal/m2/experiments/transfer/b2a_refin_pred_003_b2a_refin_pred_seed456/logs (0 files)",completed,lecun,False,"DDP 2GPU (RTX A6000 x2) on lecun, manual launcher (E plan, CUDA_VISIBLE_DEVICES per rank)",file://lecun/home/ubuntu/slocal/m2/experiments/transfer/b2a_refin_pred_003_b2a_refin_pred_seed456,"{""start"": ""2026-08-29T13:54:00.000+00:00"", ""end"": null, ""time_zone"": null}",B,must,b2a_refin_pred_003_b2a_refin_pred_seed456
3cbee4d4-7777-8197-9eed-c7fa0cc98fb4,2026-08-29T14:11:00.000Z,2026-08-29T14:11:00.000Z,7b1cff8b9e12478bf2638597f385565386d7aed6,"{""start"": ""2026-08-29T14:11:00.000+00:00"", ""end"": null, ""time_zone"": null}","effective_bs=1 (gpu_count=1 x per-gpu bs), lr_scaling=none; test_cfg(score_thr=None, max_per_img=None, nms_pre=None, nms_iou=None); split(train 9657 / val 1515 / test 4265)",123,"phase acc/macro-F1/jaccard/edit/seg-F1 (online_causal, jaccard strict)","phase acc=0.9347, macro_f1=0.7845, jaccard=0.7363, edit=40.0000, segF1@50=0.4236
①信号 det→phase。Δ_phase vs S4 base 0.8986±0.0034
Artifacts @ lecun
  run_dir: /home/ubuntu/slocal/m2/experiments/transfer/b2a_refin_pred_002_b2a_refin_pred_seed123
  checkpoints: /home/ubuntu/slocal/m2/experiments/transfer/b2a_refin_pred_002_b2a_refin_pred_seed123/checkpoints (1 files)
  predictions: /home/ubuntu/slocal/m2/experiments/transfer/b2a_refin_pred_002_b2a_refin_pred_seed123/predictions (0 files)
  logs: /home/ubuntu/slocal/m2/experiments/transfer/b2a_refin_pred_002_b2a_refin_pred_seed123/logs (0 files)",completed,lecun,False,"DDP 2GPU (RTX A6000 x2) on lecun, manual launcher (E plan, CUDA_VISIBLE_DEVICES per rank)",file://lecun/home/ubuntu/slocal/m2/experiments/transfer/b2a_refin_pred_002_b2a_refin_pred_seed123,"{""start"": ""2026-08-29T13:53:00.000+00:00"", ""end"": null, ""time_zone"": null}",B,must,b2a_refin_pred_002_b2a_refin_pred_seed123
3cbee4d4-7777-813f-8ddb-c544136f93ff,2026-08-29T14:11:00.000Z,2026-08-29T14:11:00.000Z,7b1cff8b9e12478bf2638597f385565386d7aed6,"{""start"": ""2026-08-29T14:11:00.000+00:00"", ""end"": null, ""time_zone"": null}","effective_bs=1 (gpu_count=1 x per-gpu bs), lr_scaling=none; test_cfg(score_thr=None, max_per_img=None, nms_pre=None, nms_iou=None); split(train 9657 / val 1515 / test 4265)",42,"phase acc/macro-F1/jaccard/edit/seg-F1 (online_causal, jaccard strict)","phase acc=0.9380, macro_f1=0.7965, jaccard=0.7512, edit=40.3772, segF1@50=0.4469
①信号 det→phase。Δ_phase vs S4 base 0.8986±0.0034
Artifacts @ lecun
  run_dir: /home/ubuntu/slocal/m2/experiments/transfer/b2a_refin_pred_001_b2a_refin_pred_seed42
  checkpoints: /home/ubuntu/slocal/m2/experiments/transfer/b2a_refin_pred_001_b2a_refin_pred_seed42/checkpoints (1 files)
  predictions: /home/ubuntu/slocal/m2/experiments/transfer/b2a_refin_pred_001_b2a_refin_pred_seed42/predictions (0 files)
  logs: /home/ubuntu/slocal/m2/experiments/transfer/b2a_refin_pred_001_b2a_refin_pred_seed42/logs (0 files)",completed,lecun,False,"DDP 2GPU (RTX A6000 x2) on lecun, manual launcher (E plan, CUDA_VISIBLE_DEVICES per rank)",file://lecun/home/ubuntu/slocal/m2/experiments/transfer/b2a_refin_pred_001_b2a_refin_pred_seed42,"{""start"": ""2026-08-29T13:53:00.000+00:00"", ""end"": null, ""time_zone"": null}",B,must,b2a_refin_pred_001_b2a_refin_pred_seed42
3cbee4d4-7777-81c0-b3d8-c9e2210469d9,2026-08-29T14:11:00.000Z,2026-08-29T14:11:00.000Z,7b1cff8b9e12478bf2638597f385565386d7aed6,"{""start"": ""2026-08-29T14:11:00.000+00:00"", ""end"": null, ""time_zone"": null}","effective_bs=1 (gpu_count=1 x per-gpu bs), lr_scaling=none; test_cfg(score_thr=None, max_per_img=None, nms_pre=None, nms_iou=None); split(train 9657 / val 1515 / test 4265)",456,"phase acc/macro-F1/jaccard/edit/seg-F1 (online_causal, jaccard strict)","phase acc=0.9578, macro_f1=0.8244, jaccard=0.7966, edit=51.9048, segF1@50=0.6068
①信号 det→phase。Δ_phase vs S4 base 0.8986±0.0034
Artifacts @ lecun
  run_dir: /home/ubuntu/slocal/m2/experiments/transfer/b2a_refin_oracle_003_b2a_refin_oracle_seed456
  checkpoints: /home/ubuntu/slocal/m2/experiments/transfer/b2a_refin_oracle_003_b2a_refin_oracle_seed456/checkpoints (1 files)
  predictions: /home/ubuntu/slocal/m2/experiments/transfer/b2a_refin_oracle_003_b2a_refin_oracle_seed456/predictions (0 files)
  logs: /home/ubuntu/slocal/m2/experiments/transfer/b2a_refin_oracle_003_b2a_refin_oracle_seed456/logs (0 files)",completed,lecun,False,"DDP 2GPU (RTX A6000 x2) on lecun, manual launcher (E plan, CUDA_VISIBLE_DEVICES per rank)",file://lecun/home/ubuntu/slocal/m2/experiments/transfer/b2a_refin_oracle_003_b2a_refin_oracle_seed456,"{""start"": ""2026-08-29T13:54:00.000+00:00"", ""end"": null, ""time_zone"": null}",B,must,b2a_refin_oracle_003_b2a_refin_oracle_seed456
3cbee4d4-7777-8198-a6cb-e166238b5369,2026-08-29T14:11:00.000Z,2026-08-29T14:11:00.000Z,7b1cff8b9e12478bf2638597f385565386d7aed6,"{""start"": ""2026-08-29T14:11:00.000+00:00"", ""end"": null, ""time_zone"": null}","effective_bs=1 (gpu_count=1 x per-gpu bs), lr_scaling=none; test_cfg(score_thr=None, max_per_img=None, nms_pre=None, nms_iou=None); split(train 9657 / val 1515 / test 4265)",123,"phase acc/macro-F1/jaccard/edit/seg-F1 (online_causal, jaccard strict)","phase acc=0.9617, macro_f1=0.8275, jaccard=0.8014, edit=55.3640, segF1@50=0.6272
①信号 det→phase。Δ_phase vs S4 base 0.8986±0.0034
Artifacts @ lecun
  run_dir: /home/ubuntu/slocal/m2/experiments/transfer/b2a_refin_oracle_002_b2a_refin_oracle_seed123
  checkpoints: /home/ubuntu/slocal/m2/experiments/transfer/b2a_refin_oracle_002_b2a_refin_oracle_seed123/checkpoints (1 files)
  predictions: /home/ubuntu/slocal/m2/experiments/transfer/b2a_refin_oracle_002_b2a_refin_oracle_seed123/predictions (0 files)
  logs: /home/ubuntu/slocal/m2/experiments/transfer/b2a_refin_oracle_002_b2a_refin_oracle_seed123/logs (0 files)",completed,lecun,False,"DDP 2GPU (RTX A6000 x2) on lecun, manual launcher (E plan, CUDA_VISIBLE_DEVICES per rank)",file://lecun/home/ubuntu/slocal/m2/experiments/transfer/b2a_refin_oracle_002_b2a_refin_oracle_seed123,"{""start"": ""2026-08-29T13:54:00.000+00:00"", ""end"": null, ""time_zone"": null}",B,must,b2a_refin_oracle_002_b2a_refin_oracle_seed123
3cbee4d4-7777-81e6-aeb4-f8deea80b558,2026-08-29T14:11:00.000Z,2026-08-29T14:11:00.000Z,7b1cff8b9e12478bf2638597f385565386d7aed6,"{""start"": ""2026-08-29T14:11:00.000+00:00"", ""end"": null, ""time_zone"": null}","effective_bs=1 (gpu_count=1 x per-gpu bs), lr_scaling=none; test_cfg(score_thr=None, max_per_img=None, nms_pre=None, nms_iou=None); split(train 9657 / val 1515 / test 4265)",42,"phase acc/macro-F1/jaccard/edit/seg-F1 (online_causal, jaccard strict)","phase acc=0.9564, macro_f1=0.8208, jaccard=0.7898, edit=55.1111, segF1@50=0.6171
①信号 det→phase。Δ_phase vs S4 base 0.8986±0.0034
Artifacts @ lecun
  run_dir: /home/ubuntu/slocal/m2/experiments/transfer/b2a_refin_oracle_001_b2a_refin_oracle_seed42
  checkpoints: /home/ubuntu/slocal/m2/experiments/transfer/b2a_refin_oracle_001_b2a_refin_oracle_seed42/checkpoints (1 files)
  predictions: /home/ubuntu/slocal/m2/experiments/transfer/b2a_refin_oracle_001_b2a_refin_oracle_seed42/predictions (0 files)
  logs: /home/ubuntu/slocal/m2/experiments/transfer/b2a_refin_oracle_001_b2a_refin_oracle_seed42/logs (0 files)",completed,lecun,False,"DDP 2GPU (RTX A6000 x2) on lecun, manual launcher (E plan, CUDA_VISIBLE_DEVICES per rank)",file://lecun/home/ubuntu/slocal/m2/experiments/transfer/b2a_refin_oracle_001_b2a_refin_oracle_seed42,"{""start"": ""2026-08-29T13:54:00.000+00:00"", ""end"": null, ""time_zone"": null}",B,must,b2a_refin_oracle_001_b2a_refin_oracle_seed42
3cbee4d4-7777-81b5-b377-ef7b8419ce6d,2026-08-29T14:11:00.000Z,2026-08-29T14:11:00.000Z,7b1cff8b9e12478bf2638597f385565386d7aed6,"{""start"": ""2026-08-29T14:11:00.000+00:00"", ""end"": null, ""time_zone"": null}","effective_bs=1 (gpu_count=1 x per-gpu bs), lr_scaling=none; test_cfg(score_thr=None, max_per_img=None, nms_pre=None, nms_iou=None); split(train 9657 / val 1515 / test 4265)",456,"phase acc/macro-F1/jaccard/edit/seg-F1 (online_causal, jaccard strict)","phase acc=0.9010, macro_f1=0.7130, jaccard=0.6524, edit=38.8148, segF1@50=0.3222
①信号 det→phase。Δ_phase vs S4 base 0.8986±0.0034
Artifacts @ lecun
  run_dir: /home/ubuntu/slocal/m2/experiments/transfer/b2a_refin_empty_003_b2a_refin_empty_seed456
  checkpoints: /home/ubuntu/slocal/m2/experiments/transfer/b2a_refin_empty_003_b2a_refin_empty_seed456/checkpoints (1 files)
  predictions: /home/ubuntu/slocal/m2/experiments/transfer/b2a_refin_empty_003_b2a_refin_empty_seed456/predictions (0 files)
  logs: /home/ubuntu/slocal/m2/experiments/transfer/b2a_refin_empty_003_b2a_refin_empty_seed456/logs (0 files)",completed,lecun,False,"DDP 2GPU (RTX A6000 x2) on lecun, manual launcher (E plan, CUDA_VISIBLE_DEVICES per rank)",file://lecun/home/ubuntu/slocal/m2/experiments/transfer/b2a_refin_empty_003_b2a_refin_empty_seed456,"{""start"": ""2026-08-29T13:55:00.000+00:00"", ""end"": null, ""time_zone"": null}",B,must,b2a_refin_empty_003_b2a_refin_empty_seed456
3cbee4d4-7777-81c8-aad1-cdfe12cb45b2,2026-08-29T14:11:00.000Z,2026-08-29T14:11:00.000Z,7b1cff8b9e12478bf2638597f385565386d7aed6,"{""start"": ""2026-08-29T14:11:00.000+00:00"", ""end"": null, ""time_zone"": null}","effective_bs=1 (gpu_count=1 x per-gpu bs), lr_scaling=none; test_cfg(score_thr=None, max_per_img=None, nms_pre=None, nms_iou=None); split(train 9657 / val 1515 / test 4265)",123,"phase acc/macro-F1/jaccard/edit/seg-F1 (online_causal, jaccard strict)","phase acc=0.8970, macro_f1=0.6889, jaccard=0.6322, edit=38.8148, segF1@50=0.3330
①信号 det→phase。Δ_phase vs S4 base 0.8986±0.0034
Artifacts @ lecun
  run_dir: /home/ubuntu/slocal/m2/experiments/transfer/b2a_refin_empty_002_b2a_refin_empty_seed123
  checkpoints: /home/ubuntu/slocal/m2/experiments/transfer/b2a_refin_empty_002_b2a_refin_empty_seed123/checkpoints (1 files)
  predictions: /home/ubuntu/slocal/m2/experiments/transfer/b2a_refin_empty_002_b2a_refin_empty_seed123/predictions (0 files)
  logs: /home/ubuntu/slocal/m2/experiments/transfer/b2a_refin_empty_002_b2a_refin_empty_seed123/logs (0 files)",completed,lecun,False,"DDP 2GPU (RTX A6000 x2) on lecun, manual launcher (E plan, CUDA_VISIBLE_DEVICES per rank)",file://lecun/home/ubuntu/slocal/m2/experiments/transfer/b2a_refin_empty_002_b2a_refin_empty_seed123,"{""start"": ""2026-08-29T13:55:00.000+00:00"", ""end"": null, ""time_zone"": null}",B,must,b2a_refin_empty_002_b2a_refin_empty_seed123
3cbee4d4-7777-81f5-a682-d1406fb69269,2026-08-29T14:11:00.000Z,2026-08-29T14:11:00.000Z,7b1cff8b9e12478bf2638597f385565386d7aed6,"{""start"": ""2026-08-29T14:11:00.000+00:00"", ""end"": null, ""time_zone"": null}","effective_bs=1 (gpu_count=1 x per-gpu bs), lr_scaling=none; test_cfg(score_thr=None, max_per_img=None, nms_pre=None, nms_iou=None); split(train 9657 / val 1515 / test 4265)",42,"phase acc/macro-F1/jaccard/edit/seg-F1 (online_causal, jaccard strict)","phase acc=0.9142, macro_f1=0.7203, jaccard=0.6717, edit=46.1538, segF1@50=0.4327
①信号 det→phase。Δ_phase vs S4 base 0.8986±0.0034
Artifacts @ lecun
  run_dir: /home/ubuntu/slocal/m2/experiments/transfer/b2a_refin_empty_001_b2a_refin_empty_seed42
  checkpoints: /home/ubuntu/slocal/m2/experiments/transfer/b2a_refin_empty_001_b2a_refin_empty_seed42/checkpoints (1 files)
  predictions: /home/ubuntu/slocal/m2/experiments/transfer/b2a_refin_empty_001_b2a_refin_empty_seed42/predictions (0 files)
  logs: /home/ubuntu/slocal/m2/experiments/transfer/b2a_refin_empty_001_b2a_refin_empty_seed42/logs (0 files)",completed,lecun,False,"DDP 2GPU (RTX A6000 x2) on lecun, manual launcher (E plan, CUDA_VISIBLE_DEVICES per rank)",file://lecun/home/ubuntu/slocal/m2/experiments/transfer/b2a_refin_empty_001_b2a_refin_empty_seed42,"{""start"": ""2026-08-29T13:55:00.000+00:00"", ""end"": null, ""time_zone"": null}",B,must,b2a_refin_empty_001_b2a_refin_empty_seed42
3cbee4d4-7777-8151-952b-f41b15dde9e4,2026-08-29T14:11:00.000Z,2026-08-29T14:11:00.000Z,7b1cff8b9e12478bf2638597f385565386d7aed6,"{""start"": ""2026-08-29T14:11:00.000+00:00"", ""end"": null, ""time_zone"": null}","effective_bs=1 (gpu_count=1 x per-gpu bs), lr_scaling=none; test_cfg(score_thr=None, max_per_img=None, nms_pre=None, nms_iou=None); split(train 9657 / val 1515 / test 4265)",456,"phase acc/macro-F1/jaccard/edit/seg-F1 (online_causal, jaccard strict)","phase acc=0.9611, macro_f1=0.8283, jaccard=0.8031, edit=65.3846, segF1@50=0.6876
①信号 det→phase。Δ_phase vs S4 base 0.8986±0.0034
Artifacts @ lecun
  run_dir: /home/ubuntu/slocal/m2/experiments/transfer/b2a_refin_both_003_b2a_refin_both_seed456
  checkpoints: /home/ubuntu/slocal/m2/experiments/transfer/b2a_refin_both_003_b2a_refin_both_seed456/checkpoints (1 files)
  predictions: /home/ubuntu/slocal/m2/experiments/transfer/b2a_refin_both_003_b2a_refin_both_seed456/predictions (0 files)
  logs: /home/ubuntu/slocal/m2/experiments/transfer/b2a_refin_both_003_b2a_refin_both_seed456/logs (0 files)",completed,lecun,False,"DDP 2GPU (RTX A6000 x2) on lecun, manual launcher (E plan, CUDA_VISIBLE_DEVICES per rank)",file://lecun/home/ubuntu/slocal/m2/experiments/transfer/b2a_refin_both_003_b2a_refin_both_seed456,"{""start"": ""2026-08-29T13:57:00.000+00:00"", ""end"": null, ""time_zone"": null}",B,must,b2a_refin_both_003_b2a_refin_both_seed456
3cbee4d4-7777-812e-85e8-c9419299639c,2026-08-29T14:11:00.000Z,2026-08-29T14:11:00.000Z,7b1cff8b9e12478bf2638597f385565386d7aed6,"{""start"": ""2026-08-29T14:11:00.000+00:00"", ""end"": null, ""time_zone"": null}","effective_bs=1 (gpu_count=1 x per-gpu bs), lr_scaling=none; test_cfg(score_thr=None, max_per_img=None, nms_pre=None, nms_iou=None); split(train 9657 / val 1515 / test 4265)",123,"phase acc/macro-F1/jaccard/edit/seg-F1 (online_causal, jaccard strict)","phase acc=0.9624, macro_f1=0.8275, jaccard=0.8019, edit=59.8291, segF1@50=0.6562
①信号 det→phase。Δ_phase vs S4 base 0.8986±0.0034
Artifacts @ lecun
  run_dir: /home/ubuntu/slocal/m2/experiments/transfer/b2a_refin_both_002_b2a_refin_both_seed123
  checkpoints: /home/ubuntu/slocal/m2/experiments/transfer/b2a_refin_both_002_b2a_refin_both_seed123/checkpoints (1 files)
  predictions: /home/ubuntu/slocal/m2/experiments/transfer/b2a_refin_both_002_b2a_refin_both_seed123/predictions (0 files)
  logs: /home/ubuntu/slocal/m2/experiments/transfer/b2a_refin_both_002_b2a_refin_both_seed123/logs (0 files)",completed,lecun,False,"DDP 2GPU (RTX A6000 x2) on lecun, manual launcher (E plan, CUDA_VISIBLE_DEVICES per rank)",file://lecun/home/ubuntu/slocal/m2/experiments/transfer/b2a_refin_both_002_b2a_refin_both_seed123,"{""start"": ""2026-08-29T13:56:00.000+00:00"", ""end"": null, ""time_zone"": null}",B,must,b2a_refin_both_002_b2a_refin_both_seed123
3cbee4d4-7777-8110-80af-edb522323cef,2026-08-29T14:11:00.000Z,2026-08-29T14:11:00.000Z,7b1cff8b9e12478bf2638597f385565386d7aed6,"{""start"": ""2026-08-29T14:11:00.000+00:00"", ""end"": null, ""time_zone"": null}","effective_bs=1 (gpu_count=1 x per-gpu bs), lr_scaling=none; test_cfg(score_thr=None, max_per_img=None, nms_pre=None, nms_iou=None); split(train 9657 / val 1515 / test 4265)",42,"phase acc/macro-F1/jaccard/edit/seg-F1 (online_causal, jaccard strict)","phase acc=0.9564, macro_f1=0.8199, jaccard=0.7891, edit=57.5397, segF1@50=0.6071
①信号 det→phase。Δ_phase vs S4 base 0.8986±0.0034
Artifacts @ lecun
  run_dir: /home/ubuntu/slocal/m2/experiments/transfer/b2a_refin_both_001_b2a_refin_both_seed42
  checkpoints: /home/ubuntu/slocal/m2/experiments/transfer/b2a_refin_both_001_b2a_refin_both_seed42/checkpoints (1 files)
  predictions: /home/ubuntu/slocal/m2/experiments/transfer/b2a_refin_both_001_b2a_refin_both_seed42/predictions (0 files)
  logs: /home/ubuntu/slocal/m2/experiments/transfer/b2a_refin_both_001_b2a_refin_both_seed42/logs (0 files)",completed,lecun,False,"DDP 2GPU (RTX A6000 x2) on lecun, manual launcher (E plan, CUDA_VISIBLE_DEVICES per rank)",file://lecun/home/ubuntu/slocal/m2/experiments/transfer/b2a_refin_both_001_b2a_refin_both_seed42,"{""start"": ""2026-08-29T13:56:00.000+00:00"", ""end"": null, ""time_zone"": null}",B,must,b2a_refin_both_001_b2a_refin_both_seed42
3adee4d4-7777-8193-8faf-d233e8a9416d,2026-07-30T00:34:00.000Z,2026-07-30T00:34:00.000Z,50bbba6a26ffa0aa12728d887ac3619793b28199,"{""start"": ""2026-07-30T00:34:00.000+00:00"", ""end"": null, ""time_zone"": null}",(eval_recipe が metrics.json に未記載),4563,phase per-phase F1 (主指標、規則 R-topk 採用) / accuracy / macro-F1。5 epoch 選択規則 (R-acc/R-last/R-loss/R-mf1/R-topk) を同一学習軌跡から比較し val_metric_sd 最小の R-topk を採用。判定は seed x 反復 (n=9) の Welch + 動画別符号一致,"seed=456, rep=3, in_dim=7680, epochs=50, train_seconds=23.3760
system=shuffleROI seed=456 rep=3 in_dim=7680 epochs=50 train_seconds=23.4
5規則比較(*=採用): R-acc: val_acc=0.9472 test_acc=0.8307 | R-last: val_acc=0.9307 test_acc=0.8185 | R-loss: val_acc=0.9439 test_acc=0.8551 | R-mf1: val_acc=0.9472 test_acc=0.8307 | R-topk*: val_acc=0.9479 test_acc=0.8359
[R-topk] selected_epoch=[21, 32, 34] val: acc=0.9479 macroF1=0.8072 jaccard=0.7683 | incision=0.9486 hemostasis=0.8041 closure=0.9568
[R-topk] test: acc=0.8359 macroF1=0.7056 jaccard=0.6183 | incision=0.9359 hemostasis=0.6747 closure=0.9092
事前登録: prereg/m2_prediction.md（学習前 commit 42b3ce2・未改変）。選択規則は run 間ばらつきの主要因でない (RULE_INEFFECTIVE, R-topk は R-acc比0.920)。n=3→9で判定が両方向に反転 (5-1 test/incision 非超過→超過、3-2/4-2 超過→非超過)。S3のPASSは維持されず『中間』に該当 (次元寄与43.7%@test/incision)。詳細は RESULTS.md
Artifacts @ lecun
  run_dir: /home/ubuntu/slocal2/m2/experiments/selection_noise_2026-07-29/runs/shuffleROI_seed456_rep3
  predictions: /home/ubuntu/slocal2/m2/experiments/selection_noise_2026-07-29/runs/shuffleROI_seed456_rep3/predictions (10 files)",completed,lecun,False,"DDP 2GPU (RTX A6000 x2) on lecun, manual launcher (E plan, CUDA_VISIBLE_DEVICES per rank)",file://lecun/home/ubuntu/slocal2/m2/experiments/selection_noise_2026-07-29/runs/shuffleROI_seed456_rep3,"{""start"": ""2026-07-30T00:32:00.000+00:00"", ""end"": null, ""time_zone"": null}",B,must,g2f_m2_shuffleROI_seed456_rep3
3adee4d4-7777-8134-b8dc-ef52c52ca35b,2026-07-30T00:34:00.000Z,2026-07-30T00:34:00.000Z,50bbba6a26ffa0aa12728d887ac3619793b28199,"{""start"": ""2026-07-30T00:34:00.000+00:00"", ""end"": null, ""time_zone"": null}",(eval_recipe が metrics.json に未記載),4562,phase per-phase F1 (主指標、規則 R-topk 採用) / accuracy / macro-F1。5 epoch 選択規則 (R-acc/R-last/R-loss/R-mf1/R-topk) を同一学習軌跡から比較し val_metric_sd 最小の R-topk を採用。判定は seed x 反復 (n=9) の Welch + 動画別符号一致,"seed=456, rep=2, in_dim=7680, epochs=50, train_seconds=20.7758
system=shuffleROI seed=456 rep=2 in_dim=7680 epochs=50 train_seconds=20.8
5規則比較(*=採用): R-acc: val_acc=0.9465 test_acc=0.8410 | R-last: val_acc=0.9406 test_acc=0.8220 | R-loss: val_acc=0.9446 test_acc=0.8556 | R-mf1: val_acc=0.9439 test_acc=0.8218 | R-topk*: val_acc=0.9446 test_acc=0.8380
[R-topk] selected_epoch=[16, 21, 26] val: acc=0.9446 macroF1=0.7989 jaccard=0.7556 | incision=0.9401 hemostasis=0.7660 closure=0.9535
[R-topk] test: acc=0.8380 macroF1=0.6943 jaccard=0.6108 | incision=0.9260 hemostasis=0.6875 closure=0.9100
事前登録: prereg/m2_prediction.md（学習前 commit 42b3ce2・未改変）。選択規則は run 間ばらつきの主要因でない (RULE_INEFFECTIVE, R-topk は R-acc比0.920)。n=3→9で判定が両方向に反転 (5-1 test/incision 非超過→超過、3-2/4-2 超過→非超過)。S3のPASSは維持されず『中間』に該当 (次元寄与43.7%@test/incision)。詳細は RESULTS.md
Artifacts @ lecun
  run_dir: /home/ubuntu/slocal2/m2/experiments/selection_noise_2026-07-29/runs/shuffleROI_seed456_rep2
  predictions: /home/ubuntu/slocal2/m2/experiments/selection_noise_2026-07-29/runs/shuffleROI_seed456_rep2/predictions (10 files)",completed,lecun,False,"DDP 2GPU (RTX A6000 x2) on lecun, manual launcher (E plan, CUDA_VISIBLE_DEVICES per rank)",file://lecun/home/ubuntu/slocal2/m2/experiments/selection_noise_2026-07-29/runs/shuffleROI_seed456_rep2,"{""start"": ""2026-07-30T00:32:00.000+00:00"", ""end"": null, ""time_zone"": null}",B,must,g2f_m2_shuffleROI_seed456_rep2
3adee4d4-7777-811f-b620-e76b9409872c,2026-07-30T00:34:00.000Z,2026-07-30T00:34:00.000Z,50bbba6a26ffa0aa12728d887ac3619793b28199,"{""start"": ""2026-07-30T00:33:00.000+00:00"", ""end"": null, ""time_zone"": null}",(eval_recipe が metrics.json に未記載),4561,phase per-phase F1 (主指標、規則 R-topk 採用) / accuracy / macro-F1。5 epoch 選択規則 (R-acc/R-last/R-loss/R-mf1/R-topk) を同一学習軌跡から比較し val_metric_sd 最小の R-topk を採用。判定は seed x 反復 (n=9) の Welch + 動画別符号一致,"seed=456, rep=1, in_dim=7680, epochs=50, train_seconds=22.1291
system=shuffleROI seed=456 rep=1 in_dim=7680 epochs=50 train_seconds=22.1
5規則比較(*=採用): R-acc: val_acc=0.9465 test_acc=0.8298 | R-last: val_acc=0.9294 test_acc=0.8089 | R-loss: val_acc=0.9439 test_acc=0.8567 | R-mf1: val_acc=0.9465 test_acc=0.8298 | R-topk*: val_acc=0.9472 test_acc=0.8356
[R-topk] selected_epoch=[21, 32, 36] val: acc=0.9472 macroF1=0.8067 jaccard=0.7673 | incision=0.9455 hemostasis=0.8041 closure=0.9568
[R-topk] test: acc=0.8356 macroF1=0.7031 jaccard=0.6159 | incision=0.9359 hemostasis=0.6667 closure=0.9097
事前登録: prereg/m2_prediction.md（学習前 commit 42b3ce2・未改変）。選択規則は run 間ばらつきの主要因でない (RULE_INEFFECTIVE, R-topk は R-acc比0.920)。n=3→9で判定が両方向に反転 (5-1 test/incision 非超過→超過、3-2/4-2 超過→非超過)。S3のPASSは維持されず『中間』に該当 (次元寄与43.7%@test/incision)。詳細は RESULTS.md
Artifacts @ lecun
  run_dir: /home/ubuntu/slocal2/m2/experiments/selection_noise_2026-07-29/runs/shuffleROI_seed456_rep1
  predictions: /home/ubuntu/slocal2/m2/experiments/selection_noise_2026-07-29/runs/shuffleROI_seed456_rep1/predictions (10 files)",completed,lecun,False,"DDP 2GPU (RTX A6000 x2) on lecun, manual launcher (E plan, CUDA_VISIBLE_DEVICES per rank)",file://lecun/home/ubuntu/slocal2/m2/experiments/selection_noise_2026-07-29/runs/shuffleROI_seed456_rep1,"{""start"": ""2026-07-30T00:32:00.000+00:00"", ""end"": null, ""time_zone"": null}",B,must,g2f_m2_shuffleROI_seed456_rep1
3adee4d4-7777-815f-ae67-f13cf25cb0ca,2026-07-30T00:33:00.000Z,2026-07-30T00:33:00.000Z,50bbba6a26ffa0aa12728d887ac3619793b28199,"{""start"": ""2026-07-30T00:33:00.000+00:00"", ""end"": null, ""time_zone"": null}",(eval_recipe が metrics.json に未記載),1233,phase per-phase F1 (主指標、規則 R-topk 採用) / accuracy / macro-F1。5 epoch 選択規則 (R-acc/R-last/R-loss/R-mf1/R-topk) を同一学習軌跡から比較し val_metric_sd 最小の R-topk を採用。判定は seed x 反復 (n=9) の Welch + 動画別符号一致,"seed=123, rep=3, in_dim=7680, epochs=50, train_seconds=21.0828
system=shuffleROI seed=123 rep=3 in_dim=7680 epochs=50 train_seconds=21.1
5規則比較(*=採用): R-acc: val_acc=0.9485 test_acc=0.8401 | R-last: val_acc=0.9406 test_acc=0.8453 | R-loss: val_acc=0.9413 test_acc=0.8701 | R-mf1: val_acc=0.9485 test_acc=0.8401 | R-topk*: val_acc=0.9465 test_acc=0.8347
[R-topk] selected_epoch=[16, 23, 38] val: acc=0.9465 macroF1=0.8028 jaccard=0.7607 | incision=0.9373 hemostasis=0.7959 closure=0.9560
[R-topk] test: acc=0.8347 macroF1=0.7019 jaccard=0.6162 | incision=0.9226 hemostasis=0.7551 closure=0.9007
事前登録: prereg/m2_prediction.md（学習前 commit 42b3ce2・未改変）。選択規則は run 間ばらつきの主要因でない (RULE_INEFFECTIVE, R-topk は R-acc比0.920)。n=3→9で判定が両方向に反転 (5-1 test/incision 非超過→超過、3-2/4-2 超過→非超過)。S3のPASSは維持されず『中間』に該当 (次元寄与43.7%@test/incision)。詳細は RESULTS.md
Artifacts @ lecun
  run_dir: /home/ubuntu/slocal2/m2/experiments/selection_noise_2026-07-29/runs/shuffleROI_seed123_rep3
  predictions: /home/ubuntu/slocal2/m2/experiments/selection_noise_2026-07-29/runs/shuffleROI_seed123_rep3/predictions (10 files)",completed,lecun,False,"DDP 2GPU (RTX A6000 x2) on lecun, manual launcher (E plan, CUDA_VISIBLE_DEVICES per rank)",file://lecun/home/ubuntu/slocal2/m2/experiments/selection_noise_2026-07-29/runs/shuffleROI_seed123_rep3,"{""start"": ""2026-07-30T00:32:00.000+00:00"", ""end"": null, ""time_zone"": null}",B,must,g2f_m2_shuffleROI_seed123_rep3
3adee4d4-7777-8123-a114-e8f6b0d11da7,2026-07-30T00:33:00.000Z,2026-07-30T00:33:00.000Z,50bbba6a26ffa0aa12728d887ac3619793b28199,"{""start"": ""2026-07-30T00:33:00.000+00:00"", ""end"": null, ""time_zone"": null}",(eval_recipe が metrics.json に未記載),1232,phase per-phase F1 (主指標、規則 R-topk 採用) / accuracy / macro-F1。5 epoch 選択規則 (R-acc/R-last/R-loss/R-mf1/R-topk) を同一学習軌跡から比較し val_metric_sd 最小の R-topk を採用。判定は seed x 反復 (n=9) の Welch + 動画別符号一致,"seed=123, rep=2, in_dim=7680, epochs=50, train_seconds=22.1585
system=shuffleROI seed=123 rep=2 in_dim=7680 epochs=50 train_seconds=22.2
5規則比較(*=採用): R-acc: val_acc=0.9479 test_acc=0.8410 | R-last: val_acc=0.9393 test_acc=0.8415 | R-loss: val_acc=0.9353 test_acc=0.8478 | R-mf1: val_acc=0.9479 test_acc=0.8410 | R-topk*: val_acc=0.9446 test_acc=0.8485
[R-topk] selected_epoch=[16, 44, 46] val: acc=0.9446 macroF1=0.7992 jaccard=0.7549 | incision=0.9377 hemostasis=0.7789 closure=0.9583
[R-topk] test: acc=0.8485 macroF1=0.7094 jaccard=0.6295 | incision=0.9329 hemostasis=0.7681 closure=0.9092
事前登録: prereg/m2_prediction.md（学習前 commit 42b3ce2・未改変）。選択規則は run 間ばらつきの主要因でない (RULE_INEFFECTIVE, R-topk は R-acc比0.920)。n=3→9で判定が両方向に反転 (5-1 test/incision 非超過→超過、3-2/4-2 超過→非超過)。S3のPASSは維持されず『中間』に該当 (次元寄与43.7%@test/incision)。詳細は RESULTS.md
Artifacts @ lecun
  run_dir: /home/ubuntu/slocal2/m2/experiments/selection_noise_2026-07-29/runs/shuffleROI_seed123_rep2
  predictions: /home/ubuntu/slocal2/m2/experiments/selection_noise_2026-07-29/runs/shuffleROI_seed123_rep2/predictions (10 files)",completed,lecun,False,"DDP 2GPU (RTX A6000 x2) on lecun, manual launcher (E plan, CUDA_VISIBLE_DEVICES per rank)",file://lecun/home/ubuntu/slocal2/m2/experiments/selection_noise_2026-07-29/runs/shuffleROI_seed123_rep2,"{""start"": ""2026-07-30T00:32:00.000+00:00"", ""end"": null, ""time_zone"": null}",B,must,g2f_m2_shuffleROI_seed123_rep2
3adee4d4-7777-81ea-9f1f-fcaa27783498,2026-07-30T00:33:00.000Z,2026-07-30T00:33:00.000Z,50bbba6a26ffa0aa12728d887ac3619793b28199,"{""start"": ""2026-07-30T00:33:00.000+00:00"", ""end"": null, ""time_zone"": null}",(eval_recipe が metrics.json に未記載),1231,phase per-phase F1 (主指標、規則 R-topk 採用) / accuracy / macro-F1。5 epoch 選択規則 (R-acc/R-last/R-loss/R-mf1/R-topk) を同一学習軌跡から比較し val_metric_sd 最小の R-topk を採用。判定は seed x 反復 (n=9) の Welch + 動画別符号一致,"seed=123, rep=1, in_dim=7680, epochs=50, train_seconds=22.6591
system=shuffleROI seed=123 rep=1 in_dim=7680 epochs=50 train_seconds=22.7
5規則比較(*=採用): R-acc: val_acc=0.9479 test_acc=0.8401 | R-last: val_acc=0.9380 test_acc=0.8424 | R-loss: val_acc=0.9333 test_acc=0.8209 | R-mf1: val_acc=0.9479 test_acc=0.8401 | R-topk*: val_acc=0.9439 test_acc=0.8417
[R-topk] selected_epoch=[16, 23, 31] val: acc=0.9439 macroF1=0.7977 jaccard=0.7534 | incision=0.9373 hemostasis=0.7660 closure=0.9575
[R-topk] test: acc=0.8417 macroF1=0.7104 jaccard=0.6241 | incision=0.9226 hemostasis=0.7740 closure=0.9009
事前登録: prereg/m2_prediction.md（学習前 commit 42b3ce2・未改変）。選択規則は run 間ばらつきの主要因でない (RULE_INEFFECTIVE, R-topk は R-acc比0.920)。n=3→9で判定が両方向に反転 (5-1 test/incision 非超過→超過、3-2/4-2 超過→非超過)。S3のPASSは維持されず『中間』に該当 (次元寄与43.7%@test/incision)。詳細は RESULTS.md
Artifacts @ lecun
  run_dir: /home/ubuntu/slocal2/m2/experiments/selection_noise_2026-07-29/runs/shuffleROI_seed123_rep1
  predictions: /home/ubuntu/slocal2/m2/experiments/selection_noise_2026-07-29/runs/shuffleROI_seed123_rep1/predictions (10 files)",completed,lecun,False,"DDP 2GPU (RTX A6000 x2) on lecun, manual launcher (E plan, CUDA_VISIBLE_DEVICES per rank)",file://lecun/home/ubuntu/slocal2/m2/experiments/selection_noise_2026-07-29/runs/shuffleROI_seed123_rep1,"{""start"": ""2026-07-30T00:32:00.000+00:00"", ""end"": null, ""time_zone"": null}",B,must,g2f_m2_shuffleROI_seed123_rep1
3adee4d4-7777-81e4-92af-d68d13bcb091,2026-07-30T00:33:00.000Z,2026-07-30T00:33:00.000Z,50bbba6a26ffa0aa12728d887ac3619793b28199,"{""start"": ""2026-07-30T00:33:00.000+00:00"", ""end"": null, ""time_zone"": null}",(eval_recipe が metrics.json に未記載),423,phase per-phase F1 (主指標、規則 R-topk 採用) / accuracy / macro-F1。5 epoch 選択規則 (R-acc/R-last/R-loss/R-mf1/R-topk) を同一学習軌跡から比較し val_metric_sd 最小の R-topk を採用。判定は seed x 反復 (n=9) の Welch + 動画別符号一致,"seed=42, rep=3, in_dim=7680, epochs=50, train_seconds=20.8084
system=shuffleROI seed=42 rep=3 in_dim=7680 epochs=50 train_seconds=20.8
5規則比較(*=採用): R-acc: val_acc=0.9465 test_acc=0.8340 | R-last: val_acc=0.9393 test_acc=0.8441 | R-loss: val_acc=0.9452 test_acc=0.8469 | R-mf1: val_acc=0.9426 test_acc=0.8063 | R-topk*: val_acc=0.9452 test_acc=0.8406
[R-topk] selected_epoch=[16, 18, 27] val: acc=0.9452 macroF1=0.7996 jaccard=0.7572 | incision=0.9464 hemostasis=0.7609 closure=0.9585
[R-topk] test: acc=0.8406 macroF1=0.6833 jaccard=0.6021 | incision=0.9317 hemostasis=0.7301 closure=0.9085
事前登録: prereg/m2_prediction.md（学習前 commit 42b3ce2・未改変）。選択規則は run 間ばらつきの主要因でない (RULE_INEFFECTIVE, R-topk は R-acc比0.920)。n=3→9で判定が両方向に反転 (5-1 test/incision 非超過→超過、3-2/4-2 超過→非超過)。S3のPASSは維持されず『中間』に該当 (次元寄与43.7%@test/incision)。詳細は RESULTS.md
Artifacts @ lecun
  run_dir: /home/ubuntu/slocal2/m2/experiments/selection_noise_2026-07-29/runs/shuffleROI_seed42_rep3
  predictions: /home/ubuntu/slocal2/m2/experiments/selection_noise_2026-07-29/runs/shuffleROI_seed42_rep3/predictions (10 files)",completed,lecun,False,"DDP 2GPU (RTX A6000 x2) on lecun, manual launcher (E plan, CUDA_VISIBLE_DEVICES per rank)",file://lecun/home/ubuntu/slocal2/m2/experiments/selection_noise_2026-07-29/runs/shuffleROI_seed42_rep3,"{""start"": ""2026-07-30T00:32:00.000+00:00"", ""end"": null, ""time_zone"": null}",B,must,g2f_m2_shuffleROI_seed42_rep3
3adee4d4-7777-8101-9291-d9d778e676d1,2026-07-30T00:33:00.000Z,2026-07-30T00:33:00.000Z,50bbba6a26ffa0aa12728d887ac3619793b28199,"{""start"": ""2026-07-30T00:33:00.000+00:00"", ""end"": null, ""time_zone"": null}",(eval_recipe が metrics.json に未記載),422,phase per-phase F1 (主指標、規則 R-topk 採用) / accuracy / macro-F1。5 epoch 選択規則 (R-acc/R-last/R-loss/R-mf1/R-topk) を同一学習軌跡から比較し val_metric_sd 最小の R-topk を採用。判定は seed x 反復 (n=9) の Welch + 動画別符号一致,"seed=42, rep=2, in_dim=7680, epochs=50, train_seconds=21.9957
system=shuffleROI seed=42 rep=2 in_dim=7680 epochs=50 train_seconds=22.0
5規則比較(*=採用): R-acc: val_acc=0.9459 test_acc=0.8453 | R-last: val_acc=0.9399 test_acc=0.8556 | R-loss: val_acc=0.9459 test_acc=0.8453 | R-mf1: val_acc=0.9446 test_acc=0.8328 | R-topk*: val_acc=0.9459 test_acc=0.8392
[R-topk] selected_epoch=[16, 18, 35] val: acc=0.9459 macroF1=0.8034 jaccard=0.7622 | incision=0.9464 hemostasis=0.7872 closure=0.9577
[R-topk] test: acc=0.8392 macroF1=0.6930 jaccard=0.6097 | incision=0.9350 hemostasis=0.7244 closure=0.9065
事前登録: prereg/m2_prediction.md（学習前 commit 42b3ce2・未改変）。選択規則は run 間ばらつきの主要因でない (RULE_INEFFECTIVE, R-topk は R-acc比0.920)。n=3→9で判定が両方向に反転 (5-1 test/incision 非超過→超過、3-2/4-2 超過→非超過)。S3のPASSは維持されず『中間』に該当 (次元寄与43.7%@test/incision)。詳細は RESULTS.md
Artifacts @ lecun
  run_dir: /home/ubuntu/slocal2/m2/experiments/selection_noise_2026-07-29/runs/shuffleROI_seed42_rep2
  predictions: /home/ubuntu/slocal2/m2/experiments/selection_noise_2026-07-29/runs/shuffleROI_seed42_rep2/predictions (10 files)",completed,lecun,False,"DDP 2GPU (RTX A6000 x2) on lecun, manual launcher (E plan, CUDA_VISIBLE_DEVICES per rank)",file://lecun/home/ubuntu/slocal2/m2/experiments/selection_noise_2026-07-29/runs/shuffleROI_seed42_rep2,"{""start"": ""2026-07-30T00:32:00.000+00:00"", ""end"": null, ""time_zone"": null}",B,must,g2f_m2_shuffleROI_seed42_rep2
3adee4d4-7777-81b1-9656-c87ad9deed17,2026-07-30T00:33:00.000Z,2026-07-30T00:33:00.000Z,50bbba6a26ffa0aa12728d887ac3619793b28199,"{""start"": ""2026-07-30T00:33:00.000+00:00"", ""end"": null, ""time_zone"": null}",(eval_recipe が metrics.json に未記載),421,phase per-phase F1 (主指標、規則 R-topk 採用) / accuracy / macro-F1。5 epoch 選択規則 (R-acc/R-last/R-loss/R-mf1/R-topk) を同一学習軌跡から比較し val_metric_sd 最小の R-topk を採用。判定は seed x 反復 (n=9) の Welch + 動画別符号一致,"seed=42, rep=1, in_dim=7680, epochs=50, train_seconds=22.2596
system=shuffleROI seed=42 rep=1 in_dim=7680 epochs=50 train_seconds=22.3
5規則比較(*=採用): R-acc: val_acc=0.9505 test_acc=0.8295 | R-last: val_acc=0.9373 test_acc=0.8649 | R-loss: val_acc=0.9465 test_acc=0.8258 | R-mf1: val_acc=0.9505 test_acc=0.8295 | R-topk*: val_acc=0.9452 test_acc=0.8309
[R-topk] selected_epoch=[18, 27, 31] val: acc=0.9452 macroF1=0.8037 jaccard=0.7626 | incision=0.9464 hemostasis=0.7917 closure=0.9560
[R-topk] test: acc=0.8309 macroF1=0.6731 jaccard=0.5962 | incision=0.9274 hemostasis=0.7378 closure=0.9015
事前登録: prereg/m2_prediction.md（学習前 commit 42b3ce2・未改変）。選択規則は run 間ばらつきの主要因でない (RULE_INEFFECTIVE, R-topk は R-acc比0.920)。n=3→9で判定が両方向に反転 (5-1 test/incision 非超過→超過、3-2/4-2 超過→非超過)。S3のPASSは維持されず『中間』に該当 (次元寄与43.7%@test/incision)。詳細は RESULTS.md
Artifacts @ lecun
  run_dir: /home/ubuntu/slocal2/m2/experiments/selection_noise_2026-07-29/runs/shuffleROI_seed42_rep1
  predictions: /home/ubuntu/slocal2/m2/experiments/selection_noise_2026-07-29/runs/shuffleROI_seed42_rep1/predictions (10 files)",completed,lecun,False,"DDP 2GPU (RTX A6000 x2) on lecun, manual launcher (E plan, CUDA_VISIBLE_DEVICES per rank)",file://lecun/home/ubuntu/slocal2/m2/experiments/selection_noise_2026-07-29/runs/shuffleROI_seed42_rep1,"{""start"": ""2026-07-30T00:32:00.000+00:00"", ""end"": null, ""time_zone"": null}",B,must,g2f_m2_shuffleROI_seed42_rep1
3adee4d4-7777-81db-8385-c80f00962354,2026-07-30T00:33:00.000Z,2026-07-30T00:33:00.000Z,50bbba6a26ffa0aa12728d887ac3619793b28199,"{""start"": ""2026-07-30T00:33:00.000+00:00"", ""end"": null, ""time_zone"": null}",(eval_recipe が metrics.json に未記載),4563,phase per-phase F1 (主指標、規則 R-topk 採用) / accuracy / macro-F1。5 epoch 選択規則 (R-acc/R-last/R-loss/R-mf1/R-topk) を同一学習軌跡から比較し val_metric_sd 最小の R-topk を採用。判定は seed x 反復 (n=9) の Welch + 動画別符号一致,"seed=456, rep=3, in_dim=7680, epochs=50, train_seconds=20.5120
system=randROI seed=456 rep=3 in_dim=7680 epochs=50 train_seconds=20.5
5規則比較(*=採用): R-acc: val_acc=0.9617 test_acc=0.9022 | R-last: val_acc=0.9505 test_acc=0.8581 | R-loss: val_acc=0.9597 test_acc=0.8896 | R-mf1: val_acc=0.9604 test_acc=0.8816 | R-topk*: val_acc=0.9617 test_acc=0.8985
[R-topk] selected_epoch=[28, 30, 31] val: acc=0.9617 macroF1=0.8314 jaccard=0.8076 | incision=0.9552 hemostasis=0.9455 closure=0.9636
[R-topk] test: acc=0.8985 macroF1=0.7306 jaccard=0.6515 | incision=0.9333 hemostasis=0.7632 closure=0.9499
事前登録: prereg/m2_prediction.md（学習前 commit 42b3ce2・未改変）。選択規則は run 間ばらつきの主要因でない (RULE_INEFFECTIVE, R-topk は R-acc比0.920)。n=3→9で判定が両方向に反転 (5-1 test/incision 非超過→超過、3-2/4-2 超過→非超過)。S3のPASSは維持されず『中間』に該当 (次元寄与43.7%@test/incision)。詳細は RESULTS.md
Artifacts @ lecun
  run_dir: /home/ubuntu/slocal2/m2/experiments/selection_noise_2026-07-29/runs/randROI_seed456_rep3
  predictions: /home/ubuntu/slocal2/m2/experiments/selection_noise_2026-07-29/runs/randROI_seed456_rep3/predictions (10 files)",completed,lecun,False,"DDP 2GPU (RTX A6000 x2) on lecun, manual launcher (E plan, CUDA_VISIBLE_DEVICES per rank)",file://lecun/home/ubuntu/slocal2/m2/experiments/selection_noise_2026-07-29/runs/randROI_seed456_rep3,"{""start"": ""2026-07-30T00:32:00.000+00:00"", ""end"": null, ""time_zone"": null}",B,must,g2f_m2_randROI_seed456_rep3
3adee4d4-7777-8116-8d67-f326d2730a86,2026-07-30T00:33:00.000Z,2026-07-30T00:33:00.000Z,50bbba6a26ffa0aa12728d887ac3619793b28199,"{""start"": ""2026-07-30T00:33:00.000+00:00"", ""end"": null, ""time_zone"": null}",(eval_recipe が metrics.json に未記載),4562,phase per-phase F1 (主指標、規則 R-topk 採用) / accuracy / macro-F1。5 epoch 選択規則 (R-acc/R-last/R-loss/R-mf1/R-topk) を同一学習軌跡から比較し val_metric_sd 最小の R-topk を採用。判定は seed x 反復 (n=9) の Welch + 動画別符号一致,"seed=456, rep=2, in_dim=7680, epochs=50, train_seconds=21.6774
system=randROI seed=456 rep=2 in_dim=7680 epochs=50 train_seconds=21.7
5規則比較(*=採用): R-acc: val_acc=0.9637 test_acc=0.8715 | R-last: val_acc=0.9584 test_acc=0.8762 | R-loss: val_acc=0.9584 test_acc=0.8985 | R-mf1: val_acc=0.9637 test_acc=0.8715 | R-topk*: val_acc=0.9630 test_acc=0.8842
[R-topk] selected_epoch=[23, 26, 47] val: acc=0.9630 macroF1=0.8326 jaccard=0.8099 | incision=0.9614 hemostasis=0.9464 closure=0.9644
[R-topk] test: acc=0.8842 macroF1=0.7296 jaccard=0.6465 | incision=0.9422 hemostasis=0.7437 closure=0.9397
事前登録: prereg/m2_prediction.md（学習前 commit 42b3ce2・未改変）。選択規則は run 間ばらつきの主要因でない (RULE_INEFFECTIVE, R-topk は R-acc比0.920)。n=3→9で判定が両方向に反転 (5-1 test/incision 非超過→超過、3-2/4-2 超過→非超過)。S3のPASSは維持されず『中間』に該当 (次元寄与43.7%@test/incision)。詳細は RESULTS.md
Artifacts @ lecun
  run_dir: /home/ubuntu/slocal2/m2/experiments/selection_noise_2026-07-29/runs/randROI_seed456_rep2
  predictions: /home/ubuntu/slocal2/m2/experiments/selection_noise_2026-07-29/runs/randROI_seed456_rep2/predictions (10 files)",completed,lecun,False,"DDP 2GPU (RTX A6000 x2) on lecun, manual launcher (E plan, CUDA_VISIBLE_DEVICES per rank)",file://lecun/home/ubuntu/slocal2/m2/experiments/selection_noise_2026-07-29/runs/randROI_seed456_rep2,"{""start"": ""2026-07-30T00:32:00.000+00:00"", ""end"": null, ""time_zone"": null}",B,must,g2f_m2_randROI_seed456_rep2
3adee4d4-7777-819c-844c-c5a57b2e6400,2026-07-30T00:33:00.000Z,2026-07-30T00:33:00.000Z,50bbba6a26ffa0aa12728d887ac3619793b28199,"{""start"": ""2026-07-30T00:33:00.000+00:00"", ""end"": null, ""time_zone"": null}",(eval_recipe が metrics.json に未記載),4561,phase per-phase F1 (主指標、規則 R-topk 採用) / accuracy / macro-F1。5 epoch 選択規則 (R-acc/R-last/R-loss/R-mf1/R-topk) を同一学習軌跡から比較し val_metric_sd 最小の R-topk を採用。判定は seed x 反復 (n=9) の Welch + 動画別符号一致,"seed=456, rep=1, in_dim=7680, epochs=50, train_seconds=22.6101
system=randROI seed=456 rep=1 in_dim=7680 epochs=50 train_seconds=22.6
5規則比較(*=採用): R-acc: val_acc=0.9624 test_acc=0.8926 | R-last: val_acc=0.9465 test_acc=0.8807 | R-loss: val_acc=0.9597 test_acc=0.8926 | R-mf1: val_acc=0.9617 test_acc=0.9041 | R-topk*: val_acc=0.9624 test_acc=0.8959
[R-topk] selected_epoch=[23, 30, 46] val: acc=0.9624 macroF1=0.8305 jaccard=0.8060 | incision=0.9583 hemostasis=0.9346 closure=0.9661
[R-topk] test: acc=0.8959 macroF1=0.7333 jaccard=0.6581 | incision=0.9362 hemostasis=0.7393 closure=0.9499
事前登録: prereg/m2_prediction.md（学習前 commit 42b3ce2・未改変）。選択規則は run 間ばらつきの主要因でない (RULE_INEFFECTIVE, R-topk は R-acc比0.920)。n=3→9で判定が両方向に反転 (5-1 test/incision 非超過→超過、3-2/4-2 超過→非超過)。S3のPASSは維持されず『中間』に該当 (次元寄与43.7%@test/incision)。詳細は RESULTS.md
Artifacts @ lecun
  run_dir: /home/ubuntu/slocal2/m2/experiments/selection_noise_2026-07-29/runs/randROI_seed456_rep1
  predictions: /home/ubuntu/slocal2/m2/experiments/selection_noise_2026-07-29/runs/randROI_seed456_rep1/predictions (10 files)",completed,lecun,False,"DDP 2GPU (RTX A6000 x2) on lecun, manual launcher (E plan, CUDA_VISIBLE_DEVICES per rank)",file://lecun/home/ubuntu/slocal2/m2/experiments/selection_noise_2026-07-29/runs/randROI_seed456_rep1,"{""start"": ""2026-07-30T00:32:00.000+00:00"", ""end"": null, ""time_zone"": null}",B,must,g2f_m2_randROI_seed456_rep1
3adee4d4-7777-8187-b042-ce46c3a05c71,2026-07-30T00:33:00.000Z,2026-07-30T00:33:00.000Z,50bbba6a26ffa0aa12728d887ac3619793b28199,"{""start"": ""2026-07-30T00:33:00.000+00:00"", ""end"": null, ""time_zone"": null}",(eval_recipe が metrics.json に未記載),1233,phase per-phase F1 (主指標、規則 R-topk 採用) / accuracy / macro-F1。5 epoch 選択規則 (R-acc/R-last/R-loss/R-mf1/R-topk) を同一学習軌跡から比較し val_metric_sd 最小の R-topk を採用。判定は seed x 反復 (n=9) の Welch + 動画別符号一致,"seed=123, rep=3, in_dim=7680, epochs=50, train_seconds=20.9194
system=randROI seed=123 rep=3 in_dim=7680 epochs=50 train_seconds=20.9
5規則比較(*=採用): R-acc: val_acc=0.9663 test_acc=0.8985 | R-last: val_acc=0.9584 test_acc=0.9006 | R-loss: val_acc=0.9663 test_acc=0.8985 | R-mf1: val_acc=0.9663 test_acc=0.8985 | R-topk*: val_acc=0.9644 test_acc=0.8982
[R-topk] selected_epoch=[16, 34, 44] val: acc=0.9644 macroF1=0.8330 jaccard=0.8107 | incision=0.9645 hemostasis=0.9381 closure=0.9669
[R-topk] test: acc=0.8982 macroF1=0.7465 jaccard=0.6793 | incision=0.9573 hemostasis=0.8009 closure=0.9450
事前登録: prereg/m2_prediction.md（学習前 commit 42b3ce2・未改変）。選択規則は run 間ばらつきの主要因でない (RULE_INEFFECTIVE, R-topk は R-acc比0.920)。n=3→9で判定が両方向に反転 (5-1 test/incision 非超過→超過、3-2/4-2 超過→非超過)。S3のPASSは維持されず『中間』に該当 (次元寄与43.7%@test/incision)。詳細は RESULTS.md
Artifacts @ lecun
  run_dir: /home/ubuntu/slocal2/m2/experiments/selection_noise_2026-07-29/runs/randROI_seed123_rep3
  predictions: /home/ubuntu/slocal2/m2/experiments/selection_noise_2026-07-29/runs/randROI_seed123_rep3/predictions (10 files)",completed,lecun,False,"DDP 2GPU (RTX A6000 x2) on lecun, manual launcher (E plan, CUDA_VISIBLE_DEVICES per rank)",file://lecun/home/ubuntu/slocal2/m2/experiments/selection_noise_2026-07-29/runs/randROI_seed123_rep3,"{""start"": ""2026-07-30T00:32:00.000+00:00"", ""end"": null, ""time_zone"": null}",B,must,g2f_m2_randROI_seed123_rep3
3adee4d4-7777-8155-ad7e-cc2cd9925896,2026-07-30T00:33:00.000Z,2026-07-30T00:33:00.000Z,50bbba6a26ffa0aa12728d887ac3619793b28199,"{""start"": ""2026-07-30T00:33:00.000+00:00"", ""end"": null, ""time_zone"": null}",(eval_recipe が metrics.json に未記載),1232,phase per-phase F1 (主指標、規則 R-topk 採用) / accuracy / macro-F1。5 epoch 選択規則 (R-acc/R-last/R-loss/R-mf1/R-topk) を同一学習軌跡から比較し val_metric_sd 最小の R-topk を採用。判定は seed x 反復 (n=9) の Welch + 動画別符号一致,"seed=123, rep=2, in_dim=7680, epochs=50, train_seconds=22.3143
system=randROI seed=123 rep=2 in_dim=7680 epochs=50 train_seconds=22.3
5規則比較(*=採用): R-acc: val_acc=0.9670 test_acc=0.9025 | R-last: val_acc=0.9597 test_acc=0.9008 | R-loss: val_acc=0.9670 test_acc=0.9025 | R-mf1: val_acc=0.9670 test_acc=0.9025 | R-topk*: val_acc=0.9663 test_acc=0.9018
[R-topk] selected_epoch=[16, 28, 44] val: acc=0.9663 macroF1=0.8351 jaccard=0.8147 | incision=0.9676 hemostasis=0.9464 closure=0.9685
[R-topk] test: acc=0.9018 macroF1=0.7439 jaccard=0.6804 | incision=0.9602 hemostasis=0.8167 closure=0.9473
事前登録: prereg/m2_prediction.md（学習前 commit 42b3ce2・未改変）。選択規則は run 間ばらつきの主要因でない (RULE_INEFFECTIVE, R-topk は R-acc比0.920)。n=3→9で判定が両方向に反転 (5-1 test/incision 非超過→超過、3-2/4-2 超過→非超過)。S3のPASSは維持されず『中間』に該当 (次元寄与43.7%@test/incision)。詳細は RESULTS.md
Artifacts @ lecun
  run_dir: /home/ubuntu/slocal2/m2/experiments/selection_noise_2026-07-29/runs/randROI_seed123_rep2
  predictions: /home/ubuntu/slocal2/m2/experiments/selection_noise_2026-07-29/runs/randROI_seed123_rep2/predictions (10 files)",completed,lecun,False,"DDP 2GPU (RTX A6000 x2) on lecun, manual launcher (E plan, CUDA_VISIBLE_DEVICES per rank)",file://lecun/home/ubuntu/slocal2/m2/experiments/selection_noise_2026-07-29/runs/randROI_seed123_rep2,"{""start"": ""2026-07-30T00:32:00.000+00:00"", ""end"": null, ""time_zone"": null}",B,must,g2f_m2_randROI_seed123_rep2
3adee4d4-7777-811c-ad82-c644a4d536d1,2026-07-30T00:33:00.000Z,2026-07-30T00:33:00.000Z,50bbba6a26ffa0aa12728d887ac3619793b28199,"{""start"": ""2026-07-30T00:33:00.000+00:00"", ""end"": null, ""time_zone"": null}",(eval_recipe が metrics.json に未記載),1231,phase per-phase F1 (主指標、規則 R-topk 採用) / accuracy / macro-F1。5 epoch 選択規則 (R-acc/R-last/R-loss/R-mf1/R-topk) を同一学習軌跡から比較し val_metric_sd 最小の R-topk を採用。判定は seed x 反復 (n=9) の Welch + 動画別符号一致,"seed=123, rep=1, in_dim=7680, epochs=50, train_seconds=21.8901
system=randROI seed=123 rep=1 in_dim=7680 epochs=50 train_seconds=21.9
5規則比較(*=採用): R-acc: val_acc=0.9637 test_acc=0.8914 | R-last: val_acc=0.9591 test_acc=0.8985 | R-loss: val_acc=0.9637 test_acc=0.8914 | R-mf1: val_acc=0.9624 test_acc=0.9060 | R-topk*: val_acc=0.9650 test_acc=0.9018
[R-topk] selected_epoch=[16, 20, 25] val: acc=0.9650 macroF1=0.8340 jaccard=0.8125 | incision=0.9617 hemostasis=0.9455 closure=0.9652
[R-topk] test: acc=0.9018 macroF1=0.7392 jaccard=0.6769 | incision=0.9634 hemostasis=0.8121 closure=0.9492
事前登録: prereg/m2_prediction.md（学習前 commit 42b3ce2・未改変）。選択規則は run 間ばらつきの主要因でない (RULE_INEFFECTIVE, R-topk は R-acc比0.920)。n=3→9で判定が両方向に反転 (5-1 test/incision 非超過→超過、3-2/4-2 超過→非超過)。S3のPASSは維持されず『中間』に該当 (次元寄与43.7%@test/incision)。詳細は RESULTS.md
Artifacts @ lecun
  run_dir: /home/ubuntu/slocal2/m2/experiments/selection_noise_2026-07-29/runs/randROI_seed123_rep1
  predictions: /home/ubuntu/slocal2/m2/experiments/selection_noise_2026-07-29/runs/randROI_seed123_rep1/predictions (10 files)",completed,lecun,False,"DDP 2GPU (RTX A6000 x2) on lecun, manual launcher (E plan, CUDA_VISIBLE_DEVICES per rank)",file://lecun/home/ubuntu/slocal2/m2/experiments/selection_noise_2026-07-29/runs/randROI_seed123_rep1,"{""start"": ""2026-07-30T00:32:00.000+00:00"", ""end"": null, ""time_zone"": null}",B,must,g2f_m2_randROI_seed123_rep1
3adee4d4-7777-8182-a253-e07cf4b4a777,2026-07-30T00:33:00.000Z,2026-07-30T00:33:00.000Z,50bbba6a26ffa0aa12728d887ac3619793b28199,"{""start"": ""2026-07-30T00:33:00.000+00:00"", ""end"": null, ""time_zone"": null}",(eval_recipe が metrics.json に未記載),423,phase per-phase F1 (主指標、規則 R-topk 採用) / accuracy / macro-F1。5 epoch 選択規則 (R-acc/R-last/R-loss/R-mf1/R-topk) を同一学習軌跡から比較し val_metric_sd 最小の R-topk を採用。判定は seed x 反復 (n=9) の Welch + 動画別符号一致,"seed=42, rep=3, in_dim=7680, epochs=50, train_seconds=21.8305
system=randROI seed=42 rep=3 in_dim=7680 epochs=50 train_seconds=21.8
5規則比較(*=採用): R-acc: val_acc=0.9657 test_acc=0.8870 | R-last: val_acc=0.9630 test_acc=0.8947 | R-loss: val_acc=0.9657 test_acc=0.8870 | R-mf1: val_acc=0.9644 test_acc=0.8898 | R-topk*: val_acc=0.9670 test_acc=0.8853
[R-topk] selected_epoch=[29, 31, 37] val: acc=0.9670 macroF1=0.8365 jaccard=0.8170 | incision=0.9736 hemostasis=0.9550 closure=0.9695
[R-topk] test: acc=0.8853 macroF1=0.7253 jaccard=0.6446 | incision=0.9065 hemostasis=0.7780 closure=0.9399
事前登録: prereg/m2_prediction.md（学習前 commit 42b3ce2・未改変）。選択規則は run 間ばらつきの主要因でない (RULE_INEFFECTIVE, R-topk は R-acc比0.920)。n=3→9で判定が両方向に反転 (5-1 test/incision 非超過→超過、3-2/4-2 超過→非超過)。S3のPASSは維持されず『中間』に該当 (次元寄与43.7%@test/incision)。詳細は RESULTS.md
Artifacts @ lecun
  run_dir: /home/ubuntu/slocal2/m2/experiments/selection_noise_2026-07-29/runs/randROI_seed42_rep3
  predictions: /home/ubuntu/slocal2/m2/experiments/selection_noise_2026-07-29/runs/randROI_seed42_rep3/predictions (10 files)",completed,lecun,False,"DDP 2GPU (RTX A6000 x2) on lecun, manual launcher (E plan, CUDA_VISIBLE_DEVICES per rank)",file://lecun/home/ubuntu/slocal2/m2/experiments/selection_noise_2026-07-29/runs/randROI_seed42_rep3,"{""start"": ""2026-07-30T00:32:00.000+00:00"", ""end"": null, ""time_zone"": null}",B,must,g2f_m2_randROI_seed42_rep3
3adee4d4-7777-8186-9d77-c49fada0a99a,2026-07-30T00:33:00.000Z,2026-07-30T00:33:00.000Z,50bbba6a26ffa0aa12728d887ac3619793b28199,"{""start"": ""2026-07-30T00:33:00.000+00:00"", ""end"": null, ""time_zone"": null}",(eval_recipe が metrics.json に未記載),422,phase per-phase F1 (主指標、規則 R-topk 採用) / accuracy / macro-F1。5 epoch 選択規則 (R-acc/R-last/R-loss/R-mf1/R-topk) を同一学習軌跡から比較し val_metric_sd 最小の R-topk を採用。判定は seed x 反復 (n=9) の Welch + 動画別符号一致,"seed=42, rep=2, in_dim=7680, epochs=50, train_seconds=21.7642
system=randROI seed=42 rep=2 in_dim=7680 epochs=50 train_seconds=21.8
5規則比較(*=採用): R-acc: val_acc=0.9657 test_acc=0.8853 | R-last: val_acc=0.9630 test_acc=0.8945 | R-loss: val_acc=0.9637 test_acc=0.8875 | R-mf1: val_acc=0.9657 test_acc=0.8842 | R-topk*: val_acc=0.9657 test_acc=0.8778
[R-topk] selected_epoch=[27, 29, 40] val: acc=0.9657 macroF1=0.8341 jaccard=0.8127 | incision=0.9677 hemostasis=0.9455 closure=0.9703
[R-topk] test: acc=0.8778 macroF1=0.7195 jaccard=0.6464 | incision=0.9226 hemostasis=0.7795 closure=0.9334
事前登録: prereg/m2_prediction.md（学習前 commit 42b3ce2・未改変）。選択規則は run 間ばらつきの主要因でない (RULE_INEFFECTIVE, R-topk は R-acc比0.920)。n=3→9で判定が両方向に反転 (5-1 test/incision 非超過→超過、3-2/4-2 超過→非超過)。S3のPASSは維持されず『中間』に該当 (次元寄与43.7%@test/incision)。詳細は RESULTS.md
Artifacts @ lecun
  run_dir: /home/ubuntu/slocal2/m2/experiments/selection_noise_2026-07-29/runs/randROI_seed42_rep2
  predictions: /home/ubuntu/slocal2/m2/experiments/selection_noise_2026-07-29/runs/randROI_seed42_rep2/predictions (10 files)",completed,lecun,False,"DDP 2GPU (RTX A6000 x2) on lecun, manual launcher (E plan, CUDA_VISIBLE_DEVICES per rank)",file://lecun/home/ubuntu/slocal2/m2/experiments/selection_noise_2026-07-29/runs/randROI_seed42_rep2,"{""start"": ""2026-07-30T00:32:00.000+00:00"", ""end"": null, ""time_zone"": null}",B,must,g2f_m2_randROI_seed42_rep2
3adee4d4-7777-8160-b4e1-f5fa579b770e,2026-07-30T00:33:00.000Z,2026-07-30T00:33:00.000Z,50bbba6a26ffa0aa12728d887ac3619793b28199,"{""start"": ""2026-07-30T00:33:00.000+00:00"", ""end"": null, ""time_zone"": null}",(eval_recipe が metrics.json に未記載),421,phase per-phase F1 (主指標、規則 R-topk 採用) / accuracy / macro-F1。5 epoch 選択規則 (R-acc/R-last/R-loss/R-mf1/R-topk) を同一学習軌跡から比較し val_metric_sd 最小の R-topk を採用。判定は seed x 反復 (n=9) の Welch + 動画別符号一致,"seed=42, rep=1, in_dim=7680, epochs=50, train_seconds=21.2193
system=randROI seed=42 rep=1 in_dim=7680 epochs=50 train_seconds=21.2
5規則比較(*=採用): R-acc: val_acc=0.9670 test_acc=0.8647 | R-last: val_acc=0.9617 test_acc=0.8973 | R-loss: val_acc=0.9637 test_acc=0.8879 | R-mf1: val_acc=0.9670 test_acc=0.8647 | R-topk*: val_acc=0.9663 test_acc=0.8795
[R-topk] selected_epoch=[27, 29, 37] val: acc=0.9663 macroF1=0.8351 jaccard=0.8145 | incision=0.9736 hemostasis=0.9464 closure=0.9703
[R-topk] test: acc=0.8795 macroF1=0.7153 jaccard=0.6345 | incision=0.9253 hemostasis=0.7662 closure=0.9358
事前登録: prereg/m2_prediction.md（学習前 commit 42b3ce2・未改変）。選択規則は run 間ばらつきの主要因でない (RULE_INEFFECTIVE, R-topk は R-acc比0.920)。n=3→9で判定が両方向に反転 (5-1 test/incision 非超過→超過、3-2/4-2 超過→非超過)。S3のPASSは維持されず『中間』に該当 (次元寄与43.7%@test/incision)。詳細は RESULTS.md
Artifacts @ lecun
  run_dir: /home/ubuntu/slocal2/m2/experiments/selection_noise_2026-07-29/runs/randROI_seed42_rep1
  predictions: /home/ubuntu/slocal2/m2/experiments/selection_noise_2026-07-29/runs/randROI_seed42_rep1/predictions (10 files)",completed,lecun,False,"DDP 2GPU (RTX A6000 x2) on lecun, manual launcher (E plan, CUDA_VISIBLE_DEVICES per rank)",file://lecun/home/ubuntu/slocal2/m2/experiments/selection_noise_2026-07-29/runs/randROI_seed42_rep1,"{""start"": ""2026-07-30T00:32:00.000+00:00"", ""end"": null, ""time_zone"": null}",B,must,g2f_m2_randROI_seed42_rep1
3adee4d4-7777-817b-a915-d251ec115d38,2026-07-30T00:33:00.000Z,2026-07-30T00:33:00.000Z,50bbba6a26ffa0aa12728d887ac3619793b28199,"{""start"": ""2026-07-30T00:33:00.000+00:00"", ""end"": null, ""time_zone"": null}",(eval_recipe が metrics.json に未記載),4563,phase per-phase F1 (主指標、規則 R-topk 採用) / accuracy / macro-F1。5 epoch 選択規則 (R-acc/R-last/R-loss/R-mf1/R-topk) を同一学習軌跡から比較し val_metric_sd 最小の R-topk を採用。判定は seed x 反復 (n=9) の Welch + 動画別符号一致,"seed=456, rep=3, in_dim=7680, epochs=50, train_seconds=23.3403
system=maskROI seed=456 rep=3 in_dim=7680 epochs=50 train_seconds=23.3
5規則比較(*=採用): R-acc: val_acc=0.9663 test_acc=0.8851 | R-last: val_acc=0.9611 test_acc=0.8921 | R-loss: val_acc=0.9591 test_acc=0.8828 | R-mf1: val_acc=0.9650 test_acc=0.8898 | R-topk*: val_acc=0.9650 test_acc=0.8879
[R-topk] selected_epoch=[28, 31, 37] val: acc=0.9650 macroF1=0.8360 jaccard=0.8161 | incision=0.9645 hemostasis=0.9643 closure=0.9659
[R-topk] test: acc=0.8879 macroF1=0.7241 jaccard=0.6383 | incision=0.9405 hemostasis=0.7495 closure=0.9421
事前登録: prereg/m2_prediction.md（学習前 commit 42b3ce2・未改変）。選択規則は run 間ばらつきの主要因でない (RULE_INEFFECTIVE, R-topk は R-acc比0.920)。n=3→9で判定が両方向に反転 (5-1 test/incision 非超過→超過、3-2/4-2 超過→非超過)。S3のPASSは維持されず『中間』に該当 (次元寄与43.7%@test/incision)。詳細は RESULTS.md
Artifacts @ lecun
  run_dir: /home/ubuntu/slocal2/m2/experiments/selection_noise_2026-07-29/runs/maskROI_seed456_rep3
  predictions: /home/ubuntu/slocal2/m2/experiments/selection_noise_2026-07-29/runs/maskROI_seed456_rep3/predictions (10 files)",completed,lecun,False,"DDP 2GPU (RTX A6000 x2) on lecun, manual launcher (E plan, CUDA_VISIBLE_DEVICES per rank)",file://lecun/home/ubuntu/slocal2/m2/experiments/selection_noise_2026-07-29/runs/maskROI_seed456_rep3,"{""start"": ""2026-07-30T00:32:00.000+00:00"", ""end"": null, ""time_zone"": null}",B,must,g2f_m2_maskROI_seed456_rep3
3adee4d4-7777-81df-903f-edce4c7d86d5,2026-07-30T00:33:00.000Z,2026-07-30T00:33:00.000Z,50bbba6a26ffa0aa12728d887ac3619793b28199,"{""start"": ""2026-07-30T00:33:00.000+00:00"", ""end"": null, ""time_zone"": null}",(eval_recipe が metrics.json に未記載),4562,phase per-phase F1 (主指標、規則 R-topk 採用) / accuracy / macro-F1。5 epoch 選択規則 (R-acc/R-last/R-loss/R-mf1/R-topk) を同一学習軌跡から比較し val_metric_sd 最小の R-topk を採用。判定は seed x 反復 (n=9) の Welch + 動画別符号一致,"seed=456, rep=2, in_dim=7680, epochs=50, train_seconds=21.7148
system=maskROI seed=456 rep=2 in_dim=7680 epochs=50 train_seconds=21.7
5規則比較(*=採用): R-acc: val_acc=0.9624 test_acc=0.8900 | R-last: val_acc=0.9465 test_acc=0.8631 | R-loss: val_acc=0.9584 test_acc=0.8818 | R-mf1: val_acc=0.9624 test_acc=0.8900 | R-topk*: val_acc=0.9630 test_acc=0.8933
[R-topk] selected_epoch=[22, 30, 37] val: acc=0.9630 macroF1=0.8349 jaccard=0.8140 | incision=0.9614 hemostasis=0.9636 closure=0.9619
[R-topk] test: acc=0.8933 macroF1=0.7231 jaccard=0.6440 | incision=0.9461 hemostasis=0.7576 closure=0.9461
事前登録: prereg/m2_prediction.md（学習前 commit 42b3ce2・未改変）。選択規則は run 間ばらつきの主要因でない (RULE_INEFFECTIVE, R-topk は R-acc比0.920)。n=3→9で判定が両方向に反転 (5-1 test/incision 非超過→超過、3-2/4-2 超過→非超過)。S3のPASSは維持されず『中間』に該当 (次元寄与43.7%@test/incision)。詳細は RESULTS.md
Artifacts @ lecun
  run_dir: /home/ubuntu/slocal2/m2/experiments/selection_noise_2026-07-29/runs/maskROI_seed456_rep2
  predictions: /home/ubuntu/slocal2/m2/experiments/selection_noise_2026-07-29/runs/maskROI_seed456_rep2/predictions (10 files)",completed,lecun,False,"DDP 2GPU (RTX A6000 x2) on lecun, manual launcher (E plan, CUDA_VISIBLE_DEVICES per rank)",file://lecun/home/ubuntu/slocal2/m2/experiments/selection_noise_2026-07-29/runs/maskROI_seed456_rep2,"{""start"": ""2026-07-30T00:32:00.000+00:00"", ""end"": null, ""time_zone"": null}",B,must,g2f_m2_maskROI_seed456_rep2
3adee4d4-7777-8121-bcd9-fdb4af79d98f,2026-07-30T00:33:00.000Z,2026-07-30T00:33:00.000Z,50bbba6a26ffa0aa12728d887ac3619793b28199,"{""start"": ""2026-07-30T00:33:00.000+00:00"", ""end"": null, ""time_zone"": null}",(eval_recipe が metrics.json に未記載),4561,phase per-phase F1 (主指標、規則 R-topk 採用) / accuracy / macro-F1。5 epoch 選択規則 (R-acc/R-last/R-loss/R-mf1/R-topk) を同一学習軌跡から比較し val_metric_sd 最小の R-topk を採用。判定は seed x 反復 (n=9) の Welch + 動画別符号一致,"seed=456, rep=1, in_dim=7680, epochs=50, train_seconds=20.8039
system=maskROI seed=456 rep=1 in_dim=7680 epochs=50 train_seconds=20.8
5規則比較(*=採用): R-acc: val_acc=0.9657 test_acc=0.8945 | R-last: val_acc=0.9551 test_acc=0.8825 | R-loss: val_acc=0.9578 test_acc=0.8982 | R-mf1: val_acc=0.9657 test_acc=0.8945 | R-topk*: val_acc=0.9650 test_acc=0.8950
[R-topk] selected_epoch=[31, 33, 37] val: acc=0.9650 macroF1=0.8357 jaccard=0.8155 | incision=0.9614 hemostasis=0.9636 closure=0.9653
[R-topk] test: acc=0.8950 macroF1=0.7312 jaccard=0.6505 | incision=0.9309 hemostasis=0.7652 closure=0.9468
事前登録: prereg/m2_prediction.md（学習前 commit 42b3ce2・未改変）。選択規則は run 間ばらつきの主要因でない (RULE_INEFFECTIVE, R-topk は R-acc比0.920)。n=3→9で判定が両方向に反転 (5-1 test/incision 非超過→超過、3-2/4-2 超過→非超過)。S3のPASSは維持されず『中間』に該当 (次元寄与43.7%@test/incision)。詳細は RESULTS.md
Artifacts @ lecun
  run_dir: /home/ubuntu/slocal2/m2/experiments/selection_noise_2026-07-29/runs/maskROI_seed456_rep1
  predictions: /home/ubuntu/slocal2/m2/experiments/selection_noise_2026-07-29/runs/maskROI_seed456_rep1/predictions (10 files)",completed,lecun,False,"DDP 2GPU (RTX A6000 x2) on lecun, manual launcher (E plan, CUDA_VISIBLE_DEVICES per rank)",file://lecun/home/ubuntu/slocal2/m2/experiments/selection_noise_2026-07-29/runs/maskROI_seed456_rep1,"{""start"": ""2026-07-30T00:32:00.000+00:00"", ""end"": null, ""time_zone"": null}",B,must,g2f_m2_maskROI_seed456_rep1
3adee4d4-7777-81ad-b862-c5e8d30966ed,2026-07-30T00:33:00.000Z,2026-07-30T00:33:00.000Z,50bbba6a26ffa0aa12728d887ac3619793b28199,"{""start"": ""2026-07-30T00:33:00.000+00:00"", ""end"": null, ""time_zone"": null}",(eval_recipe が metrics.json に未記載),1233,phase per-phase F1 (主指標、規則 R-topk 採用) / accuracy / macro-F1。5 epoch 選択規則 (R-acc/R-last/R-loss/R-mf1/R-topk) を同一学習軌跡から比較し val_metric_sd 最小の R-topk を採用。判定は seed x 反復 (n=9) の Welch + 動画別符号一致,"seed=123, rep=3, in_dim=7680, epochs=50, train_seconds=21.5746
system=maskROI seed=123 rep=3 in_dim=7680 epochs=50 train_seconds=21.6
5規則比較(*=採用): R-acc: val_acc=0.9663 test_acc=0.8994 | R-last: val_acc=0.9617 test_acc=0.8966 | R-loss: val_acc=0.9624 test_acc=0.8891 | R-mf1: val_acc=0.9663 test_acc=0.8994 | R-topk*: val_acc=0.9657 test_acc=0.8919
[R-topk] selected_epoch=[18, 23, 44] val: acc=0.9657 macroF1=0.8340 jaccard=0.8125 | incision=0.9645 hemostasis=0.9464 closure=0.9677
[R-topk] test: acc=0.8919 macroF1=0.7303 jaccard=0.6643 | incision=0.9544 hemostasis=0.8018 closure=0.9426
事前登録: prereg/m2_prediction.md（学習前 commit 42b3ce2・未改変）。選択規則は run 間ばらつきの主要因でない (RULE_INEFFECTIVE, R-topk は R-acc比0.920)。n=3→9で判定が両方向に反転 (5-1 test/incision 非超過→超過、3-2/4-2 超過→非超過)。S3のPASSは維持されず『中間』に該当 (次元寄与43.7%@test/incision)。詳細は RESULTS.md
Artifacts @ lecun
  run_dir: /home/ubuntu/slocal2/m2/experiments/selection_noise_2026-07-29/runs/maskROI_seed123_rep3
  predictions: /home/ubuntu/slocal2/m2/experiments/selection_noise_2026-07-29/runs/maskROI_seed123_rep3/predictions (10 files)",completed,lecun,False,"DDP 2GPU (RTX A6000 x2) on lecun, manual launcher (E plan, CUDA_VISIBLE_DEVICES per rank)",file://lecun/home/ubuntu/slocal2/m2/experiments/selection_noise_2026-07-29/runs/maskROI_seed123_rep3,"{""start"": ""2026-07-30T00:32:00.000+00:00"", ""end"": null, ""time_zone"": null}",B,must,g2f_m2_maskROI_seed123_rep3
3adee4d4-7777-8184-bcb0-d7ecdc54b3b0,2026-07-30T00:33:00.000Z,2026-07-30T00:33:00.000Z,50bbba6a26ffa0aa12728d887ac3619793b28199,"{""start"": ""2026-07-30T00:33:00.000+00:00"", ""end"": null, ""time_zone"": null}",(eval_recipe が metrics.json に未記載),1232,phase per-phase F1 (主指標、規則 R-topk 採用) / accuracy / macro-F1。5 epoch 選択規則 (R-acc/R-last/R-loss/R-mf1/R-topk) を同一学習軌跡から比較し val_metric_sd 最小の R-topk を採用。判定は seed x 反復 (n=9) の Welch + 動画別符号一致,"seed=123, rep=2, in_dim=7680, epochs=50, train_seconds=22.3156
system=maskROI seed=123 rep=2 in_dim=7680 epochs=50 train_seconds=22.3
5規則比較(*=採用): R-acc: val_acc=0.9630 test_acc=0.8898 | R-last: val_acc=0.9617 test_acc=0.8846 | R-loss: val_acc=0.9630 test_acc=0.8898 | R-mf1: val_acc=0.9617 test_acc=0.8938 | R-topk*: val_acc=0.9644 test_acc=0.8966
[R-topk] selected_epoch=[16, 23, 36] val: acc=0.9644 macroF1=0.8330 jaccard=0.8108 | incision=0.9643 hemostasis=0.9381 closure=0.9653
[R-topk] test: acc=0.8966 macroF1=0.7408 jaccard=0.6737 | incision=0.9544 hemostasis=0.7946 closure=0.9466
事前登録: prereg/m2_prediction.md（学習前 commit 42b3ce2・未改変）。選択規則は run 間ばらつきの主要因でない (RULE_INEFFECTIVE, R-topk は R-acc比0.920)。n=3→9で判定が両方向に反転 (5-1 test/incision 非超過→超過、3-2/4-2 超過→非超過)。S3のPASSは維持されず『中間』に該当 (次元寄与43.7%@test/incision)。詳細は RESULTS.md
Artifacts @ lecun
  run_dir: /home/ubuntu/slocal2/m2/experiments/selection_noise_2026-07-29/runs/maskROI_seed123_rep2
  predictions: /home/ubuntu/slocal2/m2/experiments/selection_noise_2026-07-29/runs/maskROI_seed123_rep2/predictions (10 files)",completed,lecun,False,"DDP 2GPU (RTX A6000 x2) on lecun, manual launcher (E plan, CUDA_VISIBLE_DEVICES per rank)",file://lecun/home/ubuntu/slocal2/m2/experiments/selection_noise_2026-07-29/runs/maskROI_seed123_rep2,"{""start"": ""2026-07-30T00:32:00.000+00:00"", ""end"": null, ""time_zone"": null}",B,must,g2f_m2_maskROI_seed123_rep2
3adee4d4-7777-81f5-8770-f00f7872984b,2026-07-30T00:33:00.000Z,2026-07-30T00:33:00.000Z,50bbba6a26ffa0aa12728d887ac3619793b28199,"{""start"": ""2026-07-30T00:33:00.000+00:00"", ""end"": null, ""time_zone"": null}",(eval_recipe が metrics.json に未記載),1231,phase per-phase F1 (主指標、規則 R-topk 採用) / accuracy / macro-F1。5 epoch 選択規則 (R-acc/R-last/R-loss/R-mf1/R-topk) を同一学習軌跡から比較し val_metric_sd 最小の R-topk を採用。判定は seed x 反復 (n=9) の Welch + 動画別符号一致,"seed=123, rep=1, in_dim=7680, epochs=50, train_seconds=20.9302
system=maskROI seed=123 rep=1 in_dim=7680 epochs=50 train_seconds=20.9
5規則比較(*=採用): R-acc: val_acc=0.9657 test_acc=0.9102 | R-last: val_acc=0.9597 test_acc=0.8865 | R-loss: val_acc=0.9637 test_acc=0.8898 | R-mf1: val_acc=0.9644 test_acc=0.8964 | R-topk*: val_acc=0.9630 test_acc=0.9050
[R-topk] selected_epoch=[18, 20, 25] val: acc=0.9630 macroF1=0.8301 jaccard=0.8057 | incision=0.9588 hemostasis=0.9245 closure=0.9652
[R-topk] test: acc=0.9050 macroF1=0.7376 jaccard=0.6764 | incision=0.9636 hemostasis=0.8134 closure=0.9506
事前登録: prereg/m2_prediction.md（学習前 commit 42b3ce2・未改変）。選択規則は run 間ばらつきの主要因でない (RULE_INEFFECTIVE, R-topk は R-acc比0.920)。n=3→9で判定が両方向に反転 (5-1 test/incision 非超過→超過、3-2/4-2 超過→非超過)。S3のPASSは維持されず『中間』に該当 (次元寄与43.7%@test/incision)。詳細は RESULTS.md
Artifacts @ lecun
  run_dir: /home/ubuntu/slocal2/m2/experiments/selection_noise_2026-07-29/runs/maskROI_seed123_rep1
  predictions: /home/ubuntu/slocal2/m2/experiments/selection_noise_2026-07-29/runs/maskROI_seed123_rep1/predictions (10 files)",completed,lecun,False,"DDP 2GPU (RTX A6000 x2) on lecun, manual launcher (E plan, CUDA_VISIBLE_DEVICES per rank)",file://lecun/home/ubuntu/slocal2/m2/experiments/selection_noise_2026-07-29/runs/maskROI_seed123_rep1,"{""start"": ""2026-07-30T00:32:00.000+00:00"", ""end"": null, ""time_zone"": null}",B,must,g2f_m2_maskROI_seed123_rep1
3adee4d4-7777-8119-8438-f276ebb19ab4,2026-07-30T00:33:00.000Z,2026-07-30T00:33:00.000Z,50bbba6a26ffa0aa12728d887ac3619793b28199,"{""start"": ""2026-07-30T00:33:00.000+00:00"", ""end"": null, ""time_zone"": null}",(eval_recipe が metrics.json に未記載),423,phase per-phase F1 (主指標、規則 R-topk 採用) / accuracy / macro-F1。5 epoch 選択規則 (R-acc/R-last/R-loss/R-mf1/R-topk) を同一学習軌跡から比較し val_metric_sd 最小の R-topk を採用。判定は seed x 反復 (n=9) の Welch + 動画別符号一致,"seed=42, rep=3, in_dim=7680, epochs=50, train_seconds=22.1389
system=maskROI seed=42 rep=3 in_dim=7680 epochs=50 train_seconds=22.1
5規則比較(*=採用): R-acc: val_acc=0.9677 test_acc=0.8966 | R-last: val_acc=0.9677 test_acc=0.8966 | R-loss: val_acc=0.9630 test_acc=0.8870 | R-mf1: val_acc=0.9677 test_acc=0.8966 | R-topk*: val_acc=0.9670 test_acc=0.8989
[R-topk] selected_epoch=[34, 43, 49] val: acc=0.9670 macroF1=0.8382 jaccard=0.8202 | incision=0.9676 hemostasis=0.9730 closure=0.9694
[R-topk] test: acc=0.8989 macroF1=0.7398 jaccard=0.6675 | incision=0.9408 hemostasis=0.7559 closure=0.9498
事前登録: prereg/m2_prediction.md（学習前 commit 42b3ce2・未改変）。選択規則は run 間ばらつきの主要因でない (RULE_INEFFECTIVE, R-topk は R-acc比0.920)。n=3→9で判定が両方向に反転 (5-1 test/incision 非超過→超過、3-2/4-2 超過→非超過)。S3のPASSは維持されず『中間』に該当 (次元寄与43.7%@test/incision)。詳細は RESULTS.md
Artifacts @ lecun
  run_dir: /home/ubuntu/slocal2/m2/experiments/selection_noise_2026-07-29/runs/maskROI_seed42_rep3
  predictions: /home/ubuntu/slocal2/m2/experiments/selection_noise_2026-07-29/runs/maskROI_seed42_rep3/predictions (10 files)",completed,lecun,False,"DDP 2GPU (RTX A6000 x2) on lecun, manual launcher (E plan, CUDA_VISIBLE_DEVICES per rank)",file://lecun/home/ubuntu/slocal2/m2/experiments/selection_noise_2026-07-29/runs/maskROI_seed42_rep3,"{""start"": ""2026-07-30T00:32:00.000+00:00"", ""end"": null, ""time_zone"": null}",B,must,g2f_m2_maskROI_seed42_rep3
3adee4d4-7777-813d-a8e5-d6981fb6cea4,2026-07-30T00:33:00.000Z,2026-07-30T00:33:00.000Z,50bbba6a26ffa0aa12728d887ac3619793b28199,"{""start"": ""2026-07-30T00:33:00.000+00:00"", ""end"": null, ""time_zone"": null}",(eval_recipe が metrics.json に未記載),422,phase per-phase F1 (主指標、規則 R-topk 採用) / accuracy / macro-F1。5 epoch 選択規則 (R-acc/R-last/R-loss/R-mf1/R-topk) を同一学習軌跡から比較し val_metric_sd 最小の R-topk を採用。判定は seed x 反復 (n=9) の Welch + 動画別符号一致,"seed=42, rep=2, in_dim=7680, epochs=50, train_seconds=21.8810
system=maskROI seed=42 rep=2 in_dim=7680 epochs=50 train_seconds=21.9
5規則比較(*=採用): R-acc: val_acc=0.9663 test_acc=0.8919 | R-last: val_acc=0.9650 test_acc=0.8943 | R-loss: val_acc=0.9644 test_acc=0.8889 | R-mf1: val_acc=0.9663 test_acc=0.8931 | R-topk*: val_acc=0.9663 test_acc=0.8954
[R-topk] selected_epoch=[35, 45, 47] val: acc=0.9663 macroF1=0.8368 jaccard=0.8175 | incision=0.9676 hemostasis=0.9636 closure=0.9678
[R-topk] test: acc=0.8954 macroF1=0.7433 jaccard=0.6721 | incision=0.9436 hemostasis=0.7621 closure=0.9461
事前登録: prereg/m2_prediction.md（学習前 commit 42b3ce2・未改変）。選択規則は run 間ばらつきの主要因でない (RULE_INEFFECTIVE, R-topk は R-acc比0.920)。n=3→9で判定が両方向に反転 (5-1 test/incision 非超過→超過、3-2/4-2 超過→非超過)。S3のPASSは維持されず『中間』に該当 (次元寄与43.7%@test/incision)。詳細は RESULTS.md
Artifacts @ lecun
  run_dir: /home/ubuntu/slocal2/m2/experiments/selection_noise_2026-07-29/runs/maskROI_seed42_rep2
  predictions: /home/ubuntu/slocal2/m2/experiments/selection_noise_2026-07-29/runs/maskROI_seed42_rep2/predictions (10 files)",completed,lecun,False,"DDP 2GPU (RTX A6000 x2) on lecun, manual launcher (E plan, CUDA_VISIBLE_DEVICES per rank)",file://lecun/home/ubuntu/slocal2/m2/experiments/selection_noise_2026-07-29/runs/maskROI_seed42_rep2,"{""start"": ""2026-07-30T00:32:00.000+00:00"", ""end"": null, ""time_zone"": null}",B,must,g2f_m2_maskROI_seed42_rep2
3adee4d4-7777-81ba-8573-e7307a6fc7f5,2026-07-30T00:33:00.000Z,2026-07-30T00:33:00.000Z,50bbba6a26ffa0aa12728d887ac3619793b28199,"{""start"": ""2026-07-30T00:33:00.000+00:00"", ""end"": null, ""time_zone"": null}",(eval_recipe が metrics.json に未記載),421,phase per-phase F1 (主指標、規則 R-topk 採用) / accuracy / macro-F1。5 epoch 選択規則 (R-acc/R-last/R-loss/R-mf1/R-topk) を同一学習軌跡から比較し val_metric_sd 最小の R-topk を採用。判定は seed x 反復 (n=9) の Welch + 動画別符号一致,"seed=42, rep=1, in_dim=7680, epochs=50, train_seconds=21.2578
system=maskROI seed=42 rep=1 in_dim=7680 epochs=50 train_seconds=21.3
5規則比較(*=採用): R-acc: val_acc=0.9663 test_acc=0.8938 | R-last: val_acc=0.9657 test_acc=0.8947 | R-loss: val_acc=0.9644 test_acc=0.8884 | R-mf1: val_acc=0.9663 test_acc=0.8938 | R-topk*: val_acc=0.9657 test_acc=0.8917
[R-topk] selected_epoch=[31, 35, 40] val: acc=0.9657 macroF1=0.8339 jaccard=0.8122 | incision=0.9647 hemostasis=0.9455 closure=0.9686
[R-topk] test: acc=0.8917 macroF1=0.7254 jaccard=0.6419 | incision=0.9388 hemostasis=0.7672 closure=0.9429
事前登録: prereg/m2_prediction.md（学習前 commit 42b3ce2・未改変）。選択規則は run 間ばらつきの主要因でない (RULE_INEFFECTIVE, R-topk は R-acc比0.920)。n=3→9で判定が両方向に反転 (5-1 test/incision 非超過→超過、3-2/4-2 超過→非超過)。S3のPASSは維持されず『中間』に該当 (次元寄与43.7%@test/incision)。詳細は RESULTS.md
Artifacts @ lecun
  run_dir: /home/ubuntu/slocal2/m2/experiments/selection_noise_2026-07-29/runs/maskROI_seed42_rep1
  predictions: /home/ubuntu/slocal2/m2/experiments/selection_noise_2026-07-29/runs/maskROI_seed42_rep1/predictions (10 files)",completed,lecun,False,"DDP 2GPU (RTX A6000 x2) on lecun, manual launcher (E plan, CUDA_VISIBLE_DEVICES per rank)",file://lecun/home/ubuntu/slocal2/m2/experiments/selection_noise_2026-07-29/runs/maskROI_seed42_rep1,"{""start"": ""2026-07-30T00:32:00.000+00:00"", ""end"": null, ""time_zone"": null}",B,must,g2f_m2_maskROI_seed42_rep1
3adee4d4-7777-81da-ae02-fc18a4efdc88,2026-07-30T00:33:00.000Z,2026-07-30T00:33:00.000Z,50bbba6a26ffa0aa12728d887ac3619793b28199,"{""start"": ""2026-07-30T00:33:00.000+00:00"", ""end"": null, ""time_zone"": null}",(eval_recipe が metrics.json に未記載),4563,phase per-phase F1 (主指標、規則 R-topk 採用) / accuracy / macro-F1。5 epoch 選択規則 (R-acc/R-last/R-loss/R-mf1/R-topk) を同一学習軌跡から比較し val_metric_sd 最小の R-topk を採用。判定は seed x 反復 (n=9) の Welch + 動画別符号一致,"seed=456, rep=3, in_dim=4352, epochs=50, train_seconds=21.4944
system=handROImask2 seed=456 rep=3 in_dim=4352 epochs=50 train_seconds=21.5
5規則比較(*=採用): R-acc: val_acc=0.9479 test_acc=0.8544 | R-last: val_acc=0.9459 test_acc=0.8427 | R-loss: val_acc=0.9479 test_acc=0.8544 | R-mf1: val_acc=0.9459 test_acc=0.8427 | R-topk*: val_acc=0.9465 test_acc=0.8495
[R-topk] selected_epoch=[24, 38, 49] val: acc=0.9465 macroF1=0.8047 jaccard=0.7636 | incision=0.9405 hemostasis=0.8041 closure=0.9584
[R-topk] test: acc=0.8495 macroF1=0.7047 jaccard=0.6228 | incision=0.9255 hemostasis=0.7661 closure=0.9116
事前登録: prereg/m2_prediction.md（学習前 commit 42b3ce2・未改変）。選択規則は run 間ばらつきの主要因でない (RULE_INEFFECTIVE, R-topk は R-acc比0.920)。n=3→9で判定が両方向に反転 (5-1 test/incision 非超過→超過、3-2/4-2 超過→非超過)。S3のPASSは維持されず『中間』に該当 (次元寄与43.7%@test/incision)。詳細は RESULTS.md
Artifacts @ lecun
  run_dir: /home/ubuntu/slocal2/m2/experiments/selection_noise_2026-07-29/runs/handROImask2_seed456_rep3
  predictions: /home/ubuntu/slocal2/m2/experiments/selection_noise_2026-07-29/runs/handROImask2_seed456_rep3/predictions (10 files)",completed,lecun,False,"DDP 2GPU (RTX A6000 x2) on lecun, manual launcher (E plan, CUDA_VISIBLE_DEVICES per rank)",file://lecun/home/ubuntu/slocal2/m2/experiments/selection_noise_2026-07-29/runs/handROImask2_seed456_rep3,"{""start"": ""2026-07-30T00:32:00.000+00:00"", ""end"": null, ""time_zone"": null}",B,must,g2f_m2_handROImask2_seed456_rep3
3adee4d4-7777-81eb-9e88-df0c02d714ad,2026-07-30T00:33:00.000Z,2026-07-30T00:33:00.000Z,50bbba6a26ffa0aa12728d887ac3619793b28199,"{""start"": ""2026-07-30T00:33:00.000+00:00"", ""end"": null, ""time_zone"": null}",(eval_recipe が metrics.json に未記載),4562,phase per-phase F1 (主指標、規則 R-topk 採用) / accuracy / macro-F1。5 epoch 選択規則 (R-acc/R-last/R-loss/R-mf1/R-topk) を同一学習軌跡から比較し val_metric_sd 最小の R-topk を採用。判定は seed x 反復 (n=9) の Welch + 動画別符号一致,"seed=456, rep=2, in_dim=4352, epochs=50, train_seconds=21.6299
system=handROImask2 seed=456 rep=2 in_dim=4352 epochs=50 train_seconds=21.6
5規則比較(*=採用): R-acc: val_acc=0.9472 test_acc=0.8460 | R-last: val_acc=0.9465 test_acc=0.8476 | R-loss: val_acc=0.9472 test_acc=0.8460 | R-mf1: val_acc=0.9465 test_acc=0.8476 | R-topk*: val_acc=0.9452 test_acc=0.8488
[R-topk] selected_epoch=[24, 38, 49] val: acc=0.9452 macroF1=0.8025 jaccard=0.7604 | incision=0.9405 hemostasis=0.7917 closure=0.9576
[R-topk] test: acc=0.8488 macroF1=0.7071 jaccard=0.6246 | incision=0.9235 hemostasis=0.7746 closure=0.9100
事前登録: prereg/m2_prediction.md（学習前 commit 42b3ce2・未改変）。選択規則は run 間ばらつきの主要因でない (RULE_INEFFECTIVE, R-topk は R-acc比0.920)。n=3→9で判定が両方向に反転 (5-1 test/incision 非超過→超過、3-2/4-2 超過→非超過)。S3のPASSは維持されず『中間』に該当 (次元寄与43.7%@test/incision)。詳細は RESULTS.md
Artifacts @ lecun
  run_dir: /home/ubuntu/slocal2/m2/experiments/selection_noise_2026-07-29/runs/handROImask2_seed456_rep2
  predictions: /home/ubuntu/slocal2/m2/experiments/selection_noise_2026-07-29/runs/handROImask2_seed456_rep2/predictions (10 files)",completed,lecun,False,"DDP 2GPU (RTX A6000 x2) on lecun, manual launcher (E plan, CUDA_VISIBLE_DEVICES per rank)",file://lecun/home/ubuntu/slocal2/m2/experiments/selection_noise_2026-07-29/runs/handROImask2_seed456_rep2,"{""start"": ""2026-07-30T00:32:00.000+00:00"", ""end"": null, ""time_zone"": null}",B,must,g2f_m2_handROImask2_seed456_rep2
3adee4d4-7777-814c-ae04-c6ea526b93a4,2026-07-30T00:33:00.000Z,2026-07-30T00:33:00.000Z,50bbba6a26ffa0aa12728d887ac3619793b28199,"{""start"": ""2026-07-30T00:33:00.000+00:00"", ""end"": null, ""time_zone"": null}",(eval_recipe が metrics.json に未記載),4561,phase per-phase F1 (主指標、規則 R-topk 採用) / accuracy / macro-F1。5 epoch 選択規則 (R-acc/R-last/R-loss/R-mf1/R-topk) を同一学習軌跡から比較し val_metric_sd 最小の R-topk を採用。判定は seed x 反復 (n=9) の Welch + 動画別符号一致,"seed=456, rep=1, in_dim=4352, epochs=50, train_seconds=20.6296
system=handROImask2 seed=456 rep=1 in_dim=4352 epochs=50 train_seconds=20.6
5規則比較(*=採用): R-acc: val_acc=0.9472 test_acc=0.8528 | R-last: val_acc=0.9439 test_acc=0.8396 | R-loss: val_acc=0.9472 test_acc=0.8528 | R-mf1: val_acc=0.9452 test_acc=0.8392 | R-topk*: val_acc=0.9472 test_acc=0.8406
[R-topk] selected_epoch=[15, 24, 34] val: acc=0.9472 macroF1=0.8034 jaccard=0.7620 | incision=0.9408 hemostasis=0.7917 closure=0.9593
[R-topk] test: acc=0.8406 macroF1=0.6899 jaccard=0.6079 | incision=0.9277 hemostasis=0.7731 closure=0.9046
事前登録: prereg/m2_prediction.md（学習前 commit 42b3ce2・未改変）。選択規則は run 間ばらつきの主要因でない (RULE_INEFFECTIVE, R-topk は R-acc比0.920)。n=3→9で判定が両方向に反転 (5-1 test/incision 非超過→超過、3-2/4-2 超過→非超過)。S3のPASSは維持されず『中間』に該当 (次元寄与43.7%@test/incision)。詳細は RESULTS.md
Artifacts @ lecun
  run_dir: /home/ubuntu/slocal2/m2/experiments/selection_noise_2026-07-29/runs/handROImask2_seed456_rep1
  predictions: /home/ubuntu/slocal2/m2/experiments/selection_noise_2026-07-29/runs/handROImask2_seed456_rep1/predictions (10 files)",completed,lecun,False,"DDP 2GPU (RTX A6000 x2) on lecun, manual launcher (E plan, CUDA_VISIBLE_DEVICES per rank)",file://lecun/home/ubuntu/slocal2/m2/experiments/selection_noise_2026-07-29/runs/handROImask2_seed456_rep1,"{""start"": ""2026-07-30T00:32:00.000+00:00"", ""end"": null, ""time_zone"": null}",B,must,g2f_m2_handROImask2_seed456_rep1
3adee4d4-7777-81b8-a496-f25d816b1a4d,2026-07-30T00:33:00.000Z,2026-07-30T00:33:00.000Z,50bbba6a26ffa0aa12728d887ac3619793b28199,"{""start"": ""2026-07-30T00:33:00.000+00:00"", ""end"": null, ""time_zone"": null}",(eval_recipe が metrics.json に未記載),1233,phase per-phase F1 (主指標、規則 R-topk 採用) / accuracy / macro-F1。5 epoch 選択規則 (R-acc/R-last/R-loss/R-mf1/R-topk) を同一学習軌跡から比較し val_metric_sd 最小の R-topk を採用。判定は seed x 反復 (n=9) の Welch + 動画別符号一致,"seed=123, rep=3, in_dim=4352, epochs=50, train_seconds=21.1813
system=handROImask2 seed=123 rep=3 in_dim=4352 epochs=50 train_seconds=21.2
5規則比較(*=採用): R-acc: val_acc=0.9485 test_acc=0.8354 | R-last: val_acc=0.9419 test_acc=0.8359 | R-loss: val_acc=0.9452 test_acc=0.8429 | R-mf1: val_acc=0.9485 test_acc=0.8354 | R-topk*: val_acc=0.9446 test_acc=0.8549
[R-topk] selected_epoch=[16, 23, 41] val: acc=0.9446 macroF1=0.7957 jaccard=0.7506 | incision=0.9384 hemostasis=0.7527 closure=0.9624
[R-topk] test: acc=0.8549 macroF1=0.6793 jaccard=0.6065 | incision=0.9177 hemostasis=0.7545 closure=0.9193
事前登録: prereg/m2_prediction.md（学習前 commit 42b3ce2・未改変）。選択規則は run 間ばらつきの主要因でない (RULE_INEFFECTIVE, R-topk は R-acc比0.920)。n=3→9で判定が両方向に反転 (5-1 test/incision 非超過→超過、3-2/4-2 超過→非超過)。S3のPASSは維持されず『中間』に該当 (次元寄与43.7%@test/incision)。詳細は RESULTS.md
Artifacts @ lecun
  run_dir: /home/ubuntu/slocal2/m2/experiments/selection_noise_2026-07-29/runs/handROImask2_seed123_rep3
  predictions: /home/ubuntu/slocal2/m2/experiments/selection_noise_2026-07-29/runs/handROImask2_seed123_rep3/predictions (10 files)",completed,lecun,False,"DDP 2GPU (RTX A6000 x2) on lecun, manual launcher (E plan, CUDA_VISIBLE_DEVICES per rank)",file://lecun/home/ubuntu/slocal2/m2/experiments/selection_noise_2026-07-29/runs/handROImask2_seed123_rep3,"{""start"": ""2026-07-30T00:32:00.000+00:00"", ""end"": null, ""time_zone"": null}",B,must,g2f_m2_handROImask2_seed123_rep3
3adee4d4-7777-8167-ac61-fa1c44742140,2026-07-30T00:33:00.000Z,2026-07-30T00:33:00.000Z,50bbba6a26ffa0aa12728d887ac3619793b28199,"{""start"": ""2026-07-30T00:33:00.000+00:00"", ""end"": null, ""time_zone"": null}",(eval_recipe が metrics.json に未記載),1232,phase per-phase F1 (主指標、規則 R-topk 採用) / accuracy / macro-F1。5 epoch 選択規則 (R-acc/R-last/R-loss/R-mf1/R-topk) を同一学習軌跡から比較し val_metric_sd 最小の R-topk を採用。判定は seed x 反復 (n=9) の Welch + 動画別符号一致,"seed=123, rep=2, in_dim=4352, epochs=50, train_seconds=21.0386
system=handROImask2 seed=123 rep=2 in_dim=4352 epochs=50 train_seconds=21.0
5規則比較(*=採用): R-acc: val_acc=0.9479 test_acc=0.8380 | R-last: val_acc=0.9380 test_acc=0.8230 | R-loss: val_acc=0.9439 test_acc=0.8408 | R-mf1: val_acc=0.9479 test_acc=0.8380 | R-topk*: val_acc=0.9459 test_acc=0.8352
[R-topk] selected_epoch=[23, 36, 45] val: acc=0.9459 macroF1=0.8046 jaccard=0.7629 | incision=0.9373 hemostasis=0.8119 closure=0.9594
[R-topk] test: acc=0.8352 macroF1=0.6876 jaccard=0.6028 | incision=0.9206 hemostasis=0.7500 closure=0.9032
事前登録: prereg/m2_prediction.md（学習前 commit 42b3ce2・未改変）。選択規則は run 間ばらつきの主要因でない (RULE_INEFFECTIVE, R-topk は R-acc比0.920)。n=3→9で判定が両方向に反転 (5-1 test/incision 非超過→超過、3-2/4-2 超過→非超過)。S3のPASSは維持されず『中間』に該当 (次元寄与43.7%@test/incision)。詳細は RESULTS.md
Artifacts @ lecun
  run_dir: /home/ubuntu/slocal2/m2/experiments/selection_noise_2026-07-29/runs/handROImask2_seed123_rep2
  predictions: /home/ubuntu/slocal2/m2/experiments/selection_noise_2026-07-29/runs/handROImask2_seed123_rep2/predictions (10 files)",completed,lecun,False,"DDP 2GPU (RTX A6000 x2) on lecun, manual launcher (E plan, CUDA_VISIBLE_DEVICES per rank)",file://lecun/home/ubuntu/slocal2/m2/experiments/selection_noise_2026-07-29/runs/handROImask2_seed123_rep2,"{""start"": ""2026-07-30T00:32:00.000+00:00"", ""end"": null, ""time_zone"": null}",B,must,g2f_m2_handROImask2_seed123_rep2
3adee4d4-7777-81b2-8ab7-f79df4bc6216,2026-07-30T00:33:00.000Z,2026-07-30T00:33:00.000Z,50bbba6a26ffa0aa12728d887ac3619793b28199,"{""start"": ""2026-07-30T00:33:00.000+00:00"", ""end"": null, ""time_zone"": null}",(eval_recipe が metrics.json に未記載),1231,phase per-phase F1 (主指標、規則 R-topk 採用) / accuracy / macro-F1。5 epoch 選択規則 (R-acc/R-last/R-loss/R-mf1/R-topk) を同一学習軌跡から比較し val_metric_sd 最小の R-topk を採用。判定は seed x 反復 (n=9) の Welch + 動画別符号一致,"seed=123, rep=1, in_dim=4352, epochs=50, train_seconds=20.9105
system=handROImask2 seed=123 rep=1 in_dim=4352 epochs=50 train_seconds=20.9
5規則比較(*=採用): R-acc: val_acc=0.9465 test_acc=0.8394 | R-last: val_acc=0.9373 test_acc=0.8244 | R-loss: val_acc=0.9439 test_acc=0.8410 | R-mf1: val_acc=0.9452 test_acc=0.8298 | R-topk*: val_acc=0.9459 test_acc=0.8385
[R-topk] selected_epoch=[23, 36, 48] val: acc=0.9459 macroF1=0.8052 jaccard=0.7637 | incision=0.9377 hemostasis=0.8155 closure=0.9592
[R-topk] test: acc=0.8385 macroF1=0.6904 jaccard=0.6040 | incision=0.9270 hemostasis=0.7320 closure=0.9081
事前登録: prereg/m2_prediction.md（学習前 commit 42b3ce2・未改変）。選択規則は run 間ばらつきの主要因でない (RULE_INEFFECTIVE, R-topk は R-acc比0.920)。n=3→9で判定が両方向に反転 (5-1 test/incision 非超過→超過、3-2/4-2 超過→非超過)。S3のPASSは維持されず『中間』に該当 (次元寄与43.7%@test/incision)。詳細は RESULTS.md
Artifacts @ lecun
  run_dir: /home/ubuntu/slocal2/m2/experiments/selection_noise_2026-07-29/runs/handROImask2_seed123_rep1
  predictions: /home/ubuntu/slocal2/m2/experiments/selection_noise_2026-07-29/runs/handROImask2_seed123_rep1/predictions (10 files)",completed,lecun,False,"DDP 2GPU (RTX A6000 x2) on lecun, manual launcher (E plan, CUDA_VISIBLE_DEVICES per rank)",file://lecun/home/ubuntu/slocal2/m2/experiments/selection_noise_2026-07-29/runs/handROImask2_seed123_rep1,"{""start"": ""2026-07-30T00:32:00.000+00:00"", ""end"": null, ""time_zone"": null}",B,must,g2f_m2_handROImask2_seed123_rep1
3adee4d4-7777-8126-8b5b-d429da100343,2026-07-30T00:33:00.000Z,2026-07-30T00:33:00.000Z,50bbba6a26ffa0aa12728d887ac3619793b28199,"{""start"": ""2026-07-30T00:33:00.000+00:00"", ""end"": null, ""time_zone"": null}",(eval_recipe が metrics.json に未記載),423,phase per-phase F1 (主指標、規則 R-topk 採用) / accuracy / macro-F1。5 epoch 選択規則 (R-acc/R-last/R-loss/R-mf1/R-topk) を同一学習軌跡から比較し val_metric_sd 最小の R-topk を採用。判定は seed x 反復 (n=9) の Welch + 動画別符号一致,"seed=42, rep=3, in_dim=4352, epochs=50, train_seconds=21.5852
system=handROImask2 seed=42 rep=3 in_dim=4352 epochs=50 train_seconds=21.6
5規則比較(*=採用): R-acc: val_acc=0.9459 test_acc=0.8685 | R-last: val_acc=0.9333 test_acc=0.8610 | R-loss: val_acc=0.9452 test_acc=0.8356 | R-mf1: val_acc=0.9452 test_acc=0.8445 | R-topk*: val_acc=0.9419 test_acc=0.8521
[R-topk] selected_epoch=[16, 44, 46] val: acc=0.9419 macroF1=0.7948 jaccard=0.7491 | incision=0.9341 hemostasis=0.7527 closure=0.9567
[R-topk] test: acc=0.8521 macroF1=0.7123 jaccard=0.6267 | incision=0.9148 hemostasis=0.7895 closure=0.9099
事前登録: prereg/m2_prediction.md（学習前 commit 42b3ce2・未改変）。選択規則は run 間ばらつきの主要因でない (RULE_INEFFECTIVE, R-topk は R-acc比0.920)。n=3→9で判定が両方向に反転 (5-1 test/incision 非超過→超過、3-2/4-2 超過→非超過)。S3のPASSは維持されず『中間』に該当 (次元寄与43.7%@test/incision)。詳細は RESULTS.md
Artifacts @ lecun
  run_dir: /home/ubuntu/slocal2/m2/experiments/selection_noise_2026-07-29/runs/handROImask2_seed42_rep3
  predictions: /home/ubuntu/slocal2/m2/experiments/selection_noise_2026-07-29/runs/handROImask2_seed42_rep3/predictions (10 files)",completed,lecun,False,"DDP 2GPU (RTX A6000 x2) on lecun, manual launcher (E plan, CUDA_VISIBLE_DEVICES per rank)",file://lecun/home/ubuntu/slocal2/m2/experiments/selection_noise_2026-07-29/runs/handROImask2_seed42_rep3,"{""start"": ""2026-07-30T00:32:00.000+00:00"", ""end"": null, ""time_zone"": null}",B,must,g2f_m2_handROImask2_seed42_rep3
3adee4d4-7777-81f0-9516-f89c82901fab,2026-07-30T00:33:00.000Z,2026-07-30T00:33:00.000Z,50bbba6a26ffa0aa12728d887ac3619793b28199,"{""start"": ""2026-07-30T00:33:00.000+00:00"", ""end"": null, ""time_zone"": null}",(eval_recipe が metrics.json に未記載),422,phase per-phase F1 (主指標、規則 R-topk 採用) / accuracy / macro-F1。5 epoch 選択規則 (R-acc/R-last/R-loss/R-mf1/R-topk) を同一学習軌跡から比較し val_metric_sd 最小の R-topk を採用。判定は seed x 反復 (n=9) の Welch + 動画別符号一致,"seed=42, rep=2, in_dim=4352, epochs=50, train_seconds=20.8196
system=handROImask2 seed=42 rep=2 in_dim=4352 epochs=50 train_seconds=20.8
5規則比較(*=採用): R-acc: val_acc=0.9452 test_acc=0.8387 | R-last: val_acc=0.9426 test_acc=0.8593 | R-loss: val_acc=0.9446 test_acc=0.8359 | R-mf1: val_acc=0.9439 test_acc=0.8370 | R-topk*: val_acc=0.9432 test_acc=0.8511
[R-topk] selected_epoch=[18, 31, 44] val: acc=0.9432 macroF1=0.7977 jaccard=0.7534 | incision=0.9341 hemostasis=0.7660 closure=0.9584
[R-topk] test: acc=0.8511 macroF1=0.7136 jaccard=0.6297 | incision=0.9114 hemostasis=0.7847 closure=0.9099
事前登録: prereg/m2_prediction.md（学習前 commit 42b3ce2・未改変）。選択規則は run 間ばらつきの主要因でない (RULE_INEFFECTIVE, R-topk は R-acc比0.920)。n=3→9で判定が両方向に反転 (5-1 test/incision 非超過→超過、3-2/4-2 超過→非超過)。S3のPASSは維持されず『中間』に該当 (次元寄与43.7%@test/incision)。詳細は RESULTS.md
Artifacts @ lecun
  run_dir: /home/ubuntu/slocal2/m2/experiments/selection_noise_2026-07-29/runs/handROImask2_seed42_rep2
  predictions: /home/ubuntu/slocal2/m2/experiments/selection_noise_2026-07-29/runs/handROImask2_seed42_rep2/predictions (10 files)",completed,lecun,False,"DDP 2GPU (RTX A6000 x2) on lecun, manual launcher (E plan, CUDA_VISIBLE_DEVICES per rank)",file://lecun/home/ubuntu/slocal2/m2/experiments/selection_noise_2026-07-29/runs/handROImask2_seed42_rep2,"{""start"": ""2026-07-30T00:32:00.000+00:00"", ""end"": null, ""time_zone"": null}",B,must,g2f_m2_handROImask2_seed42_rep2
3adee4d4-7777-81a0-8910-f4c73fe2b234,2026-07-30T00:33:00.000Z,2026-07-30T00:33:00.000Z,50bbba6a26ffa0aa12728d887ac3619793b28199,"{""start"": ""2026-07-30T00:33:00.000+00:00"", ""end"": null, ""time_zone"": null}",(eval_recipe が metrics.json に未記載),421,phase per-phase F1 (主指標、規則 R-topk 採用) / accuracy / macro-F1。5 epoch 選択規則 (R-acc/R-last/R-loss/R-mf1/R-topk) を同一学習軌跡から比較し val_metric_sd 最小の R-topk を採用。判定は seed x 反復 (n=9) の Welch + 動画別符号一致,"seed=42, rep=1, in_dim=4352, epochs=50, train_seconds=21.2970
system=handROImask2 seed=42 rep=1 in_dim=4352 epochs=50 train_seconds=21.3
5規則比較(*=採用): R-acc: val_acc=0.9452 test_acc=0.8687 | R-last: val_acc=0.9373 test_acc=0.8596 | R-loss: val_acc=0.9432 test_acc=0.8354 | R-mf1: val_acc=0.9446 test_acc=0.8443 | R-topk*: val_acc=0.9426 test_acc=0.8518
[R-topk] selected_epoch=[31, 37, 44] val: acc=0.9426 macroF1=0.7983 jaccard=0.7535 | incision=0.9313 hemostasis=0.7789 closure=0.9575
[R-topk] test: acc=0.8518 macroF1=0.7104 jaccard=0.6258 | incision=0.9000 hemostasis=0.7773 closure=0.9121
事前登録: prereg/m2_prediction.md（学習前 commit 42b3ce2・未改変）。選択規則は run 間ばらつきの主要因でない (RULE_INEFFECTIVE, R-topk は R-acc比0.920)。n=3→9で判定が両方向に反転 (5-1 test/incision 非超過→超過、3-2/4-2 超過→非超過)。S3のPASSは維持されず『中間』に該当 (次元寄与43.7%@test/incision)。詳細は RESULTS.md
Artifacts @ lecun
  run_dir: /home/ubuntu/slocal2/m2/experiments/selection_noise_2026-07-29/runs/handROImask2_seed42_rep1
  predictions: /home/ubuntu/slocal2/m2/experiments/selection_noise_2026-07-29/runs/handROImask2_seed42_rep1/predictions (10 files)",completed,lecun,False,"DDP 2GPU (RTX A6000 x2) on lecun, manual launcher (E plan, CUDA_VISIBLE_DEVICES per rank)",file://lecun/home/ubuntu/slocal2/m2/experiments/selection_noise_2026-07-29/runs/handROImask2_seed42_rep1,"{""start"": ""2026-07-30T00:32:00.000+00:00"", ""end"": null, ""time_zone"": null}",B,must,g2f_m2_handROImask2_seed42_rep1
3adee4d4-7777-810b-8b37-d73e83329a6e,2026-07-30T00:33:00.000Z,2026-07-30T00:33:00.000Z,50bbba6a26ffa0aa12728d887ac3619793b28199,"{""start"": ""2026-07-30T00:33:00.000+00:00"", ""end"": null, ""time_zone"": null}",(eval_recipe が metrics.json に未記載),4563,phase per-phase F1 (主指標、規則 R-topk 採用) / accuracy / macro-F1。5 epoch 選択規則 (R-acc/R-last/R-loss/R-mf1/R-topk) を同一学習軌跡から比較し val_metric_sd 最小の R-topk を採用。判定は seed x 反復 (n=9) の Welch + 動画別符号一致,"seed=456, rep=3, in_dim=4352, epochs=50, train_seconds=21.7427
system=handROIbbox2 seed=456 rep=3 in_dim=4352 epochs=50 train_seconds=21.7
5規則比較(*=採用): R-acc: val_acc=0.9485 test_acc=0.8366 | R-last: val_acc=0.9439 test_acc=0.8396 | R-loss: val_acc=0.9459 test_acc=0.8455 | R-mf1: val_acc=0.9485 test_acc=0.8366 | R-topk*: val_acc=0.9472 test_acc=0.8445
[R-topk] selected_epoch=[21, 24, 36] val: acc=0.9472 macroF1=0.8042 jaccard=0.7635 | incision=0.9433 hemostasis=0.7917 closure=0.9592
[R-topk] test: acc=0.8445 macroF1=0.6972 jaccard=0.6152 | incision=0.9245 hemostasis=0.7517 closure=0.9082
事前登録: prereg/m2_prediction.md（学習前 commit 42b3ce2・未改変）。選択規則は run 間ばらつきの主要因でない (RULE_INEFFECTIVE, R-topk は R-acc比0.920)。n=3→9で判定が両方向に反転 (5-1 test/incision 非超過→超過、3-2/4-2 超過→非超過)。S3のPASSは維持されず『中間』に該当 (次元寄与43.7%@test/incision)。詳細は RESULTS.md
Artifacts @ lecun
  run_dir: /home/ubuntu/slocal2/m2/experiments/selection_noise_2026-07-29/runs/handROIbbox2_seed456_rep3
  predictions: /home/ubuntu/slocal2/m2/experiments/selection_noise_2026-07-29/runs/handROIbbox2_seed456_rep3/predictions (10 files)",completed,lecun,False,"DDP 2GPU (RTX A6000 x2) on lecun, manual launcher (E plan, CUDA_VISIBLE_DEVICES per rank)",file://lecun/home/ubuntu/slocal2/m2/experiments/selection_noise_2026-07-29/runs/handROIbbox2_seed456_rep3,"{""start"": ""2026-07-30T00:32:00.000+00:00"", ""end"": null, ""time_zone"": null}",B,must,g2f_m2_handROIbbox2_seed456_rep3
3adee4d4-7777-81cd-8ff2-cdc1337424f3,2026-07-30T00:33:00.000Z,2026-07-30T00:33:00.000Z,50bbba6a26ffa0aa12728d887ac3619793b28199,"{""start"": ""2026-07-30T00:33:00.000+00:00"", ""end"": null, ""time_zone"": null}",(eval_recipe が metrics.json に未記載),4562,phase per-phase F1 (主指標、規則 R-topk 採用) / accuracy / macro-F1。5 epoch 選択規則 (R-acc/R-last/R-loss/R-mf1/R-topk) を同一学習軌跡から比較し val_metric_sd 最小の R-topk を採用。判定は seed x 反復 (n=9) の Welch + 動画別符号一致,"seed=456, rep=2, in_dim=4352, epochs=50, train_seconds=20.4552
system=handROIbbox2 seed=456 rep=2 in_dim=4352 epochs=50 train_seconds=20.5
5規則比較(*=採用): R-acc: val_acc=0.9472 test_acc=0.8563 | R-last: val_acc=0.9393 test_acc=0.8427 | R-loss: val_acc=0.9465 test_acc=0.8424 | R-mf1: val_acc=0.9446 test_acc=0.8295 | R-topk*: val_acc=0.9472 test_acc=0.8406
[R-topk] selected_epoch=[15, 21, 24] val: acc=0.9472 macroF1=0.8037 jaccard=0.7624 | incision=0.9436 hemostasis=0.7917 closure=0.9601
[R-topk] test: acc=0.8406 macroF1=0.6746 jaccard=0.5937 | incision=0.9075 hemostasis=0.7575 closure=0.9062
事前登録: prereg/m2_prediction.md（学習前 commit 42b3ce2・未改変）。選択規則は run 間ばらつきの主要因でない (RULE_INEFFECTIVE, R-topk は R-acc比0.920)。n=3→9で判定が両方向に反転 (5-1 test/incision 非超過→超過、3-2/4-2 超過→非超過)。S3のPASSは維持されず『中間』に該当 (次元寄与43.7%@test/incision)。詳細は RESULTS.md
Artifacts @ lecun
  run_dir: /home/ubuntu/slocal2/m2/experiments/selection_noise_2026-07-29/runs/handROIbbox2_seed456_rep2
  predictions: /home/ubuntu/slocal2/m2/experiments/selection_noise_2026-07-29/runs/handROIbbox2_seed456_rep2/predictions (10 files)",completed,lecun,False,"DDP 2GPU (RTX A6000 x2) on lecun, manual launcher (E plan, CUDA_VISIBLE_DEVICES per rank)",file://lecun/home/ubuntu/slocal2/m2/experiments/selection_noise_2026-07-29/runs/handROIbbox2_seed456_rep2,"{""start"": ""2026-07-30T00:32:00.000+00:00"", ""end"": null, ""time_zone"": null}",B,must,g2f_m2_handROIbbox2_seed456_rep2
3adee4d4-7777-8177-a784-f9ac7efe18af,2026-07-30T00:33:00.000Z,2026-07-30T00:33:00.000Z,50bbba6a26ffa0aa12728d887ac3619793b28199,"{""start"": ""2026-07-30T00:33:00.000+00:00"", ""end"": null, ""time_zone"": null}",(eval_recipe が metrics.json に未記載),4561,phase per-phase F1 (主指標、規則 R-topk 採用) / accuracy / macro-F1。5 epoch 選択規則 (R-acc/R-last/R-loss/R-mf1/R-topk) を同一学習軌跡から比較し val_metric_sd 最小の R-topk を採用。判定は seed x 反復 (n=9) の Welch + 動画別符号一致,"seed=456, rep=1, in_dim=4352, epochs=50, train_seconds=21.5076
system=handROIbbox2 seed=456 rep=1 in_dim=4352 epochs=50 train_seconds=21.5
5規則比較(*=採用): R-acc: val_acc=0.9472 test_acc=0.8579 | R-last: val_acc=0.9439 test_acc=0.8415 | R-loss: val_acc=0.9452 test_acc=0.8438 | R-mf1: val_acc=0.9472 test_acc=0.8382 | R-topk*: val_acc=0.9485 test_acc=0.8394
[R-topk] selected_epoch=[15, 21, 36] val: acc=0.9485 macroF1=0.8064 jaccard=0.7667 | incision=0.9433 hemostasis=0.8041 closure=0.9592
[R-topk] test: acc=0.8394 macroF1=0.6798 jaccard=0.6006 | incision=0.9179 hemostasis=0.7523 closure=0.9056
事前登録: prereg/m2_prediction.md（学習前 commit 42b3ce2・未改変）。選択規則は run 間ばらつきの主要因でない (RULE_INEFFECTIVE, R-topk は R-acc比0.920)。n=3→9で判定が両方向に反転 (5-1 test/incision 非超過→超過、3-2/4-2 超過→非超過)。S3のPASSは維持されず『中間』に該当 (次元寄与43.7%@test/incision)。詳細は RESULTS.md
Artifacts @ lecun
  run_dir: /home/ubuntu/slocal2/m2/experiments/selection_noise_2026-07-29/runs/handROIbbox2_seed456_rep1
  predictions: /home/ubuntu/slocal2/m2/experiments/selection_noise_2026-07-29/runs/handROIbbox2_seed456_rep1/predictions (10 files)",completed,lecun,False,"DDP 2GPU (RTX A6000 x2) on lecun, manual launcher (E plan, CUDA_VISIBLE_DEVICES per rank)",file://lecun/home/ubuntu/slocal2/m2/experiments/selection_noise_2026-07-29/runs/handROIbbox2_seed456_rep1,"{""start"": ""2026-07-30T00:32:00.000+00:00"", ""end"": null, ""time_zone"": null}",B,must,g2f_m2_handROIbbox2_seed456_rep1
3adee4d4-7777-81df-918c-f901044a0ac6,2026-07-30T00:33:00.000Z,2026-07-30T00:33:00.000Z,50bbba6a26ffa0aa12728d887ac3619793b28199,"{""start"": ""2026-07-30T00:33:00.000+00:00"", ""end"": null, ""time_zone"": null}",(eval_recipe が metrics.json に未記載),1233,phase per-phase F1 (主指標、規則 R-topk 採用) / accuracy / macro-F1。5 epoch 選択規則 (R-acc/R-last/R-loss/R-mf1/R-topk) を同一学習軌跡から比較し val_metric_sd 最小の R-topk を採用。判定は seed x 反復 (n=9) の Welch + 動画別符号一致,"seed=123, rep=3, in_dim=4352, epochs=50, train_seconds=21.4157
system=handROIbbox2 seed=123 rep=3 in_dim=4352 epochs=50 train_seconds=21.4
5規則比較(*=採用): R-acc: val_acc=0.9465 test_acc=0.8356 | R-last: val_acc=0.9360 test_acc=0.8195 | R-loss: val_acc=0.9432 test_acc=0.8291 | R-mf1: val_acc=0.9439 test_acc=0.8206 | R-topk*: val_acc=0.9465 test_acc=0.8338
[R-topk] selected_epoch=[23, 30, 36] val: acc=0.9465 macroF1=0.8044 jaccard=0.7627 | incision=0.9373 hemostasis=0.8081 closure=0.9593
[R-topk] test: acc=0.8338 macroF1=0.6866 jaccard=0.6011 | incision=0.9260 hemostasis=0.7394 closure=0.9033
事前登録: prereg/m2_prediction.md（学習前 commit 42b3ce2・未改変）。選択規則は run 間ばらつきの主要因でない (RULE_INEFFECTIVE, R-topk は R-acc比0.920)。n=3→9で判定が両方向に反転 (5-1 test/incision 非超過→超過、3-2/4-2 超過→非超過)。S3のPASSは維持されず『中間』に該当 (次元寄与43.7%@test/incision)。詳細は RESULTS.md
Artifacts @ lecun
  run_dir: /home/ubuntu/slocal2/m2/experiments/selection_noise_2026-07-29/runs/handROIbbox2_seed123_rep3
  predictions: /home/ubuntu/slocal2/m2/experiments/selection_noise_2026-07-29/runs/handROIbbox2_seed123_rep3/predictions (10 files)",completed,lecun,False,"DDP 2GPU (RTX A6000 x2) on lecun, manual launcher (E plan, CUDA_VISIBLE_DEVICES per rank)",file://lecun/home/ubuntu/slocal2/m2/experiments/selection_noise_2026-07-29/runs/handROIbbox2_seed123_rep3,"{""start"": ""2026-07-30T00:32:00.000+00:00"", ""end"": null, ""time_zone"": null}",B,must,g2f_m2_handROIbbox2_seed123_rep3
3adee4d4-7777-81f3-a44d-e696f42433e2,2026-07-30T00:33:00.000Z,2026-07-30T00:33:00.000Z,50bbba6a26ffa0aa12728d887ac3619793b28199,"{""start"": ""2026-07-30T00:33:00.000+00:00"", ""end"": null, ""time_zone"": null}",(eval_recipe が metrics.json に未記載),1232,phase per-phase F1 (主指標、規則 R-topk 採用) / accuracy / macro-F1。5 epoch 選択規則 (R-acc/R-last/R-loss/R-mf1/R-topk) を同一学習軌跡から比較し val_metric_sd 最小の R-topk を採用。判定は seed x 反復 (n=9) の Welch + 動画別符号一致,"seed=123, rep=2, in_dim=4352, epochs=50, train_seconds=20.2305
system=handROIbbox2 seed=123 rep=2 in_dim=4352 epochs=50 train_seconds=20.2
5規則比較(*=採用): R-acc: val_acc=0.9472 test_acc=0.8347 | R-last: val_acc=0.9366 test_acc=0.8185 | R-loss: val_acc=0.9426 test_acc=0.8305 | R-mf1: val_acc=0.9465 test_acc=0.8338 | R-topk*: val_acc=0.9472 test_acc=0.8366
[R-topk] selected_epoch=[23, 30, 48] val: acc=0.9472 macroF1=0.8041 jaccard=0.7624 | incision=0.9373 hemostasis=0.8041 closure=0.9601
[R-topk] test: acc=0.8366 macroF1=0.6884 jaccard=0.6036 | incision=0.9260 hemostasis=0.7371 closure=0.9049
事前登録: prereg/m2_prediction.md（学習前 commit 42b3ce2・未改変）。選択規則は run 間ばらつきの主要因でない (RULE_INEFFECTIVE, R-topk は R-acc比0.920)。n=3→9で判定が両方向に反転 (5-1 test/incision 非超過→超過、3-2/4-2 超過→非超過)。S3のPASSは維持されず『中間』に該当 (次元寄与43.7%@test/incision)。詳細は RESULTS.md
Artifacts @ lecun
  run_dir: /home/ubuntu/slocal2/m2/experiments/selection_noise_2026-07-29/runs/handROIbbox2_seed123_rep2
  predictions: /home/ubuntu/slocal2/m2/experiments/selection_noise_2026-07-29/runs/handROIbbox2_seed123_rep2/predictions (10 files)",completed,lecun,False,"DDP 2GPU (RTX A6000 x2) on lecun, manual launcher (E plan, CUDA_VISIBLE_DEVICES per rank)",file://lecun/home/ubuntu/slocal2/m2/experiments/selection_noise_2026-07-29/runs/handROIbbox2_seed123_rep2,"{""start"": ""2026-07-30T00:32:00.000+00:00"", ""end"": null, ""time_zone"": null}",B,must,g2f_m2_handROIbbox2_seed123_rep2
3adee4d4-7777-8176-b3ee-fbf1b943c845,2026-07-30T00:33:00.000Z,2026-07-30T00:33:00.000Z,50bbba6a26ffa0aa12728d887ac3619793b28199,"{""start"": ""2026-07-30T00:33:00.000+00:00"", ""end"": null, ""time_zone"": null}",(eval_recipe が metrics.json に未記載),1231,phase per-phase F1 (主指標、規則 R-topk 採用) / accuracy / macro-F1。5 epoch 選択規則 (R-acc/R-last/R-loss/R-mf1/R-topk) を同一学習軌跡から比較し val_metric_sd 最小の R-topk を採用。判定は seed x 反復 (n=9) の Welch + 動画別符号一致,"seed=123, rep=1, in_dim=4352, epochs=50, train_seconds=22.1807
system=handROIbbox2 seed=123 rep=1 in_dim=4352 epochs=50 train_seconds=22.2
5規則比較(*=採用): R-acc: val_acc=0.9446 test_acc=0.8328 | R-last: val_acc=0.9366 test_acc=0.8249 | R-loss: val_acc=0.9432 test_acc=0.8307 | R-mf1: val_acc=0.9413 test_acc=0.8218 | R-topk*: val_acc=0.9459 test_acc=0.8396
[R-topk] selected_epoch=[23, 28, 30] val: acc=0.9459 macroF1=0.7970 jaccard=0.7530 | incision=0.9401 hemostasis=0.7527 closure=0.9618
[R-topk] test: acc=0.8396 macroF1=0.6860 jaccard=0.6061 | incision=0.9260 hemostasis=0.7580 closure=0.9058
事前登録: prereg/m2_prediction.md（学習前 commit 42b3ce2・未改変）。選択規則は run 間ばらつきの主要因でない (RULE_INEFFECTIVE, R-topk は R-acc比0.920)。n=3→9で判定が両方向に反転 (5-1 test/incision 非超過→超過、3-2/4-2 超過→非超過)。S3のPASSは維持されず『中間』に該当 (次元寄与43.7%@test/incision)。詳細は RESULTS.md
Artifacts @ lecun
  run_dir: /home/ubuntu/slocal2/m2/experiments/selection_noise_2026-07-29/runs/handROIbbox2_seed123_rep1
  predictions: /home/ubuntu/slocal2/m2/experiments/selection_noise_2026-07-29/runs/handROIbbox2_seed123_rep1/predictions (10 files)",completed,lecun,False,"DDP 2GPU (RTX A6000 x2) on lecun, manual launcher (E plan, CUDA_VISIBLE_DEVICES per rank)",file://lecun/home/ubuntu/slocal2/m2/experiments/selection_noise_2026-07-29/runs/handROIbbox2_seed123_rep1,"{""start"": ""2026-07-30T00:32:00.000+00:00"", ""end"": null, ""time_zone"": null}",B,must,g2f_m2_handROIbbox2_seed123_rep1
3adee4d4-7777-8154-aee6-e35a5f21e223,2026-07-30T00:33:00.000Z,2026-07-30T00:33:00.000Z,50bbba6a26ffa0aa12728d887ac3619793b28199,"{""start"": ""2026-07-30T00:33:00.000+00:00"", ""end"": null, ""time_zone"": null}",(eval_recipe が metrics.json に未記載),423,phase per-phase F1 (主指標、規則 R-topk 採用) / accuracy / macro-F1。5 epoch 選択規則 (R-acc/R-last/R-loss/R-mf1/R-topk) を同一学習軌跡から比較し val_metric_sd 最小の R-topk を採用。判定は seed x 反復 (n=9) の Welch + 動画別符号一致,"seed=42, rep=3, in_dim=4352, epochs=50, train_seconds=21.4763
system=handROIbbox2 seed=42 rep=3 in_dim=4352 epochs=50 train_seconds=21.5
5規則比較(*=採用): R-acc: val_acc=0.9432 test_acc=0.8267 | R-last: val_acc=0.9307 test_acc=0.8530 | R-loss: val_acc=0.9432 test_acc=0.8317 | R-mf1: val_acc=0.9432 test_acc=0.8317 | R-topk*: val_acc=0.9446 test_acc=0.8366
[R-topk] selected_epoch=[16, 18, 37] val: acc=0.9446 macroF1=0.8003 jaccard=0.7573 | incision=0.9373 hemostasis=0.7789 closure=0.9560
[R-topk] test: acc=0.8366 macroF1=0.7059 jaccard=0.6200 | incision=0.9367 hemostasis=0.7612 closure=0.8991
事前登録: prereg/m2_prediction.md（学習前 commit 42b3ce2・未改変）。選択規則は run 間ばらつきの主要因でない (RULE_INEFFECTIVE, R-topk は R-acc比0.920)。n=3→9で判定が両方向に反転 (5-1 test/incision 非超過→超過、3-2/4-2 超過→非超過)。S3のPASSは維持されず『中間』に該当 (次元寄与43.7%@test/incision)。詳細は RESULTS.md
Artifacts @ lecun
  run_dir: /home/ubuntu/slocal2/m2/experiments/selection_noise_2026-07-29/runs/handROIbbox2_seed42_rep3
  predictions: /home/ubuntu/slocal2/m2/experiments/selection_noise_2026-07-29/runs/handROIbbox2_seed42_rep3/predictions (10 files)",completed,lecun,False,"DDP 2GPU (RTX A6000 x2) on lecun, manual launcher (E plan, CUDA_VISIBLE_DEVICES per rank)",file://lecun/home/ubuntu/slocal2/m2/experiments/selection_noise_2026-07-29/runs/handROIbbox2_seed42_rep3,"{""start"": ""2026-07-30T00:32:00.000+00:00"", ""end"": null, ""time_zone"": null}",B,must,g2f_m2_handROIbbox2_seed42_rep3
3adee4d4-7777-81cb-9d9f-e4a0690c0f61,2026-07-30T00:33:00.000Z,2026-07-30T00:33:00.000Z,50bbba6a26ffa0aa12728d887ac3619793b28199,"{""start"": ""2026-07-30T00:33:00.000+00:00"", ""end"": null, ""time_zone"": null}",(eval_recipe が metrics.json に未記載),422,phase per-phase F1 (主指標、規則 R-topk 採用) / accuracy / macro-F1。5 epoch 選択規則 (R-acc/R-last/R-loss/R-mf1/R-topk) を同一学習軌跡から比較し val_metric_sd 最小の R-topk を採用。判定は seed x 反復 (n=9) の Welch + 動画別符号一致,"seed=42, rep=2, in_dim=4352, epochs=50, train_seconds=19.7892
system=handROIbbox2 seed=42 rep=2 in_dim=4352 epochs=50 train_seconds=19.8
5規則比較(*=採用): R-acc: val_acc=0.9432 test_acc=0.8256 | R-last: val_acc=0.9340 test_acc=0.8593 | R-loss: val_acc=0.9432 test_acc=0.8317 | R-mf1: val_acc=0.9432 test_acc=0.8317 | R-topk*: val_acc=0.9426 test_acc=0.8309
[R-topk] selected_epoch=[16, 18, 31] val: acc=0.9426 macroF1=0.7996 jaccard=0.7559 | incision=0.9373 hemostasis=0.7789 closure=0.9519
[R-topk] test: acc=0.8309 macroF1=0.7020 jaccard=0.6145 | incision=0.9333 hemostasis=0.7576 closure=0.8954
事前登録: prereg/m2_prediction.md（学習前 commit 42b3ce2・未改変）。選択規則は run 間ばらつきの主要因でない (RULE_INEFFECTIVE, R-topk は R-acc比0.920)。n=3→9で判定が両方向に反転 (5-1 test/incision 非超過→超過、3-2/4-2 超過→非超過)。S3のPASSは維持されず『中間』に該当 (次元寄与43.7%@test/incision)。詳細は RESULTS.md
Artifacts @ lecun
  run_dir: /home/ubuntu/slocal2/m2/experiments/selection_noise_2026-07-29/runs/handROIbbox2_seed42_rep2
  predictions: /home/ubuntu/slocal2/m2/experiments/selection_noise_2026-07-29/runs/handROIbbox2_seed42_rep2/predictions (10 files)",completed,lecun,False,"DDP 2GPU (RTX A6000 x2) on lecun, manual launcher (E plan, CUDA_VISIBLE_DEVICES per rank)",file://lecun/home/ubuntu/slocal2/m2/experiments/selection_noise_2026-07-29/runs/handROIbbox2_seed42_rep2,"{""start"": ""2026-07-30T00:32:00.000+00:00"", ""end"": null, ""time_zone"": null}",B,must,g2f_m2_handROIbbox2_seed42_rep2
3adee4d4-7777-81ee-a499-ef68007feaed,2026-07-30T00:33:00.000Z,2026-07-30T00:33:00.000Z,50bbba6a26ffa0aa12728d887ac3619793b28199,"{""start"": ""2026-07-30T00:33:00.000+00:00"", ""end"": null, ""time_zone"": null}",(eval_recipe が metrics.json に未記載),421,phase per-phase F1 (主指標、規則 R-topk 採用) / accuracy / macro-F1。5 epoch 選択規則 (R-acc/R-last/R-loss/R-mf1/R-topk) を同一学習軌跡から比較し val_metric_sd 最小の R-topk を採用。判定は seed x 反復 (n=9) の Welch + 動画別符号一致,"seed=42, rep=1, in_dim=4352, epochs=50, train_seconds=21.8506
system=handROIbbox2 seed=42 rep=1 in_dim=4352 epochs=50 train_seconds=21.9
5規則比較(*=採用): R-acc: val_acc=0.9446 test_acc=0.8326 | R-last: val_acc=0.9432 test_acc=0.8736 | R-loss: val_acc=0.9446 test_acc=0.8326 | R-mf1: val_acc=0.9439 test_acc=0.8300 | R-topk*: val_acc=0.9459 test_acc=0.8492
[R-topk] selected_epoch=[18, 27, 49] val: acc=0.9459 macroF1=0.8049 jaccard=0.7632 | incision=0.9345 hemostasis=0.8163 closure=0.9575
[R-topk] test: acc=0.8492 macroF1=0.7122 jaccard=0.6277 | incision=0.9201 hemostasis=0.7591 closure=0.9111
事前登録: prereg/m2_prediction.md（学習前 commit 42b3ce2・未改変）。選択規則は run 間ばらつきの主要因でない (RULE_INEFFECTIVE, R-topk は R-acc比0.920)。n=3→9で判定が両方向に反転 (5-1 test/incision 非超過→超過、3-2/4-2 超過→非超過)。S3のPASSは維持されず『中間』に該当 (次元寄与43.7%@test/incision)。詳細は RESULTS.md
Artifacts @ lecun
  run_dir: /home/ubuntu/slocal2/m2/experiments/selection_noise_2026-07-29/runs/handROIbbox2_seed42_rep1
  predictions: /home/ubuntu/slocal2/m2/experiments/selection_noise_2026-07-29/runs/handROIbbox2_seed42_rep1/predictions (10 files)",completed,lecun,False,"DDP 2GPU (RTX A6000 x2) on lecun, manual launcher (E plan, CUDA_VISIBLE_DEVICES per rank)",file://lecun/home/ubuntu/slocal2/m2/experiments/selection_noise_2026-07-29/runs/handROIbbox2_seed42_rep1,"{""start"": ""2026-07-30T00:32:00.000+00:00"", ""end"": null, ""time_zone"": null}",B,must,g2f_m2_handROIbbox2_seed42_rep1
3adee4d4-7777-8151-ac11-c959fab52d9a,2026-07-30T00:33:00.000Z,2026-07-30T00:33:00.000Z,50bbba6a26ffa0aa12728d887ac3619793b28199,"{""start"": ""2026-07-30T00:33:00.000+00:00"", ""end"": null, ""time_zone"": null}",(eval_recipe が metrics.json に未記載),4563,phase per-phase F1 (主指標、規則 R-topk 採用) / accuracy / macro-F1。5 epoch 選択規則 (R-acc/R-last/R-loss/R-mf1/R-topk) を同一学習軌跡から比較し val_metric_sd 最小の R-topk を採用。判定は seed x 反復 (n=9) の Welch + 動画別符号一致,"seed=456, rep=3, in_dim=8192, epochs=50, train_seconds=22.0650
system=bboxROI_handROIbbox2 seed=456 rep=3 in_dim=8192 epochs=50 train_seconds=22.1
5規則比較(*=採用): R-acc: val_acc=0.9670 test_acc=0.8999 | R-last: val_acc=0.9604 test_acc=0.9027 | R-loss: val_acc=0.9637 test_acc=0.9062 | R-mf1: val_acc=0.9670 test_acc=0.8999 | R-topk*: val_acc=0.9663 test_acc=0.9018
[R-topk] selected_epoch=[26, 37, 38] val: acc=0.9663 macroF1=0.8373 jaccard=0.8187 | incision=0.9674 hemostasis=0.9636 closure=0.9670
[R-topk] test: acc=0.9018 macroF1=0.7468 jaccard=0.6830 | incision=0.9598 hemostasis=0.7865 closure=0.9506
事前登録: prereg/m2_prediction.md（学習前 commit 42b3ce2・未改変）。選択規則は run 間ばらつきの主要因でない (RULE_INEFFECTIVE, R-topk は R-acc比0.920)。n=3→9で判定が両方向に反転 (5-1 test/incision 非超過→超過、3-2/4-2 超過→非超過)。S3のPASSは維持されず『中間』に該当 (次元寄与43.7%@test/incision)。詳細は RESULTS.md
Artifacts @ lecun
  run_dir: /home/ubuntu/slocal2/m2/experiments/selection_noise_2026-07-29/runs/bboxROI_handROIbbox2_seed456_rep3
  predictions: /home/ubuntu/slocal2/m2/experiments/selection_noise_2026-07-29/runs/bboxROI_handROIbbox2_seed456_rep3/predictions (10 files)",completed,lecun,False,"DDP 2GPU (RTX A6000 x2) on lecun, manual launcher (E plan, CUDA_VISIBLE_DEVICES per rank)",file://lecun/home/ubuntu/slocal2/m2/experiments/selection_noise_2026-07-29/runs/bboxROI_handROIbbox2_seed456_rep3,"{""start"": ""2026-07-30T00:32:00.000+00:00"", ""end"": null, ""time_zone"": null}",B,must,g2f_m2_bboxROI_handROIbbox2_seed456_rep3
3adee4d4-7777-811c-8d54-ed8b1055b4cd,2026-07-30T00:33:00.000Z,2026-07-30T00:33:00.000Z,50bbba6a26ffa0aa12728d887ac3619793b28199,"{""start"": ""2026-07-30T00:33:00.000+00:00"", ""end"": null, ""time_zone"": null}",(eval_recipe が metrics.json に未記載),4562,phase per-phase F1 (主指標、規則 R-topk 採用) / accuracy / macro-F1。5 epoch 選択規則 (R-acc/R-last/R-loss/R-mf1/R-topk) を同一学習軌跡から比較し val_metric_sd 最小の R-topk を採用。判定は seed x 反復 (n=9) の Welch + 動画別符号一致,"seed=456, rep=2, in_dim=8192, epochs=50, train_seconds=21.4732
system=bboxROI_handROIbbox2 seed=456 rep=2 in_dim=8192 epochs=50 train_seconds=21.5
5規則比較(*=採用): R-acc: val_acc=0.9650 test_acc=0.9132 | R-last: val_acc=0.9624 test_acc=0.9046 | R-loss: val_acc=0.9624 test_acc=0.9008 | R-mf1: val_acc=0.9637 test_acc=0.9062 | R-topk*: val_acc=0.9637 test_acc=0.9114
[R-topk] selected_epoch=[26, 34, 39] val: acc=0.9637 macroF1=0.8345 jaccard=0.8135 | incision=0.9612 hemostasis=0.9550 closure=0.9661
[R-topk] test: acc=0.9114 macroF1=0.7564 jaccard=0.6930 | incision=0.9592 hemostasis=0.7719 closure=0.9577
事前登録: prereg/m2_prediction.md（学習前 commit 42b3ce2・未改変）。選択規則は run 間ばらつきの主要因でない (RULE_INEFFECTIVE, R-topk は R-acc比0.920)。n=3→9で判定が両方向に反転 (5-1 test/incision 非超過→超過、3-2/4-2 超過→非超過)。S3のPASSは維持されず『中間』に該当 (次元寄与43.7%@test/incision)。詳細は RESULTS.md
Artifacts @ lecun
  run_dir: /home/ubuntu/slocal2/m2/experiments/selection_noise_2026-07-29/runs/bboxROI_handROIbbox2_seed456_rep2
  predictions: /home/ubuntu/slocal2/m2/experiments/selection_noise_2026-07-29/runs/bboxROI_handROIbbox2_seed456_rep2/predictions (10 files)",completed,lecun,False,"DDP 2GPU (RTX A6000 x2) on lecun, manual launcher (E plan, CUDA_VISIBLE_DEVICES per rank)",file://lecun/home/ubuntu/slocal2/m2/experiments/selection_noise_2026-07-29/runs/bboxROI_handROIbbox2_seed456_rep2,"{""start"": ""2026-07-30T00:32:00.000+00:00"", ""end"": null, ""time_zone"": null}",B,must,g2f_m2_bboxROI_handROIbbox2_seed456_rep2
3adee4d4-7777-818a-8661-fe39395cf2d9,2026-07-30T00:33:00.000Z,2026-07-30T00:33:00.000Z,50bbba6a26ffa0aa12728d887ac3619793b28199,"{""start"": ""2026-07-30T00:33:00.000+00:00"", ""end"": null, ""time_zone"": null}",(eval_recipe が metrics.json に未記載),4561,phase per-phase F1 (主指標、規則 R-topk 採用) / accuracy / macro-F1。5 epoch 選択規則 (R-acc/R-last/R-loss/R-mf1/R-topk) を同一学習軌跡から比較し val_metric_sd 最小の R-topk を採用。判定は seed x 反復 (n=9) の Welch + 動画別符号一致,"seed=456, rep=1, in_dim=8192, epochs=50, train_seconds=20.8760
system=bboxROI_handROIbbox2 seed=456 rep=1 in_dim=8192 epochs=50 train_seconds=20.9
5規則比較(*=採用): R-acc: val_acc=0.9650 test_acc=0.9060 | R-last: val_acc=0.9624 test_acc=0.9027 | R-loss: val_acc=0.9637 test_acc=0.9083 | R-mf1: val_acc=0.9637 test_acc=0.9086 | R-topk*: val_acc=0.9644 test_acc=0.9076
[R-topk] selected_epoch=[21, 26, 28] val: acc=0.9644 macroF1=0.8343 jaccard=0.8131 | incision=0.9674 hemostasis=0.9464 closure=0.9661
[R-topk] test: acc=0.9076 macroF1=0.7558 jaccard=0.6916 | incision=0.9657 hemostasis=0.7585 closure=0.9559
事前登録: prereg/m2_prediction.md（学習前 commit 42b3ce2・未改変）。選択規則は run 間ばらつきの主要因でない (RULE_INEFFECTIVE, R-topk は R-acc比0.920)。n=3→9で判定が両方向に反転 (5-1 test/incision 非超過→超過、3-2/4-2 超過→非超過)。S3のPASSは維持されず『中間』に該当 (次元寄与43.7%@test/incision)。詳細は RESULTS.md
Artifacts @ lecun
  run_dir: /home/ubuntu/slocal2/m2/experiments/selection_noise_2026-07-29/runs/bboxROI_handROIbbox2_seed456_rep1
  predictions: /home/ubuntu/slocal2/m2/experiments/selection_noise_2026-07-29/runs/bboxROI_handROIbbox2_seed456_rep1/predictions (10 files)",completed,lecun,False,"DDP 2GPU (RTX A6000 x2) on lecun, manual launcher (E plan, CUDA_VISIBLE_DEVICES per rank)",file://lecun/home/ubuntu/slocal2/m2/experiments/selection_noise_2026-07-29/runs/bboxROI_handROIbbox2_seed456_rep1,"{""start"": ""2026-07-30T00:32:00.000+00:00"", ""end"": null, ""time_zone"": null}",B,must,g2f_m2_bboxROI_handROIbbox2_seed456_rep1
3adee4d4-7777-8111-a0ae-f985f0120335,2026-07-30T00:33:00.000Z,2026-07-30T00:33:00.000Z,50bbba6a26ffa0aa12728d887ac3619793b28199,"{""start"": ""2026-07-30T00:33:00.000+00:00"", ""end"": null, ""time_zone"": null}",(eval_recipe が metrics.json に未記載),1233,phase per-phase F1 (主指標、規則 R-topk 採用) / accuracy / macro-F1。5 epoch 選択規則 (R-acc/R-last/R-loss/R-mf1/R-topk) を同一学習軌跡から比較し val_metric_sd 最小の R-topk を採用。判定は seed x 反復 (n=9) の Welch + 動画別符号一致,"seed=123, rep=3, in_dim=8192, epochs=50, train_seconds=22.4937
system=bboxROI_handROIbbox2 seed=123 rep=3 in_dim=8192 epochs=50 train_seconds=22.5
5規則比較(*=採用): R-acc: val_acc=0.9637 test_acc=0.8975 | R-last: val_acc=0.9564 test_acc=0.8957 | R-loss: val_acc=0.9637 test_acc=0.8975 | R-mf1: val_acc=0.9637 test_acc=0.8975 | R-topk*: val_acc=0.9644 test_acc=0.8903
[R-topk] selected_epoch=[16, 21, 41] val: acc=0.9644 macroF1=0.8329 jaccard=0.8106 | incision=0.9643 hemostasis=0.9381 closure=0.9677
[R-topk] test: acc=0.8903 macroF1=0.7563 jaccard=0.6844 | incision=0.9512 hemostasis=0.7911 closure=0.9392
事前登録: prereg/m2_prediction.md（学習前 commit 42b3ce2・未改変）。選択規則は run 間ばらつきの主要因でない (RULE_INEFFECTIVE, R-topk は R-acc比0.920)。n=3→9で判定が両方向に反転 (5-1 test/incision 非超過→超過、3-2/4-2 超過→非超過)。S3のPASSは維持されず『中間』に該当 (次元寄与43.7%@test/incision)。詳細は RESULTS.md
Artifacts @ lecun
  run_dir: /home/ubuntu/slocal2/m2/experiments/selection_noise_2026-07-29/runs/bboxROI_handROIbbox2_seed123_rep3
  predictions: /home/ubuntu/slocal2/m2/experiments/selection_noise_2026-07-29/runs/bboxROI_handROIbbox2_seed123_rep3/predictions (10 files)",completed,lecun,False,"DDP 2GPU (RTX A6000 x2) on lecun, manual launcher (E plan, CUDA_VISIBLE_DEVICES per rank)",file://lecun/home/ubuntu/slocal2/m2/experiments/selection_noise_2026-07-29/runs/bboxROI_handROIbbox2_seed123_rep3,"{""start"": ""2026-07-30T00:32:00.000+00:00"", ""end"": null, ""time_zone"": null}",B,must,g2f_m2_bboxROI_handROIbbox2_seed123_rep3
3adee4d4-7777-81b2-8451-ec1fb52268a8,2026-07-30T00:33:00.000Z,2026-07-30T00:33:00.000Z,50bbba6a26ffa0aa12728d887ac3619793b28199,"{""start"": ""2026-07-30T00:33:00.000+00:00"", ""end"": null, ""time_zone"": null}",(eval_recipe が metrics.json に未記載),1232,phase per-phase F1 (主指標、規則 R-topk 採用) / accuracy / macro-F1。5 epoch 選択規則 (R-acc/R-last/R-loss/R-mf1/R-topk) を同一学習軌跡から比較し val_metric_sd 最小の R-topk を採用。判定は seed x 反復 (n=9) の Welch + 動画別符号一致,"seed=123, rep=2, in_dim=8192, epochs=50, train_seconds=21.4622
system=bboxROI_handROIbbox2 seed=123 rep=2 in_dim=8192 epochs=50 train_seconds=21.5
5規則比較(*=採用): R-acc: val_acc=0.9644 test_acc=0.8725 | R-last: val_acc=0.9578 test_acc=0.8936 | R-loss: val_acc=0.9637 test_acc=0.8957 | R-mf1: val_acc=0.9637 test_acc=0.8957 | R-topk*: val_acc=0.9637 test_acc=0.8835
[R-topk] selected_epoch=[16, 18, 21] val: acc=0.9637 macroF1=0.8328 jaccard=0.8105 | incision=0.9674 hemostasis=0.9369 closure=0.9661
[R-topk] test: acc=0.8835 macroF1=0.7493 jaccard=0.6779 | incision=0.9578 hemostasis=0.8129 closure=0.9324
事前登録: prereg/m2_prediction.md（学習前 commit 42b3ce2・未改変）。選択規則は run 間ばらつきの主要因でない (RULE_INEFFECTIVE, R-topk は R-acc比0.920)。n=3→9で判定が両方向に反転 (5-1 test/incision 非超過→超過、3-2/4-2 超過→非超過)。S3のPASSは維持されず『中間』に該当 (次元寄与43.7%@test/incision)。詳細は RESULTS.md
Artifacts @ lecun
  run_dir: /home/ubuntu/slocal2/m2/experiments/selection_noise_2026-07-29/runs/bboxROI_handROIbbox2_seed123_rep2
  predictions: /home/ubuntu/slocal2/m2/experiments/selection_noise_2026-07-29/runs/bboxROI_handROIbbox2_seed123_rep2/predictions (10 files)",completed,lecun,False,"DDP 2GPU (RTX A6000 x2) on lecun, manual launcher (E plan, CUDA_VISIBLE_DEVICES per rank)",file://lecun/home/ubuntu/slocal2/m2/experiments/selection_noise_2026-07-29/runs/bboxROI_handROIbbox2_seed123_rep2,"{""start"": ""2026-07-30T00:32:00.000+00:00"", ""end"": null, ""time_zone"": null}",B,must,g2f_m2_bboxROI_handROIbbox2_seed123_rep2
3adee4d4-7777-811c-b524-e9a6b7b18790,2026-07-30T00:33:00.000Z,2026-07-30T00:33:00.000Z,50bbba6a26ffa0aa12728d887ac3619793b28199,"{""start"": ""2026-07-30T00:33:00.000+00:00"", ""end"": null, ""time_zone"": null}",(eval_recipe が metrics.json に未記載),1231,phase per-phase F1 (主指標、規則 R-topk 採用) / accuracy / macro-F1。5 epoch 選択規則 (R-acc/R-last/R-loss/R-mf1/R-topk) を同一学習軌跡から比較し val_metric_sd 最小の R-topk を採用。判定は seed x 反復 (n=9) の Welch + 動画別符号一致,"seed=123, rep=1, in_dim=8192, epochs=50, train_seconds=20.6408
system=bboxROI_handROIbbox2 seed=123 rep=1 in_dim=8192 epochs=50 train_seconds=20.6
5規則比較(*=採用): R-acc: val_acc=0.9644 test_acc=0.8715 | R-last: val_acc=0.9617 test_acc=0.9069 | R-loss: val_acc=0.9630 test_acc=0.8978 | R-mf1: val_acc=0.9617 test_acc=0.8994 | R-topk*: val_acc=0.9644 test_acc=0.9053
[R-topk] selected_epoch=[16, 21, 47] val: acc=0.9644 macroF1=0.8335 jaccard=0.8115 | incision=0.9645 hemostasis=0.9464 closure=0.9661
[R-topk] test: acc=0.9053 macroF1=0.7617 jaccard=0.6929 | incision=0.9455 hemostasis=0.8192 closure=0.9481
事前登録: prereg/m2_prediction.md（学習前 commit 42b3ce2・未改変）。選択規則は run 間ばらつきの主要因でない (RULE_INEFFECTIVE, R-topk は R-acc比0.920)。n=3→9で判定が両方向に反転 (5-1 test/incision 非超過→超過、3-2/4-2 超過→非超過)。S3のPASSは維持されず『中間』に該当 (次元寄与43.7%@test/incision)。詳細は RESULTS.md
Artifacts @ lecun
  run_dir: /home/ubuntu/slocal2/m2/experiments/selection_noise_2026-07-29/runs/bboxROI_handROIbbox2_seed123_rep1
  predictions: /home/ubuntu/slocal2/m2/experiments/selection_noise_2026-07-29/runs/bboxROI_handROIbbox2_seed123_rep1/predictions (10 files)",completed,lecun,False,"DDP 2GPU (RTX A6000 x2) on lecun, manual launcher (E plan, CUDA_VISIBLE_DEVICES per rank)",file://lecun/home/ubuntu/slocal2/m2/experiments/selection_noise_2026-07-29/runs/bboxROI_handROIbbox2_seed123_rep1,"{""start"": ""2026-07-30T00:32:00.000+00:00"", ""end"": null, ""time_zone"": null}",B,must,g2f_m2_bboxROI_handROIbbox2_seed123_rep1
3adee4d4-7777-8194-8bff-e2af68747c84,2026-07-30T00:33:00.000Z,2026-07-30T00:33:00.000Z,50bbba6a26ffa0aa12728d887ac3619793b28199,"{""start"": ""2026-07-30T00:33:00.000+00:00"", ""end"": null, ""time_zone"": null}",(eval_recipe が metrics.json に未記載),423,phase per-phase F1 (主指標、規則 R-topk 採用) / accuracy / macro-F1。5 epoch 選択規則 (R-acc/R-last/R-loss/R-mf1/R-topk) を同一学習軌跡から比較し val_metric_sd 最小の R-topk を採用。判定は seed x 反復 (n=9) の Welch + 動画別符号一致,"seed=42, rep=3, in_dim=8192, epochs=50, train_seconds=21.7531
system=bboxROI_handROIbbox2 seed=42 rep=3 in_dim=8192 epochs=50 train_seconds=21.8
5規則比較(*=採用): R-acc: val_acc=0.9644 test_acc=0.9102 | R-last: val_acc=0.9604 test_acc=0.9172 | R-loss: val_acc=0.9644 test_acc=0.9147 | R-mf1: val_acc=0.9644 test_acc=0.9048 | R-topk*: val_acc=0.9657 test_acc=0.9123
[R-topk] selected_epoch=[29, 31, 39] val: acc=0.9657 macroF1=0.8373 jaccard=0.8187 | incision=0.9704 hemostasis=0.9636 closure=0.9677
[R-topk] test: acc=0.9123 macroF1=0.7525 jaccard=0.6906 | incision=0.9668 hemostasis=0.8186 closure=0.9538
事前登録: prereg/m2_prediction.md（学習前 commit 42b3ce2・未改変）。選択規則は run 間ばらつきの主要因でない (RULE_INEFFECTIVE, R-topk は R-acc比0.920)。n=3→9で判定が両方向に反転 (5-1 test/incision 非超過→超過、3-2/4-2 超過→非超過)。S3のPASSは維持されず『中間』に該当 (次元寄与43.7%@test/incision)。詳細は RESULTS.md
Artifacts @ lecun
  run_dir: /home/ubuntu/slocal2/m2/experiments/selection_noise_2026-07-29/runs/bboxROI_handROIbbox2_seed42_rep3
  predictions: /home/ubuntu/slocal2/m2/experiments/selection_noise_2026-07-29/runs/bboxROI_handROIbbox2_seed42_rep3/predictions (10 files)",completed,lecun,False,"DDP 2GPU (RTX A6000 x2) on lecun, manual launcher (E plan, CUDA_VISIBLE_DEVICES per rank)",file://lecun/home/ubuntu/slocal2/m2/experiments/selection_noise_2026-07-29/runs/bboxROI_handROIbbox2_seed42_rep3,"{""start"": ""2026-07-30T00:32:00.000+00:00"", ""end"": null, ""time_zone"": null}",B,must,g2f_m2_bboxROI_handROIbbox2_seed42_rep3
3adee4d4-7777-8157-b027-dd86fd99a6fb,2026-07-30T00:33:00.000Z,2026-07-30T00:33:00.000Z,50bbba6a26ffa0aa12728d887ac3619793b28199,"{""start"": ""2026-07-30T00:33:00.000+00:00"", ""end"": null, ""time_zone"": null}",(eval_recipe が metrics.json に未記載),422,phase per-phase F1 (主指標、規則 R-topk 採用) / accuracy / macro-F1。5 epoch 選択規則 (R-acc/R-last/R-loss/R-mf1/R-topk) を同一学習軌跡から比較し val_metric_sd 最小の R-topk を採用。判定は seed x 反復 (n=9) の Welch + 動画別符号一致,"seed=42, rep=2, in_dim=8192, epochs=50, train_seconds=22.3139
system=bboxROI_handROIbbox2 seed=42 rep=2 in_dim=8192 epochs=50 train_seconds=22.3
5規則比較(*=採用): R-acc: val_acc=0.9657 test_acc=0.9142 | R-last: val_acc=0.9617 test_acc=0.9114 | R-loss: val_acc=0.9657 test_acc=0.9142 | R-mf1: val_acc=0.9657 test_acc=0.9142 | R-topk*: val_acc=0.9670 test_acc=0.9083
[R-topk] selected_epoch=[27, 29, 31] val: acc=0.9670 macroF1=0.8361 jaccard=0.8164 | incision=0.9769 hemostasis=0.9550 closure=0.9735
[R-topk] test: acc=0.9083 macroF1=0.7465 jaccard=0.6858 | incision=0.9697 hemostasis=0.8119 closure=0.9513
事前登録: prereg/m2_prediction.md（学習前 commit 42b3ce2・未改変）。選択規則は run 間ばらつきの主要因でない (RULE_INEFFECTIVE, R-topk は R-acc比0.920)。n=3→9で判定が両方向に反転 (5-1 test/incision 非超過→超過、3-2/4-2 超過→非超過)。S3のPASSは維持されず『中間』に該当 (次元寄与43.7%@test/incision)。詳細は RESULTS.md
Artifacts @ lecun
  run_dir: /home/ubuntu/slocal2/m2/experiments/selection_noise_2026-07-29/runs/bboxROI_handROIbbox2_seed42_rep2
  predictions: /home/ubuntu/slocal2/m2/experiments/selection_noise_2026-07-29/runs/bboxROI_handROIbbox2_seed42_rep2/predictions (10 files)",completed,lecun,False,"DDP 2GPU (RTX A6000 x2) on lecun, manual launcher (E plan, CUDA_VISIBLE_DEVICES per rank)",file://lecun/home/ubuntu/slocal2/m2/experiments/selection_noise_2026-07-29/runs/bboxROI_handROIbbox2_seed42_rep2,"{""start"": ""2026-07-30T00:32:00.000+00:00"", ""end"": null, ""time_zone"": null}",B,must,g2f_m2_bboxROI_handROIbbox2_seed42_rep2
3adee4d4-7777-811f-ba1a-f1a5b7823706,2026-07-30T00:33:00.000Z,2026-07-30T00:33:00.000Z,50bbba6a26ffa0aa12728d887ac3619793b28199,"{""start"": ""2026-07-30T00:33:00.000+00:00"", ""end"": null, ""time_zone"": null}",(eval_recipe が metrics.json に未記載),421,phase per-phase F1 (主指標、規則 R-topk 採用) / accuracy / macro-F1。5 epoch 選択規則 (R-acc/R-last/R-loss/R-mf1/R-topk) を同一学習軌跡から比較し val_metric_sd 最小の R-topk を採用。判定は seed x 反復 (n=9) の Welch + 動画別符号一致,"seed=42, rep=1, in_dim=8192, epochs=50, train_seconds=21.5666
system=bboxROI_handROIbbox2 seed=42 rep=1 in_dim=8192 epochs=50 train_seconds=21.6
5規則比較(*=採用): R-acc: val_acc=0.9650 test_acc=0.9114 | R-last: val_acc=0.9604 test_acc=0.9172 | R-loss: val_acc=0.9644 test_acc=0.9116 | R-mf1: val_acc=0.9650 test_acc=0.9114 | R-topk*: val_acc=0.9670 test_acc=0.9097
[R-topk] selected_epoch=[27, 29, 31] val: acc=0.9670 macroF1=0.8356 jaccard=0.8155 | incision=0.9766 hemostasis=0.9464 closure=0.9736
[R-topk] test: acc=0.9097 macroF1=0.7524 jaccard=0.6891 | incision=0.9639 hemostasis=0.8138 closure=0.9521
事前登録: prereg/m2_prediction.md（学習前 commit 42b3ce2・未改変）。選択規則は run 間ばらつきの主要因でない (RULE_INEFFECTIVE, R-topk は R-acc比0.920)。n=3→9で判定が両方向に反転 (5-1 test/incision 非超過→超過、3-2/4-2 超過→非超過)。S3のPASSは維持されず『中間』に該当 (次元寄与43.7%@test/incision)。詳細は RESULTS.md
Artifacts @ lecun
  run_dir: /home/ubuntu/slocal2/m2/experiments/selection_noise_2026-07-29/runs/bboxROI_handROIbbox2_seed42_rep1
  predictions: /home/ubuntu/slocal2/m2/experiments/selection_noise_2026-07-29/runs/bboxROI_handROIbbox2_seed42_rep1/predictions (10 files)",completed,lecun,False,"DDP 2GPU (RTX A6000 x2) on lecun, manual launcher (E plan, CUDA_VISIBLE_DEVICES per rank)",file://lecun/home/ubuntu/slocal2/m2/experiments/selection_noise_2026-07-29/runs/bboxROI_handROIbbox2_seed42_rep1,"{""start"": ""2026-07-30T00:32:00.000+00:00"", ""end"": null, ""time_zone"": null}",B,must,g2f_m2_bboxROI_handROIbbox2_seed42_rep1
3adee4d4-7777-811d-aefe-f774391ed090,2026-07-30T00:33:00.000Z,2026-07-30T00:33:00.000Z,50bbba6a26ffa0aa12728d887ac3619793b28199,"{""start"": ""2026-07-30T00:33:00.000+00:00"", ""end"": null, ""time_zone"": null}",(eval_recipe が metrics.json に未記載),4563,phase per-phase F1 (主指標、規則 R-topk 採用) / accuracy / macro-F1。5 epoch 選択規則 (R-acc/R-last/R-loss/R-mf1/R-topk) を同一学習軌跡から比較し val_metric_sd 最小の R-topk を採用。判定は seed x 反復 (n=9) の Welch + 動画別符号一致,"seed=456, rep=3, in_dim=7680, epochs=50, train_seconds=21.6753
system=bboxROI seed=456 rep=3 in_dim=7680 epochs=50 train_seconds=21.7
5規則比較(*=採用): R-acc: val_acc=0.9650 test_acc=0.9001 | R-last: val_acc=0.9538 test_acc=0.8713 | R-loss: val_acc=0.9624 test_acc=0.8952 | R-mf1: val_acc=0.9650 test_acc=0.9001 | R-topk*: val_acc=0.9650 test_acc=0.8959
[R-topk] selected_epoch=[29, 30, 37] val: acc=0.9650 macroF1=0.8335 jaccard=0.8116 | incision=0.9645 hemostasis=0.9455 closure=0.9694
[R-topk] test: acc=0.8959 macroF1=0.7351 jaccard=0.6625 | incision=0.9515 hemostasis=0.7277 closure=0.9512
事前登録: prereg/m2_prediction.md（学習前 commit 42b3ce2・未改変）。選択規則は run 間ばらつきの主要因でない (RULE_INEFFECTIVE, R-topk は R-acc比0.920)。n=3→9で判定が両方向に反転 (5-1 test/incision 非超過→超過、3-2/4-2 超過→非超過)。S3のPASSは維持されず『中間』に該当 (次元寄与43.7%@test/incision)。詳細は RESULTS.md
Artifacts @ lecun
  run_dir: /home/ubuntu/slocal2/m2/experiments/selection_noise_2026-07-29/runs/bboxROI_seed456_rep3
  predictions: /home/ubuntu/slocal2/m2/experiments/selection_noise_2026-07-29/runs/bboxROI_seed456_rep3/predictions (10 files)",completed,lecun,False,"DDP 2GPU (RTX A6000 x2) on lecun, manual launcher (E plan, CUDA_VISIBLE_DEVICES per rank)",file://lecun/home/ubuntu/slocal2/m2/experiments/selection_noise_2026-07-29/runs/bboxROI_seed456_rep3,"{""start"": ""2026-07-30T00:32:00.000+00:00"", ""end"": null, ""time_zone"": null}",B,must,g2f_m2_bboxROI_seed456_rep3
3adee4d4-7777-81e3-bfee-f75e6901877e,2026-07-30T00:33:00.000Z,2026-07-30T00:33:00.000Z,50bbba6a26ffa0aa12728d887ac3619793b28199,"{""start"": ""2026-07-30T00:33:00.000+00:00"", ""end"": null, ""time_zone"": null}",(eval_recipe が metrics.json に未記載),4562,phase per-phase F1 (主指標、規則 R-topk 採用) / accuracy / macro-F1。5 epoch 選択規則 (R-acc/R-last/R-loss/R-mf1/R-topk) を同一学習軌跡から比較し val_metric_sd 最小の R-topk を採用。判定は seed x 反復 (n=9) の Welch + 動画別符号一致,"seed=456, rep=2, in_dim=7680, epochs=50, train_seconds=21.0468
system=bboxROI seed=456 rep=2 in_dim=7680 epochs=50 train_seconds=21.0
5規則比較(*=採用): R-acc: val_acc=0.9644 test_acc=0.9006 | R-last: val_acc=0.9538 test_acc=0.8640 | R-loss: val_acc=0.9591 test_acc=0.8692 | R-mf1: val_acc=0.9644 test_acc=0.9006 | R-topk*: val_acc=0.9630 test_acc=0.8964
[R-topk] selected_epoch=[24, 29, 35] val: acc=0.9630 macroF1=0.8312 jaccard=0.8073 | incision=0.9583 hemostasis=0.9381 closure=0.9686
[R-topk] test: acc=0.8964 macroF1=0.7385 jaccard=0.6676 | incision=0.9412 hemostasis=0.7453 closure=0.9503
事前登録: prereg/m2_prediction.md（学習前 commit 42b3ce2・未改変）。選択規則は run 間ばらつきの主要因でない (RULE_INEFFECTIVE, R-topk は R-acc比0.920)。n=3→9で判定が両方向に反転 (5-1 test/incision 非超過→超過、3-2/4-2 超過→非超過)。S3のPASSは維持されず『中間』に該当 (次元寄与43.7%@test/incision)。詳細は RESULTS.md
Artifacts @ lecun
  run_dir: /home/ubuntu/slocal2/m2/experiments/selection_noise_2026-07-29/runs/bboxROI_seed456_rep2
  predictions: /home/ubuntu/slocal2/m2/experiments/selection_noise_2026-07-29/runs/bboxROI_seed456_rep2/predictions (10 files)",completed,lecun,False,"DDP 2GPU (RTX A6000 x2) on lecun, manual launcher (E plan, CUDA_VISIBLE_DEVICES per rank)",file://lecun/home/ubuntu/slocal2/m2/experiments/selection_noise_2026-07-29/runs/bboxROI_seed456_rep2,"{""start"": ""2026-07-30T00:32:00.000+00:00"", ""end"": null, ""time_zone"": null}",B,must,g2f_m2_bboxROI_seed456_rep2
3adee4d4-7777-815d-959f-cfb22ee1d5e6,2026-07-30T00:33:00.000Z,2026-07-30T00:33:00.000Z,50bbba6a26ffa0aa12728d887ac3619793b28199,"{""start"": ""2026-07-30T00:33:00.000+00:00"", ""end"": null, ""time_zone"": null}",(eval_recipe が metrics.json に未記載),4561,phase per-phase F1 (主指標、規則 R-topk 採用) / accuracy / macro-F1。5 epoch 選択規則 (R-acc/R-last/R-loss/R-mf1/R-topk) を同一学習軌跡から比較し val_metric_sd 最小の R-topk を採用。判定は seed x 反復 (n=9) の Welch + 動画別符号一致,"seed=456, rep=1, in_dim=7680, epochs=50, train_seconds=21.9427
system=bboxROI seed=456 rep=1 in_dim=7680 epochs=50 train_seconds=21.9
5規則比較(*=採用): R-acc: val_acc=0.9624 test_acc=0.9090 | R-last: val_acc=0.9518 test_acc=0.8837 | R-loss: val_acc=0.9624 test_acc=0.9006 | R-mf1: val_acc=0.9611 test_acc=0.9053 | R-topk*: val_acc=0.9630 test_acc=0.8973
[R-topk] selected_epoch=[23, 24, 48] val: acc=0.9630 macroF1=0.8303 jaccard=0.8057 | incision=0.9614 hemostasis=0.9286 closure=0.9686
[R-topk] test: acc=0.8973 macroF1=0.7401 jaccard=0.6710 | incision=0.9503 hemostasis=0.7368 closure=0.9508
事前登録: prereg/m2_prediction.md（学習前 commit 42b3ce2・未改変）。選択規則は run 間ばらつきの主要因でない (RULE_INEFFECTIVE, R-topk は R-acc比0.920)。n=3→9で判定が両方向に反転 (5-1 test/incision 非超過→超過、3-2/4-2 超過→非超過)。S3のPASSは維持されず『中間』に該当 (次元寄与43.7%@test/incision)。詳細は RESULTS.md
Artifacts @ lecun
  run_dir: /home/ubuntu/slocal2/m2/experiments/selection_noise_2026-07-29/runs/bboxROI_seed456_rep1
  predictions: /home/ubuntu/slocal2/m2/experiments/selection_noise_2026-07-29/runs/bboxROI_seed456_rep1/predictions (10 files)",completed,lecun,False,"DDP 2GPU (RTX A6000 x2) on lecun, manual launcher (E plan, CUDA_VISIBLE_DEVICES per rank)",file://lecun/home/ubuntu/slocal2/m2/experiments/selection_noise_2026-07-29/runs/bboxROI_seed456_rep1,"{""start"": ""2026-07-30T00:32:00.000+00:00"", ""end"": null, ""time_zone"": null}",B,must,g2f_m2_bboxROI_seed456_rep1
3adee4d4-7777-812c-b415-fdea6e5b3082,2026-07-30T00:33:00.000Z,2026-07-30T00:33:00.000Z,50bbba6a26ffa0aa12728d887ac3619793b28199,"{""start"": ""2026-07-30T00:33:00.000+00:00"", ""end"": null, ""time_zone"": null}",(eval_recipe が metrics.json に未記載),1233,phase per-phase F1 (主指標、規則 R-topk 採用) / accuracy / macro-F1。5 epoch 選択規則 (R-acc/R-last/R-loss/R-mf1/R-topk) を同一学習軌跡から比較し val_metric_sd 最小の R-topk を採用。判定は seed x 反復 (n=9) の Welch + 動画別符号一致,"seed=123, rep=3, in_dim=7680, epochs=50, train_seconds=23.1325
system=bboxROI seed=123 rep=3 in_dim=7680 epochs=50 train_seconds=23.1
5規則比較(*=採用): R-acc: val_acc=0.9657 test_acc=0.8957 | R-last: val_acc=0.9630 test_acc=0.8964 | R-loss: val_acc=0.9657 test_acc=0.8957 | R-mf1: val_acc=0.9644 test_acc=0.8961 | R-topk*: val_acc=0.9650 test_acc=0.8952
[R-topk] selected_epoch=[16, 20, 30] val: acc=0.9650 macroF1=0.8335 jaccard=0.8118 | incision=0.9674 hemostasis=0.9381 closure=0.9669
[R-topk] test: acc=0.8952 macroF1=0.7495 jaccard=0.6847 | incision=0.9752 hemostasis=0.8186 closure=0.9420
事前登録: prereg/m2_prediction.md（学習前 commit 42b3ce2・未改変）。選択規則は run 間ばらつきの主要因でない (RULE_INEFFECTIVE, R-topk は R-acc比0.920)。n=3→9で判定が両方向に反転 (5-1 test/incision 非超過→超過、3-2/4-2 超過→非超過)。S3のPASSは維持されず『中間』に該当 (次元寄与43.7%@test/incision)。詳細は RESULTS.md
Artifacts @ lecun
  run_dir: /home/ubuntu/slocal2/m2/experiments/selection_noise_2026-07-29/runs/bboxROI_seed123_rep3
  predictions: /home/ubuntu/slocal2/m2/experiments/selection_noise_2026-07-29/runs/bboxROI_seed123_rep3/predictions (10 files)",completed,lecun,False,"DDP 2GPU (RTX A6000 x2) on lecun, manual launcher (E plan, CUDA_VISIBLE_DEVICES per rank)",file://lecun/home/ubuntu/slocal2/m2/experiments/selection_noise_2026-07-29/runs/bboxROI_seed123_rep3,"{""start"": ""2026-07-30T00:32:00.000+00:00"", ""end"": null, ""time_zone"": null}",B,must,g2f_m2_bboxROI_seed123_rep3
3adee4d4-7777-810f-8852-f08016e851b8,2026-07-30T00:33:00.000Z,2026-07-30T00:33:00.000Z,50bbba6a26ffa0aa12728d887ac3619793b28199,"{""start"": ""2026-07-30T00:33:00.000+00:00"", ""end"": null, ""time_zone"": null}",(eval_recipe が metrics.json に未記載),1232,phase per-phase F1 (主指標、規則 R-topk 採用) / accuracy / macro-F1。5 epoch 選択規則 (R-acc/R-last/R-loss/R-mf1/R-topk) を同一学習軌跡から比較し val_metric_sd 最小の R-topk を採用。判定は seed x 反復 (n=9) の Welch + 動画別符号一致,"seed=123, rep=2, in_dim=7680, epochs=50, train_seconds=20.9728
system=bboxROI seed=123 rep=2 in_dim=7680 epochs=50 train_seconds=21.0
5規則比較(*=採用): R-acc: val_acc=0.9663 test_acc=0.8945 | R-last: val_acc=0.9571 test_acc=0.8853 | R-loss: val_acc=0.9663 test_acc=0.8945 | R-mf1: val_acc=0.9650 test_acc=0.8947 | R-topk*: val_acc=0.9644 test_acc=0.8943
[R-topk] selected_epoch=[16, 20, 44] val: acc=0.9644 macroF1=0.8343 jaccard=0.8131 | incision=0.9676 hemostasis=0.9464 closure=0.9684
[R-topk] test: acc=0.8943 macroF1=0.7555 jaccard=0.6921 | incision=0.9752 hemostasis=0.8224 closure=0.9400
事前登録: prereg/m2_prediction.md（学習前 commit 42b3ce2・未改変）。選択規則は run 間ばらつきの主要因でない (RULE_INEFFECTIVE, R-topk は R-acc比0.920)。n=3→9で判定が両方向に反転 (5-1 test/incision 非超過→超過、3-2/4-2 超過→非超過)。S3のPASSは維持されず『中間』に該当 (次元寄与43.7%@test/incision)。詳細は RESULTS.md
Artifacts @ lecun
  run_dir: /home/ubuntu/slocal2/m2/experiments/selection_noise_2026-07-29/runs/bboxROI_seed123_rep2
  predictions: /home/ubuntu/slocal2/m2/experiments/selection_noise_2026-07-29/runs/bboxROI_seed123_rep2/predictions (10 files)",completed,lecun,False,"DDP 2GPU (RTX A6000 x2) on lecun, manual launcher (E plan, CUDA_VISIBLE_DEVICES per rank)",file://lecun/home/ubuntu/slocal2/m2/experiments/selection_noise_2026-07-29/runs/bboxROI_seed123_rep2,"{""start"": ""2026-07-30T00:32:00.000+00:00"", ""end"": null, ""time_zone"": null}",B,must,g2f_m2_bboxROI_seed123_rep2
3adee4d4-7777-8159-ac72-dea933550f02,2026-07-30T00:33:00.000Z,2026-07-30T00:33:00.000Z,50bbba6a26ffa0aa12728d887ac3619793b28199,"{""start"": ""2026-07-30T00:33:00.000+00:00"", ""end"": null, ""time_zone"": null}",(eval_recipe が metrics.json に未記載),1231,phase per-phase F1 (主指標、規則 R-topk 採用) / accuracy / macro-F1。5 epoch 選択規則 (R-acc/R-last/R-loss/R-mf1/R-topk) を同一学習軌跡から比較し val_metric_sd 最小の R-topk を採用。判定は seed x 反復 (n=9) の Welch + 動画別符号一致,"seed=123, rep=1, in_dim=7680, epochs=50, train_seconds=23.4316
system=bboxROI seed=123 rep=1 in_dim=7680 epochs=50 train_seconds=23.4
5規則比較(*=採用): R-acc: val_acc=0.9650 test_acc=0.8938 | R-last: val_acc=0.9611 test_acc=0.8882 | R-loss: val_acc=0.9650 test_acc=0.8938 | R-mf1: val_acc=0.9644 test_acc=0.8947 | R-topk*: val_acc=0.9663 test_acc=0.8985
[R-topk] selected_epoch=[16, 20, 44] val: acc=0.9663 macroF1=0.8373 jaccard=0.8186 | incision=0.9674 hemostasis=0.9636 closure=0.9694
[R-topk] test: acc=0.8985 macroF1=0.7544 jaccard=0.6926 | incision=0.9752 hemostasis=0.8263 closure=0.9434
事前登録: prereg/m2_prediction.md（学習前 commit 42b3ce2・未改変）。選択規則は run 間ばらつきの主要因でない (RULE_INEFFECTIVE, R-topk は R-acc比0.920)。n=3→9で判定が両方向に反転 (5-1 test/incision 非超過→超過、3-2/4-2 超過→非超過)。S3のPASSは維持されず『中間』に該当 (次元寄与43.7%@test/incision)。詳細は RESULTS.md
Artifacts @ lecun
  run_dir: /home/ubuntu/slocal2/m2/experiments/selection_noise_2026-07-29/runs/bboxROI_seed123_rep1
  predictions: /home/ubuntu/slocal2/m2/experiments/selection_noise_2026-07-29/runs/bboxROI_seed123_rep1/predictions (10 files)",completed,lecun,False,"DDP 2GPU (RTX A6000 x2) on lecun, manual launcher (E plan, CUDA_VISIBLE_DEVICES per rank)",file://lecun/home/ubuntu/slocal2/m2/experiments/selection_noise_2026-07-29/runs/bboxROI_seed123_rep1,"{""start"": ""2026-07-30T00:32:00.000+00:00"", ""end"": null, ""time_zone"": null}",B,must,g2f_m2_bboxROI_seed123_rep1
3adee4d4-7777-81cc-b64f-e2f14028cbe2,2026-07-30T00:33:00.000Z,2026-07-30T00:33:00.000Z,50bbba6a26ffa0aa12728d887ac3619793b28199,"{""start"": ""2026-07-30T00:33:00.000+00:00"", ""end"": null, ""time_zone"": null}",(eval_recipe が metrics.json に未記載),423,phase per-phase F1 (主指標、規則 R-topk 採用) / accuracy / macro-F1。5 epoch 選択規則 (R-acc/R-last/R-loss/R-mf1/R-topk) を同一学習軌跡から比較し val_metric_sd 最小の R-topk を採用。判定は seed x 反復 (n=9) の Welch + 動画別符号一致,"seed=42, rep=3, in_dim=7680, epochs=50, train_seconds=22.1256
system=bboxROI seed=42 rep=3 in_dim=7680 epochs=50 train_seconds=22.1
5規則比較(*=採用): R-acc: val_acc=0.9657 test_acc=0.8710 | R-last: val_acc=0.9630 test_acc=0.8968 | R-loss: val_acc=0.9617 test_acc=0.8804 | R-mf1: val_acc=0.9657 test_acc=0.8844 | R-topk*: val_acc=0.9663 test_acc=0.8853
[R-topk] selected_epoch=[27, 29, 31] val: acc=0.9663 macroF1=0.8352 jaccard=0.8146 | incision=0.9647 hemostasis=0.9541 closure=0.9712
[R-topk] test: acc=0.8853 macroF1=0.7239 jaccard=0.6469 | incision=0.9353 hemostasis=0.7805 closure=0.9380
事前登録: prereg/m2_prediction.md（学習前 commit 42b3ce2・未改変）。選択規則は run 間ばらつきの主要因でない (RULE_INEFFECTIVE, R-topk は R-acc比0.920)。n=3→9で判定が両方向に反転 (5-1 test/incision 非超過→超過、3-2/4-2 超過→非超過)。S3のPASSは維持されず『中間』に該当 (次元寄与43.7%@test/incision)。詳細は RESULTS.md
Artifacts @ lecun
  run_dir: /home/ubuntu/slocal2/m2/experiments/selection_noise_2026-07-29/runs/bboxROI_seed42_rep3
  predictions: /home/ubuntu/slocal2/m2/experiments/selection_noise_2026-07-29/runs/bboxROI_seed42_rep3/predictions (10 files)",completed,lecun,False,"DDP 2GPU (RTX A6000 x2) on lecun, manual launcher (E plan, CUDA_VISIBLE_DEVICES per rank)",file://lecun/home/ubuntu/slocal2/m2/experiments/selection_noise_2026-07-29/runs/bboxROI_seed42_rep3,"{""start"": ""2026-07-30T00:32:00.000+00:00"", ""end"": null, ""time_zone"": null}",B,must,g2f_m2_bboxROI_seed42_rep3
3adee4d4-7777-81c0-bf31-cbf90aa47a93,2026-07-30T00:32:00.000Z,2026-07-30T00:32:00.000Z,50bbba6a26ffa0aa12728d887ac3619793b28199,"{""start"": ""2026-07-30T00:32:00.000+00:00"", ""end"": null, ""time_zone"": null}",(eval_recipe が metrics.json に未記載),422,phase per-phase F1 (主指標、規則 R-topk 採用) / accuracy / macro-F1。5 epoch 選択規則 (R-acc/R-last/R-loss/R-mf1/R-topk) を同一学習軌跡から比較し val_metric_sd 最小の R-topk を採用。判定は seed x 反復 (n=9) の Welch + 動画別符号一致,"seed=42, rep=2, in_dim=7680, epochs=50, train_seconds=21.4951
system=bboxROI seed=42 rep=2 in_dim=7680 epochs=50 train_seconds=21.5
5規則比較(*=採用): R-acc: val_acc=0.9677 test_acc=0.8917 | R-last: val_acc=0.9624 test_acc=0.8985 | R-loss: val_acc=0.9650 test_acc=0.8931 | R-mf1: val_acc=0.9677 test_acc=0.8917 | R-topk*: val_acc=0.9663 test_acc=0.8875
[R-topk] selected_epoch=[27, 29, 37] val: acc=0.9663 macroF1=0.8367 jaccard=0.8174 | incision=0.9676 hemostasis=0.9636 closure=0.9703
[R-topk] test: acc=0.8875 macroF1=0.7277 jaccard=0.6562 | incision=0.9353 hemostasis=0.7706 closure=0.9407
事前登録: prereg/m2_prediction.md（学習前 commit 42b3ce2・未改変）。選択規則は run 間ばらつきの主要因でない (RULE_INEFFECTIVE, R-topk は R-acc比0.920)。n=3→9で判定が両方向に反転 (5-1 test/incision 非超過→超過、3-2/4-2 超過→非超過)。S3のPASSは維持されず『中間』に該当 (次元寄与43.7%@test/incision)。詳細は RESULTS.md
Artifacts @ lecun
  run_dir: /home/ubuntu/slocal2/m2/experiments/selection_noise_2026-07-29/runs/bboxROI_seed42_rep2
  predictions: /home/ubuntu/slocal2/m2/experiments/selection_noise_2026-07-29/runs/bboxROI_seed42_rep2/predictions (10 files)",completed,lecun,False,"DDP 2GPU (RTX A6000 x2) on lecun, manual launcher (E plan, CUDA_VISIBLE_DEVICES per rank)",file://lecun/home/ubuntu/slocal2/m2/experiments/selection_noise_2026-07-29/runs/bboxROI_seed42_rep2,"{""start"": ""2026-07-30T00:32:00.000+00:00"", ""end"": null, ""time_zone"": null}",B,must,g2f_m2_bboxROI_seed42_rep2
3adee4d4-7777-8197-9c8a-c410d97b3e05,2026-07-30T00:32:00.000Z,2026-07-30T00:32:00.000Z,50bbba6a26ffa0aa12728d887ac3619793b28199,"{""start"": ""2026-07-30T00:32:00.000+00:00"", ""end"": null, ""time_zone"": null}",(eval_recipe が metrics.json に未記載),421,phase per-phase F1 (主指標、規則 R-topk 採用) / accuracy / macro-F1。5 epoch 選択規則 (R-acc/R-last/R-loss/R-mf1/R-topk) を同一学習軌跡から比較し val_metric_sd 最小の R-topk を採用。判定は seed x 反復 (n=9) の Welch + 動画別符号一致,"seed=42, rep=1, in_dim=7680, epochs=50, train_seconds=21.3470
system=bboxROI seed=42 rep=1 in_dim=7680 epochs=50 train_seconds=21.3
5規則比較(*=採用): R-acc: val_acc=0.9663 test_acc=0.8807 | R-last: val_acc=0.9637 test_acc=0.8940 | R-loss: val_acc=0.9617 test_acc=0.8797 | R-mf1: val_acc=0.9663 test_acc=0.8868 | R-topk*: val_acc=0.9663 test_acc=0.8828
[R-topk] selected_epoch=[27, 29, 37] val: acc=0.9663 macroF1=0.8357 jaccard=0.8155 | incision=0.9676 hemostasis=0.9550 closure=0.9678
[R-topk] test: acc=0.8828 macroF1=0.7232 jaccard=0.6535 | incision=0.9353 hemostasis=0.7642 closure=0.9381
事前登録: prereg/m2_prediction.md（学習前 commit 42b3ce2・未改変）。選択規則は run 間ばらつきの主要因でない (RULE_INEFFECTIVE, R-topk は R-acc比0.920)。n=3→9で判定が両方向に反転 (5-1 test/incision 非超過→超過、3-2/4-2 超過→非超過)。S3のPASSは維持されず『中間』に該当 (次元寄与43.7%@test/incision)。詳細は RESULTS.md
Artifacts @ lecun
  run_dir: /home/ubuntu/slocal2/m2/experiments/selection_noise_2026-07-29/runs/bboxROI_seed42_rep1
  predictions: /home/ubuntu/slocal2/m2/experiments/selection_noise_2026-07-29/runs/bboxROI_seed42_rep1/predictions (10 files)",completed,lecun,False,"DDP 2GPU (RTX A6000 x2) on lecun, manual launcher (E plan, CUDA_VISIBLE_DEVICES per rank)",file://lecun/home/ubuntu/slocal2/m2/experiments/selection_noise_2026-07-29/runs/bboxROI_seed42_rep1,"{""start"": ""2026-07-30T00:32:00.000+00:00"", ""end"": null, ""time_zone"": null}",B,must,g2f_m2_bboxROI_seed42_rep1
3adee4d4-7777-813b-8066-d7099b4ffb9a,2026-07-30T00:32:00.000Z,2026-07-30T00:32:00.000Z,50bbba6a26ffa0aa12728d887ac3619793b28199,"{""start"": ""2026-07-30T00:32:00.000+00:00"", ""end"": null, ""time_zone"": null}",(eval_recipe が metrics.json に未記載),4563,phase per-phase F1 (主指標、規則 R-topk 採用) / accuracy / macro-F1。5 epoch 選択規則 (R-acc/R-last/R-loss/R-mf1/R-topk) を同一学習軌跡から比較し val_metric_sd 最小の R-topk を採用。判定は seed x 反復 (n=9) の Welch + 動画別符号一致,"seed=456, rep=3, in_dim=3840, epochs=50, train_seconds=21.2258
system=base seed=456 rep=3 in_dim=3840 epochs=50 train_seconds=21.2
5規則比較(*=採用): R-acc: val_acc=0.9485 test_acc=0.8258 | R-last: val_acc=0.9320 test_acc=0.7934 | R-loss: val_acc=0.9472 test_acc=0.8427 | R-mf1: val_acc=0.9485 test_acc=0.8258 | R-topk*: val_acc=0.9465 test_acc=0.8338
[R-topk] selected_epoch=[21, 24, 35] val: acc=0.9465 macroF1=0.8013 jaccard=0.7594 | incision=0.9496 hemostasis=0.7708 closure=0.9584
[R-topk] test: acc=0.8338 macroF1=0.6926 jaccard=0.6097 | incision=0.9268 hemostasis=0.7155 closure=0.9043
事前登録: prereg/m2_prediction.md（学習前 commit 42b3ce2・未改変）。選択規則は run 間ばらつきの主要因でない (RULE_INEFFECTIVE, R-topk は R-acc比0.920)。n=3→9で判定が両方向に反転 (5-1 test/incision 非超過→超過、3-2/4-2 超過→非超過)。S3のPASSは維持されず『中間』に該当 (次元寄与43.7%@test/incision)。詳細は RESULTS.md
Artifacts @ lecun
  run_dir: /home/ubuntu/slocal2/m2/experiments/selection_noise_2026-07-29/runs/base_seed456_rep3
  predictions: /home/ubuntu/slocal2/m2/experiments/selection_noise_2026-07-29/runs/base_seed456_rep3/predictions (10 files)",completed,lecun,False,"DDP 2GPU (RTX A6000 x2) on lecun, manual launcher (E plan, CUDA_VISIBLE_DEVICES per rank)",file://lecun/home/ubuntu/slocal2/m2/experiments/selection_noise_2026-07-29/runs/base_seed456_rep3,"{""start"": ""2026-07-30T00:32:00.000+00:00"", ""end"": null, ""time_zone"": null}",B,must,g2f_m2_base_seed456_rep3
3adee4d4-7777-8172-b19b-e1ee98f2be4d,2026-07-30T00:32:00.000Z,2026-07-30T00:32:00.000Z,50bbba6a26ffa0aa12728d887ac3619793b28199,"{""start"": ""2026-07-30T00:32:00.000+00:00"", ""end"": null, ""time_zone"": null}",(eval_recipe が metrics.json に未記載),4562,phase per-phase F1 (主指標、規則 R-topk 採用) / accuracy / macro-F1。5 epoch 選択規則 (R-acc/R-last/R-loss/R-mf1/R-topk) を同一学習軌跡から比較し val_metric_sd 最小の R-topk を採用。判定は seed x 反復 (n=9) の Welch + 動画別符号一致,"seed=456, rep=2, in_dim=3840, epochs=50, train_seconds=19.9531
system=base seed=456 rep=2 in_dim=3840 epochs=50 train_seconds=20.0
5規則比較(*=採用): R-acc: val_acc=0.9485 test_acc=0.8277 | R-last: val_acc=0.9314 test_acc=0.7939 | R-loss: val_acc=0.9479 test_acc=0.8389 | R-mf1: val_acc=0.9485 test_acc=0.8277 | R-topk*: val_acc=0.9479 test_acc=0.8345
[R-topk] selected_epoch=[21, 24, 35] val: acc=0.9479 macroF1=0.8030 jaccard=0.7626 | incision=0.9555 hemostasis=0.7708 closure=0.9584
[R-topk] test: acc=0.8345 macroF1=0.6912 jaccard=0.6089 | incision=0.9240 hemostasis=0.7217 closure=0.9044
事前登録: prereg/m2_prediction.md（学習前 commit 42b3ce2・未改変）。選択規則は run 間ばらつきの主要因でない (RULE_INEFFECTIVE, R-topk は R-acc比0.920)。n=3→9で判定が両方向に反転 (5-1 test/incision 非超過→超過、3-2/4-2 超過→非超過)。S3のPASSは維持されず『中間』に該当 (次元寄与43.7%@test/incision)。詳細は RESULTS.md
Artifacts @ lecun
  run_dir: /home/ubuntu/slocal2/m2/experiments/selection_noise_2026-07-29/runs/base_seed456_rep2
  predictions: /home/ubuntu/slocal2/m2/experiments/selection_noise_2026-07-29/runs/base_seed456_rep2/predictions (10 files)",completed,lecun,False,"DDP 2GPU (RTX A6000 x2) on lecun, manual launcher (E plan, CUDA_VISIBLE_DEVICES per rank)",file://lecun/home/ubuntu/slocal2/m2/experiments/selection_noise_2026-07-29/runs/base_seed456_rep2,"{""start"": ""2026-07-30T00:32:00.000+00:00"", ""end"": null, ""time_zone"": null}",B,must,g2f_m2_base_seed456_rep2
3adee4d4-7777-81aa-8c4b-cff546efd9d9,2026-07-30T00:32:00.000Z,2026-07-30T00:32:00.000Z,50bbba6a26ffa0aa12728d887ac3619793b28199,"{""start"": ""2026-07-30T00:32:00.000+00:00"", ""end"": null, ""time_zone"": null}",(eval_recipe が metrics.json に未記載),4561,phase per-phase F1 (主指標、規則 R-topk 採用) / accuracy / macro-F1。5 epoch 選択規則 (R-acc/R-last/R-loss/R-mf1/R-topk) を同一学習軌跡から比較し val_metric_sd 最小の R-topk を採用。判定は seed x 反復 (n=9) の Welch + 動画別符号一致,"seed=456, rep=1, in_dim=3840, epochs=50, train_seconds=21.2102
system=base seed=456 rep=1 in_dim=3840 epochs=50 train_seconds=21.2
5規則比較(*=採用): R-acc: val_acc=0.9472 test_acc=0.8410 | R-last: val_acc=0.9294 test_acc=0.8002 | R-loss: val_acc=0.9472 test_acc=0.8410 | R-mf1: val_acc=0.9432 test_acc=0.8260 | R-topk*: val_acc=0.9465 test_acc=0.8413
[R-topk] selected_epoch=[21, 24, 29] val: acc=0.9465 macroF1=0.8006 jaccard=0.7585 | incision=0.9496 hemostasis=0.7660 closure=0.9584
[R-topk] test: acc=0.8413 macroF1=0.6900 jaccard=0.6052 | incision=0.9063 hemostasis=0.7432 closure=0.9082
事前登録: prereg/m2_prediction.md（学習前 commit 42b3ce2・未改変）。選択規則は run 間ばらつきの主要因でない (RULE_INEFFECTIVE, R-topk は R-acc比0.920)。n=3→9で判定が両方向に反転 (5-1 test/incision 非超過→超過、3-2/4-2 超過→非超過)。S3のPASSは維持されず『中間』に該当 (次元寄与43.7%@test/incision)。詳細は RESULTS.md
Artifacts @ lecun
  run_dir: /home/ubuntu/slocal2/m2/experiments/selection_noise_2026-07-29/runs/base_seed456_rep1
  predictions: /home/ubuntu/slocal2/m2/experiments/selection_noise_2026-07-29/runs/base_seed456_rep1/predictions (10 files)",completed,lecun,False,"DDP 2GPU (RTX A6000 x2) on lecun, manual launcher (E plan, CUDA_VISIBLE_DEVICES per rank)",file://lecun/home/ubuntu/slocal2/m2/experiments/selection_noise_2026-07-29/runs/base_seed456_rep1,"{""start"": ""2026-07-30T00:32:00.000+00:00"", ""end"": null, ""time_zone"": null}",B,must,g2f_m2_base_seed456_rep1
3adee4d4-7777-8114-ae22-c1b1ef425f62,2026-07-30T00:32:00.000Z,2026-07-30T00:32:00.000Z,50bbba6a26ffa0aa12728d887ac3619793b28199,"{""start"": ""2026-07-30T00:32:00.000+00:00"", ""end"": null, ""time_zone"": null}",(eval_recipe が metrics.json に未記載),1233,phase per-phase F1 (主指標、規則 R-topk 採用) / accuracy / macro-F1。5 epoch 選択規則 (R-acc/R-last/R-loss/R-mf1/R-topk) を同一学習軌跡から比較し val_metric_sd 最小の R-topk を採用。判定は seed x 反復 (n=9) の Welch + 動画別符号一致,"seed=123, rep=3, in_dim=3840, epochs=50, train_seconds=21.2211
system=base seed=123 rep=3 in_dim=3840 epochs=50 train_seconds=21.2
5規則比較(*=採用): R-acc: val_acc=0.9505 test_acc=0.8131 | R-last: val_acc=0.9413 test_acc=0.8309 | R-loss: val_acc=0.9505 test_acc=0.8131 | R-mf1: val_acc=0.9505 test_acc=0.8131 | R-topk*: val_acc=0.9479 test_acc=0.8225
[R-topk] selected_epoch=[16, 21, 23] val: acc=0.9479 macroF1=0.8096 jaccard=0.7712 | incision=0.9461 hemostasis=0.8283 closure=0.9560
[R-topk] test: acc=0.8225 macroF1=0.6583 jaccard=0.5705 | incision=0.8916 hemostasis=0.7094 closure=0.8988
事前登録: prereg/m2_prediction.md（学習前 commit 42b3ce2・未改変）。選択規則は run 間ばらつきの主要因でない (RULE_INEFFECTIVE, R-topk は R-acc比0.920)。n=3→9で判定が両方向に反転 (5-1 test/incision 非超過→超過、3-2/4-2 超過→非超過)。S3のPASSは維持されず『中間』に該当 (次元寄与43.7%@test/incision)。詳細は RESULTS.md
Artifacts @ lecun
  run_dir: /home/ubuntu/slocal2/m2/experiments/selection_noise_2026-07-29/runs/base_seed123_rep3
  predictions: /home/ubuntu/slocal2/m2/experiments/selection_noise_2026-07-29/runs/base_seed123_rep3/predictions (10 files)",completed,lecun,False,"DDP 2GPU (RTX A6000 x2) on lecun, manual launcher (E plan, CUDA_VISIBLE_DEVICES per rank)",file://lecun/home/ubuntu/slocal2/m2/experiments/selection_noise_2026-07-29/runs/base_seed123_rep3,"{""start"": ""2026-07-30T00:32:00.000+00:00"", ""end"": null, ""time_zone"": null}",B,must,g2f_m2_base_seed123_rep3
3adee4d4-7777-81d3-977c-fc70ca276614,2026-07-30T00:32:00.000Z,2026-07-30T00:32:00.000Z,50bbba6a26ffa0aa12728d887ac3619793b28199,"{""start"": ""2026-07-30T00:32:00.000+00:00"", ""end"": null, ""time_zone"": null}",(eval_recipe が metrics.json に未記載),1232,phase per-phase F1 (主指標、規則 R-topk 採用) / accuracy / macro-F1。5 epoch 選択規則 (R-acc/R-last/R-loss/R-mf1/R-topk) を同一学習軌跡から比較し val_metric_sd 最小の R-topk を採用。判定は seed x 反復 (n=9) の Welch + 動画別符号一致,"seed=123, rep=2, in_dim=3840, epochs=50, train_seconds=20.8901
system=base seed=123 rep=2 in_dim=3840 epochs=50 train_seconds=20.9
5規則比較(*=採用): R-acc: val_acc=0.9498 test_acc=0.8131 | R-last: val_acc=0.9426 test_acc=0.8321 | R-loss: val_acc=0.9498 test_acc=0.8131 | R-mf1: val_acc=0.9498 test_acc=0.8131 | R-topk*: val_acc=0.9472 test_acc=0.8211
[R-topk] selected_epoch=[16, 21, 23] val: acc=0.9472 macroF1=0.8086 jaccard=0.7697 | incision=0.9489 hemostasis=0.8200 closure=0.9561
[R-topk] test: acc=0.8211 macroF1=0.6517 jaccard=0.5662 | incision=0.8982 hemostasis=0.7066 closure=0.8978
事前登録: prereg/m2_prediction.md（学習前 commit 42b3ce2・未改変）。選択規則は run 間ばらつきの主要因でない (RULE_INEFFECTIVE, R-topk は R-acc比0.920)。n=3→9で判定が両方向に反転 (5-1 test/incision 非超過→超過、3-2/4-2 超過→非超過)。S3のPASSは維持されず『中間』に該当 (次元寄与43.7%@test/incision)。詳細は RESULTS.md
Artifacts @ lecun
  run_dir: /home/ubuntu/slocal2/m2/experiments/selection_noise_2026-07-29/runs/base_seed123_rep2
  predictions: /home/ubuntu/slocal2/m2/experiments/selection_noise_2026-07-29/runs/base_seed123_rep2/predictions (10 files)",completed,lecun,False,"DDP 2GPU (RTX A6000 x2) on lecun, manual launcher (E plan, CUDA_VISIBLE_DEVICES per rank)",file://lecun/home/ubuntu/slocal2/m2/experiments/selection_noise_2026-07-29/runs/base_seed123_rep2,"{""start"": ""2026-07-30T00:32:00.000+00:00"", ""end"": null, ""time_zone"": null}",B,must,g2f_m2_base_seed123_rep2
3adee4d4-7777-81fd-a010-fcd1259f0c1b,2026-07-30T00:32:00.000Z,2026-07-30T00:32:00.000Z,50bbba6a26ffa0aa12728d887ac3619793b28199,"{""start"": ""2026-07-30T00:32:00.000+00:00"", ""end"": null, ""time_zone"": null}",(eval_recipe が metrics.json に未記載),1231,phase per-phase F1 (主指標、規則 R-topk 採用) / accuracy / macro-F1。5 epoch 選択規則 (R-acc/R-last/R-loss/R-mf1/R-topk) を同一学習軌跡から比較し val_metric_sd 最小の R-topk を採用。判定は seed x 反復 (n=9) の Welch + 動画別符号一致,"seed=123, rep=1, in_dim=3840, epochs=50, train_seconds=21.3302
system=base seed=123 rep=1 in_dim=3840 epochs=50 train_seconds=21.3
5規則比較(*=採用): R-acc: val_acc=0.9492 test_acc=0.8108 | R-last: val_acc=0.9413 test_acc=0.8284 | R-loss: val_acc=0.9492 test_acc=0.8108 | R-mf1: val_acc=0.9492 test_acc=0.8108 | R-topk*: val_acc=0.9479 test_acc=0.8218
[R-topk] selected_epoch=[16, 21, 23] val: acc=0.9479 macroF1=0.8099 jaccard=0.7718 | incision=0.9489 hemostasis=0.8283 closure=0.9544
[R-topk] test: acc=0.8218 macroF1=0.6580 jaccard=0.5745 | incision=0.8982 hemostasis=0.7109 closure=0.8975
事前登録: prereg/m2_prediction.md（学習前 commit 42b3ce2・未改変）。選択規則は run 間ばらつきの主要因でない (RULE_INEFFECTIVE, R-topk は R-acc比0.920)。n=3→9で判定が両方向に反転 (5-1 test/incision 非超過→超過、3-2/4-2 超過→非超過)。S3のPASSは維持されず『中間』に該当 (次元寄与43.7%@test/incision)。詳細は RESULTS.md
Artifacts @ lecun
  run_dir: /home/ubuntu/slocal2/m2/experiments/selection_noise_2026-07-29/runs/base_seed123_rep1
  predictions: /home/ubuntu/slocal2/m2/experiments/selection_noise_2026-07-29/runs/base_seed123_rep1/predictions (10 files)",completed,lecun,False,"DDP 2GPU (RTX A6000 x2) on lecun, manual launcher (E plan, CUDA_VISIBLE_DEVICES per rank)",file://lecun/home/ubuntu/slocal2/m2/experiments/selection_noise_2026-07-29/runs/base_seed123_rep1,"{""start"": ""2026-07-30T00:32:00.000+00:00"", ""end"": null, ""time_zone"": null}",B,must,g2f_m2_base_seed123_rep1
3adee4d4-7777-81a0-8cc4-db4aec3c9c18,2026-07-30T00:32:00.000Z,2026-07-30T00:32:00.000Z,50bbba6a26ffa0aa12728d887ac3619793b28199,"{""start"": ""2026-07-30T00:32:00.000+00:00"", ""end"": null, ""time_zone"": null}",(eval_recipe が metrics.json に未記載),423,phase per-phase F1 (主指標、規則 R-topk 採用) / accuracy / macro-F1。5 epoch 選択規則 (R-acc/R-last/R-loss/R-mf1/R-topk) を同一学習軌跡から比較し val_metric_sd 最小の R-topk を採用。判定は seed x 反復 (n=9) の Welch + 動画別符号一致,"seed=42, rep=3, in_dim=3840, epochs=50, train_seconds=21.2253
system=base seed=42 rep=3 in_dim=3840 epochs=50 train_seconds=21.2
5規則比較(*=採用): R-acc: val_acc=0.9472 test_acc=0.8441 | R-last: val_acc=0.9452 test_acc=0.8453 | R-loss: val_acc=0.9426 test_acc=0.8305 | R-mf1: val_acc=0.9459 test_acc=0.8258 | R-topk*: val_acc=0.9465 test_acc=0.8401
[R-topk] selected_epoch=[18, 32, 49] val: acc=0.9465 macroF1=0.8055 jaccard=0.7642 | incision=0.9373 hemostasis=0.8163 closure=0.9567
[R-topk] test: acc=0.8401 macroF1=0.7106 jaccard=0.6260 | incision=0.9231 hemostasis=0.7401 closure=0.9070
事前登録: prereg/m2_prediction.md（学習前 commit 42b3ce2・未改変）。選択規則は run 間ばらつきの主要因でない (RULE_INEFFECTIVE, R-topk は R-acc比0.920)。n=3→9で判定が両方向に反転 (5-1 test/incision 非超過→超過、3-2/4-2 超過→非超過)。S3のPASSは維持されず『中間』に該当 (次元寄与43.7%@test/incision)。詳細は RESULTS.md
Artifacts @ lecun
  run_dir: /home/ubuntu/slocal2/m2/experiments/selection_noise_2026-07-29/runs/base_seed42_rep3
  predictions: /home/ubuntu/slocal2/m2/experiments/selection_noise_2026-07-29/runs/base_seed42_rep3/predictions (10 files)",completed,lecun,False,"DDP 2GPU (RTX A6000 x2) on lecun, manual launcher (E plan, CUDA_VISIBLE_DEVICES per rank)",file://lecun/home/ubuntu/slocal2/m2/experiments/selection_noise_2026-07-29/runs/base_seed42_rep3,"{""start"": ""2026-07-30T00:32:00.000+00:00"", ""end"": null, ""time_zone"": null}",B,must,g2f_m2_base_seed42_rep3
3adee4d4-7777-812a-b2fb-c985c873dc6f,2026-07-30T00:32:00.000Z,2026-07-30T00:32:00.000Z,50bbba6a26ffa0aa12728d887ac3619793b28199,"{""start"": ""2026-07-30T00:32:00.000+00:00"", ""end"": null, ""time_zone"": null}",(eval_recipe が metrics.json に未記載),422,phase per-phase F1 (主指標、規則 R-topk 採用) / accuracy / macro-F1。5 epoch 選択規則 (R-acc/R-last/R-loss/R-mf1/R-topk) を同一学習軌跡から比較し val_metric_sd 最小の R-topk を採用。判定は seed x 反復 (n=9) の Welch + 動画別符号一致,"seed=42, rep=2, in_dim=3840, epochs=50, train_seconds=21.4319
system=base seed=42 rep=2 in_dim=3840 epochs=50 train_seconds=21.4
5規則比較(*=採用): R-acc: val_acc=0.9485 test_acc=0.8408 | R-last: val_acc=0.9413 test_acc=0.8436 | R-loss: val_acc=0.9479 test_acc=0.8410 | R-mf1: val_acc=0.9485 test_acc=0.8408 | R-topk*: val_acc=0.9479 test_acc=0.8394
[R-topk] selected_epoch=[18, 32, 43] val: acc=0.9479 macroF1=0.8054 jaccard=0.7646 | incision=0.9467 hemostasis=0.8041 closure=0.9560
[R-topk] test: acc=0.8394 macroF1=0.7135 jaccard=0.6305 | incision=0.9189 hemostasis=0.7477 closure=0.9058
事前登録: prereg/m2_prediction.md（学習前 commit 42b3ce2・未改変）。選択規則は run 間ばらつきの主要因でない (RULE_INEFFECTIVE, R-topk は R-acc比0.920)。n=3→9で判定が両方向に反転 (5-1 test/incision 非超過→超過、3-2/4-2 超過→非超過)。S3のPASSは維持されず『中間』に該当 (次元寄与43.7%@test/incision)。詳細は RESULTS.md
Artifacts @ lecun
  run_dir: /home/ubuntu/slocal2/m2/experiments/selection_noise_2026-07-29/runs/base_seed42_rep2
  predictions: /home/ubuntu/slocal2/m2/experiments/selection_noise_2026-07-29/runs/base_seed42_rep2/predictions (10 files)",completed,lecun,False,"DDP 2GPU (RTX A6000 x2) on lecun, manual launcher (E plan, CUDA_VISIBLE_DEVICES per rank)",file://lecun/home/ubuntu/slocal2/m2/experiments/selection_noise_2026-07-29/runs/base_seed42_rep2,"{""start"": ""2026-07-30T00:32:00.000+00:00"", ""end"": null, ""time_zone"": null}",B,must,g2f_m2_base_seed42_rep2
3adee4d4-7777-81c9-b756-fe76e9680469,2026-07-30T00:32:00.000Z,2026-07-30T00:32:00.000Z,50bbba6a26ffa0aa12728d887ac3619793b28199,"{""start"": ""2026-07-30T00:32:00.000+00:00"", ""end"": null, ""time_zone"": null}",(eval_recipe が metrics.json に未記載),421,phase per-phase F1 (主指標、規則 R-topk 採用) / accuracy / macro-F1。5 epoch 選択規則 (R-acc/R-last/R-loss/R-mf1/R-topk) を同一学習軌跡から比較し val_metric_sd 最小の R-topk を採用。判定は seed x 反復 (n=9) の Welch + 動画別符号一致,"seed=42, rep=1, in_dim=3840, epochs=50, train_seconds=21.9208
system=base seed=42 rep=1 in_dim=3840 epochs=50 train_seconds=21.9
5規則比較(*=採用): R-acc: val_acc=0.9472 test_acc=0.8434 | R-last: val_acc=0.9399 test_acc=0.8483 | R-loss: val_acc=0.9439 test_acc=0.8302 | R-mf1: val_acc=0.9399 test_acc=0.8206 | R-topk*: val_acc=0.9452 test_acc=0.8420
[R-topk] selected_epoch=[16, 18, 43] val: acc=0.9452 macroF1=0.7977 jaccard=0.7544 | incision=0.9433 hemostasis=0.7527 closure=0.9567
[R-topk] test: acc=0.8420 macroF1=0.7094 jaccard=0.6259 | incision=0.9245 hemostasis=0.7244 closure=0.9078
事前登録: prereg/m2_prediction.md（学習前 commit 42b3ce2・未改変）。選択規則は run 間ばらつきの主要因でない (RULE_INEFFECTIVE, R-topk は R-acc比0.920)。n=3→9で判定が両方向に反転 (5-1 test/incision 非超過→超過、3-2/4-2 超過→非超過)。S3のPASSは維持されず『中間』に該当 (次元寄与43.7%@test/incision)。詳細は RESULTS.md
Artifacts @ lecun
  run_dir: /home/ubuntu/slocal2/m2/experiments/selection_noise_2026-07-29/runs/base_seed42_rep1
  predictions: /home/ubuntu/slocal2/m2/experiments/selection_noise_2026-07-29/runs/base_seed42_rep1/predictions (10 files)",completed,lecun,False,"DDP 2GPU (RTX A6000 x2) on lecun, manual launcher (E plan, CUDA_VISIBLE_DEVICES per rank)",file://lecun/home/ubuntu/slocal2/m2/experiments/selection_noise_2026-07-29/runs/base_seed42_rep1,"{""start"": ""2026-07-30T00:32:00.000+00:00"", ""end"": null, ""time_zone"": null}",B,must,g2f_m2_base_seed42_rep1
3adee4d4-7777-81c6-924e-d6362562008c,2026-07-30T00:22:00.000Z,2026-07-30T00:22:00.000Z,50bbba6a26ffa0aa12728d887ac3619793b28199,"{""start"": ""2026-07-29"", ""end"": null, ""time_zone"": null}",S2 確定手法（seed 水準 Welch ＋ 動画別符号一致）。n=9 で SE 算出（※入れ子構造未補正—要修正）。主指標 per-phase F1,,val_metric_sd（規則選定、test 不使用）/ ICC / 6 対比の per-phase F1,■結論 1: epoch 選択規則はばらつきの主要因でない。R-last は選択ノイズが構造的にゼロ（epoch_spread 0.00）なのに val_metric_sd が 5 規則中最悪（0.00244、R-acc の 2.5 倍）。判定 RULE_INEFFECTIVE。■結論 2: n=3→9 で判定が両方向に反転。(5−1)test/incision・(9−2)test/macro-F1・(8−7)test/accuracy が非超過→超過、(3−2)・(4−2)test/incision が超過→非超過。選択ノイズは効果を膨らませる方向にも働いていた。■結論 3: (2−1)(2−5) は val 5/5・test 5/5 で超過（test accuracy +0.0596 / +0.0542）。情報由来の割合は accuracy 90.9% / macro-F1 79.2% / incision 56.3%。■結論 4: (3−2) 術具マスクは正方向の超過 0 件。G-2 の「悪化させる」も n=9 で消えた。■結論 5: (9−2) test macro-F1 +0.0144（p=0.0087）だが per-phase F1 では非超過。■非決定性の発生源は未特定。train_g2.py は DataLoader 未使用のため worker_init_fn / Generator / PYTHONHASHSEED は除外。最有力は cudnn の非決定的カーネル。■未解決: 入れ子構造を無視した n=9 の SE。ICC 0.41–0.67 より実効 n は 3.8–4.9 で、新規の超過は補正で消える見込み。,completed,lecun,True,RTX A6000 / .venv-relation-detr。M0・M1 は CPU。拡張ロード全 run True、epoch 履歴欠落 0 run,"lecun:experiments/selection_noise_2026-07-29/（prereg/m2_prediction.md, runs/<system>_seed<S>_rep<R>/{metrics.json, val_history.json, env.json, predictions/<rule>/}, csv/{m1_rule_stability, m1_epoch_flatness, m2_contrasts, m2_variance}.csv）","{""start"": ""2026-07-29"", ""end"": null, ""time_zone"": null}",S4,must,selection_noise_2026-07-29｜M0–M2（epoch選択ノイズ検証・72 run 再実行）
3adee4d4-7777-81e2-9781-c420bd4db674,2026-07-30T00:22:00.000Z,2026-07-30T00:22:00.000Z,ca280645c5da13574e6b2ce0e460ac858663ab69,"{""start"": ""2026-07-29"", ""end"": null, ""time_zone"": null}",S2 で確定: seed 水準 Welch（2標本 SE）＋動画ごとの符号一致。動画単位ブートストラップは補足のみ。主指標 per-phase F1,,per-phase F1。(5−1)/(2−5) で次元交絡を分離、(8−7)/(9−2) で手の寄与を測定,■S1 VALID相当。■S2: 統計手法を「動画別全結果＋seed 水準 Welch」に切り替え。G-2 の核心判定は不変。■S3 シャッフル対照 9 run: PASS（次元でなく ROI の情報）だが無効化条件発動で保留。■S4 手チャンネル 21 run: 予測 A（手単独）外れ、10/10 非超過。予測 B は per-phase F1 で 0/6 非超過だが test accuracy のみ +0.0168（p=0.0266）超過。予測 C（手は絞っても悪化しにくい）と D（他人の手は効かない）は支持。■希釈補正: (8−7) test macro-F1 は全フレーム +0.0109（p=0.1155）→ mask≠bbox の 49.1% に限ると +0.0285（p=0.0171）で超過。事後解析のため主判定には昇格せず。■S4-1 で手 mask が 2 クラスのみ・cov_frame 0.5899 と判明。■副産物: 同一 seed でも結果が再現しない（同一 seed 差が seed 間 sd を 8 項目中 7 項目で上回る）。,completed,lecun,False,RTX A6000 / .venv-relation-detr。S1・S2 は CPU（既存 per-frame 予測の再解析）,"lecun:experiments/g2_followup_2026-07-29/（prereg/, runs/, csv/s2_per_video.csv, csv/s2_contrasts_v2.csv, json/）","{""start"": ""2026-07-29"", ""end"": null, ""time_zone"": null}",S4,must,g2_followup_2026-07-29｜S1–S4（統計確定・シャッフル対照・手チャンネル）
3adee4d4-7777-8101-86e3-e4584c02e15c,2026-07-30T00:18:00.000Z,2026-07-30T00:18:00.000Z,ca280645c5da13574e6b2ce0e460ac858663ab69,"{""start"": ""2026-07-29"", ""end"": null, ""time_zone"": null}","score_thr=0.0, top-k=300。basename join。val+test 両方。主指標 per-phase F1、overall は併記。判定は Welch 2標本 SE と動画単位ブートストラップ（B=2000）の AND",,per-phase F1（incision / hemostasis / closure）。overall accuracy ・ macro-F1 は併記,事前登録の主予測は FAIL。■(3−2) 背景除去は 0/6 非超過、test/incision は逆に −0.0308（p=0.0034）で負方向に超過。■(4−2) ランダム形状もほぼ同幅（−0.0382）悪化。→劣化要因は「背景除去」でなく「平均する画素の減少」側と解釈した（後に M2 で保留）。■一方で (2−1) ROI チャンネル追加は test accuracy +0.0607 / macro-F1 +0.0575 / dissection +0.148 / incision +0.0438 / closure +0.0390 がいずれも両基準を超過。■再現ばらつきの基準値を確定: base の test accuracy sd 0.00793 / macro-F1 sd 0.02203（val は 0.00132 / 0.00438）。,completed,lecun,False,RTX A6000 / .venv-relation-detr (torch 2.1.2+cu118)。MSDeformAttn CUDA 拡張ロード 12 run すべて True,"lecun:experiments/g2_main_2026-07-29_lecun/（prereg/, features/, runs/<system>_seed<N>/{metrics.json, env.json, predictions/}, json/, csv/）","{""start"": ""2026-07-29"", ""end"": null, ""time_zone"": null}",S4,must,g2_main_2026-07-29｜G-2 本実験（ROIチャンネル・12 run・事前登録あり）
3adee4d4-7777-815e-be73-e0d87d604ef9,2026-07-30T00:18:00.000Z,2026-07-30T00:18:00.000Z,,"{""start"": ""2026-07-29"", ""end"": null, ""time_zone"": null}",N/A（静的解析中心。N2 のみ推論）,,tool mask cov_frame / Δ 引用値の再現残差 / bit-exact 一致率,"■tool mask cov_frame 0.9728（クラス食い違い 0.10%）→ G-2 は canonical 15,437 を分母にでき I1 を破らない。■Δ 規約は K1′（分母 = S4 canonical triple 0.898570、val、accuracy）で引用値 7 件中 6 件が残差<5e-5 で EXACT。■最重要: H-6 の分母は S4 でなく oracle-tool（0.956436）で、acc 0.9583 の飽和領域での測定。かつ判定閾値 0.01094 未満で測定不能だった。「手は冗長」は未検証。■間引き規則 H-e 確定（canonical＝phase ラベルあり。両方向 0 件）→ rare 工程の評価枠拡張は不可、論点クローズ。■検出側 2.2pt 差は別の量だった（S0-frozen 0.705140 vs init 0.730294）。クローズ。■SAM 指紋不再現→ G-2/G-3 のリーク懸念解消。■T1a bit-exact FAIL の真因は MSDeformAttn 拡張のフォールバック（別 Run 参照）。",completed,efros (RTX A6000),True,大部分 CPU only。特徴再抽出のみ RTX A6000 / .venv-relation-detr (torch 2.1.2+cu118),"efros:experiments/analysis/{g2_main_2026-07-29, delta_convention_2026-07-29, t1a_diag_2026-07-29, repro_variance_2026-07-29}/","{""start"": ""2026-07-29"", ""end"": null, ""time_zone"": null}",S1,must,l0_hts_audit_chain_2026-07-29｜監査4回統合（tool mask被覆率・Δ規約・再現性）
3acee4d4-7777-81a9-8e81-ceadc4a5affa,2026-07-29T23:10:00.000Z,2026-07-29T23:12:00.000Z,52adbe2d3e6b33b5a35a3ae7ae986fd6b8038e34,"{""start"": ""2026-07-29T23:10:00.000+00:00"", ""end"": null, ""time_zone"": null}",(eval_recipe が metrics.json に未記載),456,phase per-phase F1 (主指標) / accuracy / macro-F1。判定は事前登録どおり Welch の2標本SE と 動画単位クラスタ・ブートストラップ(B=2000) の AND,"seed=456, in_dim=4352, epochs=50, best_epoch=37, train_seconds=19.9876
system=handROImask2 seed=456 in_dim=4352 best_epoch=37 epochs=50 train_seconds=20.0
val: acc=0.9472 macroF1=0.8092 jaccard=0.7703 edit=31.06 | incision=0.9401 hemostasis=0.8317 closure=0.9567
test: acc=0.8349 macroF1=0.6944 jaccard=0.6096 edit=41.72 | incision=0.9259 hemostasis=0.7455 closure=0.9033
事前登録: prereg/s4_hand_prediction.md (学習前 commit 1ae0a96)。主指標 per-phase F1 で (9-2)(6-1) とも非超過 → 規約上 FAIL (手は冗長・負の結果)。ただし (9-2) の overall accuracy は超過(+0.0168,p=0.0266)し、検出力不足と区別できない。詳細は REPORT.md
Artifacts @ lecun
  run_dir: /home/ubuntu/slocal2/m2/experiments/g2_followup_2026-07-29/s4/runs/handROImask2_seed456
  predictions: /home/ubuntu/slocal2/m2/experiments/g2_followup_2026-07-29/s4/runs/handROImask2_seed456/predictions (2 files)",completed,lecun,False,"DDP 2GPU (RTX A6000 x2) on lecun, manual launcher (E plan, CUDA_VISIBLE_DEVICES per rank)",file://lecun/home/ubuntu/slocal2/m2/experiments/g2_followup_2026-07-29/s4/runs/handROImask2_seed456,"{""start"": ""2026-07-29T23:09:00.000+00:00"", ""end"": null, ""time_zone"": null}",B,must,g2f_s4_handROImask2_seed456
3acee4d4-7777-814b-8fd5-d7109fabab01,2026-07-29T23:10:00.000Z,2026-07-29T23:12:00.000Z,52adbe2d3e6b33b5a35a3ae7ae986fd6b8038e34,"{""start"": ""2026-07-29T23:10:00.000+00:00"", ""end"": null, ""time_zone"": null}",(eval_recipe が metrics.json に未記載),123,phase per-phase F1 (主指標) / accuracy / macro-F1。判定は事前登録どおり Welch の2標本SE と 動画単位クラスタ・ブートストラップ(B=2000) の AND,"seed=123, in_dim=4352, epochs=50, best_epoch=48, train_seconds=21.9197
system=handROImask2 seed=123 in_dim=4352 best_epoch=48 epochs=50 train_seconds=21.9
val: acc=0.9485 macroF1=0.8049 jaccard=0.7635 edit=31.16 | incision=0.9412 hemostasis=0.8081 closure=0.9643
test: acc=0.8380 macroF1=0.6872 jaccard=0.5899 edit=36.76 | incision=0.9012 hemostasis=0.7534 closure=0.9059
事前登録: prereg/s4_hand_prediction.md (学習前 commit 1ae0a96)。主指標 per-phase F1 で (9-2)(6-1) とも非超過 → 規約上 FAIL (手は冗長・負の結果)。ただし (9-2) の overall accuracy は超過(+0.0168,p=0.0266)し、検出力不足と区別できない。詳細は REPORT.md
Artifacts @ lecun
  run_dir: /home/ubuntu/slocal2/m2/experiments/g2_followup_2026-07-29/s4/runs/handROImask2_seed123
  predictions: /home/ubuntu/slocal2/m2/experiments/g2_followup_2026-07-29/s4/runs/handROImask2_seed123/predictions (2 files)",completed,lecun,False,"DDP 2GPU (RTX A6000 x2) on lecun, manual launcher (E plan, CUDA_VISIBLE_DEVICES per rank)",file://lecun/home/ubuntu/slocal2/m2/experiments/g2_followup_2026-07-29/s4/runs/handROImask2_seed123,"{""start"": ""2026-07-29T23:09:00.000+00:00"", ""end"": null, ""time_zone"": null}",B,must,g2f_s4_handROImask2_seed123
3acee4d4-7777-8103-b9f8-db84f9d98b98,2026-07-29T23:10:00.000Z,2026-07-29T23:12:00.000Z,52adbe2d3e6b33b5a35a3ae7ae986fd6b8038e34,"{""start"": ""2026-07-29T23:10:00.000+00:00"", ""end"": null, ""time_zone"": null}",(eval_recipe が metrics.json に未記載),42,phase per-phase F1 (主指標) / accuracy / macro-F1。判定は事前登録どおり Welch の2標本SE と 動画単位クラスタ・ブートストラップ(B=2000) の AND,"seed=42, in_dim=4352, epochs=50, best_epoch=35, train_seconds=22.3570
system=handROImask2 seed=42 in_dim=4352 best_epoch=35 epochs=50 train_seconds=22.4
val: acc=0.9459 macroF1=0.8011 jaccard=0.7576 edit=29.39 | incision=0.9415 hemostasis=0.7917 closure=0.9608
test: acc=0.8542 macroF1=0.6943 jaccard=0.6012 edit=22.46 | incision=0.8844 hemostasis=0.7807 closure=0.9142
事前登録: prereg/s4_hand_prediction.md (学習前 commit 1ae0a96)。主指標 per-phase F1 で (9-2)(6-1) とも非超過 → 規約上 FAIL (手は冗長・負の結果)。ただし (9-2) の overall accuracy は超過(+0.0168,p=0.0266)し、検出力不足と区別できない。詳細は REPORT.md
Artifacts @ lecun
  run_dir: /home/ubuntu/slocal2/m2/experiments/g2_followup_2026-07-29/s4/runs/handROImask2_seed42
  predictions: /home/ubuntu/slocal2/m2/experiments/g2_followup_2026-07-29/s4/runs/handROImask2_seed42/predictions (2 files)",completed,lecun,False,"DDP 2GPU (RTX A6000 x2) on lecun, manual launcher (E plan, CUDA_VISIBLE_DEVICES per rank)",file://lecun/home/ubuntu/slocal2/m2/experiments/g2_followup_2026-07-29/s4/runs/handROImask2_seed42,"{""start"": ""2026-07-29T23:09:00.000+00:00"", ""end"": null, ""time_zone"": null}",B,must,g2f_s4_handROImask2_seed42
3acee4d4-7777-81c3-9a16-f6748bf26fdf,2026-07-29T23:10:00.000Z,2026-07-29T23:12:00.000Z,52adbe2d3e6b33b5a35a3ae7ae986fd6b8038e34,"{""start"": ""2026-07-29T23:10:00.000+00:00"", ""end"": null, ""time_zone"": null}",(eval_recipe が metrics.json に未記載),456,phase per-phase F1 (主指標) / accuracy / macro-F1。判定は事前登録どおり Welch の2標本SE と 動画単位クラスタ・ブートストラップ(B=2000) の AND,"seed=456, in_dim=4864, epochs=50, best_epoch=18, train_seconds=20.6380
system=handROIbbox4 seed=456 in_dim=4864 best_epoch=18 epochs=50 train_seconds=20.6
val: acc=0.9459 macroF1=0.7995 jaccard=0.7571 edit=37.57 | incision=0.9426 hemostasis=0.7609 closure=0.9586
test: acc=0.8445 macroF1=0.6796 jaccard=0.5919 edit=35.62 | incision=0.9150 hemostasis=0.7406 closure=0.9121
事前登録: prereg/s4_hand_prediction.md (学習前 commit 1ae0a96)。主指標 per-phase F1 で (9-2)(6-1) とも非超過 → 規約上 FAIL (手は冗長・負の結果)。ただし (9-2) の overall accuracy は超過(+0.0168,p=0.0266)し、検出力不足と区別できない。詳細は REPORT.md
Artifacts @ lecun
  run_dir: /home/ubuntu/slocal2/m2/experiments/g2_followup_2026-07-29/s4/runs/handROIbbox4_seed456
  predictions: /home/ubuntu/slocal2/m2/experiments/g2_followup_2026-07-29/s4/runs/handROIbbox4_seed456/predictions (2 files)",completed,lecun,False,"DDP 2GPU (RTX A6000 x2) on lecun, manual launcher (E plan, CUDA_VISIBLE_DEVICES per rank)",file://lecun/home/ubuntu/slocal2/m2/experiments/g2_followup_2026-07-29/s4/runs/handROIbbox4_seed456,"{""start"": ""2026-07-29T23:09:00.000+00:00"", ""end"": null, ""time_zone"": null}",B,must,g2f_s4_handROIbbox4_seed456
3acee4d4-7777-815b-bf20-d434e185eab7,2026-07-29T23:10:00.000Z,2026-07-29T23:12:00.000Z,52adbe2d3e6b33b5a35a3ae7ae986fd6b8038e34,"{""start"": ""2026-07-29T23:09:00.000+00:00"", ""end"": null, ""time_zone"": null}",(eval_recipe が metrics.json に未記載),123,phase per-phase F1 (主指標) / accuracy / macro-F1。判定は事前登録どおり Welch の2標本SE と 動画単位クラスタ・ブートストラップ(B=2000) の AND,"seed=123, in_dim=4864, epochs=50, best_epoch=16, train_seconds=22.9688
system=handROIbbox4 seed=123 in_dim=4864 best_epoch=16 epochs=50 train_seconds=23.0
val: acc=0.9472 macroF1=0.8077 jaccard=0.7678 edit=33.23 | incision=0.9446 hemostasis=0.8246 closure=0.9635
test: acc=0.8375 macroF1=0.7075 jaccard=0.6210 edit=36.05 | incision=0.9164 hemostasis=0.6822 closure=0.9137
事前登録: prereg/s4_hand_prediction.md (学習前 commit 1ae0a96)。主指標 per-phase F1 で (9-2)(6-1) とも非超過 → 規約上 FAIL (手は冗長・負の結果)。ただし (9-2) の overall accuracy は超過(+0.0168,p=0.0266)し、検出力不足と区別できない。詳細は REPORT.md
Artifacts @ lecun
  run_dir: /home/ubuntu/slocal2/m2/experiments/g2_followup_2026-07-29/s4/runs/handROIbbox4_seed123
  predictions: /home/ubuntu/slocal2/m2/experiments/g2_followup_2026-07-29/s4/runs/handROIbbox4_seed123/predictions (2 files)",completed,lecun,False,"DDP 2GPU (RTX A6000 x2) on lecun, manual launcher (E plan, CUDA_VISIBLE_DEVICES per rank)",file://lecun/home/ubuntu/slocal2/m2/experiments/g2_followup_2026-07-29/s4/runs/handROIbbox4_seed123,"{""start"": ""2026-07-29T23:09:00.000+00:00"", ""end"": null, ""time_zone"": null}",B,must,g2f_s4_handROIbbox4_seed123
3acee4d4-7777-81a2-a4fc-dc649d3f0419,2026-07-29T23:09:00.000Z,2026-07-29T23:12:00.000Z,52adbe2d3e6b33b5a35a3ae7ae986fd6b8038e34,"{""start"": ""2026-07-29T23:09:00.000+00:00"", ""end"": null, ""time_zone"": null}",(eval_recipe が metrics.json に未記載),42,phase per-phase F1 (主指標) / accuracy / macro-F1。判定は事前登録どおり Welch の2標本SE と 動画単位クラスタ・ブートストラップ(B=2000) の AND,"seed=42, in_dim=4864, epochs=50, best_epoch=48, train_seconds=22.4058
system=handROIbbox4 seed=42 in_dim=4864 best_epoch=48 epochs=50 train_seconds=22.4
val: acc=0.9452 macroF1=0.8039 jaccard=0.7625 edit=30.91 | incision=0.9366 hemostasis=0.8000 closure=0.9568
test: acc=0.8267 macroF1=0.6767 jaccard=0.5976 edit=37.03 | incision=0.9201 hemostasis=0.7484 closure=0.8979
事前登録: prereg/s4_hand_prediction.md (学習前 commit 1ae0a96)。主指標 per-phase F1 で (9-2)(6-1) とも非超過 → 規約上 FAIL (手は冗長・負の結果)。ただし (9-2) の overall accuracy は超過(+0.0168,p=0.0266)し、検出力不足と区別できない。詳細は REPORT.md
Artifacts @ lecun
  run_dir: /home/ubuntu/slocal2/m2/experiments/g2_followup_2026-07-29/s4/runs/handROIbbox4_seed42
  predictions: /home/ubuntu/slocal2/m2/experiments/g2_followup_2026-07-29/s4/runs/handROIbbox4_seed42/predictions (2 files)",completed,lecun,False,"DDP 2GPU (RTX A6000 x2) on lecun, manual launcher (E plan, CUDA_VISIBLE_DEVICES per rank)",file://lecun/home/ubuntu/slocal2/m2/experiments/g2_followup_2026-07-29/s4/runs/handROIbbox4_seed42,"{""start"": ""2026-07-29T23:09:00.000+00:00"", ""end"": null, ""time_zone"": null}",B,must,g2f_s4_handROIbbox4_seed42
3acee4d4-7777-814c-a410-e2888a9c04ea,2026-07-29T23:09:00.000Z,2026-07-29T23:12:00.000Z,52adbe2d3e6b33b5a35a3ae7ae986fd6b8038e34,"{""start"": ""2026-07-29T23:09:00.000+00:00"", ""end"": null, ""time_zone"": null}",(eval_recipe が metrics.json に未記載),456,phase per-phase F1 (主指標) / accuracy / macro-F1。判定は事前登録どおり Welch の2標本SE と 動画単位クラスタ・ブートストラップ(B=2000) の AND,"seed=456, in_dim=4352, epochs=50, best_epoch=21, train_seconds=20.6859
system=handROIbbox2 seed=456 in_dim=4352 best_epoch=21 epochs=50 train_seconds=20.7
val: acc=0.9465 macroF1=0.8002 jaccard=0.7580 edit=35.33 | incision=0.9398 hemostasis=0.7660 closure=0.9616
test: acc=0.8598 macroF1=0.6859 jaccard=0.6095 edit=39.04 | incision=0.9206 hemostasis=0.7449 closure=0.9212
事前登録: prereg/s4_hand_prediction.md (学習前 commit 1ae0a96)。主指標 per-phase F1 で (9-2)(6-1) とも非超過 → 規約上 FAIL (手は冗長・負の結果)。ただし (9-2) の overall accuracy は超過(+0.0168,p=0.0266)し、検出力不足と区別できない。詳細は REPORT.md
Artifacts @ lecun
  run_dir: /home/ubuntu/slocal2/m2/experiments/g2_followup_2026-07-29/s4/runs/handROIbbox2_seed456
  predictions: /home/ubuntu/slocal2/m2/experiments/g2_followup_2026-07-29/s4/runs/handROIbbox2_seed456/predictions (2 files)",completed,lecun,False,"DDP 2GPU (RTX A6000 x2) on lecun, manual launcher (E plan, CUDA_VISIBLE_DEVICES per rank)",file://lecun/home/ubuntu/slocal2/m2/experiments/g2_followup_2026-07-29/s4/runs/handROIbbox2_seed456,"{""start"": ""2026-07-29T23:09:00.000+00:00"", ""end"": null, ""time_zone"": null}",B,must,g2f_s4_handROIbbox2_seed456
3acee4d4-7777-81ee-bc42-f05368c40dd7,2026-07-29T23:09:00.000Z,2026-07-29T23:12:00.000Z,52adbe2d3e6b33b5a35a3ae7ae986fd6b8038e34,"{""start"": ""2026-07-29T23:09:00.000+00:00"", ""end"": null, ""time_zone"": null}",(eval_recipe が metrics.json に未記載),123,phase per-phase F1 (主指標) / accuracy / macro-F1。判定は事前登録どおり Welch の2標本SE と 動画単位クラスタ・ブートストラップ(B=2000) の AND,"seed=123, in_dim=4352, epochs=50, best_epoch=23, train_seconds=22.3337
system=handROIbbox2 seed=123 in_dim=4352 best_epoch=23 epochs=50 train_seconds=22.3
val: acc=0.9479 macroF1=0.8057 jaccard=0.7649 edit=35.69 | incision=0.9401 hemostasis=0.8119 closure=0.9601
test: acc=0.8340 macroF1=0.6724 jaccard=0.5887 edit=39.12 | incision=0.9196 hemostasis=0.6975 closure=0.9079
事前登録: prereg/s4_hand_prediction.md (学習前 commit 1ae0a96)。主指標 per-phase F1 で (9-2)(6-1) とも非超過 → 規約上 FAIL (手は冗長・負の結果)。ただし (9-2) の overall accuracy は超過(+0.0168,p=0.0266)し、検出力不足と区別できない。詳細は REPORT.md
Artifacts @ lecun
  run_dir: /home/ubuntu/slocal2/m2/experiments/g2_followup_2026-07-29/s4/runs/handROIbbox2_seed123
  predictions: /home/ubuntu/slocal2/m2/experiments/g2_followup_2026-07-29/s4/runs/handROIbbox2_seed123/predictions (2 files)",completed,lecun,False,"DDP 2GPU (RTX A6000 x2) on lecun, manual launcher (E plan, CUDA_VISIBLE_DEVICES per rank)",file://lecun/home/ubuntu/slocal2/m2/experiments/g2_followup_2026-07-29/s4/runs/handROIbbox2_seed123,"{""start"": ""2026-07-29T23:09:00.000+00:00"", ""end"": null, ""time_zone"": null}",B,must,g2f_s4_handROIbbox2_seed123
3acee4d4-7777-81eb-b731-ca092dc38117,2026-07-29T23:09:00.000Z,2026-07-29T23:12:00.000Z,52adbe2d3e6b33b5a35a3ae7ae986fd6b8038e34,"{""start"": ""2026-07-29T23:09:00.000+00:00"", ""end"": null, ""time_zone"": null}",(eval_recipe が metrics.json に未記載),42,phase per-phase F1 (主指標) / accuracy / macro-F1。判定は事前登録どおり Welch の2標本SE と 動画単位クラスタ・ブートストラップ(B=2000) の AND,"seed=42, in_dim=4352, epochs=50, best_epoch=16, train_seconds=21.9203
system=handROIbbox2 seed=42 in_dim=4352 best_epoch=16 epochs=50 train_seconds=21.9
val: acc=0.9439 macroF1=0.7980 jaccard=0.7533 edit=33.66 | incision=0.9353 hemostasis=0.7742 closure=0.9552
test: acc=0.8284 macroF1=0.6852 jaccard=0.5953 edit=45.54 | incision=0.9346 hemostasis=0.7431 closure=0.8960
事前登録: prereg/s4_hand_prediction.md (学習前 commit 1ae0a96)。主指標 per-phase F1 で (9-2)(6-1) とも非超過 → 規約上 FAIL (手は冗長・負の結果)。ただし (9-2) の overall accuracy は超過(+0.0168,p=0.0266)し、検出力不足と区別できない。詳細は REPORT.md
Artifacts @ lecun
  run_dir: /home/ubuntu/slocal2/m2/experiments/g2_followup_2026-07-29/s4/runs/handROIbbox2_seed42
  predictions: /home/ubuntu/slocal2/m2/experiments/g2_followup_2026-07-29/s4/runs/handROIbbox2_seed42/predictions (2 files)",completed,lecun,False,"DDP 2GPU (RTX A6000 x2) on lecun, manual launcher (E plan, CUDA_VISIBLE_DEVICES per rank)",file://lecun/home/ubuntu/slocal2/m2/experiments/g2_followup_2026-07-29/s4/runs/handROIbbox2_seed42,"{""start"": ""2026-07-29T23:09:00.000+00:00"", ""end"": null, ""time_zone"": null}",B,must,g2f_s4_handROIbbox2_seed42
3acee4d4-7777-817e-bab7-e5b98afad58c,2026-07-29T23:09:00.000Z,2026-07-29T23:12:00.000Z,52adbe2d3e6b33b5a35a3ae7ae986fd6b8038e34,"{""start"": ""2026-07-29T23:09:00.000+00:00"", ""end"": null, ""time_zone"": null}",(eval_recipe が metrics.json に未記載),456,phase per-phase F1 (主指標) / accuracy / macro-F1。判定は事前登録どおり Welch の2標本SE と 動画単位クラスタ・ブートストラップ(B=2000) の AND,"seed=456, in_dim=3844, epochs=50, best_epoch=21, train_seconds=20.2486
system=handPresence seed=456 in_dim=3844 best_epoch=21 epochs=50 train_seconds=20.2
val: acc=0.9459 macroF1=0.8005 jaccard=0.7586 edit=35.33 | incision=0.9461 hemostasis=0.7660 closure=0.9591
test: acc=0.8481 macroF1=0.6685 jaccard=0.5940 edit=42.74 | incision=0.8850 hemostasis=0.7330 closure=0.9163
事前登録: prereg/s4_hand_prediction.md (学習前 commit 1ae0a96)。主指標 per-phase F1 で (9-2)(6-1) とも非超過 → 規約上 FAIL (手は冗長・負の結果)。ただし (9-2) の overall accuracy は超過(+0.0168,p=0.0266)し、検出力不足と区別できない。詳細は REPORT.md
Artifacts @ lecun
  run_dir: /home/ubuntu/slocal2/m2/experiments/g2_followup_2026-07-29/s4/runs/handPresence_seed456
  predictions: /home/ubuntu/slocal2/m2/experiments/g2_followup_2026-07-29/s4/runs/handPresence_seed456/predictions (2 files)",completed,lecun,False,"DDP 2GPU (RTX A6000 x2) on lecun, manual launcher (E plan, CUDA_VISIBLE_DEVICES per rank)",file://lecun/home/ubuntu/slocal2/m2/experiments/g2_followup_2026-07-29/s4/runs/handPresence_seed456,"{""start"": ""2026-07-29T23:09:00.000+00:00"", ""end"": null, ""time_zone"": null}",B,must,g2f_s4_handPresence_seed456
3acee4d4-7777-81f3-a555-dff7b9543282,2026-07-29T23:09:00.000Z,2026-07-29T23:12:00.000Z,52adbe2d3e6b33b5a35a3ae7ae986fd6b8038e34,"{""start"": ""2026-07-29T23:09:00.000+00:00"", ""end"": null, ""time_zone"": null}",(eval_recipe が metrics.json に未記載),123,phase per-phase F1 (主指標) / accuracy / macro-F1。判定は事前登録どおり Welch の2標本SE と 動画単位クラスタ・ブートストラップ(B=2000) の AND,"seed=123, in_dim=3844, epochs=50, best_epoch=16, train_seconds=22.2792
system=handPresence seed=123 in_dim=3844 best_epoch=16 epochs=50 train_seconds=22.3
val: acc=0.9492 macroF1=0.8067 jaccard=0.7671 edit=31.44 | incision=0.9621 hemostasis=0.8039 closure=0.9656
test: acc=0.8488 macroF1=0.6959 jaccard=0.6126 edit=31.24 | incision=0.9226 hemostasis=0.6948 closure=0.9182
事前登録: prereg/s4_hand_prediction.md (学習前 commit 1ae0a96)。主指標 per-phase F1 で (9-2)(6-1) とも非超過 → 規約上 FAIL (手は冗長・負の結果)。ただし (9-2) の overall accuracy は超過(+0.0168,p=0.0266)し、検出力不足と区別できない。詳細は REPORT.md
Artifacts @ lecun
  run_dir: /home/ubuntu/slocal2/m2/experiments/g2_followup_2026-07-29/s4/runs/handPresence_seed123
  predictions: /home/ubuntu/slocal2/m2/experiments/g2_followup_2026-07-29/s4/runs/handPresence_seed123/predictions (2 files)",completed,lecun,False,"DDP 2GPU (RTX A6000 x2) on lecun, manual launcher (E plan, CUDA_VISIBLE_DEVICES per rank)",file://lecun/home/ubuntu/slocal2/m2/experiments/g2_followup_2026-07-29/s4/runs/handPresence_seed123,"{""start"": ""2026-07-29T23:09:00.000+00:00"", ""end"": null, ""time_zone"": null}",B,must,g2f_s4_handPresence_seed123
3acee4d4-7777-81a3-9f0d-da228ebcc5e1,2026-07-29T23:09:00.000Z,2026-07-29T23:12:00.000Z,52adbe2d3e6b33b5a35a3ae7ae986fd6b8038e34,"{""start"": ""2026-07-29T23:09:00.000+00:00"", ""end"": null, ""time_zone"": null}",(eval_recipe が metrics.json に未記載),42,phase per-phase F1 (主指標) / accuracy / macro-F1。判定は事前登録どおり Welch の2標本SE と 動画単位クラスタ・ブートストラップ(B=2000) の AND,"seed=42, in_dim=3844, epochs=50, best_epoch=37, train_seconds=22.4071
system=handPresence seed=42 in_dim=3844 best_epoch=37 epochs=50 train_seconds=22.4
val: acc=0.9452 macroF1=0.8016 jaccard=0.7586 edit=31.85 | incision=0.9373 hemostasis=0.7917 closure=0.9584
test: acc=0.8251 macroF1=0.6869 jaccard=0.5993 edit=38.20 | incision=0.9154 hemostasis=0.7309 closure=0.8969
事前登録: prereg/s4_hand_prediction.md (学習前 commit 1ae0a96)。主指標 per-phase F1 で (9-2)(6-1) とも非超過 → 規約上 FAIL (手は冗長・負の結果)。ただし (9-2) の overall accuracy は超過(+0.0168,p=0.0266)し、検出力不足と区別できない。詳細は REPORT.md
Artifacts @ lecun
  run_dir: /home/ubuntu/slocal2/m2/experiments/g2_followup_2026-07-29/s4/runs/handPresence_seed42
  predictions: /home/ubuntu/slocal2/m2/experiments/g2_followup_2026-07-29/s4/runs/handPresence_seed42/predictions (2 files)",completed,lecun,False,"DDP 2GPU (RTX A6000 x2) on lecun, manual launcher (E plan, CUDA_VISIBLE_DEVICES per rank)",file://lecun/home/ubuntu/slocal2/m2/experiments/g2_followup_2026-07-29/s4/runs/handPresence_seed42,"{""start"": ""2026-07-29T23:09:00.000+00:00"", ""end"": null, ""time_zone"": null}",B,must,g2f_s4_handPresence_seed42
3acee4d4-7777-8123-bf6e-e72ff3580e76,2026-07-29T23:09:00.000Z,2026-07-29T23:13:00.000Z,52adbe2d3e6b33b5a35a3ae7ae986fd6b8038e34,"{""start"": ""2026-07-29T23:09:00.000+00:00"", ""end"": null, ""time_zone"": null}",(eval_recipe が metrics.json に未記載),456,phase per-phase F1 (主指標) / accuracy / macro-F1。判定は事前登録どおり Welch の2標本SE と 動画単位クラスタ・ブートストラップ(B=2000) の AND,"seed=456, in_dim=8192, epochs=50, best_epoch=41, train_seconds=21.4762
system=bboxROI_handROIbbox2 seed=456 in_dim=8192 best_epoch=41 epochs=50 train_seconds=21.5
val: acc=0.9663 macroF1=0.8368 jaccard=0.8176 edit=49.44 | incision=0.9676 hemostasis=0.9643 closure=0.9695
test: acc=0.9135 macroF1=0.7688 jaccard=0.7074 edit=42.82 | incision=0.9565 hemostasis=0.8098 closure=0.9560
事前登録: prereg/s4_hand_prediction.md (学習前 commit 1ae0a96)。主指標 per-phase F1 で (9-2)(6-1) とも非超過 → 規約上 FAIL (手は冗長・負の結果)。ただし (9-2) の overall accuracy は超過(+0.0168,p=0.0266)し、検出力不足と区別できない。詳細は REPORT.md
Artifacts @ lecun
  run_dir: /home/ubuntu/slocal2/m2/experiments/g2_followup_2026-07-29/s4/runs/bboxROI_handROIbbox2_seed456
  predictions: /home/ubuntu/slocal2/m2/experiments/g2_followup_2026-07-29/s4/runs/bboxROI_handROIbbox2_seed456/predictions (2 files)",completed,lecun,False,"DDP 2GPU (RTX A6000 x2) on lecun, manual launcher (E plan, CUDA_VISIBLE_DEVICES per rank)",file://lecun/home/ubuntu/slocal2/m2/experiments/g2_followup_2026-07-29/s4/runs/bboxROI_handROIbbox2_seed456,"{""start"": ""2026-07-29T23:09:00.000+00:00"", ""end"": null, ""time_zone"": null}",B,must,g2f_s4_bboxROI_handROIbbox2_seed456
3acee4d4-7777-811c-bee0-f3217fed138b,2026-07-29T23:09:00.000Z,2026-07-29T23:13:00.000Z,52adbe2d3e6b33b5a35a3ae7ae986fd6b8038e34,"{""start"": ""2026-07-29T23:09:00.000+00:00"", ""end"": null, ""time_zone"": null}",(eval_recipe が metrics.json に未記載),123,phase per-phase F1 (主指標) / accuracy / macro-F1。判定は事前登録どおり Welch の2標本SE と 動画単位クラスタ・ブートストラップ(B=2000) の AND,"seed=123, in_dim=8192, epochs=50, best_epoch=43, train_seconds=22.3084
system=bboxROI_handROIbbox2 seed=123 in_dim=8192 best_epoch=43 epochs=50 train_seconds=22.3
val: acc=0.9657 macroF1=0.8303 jaccard=0.8061 edit=54.51 | incision=0.9708 hemostasis=0.9143 closure=0.9763
test: acc=0.9015 macroF1=0.7450 jaccard=0.6657 edit=37.89 | incision=0.9054 hemostasis=0.8208 closure=0.9472
事前登録: prereg/s4_hand_prediction.md (学習前 commit 1ae0a96)。主指標 per-phase F1 で (9-2)(6-1) とも非超過 → 規約上 FAIL (手は冗長・負の結果)。ただし (9-2) の overall accuracy は超過(+0.0168,p=0.0266)し、検出力不足と区別できない。詳細は REPORT.md
Artifacts @ lecun
  run_dir: /home/ubuntu/slocal2/m2/experiments/g2_followup_2026-07-29/s4/runs/bboxROI_handROIbbox2_seed123
  predictions: /home/ubuntu/slocal2/m2/experiments/g2_followup_2026-07-29/s4/runs/bboxROI_handROIbbox2_seed123/predictions (2 files)",completed,lecun,False,"DDP 2GPU (RTX A6000 x2) on lecun, manual launcher (E plan, CUDA_VISIBLE_DEVICES per rank)",file://lecun/home/ubuntu/slocal2/m2/experiments/g2_followup_2026-07-29/s4/runs/bboxROI_handROIbbox2_seed123,"{""start"": ""2026-07-29T23:09:00.000+00:00"", ""end"": null, ""time_zone"": null}",B,must,g2f_s4_bboxROI_handROIbbox2_seed123
3acee4d4-7777-8120-b53e-ee13c0541cc7,2026-07-29T23:09:00.000Z,2026-07-29T23:12:00.000Z,52adbe2d3e6b33b5a35a3ae7ae986fd6b8038e34,"{""start"": ""2026-07-29T23:09:00.000+00:00"", ""end"": null, ""time_zone"": null}",(eval_recipe が metrics.json に未記載),42,phase per-phase F1 (主指標) / accuracy / macro-F1。判定は事前登録どおり Welch の2標本SE と 動画単位クラスタ・ブートストラップ(B=2000) の AND,"seed=42, in_dim=8192, epochs=50, best_epoch=29, train_seconds=23.1073
system=bboxROI_handROIbbox2 seed=42 in_dim=8192 best_epoch=29 epochs=50 train_seconds=23.1
val: acc=0.9650 macroF1=0.8338 jaccard=0.8123 edit=52.04 | incision=0.9706 hemostasis=0.9381 closure=0.9668
test: acc=0.9100 macroF1=0.7413 jaccard=0.6776 edit=41.07 | incision=0.9521 hemostasis=0.7919 closure=0.9551
事前登録: prereg/s4_hand_prediction.md (学習前 commit 1ae0a96)。主指標 per-phase F1 で (9-2)(6-1) とも非超過 → 規約上 FAIL (手は冗長・負の結果)。ただし (9-2) の overall accuracy は超過(+0.0168,p=0.0266)し、検出力不足と区別できない。詳細は REPORT.md
Artifacts @ lecun
  run_dir: /home/ubuntu/slocal2/m2/experiments/g2_followup_2026-07-29/s4/runs/bboxROI_handROIbbox2_seed42
  predictions: /home/ubuntu/slocal2/m2/experiments/g2_followup_2026-07-29/s4/runs/bboxROI_handROIbbox2_seed42/predictions (2 files)",completed,lecun,False,"DDP 2GPU (RTX A6000 x2) on lecun, manual launcher (E plan, CUDA_VISIBLE_DEVICES per rank)",file://lecun/home/ubuntu/slocal2/m2/experiments/g2_followup_2026-07-29/s4/runs/bboxROI_handROIbbox2_seed42,"{""start"": ""2026-07-29T23:09:00.000+00:00"", ""end"": null, ""time_zone"": null}",B,must,g2f_s4_bboxROI_handROIbbox2_seed42
3acee4d4-7777-81a8-8fd3-d51f3a684569,2026-07-29T23:09:00.000Z,2026-07-29T23:12:00.000Z,52adbe2d3e6b33b5a35a3ae7ae986fd6b8038e34,"{""start"": ""2026-07-29T23:09:00.000+00:00"", ""end"": null, ""time_zone"": null}",(eval_recipe が metrics.json に未記載),456,phase per-phase F1 (主指標) / accuracy / macro-F1。判定は事前登録どおり Welch の2標本SE と 動画単位クラスタ・ブートストラップ(B=2000) の AND,"seed=456, in_dim=7680, epochs=50, best_epoch=37, train_seconds=21.7666
system=bboxROI seed=456 in_dim=7680 best_epoch=37 epochs=50 train_seconds=21.8
val: acc=0.9630 macroF1=0.8319 jaccard=0.8085 edit=52.02 | incision=0.9645 hemostasis=0.9381 closure=0.9653
test: acc=0.8938 macroF1=0.7366 jaccard=0.6583 edit=42.24 | incision=0.9405 hemostasis=0.7364 closure=0.9486
事前登録: prereg/s4_hand_prediction.md (学習前 commit 1ae0a96)。主指標 per-phase F1 で (9-2)(6-1) とも非超過 → 規約上 FAIL (手は冗長・負の結果)。ただし (9-2) の overall accuracy は超過(+0.0168,p=0.0266)し、検出力不足と区別できない。詳細は REPORT.md
Artifacts @ lecun
  run_dir: /home/ubuntu/slocal2/m2/experiments/g2_followup_2026-07-29/s4/runs/bboxROI_seed456
  predictions: /home/ubuntu/slocal2/m2/experiments/g2_followup_2026-07-29/s4/runs/bboxROI_seed456/predictions (2 files)",completed,lecun,False,"DDP 2GPU (RTX A6000 x2) on lecun, manual launcher (E plan, CUDA_VISIBLE_DEVICES per rank)",file://lecun/home/ubuntu/slocal2/m2/experiments/g2_followup_2026-07-29/s4/runs/bboxROI_seed456,"{""start"": ""2026-07-29T23:09:00.000+00:00"", ""end"": null, ""time_zone"": null}",B,must,g2f_s4_bboxROI_seed456
3acee4d4-7777-814d-b719-ede6af51bcb0,2026-07-29T23:09:00.000Z,2026-07-29T23:12:00.000Z,52adbe2d3e6b33b5a35a3ae7ae986fd6b8038e34,"{""start"": ""2026-07-29T23:09:00.000+00:00"", ""end"": null, ""time_zone"": null}",(eval_recipe が metrics.json に未記載),123,phase per-phase F1 (主指標) / accuracy / macro-F1。判定は事前登録どおり Welch の2標本SE と 動画単位クラスタ・ブートストラップ(B=2000) の AND,"seed=123, in_dim=7680, epochs=50, best_epoch=16, train_seconds=22.7286
system=bboxROI seed=123 in_dim=7680 best_epoch=16 epochs=50 train_seconds=22.7
val: acc=0.9663 macroF1=0.8343 jaccard=0.8132 edit=61.42 | incision=0.9706 hemostasis=0.9381 closure=0.9718
test: acc=0.8959 macroF1=0.7435 jaccard=0.6747 edit=42.26 | incision=0.9721 hemostasis=0.8333 closure=0.9440
事前登録: prereg/s4_hand_prediction.md (学習前 commit 1ae0a96)。主指標 per-phase F1 で (9-2)(6-1) とも非超過 → 規約上 FAIL (手は冗長・負の結果)。ただし (9-2) の overall accuracy は超過(+0.0168,p=0.0266)し、検出力不足と区別できない。詳細は REPORT.md
Artifacts @ lecun
  run_dir: /home/ubuntu/slocal2/m2/experiments/g2_followup_2026-07-29/s4/runs/bboxROI_seed123
  predictions: /home/ubuntu/slocal2/m2/experiments/g2_followup_2026-07-29/s4/runs/bboxROI_seed123/predictions (2 files)",completed,lecun,False,"DDP 2GPU (RTX A6000 x2) on lecun, manual launcher (E plan, CUDA_VISIBLE_DEVICES per rank)",file://lecun/home/ubuntu/slocal2/m2/experiments/g2_followup_2026-07-29/s4/runs/bboxROI_seed123,"{""start"": ""2026-07-29T23:09:00.000+00:00"", ""end"": null, ""time_zone"": null}",B,must,g2f_s4_bboxROI_seed123
3acee4d4-7777-816c-ae20-c5e415bcc7e7,2026-07-29T23:09:00.000Z,2026-07-29T23:12:00.000Z,52adbe2d3e6b33b5a35a3ae7ae986fd6b8038e34,"{""start"": ""2026-07-29T23:09:00.000+00:00"", ""end"": null, ""time_zone"": null}",(eval_recipe が metrics.json に未記載),42,phase per-phase F1 (主指標) / accuracy / macro-F1。判定は事前登録どおり Welch の2標本SE と 動画単位クラスタ・ブートストラップ(B=2000) の AND,"seed=42, in_dim=7680, epochs=50, best_epoch=27, train_seconds=21.7634
system=bboxROI seed=42 in_dim=7680 best_epoch=27 epochs=50 train_seconds=21.8
val: acc=0.9663 macroF1=0.8352 jaccard=0.8146 edit=59.38 | incision=0.9647 hemostasis=0.9541 closure=0.9728
test: acc=0.8849 macroF1=0.7028 jaccard=0.6366 edit=42.43 | incision=0.9200 hemostasis=0.7797 closure=0.9399
事前登録: prereg/s4_hand_prediction.md (学習前 commit 1ae0a96)。主指標 per-phase F1 で (9-2)(6-1) とも非超過 → 規約上 FAIL (手は冗長・負の結果)。ただし (9-2) の overall accuracy は超過(+0.0168,p=0.0266)し、検出力不足と区別できない。詳細は REPORT.md
Artifacts @ lecun
  run_dir: /home/ubuntu/slocal2/m2/experiments/g2_followup_2026-07-29/s4/runs/bboxROI_seed42
  predictions: /home/ubuntu/slocal2/m2/experiments/g2_followup_2026-07-29/s4/runs/bboxROI_seed42/predictions (2 files)",completed,lecun,False,"DDP 2GPU (RTX A6000 x2) on lecun, manual launcher (E plan, CUDA_VISIBLE_DEVICES per rank)",file://lecun/home/ubuntu/slocal2/m2/experiments/g2_followup_2026-07-29/s4/runs/bboxROI_seed42,"{""start"": ""2026-07-29T23:09:00.000+00:00"", ""end"": null, ""time_zone"": null}",B,must,g2f_s4_bboxROI_seed42
3acee4d4-7777-814c-b3b7-c9af12266fa1,2026-07-29T23:09:00.000Z,2026-07-29T23:12:00.000Z,52adbe2d3e6b33b5a35a3ae7ae986fd6b8038e34,"{""start"": ""2026-07-29T23:09:00.000+00:00"", ""end"": null, ""time_zone"": null}",(eval_recipe が metrics.json に未記載),456,phase per-phase F1 (主指標) / accuracy / macro-F1。判定は事前登録どおり Welch の2標本SE と 動画単位クラスタ・ブートストラップ(B=2000) の AND,"seed=456, in_dim=3840, epochs=50, best_epoch=35, train_seconds=21.2017
system=base seed=456 in_dim=3840 best_epoch=35 epochs=50 train_seconds=21.2
val: acc=0.9485 macroF1=0.8102 jaccard=0.7721 edit=38.29 | incision=0.9458 hemostasis=0.8302 closure=0.9577
test: acc=0.8317 macroF1=0.7011 jaccard=0.6181 edit=41.03 | incision=0.9313 hemostasis=0.7176 closure=0.9025
事前登録: prereg/s4_hand_prediction.md (学習前 commit 1ae0a96)。主指標 per-phase F1 で (9-2)(6-1) とも非超過 → 規約上 FAIL (手は冗長・負の結果)。ただし (9-2) の overall accuracy は超過(+0.0168,p=0.0266)し、検出力不足と区別できない。詳細は REPORT.md
Artifacts @ lecun
  run_dir: /home/ubuntu/slocal2/m2/experiments/g2_followup_2026-07-29/s4/runs/base_seed456
  predictions: /home/ubuntu/slocal2/m2/experiments/g2_followup_2026-07-29/s4/runs/base_seed456/predictions (2 files)",completed,lecun,False,"DDP 2GPU (RTX A6000 x2) on lecun, manual launcher (E plan, CUDA_VISIBLE_DEVICES per rank)",file://lecun/home/ubuntu/slocal2/m2/experiments/g2_followup_2026-07-29/s4/runs/base_seed456,"{""start"": ""2026-07-29T23:09:00.000+00:00"", ""end"": null, ""time_zone"": null}",B,must,g2f_s4_base_seed456
3acee4d4-7777-8191-9e1a-d0e6c523d4df,2026-07-29T23:09:00.000Z,2026-07-29T23:12:00.000Z,52adbe2d3e6b33b5a35a3ae7ae986fd6b8038e34,"{""start"": ""2026-07-29T23:09:00.000+00:00"", ""end"": null, ""time_zone"": null}",(eval_recipe が metrics.json に未記載),123,phase per-phase F1 (主指標) / accuracy / macro-F1。判定は事前登録どおり Welch の2標本SE と 動画単位クラスタ・ブートストラップ(B=2000) の AND,"seed=123, in_dim=3840, epochs=50, best_epoch=16, train_seconds=21.6962
system=base seed=123 in_dim=3840 best_epoch=16 epochs=50 train_seconds=21.7
val: acc=0.9479 macroF1=0.8144 jaccard=0.7776 edit=32.24 | incision=0.9391 hemostasis=0.8785 closure=0.9560
test: acc=0.8110 macroF1=0.6207 jaccard=0.5327 edit=32.45 | incision=0.8650 hemostasis=0.7446 closure=0.8898
事前登録: prereg/s4_hand_prediction.md (学習前 commit 1ae0a96)。主指標 per-phase F1 で (9-2)(6-1) とも非超過 → 規約上 FAIL (手は冗長・負の結果)。ただし (9-2) の overall accuracy は超過(+0.0168,p=0.0266)し、検出力不足と区別できない。詳細は REPORT.md
Artifacts @ lecun
  run_dir: /home/ubuntu/slocal2/m2/experiments/g2_followup_2026-07-29/s4/runs/base_seed123
  predictions: /home/ubuntu/slocal2/m2/experiments/g2_followup_2026-07-29/s4/runs/base_seed123/predictions (2 files)",completed,lecun,False,"DDP 2GPU (RTX A6000 x2) on lecun, manual launcher (E plan, CUDA_VISIBLE_DEVICES per rank)",file://lecun/home/ubuntu/slocal2/m2/experiments/g2_followup_2026-07-29/s4/runs/base_seed123,"{""start"": ""2026-07-29T23:09:00.000+00:00"", ""end"": null, ""time_zone"": null}",B,must,g2f_s4_base_seed123
3acee4d4-7777-815b-957b-f9876da584aa,2026-07-29T23:09:00.000Z,2026-07-29T23:12:00.000Z,52adbe2d3e6b33b5a35a3ae7ae986fd6b8038e34,"{""start"": ""2026-07-29T23:09:00.000+00:00"", ""end"": null, ""time_zone"": null}",(eval_recipe が metrics.json に未記載),42,phase per-phase F1 (主指標) / accuracy / macro-F1。判定は事前登録どおり Welch の2標本SE と 動画単位クラスタ・ブートストラップ(B=2000) の AND,"seed=42, in_dim=3840, epochs=50, best_epoch=18, train_seconds=21.3735
system=base seed=42 in_dim=3840 best_epoch=18 epochs=50 train_seconds=21.4
val: acc=0.9472 macroF1=0.8006 jaccard=0.7587 edit=36.30 | incision=0.9464 hemostasis=0.7660 closure=0.9542
test: acc=0.8413 macroF1=0.7139 jaccard=0.6289 edit=45.10 | incision=0.9245 hemostasis=0.7329 closure=0.9065
事前登録: prereg/s4_hand_prediction.md (学習前 commit 1ae0a96)。主指標 per-phase F1 で (9-2)(6-1) とも非超過 → 規約上 FAIL (手は冗長・負の結果)。ただし (9-2) の overall accuracy は超過(+0.0168,p=0.0266)し、検出力不足と区別できない。詳細は REPORT.md
Artifacts @ lecun
  run_dir: /home/ubuntu/slocal2/m2/experiments/g2_followup_2026-07-29/s4/runs/base_seed42
  predictions: /home/ubuntu/slocal2/m2/experiments/g2_followup_2026-07-29/s4/runs/base_seed42/predictions (2 files)",completed,lecun,False,"DDP 2GPU (RTX A6000 x2) on lecun, manual launcher (E plan, CUDA_VISIBLE_DEVICES per rank)",file://lecun/home/ubuntu/slocal2/m2/experiments/g2_followup_2026-07-29/s4/runs/base_seed42,"{""start"": ""2026-07-29T23:09:00.000+00:00"", ""end"": null, ""time_zone"": null}",B,must,g2f_s4_base_seed42
3acee4d4-7777-8124-902c-f583eb806deb,2026-07-29T23:09:00.000Z,2026-07-29T23:12:00.000Z,1eec7baddca38fe5263b267e522fcb76a2704d73,"{""start"": ""2026-07-29T23:09:00.000+00:00"", ""end"": null, ""time_zone"": null}",(eval_recipe が metrics.json に未記載),456,phase per-phase F1 (主指標) / accuracy / macro-F1。判定は事前登録どおり Welch の2標本SE と 動画単位クラスタ・ブートストラップ(B=2000) の AND,"seed=456, in_dim=7680, epochs=50, best_epoch=21, train_seconds=22.5935
system=shuffleROI seed=456 in_dim=7680 best_epoch=21 epochs=50 train_seconds=22.6
val: acc=0.9459 macroF1=0.8011 jaccard=0.7597 edit=42.26 | incision=0.9458 hemostasis=0.7660 closure=0.9583
test: acc=0.8415 macroF1=0.7009 jaccard=0.6164 edit=38.06 | incision=0.9290 hemostasis=0.6472 closure=0.9171
事前登録: prereg/s3_shuffle_prediction.md (学習前 commit 4046a20)。判定 PASS ((5-1)非超過 かつ (2-5)超過 → 2-1 は次元でなく ROI 情報に帰属)。ただし同一seed非再現の発覚により事前登録の無効化条件が発動し結論は保留。詳細は REPORT.md
Artifacts @ lecun
  run_dir: /home/ubuntu/slocal2/m2/experiments/g2_followup_2026-07-29/s3/runs/shuffleROI_seed456
  predictions: /home/ubuntu/slocal2/m2/experiments/g2_followup_2026-07-29/s3/runs/shuffleROI_seed456/predictions (2 files)",completed,lecun,False,"DDP 2GPU (RTX A6000 x2) on lecun, manual launcher (E plan, CUDA_VISIBLE_DEVICES per rank)",file://lecun/home/ubuntu/slocal2/m2/experiments/g2_followup_2026-07-29/s3/runs/shuffleROI_seed456,"{""start"": ""2026-07-29T23:09:00.000+00:00"", ""end"": null, ""time_zone"": null}",B,must,g2f_s3_shuffleROI_seed456
3acee4d4-7777-81ad-a6e6-dc36d2187283,2026-07-29T23:09:00.000Z,2026-07-29T23:12:00.000Z,1eec7baddca38fe5263b267e522fcb76a2704d73,"{""start"": ""2026-07-29T23:09:00.000+00:00"", ""end"": null, ""time_zone"": null}",(eval_recipe が metrics.json に未記載),123,phase per-phase F1 (主指標) / accuracy / macro-F1。判定は事前登録どおり Welch の2標本SE と 動画単位クラスタ・ブートストラップ(B=2000) の AND,"seed=123, in_dim=7680, epochs=50, best_epoch=16, train_seconds=22.0421
system=shuffleROI seed=123 in_dim=7680 best_epoch=16 epochs=50 train_seconds=22.0
val: acc=0.9492 macroF1=0.8113 jaccard=0.7731 edit=35.56 | incision=0.9405 hemostasis=0.8491 closure=0.9560
test: acc=0.8387 macroF1=0.7035 jaccard=0.6148 edit=39.30 | incision=0.9333 hemostasis=0.7355 closure=0.9066
事前登録: prereg/s3_shuffle_prediction.md (学習前 commit 4046a20)。判定 PASS ((5-1)非超過 かつ (2-5)超過 → 2-1 は次元でなく ROI 情報に帰属)。ただし同一seed非再現の発覚により事前登録の無効化条件が発動し結論は保留。詳細は REPORT.md
Artifacts @ lecun
  run_dir: /home/ubuntu/slocal2/m2/experiments/g2_followup_2026-07-29/s3/runs/shuffleROI_seed123
  predictions: /home/ubuntu/slocal2/m2/experiments/g2_followup_2026-07-29/s3/runs/shuffleROI_seed123/predictions (2 files)",completed,lecun,False,"DDP 2GPU (RTX A6000 x2) on lecun, manual launcher (E plan, CUDA_VISIBLE_DEVICES per rank)",file://lecun/home/ubuntu/slocal2/m2/experiments/g2_followup_2026-07-29/s3/runs/shuffleROI_seed123,"{""start"": ""2026-07-29T23:09:00.000+00:00"", ""end"": null, ""time_zone"": null}",B,must,g2f_s3_shuffleROI_seed123
3acee4d4-7777-8159-8435-dae67a5083ee,2026-07-29T23:09:00.000Z,2026-07-29T23:12:00.000Z,1eec7baddca38fe5263b267e522fcb76a2704d73,"{""start"": ""2026-07-29T23:09:00.000+00:00"", ""end"": null, ""time_zone"": null}",(eval_recipe が metrics.json に未記載),42,phase per-phase F1 (主指標) / accuracy / macro-F1。判定は事前登録どおり Welch の2標本SE と 動画単位クラスタ・ブートストラップ(B=2000) の AND,"seed=42, in_dim=7680, epochs=50, best_epoch=18, train_seconds=21.0509
system=shuffleROI seed=42 in_dim=7680 best_epoch=18 epochs=50 train_seconds=21.1
val: acc=0.9465 macroF1=0.8022 jaccard=0.7610 edit=38.82 | incision=0.9489 hemostasis=0.7742 closure=0.9570
test: acc=0.8354 macroF1=0.6885 jaccard=0.6048 edit=39.58 | incision=0.9265 hemostasis=0.7277 closure=0.9046
事前登録: prereg/s3_shuffle_prediction.md (学習前 commit 4046a20)。判定 PASS ((5-1)非超過 かつ (2-5)超過 → 2-1 は次元でなく ROI 情報に帰属)。ただし同一seed非再現の発覚により事前登録の無効化条件が発動し結論は保留。詳細は REPORT.md
Artifacts @ lecun
  run_dir: /home/ubuntu/slocal2/m2/experiments/g2_followup_2026-07-29/s3/runs/shuffleROI_seed42
  predictions: /home/ubuntu/slocal2/m2/experiments/g2_followup_2026-07-29/s3/runs/shuffleROI_seed42/predictions (2 files)",completed,lecun,False,"DDP 2GPU (RTX A6000 x2) on lecun, manual launcher (E plan, CUDA_VISIBLE_DEVICES per rank)",file://lecun/home/ubuntu/slocal2/m2/experiments/g2_followup_2026-07-29/s3/runs/shuffleROI_seed42,"{""start"": ""2026-07-29T23:09:00.000+00:00"", ""end"": null, ""time_zone"": null}",B,must,g2f_s3_shuffleROI_seed42
3acee4d4-7777-81d6-baf2-cca5b6ee945a,2026-07-29T23:09:00.000Z,2026-07-29T23:12:00.000Z,1eec7baddca38fe5263b267e522fcb76a2704d73,"{""start"": ""2026-07-29T23:09:00.000+00:00"", ""end"": null, ""time_zone"": null}",(eval_recipe が metrics.json に未記載),456,phase per-phase F1 (主指標) / accuracy / macro-F1。判定は事前登録どおり Welch の2標本SE と 動画単位クラスタ・ブートストラップ(B=2000) の AND,"seed=456, in_dim=7680, epochs=50, best_epoch=28, train_seconds=23.0810
system=bboxROI seed=456 in_dim=7680 best_epoch=28 epochs=50 train_seconds=23.1
val: acc=0.9624 macroF1=0.8295 jaccard=0.8044 edit=53.03 | incision=0.9645 hemostasis=0.9217 closure=0.9669
test: acc=0.8771 macroF1=0.7234 jaccard=0.6454 edit=42.27 | incision=0.9362 hemostasis=0.7006 closure=0.9407
事前登録: prereg/s3_shuffle_prediction.md (学習前 commit 4046a20)。判定 PASS ((5-1)非超過 かつ (2-5)超過 → 2-1 は次元でなく ROI 情報に帰属)。ただし同一seed非再現の発覚により事前登録の無効化条件が発動し結論は保留。詳細は REPORT.md
Artifacts @ lecun
  run_dir: /home/ubuntu/slocal2/m2/experiments/g2_followup_2026-07-29/s3/runs/bboxROI_seed456
  predictions: /home/ubuntu/slocal2/m2/experiments/g2_followup_2026-07-29/s3/runs/bboxROI_seed456/predictions (2 files)",completed,lecun,False,"DDP 2GPU (RTX A6000 x2) on lecun, manual launcher (E plan, CUDA_VISIBLE_DEVICES per rank)",file://lecun/home/ubuntu/slocal2/m2/experiments/g2_followup_2026-07-29/s3/runs/bboxROI_seed456,"{""start"": ""2026-07-29T23:08:00.000+00:00"", ""end"": null, ""time_zone"": null}",B,must,g2f_s3_bboxROI_seed456
3acee4d4-7777-818b-91f5-f22f45378d58,2026-07-29T23:09:00.000Z,2026-07-29T23:12:00.000Z,1eec7baddca38fe5263b267e522fcb76a2704d73,"{""start"": ""2026-07-29T23:09:00.000+00:00"", ""end"": null, ""time_zone"": null}",(eval_recipe が metrics.json に未記載),123,phase per-phase F1 (主指標) / accuracy / macro-F1。判定は事前登録どおり Welch の2標本SE と 動画単位クラスタ・ブートストラップ(B=2000) の AND,"seed=123, in_dim=7680, epochs=50, best_epoch=16, train_seconds=21.7456
system=bboxROI seed=123 in_dim=7680 best_epoch=16 epochs=50 train_seconds=21.7
val: acc=0.9657 macroF1=0.8338 jaccard=0.8122 edit=61.42 | incision=0.9676 hemostasis=0.9381 closure=0.9709
test: acc=0.8933 macroF1=0.7497 jaccard=0.6800 edit=41.53 | incision=0.9662 hemostasis=0.8333 closure=0.9412
事前登録: prereg/s3_shuffle_prediction.md (学習前 commit 4046a20)。判定 PASS ((5-1)非超過 かつ (2-5)超過 → 2-1 は次元でなく ROI 情報に帰属)。ただし同一seed非再現の発覚により事前登録の無効化条件が発動し結論は保留。詳細は REPORT.md
Artifacts @ lecun
  run_dir: /home/ubuntu/slocal2/m2/experiments/g2_followup_2026-07-29/s3/runs/bboxROI_seed123
  predictions: /home/ubuntu/slocal2/m2/experiments/g2_followup_2026-07-29/s3/runs/bboxROI_seed123/predictions (2 files)",completed,lecun,False,"DDP 2GPU (RTX A6000 x2) on lecun, manual launcher (E plan, CUDA_VISIBLE_DEVICES per rank)",file://lecun/home/ubuntu/slocal2/m2/experiments/g2_followup_2026-07-29/s3/runs/bboxROI_seed123,"{""start"": ""2026-07-29T23:08:00.000+00:00"", ""end"": null, ""time_zone"": null}",B,must,g2f_s3_bboxROI_seed123
3acee4d4-7777-81ac-a675-f8cdc0c74ad9,2026-07-29T23:09:00.000Z,2026-07-29T23:12:00.000Z,1eec7baddca38fe5263b267e522fcb76a2704d73,"{""start"": ""2026-07-29T23:09:00.000+00:00"", ""end"": null, ""time_zone"": null}",(eval_recipe が metrics.json に未記載),42,phase per-phase F1 (主指標) / accuracy / macro-F1。判定は事前登録どおり Welch の2標本SE と 動画単位クラスタ・ブートストラップ(B=2000) の AND,"seed=42, in_dim=7680, epochs=50, best_epoch=37, train_seconds=22.0317
system=bboxROI seed=42 in_dim=7680 best_epoch=37 epochs=50 train_seconds=22.0
val: acc=0.9663 macroF1=0.8367 jaccard=0.8175 edit=50.81 | incision=0.9676 hemostasis=0.9636 closure=0.9686
test: acc=0.8879 macroF1=0.7401 jaccard=0.6736 edit=44.26 | incision=0.9632 hemostasis=0.7479 closure=0.9415
事前登録: prereg/s3_shuffle_prediction.md (学習前 commit 4046a20)。判定 PASS ((5-1)非超過 かつ (2-5)超過 → 2-1 は次元でなく ROI 情報に帰属)。ただし同一seed非再現の発覚により事前登録の無効化条件が発動し結論は保留。詳細は REPORT.md
Artifacts @ lecun
  run_dir: /home/ubuntu/slocal2/m2/experiments/g2_followup_2026-07-29/s3/runs/bboxROI_seed42
  predictions: /home/ubuntu/slocal2/m2/experiments/g2_followup_2026-07-29/s3/runs/bboxROI_seed42/predictions (2 files)",completed,lecun,False,"DDP 2GPU (RTX A6000 x2) on lecun, manual launcher (E plan, CUDA_VISIBLE_DEVICES per rank)",file://lecun/home/ubuntu/slocal2/m2/experiments/g2_followup_2026-07-29/s3/runs/bboxROI_seed42,"{""start"": ""2026-07-29T23:08:00.000+00:00"", ""end"": null, ""time_zone"": null}",B,must,g2f_s3_bboxROI_seed42
3acee4d4-7777-81a9-a2a2-c0e54d852b78,2026-07-29T23:09:00.000Z,2026-07-29T23:12:00.000Z,1eec7baddca38fe5263b267e522fcb76a2704d73,"{""start"": ""2026-07-29T23:09:00.000+00:00"", ""end"": null, ""time_zone"": null}",(eval_recipe が metrics.json に未記載),456,phase per-phase F1 (主指標) / accuracy / macro-F1。判定は事前登録どおり Welch の2標本SE と 動画単位クラスタ・ブートストラップ(B=2000) の AND,"seed=456, in_dim=3840, epochs=50, best_epoch=21, train_seconds=21.6916
system=base seed=456 in_dim=3840 best_epoch=21 epochs=50 train_seconds=21.7
val: acc=0.9479 macroF1=0.8027 jaccard=0.7619 edit=33.45 | incision=0.9493 hemostasis=0.7742 closure=0.9617
test: acc=0.8403 macroF1=0.6764 jaccard=0.5960 edit=36.68 | incision=0.9018 hemostasis=0.7217 closure=0.9105
事前登録: prereg/s3_shuffle_prediction.md (学習前 commit 4046a20)。判定 PASS ((5-1)非超過 かつ (2-5)超過 → 2-1 は次元でなく ROI 情報に帰属)。ただし同一seed非再現の発覚により事前登録の無効化条件が発動し結論は保留。詳細は REPORT.md
Artifacts @ lecun
  run_dir: /home/ubuntu/slocal2/m2/experiments/g2_followup_2026-07-29/s3/runs/base_seed456
  predictions: /home/ubuntu/slocal2/m2/experiments/g2_followup_2026-07-29/s3/runs/base_seed456/predictions (2 files)",completed,lecun,False,"DDP 2GPU (RTX A6000 x2) on lecun, manual launcher (E plan, CUDA_VISIBLE_DEVICES per rank)",file://lecun/home/ubuntu/slocal2/m2/experiments/g2_followup_2026-07-29/s3/runs/base_seed456,"{""start"": ""2026-07-29T23:08:00.000+00:00"", ""end"": null, ""time_zone"": null}",B,must,g2f_s3_base_seed456
3acee4d4-7777-819c-9f2e-f5c69626f052,2026-07-29T23:09:00.000Z,2026-07-29T23:12:00.000Z,1eec7baddca38fe5263b267e522fcb76a2704d73,"{""start"": ""2026-07-29T23:09:00.000+00:00"", ""end"": null, ""time_zone"": null}",(eval_recipe が metrics.json に未記載),123,phase per-phase F1 (主指標) / accuracy / macro-F1。判定は事前登録どおり Welch の2標本SE と 動画単位クラスタ・ブートストラップ(B=2000) の AND,"seed=123, in_dim=3840, epochs=50, best_epoch=16, train_seconds=21.5275
system=base seed=123 in_dim=3840 best_epoch=16 epochs=50 train_seconds=21.5
val: acc=0.9512 macroF1=0.8163 jaccard=0.7817 edit=35.13 | incision=0.9477 hemostasis=0.8679 closure=0.9593
test: acc=0.8129 macroF1=0.6260 jaccard=0.5383 edit=31.75 | incision=0.8595 hemostasis=0.7357 closure=0.8922
事前登録: prereg/s3_shuffle_prediction.md (学習前 commit 4046a20)。判定 PASS ((5-1)非超過 かつ (2-5)超過 → 2-1 は次元でなく ROI 情報に帰属)。ただし同一seed非再現の発覚により事前登録の無効化条件が発動し結論は保留。詳細は REPORT.md
Artifacts @ lecun
  run_dir: /home/ubuntu/slocal2/m2/experiments/g2_followup_2026-07-29/s3/runs/base_seed123
  predictions: /home/ubuntu/slocal2/m2/experiments/g2_followup_2026-07-29/s3/runs/base_seed123/predictions (2 files)",completed,lecun,False,"DDP 2GPU (RTX A6000 x2) on lecun, manual launcher (E plan, CUDA_VISIBLE_DEVICES per rank)",file://lecun/home/ubuntu/slocal2/m2/experiments/g2_followup_2026-07-29/s3/runs/base_seed123,"{""start"": ""2026-07-29T23:08:00.000+00:00"", ""end"": null, ""time_zone"": null}",B,must,g2f_s3_base_seed123
3acee4d4-7777-81f6-8c8e-f96be6e9d5dd,2026-07-29T23:09:00.000Z,2026-07-29T23:12:00.000Z,1eec7baddca38fe5263b267e522fcb76a2704d73,"{""start"": ""2026-07-29T23:09:00.000+00:00"", ""end"": null, ""time_zone"": null}",(eval_recipe が metrics.json に未記載),42,phase per-phase F1 (主指標) / accuracy / macro-F1。判定は事前登録どおり Welch の2標本SE と 動画単位クラスタ・ブートストラップ(B=2000) の AND,"seed=42, in_dim=3840, epochs=50, best_epoch=18, train_seconds=21.0155
system=base seed=42 in_dim=3840 best_epoch=18 epochs=50 train_seconds=21.0
val: acc=0.9472 macroF1=0.8006 jaccard=0.7587 edit=36.30 | incision=0.9464 hemostasis=0.7660 closure=0.9542
test: acc=0.8410 macroF1=0.7109 jaccard=0.6262 edit=45.09 | incision=0.9245 hemostasis=0.7313 closure=0.9069
事前登録: prereg/s3_shuffle_prediction.md (学習前 commit 4046a20)。判定 PASS ((5-1)非超過 かつ (2-5)超過 → 2-1 は次元でなく ROI 情報に帰属)。ただし同一seed非再現の発覚により事前登録の無効化条件が発動し結論は保留。詳細は REPORT.md
Artifacts @ lecun
  run_dir: /home/ubuntu/slocal2/m2/experiments/g2_followup_2026-07-29/s3/runs/base_seed42
  predictions: /home/ubuntu/slocal2/m2/experiments/g2_followup_2026-07-29/s3/runs/base_seed42/predictions (2 files)",completed,lecun,False,"DDP 2GPU (RTX A6000 x2) on lecun, manual launcher (E plan, CUDA_VISIBLE_DEVICES per rank)",file://lecun/home/ubuntu/slocal2/m2/experiments/g2_followup_2026-07-29/s3/runs/base_seed42,"{""start"": ""2026-07-29T23:08:00.000+00:00"", ""end"": null, ""time_zone"": null}",B,must,g2f_s3_base_seed42
3acee4d4-7777-815a-a53d-f3b8884f78b2,2026-07-29T19:14:00.000Z,2026-07-29T19:14:00.000Z,ca280645c5da13574e6b2ce0e460ac858663ab69,"{""start"": ""2026-07-29T19:14:00.000+00:00"", ""end"": null, ""time_zone"": null}",(eval_recipe が metrics.json に未記載),456,phase per-phase F1 (主指標) / accuracy / macro-F1。判定は事前登録どおり Welch の2標本SE と 動画単位クラスタ・ブートストラップ(B=2000) の AND,"seed=456, in_dim=7680, epochs=50, best_epoch=28, train_seconds=22.5198
system=randROI seed=456 in_dim=7680 best_epoch=28 epochs=50 train_seconds=22.5
val: acc=0.9611 macroF1=0.8284 jaccard=0.8023 edit=51.83 | incision=0.9583 hemostasis=0.9217 closure=0.9644
test: acc=0.8919 macroF1=0.7348 jaccard=0.6541 edit=42.02 | incision=0.9366 hemostasis=0.7329 closure=0.9480
ROI fallback率(分母=各splitのGT box総数): test=0.1171 train=0.1411 val=0.2409
事前登録: prereg/g2_prediction.md（学習前 commit 2dc430b・未改変）。主予測 3>2 は 0/6 で閾値超えせず FAIL = 負の結果。詳細は RESULTS.md
Artifacts @ lecun
  run_dir: /home/ubuntu/slocal2/m2/experiments/g2_main_2026-07-29_lecun/runs/randROI_seed456
  predictions: /home/ubuntu/slocal2/m2/experiments/g2_main_2026-07-29_lecun/runs/randROI_seed456/predictions (2 files)",completed,lecun,False,"DDP 2GPU (RTX A6000 x2) on lecun, manual launcher (E plan, CUDA_VISIBLE_DEVICES per rank)",file://lecun/home/ubuntu/slocal2/m2/experiments/g2_main_2026-07-29_lecun/runs/randROI_seed456,"{""start"": ""2026-07-29T19:13:00.000+00:00"", ""end"": null, ""time_zone"": null}",B,must,g2_randROI_seed456
3acee4d4-7777-81f6-89c5-f4545481983d,2026-07-29T19:14:00.000Z,2026-07-29T19:14:00.000Z,ca280645c5da13574e6b2ce0e460ac858663ab69,"{""start"": ""2026-07-29T19:14:00.000+00:00"", ""end"": null, ""time_zone"": null}",(eval_recipe が metrics.json に未記載),123,phase per-phase F1 (主指標) / accuracy / macro-F1。判定は事前登録どおり Welch の2標本SE と 動画単位クラスタ・ブートストラップ(B=2000) の AND,"seed=123, in_dim=7680, epochs=50, best_epoch=25, train_seconds=20.8324
system=randROI seed=123 in_dim=7680 best_epoch=25 epochs=50 train_seconds=20.8
val: acc=0.9637 macroF1=0.8336 jaccard=0.8116 edit=49.14 | incision=0.9586 hemostasis=0.9541 closure=0.9661
test: acc=0.9064 macroF1=0.7361 jaccard=0.6728 edit=41.96 | incision=0.9419 hemostasis=0.8246 closure=0.9528
ROI fallback率(分母=各splitのGT box総数): test=0.1171 train=0.1411 val=0.2409
事前登録: prereg/g2_prediction.md（学習前 commit 2dc430b・未改変）。主予測 3>2 は 0/6 で閾値超えせず FAIL = 負の結果。詳細は RESULTS.md
Artifacts @ lecun
  run_dir: /home/ubuntu/slocal2/m2/experiments/g2_main_2026-07-29_lecun/runs/randROI_seed123
  predictions: /home/ubuntu/slocal2/m2/experiments/g2_main_2026-07-29_lecun/runs/randROI_seed123/predictions (2 files)",completed,lecun,False,"DDP 2GPU (RTX A6000 x2) on lecun, manual launcher (E plan, CUDA_VISIBLE_DEVICES per rank)",file://lecun/home/ubuntu/slocal2/m2/experiments/g2_main_2026-07-29_lecun/runs/randROI_seed123,"{""start"": ""2026-07-29T19:13:00.000+00:00"", ""end"": null, ""time_zone"": null}",B,must,g2_randROI_seed123
3acee4d4-7777-81fe-9ec0-e7803de371ea,2026-07-29T19:14:00.000Z,2026-07-29T19:14:00.000Z,ca280645c5da13574e6b2ce0e460ac858663ab69,"{""start"": ""2026-07-29T19:14:00.000+00:00"", ""end"": null, ""time_zone"": null}",(eval_recipe が metrics.json に未記載),42,phase per-phase F1 (主指標) / accuracy / macro-F1。判定は事前登録どおり Welch の2標本SE と 動画単位クラスタ・ブートストラップ(B=2000) の AND,"seed=42, in_dim=7680, epochs=50, best_epoch=27, train_seconds=22.7495
system=randROI seed=42 in_dim=7680 best_epoch=27 epochs=50 train_seconds=22.7
val: acc=0.9650 macroF1=0.8339 jaccard=0.8123 edit=60.00 | incision=0.9677 hemostasis=0.9455 closure=0.9661
test: acc=0.8492 macroF1=0.6989 jaccard=0.6211 edit=44.31 | incision=0.9148 hemostasis=0.8056 closure=0.9101
ROI fallback率(分母=各splitのGT box総数): test=0.1171 train=0.1411 val=0.2409
事前登録: prereg/g2_prediction.md（学習前 commit 2dc430b・未改変）。主予測 3>2 は 0/6 で閾値超えせず FAIL = 負の結果。詳細は RESULTS.md
Artifacts @ lecun
  run_dir: /home/ubuntu/slocal2/m2/experiments/g2_main_2026-07-29_lecun/runs/randROI_seed42
  predictions: /home/ubuntu/slocal2/m2/experiments/g2_main_2026-07-29_lecun/runs/randROI_seed42/predictions (2 files)",completed,lecun,False,"DDP 2GPU (RTX A6000 x2) on lecun, manual launcher (E plan, CUDA_VISIBLE_DEVICES per rank)",file://lecun/home/ubuntu/slocal2/m2/experiments/g2_main_2026-07-29_lecun/runs/randROI_seed42,"{""start"": ""2026-07-29T19:13:00.000+00:00"", ""end"": null, ""time_zone"": null}",B,must,g2_randROI_seed42
3acee4d4-7777-81ff-bb8d-de48b6838bec,2026-07-29T19:14:00.000Z,2026-07-29T19:14:00.000Z,ca280645c5da13574e6b2ce0e460ac858663ab69,"{""start"": ""2026-07-29T19:14:00.000+00:00"", ""end"": null, ""time_zone"": null}",(eval_recipe が metrics.json に未記載),456,phase per-phase F1 (主指標) / accuracy / macro-F1。判定は事前登録どおり Welch の2標本SE と 動画単位クラスタ・ブートストラップ(B=2000) の AND,"seed=456, in_dim=7680, epochs=50, best_epoch=29, train_seconds=22.5059
system=maskROI seed=456 in_dim=7680 best_epoch=29 epochs=50 train_seconds=22.5
val: acc=0.9650 macroF1=0.8354 jaccard=0.8150 edit=57.84 | incision=0.9643 hemostasis=0.9550 closure=0.9676
test: acc=0.8914 macroF1=0.7167 jaccard=0.6370 edit=40.42 | incision=0.9317 hemostasis=0.7778 closure=0.9431
ROI fallback率(分母=各splitのGT box総数): test=0.1171 train=0.1411 val=0.2409
事前登録: prereg/g2_prediction.md（学習前 commit 2dc430b・未改変）。主予測 3>2 は 0/6 で閾値超えせず FAIL = 負の結果。詳細は RESULTS.md
Artifacts @ lecun
  run_dir: /home/ubuntu/slocal2/m2/experiments/g2_main_2026-07-29_lecun/runs/maskROI_seed456
  predictions: /home/ubuntu/slocal2/m2/experiments/g2_main_2026-07-29_lecun/runs/maskROI_seed456/predictions (2 files)",completed,lecun,False,"DDP 2GPU (RTX A6000 x2) on lecun, manual launcher (E plan, CUDA_VISIBLE_DEVICES per rank)",file://lecun/home/ubuntu/slocal2/m2/experiments/g2_main_2026-07-29_lecun/runs/maskROI_seed456,"{""start"": ""2026-07-29T19:13:00.000+00:00"", ""end"": null, ""time_zone"": null}",B,must,g2_maskROI_seed456
3acee4d4-7777-81ea-b81f-d7f26be88dd5,2026-07-29T19:14:00.000Z,2026-07-29T19:14:00.000Z,ca280645c5da13574e6b2ce0e460ac858663ab69,"{""start"": ""2026-07-29T19:14:00.000+00:00"", ""end"": null, ""time_zone"": null}",(eval_recipe が metrics.json に未記載),123,phase per-phase F1 (主指標) / accuracy / macro-F1。判定は事前登録どおり Welch の2標本SE と 動画単位クラスタ・ブートストラップ(B=2000) の AND,"seed=123, in_dim=7680, epochs=50, best_epoch=44, train_seconds=21.3349
system=maskROI seed=123 in_dim=7680 best_epoch=44 epochs=50 train_seconds=21.3
val: acc=0.9657 macroF1=0.8354 jaccard=0.8150 edit=57.58 | incision=0.9676 hemostasis=0.9550 closure=0.9669
test: acc=0.8917 macroF1=0.7432 jaccard=0.6729 edit=39.03 | incision=0.9401 hemostasis=0.8009 closure=0.9407
ROI fallback率(分母=各splitのGT box総数): test=0.1171 train=0.1411 val=0.2409
事前登録: prereg/g2_prediction.md（学習前 commit 2dc430b・未改変）。主予測 3>2 は 0/6 で閾値超えせず FAIL = 負の結果。詳細は RESULTS.md
Artifacts @ lecun
  run_dir: /home/ubuntu/slocal2/m2/experiments/g2_main_2026-07-29_lecun/runs/maskROI_seed123
  predictions: /home/ubuntu/slocal2/m2/experiments/g2_main_2026-07-29_lecun/runs/maskROI_seed123/predictions (2 files)",completed,lecun,False,"DDP 2GPU (RTX A6000 x2) on lecun, manual launcher (E plan, CUDA_VISIBLE_DEVICES per rank)",file://lecun/home/ubuntu/slocal2/m2/experiments/g2_main_2026-07-29_lecun/runs/maskROI_seed123,"{""start"": ""2026-07-29T19:13:00.000+00:00"", ""end"": null, ""time_zone"": null}",B,must,g2_maskROI_seed123
3acee4d4-7777-818a-9ca2-edbd86b567c4,2026-07-29T19:14:00.000Z,2026-07-29T19:14:00.000Z,ca280645c5da13574e6b2ce0e460ac858663ab69,"{""start"": ""2026-07-29T19:14:00.000+00:00"", ""end"": null, ""time_zone"": null}",(eval_recipe が metrics.json に未記載),42,phase per-phase F1 (主指標) / accuracy / macro-F1。判定は事前登録どおり Welch の2標本SE と 動画単位クラスタ・ブートストラップ(B=2000) の AND,"seed=42, in_dim=7680, epochs=50, best_epoch=39, train_seconds=23.0340
system=maskROI seed=42 in_dim=7680 best_epoch=39 epochs=50 train_seconds=23.0
val: acc=0.9670 macroF1=0.8370 jaccard=0.8180 edit=52.02 | incision=0.9676 hemostasis=0.9636 closure=0.9695
test: acc=0.8968 macroF1=0.7419 jaccard=0.6626 edit=41.50 | incision=0.9436 hemostasis=0.7726 closure=0.9456
ROI fallback率(分母=各splitのGT box総数): test=0.1171 train=0.1411 val=0.2409
事前登録: prereg/g2_prediction.md（学習前 commit 2dc430b・未改変）。主予測 3>2 は 0/6 で閾値超えせず FAIL = 負の結果。詳細は RESULTS.md
Artifacts @ lecun
  run_dir: /home/ubuntu/slocal2/m2/experiments/g2_main_2026-07-29_lecun/runs/maskROI_seed42
  predictions: /home/ubuntu/slocal2/m2/experiments/g2_main_2026-07-29_lecun/runs/maskROI_seed42/predictions (2 files)",completed,lecun,False,"DDP 2GPU (RTX A6000 x2) on lecun, manual launcher (E plan, CUDA_VISIBLE_DEVICES per rank)",file://lecun/home/ubuntu/slocal2/m2/experiments/g2_main_2026-07-29_lecun/runs/maskROI_seed42,"{""start"": ""2026-07-29T19:13:00.000+00:00"", ""end"": null, ""time_zone"": null}",B,must,g2_maskROI_seed42
3acee4d4-7777-81fa-a1a7-c35383f2a9f5,2026-07-29T19:14:00.000Z,2026-07-29T19:14:00.000Z,ca280645c5da13574e6b2ce0e460ac858663ab69,"{""start"": ""2026-07-29T19:14:00.000+00:00"", ""end"": null, ""time_zone"": null}",(eval_recipe が metrics.json に未記載),456,phase per-phase F1 (主指標) / accuracy / macro-F1。判定は事前登録どおり Welch の2標本SE と 動画単位クラスタ・ブートストラップ(B=2000) の AND,"seed=456, in_dim=7680, epochs=50, best_epoch=17, train_seconds=22.2572
system=bboxROI seed=456 in_dim=7680 best_epoch=17 epochs=50 train_seconds=22.3
val: acc=0.9637 macroF1=0.8292 jaccard=0.8042 edit=57.14 | incision=0.9645 hemostasis=0.9107 closure=0.9677
test: acc=0.8875 macroF1=0.7613 jaccard=0.6927 edit=43.35 | incision=0.9753 hemostasis=0.7078 closure=0.9424
ROI fallback率(分母=各splitのGT box総数): test=0.1171 train=0.1411 val=0.2409
事前登録: prereg/g2_prediction.md（学習前 commit 2dc430b・未改変）。主予測 3>2 は 0/6 で閾値超えせず FAIL = 負の結果。詳細は RESULTS.md
Artifacts @ lecun
  run_dir: /home/ubuntu/slocal2/m2/experiments/g2_main_2026-07-29_lecun/runs/bboxROI_seed456
  predictions: /home/ubuntu/slocal2/m2/experiments/g2_main_2026-07-29_lecun/runs/bboxROI_seed456/predictions (2 files)",completed,lecun,False,"DDP 2GPU (RTX A6000 x2) on lecun, manual launcher (E plan, CUDA_VISIBLE_DEVICES per rank)",file://lecun/home/ubuntu/slocal2/m2/experiments/g2_main_2026-07-29_lecun/runs/bboxROI_seed456,"{""start"": ""2026-07-29T19:13:00.000+00:00"", ""end"": null, ""time_zone"": null}",B,must,g2_bboxROI_seed456
3acee4d4-7777-81b2-9a62-e3e1dba1700d,2026-07-29T19:14:00.000Z,2026-07-29T19:14:00.000Z,ca280645c5da13574e6b2ce0e460ac858663ab69,"{""start"": ""2026-07-29T19:14:00.000+00:00"", ""end"": null, ""time_zone"": null}",(eval_recipe が metrics.json に未記載),123,phase per-phase F1 (主指標) / accuracy / macro-F1。判定は事前登録どおり Welch の2標本SE と 動画単位クラスタ・ブートストラップ(B=2000) の AND,"seed=123, in_dim=7680, epochs=50, best_epoch=16, train_seconds=20.2488
system=bboxROI seed=123 in_dim=7680 best_epoch=16 epochs=50 train_seconds=20.2
val: acc=0.9650 macroF1=0.8327 jaccard=0.8104 edit=62.07 | incision=0.9704 hemostasis=0.9298 closure=0.9693
test: acc=0.8950 macroF1=0.7440 jaccard=0.6742 edit=42.86 | incision=0.9691 hemostasis=0.8279 closure=0.9425
ROI fallback率(分母=各splitのGT box総数): test=0.1171 train=0.1411 val=0.2409
事前登録: prereg/g2_prediction.md（学習前 commit 2dc430b・未改変）。主予測 3>2 は 0/6 で閾値超えせず FAIL = 負の結果。詳細は RESULTS.md
Artifacts @ lecun
  run_dir: /home/ubuntu/slocal2/m2/experiments/g2_main_2026-07-29_lecun/runs/bboxROI_seed123
  predictions: /home/ubuntu/slocal2/m2/experiments/g2_main_2026-07-29_lecun/runs/bboxROI_seed123/predictions (2 files)",completed,lecun,False,"DDP 2GPU (RTX A6000 x2) on lecun, manual launcher (E plan, CUDA_VISIBLE_DEVICES per rank)",file://lecun/home/ubuntu/slocal2/m2/experiments/g2_main_2026-07-29_lecun/runs/bboxROI_seed123,"{""start"": ""2026-07-29T19:13:00.000+00:00"", ""end"": null, ""time_zone"": null}",B,must,g2_bboxROI_seed123
3acee4d4-7777-81f0-964d-cff639e5efc0,2026-07-29T19:14:00.000Z,2026-07-29T19:14:00.000Z,ca280645c5da13574e6b2ce0e460ac858663ab69,"{""start"": ""2026-07-29T19:14:00.000+00:00"", ""end"": null, ""time_zone"": null}",(eval_recipe が metrics.json に未記載),42,phase per-phase F1 (主指標) / accuracy / macro-F1。判定は事前登録どおり Welch の2標本SE と 動画単位クラスタ・ブートストラップ(B=2000) の AND,"seed=42, in_dim=7680, epochs=50, best_epoch=37, train_seconds=22.3202
system=bboxROI seed=42 in_dim=7680 best_epoch=37 epochs=50 train_seconds=22.3
val: acc=0.9663 macroF1=0.8368 jaccard=0.8175 edit=53.58 | incision=0.9676 hemostasis=0.9636 closure=0.9678
test: acc=0.8952 macroF1=0.7494 jaccard=0.6836 edit=44.13 | incision=0.9634 hemostasis=0.7648 closure=0.9446
ROI fallback率(分母=各splitのGT box総数): test=0.1171 train=0.1411 val=0.2409
事前登録: prereg/g2_prediction.md（学習前 commit 2dc430b・未改変）。主予測 3>2 は 0/6 で閾値超えせず FAIL = 負の結果。詳細は RESULTS.md
Artifacts @ lecun
  run_dir: /home/ubuntu/slocal2/m2/experiments/g2_main_2026-07-29_lecun/runs/bboxROI_seed42
  predictions: /home/ubuntu/slocal2/m2/experiments/g2_main_2026-07-29_lecun/runs/bboxROI_seed42/predictions (2 files)",completed,lecun,False,"DDP 2GPU (RTX A6000 x2) on lecun, manual launcher (E plan, CUDA_VISIBLE_DEVICES per rank)",file://lecun/home/ubuntu/slocal2/m2/experiments/g2_main_2026-07-29_lecun/runs/bboxROI_seed42,"{""start"": ""2026-07-29T19:13:00.000+00:00"", ""end"": null, ""time_zone"": null}",B,must,g2_bboxROI_seed42
3acee4d4-7777-81bf-9d00-df577ccbbb67,2026-07-29T19:14:00.000Z,2026-07-29T19:14:00.000Z,ca280645c5da13574e6b2ce0e460ac858663ab69,"{""start"": ""2026-07-29T19:14:00.000+00:00"", ""end"": null, ""time_zone"": null}",(eval_recipe が metrics.json に未記載),456,phase per-phase F1 (主指標) / accuracy / macro-F1。判定は事前登録どおり Welch の2標本SE と 動画単位クラスタ・ブートストラップ(B=2000) の AND,"seed=456, in_dim=3840, epochs=50, best_epoch=35, train_seconds=21.9727
system=base seed=456 in_dim=3840 best_epoch=35 epochs=50 train_seconds=22.0
val: acc=0.9472 macroF1=0.8094 jaccard=0.7706 edit=33.85 | incision=0.9429 hemostasis=0.8302 closure=0.9568
test: acc=0.8298 macroF1=0.6967 jaccard=0.6128 edit=41.23 | incision=0.9317 hemostasis=0.7095 closure=0.9026
ROI fallback率(分母=各splitのGT box総数): test=0.1171 train=0.1411 val=0.2409
事前登録: prereg/g2_prediction.md（学習前 commit 2dc430b・未改変）。主予測 3>2 は 0/6 で閾値超えせず FAIL = 負の結果。詳細は RESULTS.md
Artifacts @ lecun
  run_dir: /home/ubuntu/slocal2/m2/experiments/g2_main_2026-07-29_lecun/runs/base_seed456
  predictions: /home/ubuntu/slocal2/m2/experiments/g2_main_2026-07-29_lecun/runs/base_seed456/predictions (2 files)",completed,lecun,False,"DDP 2GPU (RTX A6000 x2) on lecun, manual launcher (E plan, CUDA_VISIBLE_DEVICES per rank)",file://lecun/home/ubuntu/slocal2/m2/experiments/g2_main_2026-07-29_lecun/runs/base_seed456,"{""start"": ""2026-07-29T19:13:00.000+00:00"", ""end"": null, ""time_zone"": null}",B,must,g2_base_seed456
3acee4d4-7777-81f5-b2c4-f92deca0a041,2026-07-29T19:14:00.000Z,2026-07-29T19:14:00.000Z,ca280645c5da13574e6b2ce0e460ac858663ab69,"{""start"": ""2026-07-29T19:14:00.000+00:00"", ""end"": null, ""time_zone"": null}",(eval_recipe が metrics.json に未記載),123,phase per-phase F1 (主指標) / accuracy / macro-F1。判定は事前登録どおり Welch の2標本SE と 動画単位クラスタ・ブートストラップ(B=2000) の AND,"seed=123, in_dim=3840, epochs=50, best_epoch=23, train_seconds=20.3144
system=base seed=123 in_dim=3840 best_epoch=23 epochs=50 train_seconds=20.3
val: acc=0.9498 macroF1=0.8113 jaccard=0.7743 edit=37.12 | incision=0.9486 hemostasis=0.8283 closure=0.9552
test: acc=0.8251 macroF1=0.6709 jaccard=0.5882 edit=41.81 | incision=0.9143 hemostasis=0.6750 closure=0.9032
ROI fallback率(分母=各splitのGT box総数): test=0.1171 train=0.1411 val=0.2409
事前登録: prereg/g2_prediction.md（学習前 commit 2dc430b・未改変）。主予測 3>2 は 0/6 で閾値超えせず FAIL = 負の結果。詳細は RESULTS.md
Artifacts @ lecun
  run_dir: /home/ubuntu/slocal2/m2/experiments/g2_main_2026-07-29_lecun/runs/base_seed123
  predictions: /home/ubuntu/slocal2/m2/experiments/g2_main_2026-07-29_lecun/runs/base_seed123/predictions (2 files)",completed,lecun,False,"DDP 2GPU (RTX A6000 x2) on lecun, manual launcher (E plan, CUDA_VISIBLE_DEVICES per rank)",file://lecun/home/ubuntu/slocal2/m2/experiments/g2_main_2026-07-29_lecun/runs/base_seed123,"{""start"": ""2026-07-29T19:13:00.000+00:00"", ""end"": null, ""time_zone"": null}",B,must,g2_base_seed123
3acee4d4-7777-8160-8512-da4bd95c4b86,2026-07-29T19:14:00.000Z,2026-07-29T19:14:00.000Z,ca280645c5da13574e6b2ce0e460ac858663ab69,"{""start"": ""2026-07-29T19:14:00.000+00:00"", ""end"": null, ""time_zone"": null}",(eval_recipe が metrics.json に未記載),42,phase per-phase F1 (主指標) / accuracy / macro-F1。判定は事前登録どおり Welch の2標本SE と 動画単位クラスタ・ブートストラップ(B=2000) の AND,"seed=42, in_dim=3840, epochs=50, best_epoch=18, train_seconds=22.3826
system=base seed=42 in_dim=3840 best_epoch=18 epochs=50 train_seconds=22.4
val: acc=0.9485 macroF1=0.8029 jaccard=0.7620 edit=38.29 | incision=0.9464 hemostasis=0.7789 closure=0.9543
test: acc=0.8406 macroF1=0.7147 jaccard=0.6298 edit=45.46 | incision=0.9304 hemostasis=0.7249 closure=0.9066
ROI fallback率(分母=各splitのGT box総数): test=0.1171 train=0.1411 val=0.2409
事前登録: prereg/g2_prediction.md（学習前 commit 2dc430b・未改変）。主予測 3>2 は 0/6 で閾値超えせず FAIL = 負の結果。詳細は RESULTS.md
Artifacts @ lecun
  run_dir: /home/ubuntu/slocal2/m2/experiments/g2_main_2026-07-29_lecun/runs/base_seed42
  predictions: /home/ubuntu/slocal2/m2/experiments/g2_main_2026-07-29_lecun/runs/base_seed42/predictions (2 files)",completed,lecun,False,"DDP 2GPU (RTX A6000 x2) on lecun, manual launcher (E plan, CUDA_VISIBLE_DEVICES per rank)",file://lecun/home/ubuntu/slocal2/m2/experiments/g2_main_2026-07-29_lecun/runs/base_seed42,"{""start"": ""2026-07-29T19:13:00.000+00:00"", ""end"": null, ""time_zone"": null}",B,must,g2_base_seed42
3acee4d4-7777-81fa-ad4d-cb3c268fb3e3,2026-07-29T13:29:00.000Z,2026-07-29T13:29:00.000Z,,"{""start"": ""2026-07-29"", ""end"": null, ""time_zone"": null}",N/A（学習・評価を伴わない静的解析）,,T1 被覆率（annotated 基準）/ T2 SAM指紋の有無 / T3 クラス一意写像の可否,"T1 FAIL / T2 WARN（実質 PASS）/ T3 PASS。■T1: HT 被覆率は merged を使っても 0.5899（9,106/15,437）で変わらず、「87%以上に上がる」という導出は棄却。merged の追加 4,521 フレームは全て ann 0 件、有効 ann 数は by_split と 34,175 で完全一致。split別 train 5,668(0.587)/val 1,344(0.887)/test 2,094(0.491)。■T2: 3トラックとも前バンドルの SAM 指紋（内包率 0.879 / IoU median 0.927 / IQR<0.10）を再現せず、IQR は 0.1376–0.3698、マスクの 15.7–40.8% が bbox からはみ出す。G-2/G-3 のリーク懸念は実質解消。充填率 median は術具全体 0.204、signature 3 術具は Bipolar 0.203 / Scalpel 0.199 / Needle Holders 0.120（bbox の 80–88% が背景）。■T3: VBS(15)→V14(14) は全閾値で一意写像、signature 3 術具は吸収 0 件で生存。ただし V14 の box は VBS と座標が一致せず（best-IoU 中央値 0.871、IoU≥0.95 は 15.6%）、V14 採用は box 差し替え＝I4 違反。Mouth Gag 5,985 ann は V14 に写像先なし。■Phase C（G-1）は T1 FAIL によりゲート未通過のため未実行。",completed,efros (RTX A6000),True,GPU 不要（CPU only）。T2 のみ uv 一時オーバーレイ（numpy<2 + pycocotools）,"efros:experiments/analysis/hts_next6_2026-07-29/（report.md, json/t1_denominator.json, json/t2_fingerprint.json, json/t3_class_mapping.json, csv/*, subsets/subset_ht_{train,val,test}.txt, decisions/D1_canonical_source.md, decisions/D2_eval_protocol.md）","{""start"": ""2026-07-29"", ""end"": null, ""time_zone"": null}",S1,must,l0_hts_next6_2026-07-29｜HTS 分母確定・SAM指紋・クラス対応（T1–T5）
3abee4d4-7777-8157-a563-fb4471fdbb49,2026-07-28T06:23:00.000Z,2026-07-28T06:23:00.000Z,,,公式（score_thr=0.0 / NMS無 / top-k=300）を predictions ダンプの既定条件とする,,"(1) grep -rn ""/tmp"" scripts/ が 0 件、(2) per-image predictions 保存が既定 on、(3) 配線検証で注入経路にのみ非ゼロ勾配、(4) zero-init 恒等ガードが seed 42/123/456 すべてで inj==ctrl@init。数値指標なし（成果物・証跡 Run）。",,planned,,False,配線検証のみ 1 GPU・数分。規約化作業は GPU 不要。所要 0.5 日,,"{""start"": ""2026-07-28"", ""end"": null, ""time_zone"": null}",S0,must,p0_artifact_persistence_and_grad_check｜成果物永続化の規約化＋配線検証（L1/L2 の前提条件）
3abee4d4-7777-8176-9482-d73e8f2e2650,2026-07-28T06:23:00.000Z,2026-07-28T06:23:00.000Z,,"{""start"": ""2026-07-29"", ""end"": null, ""time_zone"": null}",N/A（学習・評価を伴わないデータ検査）,,"合否判定（C1 ポリゴン点数分布 / C2 Hand-Tool ラベル値に 5 が出現 / C3 手インスタンス 57,173・欠落4動画の復活 / C4 リーク指紋の不在 / C5 公式split整合 / C6 phase共存フレーム数 / C7 クラス対応表 / C8 手bbox正本決定）。主判定量 = C1/C2/C3/C4 の 4 項目すべて合格すること。","合格（条件付き）。C1/C2/C3 相当は通過、C4（リーク）は3トラックとも SAM 指紋を再現せず＝実質 PASS。ただし2026-07-29 の追加監査で前提の誤りが3件判明: (1) merged_annotations.json の「完全版」という位置づけは annotation 水準で不成立（追加4,521フレームは全て ann 0 件、有効 ann は by_split と 34,175 で完全一致）、(2) 除外セグメントは4つでなく3つ（03_1/12_2/15_2, 463枚）で 03_3 はどの JSON にも不在、(3) tool_seg_noskewer は annotation 水準では名称どおり Skewer 0 件。詳細は後続 Run『l0_hts_next6_2026-07-29』を参照。",completed,,True,GPU 不要（CPU only）。所要 0.5〜1 日,"efros:experiments/analysis/hts_next6_2026-07-29/（report.md, json/, csv/, subsets/, decisions/）","{""start"": ""2026-07-28"", ""end"": null, ""time_zone"": null}",S1,must,l0_hts_acceptance_2026-07-28｜HTS 公式 GT 完全版の受入検査（C1–C8）
3abee4d4-7777-8181-800e-fc440fad41bb,2026-07-28T06:23:00.000Z,2026-07-28T06:23:00.000Z,,,公式（score_thr=0.0 / NMS無 / top-k=300）。l2_oracle_hand2det と完全に同一条件,,test の rare∧工程特異 per-class AP（Skewer / Bipolar Forceps / Scalpel / Syringe）。主分析量 = Δ(L1a) − Δ(L2)（能動性の純寄与）。副次 = overall mAP 非劣化。3-seed paired-σ（§10.1）。,,planned,,False,"3 seed × {inj, ctrl} × {trainable=film, all} = 12 run",,,B,must,l1a_oracle_hti2det｜手 mask ＋ 把持フラグを注入（Tier 1・能動性の純寄与を L2 との差分で測る）
3abee4d4-7777-81b9-a196-e29e908787cc,2026-07-28T06:23:00.000Z,2026-07-28T06:23:00.000Z,,,公式（score_thr=0.0 / NMS無 / top-k=300）。DeltaCalculator の recipe 整合検証を通すこと,,test の rare∧工程特異 per-class AP（Skewer / Bipolar Forceps / Scalpel / Syringe）が全 seed 同符号かつ paired 平均差 > paired-σ。副次 = overall mAP 非劣化、AP_rare / AP_common の分離報告。3-seed paired-σ（§10.1）。,,planned,,True,"3 seed × {inj, ctrl} × {trainable=film, all} = 12 run。clsbias-PE / camt-all の実績に準拠",,,B,must,l2_oracle_hand2det｜GT 手 mask を局在 prior として検出器へ注入（Tier 0・oracle 上限測定）
3a8ee4d4-7777-80c1-83c9-dad3b8592a9c,2026-07-25T08:25:00.000Z,2026-07-25T08:25:00.000Z,,,,,,,,,False,,,,,,
39cee4d4-7777-810c-973b-f5f7fc809e57,2026-07-13T06:22:00.000Z,2026-07-13T06:22:00.000Z,,,split = val(1515) + test(4265) の両方。COCO per-class AP。2026-07-03 決定の統一 recipe（score_thr=0.0 / NMS-free 系）を両アームに厳守 — recipe 不一致は比較を無効化する。既存 per_class_ap.json が旧 recipe の場合は必ず再 eval。両アーム同一サーバー・同一 eval スクリプト・同一 annotation。学習なし（eval-only）。主判定は val（下流 Δ と同一 split で対応が取れる）、頑健性確認は test（rare 術具の実例が豊富）。,,"per-class AP (COCO, 15 クラス) × 2 凍結源。主判定量 = 選択性指標 R = (signature 3 術具 [Bipolar Forceps / Needle Holders / Scalpel] の平均 AP 低下) ÷ (汎用 12 術具の平均 AP 低下)。副次 = Bipolar Forceps 単独 AP 低下（hemostasis F1 崩壊 0.801→0.179 の説明力）、overall mAP 差 -0.0443 に対する signature 3 術具の寄与率。","R=-0.11±0.39 (3seed val, 符号不一致→非有意)。仮説不支持: AlignDETR劣化はgeneric11(+1.78pp)に集中、signature3(Bipolar/NeedleHolders/Scalpel)はほぼ中立。val主判定は完了。test(4265)はrelationdetr/aligndetr S0 checkpointが本ホスト(andrew)に不在のため未実施。",running,philip (RTX 6000 Ada),True,eval-only。GPU 1 枚・数十分想定。AlignDETR ckpt (model_final.pth) は philip 所在。Relation-DETR S0-frozen ckpt の所在に応じて lecun でも可だが、両アームを必ず同一機で実行すること。,https://github.com/takuya3h/m2/tree/exp/Andrew-wip-20260703/experiments/analysis/frozen_source_signature3_R_index,,S0,must,凍結源の per-class AP 分解：AlignDETR の det→phase 負転移は signature 術具 AP の欠損で説明できるか
399ee4d4-7777-8106-b961-e44e12573af7,2026-07-10T17:50:00.000Z,2026-07-10T17:50:00.000Z,5dcfe1705f19b482a4b03ee2fd88a98d345efbf8,"{""start"": ""2026-07-10T17:50:00.000+00:00"", ""end"": null, ""time_zone"": null}","effective_bs=1 (gpu_count=1 x per-gpu bs), lr_scaling=none; test_cfg(score_thr=None, max_per_img=None, nms_pre=None, nms_iou=None); split(train 9657 / val 1515 / test 4265)",123,phase acc/macro-F1/jaccard/edit/seg-F1 (online_causal),"phase acc=0.8752, macro_f1=0.6934, jaccard=0.6371, edit=33.5185, segF1@50=0.2845
②object-token det→phase。Δ_phase vs S4 base 0.8986（within-server）",completed,lecun,False,"DDP 2GPU (RTX A6000 x2) on lecun, manual launcher (E plan, CUDA_VISIBLE_DEVICES per rank)",file:///home/ubuntu/slocal2/m2/experiments/transfer/t1a_frozen_src_aligndetr_003_t1a_frozen_src_aligndetr_seed123,"{""start"": ""2026-07-10T17:48:00.000+00:00"", ""end"": null, ""time_zone"": null}",B,must,t1a_frozen_src_aligndetr_003_t1a_frozen_src_aligndetr_seed123
399ee4d4-7777-8144-978a-c1d1f207ad4f,2026-07-10T17:50:00.000Z,2026-07-10T17:50:00.000Z,5dcfe1705f19b482a4b03ee2fd88a98d345efbf8,"{""start"": ""2026-07-10T17:50:00.000+00:00"", ""end"": null, ""time_zone"": null}","effective_bs=1 (gpu_count=1 x per-gpu bs), lr_scaling=none; test_cfg(score_thr=None, max_per_img=None, nms_pre=None, nms_iou=None); split(train 9657 / val 1515 / test 4265)",456,phase acc/macro-F1/jaccard/edit/seg-F1 (online_causal),"phase acc=0.8686, macro_f1=0.6635, jaccard=0.6094, edit=35.4312, segF1@50=0.2805
②object-token det→phase。Δ_phase vs S4 base 0.8986（within-server）",completed,lecun,False,"DDP 2GPU (RTX A6000 x2) on lecun, manual launcher (E plan, CUDA_VISIBLE_DEVICES per rank)",file:///home/ubuntu/slocal2/m2/experiments/transfer/t1a_frozen_src_aligndetr_002_t1a_frozen_src_aligndetr_seed456,"{""start"": ""2026-07-10T17:48:00.000+00:00"", ""end"": null, ""time_zone"": null}",B,must,t1a_frozen_src_aligndetr_002_t1a_frozen_src_aligndetr_seed456
399ee4d4-7777-812b-bc84-cfc4c049efad,2026-07-10T17:50:00.000Z,2026-07-10T17:50:00.000Z,5dcfe1705f19b482a4b03ee2fd88a98d345efbf8,"{""start"": ""2026-07-10T17:50:00.000+00:00"", ""end"": null, ""time_zone"": null}","effective_bs=1 (gpu_count=1 x per-gpu bs), lr_scaling=none; test_cfg(score_thr=None, max_per_img=None, nms_pre=None, nms_iou=None); split(train 9657 / val 1515 / test 4265)",42,phase acc/macro-F1/jaccard/edit/seg-F1 (online_causal),"phase acc=0.8917, macro_f1=0.7057, jaccard=0.6533, edit=35.5253, segF1@50=0.3233
②object-token det→phase。Δ_phase vs S4 base 0.8986（within-server）",completed,lecun,False,"DDP 2GPU (RTX A6000 x2) on lecun, manual launcher (E plan, CUDA_VISIBLE_DEVICES per rank)",file:///home/ubuntu/slocal2/m2/experiments/transfer/t1a_frozen_src_aligndetr_001_t1a_frozen_src_aligndetr_seed42,"{""start"": ""2026-07-10T17:48:00.000+00:00"", ""end"": null, ""time_zone"": null}",B,must,t1a_frozen_src_aligndetr_001_t1a_frozen_src_aligndetr_seed42
399ee4d4-7777-81f0-a984-ec5db26c4203,2026-07-10T17:50:00.000Z,2026-07-10T17:50:00.000Z,5dcfe1705f19b482a4b03ee2fd88a98d345efbf8,"{""start"": ""2026-07-10T17:50:00.000+00:00"", ""end"": null, ""time_zone"": null}","effective_bs=1 (gpu_count=1 x per-gpu bs), lr_scaling=none; test_cfg(score_thr=None, max_per_img=None, nms_pre=None, nms_iou=None); split(train 9657 / val 1515 / test 4265)",456,phase acc/macro-F1/jaccard/edit/seg-F1 (online_causal),"phase acc=0.9472, macro_f1=0.8040, jaccard=0.7623, edit=31.8046, segF1@50=0.3924
②object-token det→phase。Δ_phase vs S4 base 0.8986（within-server）",completed,lecun,False,"DDP 2GPU (RTX A6000 x2) on lecun, manual launcher (E plan, CUDA_VISIBLE_DEVICES per rank)",file:///home/ubuntu/slocal2/m2/experiments/transfer/t1a_frozen_src_relationdetr_002_t1a_frozen_src_relationdetr_seed456,"{""start"": ""2026-07-10T17:48:00.000+00:00"", ""end"": null, ""time_zone"": null}",B,must,t1a_frozen_src_relationdetr_002_t1a_frozen_src_relationdetr_seed456
399ee4d4-7777-8134-81fc-e10846d2e527,2026-07-10T17:50:00.000Z,2026-07-10T17:50:00.000Z,5dcfe1705f19b482a4b03ee2fd88a98d345efbf8,"{""start"": ""2026-07-10T17:50:00.000+00:00"", ""end"": null, ""time_zone"": null}","effective_bs=1 (gpu_count=1 x per-gpu bs), lr_scaling=none; test_cfg(score_thr=None, max_per_img=None, nms_pre=None, nms_iou=None); split(train 9657 / val 1515 / test 4265)",42,phase acc/macro-F1/jaccard/edit/seg-F1 (online_causal),"phase acc=0.9479, macro_f1=0.8030, jaccard=0.7625, edit=37.6263, segF1@50=0.4502
②object-token det→phase。Δ_phase vs S4 base 0.8986（within-server）",completed,lecun,False,"DDP 2GPU (RTX A6000 x2) on lecun, manual launcher (E plan, CUDA_VISIBLE_DEVICES per rank)",file:///home/ubuntu/slocal2/m2/experiments/transfer/t1a_frozen_src_relationdetr_001_t1a_frozen_src_relationdetr_seed42,"{""start"": ""2026-07-10T17:47:00.000+00:00"", ""end"": null, ""time_zone"": null}",B,must,t1a_frozen_src_relationdetr_001_t1a_frozen_src_relationdetr_seed42
399ee4d4-7777-819e-aacc-ccd77363df20,2026-07-10T17:50:00.000Z,2026-07-10T17:50:00.000Z,5dcfe1705f19b482a4b03ee2fd88a98d345efbf8,"{""start"": ""2026-07-10T17:50:00.000+00:00"", ""end"": null, ""time_zone"": null}","effective_bs=1 (gpu_count=1 x per-gpu bs), lr_scaling=none; test_cfg(score_thr=None, max_per_img=None, nms_pre=None, nms_iou=None); split(train 9657 / val 1515 / test 4265)",123,phase acc/macro-F1/jaccard/edit/seg-F1 (online_causal),"phase acc=0.9479, macro_f1=0.8094, jaccard=0.7710, edit=33.2401, segF1@50=0.3909
②object-token det→phase。Δ_phase vs S4 base 0.8986（within-server）",completed,lecun,False,"DDP 2GPU (RTX A6000 x2) on lecun, manual launcher (E plan, CUDA_VISIBLE_DEVICES per rank)",file:///home/ubuntu/slocal2/m2/experiments/transfer/t1a_frozen_src_relationdetr_001_t1a_frozen_src_relationdetr_seed123,"{""start"": ""2026-07-10T17:47:00.000+00:00"", ""end"": null, ""time_zone"": null}",B,must,t1a_frozen_src_relationdetr_001_t1a_frozen_src_relationdetr_seed123
396ee4d4-7777-81a1-8a1c-f00eb4e488a6,2026-07-07T16:34:00.000Z,2026-07-07T16:34:00.000Z,2f57429,"{""start"": ""2026-07-07T16:34:00.000+00:00"", ""end"": null, ""time_zone"": null}",(eval_recipe が metrics.json に未記載),,"val per-class AP (COCO bbox), Δ=inj−ctrl@final, 3-seed paired-σ","det mAP=0.7293 (init/warm-start=0.7270, Δ_det=+0.0023)
phase-排他ゲート版clsbias(Bipolar除外, T1B_RARE_SLOTS=9,11,13, trainable=film, 3seed, Δ=inj−ctrl@final, §10.1)。overall mAP Δ+0.228pp(pstd0.057)✅有意・非劣化・init超え。rare per-class: Bipolar Forceps:-0.00pp, Scalpel:+1.21pp✅, Skewer:+0.77pp✅, Syringe:+1.21pp✅(注入3術具全有意, Bipolar除外=厳密中立)。rare平均+0.80pp。元clsbias(Bipolar−3.14悪化・overall+0.003非有意)からBipolar除外で3術具利得保存・Bipolar中立化・overall有意化(+0.228)。phase→detの二正解経路[frozen×phase-排他ゲート(本件:安全・低コスト) vs 可塑×広域CA(camt-all:phase-spread救うがoverall絶対劣化)]。 ／【誠実性】val評価・test未検証(rareはtestの方が信頼)→rare結論はtest追認まで暫定。",completed,efros (RTX A6000),False,"DDP 2GPU (RTX A6000 x2) on efros, manual launcher (E plan, CUDA_VISIBLE_DEVICES per rank)",file:///tmp/ledger_clsbias_pe,"{""start"": ""2026-07-07T16:34:00.000+00:00"", ""end"": null, ""time_zone"": null}",B,effort,ledger_clsbias_pe
396ee4d4-7777-81a4-befb-ff59dff2842d,2026-07-07T08:08:00.000Z,2026-07-07T08:08:00.000Z,9eb61ad,"{""start"": ""2026-07-07T08:08:00.000+00:00"", ""end"": null, ""time_zone"": null}",(eval_recipe が metrics.json に未記載),,"val per-class AP (COCO bbox), Δ=inj−ctrl@final, 3-seed paired-σ","det mAP=0.7149 (init/warm-start=0.7270, Δ_det=-0.0121)
真のquery-selective多トークンCA×trainable=all(検出器同時fine-tune~26.8M,3seed×inj/ctrl,Δ=inj−ctrl@final,§10.1)。overall mAP Δ+0.609pp(pstd0.081)✅有意・非劣化。rare-4 per-class: Bipolar Forceps:+2.65pp✅, Scalpel:+0.88pp✅, Skewer:+1.11pp✅, Syringe:+1.34pp(有意3/4)。rare平均+1.50pp。最重要: clsbias(frozen)で−3.14pp悪化のBipolarがcamt-allで+2.65pp有意改善へ逆転→三象限Bipolar −3.14/−0.35/+2.65で利得則の第三次元『検出器可塑性』を確証(利得=per-class phase特異性×注入の直接性×検出器可塑性)。 ／【誠実性】(1)trainable=allはoverall valを絶対劣化(init0.73→final0.71,全run best@ep-1)、有意改善はinjがctrlより劣化小の相対利得でfrozen S0の絶対mAPは超えず→--which final比較が正当,実運用early-stop前提。(2)val評価・test未検証(rareはtestの方が信頼)。",completed,efros (RTX A6000),False,"DDP 2GPU (RTX A6000 x2) on efros, manual launcher (E plan, CUDA_VISIBLE_DEVICES per rank)",file:///tmp/ledger_camt_all,"{""start"": ""2026-07-07T08:08:00.000+00:00"", ""end"": null, ""time_zone"": null}",B,effort,ledger_camt_all
395ee4d4-7777-817d-a7c9-c56d4160b050,2026-07-06T17:14:00.000Z,2026-07-06T17:14:00.000Z,5fb96b5,"{""start"": ""2026-07-06T17:14:00.000+00:00"", ""end"": null, ""time_zone"": null}",(eval_recipe が metrics.json に未記載),,"val phase acc/macroF1 (online causal), per-slot ablation Δ, 3 phase-seed paired-σ","phase acc=0.9479, macro_f1=n/a, jaccard=n/a, edit=n/a, segF1@50=n/a
T1a利得(+4.93pp)の因果分解: 既存45run(15slot×3phase-seed mask)+shuffle対照を再解析(再学習なし)。per-slot除去Δ(paired-σ§10.1): Bipolar−0.86pp★/Scalpel−0.77pp★/NeedleHolders−0.46pp★ 有意DROP、Skewer/Syringeは飽和(headroom≈0)で非低下=利得則gain≈headroom×signatureを反証可能な形で確証。shuffleでacc0.9479→0.8605(S4 base 0.8986すら下回る)=region情報の実在・frame整合が本質。評価はval phase acc/macroF1(online causal)。証跡 experiments/analysis/t1a_factorial_ablation/。",completed,efros (RTX A6000),False,"DDP 2GPU (RTX A6000 x2) on efros, manual launcher (E plan, CUDA_VISIBLE_DEVICES per rank)",file:///tmp/ledger_stage/t1a_gain_factorial_ablation,"{""start"": ""2026-07-06T17:14:00.000+00:00"", ""end"": null, ""time_zone"": null}",B,effort,t1a_gain_factorial_ablation
395ee4d4-7777-81c4-a784-f4768341d8a9,2026-07-06T17:14:00.000Z,2026-07-06T17:14:00.000Z,99e3353,"{""start"": ""2026-07-06T17:14:00.000+00:00"", ""end"": null, ""time_zone"": null}",(eval_recipe が metrics.json に未記載),,"val per-class AP (COCO bbox @IoU=.5:.95), Δ=inj−ctrl@final, 3-seed paired-σ","det mAP=0.7267 (init/warm-start=0.7270, Δ_det=-0.0003)
真のquery-selective多トークンCA(trainable=film, 3seed×inj/ctrl, Δ=inj−ctrl@final, paired-σ§10.1)。恒等ガード全seed init inj=ctrl。overall mAP Δ+0.052pp非有意=非劣化。rare-4 per-class AP: Bipolar Forceps:-0.35pp, Scalpel:+0.89pp✅, Skewer:+0.26pp, Syringe:-0.01pp（有意はScalpelのみ、他は seed間符号反転で非有意）。解釈: query-selectiveでBipolar悪化はclsbias−3.14pp→−0.35pp(非有意)に緩和も、rare利得も薄まり正味Scalpelのみ。frozen検出器では直接bias(clsbias)>拡散的CA。真のCA本領にはtrainable=all要（follow-up実行中）。 ／【誠実性訂正】検出には test split(instances_test.json,4265枚)が存在。本評価はval per-class APで test未評価。rare術具はvalで実例希少→testの方が信頼できる(eval_phase2det_test.py)ため、rare結論はtest検証まで暫定。",completed,efros (RTX A6000),False,"DDP 2GPU (RTX A6000 x2) on efros, manual launcher (E plan, CUDA_VISIBLE_DEVICES per rank)",file:///tmp/ledger_stage/t1b_camt_multitoken_3seed_efros,"{""start"": ""2026-07-06T17:14:00.000+00:00"", ""end"": null, ""time_zone"": null}",B,effort,t1b_camt_multitoken_3seed_efros
395ee4d4-7777-810e-bb20-e6e7f5d38595,2026-07-06T16:41:00.000Z,2026-07-06T16:47:00.000Z,bdbb29f3a8364e0f409227049b0354c17bf699ce,"{""start"": ""2026-07-06T03:40:00.000+00:00"", ""end"": null, ""time_zone"": null}",class-wise max sigmoid score. subset=train (9657 frames).,42,(成果物: npz),"train_toolpresence.npz: 9657 x 15 = 906KB, mean=0.160. path: data/processed/b2a_detsignal/aligndetr_s0frozen_seed42/train_toolpresence.npz. 7min5s.",completed,philip (RTX 6000 Ada),False,RTX 6000 Ada x 1 (GPU 1),,"{""start"": ""2026-07-06T03:32:00.000+00:00"", ""end"": null, ""time_zone"": null}",S0,must,s0_044_aligndetr_s0frozen_toolpresence_train_seed42
395ee4d4-7777-8117-9f01-f44d49a8d3e9,2026-07-06T16:41:00.000Z,2026-07-06T16:47:00.000Z,bdbb29f3a8364e0f409227049b0354c17bf699ce,"{""start"": ""2026-07-06T03:28:00.000+00:00"", ""end"": null, ""time_zone"": null}",class_embed[-1] hook → class-wise max sigmoid score. subset=val (1515 frames). scripts/extract_b2a_toolpresence_aligndetr.py (今回新規).,42,(成果物: npz),"val_toolpresence.npz: 1515 x 15 = 143KB, mean=0.156. path: data/processed/b2a_detsignal/aligndetr_s0frozen_seed42/val_toolpresence.npz. 69s.",completed,philip (RTX 6000 Ada),False,RTX 6000 Ada x 1 (GPU 0),,"{""start"": ""2026-07-06T03:26:00.000+00:00"", ""end"": null, ""time_zone"": null}",S0,must,s0_043_aligndetr_s0frozen_toolpresence_val_seed42
395ee4d4-7777-8184-a03a-e2a1993c8949,2026-07-06T16:41:00.000Z,2026-07-06T16:47:00.000Z,bdbb29f3a8364e0f409227049b0354c17bf699ce,"{""start"": ""2026-07-06T03:32:00.000+00:00"", ""end"": null, ""time_zone"": null}",class_embed[-1] hook → soft-gated region-token. subset=train (9657 frames).,42,(成果物: npz),"train_regiontoken.npz: 9657 x 3840 = 142MB, mean=0.001. path: data/processed/t1a_regiontoken/aligndetr_s0frozen_seed42/train_regiontoken.npz. 7min.",completed,philip (RTX 6000 Ada),False,RTX 6000 Ada x 1 (GPU 1),,"{""start"": ""2026-07-06T03:25:00.000+00:00"", ""end"": null, ""time_zone"": null}",S0,must,s0_042_aligndetr_s0frozen_regiontoken_train_seed42
395ee4d4-7777-81c0-9982-f5b077392ed2,2026-07-06T16:41:00.000Z,2026-07-06T16:47:00.000Z,bdbb29f3a8364e0f409227049b0354c17bf699ce,"{""start"": ""2026-07-06T03:26:00.000+00:00"", ""end"": null, ""time_zone"": null}",class_embed[-1] hook → soft-gated region-token. AlignDETR-S0-frozen seed42 ckpt (s0_040). subset=val (1515 frames).,42,(成果物: npz),"val_regiontoken.npz: 1515 x 3840 = 22MB, mean=0.001, nonzero_frac=1.0. path: data/processed/t1a_regiontoken/aligndetr_s0frozen_seed42/val_regiontoken.npz. 68s.",completed,philip (RTX 6000 Ada),False,RTX 6000 Ada x 1 (GPU 0),,"{""start"": ""2026-07-06T03:25:00.000+00:00"", ""end"": null, ""time_zone"": null}",S0,must,s0_041_aligndetr_s0frozen_regiontoken_val_seed42
395ee4d4-7777-81f2-bc38-f31654f00b60,2026-07-06T16:41:00.000Z,2026-07-06T16:47:00.000Z,bdbb29f3a8364e0f409227049b0354c17bf699ce,"{""start"": ""2026-07-06T03:25:00.000+00:00"", ""end"": null, ""time_zone"": null}",AlignDETR R50 backbone freeze_at=5 (全凍結) + head 学習. init: aligndetr_r50_4scale_12ep_coco.pth. total_batch_size=4 (per-GPU 2). 12 epochs (28980 iters). config: aligndetr_r50_4scale_12ep_egosurgery_s0_frozen.py.,42,(訓練成果物のみ; 数値指標は下流TeCNO実験で). ckpt: /tmp/aligndetr_s0frozen_seed42_v2/model_final.pth (383MB),train time 2h33min (2 GPU DDP). ckpt=/tmp/aligndetr_s0frozen_seed42_v2/model_final.pth. 前段(1 GPU)から GPU 数統一のため kill→再学習.,completed,philip (RTX 6000 Ada),False,"RTX 6000 Ada x 2 (DDP, NCCL_P2P_DISABLE=1, NCCL_IB_DISABLE=1)",,"{""start"": ""2026-07-06T00:52:00.000+00:00"", ""end"": null, ""time_zone"": null}",S0,must,s0_040_aligndetr_s0frozen_seed42
394ee4d4-7777-819a-8d1d-d5b524e0e91b,2026-07-05T11:01:00.000Z,2026-07-05T11:01:00.000Z,27ad173f16f4c63a7bbe9160aa9a4b5c1461cb2a,"{""start"": ""2026-07-05T11:01:00.000+00:00"", ""end"": null, ""time_zone"": null}","effective_bs=1 (gpu_count=1 x per-gpu bs), lr_scaling=none; test_cfg(score_thr=None, max_per_img=None, nms_pre=None, nms_iou=None); split(train 9657 / val 1515 / test 4265)",456,phase acc/macro-F1/jaccard/edit/seg-F1 (online_causal),"phase acc=0.9505, macro_f1=0.8126, jaccard=0.7755, edit=59.3750, segF1@50=0.6456
②object-token det→phase。Δ_phase vs S4 base 0.8986（within-server）",completed,efros (RTX A6000),False,"DDP 2GPU (RTX A6000 x2) on efros, manual launcher (E plan, CUDA_VISIBLE_DEVICES per rank)",file:///home/ubuntu/slocal/m2/experiments/transfer/t1a_appearance_003_t1a_appearance_seed456,"{""start"": ""2026-07-05T11:00:00.000+00:00"", ""end"": null, ""time_zone"": null}",B,must,t1a_appearance_003_t1a_appearance_seed456
394ee4d4-7777-8149-bbed-ebb66eed4601,2026-07-05T11:00:00.000Z,2026-07-05T11:00:00.000Z,27ad173f16f4c63a7bbe9160aa9a4b5c1461cb2a,"{""start"": ""2026-07-05T11:00:00.000+00:00"", ""end"": null, ""time_zone"": null}","effective_bs=1 (gpu_count=1 x per-gpu bs), lr_scaling=none; test_cfg(score_thr=None, max_per_img=None, nms_pre=None, nms_iou=None); split(train 9657 / val 1515 / test 4265)",42,phase acc/macro-F1/jaccard/edit/seg-F1 (online_causal),"phase acc=0.9505, macro_f1=0.8163, jaccard=0.7813, edit=34.1667, segF1@50=0.4217
②object-token det→phase。Δ_phase vs S4 base 0.8986（within-server）",completed,efros (RTX A6000),False,"DDP 2GPU (RTX A6000 x2) on efros, manual launcher (E plan, CUDA_VISIBLE_DEVICES per rank)",file:///home/ubuntu/slocal/m2/experiments/transfer/t1a_appearance_001_t1a_appearance_seed42,"{""start"": ""2026-07-05T11:00:00.000+00:00"", ""end"": null, ""time_zone"": null}",B,must,t1a_appearance_001_t1a_appearance_seed42
394ee4d4-7777-81b9-9b00-c02e57c70ab4,2026-07-05T11:00:00.000Z,2026-07-05T11:00:00.000Z,27ad173f16f4c63a7bbe9160aa9a4b5c1461cb2a,"{""start"": ""2026-07-05T11:00:00.000+00:00"", ""end"": null, ""time_zone"": null}","effective_bs=1 (gpu_count=1 x per-gpu bs), lr_scaling=none; test_cfg(score_thr=None, max_per_img=None, nms_pre=None, nms_iou=None); split(train 9657 / val 1515 / test 4265)",123,phase acc/macro-F1/jaccard/edit/seg-F1 (online_causal),"phase acc=0.9465, macro_f1=0.7970, jaccard=0.7546, edit=35.5820, segF1@50=0.4214
②object-token det→phase。Δ_phase vs S4 base 0.8986（within-server）",completed,efros (RTX A6000),False,"DDP 2GPU (RTX A6000 x2) on efros, manual launcher (E plan, CUDA_VISIBLE_DEVICES per rank)",file:///home/ubuntu/slocal/m2/experiments/transfer/t1a_appearance_002_t1a_appearance_seed123,"{""start"": ""2026-07-05T11:00:00.000+00:00"", ""end"": null, ""time_zone"": null}",B,must,t1a_appearance_002_t1a_appearance_seed123
394ee4d4-7777-8170-81a4-ed24234285e2,2026-07-05T10:40:00.000Z,2026-07-05T10:40:00.000Z,27ad173f16f4c63a7bbe9160aa9a4b5c1461cb2a,"{""start"": ""2026-07-05T10:40:00.000+00:00"", ""end"": null, ""time_zone"": null}","effective_bs=1 (gpu_count=1 x per-gpu bs), lr_scaling=none; test_cfg(score_thr=None, max_per_img=None, nms_pre=None, nms_iou=None); split(train 9657 / val 1515 / test 4265)",456,"phase edit/seg-F1 (plain+sticky, online_causal); maintain acc/macro-F1","phase acc=0.9426, macro_f1=0.7994, jaccard=0.7543, edit=43.9153, segF1@50=0.5022
§4.1 Temporal Object-Set Fusion。Δ vs T1a base（within-server）",completed,efros (RTX A6000),False,"DDP 2GPU (RTX A6000 x2) on efros, manual launcher (E plan, CUDA_VISIBLE_DEVICES per rank)",file:///home/ubuntu/slocal/m2/experiments/transfer/t1a_regiontraj_test_003_t1a_regiontraj_test_seed456,"{""start"": ""2026-07-05T10:40:00.000+00:00"", ""end"": null, ""time_zone"": null}",B,must,t1a_regiontraj_test_003_t1a_regiontraj_test_seed456
394ee4d4-7777-81d7-84f9-f693556a2dd0,2026-07-05T10:40:00.000Z,2026-07-05T10:40:00.000Z,27ad173f16f4c63a7bbe9160aa9a4b5c1461cb2a,"{""start"": ""2026-07-05T10:40:00.000+00:00"", ""end"": null, ""time_zone"": null}","effective_bs=1 (gpu_count=1 x per-gpu bs), lr_scaling=none; test_cfg(score_thr=None, max_per_img=None, nms_pre=None, nms_iou=None); split(train 9657 / val 1515 / test 4265)",456,phase acc/macro-F1/jaccard/edit/seg-F1 (online_causal),"phase acc=0.9472, macro_f1=0.7963, jaccard=0.7530, edit=40.6349, segF1@50=0.4764
②object-token det→phase。Δ_phase vs S4 base 0.8986（within-server）",completed,efros (RTX A6000),False,"DDP 2GPU (RTX A6000 x2) on efros, manual launcher (E plan, CUDA_VISIBLE_DEVICES per rank)",file:///home/ubuntu/slocal/m2/experiments/transfer/t1a_base_test_003_t1a_base_test_seed456,"{""start"": ""2026-07-05T10:40:00.000+00:00"", ""end"": null, ""time_zone"": null}",B,must,t1a_base_test_003_t1a_base_test_seed456
394ee4d4-7777-8111-870d-dc7759dda4cd,2026-07-05T10:40:00.000Z,2026-07-05T10:40:00.000Z,27ad173f16f4c63a7bbe9160aa9a4b5c1461cb2a,"{""start"": ""2026-07-05T10:40:00.000+00:00"", ""end"": null, ""time_zone"": null}","effective_bs=1 (gpu_count=1 x per-gpu bs), lr_scaling=none; test_cfg(score_thr=None, max_per_img=None, nms_pre=None, nms_iou=None); split(train 9657 / val 1515 / test 4265)",123,"phase edit/seg-F1 (plain+sticky, online_causal); maintain acc/macro-F1","phase acc=0.9492, macro_f1=0.8084, jaccard=0.7703, edit=32.3611, segF1@50=0.3962
§4.1 Temporal Object-Set Fusion。Δ vs T1a base（within-server）",completed,efros (RTX A6000),False,"DDP 2GPU (RTX A6000 x2) on efros, manual launcher (E plan, CUDA_VISIBLE_DEVICES per rank)",file:///home/ubuntu/slocal/m2/experiments/transfer/t1a_regiontraj_test_002_t1a_regiontraj_test_seed123,"{""start"": ""2026-07-05T10:40:00.000+00:00"", ""end"": null, ""time_zone"": null}",B,must,t1a_regiontraj_test_002_t1a_regiontraj_test_seed123
394ee4d4-7777-81e2-8cf8-cde3b8b81fe5,2026-07-05T10:40:00.000Z,2026-07-05T10:40:00.000Z,27ad173f16f4c63a7bbe9160aa9a4b5c1461cb2a,"{""start"": ""2026-07-05T10:40:00.000+00:00"", ""end"": null, ""time_zone"": null}","effective_bs=1 (gpu_count=1 x per-gpu bs), lr_scaling=none; test_cfg(score_thr=None, max_per_img=None, nms_pre=None, nms_iou=None); split(train 9657 / val 1515 / test 4265)",123,phase acc/macro-F1/jaccard/edit/seg-F1 (online_causal),"phase acc=0.9485, macro_f1=0.8066, jaccard=0.7671, edit=31.8046, segF1@50=0.3924
②object-token det→phase。Δ_phase vs S4 base 0.8986（within-server）",completed,efros (RTX A6000),False,"DDP 2GPU (RTX A6000 x2) on efros, manual launcher (E plan, CUDA_VISIBLE_DEVICES per rank)",file:///home/ubuntu/slocal/m2/experiments/transfer/t1a_base_test_002_t1a_base_test_seed123,"{""start"": ""2026-07-05T10:40:00.000+00:00"", ""end"": null, ""time_zone"": null}",B,must,t1a_base_test_002_t1a_base_test_seed123
394ee4d4-7777-81f4-bb6e-fb5b59613e1f,2026-07-05T10:40:00.000Z,2026-07-05T10:40:00.000Z,27ad173f16f4c63a7bbe9160aa9a4b5c1461cb2a,"{""start"": ""2026-07-05T10:39:00.000+00:00"", ""end"": null, ""time_zone"": null}","effective_bs=1 (gpu_count=1 x per-gpu bs), lr_scaling=none; test_cfg(score_thr=None, max_per_img=None, nms_pre=None, nms_iou=None); split(train 9657 / val 1515 / test 4265)",42,"phase edit/seg-F1 (plain+sticky, online_causal); maintain acc/macro-F1","phase acc=0.9512, macro_f1=0.8166, jaccard=0.7828, edit=41.4493, segF1@50=0.5027
§4.1 Temporal Object-Set Fusion。Δ vs T1a base（within-server）",completed,efros (RTX A6000),False,"DDP 2GPU (RTX A6000 x2) on efros, manual launcher (E plan, CUDA_VISIBLE_DEVICES per rank)",file:///home/ubuntu/slocal/m2/experiments/transfer/t1a_regiontraj_test_001_t1a_regiontraj_test_seed42,"{""start"": ""2026-07-05T10:39:00.000+00:00"", ""end"": null, ""time_zone"": null}",B,must,t1a_regiontraj_test_001_t1a_regiontraj_test_seed42
394ee4d4-7777-8149-9fda-d72408fb985f,2026-07-05T10:39:00.000Z,2026-07-05T10:39:00.000Z,27ad173f16f4c63a7bbe9160aa9a4b5c1461cb2a,"{""start"": ""2026-07-05T10:39:00.000+00:00"", ""end"": null, ""time_zone"": null}","effective_bs=1 (gpu_count=1 x per-gpu bs), lr_scaling=none; test_cfg(score_thr=None, max_per_img=None, nms_pre=None, nms_iou=None); split(train 9657 / val 1515 / test 4265)",42,phase acc/macro-F1/jaccard/edit/seg-F1 (online_causal),"phase acc=0.9472, macro_f1=0.8028, jaccard=0.7611, edit=34.5122, segF1@50=0.4306
②object-token det→phase。Δ_phase vs S4 base 0.8986（within-server）",completed,efros (RTX A6000),False,"DDP 2GPU (RTX A6000 x2) on efros, manual launcher (E plan, CUDA_VISIBLE_DEVICES per rank)",file:///home/ubuntu/slocal/m2/experiments/transfer/t1a_base_test_001_t1a_base_test_seed42,"{""start"": ""2026-07-05T10:39:00.000+00:00"", ""end"": null, ""time_zone"": null}",B,must,t1a_base_test_001_t1a_base_test_seed42
394ee4d4-7777-815f-83dd-fb75fd8a0f72,2026-07-05T10:34:00.000Z,2026-07-05T10:34:00.000Z,27ad173f16f4c63a7bbe9160aa9a4b5c1461cb2a,"{""start"": ""2026-07-05T10:34:00.000+00:00"", ""end"": null, ""time_zone"": null}","effective_bs=1 (gpu_count=1 x per-gpu bs), lr_scaling=none; test_cfg(score_thr=None, max_per_img=None, nms_pre=None, nms_iou=None); split(train 9657 / val 1515 / test 4265)",123,"phase edit/seg-F1 (plain+sticky, online_causal); maintain acc/macro-F1","phase acc=0.9465, macro_f1=0.8078, jaccard=0.7691, edit=41.3420, segF1@50=0.4917
§4.1 Temporal Object-Set Fusion。Δ vs T1a base（within-server）",completed,efros (RTX A6000),False,"DDP 2GPU (RTX A6000 x2) on efros, manual launcher (E plan, CUDA_VISIBLE_DEVICES per rank)",file:///home/ubuntu/slocal/m2/experiments/transfer/t1a_regiontraj_002_t1a_regiontraj_seed123,"{""start"": ""2026-07-05T10:33:00.000+00:00"", ""end"": null, ""time_zone"": null}",B,must,t1a_regiontraj_002_t1a_regiontraj_seed123
394ee4d4-7777-8157-9281-ce7185879e55,2026-07-05T10:34:00.000Z,2026-07-05T10:34:00.000Z,27ad173f16f4c63a7bbe9160aa9a4b5c1461cb2a,"{""start"": ""2026-07-05T10:34:00.000+00:00"", ""end"": null, ""time_zone"": null}","effective_bs=1 (gpu_count=1 x per-gpu bs), lr_scaling=none; test_cfg(score_thr=None, max_per_img=None, nms_pre=None, nms_iou=None); split(train 9657 / val 1515 / test 4265)",456,"phase edit/seg-F1 (plain+sticky, online_causal); maintain acc/macro-F1","phase acc=0.9498, macro_f1=0.8095, jaccard=0.7707, edit=39.0566, segF1@50=0.4679
§4.1 Temporal Object-Set Fusion。Δ vs T1a base（within-server）",completed,efros (RTX A6000),False,"DDP 2GPU (RTX A6000 x2) on efros, manual launcher (E plan, CUDA_VISIBLE_DEVICES per rank)",file:///home/ubuntu/slocal/m2/experiments/transfer/t1a_regiontraj_003_t1a_regiontraj_seed456,"{""start"": ""2026-07-05T10:33:00.000+00:00"", ""end"": null, ""time_zone"": null}",B,must,t1a_regiontraj_003_t1a_regiontraj_seed456
394ee4d4-7777-819f-af37-d811c42ab390,2026-07-05T10:32:00.000Z,2026-07-05T10:32:00.000Z,27ad173f16f4c63a7bbe9160aa9a4b5c1461cb2a,"{""start"": ""2026-07-05T10:32:00.000+00:00"", ""end"": null, ""time_zone"": null}","effective_bs=1 (gpu_count=1 x per-gpu bs), lr_scaling=none; test_cfg(score_thr=None, max_per_img=None, nms_pre=None, nms_iou=None); split(train 9657 / val 1515 / test 4265)",42,"phase edit/seg-F1 (plain+sticky, online_causal); maintain acc/macro-F1","phase acc=0.9459, macro_f1=0.8089, jaccard=0.7702, edit=40.4139, segF1@50=0.4710
§4.1 Temporal Object-Set Fusion。Δ vs T1a base（within-server）",completed,efros (RTX A6000),False,"DDP 2GPU (RTX A6000 x2) on efros, manual launcher (E plan, CUDA_VISIBLE_DEVICES per rank)",file:///home/ubuntu/slocal/m2/experiments/transfer/t1a_regiontraj_001_t1a_regiontraj_seed42,"{""start"": ""2026-07-05T10:31:00.000+00:00"", ""end"": null, ""time_zone"": null}",B,must,t1a_regiontraj_001_t1a_regiontraj_seed42
394ee4d4-7777-8171-8be7-ee28e1ec1ff1,2026-07-05T09:54:00.000Z,2026-07-05T11:41:00.000Z,,,split=val（主）＋test（確証）。det→phase＝phase 指標のため検出 recipe 非該当。基盤=既存 region-token キャッシュ(3840-d=15×256)。TeCNO base(2s/8L/64f) を Set encoder＋temporal attention＋boundary head に拡張。3-seed・paired-σ。,,test phase macro-F1（T1a維持/改善）＋edit score（S4・T1a超）＋seg-F1@10/25/50（T1a超）。per-phase(hemostasis/incision/design/irrigation)維持。,"実施完了(P2)。§4.1 Temporal Object-Set Fusion 新規実装(Set encoder+gated residual(presence)+causal temporal attn+boundary head)。val: 成功基準充足(acc/macroF1維持, edit +4.08/seg-F1@10/25/50 有意改善, sticky edit +15.69)。★held-out test で覆る: macroF1 -8.75pp 有意低下(全seed負)・edit改善消失(符号混在)・seg-F1@50 有意悪化 = val overfit。機序: Set encoder が region 3840→128 圧縮し rare工程詳細を喪失。確定改善として採用不可の負の知見。証跡 experiments/analysis/t1a_regiontrajectory/。commit 5fb96b5。",completed,efros (RTX A6000),True,efros (RTX A6000)。キャッシュ特徴上の学習で軽量（RSS<1GB 級）。新規実装（set encoder・boundary head）が必要。,,,B,explore,T1a-RegionTrajectory：region-token の時間統合＋boundary head（det→phase 主路）
394ee4d4-7777-8178-9686-eb2053fa6eef,2026-07-05T09:54:00.000Z,2026-07-05T09:54:00.000Z,,,split=val（主・inj−ctrl）＋test（確証）。phase→det＝検出 mAP・score_thr=0.0系（NMS-free・統一recipe）。本体=phase posterior→15 tool-token→各 query が CA。先行=classification-only phase bias（box固定・per-tool 15次元 zero-init residual）。3-seed×inj/ctrl・paired-σ。,,rare∧工程特異の test per-class AP（Skewer/Bipolar/Scalpel/Syringe）が全seed同符号・paired平均差>paired-σ。overall mAP 非劣化。,,planned,efros (RTX A6000),True,efros (RTX A6000)。検出器学習で重い（T1b-CA 先例=lecun 2GPU で推定24h、6run=3seed×inj/ctrl）。efros の GPU 数次第で所要増→要 GPU 数確認。,,,B,explore,T1b-CA-MultiToken：15 tool-token による真の query-selective phase→det 注入
394ee4d4-7777-8199-ad0f-f964e2993b19,2026-07-05T09:54:00.000Z,2026-07-05T11:41:00.000Z,,,split=val（主）＋test。det→phase＝phase 指標。基盤=既存 region-token キャッシュ＋train_t1a.py（入力操作）。(a) per-tool-slot ablation（15スロット各 256-d を1点除去）(b) 入力成分 factorial（class-only/class+bbox/appearance-only/+confidence/時間shuffle）。3-seed・paired-σ。,,per-phase F1（特に hemostasis）の Δ vs T1a base。利得源（class/appearance/geometry/confidence/temporal alignment）の特定。,"実施完了(P1 per-tool-slot + P3 入力成分)。(a)per-slot: signature術具除去で phase有意低下 Bipolar-0.86/Scalpel-0.77/NeedleHolders-0.46pp、非signature中立、shuffleで利得消失(acc 0.948→0.861)=利得則 gain≈headroom×signature を ablation で因果確証。(b)成分: confidence重み(score gate)は val中立だが test汎化に必須(test macroF1 +6.62pp/edit +11.81 有意)、appearance埋め込みは frame acc/F1↑(+1.2pp)だが edit↓(-11.25, 過分節)。統一知見: T1a利得の汎化は signature術具の confidence-weighted per-class appearance が担う。証跡 experiments/analysis/t1a_factorial_ablation/。commit 5fb96b5。",completed,efros (RTX A6000),False,efros (RTX A6000)。キャッシュ特徴上の再学習で軽量。実装ゼロ〜小。,,,B,effort,T1a 利得源の因果分解：per-tool-slot ＋ 入力成分 factorial ablation
394ee4d4-7777-8133-a8f3-f9b353f0c72e,2026-07-05T03:59:00.000Z,2026-07-06T03:42:00.000Z,,,評価でなく特徴抽出。AlignDETR を S0-frozen と同条件で凍結（ResNet50 全凍結・COCO-init head 相当）。val+train 全フレームで region-token(15×256)と tool-presence(15-d) を抽出しキャッシュ化。検出 recipe は特徴抽出に無関係（NMS/score_thr 前段のクエリ埋め込み）。Relation-DETR 側は STEP B の既存キャッシュを再利用。,,（成果物）AlignDETR 特徴キャッシュ（region-token/tool-presence npz）。数値指標なし。,"artifacts: model_final.pth (2GPU DDP, 12ep, iter 28980, ~2h33min), val/train_regiontoken.npz (1515+9657 x 3840d, mean=0.001), val/train_toolpresence.npz (1515+9657 x 15d, mean=0.156/0.160). NCCL_P2P_DISABLE=1 で aolab の DDP 疎通確立. Rel-DETR 側キャッシュ既存. 下流TeCNO対比実験の前段完了.",completed,philip (RTX 6000 Ada),False,philip (RTX 6000 Ada)。AlignDETR val ckpt + 検出器推論環境がある想定。seed 非依存の forward pass で 1 回のみ。※要確認: AlignDETR val ckpt の実在と環境再現。,,,S0,must,"AlignDETR 凍結特徴抽出（region-token/tool-presence, val+train）｜下流有用性比較②の前段"
394ee4d4-7777-81b4-a784-f0b732bf0abd,2026-07-05T00:11:00.000Z,2026-07-06T16:47:00.000Z,964a15218170b649bf779875867f037d92eff8a6,"{""start"": ""2026-07-03T17:03:00.000+00:00"", ""end"": null, ""time_zone"": null}","test-split, score_thr=0.0, NMS-free (test_cfg.nms.iou_threshold=1.0), max_per_img=300, split=test(4265img) (AlignDETR + detrex --eval-only)",456,test bbox mAP / AP_50 / AP_75 / AP_rare / AP_common,bbox_mAP=0.4997 / AP50=0.6754 / AP75=0.5473,completed,philip (RTX 6000 Ada),False,,,"{""start"": ""2026-07-03T17:03:00.000+00:00"", ""end"": null, ""time_zone"": null}",S0,must,s0_030_aligndetr_bbox_seed456_reeval_score_thr_0
394ee4d4-7777-81e4-a050-cb4b3532af37,2026-07-05T00:11:00.000Z,2026-07-06T16:47:00.000Z,964a15218170b649bf779875867f037d92eff8a6,"{""start"": ""2026-07-03T16:59:00.000+00:00"", ""end"": null, ""time_zone"": null}","test-split, score_thr=0.0, NMS-free (test_cfg.nms.iou_threshold=1.0), max_per_img=300, split=test(4265img) (AlignDETR + detrex --eval-only)",123,test bbox mAP / AP_50 / AP_75 / AP_rare / AP_common,bbox_mAP=0.5050 / AP50=0.6734 / AP75=0.5610,completed,philip (RTX 6000 Ada),False,,,"{""start"": ""2026-07-03T16:59:00.000+00:00"", ""end"": null, ""time_zone"": null}",S0,must,s0_029_aligndetr_bbox_seed123_reeval_score_thr_0
394ee4d4-7777-8121-8e15-e9ab17bbad96,2026-07-05T00:11:00.000Z,2026-07-06T16:47:00.000Z,964a15218170b649bf779875867f037d92eff8a6,"{""start"": ""2026-07-03T16:56:00.000+00:00"", ""end"": null, ""time_zone"": null}","test-split, score_thr=0.0, NMS-free (test_cfg.nms.iou_threshold=1.0), max_per_img=300, split=test(4265img) (AlignDETR + detrex --eval-only, dataloader.test.dataset.names=egosurgery_test)",42,test bbox mAP / AP_50 / AP_75 / AP_rare / AP_common,bbox_mAP=0.5104 / AP50=0.6840 / AP75=0.5609,completed,philip (RTX 6000 Ada),False,,,"{""start"": ""2026-07-03T16:56:00.000+00:00"", ""end"": null, ""time_zone"": null}",S0,must,s0_028_aligndetr_bbox_seed42_reeval_score_thr_0
394ee4d4-7777-819d-8018-e8f7c5e9e193,2026-07-05T00:11:00.000Z,2026-07-06T16:47:00.000Z,964a15218170b649bf779875867f037d92eff8a6,"{""start"": ""2026-07-03T16:52:00.000+00:00"", ""end"": null, ""time_zone"": null}","test-split, score_thr=0.0, NMS-free (test_cfg.nms.iou_threshold=1.0), max_per_img=300, split=test(4265img) (Rel-DETR set-based prediction, NMS-free by design)",456,test bbox mAP / AP_50 / AP_75 / AP_rare / AP_common,bbox_mAP=0.5060 / AP50=0.6750 / AP75=0.5600,completed,philip (RTX 6000 Ada),False,,,"{""start"": ""2026-07-03T16:52:00.000+00:00"", ""end"": null, ""time_zone"": null}",S0,must,s0_018_relationdetr_bbox_seed456_reeval_score_thr_0
394ee4d4-7777-8184-a15c-f3c72f34642d,2026-07-05T00:11:00.000Z,2026-07-06T16:47:00.000Z,964a15218170b649bf779875867f037d92eff8a6,"{""start"": ""2026-07-03T16:45:00.000+00:00"", ""end"": null, ""time_zone"": null}","test-split, score_thr=0.0, NMS-free (test_cfg.nms.iou_threshold=1.0), max_per_img=300, split=test(4265img) (Rel-DETR set-based prediction, NMS-free by design)",123,test bbox mAP / AP_50 / AP_75 / AP_rare / AP_common,bbox_mAP=0.5090 / AP50=0.6760 / AP75=0.5610,completed,philip (RTX 6000 Ada),False,,,"{""start"": ""2026-07-03T16:45:00.000+00:00"", ""end"": null, ""time_zone"": null}",S0,must,s0_017_relationdetr_bbox_seed123_reeval_score_thr_0
394ee4d4-7777-812b-a7a8-fb0d352afa30,2026-07-05T00:11:00.000Z,2026-07-06T16:47:00.000Z,964a15218170b649bf779875867f037d92eff8a6,"{""start"": ""2026-07-03T16:38:00.000+00:00"", ""end"": null, ""time_zone"": null}","test-split, score_thr=0.0, NMS-free (test_cfg.nms.iou_threshold=1.0), max_per_img=300, split=test(4265img) (Rel-DETR set-based prediction, NMS-free by design)",42,test bbox mAP / AP_50 / AP_75 / AP_rare / AP_common,bbox_mAP=0.5060 / AP50=0.6750 / AP75=0.5660,completed,philip (RTX 6000 Ada),False,,,"{""start"": ""2026-07-03T16:38:00.000+00:00"", ""end"": null, ""time_zone"": null}",S0,must,s0_016_relationdetr_bbox_seed42_reeval_score_thr_0
394ee4d4-7777-8177-829f-e9ba89202607,2026-07-05T00:11:00.000Z,2026-07-06T16:47:00.000Z,964a15218170b649bf779875867f037d92eff8a6,"{""start"": ""2026-07-03T16:26:00.000+00:00"", ""end"": null, ""time_zone"": null}","test-split, score_thr=0.0, NMS-free (Co-DETR test_cfg[0], iou=1.0), max_per_img=300, mmdet2.x + venv-mmdet2, split=test(4265img)",42,test bbox mAP / AP_50 / AP_75 / AP_rare / AP_common,bbox_mAP=0.4950 / AP50=0.6720 / AP75=0.5610,completed,philip (RTX 6000 Ada),False,,,"{""start"": ""2026-07-03T16:26:00.000+00:00"", ""end"": null, ""time_zone"": null}",S0,effort,s0_013_sensex_codino_bbox_seed42_reeval_score_thr_0
394ee4d4-7777-81b5-a7d1-f6edf9e364a2,2026-07-05T00:11:00.000Z,2026-07-06T16:47:00.000Z,964a15218170b649bf779875867f037d92eff8a6,"{""start"": ""2026-07-03T15:54:00.000+00:00"", ""end"": null, ""time_zone"": null}","test-split, locked-down (score_thr=1e-8, NMS on, default recipe), split=test(4265img)",456,test bbox mAP / AP_50 / AP_75 / AP_rare / AP_common,bbox_mAP=0.4310 / AP50=0.6030 / AP75=0.4880 / AP_rare=0.4805 / AP_common=0.4231,completed,philip (RTX 6000 Ada),False,,,"{""start"": ""2026-07-03T15:54:00.000+00:00"", ""end"": null, ""time_zone"": null}",S0,effort,s0_006_varifocanet_bbox_seed456_reeval_lockeddown
394ee4d4-7777-81ee-ae00-f1952c076dc0,2026-07-05T00:11:00.000Z,2026-07-06T16:47:00.000Z,964a15218170b649bf779875867f037d92eff8a6,"{""start"": ""2026-07-03T15:51:00.000+00:00"", ""end"": null, ""time_zone"": null}","test-split, locked-down (score_thr=1e-8, NMS on, default recipe), split=test(4265img)",123,test bbox mAP / AP_50 / AP_75 / AP_rare / AP_common,bbox_mAP=0.4310 / AP50=0.6070 / AP75=0.4840 / AP_rare=0.4605 / AP_common=0.4262,completed,philip (RTX 6000 Ada),False,,,"{""start"": ""2026-07-03T15:51:00.000+00:00"", ""end"": null, ""time_zone"": null}",S0,effort,s0_005_varifocanet_bbox_seed123_reeval_lockeddown
394ee4d4-7777-8139-a5c8-f419d1c1754e,2026-07-05T00:11:00.000Z,2026-07-06T16:47:00.000Z,964a15218170b649bf779875867f037d92eff8a6,"{""start"": ""2026-07-03T15:49:00.000+00:00"", ""end"": null, ""time_zone"": null}","test-split, locked-down (score_thr=1e-8, NMS on, default recipe), split=test(4265img)",42,test bbox mAP / AP_50 / AP_75 / AP_rare / AP_common,bbox_mAP=0.4360 / AP50=0.6120 / AP75=0.4840 / AP_rare=0.4310 / AP_common=0.4365,completed,philip (RTX 6000 Ada),False,,,"{""start"": ""2026-07-03T15:49:00.000+00:00"", ""end"": null, ""time_zone"": null}",S0,effort,s0_004_varifocanet_bbox_seed42_reeval_lockeddown
394ee4d4-7777-81ae-b941-f0156c57871b,2026-07-05T00:11:00.000Z,2026-07-06T16:47:00.000Z,964a15218170b649bf779875867f037d92eff8a6,"{""start"": ""2026-07-03T15:47:00.000+00:00"", ""end"": null, ""time_zone"": null}","test-split, score_thr=0.0, NMS-free (test_cfg.nms.iou_threshold=1.0), max_per_img=300, split=test(4265img)",456,test bbox mAP / AP_50 / AP_75 / AP_rare / AP_common,bbox_mAP=0.4940 / AP50=0.6700 / AP75=0.5580 / AP_rare=0.5950 / AP_common=0.4789,completed,philip (RTX 6000 Ada),False,,,"{""start"": ""2026-07-03T15:47:00.000+00:00"", ""end"": null, ""time_zone"": null}",S0,effort,s0_009_codetr_bbox_seed456_reeval_score_thr_0
394ee4d4-7777-8119-b2af-f3bad60ef9b8,2026-07-05T00:11:00.000Z,2026-07-06T16:47:00.000Z,964a15218170b649bf779875867f037d92eff8a6,"{""start"": ""2026-07-03T15:33:00.000+00:00"", ""end"": null, ""time_zone"": null}","test-split, score_thr=0.0, NMS-free (test_cfg.nms.iou_threshold=1.0), max_per_img=300, split=test(4265img)",123,test bbox mAP / AP_50 / AP_75 / AP_rare / AP_common,bbox_mAP=0.4860 / AP50=0.6600 / AP75=0.5490 / AP_rare=0.5935 / AP_common=0.4691,completed,philip (RTX 6000 Ada),False,,,"{""start"": ""2026-07-03T15:33:00.000+00:00"", ""end"": null, ""time_zone"": null}",S0,effort,s0_008_codetr_bbox_seed123_reeval_score_thr_0
394ee4d4-7777-81fa-b0ea-c5eccf029dbf,2026-07-05T00:11:00.000Z,2026-07-06T16:48:00.000Z,964a15218170b649bf779875867f037d92eff8a6,"{""start"": ""2026-07-03T15:20:00.000+00:00"", ""end"": null, ""time_zone"": null}","test-split, score_thr=0.0, NMS-free (test_cfg.nms.iou_threshold=1.0), max_per_img=300, split=test(4265img)",42,test bbox mAP / AP_50 / AP_75 / AP_rare / AP_common,bbox_mAP=0.4910 / AP50=0.6720 / AP75=0.5500 / AP_rare=0.5715 / AP_common=0.4785,completed,philip (RTX 6000 Ada),False,,,"{""start"": ""2026-07-03T15:20:00.000+00:00"", ""end"": null, ""time_zone"": null}",S0,effort,s0_007_codetr_bbox_seed42_reeval_score_thr_0
394ee4d4-7777-814f-b159-df59bf784292,2026-07-05T00:11:00.000Z,2026-07-06T16:48:00.000Z,964a15218170b649bf779875867f037d92eff8a6,"{""start"": ""2026-07-03T15:06:00.000+00:00"", ""end"": null, ""time_zone"": null}","test-split, score_thr=0.0, NMS-free (test_cfg.nms.iou_threshold=1.0), max_per_img=300, split=test(4265img)",456,test bbox mAP / AP_50 / AP_75 / AP_rare / AP_common,bbox_mAP=0.4510 / AP50=0.6250 / AP75=0.4960 / AP_rare=0.5385 / AP_common=0.4378,completed,philip (RTX 6000 Ada),False,,,"{""start"": ""2026-07-03T15:06:00.000+00:00"", ""end"": null, ""time_zone"": null}",S0,effort,s0_003_maskdino_bbox_seed456_reeval_score_thr_0
394ee4d4-7777-81fc-93e8-d022ab70b00a,2026-07-05T00:11:00.000Z,2026-07-06T16:48:00.000Z,964a15218170b649bf779875867f037d92eff8a6,"{""start"": ""2026-07-03T15:02:00.000+00:00"", ""end"": null, ""time_zone"": null}","test-split, score_thr=0.0, NMS-free (test_cfg.nms.iou_threshold=1.0), max_per_img=300, split=test(4265img)",123,test bbox mAP / AP_50 / AP_75 / AP_rare / AP_common,bbox_mAP=0.4720 / AP50=0.6570 / AP75=0.5250 / AP_rare=0.5685 / AP_common=0.4575,completed,philip (RTX 6000 Ada),False,,,"{""start"": ""2026-07-03T15:02:00.000+00:00"", ""end"": null, ""time_zone"": null}",S0,effort,s0_002_maskdino_bbox_seed123_reeval_score_thr_0
394ee4d4-7777-8129-8653-fded0103fcf5,2026-07-05T00:11:00.000Z,2026-07-06T16:48:00.000Z,964a15218170b649bf779875867f037d92eff8a6,"{""start"": ""2026-07-03T14:58:00.000+00:00"", ""end"": null, ""time_zone"": null}","test-split, score_thr=0.0, NMS-free (test_cfg.nms.iou_threshold=1.0), max_per_img=300, split=test(4265img)",42,test bbox mAP / AP_50 / AP_75 / AP_rare / AP_common,bbox_mAP=0.4520 / AP50=0.6280 / AP75=0.4980 / AP_rare=0.5355 / AP_common=0.4397,completed,philip (RTX 6000 Ada),False,,,"{""start"": ""2026-07-03T14:58:00.000+00:00"", ""end"": null, ""time_zone"": null}",S0,effort,s0_001_maskdino_bbox_seed42_reeval_score_thr_0
393ee4d4-7777-812f-bfb3-eeaa7d4e60a3,2026-07-04T07:28:00.000Z,2026-07-04T07:28:00.000Z,e542421b9cc96766edf57bb688cdf2e900ea332b,"{""start"": ""2026-07-04T07:28:00.000+00:00"", ""end"": null, ""time_zone"": null}","effective_bs=1 (gpu_count=1 x per-gpu bs), lr_scaling=none; test_cfg(score_thr=None, max_per_img=None, nms_pre=None, nms_iou=None); split(train 9657 / val 1515 / test 4265)",456,phase acc/macro-F1/jaccard/edit/seg-F1 (online_causal),"phase acc=0.9135, macro_f1=0.7451, jaccard=0.6928, edit=47.3333, segF1@50=0.4795
工程単独分母（凍結 TeCNO）。Δ_phase の基準点",completed,efros (RTX A6000),False,"DDP 2GPU (RTX A6000 x2) on efros, manual launcher (E plan, CUDA_VISIBLE_DEVICES per rank)",file:///home/ubuntu/slocal/m2/experiments/phase1/s4_phase_baseline_061_frozen_tecno_phase_baseline_seed456,"{""start"": ""2026-07-04T07:27:00.000+00:00"", ""end"": null, ""time_zone"": null}",S4,must,s4_phase_baseline_061_frozen_tecno_phase_baseline_seed456
393ee4d4-7777-817b-a564-c69d25bb37fe,2026-07-04T07:27:00.000Z,2026-07-04T07:27:00.000Z,e542421b9cc96766edf57bb688cdf2e900ea332b,"{""start"": ""2026-07-04T07:27:00.000+00:00"", ""end"": null, ""time_zone"": null}","effective_bs=1 (gpu_count=1 x per-gpu bs), lr_scaling=none; test_cfg(score_thr=None, max_per_img=None, nms_pre=None, nms_iou=None); split(train 9657 / val 1515 / test 4265)",456,phase acc/macro-F1/jaccard/edit/seg-F1 (online_causal),"phase acc=0.8917, macro_f1=0.7230, jaccard=0.6605, edit=43.5000, segF1@50=0.4378
工程単独分母（凍結 TeCNO）。Δ_phase の基準点",completed,efros (RTX A6000),False,"DDP 2GPU (RTX A6000 x2) on efros, manual launcher (E plan, CUDA_VISIBLE_DEVICES per rank)",file:///home/ubuntu/slocal/m2/experiments/phase1/s4_phase_baseline_060_frozen_tecno_phase_baseline_seed456,"{""start"": ""2026-07-04T07:27:00.000+00:00"", ""end"": null, ""time_zone"": null}",S4,must,s4_phase_baseline_060_frozen_tecno_phase_baseline_seed456
393ee4d4-7777-819e-9fa0-ddfc7aaf1496,2026-07-04T07:27:00.000Z,2026-07-04T07:27:00.000Z,e542421b9cc96766edf57bb688cdf2e900ea332b,"{""start"": ""2026-07-04T07:27:00.000+00:00"", ""end"": null, ""time_zone"": null}","effective_bs=1 (gpu_count=1 x per-gpu bs), lr_scaling=none; test_cfg(score_thr=None, max_per_img=None, nms_pre=None, nms_iou=None); split(train 9657 / val 1515 / test 4265)",123,phase acc/macro-F1/jaccard/edit/seg-F1 (online_causal),"phase acc=0.9096, macro_f1=0.7336, jaccard=0.6787, edit=43.0556, segF1@50=0.4829
工程単独分母（凍結 TeCNO）。Δ_phase の基準点",completed,efros (RTX A6000),False,"DDP 2GPU (RTX A6000 x2) on efros, manual launcher (E plan, CUDA_VISIBLE_DEVICES per rank)",file:///home/ubuntu/slocal/m2/experiments/phase1/s4_phase_baseline_059_frozen_tecno_phase_baseline_seed123,"{""start"": ""2026-07-04T07:26:00.000+00:00"", ""end"": null, ""time_zone"": null}",S4,must,s4_phase_baseline_059_frozen_tecno_phase_baseline_seed123
393ee4d4-7777-8191-8a4c-f718faa58665,2026-07-04T07:26:00.000Z,2026-07-04T07:26:00.000Z,e542421b9cc96766edf57bb688cdf2e900ea332b,"{""start"": ""2026-07-04T07:26:00.000+00:00"", ""end"": null, ""time_zone"": null}","effective_bs=1 (gpu_count=1 x per-gpu bs), lr_scaling=none; test_cfg(score_thr=None, max_per_img=None, nms_pre=None, nms_iou=None); split(train 9657 / val 1515 / test 4265)",123,phase acc/macro-F1/jaccard/edit/seg-F1 (online_causal),"phase acc=0.8739, macro_f1=0.6936, jaccard=0.6170, edit=47.0370, segF1@50=0.4708
工程単独分母（凍結 TeCNO）。Δ_phase の基準点",completed,efros (RTX A6000),False,"DDP 2GPU (RTX A6000 x2) on efros, manual launcher (E plan, CUDA_VISIBLE_DEVICES per rank)",file:///home/ubuntu/slocal/m2/experiments/phase1/s4_phase_baseline_058_frozen_tecno_phase_baseline_seed123,"{""start"": ""2026-07-04T07:26:00.000+00:00"", ""end"": null, ""time_zone"": null}",S4,must,s4_phase_baseline_058_frozen_tecno_phase_baseline_seed123
393ee4d4-7777-811f-849d-fa8de7aee5a4,2026-07-04T07:26:00.000Z,2026-07-04T07:26:00.000Z,e542421b9cc96766edf57bb688cdf2e900ea332b,"{""start"": ""2026-07-04T07:26:00.000+00:00"", ""end"": null, ""time_zone"": null}","effective_bs=1 (gpu_count=1 x per-gpu bs), lr_scaling=none; test_cfg(score_thr=None, max_per_img=None, nms_pre=None, nms_iou=None); split(train 9657 / val 1515 / test 4265)",42,phase acc/macro-F1/jaccard/edit/seg-F1 (online_causal),"phase acc=0.9254, macro_f1=0.7717, jaccard=0.7226, edit=49.0000, segF1@50=0.5444
工程単独分母（凍結 TeCNO）。Δ_phase の基準点",completed,efros (RTX A6000),False,"DDP 2GPU (RTX A6000 x2) on efros, manual launcher (E plan, CUDA_VISIBLE_DEVICES per rank)",file:///home/ubuntu/slocal/m2/experiments/phase1/s4_phase_baseline_057_frozen_tecno_phase_baseline_seed42,"{""start"": ""2026-07-04T07:26:00.000+00:00"", ""end"": null, ""time_zone"": null}",S4,must,s4_phase_baseline_057_frozen_tecno_phase_baseline_seed42
393ee4d4-7777-817b-84eb-c46fedd75d17,2026-07-04T07:26:00.000Z,2026-07-04T07:26:00.000Z,e542421b9cc96766edf57bb688cdf2e900ea332b,"{""start"": ""2026-07-04T07:26:00.000+00:00"", ""end"": null, ""time_zone"": null}","effective_bs=1 (gpu_count=1 x per-gpu bs), lr_scaling=none; test_cfg(score_thr=None, max_per_img=None, nms_pre=None, nms_iou=None); split(train 9657 / val 1515 / test 4265)",42,phase acc/macro-F1/jaccard/edit/seg-F1 (online_causal),"phase acc=0.8983, macro_f1=0.6693, jaccard=0.6321, edit=36.0606, segF1@50=0.3869
工程単独分母（凍結 TeCNO）。Δ_phase の基準点",completed,efros (RTX A6000),False,"DDP 2GPU (RTX A6000 x2) on efros, manual launcher (E plan, CUDA_VISIBLE_DEVICES per rank)",file:///home/ubuntu/slocal/m2/experiments/phase1/s4_phase_baseline_056_frozen_tecno_phase_baseline_seed42,"{""start"": ""2026-07-04T07:25:00.000+00:00"", ""end"": null, ""time_zone"": null}",S4,must,s4_phase_baseline_056_frozen_tecno_phase_baseline_seed42
393ee4d4-7777-81aa-8bd0-e753a0963bf1,2026-07-04T07:25:00.000Z,2026-07-04T07:25:00.000Z,e542421b9cc96766edf57bb688cdf2e900ea332b,"{""start"": ""2026-07-04T07:25:00.000+00:00"", ""end"": null, ""time_zone"": null}","effective_bs=1 (gpu_count=1 x per-gpu bs), lr_scaling=none; test_cfg(score_thr=None, max_per_img=None, nms_pre=None, nms_iou=None); split(train 9657 / val 1515 / test 4265)",456,phase acc/macro-F1/jaccard/edit/seg-F1 (online_causal),"phase acc=0.9036, macro_f1=0.7307, jaccard=0.6664, edit=38.6199, segF1@50=0.3931
工程単独分母（凍結 TeCNO）。Δ_phase の基準点",completed,efros (RTX A6000),False,"DDP 2GPU (RTX A6000 x2) on efros, manual launcher (E plan, CUDA_VISIBLE_DEVICES per rank)",file:///home/ubuntu/slocal/m2/experiments/phase1/s4_phase_baseline_055_frozen_tecno_phase_baseline_seed456,"{""start"": ""2026-07-04T07:25:00.000+00:00"", ""end"": null, ""time_zone"": null}",S4,must,s4_phase_baseline_055_frozen_tecno_phase_baseline_seed456
393ee4d4-7777-81c5-a0c6-fef892814fbc,2026-07-04T07:25:00.000Z,2026-07-04T07:25:00.000Z,e542421b9cc96766edf57bb688cdf2e900ea332b,"{""start"": ""2026-07-04T07:25:00.000+00:00"", ""end"": null, ""time_zone"": null}","effective_bs=1 (gpu_count=1 x per-gpu bs), lr_scaling=none; test_cfg(score_thr=None, max_per_img=None, nms_pre=None, nms_iou=None); split(train 9657 / val 1515 / test 4265)",456,phase acc/macro-F1/jaccard/edit/seg-F1 (online_causal),"phase acc=0.8937, macro_f1=0.7087, jaccard=0.6504, edit=43.5000, segF1@50=0.4378
工程単独分母（凍結 TeCNO）。Δ_phase の基準点",completed,efros (RTX A6000),False,"DDP 2GPU (RTX A6000 x2) on efros, manual launcher (E plan, CUDA_VISIBLE_DEVICES per rank)",file:///home/ubuntu/slocal/m2/experiments/phase1/s4_phase_baseline_054_frozen_tecno_phase_baseline_seed456,"{""start"": ""2026-07-04T07:25:00.000+00:00"", ""end"": null, ""time_zone"": null}",S4,must,s4_phase_baseline_054_frozen_tecno_phase_baseline_seed456
393ee4d4-7777-8127-b9ee-c2098f5c1810,2026-07-04T07:24:00.000Z,2026-07-04T07:24:00.000Z,e542421b9cc96766edf57bb688cdf2e900ea332b,"{""start"": ""2026-07-04T07:24:00.000+00:00"", ""end"": null, ""time_zone"": null}","effective_bs=1 (gpu_count=1 x per-gpu bs), lr_scaling=none; test_cfg(score_thr=None, max_per_img=None, nms_pre=None, nms_iou=None); split(train 9657 / val 1515 / test 4265)",123,phase acc/macro-F1/jaccard/edit/seg-F1 (online_causal),"phase acc=0.9010, macro_f1=0.7134, jaccard=0.6460, edit=48.0606, segF1@50=0.4507
工程単独分母（凍結 TeCNO）。Δ_phase の基準点",completed,efros (RTX A6000),False,"DDP 2GPU (RTX A6000 x2) on efros, manual launcher (E plan, CUDA_VISIBLE_DEVICES per rank)",file:///home/ubuntu/slocal/m2/experiments/phase1/s4_phase_baseline_053_frozen_tecno_phase_baseline_seed123,"{""start"": ""2026-07-04T07:24:00.000+00:00"", ""end"": null, ""time_zone"": null}",S4,must,s4_phase_baseline_053_frozen_tecno_phase_baseline_seed123
393ee4d4-7777-81a0-8b7c-c0801e67cb71,2026-07-04T07:24:00.000Z,2026-07-04T07:24:00.000Z,e542421b9cc96766edf57bb688cdf2e900ea332b,"{""start"": ""2026-07-04T07:24:00.000+00:00"", ""end"": null, ""time_zone"": null}","effective_bs=1 (gpu_count=1 x per-gpu bs), lr_scaling=none; test_cfg(score_thr=None, max_per_img=None, nms_pre=None, nms_iou=None); split(train 9657 / val 1515 / test 4265)",123,phase acc/macro-F1/jaccard/edit/seg-F1 (online_causal),"phase acc=0.9043, macro_f1=0.7184, jaccard=0.6648, edit=43.7778, segF1@50=0.4550
工程単独分母（凍結 TeCNO）。Δ_phase の基準点",completed,efros (RTX A6000),False,"DDP 2GPU (RTX A6000 x2) on efros, manual launcher (E plan, CUDA_VISIBLE_DEVICES per rank)",file:///home/ubuntu/slocal/m2/experiments/phase1/s4_phase_baseline_052_frozen_tecno_phase_baseline_seed123,"{""start"": ""2026-07-04T07:24:00.000+00:00"", ""end"": null, ""time_zone"": null}",S4,must,s4_phase_baseline_052_frozen_tecno_phase_baseline_seed123
393ee4d4-7777-81f7-9df6-db22ccdab65b,2026-07-04T07:24:00.000Z,2026-07-04T07:24:00.000Z,e542421b9cc96766edf57bb688cdf2e900ea332b,"{""start"": ""2026-07-04T07:24:00.000+00:00"", ""end"": null, ""time_zone"": null}","effective_bs=1 (gpu_count=1 x per-gpu bs), lr_scaling=none; test_cfg(score_thr=None, max_per_img=None, nms_pre=None, nms_iou=None); split(train 9657 / val 1515 / test 4265)",42,phase acc/macro-F1/jaccard/edit/seg-F1 (online_causal),"phase acc=0.9162, macro_f1=0.7478, jaccard=0.6949, edit=36.4103, segF1@50=0.3485
工程単独分母（凍結 TeCNO）。Δ_phase の基準点",completed,efros (RTX A6000),False,"DDP 2GPU (RTX A6000 x2) on efros, manual launcher (E plan, CUDA_VISIBLE_DEVICES per rank)",file:///home/ubuntu/slocal/m2/experiments/phase1/s4_phase_baseline_051_frozen_tecno_phase_baseline_seed42,"{""start"": ""2026-07-04T07:23:00.000+00:00"", ""end"": null, ""time_zone"": null}",S4,must,s4_phase_baseline_051_frozen_tecno_phase_baseline_seed42
393ee4d4-7777-81a3-a951-c5c0a2962372,2026-07-04T07:23:00.000Z,2026-07-04T07:23:00.000Z,e542421b9cc96766edf57bb688cdf2e900ea332b,"{""start"": ""2026-07-04T07:23:00.000+00:00"", ""end"": null, ""time_zone"": null}","effective_bs=1 (gpu_count=1 x per-gpu bs), lr_scaling=none; test_cfg(score_thr=None, max_per_img=None, nms_pre=None, nms_iou=None); split(train 9657 / val 1515 / test 4265)",42,phase acc/macro-F1/jaccard/edit/seg-F1 (online_causal),"phase acc=0.8944, macro_f1=0.6817, jaccard=0.6362, edit=34.5397, segF1@50=0.2958
工程単独分母（凍結 TeCNO）。Δ_phase の基準点",completed,efros (RTX A6000),False,"DDP 2GPU (RTX A6000 x2) on efros, manual launcher (E plan, CUDA_VISIBLE_DEVICES per rank)",file:///home/ubuntu/slocal/m2/experiments/phase1/s4_phase_baseline_050_frozen_tecno_phase_baseline_seed42,"{""start"": ""2026-07-04T07:23:00.000+00:00"", ""end"": null, ""time_zone"": null}",S4,must,s4_phase_baseline_050_frozen_tecno_phase_baseline_seed42
393ee4d4-7777-8179-8455-ef6f2a3d1eff,2026-07-04T07:23:00.000Z,2026-07-04T07:23:00.000Z,e542421b9cc96766edf57bb688cdf2e900ea332b,"{""start"": ""2026-07-04T07:23:00.000+00:00"", ""end"": null, ""time_zone"": null}","effective_bs=1 (gpu_count=1 x per-gpu bs), lr_scaling=none; test_cfg(score_thr=None, max_per_img=None, nms_pre=None, nms_iou=None); split(train 9657 / val 1515 / test 4265)",456,phase acc/macro-F1/jaccard/edit/seg-F1 (online_causal),"phase acc=0.9155, macro_f1=0.7343, jaccard=0.6856, edit=48.4330, segF1@50=0.4961
工程単独分母（凍結 TeCNO）。Δ_phase の基準点",completed,efros (RTX A6000),False,"DDP 2GPU (RTX A6000 x2) on efros, manual launcher (E plan, CUDA_VISIBLE_DEVICES per rank)",file:///home/ubuntu/slocal/m2/experiments/phase1/s4_phase_baseline_049_frozen_tecno_phase_baseline_seed456,"{""start"": ""2026-07-04T07:23:00.000+00:00"", ""end"": null, ""time_zone"": null}",S4,must,s4_phase_baseline_049_frozen_tecno_phase_baseline_seed456
393ee4d4-7777-815e-b16b-dc593cc671ab,2026-07-04T07:23:00.000Z,2026-07-04T07:23:00.000Z,e542421b9cc96766edf57bb688cdf2e900ea332b,"{""start"": ""2026-07-04T07:23:00.000+00:00"", ""end"": null, ""time_zone"": null}","effective_bs=1 (gpu_count=1 x per-gpu bs), lr_scaling=none; test_cfg(score_thr=None, max_per_img=None, nms_pre=None, nms_iou=None); split(train 9657 / val 1515 / test 4265)",456,phase acc/macro-F1/jaccard/edit/seg-F1 (online_causal),"phase acc=0.8964, macro_f1=0.6945, jaccard=0.6346, edit=40.8889, segF1@50=0.3482
工程単独分母（凍結 TeCNO）。Δ_phase の基準点",completed,efros (RTX A6000),False,"DDP 2GPU (RTX A6000 x2) on efros, manual launcher (E plan, CUDA_VISIBLE_DEVICES per rank)",file:///home/ubuntu/slocal/m2/experiments/phase1/s4_phase_baseline_048_frozen_tecno_phase_baseline_seed456,"{""start"": ""2026-07-04T07:22:00.000+00:00"", ""end"": null, ""time_zone"": null}",S4,must,s4_phase_baseline_048_frozen_tecno_phase_baseline_seed456
393ee4d4-7777-81e0-b722-e0c0a1b70daf,2026-07-04T07:22:00.000Z,2026-07-04T07:22:00.000Z,e542421b9cc96766edf57bb688cdf2e900ea332b,"{""start"": ""2026-07-04T07:22:00.000+00:00"", ""end"": null, ""time_zone"": null}","effective_bs=1 (gpu_count=1 x per-gpu bs), lr_scaling=none; test_cfg(score_thr=None, max_per_img=None, nms_pre=None, nms_iou=None); split(train 9657 / val 1515 / test 4265)",123,phase acc/macro-F1/jaccard/edit/seg-F1 (online_causal),"phase acc=0.9122, macro_f1=0.7324, jaccard=0.6812, edit=40.2393, segF1@50=0.3088
工程単独分母（凍結 TeCNO）。Δ_phase の基準点",completed,efros (RTX A6000),False,"DDP 2GPU (RTX A6000 x2) on efros, manual launcher (E plan, CUDA_VISIBLE_DEVICES per rank)",file:///home/ubuntu/slocal/m2/experiments/phase1/s4_phase_baseline_047_frozen_tecno_phase_baseline_seed123,"{""start"": ""2026-07-04T07:22:00.000+00:00"", ""end"": null, ""time_zone"": null}",S4,must,s4_phase_baseline_047_frozen_tecno_phase_baseline_seed123
393ee4d4-7777-81d6-ba43-e01be7449cd7,2026-07-04T07:22:00.000Z,2026-07-04T07:22:00.000Z,e542421b9cc96766edf57bb688cdf2e900ea332b,"{""start"": ""2026-07-04T07:22:00.000+00:00"", ""end"": null, ""time_zone"": null}","effective_bs=1 (gpu_count=1 x per-gpu bs), lr_scaling=none; test_cfg(score_thr=None, max_per_img=None, nms_pre=None, nms_iou=None); split(train 9657 / val 1515 / test 4265)",123,phase acc/macro-F1/jaccard/edit/seg-F1 (online_causal),"phase acc=0.8917, macro_f1=0.6948, jaccard=0.6242, edit=37.2865, segF1@50=0.3170
工程単独分母（凍結 TeCNO）。Δ_phase の基準点",completed,efros (RTX A6000),False,"DDP 2GPU (RTX A6000 x2) on efros, manual launcher (E plan, CUDA_VISIBLE_DEVICES per rank)",file:///home/ubuntu/slocal/m2/experiments/phase1/s4_phase_baseline_046_frozen_tecno_phase_baseline_seed123,"{""start"": ""2026-07-04T07:21:00.000+00:00"", ""end"": null, ""time_zone"": null}",S4,must,s4_phase_baseline_046_frozen_tecno_phase_baseline_seed123
393ee4d4-7777-8146-bf34-c08c1437e7d0,2026-07-04T07:21:00.000Z,2026-07-04T07:21:00.000Z,e542421b9cc96766edf57bb688cdf2e900ea332b,"{""start"": ""2026-07-04T07:21:00.000+00:00"", ""end"": null, ""time_zone"": null}","effective_bs=1 (gpu_count=1 x per-gpu bs), lr_scaling=none; test_cfg(score_thr=None, max_per_img=None, nms_pre=None, nms_iou=None); split(train 9657 / val 1515 / test 4265)",42,phase acc/macro-F1/jaccard/edit/seg-F1 (online_causal),"phase acc=0.9149, macro_f1=0.7701, jaccard=0.7187, edit=43.8889, segF1@50=0.4394
工程単独分母（凍結 TeCNO）。Δ_phase の基準点",completed,efros (RTX A6000),False,"DDP 2GPU (RTX A6000 x2) on efros, manual launcher (E plan, CUDA_VISIBLE_DEVICES per rank)",file:///home/ubuntu/slocal/m2/experiments/phase1/s4_phase_baseline_045_frozen_tecno_phase_baseline_seed42,"{""start"": ""2026-07-04T07:21:00.000+00:00"", ""end"": null, ""time_zone"": null}",S4,must,s4_phase_baseline_045_frozen_tecno_phase_baseline_seed42
393ee4d4-7777-8181-afd3-c1d7f73c5240,2026-07-04T07:21:00.000Z,2026-07-04T07:21:00.000Z,e542421b9cc96766edf57bb688cdf2e900ea332b,"{""start"": ""2026-07-04T07:21:00.000+00:00"", ""end"": null, ""time_zone"": null}","effective_bs=1 (gpu_count=1 x per-gpu bs), lr_scaling=none; test_cfg(score_thr=None, max_per_img=None, nms_pre=None, nms_iou=None); split(train 9657 / val 1515 / test 4265)",42,phase acc/macro-F1/jaccard/edit/seg-F1 (online_causal),"phase acc=0.9050, macro_f1=0.7038, jaccard=0.6437, edit=42.3232, segF1@50=0.3960
工程単独分母（凍結 TeCNO）。Δ_phase の基準点",completed,efros (RTX A6000),False,"DDP 2GPU (RTX A6000 x2) on efros, manual launcher (E plan, CUDA_VISIBLE_DEVICES per rank)",file:///home/ubuntu/slocal/m2/experiments/phase1/s4_phase_baseline_044_frozen_tecno_phase_baseline_seed42,"{""start"": ""2026-07-04T07:21:00.000+00:00"", ""end"": null, ""time_zone"": null}",S4,must,s4_phase_baseline_044_frozen_tecno_phase_baseline_seed42
393ee4d4-7777-81fb-a46b-ffef9e88d02e,2026-07-04T07:18:00.000Z,2026-07-04T07:18:00.000Z,e542421b9cc96766edf57bb688cdf2e900ea332b,"{""start"": ""2026-07-04T07:18:00.000+00:00"", ""end"": null, ""time_zone"": null}","effective_bs=1 (gpu_count=1 x per-gpu bs), lr_scaling=none; test_cfg(score_thr=None, max_per_img=None, nms_pre=None, nms_iou=None); split(train 9657 / val 1515 / test 4265)",456,phase acc/macro-F1/jaccard/edit/seg-F1 (online_causal),"phase acc=0.9492, macro_f1=0.8023, jaccard=0.7625, edit=46.3743, segF1@50=0.5354
②object-token det→phase。Δ_phase vs S4 base 0.8986（within-server）",completed,efros (RTX A6000),False,"DDP 2GPU (RTX A6000 x2) on efros, manual launcher (E plan, CUDA_VISIBLE_DEVICES per rank)",file:///home/ubuntu/slocal/m2/experiments/transfer/hires_relation_detr_augstrong_hires_seed42_p456_001_hires_relation_detr_augstrong_hires_seed42_p456_seed456,"{""start"": ""2026-07-04T07:18:00.000+00:00"", ""end"": null, ""time_zone"": null}",B,must,hires_relation_detr_augstrong_hires_seed42_p456_001_hires_relation_detr_augstrong_hires_seed42_p456_seed456
393ee4d4-7777-815a-979c-cbe5161b8ffd,2026-07-04T07:18:00.000Z,2026-07-05T00:36:00.000Z,e542421b9cc96766edf57bb688cdf2e900ea332b,"{""start"": ""2026-07-05T00:36:00.000+00:00"", ""end"": null, ""time_zone"": null}","effective_bs=1 (gpu_count=1 x per-gpu bs), lr_scaling=none; test_cfg(score_thr=None, max_per_img=None, nms_pre=None, nms_iou=None); split(train 9657 / val 1515 / test 4265)",456,"phase acc/macro-F1/jaccard/edit/seg-F1 (online_causal, jaccard strict)","phase acc=0.9300, macro_f1=0.7840, jaccard=0.7376, edit=53.5842, segF1@50=0.5794
①信号 det→phase。Δ_phase vs S4 base 0.8986±0.0034",completed,efros (RTX A6000),False,"DDP 2GPU (RTX A6000 x2) on efros, manual launcher (E plan, CUDA_VISIBLE_DEVICES per rank)",file:///home/ubuntu/slocal/m2/experiments/transfer/b2a_det2phase_toolpresence_032_b2a_det2phase_toolpresence_seed456,"{""start"": ""2026-07-04T07:18:00.000+00:00"", ""end"": null, ""time_zone"": null}",B,must,b2a_det2phase_toolpresence_032_b2a_det2phase_toolpresence_seed456
393ee4d4-7777-81b2-98b6-cfcaad0f620f,2026-07-04T07:18:00.000Z,2026-07-04T07:18:00.000Z,e542421b9cc96766edf57bb688cdf2e900ea332b,"{""start"": ""2026-07-04T07:18:00.000+00:00"", ""end"": null, ""time_zone"": null}","effective_bs=1 (gpu_count=1 x per-gpu bs), lr_scaling=none; test_cfg(score_thr=None, max_per_img=None, nms_pre=None, nms_iou=None); split(train 9657 / val 1515 / test 4265)",456,phase acc/macro-F1/jaccard/edit/seg-F1 (online_causal),"phase acc=0.9056, macro_f1=0.7201, jaccard=0.6745, edit=40.5495, segF1@50=0.3501
工程単独分母（凍結 TeCNO）。Δ_phase の基準点",completed,efros (RTX A6000),False,"DDP 2GPU (RTX A6000 x2) on efros, manual launcher (E plan, CUDA_VISIBLE_DEVICES per rank)",file:///home/ubuntu/slocal/m2/experiments/phase1/s4_phase_baseline_043_frozen_tecno_phase_baseline_seed456,"{""start"": ""2026-07-04T07:17:00.000+00:00"", ""end"": null, ""time_zone"": null}",S4,must,s4_phase_baseline_043_frozen_tecno_phase_baseline_seed456
393ee4d4-7777-81e5-8c85-dee1ce6b0f0c,2026-07-04T07:17:00.000Z,2026-07-04T07:17:00.000Z,e542421b9cc96766edf57bb688cdf2e900ea332b,"{""start"": ""2026-07-04T07:17:00.000+00:00"", ""end"": null, ""time_zone"": null}","effective_bs=1 (gpu_count=1 x per-gpu bs), lr_scaling=none; test_cfg(score_thr=None, max_per_img=None, nms_pre=None, nms_iou=None); split(train 9657 / val 1515 / test 4265)",123,phase acc/macro-F1/jaccard/edit/seg-F1 (online_causal),"phase acc=0.9459, macro_f1=0.7952, jaccard=0.7520, edit=41.6021, segF1@50=0.4765
②object-token det→phase。Δ_phase vs S4 base 0.8986（within-server）",completed,efros (RTX A6000),False,"DDP 2GPU (RTX A6000 x2) on efros, manual launcher (E plan, CUDA_VISIBLE_DEVICES per rank)",file:///home/ubuntu/slocal/m2/experiments/transfer/hires_relation_detr_augstrong_hires_seed42_p123_001_hires_relation_detr_augstrong_hires_seed42_p123_seed123,"{""start"": ""2026-07-04T07:17:00.000+00:00"", ""end"": null, ""time_zone"": null}",B,must,hires_relation_detr_augstrong_hires_seed42_p123_001_hires_relation_detr_augstrong_hires_seed42_p123_seed123
393ee4d4-7777-81f6-87a7-e885472657cd,2026-07-04T07:17:00.000Z,2026-07-05T00:37:00.000Z,e542421b9cc96766edf57bb688cdf2e900ea332b,"{""start"": ""2026-07-05T00:37:00.000+00:00"", ""end"": null, ""time_zone"": null}","effective_bs=1 (gpu_count=1 x per-gpu bs), lr_scaling=none; test_cfg(score_thr=None, max_per_img=None, nms_pre=None, nms_iou=None); split(train 9657 / val 1515 / test 4265)",123,"phase acc/macro-F1/jaccard/edit/seg-F1 (online_causal, jaccard strict)","phase acc=0.9300, macro_f1=0.7718, jaccard=0.7236, edit=41.4815, segF1@50=0.4450
①信号 det→phase。Δ_phase vs S4 base 0.8986±0.0034",completed,efros (RTX A6000),False,"DDP 2GPU (RTX A6000 x2) on efros, manual launcher (E plan, CUDA_VISIBLE_DEVICES per rank)",file:///home/ubuntu/slocal/m2/experiments/transfer/b2a_det2phase_toolpresence_031_b2a_det2phase_toolpresence_seed123,"{""start"": ""2026-07-04T07:17:00.000+00:00"", ""end"": null, ""time_zone"": null}",B,must,b2a_det2phase_toolpresence_031_b2a_det2phase_toolpresence_seed123
393ee4d4-7777-81f7-a97c-c166624cdb90,2026-07-04T07:16:00.000Z,2026-07-04T07:16:00.000Z,e542421b9cc96766edf57bb688cdf2e900ea332b,"{""start"": ""2026-07-04T07:16:00.000+00:00"", ""end"": null, ""time_zone"": null}","effective_bs=1 (gpu_count=1 x per-gpu bs), lr_scaling=none; test_cfg(score_thr=None, max_per_img=None, nms_pre=None, nms_iou=None); split(train 9657 / val 1515 / test 4265)",123,phase acc/macro-F1/jaccard/edit/seg-F1 (online_causal),"phase acc=0.9096, macro_f1=0.7265, jaccard=0.6780, edit=38.6040, segF1@50=0.3311
工程単独分母（凍結 TeCNO）。Δ_phase の基準点",completed,efros (RTX A6000),False,"DDP 2GPU (RTX A6000 x2) on efros, manual launcher (E plan, CUDA_VISIBLE_DEVICES per rank)",file:///home/ubuntu/slocal/m2/experiments/phase1/s4_phase_baseline_042_frozen_tecno_phase_baseline_seed123,"{""start"": ""2026-07-04T07:16:00.000+00:00"", ""end"": null, ""time_zone"": null}",S4,must,s4_phase_baseline_042_frozen_tecno_phase_baseline_seed123
393ee4d4-7777-81a8-9f6c-d4edcce1333c,2026-07-04T07:16:00.000Z,2026-07-04T07:16:00.000Z,e542421b9cc96766edf57bb688cdf2e900ea332b,"{""start"": ""2026-07-04T07:16:00.000+00:00"", ""end"": null, ""time_zone"": null}","effective_bs=1 (gpu_count=1 x per-gpu bs), lr_scaling=none; test_cfg(score_thr=None, max_per_img=None, nms_pre=None, nms_iou=None); split(train 9657 / val 1515 / test 4265)",42,phase acc/macro-F1/jaccard/edit/seg-F1 (online_causal),"phase acc=0.9479, macro_f1=0.8036, jaccard=0.7636, edit=45.2778, segF1@50=0.5187
②object-token det→phase。Δ_phase vs S4 base 0.8986（within-server）",completed,efros (RTX A6000),False,"DDP 2GPU (RTX A6000 x2) on efros, manual launcher (E plan, CUDA_VISIBLE_DEVICES per rank)",file:///home/ubuntu/slocal/m2/experiments/transfer/hires_relation_detr_augstrong_hires_seed42_p42_001_hires_relation_detr_augstrong_hires_seed42_p42_seed42,"{""start"": ""2026-07-04T07:16:00.000+00:00"", ""end"": null, ""time_zone"": null}",B,must,hires_relation_detr_augstrong_hires_seed42_p42_001_hires_relation_detr_augstrong_hires_seed42_p42_seed42
393ee4d4-7777-8182-b326-f7cd1e3de547,2026-07-04T07:16:00.000Z,2026-07-05T00:37:00.000Z,e542421b9cc96766edf57bb688cdf2e900ea332b,"{""start"": ""2026-07-05T00:37:00.000+00:00"", ""end"": null, ""time_zone"": null}","effective_bs=1 (gpu_count=1 x per-gpu bs), lr_scaling=none; test_cfg(score_thr=None, max_per_img=None, nms_pre=None, nms_iou=None); split(train 9657 / val 1515 / test 4265)",42,"phase acc/macro-F1/jaccard/edit/seg-F1 (online_causal, jaccard strict)","phase acc=0.9333, macro_f1=0.7820, jaccard=0.7361, edit=38.1030, segF1@50=0.4336
①信号 det→phase。Δ_phase vs S4 base 0.8986±0.0034",completed,efros (RTX A6000),False,"DDP 2GPU (RTX A6000 x2) on efros, manual launcher (E plan, CUDA_VISIBLE_DEVICES per rank)",file:///home/ubuntu/slocal/m2/experiments/transfer/b2a_det2phase_toolpresence_030_b2a_det2phase_toolpresence_seed42,"{""start"": ""2026-07-04T07:15:00.000+00:00"", ""end"": null, ""time_zone"": null}",B,must,b2a_det2phase_toolpresence_030_b2a_det2phase_toolpresence_seed42
393ee4d4-7777-8138-be9a-f7a32133d5fa,2026-07-04T07:15:00.000Z,2026-07-04T07:15:00.000Z,e542421b9cc96766edf57bb688cdf2e900ea332b,"{""start"": ""2026-07-04T07:15:00.000+00:00"", ""end"": null, ""time_zone"": null}","effective_bs=1 (gpu_count=1 x per-gpu bs), lr_scaling=none; test_cfg(score_thr=None, max_per_img=None, nms_pre=None, nms_iou=None); split(train 9657 / val 1515 / test 4265)",42,phase acc/macro-F1/jaccard/edit/seg-F1 (online_causal),"phase acc=0.9076, macro_f1=0.7067, jaccard=0.6662, edit=45.6667, segF1@50=0.4616
工程単独分母（凍結 TeCNO）。Δ_phase の基準点",completed,efros (RTX A6000),False,"DDP 2GPU (RTX A6000 x2) on efros, manual launcher (E plan, CUDA_VISIBLE_DEVICES per rank)",file:///home/ubuntu/slocal/m2/experiments/phase1/s4_phase_baseline_041_frozen_tecno_phase_baseline_seed42,"{""start"": ""2026-07-04T07:15:00.000+00:00"", ""end"": null, ""time_zone"": null}",S4,must,s4_phase_baseline_041_frozen_tecno_phase_baseline_seed42
393ee4d4-7777-8138-9e72-d6273c617a9b,2026-07-04T07:15:00.000Z,2026-07-04T07:15:00.000Z,e542421b9cc96766edf57bb688cdf2e900ea332b,"{""start"": ""2026-07-04T07:15:00.000+00:00"", ""end"": null, ""time_zone"": null}","effective_bs=1 (gpu_count=1 x per-gpu bs), lr_scaling=none; test_cfg(score_thr=None, max_per_img=None, nms_pre=None, nms_iou=None); split(train 9657 / val 1515 / test 4265)",456,phase acc/macro-F1/jaccard/edit/seg-F1 (online_causal),"phase acc=0.9518, macro_f1=0.8157, jaccard=0.7820, edit=44.1520, segF1@50=0.4594
②object-token det→phase。Δ_phase vs S4 base 0.8986（within-server）",completed,efros (RTX A6000),False,"DDP 2GPU (RTX A6000 x2) on efros, manual launcher (E plan, CUDA_VISIBLE_DEVICES per rank)",file:///home/ubuntu/slocal/m2/experiments/transfer/hires_relation_detr_augstrong_seed42_p456_001_hires_relation_detr_augstrong_seed42_p456_seed456,"{""start"": ""2026-07-04T07:15:00.000+00:00"", ""end"": null, ""time_zone"": null}",B,must,hires_relation_detr_augstrong_seed42_p456_001_hires_relation_detr_augstrong_seed42_p456_seed456
393ee4d4-7777-8160-ae87-fa5d14245130,2026-07-04T07:15:00.000Z,2026-07-05T00:36:00.000Z,e542421b9cc96766edf57bb688cdf2e900ea332b,"{""start"": ""2026-07-05T00:36:00.000+00:00"", ""end"": null, ""time_zone"": null}","effective_bs=1 (gpu_count=1 x per-gpu bs), lr_scaling=none; test_cfg(score_thr=None, max_per_img=None, nms_pre=None, nms_iou=None); split(train 9657 / val 1515 / test 4265)",456,"phase acc/macro-F1/jaccard/edit/seg-F1 (online_causal, jaccard strict)","phase acc=0.9373, macro_f1=0.8002, jaccard=0.7582, edit=53.0303, segF1@50=0.5541
①信号 det→phase。Δ_phase vs S4 base 0.8986±0.0034",completed,efros (RTX A6000),False,"DDP 2GPU (RTX A6000 x2) on efros, manual launcher (E plan, CUDA_VISIBLE_DEVICES per rank)",file:///home/ubuntu/slocal/m2/experiments/transfer/b2a_det2phase_toolpresence_029_b2a_det2phase_toolpresence_seed456,"{""start"": ""2026-07-04T07:14:00.000+00:00"", ""end"": null, ""time_zone"": null}",B,must,b2a_det2phase_toolpresence_029_b2a_det2phase_toolpresence_seed456
393ee4d4-7777-810c-a311-e6c950792d26,2026-07-04T07:14:00.000Z,2026-07-04T07:14:00.000Z,e542421b9cc96766edf57bb688cdf2e900ea332b,"{""start"": ""2026-07-04T07:14:00.000+00:00"", ""end"": null, ""time_zone"": null}","effective_bs=1 (gpu_count=1 x per-gpu bs), lr_scaling=none; test_cfg(score_thr=None, max_per_img=None, nms_pre=None, nms_iou=None); split(train 9657 / val 1515 / test 4265)",456,phase acc/macro-F1/jaccard/edit/seg-F1 (online_causal),"phase acc=0.9116, macro_f1=0.7449, jaccard=0.6865, edit=42.7132, segF1@50=0.4526
工程単独分母（凍結 TeCNO）。Δ_phase の基準点",completed,efros (RTX A6000),False,"DDP 2GPU (RTX A6000 x2) on efros, manual launcher (E plan, CUDA_VISIBLE_DEVICES per rank)",file:///home/ubuntu/slocal/m2/experiments/phase1/s4_phase_baseline_040_frozen_tecno_phase_baseline_seed456,"{""start"": ""2026-07-04T07:14:00.000+00:00"", ""end"": null, ""time_zone"": null}",S4,must,s4_phase_baseline_040_frozen_tecno_phase_baseline_seed456
393ee4d4-7777-8111-af17-c8830a05b260,2026-07-04T07:14:00.000Z,2026-07-04T07:14:00.000Z,e542421b9cc96766edf57bb688cdf2e900ea332b,"{""start"": ""2026-07-04T07:14:00.000+00:00"", ""end"": null, ""time_zone"": null}","effective_bs=1 (gpu_count=1 x per-gpu bs), lr_scaling=none; test_cfg(score_thr=None, max_per_img=None, nms_pre=None, nms_iou=None); split(train 9657 / val 1515 / test 4265)",123,phase acc/macro-F1/jaccard/edit/seg-F1 (online_causal),"phase acc=0.9512, macro_f1=0.8134, jaccard=0.7782, edit=45.8120, segF1@50=0.5217
②object-token det→phase。Δ_phase vs S4 base 0.8986（within-server）",completed,efros (RTX A6000),False,"DDP 2GPU (RTX A6000 x2) on efros, manual launcher (E plan, CUDA_VISIBLE_DEVICES per rank)",file:///home/ubuntu/slocal/m2/experiments/transfer/hires_relation_detr_augstrong_seed42_p123_001_hires_relation_detr_augstrong_seed42_p123_seed123,"{""start"": ""2026-07-04T07:13:00.000+00:00"", ""end"": null, ""time_zone"": null}",B,must,hires_relation_detr_augstrong_seed42_p123_001_hires_relation_detr_augstrong_seed42_p123_seed123
393ee4d4-7777-8124-8a29-e2cc82be13be,2026-07-04T07:13:00.000Z,2026-07-05T00:36:00.000Z,e542421b9cc96766edf57bb688cdf2e900ea332b,"{""start"": ""2026-07-05T00:36:00.000+00:00"", ""end"": null, ""time_zone"": null}","effective_bs=1 (gpu_count=1 x per-gpu bs), lr_scaling=none; test_cfg(score_thr=None, max_per_img=None, nms_pre=None, nms_iou=None); split(train 9657 / val 1515 / test 4265)",123,"phase acc/macro-F1/jaccard/edit/seg-F1 (online_causal, jaccard strict)","phase acc=0.9380, macro_f1=0.7946, jaccard=0.7509, edit=46.0317, segF1@50=0.4472
①信号 det→phase。Δ_phase vs S4 base 0.8986±0.0034",completed,efros (RTX A6000),False,"DDP 2GPU (RTX A6000 x2) on efros, manual launcher (E plan, CUDA_VISIBLE_DEVICES per rank)",file:///home/ubuntu/slocal/m2/experiments/transfer/b2a_det2phase_toolpresence_028_b2a_det2phase_toolpresence_seed123,"{""start"": ""2026-07-04T07:13:00.000+00:00"", ""end"": null, ""time_zone"": null}",B,must,b2a_det2phase_toolpresence_028_b2a_det2phase_toolpresence_seed123
393ee4d4-7777-8113-899e-e2a502a1f3b1,2026-07-04T07:13:00.000Z,2026-07-04T07:13:00.000Z,e542421b9cc96766edf57bb688cdf2e900ea332b,"{""start"": ""2026-07-04T07:13:00.000+00:00"", ""end"": null, ""time_zone"": null}","effective_bs=1 (gpu_count=1 x per-gpu bs), lr_scaling=none; test_cfg(score_thr=None, max_per_img=None, nms_pre=None, nms_iou=None); split(train 9657 / val 1515 / test 4265)",123,phase acc/macro-F1/jaccard/edit/seg-F1 (online_causal),"phase acc=0.9155, macro_f1=0.7455, jaccard=0.6963, edit=49.4074, segF1@50=0.4870
工程単独分母（凍結 TeCNO）。Δ_phase の基準点",completed,efros (RTX A6000),False,"DDP 2GPU (RTX A6000 x2) on efros, manual launcher (E plan, CUDA_VISIBLE_DEVICES per rank)",file:///home/ubuntu/slocal/m2/experiments/phase1/s4_phase_baseline_039_frozen_tecno_phase_baseline_seed123,"{""start"": ""2026-07-04T07:13:00.000+00:00"", ""end"": null, ""time_zone"": null}",S4,must,s4_phase_baseline_039_frozen_tecno_phase_baseline_seed123
393ee4d4-7777-81bd-b98e-d9f120034e58,2026-07-04T07:13:00.000Z,2026-07-04T07:13:00.000Z,e542421b9cc96766edf57bb688cdf2e900ea332b,"{""start"": ""2026-07-04T07:13:00.000+00:00"", ""end"": null, ""time_zone"": null}","effective_bs=1 (gpu_count=1 x per-gpu bs), lr_scaling=none; test_cfg(score_thr=None, max_per_img=None, nms_pre=None, nms_iou=None); split(train 9657 / val 1515 / test 4265)",42,phase acc/macro-F1/jaccard/edit/seg-F1 (online_causal),"phase acc=0.9531, macro_f1=0.8175, jaccard=0.7846, edit=44.1520, segF1@50=0.4594
②object-token det→phase。Δ_phase vs S4 base 0.8986（within-server）",completed,efros (RTX A6000),False,"DDP 2GPU (RTX A6000 x2) on efros, manual launcher (E plan, CUDA_VISIBLE_DEVICES per rank)",file:///home/ubuntu/slocal/m2/experiments/transfer/hires_relation_detr_augstrong_seed42_p42_001_hires_relation_detr_augstrong_seed42_p42_seed42,"{""start"": ""2026-07-04T07:12:00.000+00:00"", ""end"": null, ""time_zone"": null}",B,must,hires_relation_detr_augstrong_seed42_p42_001_hires_relation_detr_augstrong_seed42_p42_seed42
393ee4d4-7777-8126-af43-daeedffc54e7,2026-07-04T07:12:00.000Z,2026-07-05T00:36:00.000Z,e542421b9cc96766edf57bb688cdf2e900ea332b,"{""start"": ""2026-07-05T00:36:00.000+00:00"", ""end"": null, ""time_zone"": null}","effective_bs=1 (gpu_count=1 x per-gpu bs), lr_scaling=none; test_cfg(score_thr=None, max_per_img=None, nms_pre=None, nms_iou=None); split(train 9657 / val 1515 / test 4265)",42,"phase acc/macro-F1/jaccard/edit/seg-F1 (online_causal, jaccard strict)","phase acc=0.9373, macro_f1=0.7978, jaccard=0.7554, edit=41.6021, segF1@50=0.4863
①信号 det→phase。Δ_phase vs S4 base 0.8986±0.0034",completed,efros (RTX A6000),False,"DDP 2GPU (RTX A6000 x2) on efros, manual launcher (E plan, CUDA_VISIBLE_DEVICES per rank)",file:///home/ubuntu/slocal/m2/experiments/transfer/b2a_det2phase_toolpresence_027_b2a_det2phase_toolpresence_seed42,"{""start"": ""2026-07-04T07:12:00.000+00:00"", ""end"": null, ""time_zone"": null}",B,must,b2a_det2phase_toolpresence_027_b2a_det2phase_toolpresence_seed42
393ee4d4-7777-81c0-8cad-ca2f25dc7f49,2026-07-04T07:12:00.000Z,2026-07-04T07:12:00.000Z,e542421b9cc96766edf57bb688cdf2e900ea332b,"{""start"": ""2026-07-04T07:12:00.000+00:00"", ""end"": null, ""time_zone"": null}","effective_bs=1 (gpu_count=1 x per-gpu bs), lr_scaling=none; test_cfg(score_thr=None, max_per_img=None, nms_pre=None, nms_iou=None); split(train 9657 / val 1515 / test 4265)",42,phase acc/macro-F1/jaccard/edit/seg-F1 (online_causal),"phase acc=0.9129, macro_f1=0.7469, jaccard=0.6980, edit=44.4444, segF1@50=0.4250
工程単独分母（凍結 TeCNO）。Δ_phase の基準点",completed,efros (RTX A6000),False,"DDP 2GPU (RTX A6000 x2) on efros, manual launcher (E plan, CUDA_VISIBLE_DEVICES per rank)",file:///home/ubuntu/slocal/m2/experiments/phase1/s4_phase_baseline_038_frozen_tecno_phase_baseline_seed42,"{""start"": ""2026-07-04T07:12:00.000+00:00"", ""end"": null, ""time_zone"": null}",S4,must,s4_phase_baseline_038_frozen_tecno_phase_baseline_seed42
393ee4d4-7777-81ea-82e3-c73449d194a4,2026-07-04T07:12:00.000Z,2026-07-04T07:12:00.000Z,e542421b9cc96766edf57bb688cdf2e900ea332b,"{""start"": ""2026-07-04T07:12:00.000+00:00"", ""end"": null, ""time_zone"": null}","effective_bs=1 (gpu_count=1 x per-gpu bs), lr_scaling=none; test_cfg(score_thr=None, max_per_img=None, nms_pre=None, nms_iou=None); split(train 9657 / val 1515 / test 4265)",456,phase acc/macro-F1/jaccard/edit/seg-F1 (online_causal),"phase acc=0.9472, macro_f1=0.8050, jaccard=0.7641, edit=34.3993, segF1@50=0.4185
②object-token det→phase。Δ_phase vs S4 base 0.8986（within-server）",completed,efros (RTX A6000),False,"DDP 2GPU (RTX A6000 x2) on efros, manual launcher (E plan, CUDA_VISIBLE_DEVICES per rank)",file:///home/ubuntu/slocal/m2/experiments/transfer/hires_relation_detr_seed42_p456_001_hires_relation_detr_seed42_p456_seed456,"{""start"": ""2026-07-04T07:11:00.000+00:00"", ""end"": null, ""time_zone"": null}",B,must,hires_relation_detr_seed42_p456_001_hires_relation_detr_seed42_p456_seed456
393ee4d4-7777-81e3-b77d-d61a933c339e,2026-07-04T07:11:00.000Z,2026-07-05T00:36:00.000Z,e542421b9cc96766edf57bb688cdf2e900ea332b,"{""start"": ""2026-07-05T00:36:00.000+00:00"", ""end"": null, ""time_zone"": null}","effective_bs=1 (gpu_count=1 x per-gpu bs), lr_scaling=none; test_cfg(score_thr=None, max_per_img=None, nms_pre=None, nms_iou=None); split(train 9657 / val 1515 / test 4265)",456,"phase acc/macro-F1/jaccard/edit/seg-F1 (online_causal, jaccard strict)","phase acc=0.9393, macro_f1=0.7969, jaccard=0.7528, edit=43.7037, segF1@50=0.4752
①信号 det→phase。Δ_phase vs S4 base 0.8986±0.0034",completed,efros (RTX A6000),False,"DDP 2GPU (RTX A6000 x2) on efros, manual launcher (E plan, CUDA_VISIBLE_DEVICES per rank)",file:///home/ubuntu/slocal/m2/experiments/transfer/b2a_det2phase_toolpresence_026_b2a_det2phase_toolpresence_seed456,"{""start"": ""2026-07-04T07:11:00.000+00:00"", ""end"": null, ""time_zone"": null}",B,must,b2a_det2phase_toolpresence_026_b2a_det2phase_toolpresence_seed456
393ee4d4-7777-819c-9ef2-e3fe8451aa82,2026-07-04T07:11:00.000Z,2026-07-04T07:11:00.000Z,e542421b9cc96766edf57bb688cdf2e900ea332b,"{""start"": ""2026-07-04T07:11:00.000+00:00"", ""end"": null, ""time_zone"": null}","effective_bs=1 (gpu_count=1 x per-gpu bs), lr_scaling=none; test_cfg(score_thr=None, max_per_img=None, nms_pre=None, nms_iou=None); split(train 9657 / val 1515 / test 4265)",456,phase acc/macro-F1/jaccard/edit/seg-F1 (online_causal),"phase acc=0.8924, macro_f1=0.6930, jaccard=0.6261, edit=44.5344, segF1@50=0.4136
工程単独分母（凍結 TeCNO）。Δ_phase の基準点",completed,efros (RTX A6000),False,"DDP 2GPU (RTX A6000 x2) on efros, manual launcher (E plan, CUDA_VISIBLE_DEVICES per rank)",file:///home/ubuntu/slocal/m2/experiments/phase1/s4_phase_baseline_037_frozen_tecno_phase_baseline_seed456,"{""start"": ""2026-07-04T07:11:00.000+00:00"", ""end"": null, ""time_zone"": null}",S4,must,s4_phase_baseline_037_frozen_tecno_phase_baseline_seed456
393ee4d4-7777-811e-8147-f33eeefb5c3c,2026-07-04T07:10:00.000Z,2026-07-04T07:10:00.000Z,e542421b9cc96766edf57bb688cdf2e900ea332b,"{""start"": ""2026-07-04T07:10:00.000+00:00"", ""end"": null, ""time_zone"": null}","effective_bs=1 (gpu_count=1 x per-gpu bs), lr_scaling=none; test_cfg(score_thr=None, max_per_img=None, nms_pre=None, nms_iou=None); split(train 9657 / val 1515 / test 4265)",123,phase acc/macro-F1/jaccard/edit/seg-F1 (online_causal),"phase acc=0.9479, macro_f1=0.8066, jaccard=0.7671, edit=34.8584, segF1@50=0.4212
②object-token det→phase。Δ_phase vs S4 base 0.8986（within-server）",completed,efros (RTX A6000),False,"DDP 2GPU (RTX A6000 x2) on efros, manual launcher (E plan, CUDA_VISIBLE_DEVICES per rank)",file:///home/ubuntu/slocal/m2/experiments/transfer/hires_relation_detr_seed42_p123_001_hires_relation_detr_seed42_p123_seed123,"{""start"": ""2026-07-04T07:10:00.000+00:00"", ""end"": null, ""time_zone"": null}",B,must,hires_relation_detr_seed42_p123_001_hires_relation_detr_seed42_p123_seed123
393ee4d4-7777-812f-9084-ca022d58626d,2026-07-04T07:10:00.000Z,2026-07-05T00:36:00.000Z,e542421b9cc96766edf57bb688cdf2e900ea332b,"{""start"": ""2026-07-05T00:36:00.000+00:00"", ""end"": null, ""time_zone"": null}","effective_bs=1 (gpu_count=1 x per-gpu bs), lr_scaling=none; test_cfg(score_thr=None, max_per_img=None, nms_pre=None, nms_iou=None); split(train 9657 / val 1515 / test 4265)",123,"phase acc/macro-F1/jaccard/edit/seg-F1 (online_causal, jaccard strict)","phase acc=0.9360, macro_f1=0.7853, jaccard=0.7379, edit=41.4337, segF1@50=0.4190
①信号 det→phase。Δ_phase vs S4 base 0.8986±0.0034",completed,efros (RTX A6000),False,"DDP 2GPU (RTX A6000 x2) on efros, manual launcher (E plan, CUDA_VISIBLE_DEVICES per rank)",file:///home/ubuntu/slocal/m2/experiments/transfer/b2a_det2phase_toolpresence_025_b2a_det2phase_toolpresence_seed123,"{""start"": ""2026-07-04T07:10:00.000+00:00"", ""end"": null, ""time_zone"": null}",B,must,b2a_det2phase_toolpresence_025_b2a_det2phase_toolpresence_seed123
393ee4d4-7777-81ee-9329-d44dd3194958,2026-07-04T07:10:00.000Z,2026-07-04T07:10:00.000Z,e542421b9cc96766edf57bb688cdf2e900ea332b,"{""start"": ""2026-07-04T07:10:00.000+00:00"", ""end"": null, ""time_zone"": null}","effective_bs=1 (gpu_count=1 x per-gpu bs), lr_scaling=none; test_cfg(score_thr=None, max_per_img=None, nms_pre=None, nms_iou=None); split(train 9657 / val 1515 / test 4265)",123,phase acc/macro-F1/jaccard/edit/seg-F1 (online_causal),"phase acc=0.8891, macro_f1=0.6645, jaccard=0.6002, edit=38.5185, segF1@50=0.3455
工程単独分母（凍結 TeCNO）。Δ_phase の基準点",completed,efros (RTX A6000),False,"DDP 2GPU (RTX A6000 x2) on efros, manual launcher (E plan, CUDA_VISIBLE_DEVICES per rank)",file:///home/ubuntu/slocal/m2/experiments/phase1/s4_phase_baseline_036_frozen_tecno_phase_baseline_seed123,"{""start"": ""2026-07-04T07:09:00.000+00:00"", ""end"": null, ""time_zone"": null}",S4,must,s4_phase_baseline_036_frozen_tecno_phase_baseline_seed123
393ee4d4-7777-813f-9d68-fd12e8f03dec,2026-07-04T07:09:00.000Z,2026-07-04T07:09:00.000Z,e542421b9cc96766edf57bb688cdf2e900ea332b,"{""start"": ""2026-07-04T07:09:00.000+00:00"", ""end"": null, ""time_zone"": null}","effective_bs=1 (gpu_count=1 x per-gpu bs), lr_scaling=none; test_cfg(score_thr=None, max_per_img=None, nms_pre=None, nms_iou=None); split(train 9657 / val 1515 / test 4265)",42,phase acc/macro-F1/jaccard/edit/seg-F1 (online_causal),"phase acc=0.9485, macro_f1=0.8088, jaccard=0.7704, edit=30.6935, segF1@50=0.3805
②object-token det→phase。Δ_phase vs S4 base 0.8986（within-server）",completed,efros (RTX A6000),False,"DDP 2GPU (RTX A6000 x2) on efros, manual launcher (E plan, CUDA_VISIBLE_DEVICES per rank)",file:///home/ubuntu/slocal/m2/experiments/transfer/hires_relation_detr_seed42_p42_001_hires_relation_detr_seed42_p42_seed42,"{""start"": ""2026-07-04T07:09:00.000+00:00"", ""end"": null, ""time_zone"": null}",B,must,hires_relation_detr_seed42_p42_001_hires_relation_detr_seed42_p42_seed42
393ee4d4-7777-8125-bdb2-e3575a19117c,2026-07-04T07:09:00.000Z,2026-07-05T00:36:00.000Z,e542421b9cc96766edf57bb688cdf2e900ea332b,"{""start"": ""2026-07-05T00:36:00.000+00:00"", ""end"": null, ""time_zone"": null}","effective_bs=1 (gpu_count=1 x per-gpu bs), lr_scaling=none; test_cfg(score_thr=None, max_per_img=None, nms_pre=None, nms_iou=None); split(train 9657 / val 1515 / test 4265)",42,"phase acc/macro-F1/jaccard/edit/seg-F1 (online_causal, jaccard strict)","phase acc=0.9380, macro_f1=0.7902, jaccard=0.7432, edit=37.1795, segF1@50=0.4027
①信号 det→phase。Δ_phase vs S4 base 0.8986±0.0034",completed,efros (RTX A6000),False,"DDP 2GPU (RTX A6000 x2) on efros, manual launcher (E plan, CUDA_VISIBLE_DEVICES per rank)",file:///home/ubuntu/slocal/m2/experiments/transfer/b2a_det2phase_toolpresence_024_b2a_det2phase_toolpresence_seed42,"{""start"": ""2026-07-04T07:09:00.000+00:00"", ""end"": null, ""time_zone"": null}",B,must,b2a_det2phase_toolpresence_024_b2a_det2phase_toolpresence_seed42
393ee4d4-7777-8130-8039-ff57fbd164b2,2026-07-04T07:09:00.000Z,2026-07-04T07:09:00.000Z,e542421b9cc96766edf57bb688cdf2e900ea332b,"{""start"": ""2026-07-04T07:09:00.000+00:00"", ""end"": null, ""time_zone"": null}","effective_bs=1 (gpu_count=1 x per-gpu bs), lr_scaling=none; test_cfg(score_thr=None, max_per_img=None, nms_pre=None, nms_iou=None); split(train 9657 / val 1515 / test 4265)",42,phase acc/macro-F1/jaccard/edit/seg-F1 (online_causal),"phase acc=0.9043, macro_f1=0.6723, jaccard=0.6373, edit=39.5000, segF1@50=0.3889
工程単独分母（凍結 TeCNO）。Δ_phase の基準点",completed,efros (RTX A6000),False,"DDP 2GPU (RTX A6000 x2) on efros, manual launcher (E plan, CUDA_VISIBLE_DEVICES per rank)",file:///home/ubuntu/slocal/m2/experiments/phase1/s4_phase_baseline_035_frozen_tecno_phase_baseline_seed42,"{""start"": ""2026-07-04T07:08:00.000+00:00"", ""end"": null, ""time_zone"": null}",S4,must,s4_phase_baseline_035_frozen_tecno_phase_baseline_seed42
392ee4d4-7777-8174-9450-e14a3234b0b4,2026-07-03T18:33:00.000Z,2026-07-03T18:33:00.000Z,bd0609749afdfa2a356ef625a73628cddf38d4a9,"{""start"": ""2026-07-03T18:33:00.000+00:00"", ""end"": null, ""time_zone"": null}","effective_bs=1 (gpu_count=1 x per-gpu bs), lr_scaling=none; test_cfg(score_thr=None, max_per_img=None, nms_pre=None, nms_iou=None); split(train 9657 / val 1515 / test 4265)",456,phase acc/macro-F1/jaccard/edit/seg-F1 (online_causal),"phase acc=0.9479, macro_f1=0.8065, jaccard=0.7669, edit=40.3252, segF1@50=0.4877
②object-token det→phase。Δ_phase vs S4 base 0.8986（within-server）",completed,efros (RTX A6000),False,"DDP 2GPU (RTX A6000 x2) on efros, manual launcher (E plan, CUDA_VISIBLE_DEVICES per rank)",file:///home/ubuntu/slocal/m2/experiments/transfer/t1a_3seed_det456_p456_aug_001_t1a_3seed_det456_p456_aug_seed456,"{""start"": ""2026-07-03T18:32:00.000+00:00"", ""end"": null, ""time_zone"": null}",B,must,t1a_3seed_det456_p456_aug_001_t1a_3seed_det456_p456_aug_seed456
392ee4d4-7777-815e-860e-f3ec844a93c0,2026-07-03T18:32:00.000Z,2026-07-03T18:32:00.000Z,bd0609749afdfa2a356ef625a73628cddf38d4a9,"{""start"": ""2026-07-03T18:32:00.000+00:00"", ""end"": null, ""time_zone"": null}","effective_bs=1 (gpu_count=1 x per-gpu bs), lr_scaling=none; test_cfg(score_thr=None, max_per_img=None, nms_pre=None, nms_iou=None); split(train 9657 / val 1515 / test 4265)",456,phase acc/macro-F1/jaccard/edit/seg-F1 (online_causal),"phase acc=0.9545, macro_f1=0.8158, jaccard=0.7821, edit=45.2778, segF1@50=0.5289
②object-token det→phase。Δ_phase vs S4 base 0.8986（within-server）",completed,efros (RTX A6000),False,"DDP 2GPU (RTX A6000 x2) on efros, manual launcher (E plan, CUDA_VISIBLE_DEVICES per rank)",file:///home/ubuntu/slocal/m2/experiments/transfer/t1a_3seed_det456_p456_frozen_001_t1a_3seed_det456_p456_frozen_seed456,"{""start"": ""2026-07-03T18:32:00.000+00:00"", ""end"": null, ""time_zone"": null}",B,must,t1a_3seed_det456_p456_frozen_001_t1a_3seed_det456_p456_frozen_seed456
392ee4d4-7777-818c-98f3-c17ea541f089,2026-07-03T18:32:00.000Z,2026-07-05T00:36:00.000Z,bd0609749afdfa2a356ef625a73628cddf38d4a9,"{""start"": ""2026-07-05T00:36:00.000+00:00"", ""end"": null, ""time_zone"": null}","effective_bs=1 (gpu_count=1 x per-gpu bs), lr_scaling=none; test_cfg(score_thr=None, max_per_img=None, nms_pre=None, nms_iou=None); split(train 9657 / val 1515 / test 4265)",456,"phase acc/macro-F1/jaccard/edit/seg-F1 (online_causal, jaccard strict)","phase acc=0.9333, macro_f1=0.7950, jaccard=0.7512, edit=53.3333, segF1@50=0.5654
①信号 det→phase。Δ_phase vs S4 base 0.8986±0.0034",completed,efros (RTX A6000),False,"DDP 2GPU (RTX A6000 x2) on efros, manual launcher (E plan, CUDA_VISIBLE_DEVICES per rank)",file:///home/ubuntu/slocal/m2/experiments/transfer/b2a_det2phase_toolpresence_023_b2a_det2phase_toolpresence_seed456,"{""start"": ""2026-07-03T18:32:00.000+00:00"", ""end"": null, ""time_zone"": null}",B,must,b2a_det2phase_toolpresence_023_b2a_det2phase_toolpresence_seed456
392ee4d4-7777-81d6-b313-face96d50098,2026-07-03T18:32:00.000Z,2026-07-05T00:36:00.000Z,bd0609749afdfa2a356ef625a73628cddf38d4a9,"{""start"": ""2026-07-05T00:36:00.000+00:00"", ""end"": null, ""time_zone"": null}","effective_bs=1 (gpu_count=1 x per-gpu bs), lr_scaling=none; test_cfg(score_thr=None, max_per_img=None, nms_pre=None, nms_iou=None); split(train 9657 / val 1515 / test 4265)",456,"phase acc/macro-F1/jaccard/edit/seg-F1 (online_causal, jaccard strict)","phase acc=0.9267, macro_f1=0.7797, jaccard=0.7323, edit=40.9812, segF1@50=0.4683
①信号 det→phase。Δ_phase vs S4 base 0.8986±0.0034",completed,efros (RTX A6000),False,"DDP 2GPU (RTX A6000 x2) on efros, manual launcher (E plan, CUDA_VISIBLE_DEVICES per rank)",file:///home/ubuntu/slocal/m2/experiments/transfer/b2a_det2phase_toolpresence_022_b2a_det2phase_toolpresence_seed456,"{""start"": ""2026-07-03T18:31:00.000+00:00"", ""end"": null, ""time_zone"": null}",B,must,b2a_det2phase_toolpresence_022_b2a_det2phase_toolpresence_seed456
392ee4d4-7777-81c6-9204-da43bafc565e,2026-07-03T18:31:00.000Z,2026-07-03T18:31:00.000Z,bd0609749afdfa2a356ef625a73628cddf38d4a9,"{""start"": ""2026-07-03T18:31:00.000+00:00"", ""end"": null, ""time_zone"": null}","effective_bs=1 (gpu_count=1 x per-gpu bs), lr_scaling=none; test_cfg(score_thr=None, max_per_img=None, nms_pre=None, nms_iou=None); split(train 9657 / val 1515 / test 4265)",456,phase acc/macro-F1/jaccard/edit/seg-F1 (online_causal),"phase acc=0.9096, macro_f1=0.7129, jaccard=0.6682, edit=27.4074, segF1@50=0.3788
工程単独分母（凍結 TeCNO）。Δ_phase の基準点",completed,efros (RTX A6000),False,"DDP 2GPU (RTX A6000 x2) on efros, manual launcher (E plan, CUDA_VISIBLE_DEVICES per rank)",file:///home/ubuntu/slocal/m2/experiments/phase1/s4_phase_baseline_034_frozen_tecno_phase_baseline_seed456,"{""start"": ""2026-07-03T18:31:00.000+00:00"", ""end"": null, ""time_zone"": null}",S4,must,s4_phase_baseline_034_frozen_tecno_phase_baseline_seed456
392ee4d4-7777-81f4-be84-c335c44acf0c,2026-07-03T18:31:00.000Z,2026-07-03T18:31:00.000Z,bd0609749afdfa2a356ef625a73628cddf38d4a9,"{""start"": ""2026-07-03T18:31:00.000+00:00"", ""end"": null, ""time_zone"": null}","effective_bs=1 (gpu_count=1 x per-gpu bs), lr_scaling=none; test_cfg(score_thr=None, max_per_img=None, nms_pre=None, nms_iou=None); split(train 9657 / val 1515 / test 4265)",456,phase acc/macro-F1/jaccard/edit/seg-F1 (online_causal),"phase acc=0.8944, macro_f1=0.6757, jaccard=0.6334, edit=26.1574, segF1@50=0.3979
工程単独分母（凍結 TeCNO）。Δ_phase の基準点",completed,efros (RTX A6000),False,"DDP 2GPU (RTX A6000 x2) on efros, manual launcher (E plan, CUDA_VISIBLE_DEVICES per rank)",file:///home/ubuntu/slocal/m2/experiments/phase1/s4_phase_baseline_033_frozen_tecno_phase_baseline_seed456,"{""start"": ""2026-07-03T18:30:00.000+00:00"", ""end"": null, ""time_zone"": null}",S4,must,s4_phase_baseline_033_frozen_tecno_phase_baseline_seed456
392ee4d4-7777-818b-b6a3-dfc927b17a45,2026-07-03T18:30:00.000Z,2026-07-03T18:30:00.000Z,bd0609749afdfa2a356ef625a73628cddf38d4a9,"{""start"": ""2026-07-03T18:30:00.000+00:00"", ""end"": null, ""time_zone"": null}","effective_bs=1 (gpu_count=1 x per-gpu bs), lr_scaling=none; test_cfg(score_thr=None, max_per_img=None, nms_pre=None, nms_iou=None); split(train 9657 / val 1515 / test 4265)",123,phase acc/macro-F1/jaccard/edit/seg-F1 (online_causal),"phase acc=0.9465, macro_f1=0.8078, jaccard=0.7678, edit=35.1389, segF1@50=0.4354
②object-token det→phase。Δ_phase vs S4 base 0.8986（within-server）",completed,efros (RTX A6000),False,"DDP 2GPU (RTX A6000 x2) on efros, manual launcher (E plan, CUDA_VISIBLE_DEVICES per rank)",file:///home/ubuntu/slocal/m2/experiments/transfer/t1a_3seed_det456_p123_aug_001_t1a_3seed_det456_p123_aug_seed123,"{""start"": ""2026-07-03T18:30:00.000+00:00"", ""end"": null, ""time_zone"": null}",B,must,t1a_3seed_det456_p123_aug_001_t1a_3seed_det456_p123_aug_seed123
392ee4d4-7777-810c-aeee-d0016bcf3608,2026-07-03T18:30:00.000Z,2026-07-03T18:30:00.000Z,bd0609749afdfa2a356ef625a73628cddf38d4a9,"{""start"": ""2026-07-03T18:30:00.000+00:00"", ""end"": null, ""time_zone"": null}","effective_bs=1 (gpu_count=1 x per-gpu bs), lr_scaling=none; test_cfg(score_thr=None, max_per_img=None, nms_pre=None, nms_iou=None); split(train 9657 / val 1515 / test 4265)",123,phase acc/macro-F1/jaccard/edit/seg-F1 (online_causal),"phase acc=0.9505, macro_f1=0.8103, jaccard=0.7725, edit=37.0238, segF1@50=0.4012
②object-token det→phase。Δ_phase vs S4 base 0.8986（within-server）",completed,efros (RTX A6000),False,"DDP 2GPU (RTX A6000 x2) on efros, manual launcher (E plan, CUDA_VISIBLE_DEVICES per rank)",file:///home/ubuntu/slocal/m2/experiments/transfer/t1a_3seed_det456_p123_frozen_001_t1a_3seed_det456_p123_frozen_seed123,"{""start"": ""2026-07-03T18:30:00.000+00:00"", ""end"": null, ""time_zone"": null}",B,must,t1a_3seed_det456_p123_frozen_001_t1a_3seed_det456_p123_frozen_seed123
392ee4d4-7777-8159-b7b9-c874adf98334,2026-07-03T18:30:00.000Z,2026-07-05T00:36:00.000Z,bd0609749afdfa2a356ef625a73628cddf38d4a9,"{""start"": ""2026-07-05T00:36:00.000+00:00"", ""end"": null, ""time_zone"": null}","effective_bs=1 (gpu_count=1 x per-gpu bs), lr_scaling=none; test_cfg(score_thr=None, max_per_img=None, nms_pre=None, nms_iou=None); split(train 9657 / val 1515 / test 4265)",123,"phase acc/macro-F1/jaccard/edit/seg-F1 (online_causal, jaccard strict)","phase acc=0.9366, macro_f1=0.7927, jaccard=0.7480, edit=39.1071, segF1@50=0.4169
①信号 det→phase。Δ_phase vs S4 base 0.8986±0.0034",completed,efros (RTX A6000),False,"DDP 2GPU (RTX A6000 x2) on efros, manual launcher (E plan, CUDA_VISIBLE_DEVICES per rank)",file:///home/ubuntu/slocal/m2/experiments/transfer/b2a_det2phase_toolpresence_021_b2a_det2phase_toolpresence_seed123,"{""start"": ""2026-07-03T18:29:00.000+00:00"", ""end"": null, ""time_zone"": null}",B,must,b2a_det2phase_toolpresence_021_b2a_det2phase_toolpresence_seed123
392ee4d4-7777-811c-9aee-d10ccd3882ce,2026-07-03T18:29:00.000Z,2026-07-05T00:36:00.000Z,bd0609749afdfa2a356ef625a73628cddf38d4a9,"{""start"": ""2026-07-05T00:36:00.000+00:00"", ""end"": null, ""time_zone"": null}","effective_bs=1 (gpu_count=1 x per-gpu bs), lr_scaling=none; test_cfg(score_thr=None, max_per_img=None, nms_pre=None, nms_iou=None); split(train 9657 / val 1515 / test 4265)",123,"phase acc/macro-F1/jaccard/edit/seg-F1 (online_causal, jaccard strict)","phase acc=0.9248, macro_f1=0.7768, jaccard=0.7255, edit=38.4680, segF1@50=0.3633
①信号 det→phase。Δ_phase vs S4 base 0.8986±0.0034",completed,efros (RTX A6000),False,"DDP 2GPU (RTX A6000 x2) on efros, manual launcher (E plan, CUDA_VISIBLE_DEVICES per rank)",file:///home/ubuntu/slocal/m2/experiments/transfer/b2a_det2phase_toolpresence_020_b2a_det2phase_toolpresence_seed123,"{""start"": ""2026-07-03T18:29:00.000+00:00"", ""end"": null, ""time_zone"": null}",B,must,b2a_det2phase_toolpresence_020_b2a_det2phase_toolpresence_seed123
392ee4d4-7777-81dc-94f1-c6dc4a434912,2026-07-03T18:29:00.000Z,2026-07-03T18:29:00.000Z,bd0609749afdfa2a356ef625a73628cddf38d4a9,"{""start"": ""2026-07-03T18:29:00.000+00:00"", ""end"": null, ""time_zone"": null}","effective_bs=1 (gpu_count=1 x per-gpu bs), lr_scaling=none; test_cfg(score_thr=None, max_per_img=None, nms_pre=None, nms_iou=None); split(train 9657 / val 1515 / test 4265)",123,phase acc/macro-F1/jaccard/edit/seg-F1 (online_causal),"phase acc=0.9129, macro_f1=0.7445, jaccard=0.6926, edit=44.0171, segF1@50=0.4485
工程単独分母（凍結 TeCNO）。Δ_phase の基準点",completed,efros (RTX A6000),False,"DDP 2GPU (RTX A6000 x2) on efros, manual launcher (E plan, CUDA_VISIBLE_DEVICES per rank)",file:///home/ubuntu/slocal/m2/experiments/phase1/s4_phase_baseline_032_frozen_tecno_phase_baseline_seed123,"{""start"": ""2026-07-03T18:29:00.000+00:00"", ""end"": null, ""time_zone"": null}",S4,must,s4_phase_baseline_032_frozen_tecno_phase_baseline_seed123
392ee4d4-7777-8101-80da-ed9a0a2cb70c,2026-07-03T18:29:00.000Z,2026-07-03T18:29:00.000Z,bd0609749afdfa2a356ef625a73628cddf38d4a9,"{""start"": ""2026-07-03T18:29:00.000+00:00"", ""end"": null, ""time_zone"": null}","effective_bs=1 (gpu_count=1 x per-gpu bs), lr_scaling=none; test_cfg(score_thr=None, max_per_img=None, nms_pre=None, nms_iou=None); split(train 9657 / val 1515 / test 4265)",123,phase acc/macro-F1/jaccard/edit/seg-F1 (online_causal),"phase acc=0.8700, macro_f1=0.6875, jaccard=0.6096, edit=36.1438, segF1@50=0.2829
工程単独分母（凍結 TeCNO）。Δ_phase の基準点",completed,efros (RTX A6000),False,"DDP 2GPU (RTX A6000 x2) on efros, manual launcher (E plan, CUDA_VISIBLE_DEVICES per rank)",file:///home/ubuntu/slocal/m2/experiments/phase1/s4_phase_baseline_031_frozen_tecno_phase_baseline_seed123,"{""start"": ""2026-07-03T18:28:00.000+00:00"", ""end"": null, ""time_zone"": null}",S4,must,s4_phase_baseline_031_frozen_tecno_phase_baseline_seed123
392ee4d4-7777-81dc-98fd-ec10f6cad6fb,2026-07-03T18:28:00.000Z,2026-07-03T18:28:00.000Z,bd0609749afdfa2a356ef625a73628cddf38d4a9,"{""start"": ""2026-07-03T18:28:00.000+00:00"", ""end"": null, ""time_zone"": null}","effective_bs=1 (gpu_count=1 x per-gpu bs), lr_scaling=none; test_cfg(score_thr=None, max_per_img=None, nms_pre=None, nms_iou=None); split(train 9657 / val 1515 / test 4265)",42,phase acc/macro-F1/jaccard/edit/seg-F1 (online_causal),"phase acc=0.9512, macro_f1=0.8152, jaccard=0.7804, edit=39.3798, segF1@50=0.4720
②object-token det→phase。Δ_phase vs S4 base 0.8986（within-server）",completed,efros (RTX A6000),False,"DDP 2GPU (RTX A6000 x2) on efros, manual launcher (E plan, CUDA_VISIBLE_DEVICES per rank)",file:///home/ubuntu/slocal/m2/experiments/transfer/t1a_3seed_det456_p42_aug_001_t1a_3seed_det456_p42_aug_seed42,"{""start"": ""2026-07-03T18:28:00.000+00:00"", ""end"": null, ""time_zone"": null}",B,must,t1a_3seed_det456_p42_aug_001_t1a_3seed_det456_p42_aug_seed42
392ee4d4-7777-81b5-bb6c-eecdb8812018,2026-07-03T18:28:00.000Z,2026-07-03T18:28:00.000Z,bd0609749afdfa2a356ef625a73628cddf38d4a9,"{""start"": ""2026-07-03T18:28:00.000+00:00"", ""end"": null, ""time_zone"": null}","effective_bs=1 (gpu_count=1 x per-gpu bs), lr_scaling=none; test_cfg(score_thr=None, max_per_img=None, nms_pre=None, nms_iou=None); split(train 9657 / val 1515 / test 4265)",42,phase acc/macro-F1/jaccard/edit/seg-F1 (online_causal),"phase acc=0.9518, macro_f1=0.8104, jaccard=0.7734, edit=34.3915, segF1@50=0.3800
②object-token det→phase。Δ_phase vs S4 base 0.8986（within-server）",completed,efros (RTX A6000),False,"DDP 2GPU (RTX A6000 x2) on efros, manual launcher (E plan, CUDA_VISIBLE_DEVICES per rank)",file:///home/ubuntu/slocal/m2/experiments/transfer/t1a_3seed_det456_p42_frozen_001_t1a_3seed_det456_p42_frozen_seed42,"{""start"": ""2026-07-03T18:27:00.000+00:00"", ""end"": null, ""time_zone"": null}",B,must,t1a_3seed_det456_p42_frozen_001_t1a_3seed_det456_p42_frozen_seed42
392ee4d4-7777-81ee-b0ee-eed3c839b244,2026-07-03T18:27:00.000Z,2026-07-05T00:36:00.000Z,bd0609749afdfa2a356ef625a73628cddf38d4a9,"{""start"": ""2026-07-05T00:36:00.000+00:00"", ""end"": null, ""time_zone"": null}","effective_bs=1 (gpu_count=1 x per-gpu bs), lr_scaling=none; test_cfg(score_thr=None, max_per_img=None, nms_pre=None, nms_iou=None); split(train 9657 / val 1515 / test 4265)",42,"phase acc/macro-F1/jaccard/edit/seg-F1 (online_causal, jaccard strict)","phase acc=0.9360, macro_f1=0.7915, jaccard=0.7470, edit=40.3284, segF1@50=0.4409
①信号 det→phase。Δ_phase vs S4 base 0.8986±0.0034",completed,efros (RTX A6000),False,"DDP 2GPU (RTX A6000 x2) on efros, manual launcher (E plan, CUDA_VISIBLE_DEVICES per rank)",file:///home/ubuntu/slocal/m2/experiments/transfer/b2a_det2phase_toolpresence_019_b2a_det2phase_toolpresence_seed42,"{""start"": ""2026-07-03T18:27:00.000+00:00"", ""end"": null, ""time_zone"": null}",B,must,b2a_det2phase_toolpresence_019_b2a_det2phase_toolpresence_seed42
392ee4d4-7777-81bb-804f-ca7f993fa3ba,2026-07-03T18:27:00.000Z,2026-07-05T00:36:00.000Z,bd0609749afdfa2a356ef625a73628cddf38d4a9,"{""start"": ""2026-07-05T00:36:00.000+00:00"", ""end"": null, ""time_zone"": null}","effective_bs=1 (gpu_count=1 x per-gpu bs), lr_scaling=none; test_cfg(score_thr=None, max_per_img=None, nms_pre=None, nms_iou=None); split(train 9657 / val 1515 / test 4265)",42,"phase acc/macro-F1/jaccard/edit/seg-F1 (online_causal, jaccard strict)","phase acc=0.9261, macro_f1=0.7737, jaccard=0.7217, edit=40.5051, segF1@50=0.4042
①信号 det→phase。Δ_phase vs S4 base 0.8986±0.0034",completed,efros (RTX A6000),False,"DDP 2GPU (RTX A6000 x2) on efros, manual launcher (E plan, CUDA_VISIBLE_DEVICES per rank)",file:///home/ubuntu/slocal/m2/experiments/transfer/b2a_det2phase_toolpresence_018_b2a_det2phase_toolpresence_seed42,"{""start"": ""2026-07-03T18:27:00.000+00:00"", ""end"": null, ""time_zone"": null}",B,must,b2a_det2phase_toolpresence_018_b2a_det2phase_toolpresence_seed42
392ee4d4-7777-816d-9841-ddc022fa3e82,2026-07-03T18:27:00.000Z,2026-07-03T18:27:00.000Z,bd0609749afdfa2a356ef625a73628cddf38d4a9,"{""start"": ""2026-07-03T18:27:00.000+00:00"", ""end"": null, ""time_zone"": null}","effective_bs=1 (gpu_count=1 x per-gpu bs), lr_scaling=none; test_cfg(score_thr=None, max_per_img=None, nms_pre=None, nms_iou=None); split(train 9657 / val 1515 / test 4265)",42,phase acc/macro-F1/jaccard/edit/seg-F1 (online_causal),"phase acc=0.9129, macro_f1=0.7527, jaccard=0.6996, edit=41.1717, segF1@50=0.3908
工程単独分母（凍結 TeCNO）。Δ_phase の基準点",completed,efros (RTX A6000),False,"DDP 2GPU (RTX A6000 x2) on efros, manual launcher (E plan, CUDA_VISIBLE_DEVICES per rank)",file:///home/ubuntu/slocal/m2/experiments/phase1/s4_phase_baseline_030_frozen_tecno_phase_baseline_seed42,"{""start"": ""2026-07-03T18:26:00.000+00:00"", ""end"": null, ""time_zone"": null}",S4,must,s4_phase_baseline_030_frozen_tecno_phase_baseline_seed42
392ee4d4-7777-8114-a5af-c5e20a4d5b20,2026-07-03T18:26:00.000Z,2026-07-03T18:26:00.000Z,bd0609749afdfa2a356ef625a73628cddf38d4a9,"{""start"": ""2026-07-03T18:26:00.000+00:00"", ""end"": null, ""time_zone"": null}","effective_bs=1 (gpu_count=1 x per-gpu bs), lr_scaling=none; test_cfg(score_thr=None, max_per_img=None, nms_pre=None, nms_iou=None); split(train 9657 / val 1515 / test 4265)",42,phase acc/macro-F1/jaccard/edit/seg-F1 (online_causal),"phase acc=0.8997, macro_f1=0.6684, jaccard=0.6293, edit=31.5000, segF1@50=0.3519
工程単独分母（凍結 TeCNO）。Δ_phase の基準点",completed,efros (RTX A6000),False,"DDP 2GPU (RTX A6000 x2) on efros, manual launcher (E plan, CUDA_VISIBLE_DEVICES per rank)",file:///home/ubuntu/slocal/m2/experiments/phase1/s4_phase_baseline_029_frozen_tecno_phase_baseline_seed42,"{""start"": ""2026-07-03T18:26:00.000+00:00"", ""end"": null, ""time_zone"": null}",S4,must,s4_phase_baseline_029_frozen_tecno_phase_baseline_seed42
392ee4d4-7777-8198-821f-c25b87e3ec55,2026-07-03T17:21:00.000Z,2026-07-03T17:21:00.000Z,1a52c6fde8120bb62eba920ad3c3d8882f309b72,"{""start"": ""2026-07-03T17:21:00.000+00:00"", ""end"": null, ""time_zone"": null}","effective_bs=1 (gpu_count=1 x per-gpu bs), lr_scaling=none; test_cfg(score_thr=None, max_per_img=None, nms_pre=None, nms_iou=None); split(train 9657 / val 1515 / test 4265)",456,phase acc/macro-F1/jaccard/edit/seg-F1 (online_causal),"phase acc=0.8403, macro_f1=0.5929, jaccard=0.5118, edit=22.4925, segF1@50=0.2301
工程単独分母（凍結 TeCNO）。Δ_phase の基準点",completed,philip (RTX 6000 Ada),False,"DDP 2GPU (RTX 6000 Ada x2) on philip, manual launcher (E plan, CUDA_VISIBLE_DEVICES per rank)",file:///home/ubuntu/slocal2/m2/experiments/phase1/s4_phase_baseline_012_frozen_tecno_phase_baseline_aligndetr_seed456,"{""start"": ""2026-07-03T17:21:00.000+00:00"", ""end"": null, ""time_zone"": null}",S4,must,s4_phase_baseline_012_frozen_tecno_phase_baseline_aligndetr_seed456
392ee4d4-7777-8194-a25d-ca253eefecbb,2026-07-03T17:21:00.000Z,2026-07-03T17:21:00.000Z,1a52c6fde8120bb62eba920ad3c3d8882f309b72,"{""start"": ""2026-07-03T17:21:00.000+00:00"", ""end"": null, ""time_zone"": null}","effective_bs=1 (gpu_count=1 x per-gpu bs), lr_scaling=none; test_cfg(score_thr=None, max_per_img=None, nms_pre=None, nms_iou=None); split(train 9657 / val 1515 / test 4265)",123,phase acc/macro-F1/jaccard/edit/seg-F1 (online_causal),"phase acc=0.8422, macro_f1=0.5828, jaccard=0.4991, edit=18.0855, segF1@50=0.2752
工程単独分母（凍結 TeCNO）。Δ_phase の基準点",completed,philip (RTX 6000 Ada),False,"DDP 2GPU (RTX 6000 Ada x2) on philip, manual launcher (E plan, CUDA_VISIBLE_DEVICES per rank)",file:///home/ubuntu/slocal2/m2/experiments/phase1/s4_phase_baseline_011_frozen_tecno_phase_baseline_aligndetr_seed123,"{""start"": ""2026-07-03T17:21:00.000+00:00"", ""end"": null, ""time_zone"": null}",S4,must,s4_phase_baseline_011_frozen_tecno_phase_baseline_aligndetr_seed123
392ee4d4-7777-812f-aa06-c93731b74133,2026-07-03T17:21:00.000Z,2026-07-03T17:21:00.000Z,1a52c6fde8120bb62eba920ad3c3d8882f309b72,"{""start"": ""2026-07-03T17:21:00.000+00:00"", ""end"": null, ""time_zone"": null}","effective_bs=1 (gpu_count=1 x per-gpu bs), lr_scaling=none; test_cfg(score_thr=None, max_per_img=None, nms_pre=None, nms_iou=None); split(train 9657 / val 1515 / test 4265)",42,phase acc/macro-F1/jaccard/edit/seg-F1 (online_causal),"phase acc=0.8568, macro_f1=0.6352, jaccard=0.5518, edit=32.0455, segF1@50=0.2420
工程単独分母（凍結 TeCNO）。Δ_phase の基準点",completed,philip (RTX 6000 Ada),False,"DDP 2GPU (RTX 6000 Ada x2) on philip, manual launcher (E plan, CUDA_VISIBLE_DEVICES per rank)",file:///home/ubuntu/slocal2/m2/experiments/phase1/s4_phase_baseline_010_frozen_tecno_phase_baseline_aligndetr_seed42,"{""start"": ""2026-07-03T17:20:00.000+00:00"", ""end"": null, ""time_zone"": null}",S4,must,s4_phase_baseline_010_frozen_tecno_phase_baseline_aligndetr_seed42
392ee4d4-7777-8196-82ae-d19cc09e626d,2026-07-03T11:31:00.000Z,2026-07-10T17:50:00.000Z,,,"split=val（選定用）。工程側は phase 指標（acc/公式macro-F1）＝検出recipe非該当。TeCNO=Causal MS-TCN（B2a: tool-presence連結 / T1a: region-token連結 の両チャネル）。両アーム（Relation-DETR特徴／AlignDETR特徴）を同一 lecun・同一 recipe/seed/ハイパラ/時系列設定で学習し、唯一の変数を凍結源に限定。3-seed・paired-σ。前段=AlignDETR特徴抽出（台帳 394ee4d4-7777-8133, philip）に依存。",,det→phase Δ = phase acc / 公式 macro-F1（対S4分母）＋ per-phase F1（特に hemostasis）,"凍結源: Relation-DETR で最終確定 (AlignDETR-v2 は paired-σ で下流 Δ_phase -0.0691, |mean|/σ=7.28 で有意に劣る). 3-seed mean acc: Rel 0.9476±0.0003 (Δ vs S4 +0.0490) vs Alg 0.8785±0.0097 (Δ -0.0201). hemostasis F1: Rel 0.8010 vs Alg 0.1788 (4.5倍差). GPU 構成完全一致 (gpu_count=1, eff_bs=1, server=lecun). 意思決定ログ: 399ee4d4-7777-811e-b341-fe6a4bb84924",completed,lecun,True,lecun (RTX A6000 ×2)＝結合実験の主力機（運用ハブ固定ルール）。TeCNO はキャッシュ特徴上の学習で RSS<1GB・軽量。両アーム同一サーバー厳守。,,,S0,must,凍結源の下流有用性比較：Relation-DETR vs AlignDETR の Stage1特徴 → 同一TeCNO で det→phase Δ
392ee4d4-7777-819b-b0e9-dbfd51ed5066,2026-07-03T11:31:00.000Z,2026-07-05T09:16:00.000Z,,,split=val（選定用）／test は報告のみ・選定に使わない。score_thr=0.0系（NMS-free・統一recipe）。原則再解析: val survey の各実験フォルダに per_class_ap.json（15クラス）が既存のため、そこから signature 部分集合の per-class AP を集計（GPU不要）。無い場合のみ AlignDETR val ckpt で classwise 再eval。3-seed・paired-σ。,,"signature部分集合 per-class AP = {Needle Holders, Scalpel, Syringe, Bipolar, Skewer}（特に hemostasis の Bipolar）＋ overall mAP / AP_rare / AP_common","test 3seed unified recipe: Rel-DETR mean bbox_mAP=0.507 σ=0.002 (seed42=0.506,123=0.509,456=0.506), AlignDETR mean=0.505 σ=0.005 (seed42=0.510,123=0.505,456=0.500). Rel-DETR marginal優位 (Δ=+0.002). see s0_016-018 (Rel) & s0_028-030 (Align) _reeval_score_thr_0  ｜[2026-07-05 追記 val per-class 署名分解] signature_narrow(4:Syringe/NeedleH/Skewer/Scalpel) Rel 81.14±0.49 vs Align 83.57±0.46 → Δ=-2.43pp(3seed全負) ✅Align有意優位。 ubiquitous_ctrl(4) Rel 67.06 vs Align 64.97 → +2.09pp ✅Rel有意。 per-class頑健差: Syringe-6.65/Scalpel-2.09=Align勝, 対照群=Rel勝, Raspatory+12.85=Rel勝。 ★重要: この検出AP優位(Align)は下流を予測しない — 下流有用性比較①で Rel-DETR frozen→TeCNO が phase acc+5.2pp(8.7σ)圧勝。→検出AP≠det→phase有用性、凍結源=Relation-DETR確定。証跡 experiments/analysis/signature_subset_detector_compare/(val per-class 分解, 先行Resultはtest overall mAP)",completed,,True,原則 GPU不要（per_class_ap.json 既存の再解析）。classwise 再eval が要る場合のみ survey 実行機（philip 想定）で eval-only。,,,S0,must,凍結源候補の signature 部分集合 per-class AP 比較（Relation-DETR vs AlignDETR）
392ee4d4-7777-8184-9d34-c954492e93b3,2026-07-03T10:23:00.000Z,2026-07-03T10:23:00.000Z,bd0609749afdfa2a356ef625a73628cddf38d4a9,"{""start"": ""2026-07-03T10:23:00.000+00:00"", ""end"": null, ""time_zone"": null}","effective_bs=1 (gpu_count=1 x per-gpu bs), lr_scaling=none; test_cfg(score_thr=None, max_per_img=None, nms_pre=None, nms_iou=None); split(train 9657 / val 1515 / test 4265)",456,phase acc/macro-F1/jaccard/edit/seg-F1 (online_causal),"phase acc=0.9492, macro_f1=0.8221, jaccard=0.7916, edit=44.1520, segF1@50=0.5222
②object-token det→phase。Δ_phase vs S4 base 0.8986（within-server）",completed,efros (RTX A6000),False,"DDP 2GPU (RTX A6000 x2) on efros, manual launcher (E plan, CUDA_VISIBLE_DEVICES per rank)",file:///home/ubuntu/slocal/m2/experiments/transfer/t1a_3seed_det123_p456_aug_001_t1a_3seed_det123_p456_aug_seed456,"{""start"": ""2026-07-03T10:23:00.000+00:00"", ""end"": null, ""time_zone"": null}",B,must,t1a_3seed_det123_p456_aug_001_t1a_3seed_det123_p456_aug_seed456
392ee4d4-7777-81ea-9056-ede564e6ee33,2026-07-03T10:23:00.000Z,2026-07-03T10:23:00.000Z,bd0609749afdfa2a356ef625a73628cddf38d4a9,"{""start"": ""2026-07-03T10:23:00.000+00:00"", ""end"": null, ""time_zone"": null}","effective_bs=1 (gpu_count=1 x per-gpu bs), lr_scaling=none; test_cfg(score_thr=None, max_per_img=None, nms_pre=None, nms_iou=None); split(train 9657 / val 1515 / test 4265)",456,phase acc/macro-F1/jaccard/edit/seg-F1 (online_causal),"phase acc=0.9578, macro_f1=0.8267, jaccard=0.8001, edit=43.2973, segF1@50=0.4838
②object-token det→phase。Δ_phase vs S4 base 0.8986（within-server）",completed,efros (RTX A6000),False,"DDP 2GPU (RTX A6000 x2) on efros, manual launcher (E plan, CUDA_VISIBLE_DEVICES per rank)",file:///home/ubuntu/slocal/m2/experiments/transfer/t1a_3seed_det123_p456_frozen_001_t1a_3seed_det123_p456_frozen_seed456,"{""start"": ""2026-07-03T10:23:00.000+00:00"", ""end"": null, ""time_zone"": null}",B,must,t1a_3seed_det123_p456_frozen_001_t1a_3seed_det123_p456_frozen_seed456
392ee4d4-7777-8133-a6d6-d8e2a7b17c79,2026-07-03T10:23:00.000Z,2026-07-05T00:36:00.000Z,bd0609749afdfa2a356ef625a73628cddf38d4a9,"{""start"": ""2026-07-05T00:36:00.000+00:00"", ""end"": null, ""time_zone"": null}","effective_bs=1 (gpu_count=1 x per-gpu bs), lr_scaling=none; test_cfg(score_thr=None, max_per_img=None, nms_pre=None, nms_iou=None); split(train 9657 / val 1515 / test 4265)",456,"phase acc/macro-F1/jaccard/edit/seg-F1 (online_causal, jaccard strict)","phase acc=0.9360, macro_f1=0.7969, jaccard=0.7536, edit=48.0287, segF1@50=0.4607
①信号 det→phase。Δ_phase vs S4 base 0.8986±0.0034",completed,efros (RTX A6000),False,"DDP 2GPU (RTX A6000 x2) on efros, manual launcher (E plan, CUDA_VISIBLE_DEVICES per rank)",file:///home/ubuntu/slocal/m2/experiments/transfer/b2a_det2phase_toolpresence_017_b2a_det2phase_toolpresence_seed456,"{""start"": ""2026-07-03T10:22:00.000+00:00"", ""end"": null, ""time_zone"": null}",B,must,b2a_det2phase_toolpresence_017_b2a_det2phase_toolpresence_seed456
392ee4d4-7777-8139-83c6-ffc0d2b829a0,2026-07-03T10:22:00.000Z,2026-07-05T00:36:00.000Z,bd0609749afdfa2a356ef625a73628cddf38d4a9,"{""start"": ""2026-07-05T00:36:00.000+00:00"", ""end"": null, ""time_zone"": null}","effective_bs=1 (gpu_count=1 x per-gpu bs), lr_scaling=none; test_cfg(score_thr=None, max_per_img=None, nms_pre=None, nms_iou=None); split(train 9657 / val 1515 / test 4265)",456,"phase acc/macro-F1/jaccard/edit/seg-F1 (online_causal, jaccard strict)","phase acc=0.9413, macro_f1=0.8121, jaccard=0.7752, edit=48.2906, segF1@50=0.4979
①信号 det→phase。Δ_phase vs S4 base 0.8986±0.0034",completed,efros (RTX A6000),False,"DDP 2GPU (RTX A6000 x2) on efros, manual launcher (E plan, CUDA_VISIBLE_DEVICES per rank)",file:///home/ubuntu/slocal/m2/experiments/transfer/b2a_det2phase_toolpresence_016_b2a_det2phase_toolpresence_seed456,"{""start"": ""2026-07-03T10:22:00.000+00:00"", ""end"": null, ""time_zone"": null}",B,must,b2a_det2phase_toolpresence_016_b2a_det2phase_toolpresence_seed456
392ee4d4-7777-815b-8218-fa4dfff2d9d4,2026-07-03T10:22:00.000Z,2026-07-03T10:22:00.000Z,bd0609749afdfa2a356ef625a73628cddf38d4a9,"{""start"": ""2026-07-03T10:22:00.000+00:00"", ""end"": null, ""time_zone"": null}","effective_bs=1 (gpu_count=1 x per-gpu bs), lr_scaling=none; test_cfg(score_thr=None, max_per_img=None, nms_pre=None, nms_iou=None); split(train 9657 / val 1515 / test 4265)",456,phase acc/macro-F1/jaccard/edit/seg-F1 (online_causal),"phase acc=0.8950, macro_f1=0.6715, jaccard=0.6175, edit=33.9744, segF1@50=0.3085
工程単独分母（凍結 TeCNO）。Δ_phase の基準点",completed,efros (RTX A6000),False,"DDP 2GPU (RTX A6000 x2) on efros, manual launcher (E plan, CUDA_VISIBLE_DEVICES per rank)",file:///home/ubuntu/slocal/m2/experiments/phase1/s4_phase_baseline_028_frozen_tecno_phase_baseline_seed456,"{""start"": ""2026-07-03T10:22:00.000+00:00"", ""end"": null, ""time_zone"": null}",S4,must,s4_phase_baseline_028_frozen_tecno_phase_baseline_seed456
392ee4d4-7777-810d-a5b3-f3c189f1dfdb,2026-07-03T10:21:00.000Z,2026-07-03T10:21:00.000Z,bd0609749afdfa2a356ef625a73628cddf38d4a9,"{""start"": ""2026-07-03T10:21:00.000+00:00"", ""end"": null, ""time_zone"": null}","effective_bs=1 (gpu_count=1 x per-gpu bs), lr_scaling=none; test_cfg(score_thr=None, max_per_img=None, nms_pre=None, nms_iou=None); split(train 9657 / val 1515 / test 4265)",456,phase acc/macro-F1/jaccard/edit/seg-F1 (online_causal),"phase acc=0.8911, macro_f1=0.7205, jaccard=0.6500, edit=40.2540, segF1@50=0.3832
工程単独分母（凍結 TeCNO）。Δ_phase の基準点",completed,efros (RTX A6000),False,"DDP 2GPU (RTX A6000 x2) on efros, manual launcher (E plan, CUDA_VISIBLE_DEVICES per rank)",file:///home/ubuntu/slocal/m2/experiments/phase1/s4_phase_baseline_027_frozen_tecno_phase_baseline_seed456,"{""start"": ""2026-07-03T10:21:00.000+00:00"", ""end"": null, ""time_zone"": null}",S4,must,s4_phase_baseline_027_frozen_tecno_phase_baseline_seed456
392ee4d4-7777-81b2-8086-ca200a09f18f,2026-07-03T10:21:00.000Z,2026-07-03T10:21:00.000Z,bd0609749afdfa2a356ef625a73628cddf38d4a9,"{""start"": ""2026-07-03T10:21:00.000+00:00"", ""end"": null, ""time_zone"": null}","effective_bs=1 (gpu_count=1 x per-gpu bs), lr_scaling=none; test_cfg(score_thr=None, max_per_img=None, nms_pre=None, nms_iou=None); split(train 9657 / val 1515 / test 4265)",123,phase acc/macro-F1/jaccard/edit/seg-F1 (online_causal),"phase acc=0.9498, macro_f1=0.8210, jaccard=0.7899, edit=49.7076, segF1@50=0.5672
②object-token det→phase。Δ_phase vs S4 base 0.8986（within-server）",completed,efros (RTX A6000),False,"DDP 2GPU (RTX A6000 x2) on efros, manual launcher (E plan, CUDA_VISIBLE_DEVICES per rank)",file:///home/ubuntu/slocal/m2/experiments/transfer/t1a_3seed_det123_p123_aug_001_t1a_3seed_det123_p123_aug_seed123,"{""start"": ""2026-07-03T10:21:00.000+00:00"", ""end"": null, ""time_zone"": null}",B,must,t1a_3seed_det123_p123_aug_001_t1a_3seed_det123_p123_aug_seed123
392ee4d4-7777-816c-a23f-e8d98514dfea,2026-07-03T10:21:00.000Z,2026-07-03T10:21:00.000Z,bd0609749afdfa2a356ef625a73628cddf38d4a9,"{""start"": ""2026-07-03T10:21:00.000+00:00"", ""end"": null, ""time_zone"": null}","effective_bs=1 (gpu_count=1 x per-gpu bs), lr_scaling=none; test_cfg(score_thr=None, max_per_img=None, nms_pre=None, nms_iou=None); split(train 9657 / val 1515 / test 4265)",123,phase acc/macro-F1/jaccard/edit/seg-F1 (online_causal),"phase acc=0.9571, macro_f1=0.8245, jaccard=0.7953, edit=37.3016, segF1@50=0.4322
②object-token det→phase。Δ_phase vs S4 base 0.8986（within-server）",completed,efros (RTX A6000),False,"DDP 2GPU (RTX A6000 x2) on efros, manual launcher (E plan, CUDA_VISIBLE_DEVICES per rank)",file:///home/ubuntu/slocal/m2/experiments/transfer/t1a_3seed_det123_p123_frozen_001_t1a_3seed_det123_p123_frozen_seed123,"{""start"": ""2026-07-03T10:20:00.000+00:00"", ""end"": null, ""time_zone"": null}",B,must,t1a_3seed_det123_p123_frozen_001_t1a_3seed_det123_p123_frozen_seed123
392ee4d4-7777-81ae-832b-d560196c5a78,2026-07-03T10:20:00.000Z,2026-07-05T00:36:00.000Z,bd0609749afdfa2a356ef625a73628cddf38d4a9,"{""start"": ""2026-07-05T00:36:00.000+00:00"", ""end"": null, ""time_zone"": null}","effective_bs=1 (gpu_count=1 x per-gpu bs), lr_scaling=none; test_cfg(score_thr=None, max_per_img=None, nms_pre=None, nms_iou=None); split(train 9657 / val 1515 / test 4265)",123,"phase acc/macro-F1/jaccard/edit/seg-F1 (online_causal, jaccard strict)","phase acc=0.9360, macro_f1=0.7974, jaccard=0.7542, edit=44.4444, segF1@50=0.4439
①信号 det→phase。Δ_phase vs S4 base 0.8986±0.0034",completed,efros (RTX A6000),False,"DDP 2GPU (RTX A6000 x2) on efros, manual launcher (E plan, CUDA_VISIBLE_DEVICES per rank)",file:///home/ubuntu/slocal/m2/experiments/transfer/b2a_det2phase_toolpresence_015_b2a_det2phase_toolpresence_seed123,"{""start"": ""2026-07-03T10:20:00.000+00:00"", ""end"": null, ""time_zone"": null}",B,must,b2a_det2phase_toolpresence_015_b2a_det2phase_toolpresence_seed123
392ee4d4-7777-819d-9466-fb299bd24d43,2026-07-03T10:20:00.000Z,2026-07-05T00:36:00.000Z,bd0609749afdfa2a356ef625a73628cddf38d4a9,"{""start"": ""2026-07-05T00:36:00.000+00:00"", ""end"": null, ""time_zone"": null}","effective_bs=1 (gpu_count=1 x per-gpu bs), lr_scaling=none; test_cfg(score_thr=None, max_per_img=None, nms_pre=None, nms_iou=None); split(train 9657 / val 1515 / test 4265)",123,"phase acc/macro-F1/jaccard/edit/seg-F1 (online_causal, jaccard strict)","phase acc=0.9406, macro_f1=0.8075, jaccard=0.7684, edit=46.7172, segF1@50=0.4643
①信号 det→phase。Δ_phase vs S4 base 0.8986±0.0034",completed,efros (RTX A6000),False,"DDP 2GPU (RTX A6000 x2) on efros, manual launcher (E plan, CUDA_VISIBLE_DEVICES per rank)",file:///home/ubuntu/slocal/m2/experiments/transfer/b2a_det2phase_toolpresence_014_b2a_det2phase_toolpresence_seed123,"{""start"": ""2026-07-03T10:20:00.000+00:00"", ""end"": null, ""time_zone"": null}",B,must,b2a_det2phase_toolpresence_014_b2a_det2phase_toolpresence_seed123
392ee4d4-7777-8153-a27c-df5ad84bd24d,2026-07-03T10:20:00.000Z,2026-07-03T10:20:00.000Z,bd0609749afdfa2a356ef625a73628cddf38d4a9,"{""start"": ""2026-07-03T10:20:00.000+00:00"", ""end"": null, ""time_zone"": null}","effective_bs=1 (gpu_count=1 x per-gpu bs), lr_scaling=none; test_cfg(score_thr=None, max_per_img=None, nms_pre=None, nms_iou=None); split(train 9657 / val 1515 / test 4265)",123,phase acc/macro-F1/jaccard/edit/seg-F1 (online_causal),"phase acc=0.9102, macro_f1=0.7370, jaccard=0.6827, edit=37.8333, segF1@50=0.3435
工程単独分母（凍結 TeCNO）。Δ_phase の基準点",completed,efros (RTX A6000),False,"DDP 2GPU (RTX A6000 x2) on efros, manual launcher (E plan, CUDA_VISIBLE_DEVICES per rank)",file:///home/ubuntu/slocal/m2/experiments/phase1/s4_phase_baseline_026_frozen_tecno_phase_baseline_seed123,"{""start"": ""2026-07-03T10:19:00.000+00:00"", ""end"": null, ""time_zone"": null}",S4,must,s4_phase_baseline_026_frozen_tecno_phase_baseline_seed123
392ee4d4-7777-8103-b30e-cf3406c8791b,2026-07-03T10:19:00.000Z,2026-07-03T10:19:00.000Z,bd0609749afdfa2a356ef625a73628cddf38d4a9,"{""start"": ""2026-07-03T10:19:00.000+00:00"", ""end"": null, ""time_zone"": null}","effective_bs=1 (gpu_count=1 x per-gpu bs), lr_scaling=none; test_cfg(score_thr=None, max_per_img=None, nms_pre=None, nms_iou=None); split(train 9657 / val 1515 / test 4265)",123,phase acc/macro-F1/jaccard/edit/seg-F1 (online_causal),"phase acc=0.8997, macro_f1=0.7044, jaccard=0.6549, edit=40.8333, segF1@50=0.4206
工程単独分母（凍結 TeCNO）。Δ_phase の基準点",completed,efros (RTX A6000),False,"DDP 2GPU (RTX A6000 x2) on efros, manual launcher (E plan, CUDA_VISIBLE_DEVICES per rank)",file:///home/ubuntu/slocal/m2/experiments/phase1/s4_phase_baseline_025_frozen_tecno_phase_baseline_seed123,"{""start"": ""2026-07-03T10:19:00.000+00:00"", ""end"": null, ""time_zone"": null}",S4,must,s4_phase_baseline_025_frozen_tecno_phase_baseline_seed123
392ee4d4-7777-8145-9b3d-c2b9623d2db9,2026-07-03T10:19:00.000Z,2026-07-03T10:19:00.000Z,bd0609749afdfa2a356ef625a73628cddf38d4a9,"{""start"": ""2026-07-03T10:19:00.000+00:00"", ""end"": null, ""time_zone"": null}","effective_bs=1 (gpu_count=1 x per-gpu bs), lr_scaling=none; test_cfg(score_thr=None, max_per_img=None, nms_pre=None, nms_iou=None); split(train 9657 / val 1515 / test 4265)",42,phase acc/macro-F1/jaccard/edit/seg-F1 (online_causal),"phase acc=0.9518, macro_f1=0.8234, jaccard=0.7935, edit=40.4762, segF1@50=0.4904
②object-token det→phase。Δ_phase vs S4 base 0.8986（within-server）",completed,efros (RTX A6000),False,"DDP 2GPU (RTX A6000 x2) on efros, manual launcher (E plan, CUDA_VISIBLE_DEVICES per rank)",file:///home/ubuntu/slocal/m2/experiments/transfer/t1a_3seed_det123_p42_aug_001_t1a_3seed_det123_p42_aug_seed42,"{""start"": ""2026-07-03T10:18:00.000+00:00"", ""end"": null, ""time_zone"": null}",B,must,t1a_3seed_det123_p42_aug_001_t1a_3seed_det123_p42_aug_seed42
392ee4d4-7777-81c2-819e-fab89abfce0e,2026-07-03T10:18:00.000Z,2026-07-03T10:18:00.000Z,bd0609749afdfa2a356ef625a73628cddf38d4a9,"{""start"": ""2026-07-03T10:18:00.000+00:00"", ""end"": null, ""time_zone"": null}","effective_bs=1 (gpu_count=1 x per-gpu bs), lr_scaling=none; test_cfg(score_thr=None, max_per_img=None, nms_pre=None, nms_iou=None); split(train 9657 / val 1515 / test 4265)",42,phase acc/macro-F1/jaccard/edit/seg-F1 (online_causal),"phase acc=0.9571, macro_f1=0.8275, jaccard=0.8014, edit=44.5098, segF1@50=0.4872
②object-token det→phase。Δ_phase vs S4 base 0.8986（within-server）",completed,efros (RTX A6000),False,"DDP 2GPU (RTX A6000 x2) on efros, manual launcher (E plan, CUDA_VISIBLE_DEVICES per rank)",file:///home/ubuntu/slocal/m2/experiments/transfer/t1a_3seed_det123_p42_frozen_001_t1a_3seed_det123_p42_frozen_seed42,"{""start"": ""2026-07-03T10:18:00.000+00:00"", ""end"": null, ""time_zone"": null}",B,must,t1a_3seed_det123_p42_frozen_001_t1a_3seed_det123_p42_frozen_seed42
392ee4d4-7777-817a-8e68-db8504a041e5,2026-07-03T10:18:00.000Z,2026-07-05T00:37:00.000Z,bd0609749afdfa2a356ef625a73628cddf38d4a9,"{""start"": ""2026-07-05T00:37:00.000+00:00"", ""end"": null, ""time_zone"": null}","effective_bs=1 (gpu_count=1 x per-gpu bs), lr_scaling=none; test_cfg(score_thr=None, max_per_img=None, nms_pre=None, nms_iou=None); split(train 9657 / val 1515 / test 4265)",42,"phase acc/macro-F1/jaccard/edit/seg-F1 (online_causal, jaccard strict)","phase acc=0.9307, macro_f1=0.7806, jaccard=0.7337, edit=38.4985, segF1@50=0.4030
①信号 det→phase。Δ_phase vs S4 base 0.8986±0.0034",completed,efros (RTX A6000),False,"DDP 2GPU (RTX A6000 x2) on efros, manual launcher (E plan, CUDA_VISIBLE_DEVICES per rank)",file:///home/ubuntu/slocal/m2/experiments/transfer/b2a_det2phase_toolpresence_013_b2a_det2phase_toolpresence_seed42,"{""start"": ""2026-07-03T10:18:00.000+00:00"", ""end"": null, ""time_zone"": null}",B,must,b2a_det2phase_toolpresence_013_b2a_det2phase_toolpresence_seed42
392ee4d4-7777-81cc-b9ab-edb18bf6ec81,2026-07-03T10:18:00.000Z,2026-07-05T00:36:00.000Z,bd0609749afdfa2a356ef625a73628cddf38d4a9,"{""start"": ""2026-07-05T00:36:00.000+00:00"", ""end"": null, ""time_zone"": null}","effective_bs=1 (gpu_count=1 x per-gpu bs), lr_scaling=none; test_cfg(score_thr=None, max_per_img=None, nms_pre=None, nms_iou=None); split(train 9657 / val 1515 / test 4265)",42,"phase acc/macro-F1/jaccard/edit/seg-F1 (online_causal, jaccard strict)","phase acc=0.9393, macro_f1=0.8060, jaccard=0.7656, edit=38.3598, segF1@50=0.3934
①信号 det→phase。Δ_phase vs S4 base 0.8986±0.0034",completed,efros (RTX A6000),False,"DDP 2GPU (RTX A6000 x2) on efros, manual launcher (E plan, CUDA_VISIBLE_DEVICES per rank)",file:///home/ubuntu/slocal/m2/experiments/transfer/b2a_det2phase_toolpresence_012_b2a_det2phase_toolpresence_seed42,"{""start"": ""2026-07-03T10:17:00.000+00:00"", ""end"": null, ""time_zone"": null}",B,must,b2a_det2phase_toolpresence_012_b2a_det2phase_toolpresence_seed42
392ee4d4-7777-8188-bab5-f6109fe293f0,2026-07-03T10:17:00.000Z,2026-07-03T10:17:00.000Z,bd0609749afdfa2a356ef625a73628cddf38d4a9,"{""start"": ""2026-07-03T10:17:00.000+00:00"", ""end"": null, ""time_zone"": null}","effective_bs=1 (gpu_count=1 x per-gpu bs), lr_scaling=none; test_cfg(score_thr=None, max_per_img=None, nms_pre=None, nms_iou=None); split(train 9657 / val 1515 / test 4265)",42,phase acc/macro-F1/jaccard/edit/seg-F1 (online_causal),"phase acc=0.9188, macro_f1=0.7643, jaccard=0.7122, edit=44.1358, segF1@50=0.4256
工程単独分母（凍結 TeCNO）。Δ_phase の基準点",completed,efros (RTX A6000),False,"DDP 2GPU (RTX A6000 x2) on efros, manual launcher (E plan, CUDA_VISIBLE_DEVICES per rank)",file:///home/ubuntu/slocal/m2/experiments/phase1/s4_phase_baseline_024_frozen_tecno_phase_baseline_seed42,"{""start"": ""2026-07-03T10:17:00.000+00:00"", ""end"": null, ""time_zone"": null}",S4,must,s4_phase_baseline_024_frozen_tecno_phase_baseline_seed42
392ee4d4-7777-8110-9da4-fca5550949fe,2026-07-03T10:17:00.000Z,2026-07-03T10:17:00.000Z,bd0609749afdfa2a356ef625a73628cddf38d4a9,"{""start"": ""2026-07-03T10:17:00.000+00:00"", ""end"": null, ""time_zone"": null}","effective_bs=1 (gpu_count=1 x per-gpu bs), lr_scaling=none; test_cfg(score_thr=None, max_per_img=None, nms_pre=None, nms_iou=None); split(train 9657 / val 1515 / test 4265)",42,phase acc/macro-F1/jaccard/edit/seg-F1 (online_causal),"phase acc=0.8957, macro_f1=0.7374, jaccard=0.6678, edit=39.3651, segF1@50=0.3557
工程単独分母（凍結 TeCNO）。Δ_phase の基準点",completed,efros (RTX A6000),False,"DDP 2GPU (RTX A6000 x2) on efros, manual launcher (E plan, CUDA_VISIBLE_DEVICES per rank)",file:///home/ubuntu/slocal/m2/experiments/phase1/s4_phase_baseline_023_frozen_tecno_phase_baseline_seed42,"{""start"": ""2026-07-03T10:16:00.000+00:00"", ""end"": null, ""time_zone"": null}",S4,must,s4_phase_baseline_023_frozen_tecno_phase_baseline_seed42
392ee4d4-7777-81a8-bd92-f57120d62f3b,2026-07-03T07:56:00.000Z,2026-07-03T07:56:00.000Z,1a52c6fde8120bb62eba920ad3c3d8882f309b72,"{""start"": ""2026-07-03T07:56:00.000+00:00"", ""end"": null, ""time_zone"": null}","effective_bs=1 (gpu_count=1 x per-gpu bs), lr_scaling=eval_only; test_cfg(score_thr=0.0, max_per_img=300, nms_pre=None, nms_iou=None); split(train 9657 / val 1515 / test 4265)",456,tool bbox mAP / AP_50 / AP_75 / AP_rare / AP_common (COCO bbox @ IoU=0.5:0.95),"mAP=0.6690, AP_50=0.7960, AP_75=0.7300, AP_rare=0.7590, AP_common=0.6032 @ epoch 0 (best)",completed,andrew (RTX A6000),False,"DDP 2GPU (RTX A6000 x2) on andrew, manual launcher (E plan, CUDA_VISIBLE_DEVICES per rank)",file:///home/ubuntu/slocal2/m2/experiments/baselines/s0_016_maskdino_bbox_nmsfree_seed456,"{""start"": ""2026-07-03T07:54:00.000+00:00"", ""end"": null, ""time_zone"": null}",S0,must,s0_016_maskdino_bbox_nmsfree_seed456
392ee4d4-7777-8182-ba37-fde370b5ebe5,2026-07-03T07:54:00.000Z,2026-07-03T07:54:00.000Z,1a52c6fde8120bb62eba920ad3c3d8882f309b72,"{""start"": ""2026-07-03T07:54:00.000+00:00"", ""end"": null, ""time_zone"": null}","effective_bs=1 (gpu_count=1 x per-gpu bs), lr_scaling=eval_only; test_cfg(score_thr=0.0, max_per_img=300, nms_pre=None, nms_iou=None); split(train 9657 / val 1515 / test 4265)",123,tool bbox mAP / AP_50 / AP_75 / AP_rare / AP_common (COCO bbox @ IoU=0.5:0.95),"mAP=0.6800, AP_50=0.8140, AP_75=0.7410, AP_rare=0.7600, AP_common=0.6154 @ epoch 0 (best)",completed,andrew (RTX A6000),False,"DDP 2GPU (RTX A6000 x2) on andrew, manual launcher (E plan, CUDA_VISIBLE_DEVICES per rank)",file:///home/ubuntu/slocal2/m2/experiments/baselines/s0_015_maskdino_bbox_nmsfree_seed123,"{""start"": ""2026-07-03T07:52:00.000+00:00"", ""end"": null, ""time_zone"": null}",S0,must,s0_015_maskdino_bbox_nmsfree_seed123
392ee4d4-7777-81a0-9a40-da7105755f07,2026-07-03T07:51:00.000Z,2026-07-03T07:51:00.000Z,1a52c6fde8120bb62eba920ad3c3d8882f309b72,"{""start"": ""2026-07-03T07:51:00.000+00:00"", ""end"": null, ""time_zone"": null}","effective_bs=1 (gpu_count=1 x per-gpu bs), lr_scaling=eval_only; test_cfg(score_thr=0.0, max_per_img=300, nms_pre=None, nms_iou=None); split(train 9657 / val 1515 / test 4265)",42,tool bbox mAP / AP_50 / AP_75 / AP_rare / AP_common (COCO bbox @ IoU=0.5:0.95),"mAP=0.6650, AP_50=0.7900, AP_75=0.7240, AP_rare=0.7745, AP_common=0.5966 @ epoch 0 (best)",completed,andrew (RTX A6000),False,"DDP 2GPU (RTX A6000 x2) on andrew, manual launcher (E plan, CUDA_VISIBLE_DEVICES per rank)",file:///home/ubuntu/slocal2/m2/experiments/baselines/s0_014_maskdino_bbox_nmsfree_seed42,"{""start"": ""2026-07-03T07:49:00.000+00:00"", ""end"": null, ""time_zone"": null}",S0,must,s0_014_maskdino_bbox_nmsfree_seed42
392ee4d4-7777-81f3-8fe8-fe16643bc930,2026-07-03T02:08:00.000Z,2026-07-03T02:08:00.000Z,bd0609749afdfa2a356ef625a73628cddf38d4a9,"{""start"": ""2026-07-03T02:08:00.000+00:00"", ""end"": null, ""time_zone"": null}","effective_bs=1 (gpu_count=1 x per-gpu bs), lr_scaling=none; test_cfg(score_thr=None, max_per_img=None, nms_pre=None, nms_iou=None); split(train 9657 / val 1515 / test 4265)",456,phase acc/macro-F1/jaccard/edit/seg-F1 (online_causal),"phase acc=0.9518, macro_f1=0.8157, jaccard=0.7820, edit=44.1520, segF1@50=0.4594
②object-token det→phase。Δ_phase vs S4 base 0.8986（within-server）",completed,efros (RTX A6000),False,"DDP 2GPU (RTX A6000 x2) on efros, manual launcher (E plan, CUDA_VISIBLE_DEVICES per rank)",file:///home/ubuntu/slocal/m2/experiments/transfer/t1a_3seed_det42_p456_aug_001_t1a_3seed_det42_p456_aug_seed456,"{""start"": ""2026-07-03T02:08:00.000+00:00"", ""end"": null, ""time_zone"": null}",B,must,t1a_3seed_det42_p456_aug_001_t1a_3seed_det42_p456_aug_seed456
392ee4d4-7777-817e-a8ea-c01b0bc8eed4,2026-07-03T02:08:00.000Z,2026-07-03T02:08:00.000Z,bd0609749afdfa2a356ef625a73628cddf38d4a9,"{""start"": ""2026-07-03T02:08:00.000+00:00"", ""end"": null, ""time_zone"": null}","effective_bs=1 (gpu_count=1 x per-gpu bs), lr_scaling=none; test_cfg(score_thr=None, max_per_img=None, nms_pre=None, nms_iou=None); split(train 9657 / val 1515 / test 4265)",456,phase acc/macro-F1/jaccard/edit/seg-F1 (online_causal),"phase acc=0.9465, macro_f1=0.8016, jaccard=0.7606, edit=38.8243, segF1@50=0.4529
②object-token det→phase。Δ_phase vs S4 base 0.8986（within-server）",completed,efros (RTX A6000),False,"DDP 2GPU (RTX A6000 x2) on efros, manual launcher (E plan, CUDA_VISIBLE_DEVICES per rank)",file:///home/ubuntu/slocal/m2/experiments/transfer/t1a_3seed_det42_p456_frozen_001_t1a_3seed_det42_p456_frozen_seed456,"{""start"": ""2026-07-03T02:08:00.000+00:00"", ""end"": null, ""time_zone"": null}",B,must,t1a_3seed_det42_p456_frozen_001_t1a_3seed_det42_p456_frozen_seed456
392ee4d4-7777-819c-b4eb-de3571d5217f,2026-07-03T02:08:00.000Z,2026-07-05T00:36:00.000Z,bd0609749afdfa2a356ef625a73628cddf38d4a9,"{""start"": ""2026-07-05T00:36:00.000+00:00"", ""end"": null, ""time_zone"": null}","effective_bs=1 (gpu_count=1 x per-gpu bs), lr_scaling=none; test_cfg(score_thr=None, max_per_img=None, nms_pre=None, nms_iou=None); split(train 9657 / val 1515 / test 4265)",456,"phase acc/macro-F1/jaccard/edit/seg-F1 (online_causal, jaccard strict)","phase acc=0.9373, macro_f1=0.8005, jaccard=0.7583, edit=48.0287, segF1@50=0.4726
①信号 det→phase。Δ_phase vs S4 base 0.8986±0.0034",completed,efros (RTX A6000),False,"DDP 2GPU (RTX A6000 x2) on efros, manual launcher (E plan, CUDA_VISIBLE_DEVICES per rank)",file:///home/ubuntu/slocal/m2/experiments/transfer/b2a_det2phase_toolpresence_011_b2a_det2phase_toolpresence_seed456,"{""start"": ""2026-07-03T02:07:00.000+00:00"", ""end"": null, ""time_zone"": null}",B,must,b2a_det2phase_toolpresence_011_b2a_det2phase_toolpresence_seed456
392ee4d4-7777-8133-a7e3-d0dacc1b816f,2026-07-03T02:07:00.000Z,2026-07-05T00:36:00.000Z,bd0609749afdfa2a356ef625a73628cddf38d4a9,"{""start"": ""2026-07-05T00:36:00.000+00:00"", ""end"": null, ""time_zone"": null}","effective_bs=1 (gpu_count=1 x per-gpu bs), lr_scaling=none; test_cfg(score_thr=None, max_per_img=None, nms_pre=None, nms_iou=None); split(train 9657 / val 1515 / test 4265)",456,"phase acc/macro-F1/jaccard/edit/seg-F1 (online_causal, jaccard strict)","phase acc=0.9380, macro_f1=0.7877, jaccard=0.7418, edit=50.2874, segF1@50=0.5654
①信号 det→phase。Δ_phase vs S4 base 0.8986±0.0034",completed,efros (RTX A6000),False,"DDP 2GPU (RTX A6000 x2) on efros, manual launcher (E plan, CUDA_VISIBLE_DEVICES per rank)",file:///home/ubuntu/slocal/m2/experiments/transfer/b2a_det2phase_toolpresence_010_b2a_det2phase_toolpresence_seed456,"{""start"": ""2026-07-03T02:07:00.000+00:00"", ""end"": null, ""time_zone"": null}",B,must,b2a_det2phase_toolpresence_010_b2a_det2phase_toolpresence_seed456
392ee4d4-7777-81b4-a87b-fc8492732c8d,2026-07-03T02:07:00.000Z,2026-07-03T02:07:00.000Z,bd0609749afdfa2a356ef625a73628cddf38d4a9,"{""start"": ""2026-07-03T02:07:00.000+00:00"", ""end"": null, ""time_zone"": null}","effective_bs=1 (gpu_count=1 x per-gpu bs), lr_scaling=none; test_cfg(score_thr=None, max_per_img=None, nms_pre=None, nms_iou=None); split(train 9657 / val 1515 / test 4265)",456,phase acc/macro-F1/jaccard/edit/seg-F1 (online_causal),"phase acc=0.9089, macro_f1=0.7503, jaccard=0.6948, edit=35.9140, segF1@50=0.3690
工程単独分母（凍結 TeCNO）。Δ_phase の基準点",completed,efros (RTX A6000),False,"DDP 2GPU (RTX A6000 x2) on efros, manual launcher (E plan, CUDA_VISIBLE_DEVICES per rank)",file:///home/ubuntu/slocal/m2/experiments/phase1/s4_phase_baseline_022_frozen_tecno_phase_baseline_seed456,"{""start"": ""2026-07-03T02:07:00.000+00:00"", ""end"": null, ""time_zone"": null}",S4,must,s4_phase_baseline_022_frozen_tecno_phase_baseline_seed456
392ee4d4-7777-81e0-82ce-db7ea5798af1,2026-07-03T02:06:00.000Z,2026-07-03T02:06:00.000Z,bd0609749afdfa2a356ef625a73628cddf38d4a9,"{""start"": ""2026-07-03T02:06:00.000+00:00"", ""end"": null, ""time_zone"": null}","effective_bs=1 (gpu_count=1 x per-gpu bs), lr_scaling=none; test_cfg(score_thr=None, max_per_img=None, nms_pre=None, nms_iou=None); split(train 9657 / val 1515 / test 4265)",456,phase acc/macro-F1/jaccard/edit/seg-F1 (online_causal),"phase acc=0.8957, macro_f1=0.6663, jaccard=0.6210, edit=36.6111, segF1@50=0.3222
工程単独分母（凍結 TeCNO）。Δ_phase の基準点",completed,efros (RTX A6000),False,"DDP 2GPU (RTX A6000 x2) on efros, manual launcher (E plan, CUDA_VISIBLE_DEVICES per rank)",file:///home/ubuntu/slocal/m2/experiments/phase1/s4_phase_baseline_021_frozen_tecno_phase_baseline_seed456,"{""start"": ""2026-07-03T02:06:00.000+00:00"", ""end"": null, ""time_zone"": null}",S4,must,s4_phase_baseline_021_frozen_tecno_phase_baseline_seed456
392ee4d4-7777-81bd-b6fa-ddd94e531f21,2026-07-03T02:06:00.000Z,2026-07-03T02:06:00.000Z,bd0609749afdfa2a356ef625a73628cddf38d4a9,"{""start"": ""2026-07-03T02:06:00.000+00:00"", ""end"": null, ""time_zone"": null}","effective_bs=1 (gpu_count=1 x per-gpu bs), lr_scaling=none; test_cfg(score_thr=None, max_per_img=None, nms_pre=None, nms_iou=None); split(train 9657 / val 1515 / test 4265)",123,phase acc/macro-F1/jaccard/edit/seg-F1 (online_causal),"phase acc=0.9505, macro_f1=0.8159, jaccard=0.7816, edit=44.7447, segF1@50=0.5043
②object-token det→phase。Δ_phase vs S4 base 0.8986（within-server）",completed,efros (RTX A6000),False,"DDP 2GPU (RTX A6000 x2) on efros, manual launcher (E plan, CUDA_VISIBLE_DEVICES per rank)",file:///home/ubuntu/slocal/m2/experiments/transfer/t1a_3seed_det42_p123_aug_001_t1a_3seed_det42_p123_aug_seed123,"{""start"": ""2026-07-03T02:06:00.000+00:00"", ""end"": null, ""time_zone"": null}",B,must,t1a_3seed_det42_p123_aug_001_t1a_3seed_det42_p123_aug_seed123
392ee4d4-7777-81d0-a33f-f17dd8091509,2026-07-03T02:06:00.000Z,2026-07-03T02:06:00.000Z,bd0609749afdfa2a356ef625a73628cddf38d4a9,"{""start"": ""2026-07-03T02:06:00.000+00:00"", ""end"": null, ""time_zone"": null}","effective_bs=1 (gpu_count=1 x per-gpu bs), lr_scaling=none; test_cfg(score_thr=None, max_per_img=None, nms_pre=None, nms_iou=None); split(train 9657 / val 1515 / test 4265)",123,phase acc/macro-F1/jaccard/edit/seg-F1 (online_causal),"phase acc=0.9492, macro_f1=0.8126, jaccard=0.7761, edit=34.5122, segF1@50=0.4306
②object-token det→phase。Δ_phase vs S4 base 0.8986（within-server）",completed,efros (RTX A6000),False,"DDP 2GPU (RTX A6000 x2) on efros, manual launcher (E plan, CUDA_VISIBLE_DEVICES per rank)",file:///home/ubuntu/slocal/m2/experiments/transfer/t1a_3seed_det42_p123_frozen_001_t1a_3seed_det42_p123_frozen_seed123,"{""start"": ""2026-07-03T02:05:00.000+00:00"", ""end"": null, ""time_zone"": null}",B,must,t1a_3seed_det42_p123_frozen_001_t1a_3seed_det42_p123_frozen_seed123
392ee4d4-7777-8140-be75-e8aa444f1355,2026-07-03T02:05:00.000Z,2026-07-05T00:36:00.000Z,bd0609749afdfa2a356ef625a73628cddf38d4a9,"{""start"": ""2026-07-05T00:36:00.000+00:00"", ""end"": null, ""time_zone"": null}","effective_bs=1 (gpu_count=1 x per-gpu bs), lr_scaling=none; test_cfg(score_thr=None, max_per_img=None, nms_pre=None, nms_iou=None); split(train 9657 / val 1515 / test 4265)",123,"phase acc/macro-F1/jaccard/edit/seg-F1 (online_causal, jaccard strict)","phase acc=0.9426, macro_f1=0.8046, jaccard=0.7640, edit=31.7965, segF1@50=0.3502
①信号 det→phase。Δ_phase vs S4 base 0.8986±0.0034",completed,efros (RTX A6000),False,"DDP 2GPU (RTX A6000 x2) on efros, manual launcher (E plan, CUDA_VISIBLE_DEVICES per rank)",file:///home/ubuntu/slocal/m2/experiments/transfer/b2a_det2phase_toolpresence_009_b2a_det2phase_toolpresence_seed123,"{""start"": ""2026-07-03T02:05:00.000+00:00"", ""end"": null, ""time_zone"": null}",B,must,b2a_det2phase_toolpresence_009_b2a_det2phase_toolpresence_seed123
392ee4d4-7777-81f6-86a0-ccc16c28bd3c,2026-07-03T02:05:00.000Z,2026-07-05T00:36:00.000Z,bd0609749afdfa2a356ef625a73628cddf38d4a9,"{""start"": ""2026-07-05T00:36:00.000+00:00"", ""end"": null, ""time_zone"": null}","effective_bs=1 (gpu_count=1 x per-gpu bs), lr_scaling=none; test_cfg(score_thr=None, max_per_img=None, nms_pre=None, nms_iou=None); split(train 9657 / val 1515 / test 4265)",123,"phase acc/macro-F1/jaccard/edit/seg-F1 (online_causal, jaccard strict)","phase acc=0.9340, macro_f1=0.7857, jaccard=0.7393, edit=47.4444, segF1@50=0.4694
①信号 det→phase。Δ_phase vs S4 base 0.8986±0.0034",completed,efros (RTX A6000),False,"DDP 2GPU (RTX A6000 x2) on efros, manual launcher (E plan, CUDA_VISIBLE_DEVICES per rank)",file:///home/ubuntu/slocal/m2/experiments/transfer/b2a_det2phase_toolpresence_008_b2a_det2phase_toolpresence_seed123,"{""start"": ""2026-07-03T02:05:00.000+00:00"", ""end"": null, ""time_zone"": null}",B,must,b2a_det2phase_toolpresence_008_b2a_det2phase_toolpresence_seed123
392ee4d4-7777-816f-8aed-e11e072f6778,2026-07-03T02:05:00.000Z,2026-07-03T02:05:00.000Z,bd0609749afdfa2a356ef625a73628cddf38d4a9,"{""start"": ""2026-07-03T02:05:00.000+00:00"", ""end"": null, ""time_zone"": null}","effective_bs=1 (gpu_count=1 x per-gpu bs), lr_scaling=none; test_cfg(score_thr=None, max_per_img=None, nms_pre=None, nms_iou=None); split(train 9657 / val 1515 / test 4265)",123,phase acc/macro-F1/jaccard/edit/seg-F1 (online_causal),"phase acc=0.9135, macro_f1=0.7491, jaccard=0.6979, edit=49.3939, segF1@50=0.4797
工程単独分母（凍結 TeCNO）。Δ_phase の基準点",completed,efros (RTX A6000),False,"DDP 2GPU (RTX A6000 x2) on efros, manual launcher (E plan, CUDA_VISIBLE_DEVICES per rank)",file:///home/ubuntu/slocal/m2/experiments/phase1/s4_phase_baseline_020_frozen_tecno_phase_baseline_seed123,"{""start"": ""2026-07-03T02:04:00.000+00:00"", ""end"": null, ""time_zone"": null}",S4,must,s4_phase_baseline_020_frozen_tecno_phase_baseline_seed123
392ee4d4-7777-8124-b8c5-cd6c5d9d532f,2026-07-03T02:04:00.000Z,2026-07-03T02:04:00.000Z,bd0609749afdfa2a356ef625a73628cddf38d4a9,"{""start"": ""2026-07-03T02:04:00.000+00:00"", ""end"": null, ""time_zone"": null}","effective_bs=1 (gpu_count=1 x per-gpu bs), lr_scaling=none; test_cfg(score_thr=None, max_per_img=None, nms_pre=None, nms_iou=None); split(train 9657 / val 1515 / test 4265)",123,phase acc/macro-F1/jaccard/edit/seg-F1 (online_causal),"phase acc=0.8911, macro_f1=0.6947, jaccard=0.6238, edit=38.4444, segF1@50=0.3177
工程単独分母（凍結 TeCNO）。Δ_phase の基準点",completed,efros (RTX A6000),False,"DDP 2GPU (RTX A6000 x2) on efros, manual launcher (E plan, CUDA_VISIBLE_DEVICES per rank)",file:///home/ubuntu/slocal/m2/experiments/phase1/s4_phase_baseline_019_frozen_tecno_phase_baseline_seed123,"{""start"": ""2026-07-03T02:04:00.000+00:00"", ""end"": null, ""time_zone"": null}",S4,must,s4_phase_baseline_019_frozen_tecno_phase_baseline_seed123
392ee4d4-7777-8143-9837-fe243d83e2c4,2026-07-03T02:04:00.000Z,2026-07-03T02:04:00.000Z,bd0609749afdfa2a356ef625a73628cddf38d4a9,"{""start"": ""2026-07-03T02:04:00.000+00:00"", ""end"": null, ""time_zone"": null}","effective_bs=1 (gpu_count=1 x per-gpu bs), lr_scaling=none; test_cfg(score_thr=None, max_per_img=None, nms_pre=None, nms_iou=None); split(train 9657 / val 1515 / test 4265)",42,phase acc/macro-F1/jaccard/edit/seg-F1 (online_causal),"phase acc=0.9525, macro_f1=0.8158, jaccard=0.7819, edit=44.1520, segF1@50=0.4594
②object-token det→phase。Δ_phase vs S4 base 0.8986（within-server）",completed,efros (RTX A6000),False,"DDP 2GPU (RTX A6000 x2) on efros, manual launcher (E plan, CUDA_VISIBLE_DEVICES per rank)",file:///home/ubuntu/slocal/m2/experiments/transfer/t1a_3seed_det42_p42_aug_001_t1a_3seed_det42_p42_aug_seed42,"{""start"": ""2026-07-03T02:03:00.000+00:00"", ""end"": null, ""time_zone"": null}",B,must,t1a_3seed_det42_p42_aug_001_t1a_3seed_det42_p42_aug_seed42
392ee4d4-7777-8102-af76-e60543a65b65,2026-07-03T02:03:00.000Z,2026-07-03T02:03:00.000Z,bd0609749afdfa2a356ef625a73628cddf38d4a9,"{""start"": ""2026-07-03T02:03:00.000+00:00"", ""end"": null, ""time_zone"": null}","effective_bs=1 (gpu_count=1 x per-gpu bs), lr_scaling=none; test_cfg(score_thr=None, max_per_img=None, nms_pre=None, nms_iou=None); split(train 9657 / val 1515 / test 4265)",42,phase acc/macro-F1/jaccard/edit/seg-F1 (online_causal),"phase acc=0.9479, macro_f1=0.8097, jaccard=0.7714, edit=35.2381, segF1@50=0.4324
②object-token det→phase。Δ_phase vs S4 base 0.8986（within-server）",completed,efros (RTX A6000),False,"DDP 2GPU (RTX A6000 x2) on efros, manual launcher (E plan, CUDA_VISIBLE_DEVICES per rank)",file:///home/ubuntu/slocal/m2/experiments/transfer/t1a_3seed_det42_p42_frozen_001_t1a_3seed_det42_p42_frozen_seed42,"{""start"": ""2026-07-03T02:03:00.000+00:00"", ""end"": null, ""time_zone"": null}",B,must,t1a_3seed_det42_p42_frozen_001_t1a_3seed_det42_p42_frozen_seed42
392ee4d4-7777-81e9-8312-feebe5203b5f,2026-07-03T02:03:00.000Z,2026-07-05T00:37:00.000Z,bd0609749afdfa2a356ef625a73628cddf38d4a9,"{""start"": ""2026-07-05T00:37:00.000+00:00"", ""end"": null, ""time_zone"": null}","effective_bs=1 (gpu_count=1 x per-gpu bs), lr_scaling=none; test_cfg(score_thr=None, max_per_img=None, nms_pre=None, nms_iou=None); split(train 9657 / val 1515 / test 4265)",42,"phase acc/macro-F1/jaccard/edit/seg-F1 (online_causal, jaccard strict)","phase acc=0.9386, macro_f1=0.7984, jaccard=0.7561, edit=44.4444, segF1@50=0.4444
①信号 det→phase。Δ_phase vs S4 base 0.8986±0.0034",completed,efros (RTX A6000),False,"DDP 2GPU (RTX A6000 x2) on efros, manual launcher (E plan, CUDA_VISIBLE_DEVICES per rank)",file:///home/ubuntu/slocal/m2/experiments/transfer/b2a_det2phase_toolpresence_007_b2a_det2phase_toolpresence_seed42,"{""start"": ""2026-07-03T02:03:00.000+00:00"", ""end"": null, ""time_zone"": null}",B,must,b2a_det2phase_toolpresence_007_b2a_det2phase_toolpresence_seed42
392ee4d4-7777-81b9-8c87-c5bcc112370b,2026-07-03T02:03:00.000Z,2026-07-05T00:37:00.000Z,bd0609749afdfa2a356ef625a73628cddf38d4a9,"{""start"": ""2026-07-05T00:37:00.000+00:00"", ""end"": null, ""time_zone"": null}","effective_bs=1 (gpu_count=1 x per-gpu bs), lr_scaling=none; test_cfg(score_thr=None, max_per_img=None, nms_pre=None, nms_iou=None); split(train 9657 / val 1515 / test 4265)",42,"phase acc/macro-F1/jaccard/edit/seg-F1 (online_causal, jaccard strict)","phase acc=0.9393, macro_f1=0.7951, jaccard=0.7508, edit=44.6667, segF1@50=0.4548
①信号 det→phase。Δ_phase vs S4 base 0.8986±0.0034",completed,efros (RTX A6000),False,"DDP 2GPU (RTX A6000 x2) on efros, manual launcher (E plan, CUDA_VISIBLE_DEVICES per rank)",file:///home/ubuntu/slocal/m2/experiments/transfer/b2a_det2phase_toolpresence_006_b2a_det2phase_toolpresence_seed42,"{""start"": ""2026-07-03T02:02:00.000+00:00"", ""end"": null, ""time_zone"": null}",B,must,b2a_det2phase_toolpresence_006_b2a_det2phase_toolpresence_seed42
392ee4d4-7777-81a9-8c1d-fb9a5aafaa3c,2026-07-03T02:02:00.000Z,2026-07-03T02:02:00.000Z,bd0609749afdfa2a356ef625a73628cddf38d4a9,"{""start"": ""2026-07-03T02:02:00.000+00:00"", ""end"": null, ""time_zone"": null}","effective_bs=1 (gpu_count=1 x per-gpu bs), lr_scaling=none; test_cfg(score_thr=None, max_per_img=None, nms_pre=None, nms_iou=None); split(train 9657 / val 1515 / test 4265)",42,phase acc/macro-F1/jaccard/edit/seg-F1 (online_causal),"phase acc=0.9142, macro_f1=0.7310, jaccard=0.6866, edit=46.2222, segF1@50=0.4183
工程単独分母（凍結 TeCNO）。Δ_phase の基準点",completed,efros (RTX A6000),False,"DDP 2GPU (RTX A6000 x2) on efros, manual launcher (E plan, CUDA_VISIBLE_DEVICES per rank)",file:///home/ubuntu/slocal/m2/experiments/phase1/s4_phase_baseline_018_frozen_tecno_phase_baseline_seed42,"{""start"": ""2026-07-03T02:02:00.000+00:00"", ""end"": null, ""time_zone"": null}",S4,must,s4_phase_baseline_018_frozen_tecno_phase_baseline_seed42
392ee4d4-7777-81c1-bb6c-f182853e61e9,2026-07-03T02:02:00.000Z,2026-07-03T02:02:00.000Z,bd0609749afdfa2a356ef625a73628cddf38d4a9,"{""start"": ""2026-07-03T02:02:00.000+00:00"", ""end"": null, ""time_zone"": null}","effective_bs=1 (gpu_count=1 x per-gpu bs), lr_scaling=none; test_cfg(score_thr=None, max_per_img=None, nms_pre=None, nms_iou=None); split(train 9657 / val 1515 / test 4265)",42,phase acc/macro-F1/jaccard/edit/seg-F1 (online_causal),"phase acc=0.8970, macro_f1=0.6572, jaccard=0.6111, edit=38.7619, segF1@50=0.3900
工程単独分母（凍結 TeCNO）。Δ_phase の基準点",completed,efros (RTX A6000),False,"DDP 2GPU (RTX A6000 x2) on efros, manual launcher (E plan, CUDA_VISIBLE_DEVICES per rank)",file:///home/ubuntu/slocal/m2/experiments/phase1/s4_phase_baseline_017_frozen_tecno_phase_baseline_seed42,"{""start"": ""2026-07-03T02:01:00.000+00:00"", ""end"": null, ""time_zone"": null}",S4,must,s4_phase_baseline_017_frozen_tecno_phase_baseline_seed42
392ee4d4-7777-81f9-b5b2-cc8c1297bd77,2026-07-03T01:55:00.000Z,2026-07-03T01:55:00.000Z,bd0609749afdfa2a356ef625a73628cddf38d4a9,"{""start"": ""2026-07-03T01:55:00.000+00:00"", ""end"": null, ""time_zone"": null}","effective_bs=1 (gpu_count=1 x per-gpu bs), lr_scaling=none; test_cfg(score_thr=None, max_per_img=None, nms_pre=None, nms_iou=None); split(train 9657 / val 1515 / test 4265)",42,phase acc/macro-F1/jaccard/edit/seg-F1 (online_causal),"phase acc=0.9545, macro_f1=0.8209, jaccard=0.7900, edit=45.3704, segF1@50=0.4769
②object-token det→phase。Δ_phase vs S4 base 0.8986（within-server）",completed,efros (RTX A6000),False,"DDP 2GPU (RTX A6000 x2) on efros, manual launcher (E plan, CUDA_VISIBLE_DEVICES per rank)",file:///home/ubuntu/slocal/m2/experiments/transfer/t1a_3seed_det42_aug_001_t1a_3seed_det42_aug_seed42,"{""start"": ""2026-07-03T01:54:00.000+00:00"", ""end"": null, ""time_zone"": null}",B,must,t1a_3seed_det42_aug_001_t1a_3seed_det42_aug_seed42
392ee4d4-7777-81dd-a0de-f5f8e7fafdb0,2026-07-03T01:54:00.000Z,2026-07-03T01:54:00.000Z,bd0609749afdfa2a356ef625a73628cddf38d4a9,"{""start"": ""2026-07-03T01:54:00.000+00:00"", ""end"": null, ""time_zone"": null}","effective_bs=1 (gpu_count=1 x per-gpu bs), lr_scaling=none; test_cfg(score_thr=None, max_per_img=None, nms_pre=None, nms_iou=None); split(train 9657 / val 1515 / test 4265)",42,phase acc/macro-F1/jaccard/edit/seg-F1 (online_causal),"phase acc=0.9498, macro_f1=0.8090, jaccard=0.7682, edit=33.3333, segF1@50=0.3972
②object-token det→phase。Δ_phase vs S4 base 0.8986（within-server）",completed,efros (RTX A6000),False,"DDP 2GPU (RTX A6000 x2) on efros, manual launcher (E plan, CUDA_VISIBLE_DEVICES per rank)",file:///home/ubuntu/slocal/m2/experiments/transfer/t1a_3seed_det42_frozen_001_t1a_3seed_det42_frozen_seed42,"{""start"": ""2026-07-03T01:54:00.000+00:00"", ""end"": null, ""time_zone"": null}",B,must,t1a_3seed_det42_frozen_001_t1a_3seed_det42_frozen_seed42
392ee4d4-7777-8173-ba14-c61ddd64c058,2026-07-03T01:54:00.000Z,2026-07-05T00:36:00.000Z,bd0609749afdfa2a356ef625a73628cddf38d4a9,"{""start"": ""2026-07-05T00:36:00.000+00:00"", ""end"": null, ""time_zone"": null}","effective_bs=1 (gpu_count=1 x per-gpu bs), lr_scaling=none; test_cfg(score_thr=None, max_per_img=None, nms_pre=None, nms_iou=None); split(train 9657 / val 1515 / test 4265)",42,"phase acc/macro-F1/jaccard/edit/seg-F1 (online_causal, jaccard strict)","phase acc=0.9373, macro_f1=0.7916, jaccard=0.7472, edit=50.8812, segF1@50=0.4861
①信号 det→phase。Δ_phase vs S4 base 0.8986±0.0034",completed,efros (RTX A6000),False,"DDP 2GPU (RTX A6000 x2) on efros, manual launcher (E plan, CUDA_VISIBLE_DEVICES per rank)",file:///home/ubuntu/slocal/m2/experiments/transfer/b2a_det2phase_toolpresence_005_b2a_det2phase_toolpresence_seed42,"{""start"": ""2026-07-03T01:54:00.000+00:00"", ""end"": null, ""time_zone"": null}",B,must,b2a_det2phase_toolpresence_005_b2a_det2phase_toolpresence_seed42
392ee4d4-7777-8194-bf33-c92b7dab11a5,2026-07-03T01:54:00.000Z,2026-07-05T00:36:00.000Z,bd0609749afdfa2a356ef625a73628cddf38d4a9,"{""start"": ""2026-07-05T00:36:00.000+00:00"", ""end"": null, ""time_zone"": null}","effective_bs=1 (gpu_count=1 x per-gpu bs), lr_scaling=none; test_cfg(score_thr=None, max_per_img=None, nms_pre=None, nms_iou=None); split(train 9657 / val 1515 / test 4265)",42,"phase acc/macro-F1/jaccard/edit/seg-F1 (online_causal, jaccard strict)","phase acc=0.9340, macro_f1=0.7868, jaccard=0.7381, edit=40.6042, segF1@50=0.4220
①信号 det→phase。Δ_phase vs S4 base 0.8986±0.0034",completed,efros (RTX A6000),False,"DDP 2GPU (RTX A6000 x2) on efros, manual launcher (E plan, CUDA_VISIBLE_DEVICES per rank)",file:///home/ubuntu/slocal/m2/experiments/transfer/b2a_det2phase_toolpresence_004_b2a_det2phase_toolpresence_seed42,"{""start"": ""2026-07-03T01:53:00.000+00:00"", ""end"": null, ""time_zone"": null}",B,must,b2a_det2phase_toolpresence_004_b2a_det2phase_toolpresence_seed42
392ee4d4-7777-813e-a5b7-c0491f5e277f,2026-07-03T01:53:00.000Z,2026-07-03T01:53:00.000Z,bd0609749afdfa2a356ef625a73628cddf38d4a9,"{""start"": ""2026-07-03T01:53:00.000+00:00"", ""end"": null, ""time_zone"": null}","effective_bs=1 (gpu_count=1 x per-gpu bs), lr_scaling=none; test_cfg(score_thr=None, max_per_img=None, nms_pre=None, nms_iou=None); split(train 9657 / val 1515 / test 4265)",42,phase acc/macro-F1/jaccard/edit/seg-F1 (online_causal),"phase acc=0.9162, macro_f1=0.7553, jaccard=0.7060, edit=46.2222, segF1@50=0.4389
工程単独分母（凍結 TeCNO）。Δ_phase の基準点",completed,efros (RTX A6000),False,"DDP 2GPU (RTX A6000 x2) on efros, manual launcher (E plan, CUDA_VISIBLE_DEVICES per rank)",file:///home/ubuntu/slocal/m2/experiments/phase1/s4_phase_baseline_016_frozen_tecno_phase_baseline_seed42,"{""start"": ""2026-07-03T01:53:00.000+00:00"", ""end"": null, ""time_zone"": null}",S4,must,s4_phase_baseline_016_frozen_tecno_phase_baseline_seed42
392ee4d4-7777-8120-b457-d157cbed0091,2026-07-03T01:53:00.000Z,2026-07-03T01:53:00.000Z,bd0609749afdfa2a356ef625a73628cddf38d4a9,"{""start"": ""2026-07-03T01:53:00.000+00:00"", ""end"": null, ""time_zone"": null}","effective_bs=1 (gpu_count=1 x per-gpu bs), lr_scaling=none; test_cfg(score_thr=None, max_per_img=None, nms_pre=None, nms_iou=None); split(train 9657 / val 1515 / test 4265)",42,phase acc/macro-F1/jaccard/edit/seg-F1 (online_causal),"phase acc=0.9043, macro_f1=0.7406, jaccard=0.6764, edit=37.6984, segF1@50=0.3605
工程単独分母（凍結 TeCNO）。Δ_phase の基準点",completed,efros (RTX A6000),False,"DDP 2GPU (RTX A6000 x2) on efros, manual launcher (E plan, CUDA_VISIBLE_DEVICES per rank)",file:///home/ubuntu/slocal/m2/experiments/phase1/s4_phase_baseline_015_frozen_tecno_phase_baseline_seed42,"{""start"": ""2026-07-03T01:52:00.000+00:00"", ""end"": null, ""time_zone"": null}",S4,must,s4_phase_baseline_015_frozen_tecno_phase_baseline_seed42
391ee4d4-7777-8161-90db-e5f712da203d,2026-07-02T19:43:00.000Z,2026-07-02T19:43:00.000Z,1a52c6fde8120bb62eba920ad3c3d8882f309b72,"{""start"": ""2026-07-02T19:43:00.000+00:00"", ""end"": null, ""time_zone"": null}","effective_bs=1 (gpu_count=1 x per-gpu bs), lr_scaling=none; test_cfg(score_thr=None, max_per_img=None, nms_pre=None, nms_iou=None); split(train 9657 / val 1515 / test 4265)",42,phase acc/macro-F1/jaccard/edit/seg-F1 (online_causal),"phase acc=0.9531, macro_f1=0.8177, jaccard=0.7851, edit=46.7320, segF1@50=0.4956
②object-token det→phase。Δ_phase vs S4 base 0.8986（within-server）",completed,efros (RTX A6000),False,"DDP 2GPU (RTX A6000 x2) on efros, manual launcher (E plan, CUDA_VISIBLE_DEVICES per rank)",file:///home/ubuntu/slocal/m2/experiments/transfer/t1a_probe_aug_001_t1a_probe_aug_seed42,"{""start"": ""2026-07-02T19:42:00.000+00:00"", ""end"": null, ""time_zone"": null}",B,must,t1a_probe_aug_001_t1a_probe_aug_seed42
391ee4d4-7777-81c5-aac7-e8eb0ddab042,2026-07-02T19:42:00.000Z,2026-07-02T19:42:00.000Z,1a52c6fde8120bb62eba920ad3c3d8882f309b72,"{""start"": ""2026-07-02T19:42:00.000+00:00"", ""end"": null, ""time_zone"": null}","effective_bs=1 (gpu_count=1 x per-gpu bs), lr_scaling=none; test_cfg(score_thr=None, max_per_img=None, nms_pre=None, nms_iou=None); split(train 9657 / val 1515 / test 4265)",42,phase acc/macro-F1/jaccard/edit/seg-F1 (online_causal),"phase acc=0.9479, macro_f1=0.8030, jaccard=0.7625, edit=37.6263, segF1@50=0.4502
②object-token det→phase。Δ_phase vs S4 base 0.8986（within-server）",completed,efros (RTX A6000),False,"DDP 2GPU (RTX A6000 x2) on efros, manual launcher (E plan, CUDA_VISIBLE_DEVICES per rank)",file:///home/ubuntu/slocal/m2/experiments/transfer/t1a_probe_frozen_001_t1a_probe_frozen_seed42,"{""start"": ""2026-07-02T19:42:00.000+00:00"", ""end"": null, ""time_zone"": null}",B,must,t1a_probe_frozen_001_t1a_probe_frozen_seed42
391ee4d4-7777-8149-b614-f2b9f7250436,2026-07-02T19:42:00.000Z,2026-07-05T00:36:00.000Z,1a52c6fde8120bb62eba920ad3c3d8882f309b72,"{""start"": ""2026-07-05T00:36:00.000+00:00"", ""end"": null, ""time_zone"": null}","effective_bs=1 (gpu_count=1 x per-gpu bs), lr_scaling=none; test_cfg(score_thr=None, max_per_img=None, nms_pre=None, nms_iou=None); split(train 9657 / val 1515 / test 4265)",42,"phase acc/macro-F1/jaccard/edit/seg-F1 (online_causal, jaccard strict)","phase acc=0.9360, macro_f1=0.7966, jaccard=0.7532, edit=42.9739, segF1@50=0.4367
①信号 det→phase。Δ_phase vs S4 base 0.8986±0.0034",completed,efros (RTX A6000),False,"DDP 2GPU (RTX A6000 x2) on efros, manual launcher (E plan, CUDA_VISIBLE_DEVICES per rank)",file:///home/ubuntu/slocal/m2/experiments/transfer/b2a_det2phase_toolpresence_003_b2a_det2phase_toolpresence_seed42,"{""start"": ""2026-07-02T19:42:00.000+00:00"", ""end"": null, ""time_zone"": null}",B,must,b2a_det2phase_toolpresence_003_b2a_det2phase_toolpresence_seed42
391ee4d4-7777-81de-8adc-c391a8759ee6,2026-07-02T19:42:00.000Z,2026-07-02T19:42:00.000Z,1a52c6fde8120bb62eba920ad3c3d8882f309b72,"{""start"": ""2026-07-02T19:42:00.000+00:00"", ""end"": null, ""time_zone"": null}","effective_bs=1 (gpu_count=1 x per-gpu bs), lr_scaling=none; test_cfg(score_thr=None, max_per_img=None, nms_pre=None, nms_iou=None); split(train 9657 / val 1515 / test 4265)",42,phase acc/macro-F1/jaccard/edit/seg-F1 (online_causal),"phase acc=0.9135, macro_f1=0.7630, jaccard=0.7114, edit=43.8889, segF1@50=0.4394
工程単独分母（凍結 TeCNO）。Δ_phase の基準点",completed,efros (RTX A6000),False,"DDP 2GPU (RTX A6000 x2) on efros, manual launcher (E plan, CUDA_VISIBLE_DEVICES per rank)",file:///home/ubuntu/slocal/m2/experiments/phase1/s4_phase_baseline_014_frozen_tecno_phase_baseline_seed42,"{""start"": ""2026-07-02T19:41:00.000+00:00"", ""end"": null, ""time_zone"": null}",S4,must,s4_phase_baseline_014_frozen_tecno_phase_baseline_seed42
391ee4d4-7777-8148-8e6d-cd05e8e5520d,2026-07-02T19:41:00.000Z,2026-07-02T19:41:00.000Z,1a52c6fde8120bb62eba920ad3c3d8882f309b72,"{""start"": ""2026-07-02T19:41:00.000+00:00"", ""end"": null, ""time_zone"": null}","effective_bs=1 (gpu_count=1 x per-gpu bs), lr_scaling=none; test_cfg(score_thr=None, max_per_img=None, nms_pre=None, nms_iou=None); split(train 9657 / val 1515 / test 4265)",42,phase acc/macro-F1/jaccard/edit/seg-F1 (online_causal),"phase acc=0.8964, macro_f1=0.7015, jaccard=0.6414, edit=37.9444, segF1@50=0.3356
工程単独分母（凍結 TeCNO）。Δ_phase の基準点",completed,efros (RTX A6000),False,"DDP 2GPU (RTX A6000 x2) on efros, manual launcher (E plan, CUDA_VISIBLE_DEVICES per rank)",file:///home/ubuntu/slocal/m2/experiments/phase1/s4_phase_baseline_013_frozen_tecno_phase_baseline_seed42,"{""start"": ""2026-07-02T19:41:00.000+00:00"", ""end"": null, ""time_zone"": null}",S4,must,s4_phase_baseline_013_frozen_tecno_phase_baseline_seed42
391ee4d4-7777-8107-bb2d-d3bf432b6e4d,2026-07-02T19:18:00.000Z,2026-07-05T00:13:00.000Z,,,現状 混在（正規値は旧 locked-down）→ score_thr=0.0系（NMS-free）へ eval のみ再実行。3-seed。,,mAP / AP_rare / AP_common,"test 3seed mean bbox_mAP=0.458 σ=0.011 / seed42=0.452, 123=0.472, 456=0.451. AP_rare mean=0.548, AP_common mean=0.445. see s0_001-003_reeval_score_thr_0",completed,,False,,,,S0,effort,Mask DINO 再評価（eval-only → score_thr=0.0系統一）
391ee4d4-7777-818b-9a41-faa9f628ceb9,2026-07-02T19:18:00.000Z,2026-07-05T00:13:00.000Z,,,現状 locked-down → score_thr=0.0系（NMS-free: nms_iou=-1・top-k=300）へ eval のみ再実行。,,mAP / AP_rare / AP_common,"seed42 only (seed123/456 学習未実施, env-unification defer). test bbox_mAP=0.495 AP50=0.672 AP75=0.561. see s0_013_reeval_score_thr_0",completed,,False,,,,S0,effort,Sensex Co-DINO 再評価（eval-only → score_thr=0.0系統一）
391ee4d4-7777-8191-b5c6-ec985186a9f3,2026-07-02T19:18:00.000Z,2026-07-05T00:13:00.000Z,,,現状 locked-down → score_thr=0.0系（NMS-free: nms_iou=-1・top-k=300）へ eval のみ再実行（学習やり直さない）。3-seed。,,mAP / AP_rare / AP_common /（signature部分集合 per-class AP）,"test 3seed mean bbox_mAP=0.490 σ=0.004 / seed42=0.491, 123=0.486, 456=0.494. AP_rare mean=0.587, AP_common mean=0.476. see s0_007-009_reeval_score_thr_0",completed,,False,,,,S0,effort,Co-DETR 再評価（eval-only → score_thr=0.0系統一）
391ee4d4-7777-81bb-b952-ef899606ed02,2026-07-02T19:18:00.000Z,2026-07-05T00:13:00.000Z,,,現状 混在 → locked-down（score_thr=1e-8・NMS on）で再評価。唯一の dense ゆえ NMS が適正。別 recipe（別掲）＝DETR系と同一列で順位比較しない。3-seed。,,mAP / AP_rare / AP_common,"test 3seed mean bbox_mAP=0.433 σ=0.003 (locked-down default recipe) / seed42=0.436, 123=0.431, 456=0.431. AP_rare mean=0.457, AP_common mean=0.429. see s0_004-006_reeval_lockeddown",completed,,False,,,,S0,effort,VarifocalNet 再評価（eval-only → locked-down 別掲）
391ee4d4-7777-8184-aff7-ee23f5a972a8,2026-07-02T11:56:00.000Z,2026-07-02T11:56:00.000Z,1a52c6fde8120bb62eba920ad3c3d8882f309b72,"{""start"": ""2026-07-02T11:56:00.000+00:00"", ""end"": null, ""time_zone"": null}","effective_bs=1 (gpu_count=1 x per-gpu bs), lr_scaling=none; test_cfg(score_thr=None, max_per_img=None, nms_pre=None, nms_iou=None); split(train 9657 / val 1515 / test 4265)",456,"phase edit/seg-F1 (over-seg) + acc/macro-F1 (online_causal, plain & sticky)","phase acc=0.9479, macro_f1=0.8111, jaccard=0.7734, edit=35.2381, segF1@50=0.4286
②T1a + 因果 boundary head。edit-score 改善を狙う（vs T1a base 同env・paired-σ）",completed,efros (RTX A6000),False,"DDP 2GPU (RTX A6000 x2) on efros, manual launcher (E plan, CUDA_VISIBLE_DEVICES per rank)",file:///home/ubuntu/slocal/m2/experiments/transfer/t1a_boundary_003_t1a_boundary_seed456,"{""start"": ""2026-07-02T11:56:00.000+00:00"", ""end"": null, ""time_zone"": null}",B,must,t1a_boundary_003_t1a_boundary_seed456
391ee4d4-7777-8146-9026-d14207ed69d1,2026-07-02T11:56:00.000Z,2026-07-02T11:56:00.000Z,1a52c6fde8120bb62eba920ad3c3d8882f309b72,"{""start"": ""2026-07-02T11:56:00.000+00:00"", ""end"": null, ""time_zone"": null}","effective_bs=1 (gpu_count=1 x per-gpu bs), lr_scaling=none; test_cfg(score_thr=None, max_per_img=None, nms_pre=None, nms_iou=None); split(train 9657 / val 1515 / test 4265)",456,phase acc/macro-F1/jaccard/edit/seg-F1 (online_causal),"phase acc=0.9465, macro_f1=0.7961, jaccard=0.7525, edit=39.4444, segF1@50=0.4615
②object-token det→phase。Δ_phase vs S4 base 0.8986（within-server）",completed,efros (RTX A6000),False,"DDP 2GPU (RTX A6000 x2) on efros, manual launcher (E plan, CUDA_VISIBLE_DEVICES per rank)",file:///home/ubuntu/slocal/m2/experiments/transfer/t1a_base_env_003_t1a_base_env_seed456,"{""start"": ""2026-07-02T11:56:00.000+00:00"", ""end"": null, ""time_zone"": null}",B,must,t1a_base_env_003_t1a_base_env_seed456
391ee4d4-7777-810f-99b4-df60801a1dc8,2026-07-02T11:56:00.000Z,2026-07-02T11:56:00.000Z,1a52c6fde8120bb62eba920ad3c3d8882f309b72,"{""start"": ""2026-07-02T11:56:00.000+00:00"", ""end"": null, ""time_zone"": null}","effective_bs=1 (gpu_count=1 x per-gpu bs), lr_scaling=none; test_cfg(score_thr=None, max_per_img=None, nms_pre=None, nms_iou=None); split(train 9657 / val 1515 / test 4265)",123,"phase edit/seg-F1 (over-seg) + acc/macro-F1 (online_causal, plain & sticky)","phase acc=0.9452, macro_f1=0.7980, jaccard=0.7548, edit=33.2401, segF1@50=0.3957
②T1a + 因果 boundary head。edit-score 改善を狙う（vs T1a base 同env・paired-σ）",completed,efros (RTX A6000),False,"DDP 2GPU (RTX A6000 x2) on efros, manual launcher (E plan, CUDA_VISIBLE_DEVICES per rank)",file:///home/ubuntu/slocal/m2/experiments/transfer/t1a_boundary_002_t1a_boundary_seed123,"{""start"": ""2026-07-02T11:56:00.000+00:00"", ""end"": null, ""time_zone"": null}",B,must,t1a_boundary_002_t1a_boundary_seed123
391ee4d4-7777-81b1-8ad5-e807062b6a74,2026-07-02T11:56:00.000Z,2026-07-02T11:56:00.000Z,1a52c6fde8120bb62eba920ad3c3d8882f309b72,"{""start"": ""2026-07-02T11:56:00.000+00:00"", ""end"": null, ""time_zone"": null}","effective_bs=1 (gpu_count=1 x per-gpu bs), lr_scaling=none; test_cfg(score_thr=None, max_per_img=None, nms_pre=None, nms_iou=None); split(train 9657 / val 1515 / test 4265)",123,phase acc/macro-F1/jaccard/edit/seg-F1 (online_causal),"phase acc=0.9479, macro_f1=0.8052, jaccard=0.7645, edit=31.4654, segF1@50=0.3949
②object-token det→phase。Δ_phase vs S4 base 0.8986（within-server）",completed,efros (RTX A6000),False,"DDP 2GPU (RTX A6000 x2) on efros, manual launcher (E plan, CUDA_VISIBLE_DEVICES per rank)",file:///home/ubuntu/slocal/m2/experiments/transfer/t1a_base_env_002_t1a_base_env_seed123,"{""start"": ""2026-07-02T11:56:00.000+00:00"", ""end"": null, ""time_zone"": null}",B,must,t1a_base_env_002_t1a_base_env_seed123
391ee4d4-7777-81e6-8da8-efffc6b83a46,2026-07-02T11:55:00.000Z,2026-07-02T11:55:00.000Z,1a52c6fde8120bb62eba920ad3c3d8882f309b72,"{""start"": ""2026-07-02T11:55:00.000+00:00"", ""end"": null, ""time_zone"": null}","effective_bs=1 (gpu_count=1 x per-gpu bs), lr_scaling=none; test_cfg(score_thr=None, max_per_img=None, nms_pre=None, nms_iou=None); split(train 9657 / val 1515 / test 4265)",42,"phase edit/seg-F1 (over-seg) + acc/macro-F1 (online_causal, plain & sticky)","phase acc=0.9446, macro_f1=0.8057, jaccard=0.7642, edit=33.5897, segF1@50=0.3988
②T1a + 因果 boundary head。edit-score 改善を狙う（vs T1a base 同env・paired-σ）",completed,efros (RTX A6000),False,"DDP 2GPU (RTX A6000 x2) on efros, manual launcher (E plan, CUDA_VISIBLE_DEVICES per rank)",file:///home/ubuntu/slocal/m2/experiments/transfer/t1a_boundary_001_t1a_boundary_seed42,"{""start"": ""2026-07-02T11:55:00.000+00:00"", ""end"": null, ""time_zone"": null}",B,must,t1a_boundary_001_t1a_boundary_seed42
391ee4d4-7777-8180-ab96-f630ba01b24c,2026-07-02T11:55:00.000Z,2026-07-02T11:55:00.000Z,1a52c6fde8120bb62eba920ad3c3d8882f309b72,"{""start"": ""2026-07-02T11:55:00.000+00:00"", ""end"": null, ""time_zone"": null}","effective_bs=1 (gpu_count=1 x per-gpu bs), lr_scaling=none; test_cfg(score_thr=None, max_per_img=None, nms_pre=None, nms_iou=None); split(train 9657 / val 1515 / test 4265)",42,phase acc/macro-F1/jaccard/edit/seg-F1 (online_causal),"phase acc=0.9485, macro_f1=0.8078, jaccard=0.7677, edit=27.9560, segF1@50=0.3526
②object-token det→phase。Δ_phase vs S4 base 0.8986（within-server）",completed,efros (RTX A6000),False,"DDP 2GPU (RTX A6000 x2) on efros, manual launcher (E plan, CUDA_VISIBLE_DEVICES per rank)",file:///home/ubuntu/slocal/m2/experiments/transfer/t1a_base_env_001_t1a_base_env_seed42,"{""start"": ""2026-07-02T11:55:00.000+00:00"", ""end"": null, ""time_zone"": null}",B,must,t1a_base_env_001_t1a_base_env_seed42
391ee4d4-7777-8156-8ad0-fa825e2f444e,2026-07-02T08:40:00.000Z,2026-07-02T08:40:00.000Z,1a52c6fde8120bb62eba920ad3c3d8882f309b72,"{""start"": ""2026-07-02T08:40:00.000+00:00"", ""end"": null, ""time_zone"": null}","effective_bs=1 (gpu_count=1 x per-gpu bs), lr_scaling=none; test_cfg(score_thr=None, max_per_img=None, nms_pre=None, nms_iou=None); split(train 9657 / val 1515 / test 4265)",456,"phase acc/macro-F1/jaccard/edit/seg-F1 (online_causal, jaccard strict)","phase acc=0.9498, macro_f1=0.8049, jaccard=0.7647, edit=69.0476, segF1@50=0.7086
②object-token det→phase 時系列軸（taux_mingru_nonek3）。Δ_phase vs S4 base 0.8986±0.0028（within-server）",completed,efros (RTX A6000),False,"DDP 2GPU (RTX A6000 x2) on efros, manual launcher (E plan, CUDA_VISIBLE_DEVICES per rank)",file:///home/ubuntu/slocal/m2/experiments/transfer/taux_mingru_nonek3_003_taux_mingru_nonek3_seed456,"{""start"": ""2026-07-02T08:07:00.000+00:00"", ""end"": null, ""time_zone"": null}",B,explore,taux_mingru_nonek3_003_taux_mingru_nonek3_seed456
391ee4d4-7777-811a-bf62-c7680e4c5b0e,2026-07-02T08:01:00.000Z,2026-07-02T08:01:00.000Z,1a52c6fde8120bb62eba920ad3c3d8882f309b72,"{""start"": ""2026-07-02T08:01:00.000+00:00"", ""end"": null, ""time_zone"": null}","effective_bs=1 (gpu_count=1 x per-gpu bs), lr_scaling=none; test_cfg(score_thr=None, max_per_img=None, nms_pre=None, nms_iou=None); split(train 9657 / val 1515 / test 4265)",42,"phase acc/macro-F1/jaccard/edit/seg-F1 (online_causal, jaccard strict)","phase acc=0.9498, macro_f1=0.7973, jaccard=0.7531, edit=65.6410, segF1@50=0.7031
②object-token det→phase 時系列軸（taux_mingru_nonek3）。Δ_phase vs S4 base 0.8986±0.0028（within-server）",completed,efros (RTX A6000),False,"DDP 2GPU (RTX A6000 x2) on efros, manual launcher (E plan, CUDA_VISIBLE_DEVICES per rank)",file:///home/ubuntu/slocal/m2/experiments/transfer/taux_mingru_nonek3_001_taux_mingru_nonek3_seed42,"{""start"": ""2026-07-02T07:28:00.000+00:00"", ""end"": null, ""time_zone"": null}",B,explore,taux_mingru_nonek3_001_taux_mingru_nonek3_seed42
391ee4d4-7777-8144-bd5d-e85c0a62be6c,2026-07-02T08:01:00.000Z,2026-07-02T08:01:00.000Z,1a52c6fde8120bb62eba920ad3c3d8882f309b72,"{""start"": ""2026-07-02T08:01:00.000+00:00"", ""end"": null, ""time_zone"": null}","effective_bs=1 (gpu_count=1 x per-gpu bs), lr_scaling=none; test_cfg(score_thr=None, max_per_img=None, nms_pre=None, nms_iou=None); split(train 9657 / val 1515 / test 4265)",123,"phase acc/macro-F1/jaccard/edit/seg-F1 (online_causal, jaccard strict)","phase acc=0.9492, macro_f1=0.7998, jaccard=0.7565, edit=78.0000, segF1@50=0.7800
②object-token det→phase 時系列軸（taux_mingru_nonek3）。Δ_phase vs S4 base 0.8986±0.0028（within-server）",completed,efros (RTX A6000),False,"DDP 2GPU (RTX A6000 x2) on efros, manual launcher (E plan, CUDA_VISIBLE_DEVICES per rank)",file:///home/ubuntu/slocal/m2/experiments/transfer/taux_mingru_nonek3_002_taux_mingru_nonek3_seed123,"{""start"": ""2026-07-02T07:28:00.000+00:00"", ""end"": null, ""time_zone"": null}",B,explore,taux_mingru_nonek3_002_taux_mingru_nonek3_seed123
391ee4d4-7777-81f7-afab-c5eb01c5d810,2026-07-02T08:00:00.000Z,2026-07-05T00:37:00.000Z,1a52c6fde8120bb62eba920ad3c3d8882f309b72,"{""start"": ""2026-07-05T00:37:00.000+00:00"", ""end"": null, ""time_zone"": null}","effective_bs=1 (gpu_count=1 x per-gpu bs), lr_scaling=none; test_cfg(score_thr=None, max_per_img=None, nms_pre=None, nms_iou=None); split(train 9657 / val 1515 / test 4265)",456,"phase acc/macro-F1/jaccard/edit/seg-F1 (online_causal, jaccard strict)","phase acc=0.9545, macro_f1=0.8235, jaccard=0.7944, edit=54.2735, segF1@50=0.5590
①信号 det→phase。Δ_phase vs S4 base 0.8986±0.0034",completed,efros (RTX A6000),False,"DDP 2GPU (RTX A6000 x2) on efros, manual launcher (E plan, CUDA_VISIBLE_DEVICES per rank)",file:///home/ubuntu/slocal/m2/experiments/transfer/b2a_det2phase_oracletool_008_b2a_det2phase_oracletool_seed456,"{""start"": ""2026-07-02T08:00:00.000+00:00"", ""end"": null, ""time_zone"": null}",B,must,b2a_det2phase_oracletool_008_b2a_det2phase_oracletool_seed456
391ee4d4-7777-8132-bad4-c0c36cdc1ba1,2026-07-02T08:00:00.000Z,2026-07-05T00:36:00.000Z,1a52c6fde8120bb62eba920ad3c3d8882f309b72,"{""start"": ""2026-07-05T00:36:00.000+00:00"", ""end"": null, ""time_zone"": null}","effective_bs=1 (gpu_count=1 x per-gpu bs), lr_scaling=none; test_cfg(score_thr=None, max_per_img=None, nms_pre=None, nms_iou=None); split(train 9657 / val 1515 / test 4265)",123,"phase acc/macro-F1/jaccard/edit/seg-F1 (online_causal, jaccard strict)","phase acc=0.9591, macro_f1=0.8261, jaccard=0.7988, edit=55.1111, segF1@50=0.5695
①信号 det→phase。Δ_phase vs S4 base 0.8986±0.0034",completed,efros (RTX A6000),False,"DDP 2GPU (RTX A6000 x2) on efros, manual launcher (E plan, CUDA_VISIBLE_DEVICES per rank)",file:///home/ubuntu/slocal/m2/experiments/transfer/b2a_det2phase_oracletool_007_b2a_det2phase_oracletool_seed123,"{""start"": ""2026-07-02T07:59:00.000+00:00"", ""end"": null, ""time_zone"": null}",B,must,b2a_det2phase_oracletool_007_b2a_det2phase_oracletool_seed123
391ee4d4-7777-818d-803f-ef0d69373bf6,2026-07-02T08:00:00.000Z,2026-07-05T00:36:00.000Z,1a52c6fde8120bb62eba920ad3c3d8882f309b72,"{""start"": ""2026-07-05T00:36:00.000+00:00"", ""end"": null, ""time_zone"": null}","effective_bs=1 (gpu_count=1 x per-gpu bs), lr_scaling=none; test_cfg(score_thr=None, max_per_img=None, nms_pre=None, nms_iou=None); split(train 9657 / val 1515 / test 4265)",42,"phase acc/macro-F1/jaccard/edit/seg-F1 (online_causal, jaccard strict)","phase acc=0.9558, macro_f1=0.8209, jaccard=0.7905, edit=50.6173, segF1@50=0.5404
①信号 det→phase。Δ_phase vs S4 base 0.8986±0.0034",completed,efros (RTX A6000),False,"DDP 2GPU (RTX A6000 x2) on efros, manual launcher (E plan, CUDA_VISIBLE_DEVICES per rank)",file:///home/ubuntu/slocal/m2/experiments/transfer/b2a_det2phase_oracletool_006_b2a_det2phase_oracletool_seed42,"{""start"": ""2026-07-02T07:59:00.000+00:00"", ""end"": null, ""time_zone"": null}",B,must,b2a_det2phase_oracletool_006_b2a_det2phase_oracletool_seed42
391ee4d4-7777-818d-bd50-f908ed8f2704,2026-07-02T07:28:00.000Z,2026-07-02T07:28:00.000Z,1a52c6fde8120bb62eba920ad3c3d8882f309b72,"{""start"": ""2026-07-02T07:28:00.000+00:00"", ""end"": null, ""time_zone"": null}","effective_bs=1 (gpu_count=1 x per-gpu bs), lr_scaling=none; test_cfg(score_thr=None, max_per_img=None, nms_pre=None, nms_iou=None); split(train 9657 / val 1515 / test 4265)",456,"phase acc/macro-F1/jaccard/edit/seg-F1 (online_causal, jaccard strict)","phase acc=0.9472, macro_f1=0.8041, jaccard=0.7623, edit=31.0638, segF1@50=0.3823
②object-token det→phase 時系列軸（taux_tecno_nonek3）。Δ_phase vs S4 base 0.8986±0.0028（within-server）",completed,efros (RTX A6000),False,"DDP 2GPU (RTX A6000 x2) on efros, manual launcher (E plan, CUDA_VISIBLE_DEVICES per rank)",file:///home/ubuntu/slocal/m2/experiments/transfer/taux_tecno_nonek3_003_taux_tecno_nonek3_seed456,"{""start"": ""2026-07-02T07:28:00.000+00:00"", ""end"": null, ""time_zone"": null}",B,explore,taux_tecno_nonek3_003_taux_tecno_nonek3_seed456
391ee4d4-7777-8129-ad89-eb14d25ea23c,2026-07-02T07:28:00.000Z,2026-07-02T07:28:00.000Z,1a52c6fde8120bb62eba920ad3c3d8882f309b72,"{""start"": ""2026-07-02T07:28:00.000+00:00"", ""end"": null, ""time_zone"": null}","effective_bs=1 (gpu_count=1 x per-gpu bs), lr_scaling=none; test_cfg(score_thr=None, max_per_img=None, nms_pre=None, nms_iou=None); split(train 9657 / val 1515 / test 4265)",123,"phase acc/macro-F1/jaccard/edit/seg-F1 (online_causal, jaccard strict)","phase acc=0.9518, macro_f1=0.8163, jaccard=0.7819, edit=33.9153, segF1@50=0.4254
②object-token det→phase 時系列軸（taux_tecno_nonek3）。Δ_phase vs S4 base 0.8986±0.0028（within-server）",completed,efros (RTX A6000),False,"DDP 2GPU (RTX A6000 x2) on efros, manual launcher (E plan, CUDA_VISIBLE_DEVICES per rank)",file:///home/ubuntu/slocal/m2/experiments/transfer/taux_tecno_nonek3_002_taux_tecno_nonek3_seed123,"{""start"": ""2026-07-02T07:28:00.000+00:00"", ""end"": null, ""time_zone"": null}",B,explore,taux_tecno_nonek3_002_taux_tecno_nonek3_seed123
391ee4d4-7777-81c3-86ea-f82915982b72,2026-07-02T07:28:00.000Z,2026-07-02T07:28:00.000Z,1a52c6fde8120bb62eba920ad3c3d8882f309b72,"{""start"": ""2026-07-02T07:28:00.000+00:00"", ""end"": null, ""time_zone"": null}","effective_bs=1 (gpu_count=1 x per-gpu bs), lr_scaling=none; test_cfg(score_thr=None, max_per_img=None, nms_pre=None, nms_iou=None); split(train 9657 / val 1515 / test 4265)",42,"phase acc/macro-F1/jaccard/edit/seg-F1 (online_causal, jaccard strict)","phase acc=0.9479, macro_f1=0.8030, jaccard=0.7625, edit=37.6263, segF1@50=0.4502
②object-token det→phase 時系列軸（taux_tecno_nonek3）。Δ_phase vs S4 base 0.8986±0.0028（within-server）",completed,efros (RTX A6000),False,"DDP 2GPU (RTX A6000 x2) on efros, manual launcher (E plan, CUDA_VISIBLE_DEVICES per rank)",file:///home/ubuntu/slocal/m2/experiments/transfer/taux_tecno_nonek3_001_taux_tecno_nonek3_seed42,"{""start"": ""2026-07-02T07:27:00.000+00:00"", ""end"": null, ""time_zone"": null}",B,explore,taux_tecno_nonek3_001_taux_tecno_nonek3_seed42
391ee4d4-7777-8135-8d95-f0fd3958a251,2026-07-02T07:28:00.000Z,2026-07-02T07:28:00.000Z,1a52c6fde8120bb62eba920ad3c3d8882f309b72,"{""start"": ""2026-07-02T07:28:00.000+00:00"", ""end"": null, ""time_zone"": null}","effective_bs=1 (gpu_count=1 x per-gpu bs), lr_scaling=none; test_cfg(score_thr=None, max_per_img=None, nms_pre=None, nms_iou=None); split(train 9657 / val 1515 / test 4265)",456,"phase acc/macro-F1/jaccard/edit/seg-F1 (online_causal, jaccard strict)","phase acc=0.9485, macro_f1=0.8120, jaccard=0.7741, edit=41.3072, segF1@50=0.4879
②object-token det→phase 時系列軸（taux_tecno_windowk3）。Δ_phase vs S4 base 0.8986±0.0028（within-server）",completed,efros (RTX A6000),False,"DDP 2GPU (RTX A6000 x2) on efros, manual launcher (E plan, CUDA_VISIBLE_DEVICES per rank)",file:///home/ubuntu/slocal/m2/experiments/transfer/taux_tecno_windowk3_003_taux_tecno_windowk3_seed456,"{""start"": ""2026-07-02T07:27:00.000+00:00"", ""end"": null, ""time_zone"": null}",B,explore,taux_tecno_windowk3_003_taux_tecno_windowk3_seed456
391ee4d4-7777-816a-9b5a-f4fe49821b34,2026-07-02T07:27:00.000Z,2026-07-02T07:27:00.000Z,1a52c6fde8120bb62eba920ad3c3d8882f309b72,"{""start"": ""2026-07-02T07:27:00.000+00:00"", ""end"": null, ""time_zone"": null}","effective_bs=1 (gpu_count=1 x per-gpu bs), lr_scaling=none; test_cfg(score_thr=None, max_per_img=None, nms_pre=None, nms_iou=None); split(train 9657 / val 1515 / test 4265)",123,"phase acc/macro-F1/jaccard/edit/seg-F1 (online_causal, jaccard strict)","phase acc=0.9512, macro_f1=0.8142, jaccard=0.7773, edit=32.1637, segF1@50=0.4008
②object-token det→phase 時系列軸（taux_tecno_windowk3）。Δ_phase vs S4 base 0.8986±0.0028（within-server）",completed,efros (RTX A6000),False,"DDP 2GPU (RTX A6000 x2) on efros, manual launcher (E plan, CUDA_VISIBLE_DEVICES per rank)",file:///home/ubuntu/slocal/m2/experiments/transfer/taux_tecno_windowk3_002_taux_tecno_windowk3_seed123,"{""start"": ""2026-07-02T07:27:00.000+00:00"", ""end"": null, ""time_zone"": null}",B,explore,taux_tecno_windowk3_002_taux_tecno_windowk3_seed123
391ee4d4-7777-8132-9176-c190d3089544,2026-07-02T07:27:00.000Z,2026-07-02T07:27:00.000Z,1a52c6fde8120bb62eba920ad3c3d8882f309b72,"{""start"": ""2026-07-02T07:27:00.000+00:00"", ""end"": null, ""time_zone"": null}","effective_bs=1 (gpu_count=1 x per-gpu bs), lr_scaling=none; test_cfg(score_thr=None, max_per_img=None, nms_pre=None, nms_iou=None); split(train 9657 / val 1515 / test 4265)",42,"phase acc/macro-F1/jaccard/edit/seg-F1 (online_causal, jaccard strict)","phase acc=0.9518, macro_f1=0.8125, jaccard=0.7752, edit=40.7011, segF1@50=0.4619
②object-token det→phase 時系列軸（taux_tecno_windowk3）。Δ_phase vs S4 base 0.8986±0.0028（within-server）",completed,efros (RTX A6000),False,"DDP 2GPU (RTX A6000 x2) on efros, manual launcher (E plan, CUDA_VISIBLE_DEVICES per rank)",file:///home/ubuntu/slocal/m2/experiments/transfer/taux_tecno_windowk3_001_taux_tecno_windowk3_seed42,"{""start"": ""2026-07-02T07:27:00.000+00:00"", ""end"": null, ""time_zone"": null}",B,explore,taux_tecno_windowk3_001_taux_tecno_windowk3_seed42
391ee4d4-7777-812d-af16-fc5fd4e3689e,2026-07-02T07:27:00.000Z,2026-07-02T07:27:00.000Z,1a52c6fde8120bb62eba920ad3c3d8882f309b72,"{""start"": ""2026-07-02T07:27:00.000+00:00"", ""end"": null, ""time_zone"": null}","effective_bs=1 (gpu_count=1 x per-gpu bs), lr_scaling=none; test_cfg(score_thr=None, max_per_img=None, nms_pre=None, nms_iou=None); split(train 9657 / val 1515 / test 4265)",456,"phase acc/macro-F1/jaccard/edit/seg-F1 (online_causal, jaccard strict)","phase acc=0.9287, macro_f1=0.7836, jaccard=0.7287, edit=26.8684, segF1@50=0.3238
②object-token det→phase 時系列軸（taux_tecno_deltak3）。Δ_phase vs S4 base 0.8986±0.0028（within-server）",completed,efros (RTX A6000),False,"DDP 2GPU (RTX A6000 x2) on efros, manual launcher (E plan, CUDA_VISIBLE_DEVICES per rank)",file:///home/ubuntu/slocal/m2/experiments/transfer/taux_tecno_deltak3_003_taux_tecno_deltak3_seed456,"{""start"": ""2026-07-02T07:26:00.000+00:00"", ""end"": null, ""time_zone"": null}",B,explore,taux_tecno_deltak3_003_taux_tecno_deltak3_seed456
391ee4d4-7777-810e-9e51-c946b931cf83,2026-07-02T07:27:00.000Z,2026-07-02T07:27:00.000Z,1a52c6fde8120bb62eba920ad3c3d8882f309b72,"{""start"": ""2026-07-02T07:27:00.000+00:00"", ""end"": null, ""time_zone"": null}","effective_bs=1 (gpu_count=1 x per-gpu bs), lr_scaling=none; test_cfg(score_thr=None, max_per_img=None, nms_pre=None, nms_iou=None); split(train 9657 / val 1515 / test 4265)",123,"phase acc/macro-F1/jaccard/edit/seg-F1 (online_causal, jaccard strict)","phase acc=0.9347, macro_f1=0.7914, jaccard=0.7417, edit=35.1313, segF1@50=0.3362
②object-token det→phase 時系列軸（taux_tecno_deltak3）。Δ_phase vs S4 base 0.8986±0.0028（within-server）",completed,efros (RTX A6000),False,"DDP 2GPU (RTX A6000 x2) on efros, manual launcher (E plan, CUDA_VISIBLE_DEVICES per rank)",file:///home/ubuntu/slocal/m2/experiments/transfer/taux_tecno_deltak3_002_taux_tecno_deltak3_seed123,"{""start"": ""2026-07-02T07:26:00.000+00:00"", ""end"": null, ""time_zone"": null}",B,explore,taux_tecno_deltak3_002_taux_tecno_deltak3_seed123
391ee4d4-7777-8125-bb46-e90d18252076,2026-07-02T07:26:00.000Z,2026-07-02T07:26:00.000Z,1a52c6fde8120bb62eba920ad3c3d8882f309b72,"{""start"": ""2026-07-02T07:26:00.000+00:00"", ""end"": null, ""time_zone"": null}","effective_bs=1 (gpu_count=1 x per-gpu bs), lr_scaling=none; test_cfg(score_thr=None, max_per_img=None, nms_pre=None, nms_iou=None); split(train 9657 / val 1515 / test 4265)",42,"phase acc/macro-F1/jaccard/edit/seg-F1 (online_causal, jaccard strict)","phase acc=0.9267, macro_f1=0.7717, jaccard=0.7156, edit=32.9545, segF1@50=0.2990
②object-token det→phase 時系列軸（taux_tecno_deltak3）。Δ_phase vs S4 base 0.8986±0.0028（within-server）",completed,efros (RTX A6000),False,"DDP 2GPU (RTX A6000 x2) on efros, manual launcher (E plan, CUDA_VISIBLE_DEVICES per rank)",file:///home/ubuntu/slocal/m2/experiments/transfer/taux_tecno_deltak3_001_taux_tecno_deltak3_seed42,"{""start"": ""2026-07-02T07:26:00.000+00:00"", ""end"": null, ""time_zone"": null}",B,explore,taux_tecno_deltak3_001_taux_tecno_deltak3_seed42
391ee4d4-7777-815a-9699-f04c94605259,2026-07-02T07:26:00.000Z,2026-07-02T07:26:00.000Z,1a52c6fde8120bb62eba920ad3c3d8882f309b72,"{""start"": ""2026-07-02T07:26:00.000+00:00"", ""end"": null, ""time_zone"": null}","effective_bs=1 (gpu_count=1 x per-gpu bs), lr_scaling=none; test_cfg(score_thr=None, max_per_img=None, nms_pre=None, nms_iou=None); split(train 9657 / val 1515 / test 4265)",456,"phase acc/macro-F1/jaccard/edit/seg-F1 (online_causal, jaccard strict)","phase acc=0.9426, macro_f1=0.7888, jaccard=0.7423, edit=44.1270, segF1@50=0.4583
②object-token det→phase 時系列軸（taux_tecno_movavgk3）。Δ_phase vs S4 base 0.8986±0.0028（within-server）",completed,efros (RTX A6000),False,"DDP 2GPU (RTX A6000 x2) on efros, manual launcher (E plan, CUDA_VISIBLE_DEVICES per rank)",file:///home/ubuntu/slocal/m2/experiments/transfer/taux_tecno_movavgk3_003_taux_tecno_movavgk3_seed456,"{""start"": ""2026-07-02T07:26:00.000+00:00"", ""end"": null, ""time_zone"": null}",B,explore,taux_tecno_movavgk3_003_taux_tecno_movavgk3_seed456
391ee4d4-7777-8190-9e48-cd69f61031f1,2026-07-02T07:26:00.000Z,2026-07-02T07:26:00.000Z,1a52c6fde8120bb62eba920ad3c3d8882f309b72,"{""start"": ""2026-07-02T07:26:00.000+00:00"", ""end"": null, ""time_zone"": null}","effective_bs=1 (gpu_count=1 x per-gpu bs), lr_scaling=none; test_cfg(score_thr=None, max_per_img=None, nms_pre=None, nms_iou=None); split(train 9657 / val 1515 / test 4265)",123,"phase acc/macro-F1/jaccard/edit/seg-F1 (online_causal, jaccard strict)","phase acc=0.9393, macro_f1=0.7866, jaccard=0.7377, edit=53.3333, segF1@50=0.5737
②object-token det→phase 時系列軸（taux_tecno_movavgk3）。Δ_phase vs S4 base 0.8986±0.0028（within-server）",completed,efros (RTX A6000),False,"DDP 2GPU (RTX A6000 x2) on efros, manual launcher (E plan, CUDA_VISIBLE_DEVICES per rank)",file:///home/ubuntu/slocal/m2/experiments/transfer/taux_tecno_movavgk3_002_taux_tecno_movavgk3_seed123,"{""start"": ""2026-07-02T07:26:00.000+00:00"", ""end"": null, ""time_zone"": null}",B,explore,taux_tecno_movavgk3_002_taux_tecno_movavgk3_seed123
391ee4d4-7777-8112-91ad-d4a2b4fbb15c,2026-07-02T07:26:00.000Z,2026-07-02T07:26:00.000Z,1a52c6fde8120bb62eba920ad3c3d8882f309b72,"{""start"": ""2026-07-02T07:26:00.000+00:00"", ""end"": null, ""time_zone"": null}","effective_bs=1 (gpu_count=1 x per-gpu bs), lr_scaling=none; test_cfg(score_thr=None, max_per_img=None, nms_pre=None, nms_iou=None); split(train 9657 / val 1515 / test 4265)",42,"phase acc/macro-F1/jaccard/edit/seg-F1 (online_causal, jaccard strict)","phase acc=0.9472, macro_f1=0.8017, jaccard=0.7590, edit=37.3874, segF1@50=0.4651
②object-token det→phase 時系列軸（taux_tecno_movavgk3）。Δ_phase vs S4 base 0.8986±0.0028（within-server）",completed,efros (RTX A6000),False,"DDP 2GPU (RTX A6000 x2) on efros, manual launcher (E plan, CUDA_VISIBLE_DEVICES per rank)",file:///home/ubuntu/slocal/m2/experiments/transfer/taux_tecno_movavgk3_001_taux_tecno_movavgk3_seed42,"{""start"": ""2026-07-02T07:26:00.000+00:00"", ""end"": null, ""time_zone"": null}",B,explore,taux_tecno_movavgk3_001_taux_tecno_movavgk3_seed42
391ee4d4-7777-816a-b1cd-dddf6f9744f0,2026-07-02T07:25:00.000Z,2026-07-02T07:25:00.000Z,1a52c6fde8120bb62eba920ad3c3d8882f309b72,"{""start"": ""2026-07-02T07:25:00.000+00:00"", ""end"": null, ""time_zone"": null}","effective_bs=1 (gpu_count=1 x per-gpu bs), lr_scaling=none; test_cfg(score_thr=None, max_per_img=None, nms_pre=None, nms_iou=None); split(train 9657 / val 1515 / test 4265)",456,"phase acc/macro-F1/jaccard/edit/seg-F1 (online_causal, jaccard strict)","phase acc=0.8871, macro_f1=0.6387, jaccard=0.5822, edit=37.8672, segF1@50=0.3996
①信号 hand→phase（haux_hand_presence_oracle_shuffle）。Δ_phase vs S4 base 0.8986±0.0028",completed,efros (RTX A6000),False,"DDP 2GPU (RTX A6000 x2) on efros, manual launcher (E plan, CUDA_VISIBLE_DEVICES per rank)",file:///home/ubuntu/slocal/m2/experiments/transfer/haux_hand_presence_oracle_shuffle_003_haux_hand_presence_oracle_shuffle_seed456,"{""start"": ""2026-07-02T07:25:00.000+00:00"", ""end"": null, ""time_zone"": null}",B,explore,haux_hand_presence_oracle_shuffle_003_haux_hand_presence_oracle_shuffle_seed456
391ee4d4-7777-8111-a715-e1d43331b7d7,2026-07-02T07:25:00.000Z,2026-07-02T07:25:00.000Z,1a52c6fde8120bb62eba920ad3c3d8882f309b72,"{""start"": ""2026-07-02T07:25:00.000+00:00"", ""end"": null, ""time_zone"": null}","effective_bs=1 (gpu_count=1 x per-gpu bs), lr_scaling=none; test_cfg(score_thr=None, max_per_img=None, nms_pre=None, nms_iou=None); split(train 9657 / val 1515 / test 4265)",123,"phase acc/macro-F1/jaccard/edit/seg-F1 (online_causal, jaccard strict)","phase acc=0.9056, macro_f1=0.7189, jaccard=0.6546, edit=39.1738, segF1@50=0.3533
①信号 hand→phase（haux_hand_presence_oracle_shuffle）。Δ_phase vs S4 base 0.8986±0.0028",completed,efros (RTX A6000),False,"DDP 2GPU (RTX A6000 x2) on efros, manual launcher (E plan, CUDA_VISIBLE_DEVICES per rank)",file:///home/ubuntu/slocal/m2/experiments/transfer/haux_hand_presence_oracle_shuffle_002_haux_hand_presence_oracle_shuffle_seed123,"{""start"": ""2026-07-02T07:25:00.000+00:00"", ""end"": null, ""time_zone"": null}",B,explore,haux_hand_presence_oracle_shuffle_002_haux_hand_presence_oracle_shuffle_seed123
391ee4d4-7777-8141-87c1-ef3bb21cb58c,2026-07-02T07:25:00.000Z,2026-07-02T07:25:00.000Z,1a52c6fde8120bb62eba920ad3c3d8882f309b72,"{""start"": ""2026-07-02T07:25:00.000+00:00"", ""end"": null, ""time_zone"": null}","effective_bs=1 (gpu_count=1 x per-gpu bs), lr_scaling=none; test_cfg(score_thr=None, max_per_img=None, nms_pre=None, nms_iou=None); split(train 9657 / val 1515 / test 4265)",42,"phase acc/macro-F1/jaccard/edit/seg-F1 (online_causal, jaccard strict)","phase acc=0.9030, macro_f1=0.7510, jaccard=0.6917, edit=37.6486, segF1@50=0.3333
①信号 hand→phase（haux_hand_presence_oracle_shuffle）。Δ_phase vs S4 base 0.8986±0.0028",completed,efros (RTX A6000),False,"DDP 2GPU (RTX A6000 x2) on efros, manual launcher (E plan, CUDA_VISIBLE_DEVICES per rank)",file:///home/ubuntu/slocal/m2/experiments/transfer/haux_hand_presence_oracle_shuffle_001_haux_hand_presence_oracle_shuffle_seed42,"{""start"": ""2026-07-02T07:25:00.000+00:00"", ""end"": null, ""time_zone"": null}",B,explore,haux_hand_presence_oracle_shuffle_001_haux_hand_presence_oracle_shuffle_seed42
391ee4d4-7777-8167-ac59-cd14d0e9cee2,2026-07-02T07:25:00.000Z,2026-07-02T07:25:00.000Z,1a52c6fde8120bb62eba920ad3c3d8882f309b72,"{""start"": ""2026-07-02T07:25:00.000+00:00"", ""end"": null, ""time_zone"": null}","effective_bs=1 (gpu_count=1 x per-gpu bs), lr_scaling=none; test_cfg(score_thr=None, max_per_img=None, nms_pre=None, nms_iou=None); split(train 9657 / val 1515 / test 4265)",456,"phase acc/macro-F1/jaccard/edit/seg-F1 (online_causal, jaccard strict)","phase acc=0.9584, macro_f1=0.8254, jaccard=0.7976, edit=55.5238, segF1@50=0.6370
①信号 hand→phase（haux_hand_presence_oracle_withtooloracle）。Δ_phase vs S4 base 0.8986±0.0028",completed,efros (RTX A6000),False,"DDP 2GPU (RTX A6000 x2) on efros, manual launcher (E plan, CUDA_VISIBLE_DEVICES per rank)",file:///home/ubuntu/slocal/m2/experiments/transfer/haux_hand_presence_oracle_withtooloracle_003_haux_hand_presence_oracle_withtooloracle_seed456,"{""start"": ""2026-07-02T07:24:00.000+00:00"", ""end"": null, ""time_zone"": null}",B,explore,haux_hand_presence_oracle_withtooloracle_003_haux_hand_presence_oracle_withtooloracle_seed456
391ee4d4-7777-8105-8f78-dfb6987cea3f,2026-07-02T07:25:00.000Z,2026-07-02T07:25:00.000Z,1a52c6fde8120bb62eba920ad3c3d8882f309b72,"{""start"": ""2026-07-02T07:25:00.000+00:00"", ""end"": null, ""time_zone"": null}","effective_bs=1 (gpu_count=1 x per-gpu bs), lr_scaling=none; test_cfg(score_thr=None, max_per_img=None, nms_pre=None, nms_iou=None); split(train 9657 / val 1515 / test 4265)",123,"phase acc/macro-F1/jaccard/edit/seg-F1 (online_causal, jaccard strict)","phase acc=0.9578, macro_f1=0.8257, jaccard=0.7980, edit=53.9316, segF1@50=0.6114
①信号 hand→phase（haux_hand_presence_oracle_withtooloracle）。Δ_phase vs S4 base 0.8986±0.0028",completed,efros (RTX A6000),False,"DDP 2GPU (RTX A6000 x2) on efros, manual launcher (E plan, CUDA_VISIBLE_DEVICES per rank)",file:///home/ubuntu/slocal/m2/experiments/transfer/haux_hand_presence_oracle_withtooloracle_002_haux_hand_presence_oracle_withtooloracle_seed123,"{""start"": ""2026-07-02T07:24:00.000+00:00"", ""end"": null, ""time_zone"": null}",B,explore,haux_hand_presence_oracle_withtooloracle_002_haux_hand_presence_oracle_withtooloracle_seed123
391ee4d4-7777-81b8-bafb-e0cbf7864503,2026-07-02T07:24:00.000Z,2026-07-02T07:24:00.000Z,1a52c6fde8120bb62eba920ad3c3d8882f309b72,"{""start"": ""2026-07-02T07:24:00.000+00:00"", ""end"": null, ""time_zone"": null}","effective_bs=1 (gpu_count=1 x per-gpu bs), lr_scaling=none; test_cfg(score_thr=None, max_per_img=None, nms_pre=None, nms_iou=None); split(train 9657 / val 1515 / test 4265)",42,"phase acc/macro-F1/jaccard/edit/seg-F1 (online_causal, jaccard strict)","phase acc=0.9545, macro_f1=0.8224, jaccard=0.7925, edit=51.8519, segF1@50=0.5821
①信号 hand→phase（haux_hand_presence_oracle_withtooloracle）。Δ_phase vs S4 base 0.8986±0.0028",completed,efros (RTX A6000),False,"DDP 2GPU (RTX A6000 x2) on efros, manual launcher (E plan, CUDA_VISIBLE_DEVICES per rank)",file:///home/ubuntu/slocal/m2/experiments/transfer/haux_hand_presence_oracle_withtooloracle_001_haux_hand_presence_oracle_withtooloracle_seed42,"{""start"": ""2026-07-02T07:24:00.000+00:00"", ""end"": null, ""time_zone"": null}",B,explore,haux_hand_presence_oracle_withtooloracle_001_haux_hand_presence_oracle_withtooloracle_seed42
391ee4d4-7777-8137-bcc1-fa908209930a,2026-07-02T07:24:00.000Z,2026-07-02T07:24:00.000Z,1a52c6fde8120bb62eba920ad3c3d8882f309b72,"{""start"": ""2026-07-02T07:24:00.000+00:00"", ""end"": null, ""time_zone"": null}","effective_bs=1 (gpu_count=1 x per-gpu bs), lr_scaling=none; test_cfg(score_thr=None, max_per_img=None, nms_pre=None, nms_iou=None); split(train 9657 / val 1515 / test 4265)",456,"phase acc/macro-F1/jaccard/edit/seg-F1 (online_causal, jaccard strict)","phase acc=0.8983, macro_f1=0.7016, jaccard=0.6523, edit=34.3939, segF1@50=0.2991
①信号 hand→phase（haux_hand_own_other_oracle）。Δ_phase vs S4 base 0.8986±0.0028",completed,efros (RTX A6000),False,"DDP 2GPU (RTX A6000 x2) on efros, manual launcher (E plan, CUDA_VISIBLE_DEVICES per rank)",file:///home/ubuntu/slocal/m2/experiments/transfer/haux_hand_own_other_oracle_003_haux_hand_own_other_oracle_seed456,"{""start"": ""2026-07-02T07:24:00.000+00:00"", ""end"": null, ""time_zone"": null}",B,explore,haux_hand_own_other_oracle_003_haux_hand_own_other_oracle_seed456
391ee4d4-7777-81d8-b2d0-e0857649abc6,2026-07-02T07:24:00.000Z,2026-07-02T07:24:00.000Z,1a52c6fde8120bb62eba920ad3c3d8882f309b72,"{""start"": ""2026-07-02T07:24:00.000+00:00"", ""end"": null, ""time_zone"": null}","effective_bs=1 (gpu_count=1 x per-gpu bs), lr_scaling=none; test_cfg(score_thr=None, max_per_img=None, nms_pre=None, nms_iou=None); split(train 9657 / val 1515 / test 4265)",123,"phase acc/macro-F1/jaccard/edit/seg-F1 (online_causal, jaccard strict)","phase acc=0.8977, macro_f1=0.7088, jaccard=0.6448, edit=39.4747, segF1@50=0.3247
①信号 hand→phase（haux_hand_own_other_oracle）。Δ_phase vs S4 base 0.8986±0.0028",completed,efros (RTX A6000),False,"DDP 2GPU (RTX A6000 x2) on efros, manual launcher (E plan, CUDA_VISIBLE_DEVICES per rank)",file:///home/ubuntu/slocal/m2/experiments/transfer/haux_hand_own_other_oracle_002_haux_hand_own_other_oracle_seed123,"{""start"": ""2026-07-02T07:24:00.000+00:00"", ""end"": null, ""time_zone"": null}",B,explore,haux_hand_own_other_oracle_002_haux_hand_own_other_oracle_seed123
391ee4d4-7777-812d-984a-f52a278c156a,2026-07-02T07:24:00.000Z,2026-07-02T07:24:00.000Z,1a52c6fde8120bb62eba920ad3c3d8882f309b72,"{""start"": ""2026-07-02T07:24:00.000+00:00"", ""end"": null, ""time_zone"": null}","effective_bs=1 (gpu_count=1 x per-gpu bs), lr_scaling=none; test_cfg(score_thr=None, max_per_img=None, nms_pre=None, nms_iou=None); split(train 9657 / val 1515 / test 4265)",42,"phase acc/macro-F1/jaccard/edit/seg-F1 (online_causal, jaccard strict)","phase acc=0.9010, macro_f1=0.6715, jaccard=0.6336, edit=39.4949, segF1@50=0.4435
①信号 hand→phase（haux_hand_own_other_oracle）。Δ_phase vs S4 base 0.8986±0.0028",completed,efros (RTX A6000),False,"DDP 2GPU (RTX A6000 x2) on efros, manual launcher (E plan, CUDA_VISIBLE_DEVICES per rank)",file:///home/ubuntu/slocal/m2/experiments/transfer/haux_hand_own_other_oracle_001_haux_hand_own_other_oracle_seed42,"{""start"": ""2026-07-02T07:23:00.000+00:00"", ""end"": null, ""time_zone"": null}",B,explore,haux_hand_own_other_oracle_001_haux_hand_own_other_oracle_seed42
391ee4d4-7777-81ea-b85a-c80bfa250338,2026-07-02T07:23:00.000Z,2026-07-02T07:23:00.000Z,1a52c6fde8120bb62eba920ad3c3d8882f309b72,"{""start"": ""2026-07-02T07:23:00.000+00:00"", ""end"": null, ""time_zone"": null}","effective_bs=1 (gpu_count=1 x per-gpu bs), lr_scaling=none; test_cfg(score_thr=None, max_per_img=None, nms_pre=None, nms_iou=None); split(train 9657 / val 1515 / test 4265)",456,"phase acc/macro-F1/jaccard/edit/seg-F1 (online_causal, jaccard strict)","phase acc=0.9122, macro_f1=0.7530, jaccard=0.6964, edit=38.6199, segF1@50=0.3620
①信号 hand→phase（haux_hand_geom_oracle）。Δ_phase vs S4 base 0.8986±0.0028",completed,efros (RTX A6000),False,"DDP 2GPU (RTX A6000 x2) on efros, manual launcher (E plan, CUDA_VISIBLE_DEVICES per rank)",file:///home/ubuntu/slocal/m2/experiments/transfer/haux_hand_geom_oracle_003_haux_hand_geom_oracle_seed456,"{""start"": ""2026-07-02T07:23:00.000+00:00"", ""end"": null, ""time_zone"": null}",B,explore,haux_hand_geom_oracle_003_haux_hand_geom_oracle_seed456
391ee4d4-7777-81b5-951f-d561abe5890e,2026-07-02T07:23:00.000Z,2026-07-02T07:23:00.000Z,1a52c6fde8120bb62eba920ad3c3d8882f309b72,"{""start"": ""2026-07-02T07:23:00.000+00:00"", ""end"": null, ""time_zone"": null}","effective_bs=1 (gpu_count=1 x per-gpu bs), lr_scaling=none; test_cfg(score_thr=None, max_per_img=None, nms_pre=None, nms_iou=None); split(train 9657 / val 1515 / test 4265)",123,"phase acc/macro-F1/jaccard/edit/seg-F1 (online_causal, jaccard strict)","phase acc=0.9142, macro_f1=0.7459, jaccard=0.6877, edit=39.3298, segF1@50=0.3625
①信号 hand→phase（haux_hand_geom_oracle）。Δ_phase vs S4 base 0.8986±0.0028",completed,efros (RTX A6000),False,"DDP 2GPU (RTX A6000 x2) on efros, manual launcher (E plan, CUDA_VISIBLE_DEVICES per rank)",file:///home/ubuntu/slocal/m2/experiments/transfer/haux_hand_geom_oracle_002_haux_hand_geom_oracle_seed123,"{""start"": ""2026-07-02T07:23:00.000+00:00"", ""end"": null, ""time_zone"": null}",B,explore,haux_hand_geom_oracle_002_haux_hand_geom_oracle_seed123
391ee4d4-7777-81b0-83bb-fc10391eabc8,2026-07-02T07:23:00.000Z,2026-07-02T07:23:00.000Z,1a52c6fde8120bb62eba920ad3c3d8882f309b72,"{""start"": ""2026-07-02T07:23:00.000+00:00"", ""end"": null, ""time_zone"": null}","effective_bs=1 (gpu_count=1 x per-gpu bs), lr_scaling=none; test_cfg(score_thr=None, max_per_img=None, nms_pre=None, nms_iou=None); split(train 9657 / val 1515 / test 4265)",42,"phase acc/macro-F1/jaccard/edit/seg-F1 (online_causal, jaccard strict)","phase acc=0.9056, macro_f1=0.7084, jaccard=0.6598, edit=36.0171, segF1@50=0.2833
①信号 hand→phase（haux_hand_geom_oracle）。Δ_phase vs S4 base 0.8986±0.0028",completed,efros (RTX A6000),False,"DDP 2GPU (RTX A6000 x2) on efros, manual launcher (E plan, CUDA_VISIBLE_DEVICES per rank)",file:///home/ubuntu/slocal/m2/experiments/transfer/haux_hand_geom_oracle_001_haux_hand_geom_oracle_seed42,"{""start"": ""2026-07-02T07:23:00.000+00:00"", ""end"": null, ""time_zone"": null}",B,explore,haux_hand_geom_oracle_001_haux_hand_geom_oracle_seed42
391ee4d4-7777-8188-adbb-c68f98dc4d7e,2026-07-02T07:23:00.000Z,2026-07-02T07:23:00.000Z,1a52c6fde8120bb62eba920ad3c3d8882f309b72,"{""start"": ""2026-07-02T07:23:00.000+00:00"", ""end"": null, ""time_zone"": null}","effective_bs=1 (gpu_count=1 x per-gpu bs), lr_scaling=none; test_cfg(score_thr=None, max_per_img=None, nms_pre=None, nms_iou=None); split(train 9657 / val 1515 / test 4265)",456,"phase acc/macro-F1/jaccard/edit/seg-F1 (online_causal, jaccard strict)","phase acc=0.8950, macro_f1=0.6690, jaccard=0.6113, edit=41.9216, segF1@50=0.4299
①信号 hand→phase（haux_hand_count_oracle）。Δ_phase vs S4 base 0.8986±0.0028",completed,efros (RTX A6000),False,"DDP 2GPU (RTX A6000 x2) on efros, manual launcher (E plan, CUDA_VISIBLE_DEVICES per rank)",file:///home/ubuntu/slocal/m2/experiments/transfer/haux_hand_count_oracle_003_haux_hand_count_oracle_seed456,"{""start"": ""2026-07-02T07:23:00.000+00:00"", ""end"": null, ""time_zone"": null}",B,explore,haux_hand_count_oracle_003_haux_hand_count_oracle_seed456
391ee4d4-7777-81b9-818f-f590b5716e31,2026-07-02T07:23:00.000Z,2026-07-02T07:23:00.000Z,1a52c6fde8120bb62eba920ad3c3d8882f309b72,"{""start"": ""2026-07-02T07:23:00.000+00:00"", ""end"": null, ""time_zone"": null}","effective_bs=1 (gpu_count=1 x per-gpu bs), lr_scaling=none; test_cfg(score_thr=None, max_per_img=None, nms_pre=None, nms_iou=None); split(train 9657 / val 1515 / test 4265)",123,"phase acc/macro-F1/jaccard/edit/seg-F1 (online_causal, jaccard strict)","phase acc=0.9050, macro_f1=0.6934, jaccard=0.6476, edit=37.2063, segF1@50=0.3158
①信号 hand→phase（haux_hand_count_oracle）。Δ_phase vs S4 base 0.8986±0.0028",completed,efros (RTX A6000),False,"DDP 2GPU (RTX A6000 x2) on efros, manual launcher (E plan, CUDA_VISIBLE_DEVICES per rank)",file:///home/ubuntu/slocal/m2/experiments/transfer/haux_hand_count_oracle_002_haux_hand_count_oracle_seed123,"{""start"": ""2026-07-02T07:22:00.000+00:00"", ""end"": null, ""time_zone"": null}",B,explore,haux_hand_count_oracle_002_haux_hand_count_oracle_seed123
391ee4d4-7777-8154-aaa6-d7d8bae585e3,2026-07-02T07:23:00.000Z,2026-07-02T07:23:00.000Z,1a52c6fde8120bb62eba920ad3c3d8882f309b72,"{""start"": ""2026-07-02T07:23:00.000+00:00"", ""end"": null, ""time_zone"": null}","effective_bs=1 (gpu_count=1 x per-gpu bs), lr_scaling=none; test_cfg(score_thr=None, max_per_img=None, nms_pre=None, nms_iou=None); split(train 9657 / val 1515 / test 4265)",42,"phase acc/macro-F1/jaccard/edit/seg-F1 (online_causal, jaccard strict)","phase acc=0.8970, macro_f1=0.7046, jaccard=0.6381, edit=42.7739, segF1@50=0.4338
①信号 hand→phase（haux_hand_count_oracle）。Δ_phase vs S4 base 0.8986±0.0028",completed,efros (RTX A6000),False,"DDP 2GPU (RTX A6000 x2) on efros, manual launcher (E plan, CUDA_VISIBLE_DEVICES per rank)",file:///home/ubuntu/slocal/m2/experiments/transfer/haux_hand_count_oracle_001_haux_hand_count_oracle_seed42,"{""start"": ""2026-07-02T07:22:00.000+00:00"", ""end"": null, ""time_zone"": null}",B,explore,haux_hand_count_oracle_001_haux_hand_count_oracle_seed42
391ee4d4-7777-81cf-8b49-dc0af6c6ab77,2026-07-02T07:20:00.000Z,2026-07-02T07:20:00.000Z,1a52c6fde8120bb62eba920ad3c3d8882f309b72,"{""start"": ""2026-07-02T07:20:00.000+00:00"", ""end"": null, ""time_zone"": null}","effective_bs=1 (gpu_count=1 x per-gpu bs), lr_scaling=none; test_cfg(score_thr=None, max_per_img=None, nms_pre=None, nms_iou=None); split(train 9657 / val 1515 / test 4265)",456,"phase acc/macro-F1/jaccard/edit/seg-F1 (online_causal, jaccard strict)","phase acc=0.8904, macro_f1=0.7037, jaccard=0.6450, edit=38.8148, segF1@50=0.3466
①信号 hand→phase（haux_hand_presence_oracle）。Δ_phase vs S4 base 0.8986±0.0028",completed,efros (RTX A6000),False,"DDP 2GPU (RTX A6000 x2) on efros, manual launcher (E plan, CUDA_VISIBLE_DEVICES per rank)",file:///home/ubuntu/slocal/m2/experiments/transfer/haux_hand_presence_oracle_003_haux_hand_presence_oracle_seed456,"{""start"": ""2026-07-02T07:20:00.000+00:00"", ""end"": null, ""time_zone"": null}",B,explore,haux_hand_presence_oracle_003_haux_hand_presence_oracle_seed456
391ee4d4-7777-81b7-a7e9-db05b81cb241,2026-07-02T07:20:00.000Z,2026-07-02T07:20:00.000Z,1a52c6fde8120bb62eba920ad3c3d8882f309b72,"{""start"": ""2026-07-02T07:20:00.000+00:00"", ""end"": null, ""time_zone"": null}","effective_bs=1 (gpu_count=1 x per-gpu bs), lr_scaling=none; test_cfg(score_thr=None, max_per_img=None, nms_pre=None, nms_iou=None); split(train 9657 / val 1515 / test 4265)",123,"phase acc/macro-F1/jaccard/edit/seg-F1 (online_causal, jaccard strict)","phase acc=0.9142, macro_f1=0.7417, jaccard=0.6864, edit=38.8148, segF1@50=0.3602
①信号 hand→phase（haux_hand_presence_oracle）。Δ_phase vs S4 base 0.8986±0.0028",completed,efros (RTX A6000),False,"DDP 2GPU (RTX A6000 x2) on efros, manual launcher (E plan, CUDA_VISIBLE_DEVICES per rank)",file:///home/ubuntu/slocal/m2/experiments/transfer/haux_hand_presence_oracle_002_haux_hand_presence_oracle_seed123,"{""start"": ""2026-07-02T07:20:00.000+00:00"", ""end"": null, ""time_zone"": null}",B,explore,haux_hand_presence_oracle_002_haux_hand_presence_oracle_seed123
391ee4d4-7777-8115-815b-e717cbb1d660,2026-07-02T07:20:00.000Z,2026-07-02T07:20:00.000Z,1a52c6fde8120bb62eba920ad3c3d8882f309b72,"{""start"": ""2026-07-02T07:20:00.000+00:00"", ""end"": null, ""time_zone"": null}","effective_bs=1 (gpu_count=1 x per-gpu bs), lr_scaling=none; test_cfg(score_thr=None, max_per_img=None, nms_pre=None, nms_iou=None); split(train 9657 / val 1515 / test 4265)",42,"phase acc/macro-F1/jaccard/edit/seg-F1 (online_causal, jaccard strict)","phase acc=0.9056, macro_f1=0.7474, jaccard=0.6819, edit=41.4695, segF1@50=0.3660
①信号 hand→phase（haux_hand_presence_oracle）。Δ_phase vs S4 base 0.8986±0.0028",completed,efros (RTX A6000),False,"DDP 2GPU (RTX A6000 x2) on efros, manual launcher (E plan, CUDA_VISIBLE_DEVICES per rank)",file:///home/ubuntu/slocal/m2/experiments/transfer/haux_hand_presence_oracle_001_haux_hand_presence_oracle_seed42,"{""start"": ""2026-07-02T07:19:00.000+00:00"", ""end"": null, ""time_zone"": null}",B,explore,haux_hand_presence_oracle_001_haux_hand_presence_oracle_seed42
391ee4d4-7777-8157-bfa2-df8f4dbe7cc9,2026-07-02T07:20:00.000Z,2026-07-02T07:20:00.000Z,1a52c6fde8120bb62eba920ad3c3d8882f309b72,"{""start"": ""2026-07-02T07:20:00.000+00:00"", ""end"": null, ""time_zone"": null}","effective_bs=1 (gpu_count=1 x per-gpu bs), lr_scaling=none; test_cfg(score_thr=None, max_per_img=None, nms_pre=None, nms_iou=None); split(train 9657 / val 1515 / test 4265)",456,phase acc/macro-F1/jaccard/edit/seg-F1 (online_causal),"phase acc=0.8865, macro_f1=0.6635, jaccard=0.6037, edit=43.0370, segF1@50=0.4111
工程単独分母（凍結 TeCNO）。Δ_phase の基準点",completed,efros (RTX A6000),False,"DDP 2GPU (RTX A6000 x2) on efros, manual launcher (E plan, CUDA_VISIBLE_DEVICES per rank)",file:///home/ubuntu/slocal/m2/experiments/phase1/s4_phase_baseline_012_frozen_tecno_phase_baseline_seed456,"{""start"": ""2026-07-02T07:19:00.000+00:00"", ""end"": null, ""time_zone"": null}",S4,must,s4_phase_baseline_012_frozen_tecno_phase_baseline_seed456
391ee4d4-7777-81d7-830c-e88347e0d44f,2026-07-02T07:19:00.000Z,2026-07-02T07:19:00.000Z,1a52c6fde8120bb62eba920ad3c3d8882f309b72,"{""start"": ""2026-07-02T07:19:00.000+00:00"", ""end"": null, ""time_zone"": null}","effective_bs=1 (gpu_count=1 x per-gpu bs), lr_scaling=none; test_cfg(score_thr=None, max_per_img=None, nms_pre=None, nms_iou=None); split(train 9657 / val 1515 / test 4265)",123,phase acc/macro-F1/jaccard/edit/seg-F1 (online_causal),"phase acc=0.9083, macro_f1=0.7245, jaccard=0.6736, edit=39.5556, segF1@50=0.3310
工程単独分母（凍結 TeCNO）。Δ_phase の基準点",completed,efros (RTX A6000),False,"DDP 2GPU (RTX A6000 x2) on efros, manual launcher (E plan, CUDA_VISIBLE_DEVICES per rank)",file:///home/ubuntu/slocal/m2/experiments/phase1/s4_phase_baseline_011_frozen_tecno_phase_baseline_seed123,"{""start"": ""2026-07-02T07:19:00.000+00:00"", ""end"": null, ""time_zone"": null}",S4,must,s4_phase_baseline_011_frozen_tecno_phase_baseline_seed123
391ee4d4-7777-819e-bec0-db7b967bcaec,2026-07-02T07:19:00.000Z,2026-07-02T07:19:00.000Z,1a52c6fde8120bb62eba920ad3c3d8882f309b72,"{""start"": ""2026-07-02T07:19:00.000+00:00"", ""end"": null, ""time_zone"": null}","effective_bs=1 (gpu_count=1 x per-gpu bs), lr_scaling=none; test_cfg(score_thr=None, max_per_img=None, nms_pre=None, nms_iou=None); split(train 9657 / val 1515 / test 4265)",42,phase acc/macro-F1/jaccard/edit/seg-F1 (online_causal),"phase acc=0.9003, macro_f1=0.7015, jaccard=0.6331, edit=40.2469, segF1@50=0.3460
工程単独分母（凍結 TeCNO）。Δ_phase の基準点",completed,efros (RTX A6000),False,"DDP 2GPU (RTX A6000 x2) on efros, manual launcher (E plan, CUDA_VISIBLE_DEVICES per rank)",file:///home/ubuntu/slocal/m2/experiments/phase1/s4_phase_baseline_010_frozen_tecno_phase_baseline_seed42,"{""start"": ""2026-07-02T07:19:00.000+00:00"", ""end"": null, ""time_zone"": null}",S4,must,s4_phase_baseline_010_frozen_tecno_phase_baseline_seed42
38eee4d4-7777-8195-8f90-e29f4ab77ad1,2026-06-29T20:16:00.000Z,2026-06-29T20:17:00.000Z,c4228eddc07a1958959e00e8dff92f007c269755,"{""start"": ""2026-06-29T20:17:00.000+00:00"", ""end"": null, ""time_zone"": null}","effective_bs=1 (gpu_count=1 x per-gpu bs), lr_scaling=none; test_cfg(score_thr=None, max_per_img=None, nms_pre=None, nms_iou=None); split(train 9657 / val 1515 / test 4265)",456,"phase acc/macro-F1/jaccard/edit/seg-F1 (online_causal, jaccard strict)","phase acc=0.9314, macro_f1=0.7716, jaccard=0.7214, edit=38.2243, segF1@50=0.4007
①信号 det→phase。Δ_phase vs S4 base 0.8986±0.0034",completed,lecun,False,"DDP 2GPU (RTX A6000 x2) on lecun, manual launcher (E plan, CUDA_VISIBLE_DEVICES per rank)",file:///home/ubuntu/slocal2/m2/experiments/transfer/b2a_base_oracle_top3noise_p030_003_b2a_base_oracle_top3noise_p030_seed456,"{""start"": ""2026-06-29T20:15:00.000+00:00"", ""end"": null, ""time_zone"": null}",B,must,b2a_base_oracle_top3noise_p030_003_b2a_base_oracle_top3noise_p030_seed456
38eee4d4-7777-8134-a7b2-faf8708ab28c,2026-06-29T20:15:00.000Z,2026-06-29T20:17:00.000Z,c4228eddc07a1958959e00e8dff92f007c269755,"{""start"": ""2026-06-29T20:17:00.000+00:00"", ""end"": null, ""time_zone"": null}","effective_bs=1 (gpu_count=1 x per-gpu bs), lr_scaling=none; test_cfg(score_thr=None, max_per_img=None, nms_pre=None, nms_iou=None); split(train 9657 / val 1515 / test 4265)",123,"phase acc/macro-F1/jaccard/edit/seg-F1 (online_causal, jaccard strict)","phase acc=0.9261, macro_f1=0.7670, jaccard=0.7135, edit=37.9493, segF1@50=0.3965
①信号 det→phase。Δ_phase vs S4 base 0.8986±0.0034",completed,lecun,False,"DDP 2GPU (RTX A6000 x2) on lecun, manual launcher (E plan, CUDA_VISIBLE_DEVICES per rank)",file:///home/ubuntu/slocal2/m2/experiments/transfer/b2a_base_oracle_top3noise_p030_002_b2a_base_oracle_top3noise_p030_seed123,"{""start"": ""2026-06-29T20:15:00.000+00:00"", ""end"": null, ""time_zone"": null}",B,must,b2a_base_oracle_top3noise_p030_002_b2a_base_oracle_top3noise_p030_seed123
38eee4d4-7777-81a3-a642-cf4137465e31,2026-06-29T20:15:00.000Z,2026-06-29T20:17:00.000Z,c4228eddc07a1958959e00e8dff92f007c269755,"{""start"": ""2026-06-29T20:17:00.000+00:00"", ""end"": null, ""time_zone"": null}","effective_bs=1 (gpu_count=1 x per-gpu bs), lr_scaling=none; test_cfg(score_thr=None, max_per_img=None, nms_pre=None, nms_iou=None); split(train 9657 / val 1515 / test 4265)",42,"phase acc/macro-F1/jaccard/edit/seg-F1 (online_causal, jaccard strict)","phase acc=0.9241, macro_f1=0.7707, jaccard=0.7153, edit=39.6199, segF1@50=0.4266
①信号 det→phase。Δ_phase vs S4 base 0.8986±0.0034",completed,lecun,False,"DDP 2GPU (RTX A6000 x2) on lecun, manual launcher (E plan, CUDA_VISIBLE_DEVICES per rank)",file:///home/ubuntu/slocal2/m2/experiments/transfer/b2a_base_oracle_top3noise_p030_001_b2a_base_oracle_top3noise_p030_seed42,"{""start"": ""2026-06-29T20:14:00.000+00:00"", ""end"": null, ""time_zone"": null}",B,must,b2a_base_oracle_top3noise_p030_001_b2a_base_oracle_top3noise_p030_seed42
38eee4d4-7777-81e9-9edf-c76fdedb29c5,2026-06-29T20:14:00.000Z,2026-06-29T20:17:00.000Z,c4228eddc07a1958959e00e8dff92f007c269755,"{""start"": ""2026-06-29T20:17:00.000+00:00"", ""end"": null, ""time_zone"": null}","effective_bs=1 (gpu_count=1 x per-gpu bs), lr_scaling=none; test_cfg(score_thr=None, max_per_img=None, nms_pre=None, nms_iou=None); split(train 9657 / val 1515 / test 4265)",456,"phase acc/macro-F1/jaccard/edit/seg-F1 (online_causal, jaccard strict)","phase acc=0.9360, macro_f1=0.7797, jaccard=0.7309, edit=42.5090, segF1@50=0.4429
①信号 det→phase。Δ_phase vs S4 base 0.8986±0.0034",completed,lecun,False,"DDP 2GPU (RTX A6000 x2) on lecun, manual launcher (E plan, CUDA_VISIBLE_DEVICES per rank)",file:///home/ubuntu/slocal2/m2/experiments/transfer/b2a_base_oracle_top3noise_p020_003_b2a_base_oracle_top3noise_p020_seed456,"{""start"": ""2026-06-29T20:14:00.000+00:00"", ""end"": null, ""time_zone"": null}",B,must,b2a_base_oracle_top3noise_p020_003_b2a_base_oracle_top3noise_p020_seed456
38eee4d4-7777-81fb-a3e2-daddea39d2e8,2026-06-29T20:14:00.000Z,2026-06-29T20:17:00.000Z,c4228eddc07a1958959e00e8dff92f007c269755,"{""start"": ""2026-06-29T20:17:00.000+00:00"", ""end"": null, ""time_zone"": null}","effective_bs=1 (gpu_count=1 x per-gpu bs), lr_scaling=none; test_cfg(score_thr=None, max_per_img=None, nms_pre=None, nms_iou=None); split(train 9657 / val 1515 / test 4265)",123,"phase acc/macro-F1/jaccard/edit/seg-F1 (online_causal, jaccard strict)","phase acc=0.9314, macro_f1=0.7758, jaccard=0.7243, edit=35.3535, segF1@50=0.3610
①信号 det→phase。Δ_phase vs S4 base 0.8986±0.0034",completed,lecun,False,"DDP 2GPU (RTX A6000 x2) on lecun, manual launcher (E plan, CUDA_VISIBLE_DEVICES per rank)",file:///home/ubuntu/slocal2/m2/experiments/transfer/b2a_base_oracle_top3noise_p020_002_b2a_base_oracle_top3noise_p020_seed123,"{""start"": ""2026-06-29T20:13:00.000+00:00"", ""end"": null, ""time_zone"": null}",B,must,b2a_base_oracle_top3noise_p020_002_b2a_base_oracle_top3noise_p020_seed123
38eee4d4-7777-81e2-9e85-f85d37cd3f60,2026-06-29T20:13:00.000Z,2026-06-29T20:17:00.000Z,c4228eddc07a1958959e00e8dff92f007c269755,"{""start"": ""2026-06-29T20:17:00.000+00:00"", ""end"": null, ""time_zone"": null}","effective_bs=1 (gpu_count=1 x per-gpu bs), lr_scaling=none; test_cfg(score_thr=None, max_per_img=None, nms_pre=None, nms_iou=None); split(train 9657 / val 1515 / test 4265)",42,"phase acc/macro-F1/jaccard/edit/seg-F1 (online_causal, jaccard strict)","phase acc=0.9320, macro_f1=0.7855, jaccard=0.7358, edit=42.6587, segF1@50=0.4405
①信号 det→phase。Δ_phase vs S4 base 0.8986±0.0034",completed,lecun,False,"DDP 2GPU (RTX A6000 x2) on lecun, manual launcher (E plan, CUDA_VISIBLE_DEVICES per rank)",file:///home/ubuntu/slocal2/m2/experiments/transfer/b2a_base_oracle_top3noise_p020_001_b2a_base_oracle_top3noise_p020_seed42,"{""start"": ""2026-06-29T20:13:00.000+00:00"", ""end"": null, ""time_zone"": null}",B,must,b2a_base_oracle_top3noise_p020_001_b2a_base_oracle_top3noise_p020_seed42
38eee4d4-7777-81b7-8530-ec9074613d69,2026-06-29T20:13:00.000Z,2026-06-29T20:17:00.000Z,c4228eddc07a1958959e00e8dff92f007c269755,"{""start"": ""2026-06-29T20:17:00.000+00:00"", ""end"": null, ""time_zone"": null}","effective_bs=1 (gpu_count=1 x per-gpu bs), lr_scaling=none; test_cfg(score_thr=None, max_per_img=None, nms_pre=None, nms_iou=None); split(train 9657 / val 1515 / test 4265)",456,"phase acc/macro-F1/jaccard/edit/seg-F1 (online_causal, jaccard strict)","phase acc=0.9439, macro_f1=0.7974, jaccard=0.7552, edit=49.9683, segF1@50=0.5672
①信号 det→phase。Δ_phase vs S4 base 0.8986±0.0034",completed,lecun,False,"DDP 2GPU (RTX A6000 x2) on lecun, manual launcher (E plan, CUDA_VISIBLE_DEVICES per rank)",file:///home/ubuntu/slocal2/m2/experiments/transfer/b2a_base_oracle_top3noise_p010_003_b2a_base_oracle_top3noise_p010_seed456,"{""start"": ""2026-06-29T20:12:00.000+00:00"", ""end"": null, ""time_zone"": null}",B,must,b2a_base_oracle_top3noise_p010_003_b2a_base_oracle_top3noise_p010_seed456
38eee4d4-7777-8113-88f9-c81df1734323,2026-06-29T20:12:00.000Z,2026-06-29T20:17:00.000Z,c4228eddc07a1958959e00e8dff92f007c269755,"{""start"": ""2026-06-29T20:17:00.000+00:00"", ""end"": null, ""time_zone"": null}","effective_bs=1 (gpu_count=1 x per-gpu bs), lr_scaling=none; test_cfg(score_thr=None, max_per_img=None, nms_pre=None, nms_iou=None); split(train 9657 / val 1515 / test 4265)",123,"phase acc/macro-F1/jaccard/edit/seg-F1 (online_causal, jaccard strict)","phase acc=0.9426, macro_f1=0.7980, jaccard=0.7550, edit=44.4444, segF1@50=0.4889
①信号 det→phase。Δ_phase vs S4 base 0.8986±0.0034",completed,lecun,False,"DDP 2GPU (RTX A6000 x2) on lecun, manual launcher (E plan, CUDA_VISIBLE_DEVICES per rank)",file:///home/ubuntu/slocal2/m2/experiments/transfer/b2a_base_oracle_top3noise_p010_002_b2a_base_oracle_top3noise_p010_seed123,"{""start"": ""2026-06-29T20:12:00.000+00:00"", ""end"": null, ""time_zone"": null}",B,must,b2a_base_oracle_top3noise_p010_002_b2a_base_oracle_top3noise_p010_seed123
38eee4d4-7777-81e1-bd31-dedaecd96fa3,2026-06-29T20:12:00.000Z,2026-06-29T20:17:00.000Z,c4228eddc07a1958959e00e8dff92f007c269755,"{""start"": ""2026-06-29T20:16:00.000+00:00"", ""end"": null, ""time_zone"": null}","effective_bs=1 (gpu_count=1 x per-gpu bs), lr_scaling=none; test_cfg(score_thr=None, max_per_img=None, nms_pre=None, nms_iou=None); split(train 9657 / val 1515 / test 4265)",42,"phase acc/macro-F1/jaccard/edit/seg-F1 (online_causal, jaccard strict)","phase acc=0.9380, macro_f1=0.7922, jaccard=0.7473, edit=45.7778, segF1@50=0.5053
①信号 det→phase。Δ_phase vs S4 base 0.8986±0.0034",completed,lecun,False,"DDP 2GPU (RTX A6000 x2) on lecun, manual launcher (E plan, CUDA_VISIBLE_DEVICES per rank)",file:///home/ubuntu/slocal2/m2/experiments/transfer/b2a_base_oracle_top3noise_p010_001_b2a_base_oracle_top3noise_p010_seed42,"{""start"": ""2026-06-29T20:11:00.000+00:00"", ""end"": null, ""time_zone"": null}",B,must,b2a_base_oracle_top3noise_p010_001_b2a_base_oracle_top3noise_p010_seed42
38eee4d4-7777-818f-85c3-c58a45853ec9,2026-06-29T17:41:00.000Z,2026-06-29T17:43:00.000Z,c4228eddc07a1958959e00e8dff92f007c269755,"{""start"": ""2026-06-29T17:43:00.000+00:00"", ""end"": null, ""time_zone"": null}","effective_bs=1 (gpu_count=1 x per-gpu bs), lr_scaling=none; test_cfg(score_thr=None, max_per_img=None, nms_pre=None, nms_iou=None); split(train 9657 / val 1515 / test 4265)",456,"phase acc/macro-F1/jaccard/edit/seg-F1 (online_causal, jaccard strict)","phase acc=0.9083, macro_f1=0.7287, jaccard=0.6674, edit=45.5556, segF1@50=0.4507
①信号 det→phase。Δ_phase vs S4 base 0.8986±0.0034",completed,lecun,False,"DDP 2GPU (RTX A6000 x2) on lecun, manual launcher (E plan, CUDA_VISIBLE_DEVICES per rank)",file:///home/ubuntu/slocal2/m2/experiments/transfer/b2a_base_oracle_noise_p030_003_b2a_base_oracle_noise_p030_seed456,"{""start"": ""2026-06-29T17:41:00.000+00:00"", ""end"": null, ""time_zone"": null}",B,must,b2a_base_oracle_noise_p030_003_b2a_base_oracle_noise_p030_seed456
38eee4d4-7777-819c-97aa-dbbafe4536ea,2026-06-29T17:40:00.000Z,2026-06-29T17:43:00.000Z,c4228eddc07a1958959e00e8dff92f007c269755,"{""start"": ""2026-06-29T17:43:00.000+00:00"", ""end"": null, ""time_zone"": null}","effective_bs=1 (gpu_count=1 x per-gpu bs), lr_scaling=none; test_cfg(score_thr=None, max_per_img=None, nms_pre=None, nms_iou=None); split(train 9657 / val 1515 / test 4265)",123,"phase acc/macro-F1/jaccard/edit/seg-F1 (online_causal, jaccard strict)","phase acc=0.9102, macro_f1=0.7351, jaccard=0.6748, edit=40.6111, segF1@50=0.3556
①信号 det→phase。Δ_phase vs S4 base 0.8986±0.0034",completed,lecun,False,"DDP 2GPU (RTX A6000 x2) on lecun, manual launcher (E plan, CUDA_VISIBLE_DEVICES per rank)",file:///home/ubuntu/slocal2/m2/experiments/transfer/b2a_base_oracle_noise_p030_002_b2a_base_oracle_noise_p030_seed123,"{""start"": ""2026-06-29T17:40:00.000+00:00"", ""end"": null, ""time_zone"": null}",B,must,b2a_base_oracle_noise_p030_002_b2a_base_oracle_noise_p030_seed123
38eee4d4-7777-818b-9403-d6b17b7cf0e7,2026-06-29T17:40:00.000Z,2026-06-29T17:42:00.000Z,c4228eddc07a1958959e00e8dff92f007c269755,"{""start"": ""2026-06-29T17:42:00.000+00:00"", ""end"": null, ""time_zone"": null}","effective_bs=1 (gpu_count=1 x per-gpu bs), lr_scaling=none; test_cfg(score_thr=None, max_per_img=None, nms_pre=None, nms_iou=None); split(train 9657 / val 1515 / test 4265)",42,"phase acc/macro-F1/jaccard/edit/seg-F1 (online_causal, jaccard strict)","phase acc=0.9089, macro_f1=0.7445, jaccard=0.6796, edit=37.5391, segF1@50=0.3408
①信号 det→phase。Δ_phase vs S4 base 0.8986±0.0034",completed,lecun,False,"DDP 2GPU (RTX A6000 x2) on lecun, manual launcher (E plan, CUDA_VISIBLE_DEVICES per rank)",file:///home/ubuntu/slocal2/m2/experiments/transfer/b2a_base_oracle_noise_p030_001_b2a_base_oracle_noise_p030_seed42,"{""start"": ""2026-06-29T17:40:00.000+00:00"", ""end"": null, ""time_zone"": null}",B,must,b2a_base_oracle_noise_p030_001_b2a_base_oracle_noise_p030_seed42
38eee4d4-7777-8106-9fb7-c28862817723,2026-06-29T17:40:00.000Z,2026-06-29T17:42:00.000Z,c4228eddc07a1958959e00e8dff92f007c269755,"{""start"": ""2026-06-29T17:42:00.000+00:00"", ""end"": null, ""time_zone"": null}","effective_bs=1 (gpu_count=1 x per-gpu bs), lr_scaling=none; test_cfg(score_thr=None, max_per_img=None, nms_pre=None, nms_iou=None); split(train 9657 / val 1515 / test 4265)",456,"phase acc/macro-F1/jaccard/edit/seg-F1 (online_causal, jaccard strict)","phase acc=0.9182, macro_f1=0.7306, jaccard=0.6704, edit=46.7273, segF1@50=0.4991
①信号 det→phase。Δ_phase vs S4 base 0.8986±0.0034",completed,lecun,False,"DDP 2GPU (RTX A6000 x2) on lecun, manual launcher (E plan, CUDA_VISIBLE_DEVICES per rank)",file:///home/ubuntu/slocal2/m2/experiments/transfer/b2a_base_oracle_noise_p020_003_b2a_base_oracle_noise_p020_seed456,"{""start"": ""2026-06-29T17:39:00.000+00:00"", ""end"": null, ""time_zone"": null}",B,must,b2a_base_oracle_noise_p020_003_b2a_base_oracle_noise_p020_seed456
38eee4d4-7777-8180-b238-ccd25566f1e5,2026-06-29T17:39:00.000Z,2026-06-29T17:42:00.000Z,c4228eddc07a1958959e00e8dff92f007c269755,"{""start"": ""2026-06-29T17:42:00.000+00:00"", ""end"": null, ""time_zone"": null}","effective_bs=1 (gpu_count=1 x per-gpu bs), lr_scaling=none; test_cfg(score_thr=None, max_per_img=None, nms_pre=None, nms_iou=None); split(train 9657 / val 1515 / test 4265)",123,"phase acc/macro-F1/jaccard/edit/seg-F1 (online_causal, jaccard strict)","phase acc=0.9188, macro_f1=0.7437, jaccard=0.6899, edit=46.7619, segF1@50=0.4447
①信号 det→phase。Δ_phase vs S4 base 0.8986±0.0034",completed,lecun,False,"DDP 2GPU (RTX A6000 x2) on lecun, manual launcher (E plan, CUDA_VISIBLE_DEVICES per rank)",file:///home/ubuntu/slocal2/m2/experiments/transfer/b2a_base_oracle_noise_p020_002_b2a_base_oracle_noise_p020_seed123,"{""start"": ""2026-06-29T17:39:00.000+00:00"", ""end"": null, ""time_zone"": null}",B,must,b2a_base_oracle_noise_p020_002_b2a_base_oracle_noise_p020_seed123
38eee4d4-7777-818c-973f-eb3187a5a5ff,2026-06-29T17:39:00.000Z,2026-06-29T17:42:00.000Z,c4228eddc07a1958959e00e8dff92f007c269755,"{""start"": ""2026-06-29T17:42:00.000+00:00"", ""end"": null, ""time_zone"": null}","effective_bs=1 (gpu_count=1 x per-gpu bs), lr_scaling=none; test_cfg(score_thr=None, max_per_img=None, nms_pre=None, nms_iou=None); split(train 9657 / val 1515 / test 4265)",42,"phase acc/macro-F1/jaccard/edit/seg-F1 (online_causal, jaccard strict)","phase acc=0.9102, macro_f1=0.7455, jaccard=0.6772, edit=33.8998, segF1@50=0.3373
①信号 det→phase。Δ_phase vs S4 base 0.8986±0.0034",completed,lecun,False,"DDP 2GPU (RTX A6000 x2) on lecun, manual launcher (E plan, CUDA_VISIBLE_DEVICES per rank)",file:///home/ubuntu/slocal2/m2/experiments/transfer/b2a_base_oracle_noise_p020_001_b2a_base_oracle_noise_p020_seed42,"{""start"": ""2026-06-29T17:38:00.000+00:00"", ""end"": null, ""time_zone"": null}",B,must,b2a_base_oracle_noise_p020_001_b2a_base_oracle_noise_p020_seed42
38eee4d4-7777-81be-9728-e301f10bb1e8,2026-06-29T17:38:00.000Z,2026-06-29T17:42:00.000Z,c4228eddc07a1958959e00e8dff92f007c269755,"{""start"": ""2026-06-29T17:42:00.000+00:00"", ""end"": null, ""time_zone"": null}","effective_bs=1 (gpu_count=1 x per-gpu bs), lr_scaling=none; test_cfg(score_thr=None, max_per_img=None, nms_pre=None, nms_iou=None); split(train 9657 / val 1515 / test 4265)",456,"phase acc/macro-F1/jaccard/edit/seg-F1 (online_causal, jaccard strict)","phase acc=0.9393, macro_f1=0.7931, jaccard=0.7472, edit=49.7701, segF1@50=0.5525
①信号 det→phase。Δ_phase vs S4 base 0.8986±0.0034",completed,lecun,False,"DDP 2GPU (RTX A6000 x2) on lecun, manual launcher (E plan, CUDA_VISIBLE_DEVICES per rank)",file:///home/ubuntu/slocal2/m2/experiments/transfer/b2a_base_oracle_noise_p010_003_b2a_base_oracle_noise_p010_seed456,"{""start"": ""2026-06-29T17:38:00.000+00:00"", ""end"": null, ""time_zone"": null}",B,must,b2a_base_oracle_noise_p010_003_b2a_base_oracle_noise_p010_seed456
38eee4d4-7777-813c-8748-fdde79f47679,2026-06-29T17:38:00.000Z,2026-06-29T17:42:00.000Z,c4228eddc07a1958959e00e8dff92f007c269755,"{""start"": ""2026-06-29T17:42:00.000+00:00"", ""end"": null, ""time_zone"": null}","effective_bs=1 (gpu_count=1 x per-gpu bs), lr_scaling=none; test_cfg(score_thr=None, max_per_img=None, nms_pre=None, nms_iou=None); split(train 9657 / val 1515 / test 4265)",123,"phase acc/macro-F1/jaccard/edit/seg-F1 (online_causal, jaccard strict)","phase acc=0.9300, macro_f1=0.7852, jaccard=0.7365, edit=38.9583, segF1@50=0.4274
①信号 det→phase。Δ_phase vs S4 base 0.8986±0.0034",completed,lecun,False,"DDP 2GPU (RTX A6000 x2) on lecun, manual launcher (E plan, CUDA_VISIBLE_DEVICES per rank)",file:///home/ubuntu/slocal2/m2/experiments/transfer/b2a_base_oracle_noise_p010_002_b2a_base_oracle_noise_p010_seed123,"{""start"": ""2026-06-29T17:37:00.000+00:00"", ""end"": null, ""time_zone"": null}",B,must,b2a_base_oracle_noise_p010_002_b2a_base_oracle_noise_p010_seed123
38eee4d4-7777-8156-8f5b-e8f6fde78823,2026-06-29T17:37:00.000Z,2026-06-29T17:42:00.000Z,c4228eddc07a1958959e00e8dff92f007c269755,"{""start"": ""2026-06-29T17:42:00.000+00:00"", ""end"": null, ""time_zone"": null}","effective_bs=1 (gpu_count=1 x per-gpu bs), lr_scaling=none; test_cfg(score_thr=None, max_per_img=None, nms_pre=None, nms_iou=None); split(train 9657 / val 1515 / test 4265)",42,"phase acc/macro-F1/jaccard/edit/seg-F1 (online_causal, jaccard strict)","phase acc=0.9320, macro_f1=0.7755, jaccard=0.7201, edit=39.8313, segF1@50=0.4414
①信号 det→phase。Δ_phase vs S4 base 0.8986±0.0034",completed,lecun,False,"DDP 2GPU (RTX A6000 x2) on lecun, manual launcher (E plan, CUDA_VISIBLE_DEVICES per rank)",file:///home/ubuntu/slocal2/m2/experiments/transfer/b2a_base_oracle_noise_p010_001_b2a_base_oracle_noise_p010_seed42,"{""start"": ""2026-06-29T17:37:00.000+00:00"", ""end"": null, ""time_zone"": null}",B,must,b2a_base_oracle_noise_p010_001_b2a_base_oracle_noise_p010_seed42
38eee4d4-7777-81af-aa1b-c8042cb2362d,2026-06-29T17:35:00.000Z,2026-06-29T17:37:00.000Z,c4228eddc07a1958959e00e8dff92f007c269755,"{""start"": ""2026-06-29T17:37:00.000+00:00"", ""end"": null, ""time_zone"": null}","effective_bs=1 (gpu_count=1 x per-gpu bs), lr_scaling=none; test_cfg(score_thr=None, max_per_img=None, nms_pre=None, nms_iou=None); split(train 9657 / val 1515 / test 4265)",456,phase acc/macro-F1/jaccard/edit/seg-F1 (online_causal),"phase acc=0.9472, macro_f1=0.8022, jaccard=0.7617, edit=35.1852, segF1@50=0.4349
②object-token det→phase。Δ_phase vs S4 base 0.8986（within-server）",completed,lecun,False,"DDP 2GPU (RTX A6000 x2) on lecun, manual launcher (E plan, CUDA_VISIBLE_DEVICES per rank)",file:///home/ubuntu/slocal2/m2/experiments/transfer/t1a_combined_oracle_noise_p030_003_t1a_combined_oracle_noise_p030_seed456,"{""start"": ""2026-06-29T17:35:00.000+00:00"", ""end"": null, ""time_zone"": null}",B,must,t1a_combined_oracle_noise_p030_003_t1a_combined_oracle_noise_p030_seed456
38eee4d4-7777-8152-b4e9-c3bdd6690057,2026-06-29T17:35:00.000Z,2026-06-29T17:37:00.000Z,c4228eddc07a1958959e00e8dff92f007c269755,"{""start"": ""2026-06-29T17:37:00.000+00:00"", ""end"": null, ""time_zone"": null}","effective_bs=1 (gpu_count=1 x per-gpu bs), lr_scaling=none; test_cfg(score_thr=None, max_per_img=None, nms_pre=None, nms_iou=None); split(train 9657 / val 1515 / test 4265)",123,phase acc/macro-F1/jaccard/edit/seg-F1 (online_causal),"phase acc=0.9485, macro_f1=0.8083, jaccard=0.7694, edit=33.4539, segF1@50=0.4027
②object-token det→phase。Δ_phase vs S4 base 0.8986（within-server）",completed,lecun,False,"DDP 2GPU (RTX A6000 x2) on lecun, manual launcher (E plan, CUDA_VISIBLE_DEVICES per rank)",file:///home/ubuntu/slocal2/m2/experiments/transfer/t1a_combined_oracle_noise_p030_002_t1a_combined_oracle_noise_p030_seed123,"{""start"": ""2026-06-29T17:34:00.000+00:00"", ""end"": null, ""time_zone"": null}",B,must,t1a_combined_oracle_noise_p030_002_t1a_combined_oracle_noise_p030_seed123
38eee4d4-7777-81c1-b526-fe3379f46981,2026-06-29T17:34:00.000Z,2026-06-29T17:37:00.000Z,c4228eddc07a1958959e00e8dff92f007c269755,"{""start"": ""2026-06-29T17:37:00.000+00:00"", ""end"": null, ""time_zone"": null}","effective_bs=1 (gpu_count=1 x per-gpu bs), lr_scaling=none; test_cfg(score_thr=None, max_per_img=None, nms_pre=None, nms_iou=None); split(train 9657 / val 1515 / test 4265)",42,phase acc/macro-F1/jaccard/edit/seg-F1 (online_causal),"phase acc=0.9479, macro_f1=0.8104, jaccard=0.7712, edit=33.8438, segF1@50=0.4055
②object-token det→phase。Δ_phase vs S4 base 0.8986（within-server）",completed,lecun,False,"DDP 2GPU (RTX A6000 x2) on lecun, manual launcher (E plan, CUDA_VISIBLE_DEVICES per rank)",file:///home/ubuntu/slocal2/m2/experiments/transfer/t1a_combined_oracle_noise_p030_001_t1a_combined_oracle_noise_p030_seed42,"{""start"": ""2026-06-29T17:34:00.000+00:00"", ""end"": null, ""time_zone"": null}",B,must,t1a_combined_oracle_noise_p030_001_t1a_combined_oracle_noise_p030_seed42
38eee4d4-7777-8143-90ab-fd64f5c3a2e0,2026-06-29T17:34:00.000Z,2026-06-29T17:37:00.000Z,c4228eddc07a1958959e00e8dff92f007c269755,"{""start"": ""2026-06-29T17:37:00.000+00:00"", ""end"": null, ""time_zone"": null}","effective_bs=1 (gpu_count=1 x per-gpu bs), lr_scaling=none; test_cfg(score_thr=None, max_per_img=None, nms_pre=None, nms_iou=None); split(train 9657 / val 1515 / test 4265)",456,phase acc/macro-F1/jaccard/edit/seg-F1 (online_causal),"phase acc=0.9472, macro_f1=0.8022, jaccard=0.7617, edit=36.0465, segF1@50=0.4307
②object-token det→phase。Δ_phase vs S4 base 0.8986（within-server）",completed,lecun,False,"DDP 2GPU (RTX A6000 x2) on lecun, manual launcher (E plan, CUDA_VISIBLE_DEVICES per rank)",file:///home/ubuntu/slocal2/m2/experiments/transfer/t1a_combined_oracle_noise_p020_003_t1a_combined_oracle_noise_p020_seed456,"{""start"": ""2026-06-29T17:33:00.000+00:00"", ""end"": null, ""time_zone"": null}",B,must,t1a_combined_oracle_noise_p020_003_t1a_combined_oracle_noise_p020_seed456
38eee4d4-7777-813e-b52a-cae8fa276f19,2026-06-29T17:33:00.000Z,2026-06-29T17:37:00.000Z,c4228eddc07a1958959e00e8dff92f007c269755,"{""start"": ""2026-06-29T17:37:00.000+00:00"", ""end"": null, ""time_zone"": null}","effective_bs=1 (gpu_count=1 x per-gpu bs), lr_scaling=none; test_cfg(score_thr=None, max_per_img=None, nms_pre=None, nms_iou=None); split(train 9657 / val 1515 / test 4265)",123,phase acc/macro-F1/jaccard/edit/seg-F1 (online_causal),"phase acc=0.9465, macro_f1=0.8043, jaccard=0.7627, edit=31.8519, segF1@50=0.3786
②object-token det→phase。Δ_phase vs S4 base 0.8986（within-server）",completed,lecun,False,"DDP 2GPU (RTX A6000 x2) on lecun, manual launcher (E plan, CUDA_VISIBLE_DEVICES per rank)",file:///home/ubuntu/slocal2/m2/experiments/transfer/t1a_combined_oracle_noise_p020_002_t1a_combined_oracle_noise_p020_seed123,"{""start"": ""2026-06-29T17:33:00.000+00:00"", ""end"": null, ""time_zone"": null}",B,must,t1a_combined_oracle_noise_p020_002_t1a_combined_oracle_noise_p020_seed123
38eee4d4-7777-81ef-86dc-dd52bf8e036c,2026-06-29T17:33:00.000Z,2026-06-29T17:37:00.000Z,c4228eddc07a1958959e00e8dff92f007c269755,"{""start"": ""2026-06-29T17:37:00.000+00:00"", ""end"": null, ""time_zone"": null}","effective_bs=1 (gpu_count=1 x per-gpu bs), lr_scaling=none; test_cfg(score_thr=None, max_per_img=None, nms_pre=None, nms_iou=None); split(train 9657 / val 1515 / test 4265)",42,phase acc/macro-F1/jaccard/edit/seg-F1 (online_causal),"phase acc=0.9459, macro_f1=0.7952, jaccard=0.7507, edit=31.0789, segF1@50=0.3829
②object-token det→phase。Δ_phase vs S4 base 0.8986（within-server）",completed,lecun,False,"DDP 2GPU (RTX A6000 x2) on lecun, manual launcher (E plan, CUDA_VISIBLE_DEVICES per rank)",file:///home/ubuntu/slocal2/m2/experiments/transfer/t1a_combined_oracle_noise_p020_001_t1a_combined_oracle_noise_p020_seed42,"{""start"": ""2026-06-29T17:32:00.000+00:00"", ""end"": null, ""time_zone"": null}",B,must,t1a_combined_oracle_noise_p020_001_t1a_combined_oracle_noise_p020_seed42
38eee4d4-7777-812f-b340-ff815c8a94db,2026-06-29T17:32:00.000Z,2026-06-29T17:37:00.000Z,c4228eddc07a1958959e00e8dff92f007c269755,"{""start"": ""2026-06-29T17:37:00.000+00:00"", ""end"": null, ""time_zone"": null}","effective_bs=1 (gpu_count=1 x per-gpu bs), lr_scaling=none; test_cfg(score_thr=None, max_per_img=None, nms_pre=None, nms_iou=None); split(train 9657 / val 1515 / test 4265)",456,phase acc/macro-F1/jaccard/edit/seg-F1 (online_causal),"phase acc=0.9472, macro_f1=0.8019, jaccard=0.7612, edit=35.5703, segF1@50=0.4297
②object-token det→phase。Δ_phase vs S4 base 0.8986（within-server）",completed,lecun,False,"DDP 2GPU (RTX A6000 x2) on lecun, manual launcher (E plan, CUDA_VISIBLE_DEVICES per rank)",file:///home/ubuntu/slocal2/m2/experiments/transfer/t1a_combined_oracle_noise_p010_003_t1a_combined_oracle_noise_p010_seed456,"{""start"": ""2026-06-29T17:32:00.000+00:00"", ""end"": null, ""time_zone"": null}",B,must,t1a_combined_oracle_noise_p010_003_t1a_combined_oracle_noise_p010_seed456
38eee4d4-7777-816b-92db-e4f01d812145,2026-06-29T17:32:00.000Z,2026-06-29T17:37:00.000Z,c4228eddc07a1958959e00e8dff92f007c269755,"{""start"": ""2026-06-29T17:37:00.000+00:00"", ""end"": null, ""time_zone"": null}","effective_bs=1 (gpu_count=1 x per-gpu bs), lr_scaling=none; test_cfg(score_thr=None, max_per_img=None, nms_pre=None, nms_iou=None); split(train 9657 / val 1515 / test 4265)",123,phase acc/macro-F1/jaccard/edit/seg-F1 (online_causal),"phase acc=0.9479, macro_f1=0.8064, jaccard=0.7660, edit=32.7132, segF1@50=0.3746
②object-token det→phase。Δ_phase vs S4 base 0.8986（within-server）",completed,lecun,False,"DDP 2GPU (RTX A6000 x2) on lecun, manual launcher (E plan, CUDA_VISIBLE_DEVICES per rank)",file:///home/ubuntu/slocal2/m2/experiments/transfer/t1a_combined_oracle_noise_p010_002_t1a_combined_oracle_noise_p010_seed123,"{""start"": ""2026-06-29T17:31:00.000+00:00"", ""end"": null, ""time_zone"": null}",B,must,t1a_combined_oracle_noise_p010_002_t1a_combined_oracle_noise_p010_seed123
38eee4d4-7777-817d-bc72-c9326a0a798e,2026-06-29T17:31:00.000Z,2026-06-29T17:37:00.000Z,c4228eddc07a1958959e00e8dff92f007c269755,"{""start"": ""2026-06-29T17:37:00.000+00:00"", ""end"": null, ""time_zone"": null}","effective_bs=1 (gpu_count=1 x per-gpu bs), lr_scaling=none; test_cfg(score_thr=None, max_per_img=None, nms_pre=None, nms_iou=None); split(train 9657 / val 1515 / test 4265)",42,phase acc/macro-F1/jaccard/edit/seg-F1 (online_causal),"phase acc=0.9465, macro_f1=0.8015, jaccard=0.7601, edit=36.6216, segF1@50=0.4436
②object-token det→phase。Δ_phase vs S4 base 0.8986（within-server）",completed,lecun,False,"DDP 2GPU (RTX A6000 x2) on lecun, manual launcher (E plan, CUDA_VISIBLE_DEVICES per rank)",file:///home/ubuntu/slocal2/m2/experiments/transfer/t1a_combined_oracle_noise_p010_001_t1a_combined_oracle_noise_p010_seed42,"{""start"": ""2026-06-29T17:31:00.000+00:00"", ""end"": null, ""time_zone"": null}",B,must,t1a_combined_oracle_noise_p010_001_t1a_combined_oracle_noise_p010_seed42
38eee4d4-7777-811d-bb4f-f4c15e8291bb,2026-06-29T17:27:00.000Z,2026-06-29T17:29:00.000Z,c4228eddc07a1958959e00e8dff92f007c269755,"{""start"": ""2026-06-29T17:29:00.000+00:00"", ""end"": null, ""time_zone"": null}","effective_bs=1 (gpu_count=1 x per-gpu bs), lr_scaling=none; test_cfg(score_thr=None, max_per_img=None, nms_pre=None, nms_iou=None); split(train 9657 / val 1515 / test 4265)",456,"phase acc/macro-F1/jaccard/edit/seg-F1 (online_causal, jaccard strict)","phase acc=0.9089, macro_f1=0.6745, jaccard=0.6380, edit=34.7320, segF1@50=0.3947
①信号 det→phase。Δ_phase vs S4 base 0.8986±0.0034",completed,lecun,False,"DDP 2GPU (RTX A6000 x2) on lecun, manual launcher (E plan, CUDA_VISIBLE_DEVICES per rank)",file:///home/ubuntu/slocal2/m2/experiments/transfer/b2a_ro_oracle_bsnoise_p030_003_b2a_ro_oracle_bsnoise_p030_seed456,"{""start"": ""2026-06-29T17:27:00.000+00:00"", ""end"": null, ""time_zone"": null}",B,must,b2a_ro_oracle_bsnoise_p030_003_b2a_ro_oracle_bsnoise_p030_seed456
38eee4d4-7777-816d-af4e-e7173a35bc02,2026-06-29T17:27:00.000Z,2026-06-29T17:29:00.000Z,c4228eddc07a1958959e00e8dff92f007c269755,"{""start"": ""2026-06-29T17:29:00.000+00:00"", ""end"": null, ""time_zone"": null}","effective_bs=1 (gpu_count=1 x per-gpu bs), lr_scaling=none; test_cfg(score_thr=None, max_per_img=None, nms_pre=None, nms_iou=None); split(train 9657 / val 1515 / test 4265)",123,"phase acc/macro-F1/jaccard/edit/seg-F1 (online_causal, jaccard strict)","phase acc=0.9162, macro_f1=0.6754, jaccard=0.6422, edit=63.1111, segF1@50=0.5460
①信号 det→phase。Δ_phase vs S4 base 0.8986±0.0034",completed,lecun,False,"DDP 2GPU (RTX A6000 x2) on lecun, manual launcher (E plan, CUDA_VISIBLE_DEVICES per rank)",file:///home/ubuntu/slocal2/m2/experiments/transfer/b2a_ro_oracle_bsnoise_p030_002_b2a_ro_oracle_bsnoise_p030_seed123,"{""start"": ""2026-06-29T17:27:00.000+00:00"", ""end"": null, ""time_zone"": null}",B,must,b2a_ro_oracle_bsnoise_p030_002_b2a_ro_oracle_bsnoise_p030_seed123
38eee4d4-7777-81c5-950d-ebb7f4e5671f,2026-06-29T17:26:00.000Z,2026-06-29T17:29:00.000Z,c4228eddc07a1958959e00e8dff92f007c269755,"{""start"": ""2026-06-29T17:29:00.000+00:00"", ""end"": null, ""time_zone"": null}","effective_bs=1 (gpu_count=1 x per-gpu bs), lr_scaling=none; test_cfg(score_thr=None, max_per_img=None, nms_pre=None, nms_iou=None); split(train 9657 / val 1515 / test 4265)",42,"phase acc/macro-F1/jaccard/edit/seg-F1 (online_causal, jaccard strict)","phase acc=0.9221, macro_f1=0.7144, jaccard=0.6692, edit=42.2222, segF1@50=0.4905
①信号 det→phase。Δ_phase vs S4 base 0.8986±0.0034",completed,lecun,False,"DDP 2GPU (RTX A6000 x2) on lecun, manual launcher (E plan, CUDA_VISIBLE_DEVICES per rank)",file:///home/ubuntu/slocal2/m2/experiments/transfer/b2a_ro_oracle_bsnoise_p030_001_b2a_ro_oracle_bsnoise_p030_seed42,"{""start"": ""2026-06-29T17:26:00.000+00:00"", ""end"": null, ""time_zone"": null}",B,must,b2a_ro_oracle_bsnoise_p030_001_b2a_ro_oracle_bsnoise_p030_seed42
38eee4d4-7777-81d8-b460-fd44b8b84cc3,2026-06-29T17:26:00.000Z,2026-06-29T17:29:00.000Z,c4228eddc07a1958959e00e8dff92f007c269755,"{""start"": ""2026-06-29T17:29:00.000+00:00"", ""end"": null, ""time_zone"": null}","effective_bs=1 (gpu_count=1 x per-gpu bs), lr_scaling=none; test_cfg(score_thr=None, max_per_img=None, nms_pre=None, nms_iou=None); split(train 9657 / val 1515 / test 4265)",456,"phase acc/macro-F1/jaccard/edit/seg-F1 (online_causal, jaccard strict)","phase acc=0.9373, macro_f1=0.7599, jaccard=0.7116, edit=47.0370, segF1@50=0.5185
①信号 det→phase。Δ_phase vs S4 base 0.8986±0.0034",completed,lecun,False,"DDP 2GPU (RTX A6000 x2) on lecun, manual launcher (E plan, CUDA_VISIBLE_DEVICES per rank)",file:///home/ubuntu/slocal2/m2/experiments/transfer/b2a_ro_oracle_bsnoise_p020_003_b2a_ro_oracle_bsnoise_p020_seed456,"{""start"": ""2026-06-29T17:26:00.000+00:00"", ""end"": null, ""time_zone"": null}",B,must,b2a_ro_oracle_bsnoise_p020_003_b2a_ro_oracle_bsnoise_p020_seed456
38eee4d4-7777-8116-b9b3-db45f72943e5,2026-06-29T17:26:00.000Z,2026-06-29T17:29:00.000Z,c4228eddc07a1958959e00e8dff92f007c269755,"{""start"": ""2026-06-29T17:29:00.000+00:00"", ""end"": null, ""time_zone"": null}","effective_bs=1 (gpu_count=1 x per-gpu bs), lr_scaling=none; test_cfg(score_thr=None, max_per_img=None, nms_pre=None, nms_iou=None); split(train 9657 / val 1515 / test 4265)",123,"phase acc/macro-F1/jaccard/edit/seg-F1 (online_causal, jaccard strict)","phase acc=0.9426, macro_f1=0.7841, jaccard=0.7391, edit=54.5299, segF1@50=0.5711
①信号 det→phase。Δ_phase vs S4 base 0.8986±0.0034",completed,lecun,False,"DDP 2GPU (RTX A6000 x2) on lecun, manual launcher (E plan, CUDA_VISIBLE_DEVICES per rank)",file:///home/ubuntu/slocal2/m2/experiments/transfer/b2a_ro_oracle_bsnoise_p020_002_b2a_ro_oracle_bsnoise_p020_seed123,"{""start"": ""2026-06-29T17:25:00.000+00:00"", ""end"": null, ""time_zone"": null}",B,must,b2a_ro_oracle_bsnoise_p020_002_b2a_ro_oracle_bsnoise_p020_seed123
38eee4d4-7777-817b-b460-fd73eeb14ee6,2026-06-29T17:25:00.000Z,2026-06-29T17:29:00.000Z,c4228eddc07a1958959e00e8dff92f007c269755,"{""start"": ""2026-06-29T17:29:00.000+00:00"", ""end"": null, ""time_zone"": null}","effective_bs=1 (gpu_count=1 x per-gpu bs), lr_scaling=none; test_cfg(score_thr=None, max_per_img=None, nms_pre=None, nms_iou=None); split(train 9657 / val 1515 / test 4265)",42,"phase acc/macro-F1/jaccard/edit/seg-F1 (online_causal, jaccard strict)","phase acc=0.9393, macro_f1=0.7703, jaccard=0.7194, edit=42.7778, segF1@50=0.4883
①信号 det→phase。Δ_phase vs S4 base 0.8986±0.0034",completed,lecun,False,"DDP 2GPU (RTX A6000 x2) on lecun, manual launcher (E plan, CUDA_VISIBLE_DEVICES per rank)",file:///home/ubuntu/slocal2/m2/experiments/transfer/b2a_ro_oracle_bsnoise_p020_001_b2a_ro_oracle_bsnoise_p020_seed42,"{""start"": ""2026-06-29T17:25:00.000+00:00"", ""end"": null, ""time_zone"": null}",B,must,b2a_ro_oracle_bsnoise_p020_001_b2a_ro_oracle_bsnoise_p020_seed42
38eee4d4-7777-8169-8319-d2a8d2112a1d,2026-06-29T17:25:00.000Z,2026-06-29T17:29:00.000Z,c4228eddc07a1958959e00e8dff92f007c269755,"{""start"": ""2026-06-29T17:29:00.000+00:00"", ""end"": null, ""time_zone"": null}","effective_bs=1 (gpu_count=1 x per-gpu bs), lr_scaling=none; test_cfg(score_thr=None, max_per_img=None, nms_pre=None, nms_iou=None); split(train 9657 / val 1515 / test 4265)",456,"phase acc/macro-F1/jaccard/edit/seg-F1 (online_causal, jaccard strict)","phase acc=0.9498, macro_f1=0.8015, jaccard=0.7624, edit=59.1398, segF1@50=0.6143
①信号 det→phase。Δ_phase vs S4 base 0.8986±0.0034",completed,lecun,False,"DDP 2GPU (RTX A6000 x2) on lecun, manual launcher (E plan, CUDA_VISIBLE_DEVICES per rank)",file:///home/ubuntu/slocal2/m2/experiments/transfer/b2a_ro_oracle_bsnoise_p010_003_b2a_ro_oracle_bsnoise_p010_seed456,"{""start"": ""2026-06-29T17:24:00.000+00:00"", ""end"": null, ""time_zone"": null}",B,must,b2a_ro_oracle_bsnoise_p010_003_b2a_ro_oracle_bsnoise_p010_seed456
38eee4d4-7777-81bc-9520-f7c033977bbf,2026-06-29T17:24:00.000Z,2026-06-29T17:29:00.000Z,c4228eddc07a1958959e00e8dff92f007c269755,"{""start"": ""2026-06-29T17:29:00.000+00:00"", ""end"": null, ""time_zone"": null}","effective_bs=1 (gpu_count=1 x per-gpu bs), lr_scaling=none; test_cfg(score_thr=None, max_per_img=None, nms_pre=None, nms_iou=None); split(train 9657 / val 1515 / test 4265)",123,"phase acc/macro-F1/jaccard/edit/seg-F1 (online_causal, jaccard strict)","phase acc=0.9518, macro_f1=0.8032, jaccard=0.7652, edit=60.2151, segF1@50=0.6381
①信号 det→phase。Δ_phase vs S4 base 0.8986±0.0034",completed,lecun,False,"DDP 2GPU (RTX A6000 x2) on lecun, manual launcher (E plan, CUDA_VISIBLE_DEVICES per rank)",file:///home/ubuntu/slocal2/m2/experiments/transfer/b2a_ro_oracle_bsnoise_p010_002_b2a_ro_oracle_bsnoise_p010_seed123,"{""start"": ""2026-06-29T17:24:00.000+00:00"", ""end"": null, ""time_zone"": null}",B,must,b2a_ro_oracle_bsnoise_p010_002_b2a_ro_oracle_bsnoise_p010_seed123
38eee4d4-7777-817e-9309-c8aae99fb2e6,2026-06-29T17:24:00.000Z,2026-06-29T17:29:00.000Z,c4228eddc07a1958959e00e8dff92f007c269755,"{""start"": ""2026-06-29T17:29:00.000+00:00"", ""end"": null, ""time_zone"": null}","effective_bs=1 (gpu_count=1 x per-gpu bs), lr_scaling=none; test_cfg(score_thr=None, max_per_img=None, nms_pre=None, nms_iou=None); split(train 9657 / val 1515 / test 4265)",42,"phase acc/macro-F1/jaccard/edit/seg-F1 (online_causal, jaccard strict)","phase acc=0.9558, macro_f1=0.8086, jaccard=0.7727, edit=54.0000, segF1@50=0.6091
①信号 det→phase。Δ_phase vs S4 base 0.8986±0.0034",completed,lecun,False,"DDP 2GPU (RTX A6000 x2) on lecun, manual launcher (E plan, CUDA_VISIBLE_DEVICES per rank)",file:///home/ubuntu/slocal2/m2/experiments/transfer/b2a_ro_oracle_bsnoise_p010_001_b2a_ro_oracle_bsnoise_p010_seed42,"{""start"": ""2026-06-29T17:23:00.000+00:00"", ""end"": null, ""time_zone"": null}",B,must,b2a_ro_oracle_bsnoise_p010_001_b2a_ro_oracle_bsnoise_p010_seed42
38eee4d4-7777-81ad-9a07-e9b2b5ab77be,2026-06-29T17:23:00.000Z,2026-06-29T17:29:00.000Z,c4228eddc07a1958959e00e8dff92f007c269755,"{""start"": ""2026-06-29T17:29:00.000+00:00"", ""end"": null, ""time_zone"": null}","effective_bs=1 (gpu_count=1 x per-gpu bs), lr_scaling=none; test_cfg(score_thr=None, max_per_img=None, nms_pre=None, nms_iou=None); split(train 9657 / val 1515 / test 4265)",456,"phase acc/macro-F1/jaccard/edit/seg-F1 (online_causal, jaccard strict)","phase acc=0.9611, macro_f1=0.8306, jaccard=0.8074, edit=68.6508, segF1@50=0.7908
①信号 det→phase。Δ_phase vs S4 base 0.8986±0.0034",completed,lecun,False,"DDP 2GPU (RTX A6000 x2) on lecun, manual launcher (E plan, CUDA_VISIBLE_DEVICES per rank)",file:///home/ubuntu/slocal2/m2/experiments/transfer/b2a_ro_oracle_nhnoise_p030_003_b2a_ro_oracle_nhnoise_p030_seed456,"{""start"": ""2026-06-29T17:23:00.000+00:00"", ""end"": null, ""time_zone"": null}",B,must,b2a_ro_oracle_nhnoise_p030_003_b2a_ro_oracle_nhnoise_p030_seed456
38eee4d4-7777-81b1-8241-d561a4fedfc3,2026-06-29T17:23:00.000Z,2026-06-29T17:29:00.000Z,c4228eddc07a1958959e00e8dff92f007c269755,"{""start"": ""2026-06-29T17:29:00.000+00:00"", ""end"": null, ""time_zone"": null}","effective_bs=1 (gpu_count=1 x per-gpu bs), lr_scaling=none; test_cfg(score_thr=None, max_per_img=None, nms_pre=None, nms_iou=None); split(train 9657 / val 1515 / test 4265)",123,"phase acc/macro-F1/jaccard/edit/seg-F1 (online_causal, jaccard strict)","phase acc=0.9663, macro_f1=0.8356, jaccard=0.8161, edit=65.3333, segF1@50=0.6882
①信号 det→phase。Δ_phase vs S4 base 0.8986±0.0034",completed,lecun,False,"DDP 2GPU (RTX A6000 x2) on lecun, manual launcher (E plan, CUDA_VISIBLE_DEVICES per rank)",file:///home/ubuntu/slocal2/m2/experiments/transfer/b2a_ro_oracle_nhnoise_p030_002_b2a_ro_oracle_nhnoise_p030_seed123,"{""start"": ""2026-06-29T17:22:00.000+00:00"", ""end"": null, ""time_zone"": null}",B,must,b2a_ro_oracle_nhnoise_p030_002_b2a_ro_oracle_nhnoise_p030_seed123
38eee4d4-7777-814c-b3b5-c97cd364f786,2026-06-29T17:22:00.000Z,2026-06-29T17:29:00.000Z,c4228eddc07a1958959e00e8dff92f007c269755,"{""start"": ""2026-06-29T17:29:00.000+00:00"", ""end"": null, ""time_zone"": null}","effective_bs=1 (gpu_count=1 x per-gpu bs), lr_scaling=none; test_cfg(score_thr=None, max_per_img=None, nms_pre=None, nms_iou=None); split(train 9657 / val 1515 / test 4265)",42,"phase acc/macro-F1/jaccard/edit/seg-F1 (online_causal, jaccard strict)","phase acc=0.9677, macro_f1=0.8341, jaccard=0.8135, edit=60.6667, segF1@50=0.6706
①信号 det→phase。Δ_phase vs S4 base 0.8986±0.0034",completed,lecun,False,"DDP 2GPU (RTX A6000 x2) on lecun, manual launcher (E plan, CUDA_VISIBLE_DEVICES per rank)",file:///home/ubuntu/slocal2/m2/experiments/transfer/b2a_ro_oracle_nhnoise_p030_001_b2a_ro_oracle_nhnoise_p030_seed42,"{""start"": ""2026-06-29T17:22:00.000+00:00"", ""end"": null, ""time_zone"": null}",B,must,b2a_ro_oracle_nhnoise_p030_001_b2a_ro_oracle_nhnoise_p030_seed42
38eee4d4-7777-8145-87d9-d475c5f743e4,2026-06-29T17:22:00.000Z,2026-06-29T17:29:00.000Z,c4228eddc07a1958959e00e8dff92f007c269755,"{""start"": ""2026-06-29T17:29:00.000+00:00"", ""end"": null, ""time_zone"": null}","effective_bs=1 (gpu_count=1 x per-gpu bs), lr_scaling=none; test_cfg(score_thr=None, max_per_img=None, nms_pre=None, nms_iou=None); split(train 9657 / val 1515 / test 4265)",456,"phase acc/macro-F1/jaccard/edit/seg-F1 (online_causal, jaccard strict)","phase acc=0.9637, macro_f1=0.8338, jaccard=0.8130, edit=67.6245, segF1@50=0.7852
①信号 det→phase。Δ_phase vs S4 base 0.8986±0.0034",completed,lecun,False,"DDP 2GPU (RTX A6000 x2) on lecun, manual launcher (E plan, CUDA_VISIBLE_DEVICES per rank)",file:///home/ubuntu/slocal2/m2/experiments/transfer/b2a_ro_oracle_nhnoise_p020_003_b2a_ro_oracle_nhnoise_p020_seed456,"{""start"": ""2026-06-29T17:21:00.000+00:00"", ""end"": null, ""time_zone"": null}",B,must,b2a_ro_oracle_nhnoise_p020_003_b2a_ro_oracle_nhnoise_p020_seed456
38eee4d4-7777-81e8-8ff7-e6fcdfdfe57b,2026-06-29T17:21:00.000Z,2026-06-29T17:29:00.000Z,c4228eddc07a1958959e00e8dff92f007c269755,"{""start"": ""2026-06-29T17:29:00.000+00:00"", ""end"": null, ""time_zone"": null}","effective_bs=1 (gpu_count=1 x per-gpu bs), lr_scaling=none; test_cfg(score_thr=None, max_per_img=None, nms_pre=None, nms_iou=None); split(train 9657 / val 1515 / test 4265)",123,"phase acc/macro-F1/jaccard/edit/seg-F1 (online_causal, jaccard strict)","phase acc=0.9677, macro_f1=0.8394, jaccard=0.8230, edit=62.0513, segF1@50=0.6788
①信号 det→phase。Δ_phase vs S4 base 0.8986±0.0034",completed,lecun,False,"DDP 2GPU (RTX A6000 x2) on lecun, manual launcher (E plan, CUDA_VISIBLE_DEVICES per rank)",file:///home/ubuntu/slocal2/m2/experiments/transfer/b2a_ro_oracle_nhnoise_p020_002_b2a_ro_oracle_nhnoise_p020_seed123,"{""start"": ""2026-06-29T17:21:00.000+00:00"", ""end"": null, ""time_zone"": null}",B,must,b2a_ro_oracle_nhnoise_p020_002_b2a_ro_oracle_nhnoise_p020_seed123
38eee4d4-7777-8151-8f14-eb70809a1877,2026-06-29T17:21:00.000Z,2026-06-29T17:29:00.000Z,c4228eddc07a1958959e00e8dff92f007c269755,"{""start"": ""2026-06-29T17:29:00.000+00:00"", ""end"": null, ""time_zone"": null}","effective_bs=1 (gpu_count=1 x per-gpu bs), lr_scaling=none; test_cfg(score_thr=None, max_per_img=None, nms_pre=None, nms_iou=None); split(train 9657 / val 1515 / test 4265)",42,"phase acc/macro-F1/jaccard/edit/seg-F1 (online_causal, jaccard strict)","phase acc=0.9683, macro_f1=0.8358, jaccard=0.8165, edit=60.6667, segF1@50=0.6706
①信号 det→phase。Δ_phase vs S4 base 0.8986±0.0034",completed,lecun,False,"DDP 2GPU (RTX A6000 x2) on lecun, manual launcher (E plan, CUDA_VISIBLE_DEVICES per rank)",file:///home/ubuntu/slocal2/m2/experiments/transfer/b2a_ro_oracle_nhnoise_p020_001_b2a_ro_oracle_nhnoise_p020_seed42,"{""start"": ""2026-06-29T17:21:00.000+00:00"", ""end"": null, ""time_zone"": null}",B,must,b2a_ro_oracle_nhnoise_p020_001_b2a_ro_oracle_nhnoise_p020_seed42
38eee4d4-7777-8147-aeb6-d2c0fcc4efbf,2026-06-29T17:20:00.000Z,2026-06-29T17:29:00.000Z,c4228eddc07a1958959e00e8dff92f007c269755,"{""start"": ""2026-06-29T17:29:00.000+00:00"", ""end"": null, ""time_zone"": null}","effective_bs=1 (gpu_count=1 x per-gpu bs), lr_scaling=none; test_cfg(score_thr=None, max_per_img=None, nms_pre=None, nms_iou=None); split(train 9657 / val 1515 / test 4265)",456,"phase acc/macro-F1/jaccard/edit/seg-F1 (online_causal, jaccard strict)","phase acc=0.9637, macro_f1=0.8313, jaccard=0.8082, edit=65.3846, segF1@50=0.7451
①信号 det→phase。Δ_phase vs S4 base 0.8986±0.0034",completed,lecun,False,"DDP 2GPU (RTX A6000 x2) on lecun, manual launcher (E plan, CUDA_VISIBLE_DEVICES per rank)",file:///home/ubuntu/slocal2/m2/experiments/transfer/b2a_ro_oracle_nhnoise_p010_003_b2a_ro_oracle_nhnoise_p010_seed456,"{""start"": ""2026-06-29T17:20:00.000+00:00"", ""end"": null, ""time_zone"": null}",B,must,b2a_ro_oracle_nhnoise_p010_003_b2a_ro_oracle_nhnoise_p010_seed456
38eee4d4-7777-814e-9468-ed310c9990ef,2026-06-29T17:20:00.000Z,2026-06-29T17:29:00.000Z,c4228eddc07a1958959e00e8dff92f007c269755,"{""start"": ""2026-06-29T17:29:00.000+00:00"", ""end"": null, ""time_zone"": null}","effective_bs=1 (gpu_count=1 x per-gpu bs), lr_scaling=none; test_cfg(score_thr=None, max_per_img=None, nms_pre=None, nms_iou=None); split(train 9657 / val 1515 / test 4265)",123,"phase acc/macro-F1/jaccard/edit/seg-F1 (online_causal, jaccard strict)","phase acc=0.9696, macro_f1=0.8392, jaccard=0.8227, edit=59.7778, segF1@50=0.6601
①信号 det→phase。Δ_phase vs S4 base 0.8986±0.0034",completed,lecun,False,"DDP 2GPU (RTX A6000 x2) on lecun, manual launcher (E plan, CUDA_VISIBLE_DEVICES per rank)",file:///home/ubuntu/slocal2/m2/experiments/transfer/b2a_ro_oracle_nhnoise_p010_002_b2a_ro_oracle_nhnoise_p010_seed123,"{""start"": ""2026-06-29T17:20:00.000+00:00"", ""end"": null, ""time_zone"": null}",B,must,b2a_ro_oracle_nhnoise_p010_002_b2a_ro_oracle_nhnoise_p010_seed123
38eee4d4-7777-81f4-9017-ccf0856ce23b,2026-06-29T17:20:00.000Z,2026-06-29T17:29:00.000Z,c4228eddc07a1958959e00e8dff92f007c269755,"{""start"": ""2026-06-29T17:29:00.000+00:00"", ""end"": null, ""time_zone"": null}","effective_bs=1 (gpu_count=1 x per-gpu bs), lr_scaling=none; test_cfg(score_thr=None, max_per_img=None, nms_pre=None, nms_iou=None); split(train 9657 / val 1515 / test 4265)",42,"phase acc/macro-F1/jaccard/edit/seg-F1 (online_causal, jaccard strict)","phase acc=0.9690, macro_f1=0.8367, jaccard=0.8181, edit=59.7619, segF1@50=0.6544
①信号 det→phase。Δ_phase vs S4 base 0.8986±0.0034",completed,lecun,False,"DDP 2GPU (RTX A6000 x2) on lecun, manual launcher (E plan, CUDA_VISIBLE_DEVICES per rank)",file:///home/ubuntu/slocal2/m2/experiments/transfer/b2a_ro_oracle_nhnoise_p010_001_b2a_ro_oracle_nhnoise_p010_seed42,"{""start"": ""2026-06-29T17:19:00.000+00:00"", ""end"": null, ""time_zone"": null}",B,must,b2a_ro_oracle_nhnoise_p010_001_b2a_ro_oracle_nhnoise_p010_seed42
38eee4d4-7777-81fc-8baa-ea3a427627d0,2026-06-29T17:17:00.000Z,2026-06-29T17:19:00.000Z,c4228eddc07a1958959e00e8dff92f007c269755,"{""start"": ""2026-06-29T17:19:00.000+00:00"", ""end"": null, ""time_zone"": null}","effective_bs=1 (gpu_count=1 x per-gpu bs), lr_scaling=none; test_cfg(score_thr=None, max_per_img=None, nms_pre=None, nms_iou=None); split(train 9657 / val 1515 / test 4265)",456,"phase acc/macro-F1/jaccard/edit/seg-F1 (online_causal, jaccard strict)","phase acc=0.9551, macro_f1=0.8232, jaccard=0.7935, edit=58.4444, segF1@50=0.6567
①信号 det→phase。Δ_phase vs S4 base 0.8986±0.0034",completed,lecun,False,"DDP 2GPU (RTX A6000 x2) on lecun, manual launcher (E plan, CUDA_VISIBLE_DEVICES per rank)",file:///home/ubuntu/slocal2/m2/experiments/transfer/b2a_ro_oracle_scalpelnoise_p030_003_b2a_ro_oracle_scalpelnoise_p030_seed456,"{""start"": ""2026-06-29T17:17:00.000+00:00"", ""end"": null, ""time_zone"": null}",B,must,b2a_ro_oracle_scalpelnoise_p030_003_b2a_ro_oracle_scalpelnoise_p030_seed456
38eee4d4-7777-81ab-b010-ff66769a14b2,2026-06-29T17:17:00.000Z,2026-06-29T17:19:00.000Z,c4228eddc07a1958959e00e8dff92f007c269755,"{""start"": ""2026-06-29T17:19:00.000+00:00"", ""end"": null, ""time_zone"": null}","effective_bs=1 (gpu_count=1 x per-gpu bs), lr_scaling=none; test_cfg(score_thr=None, max_per_img=None, nms_pre=None, nms_iou=None); split(train 9657 / val 1515 / test 4265)",123,"phase acc/macro-F1/jaccard/edit/seg-F1 (online_causal, jaccard strict)","phase acc=0.9551, macro_f1=0.8249, jaccard=0.7963, edit=65.5556, segF1@50=0.7746
①信号 det→phase。Δ_phase vs S4 base 0.8986±0.0034",completed,lecun,False,"DDP 2GPU (RTX A6000 x2) on lecun, manual launcher (E plan, CUDA_VISIBLE_DEVICES per rank)",file:///home/ubuntu/slocal2/m2/experiments/transfer/b2a_ro_oracle_scalpelnoise_p030_002_b2a_ro_oracle_scalpelnoise_p030_seed123,"{""start"": ""2026-06-29T17:17:00.000+00:00"", ""end"": null, ""time_zone"": null}",B,must,b2a_ro_oracle_scalpelnoise_p030_002_b2a_ro_oracle_scalpelnoise_p030_seed123
38eee4d4-7777-816f-9663-c2a94a17fb81,2026-06-29T17:17:00.000Z,2026-06-29T17:19:00.000Z,c4228eddc07a1958959e00e8dff92f007c269755,"{""start"": ""2026-06-29T17:19:00.000+00:00"", ""end"": null, ""time_zone"": null}","effective_bs=1 (gpu_count=1 x per-gpu bs), lr_scaling=none; test_cfg(score_thr=None, max_per_img=None, nms_pre=None, nms_iou=None); split(train 9657 / val 1515 / test 4265)",42,"phase acc/macro-F1/jaccard/edit/seg-F1 (online_causal, jaccard strict)","phase acc=0.9584, macro_f1=0.8245, jaccard=0.7959, edit=53.8194, segF1@50=0.5956
①信号 det→phase。Δ_phase vs S4 base 0.8986±0.0034",completed,lecun,False,"DDP 2GPU (RTX A6000 x2) on lecun, manual launcher (E plan, CUDA_VISIBLE_DEVICES per rank)",file:///home/ubuntu/slocal2/m2/experiments/transfer/b2a_ro_oracle_scalpelnoise_p030_001_b2a_ro_oracle_scalpelnoise_p030_seed42,"{""start"": ""2026-06-29T17:16:00.000+00:00"", ""end"": null, ""time_zone"": null}",B,must,b2a_ro_oracle_scalpelnoise_p030_001_b2a_ro_oracle_scalpelnoise_p030_seed42
38eee4d4-7777-81a4-becc-efa143bb82e9,2026-06-29T17:16:00.000Z,2026-06-29T17:19:00.000Z,c4228eddc07a1958959e00e8dff92f007c269755,"{""start"": ""2026-06-29T17:19:00.000+00:00"", ""end"": null, ""time_zone"": null}","effective_bs=1 (gpu_count=1 x per-gpu bs), lr_scaling=none; test_cfg(score_thr=None, max_per_img=None, nms_pre=None, nms_iou=None); split(train 9657 / val 1515 / test 4265)",456,"phase acc/macro-F1/jaccard/edit/seg-F1 (online_causal, jaccard strict)","phase acc=0.9591, macro_f1=0.8278, jaccard=0.8015, edit=58.3333, segF1@50=0.6566
①信号 det→phase。Δ_phase vs S4 base 0.8986±0.0034",completed,lecun,False,"DDP 2GPU (RTX A6000 x2) on lecun, manual launcher (E plan, CUDA_VISIBLE_DEVICES per rank)",file:///home/ubuntu/slocal2/m2/experiments/transfer/b2a_ro_oracle_scalpelnoise_p020_003_b2a_ro_oracle_scalpelnoise_p020_seed456,"{""start"": ""2026-06-29T17:16:00.000+00:00"", ""end"": null, ""time_zone"": null}",B,must,b2a_ro_oracle_scalpelnoise_p020_003_b2a_ro_oracle_scalpelnoise_p020_seed456
38eee4d4-7777-8192-afec-d9bec4cc3ba5,2026-06-29T17:16:00.000Z,2026-06-29T17:19:00.000Z,c4228eddc07a1958959e00e8dff92f007c269755,"{""start"": ""2026-06-29T17:19:00.000+00:00"", ""end"": null, ""time_zone"": null}","effective_bs=1 (gpu_count=1 x per-gpu bs), lr_scaling=none; test_cfg(score_thr=None, max_per_img=None, nms_pre=None, nms_iou=None); split(train 9657 / val 1515 / test 4265)",123,"phase acc/macro-F1/jaccard/edit/seg-F1 (online_causal, jaccard strict)","phase acc=0.9591, macro_f1=0.8269, jaccard=0.8001, edit=64.1975, segF1@50=0.7265
①信号 det→phase。Δ_phase vs S4 base 0.8986±0.0034",completed,lecun,False,"DDP 2GPU (RTX A6000 x2) on lecun, manual launcher (E plan, CUDA_VISIBLE_DEVICES per rank)",file:///home/ubuntu/slocal2/m2/experiments/transfer/b2a_ro_oracle_scalpelnoise_p020_002_b2a_ro_oracle_scalpelnoise_p020_seed123,"{""start"": ""2026-06-29T17:15:00.000+00:00"", ""end"": null, ""time_zone"": null}",B,must,b2a_ro_oracle_scalpelnoise_p020_002_b2a_ro_oracle_scalpelnoise_p020_seed123
38eee4d4-7777-81d8-920e-cab2dc0da438,2026-06-29T17:15:00.000Z,2026-06-29T17:19:00.000Z,c4228eddc07a1958959e00e8dff92f007c269755,"{""start"": ""2026-06-29T17:19:00.000+00:00"", ""end"": null, ""time_zone"": null}","effective_bs=1 (gpu_count=1 x per-gpu bs), lr_scaling=none; test_cfg(score_thr=None, max_per_img=None, nms_pre=None, nms_iou=None); split(train 9657 / val 1515 / test 4265)",42,"phase acc/macro-F1/jaccard/edit/seg-F1 (online_causal, jaccard strict)","phase acc=0.9624, macro_f1=0.8298, jaccard=0.8051, edit=55.7198, segF1@50=0.6247
①信号 det→phase。Δ_phase vs S4 base 0.8986±0.0034",completed,lecun,False,"DDP 2GPU (RTX A6000 x2) on lecun, manual launcher (E plan, CUDA_VISIBLE_DEVICES per rank)",file:///home/ubuntu/slocal2/m2/experiments/transfer/b2a_ro_oracle_scalpelnoise_p020_001_b2a_ro_oracle_scalpelnoise_p020_seed42,"{""start"": ""2026-06-29T17:15:00.000+00:00"", ""end"": null, ""time_zone"": null}",B,must,b2a_ro_oracle_scalpelnoise_p020_001_b2a_ro_oracle_scalpelnoise_p020_seed42
38eee4d4-7777-81ff-8256-cc6ea7b80180,2026-06-29T17:15:00.000Z,2026-06-29T17:19:00.000Z,c4228eddc07a1958959e00e8dff92f007c269755,"{""start"": ""2026-06-29T17:19:00.000+00:00"", ""end"": null, ""time_zone"": null}","effective_bs=1 (gpu_count=1 x per-gpu bs), lr_scaling=none; test_cfg(score_thr=None, max_per_img=None, nms_pre=None, nms_iou=None); split(train 9657 / val 1515 / test 4265)",456,"phase acc/macro-F1/jaccard/edit/seg-F1 (online_causal, jaccard strict)","phase acc=0.9630, macro_f1=0.8311, jaccard=0.8076, edit=59.7531, segF1@50=0.6568
①信号 det→phase。Δ_phase vs S4 base 0.8986±0.0034",completed,lecun,False,"DDP 2GPU (RTX A6000 x2) on lecun, manual launcher (E plan, CUDA_VISIBLE_DEVICES per rank)",file:///home/ubuntu/slocal2/m2/experiments/transfer/b2a_ro_oracle_scalpelnoise_p010_003_b2a_ro_oracle_scalpelnoise_p010_seed456,"{""start"": ""2026-06-29T17:14:00.000+00:00"", ""end"": null, ""time_zone"": null}",B,must,b2a_ro_oracle_scalpelnoise_p010_003_b2a_ro_oracle_scalpelnoise_p010_seed456
38eee4d4-7777-8116-9ffc-d3183ae70951,2026-06-29T17:14:00.000Z,2026-06-29T17:19:00.000Z,c4228eddc07a1958959e00e8dff92f007c269755,"{""start"": ""2026-06-29T17:19:00.000+00:00"", ""end"": null, ""time_zone"": null}","effective_bs=1 (gpu_count=1 x per-gpu bs), lr_scaling=none; test_cfg(score_thr=None, max_per_img=None, nms_pre=None, nms_iou=None); split(train 9657 / val 1515 / test 4265)",123,"phase acc/macro-F1/jaccard/edit/seg-F1 (online_causal, jaccard strict)","phase acc=0.9650, macro_f1=0.8326, jaccard=0.8105, edit=72.2222, segF1@50=0.7956
①信号 det→phase。Δ_phase vs S4 base 0.8986±0.0034",completed,lecun,False,"DDP 2GPU (RTX A6000 x2) on lecun, manual launcher (E plan, CUDA_VISIBLE_DEVICES per rank)",file:///home/ubuntu/slocal2/m2/experiments/transfer/b2a_ro_oracle_scalpelnoise_p010_002_b2a_ro_oracle_scalpelnoise_p010_seed123,"{""start"": ""2026-06-29T17:14:00.000+00:00"", ""end"": null, ""time_zone"": null}",B,must,b2a_ro_oracle_scalpelnoise_p010_002_b2a_ro_oracle_scalpelnoise_p010_seed123
38eee4d4-7777-812d-90ff-e24df03e9328,2026-06-29T17:14:00.000Z,2026-06-29T17:19:00.000Z,c4228eddc07a1958959e00e8dff92f007c269755,"{""start"": ""2026-06-29T17:19:00.000+00:00"", ""end"": null, ""time_zone"": null}","effective_bs=1 (gpu_count=1 x per-gpu bs), lr_scaling=none; test_cfg(score_thr=None, max_per_img=None, nms_pre=None, nms_iou=None); split(train 9657 / val 1515 / test 4265)",42,"phase acc/macro-F1/jaccard/edit/seg-F1 (online_causal, jaccard strict)","phase acc=0.9657, macro_f1=0.8337, jaccard=0.8124, edit=59.8889, segF1@50=0.6711
①信号 det→phase。Δ_phase vs S4 base 0.8986±0.0034",completed,lecun,False,"DDP 2GPU (RTX A6000 x2) on lecun, manual launcher (E plan, CUDA_VISIBLE_DEVICES per rank)",file:///home/ubuntu/slocal2/m2/experiments/transfer/b2a_ro_oracle_scalpelnoise_p010_001_b2a_ro_oracle_scalpelnoise_p010_seed42,"{""start"": ""2026-06-29T17:13:00.000+00:00"", ""end"": null, ""time_zone"": null}",B,must,b2a_ro_oracle_scalpelnoise_p010_001_b2a_ro_oracle_scalpelnoise_p010_seed42
38eee4d4-7777-8137-8cf4-de5a07a1076a,2026-06-29T17:13:00.000Z,2026-06-29T17:19:00.000Z,c4228eddc07a1958959e00e8dff92f007c269755,"{""start"": ""2026-06-29T17:19:00.000+00:00"", ""end"": null, ""time_zone"": null}","effective_bs=1 (gpu_count=1 x per-gpu bs), lr_scaling=none; test_cfg(score_thr=None, max_per_img=None, nms_pre=None, nms_iou=None); split(train 9657 / val 1515 / test 4265)",456,"phase acc/macro-F1/jaccard/edit/seg-F1 (online_causal, jaccard strict)","phase acc=0.9459, macro_f1=0.7748, jaccard=0.7338, edit=48.4444, segF1@50=0.5460
①信号 det→phase。Δ_phase vs S4 base 0.8986±0.0034",completed,lecun,False,"DDP 2GPU (RTX A6000 x2) on lecun, manual launcher (E plan, CUDA_VISIBLE_DEVICES per rank)",file:///home/ubuntu/slocal2/m2/experiments/transfer/b2a_ro_oracle_bipolarnoise_p030_003_b2a_ro_oracle_bipolarnoise_p030_seed456,"{""start"": ""2026-06-29T17:13:00.000+00:00"", ""end"": null, ""time_zone"": null}",B,must,b2a_ro_oracle_bipolarnoise_p030_003_b2a_ro_oracle_bipolarnoise_p030_seed456
38eee4d4-7777-816a-a806-ee687ca5a81d,2026-06-29T17:13:00.000Z,2026-06-29T17:19:00.000Z,c4228eddc07a1958959e00e8dff92f007c269755,"{""start"": ""2026-06-29T17:19:00.000+00:00"", ""end"": null, ""time_zone"": null}","effective_bs=1 (gpu_count=1 x per-gpu bs), lr_scaling=none; test_cfg(score_thr=None, max_per_img=None, nms_pre=None, nms_iou=None); split(train 9657 / val 1515 / test 4265)",123,"phase acc/macro-F1/jaccard/edit/seg-F1 (online_causal, jaccard strict)","phase acc=0.9479, macro_f1=0.7817, jaccard=0.7415, edit=58.6420, segF1@50=0.6812
①信号 det→phase。Δ_phase vs S4 base 0.8986±0.0034",completed,lecun,False,"DDP 2GPU (RTX A6000 x2) on lecun, manual launcher (E plan, CUDA_VISIBLE_DEVICES per rank)",file:///home/ubuntu/slocal2/m2/experiments/transfer/b2a_ro_oracle_bipolarnoise_p030_002_b2a_ro_oracle_bipolarnoise_p030_seed123,"{""start"": ""2026-06-29T17:12:00.000+00:00"", ""end"": null, ""time_zone"": null}",B,must,b2a_ro_oracle_bipolarnoise_p030_002_b2a_ro_oracle_bipolarnoise_p030_seed123
38eee4d4-7777-815f-8145-e8824b9974e0,2026-06-29T17:12:00.000Z,2026-06-29T17:19:00.000Z,c4228eddc07a1958959e00e8dff92f007c269755,"{""start"": ""2026-06-29T17:19:00.000+00:00"", ""end"": null, ""time_zone"": null}","effective_bs=1 (gpu_count=1 x per-gpu bs), lr_scaling=none; test_cfg(score_thr=None, max_per_img=None, nms_pre=None, nms_iou=None); split(train 9657 / val 1515 / test 4265)",42,"phase acc/macro-F1/jaccard/edit/seg-F1 (online_causal, jaccard strict)","phase acc=0.9465, macro_f1=0.7808, jaccard=0.7402, edit=55.7778, segF1@50=0.5128
①信号 det→phase。Δ_phase vs S4 base 0.8986±0.0034",completed,lecun,False,"DDP 2GPU (RTX A6000 x2) on lecun, manual launcher (E plan, CUDA_VISIBLE_DEVICES per rank)",file:///home/ubuntu/slocal2/m2/experiments/transfer/b2a_ro_oracle_bipolarnoise_p030_001_b2a_ro_oracle_bipolarnoise_p030_seed42,"{""start"": ""2026-06-29T17:12:00.000+00:00"", ""end"": null, ""time_zone"": null}",B,must,b2a_ro_oracle_bipolarnoise_p030_001_b2a_ro_oracle_bipolarnoise_p030_seed42
38eee4d4-7777-812b-91c0-ff3a7d3fc414,2026-06-29T17:12:00.000Z,2026-06-29T17:19:00.000Z,c4228eddc07a1958959e00e8dff92f007c269755,"{""start"": ""2026-06-29T17:19:00.000+00:00"", ""end"": null, ""time_zone"": null}","effective_bs=1 (gpu_count=1 x per-gpu bs), lr_scaling=none; test_cfg(score_thr=None, max_per_img=None, nms_pre=None, nms_iou=None); split(train 9657 / val 1515 / test 4265)",456,"phase acc/macro-F1/jaccard/edit/seg-F1 (online_causal, jaccard strict)","phase acc=0.9505, macro_f1=0.7968, jaccard=0.7581, edit=63.5802, segF1@50=0.7068
①信号 det→phase。Δ_phase vs S4 base 0.8986±0.0034",completed,lecun,False,"DDP 2GPU (RTX A6000 x2) on lecun, manual launcher (E plan, CUDA_VISIBLE_DEVICES per rank)",file:///home/ubuntu/slocal2/m2/experiments/transfer/b2a_ro_oracle_bipolarnoise_p020_003_b2a_ro_oracle_bipolarnoise_p020_seed456,"{""start"": ""2026-06-29T17:12:00.000+00:00"", ""end"": null, ""time_zone"": null}",B,must,b2a_ro_oracle_bipolarnoise_p020_003_b2a_ro_oracle_bipolarnoise_p020_seed456
38eee4d4-7777-8113-88f8-dc1be8853a8d,2026-06-29T17:12:00.000Z,2026-06-29T17:19:00.000Z,c4228eddc07a1958959e00e8dff92f007c269755,"{""start"": ""2026-06-29T17:19:00.000+00:00"", ""end"": null, ""time_zone"": null}","effective_bs=1 (gpu_count=1 x per-gpu bs), lr_scaling=none; test_cfg(score_thr=None, max_per_img=None, nms_pre=None, nms_iou=None); split(train 9657 / val 1515 / test 4265)",123,"phase acc/macro-F1/jaccard/edit/seg-F1 (online_causal, jaccard strict)","phase acc=0.9558, macro_f1=0.8112, jaccard=0.7774, edit=62.6667, segF1@50=0.7139
①信号 det→phase。Δ_phase vs S4 base 0.8986±0.0034",completed,lecun,False,"DDP 2GPU (RTX A6000 x2) on lecun, manual launcher (E plan, CUDA_VISIBLE_DEVICES per rank)",file:///home/ubuntu/slocal2/m2/experiments/transfer/b2a_ro_oracle_bipolarnoise_p020_002_b2a_ro_oracle_bipolarnoise_p020_seed123,"{""start"": ""2026-06-29T17:11:00.000+00:00"", ""end"": null, ""time_zone"": null}",B,must,b2a_ro_oracle_bipolarnoise_p020_002_b2a_ro_oracle_bipolarnoise_p020_seed123
38eee4d4-7777-81e8-a4a0-c48aa6baf83b,2026-06-29T17:11:00.000Z,2026-06-29T17:19:00.000Z,c4228eddc07a1958959e00e8dff92f007c269755,"{""start"": ""2026-06-29T17:19:00.000+00:00"", ""end"": null, ""time_zone"": null}","effective_bs=1 (gpu_count=1 x per-gpu bs), lr_scaling=none; test_cfg(score_thr=None, max_per_img=None, nms_pre=None, nms_iou=None); split(train 9657 / val 1515 / test 4265)",42,"phase acc/macro-F1/jaccard/edit/seg-F1 (online_causal, jaccard strict)","phase acc=0.9505, macro_f1=0.7949, jaccard=0.7567, edit=58.4444, segF1@50=0.5400
①信号 det→phase。Δ_phase vs S4 base 0.8986±0.0034",completed,lecun,False,"DDP 2GPU (RTX A6000 x2) on lecun, manual launcher (E plan, CUDA_VISIBLE_DEVICES per rank)",file:///home/ubuntu/slocal2/m2/experiments/transfer/b2a_ro_oracle_bipolarnoise_p020_001_b2a_ro_oracle_bipolarnoise_p020_seed42,"{""start"": ""2026-06-29T17:11:00.000+00:00"", ""end"": null, ""time_zone"": null}",B,must,b2a_ro_oracle_bipolarnoise_p020_001_b2a_ro_oracle_bipolarnoise_p020_seed42
38eee4d4-7777-8173-8b97-d070dfb96d02,2026-06-29T17:11:00.000Z,2026-06-29T17:19:00.000Z,c4228eddc07a1958959e00e8dff92f007c269755,"{""start"": ""2026-06-29T17:19:00.000+00:00"", ""end"": null, ""time_zone"": null}","effective_bs=1 (gpu_count=1 x per-gpu bs), lr_scaling=none; test_cfg(score_thr=None, max_per_img=None, nms_pre=None, nms_iou=None); split(train 9657 / val 1515 / test 4265)",456,"phase acc/macro-F1/jaccard/edit/seg-F1 (online_causal, jaccard strict)","phase acc=0.9558, macro_f1=0.8138, jaccard=0.7803, edit=55.3086, segF1@50=0.5802
①信号 det→phase。Δ_phase vs S4 base 0.8986±0.0034",completed,lecun,False,"DDP 2GPU (RTX A6000 x2) on lecun, manual launcher (E plan, CUDA_VISIBLE_DEVICES per rank)",file:///home/ubuntu/slocal2/m2/experiments/transfer/b2a_ro_oracle_bipolarnoise_p010_003_b2a_ro_oracle_bipolarnoise_p010_seed456,"{""start"": ""2026-06-29T17:10:00.000+00:00"", ""end"": null, ""time_zone"": null}",B,must,b2a_ro_oracle_bipolarnoise_p010_003_b2a_ro_oracle_bipolarnoise_p010_seed456
38eee4d4-7777-8145-9db1-d5c99a8647f9,2026-06-29T17:10:00.000Z,2026-06-29T17:19:00.000Z,c4228eddc07a1958959e00e8dff92f007c269755,"{""start"": ""2026-06-29T17:19:00.000+00:00"", ""end"": null, ""time_zone"": null}","effective_bs=1 (gpu_count=1 x per-gpu bs), lr_scaling=none; test_cfg(score_thr=None, max_per_img=None, nms_pre=None, nms_iou=None); split(train 9657 / val 1515 / test 4265)",123,"phase acc/macro-F1/jaccard/edit/seg-F1 (online_causal, jaccard strict)","phase acc=0.9604, macro_f1=0.8207, jaccard=0.7915, edit=79.3333, segF1@50=0.8392
①信号 det→phase。Δ_phase vs S4 base 0.8986±0.0034",completed,lecun,False,"DDP 2GPU (RTX A6000 x2) on lecun, manual launcher (E plan, CUDA_VISIBLE_DEVICES per rank)",file:///home/ubuntu/slocal2/m2/experiments/transfer/b2a_ro_oracle_bipolarnoise_p010_002_b2a_ro_oracle_bipolarnoise_p010_seed123,"{""start"": ""2026-06-29T17:10:00.000+00:00"", ""end"": null, ""time_zone"": null}",B,must,b2a_ro_oracle_bipolarnoise_p010_002_b2a_ro_oracle_bipolarnoise_p010_seed123
38eee4d4-7777-81f0-b52d-fb87a55e92f4,2026-06-29T17:10:00.000Z,2026-06-29T17:19:00.000Z,c4228eddc07a1958959e00e8dff92f007c269755,"{""start"": ""2026-06-29T17:19:00.000+00:00"", ""end"": null, ""time_zone"": null}","effective_bs=1 (gpu_count=1 x per-gpu bs), lr_scaling=none; test_cfg(score_thr=None, max_per_img=None, nms_pre=None, nms_iou=None); split(train 9657 / val 1515 / test 4265)",42,"phase acc/macro-F1/jaccard/edit/seg-F1 (online_causal, jaccard strict)","phase acc=0.9571, macro_f1=0.8123, jaccard=0.7793, edit=61.3333, segF1@50=0.6442
①信号 det→phase。Δ_phase vs S4 base 0.8986±0.0034",completed,lecun,False,"DDP 2GPU (RTX A6000 x2) on lecun, manual launcher (E plan, CUDA_VISIBLE_DEVICES per rank)",file:///home/ubuntu/slocal2/m2/experiments/transfer/b2a_ro_oracle_bipolarnoise_p010_001_b2a_ro_oracle_bipolarnoise_p010_seed42,"{""start"": ""2026-06-29T17:09:00.000+00:00"", ""end"": null, ""time_zone"": null}",B,must,b2a_ro_oracle_bipolarnoise_p010_001_b2a_ro_oracle_bipolarnoise_p010_seed42
38eee4d4-7777-8100-9918-c526aaa91902,2026-06-29T17:08:00.000Z,2026-06-29T17:09:00.000Z,c4228eddc07a1958959e00e8dff92f007c269755,"{""start"": ""2026-06-29T17:09:00.000+00:00"", ""end"": null, ""time_zone"": null}","effective_bs=1 (gpu_count=1 x per-gpu bs), lr_scaling=none; test_cfg(score_thr=None, max_per_img=None, nms_pre=None, nms_iou=None); split(train 9657 / val 1515 / test 4265)",456,"phase acc/macro-F1/jaccard/edit/seg-F1 (online_causal, jaccard strict)","phase acc=0.8898, macro_f1=0.6616, jaccard=0.6219, edit=48.1481, segF1@50=0.5783
①信号 det→phase。Δ_phase vs S4 base 0.8986±0.0034",completed,lecun,False,"DDP 2GPU (RTX A6000 x2) on lecun, manual launcher (E plan, CUDA_VISIBLE_DEVICES per rank)",file:///home/ubuntu/slocal2/m2/experiments/transfer/b2a_ro_oracle_top3noise_p030_003_b2a_ro_oracle_top3noise_p030_seed456,"{""start"": ""2026-06-29T17:07:00.000+00:00"", ""end"": null, ""time_zone"": null}",B,must,b2a_ro_oracle_top3noise_p030_003_b2a_ro_oracle_top3noise_p030_seed456
38eee4d4-7777-814c-bebf-c18ea5636af8,2026-06-29T17:07:00.000Z,2026-06-29T17:09:00.000Z,c4228eddc07a1958959e00e8dff92f007c269755,"{""start"": ""2026-06-29T17:09:00.000+00:00"", ""end"": null, ""time_zone"": null}","effective_bs=1 (gpu_count=1 x per-gpu bs), lr_scaling=none; test_cfg(score_thr=None, max_per_img=None, nms_pre=None, nms_iou=None); split(train 9657 / val 1515 / test 4265)",123,"phase acc/macro-F1/jaccard/edit/seg-F1 (online_causal, jaccard strict)","phase acc=0.9149, macro_f1=0.6771, jaccard=0.6445, edit=46.1212, segF1@50=0.5538
①信号 det→phase。Δ_phase vs S4 base 0.8986±0.0034",completed,lecun,False,"DDP 2GPU (RTX A6000 x2) on lecun, manual launcher (E plan, CUDA_VISIBLE_DEVICES per rank)",file:///home/ubuntu/slocal2/m2/experiments/transfer/b2a_ro_oracle_top3noise_p030_002_b2a_ro_oracle_top3noise_p030_seed123,"{""start"": ""2026-06-29T17:07:00.000+00:00"", ""end"": null, ""time_zone"": null}",B,must,b2a_ro_oracle_top3noise_p030_002_b2a_ro_oracle_top3noise_p030_seed123
38eee4d4-7777-8128-97bc-c77859e3757f,2026-06-29T17:07:00.000Z,2026-06-29T17:09:00.000Z,c4228eddc07a1958959e00e8dff92f007c269755,"{""start"": ""2026-06-29T17:09:00.000+00:00"", ""end"": null, ""time_zone"": null}","effective_bs=1 (gpu_count=1 x per-gpu bs), lr_scaling=none; test_cfg(score_thr=None, max_per_img=None, nms_pre=None, nms_iou=None); split(train 9657 / val 1515 / test 4265)",42,"phase acc/macro-F1/jaccard/edit/seg-F1 (online_causal, jaccard strict)","phase acc=0.8944, macro_f1=0.6661, jaccard=0.6286, edit=47.3064, segF1@50=0.5538
①信号 det→phase。Δ_phase vs S4 base 0.8986±0.0034",completed,lecun,False,"DDP 2GPU (RTX A6000 x2) on lecun, manual launcher (E plan, CUDA_VISIBLE_DEVICES per rank)",file:///home/ubuntu/slocal2/m2/experiments/transfer/b2a_ro_oracle_top3noise_p030_001_b2a_ro_oracle_top3noise_p030_seed42,"{""start"": ""2026-06-29T17:06:00.000+00:00"", ""end"": null, ""time_zone"": null}",B,must,b2a_ro_oracle_top3noise_p030_001_b2a_ro_oracle_top3noise_p030_seed42
38eee4d4-7777-8168-a7e1-d15566c2e8df,2026-06-29T17:06:00.000Z,2026-06-29T17:09:00.000Z,c4228eddc07a1958959e00e8dff92f007c269755,"{""start"": ""2026-06-29T17:09:00.000+00:00"", ""end"": null, ""time_zone"": null}","effective_bs=1 (gpu_count=1 x per-gpu bs), lr_scaling=none; test_cfg(score_thr=None, max_per_img=None, nms_pre=None, nms_iou=None); split(train 9657 / val 1515 / test 4265)",456,"phase acc/macro-F1/jaccard/edit/seg-F1 (online_causal, jaccard strict)","phase acc=0.9267, macro_f1=0.7199, jaccard=0.6775, edit=50.8333, segF1@50=0.5881
①信号 det→phase。Δ_phase vs S4 base 0.8986±0.0034",completed,lecun,False,"DDP 2GPU (RTX A6000 x2) on lecun, manual launcher (E plan, CUDA_VISIBLE_DEVICES per rank)",file:///home/ubuntu/slocal2/m2/experiments/transfer/b2a_ro_oracle_top3noise_p020_003_b2a_ro_oracle_top3noise_p020_seed456,"{""start"": ""2026-06-29T17:06:00.000+00:00"", ""end"": null, ""time_zone"": null}",B,must,b2a_ro_oracle_top3noise_p020_003_b2a_ro_oracle_top3noise_p020_seed456
38eee4d4-7777-81fb-aee7-d0ca7c0ace7a,2026-06-29T17:06:00.000Z,2026-06-29T17:09:00.000Z,c4228eddc07a1958959e00e8dff92f007c269755,"{""start"": ""2026-06-29T17:09:00.000+00:00"", ""end"": null, ""time_zone"": null}","effective_bs=1 (gpu_count=1 x per-gpu bs), lr_scaling=none; test_cfg(score_thr=None, max_per_img=None, nms_pre=None, nms_iou=None); split(train 9657 / val 1515 / test 4265)",123,"phase acc/macro-F1/jaccard/edit/seg-F1 (online_causal, jaccard strict)","phase acc=0.9274, macro_f1=0.7449, jaccard=0.6976, edit=41.1111, segF1@50=0.4437
①信号 det→phase。Δ_phase vs S4 base 0.8986±0.0034",completed,lecun,False,"DDP 2GPU (RTX A6000 x2) on lecun, manual launcher (E plan, CUDA_VISIBLE_DEVICES per rank)",file:///home/ubuntu/slocal2/m2/experiments/transfer/b2a_ro_oracle_top3noise_p020_002_b2a_ro_oracle_top3noise_p020_seed123,"{""start"": ""2026-06-29T17:05:00.000+00:00"", ""end"": null, ""time_zone"": null}",B,must,b2a_ro_oracle_top3noise_p020_002_b2a_ro_oracle_top3noise_p020_seed123
38eee4d4-7777-81e7-af07-efd99f45a225,2026-06-29T17:05:00.000Z,2026-06-29T17:09:00.000Z,c4228eddc07a1958959e00e8dff92f007c269755,"{""start"": ""2026-06-29T17:09:00.000+00:00"", ""end"": null, ""time_zone"": null}","effective_bs=1 (gpu_count=1 x per-gpu bs), lr_scaling=none; test_cfg(score_thr=None, max_per_img=None, nms_pre=None, nms_iou=None); split(train 9657 / val 1515 / test 4265)",42,"phase acc/macro-F1/jaccard/edit/seg-F1 (online_causal, jaccard strict)","phase acc=0.9320, macro_f1=0.7521, jaccard=0.7088, edit=61.3553, segF1@50=0.6346
①信号 det→phase。Δ_phase vs S4 base 0.8986±0.0034",completed,lecun,False,"DDP 2GPU (RTX A6000 x2) on lecun, manual launcher (E plan, CUDA_VISIBLE_DEVICES per rank)",file:///home/ubuntu/slocal2/m2/experiments/transfer/b2a_ro_oracle_top3noise_p020_001_b2a_ro_oracle_top3noise_p020_seed42,"{""start"": ""2026-06-29T17:05:00.000+00:00"", ""end"": null, ""time_zone"": null}",B,must,b2a_ro_oracle_top3noise_p020_001_b2a_ro_oracle_top3noise_p020_seed42
38eee4d4-7777-8120-b62e-cfeabce9153e,2026-06-29T17:05:00.000Z,2026-06-29T17:09:00.000Z,c4228eddc07a1958959e00e8dff92f007c269755,"{""start"": ""2026-06-29T17:09:00.000+00:00"", ""end"": null, ""time_zone"": null}","effective_bs=1 (gpu_count=1 x per-gpu bs), lr_scaling=none; test_cfg(score_thr=None, max_per_img=None, nms_pre=None, nms_iou=None); split(train 9657 / val 1515 / test 4265)",456,"phase acc/macro-F1/jaccard/edit/seg-F1 (online_causal, jaccard strict)","phase acc=0.9452, macro_f1=0.7974, jaccard=0.7558, edit=50.3003, segF1@50=0.5599
①信号 det→phase。Δ_phase vs S4 base 0.8986±0.0034",completed,lecun,False,"DDP 2GPU (RTX A6000 x2) on lecun, manual launcher (E plan, CUDA_VISIBLE_DEVICES per rank)",file:///home/ubuntu/slocal2/m2/experiments/transfer/b2a_ro_oracle_top3noise_p010_003_b2a_ro_oracle_top3noise_p010_seed456,"{""start"": ""2026-06-29T17:05:00.000+00:00"", ""end"": null, ""time_zone"": null}",B,must,b2a_ro_oracle_top3noise_p010_003_b2a_ro_oracle_top3noise_p010_seed456
38eee4d4-7777-81d5-858a-c293cbc3db9e,2026-06-29T17:04:00.000Z,2026-06-29T17:09:00.000Z,c4228eddc07a1958959e00e8dff92f007c269755,"{""start"": ""2026-06-29T17:09:00.000+00:00"", ""end"": null, ""time_zone"": null}","effective_bs=1 (gpu_count=1 x per-gpu bs), lr_scaling=none; test_cfg(score_thr=None, max_per_img=None, nms_pre=None, nms_iou=None); split(train 9657 / val 1515 / test 4265)",123,"phase acc/macro-F1/jaccard/edit/seg-F1 (online_causal, jaccard strict)","phase acc=0.9505, macro_f1=0.8001, jaccard=0.7602, edit=49.6970, segF1@50=0.5537
①信号 det→phase。Δ_phase vs S4 base 0.8986±0.0034",completed,lecun,False,"DDP 2GPU (RTX A6000 x2) on lecun, manual launcher (E plan, CUDA_VISIBLE_DEVICES per rank)",file:///home/ubuntu/slocal2/m2/experiments/transfer/b2a_ro_oracle_top3noise_p010_002_b2a_ro_oracle_top3noise_p010_seed123,"{""start"": ""2026-06-29T17:04:00.000+00:00"", ""end"": null, ""time_zone"": null}",B,must,b2a_ro_oracle_top3noise_p010_002_b2a_ro_oracle_top3noise_p010_seed123
38eee4d4-7777-81b0-b03a-d8960e121767,2026-06-29T17:04:00.000Z,2026-06-29T17:09:00.000Z,c4228eddc07a1958959e00e8dff92f007c269755,"{""start"": ""2026-06-29T17:09:00.000+00:00"", ""end"": null, ""time_zone"": null}","effective_bs=1 (gpu_count=1 x per-gpu bs), lr_scaling=none; test_cfg(score_thr=None, max_per_img=None, nms_pre=None, nms_iou=None); split(train 9657 / val 1515 / test 4265)",42,"phase acc/macro-F1/jaccard/edit/seg-F1 (online_causal, jaccard strict)","phase acc=0.9584, macro_f1=0.8157, jaccard=0.7836, edit=69.5556, segF1@50=0.7822
①信号 det→phase。Δ_phase vs S4 base 0.8986±0.0034",completed,lecun,False,"DDP 2GPU (RTX A6000 x2) on lecun, manual launcher (E plan, CUDA_VISIBLE_DEVICES per rank)",file:///home/ubuntu/slocal2/m2/experiments/transfer/b2a_ro_oracle_top3noise_p010_001_b2a_ro_oracle_top3noise_p010_seed42,"{""start"": ""2026-06-29T17:04:00.000+00:00"", ""end"": null, ""time_zone"": null}",B,must,b2a_ro_oracle_top3noise_p010_001_b2a_ro_oracle_top3noise_p010_seed42
38eee4d4-7777-81d3-9c82-e6cb8ce9fb11,2026-06-29T17:00:00.000Z,2026-06-29T17:03:00.000Z,c4228eddc07a1958959e00e8dff92f007c269755,"{""start"": ""2026-06-29T17:03:00.000+00:00"", ""end"": null, ""time_zone"": null}","effective_bs=1 (gpu_count=1 x per-gpu bs), lr_scaling=none; test_cfg(score_thr=None, max_per_img=None, nms_pre=None, nms_iou=None); split(train 9657 / val 1515 / test 4265)",456,"phase acc/macro-F1/jaccard/edit/seg-F1 (online_causal, jaccard strict)","phase acc=0.7881, macro_f1=0.5010, jaccard=0.4049, edit=31.7346, segF1@50=0.2695
①信号 det→phase。Δ_phase vs S4 base 0.8986±0.0034",completed,lecun,False,"DDP 2GPU (RTX A6000 x2) on lecun, manual launcher (E plan, CUDA_VISIBLE_DEVICES per rank)",file:///home/ubuntu/slocal2/m2/experiments/transfer/b2a_ro_oracle_noise000_012_b2a_ro_oracle_noise000_seed456,"{""start"": ""2026-06-29T17:00:00.000+00:00"", ""end"": null, ""time_zone"": null}",B,must,b2a_ro_oracle_noise000_012_b2a_ro_oracle_noise000_seed456
38eee4d4-7777-81c9-9e47-c2eda06660b1,2026-06-29T17:00:00.000Z,2026-06-29T17:03:00.000Z,c4228eddc07a1958959e00e8dff92f007c269755,"{""start"": ""2026-06-29T17:03:00.000+00:00"", ""end"": null, ""time_zone"": null}","effective_bs=1 (gpu_count=1 x per-gpu bs), lr_scaling=none; test_cfg(score_thr=None, max_per_img=None, nms_pre=None, nms_iou=None); split(train 9657 / val 1515 / test 4265)",123,"phase acc/macro-F1/jaccard/edit/seg-F1 (online_causal, jaccard strict)","phase acc=0.8363, macro_f1=0.5690, jaccard=0.4819, edit=14.3753, segF1@50=0.1225
①信号 det→phase。Δ_phase vs S4 base 0.8986±0.0034",completed,lecun,False,"DDP 2GPU (RTX A6000 x2) on lecun, manual launcher (E plan, CUDA_VISIBLE_DEVICES per rank)",file:///home/ubuntu/slocal2/m2/experiments/transfer/b2a_ro_oracle_noise000_011_b2a_ro_oracle_noise000_seed123,"{""start"": ""2026-06-29T16:59:00.000+00:00"", ""end"": null, ""time_zone"": null}",B,must,b2a_ro_oracle_noise000_011_b2a_ro_oracle_noise000_seed123
38eee4d4-7777-818b-9d03-f2a36b5ad979,2026-06-29T16:59:00.000Z,2026-06-29T17:03:00.000Z,c4228eddc07a1958959e00e8dff92f007c269755,"{""start"": ""2026-06-29T17:03:00.000+00:00"", ""end"": null, ""time_zone"": null}","effective_bs=1 (gpu_count=1 x per-gpu bs), lr_scaling=none; test_cfg(score_thr=None, max_per_img=None, nms_pre=None, nms_iou=None); split(train 9657 / val 1515 / test 4265)",42,"phase acc/macro-F1/jaccard/edit/seg-F1 (online_causal, jaccard strict)","phase acc=0.8073, macro_f1=0.5291, jaccard=0.4384, edit=13.8977, segF1@50=0.1670
①信号 det→phase。Δ_phase vs S4 base 0.8986±0.0034",completed,lecun,False,"DDP 2GPU (RTX A6000 x2) on lecun, manual launcher (E plan, CUDA_VISIBLE_DEVICES per rank)",file:///home/ubuntu/slocal2/m2/experiments/transfer/b2a_ro_oracle_noise000_010_b2a_ro_oracle_noise000_seed42,"{""start"": ""2026-06-29T16:59:00.000+00:00"", ""end"": null, ""time_zone"": null}",B,must,b2a_ro_oracle_noise000_010_b2a_ro_oracle_noise000_seed42
38eee4d4-7777-815d-8225-f6fca8762d01,2026-06-29T16:59:00.000Z,2026-06-29T17:03:00.000Z,c4228eddc07a1958959e00e8dff92f007c269755,"{""start"": ""2026-06-29T17:03:00.000+00:00"", ""end"": null, ""time_zone"": null}","effective_bs=1 (gpu_count=1 x per-gpu bs), lr_scaling=none; test_cfg(score_thr=None, max_per_img=None, nms_pre=None, nms_iou=None); split(train 9657 / val 1515 / test 4265)",456,"phase acc/macro-F1/jaccard/edit/seg-F1 (online_causal, jaccard strict)","phase acc=0.8964, macro_f1=0.6765, jaccard=0.6149, edit=35.8258, segF1@50=0.3680
①信号 det→phase。Δ_phase vs S4 base 0.8986±0.0034",completed,lecun,False,"DDP 2GPU (RTX A6000 x2) on lecun, manual launcher (E plan, CUDA_VISIBLE_DEVICES per rank)",file:///home/ubuntu/slocal2/m2/experiments/transfer/b2a_ro_oracle_noise000_009_b2a_ro_oracle_noise000_seed456,"{""start"": ""2026-06-29T16:58:00.000+00:00"", ""end"": null, ""time_zone"": null}",B,must,b2a_ro_oracle_noise000_009_b2a_ro_oracle_noise000_seed456
38eee4d4-7777-81b6-aa93-c3e5c42ab0ae,2026-06-29T16:58:00.000Z,2026-06-29T17:03:00.000Z,c4228eddc07a1958959e00e8dff92f007c269755,"{""start"": ""2026-06-29T17:03:00.000+00:00"", ""end"": null, ""time_zone"": null}","effective_bs=1 (gpu_count=1 x per-gpu bs), lr_scaling=none; test_cfg(score_thr=None, max_per_img=None, nms_pre=None, nms_iou=None); split(train 9657 / val 1515 / test 4265)",123,"phase acc/macro-F1/jaccard/edit/seg-F1 (online_causal, jaccard strict)","phase acc=0.8983, macro_f1=0.6906, jaccard=0.6176, edit=19.7949, segF1@50=0.2771
①信号 det→phase。Δ_phase vs S4 base 0.8986±0.0034",completed,lecun,False,"DDP 2GPU (RTX A6000 x2) on lecun, manual launcher (E plan, CUDA_VISIBLE_DEVICES per rank)",file:///home/ubuntu/slocal2/m2/experiments/transfer/b2a_ro_oracle_noise000_008_b2a_ro_oracle_noise000_seed123,"{""start"": ""2026-06-29T16:58:00.000+00:00"", ""end"": null, ""time_zone"": null}",B,must,b2a_ro_oracle_noise000_008_b2a_ro_oracle_noise000_seed123
38eee4d4-7777-8151-ba56-c94716337278,2026-06-29T16:58:00.000Z,2026-06-29T17:03:00.000Z,c4228eddc07a1958959e00e8dff92f007c269755,"{""start"": ""2026-06-29T17:03:00.000+00:00"", ""end"": null, ""time_zone"": null}","effective_bs=1 (gpu_count=1 x per-gpu bs), lr_scaling=none; test_cfg(score_thr=None, max_per_img=None, nms_pre=None, nms_iou=None); split(train 9657 / val 1515 / test 4265)",42,"phase acc/macro-F1/jaccard/edit/seg-F1 (online_causal, jaccard strict)","phase acc=0.9122, macro_f1=0.7288, jaccard=0.6623, edit=40.2393, segF1@50=0.3528
①信号 det→phase。Δ_phase vs S4 base 0.8986±0.0034",completed,lecun,False,"DDP 2GPU (RTX A6000 x2) on lecun, manual launcher (E plan, CUDA_VISIBLE_DEVICES per rank)",file:///home/ubuntu/slocal2/m2/experiments/transfer/b2a_ro_oracle_noise000_007_b2a_ro_oracle_noise000_seed42,"{""start"": ""2026-06-29T16:57:00.000+00:00"", ""end"": null, ""time_zone"": null}",B,must,b2a_ro_oracle_noise000_007_b2a_ro_oracle_noise000_seed42
38eee4d4-7777-814b-979e-d78138bdfbe8,2026-06-29T16:57:00.000Z,2026-06-29T17:03:00.000Z,c4228eddc07a1958959e00e8dff92f007c269755,"{""start"": ""2026-06-29T17:03:00.000+00:00"", ""end"": null, ""time_zone"": null}","effective_bs=1 (gpu_count=1 x per-gpu bs), lr_scaling=none; test_cfg(score_thr=None, max_per_img=None, nms_pre=None, nms_iou=None); split(train 9657 / val 1515 / test 4265)",456,"phase acc/macro-F1/jaccard/edit/seg-F1 (online_causal, jaccard strict)","phase acc=0.9399, macro_f1=0.7757, jaccard=0.7249, edit=51.2121, segF1@50=0.6081
①信号 det→phase。Δ_phase vs S4 base 0.8986±0.0034",completed,lecun,False,"DDP 2GPU (RTX A6000 x2) on lecun, manual launcher (E plan, CUDA_VISIBLE_DEVICES per rank)",file:///home/ubuntu/slocal2/m2/experiments/transfer/b2a_ro_oracle_noise000_006_b2a_ro_oracle_noise000_seed456,"{""start"": ""2026-06-29T16:57:00.000+00:00"", ""end"": null, ""time_zone"": null}",B,must,b2a_ro_oracle_noise000_006_b2a_ro_oracle_noise000_seed456
38eee4d4-7777-81ca-a81c-dd475f11c2e8,2026-06-29T16:57:00.000Z,2026-06-29T17:03:00.000Z,c4228eddc07a1958959e00e8dff92f007c269755,"{""start"": ""2026-06-29T17:03:00.000+00:00"", ""end"": null, ""time_zone"": null}","effective_bs=1 (gpu_count=1 x per-gpu bs), lr_scaling=none; test_cfg(score_thr=None, max_per_img=None, nms_pre=None, nms_iou=None); split(train 9657 / val 1515 / test 4265)",123,"phase acc/macro-F1/jaccard/edit/seg-F1 (online_causal, jaccard strict)","phase acc=0.9452, macro_f1=0.7863, jaccard=0.7384, edit=43.0794, segF1@50=0.4398
①信号 det→phase。Δ_phase vs S4 base 0.8986±0.0034",completed,lecun,False,"DDP 2GPU (RTX A6000 x2) on lecun, manual launcher (E plan, CUDA_VISIBLE_DEVICES per rank)",file:///home/ubuntu/slocal2/m2/experiments/transfer/b2a_ro_oracle_noise000_005_b2a_ro_oracle_noise000_seed123,"{""start"": ""2026-06-29T16:56:00.000+00:00"", ""end"": null, ""time_zone"": null}",B,must,b2a_ro_oracle_noise000_005_b2a_ro_oracle_noise000_seed123
38eee4d4-7777-816c-834d-cde08e0fd8a4,2026-06-29T16:56:00.000Z,2026-06-29T17:03:00.000Z,c4228eddc07a1958959e00e8dff92f007c269755,"{""start"": ""2026-06-29T17:03:00.000+00:00"", ""end"": null, ""time_zone"": null}","effective_bs=1 (gpu_count=1 x per-gpu bs), lr_scaling=none; test_cfg(score_thr=None, max_per_img=None, nms_pre=None, nms_iou=None); split(train 9657 / val 1515 / test 4265)",42,"phase acc/macro-F1/jaccard/edit/seg-F1 (online_causal, jaccard strict)","phase acc=0.9452, macro_f1=0.7929, jaccard=0.7490, edit=51.9969, segF1@50=0.5847
①信号 det→phase。Δ_phase vs S4 base 0.8986±0.0034",completed,lecun,False,"DDP 2GPU (RTX A6000 x2) on lecun, manual launcher (E plan, CUDA_VISIBLE_DEVICES per rank)",file:///home/ubuntu/slocal2/m2/experiments/transfer/b2a_ro_oracle_noise000_004_b2a_ro_oracle_noise000_seed42,"{""start"": ""2026-06-29T16:56:00.000+00:00"", ""end"": null, ""time_zone"": null}",B,must,b2a_ro_oracle_noise000_004_b2a_ro_oracle_noise000_seed42
38eee4d4-7777-8172-8717-f44855eb8816,2026-06-29T16:56:00.000Z,2026-06-29T17:03:00.000Z,c4228eddc07a1958959e00e8dff92f007c269755,"{""start"": ""2026-06-29T17:03:00.000+00:00"", ""end"": null, ""time_zone"": null}","effective_bs=1 (gpu_count=1 x per-gpu bs), lr_scaling=none; test_cfg(score_thr=None, max_per_img=None, nms_pre=None, nms_iou=None); split(train 9657 / val 1515 / test 4265)",456,"phase acc/macro-F1/jaccard/edit/seg-F1 (online_causal, jaccard strict)","phase acc=0.9518, macro_f1=0.8102, jaccard=0.7722, edit=48.0159, segF1@50=0.5101
①信号 det→phase。Δ_phase vs S4 base 0.8986±0.0034",completed,lecun,False,"DDP 2GPU (RTX A6000 x2) on lecun, manual launcher (E plan, CUDA_VISIBLE_DEVICES per rank)",file:///home/ubuntu/slocal2/m2/experiments/transfer/b2a_ro_oracle_noise000_003_b2a_ro_oracle_noise000_seed456,"{""start"": ""2026-06-29T16:55:00.000+00:00"", ""end"": null, ""time_zone"": null}",B,must,b2a_ro_oracle_noise000_003_b2a_ro_oracle_noise000_seed456
38eee4d4-7777-8151-9232-cc3d1eda20a0,2026-06-29T16:55:00.000Z,2026-06-29T17:03:00.000Z,c4228eddc07a1958959e00e8dff92f007c269755,"{""start"": ""2026-06-29T17:03:00.000+00:00"", ""end"": null, ""time_zone"": null}","effective_bs=1 (gpu_count=1 x per-gpu bs), lr_scaling=none; test_cfg(score_thr=None, max_per_img=None, nms_pre=None, nms_iou=None); split(train 9657 / val 1515 / test 4265)",123,"phase acc/macro-F1/jaccard/edit/seg-F1 (online_causal, jaccard strict)","phase acc=0.9584, macro_f1=0.8105, jaccard=0.7757, edit=61.1111, segF1@50=0.6222
①信号 det→phase。Δ_phase vs S4 base 0.8986±0.0034",completed,lecun,False,"DDP 2GPU (RTX A6000 x2) on lecun, manual launcher (E plan, CUDA_VISIBLE_DEVICES per rank)",file:///home/ubuntu/slocal2/m2/experiments/transfer/b2a_ro_oracle_noise000_002_b2a_ro_oracle_noise000_seed123,"{""start"": ""2026-06-29T16:55:00.000+00:00"", ""end"": null, ""time_zone"": null}",B,must,b2a_ro_oracle_noise000_002_b2a_ro_oracle_noise000_seed123
38eee4d4-7777-81a8-b888-ca4537946965,2026-06-29T16:55:00.000Z,2026-06-29T17:03:00.000Z,c4228eddc07a1958959e00e8dff92f007c269755,"{""start"": ""2026-06-29T17:03:00.000+00:00"", ""end"": null, ""time_zone"": null}","effective_bs=1 (gpu_count=1 x per-gpu bs), lr_scaling=none; test_cfg(score_thr=None, max_per_img=None, nms_pre=None, nms_iou=None); split(train 9657 / val 1515 / test 4265)",42,"phase acc/macro-F1/jaccard/edit/seg-F1 (online_causal, jaccard strict)","phase acc=0.9545, macro_f1=0.8100, jaccard=0.7724, edit=51.4991, segF1@50=0.5507
①信号 det→phase。Δ_phase vs S4 base 0.8986±0.0034",completed,lecun,False,"DDP 2GPU (RTX A6000 x2) on lecun, manual launcher (E plan, CUDA_VISIBLE_DEVICES per rank)",file:///home/ubuntu/slocal2/m2/experiments/transfer/b2a_ro_oracle_noise000_001_b2a_ro_oracle_noise000_seed42,"{""start"": ""2026-06-29T16:54:00.000+00:00"", ""end"": null, ""time_zone"": null}",B,must,b2a_ro_oracle_noise000_001_b2a_ro_oracle_noise000_seed42
38eee4d4-7777-8182-8682-d7539e845714,2026-06-29T08:56:00.000Z,2026-06-29T08:58:00.000Z,c4228eddc07a1958959e00e8dff92f007c269755,"{""start"": ""2026-06-29T08:58:00.000+00:00"", ""end"": null, ""time_zone"": null}","effective_bs=1 (gpu_count=1 x per-gpu bs), lr_scaling=none; test_cfg(score_thr=None, max_per_img=None, nms_pre=None, nms_iou=None); split(train 9657 / val 1515 / test 4265)",456,phase acc/macro-F1/jaccard/edit/seg-F1 (online_causal),"phase acc=0.9175, macro_f1=0.7473, jaccard=0.6777, edit=36.9625, segF1@50=0.3483
②object-token det→phase。Δ_phase vs S4 base 0.8986（within-server）",completed,lecun,False,"DDP 2GPU (RTX A6000 x2) on lecun, manual launcher (E plan, CUDA_VISIBLE_DEVICES per rank)",file:///home/ubuntu/slocal2/m2/experiments/transfer/t1a_combined_region_top3_mask_003_t1a_combined_region_top3_mask_seed456,"{""start"": ""2026-06-29T08:55:00.000+00:00"", ""end"": null, ""time_zone"": null}",B,must,t1a_combined_region_top3_mask_003_t1a_combined_region_top3_mask_seed456
38eee4d4-7777-810d-b154-f91d86713972,2026-06-29T08:55:00.000Z,2026-06-29T08:56:00.000Z,c4228eddc07a1958959e00e8dff92f007c269755,"{""start"": ""2026-06-29T08:56:00.000+00:00"", ""end"": null, ""time_zone"": null}","effective_bs=1 (gpu_count=1 x per-gpu bs), lr_scaling=none; test_cfg(score_thr=None, max_per_img=None, nms_pre=None, nms_iou=None); split(train 9657 / val 1515 / test 4265)",456,phase acc/macro-F1/jaccard/edit/seg-F1 (online_causal),"phase acc=0.9182, macro_f1=0.7388, jaccard=0.6679, edit=34.7262, segF1@50=0.3577
②object-token det→phase。Δ_phase vs S4 base 0.8986（within-server）",completed,lecun,False,"DDP 2GPU (RTX A6000 x2) on lecun, manual launcher (E plan, CUDA_VISIBLE_DEVICES per rank)",file:///home/ubuntu/slocal2/m2/experiments/transfer/t1a_region_mask_top3_003_t1a_region_mask_top3_seed456,"{""start"": ""2026-06-29T08:55:00.000+00:00"", ""end"": null, ""time_zone"": null}",B,must,t1a_region_mask_top3_003_t1a_region_mask_top3_seed456
38eee4d4-7777-810c-8c02-e69528344242,2026-06-29T08:55:00.000Z,2026-06-29T08:56:00.000Z,c4228eddc07a1958959e00e8dff92f007c269755,"{""start"": ""2026-06-29T08:56:00.000+00:00"", ""end"": null, ""time_zone"": null}","effective_bs=1 (gpu_count=1 x per-gpu bs), lr_scaling=none; test_cfg(score_thr=None, max_per_img=None, nms_pre=None, nms_iou=None); split(train 9657 / val 1515 / test 4265)",456,phase acc/macro-F1/jaccard/edit/seg-F1 (online_causal),"phase acc=0.8937, macro_f1=0.6850, jaccard=0.6087, edit=35.9491, segF1@50=0.3126
②object-token det→phase。Δ_phase vs S4 base 0.8986（within-server）",completed,lecun,False,"DDP 2GPU (RTX A6000 x2) on lecun, manual launcher (E plan, CUDA_VISIBLE_DEVICES per rank)",file:///home/ubuntu/slocal2/m2/experiments/transfer/t1a_region_only_mask_top3_003_t1a_region_only_mask_top3_seed456,"{""start"": ""2026-06-29T08:55:00.000+00:00"", ""end"": null, ""time_zone"": null}",B,must,t1a_region_only_mask_top3_003_t1a_region_only_mask_top3_seed456
38eee4d4-7777-8194-8a6b-ee894538c9f7,2026-06-29T08:55:00.000Z,2026-06-29T08:58:00.000Z,c4228eddc07a1958959e00e8dff92f007c269755,"{""start"": ""2026-06-29T08:58:00.000+00:00"", ""end"": null, ""time_zone"": null}","effective_bs=1 (gpu_count=1 x per-gpu bs), lr_scaling=none; test_cfg(score_thr=None, max_per_img=None, nms_pre=None, nms_iou=None); split(train 9657 / val 1515 / test 4265)",123,phase acc/macro-F1/jaccard/edit/seg-F1 (online_causal),"phase acc=0.9155, macro_f1=0.7328, jaccard=0.6610, edit=37.5000, segF1@50=0.3728
②object-token det→phase。Δ_phase vs S4 base 0.8986（within-server）",completed,lecun,False,"DDP 2GPU (RTX A6000 x2) on lecun, manual launcher (E plan, CUDA_VISIBLE_DEVICES per rank)",file:///home/ubuntu/slocal2/m2/experiments/transfer/t1a_combined_region_top3_mask_001_t1a_combined_region_top3_mask_seed123,"{""start"": ""2026-06-29T08:55:00.000+00:00"", ""end"": null, ""time_zone"": null}",B,must,t1a_combined_region_top3_mask_001_t1a_combined_region_top3_mask_seed123
38eee4d4-7777-8113-b384-ef8791dcfe31,2026-06-29T08:55:00.000Z,2026-06-29T08:58:00.000Z,c4228eddc07a1958959e00e8dff92f007c269755,"{""start"": ""2026-06-29T08:58:00.000+00:00"", ""end"": null, ""time_zone"": null}","effective_bs=1 (gpu_count=1 x per-gpu bs), lr_scaling=none; test_cfg(score_thr=None, max_per_img=None, nms_pre=None, nms_iou=None); split(train 9657 / val 1515 / test 4265)",42,phase acc/macro-F1/jaccard/edit/seg-F1 (online_causal),"phase acc=0.9294, macro_f1=0.7768, jaccard=0.7200, edit=28.0633, segF1@50=0.3130
②object-token det→phase。Δ_phase vs S4 base 0.8986（within-server）",completed,lecun,False,"DDP 2GPU (RTX A6000 x2) on lecun, manual launcher (E plan, CUDA_VISIBLE_DEVICES per rank)",file:///home/ubuntu/slocal2/m2/experiments/transfer/t1a_combined_region_top3_mask_002_t1a_combined_region_top3_mask_seed42,"{""start"": ""2026-06-29T08:55:00.000+00:00"", ""end"": null, ""time_zone"": null}",B,must,t1a_combined_region_top3_mask_002_t1a_combined_region_top3_mask_seed42
38eee4d4-7777-81b0-8654-cf65fe3622f4,2026-06-29T08:55:00.000Z,2026-06-29T08:56:00.000Z,c4228eddc07a1958959e00e8dff92f007c269755,"{""start"": ""2026-06-29T08:56:00.000+00:00"", ""end"": null, ""time_zone"": null}","effective_bs=1 (gpu_count=1 x per-gpu bs), lr_scaling=none; test_cfg(score_thr=None, max_per_img=None, nms_pre=None, nms_iou=None); split(train 9657 / val 1515 / test 4265)",123,phase acc/macro-F1/jaccard/edit/seg-F1 (online_causal),"phase acc=0.9109, macro_f1=0.7268, jaccard=0.6546, edit=36.5497, segF1@50=0.3503
②object-token det→phase。Δ_phase vs S4 base 0.8986（within-server）",completed,lecun,False,"DDP 2GPU (RTX A6000 x2) on lecun, manual launcher (E plan, CUDA_VISIBLE_DEVICES per rank)",file:///home/ubuntu/slocal2/m2/experiments/transfer/t1a_region_mask_top3_002_t1a_region_mask_top3_seed123,"{""start"": ""2026-06-29T08:54:00.000+00:00"", ""end"": null, ""time_zone"": null}",B,must,t1a_region_mask_top3_002_t1a_region_mask_top3_seed123
38eee4d4-7777-8191-8583-c20c7ccc5d54,2026-06-29T08:55:00.000Z,2026-06-29T08:56:00.000Z,c4228eddc07a1958959e00e8dff92f007c269755,"{""start"": ""2026-06-29T08:56:00.000+00:00"", ""end"": null, ""time_zone"": null}","effective_bs=1 (gpu_count=1 x per-gpu bs), lr_scaling=none; test_cfg(score_thr=None, max_per_img=None, nms_pre=None, nms_iou=None); split(train 9657 / val 1515 / test 4265)",123,phase acc/macro-F1/jaccard/edit/seg-F1 (online_causal),"phase acc=0.8990, macro_f1=0.6986, jaccard=0.6200, edit=34.7466, segF1@50=0.3301
②object-token det→phase。Δ_phase vs S4 base 0.8986（within-server）",completed,lecun,False,"DDP 2GPU (RTX A6000 x2) on lecun, manual launcher (E plan, CUDA_VISIBLE_DEVICES per rank)",file:///home/ubuntu/slocal2/m2/experiments/transfer/t1a_region_only_mask_top3_002_t1a_region_only_mask_top3_seed123,"{""start"": ""2026-06-29T08:54:00.000+00:00"", ""end"": null, ""time_zone"": null}",B,must,t1a_region_only_mask_top3_002_t1a_region_only_mask_top3_seed123
38eee4d4-7777-8121-89f0-e5a020ed5160,2026-06-29T08:54:00.000Z,2026-06-29T08:56:00.000Z,c4228eddc07a1958959e00e8dff92f007c269755,"{""start"": ""2026-06-29T08:56:00.000+00:00"", ""end"": null, ""time_zone"": null}","effective_bs=1 (gpu_count=1 x per-gpu bs), lr_scaling=none; test_cfg(score_thr=None, max_per_img=None, nms_pre=None, nms_iou=None); split(train 9657 / val 1515 / test 4265)",42,phase acc/macro-F1/jaccard/edit/seg-F1 (online_causal),"phase acc=0.9195, macro_f1=0.7430, jaccard=0.6752, edit=32.3257, segF1@50=0.3318
②object-token det→phase。Δ_phase vs S4 base 0.8986（within-server）",completed,lecun,False,"DDP 2GPU (RTX A6000 x2) on lecun, manual launcher (E plan, CUDA_VISIBLE_DEVICES per rank)",file:///home/ubuntu/slocal2/m2/experiments/transfer/t1a_region_mask_top3_001_t1a_region_mask_top3_seed42,"{""start"": ""2026-06-29T08:54:00.000+00:00"", ""end"": null, ""time_zone"": null}",B,must,t1a_region_mask_top3_001_t1a_region_mask_top3_seed42
38eee4d4-7777-81cf-b56e-c9a365669234,2026-06-29T08:54:00.000Z,2026-06-29T08:56:00.000Z,c4228eddc07a1958959e00e8dff92f007c269755,"{""start"": ""2026-06-29T08:56:00.000+00:00"", ""end"": null, ""time_zone"": null}","effective_bs=1 (gpu_count=1 x per-gpu bs), lr_scaling=none; test_cfg(score_thr=None, max_per_img=None, nms_pre=None, nms_iou=None); split(train 9657 / val 1515 / test 4265)",42,phase acc/macro-F1/jaccard/edit/seg-F1 (online_causal),"phase acc=0.8990, macro_f1=0.6820, jaccard=0.6152, edit=35.5089, segF1@50=0.3315
②object-token det→phase。Δ_phase vs S4 base 0.8986（within-server）",completed,lecun,False,"DDP 2GPU (RTX A6000 x2) on lecun, manual launcher (E plan, CUDA_VISIBLE_DEVICES per rank)",file:///home/ubuntu/slocal2/m2/experiments/transfer/t1a_region_only_mask_top3_001_t1a_region_only_mask_top3_seed42,"{""start"": ""2026-06-29T08:54:00.000+00:00"", ""end"": null, ""time_zone"": null}",B,must,t1a_region_only_mask_top3_001_t1a_region_only_mask_top3_seed42
38eee4d4-7777-816b-85e5-c490e3fb5480,2026-06-29T07:54:00.000Z,2026-06-29T07:54:00.000Z,c4228eddc07a1958959e00e8dff92f007c269755,"{""start"": ""2026-06-29T07:54:00.000+00:00"", ""end"": null, ""time_zone"": null}","effective_bs=1 (gpu_count=1 x per-gpu bs), lr_scaling=none; test_cfg(score_thr=None, max_per_img=None, nms_pre=None, nms_iou=None); split(train 9657 / val 1515 / test 4265)",123,phase acc/macro-F1/jaccard/edit/seg-F1 (online_causal),"phase acc=0.9479, macro_f1=0.8060, jaccard=0.7660, edit=34.9022, segF1@50=0.4118
②object-token det→phase。Δ_phase vs S4 base 0.8986（within-server）",completed,lecun,False,"DDP 2GPU (RTX A6000 x2) on lecun, manual launcher (E plan, CUDA_VISIBLE_DEVICES per rank)",file:///home/ubuntu/slocal2/m2/experiments/transfer/t1a_region_mask_03_002_t1a_region_mask_03_seed123,"{""start"": ""2026-06-29T07:43:00.000+00:00"", ""end"": null, ""time_zone"": null}",B,must,t1a_region_mask_03_002_t1a_region_mask_03_seed123
38eee4d4-7777-81df-9975-ed2335cdd47f,2026-06-29T07:53:00.000Z,2026-06-29T07:57:00.000Z,c4228eddc07a1958959e00e8dff92f007c269755,"{""start"": ""2026-06-29T07:57:00.000+00:00"", ""end"": null, ""time_zone"": null}","effective_bs=1 (gpu_count=1 x per-gpu bs), lr_scaling=none; test_cfg(score_thr=None, max_per_img=None, nms_pre=None, nms_iou=None); split(train 9657 / val 1515 / test 4265)",456,"phase acc/macro-F1/jaccard/edit/seg-F1 (online_causal, jaccard strict)","phase acc=0.9459, macro_f1=0.7954, jaccard=0.7531, edit=39.1453, segF1@50=0.4598
①信号 det→phase。Δ_phase vs S4 base 0.8986±0.0034",completed,lecun,False,"DDP 2GPU (RTX A6000 x2) on lecun, manual launcher (E plan, CUDA_VISIBLE_DEVICES per rank)",file:///home/ubuntu/slocal2/m2/experiments/transfer/b2a_regiononly_mask_14_003_b2a_regiononly_mask_14_seed456,"{""start"": ""2026-06-29T07:53:00.000+00:00"", ""end"": null, ""time_zone"": null}",B,must,b2a_regiononly_mask_14_003_b2a_regiononly_mask_14_seed456
38eee4d4-7777-818f-ae95-d5d6fc88411b,2026-06-29T07:53:00.000Z,2026-06-29T07:57:00.000Z,c4228eddc07a1958959e00e8dff92f007c269755,"{""start"": ""2026-06-29T07:57:00.000+00:00"", ""end"": null, ""time_zone"": null}","effective_bs=1 (gpu_count=1 x per-gpu bs), lr_scaling=none; test_cfg(score_thr=None, max_per_img=None, nms_pre=None, nms_iou=None); split(train 9657 / val 1515 / test 4265)",123,"phase acc/macro-F1/jaccard/edit/seg-F1 (online_causal, jaccard strict)","phase acc=0.9472, macro_f1=0.8010, jaccard=0.7603, edit=34.8413, segF1@50=0.4176
①信号 det→phase。Δ_phase vs S4 base 0.8986±0.0034",completed,lecun,False,"DDP 2GPU (RTX A6000 x2) on lecun, manual launcher (E plan, CUDA_VISIBLE_DEVICES per rank)",file:///home/ubuntu/slocal2/m2/experiments/transfer/b2a_regiononly_mask_14_002_b2a_regiononly_mask_14_seed123,"{""start"": ""2026-06-29T07:52:00.000+00:00"", ""end"": null, ""time_zone"": null}",B,must,b2a_regiononly_mask_14_002_b2a_regiononly_mask_14_seed123
38eee4d4-7777-819f-9ca5-cd95803a7451,2026-06-29T07:52:00.000Z,2026-06-29T07:55:00.000Z,c4228eddc07a1958959e00e8dff92f007c269755,"{""start"": ""2026-06-29T07:55:00.000+00:00"", ""end"": null, ""time_zone"": null}","effective_bs=1 (gpu_count=1 x per-gpu bs), lr_scaling=none; test_cfg(score_thr=None, max_per_img=None, nms_pre=None, nms_iou=None); split(train 9657 / val 1515 / test 4265)",456,phase acc/macro-F1/jaccard/edit/seg-F1 (online_causal),"phase acc=0.9492, macro_f1=0.8094, jaccard=0.7718, edit=44.4444, segF1@50=0.5037
②object-token det→phase。Δ_phase vs S4 base 0.8986（within-server）",completed,lecun,False,"DDP 2GPU (RTX A6000 x2) on lecun, manual launcher (E plan, CUDA_VISIBLE_DEVICES per rank)",file:///home/ubuntu/slocal2/m2/experiments/transfer/t1a_region_mask_14_003_t1a_region_mask_14_seed456,"{""start"": ""2026-06-29T07:52:00.000+00:00"", ""end"": null, ""time_zone"": null}",B,must,t1a_region_mask_14_003_t1a_region_mask_14_seed456
38eee4d4-7777-81aa-9c47-e42f3a2d78e6,2026-06-29T07:52:00.000Z,2026-06-29T07:57:00.000Z,c4228eddc07a1958959e00e8dff92f007c269755,"{""start"": ""2026-06-29T07:57:00.000+00:00"", ""end"": null, ""time_zone"": null}","effective_bs=1 (gpu_count=1 x per-gpu bs), lr_scaling=none; test_cfg(score_thr=None, max_per_img=None, nms_pre=None, nms_iou=None); split(train 9657 / val 1515 / test 4265)",42,"phase acc/macro-F1/jaccard/edit/seg-F1 (online_causal, jaccard strict)","phase acc=0.9452, macro_f1=0.7977, jaccard=0.7557, edit=36.1111, segF1@50=0.4291
①信号 det→phase。Δ_phase vs S4 base 0.8986±0.0034",completed,lecun,False,"DDP 2GPU (RTX A6000 x2) on lecun, manual launcher (E plan, CUDA_VISIBLE_DEVICES per rank)",file:///home/ubuntu/slocal2/m2/experiments/transfer/b2a_regiononly_mask_14_001_b2a_regiononly_mask_14_seed42,"{""start"": ""2026-06-29T07:52:00.000+00:00"", ""end"": null, ""time_zone"": null}",B,must,b2a_regiononly_mask_14_001_b2a_regiononly_mask_14_seed42
38eee4d4-7777-812b-9d87-e93176eac68e,2026-06-29T07:52:00.000Z,2026-06-29T07:55:00.000Z,c4228eddc07a1958959e00e8dff92f007c269755,"{""start"": ""2026-06-29T07:55:00.000+00:00"", ""end"": null, ""time_zone"": null}","effective_bs=1 (gpu_count=1 x per-gpu bs), lr_scaling=none; test_cfg(score_thr=None, max_per_img=None, nms_pre=None, nms_iou=None); split(train 9657 / val 1515 / test 4265)",123,phase acc/macro-F1/jaccard/edit/seg-F1 (online_causal),"phase acc=0.9492, macro_f1=0.8080, jaccard=0.7687, edit=27.4542, segF1@50=0.3670
②object-token det→phase。Δ_phase vs S4 base 0.8986（within-server）",completed,lecun,False,"DDP 2GPU (RTX A6000 x2) on lecun, manual launcher (E plan, CUDA_VISIBLE_DEVICES per rank)",file:///home/ubuntu/slocal2/m2/experiments/transfer/t1a_region_mask_14_002_t1a_region_mask_14_seed123,"{""start"": ""2026-06-29T07:52:00.000+00:00"", ""end"": null, ""time_zone"": null}",B,must,t1a_region_mask_14_002_t1a_region_mask_14_seed123
38eee4d4-7777-818b-b80e-cfcb0233d5cf,2026-06-29T07:52:00.000Z,2026-06-29T07:57:00.000Z,c4228eddc07a1958959e00e8dff92f007c269755,"{""start"": ""2026-06-29T07:57:00.000+00:00"", ""end"": null, ""time_zone"": null}","effective_bs=1 (gpu_count=1 x per-gpu bs), lr_scaling=none; test_cfg(score_thr=None, max_per_img=None, nms_pre=None, nms_iou=None); split(train 9657 / val 1515 / test 4265)",456,"phase acc/macro-F1/jaccard/edit/seg-F1 (online_causal, jaccard strict)","phase acc=0.9446, macro_f1=0.7940, jaccard=0.7498, edit=39.3386, segF1@50=0.4510
①信号 det→phase。Δ_phase vs S4 base 0.8986±0.0034",completed,lecun,False,"DDP 2GPU (RTX A6000 x2) on lecun, manual launcher (E plan, CUDA_VISIBLE_DEVICES per rank)",file:///home/ubuntu/slocal2/m2/experiments/transfer/b2a_regiononly_mask_13_003_b2a_regiononly_mask_13_seed456,"{""start"": ""2026-06-29T07:51:00.000+00:00"", ""end"": null, ""time_zone"": null}",B,must,b2a_regiononly_mask_13_003_b2a_regiononly_mask_13_seed456
38eee4d4-7777-81f5-8575-edde89253e45,2026-06-29T07:52:00.000Z,2026-06-29T07:57:00.000Z,c4228eddc07a1958959e00e8dff92f007c269755,"{""start"": ""2026-06-29T07:57:00.000+00:00"", ""end"": null, ""time_zone"": null}","effective_bs=1 (gpu_count=1 x per-gpu bs), lr_scaling=none; test_cfg(score_thr=None, max_per_img=None, nms_pre=None, nms_iou=None); split(train 9657 / val 1515 / test 4265)",456,"phase acc/macro-F1/jaccard/edit/seg-F1 (online_causal, jaccard strict)","phase acc=0.9426, macro_f1=0.7914, jaccard=0.7470, edit=37.4868, segF1@50=0.4031
①信号 det→phase。Δ_phase vs S4 base 0.8986±0.0034",completed,lecun,False,"DDP 2GPU (RTX A6000 x2) on lecun, manual launcher (E plan, CUDA_VISIBLE_DEVICES per rank)",file:///home/ubuntu/slocal2/m2/experiments/transfer/b2a_regiononly_mask_12_003_b2a_regiononly_mask_12_seed456,"{""start"": ""2026-06-29T07:51:00.000+00:00"", ""end"": null, ""time_zone"": null}",B,must,b2a_regiononly_mask_12_003_b2a_regiononly_mask_12_seed456
38eee4d4-7777-817e-b3f8-d1e7ea5df44a,2026-06-29T07:51:00.000Z,2026-06-29T07:55:00.000Z,c4228eddc07a1958959e00e8dff92f007c269755,"{""start"": ""2026-06-29T07:55:00.000+00:00"", ""end"": null, ""time_zone"": null}","effective_bs=1 (gpu_count=1 x per-gpu bs), lr_scaling=none; test_cfg(score_thr=None, max_per_img=None, nms_pre=None, nms_iou=None); split(train 9657 / val 1515 / test 4265)",42,phase acc/macro-F1/jaccard/edit/seg-F1 (online_causal),"phase acc=0.9485, macro_f1=0.8033, jaccard=0.7627, edit=31.6138, segF1@50=0.3884
②object-token det→phase。Δ_phase vs S4 base 0.8986（within-server）",completed,lecun,False,"DDP 2GPU (RTX A6000 x2) on lecun, manual launcher (E plan, CUDA_VISIBLE_DEVICES per rank)",file:///home/ubuntu/slocal2/m2/experiments/transfer/t1a_region_mask_14_001_t1a_region_mask_14_seed42,"{""start"": ""2026-06-29T07:51:00.000+00:00"", ""end"": null, ""time_zone"": null}",B,must,t1a_region_mask_14_001_t1a_region_mask_14_seed42
38eee4d4-7777-8153-bb1d-eb5a3877c386,2026-06-29T07:51:00.000Z,2026-06-29T07:57:00.000Z,c4228eddc07a1958959e00e8dff92f007c269755,"{""start"": ""2026-06-29T07:57:00.000+00:00"", ""end"": null, ""time_zone"": null}","effective_bs=1 (gpu_count=1 x per-gpu bs), lr_scaling=none; test_cfg(score_thr=None, max_per_img=None, nms_pre=None, nms_iou=None); split(train 9657 / val 1515 / test 4265)",123,"phase acc/macro-F1/jaccard/edit/seg-F1 (online_causal, jaccard strict)","phase acc=0.9472, macro_f1=0.8025, jaccard=0.7620, edit=35.7027, segF1@50=0.4252
①信号 det→phase。Δ_phase vs S4 base 0.8986±0.0034",completed,lecun,False,"DDP 2GPU (RTX A6000 x2) on lecun, manual launcher (E plan, CUDA_VISIBLE_DEVICES per rank)",file:///home/ubuntu/slocal2/m2/experiments/transfer/b2a_regiononly_mask_12_002_b2a_regiononly_mask_12_seed123,"{""start"": ""2026-06-29T07:51:00.000+00:00"", ""end"": null, ""time_zone"": null}",B,must,b2a_regiononly_mask_12_002_b2a_regiononly_mask_12_seed123
38eee4d4-7777-811d-a2fa-efc02ca8deff,2026-06-29T07:51:00.000Z,2026-06-29T07:57:00.000Z,c4228eddc07a1958959e00e8dff92f007c269755,"{""start"": ""2026-06-29T07:57:00.000+00:00"", ""end"": null, ""time_zone"": null}","effective_bs=1 (gpu_count=1 x per-gpu bs), lr_scaling=none; test_cfg(score_thr=None, max_per_img=None, nms_pre=None, nms_iou=None); split(train 9657 / val 1515 / test 4265)",123,"phase acc/macro-F1/jaccard/edit/seg-F1 (online_causal, jaccard strict)","phase acc=0.9492, macro_f1=0.8080, jaccard=0.7689, edit=35.8824, segF1@50=0.4046
①信号 det→phase。Δ_phase vs S4 base 0.8986±0.0034",completed,lecun,False,"DDP 2GPU (RTX A6000 x2) on lecun, manual launcher (E plan, CUDA_VISIBLE_DEVICES per rank)",file:///home/ubuntu/slocal2/m2/experiments/transfer/b2a_regiononly_mask_13_002_b2a_regiononly_mask_13_seed123,"{""start"": ""2026-06-29T07:51:00.000+00:00"", ""end"": null, ""time_zone"": null}",B,must,b2a_regiononly_mask_13_002_b2a_regiononly_mask_13_seed123
38eee4d4-7777-811c-8e6d-e26cf51de5d0,2026-06-29T07:51:00.000Z,2026-06-29T07:55:00.000Z,c4228eddc07a1958959e00e8dff92f007c269755,"{""start"": ""2026-06-29T07:55:00.000+00:00"", ""end"": null, ""time_zone"": null}","effective_bs=1 (gpu_count=1 x per-gpu bs), lr_scaling=none; test_cfg(score_thr=None, max_per_img=None, nms_pre=None, nms_iou=None); split(train 9657 / val 1515 / test 4265)",456,phase acc/macro-F1/jaccard/edit/seg-F1 (online_causal),"phase acc=0.9479, macro_f1=0.8059, jaccard=0.7660, edit=37.1083, segF1@50=0.4407
②object-token det→phase。Δ_phase vs S4 base 0.8986（within-server）",completed,lecun,False,"DDP 2GPU (RTX A6000 x2) on lecun, manual launcher (E plan, CUDA_VISIBLE_DEVICES per rank)",file:///home/ubuntu/slocal2/m2/experiments/transfer/t1a_region_mask_13_003_t1a_region_mask_13_seed456,"{""start"": ""2026-06-29T07:51:00.000+00:00"", ""end"": null, ""time_zone"": null}",B,must,t1a_region_mask_13_003_t1a_region_mask_13_seed456
38eee4d4-7777-8124-bfc3-d9f5e0d95edb,2026-06-29T07:51:00.000Z,2026-06-29T07:54:00.000Z,c4228eddc07a1958959e00e8dff92f007c269755,"{""start"": ""2026-06-29T07:54:00.000+00:00"", ""end"": null, ""time_zone"": null}","effective_bs=1 (gpu_count=1 x per-gpu bs), lr_scaling=none; test_cfg(score_thr=None, max_per_img=None, nms_pre=None, nms_iou=None); split(train 9657 / val 1515 / test 4265)",456,phase acc/macro-F1/jaccard/edit/seg-F1 (online_causal),"phase acc=0.9472, macro_f1=0.8019, jaccard=0.7600, edit=33.6735, segF1@50=0.4156
②object-token det→phase。Δ_phase vs S4 base 0.8986（within-server）",completed,lecun,False,"DDP 2GPU (RTX A6000 x2) on lecun, manual launcher (E plan, CUDA_VISIBLE_DEVICES per rank)",file:///home/ubuntu/slocal2/m2/experiments/transfer/t1a_region_mask_12_003_t1a_region_mask_12_seed456,"{""start"": ""2026-06-29T07:51:00.000+00:00"", ""end"": null, ""time_zone"": null}",B,must,t1a_region_mask_12_003_t1a_region_mask_12_seed456
38eee4d4-7777-81b2-8ee7-ee728615034a,2026-06-29T07:51:00.000Z,2026-06-29T07:57:00.000Z,c4228eddc07a1958959e00e8dff92f007c269755,"{""start"": ""2026-06-29T07:57:00.000+00:00"", ""end"": null, ""time_zone"": null}","effective_bs=1 (gpu_count=1 x per-gpu bs), lr_scaling=none; test_cfg(score_thr=None, max_per_img=None, nms_pre=None, nms_iou=None); split(train 9657 / val 1515 / test 4265)",42,"phase acc/macro-F1/jaccard/edit/seg-F1 (online_causal, jaccard strict)","phase acc=0.9459, macro_f1=0.7970, jaccard=0.7537, edit=40.4483, segF1@50=0.4359
①信号 det→phase。Δ_phase vs S4 base 0.8986±0.0034",completed,lecun,False,"DDP 2GPU (RTX A6000 x2) on lecun, manual launcher (E plan, CUDA_VISIBLE_DEVICES per rank)",file:///home/ubuntu/slocal2/m2/experiments/transfer/b2a_regiononly_mask_13_001_b2a_regiononly_mask_13_seed42,"{""start"": ""2026-06-29T07:51:00.000+00:00"", ""end"": null, ""time_zone"": null}",B,must,b2a_regiononly_mask_13_001_b2a_regiononly_mask_13_seed42
38eee4d4-7777-81c1-b16e-f1b88c44b777,2026-06-29T07:51:00.000Z,2026-06-29T07:57:00.000Z,c4228eddc07a1958959e00e8dff92f007c269755,"{""start"": ""2026-06-29T07:57:00.000+00:00"", ""end"": null, ""time_zone"": null}","effective_bs=1 (gpu_count=1 x per-gpu bs), lr_scaling=none; test_cfg(score_thr=None, max_per_img=None, nms_pre=None, nms_iou=None); split(train 9657 / val 1515 / test 4265)",42,"phase acc/macro-F1/jaccard/edit/seg-F1 (online_causal, jaccard strict)","phase acc=0.9472, macro_f1=0.7948, jaccard=0.7526, edit=41.7361, segF1@50=0.4542
①信号 det→phase。Δ_phase vs S4 base 0.8986±0.0034",completed,lecun,False,"DDP 2GPU (RTX A6000 x2) on lecun, manual launcher (E plan, CUDA_VISIBLE_DEVICES per rank)",file:///home/ubuntu/slocal2/m2/experiments/transfer/b2a_regiononly_mask_12_001_b2a_regiononly_mask_12_seed42,"{""start"": ""2026-06-29T07:51:00.000+00:00"", ""end"": null, ""time_zone"": null}",B,must,b2a_regiononly_mask_12_001_b2a_regiononly_mask_12_seed42
38eee4d4-7777-81db-83e0-d7321fa2be38,2026-06-29T07:51:00.000Z,2026-06-29T07:52:00.000Z,c4228eddc07a1958959e00e8dff92f007c269755,"{""start"": ""2026-06-29T07:52:00.000+00:00"", ""end"": null, ""time_zone"": null}","effective_bs=1 (gpu_count=1 x per-gpu bs), lr_scaling=none; test_cfg(score_thr=None, max_per_img=None, nms_pre=None, nms_iou=None); split(train 9657 / val 1515 / test 4265)",456,"phase acc/macro-F1/jaccard/edit/seg-F1 (online_causal, jaccard strict)","phase acc=0.8779, macro_f1=0.6584, jaccard=0.6075, edit=64.6667, segF1@50=0.6410
①信号 det→phase。Δ_phase vs S4 base 0.8986±0.0034",completed,lecun,False,"DDP 2GPU (RTX A6000 x2) on lecun, manual launcher (E plan, CUDA_VISIBLE_DEVICES per rank)",file:///home/ubuntu/slocal2/m2/experiments/transfer/b2a_regiononly_oracle_mask_top3_003_b2a_regiononly_oracle_mask_top3_seed456,"{""start"": ""2026-06-29T07:50:00.000+00:00"", ""end"": null, ""time_zone"": null}",B,must,b2a_regiononly_oracle_mask_top3_003_b2a_regiononly_oracle_mask_top3_seed456
38eee4d4-7777-812e-8d0a-e9e693f0f00c,2026-06-29T07:51:00.000Z,2026-06-29T07:54:00.000Z,c4228eddc07a1958959e00e8dff92f007c269755,"{""start"": ""2026-06-29T07:54:00.000+00:00"", ""end"": null, ""time_zone"": null}","effective_bs=1 (gpu_count=1 x per-gpu bs), lr_scaling=none; test_cfg(score_thr=None, max_per_img=None, nms_pre=None, nms_iou=None); split(train 9657 / val 1515 / test 4265)",123,phase acc/macro-F1/jaccard/edit/seg-F1 (online_causal),"phase acc=0.9498, macro_f1=0.8083, jaccard=0.7705, edit=35.3058, segF1@50=0.3972
②object-token det→phase。Δ_phase vs S4 base 0.8986（within-server）",completed,lecun,False,"DDP 2GPU (RTX A6000 x2) on lecun, manual launcher (E plan, CUDA_VISIBLE_DEVICES per rank)",file:///home/ubuntu/slocal2/m2/experiments/transfer/t1a_region_mask_12_002_t1a_region_mask_12_seed123,"{""start"": ""2026-06-29T07:50:00.000+00:00"", ""end"": null, ""time_zone"": null}",B,must,t1a_region_mask_12_002_t1a_region_mask_12_seed123
38eee4d4-7777-8120-ac84-d0b2693f4c35,2026-06-29T07:51:00.000Z,2026-06-29T07:54:00.000Z,c4228eddc07a1958959e00e8dff92f007c269755,"{""start"": ""2026-06-29T07:54:00.000+00:00"", ""end"": null, ""time_zone"": null}","effective_bs=1 (gpu_count=1 x per-gpu bs), lr_scaling=none; test_cfg(score_thr=None, max_per_img=None, nms_pre=None, nms_iou=None); split(train 9657 / val 1515 / test 4265)",123,phase acc/macro-F1/jaccard/edit/seg-F1 (online_causal),"phase acc=0.9485, macro_f1=0.8130, jaccard=0.7760, edit=36.6345, segF1@50=0.4329
②object-token det→phase。Δ_phase vs S4 base 0.8986（within-server）",completed,lecun,False,"DDP 2GPU (RTX A6000 x2) on lecun, manual launcher (E plan, CUDA_VISIBLE_DEVICES per rank)",file:///home/ubuntu/slocal2/m2/experiments/transfer/t1a_region_mask_13_002_t1a_region_mask_13_seed123,"{""start"": ""2026-06-29T07:50:00.000+00:00"", ""end"": null, ""time_zone"": null}",B,must,t1a_region_mask_13_002_t1a_region_mask_13_seed123
38eee4d4-7777-81bb-8822-f003d7efb89e,2026-06-29T07:51:00.000Z,2026-06-29T07:57:00.000Z,c4228eddc07a1958959e00e8dff92f007c269755,"{""start"": ""2026-06-29T07:57:00.000+00:00"", ""end"": null, ""time_zone"": null}","effective_bs=1 (gpu_count=1 x per-gpu bs), lr_scaling=none; test_cfg(score_thr=None, max_per_img=None, nms_pre=None, nms_iou=None); split(train 9657 / val 1515 / test 4265)",456,"phase acc/macro-F1/jaccard/edit/seg-F1 (online_causal, jaccard strict)","phase acc=0.9360, macro_f1=0.7869, jaccard=0.7381, edit=32.6136, segF1@50=0.3299
①信号 det→phase。Δ_phase vs S4 base 0.8986±0.0034",completed,lecun,False,"DDP 2GPU (RTX A6000 x2) on lecun, manual launcher (E plan, CUDA_VISIBLE_DEVICES per rank)",file:///home/ubuntu/slocal2/m2/experiments/transfer/b2a_regiononly_mask_10_003_b2a_regiononly_mask_10_seed456,"{""start"": ""2026-06-29T07:50:00.000+00:00"", ""end"": null, ""time_zone"": null}",B,must,b2a_regiononly_mask_10_003_b2a_regiononly_mask_10_seed456
38eee4d4-7777-812c-9b6a-c4b761abbc9c,2026-06-29T07:51:00.000Z,2026-06-29T07:57:00.000Z,c4228eddc07a1958959e00e8dff92f007c269755,"{""start"": ""2026-06-29T07:57:00.000+00:00"", ""end"": null, ""time_zone"": null}","effective_bs=1 (gpu_count=1 x per-gpu bs), lr_scaling=none; test_cfg(score_thr=None, max_per_img=None, nms_pre=None, nms_iou=None); split(train 9657 / val 1515 / test 4265)",456,"phase acc/macro-F1/jaccard/edit/seg-F1 (online_causal, jaccard strict)","phase acc=0.9380, macro_f1=0.7860, jaccard=0.7361, edit=34.9580, segF1@50=0.3837
①信号 det→phase。Δ_phase vs S4 base 0.8986±0.0034",completed,lecun,False,"DDP 2GPU (RTX A6000 x2) on lecun, manual launcher (E plan, CUDA_VISIBLE_DEVICES per rank)",file:///home/ubuntu/slocal2/m2/experiments/transfer/b2a_regiononly_mask_11_003_b2a_regiononly_mask_11_seed456,"{""start"": ""2026-06-29T07:50:00.000+00:00"", ""end"": null, ""time_zone"": null}",B,must,b2a_regiononly_mask_11_003_b2a_regiononly_mask_11_seed456
38eee4d4-7777-810a-bd6c-d28d2fbda761,2026-06-29T07:50:00.000Z,2026-06-29T07:52:00.000Z,c4228eddc07a1958959e00e8dff92f007c269755,"{""start"": ""2026-06-29T07:52:00.000+00:00"", ""end"": null, ""time_zone"": null}","effective_bs=1 (gpu_count=1 x per-gpu bs), lr_scaling=none; test_cfg(score_thr=None, max_per_img=None, nms_pre=None, nms_iou=None); split(train 9657 / val 1515 / test 4265)",123,"phase acc/macro-F1/jaccard/edit/seg-F1 (online_causal, jaccard strict)","phase acc=0.8845, macro_f1=0.6693, jaccard=0.6222, edit=57.0476, segF1@50=0.6415
①信号 det→phase。Δ_phase vs S4 base 0.8986±0.0034",completed,lecun,False,"DDP 2GPU (RTX A6000 x2) on lecun, manual launcher (E plan, CUDA_VISIBLE_DEVICES per rank)",file:///home/ubuntu/slocal2/m2/experiments/transfer/b2a_regiononly_oracle_mask_top3_002_b2a_regiononly_oracle_mask_top3_seed123,"{""start"": ""2026-06-29T07:50:00.000+00:00"", ""end"": null, ""time_zone"": null}",B,must,b2a_regiononly_oracle_mask_top3_002_b2a_regiononly_oracle_mask_top3_seed123
38eee4d4-7777-81cc-b008-ddee138e3bb1,2026-06-29T07:50:00.000Z,2026-06-29T07:52:00.000Z,c4228eddc07a1958959e00e8dff92f007c269755,"{""start"": ""2026-06-29T07:52:00.000+00:00"", ""end"": null, ""time_zone"": null}","effective_bs=1 (gpu_count=1 x per-gpu bs), lr_scaling=none; test_cfg(score_thr=None, max_per_img=None, nms_pre=None, nms_iou=None); split(train 9657 / val 1515 / test 4265)",42,"phase acc/macro-F1/jaccard/edit/seg-F1 (online_causal, jaccard strict)","phase acc=0.8739, macro_f1=0.6401, jaccard=0.5853, edit=44.5098, segF1@50=0.4941
①信号 det→phase。Δ_phase vs S4 base 0.8986±0.0034",completed,lecun,False,"DDP 2GPU (RTX A6000 x2) on lecun, manual launcher (E plan, CUDA_VISIBLE_DEVICES per rank)",file:///home/ubuntu/slocal2/m2/experiments/transfer/b2a_regiononly_oracle_mask_top3_001_b2a_regiononly_oracle_mask_top3_seed42,"{""start"": ""2026-06-29T07:50:00.000+00:00"", ""end"": null, ""time_zone"": null}",B,must,b2a_regiononly_oracle_mask_top3_001_b2a_regiononly_oracle_mask_top3_seed42
38eee4d4-7777-81b7-9f46-d058e123da1a,2026-06-29T07:50:00.000Z,2026-06-29T07:54:00.000Z,c4228eddc07a1958959e00e8dff92f007c269755,"{""start"": ""2026-06-29T07:54:00.000+00:00"", ""end"": null, ""time_zone"": null}","effective_bs=1 (gpu_count=1 x per-gpu bs), lr_scaling=none; test_cfg(score_thr=None, max_per_img=None, nms_pre=None, nms_iou=None); split(train 9657 / val 1515 / test 4265)",42,phase acc/macro-F1/jaccard/edit/seg-F1 (online_causal),"phase acc=0.9492, macro_f1=0.8087, jaccard=0.7691, edit=32.4495, segF1@50=0.4013
②object-token det→phase。Δ_phase vs S4 base 0.8986（within-server）",completed,lecun,False,"DDP 2GPU (RTX A6000 x2) on lecun, manual launcher (E plan, CUDA_VISIBLE_DEVICES per rank)",file:///home/ubuntu/slocal2/m2/experiments/transfer/t1a_region_mask_13_001_t1a_region_mask_13_seed42,"{""start"": ""2026-06-29T07:50:00.000+00:00"", ""end"": null, ""time_zone"": null}",B,must,t1a_region_mask_13_001_t1a_region_mask_13_seed42
38eee4d4-7777-815c-8dda-cc0dc1ed3f1c,2026-06-29T07:50:00.000Z,2026-06-29T07:54:00.000Z,c4228eddc07a1958959e00e8dff92f007c269755,"{""start"": ""2026-06-29T07:54:00.000+00:00"", ""end"": null, ""time_zone"": null}","effective_bs=1 (gpu_count=1 x per-gpu bs), lr_scaling=none; test_cfg(score_thr=None, max_per_img=None, nms_pre=None, nms_iou=None); split(train 9657 / val 1515 / test 4265)",42,phase acc/macro-F1/jaccard/edit/seg-F1 (online_causal),"phase acc=0.9485, macro_f1=0.8058, jaccard=0.7656, edit=35.0000, segF1@50=0.4337
②object-token det→phase。Δ_phase vs S4 base 0.8986（within-server）",completed,lecun,False,"DDP 2GPU (RTX A6000 x2) on lecun, manual launcher (E plan, CUDA_VISIBLE_DEVICES per rank)",file:///home/ubuntu/slocal2/m2/experiments/transfer/t1a_region_mask_12_001_t1a_region_mask_12_seed42,"{""start"": ""2026-06-29T07:50:00.000+00:00"", ""end"": null, ""time_zone"": null}",B,must,t1a_region_mask_12_001_t1a_region_mask_12_seed42
38eee4d4-7777-819d-ac72-d4b04edb2cf9,2026-06-29T07:50:00.000Z,2026-06-29T07:57:00.000Z,c4228eddc07a1958959e00e8dff92f007c269755,"{""start"": ""2026-06-29T07:57:00.000+00:00"", ""end"": null, ""time_zone"": null}","effective_bs=1 (gpu_count=1 x per-gpu bs), lr_scaling=none; test_cfg(score_thr=None, max_per_img=None, nms_pre=None, nms_iou=None); split(train 9657 / val 1515 / test 4265)",123,"phase acc/macro-F1/jaccard/edit/seg-F1 (online_causal, jaccard strict)","phase acc=0.9413, macro_f1=0.7919, jaccard=0.7425, edit=31.4286, segF1@50=0.3629
①信号 det→phase。Δ_phase vs S4 base 0.8986±0.0034",completed,lecun,False,"DDP 2GPU (RTX A6000 x2) on lecun, manual launcher (E plan, CUDA_VISIBLE_DEVICES per rank)",file:///home/ubuntu/slocal2/m2/experiments/transfer/b2a_regiononly_mask_11_002_b2a_regiononly_mask_11_seed123,"{""start"": ""2026-06-29T07:50:00.000+00:00"", ""end"": null, ""time_zone"": null}",B,must,b2a_regiononly_mask_11_002_b2a_regiononly_mask_11_seed123
38eee4d4-7777-81a6-b00e-f674ab51edc0,2026-06-29T07:50:00.000Z,2026-06-29T07:57:00.000Z,c4228eddc07a1958959e00e8dff92f007c269755,"{""start"": ""2026-06-29T07:57:00.000+00:00"", ""end"": null, ""time_zone"": null}","effective_bs=1 (gpu_count=1 x per-gpu bs), lr_scaling=none; test_cfg(score_thr=None, max_per_img=None, nms_pre=None, nms_iou=None); split(train 9657 / val 1515 / test 4265)",123,"phase acc/macro-F1/jaccard/edit/seg-F1 (online_causal, jaccard strict)","phase acc=0.9366, macro_f1=0.7947, jaccard=0.7491, edit=39.3464, segF1@50=0.3862
①信号 det→phase。Δ_phase vs S4 base 0.8986±0.0034",completed,lecun,False,"DDP 2GPU (RTX A6000 x2) on lecun, manual launcher (E plan, CUDA_VISIBLE_DEVICES per rank)",file:///home/ubuntu/slocal2/m2/experiments/transfer/b2a_regiononly_mask_10_002_b2a_regiononly_mask_10_seed123,"{""start"": ""2026-06-29T07:50:00.000+00:00"", ""end"": null, ""time_zone"": null}",B,must,b2a_regiononly_mask_10_002_b2a_regiononly_mask_10_seed123
38eee4d4-7777-8183-b2d1-e97943a71e4f,2026-06-29T07:50:00.000Z,2026-06-29T07:57:00.000Z,c4228eddc07a1958959e00e8dff92f007c269755,"{""start"": ""2026-06-29T07:57:00.000+00:00"", ""end"": null, ""time_zone"": null}","effective_bs=1 (gpu_count=1 x per-gpu bs), lr_scaling=none; test_cfg(score_thr=None, max_per_img=None, nms_pre=None, nms_iou=None); split(train 9657 / val 1515 / test 4265)",42,"phase acc/macro-F1/jaccard/edit/seg-F1 (online_causal, jaccard strict)","phase acc=0.9399, macro_f1=0.7833, jaccard=0.7341, edit=36.8627, segF1@50=0.4097
①信号 det→phase。Δ_phase vs S4 base 0.8986±0.0034",completed,lecun,False,"DDP 2GPU (RTX A6000 x2) on lecun, manual launcher (E plan, CUDA_VISIBLE_DEVICES per rank)",file:///home/ubuntu/slocal2/m2/experiments/transfer/b2a_regiononly_mask_11_001_b2a_regiononly_mask_11_seed42,"{""start"": ""2026-06-29T07:49:00.000+00:00"", ""end"": null, ""time_zone"": null}",B,must,b2a_regiononly_mask_11_001_b2a_regiononly_mask_11_seed42
38eee4d4-7777-81b6-8174-d2e84d6bc649,2026-06-29T07:50:00.000Z,2026-06-29T07:54:00.000Z,c4228eddc07a1958959e00e8dff92f007c269755,"{""start"": ""2026-06-29T07:54:00.000+00:00"", ""end"": null, ""time_zone"": null}","effective_bs=1 (gpu_count=1 x per-gpu bs), lr_scaling=none; test_cfg(score_thr=None, max_per_img=None, nms_pre=None, nms_iou=None); split(train 9657 / val 1515 / test 4265)",456,phase acc/macro-F1/jaccard/edit/seg-F1 (online_causal),"phase acc=0.9446, macro_f1=0.8037, jaccard=0.7616, edit=31.6194, segF1@50=0.3585
②object-token det→phase。Δ_phase vs S4 base 0.8986（within-server）",completed,lecun,False,"DDP 2GPU (RTX A6000 x2) on lecun, manual launcher (E plan, CUDA_VISIBLE_DEVICES per rank)",file:///home/ubuntu/slocal2/m2/experiments/transfer/t1a_region_mask_10_003_t1a_region_mask_10_seed456,"{""start"": ""2026-06-29T07:49:00.000+00:00"", ""end"": null, ""time_zone"": null}",B,must,t1a_region_mask_10_003_t1a_region_mask_10_seed456
38eee4d4-7777-81c5-bde7-f0676615f968,2026-06-29T07:50:00.000Z,2026-06-29T07:54:00.000Z,c4228eddc07a1958959e00e8dff92f007c269755,"{""start"": ""2026-06-29T07:54:00.000+00:00"", ""end"": null, ""time_zone"": null}","effective_bs=1 (gpu_count=1 x per-gpu bs), lr_scaling=none; test_cfg(score_thr=None, max_per_img=None, nms_pre=None, nms_iou=None); split(train 9657 / val 1515 / test 4265)",456,phase acc/macro-F1/jaccard/edit/seg-F1 (online_causal),"phase acc=0.9465, macro_f1=0.8044, jaccard=0.7635, edit=38.6111, segF1@50=0.4568
②object-token det→phase。Δ_phase vs S4 base 0.8986（within-server）",completed,lecun,False,"DDP 2GPU (RTX A6000 x2) on lecun, manual launcher (E plan, CUDA_VISIBLE_DEVICES per rank)",file:///home/ubuntu/slocal2/m2/experiments/transfer/t1a_region_mask_11_003_t1a_region_mask_11_seed456,"{""start"": ""2026-06-29T07:49:00.000+00:00"", ""end"": null, ""time_zone"": null}",B,must,t1a_region_mask_11_003_t1a_region_mask_11_seed456
38eee4d4-7777-81c1-8c68-d4fc060df9a3,2026-06-29T07:50:00.000Z,2026-06-29T07:57:00.000Z,c4228eddc07a1958959e00e8dff92f007c269755,"{""start"": ""2026-06-29T07:57:00.000+00:00"", ""end"": null, ""time_zone"": null}","effective_bs=1 (gpu_count=1 x per-gpu bs), lr_scaling=none; test_cfg(score_thr=None, max_per_img=None, nms_pre=None, nms_iou=None); split(train 9657 / val 1515 / test 4265)",42,"phase acc/macro-F1/jaccard/edit/seg-F1 (online_causal, jaccard strict)","phase acc=0.9406, macro_f1=0.8032, jaccard=0.7606, edit=33.6336, segF1@50=0.3614
①信号 det→phase。Δ_phase vs S4 base 0.8986±0.0034",completed,lecun,False,"DDP 2GPU (RTX A6000 x2) on lecun, manual launcher (E plan, CUDA_VISIBLE_DEVICES per rank)",file:///home/ubuntu/slocal2/m2/experiments/transfer/b2a_regiononly_mask_10_001_b2a_regiononly_mask_10_seed42,"{""start"": ""2026-06-29T07:49:00.000+00:00"", ""end"": null, ""time_zone"": null}",B,must,b2a_regiononly_mask_10_001_b2a_regiononly_mask_10_seed42
38eee4d4-7777-81fe-8391-fb62e73884c9,2026-06-29T07:49:00.000Z,2026-06-29T07:57:00.000Z,c4228eddc07a1958959e00e8dff92f007c269755,"{""start"": ""2026-06-29T07:57:00.000+00:00"", ""end"": null, ""time_zone"": null}","effective_bs=1 (gpu_count=1 x per-gpu bs), lr_scaling=none; test_cfg(score_thr=None, max_per_img=None, nms_pre=None, nms_iou=None); split(train 9657 / val 1515 / test 4265)",456,"phase acc/macro-F1/jaccard/edit/seg-F1 (online_causal, jaccard strict)","phase acc=0.9380, macro_f1=0.7840, jaccard=0.7369, edit=43.9583, segF1@50=0.5079
①信号 det→phase。Δ_phase vs S4 base 0.8986±0.0034",completed,lecun,False,"DDP 2GPU (RTX A6000 x2) on lecun, manual launcher (E plan, CUDA_VISIBLE_DEVICES per rank)",file:///home/ubuntu/slocal2/m2/experiments/transfer/b2a_regiononly_mask_09_003_b2a_regiononly_mask_09_seed456,"{""start"": ""2026-06-29T07:49:00.000+00:00"", ""end"": null, ""time_zone"": null}",B,must,b2a_regiononly_mask_09_003_b2a_regiononly_mask_09_seed456
38eee4d4-7777-8126-bd37-cd9f8ba98fc5,2026-06-29T07:49:00.000Z,2026-06-29T07:56:00.000Z,c4228eddc07a1958959e00e8dff92f007c269755,"{""start"": ""2026-06-29T07:56:00.000+00:00"", ""end"": null, ""time_zone"": null}","effective_bs=1 (gpu_count=1 x per-gpu bs), lr_scaling=none; test_cfg(score_thr=None, max_per_img=None, nms_pre=None, nms_iou=None); split(train 9657 / val 1515 / test 4265)",456,"phase acc/macro-F1/jaccard/edit/seg-F1 (online_causal, jaccard strict)","phase acc=0.9432, macro_f1=0.7886, jaccard=0.7440, edit=38.7130, segF1@50=0.4107
①信号 det→phase。Δ_phase vs S4 base 0.8986±0.0034",completed,lecun,False,"DDP 2GPU (RTX A6000 x2) on lecun, manual launcher (E plan, CUDA_VISIBLE_DEVICES per rank)",file:///home/ubuntu/slocal2/m2/experiments/transfer/b2a_regiononly_mask_08_003_b2a_regiononly_mask_08_seed456,"{""start"": ""2026-06-29T07:49:00.000+00:00"", ""end"": null, ""time_zone"": null}",B,must,b2a_regiononly_mask_08_003_b2a_regiononly_mask_08_seed456
38eee4d4-7777-81d6-80c8-ff37e226f222,2026-06-29T07:49:00.000Z,2026-06-29T07:54:00.000Z,c4228eddc07a1958959e00e8dff92f007c269755,"{""start"": ""2026-06-29T07:54:00.000+00:00"", ""end"": null, ""time_zone"": null}","effective_bs=1 (gpu_count=1 x per-gpu bs), lr_scaling=none; test_cfg(score_thr=None, max_per_img=None, nms_pre=None, nms_iou=None); split(train 9657 / val 1515 / test 4265)",123,phase acc/macro-F1/jaccard/edit/seg-F1 (online_causal),"phase acc=0.9465, macro_f1=0.8095, jaccard=0.7703, edit=30.3511, segF1@50=0.3885
②object-token det→phase。Δ_phase vs S4 base 0.8986（within-server）",completed,lecun,False,"DDP 2GPU (RTX A6000 x2) on lecun, manual launcher (E plan, CUDA_VISIBLE_DEVICES per rank)",file:///home/ubuntu/slocal2/m2/experiments/transfer/t1a_region_mask_11_002_t1a_region_mask_11_seed123,"{""start"": ""2026-06-29T07:49:00.000+00:00"", ""end"": null, ""time_zone"": null}",B,must,t1a_region_mask_11_002_t1a_region_mask_11_seed123
38eee4d4-7777-813f-9fc6-fbbfe61d3493,2026-06-29T07:49:00.000Z,2026-06-29T07:54:00.000Z,c4228eddc07a1958959e00e8dff92f007c269755,"{""start"": ""2026-06-29T07:54:00.000+00:00"", ""end"": null, ""time_zone"": null}","effective_bs=1 (gpu_count=1 x per-gpu bs), lr_scaling=none; test_cfg(score_thr=None, max_per_img=None, nms_pre=None, nms_iou=None); split(train 9657 / val 1515 / test 4265)",123,phase acc/macro-F1/jaccard/edit/seg-F1 (online_causal),"phase acc=0.9419, macro_f1=0.7993, jaccard=0.7541, edit=27.3243, segF1@50=0.3378
②object-token det→phase。Δ_phase vs S4 base 0.8986（within-server）",completed,lecun,False,"DDP 2GPU (RTX A6000 x2) on lecun, manual launcher (E plan, CUDA_VISIBLE_DEVICES per rank)",file:///home/ubuntu/slocal2/m2/experiments/transfer/t1a_region_mask_10_002_t1a_region_mask_10_seed123,"{""start"": ""2026-06-29T07:49:00.000+00:00"", ""end"": null, ""time_zone"": null}",B,must,t1a_region_mask_10_002_t1a_region_mask_10_seed123
38eee4d4-7777-8113-9a67-d8d090afb404,2026-06-29T07:49:00.000Z,2026-06-29T07:56:00.000Z,c4228eddc07a1958959e00e8dff92f007c269755,"{""start"": ""2026-06-29T07:56:00.000+00:00"", ""end"": null, ""time_zone"": null}","effective_bs=1 (gpu_count=1 x per-gpu bs), lr_scaling=none; test_cfg(score_thr=None, max_per_img=None, nms_pre=None, nms_iou=None); split(train 9657 / val 1515 / test 4265)",123,"phase acc/macro-F1/jaccard/edit/seg-F1 (online_causal, jaccard strict)","phase acc=0.9399, macro_f1=0.7908, jaccard=0.7460, edit=43.8191, segF1@50=0.4861
①信号 det→phase。Δ_phase vs S4 base 0.8986±0.0034",completed,lecun,False,"DDP 2GPU (RTX A6000 x2) on lecun, manual launcher (E plan, CUDA_VISIBLE_DEVICES per rank)",file:///home/ubuntu/slocal2/m2/experiments/transfer/b2a_regiononly_mask_09_002_b2a_regiononly_mask_09_seed123,"{""start"": ""2026-06-29T07:48:00.000+00:00"", ""end"": null, ""time_zone"": null}",B,must,b2a_regiononly_mask_09_002_b2a_regiononly_mask_09_seed123
38eee4d4-7777-815c-8e44-eb5361d42e92,2026-06-29T07:49:00.000Z,2026-06-29T07:56:00.000Z,c4228eddc07a1958959e00e8dff92f007c269755,"{""start"": ""2026-06-29T07:56:00.000+00:00"", ""end"": null, ""time_zone"": null}","effective_bs=1 (gpu_count=1 x per-gpu bs), lr_scaling=none; test_cfg(score_thr=None, max_per_img=None, nms_pre=None, nms_iou=None); split(train 9657 / val 1515 / test 4265)",123,"phase acc/macro-F1/jaccard/edit/seg-F1 (online_causal, jaccard strict)","phase acc=0.9492, macro_f1=0.8027, jaccard=0.7621, edit=37.0238, segF1@50=0.4012
①信号 det→phase。Δ_phase vs S4 base 0.8986±0.0034",completed,lecun,False,"DDP 2GPU (RTX A6000 x2) on lecun, manual launcher (E plan, CUDA_VISIBLE_DEVICES per rank)",file:///home/ubuntu/slocal2/m2/experiments/transfer/b2a_regiononly_mask_08_002_b2a_regiononly_mask_08_seed123,"{""start"": ""2026-06-29T07:48:00.000+00:00"", ""end"": null, ""time_zone"": null}",B,must,b2a_regiononly_mask_08_002_b2a_regiononly_mask_08_seed123
38eee4d4-7777-81ba-a7c2-e59365aa43d5,2026-06-29T07:49:00.000Z,2026-06-29T07:54:00.000Z,c4228eddc07a1958959e00e8dff92f007c269755,"{""start"": ""2026-06-29T07:54:00.000+00:00"", ""end"": null, ""time_zone"": null}","effective_bs=1 (gpu_count=1 x per-gpu bs), lr_scaling=none; test_cfg(score_thr=None, max_per_img=None, nms_pre=None, nms_iou=None); split(train 9657 / val 1515 / test 4265)",42,phase acc/macro-F1/jaccard/edit/seg-F1 (online_causal),"phase acc=0.9439, macro_f1=0.7991, jaccard=0.7548, edit=28.2343, segF1@50=0.3169
②object-token det→phase。Δ_phase vs S4 base 0.8986（within-server）",completed,lecun,False,"DDP 2GPU (RTX A6000 x2) on lecun, manual launcher (E plan, CUDA_VISIBLE_DEVICES per rank)",file:///home/ubuntu/slocal2/m2/experiments/transfer/t1a_region_mask_10_001_t1a_region_mask_10_seed42,"{""start"": ""2026-06-29T07:48:00.000+00:00"", ""end"": null, ""time_zone"": null}",B,must,t1a_region_mask_10_001_t1a_region_mask_10_seed42
38eee4d4-7777-8189-9919-fbbcf9a75044,2026-06-29T07:49:00.000Z,2026-06-29T07:54:00.000Z,c4228eddc07a1958959e00e8dff92f007c269755,"{""start"": ""2026-06-29T07:54:00.000+00:00"", ""end"": null, ""time_zone"": null}","effective_bs=1 (gpu_count=1 x per-gpu bs), lr_scaling=none; test_cfg(score_thr=None, max_per_img=None, nms_pre=None, nms_iou=None); split(train 9657 / val 1515 / test 4265)",42,phase acc/macro-F1/jaccard/edit/seg-F1 (online_causal),"phase acc=0.9505, macro_f1=0.8115, jaccard=0.7740, edit=31.2925, segF1@50=0.3934
②object-token det→phase。Δ_phase vs S4 base 0.8986（within-server）",completed,lecun,False,"DDP 2GPU (RTX A6000 x2) on lecun, manual launcher (E plan, CUDA_VISIBLE_DEVICES per rank)",file:///home/ubuntu/slocal2/m2/experiments/transfer/t1a_region_mask_11_001_t1a_region_mask_11_seed42,"{""start"": ""2026-06-29T07:48:00.000+00:00"", ""end"": null, ""time_zone"": null}",B,must,t1a_region_mask_11_001_t1a_region_mask_11_seed42
38eee4d4-7777-812e-9ce8-fcb44b0ca231,2026-06-29T07:48:00.000Z,2026-06-29T07:56:00.000Z,c4228eddc07a1958959e00e8dff92f007c269755,"{""start"": ""2026-06-29T07:56:00.000+00:00"", ""end"": null, ""time_zone"": null}","effective_bs=1 (gpu_count=1 x per-gpu bs), lr_scaling=none; test_cfg(score_thr=None, max_per_img=None, nms_pre=None, nms_iou=None); split(train 9657 / val 1515 / test 4265)",42,"phase acc/macro-F1/jaccard/edit/seg-F1 (online_causal, jaccard strict)","phase acc=0.9432, macro_f1=0.7826, jaccard=0.7379, edit=43.7831, segF1@50=0.4891
①信号 det→phase。Δ_phase vs S4 base 0.8986±0.0034",completed,lecun,False,"DDP 2GPU (RTX A6000 x2) on lecun, manual launcher (E plan, CUDA_VISIBLE_DEVICES per rank)",file:///home/ubuntu/slocal2/m2/experiments/transfer/b2a_regiononly_mask_08_001_b2a_regiononly_mask_08_seed42,"{""start"": ""2026-06-29T07:48:00.000+00:00"", ""end"": null, ""time_zone"": null}",B,must,b2a_regiononly_mask_08_001_b2a_regiononly_mask_08_seed42
38eee4d4-7777-813c-97b5-de99d7792389,2026-06-29T07:48:00.000Z,2026-06-29T07:56:00.000Z,c4228eddc07a1958959e00e8dff92f007c269755,"{""start"": ""2026-06-29T07:56:00.000+00:00"", ""end"": null, ""time_zone"": null}","effective_bs=1 (gpu_count=1 x per-gpu bs), lr_scaling=none; test_cfg(score_thr=None, max_per_img=None, nms_pre=None, nms_iou=None); split(train 9657 / val 1515 / test 4265)",42,"phase acc/macro-F1/jaccard/edit/seg-F1 (online_causal, jaccard strict)","phase acc=0.9386, macro_f1=0.7849, jaccard=0.7376, edit=46.1905, segF1@50=0.5175
①信号 det→phase。Δ_phase vs S4 base 0.8986±0.0034",completed,lecun,False,"DDP 2GPU (RTX A6000 x2) on lecun, manual launcher (E plan, CUDA_VISIBLE_DEVICES per rank)",file:///home/ubuntu/slocal2/m2/experiments/transfer/b2a_regiononly_mask_09_001_b2a_regiononly_mask_09_seed42,"{""start"": ""2026-06-29T07:48:00.000+00:00"", ""end"": null, ""time_zone"": null}",B,must,b2a_regiononly_mask_09_001_b2a_regiononly_mask_09_seed42
38eee4d4-7777-8122-9788-fe30e51947d6,2026-06-29T07:48:00.000Z,2026-06-29T07:54:00.000Z,c4228eddc07a1958959e00e8dff92f007c269755,"{""start"": ""2026-06-29T07:54:00.000+00:00"", ""end"": null, ""time_zone"": null}","effective_bs=1 (gpu_count=1 x per-gpu bs), lr_scaling=none; test_cfg(score_thr=None, max_per_img=None, nms_pre=None, nms_iou=None); split(train 9657 / val 1515 / test 4265)",456,phase acc/macro-F1/jaccard/edit/seg-F1 (online_causal),"phase acc=0.9386, macro_f1=0.7912, jaccard=0.7394, edit=38.7042, segF1@50=0.4165
②object-token det→phase。Δ_phase vs S4 base 0.8986（within-server）",completed,lecun,False,"DDP 2GPU (RTX A6000 x2) on lecun, manual launcher (E plan, CUDA_VISIBLE_DEVICES per rank)",file:///home/ubuntu/slocal2/m2/experiments/transfer/t1a_region_mask_09_003_t1a_region_mask_09_seed456,"{""start"": ""2026-06-29T07:48:00.000+00:00"", ""end"": null, ""time_zone"": null}",B,must,t1a_region_mask_09_003_t1a_region_mask_09_seed456
38eee4d4-7777-8183-91b1-e32b0238e0c1,2026-06-29T07:48:00.000Z,2026-06-29T07:54:00.000Z,c4228eddc07a1958959e00e8dff92f007c269755,"{""start"": ""2026-06-29T07:54:00.000+00:00"", ""end"": null, ""time_zone"": null}","effective_bs=1 (gpu_count=1 x per-gpu bs), lr_scaling=none; test_cfg(score_thr=None, max_per_img=None, nms_pre=None, nms_iou=None); split(train 9657 / val 1515 / test 4265)",456,phase acc/macro-F1/jaccard/edit/seg-F1 (online_causal),"phase acc=0.9485, macro_f1=0.8059, jaccard=0.7666, edit=33.5185, segF1@50=0.4095
②object-token det→phase。Δ_phase vs S4 base 0.8986（within-server）",completed,lecun,False,"DDP 2GPU (RTX A6000 x2) on lecun, manual launcher (E plan, CUDA_VISIBLE_DEVICES per rank)",file:///home/ubuntu/slocal2/m2/experiments/transfer/t1a_region_mask_08_003_t1a_region_mask_08_seed456,"{""start"": ""2026-06-29T07:48:00.000+00:00"", ""end"": null, ""time_zone"": null}",B,must,t1a_region_mask_08_003_t1a_region_mask_08_seed456
38eee4d4-7777-819e-8e6c-f4b827e274c0,2026-06-29T07:48:00.000Z,2026-06-29T07:56:00.000Z,c4228eddc07a1958959e00e8dff92f007c269755,"{""start"": ""2026-06-29T07:56:00.000+00:00"", ""end"": null, ""time_zone"": null}","effective_bs=1 (gpu_count=1 x per-gpu bs), lr_scaling=none; test_cfg(score_thr=None, max_per_img=None, nms_pre=None, nms_iou=None); split(train 9657 / val 1515 / test 4265)",456,"phase acc/macro-F1/jaccard/edit/seg-F1 (online_causal, jaccard strict)","phase acc=0.9215, macro_f1=0.7769, jaccard=0.7246, edit=46.5966, segF1@50=0.5067
①信号 det→phase。Δ_phase vs S4 base 0.8986±0.0034",completed,lecun,False,"DDP 2GPU (RTX A6000 x2) on lecun, manual launcher (E plan, CUDA_VISIBLE_DEVICES per rank)",file:///home/ubuntu/slocal2/m2/experiments/transfer/b2a_regiononly_mask_06_003_b2a_regiononly_mask_06_seed456,"{""start"": ""2026-06-29T07:48:00.000+00:00"", ""end"": null, ""time_zone"": null}",B,must,b2a_regiononly_mask_06_003_b2a_regiononly_mask_06_seed456
38eee4d4-7777-811c-8438-f385e22552ca,2026-06-29T07:48:00.000Z,2026-06-29T07:56:00.000Z,c4228eddc07a1958959e00e8dff92f007c269755,"{""start"": ""2026-06-29T07:56:00.000+00:00"", ""end"": null, ""time_zone"": null}","effective_bs=1 (gpu_count=1 x per-gpu bs), lr_scaling=none; test_cfg(score_thr=None, max_per_img=None, nms_pre=None, nms_iou=None); split(train 9657 / val 1515 / test 4265)",456,"phase acc/macro-F1/jaccard/edit/seg-F1 (online_causal, jaccard strict)","phase acc=0.9452, macro_f1=0.8004, jaccard=0.7570, edit=34.1667, segF1@50=0.4012
①信号 det→phase。Δ_phase vs S4 base 0.8986±0.0034",completed,lecun,False,"DDP 2GPU (RTX A6000 x2) on lecun, manual launcher (E plan, CUDA_VISIBLE_DEVICES per rank)",file:///home/ubuntu/slocal2/m2/experiments/transfer/b2a_regiononly_mask_07_003_b2a_regiononly_mask_07_seed456,"{""start"": ""2026-06-29T07:48:00.000+00:00"", ""end"": null, ""time_zone"": null}",B,must,b2a_regiononly_mask_07_003_b2a_regiononly_mask_07_seed456
38eee4d4-7777-81ea-9db4-c98da6090e2c,2026-06-29T07:48:00.000Z,2026-06-29T07:54:00.000Z,c4228eddc07a1958959e00e8dff92f007c269755,"{""start"": ""2026-06-29T07:54:00.000+00:00"", ""end"": null, ""time_zone"": null}","effective_bs=1 (gpu_count=1 x per-gpu bs), lr_scaling=none; test_cfg(score_thr=None, max_per_img=None, nms_pre=None, nms_iou=None); split(train 9657 / val 1515 / test 4265)",123,phase acc/macro-F1/jaccard/edit/seg-F1 (online_causal),"phase acc=0.9393, macro_f1=0.7985, jaccard=0.7498, edit=34.1602, segF1@50=0.3784
②object-token det→phase。Δ_phase vs S4 base 0.8986（within-server）",completed,lecun,False,"DDP 2GPU (RTX A6000 x2) on lecun, manual launcher (E plan, CUDA_VISIBLE_DEVICES per rank)",file:///home/ubuntu/slocal2/m2/experiments/transfer/t1a_region_mask_09_002_t1a_region_mask_09_seed123,"{""start"": ""2026-06-29T07:47:00.000+00:00"", ""end"": null, ""time_zone"": null}",B,must,t1a_region_mask_09_002_t1a_region_mask_09_seed123
38eee4d4-7777-81ca-acd2-fc0e87357bae,2026-06-29T07:48:00.000Z,2026-06-29T07:54:00.000Z,c4228eddc07a1958959e00e8dff92f007c269755,"{""start"": ""2026-06-29T07:54:00.000+00:00"", ""end"": null, ""time_zone"": null}","effective_bs=1 (gpu_count=1 x per-gpu bs), lr_scaling=none; test_cfg(score_thr=None, max_per_img=None, nms_pre=None, nms_iou=None); split(train 9657 / val 1515 / test 4265)",123,phase acc/macro-F1/jaccard/edit/seg-F1 (online_causal),"phase acc=0.9479, macro_f1=0.8085, jaccard=0.7695, edit=31.6194, segF1@50=0.4019
②object-token det→phase。Δ_phase vs S4 base 0.8986（within-server）",completed,lecun,False,"DDP 2GPU (RTX A6000 x2) on lecun, manual launcher (E plan, CUDA_VISIBLE_DEVICES per rank)",file:///home/ubuntu/slocal2/m2/experiments/transfer/t1a_region_mask_08_002_t1a_region_mask_08_seed123,"{""start"": ""2026-06-29T07:47:00.000+00:00"", ""end"": null, ""time_zone"": null}",B,must,t1a_region_mask_08_002_t1a_region_mask_08_seed123
38eee4d4-7777-8143-9f11-c27157eeede7,2026-06-29T07:48:00.000Z,2026-06-29T07:56:00.000Z,c4228eddc07a1958959e00e8dff92f007c269755,"{""start"": ""2026-06-29T07:56:00.000+00:00"", ""end"": null, ""time_zone"": null}","effective_bs=1 (gpu_count=1 x per-gpu bs), lr_scaling=none; test_cfg(score_thr=None, max_per_img=None, nms_pre=None, nms_iou=None); split(train 9657 / val 1515 / test 4265)",123,"phase acc/macro-F1/jaccard/edit/seg-F1 (online_causal, jaccard strict)","phase acc=0.9274, macro_f1=0.7601, jaccard=0.7072, edit=49.3994, segF1@50=0.5276
①信号 det→phase。Δ_phase vs S4 base 0.8986±0.0034",completed,lecun,False,"DDP 2GPU (RTX A6000 x2) on lecun, manual launcher (E plan, CUDA_VISIBLE_DEVICES per rank)",file:///home/ubuntu/slocal2/m2/experiments/transfer/b2a_regiononly_mask_06_002_b2a_regiononly_mask_06_seed123,"{""start"": ""2026-06-29T07:47:00.000+00:00"", ""end"": null, ""time_zone"": null}",B,must,b2a_regiononly_mask_06_002_b2a_regiononly_mask_06_seed123
38eee4d4-7777-813f-baf6-ecb8c194965c,2026-06-29T07:48:00.000Z,2026-06-29T07:56:00.000Z,c4228eddc07a1958959e00e8dff92f007c269755,"{""start"": ""2026-06-29T07:56:00.000+00:00"", ""end"": null, ""time_zone"": null}","effective_bs=1 (gpu_count=1 x per-gpu bs), lr_scaling=none; test_cfg(score_thr=None, max_per_img=None, nms_pre=None, nms_iou=None); split(train 9657 / val 1515 / test 4265)",123,"phase acc/macro-F1/jaccard/edit/seg-F1 (online_causal, jaccard strict)","phase acc=0.9505, macro_f1=0.8061, jaccard=0.7674, edit=42.2876, segF1@50=0.4349
①信号 det→phase。Δ_phase vs S4 base 0.8986±0.0034",completed,lecun,False,"DDP 2GPU (RTX A6000 x2) on lecun, manual launcher (E plan, CUDA_VISIBLE_DEVICES per rank)",file:///home/ubuntu/slocal2/m2/experiments/transfer/b2a_regiononly_mask_07_002_b2a_regiononly_mask_07_seed123,"{""start"": ""2026-06-29T07:47:00.000+00:00"", ""end"": null, ""time_zone"": null}",B,must,b2a_regiononly_mask_07_002_b2a_regiononly_mask_07_seed123
38eee4d4-7777-81bf-a186-ed3f02b85fdd,2026-06-29T07:47:00.000Z,2026-06-29T07:54:00.000Z,c4228eddc07a1958959e00e8dff92f007c269755,"{""start"": ""2026-06-29T07:54:00.000+00:00"", ""end"": null, ""time_zone"": null}","effective_bs=1 (gpu_count=1 x per-gpu bs), lr_scaling=none; test_cfg(score_thr=None, max_per_img=None, nms_pre=None, nms_iou=None); split(train 9657 / val 1515 / test 4265)",42,phase acc/macro-F1/jaccard/edit/seg-F1 (online_causal),"phase acc=0.9498, macro_f1=0.8112, jaccard=0.7740, edit=39.0476, segF1@50=0.4656
②object-token det→phase。Δ_phase vs S4 base 0.8986（within-server）",completed,lecun,False,"DDP 2GPU (RTX A6000 x2) on lecun, manual launcher (E plan, CUDA_VISIBLE_DEVICES per rank)",file:///home/ubuntu/slocal2/m2/experiments/transfer/t1a_region_mask_08_001_t1a_region_mask_08_seed42,"{""start"": ""2026-06-29T07:47:00.000+00:00"", ""end"": null, ""time_zone"": null}",B,must,t1a_region_mask_08_001_t1a_region_mask_08_seed42
38eee4d4-7777-818e-9b07-c358c2d74f26,2026-06-29T07:47:00.000Z,2026-06-29T07:54:00.000Z,c4228eddc07a1958959e00e8dff92f007c269755,"{""start"": ""2026-06-29T07:54:00.000+00:00"", ""end"": null, ""time_zone"": null}","effective_bs=1 (gpu_count=1 x per-gpu bs), lr_scaling=none; test_cfg(score_thr=None, max_per_img=None, nms_pre=None, nms_iou=None); split(train 9657 / val 1515 / test 4265)",42,phase acc/macro-F1/jaccard/edit/seg-F1 (online_causal),"phase acc=0.9426, macro_f1=0.7997, jaccard=0.7521, edit=38.7618, segF1@50=0.4258
②object-token det→phase。Δ_phase vs S4 base 0.8986（within-server）",completed,lecun,False,"DDP 2GPU (RTX A6000 x2) on lecun, manual launcher (E plan, CUDA_VISIBLE_DEVICES per rank)",file:///home/ubuntu/slocal2/m2/experiments/transfer/t1a_region_mask_09_001_t1a_region_mask_09_seed42,"{""start"": ""2026-06-29T07:47:00.000+00:00"", ""end"": null, ""time_zone"": null}",B,must,t1a_region_mask_09_001_t1a_region_mask_09_seed42
38eee4d4-7777-813b-aa47-f35db9f6ca89,2026-06-29T07:47:00.000Z,2026-06-29T07:56:00.000Z,c4228eddc07a1958959e00e8dff92f007c269755,"{""start"": ""2026-06-29T07:56:00.000+00:00"", ""end"": null, ""time_zone"": null}","effective_bs=1 (gpu_count=1 x per-gpu bs), lr_scaling=none; test_cfg(score_thr=None, max_per_img=None, nms_pre=None, nms_iou=None); split(train 9657 / val 1515 / test 4265)",42,"phase acc/macro-F1/jaccard/edit/seg-F1 (online_causal, jaccard strict)","phase acc=0.9479, macro_f1=0.8090, jaccard=0.7699, edit=39.3827, segF1@50=0.4359
①信号 det→phase。Δ_phase vs S4 base 0.8986±0.0034",completed,lecun,False,"DDP 2GPU (RTX A6000 x2) on lecun, manual launcher (E plan, CUDA_VISIBLE_DEVICES per rank)",file:///home/ubuntu/slocal2/m2/experiments/transfer/b2a_regiononly_mask_07_001_b2a_regiononly_mask_07_seed42,"{""start"": ""2026-06-29T07:47:00.000+00:00"", ""end"": null, ""time_zone"": null}",B,must,b2a_regiononly_mask_07_001_b2a_regiononly_mask_07_seed42
38eee4d4-7777-8101-9c2c-e2f34f976e67,2026-06-29T07:47:00.000Z,2026-06-29T07:56:00.000Z,c4228eddc07a1958959e00e8dff92f007c269755,"{""start"": ""2026-06-29T07:56:00.000+00:00"", ""end"": null, ""time_zone"": null}","effective_bs=1 (gpu_count=1 x per-gpu bs), lr_scaling=none; test_cfg(score_thr=None, max_per_img=None, nms_pre=None, nms_iou=None); split(train 9657 / val 1515 / test 4265)",42,"phase acc/macro-F1/jaccard/edit/seg-F1 (online_causal, jaccard strict)","phase acc=0.9281, macro_f1=0.7786, jaccard=0.7282, edit=51.4778, segF1@50=0.5185
①信号 det→phase。Δ_phase vs S4 base 0.8986±0.0034",completed,lecun,False,"DDP 2GPU (RTX A6000 x2) on lecun, manual launcher (E plan, CUDA_VISIBLE_DEVICES per rank)",file:///home/ubuntu/slocal2/m2/experiments/transfer/b2a_regiononly_mask_06_001_b2a_regiononly_mask_06_seed42,"{""start"": ""2026-06-29T07:47:00.000+00:00"", ""end"": null, ""time_zone"": null}",B,must,b2a_regiononly_mask_06_001_b2a_regiononly_mask_06_seed42
38eee4d4-7777-8127-ac3a-feef0c1e1623,2026-06-29T07:47:00.000Z,2026-06-29T07:54:00.000Z,c4228eddc07a1958959e00e8dff92f007c269755,"{""start"": ""2026-06-29T07:54:00.000+00:00"", ""end"": null, ""time_zone"": null}","effective_bs=1 (gpu_count=1 x per-gpu bs), lr_scaling=none; test_cfg(score_thr=None, max_per_img=None, nms_pre=None, nms_iou=None); split(train 9657 / val 1515 / test 4265)",456,phase acc/macro-F1/jaccard/edit/seg-F1 (online_causal),"phase acc=0.9426, macro_f1=0.7993, jaccard=0.7564, edit=47.5926, segF1@50=0.5315
②object-token det→phase。Δ_phase vs S4 base 0.8986（within-server）",completed,lecun,False,"DDP 2GPU (RTX A6000 x2) on lecun, manual launcher (E plan, CUDA_VISIBLE_DEVICES per rank)",file:///home/ubuntu/slocal2/m2/experiments/transfer/t1a_region_mask_06_003_t1a_region_mask_06_seed456,"{""start"": ""2026-06-29T07:47:00.000+00:00"", ""end"": null, ""time_zone"": null}",B,must,t1a_region_mask_06_003_t1a_region_mask_06_seed456
38eee4d4-7777-8118-bd37-fd2ef8fff780,2026-06-29T07:47:00.000Z,2026-06-29T07:54:00.000Z,c4228eddc07a1958959e00e8dff92f007c269755,"{""start"": ""2026-06-29T07:54:00.000+00:00"", ""end"": null, ""time_zone"": null}","effective_bs=1 (gpu_count=1 x per-gpu bs), lr_scaling=none; test_cfg(score_thr=None, max_per_img=None, nms_pre=None, nms_iou=None); split(train 9657 / val 1515 / test 4265)",456,phase acc/macro-F1/jaccard/edit/seg-F1 (online_causal),"phase acc=0.9465, macro_f1=0.8064, jaccard=0.7668, edit=31.8046, segF1@50=0.3924
②object-token det→phase。Δ_phase vs S4 base 0.8986（within-server）",completed,lecun,False,"DDP 2GPU (RTX A6000 x2) on lecun, manual launcher (E plan, CUDA_VISIBLE_DEVICES per rank)",file:///home/ubuntu/slocal2/m2/experiments/transfer/t1a_region_mask_07_003_t1a_region_mask_07_seed456,"{""start"": ""2026-06-29T07:47:00.000+00:00"", ""end"": null, ""time_zone"": null}",B,must,t1a_region_mask_07_003_t1a_region_mask_07_seed456
38eee4d4-7777-813d-994c-f699fa124794,2026-06-29T07:47:00.000Z,2026-06-29T07:56:00.000Z,c4228eddc07a1958959e00e8dff92f007c269755,"{""start"": ""2026-06-29T07:56:00.000+00:00"", ""end"": null, ""time_zone"": null}","effective_bs=1 (gpu_count=1 x per-gpu bs), lr_scaling=none; test_cfg(score_thr=None, max_per_img=None, nms_pre=None, nms_iou=None); split(train 9657 / val 1515 / test 4265)",456,"phase acc/macro-F1/jaccard/edit/seg-F1 (online_causal, jaccard strict)","phase acc=0.9426, macro_f1=0.7892, jaccard=0.7437, edit=35.8333, segF1@50=0.4234
①信号 det→phase。Δ_phase vs S4 base 0.8986±0.0034",completed,lecun,False,"DDP 2GPU (RTX A6000 x2) on lecun, manual launcher (E plan, CUDA_VISIBLE_DEVICES per rank)",file:///home/ubuntu/slocal2/m2/experiments/transfer/b2a_regiononly_mask_05_003_b2a_regiononly_mask_05_seed456,"{""start"": ""2026-06-29T07:46:00.000+00:00"", ""end"": null, ""time_zone"": null}",B,must,b2a_regiononly_mask_05_003_b2a_regiononly_mask_05_seed456
38eee4d4-7777-815c-859e-e35053fe3312,2026-06-29T07:47:00.000Z,2026-06-29T07:56:00.000Z,c4228eddc07a1958959e00e8dff92f007c269755,"{""start"": ""2026-06-29T07:56:00.000+00:00"", ""end"": null, ""time_zone"": null}","effective_bs=1 (gpu_count=1 x per-gpu bs), lr_scaling=none; test_cfg(score_thr=None, max_per_img=None, nms_pre=None, nms_iou=None); split(train 9657 / val 1515 / test 4265)",456,"phase acc/macro-F1/jaccard/edit/seg-F1 (online_causal, jaccard strict)","phase acc=0.9432, macro_f1=0.7905, jaccard=0.7461, edit=38.8095, segF1@50=0.4063
①信号 det→phase。Δ_phase vs S4 base 0.8986±0.0034",completed,lecun,False,"DDP 2GPU (RTX A6000 x2) on lecun, manual launcher (E plan, CUDA_VISIBLE_DEVICES per rank)",file:///home/ubuntu/slocal2/m2/experiments/transfer/b2a_regiononly_mask_04_003_b2a_regiononly_mask_04_seed456,"{""start"": ""2026-06-29T07:46:00.000+00:00"", ""end"": null, ""time_zone"": null}",B,must,b2a_regiononly_mask_04_003_b2a_regiononly_mask_04_seed456
38eee4d4-7777-81c8-9818-c8b74444ddfd,2026-06-29T07:46:00.000Z,2026-06-29T07:54:00.000Z,c4228eddc07a1958959e00e8dff92f007c269755,"{""start"": ""2026-06-29T07:54:00.000+00:00"", ""end"": null, ""time_zone"": null}","effective_bs=1 (gpu_count=1 x per-gpu bs), lr_scaling=none; test_cfg(score_thr=None, max_per_img=None, nms_pre=None, nms_iou=None); split(train 9657 / val 1515 / test 4265)",123,phase acc/macro-F1/jaccard/edit/seg-F1 (online_causal),"phase acc=0.9426, macro_f1=0.8060, jaccard=0.7651, edit=34.1270, segF1@50=0.4113
②object-token det→phase。Δ_phase vs S4 base 0.8986（within-server）",completed,lecun,False,"DDP 2GPU (RTX A6000 x2) on lecun, manual launcher (E plan, CUDA_VISIBLE_DEVICES per rank)",file:///home/ubuntu/slocal2/m2/experiments/transfer/t1a_region_mask_06_002_t1a_region_mask_06_seed123,"{""start"": ""2026-06-29T07:46:00.000+00:00"", ""end"": null, ""time_zone"": null}",B,must,t1a_region_mask_06_002_t1a_region_mask_06_seed123
38eee4d4-7777-8176-947f-cbbeca94a43e,2026-06-29T07:46:00.000Z,2026-06-29T07:54:00.000Z,c4228eddc07a1958959e00e8dff92f007c269755,"{""start"": ""2026-06-29T07:54:00.000+00:00"", ""end"": null, ""time_zone"": null}","effective_bs=1 (gpu_count=1 x per-gpu bs), lr_scaling=none; test_cfg(score_thr=None, max_per_img=None, nms_pre=None, nms_iou=None); split(train 9657 / val 1515 / test 4265)",123,phase acc/macro-F1/jaccard/edit/seg-F1 (online_causal),"phase acc=0.9472, macro_f1=0.8106, jaccard=0.7730, edit=35.5083, segF1@50=0.4019
②object-token det→phase。Δ_phase vs S4 base 0.8986（within-server）",completed,lecun,False,"DDP 2GPU (RTX A6000 x2) on lecun, manual launcher (E plan, CUDA_VISIBLE_DEVICES per rank)",file:///home/ubuntu/slocal2/m2/experiments/transfer/t1a_region_mask_07_002_t1a_region_mask_07_seed123,"{""start"": ""2026-06-29T07:46:00.000+00:00"", ""end"": null, ""time_zone"": null}",B,must,t1a_region_mask_07_002_t1a_region_mask_07_seed123
38eee4d4-7777-81db-a9c9-df8125ffe2b7,2026-06-29T07:46:00.000Z,2026-06-29T07:49:00.000Z,c4228eddc07a1958959e00e8dff92f007c269755,"{""start"": ""2026-06-29T07:49:00.000+00:00"", ""end"": null, ""time_zone"": null}","effective_bs=1 (gpu_count=1 x per-gpu bs), lr_scaling=none; test_cfg(score_thr=None, max_per_img=None, nms_pre=None, nms_iou=None); split(train 9657 / val 1515 / test 4265)",456,"phase acc/macro-F1/jaccard/edit/seg-F1 (online_causal, jaccard strict)","phase acc=0.9545, macro_f1=0.8192, jaccard=0.7870, edit=49.1852, segF1@50=0.5309
①信号 det→phase。Δ_phase vs S4 base 0.8986±0.0034",completed,lecun,False,"DDP 2GPU (RTX A6000 x2) on lecun, manual launcher (E plan, CUDA_VISIBLE_DEVICES per rank)",file:///home/ubuntu/slocal2/m2/experiments/transfer/b2a_oracle_mask_14_003_b2a_oracle_mask_14_seed456,"{""start"": ""2026-06-29T07:46:00.000+00:00"", ""end"": null, ""time_zone"": null}",B,must,b2a_oracle_mask_14_003_b2a_oracle_mask_14_seed456
38eee4d4-7777-8186-8957-e0f28442657b,2026-06-29T07:46:00.000Z,2026-06-29T07:56:00.000Z,c4228eddc07a1958959e00e8dff92f007c269755,"{""start"": ""2026-06-29T07:56:00.000+00:00"", ""end"": null, ""time_zone"": null}","effective_bs=1 (gpu_count=1 x per-gpu bs), lr_scaling=none; test_cfg(score_thr=None, max_per_img=None, nms_pre=None, nms_iou=None); split(train 9657 / val 1515 / test 4265)",123,"phase acc/macro-F1/jaccard/edit/seg-F1 (online_causal, jaccard strict)","phase acc=0.9485, macro_f1=0.8095, jaccard=0.7715, edit=40.0000, segF1@50=0.4554
①信号 det→phase。Δ_phase vs S4 base 0.8986±0.0034",completed,lecun,False,"DDP 2GPU (RTX A6000 x2) on lecun, manual launcher (E plan, CUDA_VISIBLE_DEVICES per rank)",file:///home/ubuntu/slocal2/m2/experiments/transfer/b2a_regiononly_mask_04_002_b2a_regiononly_mask_04_seed123,"{""start"": ""2026-06-29T07:46:00.000+00:00"", ""end"": null, ""time_zone"": null}",B,must,b2a_regiononly_mask_04_002_b2a_regiononly_mask_04_seed123
38eee4d4-7777-81b0-9ca6-cc058d8d199e,2026-06-29T07:46:00.000Z,2026-06-29T07:56:00.000Z,c4228eddc07a1958959e00e8dff92f007c269755,"{""start"": ""2026-06-29T07:56:00.000+00:00"", ""end"": null, ""time_zone"": null}","effective_bs=1 (gpu_count=1 x per-gpu bs), lr_scaling=none; test_cfg(score_thr=None, max_per_img=None, nms_pre=None, nms_iou=None); split(train 9657 / val 1515 / test 4265)",123,"phase acc/macro-F1/jaccard/edit/seg-F1 (online_causal, jaccard strict)","phase acc=0.9465, macro_f1=0.8022, jaccard=0.7610, edit=35.2632, segF1@50=0.3902
①信号 det→phase。Δ_phase vs S4 base 0.8986±0.0034",completed,lecun,False,"DDP 2GPU (RTX A6000 x2) on lecun, manual launcher (E plan, CUDA_VISIBLE_DEVICES per rank)",file:///home/ubuntu/slocal2/m2/experiments/transfer/b2a_regiononly_mask_05_002_b2a_regiononly_mask_05_seed123,"{""start"": ""2026-06-29T07:46:00.000+00:00"", ""end"": null, ""time_zone"": null}",B,must,b2a_regiononly_mask_05_002_b2a_regiononly_mask_05_seed123
38eee4d4-7777-81c9-8fe6-d25b24bd7271,2026-06-29T07:46:00.000Z,2026-06-29T07:49:00.000Z,c4228eddc07a1958959e00e8dff92f007c269755,"{""start"": ""2026-06-29T07:49:00.000+00:00"", ""end"": null, ""time_zone"": null}","effective_bs=1 (gpu_count=1 x per-gpu bs), lr_scaling=none; test_cfg(score_thr=None, max_per_img=None, nms_pre=None, nms_iou=None); split(train 9657 / val 1515 / test 4265)",123,"phase acc/macro-F1/jaccard/edit/seg-F1 (online_causal, jaccard strict)","phase acc=0.9611, macro_f1=0.8302, jaccard=0.8060, edit=59.8291, segF1@50=0.6562
①信号 det→phase。Δ_phase vs S4 base 0.8986±0.0034",completed,lecun,False,"DDP 2GPU (RTX A6000 x2) on lecun, manual launcher (E plan, CUDA_VISIBLE_DEVICES per rank)",file:///home/ubuntu/slocal2/m2/experiments/transfer/b2a_oracle_mask_14_002_b2a_oracle_mask_14_seed123,"{""start"": ""2026-06-29T07:46:00.000+00:00"", ""end"": null, ""time_zone"": null}",B,must,b2a_oracle_mask_14_002_b2a_oracle_mask_14_seed123
38eee4d4-7777-81a5-b138-dad9401f1906,2026-06-29T07:46:00.000Z,2026-06-29T07:54:00.000Z,c4228eddc07a1958959e00e8dff92f007c269755,"{""start"": ""2026-06-29T07:54:00.000+00:00"", ""end"": null, ""time_zone"": null}","effective_bs=1 (gpu_count=1 x per-gpu bs), lr_scaling=none; test_cfg(score_thr=None, max_per_img=None, nms_pre=None, nms_iou=None); split(train 9657 / val 1515 / test 4265)",42,phase acc/macro-F1/jaccard/edit/seg-F1 (online_causal),"phase acc=0.9446, macro_f1=0.8103, jaccard=0.7718, edit=49.4444, segF1@50=0.5460
②object-token det→phase。Δ_phase vs S4 base 0.8986（within-server）",completed,lecun,False,"DDP 2GPU (RTX A6000 x2) on lecun, manual launcher (E plan, CUDA_VISIBLE_DEVICES per rank)",file:///home/ubuntu/slocal2/m2/experiments/transfer/t1a_region_mask_06_001_t1a_region_mask_06_seed42,"{""start"": ""2026-06-29T07:46:00.000+00:00"", ""end"": null, ""time_zone"": null}",B,must,t1a_region_mask_06_001_t1a_region_mask_06_seed42
38eee4d4-7777-81ee-9a19-ffbe995842ba,2026-06-29T07:46:00.000Z,2026-06-29T07:54:00.000Z,c4228eddc07a1958959e00e8dff92f007c269755,"{""start"": ""2026-06-29T07:54:00.000+00:00"", ""end"": null, ""time_zone"": null}","effective_bs=1 (gpu_count=1 x per-gpu bs), lr_scaling=none; test_cfg(score_thr=None, max_per_img=None, nms_pre=None, nms_iou=None); split(train 9657 / val 1515 / test 4265)",42,phase acc/macro-F1/jaccard/edit/seg-F1 (online_causal),"phase acc=0.9459, macro_f1=0.8075, jaccard=0.7680, edit=36.2963, segF1@50=0.4159
②object-token det→phase。Δ_phase vs S4 base 0.8986（within-server）",completed,lecun,False,"DDP 2GPU (RTX A6000 x2) on lecun, manual launcher (E plan, CUDA_VISIBLE_DEVICES per rank)",file:///home/ubuntu/slocal2/m2/experiments/transfer/t1a_region_mask_07_001_t1a_region_mask_07_seed42,"{""start"": ""2026-06-29T07:46:00.000+00:00"", ""end"": null, ""time_zone"": null}",B,must,t1a_region_mask_07_001_t1a_region_mask_07_seed42
38eee4d4-7777-814d-9d24-db01279619ff,2026-06-29T07:46:00.000Z,2026-06-29T07:56:00.000Z,c4228eddc07a1958959e00e8dff92f007c269755,"{""start"": ""2026-06-29T07:56:00.000+00:00"", ""end"": null, ""time_zone"": null}","effective_bs=1 (gpu_count=1 x per-gpu bs), lr_scaling=none; test_cfg(score_thr=None, max_per_img=None, nms_pre=None, nms_iou=None); split(train 9657 / val 1515 / test 4265)",42,"phase acc/macro-F1/jaccard/edit/seg-F1 (online_causal, jaccard strict)","phase acc=0.9439, macro_f1=0.7873, jaccard=0.7432, edit=40.8120, segF1@50=0.4646
①信号 det→phase。Δ_phase vs S4 base 0.8986±0.0034",completed,lecun,False,"DDP 2GPU (RTX A6000 x2) on lecun, manual launcher (E plan, CUDA_VISIBLE_DEVICES per rank)",file:///home/ubuntu/slocal2/m2/experiments/transfer/b2a_regiononly_mask_04_001_b2a_regiononly_mask_04_seed42,"{""start"": ""2026-06-29T07:45:00.000+00:00"", ""end"": null, ""time_zone"": null}",B,must,b2a_regiononly_mask_04_001_b2a_regiononly_mask_04_seed42
38eee4d4-7777-8124-9654-ecf36bdeb744,2026-06-29T07:46:00.000Z,2026-06-29T07:56:00.000Z,c4228eddc07a1958959e00e8dff92f007c269755,"{""start"": ""2026-06-29T07:56:00.000+00:00"", ""end"": null, ""time_zone"": null}","effective_bs=1 (gpu_count=1 x per-gpu bs), lr_scaling=none; test_cfg(score_thr=None, max_per_img=None, nms_pre=None, nms_iou=None); split(train 9657 / val 1515 / test 4265)",42,"phase acc/macro-F1/jaccard/edit/seg-F1 (online_causal, jaccard strict)","phase acc=0.9498, macro_f1=0.8024, jaccard=0.7625, edit=35.8333, segF1@50=0.4106
①信号 det→phase。Δ_phase vs S4 base 0.8986±0.0034",completed,lecun,False,"DDP 2GPU (RTX A6000 x2) on lecun, manual launcher (E plan, CUDA_VISIBLE_DEVICES per rank)",file:///home/ubuntu/slocal2/m2/experiments/transfer/b2a_regiononly_mask_05_001_b2a_regiononly_mask_05_seed42,"{""start"": ""2026-06-29T07:45:00.000+00:00"", ""end"": null, ""time_zone"": null}",B,must,b2a_regiononly_mask_05_001_b2a_regiononly_mask_05_seed42
38eee4d4-7777-815e-89be-fd44d5c92bc7,2026-06-29T07:46:00.000Z,2026-06-29T07:49:00.000Z,c4228eddc07a1958959e00e8dff92f007c269755,"{""start"": ""2026-06-29T07:49:00.000+00:00"", ""end"": null, ""time_zone"": null}","effective_bs=1 (gpu_count=1 x per-gpu bs), lr_scaling=none; test_cfg(score_thr=None, max_per_img=None, nms_pre=None, nms_iou=None); split(train 9657 / val 1515 / test 4265)",42,"phase acc/macro-F1/jaccard/edit/seg-F1 (online_causal, jaccard strict)","phase acc=0.9571, macro_f1=0.8254, jaccard=0.7982, edit=45.8812, segF1@50=0.5077
①信号 det→phase。Δ_phase vs S4 base 0.8986±0.0034",completed,lecun,False,"DDP 2GPU (RTX A6000 x2) on lecun, manual launcher (E plan, CUDA_VISIBLE_DEVICES per rank)",file:///home/ubuntu/slocal2/m2/experiments/transfer/b2a_oracle_mask_14_001_b2a_oracle_mask_14_seed42,"{""start"": ""2026-06-29T07:45:00.000+00:00"", ""end"": null, ""time_zone"": null}",B,must,b2a_oracle_mask_14_001_b2a_oracle_mask_14_seed42
38eee4d4-7777-8138-8594-eed68ddf30b9,2026-06-29T07:45:00.000Z,2026-06-29T07:54:00.000Z,c4228eddc07a1958959e00e8dff92f007c269755,"{""start"": ""2026-06-29T07:54:00.000+00:00"", ""end"": null, ""time_zone"": null}","effective_bs=1 (gpu_count=1 x per-gpu bs), lr_scaling=none; test_cfg(score_thr=None, max_per_img=None, nms_pre=None, nms_iou=None); split(train 9657 / val 1515 / test 4265)",456,phase acc/macro-F1/jaccard/edit/seg-F1 (online_causal),"phase acc=0.9472, macro_f1=0.7951, jaccard=0.7516, edit=29.8998, segF1@50=0.3897
②object-token det→phase。Δ_phase vs S4 base 0.8986（within-server）",completed,lecun,False,"DDP 2GPU (RTX A6000 x2) on lecun, manual launcher (E plan, CUDA_VISIBLE_DEVICES per rank)",file:///home/ubuntu/slocal2/m2/experiments/transfer/t1a_region_mask_05_003_t1a_region_mask_05_seed456,"{""start"": ""2026-06-29T07:45:00.000+00:00"", ""end"": null, ""time_zone"": null}",B,must,t1a_region_mask_05_003_t1a_region_mask_05_seed456
38eee4d4-7777-814e-9fc4-d4a969feb5d0,2026-06-29T07:45:00.000Z,2026-06-29T07:54:00.000Z,c4228eddc07a1958959e00e8dff92f007c269755,"{""start"": ""2026-06-29T07:54:00.000+00:00"", ""end"": null, ""time_zone"": null}","effective_bs=1 (gpu_count=1 x per-gpu bs), lr_scaling=none; test_cfg(score_thr=None, max_per_img=None, nms_pre=None, nms_iou=None); split(train 9657 / val 1515 / test 4265)",456,phase acc/macro-F1/jaccard/edit/seg-F1 (online_causal),"phase acc=0.9472, macro_f1=0.8132, jaccard=0.7763, edit=40.0000, segF1@50=0.4740
②object-token det→phase。Δ_phase vs S4 base 0.8986（within-server）",completed,lecun,False,"DDP 2GPU (RTX A6000 x2) on lecun, manual launcher (E plan, CUDA_VISIBLE_DEVICES per rank)",file:///home/ubuntu/slocal2/m2/experiments/transfer/t1a_region_mask_04_003_t1a_region_mask_04_seed456,"{""start"": ""2026-06-29T07:45:00.000+00:00"", ""end"": null, ""time_zone"": null}",B,must,t1a_region_mask_04_003_t1a_region_mask_04_seed456
38eee4d4-7777-8173-b76e-e0214e6678e9,2026-06-29T07:45:00.000Z,2026-06-29T07:56:00.000Z,c4228eddc07a1958959e00e8dff92f007c269755,"{""start"": ""2026-06-29T07:56:00.000+00:00"", ""end"": null, ""time_zone"": null}","effective_bs=1 (gpu_count=1 x per-gpu bs), lr_scaling=none; test_cfg(score_thr=None, max_per_img=None, nms_pre=None, nms_iou=None); split(train 9657 / val 1515 / test 4265)",456,"phase acc/macro-F1/jaccard/edit/seg-F1 (online_causal, jaccard strict)","phase acc=0.9446, macro_f1=0.7919, jaccard=0.7487, edit=40.3003, segF1@50=0.4662
①信号 det→phase。Δ_phase vs S4 base 0.8986±0.0034",completed,lecun,False,"DDP 2GPU (RTX A6000 x2) on lecun, manual launcher (E plan, CUDA_VISIBLE_DEVICES per rank)",file:///home/ubuntu/slocal2/m2/experiments/transfer/b2a_regiononly_mask_02_003_b2a_regiononly_mask_02_seed456,"{""start"": ""2026-06-29T07:45:00.000+00:00"", ""end"": null, ""time_zone"": null}",B,must,b2a_regiononly_mask_02_003_b2a_regiononly_mask_02_seed456
38eee4d4-7777-81dd-9a7f-efd933a29d5a,2026-06-29T07:45:00.000Z,2026-06-29T07:56:00.000Z,c4228eddc07a1958959e00e8dff92f007c269755,"{""start"": ""2026-06-29T07:56:00.000+00:00"", ""end"": null, ""time_zone"": null}","effective_bs=1 (gpu_count=1 x per-gpu bs), lr_scaling=none; test_cfg(score_thr=None, max_per_img=None, nms_pre=None, nms_iou=None); split(train 9657 / val 1515 / test 4265)",456,"phase acc/macro-F1/jaccard/edit/seg-F1 (online_causal, jaccard strict)","phase acc=0.9472, macro_f1=0.8015, jaccard=0.7603, edit=40.3003, segF1@50=0.4770
①信号 det→phase。Δ_phase vs S4 base 0.8986±0.0034",completed,lecun,False,"DDP 2GPU (RTX A6000 x2) on lecun, manual launcher (E plan, CUDA_VISIBLE_DEVICES per rank)",file:///home/ubuntu/slocal2/m2/experiments/transfer/b2a_regiononly_mask_03_003_b2a_regiononly_mask_03_seed456,"{""start"": ""2026-06-29T07:45:00.000+00:00"", ""end"": null, ""time_zone"": null}",B,must,b2a_regiononly_mask_03_003_b2a_regiononly_mask_03_seed456
38eee4d4-7777-813f-ab0c-d9679397f25a,2026-06-29T07:45:00.000Z,2026-06-29T07:49:00.000Z,c4228eddc07a1958959e00e8dff92f007c269755,"{""start"": ""2026-06-29T07:49:00.000+00:00"", ""end"": null, ""time_zone"": null}","effective_bs=1 (gpu_count=1 x per-gpu bs), lr_scaling=none; test_cfg(score_thr=None, max_per_img=None, nms_pre=None, nms_iou=None); split(train 9657 / val 1515 / test 4265)",456,"phase acc/macro-F1/jaccard/edit/seg-F1 (online_causal, jaccard strict)","phase acc=0.9597, macro_f1=0.8256, jaccard=0.7983, edit=56.1728, segF1@50=0.6248
①信号 det→phase。Δ_phase vs S4 base 0.8986±0.0034",completed,lecun,False,"DDP 2GPU (RTX A6000 x2) on lecun, manual launcher (E plan, CUDA_VISIBLE_DEVICES per rank)",file:///home/ubuntu/slocal2/m2/experiments/transfer/b2a_oracle_mask_12_003_b2a_oracle_mask_12_seed456,"{""start"": ""2026-06-29T07:45:00.000+00:00"", ""end"": null, ""time_zone"": null}",B,must,b2a_oracle_mask_12_003_b2a_oracle_mask_12_seed456
38eee4d4-7777-8102-8cf4-e17c72a2c68e,2026-06-29T07:45:00.000Z,2026-06-29T07:49:00.000Z,c4228eddc07a1958959e00e8dff92f007c269755,"{""start"": ""2026-06-29T07:49:00.000+00:00"", ""end"": null, ""time_zone"": null}","effective_bs=1 (gpu_count=1 x per-gpu bs), lr_scaling=none; test_cfg(score_thr=None, max_per_img=None, nms_pre=None, nms_iou=None); split(train 9657 / val 1515 / test 4265)",456,"phase acc/macro-F1/jaccard/edit/seg-F1 (online_causal, jaccard strict)","phase acc=0.9564, macro_f1=0.8226, jaccard=0.7926, edit=55.1587, segF1@50=0.5988
①信号 det→phase。Δ_phase vs S4 base 0.8986±0.0034",completed,lecun,False,"DDP 2GPU (RTX A6000 x2) on lecun, manual launcher (E plan, CUDA_VISIBLE_DEVICES per rank)",file:///home/ubuntu/slocal2/m2/experiments/transfer/b2a_oracle_mask_13_003_b2a_oracle_mask_13_seed456,"{""start"": ""2026-06-29T07:45:00.000+00:00"", ""end"": null, ""time_zone"": null}",B,must,b2a_oracle_mask_13_003_b2a_oracle_mask_13_seed456
38eee4d4-7777-8137-b0ca-efe56e20bdd9,2026-06-29T07:45:00.000Z,2026-06-29T07:54:00.000Z,c4228eddc07a1958959e00e8dff92f007c269755,"{""start"": ""2026-06-29T07:54:00.000+00:00"", ""end"": null, ""time_zone"": null}","effective_bs=1 (gpu_count=1 x per-gpu bs), lr_scaling=none; test_cfg(score_thr=None, max_per_img=None, nms_pre=None, nms_iou=None); split(train 9657 / val 1515 / test 4265)",123,phase acc/macro-F1/jaccard/edit/seg-F1 (online_causal),"phase acc=0.9485, macro_f1=0.8033, jaccard=0.7626, edit=37.1232, segF1@50=0.4408
②object-token det→phase。Δ_phase vs S4 base 0.8986（within-server）",completed,lecun,False,"DDP 2GPU (RTX A6000 x2) on lecun, manual launcher (E plan, CUDA_VISIBLE_DEVICES per rank)",file:///home/ubuntu/slocal2/m2/experiments/transfer/t1a_region_mask_05_002_t1a_region_mask_05_seed123,"{""start"": ""2026-06-29T07:45:00.000+00:00"", ""end"": null, ""time_zone"": null}",B,must,t1a_region_mask_05_002_t1a_region_mask_05_seed123
38eee4d4-7777-8100-a895-f7e0c2110fe9,2026-06-29T07:45:00.000Z,2026-06-29T07:54:00.000Z,c4228eddc07a1958959e00e8dff92f007c269755,"{""start"": ""2026-06-29T07:54:00.000+00:00"", ""end"": null, ""time_zone"": null}","effective_bs=1 (gpu_count=1 x per-gpu bs), lr_scaling=none; test_cfg(score_thr=None, max_per_img=None, nms_pre=None, nms_iou=None); split(train 9657 / val 1515 / test 4265)",123,phase acc/macro-F1/jaccard/edit/seg-F1 (online_causal),"phase acc=0.9465, macro_f1=0.7986, jaccard=0.7549, edit=32.5685, segF1@50=0.3968
②object-token det→phase。Δ_phase vs S4 base 0.8986（within-server）",completed,lecun,False,"DDP 2GPU (RTX A6000 x2) on lecun, manual launcher (E plan, CUDA_VISIBLE_DEVICES per rank)",file:///home/ubuntu/slocal2/m2/experiments/transfer/t1a_region_mask_04_002_t1a_region_mask_04_seed123,"{""start"": ""2026-06-29T07:45:00.000+00:00"", ""end"": null, ""time_zone"": null}",B,must,t1a_region_mask_04_002_t1a_region_mask_04_seed123
38eee4d4-7777-8195-b12a-c0e7ac9383ac,2026-06-29T07:45:00.000Z,2026-06-29T07:56:00.000Z,c4228eddc07a1958959e00e8dff92f007c269755,"{""start"": ""2026-06-29T07:56:00.000+00:00"", ""end"": null, ""time_zone"": null}","effective_bs=1 (gpu_count=1 x per-gpu bs), lr_scaling=none; test_cfg(score_thr=None, max_per_img=None, nms_pre=None, nms_iou=None); split(train 9657 / val 1515 / test 4265)",123,"phase acc/macro-F1/jaccard/edit/seg-F1 (online_causal, jaccard strict)","phase acc=0.9492, macro_f1=0.8042, jaccard=0.7643, edit=34.0476, segF1@50=0.3843
①信号 det→phase。Δ_phase vs S4 base 0.8986±0.0034",completed,lecun,False,"DDP 2GPU (RTX A6000 x2) on lecun, manual launcher (E plan, CUDA_VISIBLE_DEVICES per rank)",file:///home/ubuntu/slocal2/m2/experiments/transfer/b2a_regiononly_mask_03_002_b2a_regiononly_mask_03_seed123,"{""start"": ""2026-06-29T07:44:00.000+00:00"", ""end"": null, ""time_zone"": null}",B,must,b2a_regiononly_mask_03_002_b2a_regiononly_mask_03_seed123
38eee4d4-7777-819d-ac9e-da70ce691e7a,2026-06-29T07:45:00.000Z,2026-06-29T07:56:00.000Z,c4228eddc07a1958959e00e8dff92f007c269755,"{""start"": ""2026-06-29T07:56:00.000+00:00"", ""end"": null, ""time_zone"": null}","effective_bs=1 (gpu_count=1 x per-gpu bs), lr_scaling=none; test_cfg(score_thr=None, max_per_img=None, nms_pre=None, nms_iou=None); split(train 9657 / val 1515 / test 4265)",123,"phase acc/macro-F1/jaccard/edit/seg-F1 (online_causal, jaccard strict)","phase acc=0.9498, macro_f1=0.8089, jaccard=0.7710, edit=39.3386, segF1@50=0.4140
①信号 det→phase。Δ_phase vs S4 base 0.8986±0.0034",completed,lecun,False,"DDP 2GPU (RTX A6000 x2) on lecun, manual launcher (E plan, CUDA_VISIBLE_DEVICES per rank)",file:///home/ubuntu/slocal2/m2/experiments/transfer/b2a_regiononly_mask_02_002_b2a_regiononly_mask_02_seed123,"{""start"": ""2026-06-29T07:44:00.000+00:00"", ""end"": null, ""time_zone"": null}",B,must,b2a_regiononly_mask_02_002_b2a_regiononly_mask_02_seed123
38eee4d4-7777-8130-8c14-c0ce8c208065,2026-06-29T07:45:00.000Z,2026-06-29T07:49:00.000Z,c4228eddc07a1958959e00e8dff92f007c269755,"{""start"": ""2026-06-29T07:49:00.000+00:00"", ""end"": null, ""time_zone"": null}","effective_bs=1 (gpu_count=1 x per-gpu bs), lr_scaling=none; test_cfg(score_thr=None, max_per_img=None, nms_pre=None, nms_iou=None); split(train 9657 / val 1515 / test 4265)",123,"phase acc/macro-F1/jaccard/edit/seg-F1 (online_causal, jaccard strict)","phase acc=0.9584, macro_f1=0.8258, jaccard=0.7983, edit=53.9316, segF1@50=0.5638
①信号 det→phase。Δ_phase vs S4 base 0.8986±0.0034",completed,lecun,False,"DDP 2GPU (RTX A6000 x2) on lecun, manual launcher (E plan, CUDA_VISIBLE_DEVICES per rank)",file:///home/ubuntu/slocal2/m2/experiments/transfer/b2a_oracle_mask_13_002_b2a_oracle_mask_13_seed123,"{""start"": ""2026-06-29T07:44:00.000+00:00"", ""end"": null, ""time_zone"": null}",B,must,b2a_oracle_mask_13_002_b2a_oracle_mask_13_seed123
38eee4d4-7777-81ac-a4c9-cfc5544a6db9,2026-06-29T07:45:00.000Z,2026-06-29T07:49:00.000Z,c4228eddc07a1958959e00e8dff92f007c269755,"{""start"": ""2026-06-29T07:49:00.000+00:00"", ""end"": null, ""time_zone"": null}","effective_bs=1 (gpu_count=1 x per-gpu bs), lr_scaling=none; test_cfg(score_thr=None, max_per_img=None, nms_pre=None, nms_iou=None); split(train 9657 / val 1515 / test 4265)",123,"phase acc/macro-F1/jaccard/edit/seg-F1 (online_causal, jaccard strict)","phase acc=0.9584, macro_f1=0.8263, jaccard=0.7990, edit=56.4957, segF1@50=0.5768
①信号 det→phase。Δ_phase vs S4 base 0.8986±0.0034",completed,lecun,False,"DDP 2GPU (RTX A6000 x2) on lecun, manual launcher (E plan, CUDA_VISIBLE_DEVICES per rank)",file:///home/ubuntu/slocal2/m2/experiments/transfer/b2a_oracle_mask_12_002_b2a_oracle_mask_12_seed123,"{""start"": ""2026-06-29T07:44:00.000+00:00"", ""end"": null, ""time_zone"": null}",B,must,b2a_oracle_mask_12_002_b2a_oracle_mask_12_seed123
38eee4d4-7777-8147-8824-d1cca67ba92d,2026-06-29T07:45:00.000Z,2026-06-29T07:54:00.000Z,c4228eddc07a1958959e00e8dff92f007c269755,"{""start"": ""2026-06-29T07:54:00.000+00:00"", ""end"": null, ""time_zone"": null}","effective_bs=1 (gpu_count=1 x per-gpu bs), lr_scaling=none; test_cfg(score_thr=None, max_per_img=None, nms_pre=None, nms_iou=None); split(train 9657 / val 1515 / test 4265)",42,phase acc/macro-F1/jaccard/edit/seg-F1 (online_causal),"phase acc=0.9472, macro_f1=0.8040, jaccard=0.7622, edit=34.1785, segF1@50=0.4071
②object-token det→phase。Δ_phase vs S4 base 0.8986（within-server）",completed,lecun,False,"DDP 2GPU (RTX A6000 x2) on lecun, manual launcher (E plan, CUDA_VISIBLE_DEVICES per rank)",file:///home/ubuntu/slocal2/m2/experiments/transfer/t1a_region_mask_04_001_t1a_region_mask_04_seed42,"{""start"": ""2026-06-29T07:44:00.000+00:00"", ""end"": null, ""time_zone"": null}",B,must,t1a_region_mask_04_001_t1a_region_mask_04_seed42
38eee4d4-7777-8120-8014-f9894b2f81a6,2026-06-29T07:45:00.000Z,2026-06-29T07:54:00.000Z,c4228eddc07a1958959e00e8dff92f007c269755,"{""start"": ""2026-06-29T07:54:00.000+00:00"", ""end"": null, ""time_zone"": null}","effective_bs=1 (gpu_count=1 x per-gpu bs), lr_scaling=none; test_cfg(score_thr=None, max_per_img=None, nms_pre=None, nms_iou=None); split(train 9657 / val 1515 / test 4265)",42,phase acc/macro-F1/jaccard/edit/seg-F1 (online_causal),"phase acc=0.9505, macro_f1=0.8109, jaccard=0.7739, edit=38.9566, segF1@50=0.4687
②object-token det→phase。Δ_phase vs S4 base 0.8986（within-server）",completed,lecun,False,"DDP 2GPU (RTX A6000 x2) on lecun, manual launcher (E plan, CUDA_VISIBLE_DEVICES per rank)",file:///home/ubuntu/slocal2/m2/experiments/transfer/t1a_region_mask_05_001_t1a_region_mask_05_seed42,"{""start"": ""2026-06-29T07:44:00.000+00:00"", ""end"": null, ""time_zone"": null}",B,must,t1a_region_mask_05_001_t1a_region_mask_05_seed42
38eee4d4-7777-81ab-b040-c5fcad7f3d40,2026-06-29T07:44:00.000Z,2026-06-29T07:56:00.000Z,c4228eddc07a1958959e00e8dff92f007c269755,"{""start"": ""2026-06-29T07:56:00.000+00:00"", ""end"": null, ""time_zone"": null}","effective_bs=1 (gpu_count=1 x per-gpu bs), lr_scaling=none; test_cfg(score_thr=None, max_per_img=None, nms_pre=None, nms_iou=None); split(train 9657 / val 1515 / test 4265)",42,"phase acc/macro-F1/jaccard/edit/seg-F1 (online_causal, jaccard strict)","phase acc=0.9459, macro_f1=0.7967, jaccard=0.7545, edit=41.6667, segF1@50=0.4622
①信号 det→phase。Δ_phase vs S4 base 0.8986±0.0034",completed,lecun,False,"DDP 2GPU (RTX A6000 x2) on lecun, manual launcher (E plan, CUDA_VISIBLE_DEVICES per rank)",file:///home/ubuntu/slocal2/m2/experiments/transfer/b2a_regiononly_mask_02_001_b2a_regiononly_mask_02_seed42,"{""start"": ""2026-06-29T07:44:00.000+00:00"", ""end"": null, ""time_zone"": null}",B,must,b2a_regiononly_mask_02_001_b2a_regiononly_mask_02_seed42
38eee4d4-7777-81be-9c87-c75671670683,2026-06-29T07:44:00.000Z,2026-06-29T07:56:00.000Z,c4228eddc07a1958959e00e8dff92f007c269755,"{""start"": ""2026-06-29T07:56:00.000+00:00"", ""end"": null, ""time_zone"": null}","effective_bs=1 (gpu_count=1 x per-gpu bs), lr_scaling=none; test_cfg(score_thr=None, max_per_img=None, nms_pre=None, nms_iou=None); split(train 9657 / val 1515 / test 4265)",42,"phase acc/macro-F1/jaccard/edit/seg-F1 (online_causal, jaccard strict)","phase acc=0.9485, macro_f1=0.8031, jaccard=0.7629, edit=42.5647, segF1@50=0.4931
①信号 det→phase。Δ_phase vs S4 base 0.8986±0.0034",completed,lecun,False,"DDP 2GPU (RTX A6000 x2) on lecun, manual launcher (E plan, CUDA_VISIBLE_DEVICES per rank)",file:///home/ubuntu/slocal2/m2/experiments/transfer/b2a_regiononly_mask_03_001_b2a_regiononly_mask_03_seed42,"{""start"": ""2026-06-29T07:44:00.000+00:00"", ""end"": null, ""time_zone"": null}",B,must,b2a_regiononly_mask_03_001_b2a_regiononly_mask_03_seed42
38eee4d4-7777-8187-a7c2-ce138a5eb2f7,2026-06-29T07:44:00.000Z,2026-06-29T07:49:00.000Z,c4228eddc07a1958959e00e8dff92f007c269755,"{""start"": ""2026-06-29T07:49:00.000+00:00"", ""end"": null, ""time_zone"": null}","effective_bs=1 (gpu_count=1 x per-gpu bs), lr_scaling=none; test_cfg(score_thr=None, max_per_img=None, nms_pre=None, nms_iou=None); split(train 9657 / val 1515 / test 4265)",42,"phase acc/macro-F1/jaccard/edit/seg-F1 (online_causal, jaccard strict)","phase acc=0.9551, macro_f1=0.8239, jaccard=0.7946, edit=49.9683, segF1@50=0.5244
①信号 det→phase。Δ_phase vs S4 base 0.8986±0.0034",completed,lecun,False,"DDP 2GPU (RTX A6000 x2) on lecun, manual launcher (E plan, CUDA_VISIBLE_DEVICES per rank)",file:///home/ubuntu/slocal2/m2/experiments/transfer/b2a_oracle_mask_13_001_b2a_oracle_mask_13_seed42,"{""start"": ""2026-06-29T07:44:00.000+00:00"", ""end"": null, ""time_zone"": null}",B,must,b2a_oracle_mask_13_001_b2a_oracle_mask_13_seed42
38eee4d4-7777-8112-a8c1-ca596dd9f83e,2026-06-29T07:44:00.000Z,2026-06-29T07:49:00.000Z,c4228eddc07a1958959e00e8dff92f007c269755,"{""start"": ""2026-06-29T07:49:00.000+00:00"", ""end"": null, ""time_zone"": null}","effective_bs=1 (gpu_count=1 x per-gpu bs), lr_scaling=none; test_cfg(score_thr=None, max_per_img=None, nms_pre=None, nms_iou=None); split(train 9657 / val 1515 / test 4265)",42,"phase acc/macro-F1/jaccard/edit/seg-F1 (online_causal, jaccard strict)","phase acc=0.9551, macro_f1=0.8221, jaccard=0.7922, edit=58.2418, segF1@50=0.5784
①信号 det→phase。Δ_phase vs S4 base 0.8986±0.0034",completed,lecun,False,"DDP 2GPU (RTX A6000 x2) on lecun, manual launcher (E plan, CUDA_VISIBLE_DEVICES per rank)",file:///home/ubuntu/slocal2/m2/experiments/transfer/b2a_oracle_mask_12_001_b2a_oracle_mask_12_seed42,"{""start"": ""2026-06-29T07:44:00.000+00:00"", ""end"": null, ""time_zone"": null}",B,must,b2a_oracle_mask_12_001_b2a_oracle_mask_12_seed42
38eee4d4-7777-8172-9959-eac805352657,2026-06-29T07:44:00.000Z,2026-06-29T07:54:00.000Z,c4228eddc07a1958959e00e8dff92f007c269755,"{""start"": ""2026-06-29T07:54:00.000+00:00"", ""end"": null, ""time_zone"": null}","effective_bs=1 (gpu_count=1 x per-gpu bs), lr_scaling=none; test_cfg(score_thr=None, max_per_img=None, nms_pre=None, nms_iou=None); split(train 9657 / val 1515 / test 4265)",456,phase acc/macro-F1/jaccard/edit/seg-F1 (online_causal),"phase acc=0.9485, macro_f1=0.8073, jaccard=0.7676, edit=34.3798, segF1@50=0.4246
②object-token det→phase。Δ_phase vs S4 base 0.8986（within-server）",completed,lecun,False,"DDP 2GPU (RTX A6000 x2) on lecun, manual launcher (E plan, CUDA_VISIBLE_DEVICES per rank)",file:///home/ubuntu/slocal2/m2/experiments/transfer/t1a_region_mask_02_003_t1a_region_mask_02_seed456,"{""start"": ""2026-06-29T07:44:00.000+00:00"", ""end"": null, ""time_zone"": null}",B,must,t1a_region_mask_02_003_t1a_region_mask_02_seed456
38eee4d4-7777-8108-bf7b-fd21ada704be,2026-06-29T07:44:00.000Z,2026-06-29T07:54:00.000Z,c4228eddc07a1958959e00e8dff92f007c269755,"{""start"": ""2026-06-29T07:54:00.000+00:00"", ""end"": null, ""time_zone"": null}","effective_bs=1 (gpu_count=1 x per-gpu bs), lr_scaling=none; test_cfg(score_thr=None, max_per_img=None, nms_pre=None, nms_iou=None); split(train 9657 / val 1515 / test 4265)",456,phase acc/macro-F1/jaccard/edit/seg-F1 (online_causal),"phase acc=0.9492, macro_f1=0.8067, jaccard=0.7665, edit=33.2882, segF1@50=0.4066
②object-token det→phase。Δ_phase vs S4 base 0.8986（within-server）",completed,lecun,False,"DDP 2GPU (RTX A6000 x2) on lecun, manual launcher (E plan, CUDA_VISIBLE_DEVICES per rank)",file:///home/ubuntu/slocal2/m2/experiments/transfer/t1a_region_mask_03_003_t1a_region_mask_03_seed456,"{""start"": ""2026-06-29T07:44:00.000+00:00"", ""end"": null, ""time_zone"": null}",B,must,t1a_region_mask_03_003_t1a_region_mask_03_seed456
38eee4d4-7777-8131-996f-f87a4a15ab52,2026-06-29T07:44:00.000Z,2026-06-29T07:56:00.000Z,c4228eddc07a1958959e00e8dff92f007c269755,"{""start"": ""2026-06-29T07:56:00.000+00:00"", ""end"": null, ""time_zone"": null}","effective_bs=1 (gpu_count=1 x per-gpu bs), lr_scaling=none; test_cfg(score_thr=None, max_per_img=None, nms_pre=None, nms_iou=None); split(train 9657 / val 1515 / test 4265)",456,"phase acc/macro-F1/jaccard/edit/seg-F1 (online_causal, jaccard strict)","phase acc=0.9241, macro_f1=0.6862, jaccard=0.6611, edit=37.3333, segF1@50=0.4339
①信号 det→phase。Δ_phase vs S4 base 0.8986±0.0034",completed,lecun,False,"DDP 2GPU (RTX A6000 x2) on lecun, manual launcher (E plan, CUDA_VISIBLE_DEVICES per rank)",file:///home/ubuntu/slocal2/m2/experiments/transfer/b2a_regiononly_mask_00_003_b2a_regiononly_mask_00_seed456,"{""start"": ""2026-06-29T07:43:00.000+00:00"", ""end"": null, ""time_zone"": null}",B,must,b2a_regiononly_mask_00_003_b2a_regiononly_mask_00_seed456
38eee4d4-7777-81dc-8b73-e8a68fb320b4,2026-06-29T07:44:00.000Z,2026-06-29T07:56:00.000Z,c4228eddc07a1958959e00e8dff92f007c269755,"{""start"": ""2026-06-29T07:56:00.000+00:00"", ""end"": null, ""time_zone"": null}","effective_bs=1 (gpu_count=1 x per-gpu bs), lr_scaling=none; test_cfg(score_thr=None, max_per_img=None, nms_pre=None, nms_iou=None); split(train 9657 / val 1515 / test 4265)",456,"phase acc/macro-F1/jaccard/edit/seg-F1 (online_causal, jaccard strict)","phase acc=0.9366, macro_f1=0.7795, jaccard=0.7296, edit=32.1071, segF1@50=0.3486
①信号 det→phase。Δ_phase vs S4 base 0.8986±0.0034",completed,lecun,False,"DDP 2GPU (RTX A6000 x2) on lecun, manual launcher (E plan, CUDA_VISIBLE_DEVICES per rank)",file:///home/ubuntu/slocal2/m2/experiments/transfer/b2a_regiononly_mask_01_003_b2a_regiononly_mask_01_seed456,"{""start"": ""2026-06-29T07:43:00.000+00:00"", ""end"": null, ""time_zone"": null}",B,must,b2a_regiononly_mask_01_003_b2a_regiononly_mask_01_seed456
38eee4d4-7777-81f6-b7d1-e4ff90eaf5ff,2026-06-29T07:44:00.000Z,2026-06-29T07:49:00.000Z,c4228eddc07a1958959e00e8dff92f007c269755,"{""start"": ""2026-06-29T07:49:00.000+00:00"", ""end"": null, ""time_zone"": null}","effective_bs=1 (gpu_count=1 x per-gpu bs), lr_scaling=none; test_cfg(score_thr=None, max_per_img=None, nms_pre=None, nms_iou=None); split(train 9657 / val 1515 / test 4265)",456,"phase acc/macro-F1/jaccard/edit/seg-F1 (online_causal, jaccard strict)","phase acc=0.9597, macro_f1=0.8275, jaccard=0.8014, edit=59.7701, segF1@50=0.7160
①信号 det→phase。Δ_phase vs S4 base 0.8986±0.0034",completed,lecun,False,"DDP 2GPU (RTX A6000 x2) on lecun, manual launcher (E plan, CUDA_VISIBLE_DEVICES per rank)",file:///home/ubuntu/slocal2/m2/experiments/transfer/b2a_oracle_mask_11_003_b2a_oracle_mask_11_seed456,"{""start"": ""2026-06-29T07:43:00.000+00:00"", ""end"": null, ""time_zone"": null}",B,must,b2a_oracle_mask_11_003_b2a_oracle_mask_11_seed456
38eee4d4-7777-8164-9d7d-ed2897eb0dbe,2026-06-29T07:44:00.000Z,2026-06-29T07:49:00.000Z,c4228eddc07a1958959e00e8dff92f007c269755,"{""start"": ""2026-06-29T07:49:00.000+00:00"", ""end"": null, ""time_zone"": null}","effective_bs=1 (gpu_count=1 x per-gpu bs), lr_scaling=none; test_cfg(score_thr=None, max_per_img=None, nms_pre=None, nms_iou=None); split(train 9657 / val 1515 / test 4265)",456,"phase acc/macro-F1/jaccard/edit/seg-F1 (online_causal, jaccard strict)","phase acc=0.9611, macro_f1=0.8250, jaccard=0.7973, edit=59.4872, segF1@50=0.7003
①信号 det→phase。Δ_phase vs S4 base 0.8986±0.0034",completed,lecun,False,"DDP 2GPU (RTX A6000 x2) on lecun, manual launcher (E plan, CUDA_VISIBLE_DEVICES per rank)",file:///home/ubuntu/slocal2/m2/experiments/transfer/b2a_oracle_mask_10_003_b2a_oracle_mask_10_seed456,"{""start"": ""2026-06-29T07:43:00.000+00:00"", ""end"": null, ""time_zone"": null}",B,must,b2a_oracle_mask_10_003_b2a_oracle_mask_10_seed456
38eee4d4-7777-81a0-93c5-e5e7657d6937,2026-06-29T07:43:00.000Z,2026-06-29T07:56:00.000Z,c4228eddc07a1958959e00e8dff92f007c269755,"{""start"": ""2026-06-29T07:56:00.000+00:00"", ""end"": null, ""time_zone"": null}","effective_bs=1 (gpu_count=1 x per-gpu bs), lr_scaling=none; test_cfg(score_thr=None, max_per_img=None, nms_pre=None, nms_iou=None); split(train 9657 / val 1515 / test 4265)",123,"phase acc/macro-F1/jaccard/edit/seg-F1 (online_causal, jaccard strict)","phase acc=0.9261, macro_f1=0.6878, jaccard=0.6641, edit=37.3333, segF1@50=0.4190
①信号 det→phase。Δ_phase vs S4 base 0.8986±0.0034",completed,lecun,False,"DDP 2GPU (RTX A6000 x2) on lecun, manual launcher (E plan, CUDA_VISIBLE_DEVICES per rank)",file:///home/ubuntu/slocal2/m2/experiments/transfer/b2a_regiononly_mask_00_002_b2a_regiononly_mask_00_seed123,"{""start"": ""2026-06-29T07:43:00.000+00:00"", ""end"": null, ""time_zone"": null}",B,must,b2a_regiononly_mask_00_002_b2a_regiononly_mask_00_seed123
38eee4d4-7777-8183-9583-df46c6c1b7c8,2026-06-29T07:43:00.000Z,2026-06-29T07:56:00.000Z,c4228eddc07a1958959e00e8dff92f007c269755,"{""start"": ""2026-06-29T07:56:00.000+00:00"", ""end"": null, ""time_zone"": null}","effective_bs=1 (gpu_count=1 x per-gpu bs), lr_scaling=none; test_cfg(score_thr=None, max_per_img=None, nms_pre=None, nms_iou=None); split(train 9657 / val 1515 / test 4265)",123,"phase acc/macro-F1/jaccard/edit/seg-F1 (online_causal, jaccard strict)","phase acc=0.9413, macro_f1=0.7867, jaccard=0.7414, edit=32.7132, segF1@50=0.3828
①信号 det→phase。Δ_phase vs S4 base 0.8986±0.0034",completed,lecun,False,"DDP 2GPU (RTX A6000 x2) on lecun, manual launcher (E plan, CUDA_VISIBLE_DEVICES per rank)",file:///home/ubuntu/slocal2/m2/experiments/transfer/b2a_regiononly_mask_01_002_b2a_regiononly_mask_01_seed123,"{""start"": ""2026-06-29T07:43:00.000+00:00"", ""end"": null, ""time_zone"": null}",B,must,b2a_regiononly_mask_01_002_b2a_regiononly_mask_01_seed123
38eee4d4-7777-816b-b999-f5b90535f515,2026-06-29T07:43:00.000Z,2026-06-29T07:49:00.000Z,c4228eddc07a1958959e00e8dff92f007c269755,"{""start"": ""2026-06-29T07:49:00.000+00:00"", ""end"": null, ""time_zone"": null}","effective_bs=1 (gpu_count=1 x per-gpu bs), lr_scaling=none; test_cfg(score_thr=None, max_per_img=None, nms_pre=None, nms_iou=None); split(train 9657 / val 1515 / test 4265)",123,"phase acc/macro-F1/jaccard/edit/seg-F1 (online_causal, jaccard strict)","phase acc=0.9578, macro_f1=0.8229, jaccard=0.7936, edit=50.7937, segF1@50=0.5099
①信号 det→phase。Δ_phase vs S4 base 0.8986±0.0034",completed,lecun,False,"DDP 2GPU (RTX A6000 x2) on lecun, manual launcher (E plan, CUDA_VISIBLE_DEVICES per rank)",file:///home/ubuntu/slocal2/m2/experiments/transfer/b2a_oracle_mask_10_002_b2a_oracle_mask_10_seed123,"{""start"": ""2026-06-29T07:43:00.000+00:00"", ""end"": null, ""time_zone"": null}",B,must,b2a_oracle_mask_10_002_b2a_oracle_mask_10_seed123
38eee4d4-7777-813b-be84-e7f2dd437bf7,2026-06-29T07:43:00.000Z,2026-06-29T07:49:00.000Z,c4228eddc07a1958959e00e8dff92f007c269755,"{""start"": ""2026-06-29T07:49:00.000+00:00"", ""end"": null, ""time_zone"": null}","effective_bs=1 (gpu_count=1 x per-gpu bs), lr_scaling=none; test_cfg(score_thr=None, max_per_img=None, nms_pre=None, nms_iou=None); split(train 9657 / val 1515 / test 4265)",123,"phase acc/macro-F1/jaccard/edit/seg-F1 (online_causal, jaccard strict)","phase acc=0.9591, macro_f1=0.8248, jaccard=0.7968, edit=52.5862, segF1@50=0.6049
①信号 det→phase。Δ_phase vs S4 base 0.8986±0.0034",completed,lecun,False,"DDP 2GPU (RTX A6000 x2) on lecun, manual launcher (E plan, CUDA_VISIBLE_DEVICES per rank)",file:///home/ubuntu/slocal2/m2/experiments/transfer/b2a_oracle_mask_11_002_b2a_oracle_mask_11_seed123,"{""start"": ""2026-06-29T07:43:00.000+00:00"", ""end"": null, ""time_zone"": null}",B,must,b2a_oracle_mask_11_002_b2a_oracle_mask_11_seed123
38eee4d4-7777-8123-be2d-cdcb7b2d5b9f,2026-06-29T07:43:00.000Z,2026-06-29T07:54:00.000Z,c4228eddc07a1958959e00e8dff92f007c269755,"{""start"": ""2026-06-29T07:54:00.000+00:00"", ""end"": null, ""time_zone"": null}","effective_bs=1 (gpu_count=1 x per-gpu bs), lr_scaling=none; test_cfg(score_thr=None, max_per_img=None, nms_pre=None, nms_iou=None); split(train 9657 / val 1515 / test 4265)",123,phase acc/macro-F1/jaccard/edit/seg-F1 (online_causal),"phase acc=0.9518, macro_f1=0.8179, jaccard=0.7840, edit=36.9312, segF1@50=0.4498
②object-token det→phase。Δ_phase vs S4 base 0.8986（within-server）",completed,lecun,False,"DDP 2GPU (RTX A6000 x2) on lecun, manual launcher (E plan, CUDA_VISIBLE_DEVICES per rank)",file:///home/ubuntu/slocal2/m2/experiments/transfer/t1a_region_mask_02_002_t1a_region_mask_02_seed123,"{""start"": ""2026-06-29T07:43:00.000+00:00"", ""end"": null, ""time_zone"": null}",B,must,t1a_region_mask_02_002_t1a_region_mask_02_seed123
38eee4d4-7777-810d-a2c7-c536184d9bff,2026-06-29T07:43:00.000Z,2026-06-29T07:56:00.000Z,c4228eddc07a1958959e00e8dff92f007c269755,"{""start"": ""2026-06-29T07:56:00.000+00:00"", ""end"": null, ""time_zone"": null}","effective_bs=1 (gpu_count=1 x per-gpu bs), lr_scaling=none; test_cfg(score_thr=None, max_per_img=None, nms_pre=None, nms_iou=None); split(train 9657 / val 1515 / test 4265)",42,"phase acc/macro-F1/jaccard/edit/seg-F1 (online_causal, jaccard strict)","phase acc=0.9406, macro_f1=0.7805, jaccard=0.7338, edit=41.6667, segF1@50=0.4622
①信号 det→phase。Δ_phase vs S4 base 0.8986±0.0034",completed,lecun,False,"DDP 2GPU (RTX A6000 x2) on lecun, manual launcher (E plan, CUDA_VISIBLE_DEVICES per rank)",file:///home/ubuntu/slocal2/m2/experiments/transfer/b2a_regiononly_mask_01_001_b2a_regiononly_mask_01_seed42,"{""start"": ""2026-06-29T07:43:00.000+00:00"", ""end"": null, ""time_zone"": null}",B,must,b2a_regiononly_mask_01_001_b2a_regiononly_mask_01_seed42
38eee4d4-7777-81d1-8f80-f95074b9b0fb,2026-06-29T07:43:00.000Z,2026-06-29T07:56:00.000Z,c4228eddc07a1958959e00e8dff92f007c269755,"{""start"": ""2026-06-29T07:56:00.000+00:00"", ""end"": null, ""time_zone"": null}","effective_bs=1 (gpu_count=1 x per-gpu bs), lr_scaling=none; test_cfg(score_thr=None, max_per_img=None, nms_pre=None, nms_iou=None); split(train 9657 / val 1515 / test 4265)",42,"phase acc/macro-F1/jaccard/edit/seg-F1 (online_causal, jaccard strict)","phase acc=0.9267, macro_f1=0.6940, jaccard=0.6691, edit=38.2222, segF1@50=0.4361
①信号 det→phase。Δ_phase vs S4 base 0.8986±0.0034",completed,lecun,False,"DDP 2GPU (RTX A6000 x2) on lecun, manual launcher (E plan, CUDA_VISIBLE_DEVICES per rank)",file:///home/ubuntu/slocal2/m2/experiments/transfer/b2a_regiononly_mask_00_001_b2a_regiononly_mask_00_seed42,"{""start"": ""2026-06-29T07:43:00.000+00:00"", ""end"": null, ""time_zone"": null}",B,must,b2a_regiononly_mask_00_001_b2a_regiononly_mask_00_seed42
38eee4d4-7777-8147-ac41-d0a4c2281b6a,2026-06-29T07:43:00.000Z,2026-06-29T07:49:00.000Z,c4228eddc07a1958959e00e8dff92f007c269755,"{""start"": ""2026-06-29T07:49:00.000+00:00"", ""end"": null, ""time_zone"": null}","effective_bs=1 (gpu_count=1 x per-gpu bs), lr_scaling=none; test_cfg(score_thr=None, max_per_img=None, nms_pre=None, nms_iou=None); split(train 9657 / val 1515 / test 4265)",42,"phase acc/macro-F1/jaccard/edit/seg-F1 (online_causal, jaccard strict)","phase acc=0.9545, macro_f1=0.8223, jaccard=0.7923, edit=42.8571, segF1@50=0.4678
①信号 det→phase。Δ_phase vs S4 base 0.8986±0.0034",completed,lecun,False,"DDP 2GPU (RTX A6000 x2) on lecun, manual launcher (E plan, CUDA_VISIBLE_DEVICES per rank)",file:///home/ubuntu/slocal2/m2/experiments/transfer/b2a_oracle_mask_10_001_b2a_oracle_mask_10_seed42,"{""start"": ""2026-06-29T07:43:00.000+00:00"", ""end"": null, ""time_zone"": null}",B,must,b2a_oracle_mask_10_001_b2a_oracle_mask_10_seed42
38eee4d4-7777-8176-9db3-f10b927afef4,2026-06-29T07:43:00.000Z,2026-06-29T07:49:00.000Z,c4228eddc07a1958959e00e8dff92f007c269755,"{""start"": ""2026-06-29T07:49:00.000+00:00"", ""end"": null, ""time_zone"": null}","effective_bs=1 (gpu_count=1 x per-gpu bs), lr_scaling=none; test_cfg(score_thr=None, max_per_img=None, nms_pre=None, nms_iou=None); split(train 9657 / val 1515 / test 4265)",42,"phase acc/macro-F1/jaccard/edit/seg-F1 (online_causal, jaccard strict)","phase acc=0.9564, macro_f1=0.8203, jaccard=0.7893, edit=49.7778, segF1@50=0.5748
①信号 det→phase。Δ_phase vs S4 base 0.8986±0.0034",completed,lecun,False,"DDP 2GPU (RTX A6000 x2) on lecun, manual launcher (E plan, CUDA_VISIBLE_DEVICES per rank)",file:///home/ubuntu/slocal2/m2/experiments/transfer/b2a_oracle_mask_11_001_b2a_oracle_mask_11_seed42,"{""start"": ""2026-06-29T07:43:00.000+00:00"", ""end"": null, ""time_zone"": null}",B,must,b2a_oracle_mask_11_001_b2a_oracle_mask_11_seed42
38eee4d4-7777-8168-92ff-c484ff5095cd,2026-06-29T07:43:00.000Z,2026-06-29T07:54:00.000Z,c4228eddc07a1958959e00e8dff92f007c269755,"{""start"": ""2026-06-29T07:54:00.000+00:00"", ""end"": null, ""time_zone"": null}","effective_bs=1 (gpu_count=1 x per-gpu bs), lr_scaling=none; test_cfg(score_thr=None, max_per_img=None, nms_pre=None, nms_iou=None); split(train 9657 / val 1515 / test 4265)",42,phase acc/macro-F1/jaccard/edit/seg-F1 (online_causal),"phase acc=0.9479, macro_f1=0.8043, jaccard=0.7627, edit=35.6902, segF1@50=0.4168
②object-token det→phase。Δ_phase vs S4 base 0.8986（within-server）",completed,lecun,False,"DDP 2GPU (RTX A6000 x2) on lecun, manual launcher (E plan, CUDA_VISIBLE_DEVICES per rank)",file:///home/ubuntu/slocal2/m2/experiments/transfer/t1a_region_mask_02_001_t1a_region_mask_02_seed42,"{""start"": ""2026-06-29T07:42:00.000+00:00"", ""end"": null, ""time_zone"": null}",B,must,t1a_region_mask_02_001_t1a_region_mask_02_seed42
38eee4d4-7777-81c2-b7d2-ff90d6d66946,2026-06-29T07:43:00.000Z,2026-06-29T07:54:00.000Z,c4228eddc07a1958959e00e8dff92f007c269755,"{""start"": ""2026-06-29T07:54:00.000+00:00"", ""end"": null, ""time_zone"": null}","effective_bs=1 (gpu_count=1 x per-gpu bs), lr_scaling=none; test_cfg(score_thr=None, max_per_img=None, nms_pre=None, nms_iou=None); split(train 9657 / val 1515 / test 4265)",42,phase acc/macro-F1/jaccard/edit/seg-F1 (online_causal),"phase acc=0.9492, macro_f1=0.8092, jaccard=0.7710, edit=36.1905, segF1@50=0.4383
②object-token det→phase。Δ_phase vs S4 base 0.8986（within-server）",completed,lecun,False,"DDP 2GPU (RTX A6000 x2) on lecun, manual launcher (E plan, CUDA_VISIBLE_DEVICES per rank)",file:///home/ubuntu/slocal2/m2/experiments/transfer/t1a_region_mask_03_001_t1a_region_mask_03_seed42,"{""start"": ""2026-06-29T07:42:00.000+00:00"", ""end"": null, ""time_zone"": null}",B,must,t1a_region_mask_03_001_t1a_region_mask_03_seed42
38eee4d4-7777-8133-a812-c5c75fef74cb,2026-06-29T07:43:00.000Z,2026-06-29T07:49:00.000Z,c4228eddc07a1958959e00e8dff92f007c269755,"{""start"": ""2026-06-29T07:49:00.000+00:00"", ""end"": null, ""time_zone"": null}","effective_bs=1 (gpu_count=1 x per-gpu bs), lr_scaling=none; test_cfg(score_thr=None, max_per_img=None, nms_pre=None, nms_iou=None); split(train 9657 / val 1515 / test 4265)",456,"phase acc/macro-F1/jaccard/edit/seg-F1 (online_causal, jaccard strict)","phase acc=0.9604, macro_f1=0.8256, jaccard=0.7986, edit=56.4444, segF1@50=0.6367
①信号 det→phase。Δ_phase vs S4 base 0.8986±0.0034",completed,lecun,False,"DDP 2GPU (RTX A6000 x2) on lecun, manual launcher (E plan, CUDA_VISIBLE_DEVICES per rank)",file:///home/ubuntu/slocal2/m2/experiments/transfer/b2a_oracle_mask_08_003_b2a_oracle_mask_08_seed456,"{""start"": ""2026-06-29T07:42:00.000+00:00"", ""end"": null, ""time_zone"": null}",B,must,b2a_oracle_mask_08_003_b2a_oracle_mask_08_seed456
38eee4d4-7777-817e-a89b-f8ec7a7f6cf9,2026-06-29T07:42:00.000Z,2026-06-29T07:54:00.000Z,c4228eddc07a1958959e00e8dff92f007c269755,"{""start"": ""2026-06-29T07:54:00.000+00:00"", ""end"": null, ""time_zone"": null}","effective_bs=1 (gpu_count=1 x per-gpu bs), lr_scaling=none; test_cfg(score_thr=None, max_per_img=None, nms_pre=None, nms_iou=None); split(train 9657 / val 1515 / test 4265)",456,phase acc/macro-F1/jaccard/edit/seg-F1 (online_causal),"phase acc=0.9393, macro_f1=0.7764, jaccard=0.7277, edit=34.0094, segF1@50=0.3829
②object-token det→phase。Δ_phase vs S4 base 0.8986（within-server）",completed,lecun,False,"DDP 2GPU (RTX A6000 x2) on lecun, manual launcher (E plan, CUDA_VISIBLE_DEVICES per rank)",file:///home/ubuntu/slocal2/m2/experiments/transfer/t1a_region_mask_00_003_t1a_region_mask_00_seed456,"{""start"": ""2026-06-29T07:42:00.000+00:00"", ""end"": null, ""time_zone"": null}",B,must,t1a_region_mask_00_003_t1a_region_mask_00_seed456
38eee4d4-7777-81be-a787-f00eac76bb1c,2026-06-29T07:42:00.000Z,2026-06-29T07:54:00.000Z,c4228eddc07a1958959e00e8dff92f007c269755,"{""start"": ""2026-06-29T07:54:00.000+00:00"", ""end"": null, ""time_zone"": null}","effective_bs=1 (gpu_count=1 x per-gpu bs), lr_scaling=none; test_cfg(score_thr=None, max_per_img=None, nms_pre=None, nms_iou=None); split(train 9657 / val 1515 / test 4265)",456,phase acc/macro-F1/jaccard/edit/seg-F1 (online_causal),"phase acc=0.9465, macro_f1=0.8042, jaccard=0.7634, edit=37.1576, segF1@50=0.4307
②object-token det→phase。Δ_phase vs S4 base 0.8986（within-server）",completed,lecun,False,"DDP 2GPU (RTX A6000 x2) on lecun, manual launcher (E plan, CUDA_VISIBLE_DEVICES per rank)",file:///home/ubuntu/slocal2/m2/experiments/transfer/t1a_region_mask_01_003_t1a_region_mask_01_seed456,"{""start"": ""2026-06-29T07:42:00.000+00:00"", ""end"": null, ""time_zone"": null}",B,must,t1a_region_mask_01_003_t1a_region_mask_01_seed456
38eee4d4-7777-8194-9584-d503fcf8cebb,2026-06-29T07:42:00.000Z,2026-06-29T07:49:00.000Z,c4228eddc07a1958959e00e8dff92f007c269755,"{""start"": ""2026-06-29T07:49:00.000+00:00"", ""end"": null, ""time_zone"": null}","effective_bs=1 (gpu_count=1 x per-gpu bs), lr_scaling=none; test_cfg(score_thr=None, max_per_img=None, nms_pre=None, nms_iou=None); split(train 9657 / val 1515 / test 4265)",123,"phase acc/macro-F1/jaccard/edit/seg-F1 (online_causal, jaccard strict)","phase acc=0.9591, macro_f1=0.8245, jaccard=0.7963, edit=58.4444, segF1@50=0.6489
①信号 det→phase。Δ_phase vs S4 base 0.8986±0.0034",completed,lecun,False,"DDP 2GPU (RTX A6000 x2) on lecun, manual launcher (E plan, CUDA_VISIBLE_DEVICES per rank)",file:///home/ubuntu/slocal2/m2/experiments/transfer/b2a_oracle_mask_08_002_b2a_oracle_mask_08_seed123,"{""start"": ""2026-06-29T07:42:00.000+00:00"", ""end"": null, ""time_zone"": null}",B,must,b2a_oracle_mask_08_002_b2a_oracle_mask_08_seed123
38eee4d4-7777-81e9-b157-da6c76a50d54,2026-06-29T07:42:00.000Z,2026-06-29T07:54:00.000Z,c4228eddc07a1958959e00e8dff92f007c269755,"{""start"": ""2026-06-29T07:54:00.000+00:00"", ""end"": null, ""time_zone"": null}","effective_bs=1 (gpu_count=1 x per-gpu bs), lr_scaling=none; test_cfg(score_thr=None, max_per_img=None, nms_pre=None, nms_iou=None); split(train 9657 / val 1515 / test 4265)",123,phase acc/macro-F1/jaccard/edit/seg-F1 (online_causal),"phase acc=0.9380, macro_f1=0.7706, jaccard=0.7212, edit=39.0819, segF1@50=0.4335
②object-token det→phase。Δ_phase vs S4 base 0.8986（within-server）",completed,lecun,False,"DDP 2GPU (RTX A6000 x2) on lecun, manual launcher (E plan, CUDA_VISIBLE_DEVICES per rank)",file:///home/ubuntu/slocal2/m2/experiments/transfer/t1a_region_mask_00_002_t1a_region_mask_00_seed123,"{""start"": ""2026-06-29T07:41:00.000+00:00"", ""end"": null, ""time_zone"": null}",B,must,t1a_region_mask_00_002_t1a_region_mask_00_seed123
38eee4d4-7777-8170-ad85-e4bbe58dd7e1,2026-06-29T07:42:00.000Z,2026-06-29T07:54:00.000Z,c4228eddc07a1958959e00e8dff92f007c269755,"{""start"": ""2026-06-29T07:54:00.000+00:00"", ""end"": null, ""time_zone"": null}","effective_bs=1 (gpu_count=1 x per-gpu bs), lr_scaling=none; test_cfg(score_thr=None, max_per_img=None, nms_pre=None, nms_iou=None); split(train 9657 / val 1515 / test 4265)",123,phase acc/macro-F1/jaccard/edit/seg-F1 (online_causal),"phase acc=0.9479, macro_f1=0.8057, jaccard=0.7641, edit=29.1560, segF1@50=0.3354
②object-token det→phase。Δ_phase vs S4 base 0.8986（within-server）",completed,lecun,False,"DDP 2GPU (RTX A6000 x2) on lecun, manual launcher (E plan, CUDA_VISIBLE_DEVICES per rank)",file:///home/ubuntu/slocal2/m2/experiments/transfer/t1a_region_mask_01_002_t1a_region_mask_01_seed123,"{""start"": ""2026-06-29T07:41:00.000+00:00"", ""end"": null, ""time_zone"": null}",B,must,t1a_region_mask_01_002_t1a_region_mask_01_seed123
38eee4d4-7777-811b-81e5-fa27c2b28318,2026-06-29T07:42:00.000Z,2026-06-29T07:49:00.000Z,c4228eddc07a1958959e00e8dff92f007c269755,"{""start"": ""2026-06-29T07:49:00.000+00:00"", ""end"": null, ""time_zone"": null}","effective_bs=1 (gpu_count=1 x per-gpu bs), lr_scaling=none; test_cfg(score_thr=None, max_per_img=None, nms_pre=None, nms_iou=None); split(train 9657 / val 1515 / test 4265)",42,"phase acc/macro-F1/jaccard/edit/seg-F1 (online_causal, jaccard strict)","phase acc=0.9564, macro_f1=0.8215, jaccard=0.7914, edit=55.1111, segF1@50=0.6171
①信号 det→phase。Δ_phase vs S4 base 0.8986±0.0034",completed,lecun,False,"DDP 2GPU (RTX A6000 x2) on lecun, manual launcher (E plan, CUDA_VISIBLE_DEVICES per rank)",file:///home/ubuntu/slocal2/m2/experiments/transfer/b2a_oracle_mask_08_001_b2a_oracle_mask_08_seed42,"{""start"": ""2026-06-29T07:41:00.000+00:00"", ""end"": null, ""time_zone"": null}",B,must,b2a_oracle_mask_08_001_b2a_oracle_mask_08_seed42
38eee4d4-7777-814d-b05f-fe39f1237aa5,2026-06-29T07:41:00.000Z,2026-06-29T07:54:00.000Z,c4228eddc07a1958959e00e8dff92f007c269755,"{""start"": ""2026-06-29T07:54:00.000+00:00"", ""end"": null, ""time_zone"": null}","effective_bs=1 (gpu_count=1 x per-gpu bs), lr_scaling=none; test_cfg(score_thr=None, max_per_img=None, nms_pre=None, nms_iou=None); split(train 9657 / val 1515 / test 4265)",42,phase acc/macro-F1/jaccard/edit/seg-F1 (online_causal),"phase acc=0.9406, macro_f1=0.7836, jaccard=0.7355, edit=36.5516, segF1@50=0.4124
②object-token det→phase。Δ_phase vs S4 base 0.8986（within-server）",completed,lecun,False,"DDP 2GPU (RTX A6000 x2) on lecun, manual launcher (E plan, CUDA_VISIBLE_DEVICES per rank)",file:///home/ubuntu/slocal2/m2/experiments/transfer/t1a_region_mask_00_001_t1a_region_mask_00_seed42,"{""start"": ""2026-06-29T07:41:00.000+00:00"", ""end"": null, ""time_zone"": null}",B,must,t1a_region_mask_00_001_t1a_region_mask_00_seed42
38eee4d4-7777-81c0-bb96-d6ef300751c0,2026-06-29T07:41:00.000Z,2026-06-29T07:54:00.000Z,c4228eddc07a1958959e00e8dff92f007c269755,"{""start"": ""2026-06-29T07:54:00.000+00:00"", ""end"": null, ""time_zone"": null}","effective_bs=1 (gpu_count=1 x per-gpu bs), lr_scaling=none; test_cfg(score_thr=None, max_per_img=None, nms_pre=None, nms_iou=None); split(train 9657 / val 1515 / test 4265)",42,phase acc/macro-F1/jaccard/edit/seg-F1 (online_causal),"phase acc=0.9479, macro_f1=0.8089, jaccard=0.7680, edit=31.6520, segF1@50=0.3603
②object-token det→phase。Δ_phase vs S4 base 0.8986（within-server）",completed,lecun,False,"DDP 2GPU (RTX A6000 x2) on lecun, manual launcher (E plan, CUDA_VISIBLE_DEVICES per rank)",file:///home/ubuntu/slocal2/m2/experiments/transfer/t1a_region_mask_01_001_t1a_region_mask_01_seed42,"{""start"": ""2026-06-29T07:41:00.000+00:00"", ""end"": null, ""time_zone"": null}",B,must,t1a_region_mask_01_001_t1a_region_mask_01_seed42
38eee4d4-7777-81cd-8768-c99fba132d22,2026-06-29T07:41:00.000Z,2026-06-29T07:49:00.000Z,c4228eddc07a1958959e00e8dff92f007c269755,"{""start"": ""2026-06-29T07:48:00.000+00:00"", ""end"": null, ""time_zone"": null}","effective_bs=1 (gpu_count=1 x per-gpu bs), lr_scaling=none; test_cfg(score_thr=None, max_per_img=None, nms_pre=None, nms_iou=None); split(train 9657 / val 1515 / test 4265)",456,"phase acc/macro-F1/jaccard/edit/seg-F1 (online_causal, jaccard strict)","phase acc=0.9578, macro_f1=0.8239, jaccard=0.7952, edit=56.3492, segF1@50=0.6323
①信号 det→phase。Δ_phase vs S4 base 0.8986±0.0034",completed,lecun,False,"DDP 2GPU (RTX A6000 x2) on lecun, manual launcher (E plan, CUDA_VISIBLE_DEVICES per rank)",file:///home/ubuntu/slocal2/m2/experiments/transfer/b2a_oracle_mask_07_003_b2a_oracle_mask_07_seed456,"{""start"": ""2026-06-29T07:41:00.000+00:00"", ""end"": null, ""time_zone"": null}",B,must,b2a_oracle_mask_07_003_b2a_oracle_mask_07_seed456
38eee4d4-7777-8195-90e8-f2fe011edaa8,2026-06-29T07:41:00.000Z,2026-06-29T07:48:00.000Z,c4228eddc07a1958959e00e8dff92f007c269755,"{""start"": ""2026-06-29T07:48:00.000+00:00"", ""end"": null, ""time_zone"": null}","effective_bs=1 (gpu_count=1 x per-gpu bs), lr_scaling=none; test_cfg(score_thr=None, max_per_img=None, nms_pre=None, nms_iou=None); split(train 9657 / val 1515 / test 4265)",123,"phase acc/macro-F1/jaccard/edit/seg-F1 (online_causal, jaccard strict)","phase acc=0.9571, macro_f1=0.8261, jaccard=0.7990, edit=55.3640, segF1@50=0.5593
①信号 det→phase。Δ_phase vs S4 base 0.8986±0.0034",completed,lecun,False,"DDP 2GPU (RTX A6000 x2) on lecun, manual launcher (E plan, CUDA_VISIBLE_DEVICES per rank)",file:///home/ubuntu/slocal2/m2/experiments/transfer/b2a_oracle_mask_07_002_b2a_oracle_mask_07_seed123,"{""start"": ""2026-06-29T07:40:00.000+00:00"", ""end"": null, ""time_zone"": null}",B,must,b2a_oracle_mask_07_002_b2a_oracle_mask_07_seed123
38eee4d4-7777-81dc-b2ec-e6f360bdeee0,2026-06-29T07:40:00.000Z,2026-06-29T07:48:00.000Z,c4228eddc07a1958959e00e8dff92f007c269755,"{""start"": ""2026-06-29T07:48:00.000+00:00"", ""end"": null, ""time_zone"": null}","effective_bs=1 (gpu_count=1 x per-gpu bs), lr_scaling=none; test_cfg(score_thr=None, max_per_img=None, nms_pre=None, nms_iou=None); split(train 9657 / val 1515 / test 4265)",42,"phase acc/macro-F1/jaccard/edit/seg-F1 (online_causal, jaccard strict)","phase acc=0.9545, macro_f1=0.8194, jaccard=0.7877, edit=54.0741, segF1@50=0.5454
①信号 det→phase。Δ_phase vs S4 base 0.8986±0.0034",completed,lecun,False,"DDP 2GPU (RTX A6000 x2) on lecun, manual launcher (E plan, CUDA_VISIBLE_DEVICES per rank)",file:///home/ubuntu/slocal2/m2/experiments/transfer/b2a_oracle_mask_07_001_b2a_oracle_mask_07_seed42,"{""start"": ""2026-06-29T07:40:00.000+00:00"", ""end"": null, ""time_zone"": null}",B,must,b2a_oracle_mask_07_001_b2a_oracle_mask_07_seed42
38eee4d4-7777-8153-bcb8-e556c148ae29,2026-06-29T07:40:00.000Z,2026-06-29T07:48:00.000Z,c4228eddc07a1958959e00e8dff92f007c269755,"{""start"": ""2026-06-29T07:48:00.000+00:00"", ""end"": null, ""time_zone"": null}","effective_bs=1 (gpu_count=1 x per-gpu bs), lr_scaling=none; test_cfg(score_thr=None, max_per_img=None, nms_pre=None, nms_iou=None); split(train 9657 / val 1515 / test 4265)",456,"phase acc/macro-F1/jaccard/edit/seg-F1 (online_causal, jaccard strict)","phase acc=0.9591, macro_f1=0.8282, jaccard=0.8023, edit=54.2735, segF1@50=0.5590
①信号 det→phase。Δ_phase vs S4 base 0.8986±0.0034",completed,lecun,False,"DDP 2GPU (RTX A6000 x2) on lecun, manual launcher (E plan, CUDA_VISIBLE_DEVICES per rank)",file:///home/ubuntu/slocal2/m2/experiments/transfer/b2a_oracle_mask_05_003_b2a_oracle_mask_05_seed456,"{""start"": ""2026-06-29T07:39:00.000+00:00"", ""end"": null, ""time_zone"": null}",B,must,b2a_oracle_mask_05_003_b2a_oracle_mask_05_seed456
38eee4d4-7777-8116-983c-cfc11775896f,2026-06-29T07:40:00.000Z,2026-06-29T07:48:00.000Z,c4228eddc07a1958959e00e8dff92f007c269755,"{""start"": ""2026-06-29T07:48:00.000+00:00"", ""end"": null, ""time_zone"": null}","effective_bs=1 (gpu_count=1 x per-gpu bs), lr_scaling=none; test_cfg(score_thr=None, max_per_img=None, nms_pre=None, nms_iou=None); split(train 9657 / val 1515 / test 4265)",456,"phase acc/macro-F1/jaccard/edit/seg-F1 (online_causal, jaccard strict)","phase acc=0.9551, macro_f1=0.8220, jaccard=0.7917, edit=52.8395, segF1@50=0.5582
①信号 det→phase。Δ_phase vs S4 base 0.8986±0.0034",completed,lecun,False,"DDP 2GPU (RTX A6000 x2) on lecun, manual launcher (E plan, CUDA_VISIBLE_DEVICES per rank)",file:///home/ubuntu/slocal2/m2/experiments/transfer/b2a_oracle_mask_04_003_b2a_oracle_mask_04_seed456,"{""start"": ""2026-06-29T07:39:00.000+00:00"", ""end"": null, ""time_zone"": null}",B,must,b2a_oracle_mask_04_003_b2a_oracle_mask_04_seed456
38eee4d4-7777-81b0-b1f5-edd06bb577b9,2026-06-29T07:39:00.000Z,2026-06-29T07:42:00.000Z,c4228eddc07a1958959e00e8dff92f007c269755,"{""start"": ""2026-06-29T07:42:00.000+00:00"", ""end"": null, ""time_zone"": null}","effective_bs=1 (gpu_count=1 x per-gpu bs), lr_scaling=none; test_cfg(score_thr=None, max_per_img=None, nms_pre=None, nms_iou=None); split(train 9657 / val 1515 / test 4265)",456,"phase acc/macro-F1/jaccard/edit/seg-F1 (online_causal, jaccard strict)","phase acc=0.9452, macro_f1=0.8057, jaccard=0.7658, edit=38.0146, segF1@50=0.4314
①信号 det→phase。Δ_phase vs S4 base 0.8986±0.0034",completed,lecun,False,"DDP 2GPU (RTX A6000 x2) on lecun, manual launcher (E plan, CUDA_VISIBLE_DEVICES per rank)",file:///home/ubuntu/slocal2/m2/experiments/transfer/b2a_regiononly_pred_003_b2a_regiononly_pred_seed456,"{""start"": ""2026-06-29T07:39:00.000+00:00"", ""end"": null, ""time_zone"": null}",B,must,b2a_regiononly_pred_003_b2a_regiononly_pred_seed456
38eee4d4-7777-8175-90c8-ce1594e43ea9,2026-06-29T07:39:00.000Z,2026-06-29T07:42:00.000Z,c4228eddc07a1958959e00e8dff92f007c269755,"{""start"": ""2026-06-29T07:42:00.000+00:00"", ""end"": null, ""time_zone"": null}","effective_bs=1 (gpu_count=1 x per-gpu bs), lr_scaling=none; test_cfg(score_thr=None, max_per_img=None, nms_pre=None, nms_iou=None); split(train 9657 / val 1515 / test 4265)",456,"phase acc/macro-F1/jaccard/edit/seg-F1 (online_causal, jaccard strict)","phase acc=0.9650, macro_f1=0.8372, jaccard=0.8189, edit=64.0000, segF1@50=0.7056
①信号 det→phase。Δ_phase vs S4 base 0.8986±0.0034",completed,lecun,False,"DDP 2GPU (RTX A6000 x2) on lecun, manual launcher (E plan, CUDA_VISIBLE_DEVICES per rank)",file:///home/ubuntu/slocal2/m2/experiments/transfer/b2a_regiononly_oracle_003_b2a_regiononly_oracle_seed456,"{""start"": ""2026-06-29T07:39:00.000+00:00"", ""end"": null, ""time_zone"": null}",B,must,b2a_regiononly_oracle_003_b2a_regiononly_oracle_seed456
38eee4d4-7777-8199-8462-d4b980ceafa6,2026-06-29T07:39:00.000Z,2026-06-29T07:48:00.000Z,c4228eddc07a1958959e00e8dff92f007c269755,"{""start"": ""2026-06-29T07:48:00.000+00:00"", ""end"": null, ""time_zone"": null}","effective_bs=1 (gpu_count=1 x per-gpu bs), lr_scaling=none; test_cfg(score_thr=None, max_per_img=None, nms_pre=None, nms_iou=None); split(train 9657 / val 1515 / test 4265)",123,"phase acc/macro-F1/jaccard/edit/seg-F1 (online_causal, jaccard strict)","phase acc=0.9624, macro_f1=0.8293, jaccard=0.8046, edit=55.3640, segF1@50=0.6272
①信号 det→phase。Δ_phase vs S4 base 0.8986±0.0034",completed,lecun,False,"DDP 2GPU (RTX A6000 x2) on lecun, manual launcher (E plan, CUDA_VISIBLE_DEVICES per rank)",file:///home/ubuntu/slocal2/m2/experiments/transfer/b2a_oracle_mask_04_002_b2a_oracle_mask_04_seed123,"{""start"": ""2026-06-29T07:39:00.000+00:00"", ""end"": null, ""time_zone"": null}",B,must,b2a_oracle_mask_04_002_b2a_oracle_mask_04_seed123
38eee4d4-7777-819b-931c-eb23465e25bd,2026-06-29T07:39:00.000Z,2026-06-29T07:48:00.000Z,c4228eddc07a1958959e00e8dff92f007c269755,"{""start"": ""2026-06-29T07:48:00.000+00:00"", ""end"": null, ""time_zone"": null}","effective_bs=1 (gpu_count=1 x per-gpu bs), lr_scaling=none; test_cfg(score_thr=None, max_per_img=None, nms_pre=None, nms_iou=None); split(train 9657 / val 1515 / test 4265)",123,"phase acc/macro-F1/jaccard/edit/seg-F1 (online_causal, jaccard strict)","phase acc=0.9604, macro_f1=0.8253, jaccard=0.7978, edit=59.7778, segF1@50=0.6549
①信号 det→phase。Δ_phase vs S4 base 0.8986±0.0034",completed,lecun,False,"DDP 2GPU (RTX A6000 x2) on lecun, manual launcher (E plan, CUDA_VISIBLE_DEVICES per rank)",file:///home/ubuntu/slocal2/m2/experiments/transfer/b2a_oracle_mask_05_002_b2a_oracle_mask_05_seed123,"{""start"": ""2026-06-29T07:39:00.000+00:00"", ""end"": null, ""time_zone"": null}",B,must,b2a_oracle_mask_05_002_b2a_oracle_mask_05_seed123
38eee4d4-7777-819a-9c2b-c7f21b176159,2026-06-29T07:39:00.000Z,2026-06-29T07:42:00.000Z,c4228eddc07a1958959e00e8dff92f007c269755,"{""start"": ""2026-06-29T07:42:00.000+00:00"", ""end"": null, ""time_zone"": null}","effective_bs=1 (gpu_count=1 x per-gpu bs), lr_scaling=none; test_cfg(score_thr=None, max_per_img=None, nms_pre=None, nms_iou=None); split(train 9657 / val 1515 / test 4265)",123,"phase acc/macro-F1/jaccard/edit/seg-F1 (online_causal, jaccard strict)","phase acc=0.9479, macro_f1=0.8033, jaccard=0.7631, edit=36.9298, segF1@50=0.3963
①信号 det→phase。Δ_phase vs S4 base 0.8986±0.0034",completed,lecun,False,"DDP 2GPU (RTX A6000 x2) on lecun, manual launcher (E plan, CUDA_VISIBLE_DEVICES per rank)",file:///home/ubuntu/slocal2/m2/experiments/transfer/b2a_regiononly_pred_002_b2a_regiononly_pred_seed123,"{""start"": ""2026-06-29T07:39:00.000+00:00"", ""end"": null, ""time_zone"": null}",B,must,b2a_regiononly_pred_002_b2a_regiononly_pred_seed123
38eee4d4-7777-8114-b851-d9d6d96d916d,2026-06-29T07:39:00.000Z,2026-06-29T07:42:00.000Z,c4228eddc07a1958959e00e8dff92f007c269755,"{""start"": ""2026-06-29T07:42:00.000+00:00"", ""end"": null, ""time_zone"": null}","effective_bs=1 (gpu_count=1 x per-gpu bs), lr_scaling=none; test_cfg(score_thr=None, max_per_img=None, nms_pre=None, nms_iou=None); split(train 9657 / val 1515 / test 4265)",123,"phase acc/macro-F1/jaccard/edit/seg-F1 (online_causal, jaccard strict)","phase acc=0.9683, macro_f1=0.8385, jaccard=0.8212, edit=69.5556, segF1@50=0.7944
①信号 det→phase。Δ_phase vs S4 base 0.8986±0.0034",completed,lecun,False,"DDP 2GPU (RTX A6000 x2) on lecun, manual launcher (E plan, CUDA_VISIBLE_DEVICES per rank)",file:///home/ubuntu/slocal2/m2/experiments/transfer/b2a_regiononly_oracle_002_b2a_regiononly_oracle_seed123,"{""start"": ""2026-06-29T07:39:00.000+00:00"", ""end"": null, ""time_zone"": null}",B,must,b2a_regiononly_oracle_002_b2a_regiononly_oracle_seed123
38eee4d4-7777-812f-9ac3-d7c0e6151c84,2026-06-29T07:39:00.000Z,2026-06-29T07:48:00.000Z,c4228eddc07a1958959e00e8dff92f007c269755,"{""start"": ""2026-06-29T07:48:00.000+00:00"", ""end"": null, ""time_zone"": null}","effective_bs=1 (gpu_count=1 x per-gpu bs), lr_scaling=none; test_cfg(score_thr=None, max_per_img=None, nms_pre=None, nms_iou=None); split(train 9657 / val 1515 / test 4265)",42,"phase acc/macro-F1/jaccard/edit/seg-F1 (online_causal, jaccard strict)","phase acc=0.9538, macro_f1=0.8222, jaccard=0.7918, edit=49.7778, segF1@50=0.5160
①信号 det→phase。Δ_phase vs S4 base 0.8986±0.0034",completed,lecun,False,"DDP 2GPU (RTX A6000 x2) on lecun, manual launcher (E plan, CUDA_VISIBLE_DEVICES per rank)",file:///home/ubuntu/slocal2/m2/experiments/transfer/b2a_oracle_mask_05_001_b2a_oracle_mask_05_seed42,"{""start"": ""2026-06-29T07:38:00.000+00:00"", ""end"": null, ""time_zone"": null}",B,must,b2a_oracle_mask_05_001_b2a_oracle_mask_05_seed42
38eee4d4-7777-81a2-8021-ccbf65ff9448,2026-06-29T07:39:00.000Z,2026-06-29T07:48:00.000Z,c4228eddc07a1958959e00e8dff92f007c269755,"{""start"": ""2026-06-29T07:48:00.000+00:00"", ""end"": null, ""time_zone"": null}","effective_bs=1 (gpu_count=1 x per-gpu bs), lr_scaling=none; test_cfg(score_thr=None, max_per_img=None, nms_pre=None, nms_iou=None); split(train 9657 / val 1515 / test 4265)",42,"phase acc/macro-F1/jaccard/edit/seg-F1 (online_causal, jaccard strict)","phase acc=0.9584, macro_f1=0.8238, jaccard=0.7955, edit=54.2735, segF1@50=0.5590
①信号 det→phase。Δ_phase vs S4 base 0.8986±0.0034",completed,lecun,False,"DDP 2GPU (RTX A6000 x2) on lecun, manual launcher (E plan, CUDA_VISIBLE_DEVICES per rank)",file:///home/ubuntu/slocal2/m2/experiments/transfer/b2a_oracle_mask_04_001_b2a_oracle_mask_04_seed42,"{""start"": ""2026-06-29T07:38:00.000+00:00"", ""end"": null, ""time_zone"": null}",B,must,b2a_oracle_mask_04_001_b2a_oracle_mask_04_seed42
38eee4d4-7777-814c-84aa-e64f01b7659e,2026-06-29T07:38:00.000Z,2026-06-29T07:42:00.000Z,c4228eddc07a1958959e00e8dff92f007c269755,"{""start"": ""2026-06-29T07:42:00.000+00:00"", ""end"": null, ""time_zone"": null}","effective_bs=1 (gpu_count=1 x per-gpu bs), lr_scaling=none; test_cfg(score_thr=None, max_per_img=None, nms_pre=None, nms_iou=None); split(train 9657 / val 1515 / test 4265)",42,"phase acc/macro-F1/jaccard/edit/seg-F1 (online_causal, jaccard strict)","phase acc=0.9663, macro_f1=0.8369, jaccard=0.8181, edit=60.6667, segF1@50=0.6706
①信号 det→phase。Δ_phase vs S4 base 0.8986±0.0034",completed,lecun,False,"DDP 2GPU (RTX A6000 x2) on lecun, manual launcher (E plan, CUDA_VISIBLE_DEVICES per rank)",file:///home/ubuntu/slocal2/m2/experiments/transfer/b2a_regiononly_oracle_001_b2a_regiononly_oracle_seed42,"{""start"": ""2026-06-29T07:38:00.000+00:00"", ""end"": null, ""time_zone"": null}",B,must,b2a_regiononly_oracle_001_b2a_regiononly_oracle_seed42
38eee4d4-7777-8124-b66f-cbf5da70aeee,2026-06-29T07:38:00.000Z,2026-06-29T07:42:00.000Z,c4228eddc07a1958959e00e8dff92f007c269755,"{""start"": ""2026-06-29T07:42:00.000+00:00"", ""end"": null, ""time_zone"": null}","effective_bs=1 (gpu_count=1 x per-gpu bs), lr_scaling=none; test_cfg(score_thr=None, max_per_img=None, nms_pre=None, nms_iou=None); split(train 9657 / val 1515 / test 4265)",42,"phase acc/macro-F1/jaccard/edit/seg-F1 (online_causal, jaccard strict)","phase acc=0.9439, macro_f1=0.7934, jaccard=0.7502, edit=45.4971, segF1@50=0.5037
①信号 det→phase。Δ_phase vs S4 base 0.8986±0.0034",completed,lecun,False,"DDP 2GPU (RTX A6000 x2) on lecun, manual launcher (E plan, CUDA_VISIBLE_DEVICES per rank)",file:///home/ubuntu/slocal2/m2/experiments/transfer/b2a_regiononly_pred_001_b2a_regiononly_pred_seed42,"{""start"": ""2026-06-29T07:38:00.000+00:00"", ""end"": null, ""time_zone"": null}",B,must,b2a_regiononly_pred_001_b2a_regiononly_pred_seed42
38eee4d4-7777-812f-a1bc-ed28e2d49e99,2026-06-29T07:38:00.000Z,2026-06-29T07:48:00.000Z,c4228eddc07a1958959e00e8dff92f007c269755,"{""start"": ""2026-06-29T07:48:00.000+00:00"", ""end"": null, ""time_zone"": null}","effective_bs=1 (gpu_count=1 x per-gpu bs), lr_scaling=none; test_cfg(score_thr=None, max_per_img=None, nms_pre=None, nms_iou=None); split(train 9657 / val 1515 / test 4265)",456,"phase acc/macro-F1/jaccard/edit/seg-F1 (online_causal, jaccard strict)","phase acc=0.9584, macro_f1=0.8244, jaccard=0.7962, edit=58.4444, segF1@50=0.6489
①信号 det→phase。Δ_phase vs S4 base 0.8986±0.0034",completed,lecun,False,"DDP 2GPU (RTX A6000 x2) on lecun, manual launcher (E plan, CUDA_VISIBLE_DEVICES per rank)",file:///home/ubuntu/slocal2/m2/experiments/transfer/b2a_oracle_mask_03_003_b2a_oracle_mask_03_seed456,"{""start"": ""2026-06-29T07:38:00.000+00:00"", ""end"": null, ""time_zone"": null}",B,must,b2a_oracle_mask_03_003_b2a_oracle_mask_03_seed456
38eee4d4-7777-81fa-bca9-e8126a53fb4c,2026-06-29T07:38:00.000Z,2026-06-29T07:48:00.000Z,c4228eddc07a1958959e00e8dff92f007c269755,"{""start"": ""2026-06-29T07:48:00.000+00:00"", ""end"": null, ""time_zone"": null}","effective_bs=1 (gpu_count=1 x per-gpu bs), lr_scaling=none; test_cfg(score_thr=None, max_per_img=None, nms_pre=None, nms_iou=None); split(train 9657 / val 1515 / test 4265)",456,"phase acc/macro-F1/jaccard/edit/seg-F1 (online_causal, jaccard strict)","phase acc=0.9604, macro_f1=0.8281, jaccard=0.8025, edit=47.4747, segF1@50=0.5342
①信号 det→phase。Δ_phase vs S4 base 0.8986±0.0034",completed,lecun,False,"DDP 2GPU (RTX A6000 x2) on lecun, manual launcher (E plan, CUDA_VISIBLE_DEVICES per rank)",file:///home/ubuntu/slocal2/m2/experiments/transfer/b2a_oracle_mask_02_003_b2a_oracle_mask_02_seed456,"{""start"": ""2026-06-29T07:38:00.000+00:00"", ""end"": null, ""time_zone"": null}",B,must,b2a_oracle_mask_02_003_b2a_oracle_mask_02_seed456
38eee4d4-7777-81c4-8c49-c60d94212b9d,2026-06-29T07:38:00.000Z,2026-06-29T07:39:00.000Z,c4228eddc07a1958959e00e8dff92f007c269755,"{""start"": ""2026-06-29T07:39:00.000+00:00"", ""end"": null, ""time_zone"": null}","effective_bs=1 (gpu_count=1 x per-gpu bs), lr_scaling=none; test_cfg(score_thr=None, max_per_img=None, nms_pre=None, nms_iou=None); split(train 9657 / val 1515 / test 4265)",456,phase acc/macro-F1/jaccard/edit/seg-F1 (online_causal),"phase acc=0.9347, macro_f1=0.7901, jaccard=0.7372, edit=41.7146, segF1@50=0.4605
②object-token det→phase。Δ_phase vs S4 base 0.8986（within-server）",completed,lecun,False,"DDP 2GPU (RTX A6000 x2) on lecun, manual launcher (E plan, CUDA_VISIBLE_DEVICES per rank)",file:///home/ubuntu/slocal2/m2/experiments/transfer/t1a_shuffle_oracle_003_t1a_shuffle_oracle_seed456,"{""start"": ""2026-06-29T07:38:00.000+00:00"", ""end"": null, ""time_zone"": null}",B,must,t1a_shuffle_oracle_003_t1a_shuffle_oracle_seed456
38eee4d4-7777-8133-a848-d667aefcf51c,2026-06-29T07:38:00.000Z,2026-06-29T07:39:00.000Z,c4228eddc07a1958959e00e8dff92f007c269755,"{""start"": ""2026-06-29T07:39:00.000+00:00"", ""end"": null, ""time_zone"": null}","effective_bs=1 (gpu_count=1 x per-gpu bs), lr_scaling=none; test_cfg(score_thr=None, max_per_img=None, nms_pre=None, nms_iou=None); split(train 9657 / val 1515 / test 4265)",456,phase acc/macro-F1/jaccard/edit/seg-F1 (online_causal),"phase acc=0.9485, macro_f1=0.8027, jaccard=0.7627, edit=35.5703, segF1@50=0.4297
②object-token det→phase。Δ_phase vs S4 base 0.8986（within-server）",completed,lecun,False,"DDP 2GPU (RTX A6000 x2) on lecun, manual launcher (E plan, CUDA_VISIBLE_DEVICES per rank)",file:///home/ubuntu/slocal2/m2/experiments/transfer/t1a_combined_oracle_003_t1a_combined_oracle_seed456,"{""start"": ""2026-06-29T07:38:00.000+00:00"", ""end"": null, ""time_zone"": null}",B,must,t1a_combined_oracle_003_t1a_combined_oracle_seed456
38eee4d4-7777-81dd-95a6-e1bfe062d051,2026-06-29T07:38:00.000Z,2026-06-29T07:48:00.000Z,c4228eddc07a1958959e00e8dff92f007c269755,"{""start"": ""2026-06-29T07:48:00.000+00:00"", ""end"": null, ""time_zone"": null}","effective_bs=1 (gpu_count=1 x per-gpu bs), lr_scaling=none; test_cfg(score_thr=None, max_per_img=None, nms_pre=None, nms_iou=None); split(train 9657 / val 1515 / test 4265)",123,"phase acc/macro-F1/jaccard/edit/seg-F1 (online_causal, jaccard strict)","phase acc=0.9617, macro_f1=0.8275, jaccard=0.8014, edit=52.5862, segF1@50=0.6173
①信号 det→phase。Δ_phase vs S4 base 0.8986±0.0034",completed,lecun,False,"DDP 2GPU (RTX A6000 x2) on lecun, manual launcher (E plan, CUDA_VISIBLE_DEVICES per rank)",file:///home/ubuntu/slocal2/m2/experiments/transfer/b2a_oracle_mask_03_002_b2a_oracle_mask_03_seed123,"{""start"": ""2026-06-29T07:38:00.000+00:00"", ""end"": null, ""time_zone"": null}",B,must,b2a_oracle_mask_03_002_b2a_oracle_mask_03_seed123
38eee4d4-7777-81f2-a36d-ed99a12fd72e,2026-06-29T07:38:00.000Z,2026-06-29T07:48:00.000Z,c4228eddc07a1958959e00e8dff92f007c269755,"{""start"": ""2026-06-29T07:48:00.000+00:00"", ""end"": null, ""time_zone"": null}","effective_bs=1 (gpu_count=1 x per-gpu bs), lr_scaling=none; test_cfg(score_thr=None, max_per_img=None, nms_pre=None, nms_iou=None); split(train 9657 / val 1515 / test 4265)",123,"phase acc/macro-F1/jaccard/edit/seg-F1 (online_causal, jaccard strict)","phase acc=0.9604, macro_f1=0.8269, jaccard=0.8004, edit=58.4444, segF1@50=0.6489
①信号 det→phase。Δ_phase vs S4 base 0.8986±0.0034",completed,lecun,False,"DDP 2GPU (RTX A6000 x2) on lecun, manual launcher (E plan, CUDA_VISIBLE_DEVICES per rank)",file:///home/ubuntu/slocal2/m2/experiments/transfer/b2a_oracle_mask_02_002_b2a_oracle_mask_02_seed123,"{""start"": ""2026-06-29T07:38:00.000+00:00"", ""end"": null, ""time_zone"": null}",B,must,b2a_oracle_mask_02_002_b2a_oracle_mask_02_seed123
38eee4d4-7777-8140-ba72-c5cb151707fe,2026-06-29T07:38:00.000Z,2026-06-29T07:39:00.000Z,c4228eddc07a1958959e00e8dff92f007c269755,"{""start"": ""2026-06-29T07:39:00.000+00:00"", ""end"": null, ""time_zone"": null}","effective_bs=1 (gpu_count=1 x per-gpu bs), lr_scaling=none; test_cfg(score_thr=None, max_per_img=None, nms_pre=None, nms_iou=None); split(train 9657 / val 1515 / test 4265)",123,phase acc/macro-F1/jaccard/edit/seg-F1 (online_causal),"phase acc=0.9294, macro_f1=0.7777, jaccard=0.7193, edit=42.7273, segF1@50=0.4769
②object-token det→phase。Δ_phase vs S4 base 0.8986（within-server）",completed,lecun,False,"DDP 2GPU (RTX A6000 x2) on lecun, manual launcher (E plan, CUDA_VISIBLE_DEVICES per rank)",file:///home/ubuntu/slocal2/m2/experiments/transfer/t1a_shuffle_oracle_002_t1a_shuffle_oracle_seed123,"{""start"": ""2026-06-29T07:37:00.000+00:00"", ""end"": null, ""time_zone"": null}",B,must,t1a_shuffle_oracle_002_t1a_shuffle_oracle_seed123
38eee4d4-7777-817e-9839-fe31ae3aff9c,2026-06-29T07:38:00.000Z,2026-06-29T07:39:00.000Z,c4228eddc07a1958959e00e8dff92f007c269755,"{""start"": ""2026-06-29T07:39:00.000+00:00"", ""end"": null, ""time_zone"": null}","effective_bs=1 (gpu_count=1 x per-gpu bs), lr_scaling=none; test_cfg(score_thr=None, max_per_img=None, nms_pre=None, nms_iou=None); split(train 9657 / val 1515 / test 4265)",123,phase acc/macro-F1/jaccard/edit/seg-F1 (online_causal),"phase acc=0.9472, macro_f1=0.8064, jaccard=0.7659, edit=31.4493, segF1@50=0.3758
②object-token det→phase。Δ_phase vs S4 base 0.8986（within-server）",completed,lecun,False,"DDP 2GPU (RTX A6000 x2) on lecun, manual launcher (E plan, CUDA_VISIBLE_DEVICES per rank)",file:///home/ubuntu/slocal2/m2/experiments/transfer/t1a_combined_oracle_002_t1a_combined_oracle_seed123,"{""start"": ""2026-06-29T07:37:00.000+00:00"", ""end"": null, ""time_zone"": null}",B,must,t1a_combined_oracle_002_t1a_combined_oracle_seed123
38eee4d4-7777-81e5-8201-d566529b06eb,2026-06-29T07:37:00.000Z,2026-06-29T07:48:00.000Z,c4228eddc07a1958959e00e8dff92f007c269755,"{""start"": ""2026-06-29T07:48:00.000+00:00"", ""end"": null, ""time_zone"": null}","effective_bs=1 (gpu_count=1 x per-gpu bs), lr_scaling=none; test_cfg(score_thr=None, max_per_img=None, nms_pre=None, nms_iou=None); split(train 9657 / val 1515 / test 4265)",42,"phase acc/macro-F1/jaccard/edit/seg-F1 (online_causal, jaccard strict)","phase acc=0.9584, macro_f1=0.8287, jaccard=0.8031, edit=55.5556, segF1@50=0.5650
①信号 det→phase。Δ_phase vs S4 base 0.8986±0.0034",completed,lecun,False,"DDP 2GPU (RTX A6000 x2) on lecun, manual launcher (E plan, CUDA_VISIBLE_DEVICES per rank)",file:///home/ubuntu/slocal2/m2/experiments/transfer/b2a_oracle_mask_03_001_b2a_oracle_mask_03_seed42,"{""start"": ""2026-06-29T07:37:00.000+00:00"", ""end"": null, ""time_zone"": null}",B,must,b2a_oracle_mask_03_001_b2a_oracle_mask_03_seed42
38eee4d4-7777-81bc-974a-ee81544afd4f,2026-06-29T07:37:00.000Z,2026-06-29T07:48:00.000Z,c4228eddc07a1958959e00e8dff92f007c269755,"{""start"": ""2026-06-29T07:48:00.000+00:00"", ""end"": null, ""time_zone"": null}","effective_bs=1 (gpu_count=1 x per-gpu bs), lr_scaling=none; test_cfg(score_thr=None, max_per_img=None, nms_pre=None, nms_iou=None); split(train 9657 / val 1515 / test 4265)",42,"phase acc/macro-F1/jaccard/edit/seg-F1 (online_causal, jaccard strict)","phase acc=0.9558, macro_f1=0.8207, jaccard=0.7897, edit=54.2222, segF1@50=0.5577
①信号 det→phase。Δ_phase vs S4 base 0.8986±0.0034",completed,lecun,False,"DDP 2GPU (RTX A6000 x2) on lecun, manual launcher (E plan, CUDA_VISIBLE_DEVICES per rank)",file:///home/ubuntu/slocal2/m2/experiments/transfer/b2a_oracle_mask_02_001_b2a_oracle_mask_02_seed42,"{""start"": ""2026-06-29T07:37:00.000+00:00"", ""end"": null, ""time_zone"": null}",B,must,b2a_oracle_mask_02_001_b2a_oracle_mask_02_seed42
38eee4d4-7777-818a-b0e1-de5f84c06970,2026-06-29T07:37:00.000Z,2026-06-29T07:39:00.000Z,c4228eddc07a1958959e00e8dff92f007c269755,"{""start"": ""2026-06-29T07:39:00.000+00:00"", ""end"": null, ""time_zone"": null}","effective_bs=1 (gpu_count=1 x per-gpu bs), lr_scaling=none; test_cfg(score_thr=None, max_per_img=None, nms_pre=None, nms_iou=None); split(train 9657 / val 1515 / test 4265)",42,phase acc/macro-F1/jaccard/edit/seg-F1 (online_causal),"phase acc=0.9459, macro_f1=0.8067, jaccard=0.7658, edit=38.1030, segF1@50=0.4465
②object-token det→phase。Δ_phase vs S4 base 0.8986（within-server）",completed,lecun,False,"DDP 2GPU (RTX A6000 x2) on lecun, manual launcher (E plan, CUDA_VISIBLE_DEVICES per rank)",file:///home/ubuntu/slocal2/m2/experiments/transfer/t1a_combined_oracle_001_t1a_combined_oracle_seed42,"{""start"": ""2026-06-29T07:37:00.000+00:00"", ""end"": null, ""time_zone"": null}",B,must,t1a_combined_oracle_001_t1a_combined_oracle_seed42
38eee4d4-7777-8189-bdd7-cf9a3ab1a2f7,2026-06-29T07:37:00.000Z,2026-06-29T07:39:00.000Z,c4228eddc07a1958959e00e8dff92f007c269755,"{""start"": ""2026-06-29T07:39:00.000+00:00"", ""end"": null, ""time_zone"": null}","effective_bs=1 (gpu_count=1 x per-gpu bs), lr_scaling=none; test_cfg(score_thr=None, max_per_img=None, nms_pre=None, nms_iou=None); split(train 9657 / val 1515 / test 4265)",42,phase acc/macro-F1/jaccard/edit/seg-F1 (online_causal),"phase acc=0.9459, macro_f1=0.8083, jaccard=0.7691, edit=43.7710, segF1@50=0.4541
②object-token det→phase。Δ_phase vs S4 base 0.8986（within-server）",completed,lecun,False,"DDP 2GPU (RTX A6000 x2) on lecun, manual launcher (E plan, CUDA_VISIBLE_DEVICES per rank)",file:///home/ubuntu/slocal2/m2/experiments/transfer/t1a_shuffle_oracle_001_t1a_shuffle_oracle_seed42,"{""start"": ""2026-06-29T07:37:00.000+00:00"", ""end"": null, ""time_zone"": null}",B,must,t1a_shuffle_oracle_001_t1a_shuffle_oracle_seed42
38eee4d4-7777-8108-92cb-c0f42d12009a,2026-06-29T07:37:00.000Z,2026-06-29T07:48:00.000Z,c4228eddc07a1958959e00e8dff92f007c269755,"{""start"": ""2026-06-29T07:48:00.000+00:00"", ""end"": null, ""time_zone"": null}","effective_bs=1 (gpu_count=1 x per-gpu bs), lr_scaling=none; test_cfg(score_thr=None, max_per_img=None, nms_pre=None, nms_iou=None); split(train 9657 / val 1515 / test 4265)",456,"phase acc/macro-F1/jaccard/edit/seg-F1 (online_causal, jaccard strict)","phase acc=0.9571, macro_f1=0.8212, jaccard=0.7911, edit=56.1728, segF1@50=0.6248
①信号 det→phase。Δ_phase vs S4 base 0.8986±0.0034",completed,lecun,False,"DDP 2GPU (RTX A6000 x2) on lecun, manual launcher (E plan, CUDA_VISIBLE_DEVICES per rank)",file:///home/ubuntu/slocal2/m2/experiments/transfer/b2a_oracle_mask_01_003_b2a_oracle_mask_01_seed456,"{""start"": ""2026-06-29T07:37:00.000+00:00"", ""end"": null, ""time_zone"": null}",B,must,b2a_oracle_mask_01_003_b2a_oracle_mask_01_seed456
38eee4d4-7777-81c1-bafe-ed540d417395,2026-06-29T07:37:00.000Z,2026-06-29T07:48:00.000Z,c4228eddc07a1958959e00e8dff92f007c269755,"{""start"": ""2026-06-29T07:48:00.000+00:00"", ""end"": null, ""time_zone"": null}","effective_bs=1 (gpu_count=1 x per-gpu bs), lr_scaling=none; test_cfg(score_thr=None, max_per_img=None, nms_pre=None, nms_iou=None); split(train 9657 / val 1515 / test 4265)",123,"phase acc/macro-F1/jaccard/edit/seg-F1 (online_causal, jaccard strict)","phase acc=0.9617, macro_f1=0.8264, jaccard=0.7998, edit=55.3640, segF1@50=0.6272
①信号 det→phase。Δ_phase vs S4 base 0.8986±0.0034",completed,lecun,False,"DDP 2GPU (RTX A6000 x2) on lecun, manual launcher (E plan, CUDA_VISIBLE_DEVICES per rank)",file:///home/ubuntu/slocal2/m2/experiments/transfer/b2a_oracle_mask_01_002_b2a_oracle_mask_01_seed123,"{""start"": ""2026-06-29T07:36:00.000+00:00"", ""end"": null, ""time_zone"": null}",B,must,b2a_oracle_mask_01_002_b2a_oracle_mask_01_seed123
38eee4d4-7777-8100-9b2d-f2bce0975813,2026-06-29T07:36:00.000Z,2026-06-29T07:48:00.000Z,c4228eddc07a1958959e00e8dff92f007c269755,"{""start"": ""2026-06-29T07:48:00.000+00:00"", ""end"": null, ""time_zone"": null}","effective_bs=1 (gpu_count=1 x per-gpu bs), lr_scaling=none; test_cfg(score_thr=None, max_per_img=None, nms_pre=None, nms_iou=None); split(train 9657 / val 1515 / test 4265)",42,"phase acc/macro-F1/jaccard/edit/seg-F1 (online_causal, jaccard strict)","phase acc=0.9558, macro_f1=0.8199, jaccard=0.7886, edit=57.2650, segF1@50=0.5662
①信号 det→phase。Δ_phase vs S4 base 0.8986±0.0034",completed,lecun,False,"DDP 2GPU (RTX A6000 x2) on lecun, manual launcher (E plan, CUDA_VISIBLE_DEVICES per rank)",file:///home/ubuntu/slocal2/m2/experiments/transfer/b2a_oracle_mask_01_001_b2a_oracle_mask_01_seed42,"{""start"": ""2026-06-29T07:36:00.000+00:00"", ""end"": null, ""time_zone"": null}",B,must,b2a_oracle_mask_01_001_b2a_oracle_mask_01_seed42
38eee4d4-7777-81ba-976d-e0ded146b124,2026-06-29T06:33:00.000Z,2026-06-29T07:49:00.000Z,c4228eddc07a1958959e00e8dff92f007c269755,"{""start"": ""2026-06-29T07:49:00.000+00:00"", ""end"": null, ""time_zone"": null}","effective_bs=1 (gpu_count=1 x per-gpu bs), lr_scaling=none; test_cfg(score_thr=None, max_per_img=None, nms_pre=None, nms_iou=None); split(train 9657 / val 1515 / test 4265)",456,"phase acc/macro-F1/jaccard/edit/seg-F1 (online_causal, jaccard strict)","phase acc=0.9188, macro_f1=0.7671, jaccard=0.7155, edit=42.0458, segF1@50=0.3921
①信号 det→phase。Δ_phase vs S4 base 0.8986±0.0034",completed,lecun,False,"DDP 2GPU (RTX A6000 x2) on lecun, manual launcher (E plan, CUDA_VISIBLE_DEVICES per rank)",file:///home/ubuntu/slocal2/m2/experiments/transfer/b2a_oracle_mask_top3_joint_003_b2a_oracle_mask_top3_joint_seed456,"{""start"": ""2026-06-29T06:32:00.000+00:00"", ""end"": null, ""time_zone"": null}",B,must,b2a_oracle_mask_top3_joint_003_b2a_oracle_mask_top3_joint_seed456
38eee4d4-7777-81bb-a47a-c2a18fa647c0,2026-06-29T06:32:00.000Z,2026-06-29T07:49:00.000Z,c4228eddc07a1958959e00e8dff92f007c269755,"{""start"": ""2026-06-29T07:49:00.000+00:00"", ""end"": null, ""time_zone"": null}","effective_bs=1 (gpu_count=1 x per-gpu bs), lr_scaling=none; test_cfg(score_thr=None, max_per_img=None, nms_pre=None, nms_iou=None); split(train 9657 / val 1515 / test 4265)",123,"phase acc/macro-F1/jaccard/edit/seg-F1 (online_causal, jaccard strict)","phase acc=0.9175, macro_f1=0.7448, jaccard=0.6891, edit=37.1825, segF1@50=0.3556
①信号 det→phase。Δ_phase vs S4 base 0.8986±0.0034",completed,lecun,False,"DDP 2GPU (RTX A6000 x2) on lecun, manual launcher (E plan, CUDA_VISIBLE_DEVICES per rank)",file:///home/ubuntu/slocal2/m2/experiments/transfer/b2a_oracle_mask_top3_joint_001_b2a_oracle_mask_top3_joint_seed123,"{""start"": ""2026-06-29T06:32:00.000+00:00"", ""end"": null, ""time_zone"": null}",B,must,b2a_oracle_mask_top3_joint_001_b2a_oracle_mask_top3_joint_seed123
38eee4d4-7777-81ed-baf4-e865d6f40eda,2026-06-29T06:32:00.000Z,2026-06-29T07:49:00.000Z,c4228eddc07a1958959e00e8dff92f007c269755,"{""start"": ""2026-06-29T07:49:00.000+00:00"", ""end"": null, ""time_zone"": null}","effective_bs=1 (gpu_count=1 x per-gpu bs), lr_scaling=none; test_cfg(score_thr=None, max_per_img=None, nms_pre=None, nms_iou=None); split(train 9657 / val 1515 / test 4265)",42,"phase acc/macro-F1/jaccard/edit/seg-F1 (online_causal, jaccard strict)","phase acc=0.9261, macro_f1=0.7786, jaccard=0.7262, edit=39.4024, segF1@50=0.4218
①信号 det→phase。Δ_phase vs S4 base 0.8986±0.0034",completed,lecun,False,"DDP 2GPU (RTX A6000 x2) on lecun, manual launcher (E plan, CUDA_VISIBLE_DEVICES per rank)",file:///home/ubuntu/slocal2/m2/experiments/transfer/b2a_oracle_mask_top3_joint_002_b2a_oracle_mask_top3_joint_seed42,"{""start"": ""2026-06-29T06:32:00.000+00:00"", ""end"": null, ""time_zone"": null}",B,must,b2a_oracle_mask_top3_joint_002_b2a_oracle_mask_top3_joint_seed42
38eee4d4-7777-81c1-8b06-ffd3003877e1,2026-06-29T06:30:00.000Z,2026-06-29T07:49:00.000Z,c4228eddc07a1958959e00e8dff92f007c269755,"{""start"": ""2026-06-29T07:49:00.000+00:00"", ""end"": null, ""time_zone"": null}","effective_bs=1 (gpu_count=1 x per-gpu bs), lr_scaling=none; test_cfg(score_thr=None, max_per_img=None, nms_pre=None, nms_iou=None); split(train 9657 / val 1515 / test 4265)",456,"phase acc/macro-F1/jaccard/edit/seg-F1 (online_causal, jaccard strict)","phase acc=0.9498, macro_f1=0.8163, jaccard=0.7813, edit=46.0000, segF1@50=0.5041
①信号 det→phase。Δ_phase vs S4 base 0.8986±0.0034",completed,lecun,False,"DDP 2GPU (RTX A6000 x2) on lecun, manual launcher (E plan, CUDA_VISIBLE_DEVICES per rank)",file:///home/ubuntu/slocal2/m2/experiments/transfer/b2a_oracle_mask_09_003_b2a_oracle_mask_09_seed456,"{""start"": ""2026-06-29T06:30:00.000+00:00"", ""end"": null, ""time_zone"": null}",B,must,b2a_oracle_mask_09_003_b2a_oracle_mask_09_seed456
38eee4d4-7777-8134-9118-e0a7936c27b2,2026-06-29T06:30:00.000Z,2026-06-29T07:48:00.000Z,c4228eddc07a1958959e00e8dff92f007c269755,"{""start"": ""2026-06-29T07:48:00.000+00:00"", ""end"": null, ""time_zone"": null}","effective_bs=1 (gpu_count=1 x per-gpu bs), lr_scaling=none; test_cfg(score_thr=None, max_per_img=None, nms_pre=None, nms_iou=None); split(train 9657 / val 1515 / test 4265)",456,"phase acc/macro-F1/jaccard/edit/seg-F1 (online_causal, jaccard strict)","phase acc=0.9472, macro_f1=0.7956, jaccard=0.7544, edit=51.6049, segF1@50=0.5326
①信号 det→phase。Δ_phase vs S4 base 0.8986±0.0034",completed,lecun,False,"DDP 2GPU (RTX A6000 x2) on lecun, manual launcher (E plan, CUDA_VISIBLE_DEVICES per rank)",file:///home/ubuntu/slocal2/m2/experiments/transfer/b2a_oracle_mask_00_003_b2a_oracle_mask_00_seed456,"{""start"": ""2026-06-29T06:29:00.000+00:00"", ""end"": null, ""time_zone"": null}",B,must,b2a_oracle_mask_00_003_b2a_oracle_mask_00_seed456
38eee4d4-7777-81fb-8cb0-c3858b9252f4,2026-06-29T06:30:00.000Z,2026-06-29T07:48:00.000Z,c4228eddc07a1958959e00e8dff92f007c269755,"{""start"": ""2026-06-29T07:48:00.000+00:00"", ""end"": null, ""time_zone"": null}","effective_bs=1 (gpu_count=1 x per-gpu bs), lr_scaling=none; test_cfg(score_thr=None, max_per_img=None, nms_pre=None, nms_iou=None); split(train 9657 / val 1515 / test 4265)",456,"phase acc/macro-F1/jaccard/edit/seg-F1 (online_causal, jaccard strict)","phase acc=0.9525, macro_f1=0.8148, jaccard=0.7802, edit=46.0661, segF1@50=0.5604
①信号 det→phase。Δ_phase vs S4 base 0.8986±0.0034",completed,lecun,False,"DDP 2GPU (RTX A6000 x2) on lecun, manual launcher (E plan, CUDA_VISIBLE_DEVICES per rank)",file:///home/ubuntu/slocal2/m2/experiments/transfer/b2a_oracle_mask_06_003_b2a_oracle_mask_06_seed456,"{""start"": ""2026-06-29T06:29:00.000+00:00"", ""end"": null, ""time_zone"": null}",B,must,b2a_oracle_mask_06_003_b2a_oracle_mask_06_seed456
38eee4d4-7777-81bb-8349-c944e12648f0,2026-06-29T06:29:00.000Z,2026-06-29T07:49:00.000Z,c4228eddc07a1958959e00e8dff92f007c269755,"{""start"": ""2026-06-29T07:49:00.000+00:00"", ""end"": null, ""time_zone"": null}","effective_bs=1 (gpu_count=1 x per-gpu bs), lr_scaling=none; test_cfg(score_thr=None, max_per_img=None, nms_pre=None, nms_iou=None); split(train 9657 / val 1515 / test 4265)",123,"phase acc/macro-F1/jaccard/edit/seg-F1 (online_causal, jaccard strict)","phase acc=0.9459, macro_f1=0.8127, jaccard=0.7754, edit=37.9060, segF1@50=0.4323
①信号 det→phase。Δ_phase vs S4 base 0.8986±0.0034",completed,lecun,False,"DDP 2GPU (RTX A6000 x2) on lecun, manual launcher (E plan, CUDA_VISIBLE_DEVICES per rank)",file:///home/ubuntu/slocal2/m2/experiments/transfer/b2a_oracle_mask_09_002_b2a_oracle_mask_09_seed123,"{""start"": ""2026-06-29T06:29:00.000+00:00"", ""end"": null, ""time_zone"": null}",B,must,b2a_oracle_mask_09_002_b2a_oracle_mask_09_seed123
38eee4d4-7777-81dc-883c-d116988d4e53,2026-06-29T06:29:00.000Z,2026-06-29T07:48:00.000Z,c4228eddc07a1958959e00e8dff92f007c269755,"{""start"": ""2026-06-29T07:48:00.000+00:00"", ""end"": null, ""time_zone"": null}","effective_bs=1 (gpu_count=1 x per-gpu bs), lr_scaling=none; test_cfg(score_thr=None, max_per_img=None, nms_pre=None, nms_iou=None); split(train 9657 / val 1515 / test 4265)",123,"phase acc/macro-F1/jaccard/edit/seg-F1 (online_causal, jaccard strict)","phase acc=0.9525, macro_f1=0.8231, jaccard=0.7934, edit=49.4444, segF1@50=0.5218
①信号 det→phase。Δ_phase vs S4 base 0.8986±0.0034",completed,lecun,False,"DDP 2GPU (RTX A6000 x2) on lecun, manual launcher (E plan, CUDA_VISIBLE_DEVICES per rank)",file:///home/ubuntu/slocal2/m2/experiments/transfer/b2a_oracle_mask_06_002_b2a_oracle_mask_06_seed123,"{""start"": ""2026-06-29T06:29:00.000+00:00"", ""end"": null, ""time_zone"": null}",B,must,b2a_oracle_mask_06_002_b2a_oracle_mask_06_seed123
38eee4d4-7777-812d-8d5b-cce2062c1846,2026-06-29T06:29:00.000Z,2026-06-29T07:48:00.000Z,c4228eddc07a1958959e00e8dff92f007c269755,"{""start"": ""2026-06-29T07:48:00.000+00:00"", ""end"": null, ""time_zone"": null}","effective_bs=1 (gpu_count=1 x per-gpu bs), lr_scaling=none; test_cfg(score_thr=None, max_per_img=None, nms_pre=None, nms_iou=None); split(train 9657 / val 1515 / test 4265)",123,"phase acc/macro-F1/jaccard/edit/seg-F1 (online_causal, jaccard strict)","phase acc=0.9498, macro_f1=0.8009, jaccard=0.7625, edit=55.1111, segF1@50=0.5429
①信号 det→phase。Δ_phase vs S4 base 0.8986±0.0034",completed,lecun,False,"DDP 2GPU (RTX A6000 x2) on lecun, manual launcher (E plan, CUDA_VISIBLE_DEVICES per rank)",file:///home/ubuntu/slocal2/m2/experiments/transfer/b2a_oracle_mask_00_002_b2a_oracle_mask_00_seed123,"{""start"": ""2026-06-29T06:29:00.000+00:00"", ""end"": null, ""time_zone"": null}",B,must,b2a_oracle_mask_00_002_b2a_oracle_mask_00_seed123
38eee4d4-7777-8121-83ee-c9fc07304ab9,2026-06-29T06:28:00.000Z,2026-06-29T07:49:00.000Z,c4228eddc07a1958959e00e8dff92f007c269755,"{""start"": ""2026-06-29T07:49:00.000+00:00"", ""end"": null, ""time_zone"": null}","effective_bs=1 (gpu_count=1 x per-gpu bs), lr_scaling=none; test_cfg(score_thr=None, max_per_img=None, nms_pre=None, nms_iou=None); split(train 9657 / val 1515 / test 4265)",42,"phase acc/macro-F1/jaccard/edit/seg-F1 (online_causal, jaccard strict)","phase acc=0.9452, macro_f1=0.8072, jaccard=0.7675, edit=44.4444, segF1@50=0.4876
①信号 det→phase。Δ_phase vs S4 base 0.8986±0.0034",completed,lecun,False,"DDP 2GPU (RTX A6000 x2) on lecun, manual launcher (E plan, CUDA_VISIBLE_DEVICES per rank)",file:///home/ubuntu/slocal2/m2/experiments/transfer/b2a_oracle_mask_09_001_b2a_oracle_mask_09_seed42,"{""start"": ""2026-06-29T06:28:00.000+00:00"", ""end"": null, ""time_zone"": null}",B,must,b2a_oracle_mask_09_001_b2a_oracle_mask_09_seed42
38eee4d4-7777-8193-b5bb-c2c1921aaa9d,2026-06-29T06:28:00.000Z,2026-06-29T07:48:00.000Z,c4228eddc07a1958959e00e8dff92f007c269755,"{""start"": ""2026-06-29T07:48:00.000+00:00"", ""end"": null, ""time_zone"": null}","effective_bs=1 (gpu_count=1 x per-gpu bs), lr_scaling=none; test_cfg(score_thr=None, max_per_img=None, nms_pre=None, nms_iou=None); split(train 9657 / val 1515 / test 4265)",42,"phase acc/macro-F1/jaccard/edit/seg-F1 (online_causal, jaccard strict)","phase acc=0.9531, macro_f1=0.8218, jaccard=0.7910, edit=44.3250, segF1@50=0.4742
①信号 det→phase。Δ_phase vs S4 base 0.8986±0.0034",completed,lecun,False,"DDP 2GPU (RTX A6000 x2) on lecun, manual launcher (E plan, CUDA_VISIBLE_DEVICES per rank)",file:///home/ubuntu/slocal2/m2/experiments/transfer/b2a_oracle_mask_06_001_b2a_oracle_mask_06_seed42,"{""start"": ""2026-06-29T06:28:00.000+00:00"", ""end"": null, ""time_zone"": null}",B,must,b2a_oracle_mask_06_001_b2a_oracle_mask_06_seed42
38eee4d4-7777-81c6-af48-d954f74dce13,2026-06-29T06:28:00.000Z,2026-06-29T07:48:00.000Z,c4228eddc07a1958959e00e8dff92f007c269755,"{""start"": ""2026-06-29T07:48:00.000+00:00"", ""end"": null, ""time_zone"": null}","effective_bs=1 (gpu_count=1 x per-gpu bs), lr_scaling=none; test_cfg(score_thr=None, max_per_img=None, nms_pre=None, nms_iou=None); split(train 9657 / val 1515 / test 4265)",42,"phase acc/macro-F1/jaccard/edit/seg-F1 (online_causal, jaccard strict)","phase acc=0.9426, macro_f1=0.7831, jaccard=0.7398, edit=51.3016, segF1@50=0.5222
①信号 det→phase。Δ_phase vs S4 base 0.8986±0.0034",completed,lecun,False,"DDP 2GPU (RTX A6000 x2) on lecun, manual launcher (E plan, CUDA_VISIBLE_DEVICES per rank)",file:///home/ubuntu/slocal2/m2/experiments/transfer/b2a_oracle_mask_00_001_b2a_oracle_mask_00_seed42,"{""start"": ""2026-06-29T06:28:00.000+00:00"", ""end"": null, ""time_zone"": null}",B,must,b2a_oracle_mask_00_001_b2a_oracle_mask_00_seed42
38eee4d4-7777-81b6-b8a9-d9d60889cc49,2026-06-29T05:37:00.000Z,2026-06-29T05:38:00.000Z,c4228eddc07a1958959e00e8dff92f007c269755,"{""start"": ""2026-06-29T05:38:00.000+00:00"", ""end"": null, ""time_zone"": null}","effective_bs=1 (gpu_count=1 x per-gpu bs), lr_scaling=none; test_cfg(score_thr=None, max_per_img=None, nms_pre=None, nms_iou=None); split(train 9657 / val 1515 / test 4265)",456,phase acc/macro-F1/jaccard/edit/seg-F1 (online_causal),"phase acc=0.9472, macro_f1=0.8022, jaccard=0.7617, edit=34.3798, segF1@50=0.4148
②object-token det→phase。Δ_phase vs S4 base 0.8986（within-server）",completed,lecun,False,"DDP 2GPU (RTX A6000 x2) on lecun, manual launcher (E plan, CUDA_VISIBLE_DEVICES per rank)",file:///home/ubuntu/slocal2/m2/experiments/transfer/t1a_b2a_combined_003_t1a_b2a_combined_seed456,"{""start"": ""2026-06-29T05:37:00.000+00:00"", ""end"": null, ""time_zone"": null}",B,must,t1a_b2a_combined_003_t1a_b2a_combined_seed456
38eee4d4-7777-8198-901b-ef79f6f47155,2026-06-29T05:37:00.000Z,2026-06-29T05:38:00.000Z,c4228eddc07a1958959e00e8dff92f007c269755,"{""start"": ""2026-06-29T05:38:00.000+00:00"", ""end"": null, ""time_zone"": null}","effective_bs=1 (gpu_count=1 x per-gpu bs), lr_scaling=none; test_cfg(score_thr=None, max_per_img=None, nms_pre=None, nms_iou=None); split(train 9657 / val 1515 / test 4265)",42,phase acc/macro-F1/jaccard/edit/seg-F1 (online_causal),"phase acc=0.9452, macro_f1=0.8028, jaccard=0.7618, edit=37.9630, segF1@50=0.4476
②object-token det→phase。Δ_phase vs S4 base 0.8986（within-server）",completed,lecun,False,"DDP 2GPU (RTX A6000 x2) on lecun, manual launcher (E plan, CUDA_VISIBLE_DEVICES per rank)",file:///home/ubuntu/slocal2/m2/experiments/transfer/t1a_b2a_combined_001_t1a_b2a_combined_seed42,"{""start"": ""2026-06-29T05:36:00.000+00:00"", ""end"": null, ""time_zone"": null}",B,must,t1a_b2a_combined_001_t1a_b2a_combined_seed42
38eee4d4-7777-815c-9894-fb17a701d6f3,2026-06-29T05:37:00.000Z,2026-06-29T05:38:00.000Z,c4228eddc07a1958959e00e8dff92f007c269755,"{""start"": ""2026-06-29T05:38:00.000+00:00"", ""end"": null, ""time_zone"": null}","effective_bs=1 (gpu_count=1 x per-gpu bs), lr_scaling=none; test_cfg(score_thr=None, max_per_img=None, nms_pre=None, nms_iou=None); split(train 9657 / val 1515 / test 4265)",123,phase acc/macro-F1/jaccard/edit/seg-F1 (online_causal),"phase acc=0.9472, macro_f1=0.8046, jaccard=0.7635, edit=32.3810, segF1@50=0.4054
②object-token det→phase。Δ_phase vs S4 base 0.8986（within-server）",completed,lecun,False,"DDP 2GPU (RTX A6000 x2) on lecun, manual launcher (E plan, CUDA_VISIBLE_DEVICES per rank)",file:///home/ubuntu/slocal2/m2/experiments/transfer/t1a_b2a_combined_002_t1a_b2a_combined_seed123,"{""start"": ""2026-06-29T05:36:00.000+00:00"", ""end"": null, ""time_zone"": null}",B,must,t1a_b2a_combined_002_t1a_b2a_combined_seed123
38eee4d4-7777-8187-8b52-d8de2db5eb43,2026-06-29T05:29:00.000Z,2026-06-29T05:32:00.000Z,c4228eddc07a1958959e00e8dff92f007c269755,"{""start"": ""2026-06-29T05:32:00.000+00:00"", ""end"": null, ""time_zone"": null}","effective_bs=1 (gpu_count=1 x per-gpu bs), lr_scaling=none; test_cfg(score_thr=None, max_per_img=None, nms_pre=None, nms_iou=None); split(train 9657 / val 1515 / test 4265)",456,"phase acc/macro-F1/jaccard/edit/seg-F1 (online_causal, jaccard strict)","phase acc=0.9366, macro_f1=0.7870, jaccard=0.7399, edit=43.8059, segF1@50=0.4521
①信号 det→phase。Δ_phase vs S4 base 0.8986±0.0034",completed,lecun,False,"DDP 2GPU (RTX A6000 x2) on lecun, manual launcher (E plan, CUDA_VISIBLE_DEVICES per rank)",file:///home/ubuntu/slocal2/m2/experiments/transfer/b2a_mask_dim_14_003_b2a_mask_dim_14_seed456,"{""start"": ""2026-06-29T05:29:00.000+00:00"", ""end"": null, ""time_zone"": null}",B,must,b2a_mask_dim_14_003_b2a_mask_dim_14_seed456
38eee4d4-7777-81b9-880f-d0068bb10dd5,2026-06-29T05:29:00.000Z,2026-06-29T05:32:00.000Z,c4228eddc07a1958959e00e8dff92f007c269755,"{""start"": ""2026-06-29T05:32:00.000+00:00"", ""end"": null, ""time_zone"": null}","effective_bs=1 (gpu_count=1 x per-gpu bs), lr_scaling=none; test_cfg(score_thr=None, max_per_img=None, nms_pre=None, nms_iou=None); split(train 9657 / val 1515 / test 4265)",123,"phase acc/macro-F1/jaccard/edit/seg-F1 (online_causal, jaccard strict)","phase acc=0.9366, macro_f1=0.7869, jaccard=0.7399, edit=43.2099, segF1@50=0.4725
①信号 det→phase。Δ_phase vs S4 base 0.8986±0.0034",completed,lecun,False,"DDP 2GPU (RTX A6000 x2) on lecun, manual launcher (E plan, CUDA_VISIBLE_DEVICES per rank)",file:///home/ubuntu/slocal2/m2/experiments/transfer/b2a_mask_dim_14_002_b2a_mask_dim_14_seed123,"{""start"": ""2026-06-29T05:29:00.000+00:00"", ""end"": null, ""time_zone"": null}",B,must,b2a_mask_dim_14_002_b2a_mask_dim_14_seed123
38eee4d4-7777-81b8-8d65-d8f5feeef494,2026-06-29T05:29:00.000Z,2026-06-29T05:32:00.000Z,c4228eddc07a1958959e00e8dff92f007c269755,"{""start"": ""2026-06-29T05:32:00.000+00:00"", ""end"": null, ""time_zone"": null}","effective_bs=1 (gpu_count=1 x per-gpu bs), lr_scaling=none; test_cfg(score_thr=None, max_per_img=None, nms_pre=None, nms_iou=None); split(train 9657 / val 1515 / test 4265)",42,"phase acc/macro-F1/jaccard/edit/seg-F1 (online_causal, jaccard strict)","phase acc=0.9360, macro_f1=0.7915, jaccard=0.7443, edit=39.2157, segF1@50=0.4320
①信号 det→phase。Δ_phase vs S4 base 0.8986±0.0034",completed,lecun,False,"DDP 2GPU (RTX A6000 x2) on lecun, manual launcher (E plan, CUDA_VISIBLE_DEVICES per rank)",file:///home/ubuntu/slocal2/m2/experiments/transfer/b2a_mask_dim_14_001_b2a_mask_dim_14_seed42,"{""start"": ""2026-06-29T05:28:00.000+00:00"", ""end"": null, ""time_zone"": null}",B,must,b2a_mask_dim_14_001_b2a_mask_dim_14_seed42
38eee4d4-7777-8182-96f7-d06059726f1f,2026-06-29T05:28:00.000Z,2026-06-29T05:32:00.000Z,c4228eddc07a1958959e00e8dff92f007c269755,"{""start"": ""2026-06-29T05:32:00.000+00:00"", ""end"": null, ""time_zone"": null}","effective_bs=1 (gpu_count=1 x per-gpu bs), lr_scaling=none; test_cfg(score_thr=None, max_per_img=None, nms_pre=None, nms_iou=None); split(train 9657 / val 1515 / test 4265)",456,"phase acc/macro-F1/jaccard/edit/seg-F1 (online_causal, jaccard strict)","phase acc=0.9366, macro_f1=0.7899, jaccard=0.7444, edit=46.5185, segF1@50=0.4945
①信号 det→phase。Δ_phase vs S4 base 0.8986±0.0034",completed,lecun,False,"DDP 2GPU (RTX A6000 x2) on lecun, manual launcher (E plan, CUDA_VISIBLE_DEVICES per rank)",file:///home/ubuntu/slocal2/m2/experiments/transfer/b2a_mask_dim_12_003_b2a_mask_dim_12_seed456,"{""start"": ""2026-06-29T05:28:00.000+00:00"", ""end"": null, ""time_zone"": null}",B,must,b2a_mask_dim_12_003_b2a_mask_dim_12_seed456
38eee4d4-7777-8170-a53c-dc51e53b75ce,2026-06-29T05:28:00.000Z,2026-06-29T05:32:00.000Z,c4228eddc07a1958959e00e8dff92f007c269755,"{""start"": ""2026-06-29T05:32:00.000+00:00"", ""end"": null, ""time_zone"": null}","effective_bs=1 (gpu_count=1 x per-gpu bs), lr_scaling=none; test_cfg(score_thr=None, max_per_img=None, nms_pre=None, nms_iou=None); split(train 9657 / val 1515 / test 4265)",456,"phase acc/macro-F1/jaccard/edit/seg-F1 (online_causal, jaccard strict)","phase acc=0.9373, macro_f1=0.7942, jaccard=0.7485, edit=42.5926, segF1@50=0.4355
①信号 det→phase。Δ_phase vs S4 base 0.8986±0.0034",completed,lecun,False,"DDP 2GPU (RTX A6000 x2) on lecun, manual launcher (E plan, CUDA_VISIBLE_DEVICES per rank)",file:///home/ubuntu/slocal2/m2/experiments/transfer/b2a_mask_dim_13_003_b2a_mask_dim_13_seed456,"{""start"": ""2026-06-29T05:28:00.000+00:00"", ""end"": null, ""time_zone"": null}",B,must,b2a_mask_dim_13_003_b2a_mask_dim_13_seed456
38eee4d4-7777-8116-94be-fc3e6956acdd,2026-06-29T05:28:00.000Z,2026-06-29T05:32:00.000Z,c4228eddc07a1958959e00e8dff92f007c269755,"{""start"": ""2026-06-29T05:32:00.000+00:00"", ""end"": null, ""time_zone"": null}","effective_bs=1 (gpu_count=1 x per-gpu bs), lr_scaling=none; test_cfg(score_thr=None, max_per_img=None, nms_pre=None, nms_iou=None); split(train 9657 / val 1515 / test 4265)",123,"phase acc/macro-F1/jaccard/edit/seg-F1 (online_causal, jaccard strict)","phase acc=0.9347, macro_f1=0.7883, jaccard=0.7418, edit=41.9935, segF1@50=0.4814
①信号 det→phase。Δ_phase vs S4 base 0.8986±0.0034",completed,lecun,False,"DDP 2GPU (RTX A6000 x2) on lecun, manual launcher (E plan, CUDA_VISIBLE_DEVICES per rank)",file:///home/ubuntu/slocal2/m2/experiments/transfer/b2a_mask_dim_13_002_b2a_mask_dim_13_seed123,"{""start"": ""2026-06-29T05:27:00.000+00:00"", ""end"": null, ""time_zone"": null}",B,must,b2a_mask_dim_13_002_b2a_mask_dim_13_seed123
38eee4d4-7777-8122-b4de-d66faf0e4583,2026-06-29T05:28:00.000Z,2026-06-29T05:32:00.000Z,c4228eddc07a1958959e00e8dff92f007c269755,"{""start"": ""2026-06-29T05:32:00.000+00:00"", ""end"": null, ""time_zone"": null}","effective_bs=1 (gpu_count=1 x per-gpu bs), lr_scaling=none; test_cfg(score_thr=None, max_per_img=None, nms_pre=None, nms_iou=None); split(train 9657 / val 1515 / test 4265)",123,"phase acc/macro-F1/jaccard/edit/seg-F1 (online_causal, jaccard strict)","phase acc=0.9360, macro_f1=0.7848, jaccard=0.7374, edit=43.2099, segF1@50=0.4725
①信号 det→phase。Δ_phase vs S4 base 0.8986±0.0034",completed,lecun,False,"DDP 2GPU (RTX A6000 x2) on lecun, manual launcher (E plan, CUDA_VISIBLE_DEVICES per rank)",file:///home/ubuntu/slocal2/m2/experiments/transfer/b2a_mask_dim_12_002_b2a_mask_dim_12_seed123,"{""start"": ""2026-06-29T05:27:00.000+00:00"", ""end"": null, ""time_zone"": null}",B,must,b2a_mask_dim_12_002_b2a_mask_dim_12_seed123
38eee4d4-7777-817a-8dd3-f1d352d50a5a,2026-06-29T05:27:00.000Z,2026-06-29T05:32:00.000Z,c4228eddc07a1958959e00e8dff92f007c269755,"{""start"": ""2026-06-29T05:32:00.000+00:00"", ""end"": null, ""time_zone"": null}","effective_bs=1 (gpu_count=1 x per-gpu bs), lr_scaling=none; test_cfg(score_thr=None, max_per_img=None, nms_pre=None, nms_iou=None); split(train 9657 / val 1515 / test 4265)",42,"phase acc/macro-F1/jaccard/edit/seg-F1 (online_causal, jaccard strict)","phase acc=0.9380, macro_f1=0.7926, jaccard=0.7470, edit=39.4716, segF1@50=0.4184
①信号 det→phase。Δ_phase vs S4 base 0.8986±0.0034",completed,lecun,False,"DDP 2GPU (RTX A6000 x2) on lecun, manual launcher (E plan, CUDA_VISIBLE_DEVICES per rank)",file:///home/ubuntu/slocal2/m2/experiments/transfer/b2a_mask_dim_12_001_b2a_mask_dim_12_seed42,"{""start"": ""2026-06-29T05:27:00.000+00:00"", ""end"": null, ""time_zone"": null}",B,must,b2a_mask_dim_12_001_b2a_mask_dim_12_seed42
38eee4d4-7777-81f5-8648-d6c0de15d4b1,2026-06-29T05:27:00.000Z,2026-06-29T05:32:00.000Z,c4228eddc07a1958959e00e8dff92f007c269755,"{""start"": ""2026-06-29T05:32:00.000+00:00"", ""end"": null, ""time_zone"": null}","effective_bs=1 (gpu_count=1 x per-gpu bs), lr_scaling=none; test_cfg(score_thr=None, max_per_img=None, nms_pre=None, nms_iou=None); split(train 9657 / val 1515 / test 4265)",42,"phase acc/macro-F1/jaccard/edit/seg-F1 (online_causal, jaccard strict)","phase acc=0.9386, macro_f1=0.7965, jaccard=0.7513, edit=37.5552, segF1@50=0.3942
①信号 det→phase。Δ_phase vs S4 base 0.8986±0.0034",completed,lecun,False,"DDP 2GPU (RTX A6000 x2) on lecun, manual launcher (E plan, CUDA_VISIBLE_DEVICES per rank)",file:///home/ubuntu/slocal2/m2/experiments/transfer/b2a_mask_dim_13_001_b2a_mask_dim_13_seed42,"{""start"": ""2026-06-29T05:27:00.000+00:00"", ""end"": null, ""time_zone"": null}",B,must,b2a_mask_dim_13_001_b2a_mask_dim_13_seed42
38eee4d4-7777-81a4-96e3-df201c5435fb,2026-06-29T05:27:00.000Z,2026-06-29T05:32:00.000Z,c4228eddc07a1958959e00e8dff92f007c269755,"{""start"": ""2026-06-29T05:32:00.000+00:00"", ""end"": null, ""time_zone"": null}","effective_bs=1 (gpu_count=1 x per-gpu bs), lr_scaling=none; test_cfg(score_thr=None, max_per_img=None, nms_pre=None, nms_iou=None); split(train 9657 / val 1515 / test 4265)",456,"phase acc/macro-F1/jaccard/edit/seg-F1 (online_causal, jaccard strict)","phase acc=0.9393, macro_f1=0.7937, jaccard=0.7485, edit=52.1164, segF1@50=0.5883
①信号 det→phase。Δ_phase vs S4 base 0.8986±0.0034",completed,lecun,False,"DDP 2GPU (RTX A6000 x2) on lecun, manual launcher (E plan, CUDA_VISIBLE_DEVICES per rank)",file:///home/ubuntu/slocal2/m2/experiments/transfer/b2a_mask_dim_11_003_b2a_mask_dim_11_seed456,"{""start"": ""2026-06-29T05:26:00.000+00:00"", ""end"": null, ""time_zone"": null}",B,must,b2a_mask_dim_11_003_b2a_mask_dim_11_seed456
38eee4d4-7777-815a-b7db-d66f3d833c6a,2026-06-29T05:27:00.000Z,2026-06-29T05:32:00.000Z,c4228eddc07a1958959e00e8dff92f007c269755,"{""start"": ""2026-06-29T05:32:00.000+00:00"", ""end"": null, ""time_zone"": null}","effective_bs=1 (gpu_count=1 x per-gpu bs), lr_scaling=none; test_cfg(score_thr=None, max_per_img=None, nms_pre=None, nms_iou=None); split(train 9657 / val 1515 / test 4265)",456,"phase acc/macro-F1/jaccard/edit/seg-F1 (online_causal, jaccard strict)","phase acc=0.9373, macro_f1=0.7893, jaccard=0.7428, edit=50.9259, segF1@50=0.5735
①信号 det→phase。Δ_phase vs S4 base 0.8986±0.0034",completed,lecun,False,"DDP 2GPU (RTX A6000 x2) on lecun, manual launcher (E plan, CUDA_VISIBLE_DEVICES per rank)",file:///home/ubuntu/slocal2/m2/experiments/transfer/b2a_mask_dim_10_003_b2a_mask_dim_10_seed456,"{""start"": ""2026-06-29T05:26:00.000+00:00"", ""end"": null, ""time_zone"": null}",B,must,b2a_mask_dim_10_003_b2a_mask_dim_10_seed456
38eee4d4-7777-8192-955f-ce9fb2fed3c6,2026-06-29T05:26:00.000Z,2026-06-29T05:32:00.000Z,c4228eddc07a1958959e00e8dff92f007c269755,"{""start"": ""2026-06-29T05:32:00.000+00:00"", ""end"": null, ""time_zone"": null}","effective_bs=1 (gpu_count=1 x per-gpu bs), lr_scaling=none; test_cfg(score_thr=None, max_per_img=None, nms_pre=None, nms_iou=None); split(train 9657 / val 1515 / test 4265)",123,"phase acc/macro-F1/jaccard/edit/seg-F1 (online_causal, jaccard strict)","phase acc=0.9353, macro_f1=0.7790, jaccard=0.7300, edit=40.7407, segF1@50=0.4385
①信号 det→phase。Δ_phase vs S4 base 0.8986±0.0034",completed,lecun,False,"DDP 2GPU (RTX A6000 x2) on lecun, manual launcher (E plan, CUDA_VISIBLE_DEVICES per rank)",file:///home/ubuntu/slocal2/m2/experiments/transfer/b2a_mask_dim_11_002_b2a_mask_dim_11_seed123,"{""start"": ""2026-06-29T05:26:00.000+00:00"", ""end"": null, ""time_zone"": null}",B,must,b2a_mask_dim_11_002_b2a_mask_dim_11_seed123
38eee4d4-7777-81c8-b6ab-d0fbbbb111d1,2026-06-29T05:26:00.000Z,2026-06-29T05:32:00.000Z,c4228eddc07a1958959e00e8dff92f007c269755,"{""start"": ""2026-06-29T05:32:00.000+00:00"", ""end"": null, ""time_zone"": null}","effective_bs=1 (gpu_count=1 x per-gpu bs), lr_scaling=none; test_cfg(score_thr=None, max_per_img=None, nms_pre=None, nms_iou=None); split(train 9657 / val 1515 / test 4265)",123,"phase acc/macro-F1/jaccard/edit/seg-F1 (online_causal, jaccard strict)","phase acc=0.9281, macro_f1=0.7878, jaccard=0.7399, edit=43.8255, segF1@50=0.3877
①信号 det→phase。Δ_phase vs S4 base 0.8986±0.0034",completed,lecun,False,"DDP 2GPU (RTX A6000 x2) on lecun, manual launcher (E plan, CUDA_VISIBLE_DEVICES per rank)",file:///home/ubuntu/slocal2/m2/experiments/transfer/b2a_mask_dim_10_002_b2a_mask_dim_10_seed123,"{""start"": ""2026-06-29T05:26:00.000+00:00"", ""end"": null, ""time_zone"": null}",B,must,b2a_mask_dim_10_002_b2a_mask_dim_10_seed123
38eee4d4-7777-8158-9467-fd9c68d9dac6,2026-06-29T05:26:00.000Z,2026-06-29T05:32:00.000Z,c4228eddc07a1958959e00e8dff92f007c269755,"{""start"": ""2026-06-29T05:32:00.000+00:00"", ""end"": null, ""time_zone"": null}","effective_bs=1 (gpu_count=1 x per-gpu bs), lr_scaling=none; test_cfg(score_thr=None, max_per_img=None, nms_pre=None, nms_iou=None); split(train 9657 / val 1515 / test 4265)",42,"phase acc/macro-F1/jaccard/edit/seg-F1 (online_causal, jaccard strict)","phase acc=0.9307, macro_f1=0.7830, jaccard=0.7275, edit=30.0926, segF1@50=0.3282
①信号 det→phase。Δ_phase vs S4 base 0.8986±0.0034",completed,lecun,False,"DDP 2GPU (RTX A6000 x2) on lecun, manual launcher (E plan, CUDA_VISIBLE_DEVICES per rank)",file:///home/ubuntu/slocal2/m2/experiments/transfer/b2a_mask_dim_11_001_b2a_mask_dim_11_seed42,"{""start"": ""2026-06-29T05:25:00.000+00:00"", ""end"": null, ""time_zone"": null}",B,must,b2a_mask_dim_11_001_b2a_mask_dim_11_seed42
38eee4d4-7777-81d8-9d0d-f1c56670bacb,2026-06-29T05:26:00.000Z,2026-06-29T05:32:00.000Z,c4228eddc07a1958959e00e8dff92f007c269755,"{""start"": ""2026-06-29T05:32:00.000+00:00"", ""end"": null, ""time_zone"": null}","effective_bs=1 (gpu_count=1 x per-gpu bs), lr_scaling=none; test_cfg(score_thr=None, max_per_img=None, nms_pre=None, nms_iou=None); split(train 9657 / val 1515 / test 4265)",42,"phase acc/macro-F1/jaccard/edit/seg-F1 (online_causal, jaccard strict)","phase acc=0.9307, macro_f1=0.7632, jaccard=0.7135, edit=44.3322, segF1@50=0.4538
①信号 det→phase。Δ_phase vs S4 base 0.8986±0.0034",completed,lecun,False,"DDP 2GPU (RTX A6000 x2) on lecun, manual launcher (E plan, CUDA_VISIBLE_DEVICES per rank)",file:///home/ubuntu/slocal2/m2/experiments/transfer/b2a_mask_dim_10_001_b2a_mask_dim_10_seed42,"{""start"": ""2026-06-29T05:25:00.000+00:00"", ""end"": null, ""time_zone"": null}",B,must,b2a_mask_dim_10_001_b2a_mask_dim_10_seed42
38eee4d4-7777-81a0-8944-ed104cdb97f2,2026-06-29T05:25:00.000Z,2026-06-29T05:32:00.000Z,c4228eddc07a1958959e00e8dff92f007c269755,"{""start"": ""2026-06-29T05:32:00.000+00:00"", ""end"": null, ""time_zone"": null}","effective_bs=1 (gpu_count=1 x per-gpu bs), lr_scaling=none; test_cfg(score_thr=None, max_per_img=None, nms_pre=None, nms_iou=None); split(train 9657 / val 1515 / test 4265)",456,"phase acc/macro-F1/jaccard/edit/seg-F1 (online_causal, jaccard strict)","phase acc=0.9274, macro_f1=0.7753, jaccard=0.7226, edit=48.5882, segF1@50=0.5015
①信号 det→phase。Δ_phase vs S4 base 0.8986±0.0034",completed,lecun,False,"DDP 2GPU (RTX A6000 x2) on lecun, manual launcher (E plan, CUDA_VISIBLE_DEVICES per rank)",file:///home/ubuntu/slocal2/m2/experiments/transfer/b2a_mask_dim_09_003_b2a_mask_dim_09_seed456,"{""start"": ""2026-06-29T05:25:00.000+00:00"", ""end"": null, ""time_zone"": null}",B,must,b2a_mask_dim_09_003_b2a_mask_dim_09_seed456
38eee4d4-7777-81ba-9a4a-f053b28895c1,2026-06-29T05:25:00.000Z,2026-06-29T05:32:00.000Z,c4228eddc07a1958959e00e8dff92f007c269755,"{""start"": ""2026-06-29T05:32:00.000+00:00"", ""end"": null, ""time_zone"": null}","effective_bs=1 (gpu_count=1 x per-gpu bs), lr_scaling=none; test_cfg(score_thr=None, max_per_img=None, nms_pre=None, nms_iou=None); split(train 9657 / val 1515 / test 4265)",456,"phase acc/macro-F1/jaccard/edit/seg-F1 (online_causal, jaccard strict)","phase acc=0.9380, macro_f1=0.7922, jaccard=0.7480, edit=52.0741, segF1@50=0.5701
①信号 det→phase。Δ_phase vs S4 base 0.8986±0.0034",completed,lecun,False,"DDP 2GPU (RTX A6000 x2) on lecun, manual launcher (E plan, CUDA_VISIBLE_DEVICES per rank)",file:///home/ubuntu/slocal2/m2/experiments/transfer/b2a_mask_dim_08_003_b2a_mask_dim_08_seed456,"{""start"": ""2026-06-29T05:25:00.000+00:00"", ""end"": null, ""time_zone"": null}",B,must,b2a_mask_dim_08_003_b2a_mask_dim_08_seed456
38eee4d4-7777-81ac-adcb-cfe1d7784245,2026-06-29T05:25:00.000Z,2026-06-29T05:32:00.000Z,c4228eddc07a1958959e00e8dff92f007c269755,"{""start"": ""2026-06-29T05:32:00.000+00:00"", ""end"": null, ""time_zone"": null}","effective_bs=1 (gpu_count=1 x per-gpu bs), lr_scaling=none; test_cfg(score_thr=None, max_per_img=None, nms_pre=None, nms_iou=None); split(train 9657 / val 1515 / test 4265)",123,"phase acc/macro-F1/jaccard/edit/seg-F1 (online_causal, jaccard strict)","phase acc=0.9333, macro_f1=0.7807, jaccard=0.7314, edit=38.1241, segF1@50=0.3991
①信号 det→phase。Δ_phase vs S4 base 0.8986±0.0034",completed,lecun,False,"DDP 2GPU (RTX A6000 x2) on lecun, manual launcher (E plan, CUDA_VISIBLE_DEVICES per rank)",file:///home/ubuntu/slocal2/m2/experiments/transfer/b2a_mask_dim_08_002_b2a_mask_dim_08_seed123,"{""start"": ""2026-06-29T05:25:00.000+00:00"", ""end"": null, ""time_zone"": null}",B,must,b2a_mask_dim_08_002_b2a_mask_dim_08_seed123
38eee4d4-7777-8150-af74-dcce3cac9171,2026-06-29T05:25:00.000Z,2026-06-29T05:32:00.000Z,c4228eddc07a1958959e00e8dff92f007c269755,"{""start"": ""2026-06-29T05:32:00.000+00:00"", ""end"": null, ""time_zone"": null}","effective_bs=1 (gpu_count=1 x per-gpu bs), lr_scaling=none; test_cfg(score_thr=None, max_per_img=None, nms_pre=None, nms_iou=None); split(train 9657 / val 1515 / test 4265)",123,"phase acc/macro-F1/jaccard/edit/seg-F1 (online_causal, jaccard strict)","phase acc=0.9267, macro_f1=0.7794, jaccard=0.7280, edit=39.7980, segF1@50=0.3909
①信号 det→phase。Δ_phase vs S4 base 0.8986±0.0034",completed,lecun,False,"DDP 2GPU (RTX A6000 x2) on lecun, manual launcher (E plan, CUDA_VISIBLE_DEVICES per rank)",file:///home/ubuntu/slocal2/m2/experiments/transfer/b2a_mask_dim_09_002_b2a_mask_dim_09_seed123,"{""start"": ""2026-06-29T05:25:00.000+00:00"", ""end"": null, ""time_zone"": null}",B,must,b2a_mask_dim_09_002_b2a_mask_dim_09_seed123
38eee4d4-7777-81c7-9eac-c9cfef6f8c24,2026-06-29T05:24:00.000Z,2026-06-29T05:32:00.000Z,c4228eddc07a1958959e00e8dff92f007c269755,"{""start"": ""2026-06-29T05:32:00.000+00:00"", ""end"": null, ""time_zone"": null}","effective_bs=1 (gpu_count=1 x per-gpu bs), lr_scaling=none; test_cfg(score_thr=None, max_per_img=None, nms_pre=None, nms_iou=None); split(train 9657 / val 1515 / test 4265)",42,"phase acc/macro-F1/jaccard/edit/seg-F1 (online_causal, jaccard strict)","phase acc=0.9366, macro_f1=0.7945, jaccard=0.7485, edit=33.7867, segF1@50=0.3596
①信号 det→phase。Δ_phase vs S4 base 0.8986±0.0034",completed,lecun,False,"DDP 2GPU (RTX A6000 x2) on lecun, manual launcher (E plan, CUDA_VISIBLE_DEVICES per rank)",file:///home/ubuntu/slocal2/m2/experiments/transfer/b2a_mask_dim_08_001_b2a_mask_dim_08_seed42,"{""start"": ""2026-06-29T05:24:00.000+00:00"", ""end"": null, ""time_zone"": null}",B,must,b2a_mask_dim_08_001_b2a_mask_dim_08_seed42
38eee4d4-7777-819e-af2d-f59ea7c61d63,2026-06-29T05:24:00.000Z,2026-06-29T05:32:00.000Z,c4228eddc07a1958959e00e8dff92f007c269755,"{""start"": ""2026-06-29T05:32:00.000+00:00"", ""end"": null, ""time_zone"": null}","effective_bs=1 (gpu_count=1 x per-gpu bs), lr_scaling=none; test_cfg(score_thr=None, max_per_img=None, nms_pre=None, nms_iou=None); split(train 9657 / val 1515 / test 4265)",42,"phase acc/macro-F1/jaccard/edit/seg-F1 (online_causal, jaccard strict)","phase acc=0.9281, macro_f1=0.7739, jaccard=0.7209, edit=41.4683, segF1@50=0.4279
①信号 det→phase。Δ_phase vs S4 base 0.8986±0.0034",completed,lecun,False,"DDP 2GPU (RTX A6000 x2) on lecun, manual launcher (E plan, CUDA_VISIBLE_DEVICES per rank)",file:///home/ubuntu/slocal2/m2/experiments/transfer/b2a_mask_dim_09_001_b2a_mask_dim_09_seed42,"{""start"": ""2026-06-29T05:24:00.000+00:00"", ""end"": null, ""time_zone"": null}",B,must,b2a_mask_dim_09_001_b2a_mask_dim_09_seed42
38eee4d4-7777-814a-be70-ebe044372f65,2026-06-29T05:24:00.000Z,2026-06-29T05:31:00.000Z,c4228eddc07a1958959e00e8dff92f007c269755,"{""start"": ""2026-06-29T05:31:00.000+00:00"", ""end"": null, ""time_zone"": null}","effective_bs=1 (gpu_count=1 x per-gpu bs), lr_scaling=none; test_cfg(score_thr=None, max_per_img=None, nms_pre=None, nms_iou=None); split(train 9657 / val 1515 / test 4265)",456,"phase acc/macro-F1/jaccard/edit/seg-F1 (online_causal, jaccard strict)","phase acc=0.9294, macro_f1=0.7843, jaccard=0.7360, edit=44.7318, segF1@50=0.4765
①信号 det→phase。Δ_phase vs S4 base 0.8986±0.0034",completed,lecun,False,"DDP 2GPU (RTX A6000 x2) on lecun, manual launcher (E plan, CUDA_VISIBLE_DEVICES per rank)",file:///home/ubuntu/slocal2/m2/experiments/transfer/b2a_mask_dim_06_003_b2a_mask_dim_06_seed456,"{""start"": ""2026-06-29T05:24:00.000+00:00"", ""end"": null, ""time_zone"": null}",B,must,b2a_mask_dim_06_003_b2a_mask_dim_06_seed456
38eee4d4-7777-81b3-bb51-cc70380efbbd,2026-06-29T05:24:00.000Z,2026-06-29T05:32:00.000Z,c4228eddc07a1958959e00e8dff92f007c269755,"{""start"": ""2026-06-29T05:32:00.000+00:00"", ""end"": null, ""time_zone"": null}","effective_bs=1 (gpu_count=1 x per-gpu bs), lr_scaling=none; test_cfg(score_thr=None, max_per_img=None, nms_pre=None, nms_iou=None); split(train 9657 / val 1515 / test 4265)",456,"phase acc/macro-F1/jaccard/edit/seg-F1 (online_causal, jaccard strict)","phase acc=0.9353, macro_f1=0.7840, jaccard=0.7358, edit=43.8519, segF1@50=0.4812
①信号 det→phase。Δ_phase vs S4 base 0.8986±0.0034",completed,lecun,False,"DDP 2GPU (RTX A6000 x2) on lecun, manual launcher (E plan, CUDA_VISIBLE_DEVICES per rank)",file:///home/ubuntu/slocal2/m2/experiments/transfer/b2a_mask_dim_07_003_b2a_mask_dim_07_seed456,"{""start"": ""2026-06-29T05:24:00.000+00:00"", ""end"": null, ""time_zone"": null}",B,must,b2a_mask_dim_07_003_b2a_mask_dim_07_seed456
38eee4d4-7777-8124-b823-f3d6e2d2d96a,2026-06-29T05:23:00.000Z,2026-06-29T05:31:00.000Z,c4228eddc07a1958959e00e8dff92f007c269755,"{""start"": ""2026-06-29T05:31:00.000+00:00"", ""end"": null, ""time_zone"": null}","effective_bs=1 (gpu_count=1 x per-gpu bs), lr_scaling=none; test_cfg(score_thr=None, max_per_img=None, nms_pre=None, nms_iou=None); split(train 9657 / val 1515 / test 4265)",123,"phase acc/macro-F1/jaccard/edit/seg-F1 (online_causal, jaccard strict)","phase acc=0.9333, macro_f1=0.7845, jaccard=0.7364, edit=50.7273, segF1@50=0.5353
①信号 det→phase。Δ_phase vs S4 base 0.8986±0.0034",completed,lecun,False,"DDP 2GPU (RTX A6000 x2) on lecun, manual launcher (E plan, CUDA_VISIBLE_DEVICES per rank)",file:///home/ubuntu/slocal2/m2/experiments/transfer/b2a_mask_dim_06_002_b2a_mask_dim_06_seed123,"{""start"": ""2026-06-29T05:23:00.000+00:00"", ""end"": null, ""time_zone"": null}",B,must,b2a_mask_dim_06_002_b2a_mask_dim_06_seed123
38eee4d4-7777-8197-869d-c1d503bd1737,2026-06-29T05:23:00.000Z,2026-06-29T05:31:00.000Z,c4228eddc07a1958959e00e8dff92f007c269755,"{""start"": ""2026-06-29T05:31:00.000+00:00"", ""end"": null, ""time_zone"": null}","effective_bs=1 (gpu_count=1 x per-gpu bs), lr_scaling=none; test_cfg(score_thr=None, max_per_img=None, nms_pre=None, nms_iou=None); split(train 9657 / val 1515 / test 4265)",123,"phase acc/macro-F1/jaccard/edit/seg-F1 (online_causal, jaccard strict)","phase acc=0.9333, macro_f1=0.7840, jaccard=0.7353, edit=40.0000, segF1@50=0.4236
①信号 det→phase。Δ_phase vs S4 base 0.8986±0.0034",completed,lecun,False,"DDP 2GPU (RTX A6000 x2) on lecun, manual launcher (E plan, CUDA_VISIBLE_DEVICES per rank)",file:///home/ubuntu/slocal2/m2/experiments/transfer/b2a_mask_dim_07_002_b2a_mask_dim_07_seed123,"{""start"": ""2026-06-29T05:23:00.000+00:00"", ""end"": null, ""time_zone"": null}",B,must,b2a_mask_dim_07_002_b2a_mask_dim_07_seed123
38eee4d4-7777-818c-9fb5-ec1d4c4e2c42,2026-06-29T05:23:00.000Z,2026-06-29T05:31:00.000Z,c4228eddc07a1958959e00e8dff92f007c269755,"{""start"": ""2026-06-29T05:31:00.000+00:00"", ""end"": null, ""time_zone"": null}","effective_bs=1 (gpu_count=1 x per-gpu bs), lr_scaling=none; test_cfg(score_thr=None, max_per_img=None, nms_pre=None, nms_iou=None); split(train 9657 / val 1515 / test 4265)",42,"phase acc/macro-F1/jaccard/edit/seg-F1 (online_causal, jaccard strict)","phase acc=0.9281, macro_f1=0.7643, jaccard=0.7121, edit=40.8889, segF1@50=0.4188
①信号 det→phase。Δ_phase vs S4 base 0.8986±0.0034",completed,lecun,False,"DDP 2GPU (RTX A6000 x2) on lecun, manual launcher (E plan, CUDA_VISIBLE_DEVICES per rank)",file:///home/ubuntu/slocal2/m2/experiments/transfer/b2a_mask_dim_07_001_b2a_mask_dim_07_seed42,"{""start"": ""2026-06-29T05:23:00.000+00:00"", ""end"": null, ""time_zone"": null}",B,must,b2a_mask_dim_07_001_b2a_mask_dim_07_seed42
38eee4d4-7777-8116-a8e9-db0be225849d,2026-06-29T05:23:00.000Z,2026-06-29T05:31:00.000Z,c4228eddc07a1958959e00e8dff92f007c269755,"{""start"": ""2026-06-29T05:31:00.000+00:00"", ""end"": null, ""time_zone"": null}","effective_bs=1 (gpu_count=1 x per-gpu bs), lr_scaling=none; test_cfg(score_thr=None, max_per_img=None, nms_pre=None, nms_iou=None); split(train 9657 / val 1515 / test 4265)",42,"phase acc/macro-F1/jaccard/edit/seg-F1 (online_causal, jaccard strict)","phase acc=0.9307, macro_f1=0.7653, jaccard=0.7157, edit=43.1111, segF1@50=0.4711
①信号 det→phase。Δ_phase vs S4 base 0.8986±0.0034",completed,lecun,False,"DDP 2GPU (RTX A6000 x2) on lecun, manual launcher (E plan, CUDA_VISIBLE_DEVICES per rank)",file:///home/ubuntu/slocal2/m2/experiments/transfer/b2a_mask_dim_06_001_b2a_mask_dim_06_seed42,"{""start"": ""2026-06-29T05:23:00.000+00:00"", ""end"": null, ""time_zone"": null}",B,must,b2a_mask_dim_06_001_b2a_mask_dim_06_seed42
38eee4d4-7777-8129-867a-c9739c3c4fdb,2026-06-29T05:23:00.000Z,2026-06-29T05:31:00.000Z,c4228eddc07a1958959e00e8dff92f007c269755,"{""start"": ""2026-06-29T05:31:00.000+00:00"", ""end"": null, ""time_zone"": null}","effective_bs=1 (gpu_count=1 x per-gpu bs), lr_scaling=none; test_cfg(score_thr=None, max_per_img=None, nms_pre=None, nms_iou=None); split(train 9657 / val 1515 / test 4265)",456,"phase acc/macro-F1/jaccard/edit/seg-F1 (online_causal, jaccard strict)","phase acc=0.9406, macro_f1=0.8014, jaccard=0.7602, edit=47.1111, segF1@50=0.5004
①信号 det→phase。Δ_phase vs S4 base 0.8986±0.0034",completed,lecun,False,"DDP 2GPU (RTX A6000 x2) on lecun, manual launcher (E plan, CUDA_VISIBLE_DEVICES per rank)",file:///home/ubuntu/slocal2/m2/experiments/transfer/b2a_mask_dim_04_003_b2a_mask_dim_04_seed456,"{""start"": ""2026-06-29T05:22:00.000+00:00"", ""end"": null, ""time_zone"": null}",B,must,b2a_mask_dim_04_003_b2a_mask_dim_04_seed456
38eee4d4-7777-810d-90a2-ea61e28322be,2026-06-29T05:23:00.000Z,2026-06-29T05:31:00.000Z,c4228eddc07a1958959e00e8dff92f007c269755,"{""start"": ""2026-06-29T05:31:00.000+00:00"", ""end"": null, ""time_zone"": null}","effective_bs=1 (gpu_count=1 x per-gpu bs), lr_scaling=none; test_cfg(score_thr=None, max_per_img=None, nms_pre=None, nms_iou=None); split(train 9657 / val 1515 / test 4265)",456,"phase acc/macro-F1/jaccard/edit/seg-F1 (online_causal, jaccard strict)","phase acc=0.9426, macro_f1=0.8021, jaccard=0.7607, edit=47.4444, segF1@50=0.5200
①信号 det→phase。Δ_phase vs S4 base 0.8986±0.0034",completed,lecun,False,"DDP 2GPU (RTX A6000 x2) on lecun, manual launcher (E plan, CUDA_VISIBLE_DEVICES per rank)",file:///home/ubuntu/slocal2/m2/experiments/transfer/b2a_mask_dim_05_003_b2a_mask_dim_05_seed456,"{""start"": ""2026-06-29T05:22:00.000+00:00"", ""end"": null, ""time_zone"": null}",B,must,b2a_mask_dim_05_003_b2a_mask_dim_05_seed456
38eee4d4-7777-81e0-8842-cd65ea262cee,2026-06-29T05:22:00.000Z,2026-06-29T05:31:00.000Z,c4228eddc07a1958959e00e8dff92f007c269755,"{""start"": ""2026-06-29T05:31:00.000+00:00"", ""end"": null, ""time_zone"": null}","effective_bs=1 (gpu_count=1 x per-gpu bs), lr_scaling=none; test_cfg(score_thr=None, max_per_img=None, nms_pre=None, nms_iou=None); split(train 9657 / val 1515 / test 4265)",123,"phase acc/macro-F1/jaccard/edit/seg-F1 (online_causal, jaccard strict)","phase acc=0.9393, macro_f1=0.7896, jaccard=0.7440, edit=43.1004, segF1@50=0.4690
①信号 det→phase。Δ_phase vs S4 base 0.8986±0.0034",completed,lecun,False,"DDP 2GPU (RTX A6000 x2) on lecun, manual launcher (E plan, CUDA_VISIBLE_DEVICES per rank)",file:///home/ubuntu/slocal2/m2/experiments/transfer/b2a_mask_dim_05_002_b2a_mask_dim_05_seed123,"{""start"": ""2026-06-29T05:22:00.000+00:00"", ""end"": null, ""time_zone"": null}",B,must,b2a_mask_dim_05_002_b2a_mask_dim_05_seed123
38eee4d4-7777-819a-b8b1-e19e366e7363,2026-06-29T05:22:00.000Z,2026-06-29T05:31:00.000Z,c4228eddc07a1958959e00e8dff92f007c269755,"{""start"": ""2026-06-29T05:31:00.000+00:00"", ""end"": null, ""time_zone"": null}","effective_bs=1 (gpu_count=1 x per-gpu bs), lr_scaling=none; test_cfg(score_thr=None, max_per_img=None, nms_pre=None, nms_iou=None); split(train 9657 / val 1515 / test 4265)",123,"phase acc/macro-F1/jaccard/edit/seg-F1 (online_causal, jaccard strict)","phase acc=0.9366, macro_f1=0.7866, jaccard=0.7399, edit=43.4028, segF1@50=0.4772
①信号 det→phase。Δ_phase vs S4 base 0.8986±0.0034",completed,lecun,False,"DDP 2GPU (RTX A6000 x2) on lecun, manual launcher (E plan, CUDA_VISIBLE_DEVICES per rank)",file:///home/ubuntu/slocal2/m2/experiments/transfer/b2a_mask_dim_04_002_b2a_mask_dim_04_seed123,"{""start"": ""2026-06-29T05:22:00.000+00:00"", ""end"": null, ""time_zone"": null}",B,must,b2a_mask_dim_04_002_b2a_mask_dim_04_seed123
38eee4d4-7777-8130-9823-d88f6d5cd331,2026-06-29T05:22:00.000Z,2026-06-29T05:31:00.000Z,c4228eddc07a1958959e00e8dff92f007c269755,"{""start"": ""2026-06-29T05:31:00.000+00:00"", ""end"": null, ""time_zone"": null}","effective_bs=1 (gpu_count=1 x per-gpu bs), lr_scaling=none; test_cfg(score_thr=None, max_per_img=None, nms_pre=None, nms_iou=None); split(train 9657 / val 1515 / test 4265)",42,"phase acc/macro-F1/jaccard/edit/seg-F1 (online_causal, jaccard strict)","phase acc=0.9300, macro_f1=0.7892, jaccard=0.7407, edit=39.8148, segF1@50=0.4006
①信号 det→phase。Δ_phase vs S4 base 0.8986±0.0034",completed,lecun,False,"DDP 2GPU (RTX A6000 x2) on lecun, manual launcher (E plan, CUDA_VISIBLE_DEVICES per rank)",file:///home/ubuntu/slocal2/m2/experiments/transfer/b2a_mask_dim_04_001_b2a_mask_dim_04_seed42,"{""start"": ""2026-06-29T05:21:00.000+00:00"", ""end"": null, ""time_zone"": null}",B,must,b2a_mask_dim_04_001_b2a_mask_dim_04_seed42
38eee4d4-7777-8168-8397-c6388d516695,2026-06-29T05:22:00.000Z,2026-06-29T05:31:00.000Z,c4228eddc07a1958959e00e8dff92f007c269755,"{""start"": ""2026-06-29T05:31:00.000+00:00"", ""end"": null, ""time_zone"": null}","effective_bs=1 (gpu_count=1 x per-gpu bs), lr_scaling=none; test_cfg(score_thr=None, max_per_img=None, nms_pre=None, nms_iou=None); split(train 9657 / val 1515 / test 4265)",42,"phase acc/macro-F1/jaccard/edit/seg-F1 (online_causal, jaccard strict)","phase acc=0.9314, macro_f1=0.7912, jaccard=0.7440, edit=37.8609, segF1@50=0.3935
①信号 det→phase。Δ_phase vs S4 base 0.8986±0.0034",completed,lecun,False,"DDP 2GPU (RTX A6000 x2) on lecun, manual launcher (E plan, CUDA_VISIBLE_DEVICES per rank)",file:///home/ubuntu/slocal2/m2/experiments/transfer/b2a_mask_dim_05_001_b2a_mask_dim_05_seed42,"{""start"": ""2026-06-29T05:21:00.000+00:00"", ""end"": null, ""time_zone"": null}",B,must,b2a_mask_dim_05_001_b2a_mask_dim_05_seed42
38eee4d4-7777-8190-b45e-d797879c793b,2026-06-29T05:21:00.000Z,2026-07-05T00:36:00.000Z,c4228eddc07a1958959e00e8dff92f007c269755,"{""start"": ""2026-07-05T00:36:00.000+00:00"", ""end"": null, ""time_zone"": null}","effective_bs=1 (gpu_count=1 x per-gpu bs), lr_scaling=none; test_cfg(score_thr=None, max_per_img=None, nms_pre=None, nms_iou=None); split(train 9657 / val 1515 / test 4265)",456,"phase acc/macro-F1/jaccard/edit/seg-F1 (online_causal, jaccard strict)","phase acc=0.9578, macro_f1=0.8256, jaccard=0.7981, edit=53.0864, segF1@50=0.5532
①信号 det→phase。Δ_phase vs S4 base 0.8986±0.0034",completed,lecun,False,"DDP 2GPU (RTX A6000 x2) on efros, manual launcher (E plan, CUDA_VISIBLE_DEVICES per rank)",file:///home/ubuntu/slocal2/m2/experiments/transfer/b2a_det2phase_oracletool_005_b2a_det2phase_oracletool_seed456,"{""start"": ""2026-06-29T05:21:00.000+00:00"", ""end"": null, ""time_zone"": null}",B,must,b2a_det2phase_oracletool_005_b2a_det2phase_oracletool_seed456
38eee4d4-7777-81ce-bf2c-e5a435532d49,2026-06-29T05:21:00.000Z,2026-06-29T05:31:00.000Z,c4228eddc07a1958959e00e8dff92f007c269755,"{""start"": ""2026-06-29T05:31:00.000+00:00"", ""end"": null, ""time_zone"": null}","effective_bs=1 (gpu_count=1 x per-gpu bs), lr_scaling=none; test_cfg(score_thr=None, max_per_img=None, nms_pre=None, nms_iou=None); split(train 9657 / val 1515 / test 4265)",456,"phase acc/macro-F1/jaccard/edit/seg-F1 (online_causal, jaccard strict)","phase acc=0.9333, macro_f1=0.7959, jaccard=0.7493, edit=40.1154, segF1@50=0.4027
①信号 det→phase。Δ_phase vs S4 base 0.8986±0.0034",completed,lecun,False,"DDP 2GPU (RTX A6000 x2) on lecun, manual launcher (E plan, CUDA_VISIBLE_DEVICES per rank)",file:///home/ubuntu/slocal2/m2/experiments/transfer/b2a_mask_dim_02_003_b2a_mask_dim_02_seed456,"{""start"": ""2026-06-29T05:21:00.000+00:00"", ""end"": null, ""time_zone"": null}",B,must,b2a_mask_dim_02_003_b2a_mask_dim_02_seed456
38eee4d4-7777-81e8-a6bc-d00b00611531,2026-06-29T05:21:00.000Z,2026-06-29T05:31:00.000Z,c4228eddc07a1958959e00e8dff92f007c269755,"{""start"": ""2026-06-29T05:31:00.000+00:00"", ""end"": null, ""time_zone"": null}","effective_bs=1 (gpu_count=1 x per-gpu bs), lr_scaling=none; test_cfg(score_thr=None, max_per_img=None, nms_pre=None, nms_iou=None); split(train 9657 / val 1515 / test 4265)",456,"phase acc/macro-F1/jaccard/edit/seg-F1 (online_causal, jaccard strict)","phase acc=0.9406, macro_f1=0.8016, jaccard=0.7593, edit=50.7407, segF1@50=0.6155
①信号 det→phase。Δ_phase vs S4 base 0.8986±0.0034",completed,lecun,False,"DDP 2GPU (RTX A6000 x2) on lecun, manual launcher (E plan, CUDA_VISIBLE_DEVICES per rank)",file:///home/ubuntu/slocal2/m2/experiments/transfer/b2a_mask_dim_03_003_b2a_mask_dim_03_seed456,"{""start"": ""2026-06-29T05:21:00.000+00:00"", ""end"": null, ""time_zone"": null}",B,must,b2a_mask_dim_03_003_b2a_mask_dim_03_seed456
38eee4d4-7777-811d-a26b-f9834636f285,2026-06-29T05:21:00.000Z,2026-07-05T00:36:00.000Z,c4228eddc07a1958959e00e8dff92f007c269755,"{""start"": ""2026-07-05T00:36:00.000+00:00"", ""end"": null, ""time_zone"": null}","effective_bs=1 (gpu_count=1 x per-gpu bs), lr_scaling=none; test_cfg(score_thr=None, max_per_img=None, nms_pre=None, nms_iou=None); split(train 9657 / val 1515 / test 4265)",123,"phase acc/macro-F1/jaccard/edit/seg-F1 (online_causal, jaccard strict)","phase acc=0.9604, macro_f1=0.8253, jaccard=0.7978, edit=57.4074, segF1@50=0.6376
①信号 det→phase。Δ_phase vs S4 base 0.8986±0.0034",completed,lecun,False,"DDP 2GPU (RTX A6000 x2) on efros, manual launcher (E plan, CUDA_VISIBLE_DEVICES per rank)",file:///home/ubuntu/slocal2/m2/experiments/transfer/b2a_det2phase_oracletool_003_b2a_det2phase_oracletool_seed123,"{""start"": ""2026-06-29T05:20:00.000+00:00"", ""end"": null, ""time_zone"": null}",B,must,b2a_det2phase_oracletool_003_b2a_det2phase_oracletool_seed123
38eee4d4-7777-813e-9b93-cb3f5b9de4ef,2026-06-29T05:21:00.000Z,2026-07-05T00:36:00.000Z,c4228eddc07a1958959e00e8dff92f007c269755,"{""start"": ""2026-07-05T00:36:00.000+00:00"", ""end"": null, ""time_zone"": null}","effective_bs=1 (gpu_count=1 x per-gpu bs), lr_scaling=none; test_cfg(score_thr=None, max_per_img=None, nms_pre=None, nms_iou=None); split(train 9657 / val 1515 / test 4265)",42,"phase acc/macro-F1/jaccard/edit/seg-F1 (online_causal, jaccard strict)","phase acc=0.9518, macro_f1=0.8182, jaccard=0.7853, edit=46.1047, segF1@50=0.4958
①信号 det→phase。Δ_phase vs S4 base 0.8986±0.0034",completed,lecun,False,"DDP 2GPU (RTX A6000 x2) on efros, manual launcher (E plan, CUDA_VISIBLE_DEVICES per rank)",file:///home/ubuntu/slocal2/m2/experiments/transfer/b2a_det2phase_oracletool_004_b2a_det2phase_oracletool_seed42,"{""start"": ""2026-06-29T05:20:00.000+00:00"", ""end"": null, ""time_zone"": null}",B,must,b2a_det2phase_oracletool_004_b2a_det2phase_oracletool_seed42
38eee4d4-7777-81d2-b30f-f61e708536d9,2026-06-29T05:21:00.000Z,2026-06-29T05:31:00.000Z,c4228eddc07a1958959e00e8dff92f007c269755,"{""start"": ""2026-06-29T05:31:00.000+00:00"", ""end"": null, ""time_zone"": null}","effective_bs=1 (gpu_count=1 x per-gpu bs), lr_scaling=none; test_cfg(score_thr=None, max_per_img=None, nms_pre=None, nms_iou=None); split(train 9657 / val 1515 / test 4265)",123,"phase acc/macro-F1/jaccard/edit/seg-F1 (online_causal, jaccard strict)","phase acc=0.9353, macro_f1=0.7856, jaccard=0.7371, edit=43.2497, segF1@50=0.4569
①信号 det→phase。Δ_phase vs S4 base 0.8986±0.0034",completed,lecun,False,"DDP 2GPU (RTX A6000 x2) on lecun, manual launcher (E plan, CUDA_VISIBLE_DEVICES per rank)",file:///home/ubuntu/slocal2/m2/experiments/transfer/b2a_mask_dim_02_002_b2a_mask_dim_02_seed123,"{""start"": ""2026-06-29T05:20:00.000+00:00"", ""end"": null, ""time_zone"": null}",B,must,b2a_mask_dim_02_002_b2a_mask_dim_02_seed123
38eee4d4-7777-81e6-bfda-efa83bd7fd40,2026-06-29T05:21:00.000Z,2026-06-29T05:31:00.000Z,c4228eddc07a1958959e00e8dff92f007c269755,"{""start"": ""2026-06-29T05:31:00.000+00:00"", ""end"": null, ""time_zone"": null}","effective_bs=1 (gpu_count=1 x per-gpu bs), lr_scaling=none; test_cfg(score_thr=None, max_per_img=None, nms_pre=None, nms_iou=None); split(train 9657 / val 1515 / test 4265)",123,"phase acc/macro-F1/jaccard/edit/seg-F1 (online_causal, jaccard strict)","phase acc=0.9360, macro_f1=0.7854, jaccard=0.7379, edit=43.2099, segF1@50=0.4725
①信号 det→phase。Δ_phase vs S4 base 0.8986±0.0034",completed,lecun,False,"DDP 2GPU (RTX A6000 x2) on lecun, manual launcher (E plan, CUDA_VISIBLE_DEVICES per rank)",file:///home/ubuntu/slocal2/m2/experiments/transfer/b2a_mask_dim_03_002_b2a_mask_dim_03_seed123,"{""start"": ""2026-06-29T05:20:00.000+00:00"", ""end"": null, ""time_zone"": null}",B,must,b2a_mask_dim_03_002_b2a_mask_dim_03_seed123
38eee4d4-7777-8101-b4cb-f5a11e286389,2026-06-29T05:20:00.000Z,2026-06-29T05:31:00.000Z,c4228eddc07a1958959e00e8dff92f007c269755,"{""start"": ""2026-06-29T05:31:00.000+00:00"", ""end"": null, ""time_zone"": null}","effective_bs=1 (gpu_count=1 x per-gpu bs), lr_scaling=none; test_cfg(score_thr=None, max_per_img=None, nms_pre=None, nms_iou=None); split(train 9657 / val 1515 / test 4265)",42,"phase acc/macro-F1/jaccard/edit/seg-F1 (online_causal, jaccard strict)","phase acc=0.9360, macro_f1=0.7917, jaccard=0.7450, edit=40.6111, segF1@50=0.4237
①信号 det→phase。Δ_phase vs S4 base 0.8986±0.0034",completed,lecun,False,"DDP 2GPU (RTX A6000 x2) on lecun, manual launcher (E plan, CUDA_VISIBLE_DEVICES per rank)",file:///home/ubuntu/slocal2/m2/experiments/transfer/b2a_mask_dim_02_001_b2a_mask_dim_02_seed42,"{""start"": ""2026-06-29T05:20:00.000+00:00"", ""end"": null, ""time_zone"": null}",B,must,b2a_mask_dim_02_001_b2a_mask_dim_02_seed42
38eee4d4-7777-81b1-a3f9-e921515efe54,2026-06-29T05:20:00.000Z,2026-06-29T05:31:00.000Z,c4228eddc07a1958959e00e8dff92f007c269755,"{""start"": ""2026-06-29T05:31:00.000+00:00"", ""end"": null, ""time_zone"": null}","effective_bs=1 (gpu_count=1 x per-gpu bs), lr_scaling=none; test_cfg(score_thr=None, max_per_img=None, nms_pre=None, nms_iou=None); split(train 9657 / val 1515 / test 4265)",42,"phase acc/macro-F1/jaccard/edit/seg-F1 (online_causal, jaccard strict)","phase acc=0.9347, macro_f1=0.7858, jaccard=0.7373, edit=43.1034, segF1@50=0.4393
①信号 det→phase。Δ_phase vs S4 base 0.8986±0.0034",completed,lecun,False,"DDP 2GPU (RTX A6000 x2) on lecun, manual launcher (E plan, CUDA_VISIBLE_DEVICES per rank)",file:///home/ubuntu/slocal2/m2/experiments/transfer/b2a_mask_dim_03_001_b2a_mask_dim_03_seed42,"{""start"": ""2026-06-29T05:20:00.000+00:00"", ""end"": null, ""time_zone"": null}",B,must,b2a_mask_dim_03_001_b2a_mask_dim_03_seed42
38eee4d4-7777-8101-9d91-e4e054b6a12c,2026-06-29T05:20:00.000Z,2026-06-29T05:31:00.000Z,c4228eddc07a1958959e00e8dff92f007c269755,"{""start"": ""2026-06-29T05:31:00.000+00:00"", ""end"": null, ""time_zone"": null}","effective_bs=1 (gpu_count=1 x per-gpu bs), lr_scaling=none; test_cfg(score_thr=None, max_per_img=None, nms_pre=None, nms_iou=None); split(train 9657 / val 1515 / test 4265)",456,"phase acc/macro-F1/jaccard/edit/seg-F1 (online_causal, jaccard strict)","phase acc=0.9366, macro_f1=0.7922, jaccard=0.7463, edit=42.6768, segF1@50=0.4736
①信号 det→phase。Δ_phase vs S4 base 0.8986±0.0034",completed,lecun,False,"DDP 2GPU (RTX A6000 x2) on lecun, manual launcher (E plan, CUDA_VISIBLE_DEVICES per rank)",file:///home/ubuntu/slocal2/m2/experiments/transfer/b2a_mask_dim_01_003_b2a_mask_dim_01_seed456,"{""start"": ""2026-06-29T05:19:00.000+00:00"", ""end"": null, ""time_zone"": null}",B,must,b2a_mask_dim_01_003_b2a_mask_dim_01_seed456
38eee4d4-7777-819a-bdde-fdac81375005,2026-06-29T05:20:00.000Z,2026-06-29T05:31:00.000Z,c4228eddc07a1958959e00e8dff92f007c269755,"{""start"": ""2026-06-29T05:31:00.000+00:00"", ""end"": null, ""time_zone"": null}","effective_bs=1 (gpu_count=1 x per-gpu bs), lr_scaling=none; test_cfg(score_thr=None, max_per_img=None, nms_pre=None, nms_iou=None); split(train 9657 / val 1515 / test 4265)",456,"phase acc/macro-F1/jaccard/edit/seg-F1 (online_causal, jaccard strict)","phase acc=0.9274, macro_f1=0.7540, jaccard=0.7058, edit=50.7273, segF1@50=0.5609
①信号 det→phase。Δ_phase vs S4 base 0.8986±0.0034",completed,lecun,False,"DDP 2GPU (RTX A6000 x2) on lecun, manual launcher (E plan, CUDA_VISIBLE_DEVICES per rank)",file:///home/ubuntu/slocal2/m2/experiments/transfer/b2a_mask_dim_00_003_b2a_mask_dim_00_seed456,"{""start"": ""2026-06-29T05:19:00.000+00:00"", ""end"": null, ""time_zone"": null}",B,must,b2a_mask_dim_00_003_b2a_mask_dim_00_seed456
38eee4d4-7777-8110-8180-f9d12a60f932,2026-06-29T05:19:00.000Z,2026-06-29T05:21:00.000Z,c4228eddc07a1958959e00e8dff92f007c269755,"{""start"": ""2026-06-29T05:21:00.000+00:00"", ""end"": null, ""time_zone"": null}","effective_bs=1 (gpu_count=1 x per-gpu bs), lr_scaling=none; test_cfg(score_thr=None, max_per_img=None, nms_pre=None, nms_iou=None); split(train 9657 / val 1515 / test 4265)",1000,phase acc/macro-F1/jaccard/edit/seg-F1 (online_causal),"phase acc=0.8363, macro_f1=0.6130, jaccard=0.5371, edit=18.8966, segF1@50=0.1161
②object-token det→phase。Δ_phase vs S4 base 0.8986（within-server）",completed,lecun,False,"DDP 2GPU (RTX A6000 x2) on lecun, manual launcher (E plan, CUDA_VISIBLE_DEVICES per rank)",file:///home/ubuntu/slocal2/m2/experiments/transfer/t1a_shuffle_005_t1a_shuffle_seed1000,"{""start"": ""2026-06-29T05:19:00.000+00:00"", ""end"": null, ""time_zone"": null}",B,must,t1a_shuffle_005_t1a_shuffle_seed1000
38eee4d4-7777-81c9-9cd2-f3e75c55505e,2026-06-29T05:19:00.000Z,2026-06-29T05:21:00.000Z,c4228eddc07a1958959e00e8dff92f007c269755,"{""start"": ""2026-06-29T05:21:00.000+00:00"", ""end"": null, ""time_zone"": null}","effective_bs=1 (gpu_count=1 x per-gpu bs), lr_scaling=none; test_cfg(score_thr=None, max_per_img=None, nms_pre=None, nms_iou=None); split(train 9657 / val 1515 / test 4265)",1000,phase acc/macro-F1/jaccard/edit/seg-F1 (online_causal),"phase acc=0.9459, macro_f1=0.7993, jaccard=0.7552, edit=36.2963, segF1@50=0.3976
②object-token det→phase。Δ_phase vs S4 base 0.8986（within-server）",completed,lecun,False,"DDP 2GPU (RTX A6000 x2) on lecun, manual launcher (E plan, CUDA_VISIBLE_DEVICES per rank)",file:///home/ubuntu/slocal2/m2/experiments/transfer/t1a_region_only_005_t1a_region_only_seed1000,"{""start"": ""2026-06-29T05:19:00.000+00:00"", ""end"": null, ""time_zone"": null}",B,must,t1a_region_only_005_t1a_region_only_seed1000
38eee4d4-7777-814e-8972-fd3ccaae91de,2026-06-29T05:19:00.000Z,2026-06-29T05:31:00.000Z,c4228eddc07a1958959e00e8dff92f007c269755,"{""start"": ""2026-06-29T05:31:00.000+00:00"", ""end"": null, ""time_zone"": null}","effective_bs=1 (gpu_count=1 x per-gpu bs), lr_scaling=none; test_cfg(score_thr=None, max_per_img=None, nms_pre=None, nms_iou=None); split(train 9657 / val 1515 / test 4265)",123,"phase acc/macro-F1/jaccard/edit/seg-F1 (online_causal, jaccard strict)","phase acc=0.9340, macro_f1=0.7840, jaccard=0.7360, edit=41.0101, segF1@50=0.4236
①信号 det→phase。Δ_phase vs S4 base 0.8986±0.0034",completed,lecun,False,"DDP 2GPU (RTX A6000 x2) on lecun, manual launcher (E plan, CUDA_VISIBLE_DEVICES per rank)",file:///home/ubuntu/slocal2/m2/experiments/transfer/b2a_mask_dim_01_002_b2a_mask_dim_01_seed123,"{""start"": ""2026-06-29T05:19:00.000+00:00"", ""end"": null, ""time_zone"": null}",B,must,b2a_mask_dim_01_002_b2a_mask_dim_01_seed123
38eee4d4-7777-81e8-a6ae-ffdf5f221cfd,2026-06-29T05:19:00.000Z,2026-06-29T05:31:00.000Z,c4228eddc07a1958959e00e8dff92f007c269755,"{""start"": ""2026-06-29T05:31:00.000+00:00"", ""end"": null, ""time_zone"": null}","effective_bs=1 (gpu_count=1 x per-gpu bs), lr_scaling=none; test_cfg(score_thr=None, max_per_img=None, nms_pre=None, nms_iou=None); split(train 9657 / val 1515 / test 4265)",123,"phase acc/macro-F1/jaccard/edit/seg-F1 (online_causal, jaccard strict)","phase acc=0.9287, macro_f1=0.7693, jaccard=0.7196, edit=39.6942, segF1@50=0.3674
①信号 det→phase。Δ_phase vs S4 base 0.8986±0.0034",completed,lecun,False,"DDP 2GPU (RTX A6000 x2) on lecun, manual launcher (E plan, CUDA_VISIBLE_DEVICES per rank)",file:///home/ubuntu/slocal2/m2/experiments/transfer/b2a_mask_dim_00_002_b2a_mask_dim_00_seed123,"{""start"": ""2026-06-29T05:19:00.000+00:00"", ""end"": null, ""time_zone"": null}",B,must,b2a_mask_dim_00_002_b2a_mask_dim_00_seed123
38eee4d4-7777-8167-a5ba-c07ccaf51df3,2026-06-29T05:19:00.000Z,2026-06-29T05:21:00.000Z,c4228eddc07a1958959e00e8dff92f007c269755,"{""start"": ""2026-06-29T05:21:00.000+00:00"", ""end"": null, ""time_zone"": null}","effective_bs=1 (gpu_count=1 x per-gpu bs), lr_scaling=none; test_cfg(score_thr=None, max_per_img=None, nms_pre=None, nms_iou=None); split(train 9657 / val 1515 / test 4265)",1000,phase acc/macro-F1/jaccard/edit/seg-F1 (online_causal),"phase acc=0.9479, macro_f1=0.8081, jaccard=0.7691, edit=32.5926, segF1@50=0.3974
②object-token det→phase。Δ_phase vs S4 base 0.8986（within-server）",completed,lecun,False,"DDP 2GPU (RTX A6000 x2) on lecun, manual launcher (E plan, CUDA_VISIBLE_DEVICES per rank)",file:///home/ubuntu/slocal2/m2/experiments/transfer/t1a_deep_3s10l96f_005_t1a_deep_3s10l96f_seed1000,"{""start"": ""2026-06-29T05:18:00.000+00:00"", ""end"": null, ""time_zone"": null}",B,must,t1a_deep_3s10l96f_005_t1a_deep_3s10l96f_seed1000
38eee4d4-7777-819a-9cf0-f08f10cf23fa,2026-06-29T05:19:00.000Z,2026-06-29T05:31:00.000Z,c4228eddc07a1958959e00e8dff92f007c269755,"{""start"": ""2026-06-29T05:31:00.000+00:00"", ""end"": null, ""time_zone"": null}","effective_bs=1 (gpu_count=1 x per-gpu bs), lr_scaling=none; test_cfg(score_thr=None, max_per_img=None, nms_pre=None, nms_iou=None); split(train 9657 / val 1515 / test 4265)",42,"phase acc/macro-F1/jaccard/edit/seg-F1 (online_causal, jaccard strict)","phase acc=0.9393, macro_f1=0.7949, jaccard=0.7507, edit=38.2883, segF1@50=0.4329
①信号 det→phase。Δ_phase vs S4 base 0.8986±0.0034",completed,lecun,False,"DDP 2GPU (RTX A6000 x2) on lecun, manual launcher (E plan, CUDA_VISIBLE_DEVICES per rank)",file:///home/ubuntu/slocal2/m2/experiments/transfer/b2a_mask_dim_01_001_b2a_mask_dim_01_seed42,"{""start"": ""2026-06-29T05:19:00.000+00:00"", ""end"": null, ""time_zone"": null}",B,must,b2a_mask_dim_01_001_b2a_mask_dim_01_seed42
38eee4d4-7777-8117-955b-c9ad1ae8300b,2026-06-29T05:19:00.000Z,2026-06-29T05:31:00.000Z,c4228eddc07a1958959e00e8dff92f007c269755,"{""start"": ""2026-06-29T05:31:00.000+00:00"", ""end"": null, ""time_zone"": null}","effective_bs=1 (gpu_count=1 x per-gpu bs), lr_scaling=none; test_cfg(score_thr=None, max_per_img=None, nms_pre=None, nms_iou=None); split(train 9657 / val 1515 / test 4265)",42,"phase acc/macro-F1/jaccard/edit/seg-F1 (online_causal, jaccard strict)","phase acc=0.9287, macro_f1=0.7652, jaccard=0.7150, edit=34.5726, segF1@50=0.3624
①信号 det→phase。Δ_phase vs S4 base 0.8986±0.0034",completed,lecun,False,"DDP 2GPU (RTX A6000 x2) on lecun, manual launcher (E plan, CUDA_VISIBLE_DEVICES per rank)",file:///home/ubuntu/slocal2/m2/experiments/transfer/b2a_mask_dim_00_001_b2a_mask_dim_00_seed42,"{""start"": ""2026-06-29T05:19:00.000+00:00"", ""end"": null, ""time_zone"": null}",B,must,b2a_mask_dim_00_001_b2a_mask_dim_00_seed42
38eee4d4-7777-816f-832a-e981b5c1b033,2026-06-29T05:19:00.000Z,2026-07-05T00:36:00.000Z,c4228eddc07a1958959e00e8dff92f007c269755,"{""start"": ""2026-07-05T00:36:00.000+00:00"", ""end"": null, ""time_zone"": null}","effective_bs=1 (gpu_count=1 x per-gpu bs), lr_scaling=none; test_cfg(score_thr=None, max_per_img=None, nms_pre=None, nms_iou=None); split(train 9657 / val 1515 / test 4265)",1000,"phase acc/macro-F1/jaccard/edit/seg-F1 (online_causal, jaccard strict)","phase acc=0.9597, macro_f1=0.8257, jaccard=0.7985, edit=57.2650, segF1@50=0.6431
①信号 det→phase。Δ_phase vs S4 base 0.8986±0.0034",completed,lecun,False,"DDP 2GPU (RTX A6000 x2) on efros, manual launcher (E plan, CUDA_VISIBLE_DEVICES per rank)",file:///home/ubuntu/slocal2/m2/experiments/transfer/b2a_det2phase_oracletool_002_b2a_det2phase_oracletool_seed1000,"{""start"": ""2026-06-29T05:18:00.000+00:00"", ""end"": null, ""time_zone"": null}",B,must,b2a_det2phase_oracletool_002_b2a_det2phase_oracletool_seed1000
38eee4d4-7777-811a-8306-f2d485bf1938,2026-06-29T05:18:00.000Z,2026-07-02T13:41:00.000Z,c4228eddc07a1958959e00e8dff92f007c269755,"{""start"": ""2026-07-02T13:41:00.000+00:00"", ""end"": null, ""time_zone"": null}","effective_bs=1 (gpu_count=1 x per-gpu bs), lr_scaling=none; test_cfg(score_thr=None, max_per_img=None, nms_pre=None, nms_iou=None); split(train 9657 / val 1515 / test 4265)",1000,phase acc/macro-F1/jaccard/edit/seg-F1 (online_causal),"phase acc=0.9492, macro_f1=0.8065, jaccard=0.7663, edit=34.7222, segF1@50=0.4218
②object-token det→phase。Δ_phase vs S4 base 0.8986（within-server）",completed,lecun,False,"DDP 2GPU (RTX A6000 x2) on bengio, manual launcher (E plan, CUDA_VISIBLE_DEVICES per rank)",file:///home/ubuntu/slocal2/m2/experiments/transfer/t1a_regiontoken_005_t1a_regiontoken_seed1000,"{""start"": ""2026-06-29T05:18:00.000+00:00"", ""end"": null, ""time_zone"": null}",B,must,t1a_regiontoken_005_t1a_regiontoken_seed1000
38eee4d4-7777-81bb-996b-cd95e8761382,2026-06-29T05:18:00.000Z,2026-07-05T00:37:00.000Z,c4228eddc07a1958959e00e8dff92f007c269755,"{""start"": ""2026-07-05T00:37:00.000+00:00"", ""end"": null, ""time_zone"": null}","effective_bs=1 (gpu_count=1 x per-gpu bs), lr_scaling=none; test_cfg(score_thr=None, max_per_img=None, nms_pre=None, nms_iou=None); split(train 9657 / val 1515 / test 4265)",1000,"phase acc/macro-F1/jaccard/edit/seg-F1 (online_causal, jaccard strict)","phase acc=0.9366, macro_f1=0.7957, jaccard=0.7516, edit=33.1624, segF1@50=0.3702
①信号 det→phase。Δ_phase vs S4 base 0.8986±0.0034",completed,lecun,False,"DDP 2GPU (RTX A6000 x2) on efros, manual launcher (E plan, CUDA_VISIBLE_DEVICES per rank)",file:///home/ubuntu/slocal2/m2/experiments/transfer/b2a_det2phase_toolpresence_002_b2a_det2phase_toolpresence_seed1000,"{""start"": ""2026-06-29T05:18:00.000+00:00"", ""end"": null, ""time_zone"": null}",B,must,b2a_det2phase_toolpresence_002_b2a_det2phase_toolpresence_seed1000
38eee4d4-7777-81e4-9302-cf22d540f521,2026-06-29T05:18:00.000Z,2026-06-29T05:21:00.000Z,c4228eddc07a1958959e00e8dff92f007c269755,"{""start"": ""2026-06-29T05:21:00.000+00:00"", ""end"": null, ""time_zone"": null}","effective_bs=1 (gpu_count=1 x per-gpu bs), lr_scaling=none; test_cfg(score_thr=None, max_per_img=None, nms_pre=None, nms_iou=None); split(train 9657 / val 1515 / test 4265)",789,phase acc/macro-F1/jaccard/edit/seg-F1 (online_causal),"phase acc=0.8686, macro_f1=0.6287, jaccard=0.5782, edit=31.7778, segF1@50=0.3161
②object-token det→phase。Δ_phase vs S4 base 0.8986（within-server）",completed,lecun,False,"DDP 2GPU (RTX A6000 x2) on lecun, manual launcher (E plan, CUDA_VISIBLE_DEVICES per rank)",file:///home/ubuntu/slocal2/m2/experiments/transfer/t1a_shuffle_004_t1a_shuffle_seed789,"{""start"": ""2026-06-29T05:17:00.000+00:00"", ""end"": null, ""time_zone"": null}",B,must,t1a_shuffle_004_t1a_shuffle_seed789
38eee4d4-7777-8164-9d36-fd3c25a5539a,2026-06-29T05:18:00.000Z,2026-06-29T05:21:00.000Z,c4228eddc07a1958959e00e8dff92f007c269755,"{""start"": ""2026-06-29T05:21:00.000+00:00"", ""end"": null, ""time_zone"": null}","effective_bs=1 (gpu_count=1 x per-gpu bs), lr_scaling=none; test_cfg(score_thr=None, max_per_img=None, nms_pre=None, nms_iou=None); split(train 9657 / val 1515 / test 4265)",789,phase acc/macro-F1/jaccard/edit/seg-F1 (online_causal),"phase acc=0.9498, macro_f1=0.8124, jaccard=0.7751, edit=44.0741, segF1@50=0.5091
②object-token det→phase。Δ_phase vs S4 base 0.8986（within-server）",completed,lecun,False,"DDP 2GPU (RTX A6000 x2) on lecun, manual launcher (E plan, CUDA_VISIBLE_DEVICES per rank)",file:///home/ubuntu/slocal2/m2/experiments/transfer/t1a_region_only_004_t1a_region_only_seed789,"{""start"": ""2026-06-29T05:17:00.000+00:00"", ""end"": null, ""time_zone"": null}",B,must,t1a_region_only_004_t1a_region_only_seed789
38eee4d4-7777-81e9-a3df-f2801ed0f1a7,2026-06-29T05:17:00.000Z,2026-06-29T05:21:00.000Z,c4228eddc07a1958959e00e8dff92f007c269755,"{""start"": ""2026-06-29T05:21:00.000+00:00"", ""end"": null, ""time_zone"": null}","effective_bs=1 (gpu_count=1 x per-gpu bs), lr_scaling=none; test_cfg(score_thr=None, max_per_img=None, nms_pre=None, nms_iou=None); split(train 9657 / val 1515 / test 4265)",789,phase acc/macro-F1/jaccard/edit/seg-F1 (online_causal),"phase acc=0.9472, macro_f1=0.8066, jaccard=0.7663, edit=34.7009, segF1@50=0.4043
②object-token det→phase。Δ_phase vs S4 base 0.8986（within-server）",completed,lecun,False,"DDP 2GPU (RTX A6000 x2) on lecun, manual launcher (E plan, CUDA_VISIBLE_DEVICES per rank)",file:///home/ubuntu/slocal2/m2/experiments/transfer/t1a_deep_3s10l96f_004_t1a_deep_3s10l96f_seed789,"{""start"": ""2026-06-29T05:17:00.000+00:00"", ""end"": null, ""time_zone"": null}",B,must,t1a_deep_3s10l96f_004_t1a_deep_3s10l96f_seed789
38eee4d4-7777-81e1-91bc-fc060803804a,2026-06-29T05:17:00.000Z,2026-07-05T00:36:00.000Z,c4228eddc07a1958959e00e8dff92f007c269755,"{""start"": ""2026-07-05T00:36:00.000+00:00"", ""end"": null, ""time_zone"": null}","effective_bs=1 (gpu_count=1 x per-gpu bs), lr_scaling=none; test_cfg(score_thr=None, max_per_img=None, nms_pre=None, nms_iou=None); split(train 9657 / val 1515 / test 4265)",789,"phase acc/macro-F1/jaccard/edit/seg-F1 (online_causal, jaccard strict)","phase acc=0.9617, macro_f1=0.8301, jaccard=0.8059, edit=58.6420, segF1@50=0.5949
①信号 det→phase。Δ_phase vs S4 base 0.8986±0.0034",completed,lecun,False,"DDP 2GPU (RTX A6000 x2) on efros, manual launcher (E plan, CUDA_VISIBLE_DEVICES per rank)",file:///home/ubuntu/slocal2/m2/experiments/transfer/b2a_det2phase_oracletool_001_b2a_det2phase_oracletool_seed789,"{""start"": ""2026-06-29T05:17:00.000+00:00"", ""end"": null, ""time_zone"": null}",B,must,b2a_det2phase_oracletool_001_b2a_det2phase_oracletool_seed789
38eee4d4-7777-8130-b0e5-f662606b45c9,2026-06-29T05:17:00.000Z,2026-07-02T13:41:00.000Z,c4228eddc07a1958959e00e8dff92f007c269755,"{""start"": ""2026-07-02T13:41:00.000+00:00"", ""end"": null, ""time_zone"": null}","effective_bs=1 (gpu_count=1 x per-gpu bs), lr_scaling=none; test_cfg(score_thr=None, max_per_img=None, nms_pre=None, nms_iou=None); split(train 9657 / val 1515 / test 4265)",789,phase acc/macro-F1/jaccard/edit/seg-F1 (online_causal),"phase acc=0.9472, macro_f1=0.7996, jaccard=0.7568, edit=34.0741, segF1@50=0.4113
②object-token det→phase。Δ_phase vs S4 base 0.8986（within-server）",completed,lecun,False,"DDP 2GPU (RTX A6000 x2) on bengio, manual launcher (E plan, CUDA_VISIBLE_DEVICES per rank)",file:///home/ubuntu/slocal2/m2/experiments/transfer/t1a_regiontoken_004_t1a_regiontoken_seed789,"{""start"": ""2026-06-29T05:16:00.000+00:00"", ""end"": null, ""time_zone"": null}",B,must,t1a_regiontoken_004_t1a_regiontoken_seed789
38eee4d4-7777-8114-8902-e4113a417ced,2026-06-29T05:17:00.000Z,2026-07-05T00:37:00.000Z,c4228eddc07a1958959e00e8dff92f007c269755,"{""start"": ""2026-07-05T00:37:00.000+00:00"", ""end"": null, ""time_zone"": null}","effective_bs=1 (gpu_count=1 x per-gpu bs), lr_scaling=none; test_cfg(score_thr=None, max_per_img=None, nms_pre=None, nms_iou=None); split(train 9657 / val 1515 / test 4265)",789,"phase acc/macro-F1/jaccard/edit/seg-F1 (online_causal, jaccard strict)","phase acc=0.9373, macro_f1=0.7914, jaccard=0.7464, edit=51.3333, segF1@50=0.5733
①信号 det→phase。Δ_phase vs S4 base 0.8986±0.0034",completed,lecun,False,"DDP 2GPU (RTX A6000 x2) on efros, manual launcher (E plan, CUDA_VISIBLE_DEVICES per rank)",file:///home/ubuntu/slocal2/m2/experiments/transfer/b2a_det2phase_toolpresence_001_b2a_det2phase_toolpresence_seed789,"{""start"": ""2026-06-29T05:16:00.000+00:00"", ""end"": null, ""time_zone"": null}",B,must,b2a_det2phase_toolpresence_001_b2a_det2phase_toolpresence_seed789
38eee4d4-7777-81be-9075-ee3e370bba17,2026-06-29T04:07:00.000Z,2026-06-29T04:10:00.000Z,c4228eddc07a1958959e00e8dff92f007c269755,"{""start"": ""2026-06-29T04:10:00.000+00:00"", ""end"": null, ""time_zone"": null}","effective_bs=1 (gpu_count=1 x per-gpu bs), lr_scaling=none; test_cfg(score_thr=None, max_per_img=None, nms_pre=None, nms_iou=None); split(train 9657 / val 1515 / test 4265)",456,phase acc/macro-F1/jaccard/edit/seg-F1 (online_causal),"phase acc=0.8587, macro_f1=0.6431, jaccard=0.5787, edit=21.8311, segF1@50=0.0985
②object-token det→phase。Δ_phase vs S4 base 0.8986（within-server）",completed,lecun,False,"DDP 2GPU (RTX A6000 x2) on lecun, manual launcher (E plan, CUDA_VISIBLE_DEVICES per rank)",file:///home/ubuntu/slocal2/m2/experiments/transfer/t1a_shuffle_003_t1a_shuffle_seed456,"{""start"": ""2026-06-29T04:07:00.000+00:00"", ""end"": null, ""time_zone"": null}",B,must,t1a_shuffle_003_t1a_shuffle_seed456
38eee4d4-7777-8189-a9af-fb8dde41567a,2026-06-29T04:06:00.000Z,2026-06-29T04:10:00.000Z,c4228eddc07a1958959e00e8dff92f007c269755,"{""start"": ""2026-06-29T04:10:00.000+00:00"", ""end"": null, ""time_zone"": null}","effective_bs=1 (gpu_count=1 x per-gpu bs), lr_scaling=none; test_cfg(score_thr=None, max_per_img=None, nms_pre=None, nms_iou=None); split(train 9657 / val 1515 / test 4265)",42,phase acc/macro-F1/jaccard/edit/seg-F1 (online_causal),"phase acc=0.8601, macro_f1=0.6316, jaccard=0.5754, edit=21.0909, segF1@50=0.2499
②object-token det→phase。Δ_phase vs S4 base 0.8986（within-server）",completed,lecun,False,"DDP 2GPU (RTX A6000 x2) on lecun, manual launcher (E plan, CUDA_VISIBLE_DEVICES per rank)",file:///home/ubuntu/slocal2/m2/experiments/transfer/t1a_shuffle_001_t1a_shuffle_seed42,"{""start"": ""2026-06-29T04:06:00.000+00:00"", ""end"": null, ""time_zone"": null}",B,must,t1a_shuffle_001_t1a_shuffle_seed42
38eee4d4-7777-813a-8872-e3b397f81667,2026-06-29T04:06:00.000Z,2026-06-29T04:10:00.000Z,c4228eddc07a1958959e00e8dff92f007c269755,"{""start"": ""2026-06-29T04:10:00.000+00:00"", ""end"": null, ""time_zone"": null}","effective_bs=1 (gpu_count=1 x per-gpu bs), lr_scaling=none; test_cfg(score_thr=None, max_per_img=None, nms_pre=None, nms_iou=None); split(train 9657 / val 1515 / test 4265)",123,phase acc/macro-F1/jaccard/edit/seg-F1 (online_causal),"phase acc=0.8627, macro_f1=0.6328, jaccard=0.5580, edit=25.0487, segF1@50=0.1952
②object-token det→phase。Δ_phase vs S4 base 0.8986（within-server）",completed,lecun,False,"DDP 2GPU (RTX A6000 x2) on lecun, manual launcher (E plan, CUDA_VISIBLE_DEVICES per rank)",file:///home/ubuntu/slocal2/m2/experiments/transfer/t1a_shuffle_002_t1a_shuffle_seed123,"{""start"": ""2026-06-29T04:06:00.000+00:00"", ""end"": null, ""time_zone"": null}",B,must,t1a_shuffle_002_t1a_shuffle_seed123
38bee4d4-7777-8134-8ecb-d995bb3d5375,2026-06-26T04:43:00.000Z,2026-06-26T07:09:00.000Z,ffda10f8d76f10e2ad6786ac7f9339ad9db9c9b7,"{""start"": ""2026-06-26T04:44:00.000+00:00"", ""end"": null, ""time_zone"": null}","effective_bs=1 (gpu_count=1 x per-gpu bs), lr_scaling=none; test_cfg(score_thr=None, max_per_img=None, nms_pre=None, nms_iou=None); split(train 9657 / val 1515 / test 4265)",456,phase acc/macro-F1/jaccard/edit/seg-F1 (online_causal),"phase acc=0.9472, macro_f1=0.8024, jaccard=0.7614, edit=33.4539, segF1@50=0.4027
②object-token det→phase。Δ_phase vs S4 base 0.8986（within-server）",completed,lecun,False,"DDP 2GPU (RTX A6000 x2) on lecun, manual launcher (E plan, CUDA_VISIBLE_DEVICES per rank)",file:///home/ubuntu/slocal2/m2/experiments/transfer/t1a_region_only_003_t1a_region_only_seed456,"{""start"": ""2026-06-26T04:43:00.000+00:00"", ""end"": null, ""time_zone"": null}",B,must,t1a_region_only_003_t1a_region_only_seed456
38bee4d4-7777-814d-aa8b-e5d5afca5804,2026-06-26T04:42:00.000Z,2026-06-26T07:08:00.000Z,ffda10f8d76f10e2ad6786ac7f9339ad9db9c9b7,"{""start"": ""2026-06-26T04:44:00.000+00:00"", ""end"": null, ""time_zone"": null}","effective_bs=1 (gpu_count=1 x per-gpu bs), lr_scaling=none; test_cfg(score_thr=None, max_per_img=None, nms_pre=None, nms_iou=None); split(train 9657 / val 1515 / test 4265)",42,phase acc/macro-F1/jaccard/edit/seg-F1 (online_causal),"phase acc=0.9472, macro_f1=0.8006, jaccard=0.7587, edit=36.2963, segF1@50=0.4429
②object-token det→phase。Δ_phase vs S4 base 0.8986（within-server）",completed,lecun,False,"DDP 2GPU (RTX A6000 x2) on lecun, manual launcher (E plan, CUDA_VISIBLE_DEVICES per rank)",file:///home/ubuntu/slocal2/m2/experiments/transfer/t1a_region_only_001_t1a_region_only_seed42,"{""start"": ""2026-06-26T04:42:00.000+00:00"", ""end"": null, ""time_zone"": null}",B,must,t1a_region_only_001_t1a_region_only_seed42
38bee4d4-7777-8199-9f5e-e607460422dd,2026-06-26T04:42:00.000Z,2026-06-26T07:08:00.000Z,ffda10f8d76f10e2ad6786ac7f9339ad9db9c9b7,"{""start"": ""2026-06-26T04:44:00.000+00:00"", ""end"": null, ""time_zone"": null}","effective_bs=1 (gpu_count=1 x per-gpu bs), lr_scaling=none; test_cfg(score_thr=None, max_per_img=None, nms_pre=None, nms_iou=None); split(train 9657 / val 1515 / test 4265)",123,phase acc/macro-F1/jaccard/edit/seg-F1 (online_causal),"phase acc=0.9498, macro_f1=0.8112, jaccard=0.7742, edit=38.0307, segF1@50=0.4566
②object-token det→phase。Δ_phase vs S4 base 0.8986（within-server）",completed,lecun,False,"DDP 2GPU (RTX A6000 x2) on lecun, manual launcher (E plan, CUDA_VISIBLE_DEVICES per rank)",file:///home/ubuntu/slocal2/m2/experiments/transfer/t1a_region_only_002_t1a_region_only_seed123,"{""start"": ""2026-06-26T04:42:00.000+00:00"", ""end"": null, ""time_zone"": null}",B,must,t1a_region_only_002_t1a_region_only_seed123
38bee4d4-7777-816e-825e-ebc4b6e67df6,2026-06-26T00:31:00.000Z,2026-06-26T07:08:00.000Z,ffda10f8d76f10e2ad6786ac7f9339ad9db9c9b7,"{""start"": ""2026-06-26T00:31:00.000+00:00"", ""end"": null, ""time_zone"": null}","effective_bs=1 (gpu_count=1 x per-gpu bs), lr_scaling=none; test_cfg(score_thr=None, max_per_img=None, nms_pre=None, nms_iou=None); split(train 9657 / val 1515 / test 4265)",456,phase acc/macro-F1/jaccard/edit/seg-F1 (online_causal),"phase acc=0.9485, macro_f1=0.8139, jaccard=0.7767, edit=30.8084, segF1@50=0.3636
②object-token det→phase。Δ_phase vs S4 base 0.8986（within-server）",completed,lecun,False,"DDP 2GPU (RTX A6000 x2) on lecun, manual launcher (E plan, CUDA_VISIBLE_DEVICES per rank)",file:///home/ubuntu/slocal2/m2/experiments/transfer/t1a_deep_3s10l96f_003_t1a_deep_3s10l96f_seed456,"{""start"": ""2026-06-26T00:28:00.000+00:00"", ""end"": null, ""time_zone"": null}",B,must,t1a_deep_3s10l96f_003_t1a_deep_3s10l96f_seed456
38bee4d4-7777-81fa-b4d4-d9490c405fcd,2026-06-26T00:31:00.000Z,2026-06-26T07:08:00.000Z,ffda10f8d76f10e2ad6786ac7f9339ad9db9c9b7,"{""start"": ""2026-06-26T00:31:00.000+00:00"", ""end"": null, ""time_zone"": null}","effective_bs=1 (gpu_count=1 x per-gpu bs), lr_scaling=none; test_cfg(score_thr=None, max_per_img=None, nms_pre=None, nms_iou=None); split(train 9657 / val 1515 / test 4265)",123,phase acc/macro-F1/jaccard/edit/seg-F1 (online_causal),"phase acc=0.9485, macro_f1=0.8141, jaccard=0.7778, edit=36.2963, segF1@50=0.4569
②object-token det→phase。Δ_phase vs S4 base 0.8986（within-server）",completed,lecun,False,"DDP 2GPU (RTX A6000 x2) on lecun, manual launcher (E plan, CUDA_VISIBLE_DEVICES per rank)",file:///home/ubuntu/slocal2/m2/experiments/transfer/t1a_deep_3s10l96f_002_t1a_deep_3s10l96f_seed123,"{""start"": ""2026-06-26T00:28:00.000+00:00"", ""end"": null, ""time_zone"": null}",B,must,t1a_deep_3s10l96f_002_t1a_deep_3s10l96f_seed123
38bee4d4-7777-81fb-9266-f2a8b6612659,2026-06-26T00:31:00.000Z,2026-06-26T07:08:00.000Z,ffda10f8d76f10e2ad6786ac7f9339ad9db9c9b7,"{""start"": ""2026-06-26T00:31:00.000+00:00"", ""end"": null, ""time_zone"": null}","effective_bs=1 (gpu_count=1 x per-gpu bs), lr_scaling=none; test_cfg(score_thr=None, max_per_img=None, nms_pre=None, nms_iou=None); split(train 9657 / val 1515 / test 4265)",42,phase acc/macro-F1/jaccard/edit/seg-F1 (online_causal),"phase acc=0.9452, macro_f1=0.8073, jaccard=0.7670, edit=34.3972, segF1@50=0.4045
②object-token det→phase。Δ_phase vs S4 base 0.8986（within-server）",completed,lecun,False,"DDP 2GPU (RTX A6000 x2) on lecun, manual launcher (E plan, CUDA_VISIBLE_DEVICES per rank)",file:///home/ubuntu/slocal2/m2/experiments/transfer/t1a_deep_3s10l96f_001_t1a_deep_3s10l96f_seed42,"{""start"": ""2026-06-26T00:28:00.000+00:00"", ""end"": null, ""time_zone"": null}",B,must,t1a_deep_3s10l96f_001_t1a_deep_3s10l96f_seed42
38aee4d4-7777-81e0-83a8-c94d4d231cd0,2026-06-25T01:28:00.000Z,2026-06-26T07:34:00.000Z,ffda10f8d76f,"{""start"": ""2026-06-25T01:26:00.000+00:00"", ""end"": null, ""time_zone"": null}","task=detection, split=val(1515), metric=COCO mAP@IoU[0.5:0.95]. test_cfg=NMS_FREE (score_thr=1e-8, max_per_img=300, nms_pre=3000, nms_iou=0.6). detector=relation_detr_resnet50 frozen+warm-start best_ap.pth (seed-specific), phase_inject=cross-attn + per-frame entropy gate (tau=0.15, scale=20, gated_ctx = ctx * sigmoid((tau-H_normalized)*scale)), num_phases=9, zero-init out_proj=恒等. training: epochs=6, lr=1e-4, film_lr=5e-4, trainable=film(phase 層のみ), warm-start assert per-seed. eval_recipe locked-down (configs/notion.yaml 固定条件).",456,"det mAP (best-init=warm-start S0-frozen, 同一eval); phase->det 純効果 = 注入(real-ctx) - 対照(zero-ctx) + entropy gate (tau=0.15, scale=20)","det mAP(ctrl, zero-ctx)=0.72204 = init(warm-start)=0.72166 (best@ep3); 注入対照（phase context=0、gate≈zero）
H-C-v1 = T1b-CA + entropy gate (tau=0.15, scale=20). 3-seed 純効果 dDet(inj-ctrl)=s42 +0.00000 / s123 +0.00087 / s456 +0.00033, mean +0.00040, paired-sigma |mean|/s=1.12. vs T1b-CA +0.00178 (gate 単体寄与の差).",completed,lecun,False,"lecun (RTX A6000 49GB) x1 (single-GPU run, wave-by-wave parallel in 2GPU)",file:///home/ubuntu/slocal2/m2/transfer/hc_seed456,"{""start"": ""2026-06-24T21:31:00.000+00:00"", ""end"": null, ""time_zone"": null}",B,must,hc_ctrl_seed456
38aee4d4-7777-8162-b3df-c0e7b9aafd0c,2026-06-25T01:28:00.000Z,2026-06-26T07:34:00.000Z,ffda10f8d76f,"{""start"": ""2026-06-24T17:35:00.000+00:00"", ""end"": null, ""time_zone"": null}","task=detection, split=val(1515), metric=COCO mAP@IoU[0.5:0.95]. test_cfg=NMS_FREE (score_thr=1e-8, max_per_img=300, nms_pre=3000, nms_iou=0.6). detector=relation_detr_resnet50 frozen+warm-start best_ap.pth (seed-specific), phase_inject=cross-attn + per-frame entropy gate (tau=0.15, scale=20, gated_ctx = ctx * sigmoid((tau-H_normalized)*scale)), num_phases=9, zero-init out_proj=恒等. training: epochs=6, lr=1e-4, film_lr=5e-4, trainable=film(phase 層のみ), warm-start assert per-seed. eval_recipe locked-down (configs/notion.yaml 固定条件).",456,"det mAP (best-init=warm-start S0-frozen, 同一eval); phase->det 純効果 = 注入(real-ctx) - 対照(zero-ctx) + entropy gate (tau=0.15, scale=20)","det mAP(inj, real-ctx)=0.72238, init/warm-start=0.72166; 対照 ctrl(zero-ctx)=0.72204 -> 純効果 dDet(inj-ctrl)=+0.00033 (best@ep1)
H-C-v1 = T1b-CA + entropy gate (tau=0.15, scale=20). 3-seed 純効果 dDet(inj-ctrl)=s42 +0.00000 / s123 +0.00087 / s456 +0.00033, mean +0.00040, paired-sigma |mean|/s=1.12. vs T1b-CA +0.00178 (gate 単体寄与の差).",completed,lecun,False,"lecun (RTX A6000 49GB) x1 (single-GPU run, wave-by-wave parallel in 2GPU)",file:///home/ubuntu/slocal2/m2/transfer/hc_seed456,"{""start"": ""2026-06-24T13:40:00.000+00:00"", ""end"": null, ""time_zone"": null}",B,must,hc_inj_seed456
38aee4d4-7777-81ca-a0e2-df3cb6f9c077,2026-06-25T01:28:00.000Z,2026-06-26T07:34:00.000Z,ffda10f8d76f,"{""start"": ""2026-06-24T21:31:00.000+00:00"", ""end"": null, ""time_zone"": null}","task=detection, split=val(1515), metric=COCO mAP@IoU[0.5:0.95]. test_cfg=NMS_FREE (score_thr=1e-8, max_per_img=300, nms_pre=3000, nms_iou=0.6). detector=relation_detr_resnet50 frozen+warm-start best_ap.pth (seed-specific), phase_inject=cross-attn + per-frame entropy gate (tau=0.15, scale=20, gated_ctx = ctx * sigmoid((tau-H_normalized)*scale)), num_phases=9, zero-init out_proj=恒等. training: epochs=6, lr=1e-4, film_lr=5e-4, trainable=film(phase 層のみ), warm-start assert per-seed. eval_recipe locked-down (configs/notion.yaml 固定条件).",123,"det mAP (best-init=warm-start S0-frozen, 同一eval); phase->det 純効果 = 注入(real-ctx) - 対照(zero-ctx) + entropy gate (tau=0.15, scale=20)","det mAP(ctrl, zero-ctx)=0.72919 = init(warm-start)=0.72919 (best@ep-1); 注入対照（phase context=0、gate≈zero）
H-C-v1 = T1b-CA + entropy gate (tau=0.15, scale=20). 3-seed 純効果 dDet(inj-ctrl)=s42 +0.00000 / s123 +0.00087 / s456 +0.00033, mean +0.00040, paired-sigma |mean|/s=1.12. vs T1b-CA +0.00178 (gate 単体寄与の差).",completed,lecun,False,"lecun (RTX A6000 49GB) x1 (single-GPU run, wave-by-wave parallel in 2GPU)",file:///home/ubuntu/slocal2/m2/transfer/hc_seed123,"{""start"": ""2026-06-24T17:36:00.000+00:00"", ""end"": null, ""time_zone"": null}",B,must,hc_ctrl_seed123
38aee4d4-7777-81cb-991c-c3a8975fc07c,2026-06-25T01:27:00.000Z,2026-06-26T07:34:00.000Z,ffda10f8d76f,"{""start"": ""2026-06-24T13:41:00.000+00:00"", ""end"": null, ""time_zone"": null}","task=detection, split=val(1515), metric=COCO mAP@IoU[0.5:0.95]. test_cfg=NMS_FREE (score_thr=1e-8, max_per_img=300, nms_pre=3000, nms_iou=0.6). detector=relation_detr_resnet50 frozen+warm-start best_ap.pth (seed-specific), phase_inject=cross-attn + per-frame entropy gate (tau=0.15, scale=20, gated_ctx = ctx * sigmoid((tau-H_normalized)*scale)), num_phases=9, zero-init out_proj=恒等. training: epochs=6, lr=1e-4, film_lr=5e-4, trainable=film(phase 層のみ), warm-start assert per-seed. eval_recipe locked-down (configs/notion.yaml 固定条件).",123,"det mAP (best-init=warm-start S0-frozen, 同一eval); phase->det 純効果 = 注入(real-ctx) - 対照(zero-ctx) + entropy gate (tau=0.15, scale=20)","det mAP(inj, real-ctx)=0.73007, init/warm-start=0.72919; 対照 ctrl(zero-ctx)=0.72919 -> 純効果 dDet(inj-ctrl)=+0.00087 (best@ep5)
H-C-v1 = T1b-CA + entropy gate (tau=0.15, scale=20). 3-seed 純効果 dDet(inj-ctrl)=s42 +0.00000 / s123 +0.00087 / s456 +0.00033, mean +0.00040, paired-sigma |mean|/s=1.12. vs T1b-CA +0.00178 (gate 単体寄与の差).",completed,lecun,False,"lecun (RTX A6000 49GB) x1 (single-GPU run, wave-by-wave parallel in 2GPU)",file:///home/ubuntu/slocal2/m2/transfer/hc_seed123,"{""start"": ""2026-06-24T09:46:00.000+00:00"", ""end"": null, ""time_zone"": null}",B,must,hc_inj_seed123
38aee4d4-7777-8150-9913-f0f8838b6209,2026-06-25T01:27:00.000Z,2026-06-26T07:34:00.000Z,ffda10f8d76f,"{""start"": ""2026-06-24T21:30:00.000+00:00"", ""end"": null, ""time_zone"": null}","task=detection, split=val(1515), metric=COCO mAP@IoU[0.5:0.95]. test_cfg=NMS_FREE (score_thr=1e-8, max_per_img=300, nms_pre=3000, nms_iou=0.6). detector=relation_detr_resnet50 frozen+warm-start best_ap.pth (seed-specific), phase_inject=cross-attn + per-frame entropy gate (tau=0.15, scale=20, gated_ctx = ctx * sigmoid((tau-H_normalized)*scale)), num_phases=9, zero-init out_proj=恒等. training: epochs=6, lr=1e-4, film_lr=5e-4, trainable=film(phase 層のみ), warm-start assert per-seed. eval_recipe locked-down (configs/notion.yaml 固定条件).",42,"det mAP (best-init=warm-start S0-frozen, 同一eval); phase->det 純効果 = 注入(real-ctx) - 対照(zero-ctx) + entropy gate (tau=0.15, scale=20)","det mAP(ctrl, zero-ctx)=0.73031 = init(warm-start)=0.73031 (best@ep-1); 注入対照（phase context=0、gate≈zero）
H-C-v1 = T1b-CA + entropy gate (tau=0.15, scale=20). 3-seed 純効果 dDet(inj-ctrl)=s42 +0.00000 / s123 +0.00087 / s456 +0.00033, mean +0.00040, paired-sigma |mean|/s=1.12. vs T1b-CA +0.00178 (gate 単体寄与の差).",completed,lecun,False,"lecun (RTX A6000 49GB) x1 (single-GPU run, wave-by-wave parallel in 2GPU)",file:///home/ubuntu/slocal2/m2/transfer/hc_seed42,"{""start"": ""2026-06-24T17:35:00.000+00:00"", ""end"": null, ""time_zone"": null}",B,must,hc_ctrl_seed42
38aee4d4-7777-819b-8bca-dfa54cee2e4c,2026-06-25T01:27:00.000Z,2026-06-26T07:34:00.000Z,ffda10f8d76f,"{""start"": ""2026-06-24T13:38:00.000+00:00"", ""end"": null, ""time_zone"": null}","task=detection, split=val(1515), metric=COCO mAP@IoU[0.5:0.95]. test_cfg=NMS_FREE (score_thr=1e-8, max_per_img=300, nms_pre=3000, nms_iou=0.6). detector=relation_detr_resnet50 frozen+warm-start best_ap.pth (seed-specific), phase_inject=cross-attn + per-frame entropy gate (tau=0.15, scale=20, gated_ctx = ctx * sigmoid((tau-H_normalized)*scale)), num_phases=9, zero-init out_proj=恒等. training: epochs=6, lr=1e-4, film_lr=5e-4, trainable=film(phase 層のみ), warm-start assert per-seed. eval_recipe locked-down (configs/notion.yaml 固定条件).",42,"det mAP (best-init=warm-start S0-frozen, 同一eval); phase->det 純効果 = 注入(real-ctx) - 対照(zero-ctx) + entropy gate (tau=0.15, scale=20)","det mAP(inj, real-ctx)=0.73031, init/warm-start=0.73031; 対照 ctrl(zero-ctx)=0.73031 -> 純効果 dDet(inj-ctrl)=+0.00000 (best@ep-1)
H-C-v1 = T1b-CA + entropy gate (tau=0.15, scale=20). 3-seed 純効果 dDet(inj-ctrl)=s42 +0.00000 / s123 +0.00087 / s456 +0.00033, mean +0.00040, paired-sigma |mean|/s=1.12. vs T1b-CA +0.00178 (gate 単体寄与の差).",completed,lecun,False,"lecun (RTX A6000 49GB) x1 (single-GPU run, wave-by-wave parallel in 2GPU)",file:///home/ubuntu/slocal2/m2/transfer/hc_seed42,"{""start"": ""2026-06-24T09:43:00.000+00:00"", ""end"": null, ""time_zone"": null}",B,must,hc_inj_seed42
388ee4d4-7777-816f-ac22-d9d99ee0332f,2026-06-23T11:20:00.000Z,2026-06-26T07:34:00.000Z,965d5e412283,"{""start"": ""2026-06-23T06:02:00.000+00:00"", ""end"": null, ""time_zone"": null}","task=detection, split=val(1515), metric=COCO mAP@IoU[0.5:0.95]. test_cfg=NMS_FREE (score_thr=1e-8, max_per_img=300, nms_pre=3000, nms_iou=0.6). detector=relation_detr_resnet50 frozen+warm-start best_ap.pth (seed-specific), phase_inject=cross-attn (zero-init out_proj=恒等), num_phases=9. training: epochs=6, lr=1e-4, film_lr=5e-4, trainable=film(phase 層のみ), warm-start assert per-seed measure-only init mAP. eval_recipe locked-down (configs/notion.yaml 固定条件).",456,"det mAP (best-init=warm-start S0-frozen, 同一eval); phase->det 純効果 = 注入(real-ctx) - 対照(zero-ctx)","det mAP(ctrl, zero-ctx)=0.72191 = init(warm-start)=0.72166 (best@ep3); 注入対照（phase context=0 で fine-tune）
T1b-CA §4.6 primary cross-attn. 3-seed 純効果 dDet(inj-ctrl)=s42 +0.00245 / s123 +0.00161 / s456 +0.00127, mean +0.00178, paired-sigma |mean|/s=3.58 全正だが分母σ=0.0052以下=実用上微小。CA≈FiLM(+0.0019)。",completed,lecun,False,"lecun (RTX A6000 49GB) x1 (single-GPU run, wave-by-wave parallel in 2GPU)",file:///home/ubuntu/slocal2/m2/transfer/t1b_ca_seed456_lecun,"{""start"": ""2026-06-23T02:07:00.000+00:00"", ""end"": null, ""time_zone"": null}",B,must,t1b_ca_ctrl_seed456
388ee4d4-7777-81dc-8324-cdc8447a28b5,2026-06-23T11:20:00.000Z,2026-06-26T07:34:00.000Z,965d5e412283,"{""start"": ""2026-06-23T01:55:00.000+00:00"", ""end"": null, ""time_zone"": null}","task=detection, split=val(1515), metric=COCO mAP@IoU[0.5:0.95]. test_cfg=NMS_FREE (score_thr=1e-8, max_per_img=300, nms_pre=3000, nms_iou=0.6). detector=relation_detr_resnet50 frozen+warm-start best_ap.pth (seed-specific), phase_inject=cross-attn (zero-init out_proj=恒等), num_phases=9. training: epochs=6, lr=1e-4, film_lr=5e-4, trainable=film(phase 層のみ), warm-start assert per-seed measure-only init mAP. eval_recipe locked-down (configs/notion.yaml 固定条件).",456,"det mAP (best-init=warm-start S0-frozen, 同一eval); phase->det 純効果 = 注入(real-ctx) - 対照(zero-ctx)","det mAP(inj, real-ctx)=0.72319, init/warm-start=0.72166; 対照 ctrl(zero-ctx)=0.72191 -> 純効果 dDet(inj-ctrl)=+0.00127 (best@ep3)
T1b-CA §4.6 primary cross-attn. 3-seed 純効果 dDet(inj-ctrl)=s42 +0.00245 / s123 +0.00161 / s456 +0.00127, mean +0.00178, paired-sigma |mean|/s=3.58 全正だが分母σ=0.0052以下=実用上微小。CA≈FiLM(+0.0019)。",completed,lecun,False,"lecun (RTX A6000 49GB) x1 (single-GPU run, wave-by-wave parallel in 2GPU)",file:///home/ubuntu/slocal2/m2/transfer/t1b_ca_seed456_lecun,"{""start"": ""2026-06-22T22:00:00.000+00:00"", ""end"": null, ""time_zone"": null}",B,must,t1b_ca_inj_seed456
388ee4d4-7777-81e1-9bf3-c664b8fb417e,2026-06-23T11:20:00.000Z,2026-06-26T07:34:00.000Z,965d5e412283,"{""start"": ""2026-06-23T06:02:00.000+00:00"", ""end"": null, ""time_zone"": null}","task=detection, split=val(1515), metric=COCO mAP@IoU[0.5:0.95]. test_cfg=NMS_FREE (score_thr=1e-8, max_per_img=300, nms_pre=3000, nms_iou=0.6). detector=relation_detr_resnet50 frozen+warm-start best_ap.pth (seed-specific), phase_inject=cross-attn (zero-init out_proj=恒等), num_phases=9. training: epochs=6, lr=1e-4, film_lr=5e-4, trainable=film(phase 層のみ), warm-start assert per-seed measure-only init mAP. eval_recipe locked-down (configs/notion.yaml 固定条件).",123,"det mAP (best-init=warm-start S0-frozen, 同一eval); phase->det 純効果 = 注入(real-ctx) - 対照(zero-ctx)","det mAP(ctrl, zero-ctx)=0.72919 = init(warm-start)=0.72919 (best@ep-1); 注入対照（phase context=0 で fine-tune）
T1b-CA §4.6 primary cross-attn. 3-seed 純効果 dDet(inj-ctrl)=s42 +0.00245 / s123 +0.00161 / s456 +0.00127, mean +0.00178, paired-sigma |mean|/s=3.58 全正だが分母σ=0.0052以下=実用上微小。CA≈FiLM(+0.0019)。",completed,lecun,False,"lecun (RTX A6000 49GB) x1 (single-GPU run, wave-by-wave parallel in 2GPU)",file:///home/ubuntu/slocal2/m2/transfer/t1b_ca_seed123_lecun,"{""start"": ""2026-06-23T02:07:00.000+00:00"", ""end"": null, ""time_zone"": null}",B,must,t1b_ca_ctrl_seed123
388ee4d4-7777-8177-a51d-f0a8a77c3422,2026-06-23T11:20:00.000Z,2026-06-26T07:34:00.000Z,965d5e412283,"{""start"": ""2026-06-23T01:57:00.000+00:00"", ""end"": null, ""time_zone"": null}","task=detection, split=val(1515), metric=COCO mAP@IoU[0.5:0.95]. test_cfg=NMS_FREE (score_thr=1e-8, max_per_img=300, nms_pre=3000, nms_iou=0.6). detector=relation_detr_resnet50 frozen+warm-start best_ap.pth (seed-specific), phase_inject=cross-attn (zero-init out_proj=恒等), num_phases=9. training: epochs=6, lr=1e-4, film_lr=5e-4, trainable=film(phase 層のみ), warm-start assert per-seed measure-only init mAP. eval_recipe locked-down (configs/notion.yaml 固定条件).",123,"det mAP (best-init=warm-start S0-frozen, 同一eval); phase->det 純効果 = 注入(real-ctx) - 対照(zero-ctx)","det mAP(inj, real-ctx)=0.73080, init/warm-start=0.72919; 対照 ctrl(zero-ctx)=0.72919 -> 純効果 dDet(inj-ctrl)=+0.00161 (best@ep2)
T1b-CA §4.6 primary cross-attn. 3-seed 純効果 dDet(inj-ctrl)=s42 +0.00245 / s123 +0.00161 / s456 +0.00127, mean +0.00178, paired-sigma |mean|/s=3.58 全正だが分母σ=0.0052以下=実用上微小。CA≈FiLM(+0.0019)。",completed,lecun,False,"lecun (RTX A6000 49GB) x1 (single-GPU run, wave-by-wave parallel in 2GPU)",file:///home/ubuntu/slocal2/m2/transfer/t1b_ca_seed123_lecun,"{""start"": ""2026-06-22T22:02:00.000+00:00"", ""end"": null, ""time_zone"": null}",B,must,t1b_ca_inj_seed123
388ee4d4-7777-812a-b822-ea4ade108fc2,2026-06-23T11:20:00.000Z,2026-06-26T07:34:00.000Z,965d5e412283,"{""start"": ""2026-06-22T18:26:00.000+00:00"", ""end"": null, ""time_zone"": null}","task=detection, split=val(1515), metric=COCO mAP@IoU[0.5:0.95]. test_cfg=NMS_FREE (score_thr=1e-8, max_per_img=300, nms_pre=3000, nms_iou=0.6). detector=relation_detr_resnet50 frozen+warm-start best_ap.pth (seed-specific), phase_inject=cross-attn (zero-init out_proj=恒等), num_phases=9. training: epochs=6, lr=1e-4, film_lr=5e-4, trainable=film(phase 層のみ), warm-start assert per-seed measure-only init mAP. eval_recipe locked-down (configs/notion.yaml 固定条件).",42,"det mAP (best-init=warm-start S0-frozen, 同一eval); phase->det 純効果 = 注入(real-ctx) - 対照(zero-ctx)","det mAP(ctrl, zero-ctx)=0.73029 = init(warm-start)=0.73029 (best@ep-1); 注入対照（phase context=0 で fine-tune）
T1b-CA §4.6 primary cross-attn. 3-seed 純効果 dDet(inj-ctrl)=s42 +0.00245 / s123 +0.00161 / s456 +0.00127, mean +0.00178, paired-sigma |mean|/s=3.58 全正だが分母σ=0.0052以下=実用上微小。CA≈FiLM(+0.0019)。",completed,bengio,False,bengio (RTX 6000 Ada 48GB) x1 (T1b-CA seed42 fixed-init dedicated),file:///home/ubuntu/slocal2/m2/transfer/t1b_ca_seed42_bengio,"{""start"": ""2026-06-22T14:31:00.000+00:00"", ""end"": null, ""time_zone"": null}",B,must,t1b_ca_ctrl_seed42
388ee4d4-7777-81a0-8189-c6e1f1e4d2af,2026-06-23T11:20:00.000Z,2026-06-26T07:34:00.000Z,965d5e412283,"{""start"": ""2026-06-22T18:26:00.000+00:00"", ""end"": null, ""time_zone"": null}","task=detection, split=val(1515), metric=COCO mAP@IoU[0.5:0.95]. test_cfg=NMS_FREE (score_thr=1e-8, max_per_img=300, nms_pre=3000, nms_iou=0.6). detector=relation_detr_resnet50 frozen+warm-start best_ap.pth (seed-specific), phase_inject=cross-attn (zero-init out_proj=恒等), num_phases=9. training: epochs=6, lr=1e-4, film_lr=5e-4, trainable=film(phase 層のみ), warm-start assert per-seed measure-only init mAP. eval_recipe locked-down (configs/notion.yaml 固定条件).",42,"det mAP (best-init=warm-start S0-frozen, 同一eval); phase->det 純効果 = 注入(real-ctx) - 対照(zero-ctx)","det mAP(inj, real-ctx)=0.73275, init/warm-start=0.73029; 対照 ctrl(zero-ctx)=0.73029 -> 純効果 dDet(inj-ctrl)=+0.00245 (best@ep0)
T1b-CA §4.6 primary cross-attn. 3-seed 純効果 dDet(inj-ctrl)=s42 +0.00245 / s123 +0.00161 / s456 +0.00127, mean +0.00178, paired-sigma |mean|/s=3.58 全正だが分母σ=0.0052以下=実用上微小。CA≈FiLM(+0.0019)。",completed,bengio,False,bengio (RTX 6000 Ada 48GB) x1 (T1b-CA seed42 fixed-init dedicated),file:///home/ubuntu/slocal2/m2/transfer/t1b_ca_seed42_bengio,"{""start"": ""2026-06-22T14:31:00.000+00:00"", ""end"": null, ""time_zone"": null}",B,must,t1b_ca_inj_seed42
388ee4d4-7777-815d-91d9-c5fb864f6b2f,2026-06-23T11:20:00.000Z,2026-07-02T13:41:00.000Z,a697d90b889622dbc5476a22eee93c8b1cd7ddfa,"{""start"": ""2026-07-02T13:41:00.000+00:00"", ""end"": null, ""time_zone"": null}",(eval_recipe が metrics.json に未記載),,det mAP baseline vs rescored,"alpha=2.0000, mAP_baseline=0.7302, mAP_rescored=0.6575, delta_detection=-0.0726, miss_ctx=0
①再採点 phase→det（training-free）。Δ_det=rescored−frozen（同一eval）",completed,lecun,False,"DDP 2GPU (RTX A6000 x2) on bengio, manual launcher (E plan, CUDA_VISIBLE_DEVICES per rank)",file:///home/ubuntu/slocal2/m2/experiments/transfer/b2b_rescore_alpha2.0,"{""start"": ""2026-06-21T18:33:00.000+00:00"", ""end"": null, ""time_zone"": null}",B,must,b2b_rescore_alpha2.0
388ee4d4-7777-81b1-ada5-d1927433c2db,2026-06-23T11:20:00.000Z,2026-07-02T13:41:00.000Z,a697d90b889622dbc5476a22eee93c8b1cd7ddfa,"{""start"": ""2026-07-02T13:41:00.000+00:00"", ""end"": null, ""time_zone"": null}",(eval_recipe が metrics.json に未記載),,det mAP baseline vs rescored,"alpha=1.0000, mAP_baseline=0.7302, mAP_rescored=0.6926, delta_detection=-0.0376, miss_ctx=0
①再採点 phase→det（training-free）。Δ_det=rescored−frozen（同一eval）",completed,lecun,False,"DDP 2GPU (RTX A6000 x2) on bengio, manual launcher (E plan, CUDA_VISIBLE_DEVICES per rank)",file:///home/ubuntu/slocal2/m2/experiments/transfer/b2b_rescore_alpha1.0,"{""start"": ""2026-06-21T18:33:00.000+00:00"", ""end"": null, ""time_zone"": null}",B,must,b2b_rescore_alpha1.0
388ee4d4-7777-81fa-a849-ee6c18655312,2026-06-23T11:20:00.000Z,2026-07-02T13:41:00.000Z,a697d90b889622dbc5476a22eee93c8b1cd7ddfa,"{""start"": ""2026-07-02T13:41:00.000+00:00"", ""end"": null, ""time_zone"": null}",(eval_recipe が metrics.json に未記載),,det mAP baseline vs rescored,"alpha=0.5000, mAP_baseline=0.7302, mAP_rescored=0.7183, delta_detection=-0.0119, miss_ctx=0
①再採点 phase→det（training-free）。Δ_det=rescored−frozen（同一eval）",completed,lecun,False,"DDP 2GPU (RTX A6000 x2) on bengio, manual launcher (E plan, CUDA_VISIBLE_DEVICES per rank)",file:///home/ubuntu/slocal2/m2/experiments/transfer/b2b_rescore_alpha0.5,"{""start"": ""2026-06-21T18:33:00.000+00:00"", ""end"": null, ""time_zone"": null}",B,must,b2b_rescore_alpha0.5
388ee4d4-7777-81fa-b00b-f20130f1f0c4,2026-06-23T11:20:00.000Z,2026-07-02T13:41:00.000Z,a697d90b889622dbc5476a22eee93c8b1cd7ddfa,"{""start"": ""2026-07-02T13:41:00.000+00:00"", ""end"": null, ""time_zone"": null}",(eval_recipe が metrics.json に未記載),456,"det mAP（best − init=warm-start S0-frozen, 同一eval）","det mAP=0.7217 (init/warm-start=0.7217, Δ_det=+0.0000)
①学習FiLM phase→det。Δ_det=best−init / 注入純効果=Δ_inj−Δ_ctrl",completed,lecun,False,"DDP 2GPU (RTX A6000 x2) on bengio, manual launcher (E plan, CUDA_VISIBLE_DEVICES per rank)",file:///home/ubuntu/slocal2/m2/experiments/transfer/t1b_phasefilm_002_t1b_phasefilm_seed456,"{""start"": ""2026-06-21T22:16:00.000+00:00"", ""end"": null, ""time_zone"": null}",B,must,t1b_phasefilm_002_t1b_phasefilm_seed456
388ee4d4-7777-8136-afd3-d612fc4c7684,2026-06-23T11:20:00.000Z,2026-07-02T13:41:00.000Z,a697d90b889622dbc5476a22eee93c8b1cd7ddfa,"{""start"": ""2026-07-02T13:41:00.000+00:00"", ""end"": null, ""time_zone"": null}",(eval_recipe が metrics.json に未記載),123,"det mAP（best − init=warm-start S0-frozen, 同一eval）","det mAP=0.7292 (init/warm-start=0.7292, Δ_det=+0.0000)
①学習FiLM phase→det。Δ_det=best−init / 注入純効果=Δ_inj−Δ_ctrl",completed,lecun,False,"DDP 2GPU (RTX A6000 x2) on bengio, manual launcher (E plan, CUDA_VISIBLE_DEVICES per rank)",file:///home/ubuntu/slocal2/m2/experiments/transfer/t1b_phasefilm_001_t1b_phasefilm_seed123,"{""start"": ""2026-06-21T22:16:00.000+00:00"", ""end"": null, ""time_zone"": null}",B,must,t1b_phasefilm_001_t1b_phasefilm_seed123
388ee4d4-7777-81fd-9c1c-db934ac6d414,2026-06-23T11:20:00.000Z,2026-07-02T13:41:00.000Z,a697d90b889622dbc5476a22eee93c8b1cd7ddfa,"{""start"": ""2026-07-02T13:41:00.000+00:00"", ""end"": null, ""time_zone"": null}",(eval_recipe が metrics.json に未記載),456,phase acc/macro-F1/jaccard + det mAP,"phase acc=0.8389, macro_f1=0.6169, jaccard=0.5433, edit=31.8497, segF1@50=0.2803, det mAP=0.7138
②素朴MTL。Δ_phase vs S4′ 0.9142 / Δ_det vs S0-frozen′ 0.7095",completed,lecun,False,"DDP 2GPU (RTX A6000 x2) on bengio, manual launcher (E plan, CUDA_VISIBLE_DEVICES per rank)",file:///home/ubuntu/slocal2/m2/experiments/transfer/b1_mtl_006_b1_naive_mtl_uncertainty_seed456,"{""start"": ""2026-06-21T17:25:00.000+00:00"", ""end"": null, ""time_zone"": null}",B,must,b1_mtl_006_b1_naive_mtl_uncertainty_seed456
388ee4d4-7777-81e5-b998-d295593b068f,2026-06-23T11:20:00.000Z,2026-07-02T13:41:00.000Z,a697d90b889622dbc5476a22eee93c8b1cd7ddfa,"{""start"": ""2026-07-02T13:41:00.000+00:00"", ""end"": null, ""time_zone"": null}",(eval_recipe が metrics.json に未記載),123,phase acc/macro-F1/jaccard + det mAP,"phase acc=0.8733, macro_f1=0.7156, jaccard=0.6399, edit=39.0085, segF1@50=0.3455, det mAP=0.7022
②素朴MTL。Δ_phase vs S4′ 0.9142 / Δ_det vs S0-frozen′ 0.7095",completed,lecun,False,"DDP 2GPU (RTX A6000 x2) on bengio, manual launcher (E plan, CUDA_VISIBLE_DEVICES per rank)",file:///home/ubuntu/slocal2/m2/experiments/transfer/b1_mtl_005_b1_naive_mtl_uncertainty_seed123,"{""start"": ""2026-06-21T17:19:00.000+00:00"", ""end"": null, ""time_zone"": null}",B,must,b1_mtl_005_b1_naive_mtl_uncertainty_seed123
388ee4d4-7777-812d-8d19-d0ea3c03e8ac,2026-06-23T11:20:00.000Z,2026-07-02T13:41:00.000Z,a697d90b889622dbc5476a22eee93c8b1cd7ddfa,"{""start"": ""2026-07-02T13:41:00.000+00:00"", ""end"": null, ""time_zone"": null}",(eval_recipe が metrics.json に未記載),42,phase acc/macro-F1/jaccard + det mAP,"phase acc=0.8719, macro_f1=0.6972, jaccard=0.6152, edit=38.8254, segF1@50=0.3556, det mAP=0.7093
②素朴MTL。Δ_phase vs S4′ 0.9142 / Δ_det vs S0-frozen′ 0.7095",completed,lecun,False,"DDP 2GPU (RTX A6000 x2) on bengio, manual launcher (E plan, CUDA_VISIBLE_DEVICES per rank)",file:///home/ubuntu/slocal2/m2/experiments/transfer/b1_mtl_004_b1_naive_mtl_uncertainty_seed42,"{""start"": ""2026-06-21T07:28:00.000+00:00"", ""end"": null, ""time_zone"": null}",B,must,b1_mtl_004_b1_naive_mtl_uncertainty_seed42
388ee4d4-7777-81a8-b1dc-c58e34d857a9,2026-06-23T11:20:00.000Z,2026-07-02T13:41:00.000Z,a697d90b889622dbc5476a22eee93c8b1cd7ddfa,"{""start"": ""2026-07-02T13:41:00.000+00:00"", ""end"": null, ""time_zone"": null}",(eval_recipe が metrics.json に未記載),456,phase acc/macro-F1/jaccard + det mAP,"phase acc=0.8660, macro_f1=0.6842, jaccard=0.5931, edit=33.7823, segF1@50=0.2958, det mAP=0.7103
②素朴MTL。Δ_phase vs S4′ 0.9142 / Δ_det vs S0-frozen′ 0.7095",completed,lecun,False,"DDP 2GPU (RTX A6000 x2) on bengio, manual launcher (E plan, CUDA_VISIBLE_DEVICES per rank)",file:///home/ubuntu/slocal2/m2/experiments/transfer/b1_mtl_003_b1_naive_mtl_fixed_seed456,"{""start"": ""2026-06-21T07:27:00.000+00:00"", ""end"": null, ""time_zone"": null}",B,must,b1_mtl_003_b1_naive_mtl_fixed_seed456
388ee4d4-7777-810d-9d05-da2ed58ffdbb,2026-06-23T11:20:00.000Z,2026-07-02T13:41:00.000Z,a697d90b889622dbc5476a22eee93c8b1cd7ddfa,"{""start"": ""2026-07-02T13:41:00.000+00:00"", ""end"": null, ""time_zone"": null}",(eval_recipe が metrics.json に未記載),123,phase acc/macro-F1/jaccard + det mAP,"phase acc=0.8733, macro_f1=0.7106, jaccard=0.6298, edit=39.3430, segF1@50=0.3762, det mAP=0.7015
②素朴MTL。Δ_phase vs S4′ 0.9142 / Δ_det vs S0-frozen′ 0.7095",completed,lecun,False,"DDP 2GPU (RTX A6000 x2) on bengio, manual launcher (E plan, CUDA_VISIBLE_DEVICES per rank)",file:///home/ubuntu/slocal2/m2/experiments/transfer/b1_mtl_002_b1_naive_mtl_fixed_seed123,"{""start"": ""2026-06-20T21:42:00.000+00:00"", ""end"": null, ""time_zone"": null}",B,must,b1_mtl_002_b1_naive_mtl_fixed_seed123
388ee4d4-7777-813a-9847-c1d2dee3fbb1,2026-06-23T11:20:00.000Z,2026-07-02T13:41:00.000Z,a697d90b889622dbc5476a22eee93c8b1cd7ddfa,"{""start"": ""2026-07-02T13:41:00.000+00:00"", ""end"": null, ""time_zone"": null}",(eval_recipe が metrics.json に未記載),42,phase acc/macro-F1/jaccard + det mAP,"phase acc=0.8653, macro_f1=0.6947, jaccard=0.6081, edit=39.2549, segF1@50=0.4415, det mAP=0.7099
②素朴MTL。Δ_phase vs S4′ 0.9142 / Δ_det vs S0-frozen′ 0.7095",completed,lecun,False,"DDP 2GPU (RTX A6000 x2) on bengio, manual launcher (E plan, CUDA_VISIBLE_DEVICES per rank)",file:///home/ubuntu/slocal2/m2/experiments/transfer/b1_mtl_001_b1_naive_mtl_fixed_seed42,"{""start"": ""2026-06-20T21:19:00.000+00:00"", ""end"": null, ""time_zone"": null}",B,must,b1_mtl_001_b1_naive_mtl_fixed_seed42
387ee4d4-7777-81cc-84d0-ff276ef41eda,2026-06-22T18:28:00.000Z,2026-06-22T18:28:00.000Z,baef09a (T1b-CA feature) +965d5e4 JIT fix,"{""start"": ""2026-06-22T16:44:00.000+00:00"", ""end"": null, ""time_zone"": null}",Δ=best−init / zero-ctx で phase context を恒等的に殺した対照 / COCO mAP は元解像度評価,42,"COCO mAP (val, best−init)",zero-ctx対照。init=best=0.7303、best_epoch=−1(init未超)→ Δ=0.0000。fine-tune単独では改善せず＝注入版の+0.00245が注入由来であることを担保（§4.6）。,completed,bengio,False,"GPU1 (A6000), inject=ca trainable=film epochs=6 --zero-ctx",,"{""start"": ""2026-06-22T13:37:00.000+00:00"", ""end"": null, ""time_zone"": null}",,,STEP B / T1b-CA seed42 対照 zero-ctx (§4.6)
387ee4d4-7777-81db-87e2-ca1a0a0e5157,2026-06-22T18:28:00.000Z,2026-06-22T18:28:00.000Z,baef09a (T1b-CA feature) +965d5e4 JIT fix,"{""start"": ""2026-06-22T16:48:00.000+00:00"", ""end"": null, ""time_zone"": null}",Δ=best−init / 注入純効果=Δ_inj−Δ_ctrl(§4.6) / COCO mAP は img_size→元解像度に逆スケール後評価,42,"COCO mAP (val, best−init)",init=0.7303 / best=0.73275 @ep0 → Δ_det(best−init)=+0.00245。注入純効果 Δ_inj−Δ_ctrl=+0.00245（対照Δ=0）。全epochで対照を~0.001–0.003上回り一貫だが効果量はノイズ内(±0.003)。前回FiLM seed42(Δ=0)より僅かに正。3-seed paired-σ未確定(seed123/456保留中)。,completed,bengio,True,"GPU0 (A6000), inject=ca trainable=film epochs=6 lr=1e-4 film_lr=5e-4",,"{""start"": ""2026-06-22T13:37:00.000+00:00"", ""end"": null, ""time_zone"": null}",,,"STEP B / T1b-CA seed42 注入 (phase→det cross-attn, trainable=film, 6ep)"
386ee4d4-7777-8182-aade-f4b539ed2d9a,2026-06-21T18:19:00.000Z,2026-06-21T18:19:00.000Z,a697d90 (+未コミットの env修正),"{""start"": ""2026-06-21T22:18:00.000+00:00"", ""end"": null, ""time_zone"": null}",§4.6 対照: phase context=0 固定で同スケジュール fine-tune。注入純効果 = Δ_injected − Δ_control の分離用。,42,bbox mAP (COCO),"init_mAP=0.7303, best_mAP=0.7303 (best_epoch=-1), Δ=0.0000。ep別 val mAP: 0.7031/0.6719/0.7089/0.6935/0.7171/0.7203。注入純効果 Δ_inj−Δ_ctrl=0（seed42単体）。ep5 では対照0.7203>注入0.7189 で注入優位なし。3-seed paired-σ 判定は lecun の seed123/456 揃い後。",completed,bengio,True,GPU1 / A6000 / --trainable all --epochs 6 --zero-ctx,,"{""start"": ""2026-06-21T17:42:00.000+00:00"", ""end"": null, ""time_zone"": null}",,effort,T1b zero-ctx 対照 seed42 (server B)
386ee4d4-7777-81d9-bbe0-d9174f98c67e,2026-06-21T18:19:00.000Z,2026-06-21T18:19:00.000Z,a697d90 (+未コミットの env修正: setup_env_relation_detr.sh index-strategy),"{""start"": ""2026-06-21T22:25:00.000+00:00"", ""end"": null, ""time_zone"": null}",Δ_detection = best_mAP − init_mAP（同一seed・全val・同一recipe）。注入純効果 = Δ_injected − Δ_control(zero-ctx)。warm-start init mAP=同一evalでのS0-frozen分母。,42,bbox mAP (COCO),"init_mAP=0.7303, best_mAP=0.7303 (best_epoch=-1=warm-start起点), Δ_detection=best−init=0.0000。ep別 val mAP: 0.7148/0.6889/0.6983/0.6975/0.7165/0.7189（全epoch<init=0.7303）。→ 6ep fine-tune は warm-start 起点を超えず、phase 注入の検出改善は seed42 では認められず。per_class は best=init のため未記録。",completed,bengio,True,GPU0 / A6000 / --trainable all --epochs 6,,"{""start"": ""2026-06-21T17:42:00.000+00:00"", ""end"": null, ""time_zone"": null}",,effort,T1b Phase→Det 注入 seed42 (server B)
385ee4d4-7777-810c-9e57-f4e6d7446ddf,2026-06-20T19:03:00.000Z,2026-06-20T19:03:00.000Z,0129845290,"{""start"": ""2026-06-18T14:33:00.000+00:00"", ""end"": null, ""time_zone"": null}",online-causal TeCNO on frozen Relation-DETR seed42 GAP-2048 (neck-baseline: C5 neck),42,phase_accuracy (online-causal),"acc=0.9149, macro_f1=0.7130, jaccard=0.6629, edit=38.0, best_epoch=39",completed,lecun,False,"lecun / 1xA6000, eff_bs=1",,"{""start"": ""2026-06-18T14:32:00.000+00:00"", ""end"": null, ""time_zone"": null}",S4,,s4_phase_baseline_004_frozen_tecno_phase_baseline_neck_seed42
385ee4d4-7777-810c-b928-da3aee92dfef,2026-06-20T19:03:00.000Z,2026-06-20T19:03:00.000Z,0129845290,"{""start"": ""2026-06-16T19:52:00.000+00:00"", ""end"": null, ""time_zone"": null}","online-causal TeCNO (2-stage,8-layer,f64) on frozen Relation-DETR r50 seed42 GAP-2048",123,phase_accuracy (online-causal),"acc=0.8977, macro_f1=0.7215, edit=40.6, best_epoch=46",completed,lecun,False,"lecun / 1xA6000, eff_bs=1",,"{""start"": ""2026-06-16T19:52:00.000+00:00"", ""end"": null, ""time_zone"": null}",S4,,s4_phase_baseline_003_frozen_tecno_phase_baseline_seed123
385ee4d4-7777-8111-92b3-da8c5f77c710,2026-06-20T19:03:00.000Z,2026-06-20T19:03:00.000Z,0129845290,"{""start"": ""2026-06-19T04:49:00.000+00:00"", ""end"": null, ""time_zone"": null}",online-causal TeCNO on frozen Relation-DETR seed42 GAP-2048 (neck-transfer: C5 neck from S0),123,phase_accuracy (online-causal),"acc=0.8944, macro_f1=0.7054, jaccard=0.6413, edit=39.2, best_epoch=42",completed,lecun,False,"lecun / 1xA6000, eff_bs=1",,"{""start"": ""2026-06-19T04:48:00.000+00:00"", ""end"": null, ""time_zone"": null}",S4,,s4_phase_baseline_008_frozen_tecno_phase_necktransfer_seed123
385ee4d4-7777-812d-8a5c-d6b735474209,2026-06-20T19:03:00.000Z,2026-06-20T19:03:00.000Z,0129845290,"{""start"": ""2026-06-19T03:25:00.000+00:00"", ""end"": null, ""time_zone"": null}",Relation-DETR S0-frozen' + shared C5 linear neck (zero-init) + COCO-head; test split,123,val/mAP (tool detection),"mAP=0.6992 (AP50=0.825, AP75=0.747, AP_rare=0.758, AP_common=0.689), best_epoch=12",completed,lecun,False,"lecun / 1xA6000, eff_bs=2, lr linear_x2",,"{""start"": ""2026-06-18T19:12:00.000+00:00"", ""end"": null, ""time_zone"": null}",S0,,s0_frozen_005_relationdetr_s0frozen_neck_cocohead_seed123
385ee4d4-7777-8137-b9e9-d3e8fed1db74,2026-06-20T19:03:00.000Z,2026-06-20T19:03:00.000Z,0129845290,"{""start"": ""2026-06-18T14:34:00.000+00:00"", ""end"": null, ""time_zone"": null}",online-causal TeCNO on frozen Relation-DETR seed42 GAP-2048 (neck-baseline: C5 neck),456,phase_accuracy (online-causal),"acc=0.9155, macro_f1=0.6990, jaccard=0.6618, edit=44.7, best_epoch=18",completed,lecun,False,"lecun / 1xA6000, eff_bs=1",,"{""start"": ""2026-06-18T14:33:00.000+00:00"", ""end"": null, ""time_zone"": null}",S4,,s4_phase_baseline_006_frozen_tecno_phase_baseline_neck_seed456
385ee4d4-7777-8139-bcb1-d3cf5095b535,2026-06-20T19:03:00.000Z,2026-06-20T19:03:00.000Z,60125f10c5,"{""start"": ""2026-06-19T11:50:00.000+00:00"", ""end"": null, ""time_zone"": null}",Relation-DETR S0-frozen' + shared C5 linear neck (zero-init) + COCO-head; test split,456,val/mAP (tool detection),"mAP=0.7136 (AP50=0.836, AP75=0.766, AP_rare=0.779, AP_common=0.703), best_epoch=12",completed,lecun,False,"lecun / 1xA6000, eff_bs=2, lr linear_x2",,"{""start"": ""2026-06-18T19:12:00.000+00:00"", ""end"": null, ""time_zone"": null}",S0,,s0_frozen_006_relationdetr_s0frozen_neck_cocohead_seed456
385ee4d4-7777-8144-adf7-e8a3c9017bc2,2026-06-20T19:03:00.000Z,2026-07-05T00:36:00.000Z,60125f10c5,"{""start"": ""2026-07-05T00:36:00.000+00:00"", ""end"": null, ""time_zone"": null}","effective_bs=1 (gpu_count=1 x per-gpu bs), lr_scaling=none; test_cfg(score_thr=None, max_per_img=None, nms_pre=None, nms_iou=None); split(train 9657 / val 1515 / test 4265)",123,phase_accuracy (online-causal),"phase acc=0.9353, macro_f1=0.7887, jaccard=0.7416, edit=40.6349, segF1@50=0.4333
①信号 det→phase。Δ_phase vs S4 base 0.8986±0.0034",completed,lecun,False,"DDP 2GPU (RTX A6000 x2) on efros, manual launcher (E plan, CUDA_VISIBLE_DEVICES per rank)",,"{""start"": ""2026-06-20T17:42:00.000+00:00"", ""end"": null, ""time_zone"": null}",,must,b2a_det2phase_002_b2a_det2phase_toolpresence_seed123
385ee4d4-7777-8149-9ded-d25adca67c79,2026-06-20T19:03:00.000Z,2026-06-20T19:03:00.000Z,0129845290,"{""start"": ""2026-06-19T03:26:00.000+00:00"", ""end"": null, ""time_zone"": null}",Relation-DETR S0-frozen' + shared C5 linear neck (zero-init 1x1 2048->2048) + COCO-head; test split,42,val/mAP (tool detection),"mAP=0.7159 (AP50=0.844, AP75=0.762, AP_rare=0.751, AP_common=0.710), best_epoch=12",completed,lecun,False,"lecun / 1xA6000, eff_bs=2, lr linear_x2",,"{""start"": ""2026-06-18T19:12:00.000+00:00"", ""end"": null, ""time_zone"": null}",S0,,s0_frozen_004_relationdetr_s0frozen_neck_cocohead_seed42
385ee4d4-7777-8149-aa0c-f3c307c5dfae,2026-06-20T19:03:00.000Z,2026-06-20T19:03:00.000Z,0129845290,"{""start"": ""2026-06-19T04:48:00.000+00:00"", ""end"": null, ""time_zone"": null}",online-causal TeCNO on frozen Relation-DETR seed42 GAP-2048 (neck-transfer: C5 neck from S0),42,phase_accuracy (online-causal),"acc=0.9102, macro_f1=0.7140, jaccard=0.6526, edit=48.7, best_epoch=39",completed,lecun,False,"lecun / 1xA6000, eff_bs=1",,"{""start"": ""2026-06-19T04:48:00.000+00:00"", ""end"": null, ""time_zone"": null}",S4,,s4_phase_baseline_007_frozen_tecno_phase_necktransfer_seed42
385ee4d4-7777-816d-a968-f2b0e4a1e13d,2026-06-20T19:03:00.000Z,2026-06-20T19:03:00.000Z,60125f10c5,"{""start"": ""2026-06-20T00:03:00.000+00:00"", ""end"": null, ""time_zone"": null}",online-causal TeCNO on frozen Relation-DETR seed42 GAP-2048 (neck-transfer: C5 neck from S0),456,phase_accuracy (online-causal),"acc=0.9023, macro_f1=0.7145, jaccard=0.6511, edit=39.3, best_epoch=50",completed,lecun,False,"lecun / 1xA6000, eff_bs=1",,"{""start"": ""2026-06-20T00:02:00.000+00:00"", ""end"": null, ""time_zone"": null}",S4,,s4_phase_baseline_009_frozen_tecno_phase_necktransfer_seed456
385ee4d4-7777-8171-b398-fb0dbd2b2443,2026-06-20T19:03:00.000Z,2026-07-02T13:41:00.000Z,60125f10c5,"{""start"": ""2026-07-02T13:41:00.000+00:00"", ""end"": null, ""time_zone"": null}","effective_bs=1 (gpu_count=1 x per-gpu bs), lr_scaling=none; test_cfg(score_thr=None, max_per_img=None, nms_pre=None, nms_iou=None); split(train 9657 / val 1515 / test 4265)",123,phase_accuracy (online-causal),"phase acc=0.9485, macro_f1=0.8090, jaccard=0.7706, edit=37.0370, segF1@50=0.4355
②object-token det→phase。Δ_phase vs S4 base 0.8986（within-server）",completed,lecun,False,"DDP 2GPU (RTX A6000 x2) on bengio, manual launcher (E plan, CUDA_VISIBLE_DEVICES per rank)",,"{""start"": ""2026-06-20T18:35:00.000+00:00"", ""end"": null, ""time_zone"": null}",,effort,t1a_regiontoken_002_t1a_regiontoken_seed123
385ee4d4-7777-8187-9acf-cf10feb3232b,2026-06-20T19:03:00.000Z,2026-06-20T19:03:00.000Z,0129845290,"{""start"": ""2026-06-17T04:46:00.000+00:00"", ""end"": null, ""time_zone"": null}","Relation-DETR S0-frozen + COCO-head; score_thr=1e-8, max_per_img=300; test split (4265 img)",123,val/mAP (tool detection),"mAP=0.6997 (AP50=0.821, AP75=0.739, AP_rare=0.765, AP_common=0.689), best_epoch=3",completed,lecun,False,"lecun / 1xA6000, eff_bs=2, lr linear_x2",,"{""start"": ""2026-06-16T20:47:00.000+00:00"", ""end"": null, ""time_zone"": null}",S0,,s0_frozen_002_relationdetr_s0frozen_cocohead_seed123
385ee4d4-7777-8188-9a1d-e9d223ddc08b,2026-06-20T19:03:00.000Z,2026-06-20T19:03:00.000Z,0129845290,"{""start"": ""2026-06-16T19:51:00.000+00:00"", ""end"": null, ""time_zone"": null}","online-causal TeCNO (2-stage,8-layer,f64) on frozen Relation-DETR r50 seed42 GAP-2048",42,phase_accuracy (online-causal),"acc=0.9023, macro_f1=0.7177, edit=37.1, best_epoch=46",completed,lecun,False,"lecun / 1xA6000, eff_bs=1",,"{""start"": ""2026-06-16T19:51:00.000+00:00"", ""end"": null, ""time_zone"": null}",S4,,s4_phase_baseline_001_frozen_tecno_phase_baseline_seed42
385ee4d4-7777-8192-87fc-c6a838a65e19,2026-06-20T19:03:00.000Z,2026-06-20T19:03:00.000Z,0129845290,"{""start"": ""2026-06-18T14:33:00.000+00:00"", ""end"": null, ""time_zone"": null}",online-causal TeCNO on frozen Relation-DETR seed42 GAP-2048 (neck-baseline: C5 neck),123,phase_accuracy (online-causal),"acc=0.9122, macro_f1=0.7327, jaccard=0.6685, edit=40.6, best_epoch=48",completed,lecun,False,"lecun / 1xA6000, eff_bs=1",,"{""start"": ""2026-06-18T14:33:00.000+00:00"", ""end"": null, ""time_zone"": null}",S4,,s4_phase_baseline_005_frozen_tecno_phase_baseline_neck_seed123
385ee4d4-7777-819a-b521-cf81ea5f3b21,2026-06-20T19:03:00.000Z,2026-07-05T00:36:00.000Z,60125f10c5,"{""start"": ""2026-07-05T00:36:00.000+00:00"", ""end"": null, ""time_zone"": null}","effective_bs=1 (gpu_count=1 x per-gpu bs), lr_scaling=none; test_cfg(score_thr=None, max_per_img=None, nms_pre=None, nms_iou=None); split(train 9657 / val 1515 / test 4265)",456,phase_accuracy (online-causal),"phase acc=0.9380, macro_f1=0.7895, jaccard=0.7447, edit=47.4444, segF1@50=0.4933
①信号 det→phase。Δ_phase vs S4 base 0.8986±0.0034",completed,lecun,False,"DDP 2GPU (RTX A6000 x2) on efros, manual launcher (E plan, CUDA_VISIBLE_DEVICES per rank)",,"{""start"": ""2026-06-20T17:42:00.000+00:00"", ""end"": null, ""time_zone"": null}",,must,b2a_det2phase_003_b2a_det2phase_toolpresence_seed456
385ee4d4-7777-81a0-85c2-c95331f80e9b,2026-06-20T19:03:00.000Z,2026-06-20T19:03:00.000Z,0129845290,"{""start"": ""2026-06-16T19:52:00.000+00:00"", ""end"": null, ""time_zone"": null}","online-causal TeCNO (2-stage,8-layer,f64) on frozen Relation-DETR r50 seed42 GAP-2048",456,phase_accuracy (online-causal),"acc=0.8957, macro_f1=0.6866, edit=45.5, best_epoch=43",completed,lecun,False,"lecun / 1xA6000, eff_bs=1",,"{""start"": ""2026-06-16T19:52:00.000+00:00"", ""end"": null, ""time_zone"": null}",S4,,s4_phase_baseline_002_frozen_tecno_phase_baseline_seed456
385ee4d4-7777-81c9-a848-c2d8eb3d3ba6,2026-06-20T19:03:00.000Z,2026-06-20T19:03:00.000Z,0129845290,"{""start"": ""2026-06-17T16:22:00.000+00:00"", ""end"": null, ""time_zone"": null}","Relation-DETR S0-frozen + COCO-head; score_thr=1e-8, max_per_img=300; test split (4265 img)",456,val/mAP (tool detection),"mAP=0.7057 (AP50=0.832, AP75=0.749, AP_rare=0.748, AP_common=0.699), best_epoch=11",completed,lecun,False,"lecun / 1xA6000, eff_bs=2, lr linear_x2",,"{""start"": ""2026-06-16T20:47:00.000+00:00"", ""end"": null, ""time_zone"": null}",S0,,s0_frozen_003_relationdetr_s0frozen_cocohead_seed456
385ee4d4-7777-81ce-855b-dbb60b2ad3c5,2026-06-20T19:03:00.000Z,2026-07-05T00:36:00.000Z,60125f10c5,"{""start"": ""2026-07-05T00:36:00.000+00:00"", ""end"": null, ""time_zone"": null}","effective_bs=1 (gpu_count=1 x per-gpu bs), lr_scaling=none; test_cfg(score_thr=None, max_per_img=None, nms_pre=None, nms_iou=None); split(train 9657 / val 1515 / test 4265)",42,phase_accuracy (online-causal),"phase acc=0.9373, macro_f1=0.7928, jaccard=0.7477, edit=41.0101, segF1@50=0.4513
①信号 det→phase。Δ_phase vs S4 base 0.8986±0.0034",completed,lecun,False,"DDP 2GPU (RTX A6000 x2) on efros, manual launcher (E plan, CUDA_VISIBLE_DEVICES per rank)",,"{""start"": ""2026-06-20T17:41:00.000+00:00"", ""end"": null, ""time_zone"": null}",,must,b2a_det2phase_001_b2a_det2phase_toolpresence_seed42
385ee4d4-7777-81e1-bc27-ce3b76512dc9,2026-06-20T19:03:00.000Z,2026-07-02T13:41:00.000Z,60125f10c5,"{""start"": ""2026-07-02T13:41:00.000+00:00"", ""end"": null, ""time_zone"": null}","effective_bs=1 (gpu_count=1 x per-gpu bs), lr_scaling=none; test_cfg(score_thr=None, max_per_img=None, nms_pre=None, nms_iou=None); split(train 9657 / val 1515 / test 4265)",456,phase_accuracy (online-causal),"phase acc=0.9465, macro_f1=0.7961, jaccard=0.7525, edit=39.4444, segF1@50=0.4615
②object-token det→phase。Δ_phase vs S4 base 0.8986（within-server）",completed,lecun,False,"DDP 2GPU (RTX A6000 x2) on bengio, manual launcher (E plan, CUDA_VISIBLE_DEVICES per rank)",,"{""start"": ""2026-06-20T18:35:00.000+00:00"", ""end"": null, ""time_zone"": null}",,effort,t1a_regiontoken_003_t1a_regiontoken_seed456
385ee4d4-7777-81ee-b46e-e999785f271a,2026-06-20T19:03:00.000Z,2026-07-02T13:41:00.000Z,60125f10c5,"{""start"": ""2026-07-02T13:41:00.000+00:00"", ""end"": null, ""time_zone"": null}","effective_bs=1 (gpu_count=1 x per-gpu bs), lr_scaling=none; test_cfg(score_thr=None, max_per_img=None, nms_pre=None, nms_iou=None); split(train 9657 / val 1515 / test 4265)",42,phase_accuracy (online-causal),"phase acc=0.9498, macro_f1=0.8081, jaccard=0.7676, edit=34.7222, segF1@50=0.3955
②object-token det→phase。Δ_phase vs S4 base 0.8986（within-server）",completed,lecun,False,"DDP 2GPU (RTX A6000 x2) on bengio, manual launcher (E plan, CUDA_VISIBLE_DEVICES per rank)",,"{""start"": ""2026-06-20T18:35:00.000+00:00"", ""end"": null, ""time_zone"": null}",,effort,t1a_regiontoken_001_t1a_regiontoken_seed42
385ee4d4-7777-8111-97d8-fe1b805c505f,2026-06-20T19:01:00.000Z,2026-06-20T19:01:00.000Z,0129845290,"{""start"": ""2026-06-17T04:49:00.000+00:00"", ""end"": null, ""time_zone"": null}","Relation-DETR S0-frozen + COCO-head; test_cfg score_thr=1e-8, max_per_img=300; eval on test split (4265 img)",42,val/mAP (tool detection),"mAP=0.7100 (AP50=0.836, AP75=0.756, AP_rare=0.762, AP_common=0.701), best_epoch=12",completed,lecun,False,"lecun / 1xA6000, eff_bs=2, lr linear_x2",,"{""start"": ""2026-06-16T20:47:00.000+00:00"", ""end"": null, ""time_zone"": null}",S0,,s0_frozen_001_relationdetr_s0frozen_cocohead_seed42
373ee4d4-7777-81b6-a8af-f11af2c9e40c,2026-06-02T08:47:00.000Z,2026-06-02T08:47:00.000Z,4327348e444381f1737309252fb86ad9b5034d6a,"{""start"": ""2026-06-02T08:47:00.000+00:00"", ""end"": null, ""time_zone"": null}","effective_bs=4 (gpu_count=2 x per-gpu bs), lr_scaling=linear_x2; test_cfg(score_thr=0.0, max_per_img=300, nms_pre=None, nms_iou=None); split(train 9657 / val 1515 / test 4265)",456,tool bbox mAP / AP_50 / AP_75 / AP_rare / AP_common (COCO bbox @ IoU=0.5:0.95),"mAP=0.719, AP_50=0.843, AP_75=0.769, AP_rare=0.7721, AP_common=0.7107 @ epoch 12 (best)",completed,philip (RTX 6000 Ada),False,"DDP 2GPU (RTX 6000 Ada x2) on philip, manual launcher (E plan, CUDA_VISIBLE_DEVICES per rank)",file:///home/ubuntu/slocal2/m2/experiments/baselines/s0_036_mrdetralign_bbox_seed456,"{""start"": ""2026-06-02T08:47:00.000+00:00"", ""end"": null, ""time_zone"": null}",S0,must,s0_036_mrdetralign_bbox_seed456
373ee4d4-7777-8144-9b8c-c44c0293c955,2026-06-02T04:20:00.000Z,2026-06-02T04:20:00.000Z,4327348e444381f1737309252fb86ad9b5034d6a,"{""start"": ""2026-06-02T04:20:00.000+00:00"", ""end"": null, ""time_zone"": null}","effective_bs=4 (gpu_count=2 x per-gpu bs), lr_scaling=linear_x2; test_cfg(score_thr=0.0, max_per_img=300, nms_pre=None, nms_iou=None); split(train 9657 / val 1515 / test 4265)",123,tool bbox mAP / AP_50 / AP_75 / AP_rare / AP_common (COCO bbox @ IoU=0.5:0.95),"mAP=0.719, AP_50=0.836, AP_75=0.778, AP_rare=0.7713, AP_common=0.7102 @ epoch 12 (best)",completed,philip (RTX 6000 Ada),False,"DDP 2GPU (RTX 6000 Ada x2) on philip, manual launcher (E plan, CUDA_VISIBLE_DEVICES per rank)",file:///home/ubuntu/slocal2/m2/experiments/baselines/s0_035_mrdetralign_bbox_seed123,"{""start"": ""2026-06-02T04:20:00.000+00:00"", ""end"": null, ""time_zone"": null}",S0,must,s0_035_mrdetralign_bbox_seed123
372ee4d4-7777-810c-83c5-c5fec9c547bf,2026-06-01T23:52:00.000Z,2026-06-01T23:52:00.000Z,4327348e444381f1737309252fb86ad9b5034d6a,"{""start"": ""2026-06-01T23:52:00.000+00:00"", ""end"": null, ""time_zone"": null}","effective_bs=4 (gpu_count=2 x per-gpu bs), lr_scaling=linear_x2; test_cfg(score_thr=0.0, max_per_img=300, nms_pre=None, nms_iou=None); split(train 9657 / val 1515 / test 4265)",42,tool bbox mAP / AP_50 / AP_75 / AP_rare / AP_common (COCO bbox @ IoU=0.5:0.95),"mAP=0.720, AP_50=0.842, AP_75=0.775, AP_rare=0.7661, AP_common=0.7123 @ epoch 12 (best)",completed,philip (RTX 6000 Ada),False,"DDP 2GPU (RTX 6000 Ada x2) on philip, manual launcher (E plan, CUDA_VISIBLE_DEVICES per rank)",file:///home/ubuntu/slocal2/m2/experiments/baselines/s0_034_mrdetralign_bbox_seed42,"{""start"": ""2026-06-01T23:52:00.000+00:00"", ""end"": null, ""time_zone"": null}",S0,must,s0_034_mrdetralign_bbox_seed42
372ee4d4-7777-81f8-86ea-dc347d8a6a02,2026-06-01T19:23:00.000Z,2026-06-01T19:23:00.000Z,4327348e444381f1737309252fb86ad9b5034d6a,"{""start"": ""2026-06-01T19:23:00.000+00:00"", ""end"": null, ""time_zone"": null}","effective_bs=4 (gpu_count=2 x per-gpu bs), lr_scaling=linear_x2; test_cfg(score_thr=0.0, max_per_img=300, nms_pre=None, nms_iou=None); split(train 9657 / val 1515 / test 4265)",456,tool bbox mAP / AP_50 / AP_75 / AP_rare / AP_common (COCO bbox @ IoU=0.5:0.95),"mAP=0.721, AP_50=0.847, AP_75=0.781, AP_rare=0.7699, AP_common=0.7129 @ epoch 12 (best)",completed,philip (RTX 6000 Ada),False,"DDP 2GPU (RTX 6000 Ada x2) on philip, manual launcher (E plan, CUDA_VISIBLE_DEVICES per rank)",file:///home/ubuntu/slocal2/m2/experiments/baselines/s0_033_mrdetrdino_bbox_seed456,"{""start"": ""2026-06-01T19:23:00.000+00:00"", ""end"": null, ""time_zone"": null}",S0,must,s0_033_mrdetrdino_bbox_seed456
372ee4d4-7777-8170-8815-d2ba19134174,2026-06-01T15:07:00.000Z,2026-06-01T15:07:00.000Z,4327348e444381f1737309252fb86ad9b5034d6a,"{""start"": ""2026-06-01T15:07:00.000+00:00"", ""end"": null, ""time_zone"": null}","effective_bs=4 (gpu_count=2 x per-gpu bs), lr_scaling=linear_x2; test_cfg(score_thr=0.0, max_per_img=300, nms_pre=None, nms_iou=None); split(train 9657 / val 1515 / test 4265)",123,tool bbox mAP / AP_50 / AP_75 / AP_rare / AP_common (COCO bbox @ IoU=0.5:0.95),"mAP=0.715, AP_50=0.842, AP_75=0.771, AP_rare=0.7846, AP_common=0.7040 @ epoch 12 (best)",completed,philip (RTX 6000 Ada),False,"DDP 2GPU (RTX 6000 Ada x2) on philip, manual launcher (E plan, CUDA_VISIBLE_DEVICES per rank)",file:///home/ubuntu/slocal2/m2/experiments/baselines/s0_032_mrdetrdino_bbox_seed123,"{""start"": ""2026-06-01T15:07:00.000+00:00"", ""end"": null, ""time_zone"": null}",S0,must,s0_032_mrdetrdino_bbox_seed123
372ee4d4-7777-8162-acee-ff577b18304b,2026-06-01T10:49:00.000Z,2026-06-01T10:49:00.000Z,4327348e444381f1737309252fb86ad9b5034d6a,"{""start"": ""2026-06-01T10:49:00.000+00:00"", ""end"": null, ""time_zone"": null}","effective_bs=4 (gpu_count=2 x per-gpu bs), lr_scaling=linear_x2; test_cfg(score_thr=0.0, max_per_img=300, nms_pre=None, nms_iou=None); split(train 9657 / val 1515 / test 4265)",42,tool bbox mAP / AP_50 / AP_75 / AP_rare / AP_common (COCO bbox @ IoU=0.5:0.95),"mAP=0.730, AP_50=0.857, AP_75=0.786, AP_rare=0.7851, AP_common=0.7213 @ epoch 12 (best)",completed,philip (RTX 6000 Ada),False,"DDP 2GPU (RTX 6000 Ada x2) on philip, manual launcher (E plan, CUDA_VISIBLE_DEVICES per rank)",file:///home/ubuntu/slocal2/m2/experiments/baselines/s0_031_mrdetrdino_bbox_seed42,"{""start"": ""2026-06-01T10:49:00.000+00:00"", ""end"": null, ""time_zone"": null}",S0,must,s0_031_mrdetrdino_bbox_seed42
372ee4d4-7777-812f-bcaa-c478279cdd9f,2026-06-01T05:35:00.000Z,2026-06-01T05:35:00.000Z,4327348e444381f1737309252fb86ad9b5034d6a,"{""start"": ""2026-06-01T05:35:00.000+00:00"", ""end"": null, ""time_zone"": null}","effective_bs=4 (gpu_count=2 x per-gpu bs), lr_scaling=linear_x2; test_cfg(score_thr=0.0, max_per_img=300, nms_pre=None, nms_iou=None); split(train 9657 / val 1515 / test 4265)",456,tool bbox mAP / AP_50 / AP_75 / AP_rare / AP_common (COCO bbox @ IoU=0.5:0.95),"mAP=0.697, AP_50=0.817, AP_75=0.756, AP_rare=0.7867, AP_common=0.6823 @ epoch 12 (best)",completed,philip (RTX 6000 Ada),False,"DDP 2GPU (RTX 6000 Ada x2) on philip, manual launcher (E plan, CUDA_VISIBLE_DEVICES per rank)",file:///home/ubuntu/slocal2/m2/experiments/baselines/s0_030_aligndetr_bbox_seed456,"{""start"": ""2026-06-01T05:35:00.000+00:00"", ""end"": null, ""time_zone"": null}",S0,must,s0_030_aligndetr_bbox_seed456
372ee4d4-7777-817c-a85a-d45521f92d3d,2026-06-01T02:19:00.000Z,2026-06-01T02:19:00.000Z,4327348e444381f1737309252fb86ad9b5034d6a,"{""start"": ""2026-06-01T02:19:00.000+00:00"", ""end"": null, ""time_zone"": null}","effective_bs=4 (gpu_count=2 x per-gpu bs), lr_scaling=linear_x2; test_cfg(score_thr=0.0, max_per_img=300, nms_pre=None, nms_iou=None); split(train 9657 / val 1515 / test 4265)",123,tool bbox mAP / AP_50 / AP_75 / AP_rare / AP_common (COCO bbox @ IoU=0.5:0.95),"mAP=0.723, AP_50=0.852, AP_75=0.779, AP_rare=0.7769, AP_common=0.7146 @ epoch 12 (best)",completed,philip (RTX 6000 Ada),False,"DDP 2GPU (RTX 6000 Ada x2) on philip, manual launcher (E plan, CUDA_VISIBLE_DEVICES per rank)",file:///home/ubuntu/slocal2/m2/experiments/baselines/s0_029_aligndetr_bbox_seed123,"{""start"": ""2026-06-01T02:19:00.000+00:00"", ""end"": null, ""time_zone"": null}",S0,must,s0_029_aligndetr_bbox_seed123
371ee4d4-7777-81f5-ab6b-ca0e23b2fd34,2026-05-31T23:03:00.000Z,2026-05-31T23:03:00.000Z,4327348e444381f1737309252fb86ad9b5034d6a,"{""start"": ""2026-05-31T23:03:00.000+00:00"", ""end"": null, ""time_zone"": null}","effective_bs=4 (gpu_count=2 x per-gpu bs), lr_scaling=linear_x2; test_cfg(score_thr=0.0, max_per_img=300, nms_pre=None, nms_iou=None); split(train 9657 / val 1515 / test 4265)",42,tool bbox mAP / AP_50 / AP_75 / AP_rare / AP_common (COCO bbox @ IoU=0.5:0.95),"mAP=0.719, AP_50=0.837, AP_75=0.774, AP_rare=0.7969, AP_common=0.7062 @ epoch 12 (best)",completed,philip (RTX 6000 Ada),False,"DDP 2GPU (RTX 6000 Ada x2) on philip, manual launcher (E plan, CUDA_VISIBLE_DEVICES per rank)",file:///home/ubuntu/slocal2/m2/experiments/baselines/s0_028_aligndetr_bbox_seed42,"{""start"": ""2026-05-31T23:03:00.000+00:00"", ""end"": null, ""time_zone"": null}",S0,must,s0_028_aligndetr_bbox_seed42
371ee4d4-7777-8141-9edf-f7f9bf5de59b,2026-05-31T19:47:00.000Z,2026-05-31T19:47:00.000Z,4327348e444381f1737309252fb86ad9b5034d6a,"{""start"": ""2026-05-31T19:47:00.000+00:00"", ""end"": null, ""time_zone"": null}","effective_bs=4 (gpu_count=2 x per-gpu bs), lr_scaling=linear_x2; test_cfg(score_thr=0.0, max_per_img=300, nms_pre=None, nms_iou=None); split(train 9657 / val 1515 / test 4265)",456,tool bbox mAP / AP_50 / AP_75 / AP_rare / AP_common (COCO bbox @ IoU=0.5:0.95),"mAP=0.706, AP_50=0.845, AP_75=0.775, AP_rare=0.7739, AP_common=0.6946 @ epoch 12 (best)",completed,philip (RTX 6000 Ada),False,"DDP 2GPU (RTX 6000 Ada x2) on philip, manual launcher (E plan, CUDA_VISIBLE_DEVICES per rank)",file:///home/ubuntu/slocal2/m2/experiments/baselines/s0_027_focusdetr_bbox_seed456,"{""start"": ""2026-05-31T19:47:00.000+00:00"", ""end"": null, ""time_zone"": null}",S0,must,s0_027_focusdetr_bbox_seed456
371ee4d4-7777-8146-966d-eee204c25ccf,2026-05-31T17:09:00.000Z,2026-05-31T17:09:00.000Z,4327348e444381f1737309252fb86ad9b5034d6a,"{""start"": ""2026-05-31T17:09:00.000+00:00"", ""end"": null, ""time_zone"": null}","effective_bs=4 (gpu_count=2 x per-gpu bs), lr_scaling=linear_x2; test_cfg(score_thr=0.0, max_per_img=300, nms_pre=None, nms_iou=None); split(train 9657 / val 1515 / test 4265)",123,tool bbox mAP / AP_50 / AP_75 / AP_rare / AP_common (COCO bbox @ IoU=0.5:0.95),"mAP=0.702, AP_50=0.845, AP_75=0.762, AP_rare=0.7357, AP_common=0.6965 @ epoch 12 (best)",completed,philip (RTX 6000 Ada),False,"DDP 2GPU (RTX 6000 Ada x2) on philip, manual launcher (E plan, CUDA_VISIBLE_DEVICES per rank)",file:///home/ubuntu/slocal2/m2/experiments/baselines/s0_026_focusdetr_bbox_seed123,"{""start"": ""2026-05-31T17:09:00.000+00:00"", ""end"": null, ""time_zone"": null}",S0,must,s0_026_focusdetr_bbox_seed123
371ee4d4-7777-8182-9d52-ce38bacb40b6,2026-05-31T14:47:00.000Z,2026-05-31T14:47:00.000Z,4327348e444381f1737309252fb86ad9b5034d6a,"{""start"": ""2026-05-31T14:47:00.000+00:00"", ""end"": null, ""time_zone"": null}","effective_bs=4 (gpu_count=2 x per-gpu bs), lr_scaling=linear_x2; test_cfg(score_thr=0.0, max_per_img=300, nms_pre=None, nms_iou=None); split(train 9657 / val 1515 / test 4265)",42,tool bbox mAP / AP_50 / AP_75 / AP_rare / AP_common (COCO bbox @ IoU=0.5:0.95),"mAP=0.689, AP_50=0.838, AP_75=0.754, AP_rare=0.7707, AP_common=0.6759 @ epoch 5 (best)",completed,philip (RTX 6000 Ada),False,"DDP 2GPU (RTX 6000 Ada x2) on philip, manual launcher (E plan, CUDA_VISIBLE_DEVICES per rank)",file:///home/ubuntu/slocal2/m2/experiments/baselines/s0_025_focusdetr_bbox_seed42,"{""start"": ""2026-05-31T14:47:00.000+00:00"", ""end"": null, ""time_zone"": null}",S0,must,s0_025_focusdetr_bbox_seed42
371ee4d4-7777-81e0-9429-cf7eb6e6277b,2026-05-31T11:33:00.000Z,2026-05-31T11:33:00.000Z,4327348e444381f1737309252fb86ad9b5034d6a,"{""start"": ""2026-05-31T11:33:00.000+00:00"", ""end"": null, ""time_zone"": null}","effective_bs=4 (gpu_count=2 x per-gpu bs), lr_scaling=linear_x2; test_cfg(score_thr=1e-08, max_per_img=300, nms_pre=3000, nms_iou=0.6); split(train 9657 / val 1515 / test 4265)",42,tool bbox mAP / AP_50 / AP_75 / AP_rare / AP_common (COCO bbox @ IoU=0.5:0.95),(metrics.json に best epoch なし — 進行中または失敗の可能性),completed,philip (RTX 6000 Ada),False,"DDP 2GPU (RTX 6000 Ada x2) on philip, manual launcher (E plan, CUDA_VISIBLE_DEVICES per rank)",file:///home/ubuntu/slocal2/m2/experiments/baselines/s0_013_sensex_codino_bbox_seed42,"{""start"": ""2026-05-31T11:33:00.000+00:00"", ""end"": null, ""time_zone"": null}",S0,must,s0_013_sensex_codino_bbox_seed42
371ee4d4-7777-81c1-ae6a-ca7d623f1db5,2026-05-31T04:43:00.000Z,2026-05-31T04:43:00.000Z,4327348e444381f1737309252fb86ad9b5034d6a,"{""start"": ""2026-05-31T04:43:00.000+00:00"", ""end"": null, ""time_zone"": null}","effective_bs=4 (gpu_count=2 x per-gpu bs), lr_scaling=linear_x2; test_cfg(score_thr=0.0, max_per_img=300, nms_pre=None, nms_iou=None); split(train 9657 / val 1515 / test 4265)",456,tool bbox mAP / AP_50 / AP_75 / AP_rare / AP_common (COCO bbox @ IoU=0.5:0.95),"mAP=0.429, AP_50=0.637, AP_75=0.512, AP_rare=0.4949, AP_common=0.4174 @ epoch 12 (best)",completed,philip (RTX 6000 Ada),False,"DDP 2GPU (RTX 6000 Ada x2) on philip, manual launcher (E plan, CUDA_VISIBLE_DEVICES per rank)",file:///home/ubuntu/slocal2/m2/experiments/baselines/s0_024_dimaskdino_bbox_seed456,"{""start"": ""2026-05-31T04:43:00.000+00:00"", ""end"": null, ""time_zone"": null}",S0,must,s0_024_dimaskdino_bbox_seed456
370ee4d4-7777-8167-8d61-e7ba819551d0,2026-05-30T22:37:00.000Z,2026-05-30T22:37:00.000Z,4327348e444381f1737309252fb86ad9b5034d6a,"{""start"": ""2026-05-30T22:37:00.000+00:00"", ""end"": null, ""time_zone"": null}","effective_bs=4 (gpu_count=2 x per-gpu bs), lr_scaling=linear_x2; test_cfg(score_thr=0.0, max_per_img=300, nms_pre=None, nms_iou=None); split(train 9657 / val 1515 / test 4265)",123,tool bbox mAP / AP_50 / AP_75 / AP_rare / AP_common (COCO bbox @ IoU=0.5:0.95),"mAP=0.394, AP_50=0.600, AP_75=0.465, AP_rare=0.4253, AP_common=0.3883 @ epoch 9 (best)",completed,philip (RTX 6000 Ada),False,"DDP 2GPU (RTX 6000 Ada x2) on philip, manual launcher (E plan, CUDA_VISIBLE_DEVICES per rank)",file:///home/ubuntu/slocal2/m2/experiments/baselines/s0_023_dimaskdino_bbox_seed123,"{""start"": ""2026-05-30T22:37:00.000+00:00"", ""end"": null, ""time_zone"": null}",S0,must,s0_023_dimaskdino_bbox_seed123
370ee4d4-7777-8183-a9aa-d266d5305203,2026-05-30T20:17:00.000Z,2026-05-30T20:17:00.000Z,4327348e444381f1737309252fb86ad9b5034d6a,"{""start"": ""2026-05-30T20:17:00.000+00:00"", ""end"": null, ""time_zone"": null}","effective_bs=4 (gpu_count=2 x per-gpu bs), lr_scaling=linear_x2; test_cfg(score_thr=0.0, max_per_img=300, nms_pre=None, nms_iou=None); split(train 9657 / val 1515 / test 4265)",42,tool bbox mAP / AP_50 / AP_75 / AP_rare / AP_common (COCO bbox @ IoU=0.5:0.95),"mAP=0.334, AP_50=0.534, AP_75=0.391, AP_rare=0.2234, AP_common=0.3521 @ epoch 11 (best)",completed,philip (RTX 6000 Ada),False,"DDP 2GPU (RTX 6000 Ada x2) on philip, manual launcher (E plan, CUDA_VISIBLE_DEVICES per rank)",file:///home/ubuntu/slocal2/m2/experiments/baselines/s0_022_dimaskdino_bbox_seed42,"{""start"": ""2026-05-30T20:17:00.000+00:00"", ""end"": null, ""time_zone"": null}",S0,must,s0_022_dimaskdino_bbox_seed42
370ee4d4-7777-814c-99d9-f0bef5d1a08d,2026-05-30T14:20:00.000Z,2026-05-30T14:20:00.000Z,4327348e444381f1737309252fb86ad9b5034d6a,"{""start"": ""2026-05-30T14:20:00.000+00:00"", ""end"": null, ""time_zone"": null}","effective_bs=4 (gpu_count=2 x per-gpu bs), lr_scaling=linear_x2; test_cfg(score_thr=0.0, max_per_img=300, nms_pre=None, nms_iou=None); split(train 9657 / val 1515 / test 4265)",456,tool bbox mAP / AP_50 / AP_75 / AP_rare / AP_common (COCO bbox @ IoU=0.5:0.95),"mAP=0.722, AP_50=0.847, AP_75=0.776, AP_rare=0.7363, AP_common=0.7197 @ epoch 12 (best)",completed,philip (RTX 6000 Ada),False,"DDP 2GPU (RTX 6000 Ada x2) on philip, manual launcher (E plan, CUDA_VISIBLE_DEVICES per rank)",file:///home/ubuntu/slocal2/m2/experiments/baselines/s0_018_relationdetr_bbox_seed456,"{""start"": ""2026-05-30T14:20:00.000+00:00"", ""end"": null, ""time_zone"": null}",S0,must,s0_018_relationdetr_bbox_seed456
370ee4d4-7777-81e1-ab57-fa1837079e24,2026-05-30T10:37:00.000Z,2026-05-30T10:37:00.000Z,4327348e444381f1737309252fb86ad9b5034d6a,"{""start"": ""2026-05-30T10:37:00.000+00:00"", ""end"": null, ""time_zone"": null}","effective_bs=4 (gpu_count=2 x per-gpu bs), lr_scaling=linear_x2; test_cfg(score_thr=0.0, max_per_img=300, nms_pre=None, nms_iou=None); split(train 9657 / val 1515 / test 4265)",123,tool bbox mAP / AP_50 / AP_75 / AP_rare / AP_common (COCO bbox @ IoU=0.5:0.95),"mAP=0.729, AP_50=0.854, AP_75=0.781, AP_rare=0.7511, AP_common=0.7248 @ epoch 12 (best)",completed,philip (RTX 6000 Ada),False,"DDP 2GPU (RTX 6000 Ada x2) on philip, manual launcher (E plan, CUDA_VISIBLE_DEVICES per rank)",file:///home/ubuntu/slocal2/m2/experiments/baselines/s0_017_relationdetr_bbox_seed123,"{""start"": ""2026-05-30T10:37:00.000+00:00"", ""end"": null, ""time_zone"": null}",S0,must,s0_017_relationdetr_bbox_seed123
370ee4d4-7777-8103-b8a7-d094df56cd8a,2026-05-30T07:42:00.000Z,2026-05-30T07:42:00.000Z,4327348e444381f1737309252fb86ad9b5034d6a,"{""start"": ""2026-05-30T07:42:00.000+00:00"", ""end"": null, ""time_zone"": null}","effective_bs=4 (gpu_count=2 x per-gpu bs), lr_scaling=linear_x2; test_cfg(score_thr=0.0, max_per_img=300, nms_pre=None, nms_iou=None); split(train 9657 / val 1515 / test 4265)",42,tool bbox mAP / AP_50 / AP_75 / AP_rare / AP_common (COCO bbox @ IoU=0.5:0.95),"mAP=0.730, AP_50=0.854, AP_75=0.781, AP_rare=0.7576, AP_common=0.7251 @ epoch 12 (best)",completed,philip (RTX 6000 Ada),False,"DDP 2GPU (RTX 6000 Ada x2) on philip, manual launcher (E plan, CUDA_VISIBLE_DEVICES per rank)",file:///home/ubuntu/slocal2/m2/experiments/baselines/s0_016_relationdetr_bbox_seed42,"{""start"": ""2026-05-30T07:42:00.000+00:00"", ""end"": null, ""time_zone"": null}",S0,must,s0_016_relationdetr_bbox_seed42
370ee4d4-7777-8155-9b6a-f94f0103634a,2026-05-30T02:56:00.000Z,2026-05-30T02:56:00.000Z,4327348e444381f1737309252fb86ad9b5034d6a,"{""start"": ""2026-05-30T02:56:00.000+00:00"", ""end"": null, ""time_zone"": null}","effective_bs=4 (gpu_count=2 x per-gpu bs), lr_scaling=linear_x2; test_cfg(score_thr=0.0, max_per_img=300, nms_pre=None, nms_iou=None); split(train 9657 / val 1515 / test 4265)",456,tool bbox mAP / AP_50 / AP_75 / AP_rare / AP_common (COCO bbox @ IoU=0.5:0.95),"mAP=0.720, AP_50=0.851, AP_75=0.782, AP_rare=0.7418, AP_common=0.7164 @ epoch 12 (best)",completed,philip (RTX 6000 Ada),False,"DDP 2GPU (RTX 6000 Ada x2) on philip, manual launcher (E plan, CUDA_VISIBLE_DEVICES per rank)",file:///home/ubuntu/slocal2/m2/experiments/baselines/s0_021_stabledino_bbox_seed456,"{""start"": ""2026-05-30T02:56:00.000+00:00"", ""end"": null, ""time_zone"": null}",S0,must,s0_021_stabledino_bbox_seed456
36fee4d4-7777-81b4-b34f-fd82f18ee125,2026-05-29T23:37:00.000Z,2026-05-29T23:37:00.000Z,4327348e444381f1737309252fb86ad9b5034d6a,"{""start"": ""2026-05-29T23:37:00.000+00:00"", ""end"": null, ""time_zone"": null}","effective_bs=4 (gpu_count=2 x per-gpu bs), lr_scaling=linear_x2; test_cfg(score_thr=0.0, max_per_img=300, nms_pre=None, nms_iou=None); split(train 9657 / val 1515 / test 4265)",123,tool bbox mAP / AP_50 / AP_75 / AP_rare / AP_common (COCO bbox @ IoU=0.5:0.95),"mAP=0.725, AP_50=0.856, AP_75=0.787, AP_rare=0.7734, AP_common=0.7174 @ epoch 12 (best)",completed,philip (RTX 6000 Ada),False,"DDP 2GPU (RTX 6000 Ada x2) on philip, manual launcher (E plan, CUDA_VISIBLE_DEVICES per rank)",file:///home/ubuntu/slocal2/m2/experiments/baselines/s0_020_stabledino_bbox_seed123,"{""start"": ""2026-05-29T23:37:00.000+00:00"", ""end"": null, ""time_zone"": null}",S0,must,s0_020_stabledino_bbox_seed123
36fee4d4-7777-81d9-96a4-e4cff7b00d8d,2026-05-29T20:24:00.000Z,2026-05-29T20:26:00.000Z,4327348e444381f1737309252fb86ad9b5034d6a,"{""start"": ""2026-05-29T20:26:00.000+00:00"", ""end"": null, ""time_zone"": null}","effective_bs=4 (gpu_count=2 x per-gpu bs), lr_scaling=linear_x2; test_cfg(score_thr=0.0, max_per_img=300, nms_pre=None, nms_iou=None); split(train 9657 / val 1515 / test 4265)",42,tool bbox mAP / AP_50 / AP_75 / AP_rare / AP_common (COCO bbox @ IoU=0.5:0.95),"mAP=0.712, AP_50=0.841, AP_75=0.765, AP_rare=0.7346, AP_common=0.7084 @ epoch 12 (best)",completed,philip (RTX 6000 Ada),False,"DDP 2GPU (RTX 6000 Ada x2) on philip, manual launcher (E plan, CUDA_VISIBLE_DEVICES per rank)",file:///home/ubuntu/slocal2/m2/experiments/baselines/s0_019_stabledino_bbox_seed42,"{""start"": ""2026-05-29T20:24:00.000+00:00"", ""end"": null, ""time_zone"": null}",S0,must,s0_019_stabledino_bbox_seed42
36fee4d4-7777-815b-952a-eb22e833a2b3,2026-05-29T00:06:00.000Z,2026-05-29T14:23:00.000Z,4327348e444381f1737309252fb86ad9b5034d6a,"{""start"": ""2026-05-28T19:56:00.000+00:00"", ""end"": null, ""time_zone"": null}","effective_bs=4 (gpu_count=2 x per-gpu bs), lr_scaling=linear_x2; test_cfg(score_thr=1e-08, max_per_img=300, nms_pre=3000, nms_iou=0.6); split(train 9657 / val 1515 / test 4265)",456,tool bbox mAP / AP_50 / AP_75 / AP_rare / AP_common (COCO bbox @ IoU=0.5:0.95),"mAP=0.719, AP_50=0.847, AP_75=0.780, AP_rare=0.7670, AP_common=0.6566 @ epoch 12 (best)",completed,philip (RTX 6000 Ada),False,"DDP 2GPU (RTX 6000 Ada x2) on philip, manual launcher (E plan, CUDA_VISIBLE_DEVICES per rank)",file:///home/ubuntu/slocal2/m2/experiments/baselines/s0_012_ddq_bbox_seed456,"{""start"": ""2026-05-28T16:03:00.000+00:00"", ""end"": null, ""time_zone"": null}",S0,must,s0_012_ddq_bbox_seed456
36fee4d4-7777-81af-8b72-d0d3dfe52db0,2026-05-29T00:06:00.000Z,2026-05-29T14:23:00.000Z,4327348e444381f1737309252fb86ad9b5034d6a,"{""start"": ""2026-05-28T16:01:00.000+00:00"", ""end"": null, ""time_zone"": null}","effective_bs=4 (gpu_count=2 x per-gpu bs), lr_scaling=linear_x2; test_cfg(score_thr=1e-08, max_per_img=300, nms_pre=3000, nms_iou=0.6); split(train 9657 / val 1515 / test 4265)",123,tool bbox mAP / AP_50 / AP_75 / AP_rare / AP_common (COCO bbox @ IoU=0.5:0.95),"mAP=0.716, AP_50=0.843, AP_75=0.771, AP_rare=0.7705, AP_common=0.6521 @ epoch 12 (best)",completed,philip (RTX 6000 Ada),False,"DDP 2GPU (RTX 6000 Ada x2) on philip, manual launcher (E plan, CUDA_VISIBLE_DEVICES per rank)",file:///home/ubuntu/slocal2/m2/experiments/baselines/s0_011_ddq_bbox_seed123,"{""start"": ""2026-05-28T12:08:00.000+00:00"", ""end"": null, ""time_zone"": null}",S0,must,s0_011_ddq_bbox_seed123
36fee4d4-7777-8172-96da-f7b74b14da9f,2026-05-29T00:06:00.000Z,2026-05-29T14:23:00.000Z,4327348e444381f1737309252fb86ad9b5034d6a,"{""start"": ""2026-05-28T12:06:00.000+00:00"", ""end"": null, ""time_zone"": null}","effective_bs=4 (gpu_count=2 x per-gpu bs), lr_scaling=linear_x2; test_cfg(score_thr=1e-08, max_per_img=300, nms_pre=3000, nms_iou=0.6); split(train 9657 / val 1515 / test 4265)",42,tool bbox mAP / AP_50 / AP_75 / AP_rare / AP_common (COCO bbox @ IoU=0.5:0.95),"mAP=0.721, AP_50=0.847, AP_75=0.786, AP_rare=0.7675, AP_common=0.6583 @ epoch 12 (best)",completed,philip (RTX 6000 Ada),False,"DDP 2GPU (RTX 6000 Ada x2) on philip, manual launcher (E plan, CUDA_VISIBLE_DEVICES per rank)",file:///home/ubuntu/slocal2/m2/experiments/baselines/s0_010_ddq_bbox_seed42,"{""start"": ""2026-05-28T08:13:00.000+00:00"", ""end"": null, ""time_zone"": null}",S0,must,s0_010_ddq_bbox_seed42
36dee4d4-7777-8101-be02-ec771540630e,2026-05-27T04:34:00.000Z,2026-05-27T04:34:00.000Z,4fa9bfff33430a741d31df785413759deb0353b5,"{""start"": ""2026-05-26T02:21:00.000+00:00"", ""end"": null, ""time_zone"": null}","effective_bs=4 (2 GPU x bs2), gpu_count=2, lr_scaling=linear_x2; test_cfg locked-down: score_thr=1e-08, max_per_img=300, nms_pre=3000, nms_iou=0.6; official split (train 9657 / val 1515 / test 4265)",123,tool bbox mAP / AP_50 / AP_75 / AP_rare / AP_common (COCO bbox @ IoU=0.5:0.95),"mAP=0.616, AP_50=0.758, AP_75=0.672, AP_rare=0.6980, AP_common=0.5557 @ epoch 12 (best)",completed,philip (RTX 6000 Ada),False,"DDP 2GPU (RTX 6000 Ada x2), manual launcher (E plan, CUDA_VISIBLE_DEVICES per rank)",file:///home/ubuntu/slocal2/m2/experiments/baselines/s0_005_varifocanet_bbox_seed123,"{""start"": ""2026-05-26T01:19:00.000+00:00"", ""end"": null, ""time_zone"": null}",S0,must,s0_005_varifocanet_bbox_seed123
36dee4d4-7777-8137-99f9-dcf36de26df0,2026-05-27T04:34:00.000Z,2026-05-27T04:38:00.000Z,4fa9bfff33430a741d31df785413759deb0353b5,"{""start"": ""2026-05-26T16:04:00.000+00:00"", ""end"": null, ""time_zone"": null}","effective_bs=4 (2 GPU x bs2), gpu_count=2, lr_scaling=linear_x2; test_cfg locked-down: score_thr=1e-08, max_per_img=300, nms_pre=3000, nms_iou=0.6; eval_module=detr (test_cfg[0]); official split (train 9657 / val 1515 / test 4265)",42,tool bbox mAP / AP_50 / AP_75 / AP_rare / AP_common (COCO bbox @ IoU=0.5:0.95),"mAP=0.701, AP_50=0.841, AP_75=0.766, AP_rare=0.7515, AP_common=0.6388 @ epoch 12 (best). Highest single-seed result among S0.",completed,philip (RTX 6000 Ada),False,"DDP 2GPU (RTX 6000 Ada x2), manual launcher (E plan, CUDA_VISIBLE_DEVICES per rank)",file:///home/ubuntu/slocal2/m2/experiments/baselines/s0_007_codetr_bbox_seed42,"{""start"": ""2026-05-26T04:33:00.000+00:00"", ""end"": null, ""time_zone"": null}",S0,must,s0_007_codetr_bbox_seed42
36dee4d4-7777-817a-afe9-dfa54511c39f,2026-05-27T04:34:00.000Z,2026-05-27T04:34:00.000Z,4fa9bfff33430a741d31df785413759deb0353b5,"{""start"": ""2026-05-25T21:29:00.000+00:00"", ""end"": null, ""time_zone"": null}","effective_bs=4 (2 GPU x bs2), gpu_count=2, lr_scaling=linear_x2; test_cfg locked-down: score_thr=1e-08, max_per_img=300, nms_pre=3000, nms_iou=0.6; official split (train 9657 / val 1515 / test 4265)",123,tool bbox mAP / AP_50 / AP_75 / AP_rare / AP_common (COCO bbox @ IoU=0.5:0.95),"mAP=0.677, AP_50=0.808, AP_75=0.731, AP_rare=0.7520, AP_common=0.6130 @ epoch 12 (best)",completed,philip (RTX 6000 Ada),False,"DDP 2GPU (RTX 6000 Ada x2), manual launcher (E plan, CUDA_VISIBLE_DEVICES per rank)",file:///home/ubuntu/slocal2/m2/experiments/baselines/s0_002_maskdino_bbox_seed123,"{""start"": ""2026-05-25T18:44:00.000+00:00"", ""end"": null, ""time_zone"": null}",S0,must,s0_002_maskdino_bbox_seed123
36dee4d4-7777-8196-84ac-ea61849bcfbf,2026-05-27T04:34:00.000Z,2026-05-27T04:34:00.000Z,4fa9bfff33430a741d31df785413759deb0353b5,"{""start"": ""2026-05-26T03:24:00.000+00:00"", ""end"": null, ""time_zone"": null}","effective_bs=4 (2 GPU x bs2), gpu_count=2, lr_scaling=linear_x2; test_cfg locked-down: score_thr=1e-08, max_per_img=300, nms_pre=3000, nms_iou=0.6; official split (train 9657 / val 1515 / test 4265)",456,tool bbox mAP / AP_50 / AP_75 / AP_rare / AP_common (COCO bbox @ IoU=0.5:0.95),"mAP=0.614, AP_50=0.751, AP_75=0.674, AP_rare=0.7110, AP_common=0.5519 @ epoch 12 (best)",completed,philip (RTX 6000 Ada),False,"DDP 2GPU (RTX 6000 Ada x2), manual launcher (E plan, CUDA_VISIBLE_DEVICES per rank)",file:///home/ubuntu/slocal2/m2/experiments/baselines/s0_006_varifocanet_bbox_seed456,"{""start"": ""2026-05-26T02:21:00.000+00:00"", ""end"": null, ""time_zone"": null}",S0,must,s0_006_varifocanet_bbox_seed456
36dee4d4-7777-819c-a1bf-df093430dc18,2026-05-27T04:34:00.000Z,2026-05-27T04:34:00.000Z,4fa9bfff33430a741d31df785413759deb0353b5,"{""start"": ""2026-05-26T00:15:00.000+00:00"", ""end"": null, ""time_zone"": null}","effective_bs=4 (2 GPU x bs2), gpu_count=2, lr_scaling=linear_x2; test_cfg locked-down: score_thr=1e-08, max_per_img=300, nms_pre=3000, nms_iou=0.6; official split (train 9657 / val 1515 / test 4265)",456,tool bbox mAP / AP_50 / AP_75 / AP_rare / AP_common (COCO bbox @ IoU=0.5:0.95),"mAP=0.670, AP_50=0.795, AP_75=0.731, AP_rare=0.7775, AP_common=0.6018 @ epoch 12 (best)",completed,philip (RTX 6000 Ada),False,"DDP 2GPU (RTX 6000 Ada x2), manual launcher (E plan, CUDA_VISIBLE_DEVICES per rank)",file:///home/ubuntu/slocal2/m2/experiments/baselines/s0_003_maskdino_bbox_seed456,"{""start"": ""2026-05-25T21:30:00.000+00:00"", ""end"": null, ""time_zone"": null}",S0,must,s0_003_maskdino_bbox_seed456
36dee4d4-7777-81b7-9bbb-e535ff2766e0,2026-05-27T04:34:00.000Z,2026-05-27T04:34:00.000Z,4fa9bfff33430a741d31df785413759deb0353b5,"{""start"": ""2026-05-27T03:38:00.000+00:00"", ""end"": null, ""time_zone"": null}","effective_bs=4 (2 GPU x bs2), gpu_count=2, lr_scaling=linear_x2; test_cfg locked-down: score_thr=1e-08, max_per_img=300, nms_pre=3000, nms_iou=0.6; eval_module=detr (test_cfg[0]); official split (train 9657 / val 1515 / test 4265)",123,tool bbox mAP / AP_50 / AP_75 / AP_rare / AP_common (COCO bbox @ IoU=0.5:0.95),"mAP=0.692, AP_50=0.837, AP_75=0.754, AP_rare=0.7340, AP_common=0.6324 @ epoch 12 (best)",completed,philip (RTX 6000 Ada),False,"DDP 2GPU (RTX 6000 Ada x2), manual launcher (E plan, CUDA_VISIBLE_DEVICES per rank)",file:///home/ubuntu/slocal2/m2/experiments/baselines/s0_008_codetr_bbox_seed123,"{""start"": ""2026-05-26T16:07:00.000+00:00"", ""end"": null, ""time_zone"": null}",S0,must,s0_008_codetr_bbox_seed123
36dee4d4-7777-81e2-8ef1-e367239b560c,2026-05-27T04:34:00.000Z,2026-05-27T15:30:00.000Z,4fa9bfff33430a741d31df785413759deb0353b5,"{""start"": ""2026-05-27T15:12:00.000+00:00"", ""end"": null, ""time_zone"": null}","effective_bs=4 (gpu_count=2 x per-gpu bs), lr_scaling=linear_x2; test_cfg(score_thr=1e-08, max_per_img=300, nms_pre=3000, nms_iou=0.6); split(train 0 / val 1515 / test 4265)",456,tool bbox mAP / AP_50 / AP_75 / AP_rare / AP_common (COCO bbox @ IoU=0.5:0.95),"mAP=0.699, AP_50=0.839, AP_75=0.764, AP_rare=0.7420, AP_common=0.6388 @ epoch 12 (best)",completed,philip (RTX 6000 Ada),False,"DDP 2GPU (RTX 6000 Ada x2) on philip, manual launcher (E plan, CUDA_VISIBLE_DEVICES per rank)",file:///home/ubuntu/slocal2/m2/experiments/baselines/s0_009_codetr_bbox_seed456,"{""start"": ""2026-05-27T03:41:00.000+00:00"", ""end"": null, ""time_zone"": null}",S0,must,s0_009_codetr_bbox_seed456
36dee4d4-7777-81e8-8dbc-d36cacb4634c,2026-05-27T04:34:00.000Z,2026-05-27T04:34:00.000Z,4fa9bfff33430a741d31df785413759deb0353b5,"{""start"": ""2026-05-26T01:18:00.000+00:00"", ""end"": null, ""time_zone"": null}","effective_bs=4 (2 GPU x bs2), gpu_count=2, lr_scaling=linear_x2; test_cfg locked-down: score_thr=1e-08, max_per_img=300, nms_pre=3000, nms_iou=0.6; official split (train 9657 / val 1515 / test 4265)",42,tool bbox mAP / AP_50 / AP_75 / AP_rare / AP_common (COCO bbox @ IoU=0.5:0.95),"mAP=0.618, AP_50=0.757, AP_75=0.681, AP_rare=0.7060, AP_common=0.5566 @ epoch 12 (best). Completion gate #8 met (>= 0.458).",completed,philip (RTX 6000 Ada),False,"DDP 2GPU (RTX 6000 Ada x2), manual launcher (E plan, CUDA_VISIBLE_DEVICES per rank)",file:///home/ubuntu/slocal2/m2/experiments/baselines/s0_004_varifocanet_bbox_seed42,"{""start"": ""2026-05-26T00:16:00.000+00:00"", ""end"": null, ""time_zone"": null}",S0,must,s0_004_varifocanet_bbox_seed42
36dee4d4-7777-817c-9033-fb224d44954a,2026-05-27T04:27:00.000Z,2026-05-29T00:14:00.000Z,4fa9bfff33430a741d31df785413759deb0353b5,"{""start"": ""2026-05-25T18:43:00.000+00:00"", ""end"": null, ""time_zone"": null}","effective_bs=4 (gpu_count=2 x per-gpu bs), lr_scaling=linear_x2; test_cfg(score_thr=1e-08, max_per_img=300, nms_pre=3000, nms_iou=0.6); split(train 9657 / val 1515 / test 4265)",42,tool bbox mAP / AP_50 / AP_75 / AP_rare / AP_common (COCO bbox @ IoU=0.5:0.95),"mAP=0.668, AP_50=0.793, AP_75=0.729, AP_rare=0.7625, AP_common=0.6022 @ epoch 12 (best)",completed,philip (RTX 6000 Ada),False,"DDP 2GPU (RTX 6000 Ada x2) on philip, manual launcher (E plan, CUDA_VISIBLE_DEVICES per rank)",file:///home/ubuntu/slocal2/m2/experiments/baselines/s0_001_maskdino_bbox_seed42,"{""start"": ""2026-05-25T15:58:00.000+00:00"", ""end"": null, ""time_zone"": null}",S0,must,s0_001_maskdino_bbox_seed42
