{
  "Bipolar Forceps": 0.0,
  "Electric Cautery": 0.04139177831595647,
  "Forceps": 0.0006600660066006602,
  "Gauze": 0.011120744658954362,
  "Hook": 0.0010135610717469852,
  "Mouth Gag": 0.0,
  "Needle Holders": 0.0,
  "Raspatory": 0.0,
  "Retractor": 0.0003177151692003177,
  "Scalpel": 0.014195847173560722,
  "Scissors": 0.0312604339670654,
  "Skewer": 0.0,
  "Suction Cannula": 0.0029227977338523205,
  "Syringe": 0.01973542511183645,
  "Tweezers": 0.08770138946563796
}
