{
  "epoch": 8,
  "mAP": 0.01617844297495474,
  "val/AP_common": 0.01582702229633121,
  "val/AP_rare": 0.006798497039479038,
  "val/mAP": 0.01617844297495474,
  "val/mAP_50": 0.05240343262628294,
  "val/mAP_75": 0.006082597466539397
}
