{
  "epoch": 8,
  "mAP": 0.016989324554189632,
  "val/AP_common": 0.016615909385962288,
  "val/AP_rare": 0.007156768857639251,
  "val/mAP": 0.016989324554189632,
  "val/mAP_50": 0.0496910568861445,
  "val/mAP_75": 0.006755873488074087
}
