{
  "Bipolar Forceps": 0.0,
  "Electric Cautery": 0.016490872324239413,
  "Forceps": 2.4346696964778446e-05,
  "Gauze": 0.012734122230632954,
  "Hook": 0.0,
  "Mouth Gag": 0.0,
  "Needle Holders": 0.0,
  "Raspatory": 0.0004413988196849242,
  "Retractor": 0.0,
  "Scalpel": 0.01593758636801872,
  "Scissors": 0.07904013094501325,
  "Skewer": 0.0,
  "Suction Cannula": 0.0008506703584240774,
  "Syringe": 0.021445959875952974,
  "Tweezers": 0.07389613158553412
}
