reference,hts_annotation,frame,reason
tool_bbox,hand_seg,03_2_0538,listed_but_zero_annotation
tool_bbox,hand_seg,03_2_0569,listed_but_zero_annotation
tool_bbox,hand_seg,03_2_0596,listed_but_zero_annotation
tool_bbox,hand_seg,03_2_0598,listed_but_zero_annotation
tool_bbox,hand_seg,03_2_0813,listed_but_zero_annotation
tool_bbox,hand_seg,03_2_0843,listed_but_zero_annotation
tool_bbox,hand_seg,03_2_0844,listed_but_zero_annotation
tool_bbox,hand_seg,03_2_0867,listed_but_zero_annotation
tool_bbox,hand_seg,03_2_0868,listed_but_zero_annotation
tool_bbox,hand_seg,03_2_0897,listed_but_zero_annotation
tool_bbox,hand_seg,03_2_0944,listed_but_zero_annotation
tool_bbox,hand_seg,03_2_0952,listed_but_zero_annotation
tool_bbox,hand_seg,03_2_1076,listed_but_zero_annotation
tool_bbox,hand_seg,03_2_1214,listed_but_zero_annotation
tool_bbox,hand_seg,03_2_1278,listed_but_zero_annotation
tool_bbox,hand_seg,03_2_1472,listed_but_zero_annotation
tool_bbox,hand_seg,03_2_1544,listed_but_zero_annotation
tool_bbox,hand_seg,05_1_0161,listed_but_zero_annotation
tool_bbox,hand_seg,05_2_0036,listed_but_zero_annotation
tool_bbox,hand_seg,05_2_0045,listed_but_zero_annotation
tool_bbox,hand_seg,05_2_0048,listed_but_zero_annotation
tool_bbox,hand_seg,05_2_0163,listed_but_zero_annotation
tool_bbox,hand_seg,05_2_0187,listed_but_zero_annotation
tool_bbox,hand_seg,05_2_0206,listed_but_zero_annotation
tool_bbox,hand_seg,05_2_0231,listed_but_zero_annotation
tool_bbox,hand_seg,06_2_0579,listed_but_zero_annotation
tool_bbox,hand_seg,06_2_0609,listed_but_zero_annotation
tool_bbox,hand_seg,06_2_0710,listed_but_zero_annotation
tool_bbox,hand_seg,06_2_0715,listed_but_zero_annotation
tool_bbox,hand_seg,07_1_0139,listed_but_zero_annotation
tool_bbox,hand_seg,07_2_0186,listed_but_zero_annotation
tool_bbox,hand_seg,08_1_1266,listed_but_zero_annotation
tool_bbox,hand_seg,08_1_1290,listed_but_zero_annotation
tool_bbox,hand_seg,08_2_0525,listed_but_zero_annotation
tool_bbox,hand_seg,11_1_1206,listed_but_zero_annotation
tool_bbox,hand_seg,11_1_1329,listed_but_zero_annotation
tool_bbox,hand_seg,12_1_1310,listed_but_zero_annotation
tool_bbox,hand_seg,13_1_0719,listed_but_zero_annotation
tool_bbox,hand_seg,13_1_0800,listed_but_zero_annotation
tool_bbox,hand_seg,13_1_1058,listed_but_zero_annotation
tool_bbox,tool_seg,03_2_0264,listed_but_zero_annotation
tool_bbox,tool_seg,03_2_0270,listed_but_zero_annotation
tool_bbox,tool_seg,03_2_0597,listed_but_zero_annotation
tool_bbox,tool_seg,03_2_0598,listed_but_zero_annotation
tool_bbox,tool_seg,03_2_0665,listed_but_zero_annotation
tool_bbox,tool_seg,03_2_0666,listed_but_zero_annotation
tool_bbox,tool_seg,03_2_0716,listed_but_zero_annotation
tool_bbox,tool_seg,03_2_0786,listed_but_zero_annotation
tool_bbox,tool_seg,03_2_0787,listed_but_zero_annotation
tool_bbox,tool_seg,03_2_0788,listed_but_zero_annotation
tool_bbox,tool_seg,03_2_0843,listed_but_zero_annotation
tool_bbox,tool_seg,03_2_0844,listed_but_zero_annotation
tool_bbox,tool_seg,03_2_0867,listed_but_zero_annotation
tool_bbox,tool_seg,03_2_0868,listed_but_zero_annotation
tool_bbox,tool_seg,03_2_0909,listed_but_zero_annotation
tool_bbox,tool_seg,03_2_0944,listed_but_zero_annotation
tool_bbox,tool_seg,03_2_1097,listed_but_zero_annotation
tool_bbox,tool_seg,03_2_1098,listed_but_zero_annotation
tool_bbox,tool_seg,03_2_1099,listed_but_zero_annotation
tool_bbox,tool_seg,03_2_1100,listed_but_zero_annotation
tool_bbox,tool_seg,03_2_1102,listed_but_zero_annotation
tool_bbox,tool_seg,03_2_1103,listed_but_zero_annotation
tool_bbox,tool_seg,03_2_1104,listed_but_zero_annotation
tool_bbox,tool_seg,04_1_0862,listed_but_zero_annotation
tool_bbox,tool_seg,04_1_0938,listed_but_zero_annotation
tool_bbox,tool_seg,04_1_0939,listed_but_zero_annotation
tool_bbox,tool_seg,04_1_0940,listed_but_zero_annotation
tool_bbox,tool_seg,04_1_0953,listed_but_zero_annotation
tool_bbox,tool_seg,04_1_0954,listed_but_zero_annotation
tool_bbox,tool_seg,04_1_0955,listed_but_zero_annotation
tool_bbox,tool_seg,04_1_1013,listed_but_zero_annotation
tool_bbox,tool_seg,04_1_1059,listed_but_zero_annotation
tool_bbox,tool_seg,04_1_1062,listed_but_zero_annotation
tool_bbox,tool_seg,04_1_1066,listed_but_zero_annotation
tool_bbox,tool_seg,04_1_1067,listed_but_zero_annotation
tool_bbox,tool_seg,04_1_1068,listed_but_zero_annotation
tool_bbox,tool_seg,04_1_1069,listed_but_zero_annotation
tool_bbox,tool_seg,04_1_1070,listed_but_zero_annotation
tool_bbox,tool_seg,04_1_1071,listed_but_zero_annotation
tool_bbox,tool_seg,04_1_1072,listed_but_zero_annotation
tool_bbox,tool_seg,04_1_1073,listed_but_zero_annotation
tool_bbox,tool_seg,04_1_1074,listed_but_zero_annotation
tool_bbox,tool_seg,04_1_1075,listed_but_zero_annotation
tool_bbox,tool_seg,04_1_1076,listed_but_zero_annotation
tool_bbox,tool_seg,04_1_1077,listed_but_zero_annotation
tool_bbox,tool_seg,04_1_1078,listed_but_zero_annotation
tool_bbox,tool_seg,04_1_1079,listed_but_zero_annotation
tool_bbox,tool_seg,04_1_1080,listed_but_zero_annotation
tool_bbox,tool_seg,04_1_1081,listed_but_zero_annotation
tool_bbox,tool_seg,04_1_1082,listed_but_zero_annotation
tool_bbox,tool_seg,04_1_1083,listed_but_zero_annotation
tool_bbox,tool_seg,04_1_1084,listed_but_zero_annotation
tool_bbox,tool_seg,04_1_1085,listed_but_zero_annotation
tool_bbox,tool_seg,04_1_1086,listed_but_zero_annotation
tool_bbox,tool_seg,04_1_1087,listed_but_zero_annotation
tool_bbox,tool_seg,04_1_1088,listed_but_zero_annotation
tool_bbox,tool_seg,04_1_1089,listed_but_zero_annotation
tool_bbox,tool_seg,04_1_1090,listed_but_zero_annotation
tool_bbox,tool_seg,04_1_1091,listed_but_zero_annotation
tool_bbox,tool_seg,04_1_1092,listed_but_zero_annotation
tool_bbox,tool_seg,04_1_1093,listed_but_zero_annotation
tool_bbox,tool_seg,04_1_1094,listed_but_zero_annotation
tool_bbox,tool_seg,04_1_1137,listed_but_zero_annotation
tool_bbox,tool_seg,04_1_1139,listed_but_zero_annotation
tool_bbox,tool_seg,04_1_1140,listed_but_zero_annotation
tool_bbox,tool_seg,04_1_1141,listed_but_zero_annotation
tool_bbox,tool_seg,04_1_1144,listed_but_zero_annotation
tool_bbox,tool_seg,04_1_1145,listed_but_zero_annotation
tool_bbox,tool_seg,04_1_1146,listed_but_zero_annotation
tool_bbox,tool_seg,04_1_1147,listed_but_zero_annotation
tool_bbox,tool_seg,04_1_1148,listed_but_zero_annotation
tool_bbox,tool_seg,04_1_1293,listed_but_zero_annotation
tool_bbox,tool_seg,04_1_1294,listed_but_zero_annotation
tool_bbox,tool_seg,04_1_1364,listed_but_zero_annotation
tool_bbox,tool_seg,05_1_0148,listed_but_zero_annotation
tool_bbox,tool_seg,05_1_0154,listed_but_zero_annotation
tool_bbox,tool_seg,05_1_0221,listed_but_zero_annotation
tool_bbox,tool_seg,05_1_0238,listed_but_zero_annotation
tool_bbox,tool_seg,05_1_0240,listed_but_zero_annotation
tool_bbox,tool_seg,05_1_0640,listed_but_zero_annotation
tool_bbox,tool_seg,05_1_0652,listed_but_zero_annotation
tool_bbox,tool_seg,05_1_0653,listed_but_zero_annotation
tool_bbox,tool_seg,05_1_0658,listed_but_zero_annotation
tool_bbox,tool_seg,05_1_0659,listed_but_zero_annotation
tool_bbox,tool_seg,05_1_0686,listed_but_zero_annotation
tool_bbox,tool_seg,05_1_0687,listed_but_zero_annotation
tool_bbox,tool_seg,05_1_0688,listed_but_zero_annotation
tool_bbox,tool_seg,05_1_0696,listed_but_zero_annotation
tool_bbox,tool_seg,05_1_0710,listed_but_zero_annotation
tool_bbox,tool_seg,05_1_0719,listed_but_zero_annotation
tool_bbox,tool_seg,05_1_0720,listed_but_zero_annotation
tool_bbox,tool_seg,05_1_0721,listed_but_zero_annotation
tool_bbox,tool_seg,05_1_0722,listed_but_zero_annotation
tool_bbox,tool_seg,05_1_0723,listed_but_zero_annotation
tool_bbox,tool_seg,05_1_0728,listed_but_zero_annotation
tool_bbox,tool_seg,05_1_0729,listed_but_zero_annotation
tool_bbox,tool_seg,05_1_0730,listed_but_zero_annotation
tool_bbox,tool_seg,05_1_0732,listed_but_zero_annotation
tool_bbox,tool_seg,05_1_0736,listed_but_zero_annotation
tool_bbox,tool_seg,05_1_0754,listed_but_zero_annotation
tool_bbox,tool_seg,05_1_0756,listed_but_zero_annotation
tool_bbox,tool_seg,05_1_0757,listed_but_zero_annotation
tool_bbox,tool_seg,05_1_0758,listed_but_zero_annotation
tool_bbox,tool_seg,05_1_0759,listed_but_zero_annotation
tool_bbox,tool_seg,05_1_0760,listed_but_zero_annotation
tool_bbox,tool_seg,05_1_0761,listed_but_zero_annotation
tool_bbox,tool_seg,05_1_0766,listed_but_zero_annotation
tool_bbox,tool_seg,05_1_0770,listed_but_zero_annotation
tool_bbox,tool_seg,05_1_0773,listed_but_zero_annotation
tool_bbox,tool_seg,05_1_0864,listed_but_zero_annotation
tool_bbox,tool_seg,05_1_0891,listed_but_zero_annotation
tool_bbox,tool_seg,05_1_0892,listed_but_zero_annotation
tool_bbox,tool_seg,05_1_0893,listed_but_zero_annotation
tool_bbox,tool_seg,05_1_0894,listed_but_zero_annotation
tool_bbox,tool_seg,05_1_0896,listed_but_zero_annotation
tool_bbox,tool_seg,05_1_0897,listed_but_zero_annotation
tool_bbox,tool_seg,05_1_0898,listed_but_zero_annotation
tool_bbox,tool_seg,05_1_0903,listed_but_zero_annotation
tool_bbox,tool_seg,05_1_0904,listed_but_zero_annotation
tool_bbox,tool_seg,05_1_0917,listed_but_zero_annotation
tool_bbox,tool_seg,05_1_0918,listed_but_zero_annotation
tool_bbox,tool_seg,05_1_0928,listed_but_zero_annotation
tool_bbox,tool_seg,05_1_0929,listed_but_zero_annotation
tool_bbox,tool_seg,05_1_0930,listed_but_zero_annotation
tool_bbox,tool_seg,05_1_0958,listed_but_zero_annotation
tool_bbox,tool_seg,05_1_0959,listed_but_zero_annotation
tool_bbox,tool_seg,05_1_0960,listed_but_zero_annotation
tool_bbox,tool_seg,05_1_0961,listed_but_zero_annotation
tool_bbox,tool_seg,05_1_0962,listed_but_zero_annotation
tool_bbox,tool_seg,05_1_0963,listed_but_zero_annotation
tool_bbox,tool_seg,05_1_0964,listed_but_zero_annotation
tool_bbox,tool_seg,05_1_0965,listed_but_zero_annotation
tool_bbox,tool_seg,05_1_0969,listed_but_zero_annotation
tool_bbox,tool_seg,05_1_0970,listed_but_zero_annotation
tool_bbox,tool_seg,05_1_0971,listed_but_zero_annotation
tool_bbox,tool_seg,05_1_0974,listed_but_zero_annotation
tool_bbox,tool_seg,05_1_0983,listed_but_zero_annotation
tool_bbox,tool_seg,05_1_0984,listed_but_zero_annotation
tool_bbox,tool_seg,05_1_0985,listed_but_zero_annotation
tool_bbox,tool_seg,05_1_1000,listed_but_zero_annotation
tool_bbox,tool_seg,05_1_1001,listed_but_zero_annotation
tool_bbox,tool_seg,05_1_1002,listed_but_zero_annotation
tool_bbox,tool_seg,05_1_1003,listed_but_zero_annotation
tool_bbox,tool_seg,05_1_1004,listed_but_zero_annotation
tool_bbox,tool_seg,05_1_1005,listed_but_zero_annotation
tool_bbox,tool_seg,05_1_1006,listed_but_zero_annotation
tool_bbox,tool_seg,05_1_1007,listed_but_zero_annotation
tool_bbox,tool_seg,05_1_1008,listed_but_zero_annotation
tool_bbox,tool_seg,05_1_1010,listed_but_zero_annotation
tool_bbox,tool_seg,05_1_1011,listed_but_zero_annotation
tool_bbox,tool_seg,05_1_1012,listed_but_zero_annotation
tool_bbox,tool_seg,05_1_1013,listed_but_zero_annotation
tool_bbox,tool_seg,05_1_1015,listed_but_zero_annotation
tool_bbox,tool_seg,05_1_1016,listed_but_zero_annotation
tool_bbox,tool_seg,05_1_1017,listed_but_zero_annotation
tool_bbox,tool_seg,05_1_1018,listed_but_zero_annotation
tool_bbox,tool_seg,05_1_1020,listed_but_zero_annotation
tool_bbox,tool_seg,05_1_1021,listed_but_zero_annotation
tool_bbox,tool_seg,05_1_1022,listed_but_zero_annotation
tool_bbox,tool_seg,05_1_1023,listed_but_zero_annotation
tool_bbox,tool_seg,05_1_1026,listed_but_zero_annotation
tool_bbox,tool_seg,05_1_1029,listed_but_zero_annotation
tool_bbox,tool_seg,05_1_1150,listed_but_zero_annotation
tool_bbox,tool_seg,05_1_1151,listed_but_zero_annotation
tool_bbox,tool_seg,05_1_1152,listed_but_zero_annotation
tool_bbox,tool_seg,05_1_1153,listed_but_zero_annotation
tool_bbox,tool_seg,05_1_1154,listed_but_zero_annotation
tool_bbox,tool_seg,05_1_1155,listed_but_zero_annotation
tool_bbox,tool_seg,05_1_1156,listed_but_zero_annotation
tool_bbox,tool_seg,05_1_1157,listed_but_zero_annotation
tool_bbox,tool_seg,05_1_1158,listed_but_zero_annotation
tool_bbox,tool_seg,05_1_1159,listed_but_zero_annotation
tool_bbox,tool_seg,05_1_1160,listed_but_zero_annotation
tool_bbox,tool_seg,05_1_1161,listed_but_zero_annotation
tool_bbox,tool_seg,05_1_1162,listed_but_zero_annotation
tool_bbox,tool_seg,05_1_1163,listed_but_zero_annotation
tool_bbox,tool_seg,05_1_1164,listed_but_zero_annotation
tool_bbox,tool_seg,05_1_1165,listed_but_zero_annotation
tool_bbox,tool_seg,05_1_1166,listed_but_zero_annotation
tool_bbox,tool_seg,05_1_1167,listed_but_zero_annotation
tool_bbox,tool_seg,05_1_1168,listed_but_zero_annotation
tool_bbox,tool_seg,05_1_1171,listed_but_zero_annotation
tool_bbox,tool_seg,05_1_1172,listed_but_zero_annotation
tool_bbox,tool_seg,05_1_1173,listed_but_zero_annotation
tool_bbox,tool_seg,05_1_1177,listed_but_zero_annotation
tool_bbox,tool_seg,05_1_1178,listed_but_zero_annotation
tool_bbox,tool_seg,05_1_1179,listed_but_zero_annotation
tool_bbox,tool_seg,05_1_1180,listed_but_zero_annotation
tool_bbox,tool_seg,05_1_1181,listed_but_zero_annotation
tool_bbox,tool_seg,05_1_1183,listed_but_zero_annotation
tool_bbox,tool_seg,05_1_1184,listed_but_zero_annotation
tool_bbox,tool_seg,05_1_1185,listed_but_zero_annotation
tool_bbox,tool_seg,05_1_1186,listed_but_zero_annotation
tool_bbox,tool_seg,05_1_1187,listed_but_zero_annotation
tool_bbox,tool_seg,05_1_1188,listed_but_zero_annotation
tool_bbox,tool_seg,05_1_1189,listed_but_zero_annotation
tool_bbox,tool_seg,05_1_1190,listed_but_zero_annotation
tool_bbox,tool_seg,05_1_1194,listed_but_zero_annotation
tool_bbox,tool_seg,05_1_1204,listed_but_zero_annotation
tool_bbox,tool_seg,05_1_1205,listed_but_zero_annotation
tool_bbox,tool_seg,05_1_1206,listed_but_zero_annotation
tool_bbox,tool_seg,05_1_1207,listed_but_zero_annotation
tool_bbox,tool_seg,05_1_1208,listed_but_zero_annotation
tool_bbox,tool_seg,05_1_1210,listed_but_zero_annotation
tool_bbox,tool_seg,05_1_1211,listed_but_zero_annotation
tool_bbox,tool_seg,05_1_1212,listed_but_zero_annotation
tool_bbox,tool_seg,05_1_1213,listed_but_zero_annotation
tool_bbox,tool_seg,05_1_1214,listed_but_zero_annotation
tool_bbox,tool_seg,05_1_1363,listed_but_zero_annotation
tool_bbox,tool_seg,05_1_1364,listed_but_zero_annotation
tool_bbox,tool_seg,05_1_1366,listed_but_zero_annotation
tool_bbox,tool_seg,05_1_1376,listed_but_zero_annotation
tool_bbox,tool_seg,05_1_1378,listed_but_zero_annotation
tool_bbox,tool_seg,05_1_1388,listed_but_zero_annotation
tool_bbox,tool_seg,05_1_1390,listed_but_zero_annotation
tool_bbox,tool_seg,05_1_1394,listed_but_zero_annotation
tool_bbox,tool_seg,05_1_1415,listed_but_zero_annotation
tool_bbox,tool_seg,05_1_1417,listed_but_zero_annotation
tool_bbox,tool_seg,05_1_1418,listed_but_zero_annotation
tool_bbox,tool_seg,05_1_1421,listed_but_zero_annotation
tool_bbox,tool_seg,05_1_1422,listed_but_zero_annotation
tool_bbox,tool_seg,05_1_1425,listed_but_zero_annotation
tool_bbox,tool_seg,05_1_1426,listed_but_zero_annotation
tool_bbox,tool_seg,05_1_1445,listed_but_zero_annotation
tool_bbox,tool_seg,05_1_1448,listed_but_zero_annotation
tool_bbox,tool_seg,05_1_1460,listed_but_zero_annotation
tool_bbox,tool_seg,05_1_1461,listed_but_zero_annotation
tool_bbox,tool_seg,05_1_1462,listed_but_zero_annotation
tool_bbox,tool_seg,05_1_1463,listed_but_zero_annotation
tool_bbox,tool_seg,05_1_1464,listed_but_zero_annotation
tool_bbox,tool_seg,05_1_1472,listed_but_zero_annotation
tool_bbox,tool_seg,05_1_1473,listed_but_zero_annotation
tool_bbox,tool_seg,05_1_1474,listed_but_zero_annotation
tool_bbox,tool_seg,05_1_1510,listed_but_zero_annotation
tool_bbox,tool_seg,05_1_1523,listed_but_zero_annotation
tool_bbox,tool_seg,05_1_1524,listed_but_zero_annotation
tool_bbox,tool_seg,05_1_1525,listed_but_zero_annotation
tool_bbox,tool_seg,05_1_1527,listed_but_zero_annotation
tool_bbox,tool_seg,05_1_1528,listed_but_zero_annotation
tool_bbox,tool_seg,05_1_1529,listed_but_zero_annotation
tool_bbox,tool_seg,05_1_1530,listed_but_zero_annotation
tool_bbox,tool_seg,05_1_1539,listed_but_zero_annotation
tool_bbox,tool_seg,05_1_1547,listed_but_zero_annotation
tool_bbox,tool_seg,05_1_1550,listed_but_zero_annotation
tool_bbox,tool_seg,05_1_1553,listed_but_zero_annotation
tool_bbox,tool_seg,05_1_1560,listed_but_zero_annotation
tool_bbox,tool_seg,05_1_1561,listed_but_zero_annotation
tool_bbox,tool_seg,05_1_1567,listed_but_zero_annotation
tool_bbox,tool_seg,05_1_1570,listed_but_zero_annotation
tool_bbox,tool_seg,05_1_1571,listed_but_zero_annotation
tool_bbox,tool_seg,05_1_1587,listed_but_zero_annotation
tool_bbox,tool_seg,05_1_1588,listed_but_zero_annotation
tool_bbox,tool_seg,05_1_1591,listed_but_zero_annotation
tool_bbox,tool_seg,05_1_1596,listed_but_zero_annotation
tool_bbox,tool_seg,05_1_1605,listed_but_zero_annotation
tool_bbox,tool_seg,05_1_1622,listed_but_zero_annotation
tool_bbox,tool_seg,05_1_1623,listed_but_zero_annotation
tool_bbox,tool_seg,05_1_1641,listed_but_zero_annotation
tool_bbox,tool_seg,05_1_1644,listed_but_zero_annotation
tool_bbox,tool_seg,05_1_1665,listed_but_zero_annotation
tool_bbox,tool_seg,05_1_1671,listed_but_zero_annotation
tool_bbox,tool_seg,05_1_1672,listed_but_zero_annotation
tool_bbox,tool_seg,05_1_1673,listed_but_zero_annotation
tool_bbox,tool_seg,05_1_1674,listed_but_zero_annotation
tool_bbox,tool_seg,05_1_1675,listed_but_zero_annotation
tool_bbox,tool_seg,05_2_0004,listed_but_zero_annotation
tool_bbox,tool_seg,05_2_0013,listed_but_zero_annotation
tool_bbox,tool_seg,05_2_0014,listed_but_zero_annotation
tool_bbox,tool_seg,05_2_0015,listed_but_zero_annotation
tool_bbox,tool_seg,05_2_0016,listed_but_zero_annotation
tool_bbox,tool_seg,05_2_0028,listed_but_zero_annotation
tool_bbox,tool_seg,05_2_0032,listed_but_zero_annotation
tool_bbox,tool_seg,05_2_0036,listed_but_zero_annotation
tool_bbox,tool_seg,05_2_0045,listed_but_zero_annotation
tool_bbox,tool_seg,05_2_0048,listed_but_zero_annotation
tool_bbox,tool_seg,05_2_0049,listed_but_zero_annotation
tool_bbox,tool_seg,05_2_0050,listed_but_zero_annotation
tool_bbox,tool_seg,05_2_0051,listed_but_zero_annotation
tool_bbox,tool_seg,05_2_0052,listed_but_zero_annotation
tool_bbox,tool_seg,05_2_0053,listed_but_zero_annotation
tool_bbox,tool_seg,05_2_0054,listed_but_zero_annotation
tool_bbox,tool_seg,05_2_0055,listed_but_zero_annotation
tool_bbox,tool_seg,05_2_0057,listed_but_zero_annotation
tool_bbox,tool_seg,05_2_0058,listed_but_zero_annotation
tool_bbox,tool_seg,05_2_0059,listed_but_zero_annotation
tool_bbox,tool_seg,05_2_0060,listed_but_zero_annotation
tool_bbox,tool_seg,05_2_0061,listed_but_zero_annotation
tool_bbox,tool_seg,05_2_0062,listed_but_zero_annotation
tool_bbox,tool_seg,05_2_0063,listed_but_zero_annotation
tool_bbox,tool_seg,05_2_0064,listed_but_zero_annotation
tool_bbox,tool_seg,05_2_0065,listed_but_zero_annotation
tool_bbox,tool_seg,05_2_0066,listed_but_zero_annotation
tool_bbox,tool_seg,05_2_0070,listed_but_zero_annotation
tool_bbox,tool_seg,05_2_0071,listed_but_zero_annotation
tool_bbox,tool_seg,05_2_0072,listed_but_zero_annotation
tool_bbox,tool_seg,05_2_0073,listed_but_zero_annotation
tool_bbox,tool_seg,05_2_0074,listed_but_zero_annotation
tool_bbox,tool_seg,05_2_0075,listed_but_zero_annotation
tool_bbox,tool_seg,05_2_0076,listed_but_zero_annotation
tool_bbox,tool_seg,05_2_0077,listed_but_zero_annotation
tool_bbox,tool_seg,05_2_0078,listed_but_zero_annotation
tool_bbox,tool_seg,05_2_0079,listed_but_zero_annotation
tool_bbox,tool_seg,05_2_0080,listed_but_zero_annotation
tool_bbox,tool_seg,05_2_0081,listed_but_zero_annotation
tool_bbox,tool_seg,05_2_0082,listed_but_zero_annotation
tool_bbox,tool_seg,05_2_0083,listed_but_zero_annotation
tool_bbox,tool_seg,05_2_0148,listed_but_zero_annotation
tool_bbox,tool_seg,05_2_0161,listed_but_zero_annotation
tool_bbox,tool_seg,05_2_0163,listed_but_zero_annotation
tool_bbox,tool_seg,05_2_0165,listed_but_zero_annotation
tool_bbox,tool_seg,05_2_0176,listed_but_zero_annotation
tool_bbox,tool_seg,05_2_0177,listed_but_zero_annotation
tool_bbox,tool_seg,05_2_0181,listed_but_zero_annotation
tool_bbox,tool_seg,05_2_0182,listed_but_zero_annotation
tool_bbox,tool_seg,05_2_0183,listed_but_zero_annotation
tool_bbox,tool_seg,05_2_0184,listed_but_zero_annotation
tool_bbox,tool_seg,05_2_0185,listed_but_zero_annotation
tool_bbox,tool_seg,05_2_0186,listed_but_zero_annotation
tool_bbox,tool_seg,05_2_0187,listed_but_zero_annotation
tool_bbox,tool_seg,05_2_0188,listed_but_zero_annotation
tool_bbox,tool_seg,05_2_0189,listed_but_zero_annotation
tool_bbox,tool_seg,05_2_0191,listed_but_zero_annotation
tool_bbox,tool_seg,05_2_0192,listed_but_zero_annotation
tool_bbox,tool_seg,05_2_0206,listed_but_zero_annotation
tool_bbox,tool_seg,05_2_0222,listed_but_zero_annotation
tool_bbox,tool_seg,05_2_0223,listed_but_zero_annotation
tool_bbox,tool_seg,05_2_0224,listed_but_zero_annotation
tool_bbox,tool_seg,05_2_0225,listed_but_zero_annotation
tool_bbox,tool_seg,05_2_0226,listed_but_zero_annotation
tool_bbox,tool_seg,05_2_0227,listed_but_zero_annotation
tool_bbox,tool_seg,05_2_0228,listed_but_zero_annotation
tool_bbox,tool_seg,05_2_0229,listed_but_zero_annotation
tool_bbox,tool_seg,05_2_0230,listed_but_zero_annotation
tool_bbox,tool_seg,05_2_0231,listed_but_zero_annotation
tool_bbox,tool_seg,05_2_0241,listed_but_zero_annotation
tool_bbox,tool_seg,06_1_0001,listed_but_zero_annotation
tool_bbox,tool_seg,06_1_0002,listed_but_zero_annotation
tool_bbox,tool_seg,06_1_0003,listed_but_zero_annotation
tool_bbox,tool_seg,06_1_0004,listed_but_zero_annotation
tool_bbox,tool_seg,06_1_0005,listed_but_zero_annotation
tool_bbox,tool_seg,06_1_0006,listed_but_zero_annotation
tool_bbox,tool_seg,06_1_0007,listed_but_zero_annotation
tool_bbox,tool_seg,06_1_0008,listed_but_zero_annotation
tool_bbox,tool_seg,06_1_0009,listed_but_zero_annotation
tool_bbox,tool_seg,06_1_0010,listed_but_zero_annotation
tool_bbox,tool_seg,06_1_0011,listed_but_zero_annotation
tool_bbox,tool_seg,06_1_0255,listed_but_zero_annotation
tool_bbox,tool_seg,06_1_0303,listed_but_zero_annotation
tool_bbox,tool_seg,06_1_0358,listed_but_zero_annotation
tool_bbox,tool_seg,06_1_0436,listed_but_zero_annotation
tool_bbox,tool_seg,06_1_0980,listed_but_zero_annotation
tool_bbox,tool_seg,06_1_1000,listed_but_zero_annotation
tool_bbox,tool_seg,06_2_0299,listed_but_zero_annotation
tool_bbox,tool_seg,06_2_0307,listed_but_zero_annotation
tool_bbox,tool_seg,06_2_0331,listed_but_zero_annotation
tool_bbox,tool_seg,06_2_0346,listed_but_zero_annotation
tool_bbox,tool_seg,06_2_0355,listed_but_zero_annotation
tool_bbox,tool_seg,06_2_0385,listed_but_zero_annotation
tool_bbox,tool_seg,06_2_0386,listed_but_zero_annotation
tool_bbox,tool_seg,06_2_0513,listed_but_zero_annotation
tool_bbox,tool_seg,06_2_0715,listed_but_zero_annotation
tool_bbox,tool_seg,07_1_1281,listed_but_zero_annotation
tool_bbox,tool_seg,07_1_1629,listed_but_zero_annotation
tool_bbox,tool_seg,07_1_1632,listed_but_zero_annotation
tool_bbox,tool_seg,07_1_1633,listed_but_zero_annotation
tool_bbox,tool_seg,07_1_1675,listed_but_zero_annotation
tool_bbox,tool_seg,07_1_1676,listed_but_zero_annotation
tool_bbox,tool_seg,07_1_1687,listed_but_zero_annotation
tool_bbox,tool_seg,07_1_1688,listed_but_zero_annotation
tool_bbox,tool_seg,07_2_0279,listed_but_zero_annotation
tool_bbox,tool_seg,07_2_0335,listed_but_zero_annotation
tool_bbox,tool_seg,07_2_0338,listed_but_zero_annotation
tool_bbox,tool_seg,07_2_0346,listed_but_zero_annotation
tool_bbox,tool_seg,07_2_0354,listed_but_zero_annotation
tool_bbox,tool_seg,07_2_0360,listed_but_zero_annotation
tool_bbox,tool_seg,07_2_0361,listed_but_zero_annotation
tool_bbox,tool_seg,07_2_0365,listed_but_zero_annotation
tool_bbox,tool_seg,07_2_0374,listed_but_zero_annotation
tool_bbox,tool_seg,07_2_0383,listed_but_zero_annotation
tool_bbox,tool_seg,07_2_0389,listed_but_zero_annotation
tool_bbox,tool_seg,07_2_0393,listed_but_zero_annotation
tool_bbox,tool_seg,07_2_0425,listed_but_zero_annotation
tool_bbox,tool_seg,07_2_0426,listed_but_zero_annotation
tool_bbox,tool_seg,07_2_0427,listed_but_zero_annotation
tool_bbox,tool_seg,07_2_0428,listed_but_zero_annotation
tool_bbox,tool_seg,07_2_0429,listed_but_zero_annotation
tool_bbox,tool_seg,07_2_0440,listed_but_zero_annotation
tool_bbox,tool_seg,08_1_0167,listed_but_zero_annotation
tool_bbox,tool_seg,08_1_0221,listed_but_zero_annotation
tool_bbox,tool_seg,08_1_0222,listed_but_zero_annotation
tool_bbox,tool_seg,08_1_0226,listed_but_zero_annotation
tool_bbox,tool_seg,08_1_0230,listed_but_zero_annotation
tool_bbox,tool_seg,08_1_0231,listed_but_zero_annotation
tool_bbox,tool_seg,08_1_0232,listed_but_zero_annotation
tool_bbox,tool_seg,08_1_0331,listed_but_zero_annotation
tool_bbox,tool_seg,08_1_0377,listed_but_zero_annotation
tool_bbox,tool_seg,08_1_0378,listed_but_zero_annotation
tool_bbox,tool_seg,08_1_0379,listed_but_zero_annotation
tool_bbox,tool_seg,08_1_0380,listed_but_zero_annotation
tool_bbox,tool_seg,08_1_0381,listed_but_zero_annotation
tool_bbox,tool_seg,08_1_0391,listed_but_zero_annotation
tool_bbox,tool_seg,08_1_0609,listed_but_zero_annotation
tool_bbox,tool_seg,08_1_0649,listed_but_zero_annotation
tool_bbox,tool_seg,08_1_0654,listed_but_zero_annotation
tool_bbox,tool_seg,08_1_0655,listed_but_zero_annotation
tool_bbox,tool_seg,08_1_0687,listed_but_zero_annotation
tool_bbox,tool_seg,08_1_0699,listed_but_zero_annotation
tool_bbox,tool_seg,08_1_0702,listed_but_zero_annotation
tool_bbox,tool_seg,08_1_0703,listed_but_zero_annotation
tool_bbox,tool_seg,08_1_0704,listed_but_zero_annotation
tool_bbox,tool_seg,08_1_0711,listed_but_zero_annotation
tool_bbox,tool_seg,08_1_0788,listed_but_zero_annotation
tool_bbox,tool_seg,08_1_0793,listed_but_zero_annotation
tool_bbox,tool_seg,08_1_0848,listed_but_zero_annotation
tool_bbox,tool_seg,08_1_1069,listed_but_zero_annotation
tool_bbox,tool_seg,08_1_1166,listed_but_zero_annotation
tool_bbox,tool_seg,08_1_1172,listed_but_zero_annotation
tool_bbox,tool_seg,08_1_1310,listed_but_zero_annotation
tool_bbox,tool_seg,08_1_1383,listed_but_zero_annotation
tool_bbox,tool_seg,08_1_1393,listed_but_zero_annotation
tool_bbox,tool_seg,08_1_1394,listed_but_zero_annotation
tool_bbox,tool_seg,08_1_1395,listed_but_zero_annotation
tool_bbox,tool_seg,08_1_1472,listed_but_zero_annotation
tool_bbox,tool_seg,08_1_1493,listed_but_zero_annotation
tool_bbox,tool_seg,08_1_1494,listed_but_zero_annotation
tool_bbox,tool_seg,08_1_1495,listed_but_zero_annotation
tool_bbox,tool_seg,08_1_1500,listed_but_zero_annotation
tool_bbox,tool_seg,08_1_1515,listed_but_zero_annotation
tool_bbox,tool_seg,08_1_1561,listed_but_zero_annotation
tool_bbox,tool_seg,08_1_1562,listed_but_zero_annotation
tool_bbox,tool_seg,08_1_1564,listed_but_zero_annotation
tool_bbox,tool_seg,08_1_1580,listed_but_zero_annotation
tool_bbox,tool_seg,08_1_1583,listed_but_zero_annotation
tool_bbox,tool_seg,08_1_1626,listed_but_zero_annotation
tool_bbox,tool_seg,08_1_1641,listed_but_zero_annotation
tool_bbox,tool_seg,08_2_0206,listed_but_zero_annotation
tool_bbox,tool_seg,08_2_0225,listed_but_zero_annotation
tool_bbox,tool_seg,08_2_0254,listed_but_zero_annotation
tool_bbox,tool_seg,08_2_0283,listed_but_zero_annotation
tool_bbox,tool_seg,08_2_0291,listed_but_zero_annotation
tool_bbox,tool_seg,08_2_0296,listed_but_zero_annotation
tool_bbox,tool_seg,08_2_0340,listed_but_zero_annotation
tool_bbox,tool_seg,08_2_0349,listed_but_zero_annotation
tool_bbox,tool_seg,08_2_0350,listed_but_zero_annotation
tool_bbox,tool_seg,08_2_0351,listed_but_zero_annotation
tool_bbox,tool_seg,08_2_0362,listed_but_zero_annotation
tool_bbox,tool_seg,08_2_0380,listed_but_zero_annotation
tool_bbox,tool_seg,08_2_0418,listed_but_zero_annotation
tool_bbox,tool_seg,08_2_0422,listed_but_zero_annotation
tool_bbox,tool_seg,08_2_0494,listed_but_zero_annotation
tool_bbox,tool_seg,08_2_0495,listed_but_zero_annotation
tool_bbox,tool_seg,08_2_0496,listed_but_zero_annotation
tool_bbox,tool_seg,08_2_0499,listed_but_zero_annotation
tool_bbox,tool_seg,10_1_0267,listed_but_zero_annotation
tool_bbox,tool_seg,10_1_1108,listed_but_zero_annotation
tool_bbox,tool_seg,10_1_1115,listed_but_zero_annotation
tool_bbox,tool_seg,11_1_1317,listed_but_zero_annotation
tool_bbox,tool_seg,11_1_1318,listed_but_zero_annotation
tool_bbox,tool_seg,12_1_0838,listed_but_zero_annotation
tool_bbox,tool_seg,13_1_0413,listed_but_zero_annotation
tool_bbox,tool_seg,13_1_0414,listed_but_zero_annotation
tool_bbox,tool_seg,13_1_0676,listed_but_zero_annotation
tool_bbox,tool_seg,14_1_0575,listed_but_zero_annotation
tool_bbox,tool_seg,14_1_0991,listed_but_zero_annotation
tool_bbox,tool_seg,14_2_0435,listed_but_zero_annotation
tool_bbox,tool_seg,14_2_0436,listed_but_zero_annotation
tool_bbox,tool_seg,15_1_0133,listed_but_zero_annotation
tool_bbox,tool_seg,15_1_0134,listed_but_zero_annotation
tool_bbox,tool_seg,15_1_0142,listed_but_zero_annotation
tool_bbox,tool_seg,15_1_0143,listed_but_zero_annotation
tool_bbox,handtool_seg,01_1_0698,listed_but_zero_annotation
tool_bbox,handtool_seg,02_1_0440,listed_but_zero_annotation
tool_bbox,handtool_seg,03_2_0170,listed_but_zero_annotation
tool_bbox,handtool_seg,03_2_0172,listed_but_zero_annotation
tool_bbox,handtool_seg,03_2_0191,listed_but_zero_annotation
tool_bbox,handtool_seg,03_2_0538,listed_but_zero_annotation
tool_bbox,handtool_seg,03_2_0569,listed_but_zero_annotation
tool_bbox,handtool_seg,03_2_0596,listed_but_zero_annotation
tool_bbox,handtool_seg,03_2_0598,listed_but_zero_annotation
tool_bbox,handtool_seg,03_2_0813,listed_but_zero_annotation
tool_bbox,handtool_seg,03_2_0843,listed_but_zero_annotation
tool_bbox,handtool_seg,03_2_0844,listed_but_zero_annotation
tool_bbox,handtool_seg,03_2_0867,listed_but_zero_annotation
tool_bbox,handtool_seg,03_2_0868,listed_but_zero_annotation
tool_bbox,handtool_seg,03_2_0897,listed_but_zero_annotation
tool_bbox,handtool_seg,03_2_0944,listed_but_zero_annotation
tool_bbox,handtool_seg,03_2_0952,listed_but_zero_annotation
tool_bbox,handtool_seg,03_2_1076,listed_but_zero_annotation
tool_bbox,handtool_seg,03_2_1212,listed_but_zero_annotation
tool_bbox,handtool_seg,03_2_1214,listed_but_zero_annotation
tool_bbox,handtool_seg,03_2_1278,listed_but_zero_annotation
tool_bbox,handtool_seg,03_2_1472,listed_but_zero_annotation
tool_bbox,handtool_seg,03_2_1544,listed_but_zero_annotation
tool_bbox,handtool_seg,04_1_1018,listed_but_zero_annotation
tool_bbox,handtool_seg,04_1_1048,listed_but_zero_annotation
tool_bbox,handtool_seg,04_1_1049,listed_but_zero_annotation
tool_bbox,handtool_seg,04_1_1053,listed_but_zero_annotation
tool_bbox,handtool_seg,04_1_1055,listed_but_zero_annotation
tool_bbox,handtool_seg,04_1_1056,listed_but_zero_annotation
tool_bbox,handtool_seg,04_1_1057,listed_but_zero_annotation
tool_bbox,handtool_seg,04_1_1059,listed_but_zero_annotation
tool_bbox,handtool_seg,04_1_1062,listed_but_zero_annotation
tool_bbox,handtool_seg,04_1_1249,listed_but_zero_annotation
tool_bbox,handtool_seg,05_1_0161,listed_but_zero_annotation
tool_bbox,handtool_seg,05_1_0293,listed_but_zero_annotation
tool_bbox,handtool_seg,05_1_0548,listed_but_zero_annotation
tool_bbox,handtool_seg,05_1_0687,listed_but_zero_annotation
tool_bbox,handtool_seg,05_1_0844,listed_but_zero_annotation
tool_bbox,handtool_seg,05_1_0999,listed_but_zero_annotation
tool_bbox,handtool_seg,05_1_1000,listed_but_zero_annotation
tool_bbox,handtool_seg,05_1_1202,listed_but_zero_annotation
tool_bbox,handtool_seg,05_1_1363,listed_but_zero_annotation
tool_bbox,handtool_seg,05_1_1394,listed_but_zero_annotation
tool_bbox,handtool_seg,05_1_1417,listed_but_zero_annotation
tool_bbox,handtool_seg,05_1_1426,listed_but_zero_annotation
tool_bbox,handtool_seg,05_1_1529,listed_but_zero_annotation
tool_bbox,handtool_seg,05_1_1587,listed_but_zero_annotation
tool_bbox,handtool_seg,05_1_1622,listed_but_zero_annotation
tool_bbox,handtool_seg,05_1_1641,listed_but_zero_annotation
tool_bbox,handtool_seg,05_2_0035,listed_but_zero_annotation
tool_bbox,handtool_seg,05_2_0036,listed_but_zero_annotation
tool_bbox,handtool_seg,05_2_0045,listed_but_zero_annotation
tool_bbox,handtool_seg,05_2_0048,listed_but_zero_annotation
tool_bbox,handtool_seg,05_2_0163,listed_but_zero_annotation
tool_bbox,handtool_seg,05_2_0187,listed_but_zero_annotation
tool_bbox,handtool_seg,05_2_0206,listed_but_zero_annotation
tool_bbox,handtool_seg,05_2_0231,listed_but_zero_annotation
tool_bbox,handtool_seg,06_1_0003,listed_but_zero_annotation
tool_bbox,handtool_seg,06_1_0436,listed_but_zero_annotation
tool_bbox,handtool_seg,06_1_0773,listed_but_zero_annotation
tool_bbox,handtool_seg,06_1_0905,listed_but_zero_annotation
tool_bbox,handtool_seg,06_1_0924,listed_but_zero_annotation
tool_bbox,handtool_seg,06_1_1000,listed_but_zero_annotation
tool_bbox,handtool_seg,06_1_1005,listed_but_zero_annotation
tool_bbox,handtool_seg,06_1_1087,listed_but_zero_annotation
tool_bbox,handtool_seg,06_1_1232,listed_but_zero_annotation
tool_bbox,handtool_seg,06_1_1259,listed_but_zero_annotation
tool_bbox,handtool_seg,06_1_1287,listed_but_zero_annotation
tool_bbox,handtool_seg,06_1_1288,listed_but_zero_annotation
tool_bbox,handtool_seg,06_1_1289,listed_but_zero_annotation
tool_bbox,handtool_seg,06_1_1343,listed_but_zero_annotation
tool_bbox,handtool_seg,06_2_0299,listed_but_zero_annotation
tool_bbox,handtool_seg,06_2_0330,listed_but_zero_annotation
tool_bbox,handtool_seg,06_2_0346,listed_but_zero_annotation
tool_bbox,handtool_seg,06_2_0370,listed_but_zero_annotation
tool_bbox,handtool_seg,06_2_0483,listed_but_zero_annotation
tool_bbox,handtool_seg,06_2_0489,listed_but_zero_annotation
tool_bbox,handtool_seg,06_2_0579,listed_but_zero_annotation
tool_bbox,handtool_seg,06_2_0609,listed_but_zero_annotation
tool_bbox,handtool_seg,06_2_0710,listed_but_zero_annotation
tool_bbox,handtool_seg,06_2_0715,listed_but_zero_annotation
tool_bbox,handtool_seg,07_1_0139,listed_but_zero_annotation
tool_bbox,handtool_seg,07_1_0530,listed_but_zero_annotation
tool_bbox,handtool_seg,07_1_0554,listed_but_zero_annotation
tool_bbox,handtool_seg,07_1_0691,listed_but_zero_annotation
tool_bbox,handtool_seg,07_1_0717,listed_but_zero_annotation
tool_bbox,handtool_seg,07_1_0718,listed_but_zero_annotation
tool_bbox,handtool_seg,07_1_0722,listed_but_zero_annotation
tool_bbox,handtool_seg,07_1_0725,listed_but_zero_annotation
tool_bbox,handtool_seg,07_1_0764,listed_but_zero_annotation
tool_bbox,handtool_seg,07_1_0766,listed_but_zero_annotation
tool_bbox,handtool_seg,07_1_0769,listed_but_zero_annotation
tool_bbox,handtool_seg,07_1_0770,listed_but_zero_annotation
tool_bbox,handtool_seg,07_1_0771,listed_but_zero_annotation
tool_bbox,handtool_seg,07_1_0785,listed_but_zero_annotation
tool_bbox,handtool_seg,07_1_0794,listed_but_zero_annotation
tool_bbox,handtool_seg,07_1_0862,listed_but_zero_annotation
tool_bbox,handtool_seg,07_1_0960,listed_but_zero_annotation
tool_bbox,handtool_seg,07_1_1046,listed_but_zero_annotation
tool_bbox,handtool_seg,07_1_1076,listed_but_zero_annotation
tool_bbox,handtool_seg,07_1_1086,listed_but_zero_annotation
tool_bbox,handtool_seg,07_1_1098,listed_but_zero_annotation
tool_bbox,handtool_seg,07_1_1099,listed_but_zero_annotation
tool_bbox,handtool_seg,07_1_1112,listed_but_zero_annotation
tool_bbox,handtool_seg,07_1_1116,listed_but_zero_annotation
tool_bbox,handtool_seg,07_1_1117,listed_but_zero_annotation
tool_bbox,handtool_seg,07_1_1118,listed_but_zero_annotation
tool_bbox,handtool_seg,07_1_1122,listed_but_zero_annotation
tool_bbox,handtool_seg,07_1_1123,listed_but_zero_annotation
tool_bbox,handtool_seg,07_1_1165,listed_but_zero_annotation
tool_bbox,handtool_seg,07_1_1193,listed_but_zero_annotation
tool_bbox,handtool_seg,07_1_1196,listed_but_zero_annotation
tool_bbox,handtool_seg,07_1_1205,listed_but_zero_annotation
tool_bbox,handtool_seg,07_1_1206,listed_but_zero_annotation
tool_bbox,handtool_seg,07_1_1212,listed_but_zero_annotation
tool_bbox,handtool_seg,07_1_1240,listed_but_zero_annotation
tool_bbox,handtool_seg,07_1_1242,listed_but_zero_annotation
tool_bbox,handtool_seg,07_1_1243,listed_but_zero_annotation
tool_bbox,handtool_seg,07_1_1285,listed_but_zero_annotation
tool_bbox,handtool_seg,07_1_1306,listed_but_zero_annotation
tool_bbox,handtool_seg,07_1_1315,listed_but_zero_annotation
tool_bbox,handtool_seg,07_1_1321,listed_but_zero_annotation
tool_bbox,handtool_seg,07_1_1345,listed_but_zero_annotation
tool_bbox,handtool_seg,07_1_1350,listed_but_zero_annotation
tool_bbox,handtool_seg,07_1_1474,listed_but_zero_annotation
tool_bbox,handtool_seg,07_1_1475,listed_but_zero_annotation
tool_bbox,handtool_seg,07_1_1519,listed_but_zero_annotation
tool_bbox,handtool_seg,07_1_1531,listed_but_zero_annotation
tool_bbox,handtool_seg,07_1_1532,listed_but_zero_annotation
tool_bbox,handtool_seg,07_1_1534,listed_but_zero_annotation
tool_bbox,handtool_seg,07_1_1539,listed_but_zero_annotation
tool_bbox,handtool_seg,07_1_1540,listed_but_zero_annotation
tool_bbox,handtool_seg,07_1_1560,listed_but_zero_annotation
tool_bbox,handtool_seg,07_1_1594,listed_but_zero_annotation
tool_bbox,handtool_seg,07_1_1602,listed_but_zero_annotation
tool_bbox,handtool_seg,07_1_1603,listed_but_zero_annotation
tool_bbox,handtool_seg,07_1_1616,listed_but_zero_annotation
tool_bbox,handtool_seg,07_1_1628,listed_but_zero_annotation
tool_bbox,handtool_seg,07_1_1630,listed_but_zero_annotation
tool_bbox,handtool_seg,07_1_1634,listed_but_zero_annotation
tool_bbox,handtool_seg,07_1_1639,listed_but_zero_annotation
tool_bbox,handtool_seg,07_1_1657,listed_but_zero_annotation
tool_bbox,handtool_seg,07_1_1658,listed_but_zero_annotation
tool_bbox,handtool_seg,07_1_1659,listed_but_zero_annotation
tool_bbox,handtool_seg,07_1_1660,listed_but_zero_annotation
tool_bbox,handtool_seg,07_1_1661,listed_but_zero_annotation
tool_bbox,handtool_seg,07_1_1662,listed_but_zero_annotation
tool_bbox,handtool_seg,07_1_1663,listed_but_zero_annotation
tool_bbox,handtool_seg,07_1_1664,listed_but_zero_annotation
tool_bbox,handtool_seg,07_1_1665,listed_but_zero_annotation
tool_bbox,handtool_seg,07_1_1666,listed_but_zero_annotation
tool_bbox,handtool_seg,07_1_1667,listed_but_zero_annotation
tool_bbox,handtool_seg,07_1_1669,listed_but_zero_annotation
tool_bbox,handtool_seg,07_1_1682,listed_but_zero_annotation
tool_bbox,handtool_seg,07_1_1683,listed_but_zero_annotation
tool_bbox,handtool_seg,07_1_1684,listed_but_zero_annotation
tool_bbox,handtool_seg,07_1_1685,listed_but_zero_annotation
tool_bbox,handtool_seg,07_1_1686,listed_but_zero_annotation
tool_bbox,handtool_seg,07_1_1689,listed_but_zero_annotation
tool_bbox,handtool_seg,07_2_0055,listed_but_zero_annotation
tool_bbox,handtool_seg,07_2_0073,listed_but_zero_annotation
tool_bbox,handtool_seg,07_2_0095,listed_but_zero_annotation
tool_bbox,handtool_seg,07_2_0105,listed_but_zero_annotation
tool_bbox,handtool_seg,07_2_0108,listed_but_zero_annotation
tool_bbox,handtool_seg,07_2_0109,listed_but_zero_annotation
tool_bbox,handtool_seg,07_2_0110,listed_but_zero_annotation
tool_bbox,handtool_seg,07_2_0111,listed_but_zero_annotation
tool_bbox,handtool_seg,07_2_0130,listed_but_zero_annotation
tool_bbox,handtool_seg,07_2_0132,listed_but_zero_annotation
tool_bbox,handtool_seg,07_2_0138,listed_but_zero_annotation
tool_bbox,handtool_seg,07_2_0160,listed_but_zero_annotation
tool_bbox,handtool_seg,07_2_0164,listed_but_zero_annotation
tool_bbox,handtool_seg,07_2_0186,listed_but_zero_annotation
tool_bbox,handtool_seg,07_2_0188,listed_but_zero_annotation
tool_bbox,handtool_seg,07_2_0190,listed_but_zero_annotation
tool_bbox,handtool_seg,07_2_0191,listed_but_zero_annotation
tool_bbox,handtool_seg,07_2_0192,listed_but_zero_annotation
tool_bbox,handtool_seg,07_2_0197,listed_but_zero_annotation
tool_bbox,handtool_seg,07_2_0204,listed_but_zero_annotation
tool_bbox,handtool_seg,07_2_0227,listed_but_zero_annotation
tool_bbox,handtool_seg,07_2_0228,listed_but_zero_annotation
tool_bbox,handtool_seg,07_2_0229,listed_but_zero_annotation
tool_bbox,handtool_seg,07_2_0230,listed_but_zero_annotation
tool_bbox,handtool_seg,07_2_0231,listed_but_zero_annotation
tool_bbox,handtool_seg,07_2_0232,listed_but_zero_annotation
tool_bbox,handtool_seg,07_2_0233,listed_but_zero_annotation
tool_bbox,handtool_seg,07_2_0238,listed_but_zero_annotation
tool_bbox,handtool_seg,07_2_0269,listed_but_zero_annotation
tool_bbox,handtool_seg,07_2_0270,listed_but_zero_annotation
tool_bbox,handtool_seg,07_2_0279,listed_but_zero_annotation
tool_bbox,handtool_seg,07_2_0286,listed_but_zero_annotation
tool_bbox,handtool_seg,07_2_0289,listed_but_zero_annotation
tool_bbox,handtool_seg,07_2_0292,listed_but_zero_annotation
tool_bbox,handtool_seg,07_2_0293,listed_but_zero_annotation
tool_bbox,handtool_seg,07_2_0374,listed_but_zero_annotation
tool_bbox,handtool_seg,07_2_0392,listed_but_zero_annotation
tool_bbox,handtool_seg,07_2_0443,listed_but_zero_annotation
tool_bbox,handtool_seg,07_2_0457,listed_but_zero_annotation
tool_bbox,handtool_seg,07_2_0598,listed_but_zero_annotation
tool_bbox,handtool_seg,07_2_0639,listed_but_zero_annotation
tool_bbox,handtool_seg,07_2_0667,listed_but_zero_annotation
tool_bbox,handtool_seg,07_2_0676,listed_but_zero_annotation
tool_bbox,handtool_seg,07_2_0694,listed_but_zero_annotation
tool_bbox,handtool_seg,07_2_0702,listed_but_zero_annotation
tool_bbox,handtool_seg,07_2_0711,listed_but_zero_annotation
tool_bbox,handtool_seg,08_1_0333,listed_but_zero_annotation
tool_bbox,handtool_seg,08_1_0335,listed_but_zero_annotation
tool_bbox,handtool_seg,08_1_0389,listed_but_zero_annotation
tool_bbox,handtool_seg,08_1_0390,listed_but_zero_annotation
tool_bbox,handtool_seg,08_1_0391,listed_but_zero_annotation
tool_bbox,handtool_seg,08_1_0408,listed_but_zero_annotation
tool_bbox,handtool_seg,08_1_0605,listed_but_zero_annotation
tool_bbox,handtool_seg,08_1_0606,listed_but_zero_annotation
tool_bbox,handtool_seg,08_1_0607,listed_but_zero_annotation
tool_bbox,handtool_seg,08_1_0609,listed_but_zero_annotation
tool_bbox,handtool_seg,08_1_0614,listed_but_zero_annotation
tool_bbox,handtool_seg,08_1_0615,listed_but_zero_annotation
tool_bbox,handtool_seg,08_1_0616,listed_but_zero_annotation
tool_bbox,handtool_seg,08_1_0617,listed_but_zero_annotation
tool_bbox,handtool_seg,08_1_0620,listed_but_zero_annotation
tool_bbox,handtool_seg,08_1_0621,listed_but_zero_annotation
tool_bbox,handtool_seg,08_1_0623,listed_but_zero_annotation
tool_bbox,handtool_seg,08_1_0626,listed_but_zero_annotation
tool_bbox,handtool_seg,08_1_0627,listed_but_zero_annotation
tool_bbox,handtool_seg,08_1_0649,listed_but_zero_annotation
tool_bbox,handtool_seg,08_1_0654,listed_but_zero_annotation
tool_bbox,handtool_seg,08_1_0655,listed_but_zero_annotation
tool_bbox,handtool_seg,08_1_0657,listed_but_zero_annotation
tool_bbox,handtool_seg,08_1_0659,listed_but_zero_annotation
tool_bbox,handtool_seg,08_1_0683,listed_but_zero_annotation
tool_bbox,handtool_seg,08_1_0687,listed_but_zero_annotation
tool_bbox,handtool_seg,08_1_0694,listed_but_zero_annotation
tool_bbox,handtool_seg,08_1_0695,listed_but_zero_annotation
tool_bbox,handtool_seg,08_1_0699,listed_but_zero_annotation
tool_bbox,handtool_seg,08_1_0702,listed_but_zero_annotation
tool_bbox,handtool_seg,08_1_0703,listed_but_zero_annotation
tool_bbox,handtool_seg,08_1_0704,listed_but_zero_annotation
tool_bbox,handtool_seg,08_1_0705,listed_but_zero_annotation
tool_bbox,handtool_seg,08_1_0706,listed_but_zero_annotation
tool_bbox,handtool_seg,08_1_0711,listed_but_zero_annotation
tool_bbox,handtool_seg,08_1_0732,listed_but_zero_annotation
tool_bbox,handtool_seg,08_1_0747,listed_but_zero_annotation
tool_bbox,handtool_seg,08_1_0748,listed_but_zero_annotation
tool_bbox,handtool_seg,08_1_0749,listed_but_zero_annotation
tool_bbox,handtool_seg,08_1_0765,listed_but_zero_annotation
tool_bbox,handtool_seg,08_1_0788,listed_but_zero_annotation
tool_bbox,handtool_seg,08_1_0793,listed_but_zero_annotation
tool_bbox,handtool_seg,08_1_0794,listed_but_zero_annotation
tool_bbox,handtool_seg,08_1_0795,listed_but_zero_annotation
tool_bbox,handtool_seg,08_1_0796,listed_but_zero_annotation
tool_bbox,handtool_seg,08_1_0797,listed_but_zero_annotation
tool_bbox,handtool_seg,08_1_0798,listed_but_zero_annotation
tool_bbox,handtool_seg,08_1_0799,listed_but_zero_annotation
tool_bbox,handtool_seg,08_1_0800,listed_but_zero_annotation
tool_bbox,handtool_seg,08_1_0848,listed_but_zero_annotation
tool_bbox,handtool_seg,08_1_1069,listed_but_zero_annotation
tool_bbox,handtool_seg,08_1_1166,listed_but_zero_annotation
tool_bbox,handtool_seg,08_1_1213,listed_but_zero_annotation
tool_bbox,handtool_seg,08_1_1266,listed_but_zero_annotation
tool_bbox,handtool_seg,08_1_1281,listed_but_zero_annotation
tool_bbox,handtool_seg,08_1_1290,listed_but_zero_annotation
tool_bbox,handtool_seg,08_1_1329,listed_but_zero_annotation
tool_bbox,handtool_seg,08_1_1459,listed_but_zero_annotation
tool_bbox,handtool_seg,08_1_1515,listed_but_zero_annotation
tool_bbox,handtool_seg,08_1_1580,listed_but_zero_annotation
tool_bbox,handtool_seg,08_1_1583,listed_but_zero_annotation
tool_bbox,handtool_seg,08_1_1626,listed_but_zero_annotation
tool_bbox,handtool_seg,08_1_1627,listed_but_zero_annotation
tool_bbox,handtool_seg,08_1_1628,listed_but_zero_annotation
tool_bbox,handtool_seg,08_2_0225,listed_but_zero_annotation
tool_bbox,handtool_seg,08_2_0227,listed_but_zero_annotation
tool_bbox,handtool_seg,08_2_0231,listed_but_zero_annotation
tool_bbox,handtool_seg,08_2_0254,listed_but_zero_annotation
tool_bbox,handtool_seg,08_2_0257,listed_but_zero_annotation
tool_bbox,handtool_seg,08_2_0258,listed_but_zero_annotation
tool_bbox,handtool_seg,08_2_0259,listed_but_zero_annotation
tool_bbox,handtool_seg,08_2_0281,listed_but_zero_annotation
tool_bbox,handtool_seg,08_2_0282,listed_but_zero_annotation
tool_bbox,handtool_seg,08_2_0283,listed_but_zero_annotation
tool_bbox,handtool_seg,08_2_0284,listed_but_zero_annotation
tool_bbox,handtool_seg,08_2_0291,listed_but_zero_annotation
tool_bbox,handtool_seg,08_2_0296,listed_but_zero_annotation
tool_bbox,handtool_seg,08_2_0304,listed_but_zero_annotation
tool_bbox,handtool_seg,08_2_0305,listed_but_zero_annotation
tool_bbox,handtool_seg,08_2_0307,listed_but_zero_annotation
tool_bbox,handtool_seg,08_2_0313,listed_but_zero_annotation
tool_bbox,handtool_seg,08_2_0322,listed_but_zero_annotation
tool_bbox,handtool_seg,08_2_0323,listed_but_zero_annotation
tool_bbox,handtool_seg,08_2_0329,listed_but_zero_annotation
tool_bbox,handtool_seg,08_2_0340,listed_but_zero_annotation
tool_bbox,handtool_seg,08_2_0349,listed_but_zero_annotation
tool_bbox,handtool_seg,08_2_0350,listed_but_zero_annotation
tool_bbox,handtool_seg,08_2_0351,listed_but_zero_annotation
tool_bbox,handtool_seg,08_2_0354,listed_but_zero_annotation
tool_bbox,handtool_seg,08_2_0368,listed_but_zero_annotation
tool_bbox,handtool_seg,08_2_0525,listed_but_zero_annotation
tool_bbox,handtool_seg,08_2_0546,listed_but_zero_annotation
tool_bbox,handtool_seg,08_2_0547,listed_but_zero_annotation
tool_bbox,handtool_seg,08_2_0551,listed_but_zero_annotation
tool_bbox,handtool_seg,08_2_0607,listed_but_zero_annotation
tool_bbox,handtool_seg,10_1_0595,listed_but_zero_annotation
tool_bbox,handtool_seg,11_1_0370,listed_but_zero_annotation
tool_bbox,handtool_seg,11_1_0790,listed_but_zero_annotation
tool_bbox,handtool_seg,11_1_0818,listed_but_zero_annotation
tool_bbox,handtool_seg,11_1_0819,listed_but_zero_annotation
tool_bbox,handtool_seg,11_1_1206,listed_but_zero_annotation
tool_bbox,handtool_seg,11_1_1311,listed_but_zero_annotation
tool_bbox,handtool_seg,11_1_1329,listed_but_zero_annotation
tool_bbox,handtool_seg,12_1_0003,listed_but_zero_annotation
tool_bbox,handtool_seg,12_1_0004,listed_but_zero_annotation
tool_bbox,handtool_seg,12_1_0005,listed_but_zero_annotation
tool_bbox,handtool_seg,12_1_0006,listed_but_zero_annotation
tool_bbox,handtool_seg,12_1_0007,listed_but_zero_annotation
tool_bbox,handtool_seg,12_1_0008,listed_but_zero_annotation
tool_bbox,handtool_seg,12_1_0009,listed_but_zero_annotation
tool_bbox,handtool_seg,12_1_0011,listed_but_zero_annotation
tool_bbox,handtool_seg,12_1_0012,listed_but_zero_annotation
tool_bbox,handtool_seg,12_1_0013,listed_but_zero_annotation
tool_bbox,handtool_seg,12_1_0014,listed_but_zero_annotation
tool_bbox,handtool_seg,12_1_0026,listed_but_zero_annotation
tool_bbox,handtool_seg,12_1_0027,listed_but_zero_annotation
tool_bbox,handtool_seg,12_1_0028,listed_but_zero_annotation
tool_bbox,handtool_seg,12_1_0029,listed_but_zero_annotation
tool_bbox,handtool_seg,12_1_0030,listed_but_zero_annotation
tool_bbox,handtool_seg,12_1_0031,listed_but_zero_annotation
tool_bbox,handtool_seg,12_1_0032,listed_but_zero_annotation
tool_bbox,handtool_seg,12_1_0033,listed_but_zero_annotation
tool_bbox,handtool_seg,12_1_0034,listed_but_zero_annotation
tool_bbox,handtool_seg,12_1_0035,listed_but_zero_annotation
tool_bbox,handtool_seg,12_1_0036,listed_but_zero_annotation
tool_bbox,handtool_seg,12_1_0037,listed_but_zero_annotation
tool_bbox,handtool_seg,12_1_0038,listed_but_zero_annotation
tool_bbox,handtool_seg,12_1_0084,listed_but_zero_annotation
tool_bbox,handtool_seg,12_1_0085,listed_but_zero_annotation
tool_bbox,handtool_seg,12_1_0092,listed_but_zero_annotation
tool_bbox,handtool_seg,12_1_0093,listed_but_zero_annotation
tool_bbox,handtool_seg,12_1_0094,listed_but_zero_annotation
tool_bbox,handtool_seg,12_1_0096,listed_but_zero_annotation
tool_bbox,handtool_seg,12_1_0162,listed_but_zero_annotation
tool_bbox,handtool_seg,12_1_0163,listed_but_zero_annotation
tool_bbox,handtool_seg,12_1_0164,listed_but_zero_annotation
tool_bbox,handtool_seg,12_1_0234,listed_but_zero_annotation
tool_bbox,handtool_seg,12_1_0235,listed_but_zero_annotation
tool_bbox,handtool_seg,12_1_0236,listed_but_zero_annotation
tool_bbox,handtool_seg,12_1_0237,listed_but_zero_annotation
tool_bbox,handtool_seg,12_1_0238,listed_but_zero_annotation
tool_bbox,handtool_seg,12_1_0239,listed_but_zero_annotation
tool_bbox,handtool_seg,12_1_0240,listed_but_zero_annotation
tool_bbox,handtool_seg,12_1_0245,listed_but_zero_annotation
tool_bbox,handtool_seg,12_1_0251,listed_but_zero_annotation
tool_bbox,handtool_seg,12_1_0278,listed_but_zero_annotation
tool_bbox,handtool_seg,12_1_0279,listed_but_zero_annotation
tool_bbox,handtool_seg,12_1_0280,listed_but_zero_annotation
tool_bbox,handtool_seg,12_1_0281,listed_but_zero_annotation
tool_bbox,handtool_seg,12_1_0282,listed_but_zero_annotation
tool_bbox,handtool_seg,12_1_0283,listed_but_zero_annotation
tool_bbox,handtool_seg,12_1_0284,listed_but_zero_annotation
tool_bbox,handtool_seg,12_1_0285,listed_but_zero_annotation
tool_bbox,handtool_seg,12_1_0286,listed_but_zero_annotation
tool_bbox,handtool_seg,12_1_0287,listed_but_zero_annotation
tool_bbox,handtool_seg,12_1_0290,listed_but_zero_annotation
tool_bbox,handtool_seg,12_1_0301,listed_but_zero_annotation
tool_bbox,handtool_seg,12_1_0302,listed_but_zero_annotation
tool_bbox,handtool_seg,12_1_0306,listed_but_zero_annotation
tool_bbox,handtool_seg,12_1_0307,listed_but_zero_annotation
tool_bbox,handtool_seg,12_1_0309,listed_but_zero_annotation
tool_bbox,handtool_seg,12_1_0310,listed_but_zero_annotation
tool_bbox,handtool_seg,12_1_0311,listed_but_zero_annotation
tool_bbox,handtool_seg,12_1_0312,listed_but_zero_annotation
tool_bbox,handtool_seg,12_1_0321,listed_but_zero_annotation
tool_bbox,handtool_seg,12_1_0322,listed_but_zero_annotation
tool_bbox,handtool_seg,12_1_0323,listed_but_zero_annotation
tool_bbox,handtool_seg,12_1_0324,listed_but_zero_annotation
tool_bbox,handtool_seg,12_1_0325,listed_but_zero_annotation
tool_bbox,handtool_seg,12_1_0326,listed_but_zero_annotation
tool_bbox,handtool_seg,12_1_0327,listed_but_zero_annotation
tool_bbox,handtool_seg,12_1_0328,listed_but_zero_annotation
tool_bbox,handtool_seg,12_1_0329,listed_but_zero_annotation
tool_bbox,handtool_seg,12_1_0330,listed_but_zero_annotation
tool_bbox,handtool_seg,12_1_0331,listed_but_zero_annotation
tool_bbox,handtool_seg,12_1_0332,listed_but_zero_annotation
tool_bbox,handtool_seg,12_1_0333,listed_but_zero_annotation
tool_bbox,handtool_seg,12_1_0334,listed_but_zero_annotation
tool_bbox,handtool_seg,12_1_0335,listed_but_zero_annotation
tool_bbox,handtool_seg,12_1_0336,listed_but_zero_annotation
tool_bbox,handtool_seg,12_1_0337,listed_but_zero_annotation
tool_bbox,handtool_seg,12_1_0338,listed_but_zero_annotation
tool_bbox,handtool_seg,12_1_0339,listed_but_zero_annotation
tool_bbox,handtool_seg,12_1_0340,listed_but_zero_annotation
tool_bbox,handtool_seg,12_1_0347,listed_but_zero_annotation
tool_bbox,handtool_seg,12_1_0348,listed_but_zero_annotation
tool_bbox,handtool_seg,12_1_0349,listed_but_zero_annotation
tool_bbox,handtool_seg,12_1_0350,listed_but_zero_annotation
tool_bbox,handtool_seg,12_1_0351,listed_but_zero_annotation
tool_bbox,handtool_seg,12_1_0352,listed_but_zero_annotation
tool_bbox,handtool_seg,12_1_0378,listed_but_zero_annotation
tool_bbox,handtool_seg,12_1_0572,listed_but_zero_annotation
tool_bbox,handtool_seg,12_1_0573,listed_but_zero_annotation
tool_bbox,handtool_seg,12_1_0575,listed_but_zero_annotation
tool_bbox,handtool_seg,12_1_0576,listed_but_zero_annotation
tool_bbox,handtool_seg,12_1_0577,listed_but_zero_annotation
tool_bbox,handtool_seg,12_1_0836,listed_but_zero_annotation
tool_bbox,handtool_seg,12_1_0840,listed_but_zero_annotation
tool_bbox,handtool_seg,12_1_0849,listed_but_zero_annotation
tool_bbox,handtool_seg,12_1_1044,listed_but_zero_annotation
tool_bbox,handtool_seg,12_1_1169,listed_but_zero_annotation
tool_bbox,handtool_seg,12_1_1170,listed_but_zero_annotation
tool_bbox,handtool_seg,12_1_1174,listed_but_zero_annotation
tool_bbox,handtool_seg,12_1_1175,listed_but_zero_annotation
tool_bbox,handtool_seg,12_1_1183,listed_but_zero_annotation
tool_bbox,handtool_seg,12_1_1184,listed_but_zero_annotation
tool_bbox,handtool_seg,12_1_1185,listed_but_zero_annotation
tool_bbox,handtool_seg,12_1_1186,listed_but_zero_annotation
tool_bbox,handtool_seg,12_1_1187,listed_but_zero_annotation
tool_bbox,handtool_seg,12_1_1310,listed_but_zero_annotation
tool_bbox,handtool_seg,12_1_1334,listed_but_zero_annotation
tool_bbox,handtool_seg,12_1_1588,listed_but_zero_annotation
tool_bbox,handtool_seg,12_1_1589,listed_but_zero_annotation
tool_bbox,handtool_seg,12_1_1590,listed_but_zero_annotation
tool_bbox,handtool_seg,12_1_1591,listed_but_zero_annotation
tool_bbox,handtool_seg,12_1_1595,listed_but_zero_annotation
tool_bbox,handtool_seg,12_1_1600,listed_but_zero_annotation
tool_bbox,handtool_seg,12_1_1601,listed_but_zero_annotation
tool_bbox,handtool_seg,12_1_1602,listed_but_zero_annotation
tool_bbox,handtool_seg,12_1_1603,listed_but_zero_annotation
tool_bbox,handtool_seg,12_1_1604,listed_but_zero_annotation
tool_bbox,handtool_seg,12_1_1608,listed_but_zero_annotation
tool_bbox,handtool_seg,12_1_1620,listed_but_zero_annotation
tool_bbox,handtool_seg,12_1_1621,listed_but_zero_annotation
tool_bbox,handtool_seg,12_1_1622,listed_but_zero_annotation
tool_bbox,handtool_seg,12_1_1623,listed_but_zero_annotation
tool_bbox,handtool_seg,12_1_1624,listed_but_zero_annotation
tool_bbox,handtool_seg,13_1_0719,listed_but_zero_annotation
tool_bbox,handtool_seg,13_1_0722,listed_but_zero_annotation
tool_bbox,handtool_seg,13_1_0756,listed_but_zero_annotation
tool_bbox,handtool_seg,13_1_0800,listed_but_zero_annotation
tool_bbox,handtool_seg,13_1_0992,listed_but_zero_annotation
tool_bbox,handtool_seg,13_1_0993,listed_but_zero_annotation
tool_bbox,handtool_seg,13_1_1039,listed_but_zero_annotation
tool_bbox,handtool_seg,13_1_1058,listed_but_zero_annotation
tool_bbox,handtool_seg,13_1_1069,listed_but_zero_annotation
tool_bbox,handtool_seg,13_1_1096,listed_but_zero_annotation
tool_bbox,handtool_seg,13_1_1100,listed_but_zero_annotation
tool_bbox,handtool_seg,13_1_1154,listed_but_zero_annotation
tool_bbox,handtool_seg,13_1_1155,listed_but_zero_annotation
tool_bbox,handtool_seg,14_1_0156,listed_but_zero_annotation
tool_bbox,handtool_seg,14_1_0157,listed_but_zero_annotation
tool_bbox,handtool_seg,14_1_0164,listed_but_zero_annotation
tool_bbox,handtool_seg,14_1_0165,listed_but_zero_annotation
tool_bbox,handtool_seg,14_1_0991,listed_but_zero_annotation
tool_bbox,handtool_seg,14_2_0082,listed_but_zero_annotation
tool_bbox,handtool_seg,14_2_0104,listed_but_zero_annotation
tool_bbox,handtool_seg,14_2_0107,listed_but_zero_annotation
tool_bbox,handtool_seg,14_2_0405,listed_but_zero_annotation
tool_bbox,handtool_seg,15_1_0196,listed_but_zero_annotation
tool_bbox,handtool_seg,15_1_0197,listed_but_zero_annotation
tool_bbox,handtool_seg,15_1_0198,listed_but_zero_annotation
tool_bbox,handtool_seg,15_1_0199,listed_but_zero_annotation
tool_bbox,handtool_seg,15_1_0200,listed_but_zero_annotation
tool_bbox,handtool_seg,15_1_0369,listed_but_zero_annotation
phase,hand_seg,01_1_0001,not_in_hts_universe
phase,hand_seg,01_1_0002,not_in_hts_universe
phase,hand_seg,01_1_0003,not_in_hts_universe
phase,hand_seg,01_1_0004,not_in_hts_universe
phase,hand_seg,01_1_0005,not_in_hts_universe
phase,hand_seg,01_1_0006,not_in_hts_universe
phase,hand_seg,01_1_0007,not_in_hts_universe
phase,hand_seg,01_1_0008,not_in_hts_universe
phase,hand_seg,01_1_0009,not_in_hts_universe
phase,hand_seg,01_1_0010,not_in_hts_universe
phase,hand_seg,01_1_0011,not_in_hts_universe
phase,hand_seg,01_1_0012,not_in_hts_universe
phase,hand_seg,01_1_0013,not_in_hts_universe
phase,hand_seg,01_1_0014,not_in_hts_universe
phase,hand_seg,01_1_0015,not_in_hts_universe
phase,hand_seg,01_1_0016,not_in_hts_universe
phase,hand_seg,01_1_0122,not_in_hts_universe
phase,hand_seg,01_1_0123,not_in_hts_universe
phase,hand_seg,01_1_0130,not_in_hts_universe
phase,hand_seg,01_1_0142,not_in_hts_universe
phase,hand_seg,01_1_0146,not_in_hts_universe
phase,hand_seg,01_1_0152,not_in_hts_universe
phase,hand_seg,01_1_0273,not_in_hts_universe
phase,hand_seg,01_1_0293,not_in_hts_universe
phase,hand_seg,01_1_0294,not_in_hts_universe
phase,hand_seg,01_1_0360,not_in_hts_universe
phase,hand_seg,01_1_0487,not_in_hts_universe
phase,hand_seg,01_1_0517,not_in_hts_universe
phase,hand_seg,01_1_0531,not_in_hts_universe
phase,hand_seg,01_1_0544,not_in_hts_universe
phase,hand_seg,01_1_0545,not_in_hts_universe
phase,hand_seg,01_1_0546,not_in_hts_universe
phase,hand_seg,01_1_0547,not_in_hts_universe
phase,hand_seg,01_1_0635,not_in_hts_universe
phase,hand_seg,01_1_0636,not_in_hts_universe
phase,hand_seg,01_1_0638,not_in_hts_universe
phase,hand_seg,01_1_0659,not_in_hts_universe
phase,hand_seg,01_1_0688,not_in_hts_universe
phase,hand_seg,01_1_0697,not_in_hts_universe
phase,hand_seg,01_1_0750,not_in_hts_universe
phase,hand_seg,01_1_0751,not_in_hts_universe
phase,hand_seg,01_1_0765,not_in_hts_universe
phase,hand_seg,01_1_0766,not_in_hts_universe
phase,hand_seg,01_1_0774,not_in_hts_universe
phase,hand_seg,01_1_0784,not_in_hts_universe
phase,hand_seg,01_1_0829,not_in_hts_universe
phase,hand_seg,01_1_0830,not_in_hts_universe
phase,hand_seg,01_1_0836,not_in_hts_universe
phase,hand_seg,01_1_0866,not_in_hts_universe
phase,hand_seg,01_1_0870,not_in_hts_universe
phase,hand_seg,01_1_0871,not_in_hts_universe
phase,hand_seg,01_1_0872,not_in_hts_universe
phase,hand_seg,01_1_0933,not_in_hts_universe
phase,hand_seg,01_1_0934,not_in_hts_universe
phase,hand_seg,01_1_0935,not_in_hts_universe
phase,hand_seg,01_1_0956,not_in_hts_universe
phase,hand_seg,01_1_0988,not_in_hts_universe
phase,hand_seg,01_1_0989,not_in_hts_universe
phase,hand_seg,01_1_0990,not_in_hts_universe
phase,hand_seg,01_1_0991,not_in_hts_universe
phase,hand_seg,01_1_0992,not_in_hts_universe
phase,hand_seg,01_1_0993,not_in_hts_universe
phase,hand_seg,01_1_0994,not_in_hts_universe
phase,hand_seg,01_1_0995,not_in_hts_universe
phase,hand_seg,01_1_0996,not_in_hts_universe
phase,hand_seg,01_1_0997,not_in_hts_universe
phase,hand_seg,01_1_0998,not_in_hts_universe
phase,hand_seg,01_1_0999,not_in_hts_universe
phase,hand_seg,01_1_1000,not_in_hts_universe
phase,hand_seg,01_1_1033,not_in_hts_universe
phase,hand_seg,01_1_1034,not_in_hts_universe
phase,hand_seg,01_1_1065,not_in_hts_universe
phase,hand_seg,01_1_1066,not_in_hts_universe
phase,hand_seg,01_1_1094,not_in_hts_universe
phase,hand_seg,01_1_1095,not_in_hts_universe
phase,hand_seg,01_1_1096,not_in_hts_universe
phase,hand_seg,01_1_1097,not_in_hts_universe
phase,hand_seg,01_1_1098,not_in_hts_universe
phase,hand_seg,01_1_1099,not_in_hts_universe
phase,hand_seg,01_1_1111,not_in_hts_universe
phase,hand_seg,01_1_1143,not_in_hts_universe
phase,hand_seg,01_1_1168,not_in_hts_universe
phase,hand_seg,01_1_1169,not_in_hts_universe
phase,hand_seg,01_1_1237,not_in_hts_universe
phase,hand_seg,01_1_1238,not_in_hts_universe
phase,hand_seg,01_1_1262,not_in_hts_universe
phase,hand_seg,02_1_0037,not_in_hts_universe
phase,hand_seg,02_1_0038,not_in_hts_universe
phase,hand_seg,02_1_0039,not_in_hts_universe
phase,hand_seg,02_1_0046,not_in_hts_universe
phase,hand_seg,02_1_0047,not_in_hts_universe
phase,hand_seg,02_1_0048,not_in_hts_universe
phase,hand_seg,02_1_0061,not_in_hts_universe
phase,hand_seg,02_1_0062,not_in_hts_universe
phase,hand_seg,02_1_0063,not_in_hts_universe
phase,hand_seg,02_1_0064,not_in_hts_universe
phase,hand_seg,02_1_0065,not_in_hts_universe
phase,hand_seg,02_1_0066,not_in_hts_universe
phase,hand_seg,02_1_0067,not_in_hts_universe
phase,hand_seg,02_1_0068,not_in_hts_universe
phase,hand_seg,02_1_0069,not_in_hts_universe
phase,hand_seg,02_1_0070,not_in_hts_universe
phase,hand_seg,02_1_0071,not_in_hts_universe
phase,hand_seg,02_1_0072,not_in_hts_universe
phase,hand_seg,02_1_0073,not_in_hts_universe
phase,hand_seg,02_1_0074,not_in_hts_universe
phase,hand_seg,02_1_0075,not_in_hts_universe
phase,hand_seg,02_1_0076,not_in_hts_universe
phase,hand_seg,02_1_0077,not_in_hts_universe
phase,hand_seg,02_1_0079,not_in_hts_universe
phase,hand_seg,02_1_0080,not_in_hts_universe
phase,hand_seg,02_1_0081,not_in_hts_universe
phase,hand_seg,02_1_0082,not_in_hts_universe
phase,hand_seg,02_1_0083,not_in_hts_universe
phase,hand_seg,02_1_0086,not_in_hts_universe
phase,hand_seg,02_1_0087,not_in_hts_universe
phase,hand_seg,02_1_0088,not_in_hts_universe
phase,hand_seg,02_1_0089,not_in_hts_universe
phase,hand_seg,02_1_0091,not_in_hts_universe
phase,hand_seg,02_1_0092,not_in_hts_universe
phase,hand_seg,02_1_0093,not_in_hts_universe
phase,hand_seg,02_1_0094,not_in_hts_universe
phase,hand_seg,02_1_0095,not_in_hts_universe
phase,hand_seg,02_1_0097,not_in_hts_universe
phase,hand_seg,02_1_0098,not_in_hts_universe
phase,hand_seg,02_1_0100,not_in_hts_universe
phase,hand_seg,02_1_0101,not_in_hts_universe
phase,hand_seg,02_1_0102,not_in_hts_universe
phase,hand_seg,02_1_0103,not_in_hts_universe
phase,hand_seg,02_1_0105,not_in_hts_universe
phase,hand_seg,02_1_0122,not_in_hts_universe
phase,hand_seg,02_1_0177,not_in_hts_universe
phase,hand_seg,02_1_0391,not_in_hts_universe
phase,hand_seg,02_1_0392,not_in_hts_universe
phase,hand_seg,02_1_0426,not_in_hts_universe
phase,hand_seg,02_1_0454,not_in_hts_universe
phase,hand_seg,02_1_0482,not_in_hts_universe
phase,hand_seg,02_1_0486,not_in_hts_universe
phase,hand_seg,02_1_0487,not_in_hts_universe
phase,hand_seg,02_1_0488,not_in_hts_universe
phase,hand_seg,02_1_0652,not_in_hts_universe
phase,hand_seg,02_1_0653,not_in_hts_universe
phase,hand_seg,02_1_0654,not_in_hts_universe
phase,hand_seg,02_1_0657,not_in_hts_universe
phase,hand_seg,02_1_0658,not_in_hts_universe
phase,hand_seg,02_1_0662,not_in_hts_universe
phase,hand_seg,02_1_0663,not_in_hts_universe
phase,hand_seg,02_1_0664,not_in_hts_universe
phase,hand_seg,02_1_0665,not_in_hts_universe
phase,hand_seg,02_1_0666,not_in_hts_universe
phase,hand_seg,02_1_0667,not_in_hts_universe
phase,hand_seg,02_1_0668,not_in_hts_universe
phase,hand_seg,02_1_0724,not_in_hts_universe
phase,hand_seg,02_1_0769,not_in_hts_universe
phase,hand_seg,03_2_0139,not_in_hts_universe
phase,hand_seg,03_2_0153,not_in_hts_universe
phase,hand_seg,03_2_0173,not_in_hts_universe
phase,hand_seg,03_2_0179,not_in_hts_universe
phase,hand_seg,03_2_0190,not_in_hts_universe
phase,hand_seg,03_2_0192,not_in_hts_universe
phase,hand_seg,03_2_0193,not_in_hts_universe
phase,hand_seg,03_2_0247,not_in_hts_universe
phase,hand_seg,03_2_0307,not_in_hts_universe
phase,hand_seg,03_2_0368,not_in_hts_universe
phase,hand_seg,03_2_0464,not_in_hts_universe
phase,hand_seg,03_2_0484,not_in_hts_universe
phase,hand_seg,03_2_0499,not_in_hts_universe
phase,hand_seg,03_2_0505,not_in_hts_universe
phase,hand_seg,03_2_0510,not_in_hts_universe
phase,hand_seg,03_2_0536,not_in_hts_universe
phase,hand_seg,03_2_0538,listed_but_zero_annotation
phase,hand_seg,03_2_0545,not_in_hts_universe
phase,hand_seg,03_2_0546,not_in_hts_universe
phase,hand_seg,03_2_0554,not_in_hts_universe
phase,hand_seg,03_2_0555,not_in_hts_universe
phase,hand_seg,03_2_0564,not_in_hts_universe
phase,hand_seg,03_2_0569,listed_but_zero_annotation
phase,hand_seg,03_2_0596,listed_but_zero_annotation
phase,hand_seg,03_2_0598,listed_but_zero_annotation
phase,hand_seg,03_2_0620,not_in_hts_universe
phase,hand_seg,03_2_0621,not_in_hts_universe
phase,hand_seg,03_2_0645,not_in_hts_universe
phase,hand_seg,03_2_0663,not_in_hts_universe
phase,hand_seg,03_2_0710,not_in_hts_universe
phase,hand_seg,03_2_0712,not_in_hts_universe
phase,hand_seg,03_2_0713,not_in_hts_universe
phase,hand_seg,03_2_0751,not_in_hts_universe
phase,hand_seg,03_2_0752,not_in_hts_universe
phase,hand_seg,03_2_0785,not_in_hts_universe
phase,hand_seg,03_2_0791,not_in_hts_universe
phase,hand_seg,03_2_0813,listed_but_zero_annotation
phase,hand_seg,03_2_0815,not_in_hts_universe
phase,hand_seg,03_2_0816,not_in_hts_universe
phase,hand_seg,03_2_0817,not_in_hts_universe
phase,hand_seg,03_2_0818,not_in_hts_universe
phase,hand_seg,03_2_0842,not_in_hts_universe
phase,hand_seg,03_2_0843,listed_but_zero_annotation
phase,hand_seg,03_2_0844,listed_but_zero_annotation
phase,hand_seg,03_2_0867,listed_but_zero_annotation
phase,hand_seg,03_2_0868,listed_but_zero_annotation
phase,hand_seg,03_2_0897,listed_but_zero_annotation
phase,hand_seg,03_2_0908,not_in_hts_universe
phase,hand_seg,03_2_0942,not_in_hts_universe
phase,hand_seg,03_2_0943,not_in_hts_universe
phase,hand_seg,03_2_0944,listed_but_zero_annotation
phase,hand_seg,03_2_0946,not_in_hts_universe
phase,hand_seg,03_2_0952,listed_but_zero_annotation
phase,hand_seg,03_2_0954,not_in_hts_universe
phase,hand_seg,03_2_0978,not_in_hts_universe
phase,hand_seg,03_2_0979,not_in_hts_universe
phase,hand_seg,03_2_1020,not_in_hts_universe
phase,hand_seg,03_2_1032,not_in_hts_universe
phase,hand_seg,03_2_1033,not_in_hts_universe
phase,hand_seg,03_2_1057,not_in_hts_universe
phase,hand_seg,03_2_1076,listed_but_zero_annotation
phase,hand_seg,03_2_1096,not_in_hts_universe
phase,hand_seg,03_2_1101,not_in_hts_universe
phase,hand_seg,03_2_1213,not_in_hts_universe
phase,hand_seg,03_2_1214,listed_but_zero_annotation
phase,hand_seg,03_2_1216,not_in_hts_universe
phase,hand_seg,03_2_1227,not_in_hts_universe
phase,hand_seg,03_2_1240,not_in_hts_universe
phase,hand_seg,03_2_1247,not_in_hts_universe
phase,hand_seg,03_2_1260,not_in_hts_universe
phase,hand_seg,03_2_1272,not_in_hts_universe
phase,hand_seg,03_2_1277,not_in_hts_universe
phase,hand_seg,03_2_1278,listed_but_zero_annotation
phase,hand_seg,03_2_1298,not_in_hts_universe
phase,hand_seg,03_2_1301,not_in_hts_universe
phase,hand_seg,03_2_1303,not_in_hts_universe
phase,hand_seg,03_2_1305,not_in_hts_universe
phase,hand_seg,03_2_1312,not_in_hts_universe
phase,hand_seg,03_2_1313,not_in_hts_universe
phase,hand_seg,03_2_1314,not_in_hts_universe
phase,hand_seg,03_2_1316,not_in_hts_universe
phase,hand_seg,03_2_1331,not_in_hts_universe
phase,hand_seg,03_2_1337,not_in_hts_universe
phase,hand_seg,03_2_1354,not_in_hts_universe
phase,hand_seg,03_2_1364,not_in_hts_universe
phase,hand_seg,03_2_1367,not_in_hts_universe
phase,hand_seg,03_2_1371,not_in_hts_universe
phase,hand_seg,03_2_1390,not_in_hts_universe
phase,hand_seg,03_2_1403,not_in_hts_universe
phase,hand_seg,03_2_1415,not_in_hts_universe
phase,hand_seg,03_2_1467,not_in_hts_universe
phase,hand_seg,03_2_1472,listed_but_zero_annotation
phase,hand_seg,03_2_1473,not_in_hts_universe
phase,hand_seg,03_2_1475,not_in_hts_universe
phase,hand_seg,03_2_1476,not_in_hts_universe
phase,hand_seg,03_2_1503,not_in_hts_universe
phase,hand_seg,03_2_1504,not_in_hts_universe
phase,hand_seg,03_2_1505,not_in_hts_universe
phase,hand_seg,03_2_1506,not_in_hts_universe
phase,hand_seg,03_2_1507,not_in_hts_universe
phase,hand_seg,03_2_1508,not_in_hts_universe
phase,hand_seg,03_2_1509,not_in_hts_universe
phase,hand_seg,03_2_1510,not_in_hts_universe
phase,hand_seg,03_2_1528,not_in_hts_universe
phase,hand_seg,03_2_1529,not_in_hts_universe
phase,hand_seg,03_2_1530,not_in_hts_universe
phase,hand_seg,03_2_1531,not_in_hts_universe
phase,hand_seg,03_2_1532,not_in_hts_universe
phase,hand_seg,03_2_1533,not_in_hts_universe
phase,hand_seg,03_2_1534,not_in_hts_universe
phase,hand_seg,03_2_1544,listed_but_zero_annotation
phase,hand_seg,03_2_1556,not_in_hts_universe
phase,hand_seg,03_2_1557,not_in_hts_universe
phase,hand_seg,03_2_1558,not_in_hts_universe
phase,hand_seg,03_2_1559,not_in_hts_universe
phase,hand_seg,03_2_1560,not_in_hts_universe
phase,hand_seg,03_2_1589,not_in_hts_universe
phase,hand_seg,03_2_1590,not_in_hts_universe
phase,hand_seg,03_2_1591,not_in_hts_universe
phase,hand_seg,03_2_1592,not_in_hts_universe
phase,hand_seg,03_2_1593,not_in_hts_universe
phase,hand_seg,03_2_1594,not_in_hts_universe
phase,hand_seg,03_2_1681,not_in_hts_universe
phase,hand_seg,03_3_0001,not_in_hts_universe
phase,hand_seg,03_3_0002,not_in_hts_universe
phase,hand_seg,03_3_0003,not_in_hts_universe
phase,hand_seg,03_3_0004,not_in_hts_universe
phase,hand_seg,03_3_0005,not_in_hts_universe
phase,hand_seg,03_3_0006,not_in_hts_universe
phase,hand_seg,03_3_0007,not_in_hts_universe
phase,hand_seg,03_3_0008,not_in_hts_universe
phase,hand_seg,03_3_0009,not_in_hts_universe
phase,hand_seg,03_3_0010,not_in_hts_universe
phase,hand_seg,03_3_0011,not_in_hts_universe
phase,hand_seg,03_3_0012,not_in_hts_universe
phase,hand_seg,03_3_0013,not_in_hts_universe
phase,hand_seg,03_3_0014,not_in_hts_universe
phase,hand_seg,03_3_0015,not_in_hts_universe
phase,hand_seg,03_3_0016,not_in_hts_universe
phase,hand_seg,03_3_0017,not_in_hts_universe
phase,hand_seg,03_3_0018,not_in_hts_universe
phase,hand_seg,03_3_0019,not_in_hts_universe
phase,hand_seg,03_3_0020,not_in_hts_universe
phase,hand_seg,03_3_0021,not_in_hts_universe
phase,hand_seg,03_3_0022,not_in_hts_universe
phase,hand_seg,03_3_0023,not_in_hts_universe
phase,hand_seg,03_3_0024,not_in_hts_universe
phase,hand_seg,03_3_0025,not_in_hts_universe
phase,hand_seg,03_3_0026,not_in_hts_universe
phase,hand_seg,03_3_0027,not_in_hts_universe
phase,hand_seg,03_3_0028,not_in_hts_universe
phase,hand_seg,03_3_0029,not_in_hts_universe
phase,hand_seg,03_3_0030,not_in_hts_universe
phase,hand_seg,03_3_0034,not_in_hts_universe
phase,hand_seg,03_3_0035,not_in_hts_universe
phase,hand_seg,03_3_0036,not_in_hts_universe
phase,hand_seg,03_3_0101,not_in_hts_universe
phase,hand_seg,03_3_0102,not_in_hts_universe
phase,hand_seg,03_3_0103,not_in_hts_universe
phase,hand_seg,03_3_0104,not_in_hts_universe
phase,hand_seg,03_3_0105,not_in_hts_universe
phase,hand_seg,03_3_0106,not_in_hts_universe
phase,hand_seg,03_3_0107,not_in_hts_universe
phase,hand_seg,03_3_0108,not_in_hts_universe
phase,hand_seg,03_3_0109,not_in_hts_universe
phase,hand_seg,03_3_0110,not_in_hts_universe
phase,hand_seg,03_3_0113,not_in_hts_universe
phase,hand_seg,03_3_0114,not_in_hts_universe
phase,hand_seg,03_3_0115,not_in_hts_universe
phase,hand_seg,03_3_0116,not_in_hts_universe
phase,hand_seg,03_3_0117,not_in_hts_universe
phase,hand_seg,03_3_0118,not_in_hts_universe
phase,hand_seg,03_3_0119,not_in_hts_universe
phase,hand_seg,03_3_0120,not_in_hts_universe
phase,hand_seg,03_3_0121,not_in_hts_universe
phase,hand_seg,03_3_0122,not_in_hts_universe
phase,hand_seg,03_3_0123,not_in_hts_universe
phase,hand_seg,03_3_0124,not_in_hts_universe
phase,hand_seg,03_3_0125,not_in_hts_universe
phase,hand_seg,03_3_0126,not_in_hts_universe
phase,hand_seg,03_3_0127,not_in_hts_universe
phase,hand_seg,03_3_0128,not_in_hts_universe
phase,hand_seg,03_3_0129,not_in_hts_universe
phase,hand_seg,03_3_0130,not_in_hts_universe
phase,hand_seg,03_3_0131,not_in_hts_universe
phase,hand_seg,03_3_0134,not_in_hts_universe
phase,hand_seg,03_3_0135,not_in_hts_universe
phase,hand_seg,03_3_0136,not_in_hts_universe
phase,hand_seg,03_3_0137,not_in_hts_universe
phase,hand_seg,03_3_0138,not_in_hts_universe
phase,hand_seg,03_3_0139,not_in_hts_universe
phase,hand_seg,03_3_0140,not_in_hts_universe
phase,hand_seg,03_3_0141,not_in_hts_universe
phase,hand_seg,03_3_0142,not_in_hts_universe
phase,hand_seg,03_3_0143,not_in_hts_universe
phase,hand_seg,03_3_0144,not_in_hts_universe
phase,hand_seg,03_3_0145,not_in_hts_universe
phase,hand_seg,03_3_0146,not_in_hts_universe
phase,hand_seg,03_3_0147,not_in_hts_universe
phase,hand_seg,03_3_0148,not_in_hts_universe
phase,hand_seg,03_3_0149,not_in_hts_universe
phase,hand_seg,03_3_0150,not_in_hts_universe
phase,hand_seg,03_3_0151,not_in_hts_universe
phase,hand_seg,03_3_0152,not_in_hts_universe
phase,hand_seg,03_3_0153,not_in_hts_universe
phase,hand_seg,03_3_0154,not_in_hts_universe
phase,hand_seg,03_3_0155,not_in_hts_universe
phase,hand_seg,03_3_0156,not_in_hts_universe
phase,hand_seg,03_3_0159,not_in_hts_universe
phase,hand_seg,03_3_0160,not_in_hts_universe
phase,hand_seg,03_3_0161,not_in_hts_universe
phase,hand_seg,03_3_0162,not_in_hts_universe
phase,hand_seg,03_3_0163,not_in_hts_universe
phase,hand_seg,03_3_0164,not_in_hts_universe
phase,hand_seg,03_3_0165,not_in_hts_universe
phase,hand_seg,03_3_0166,not_in_hts_universe
phase,hand_seg,03_3_0167,not_in_hts_universe
phase,hand_seg,03_3_0168,not_in_hts_universe
phase,hand_seg,03_3_0169,not_in_hts_universe
phase,hand_seg,03_3_0170,not_in_hts_universe
phase,hand_seg,03_3_0171,not_in_hts_universe
phase,hand_seg,03_3_0172,not_in_hts_universe
phase,hand_seg,03_3_0173,not_in_hts_universe
phase,hand_seg,03_3_0174,not_in_hts_universe
phase,hand_seg,03_3_0175,not_in_hts_universe
phase,hand_seg,03_3_0176,not_in_hts_universe
phase,hand_seg,03_3_0177,not_in_hts_universe
phase,hand_seg,03_3_0178,not_in_hts_universe
phase,hand_seg,03_3_0181,not_in_hts_universe
phase,hand_seg,03_3_0182,not_in_hts_universe
phase,hand_seg,03_3_0183,not_in_hts_universe
phase,hand_seg,03_3_0184,not_in_hts_universe
phase,hand_seg,03_3_0185,not_in_hts_universe
phase,hand_seg,03_3_0186,not_in_hts_universe
phase,hand_seg,03_3_0187,not_in_hts_universe
phase,hand_seg,03_3_0188,not_in_hts_universe
phase,hand_seg,03_3_0189,not_in_hts_universe
phase,hand_seg,03_3_0190,not_in_hts_universe
phase,hand_seg,03_3_0191,not_in_hts_universe
phase,hand_seg,03_3_0192,not_in_hts_universe
phase,hand_seg,03_3_0193,not_in_hts_universe
phase,hand_seg,03_3_0194,not_in_hts_universe
phase,hand_seg,03_3_0195,not_in_hts_universe
phase,hand_seg,03_3_0196,not_in_hts_universe
phase,hand_seg,03_3_0197,not_in_hts_universe
phase,hand_seg,03_3_0198,not_in_hts_universe
phase,hand_seg,03_3_0199,not_in_hts_universe
phase,hand_seg,03_3_0200,not_in_hts_universe
phase,hand_seg,03_3_0201,not_in_hts_universe
phase,hand_seg,03_3_0202,not_in_hts_universe
phase,hand_seg,03_3_0203,not_in_hts_universe
phase,hand_seg,03_3_0204,not_in_hts_universe
phase,hand_seg,03_3_0205,not_in_hts_universe
phase,hand_seg,03_3_0206,not_in_hts_universe
phase,hand_seg,03_3_0207,not_in_hts_universe
phase,hand_seg,03_3_0208,not_in_hts_universe
phase,hand_seg,03_3_0209,not_in_hts_universe
phase,hand_seg,03_3_0210,not_in_hts_universe
phase,hand_seg,03_3_0211,not_in_hts_universe
phase,hand_seg,03_3_0212,not_in_hts_universe
phase,hand_seg,03_3_0213,not_in_hts_universe
phase,hand_seg,03_3_0214,not_in_hts_universe
phase,hand_seg,03_3_0215,not_in_hts_universe
phase,hand_seg,03_3_0216,not_in_hts_universe
phase,hand_seg,03_3_0217,not_in_hts_universe
phase,hand_seg,03_3_0218,not_in_hts_universe
phase,hand_seg,03_3_0219,not_in_hts_universe
phase,hand_seg,03_3_0220,not_in_hts_universe
phase,hand_seg,03_3_0221,not_in_hts_universe
phase,hand_seg,03_3_0222,not_in_hts_universe
phase,hand_seg,03_3_0223,not_in_hts_universe
phase,hand_seg,03_3_0224,not_in_hts_universe
phase,hand_seg,03_3_0225,not_in_hts_universe
phase,hand_seg,03_3_0226,not_in_hts_universe
phase,hand_seg,03_3_0227,not_in_hts_universe
phase,hand_seg,03_3_0229,not_in_hts_universe
phase,hand_seg,03_3_0230,not_in_hts_universe
phase,hand_seg,03_3_0231,not_in_hts_universe
phase,hand_seg,03_3_0232,not_in_hts_universe
phase,hand_seg,03_3_0233,not_in_hts_universe
phase,hand_seg,03_3_0234,not_in_hts_universe
phase,hand_seg,03_3_0235,not_in_hts_universe
phase,hand_seg,03_3_0236,not_in_hts_universe
phase,hand_seg,03_3_0237,not_in_hts_universe
phase,hand_seg,03_3_0238,not_in_hts_universe
phase,hand_seg,03_3_0239,not_in_hts_universe
phase,hand_seg,03_3_0240,not_in_hts_universe
phase,hand_seg,03_3_0241,not_in_hts_universe
phase,hand_seg,03_3_0242,not_in_hts_universe
phase,hand_seg,03_3_0243,not_in_hts_universe
phase,hand_seg,03_3_0244,not_in_hts_universe
phase,hand_seg,04_1_0122,not_in_hts_universe
phase,hand_seg,04_1_0123,not_in_hts_universe
phase,hand_seg,04_1_0124,not_in_hts_universe
phase,hand_seg,04_1_0125,not_in_hts_universe
phase,hand_seg,04_1_0126,not_in_hts_universe
phase,hand_seg,04_1_0127,not_in_hts_universe
phase,hand_seg,04_1_0128,not_in_hts_universe
phase,hand_seg,04_1_0129,not_in_hts_universe
phase,hand_seg,04_1_0130,not_in_hts_universe
phase,hand_seg,04_1_0131,not_in_hts_universe
phase,hand_seg,04_1_0132,not_in_hts_universe
phase,hand_seg,04_1_0133,not_in_hts_universe
phase,hand_seg,04_1_0134,not_in_hts_universe
phase,hand_seg,04_1_0135,not_in_hts_universe
phase,hand_seg,04_1_0136,not_in_hts_universe
phase,hand_seg,04_1_0137,not_in_hts_universe
phase,hand_seg,04_1_0138,not_in_hts_universe
phase,hand_seg,04_1_0230,not_in_hts_universe
phase,hand_seg,04_1_0231,not_in_hts_universe
phase,hand_seg,04_1_0232,not_in_hts_universe
phase,hand_seg,04_1_0233,not_in_hts_universe
phase,hand_seg,04_1_0234,not_in_hts_universe
phase,hand_seg,04_1_0235,not_in_hts_universe
phase,hand_seg,04_1_0236,not_in_hts_universe
phase,hand_seg,04_1_0237,not_in_hts_universe
phase,hand_seg,04_1_0238,not_in_hts_universe
phase,hand_seg,04_1_0239,not_in_hts_universe
phase,hand_seg,04_1_0240,not_in_hts_universe
phase,hand_seg,04_1_0241,not_in_hts_universe
phase,hand_seg,04_1_0242,not_in_hts_universe
phase,hand_seg,04_1_0243,not_in_hts_universe
phase,hand_seg,04_1_0244,not_in_hts_universe
phase,hand_seg,04_1_0245,not_in_hts_universe
phase,hand_seg,04_1_0246,not_in_hts_universe
phase,hand_seg,04_1_0247,not_in_hts_universe
phase,hand_seg,04_1_0248,not_in_hts_universe
phase,hand_seg,04_1_0249,not_in_hts_universe
phase,hand_seg,04_1_0250,not_in_hts_universe
phase,hand_seg,04_1_0251,not_in_hts_universe
phase,hand_seg,04_1_0252,not_in_hts_universe
phase,hand_seg,04_1_0253,not_in_hts_universe
phase,hand_seg,04_1_0254,not_in_hts_universe
phase,hand_seg,04_1_0255,not_in_hts_universe
phase,hand_seg,04_1_0256,not_in_hts_universe
phase,hand_seg,04_1_0257,not_in_hts_universe
phase,hand_seg,04_1_0258,not_in_hts_universe
phase,hand_seg,04_1_0259,not_in_hts_universe
phase,hand_seg,04_1_0260,not_in_hts_universe
phase,hand_seg,04_1_0261,not_in_hts_universe
phase,hand_seg,04_1_0262,not_in_hts_universe
phase,hand_seg,04_1_0263,not_in_hts_universe
phase,hand_seg,04_1_0264,not_in_hts_universe
phase,hand_seg,04_1_0265,not_in_hts_universe
phase,hand_seg,04_1_0266,not_in_hts_universe
phase,hand_seg,04_1_0267,not_in_hts_universe
phase,hand_seg,04_1_0268,not_in_hts_universe
phase,hand_seg,04_1_0269,not_in_hts_universe
phase,hand_seg,04_1_0270,not_in_hts_universe
phase,hand_seg,04_1_0271,not_in_hts_universe
phase,hand_seg,04_1_0272,not_in_hts_universe
phase,hand_seg,04_1_0273,not_in_hts_universe
phase,hand_seg,04_1_0274,not_in_hts_universe
phase,hand_seg,04_1_0275,not_in_hts_universe
phase,hand_seg,04_1_0276,not_in_hts_universe
phase,hand_seg,04_1_0277,not_in_hts_universe
phase,hand_seg,04_1_0278,not_in_hts_universe
phase,hand_seg,04_1_0279,not_in_hts_universe
phase,hand_seg,04_1_0280,not_in_hts_universe
phase,hand_seg,04_1_0281,not_in_hts_universe
phase,hand_seg,04_1_0282,not_in_hts_universe
phase,hand_seg,04_1_0283,not_in_hts_universe
phase,hand_seg,04_1_0284,not_in_hts_universe
phase,hand_seg,04_1_0285,not_in_hts_universe
phase,hand_seg,04_1_0286,not_in_hts_universe
phase,hand_seg,04_1_0287,not_in_hts_universe
phase,hand_seg,04_1_0288,not_in_hts_universe
phase,hand_seg,04_1_0289,not_in_hts_universe
phase,hand_seg,04_1_0290,not_in_hts_universe
phase,hand_seg,04_1_0291,not_in_hts_universe
phase,hand_seg,04_1_0292,not_in_hts_universe
phase,hand_seg,04_1_0293,not_in_hts_universe
phase,hand_seg,04_1_0294,not_in_hts_universe
phase,hand_seg,04_1_0295,not_in_hts_universe
phase,hand_seg,04_1_0296,not_in_hts_universe
phase,hand_seg,04_1_0297,not_in_hts_universe
phase,hand_seg,04_1_0298,not_in_hts_universe
phase,hand_seg,04_1_0299,not_in_hts_universe
phase,hand_seg,04_1_0300,not_in_hts_universe
phase,hand_seg,04_1_0301,not_in_hts_universe
phase,hand_seg,04_1_0302,not_in_hts_universe
phase,hand_seg,04_1_0303,not_in_hts_universe
phase,hand_seg,04_1_0304,not_in_hts_universe
phase,hand_seg,04_1_0305,not_in_hts_universe
phase,hand_seg,04_1_0306,not_in_hts_universe
phase,hand_seg,04_1_0307,not_in_hts_universe
phase,hand_seg,04_1_0308,not_in_hts_universe
phase,hand_seg,04_1_0309,not_in_hts_universe
phase,hand_seg,04_1_0310,not_in_hts_universe
phase,hand_seg,04_1_0311,not_in_hts_universe
phase,hand_seg,04_1_0312,not_in_hts_universe
phase,hand_seg,04_1_0313,not_in_hts_universe
phase,hand_seg,04_1_0314,not_in_hts_universe
phase,hand_seg,04_1_0315,not_in_hts_universe
phase,hand_seg,04_1_0316,not_in_hts_universe
phase,hand_seg,04_1_0317,not_in_hts_universe
phase,hand_seg,04_1_0318,not_in_hts_universe
phase,hand_seg,04_1_0319,not_in_hts_universe
phase,hand_seg,04_1_0320,not_in_hts_universe
phase,hand_seg,04_1_0321,not_in_hts_universe
phase,hand_seg,04_1_0322,not_in_hts_universe
phase,hand_seg,04_1_0323,not_in_hts_universe
phase,hand_seg,04_1_0324,not_in_hts_universe
phase,hand_seg,04_1_0325,not_in_hts_universe
phase,hand_seg,04_1_0326,not_in_hts_universe
phase,hand_seg,04_1_0327,not_in_hts_universe
phase,hand_seg,04_1_0328,not_in_hts_universe
phase,hand_seg,04_1_0329,not_in_hts_universe
phase,hand_seg,04_1_0330,not_in_hts_universe
phase,hand_seg,04_1_0331,not_in_hts_universe
phase,hand_seg,04_1_0332,not_in_hts_universe
phase,hand_seg,04_1_0333,not_in_hts_universe
phase,hand_seg,04_1_0334,not_in_hts_universe
phase,hand_seg,04_1_0335,not_in_hts_universe
phase,hand_seg,04_1_0336,not_in_hts_universe
phase,hand_seg,04_1_0337,not_in_hts_universe
phase,hand_seg,04_1_0338,not_in_hts_universe
phase,hand_seg,04_1_0340,not_in_hts_universe
phase,hand_seg,04_1_0341,not_in_hts_universe
phase,hand_seg,04_1_0342,not_in_hts_universe
phase,hand_seg,04_1_0343,not_in_hts_universe
phase,hand_seg,04_1_0344,not_in_hts_universe
phase,hand_seg,04_1_0345,not_in_hts_universe
phase,hand_seg,04_1_0346,not_in_hts_universe
phase,hand_seg,04_1_0347,not_in_hts_universe
phase,hand_seg,04_1_0348,not_in_hts_universe
phase,hand_seg,04_1_0349,not_in_hts_universe
phase,hand_seg,04_1_0350,not_in_hts_universe
phase,hand_seg,04_1_0351,not_in_hts_universe
phase,hand_seg,04_1_0352,not_in_hts_universe
phase,hand_seg,04_1_0353,not_in_hts_universe
phase,hand_seg,04_1_0354,not_in_hts_universe
phase,hand_seg,04_1_0355,not_in_hts_universe
phase,hand_seg,04_1_0356,not_in_hts_universe
phase,hand_seg,04_1_0357,not_in_hts_universe
phase,hand_seg,04_1_0358,not_in_hts_universe
phase,hand_seg,04_1_0359,not_in_hts_universe
phase,hand_seg,04_1_0360,not_in_hts_universe
phase,hand_seg,04_1_0361,not_in_hts_universe
phase,hand_seg,04_1_0362,not_in_hts_universe
phase,hand_seg,04_1_0363,not_in_hts_universe
phase,hand_seg,04_1_0364,not_in_hts_universe
phase,hand_seg,04_1_0365,not_in_hts_universe
phase,hand_seg,04_1_0366,not_in_hts_universe
phase,hand_seg,04_1_0367,not_in_hts_universe
phase,hand_seg,04_1_0368,not_in_hts_universe
phase,hand_seg,04_1_0369,not_in_hts_universe
phase,hand_seg,04_1_0370,not_in_hts_universe
phase,hand_seg,04_1_0371,not_in_hts_universe
phase,hand_seg,04_1_0372,not_in_hts_universe
phase,hand_seg,04_1_0373,not_in_hts_universe
phase,hand_seg,04_1_0374,not_in_hts_universe
phase,hand_seg,04_1_0375,not_in_hts_universe
phase,hand_seg,04_1_0376,not_in_hts_universe
phase,hand_seg,04_1_0377,not_in_hts_universe
phase,hand_seg,04_1_0378,not_in_hts_universe
phase,hand_seg,04_1_0379,not_in_hts_universe
phase,hand_seg,04_1_0380,not_in_hts_universe
phase,hand_seg,04_1_0381,not_in_hts_universe
phase,hand_seg,04_1_0382,not_in_hts_universe
phase,hand_seg,04_1_0383,not_in_hts_universe
phase,hand_seg,04_1_0384,not_in_hts_universe
phase,hand_seg,04_1_0385,not_in_hts_universe
phase,hand_seg,04_1_0386,not_in_hts_universe
phase,hand_seg,04_1_0387,not_in_hts_universe
phase,hand_seg,04_1_0388,not_in_hts_universe
phase,hand_seg,04_1_0389,not_in_hts_universe
phase,hand_seg,04_1_0390,not_in_hts_universe
phase,hand_seg,04_1_0391,not_in_hts_universe
phase,hand_seg,04_1_0392,not_in_hts_universe
phase,hand_seg,04_1_0393,not_in_hts_universe
phase,hand_seg,04_1_0394,not_in_hts_universe
phase,hand_seg,04_1_0395,not_in_hts_universe
phase,hand_seg,04_1_0396,not_in_hts_universe
phase,hand_seg,04_1_0397,not_in_hts_universe
phase,hand_seg,04_1_0398,not_in_hts_universe
phase,hand_seg,04_1_0399,not_in_hts_universe
phase,hand_seg,04_1_0400,not_in_hts_universe
phase,hand_seg,04_1_0508,not_in_hts_universe
phase,hand_seg,04_1_0509,not_in_hts_universe
phase,hand_seg,04_1_0510,not_in_hts_universe
phase,hand_seg,04_1_0553,not_in_hts_universe
phase,hand_seg,04_1_0554,not_in_hts_universe
phase,hand_seg,04_1_0598,not_in_hts_universe
phase,hand_seg,04_1_0599,not_in_hts_universe
phase,hand_seg,04_1_0616,not_in_hts_universe
phase,hand_seg,04_1_0656,not_in_hts_universe
phase,hand_seg,04_1_0667,not_in_hts_universe
phase,hand_seg,04_1_0706,not_in_hts_universe
phase,hand_seg,04_1_0716,not_in_hts_universe
phase,hand_seg,04_1_0800,not_in_hts_universe
phase,hand_seg,04_1_0819,not_in_hts_universe
phase,hand_seg,04_1_0853,not_in_hts_universe
phase,hand_seg,04_1_0903,not_in_hts_universe
phase,hand_seg,04_1_0937,not_in_hts_universe
phase,hand_seg,04_1_0966,not_in_hts_universe
phase,hand_seg,04_1_1012,not_in_hts_universe
phase,hand_seg,04_1_1043,not_in_hts_universe
phase,hand_seg,04_1_1064,not_in_hts_universe
phase,hand_seg,04_1_1100,not_in_hts_universe
phase,hand_seg,04_1_1101,not_in_hts_universe
phase,hand_seg,04_1_1102,not_in_hts_universe
phase,hand_seg,04_1_1103,not_in_hts_universe
phase,hand_seg,04_1_1104,not_in_hts_universe
phase,hand_seg,04_1_1105,not_in_hts_universe
phase,hand_seg,04_1_1106,not_in_hts_universe
phase,hand_seg,04_1_1136,not_in_hts_universe
phase,hand_seg,04_1_1151,not_in_hts_universe
phase,hand_seg,04_1_1155,not_in_hts_universe
phase,hand_seg,04_1_1158,not_in_hts_universe
phase,hand_seg,04_1_1183,not_in_hts_universe
phase,hand_seg,04_1_1184,not_in_hts_universe
phase,hand_seg,04_1_1208,not_in_hts_universe
phase,hand_seg,04_1_1232,not_in_hts_universe
phase,hand_seg,04_1_1235,not_in_hts_universe
phase,hand_seg,04_1_1237,not_in_hts_universe
phase,hand_seg,04_1_1238,not_in_hts_universe
phase,hand_seg,04_1_1239,not_in_hts_universe
phase,hand_seg,04_1_1247,not_in_hts_universe
phase,hand_seg,04_1_1248,not_in_hts_universe
phase,hand_seg,04_1_1267,not_in_hts_universe
phase,hand_seg,04_1_1271,not_in_hts_universe
phase,hand_seg,04_1_1275,not_in_hts_universe
phase,hand_seg,04_1_1276,not_in_hts_universe
phase,hand_seg,04_1_1283,not_in_hts_universe
phase,hand_seg,04_1_1295,not_in_hts_universe
phase,hand_seg,04_1_1498,not_in_hts_universe
phase,hand_seg,04_1_1500,not_in_hts_universe
phase,hand_seg,04_1_1639,not_in_hts_universe
phase,hand_seg,04_2_0050,not_in_hts_universe
phase,hand_seg,04_2_0053,not_in_hts_universe
phase,hand_seg,04_2_0460,not_in_hts_universe
phase,hand_seg,04_2_0461,not_in_hts_universe
phase,hand_seg,04_2_0462,not_in_hts_universe
phase,hand_seg,04_2_0463,not_in_hts_universe
phase,hand_seg,04_2_0464,not_in_hts_universe
phase,hand_seg,04_2_0465,not_in_hts_universe
phase,hand_seg,04_2_0466,not_in_hts_universe
phase,hand_seg,04_2_0467,not_in_hts_universe
phase,hand_seg,04_2_0468,not_in_hts_universe
phase,hand_seg,04_2_0469,not_in_hts_universe
phase,hand_seg,04_2_0470,not_in_hts_universe
phase,hand_seg,04_2_0471,not_in_hts_universe
phase,hand_seg,04_2_0472,not_in_hts_universe
phase,hand_seg,04_2_0473,not_in_hts_universe
phase,hand_seg,04_2_0474,not_in_hts_universe
phase,hand_seg,04_2_0475,not_in_hts_universe
phase,hand_seg,04_2_0476,not_in_hts_universe
phase,hand_seg,04_2_0477,not_in_hts_universe
phase,hand_seg,04_2_0478,not_in_hts_universe
phase,hand_seg,04_2_0479,not_in_hts_universe
phase,hand_seg,04_2_0480,not_in_hts_universe
phase,hand_seg,04_2_0482,not_in_hts_universe
phase,hand_seg,04_2_0483,not_in_hts_universe
phase,hand_seg,04_2_0484,not_in_hts_universe
phase,hand_seg,04_2_0485,not_in_hts_universe
phase,hand_seg,04_2_0486,not_in_hts_universe
phase,hand_seg,04_2_0487,not_in_hts_universe
phase,hand_seg,04_2_0488,not_in_hts_universe
phase,hand_seg,04_2_0489,not_in_hts_universe
phase,hand_seg,04_2_0490,not_in_hts_universe
phase,hand_seg,04_2_0491,not_in_hts_universe
phase,hand_seg,04_2_0492,not_in_hts_universe
phase,hand_seg,04_2_0493,not_in_hts_universe
phase,hand_seg,04_2_0494,not_in_hts_universe
phase,hand_seg,04_2_0495,not_in_hts_universe
phase,hand_seg,04_2_0496,not_in_hts_universe
phase,hand_seg,04_2_0497,not_in_hts_universe
phase,hand_seg,04_2_0498,not_in_hts_universe
phase,hand_seg,04_2_0499,not_in_hts_universe
phase,hand_seg,04_2_0500,not_in_hts_universe
phase,hand_seg,04_2_0501,not_in_hts_universe
phase,hand_seg,04_2_0502,not_in_hts_universe
phase,hand_seg,04_2_0505,not_in_hts_universe
phase,hand_seg,04_2_0506,not_in_hts_universe
phase,hand_seg,04_2_0507,not_in_hts_universe
phase,hand_seg,04_2_0508,not_in_hts_universe
phase,hand_seg,04_2_0509,not_in_hts_universe
phase,hand_seg,04_2_0510,not_in_hts_universe
phase,hand_seg,04_2_0511,not_in_hts_universe
phase,hand_seg,04_2_0512,not_in_hts_universe
phase,hand_seg,04_2_0513,not_in_hts_universe
phase,hand_seg,04_2_0514,not_in_hts_universe
phase,hand_seg,04_2_0515,not_in_hts_universe
phase,hand_seg,04_2_0516,not_in_hts_universe
phase,hand_seg,04_2_0517,not_in_hts_universe
phase,hand_seg,04_2_0518,not_in_hts_universe
phase,hand_seg,04_2_0519,not_in_hts_universe
phase,hand_seg,04_2_0520,not_in_hts_universe
phase,hand_seg,04_2_0521,not_in_hts_universe
phase,hand_seg,04_2_0522,not_in_hts_universe
phase,hand_seg,04_2_0523,not_in_hts_universe
phase,hand_seg,04_2_0524,not_in_hts_universe
phase,hand_seg,04_2_0525,not_in_hts_universe
phase,hand_seg,04_2_0526,not_in_hts_universe
phase,hand_seg,04_2_0527,not_in_hts_universe
phase,hand_seg,04_2_0528,not_in_hts_universe
phase,hand_seg,04_2_0529,not_in_hts_universe
phase,hand_seg,04_2_0530,not_in_hts_universe
phase,hand_seg,04_2_0531,not_in_hts_universe
phase,hand_seg,04_2_0532,not_in_hts_universe
phase,hand_seg,04_2_0533,not_in_hts_universe
phase,hand_seg,04_2_0534,not_in_hts_universe
phase,hand_seg,04_2_0535,not_in_hts_universe
phase,hand_seg,04_2_0536,not_in_hts_universe
phase,hand_seg,05_1_0050,not_in_hts_universe
phase,hand_seg,05_1_0055,not_in_hts_universe
phase,hand_seg,05_1_0069,not_in_hts_universe
phase,hand_seg,05_1_0085,not_in_hts_universe
phase,hand_seg,05_1_0108,not_in_hts_universe
phase,hand_seg,05_1_0161,listed_but_zero_annotation
phase,hand_seg,05_1_0167,not_in_hts_universe
phase,hand_seg,05_1_0168,not_in_hts_universe
phase,hand_seg,05_1_0184,not_in_hts_universe
phase,hand_seg,05_1_0212,not_in_hts_universe
phase,hand_seg,05_1_0217,not_in_hts_universe
phase,hand_seg,05_1_0218,not_in_hts_universe
phase,hand_seg,05_1_0230,not_in_hts_universe
phase,hand_seg,05_1_0254,not_in_hts_universe
phase,hand_seg,05_1_0267,not_in_hts_universe
phase,hand_seg,05_1_0273,not_in_hts_universe
phase,hand_seg,05_1_0341,not_in_hts_universe
phase,hand_seg,05_1_0571,not_in_hts_universe
phase,hand_seg,05_1_0614,not_in_hts_universe
phase,hand_seg,05_1_0625,not_in_hts_universe
phase,hand_seg,05_1_0685,not_in_hts_universe
phase,hand_seg,05_1_0738,not_in_hts_universe
phase,hand_seg,05_1_0740,not_in_hts_universe
phase,hand_seg,05_1_0814,not_in_hts_universe
phase,hand_seg,05_1_0885,not_in_hts_universe
phase,hand_seg,05_1_0923,not_in_hts_universe
phase,hand_seg,05_1_0924,not_in_hts_universe
phase,hand_seg,05_1_0926,not_in_hts_universe
phase,hand_seg,05_1_0927,not_in_hts_universe
phase,hand_seg,05_1_0931,not_in_hts_universe
phase,hand_seg,05_1_0972,not_in_hts_universe
phase,hand_seg,05_1_0977,not_in_hts_universe
phase,hand_seg,05_1_0980,not_in_hts_universe
phase,hand_seg,05_1_0981,not_in_hts_universe
phase,hand_seg,05_1_0982,not_in_hts_universe
phase,hand_seg,05_1_0991,not_in_hts_universe
phase,hand_seg,05_1_1024,not_in_hts_universe
phase,hand_seg,05_1_1025,not_in_hts_universe
phase,hand_seg,05_1_1027,not_in_hts_universe
phase,hand_seg,05_1_1028,not_in_hts_universe
phase,hand_seg,05_1_1031,not_in_hts_universe
phase,hand_seg,05_1_1149,not_in_hts_universe
phase,hand_seg,05_1_1170,not_in_hts_universe
phase,hand_seg,05_1_1176,not_in_hts_universe
phase,hand_seg,05_1_1191,not_in_hts_universe
phase,hand_seg,05_1_1203,not_in_hts_universe
phase,hand_seg,05_1_1215,not_in_hts_universe
phase,hand_seg,05_1_1351,not_in_hts_universe
phase,hand_seg,05_1_1393,not_in_hts_universe
phase,hand_seg,05_1_1406,not_in_hts_universe
phase,hand_seg,05_1_1407,not_in_hts_universe
phase,hand_seg,05_1_1423,not_in_hts_universe
phase,hand_seg,05_1_1424,not_in_hts_universe
phase,hand_seg,05_1_1431,not_in_hts_universe
phase,hand_seg,05_1_1437,not_in_hts_universe
phase,hand_seg,05_1_1459,not_in_hts_universe
phase,hand_seg,05_1_1489,not_in_hts_universe
phase,hand_seg,05_1_1490,not_in_hts_universe
phase,hand_seg,05_1_1501,not_in_hts_universe
phase,hand_seg,05_1_1504,not_in_hts_universe
phase,hand_seg,05_1_1505,not_in_hts_universe
phase,hand_seg,05_1_1515,not_in_hts_universe
phase,hand_seg,05_1_1516,not_in_hts_universe
phase,hand_seg,05_1_1531,not_in_hts_universe
phase,hand_seg,05_1_1532,not_in_hts_universe
phase,hand_seg,05_1_1533,not_in_hts_universe
phase,hand_seg,05_1_1535,not_in_hts_universe
phase,hand_seg,05_1_1536,not_in_hts_universe
phase,hand_seg,05_1_1537,not_in_hts_universe
phase,hand_seg,05_1_1538,not_in_hts_universe
phase,hand_seg,05_1_1590,not_in_hts_universe
phase,hand_seg,05_1_1594,not_in_hts_universe
phase,hand_seg,05_1_1618,not_in_hts_universe
phase,hand_seg,05_1_1621,not_in_hts_universe
phase,hand_seg,05_1_1642,not_in_hts_universe
phase,hand_seg,05_1_1655,not_in_hts_universe
phase,hand_seg,05_1_1656,not_in_hts_universe
phase,hand_seg,05_1_1657,not_in_hts_universe
phase,hand_seg,05_1_1658,not_in_hts_universe
phase,hand_seg,05_2_0036,listed_but_zero_annotation
phase,hand_seg,05_2_0043,not_in_hts_universe
phase,hand_seg,05_2_0045,listed_but_zero_annotation
phase,hand_seg,05_2_0046,not_in_hts_universe
phase,hand_seg,05_2_0048,listed_but_zero_annotation
phase,hand_seg,05_2_0084,not_in_hts_universe
phase,hand_seg,05_2_0085,not_in_hts_universe
phase,hand_seg,05_2_0163,listed_but_zero_annotation
phase,hand_seg,05_2_0164,not_in_hts_universe
phase,hand_seg,05_2_0173,not_in_hts_universe
phase,hand_seg,05_2_0174,not_in_hts_universe
phase,hand_seg,05_2_0175,not_in_hts_universe
phase,hand_seg,05_2_0178,not_in_hts_universe
phase,hand_seg,05_2_0179,not_in_hts_universe
phase,hand_seg,05_2_0180,not_in_hts_universe
phase,hand_seg,05_2_0187,listed_but_zero_annotation
phase,hand_seg,05_2_0190,not_in_hts_universe
phase,hand_seg,05_2_0193,not_in_hts_universe
phase,hand_seg,05_2_0206,listed_but_zero_annotation
phase,hand_seg,05_2_0221,not_in_hts_universe
phase,hand_seg,05_2_0231,listed_but_zero_annotation
phase,hand_seg,05_2_0232,not_in_hts_universe
phase,hand_seg,06_1_0239,not_in_hts_universe
phase,hand_seg,06_1_0248,not_in_hts_universe
phase,hand_seg,06_1_0258,not_in_hts_universe
phase,hand_seg,06_1_0262,not_in_hts_universe
phase,hand_seg,06_1_0383,not_in_hts_universe
phase,hand_seg,06_1_0419,not_in_hts_universe
phase,hand_seg,06_1_0427,not_in_hts_universe
phase,hand_seg,06_1_0459,not_in_hts_universe
phase,hand_seg,06_1_0491,not_in_hts_universe
phase,hand_seg,06_1_0497,not_in_hts_universe
phase,hand_seg,06_1_0559,not_in_hts_universe
phase,hand_seg,06_1_0686,not_in_hts_universe
phase,hand_seg,06_1_0740,not_in_hts_universe
phase,hand_seg,06_1_0772,not_in_hts_universe
phase,hand_seg,06_1_0830,not_in_hts_universe
phase,hand_seg,06_1_0837,not_in_hts_universe
phase,hand_seg,06_1_0874,not_in_hts_universe
phase,hand_seg,06_1_0885,not_in_hts_universe
phase,hand_seg,06_1_0897,not_in_hts_universe
phase,hand_seg,06_1_0901,not_in_hts_universe
phase,hand_seg,06_1_0935,not_in_hts_universe
phase,hand_seg,06_1_0979,not_in_hts_universe
phase,hand_seg,06_1_1001,not_in_hts_universe
phase,hand_seg,06_1_1002,not_in_hts_universe
phase,hand_seg,06_1_1003,not_in_hts_universe
phase,hand_seg,06_1_1004,not_in_hts_universe
phase,hand_seg,06_1_1026,not_in_hts_universe
phase,hand_seg,06_1_1055,not_in_hts_universe
phase,hand_seg,06_1_1064,not_in_hts_universe
phase,hand_seg,06_1_1126,not_in_hts_universe
phase,hand_seg,06_1_1143,not_in_hts_universe
phase,hand_seg,06_1_1183,not_in_hts_universe
phase,hand_seg,06_1_1186,not_in_hts_universe
phase,hand_seg,06_1_1224,not_in_hts_universe
phase,hand_seg,06_1_1227,not_in_hts_universe
phase,hand_seg,06_1_1228,not_in_hts_universe
phase,hand_seg,06_1_1230,not_in_hts_universe
phase,hand_seg,06_1_1231,not_in_hts_universe
phase,hand_seg,06_1_1239,not_in_hts_universe
phase,hand_seg,06_1_1257,not_in_hts_universe
phase,hand_seg,06_1_1258,not_in_hts_universe
phase,hand_seg,06_1_1284,not_in_hts_universe
phase,hand_seg,06_1_1285,not_in_hts_universe
phase,hand_seg,06_1_1286,not_in_hts_universe
phase,hand_seg,06_1_1339,not_in_hts_universe
phase,hand_seg,06_1_1340,not_in_hts_universe
phase,hand_seg,06_1_1341,not_in_hts_universe
phase,hand_seg,06_1_1342,not_in_hts_universe
phase,hand_seg,06_1_1369,not_in_hts_universe
phase,hand_seg,06_1_1370,not_in_hts_universe
phase,hand_seg,06_1_1371,not_in_hts_universe
phase,hand_seg,06_2_0290,not_in_hts_universe
phase,hand_seg,06_2_0335,not_in_hts_universe
phase,hand_seg,06_2_0436,not_in_hts_universe
phase,hand_seg,06_2_0440,not_in_hts_universe
phase,hand_seg,06_2_0459,not_in_hts_universe
phase,hand_seg,06_2_0481,not_in_hts_universe
phase,hand_seg,06_2_0490,not_in_hts_universe
phase,hand_seg,06_2_0491,not_in_hts_universe
phase,hand_seg,06_2_0536,not_in_hts_universe
phase,hand_seg,06_2_0537,not_in_hts_universe
phase,hand_seg,06_2_0579,listed_but_zero_annotation
phase,hand_seg,06_2_0590,not_in_hts_universe
phase,hand_seg,06_2_0603,not_in_hts_universe
phase,hand_seg,06_2_0609,listed_but_zero_annotation
phase,hand_seg,06_2_0635,not_in_hts_universe
phase,hand_seg,06_2_0636,not_in_hts_universe
phase,hand_seg,06_2_0664,not_in_hts_universe
phase,hand_seg,06_2_0673,not_in_hts_universe
phase,hand_seg,06_2_0710,listed_but_zero_annotation
phase,hand_seg,06_2_0715,listed_but_zero_annotation
phase,hand_seg,06_2_0741,not_in_hts_universe
phase,hand_seg,07_1_0014,not_in_hts_universe
phase,hand_seg,07_1_0015,not_in_hts_universe
phase,hand_seg,07_1_0016,not_in_hts_universe
phase,hand_seg,07_1_0017,not_in_hts_universe
phase,hand_seg,07_1_0018,not_in_hts_universe
phase,hand_seg,07_1_0019,not_in_hts_universe
phase,hand_seg,07_1_0020,not_in_hts_universe
phase,hand_seg,07_1_0021,not_in_hts_universe
phase,hand_seg,07_1_0022,not_in_hts_universe
phase,hand_seg,07_1_0023,not_in_hts_universe
phase,hand_seg,07_1_0024,not_in_hts_universe
phase,hand_seg,07_1_0025,not_in_hts_universe
phase,hand_seg,07_1_0026,not_in_hts_universe
phase,hand_seg,07_1_0027,not_in_hts_universe
phase,hand_seg,07_1_0028,not_in_hts_universe
phase,hand_seg,07_1_0029,not_in_hts_universe
phase,hand_seg,07_1_0030,not_in_hts_universe
phase,hand_seg,07_1_0031,not_in_hts_universe
phase,hand_seg,07_1_0032,not_in_hts_universe
phase,hand_seg,07_1_0139,listed_but_zero_annotation
phase,hand_seg,07_1_0368,not_in_hts_universe
phase,hand_seg,07_1_0369,not_in_hts_universe
phase,hand_seg,07_1_0370,not_in_hts_universe
phase,hand_seg,07_1_0371,not_in_hts_universe
phase,hand_seg,07_1_0372,not_in_hts_universe
phase,hand_seg,07_1_0373,not_in_hts_universe
phase,hand_seg,07_1_0374,not_in_hts_universe
phase,hand_seg,07_1_0375,not_in_hts_universe
phase,hand_seg,07_1_0376,not_in_hts_universe
phase,hand_seg,07_1_0377,not_in_hts_universe
phase,hand_seg,07_1_0378,not_in_hts_universe
phase,hand_seg,07_1_0379,not_in_hts_universe
phase,hand_seg,07_1_0380,not_in_hts_universe
phase,hand_seg,07_1_0381,not_in_hts_universe
phase,hand_seg,07_1_0382,not_in_hts_universe
phase,hand_seg,07_1_0383,not_in_hts_universe
phase,hand_seg,07_1_0384,not_in_hts_universe
phase,hand_seg,07_1_0385,not_in_hts_universe
phase,hand_seg,07_1_0386,not_in_hts_universe
phase,hand_seg,07_1_0387,not_in_hts_universe
phase,hand_seg,07_1_0388,not_in_hts_universe
phase,hand_seg,07_1_0389,not_in_hts_universe
phase,hand_seg,07_1_0390,not_in_hts_universe
phase,hand_seg,07_1_0391,not_in_hts_universe
phase,hand_seg,07_1_0392,not_in_hts_universe
phase,hand_seg,07_1_0393,not_in_hts_universe
phase,hand_seg,07_1_0394,not_in_hts_universe
phase,hand_seg,07_1_0395,not_in_hts_universe
phase,hand_seg,07_1_0396,not_in_hts_universe
phase,hand_seg,07_1_0397,not_in_hts_universe
phase,hand_seg,07_1_0398,not_in_hts_universe
phase,hand_seg,07_1_0399,not_in_hts_universe
phase,hand_seg,07_1_0400,not_in_hts_universe
phase,hand_seg,07_1_0401,not_in_hts_universe
phase,hand_seg,07_1_0402,not_in_hts_universe
phase,hand_seg,07_1_0403,not_in_hts_universe
phase,hand_seg,07_1_0404,not_in_hts_universe
phase,hand_seg,07_1_0405,not_in_hts_universe
phase,hand_seg,07_1_0406,not_in_hts_universe
phase,hand_seg,07_1_0407,not_in_hts_universe
phase,hand_seg,07_1_0408,not_in_hts_universe
phase,hand_seg,07_1_0786,not_in_hts_universe
phase,hand_seg,07_1_0810,not_in_hts_universe
phase,hand_seg,07_1_0811,not_in_hts_universe
phase,hand_seg,07_1_0812,not_in_hts_universe
phase,hand_seg,07_1_0813,not_in_hts_universe
phase,hand_seg,07_1_0814,not_in_hts_universe
phase,hand_seg,07_1_0815,not_in_hts_universe
phase,hand_seg,07_1_0816,not_in_hts_universe
phase,hand_seg,07_1_0817,not_in_hts_universe
phase,hand_seg,07_1_0818,not_in_hts_universe
phase,hand_seg,07_1_0819,not_in_hts_universe
phase,hand_seg,07_1_0820,not_in_hts_universe
phase,hand_seg,07_1_1015,not_in_hts_universe
phase,hand_seg,07_1_1065,not_in_hts_universe
phase,hand_seg,07_1_1241,not_in_hts_universe
phase,hand_seg,07_2_0186,listed_but_zero_annotation
phase,hand_seg,07_2_0283,not_in_hts_universe
phase,hand_seg,07_2_0355,not_in_hts_universe
phase,hand_seg,08_1_0159,not_in_hts_universe
phase,hand_seg,08_1_0163,not_in_hts_universe
phase,hand_seg,08_1_0180,not_in_hts_universe
phase,hand_seg,08_1_0234,not_in_hts_universe
phase,hand_seg,08_1_0235,not_in_hts_universe
phase,hand_seg,08_1_0236,not_in_hts_universe
phase,hand_seg,08_1_0240,not_in_hts_universe
phase,hand_seg,08_1_0241,not_in_hts_universe
phase,hand_seg,08_1_0248,not_in_hts_universe
phase,hand_seg,08_1_0250,not_in_hts_universe
phase,hand_seg,08_1_0254,not_in_hts_universe
phase,hand_seg,08_1_0255,not_in_hts_universe
phase,hand_seg,08_1_0317,not_in_hts_universe
phase,hand_seg,08_1_0330,not_in_hts_universe
phase,hand_seg,08_1_0392,not_in_hts_universe
phase,hand_seg,08_1_0427,not_in_hts_universe
phase,hand_seg,08_1_0441,not_in_hts_universe
phase,hand_seg,08_1_0449,not_in_hts_universe
phase,hand_seg,08_1_0454,not_in_hts_universe
phase,hand_seg,08_1_0468,not_in_hts_universe
phase,hand_seg,08_1_0486,not_in_hts_universe
phase,hand_seg,08_1_0511,not_in_hts_universe
phase,hand_seg,08_1_0521,not_in_hts_universe
phase,hand_seg,08_1_0538,not_in_hts_universe
phase,hand_seg,08_1_0569,not_in_hts_universe
phase,hand_seg,08_1_0570,not_in_hts_universe
phase,hand_seg,08_1_0571,not_in_hts_universe
phase,hand_seg,08_1_0572,not_in_hts_universe
phase,hand_seg,08_1_0594,not_in_hts_universe
phase,hand_seg,08_1_0622,not_in_hts_universe
phase,hand_seg,08_1_0645,not_in_hts_universe
phase,hand_seg,08_1_0646,not_in_hts_universe
phase,hand_seg,08_1_0647,not_in_hts_universe
phase,hand_seg,08_1_0675,not_in_hts_universe
phase,hand_seg,08_1_0686,not_in_hts_universe
phase,hand_seg,08_1_0696,not_in_hts_universe
phase,hand_seg,08_1_0697,not_in_hts_universe
phase,hand_seg,08_1_0716,not_in_hts_universe
phase,hand_seg,08_1_0719,not_in_hts_universe
phase,hand_seg,08_1_0720,not_in_hts_universe
phase,hand_seg,08_1_0725,not_in_hts_universe
phase,hand_seg,08_1_0726,not_in_hts_universe
phase,hand_seg,08_1_0740,not_in_hts_universe
phase,hand_seg,08_1_0741,not_in_hts_universe
phase,hand_seg,08_1_0768,not_in_hts_universe
phase,hand_seg,08_1_0786,not_in_hts_universe
phase,hand_seg,08_1_0822,not_in_hts_universe
phase,hand_seg,08_1_0831,not_in_hts_universe
phase,hand_seg,08_1_0843,not_in_hts_universe
phase,hand_seg,08_1_0847,not_in_hts_universe
phase,hand_seg,08_1_0853,not_in_hts_universe
phase,hand_seg,08_1_0869,not_in_hts_universe
phase,hand_seg,08_1_0870,not_in_hts_universe
phase,hand_seg,08_1_0871,not_in_hts_universe
phase,hand_seg,08_1_0879,not_in_hts_universe
phase,hand_seg,08_1_0986,not_in_hts_universe
phase,hand_seg,08_1_1004,not_in_hts_universe
phase,hand_seg,08_1_1005,not_in_hts_universe
phase,hand_seg,08_1_1006,not_in_hts_universe
phase,hand_seg,08_1_1018,not_in_hts_universe
phase,hand_seg,08_1_1031,not_in_hts_universe
phase,hand_seg,08_1_1039,not_in_hts_universe
phase,hand_seg,08_1_1056,not_in_hts_universe
phase,hand_seg,08_1_1057,not_in_hts_universe
phase,hand_seg,08_1_1058,not_in_hts_universe
phase,hand_seg,08_1_1072,not_in_hts_universe
phase,hand_seg,08_1_1085,not_in_hts_universe
phase,hand_seg,08_1_1127,not_in_hts_universe
phase,hand_seg,08_1_1129,not_in_hts_universe
phase,hand_seg,08_1_1134,not_in_hts_universe
phase,hand_seg,08_1_1139,not_in_hts_universe
phase,hand_seg,08_1_1141,not_in_hts_universe
phase,hand_seg,08_1_1150,not_in_hts_universe
phase,hand_seg,08_1_1173,not_in_hts_universe
phase,hand_seg,08_1_1176,not_in_hts_universe
phase,hand_seg,08_1_1177,not_in_hts_universe
phase,hand_seg,08_1_1180,not_in_hts_universe
phase,hand_seg,08_1_1189,not_in_hts_universe
phase,hand_seg,08_1_1202,not_in_hts_universe
phase,hand_seg,08_1_1212,not_in_hts_universe
phase,hand_seg,08_1_1222,not_in_hts_universe
phase,hand_seg,08_1_1240,not_in_hts_universe
phase,hand_seg,08_1_1256,not_in_hts_universe
phase,hand_seg,08_1_1266,listed_but_zero_annotation
phase,hand_seg,08_1_1270,not_in_hts_universe
phase,hand_seg,08_1_1277,not_in_hts_universe
phase,hand_seg,08_1_1290,listed_but_zero_annotation
phase,hand_seg,08_1_1297,not_in_hts_universe
phase,hand_seg,08_1_1301,not_in_hts_universe
phase,hand_seg,08_1_1307,not_in_hts_universe
phase,hand_seg,08_1_1308,not_in_hts_universe
phase,hand_seg,08_1_1316,not_in_hts_universe
phase,hand_seg,08_1_1323,not_in_hts_universe
phase,hand_seg,08_1_1324,not_in_hts_universe
phase,hand_seg,08_1_1325,not_in_hts_universe
phase,hand_seg,08_1_1327,not_in_hts_universe
phase,hand_seg,08_1_1344,not_in_hts_universe
phase,hand_seg,08_1_1350,not_in_hts_universe
phase,hand_seg,08_1_1351,not_in_hts_universe
phase,hand_seg,08_1_1366,not_in_hts_universe
phase,hand_seg,08_1_1367,not_in_hts_universe
phase,hand_seg,08_1_1374,not_in_hts_universe
phase,hand_seg,08_1_1384,not_in_hts_universe
phase,hand_seg,08_1_1389,not_in_hts_universe
phase,hand_seg,08_1_1392,not_in_hts_universe
phase,hand_seg,08_1_1396,not_in_hts_universe
phase,hand_seg,08_1_1402,not_in_hts_universe
phase,hand_seg,08_1_1406,not_in_hts_universe
phase,hand_seg,08_1_1407,not_in_hts_universe
phase,hand_seg,08_1_1408,not_in_hts_universe
phase,hand_seg,08_1_1409,not_in_hts_universe
phase,hand_seg,08_1_1410,not_in_hts_universe
phase,hand_seg,08_1_1411,not_in_hts_universe
phase,hand_seg,08_1_1412,not_in_hts_universe
phase,hand_seg,08_1_1413,not_in_hts_universe
phase,hand_seg,08_1_1414,not_in_hts_universe
phase,hand_seg,08_1_1425,not_in_hts_universe
phase,hand_seg,08_1_1431,not_in_hts_universe
phase,hand_seg,08_1_1433,not_in_hts_universe
phase,hand_seg,08_1_1434,not_in_hts_universe
phase,hand_seg,08_1_1455,not_in_hts_universe
phase,hand_seg,08_1_1469,not_in_hts_universe
phase,hand_seg,08_1_1483,not_in_hts_universe
phase,hand_seg,08_1_1506,not_in_hts_universe
phase,hand_seg,08_1_1508,not_in_hts_universe
phase,hand_seg,08_1_1513,not_in_hts_universe
phase,hand_seg,08_1_1516,not_in_hts_universe
phase,hand_seg,08_1_1517,not_in_hts_universe
phase,hand_seg,08_1_1518,not_in_hts_universe
phase,hand_seg,08_1_1529,not_in_hts_universe
phase,hand_seg,08_1_1532,not_in_hts_universe
phase,hand_seg,08_1_1537,not_in_hts_universe
phase,hand_seg,08_1_1544,not_in_hts_universe
phase,hand_seg,08_1_1553,not_in_hts_universe
phase,hand_seg,08_1_1560,not_in_hts_universe
phase,hand_seg,08_1_1566,not_in_hts_universe
phase,hand_seg,08_1_1577,not_in_hts_universe
phase,hand_seg,08_1_1578,not_in_hts_universe
phase,hand_seg,08_1_1579,not_in_hts_universe
phase,hand_seg,08_1_1586,not_in_hts_universe
phase,hand_seg,08_1_1587,not_in_hts_universe
phase,hand_seg,08_1_1588,not_in_hts_universe
phase,hand_seg,08_1_1589,not_in_hts_universe
phase,hand_seg,08_1_1590,not_in_hts_universe
phase,hand_seg,08_1_1591,not_in_hts_universe
phase,hand_seg,08_1_1606,not_in_hts_universe
phase,hand_seg,08_1_1646,not_in_hts_universe
phase,hand_seg,08_1_1653,not_in_hts_universe
phase,hand_seg,08_1_1659,not_in_hts_universe
phase,hand_seg,08_1_1662,not_in_hts_universe
phase,hand_seg,08_1_1663,not_in_hts_universe
phase,hand_seg,08_2_0204,not_in_hts_universe
phase,hand_seg,08_2_0205,not_in_hts_universe
phase,hand_seg,08_2_0237,not_in_hts_universe
phase,hand_seg,08_2_0239,not_in_hts_universe
phase,hand_seg,08_2_0241,not_in_hts_universe
phase,hand_seg,08_2_0255,not_in_hts_universe
phase,hand_seg,08_2_0280,not_in_hts_universe
phase,hand_seg,08_2_0308,not_in_hts_universe
phase,hand_seg,08_2_0309,not_in_hts_universe
phase,hand_seg,08_2_0314,not_in_hts_universe
phase,hand_seg,08_2_0315,not_in_hts_universe
phase,hand_seg,08_2_0319,not_in_hts_universe
phase,hand_seg,08_2_0330,not_in_hts_universe
phase,hand_seg,08_2_0339,not_in_hts_universe
phase,hand_seg,08_2_0365,not_in_hts_universe
phase,hand_seg,08_2_0366,not_in_hts_universe
phase,hand_seg,08_2_0367,not_in_hts_universe
phase,hand_seg,08_2_0402,not_in_hts_universe
phase,hand_seg,08_2_0408,not_in_hts_universe
phase,hand_seg,08_2_0409,not_in_hts_universe
phase,hand_seg,08_2_0415,not_in_hts_universe
phase,hand_seg,08_2_0417,not_in_hts_universe
phase,hand_seg,08_2_0421,not_in_hts_universe
phase,hand_seg,08_2_0427,not_in_hts_universe
phase,hand_seg,08_2_0433,not_in_hts_universe
phase,hand_seg,08_2_0434,not_in_hts_universe
phase,hand_seg,08_2_0435,not_in_hts_universe
phase,hand_seg,08_2_0436,not_in_hts_universe
phase,hand_seg,08_2_0437,not_in_hts_universe
phase,hand_seg,08_2_0438,not_in_hts_universe
phase,hand_seg,08_2_0447,not_in_hts_universe
phase,hand_seg,08_2_0456,not_in_hts_universe
phase,hand_seg,08_2_0463,not_in_hts_universe
phase,hand_seg,08_2_0464,not_in_hts_universe
phase,hand_seg,08_2_0488,not_in_hts_universe
phase,hand_seg,08_2_0489,not_in_hts_universe
phase,hand_seg,08_2_0490,not_in_hts_universe
phase,hand_seg,08_2_0492,not_in_hts_universe
phase,hand_seg,08_2_0509,not_in_hts_universe
phase,hand_seg,08_2_0510,not_in_hts_universe
phase,hand_seg,08_2_0525,listed_but_zero_annotation
phase,hand_seg,08_2_0532,not_in_hts_universe
phase,hand_seg,08_2_0575,not_in_hts_universe
phase,hand_seg,09_1_0169,not_in_hts_universe
phase,hand_seg,09_1_0170,not_in_hts_universe
phase,hand_seg,09_1_0171,not_in_hts_universe
phase,hand_seg,09_1_0172,not_in_hts_universe
phase,hand_seg,09_1_0173,not_in_hts_universe
phase,hand_seg,09_1_0174,not_in_hts_universe
phase,hand_seg,09_1_0175,not_in_hts_universe
phase,hand_seg,09_1_0176,not_in_hts_universe
phase,hand_seg,09_1_0177,not_in_hts_universe
phase,hand_seg,09_1_0178,not_in_hts_universe
phase,hand_seg,09_1_0179,not_in_hts_universe
phase,hand_seg,09_1_0180,not_in_hts_universe
phase,hand_seg,09_1_0181,not_in_hts_universe
phase,hand_seg,09_1_0182,not_in_hts_universe
phase,hand_seg,09_1_0185,not_in_hts_universe
phase,hand_seg,09_1_0186,not_in_hts_universe
phase,hand_seg,09_1_0187,not_in_hts_universe
phase,hand_seg,09_1_0188,not_in_hts_universe
phase,hand_seg,09_1_0224,not_in_hts_universe
phase,hand_seg,09_1_0230,not_in_hts_universe
phase,hand_seg,09_1_0254,not_in_hts_universe
phase,hand_seg,09_1_0262,not_in_hts_universe
phase,hand_seg,09_1_0266,not_in_hts_universe
phase,hand_seg,09_1_0271,not_in_hts_universe
phase,hand_seg,09_1_0280,not_in_hts_universe
phase,hand_seg,09_1_0284,not_in_hts_universe
phase,hand_seg,09_1_0288,not_in_hts_universe
phase,hand_seg,09_1_0289,not_in_hts_universe
phase,hand_seg,09_1_0295,not_in_hts_universe
phase,hand_seg,09_1_0301,not_in_hts_universe
phase,hand_seg,09_1_0304,not_in_hts_universe
phase,hand_seg,09_1_0305,not_in_hts_universe
phase,hand_seg,09_1_0307,not_in_hts_universe
phase,hand_seg,09_1_0309,not_in_hts_universe
phase,hand_seg,09_1_0380,not_in_hts_universe
phase,hand_seg,09_1_0418,not_in_hts_universe
phase,hand_seg,09_1_0419,not_in_hts_universe
phase,hand_seg,09_1_0420,not_in_hts_universe
phase,hand_seg,09_1_0421,not_in_hts_universe
phase,hand_seg,09_1_0422,not_in_hts_universe
phase,hand_seg,09_1_0423,not_in_hts_universe
phase,hand_seg,09_1_0425,not_in_hts_universe
phase,hand_seg,09_1_0426,not_in_hts_universe
phase,hand_seg,09_1_0427,not_in_hts_universe
phase,hand_seg,09_1_0428,not_in_hts_universe
phase,hand_seg,09_1_0429,not_in_hts_universe
phase,hand_seg,09_1_0430,not_in_hts_universe
phase,hand_seg,09_1_0431,not_in_hts_universe
phase,hand_seg,09_1_0432,not_in_hts_universe
phase,hand_seg,09_1_0441,not_in_hts_universe
phase,hand_seg,09_1_0467,not_in_hts_universe
phase,hand_seg,09_1_0475,not_in_hts_universe
phase,hand_seg,09_1_0479,not_in_hts_universe
phase,hand_seg,09_1_0483,not_in_hts_universe
phase,hand_seg,09_1_0487,not_in_hts_universe
phase,hand_seg,09_1_0489,not_in_hts_universe
phase,hand_seg,09_1_0494,not_in_hts_universe
phase,hand_seg,09_1_0503,not_in_hts_universe
phase,hand_seg,09_1_0506,not_in_hts_universe
phase,hand_seg,09_1_0516,not_in_hts_universe
phase,hand_seg,09_1_0525,not_in_hts_universe
phase,hand_seg,09_1_0528,not_in_hts_universe
phase,hand_seg,09_1_0529,not_in_hts_universe
phase,hand_seg,09_1_0533,not_in_hts_universe
phase,hand_seg,09_1_0536,not_in_hts_universe
phase,hand_seg,09_1_0547,not_in_hts_universe
phase,hand_seg,09_1_0552,not_in_hts_universe
phase,hand_seg,09_1_0555,not_in_hts_universe
phase,hand_seg,09_1_0556,not_in_hts_universe
phase,hand_seg,09_1_0558,not_in_hts_universe
phase,hand_seg,09_1_0560,not_in_hts_universe
phase,hand_seg,09_1_0566,not_in_hts_universe
phase,hand_seg,09_1_0569,not_in_hts_universe
phase,hand_seg,09_1_0573,not_in_hts_universe
phase,hand_seg,09_1_0578,not_in_hts_universe
phase,hand_seg,09_1_0584,not_in_hts_universe
phase,hand_seg,09_1_0595,not_in_hts_universe
phase,hand_seg,09_1_0601,not_in_hts_universe
phase,hand_seg,09_1_0610,not_in_hts_universe
phase,hand_seg,09_1_0611,not_in_hts_universe
phase,hand_seg,09_1_0612,not_in_hts_universe
phase,hand_seg,09_1_0621,not_in_hts_universe
phase,hand_seg,09_1_0631,not_in_hts_universe
phase,hand_seg,09_1_0633,not_in_hts_universe
phase,hand_seg,09_1_0641,not_in_hts_universe
phase,hand_seg,09_1_0642,not_in_hts_universe
phase,hand_seg,09_1_0644,not_in_hts_universe
phase,hand_seg,09_1_0651,not_in_hts_universe
phase,hand_seg,09_1_0652,not_in_hts_universe
phase,hand_seg,09_1_0667,not_in_hts_universe
phase,hand_seg,09_1_0668,not_in_hts_universe
phase,hand_seg,09_1_0683,not_in_hts_universe
phase,hand_seg,09_1_0691,not_in_hts_universe
phase,hand_seg,09_1_0704,not_in_hts_universe
phase,hand_seg,09_1_0711,not_in_hts_universe
phase,hand_seg,09_1_0715,not_in_hts_universe
phase,hand_seg,09_1_0719,not_in_hts_universe
phase,hand_seg,09_1_0725,not_in_hts_universe
phase,hand_seg,09_1_0727,not_in_hts_universe
phase,hand_seg,09_1_0728,not_in_hts_universe
phase,hand_seg,09_1_0729,not_in_hts_universe
phase,hand_seg,09_1_0730,not_in_hts_universe
phase,hand_seg,09_1_0734,not_in_hts_universe
phase,hand_seg,09_1_0744,not_in_hts_universe
phase,hand_seg,09_1_0745,not_in_hts_universe
phase,hand_seg,09_1_0750,not_in_hts_universe
phase,hand_seg,09_1_0752,not_in_hts_universe
phase,hand_seg,09_1_0755,not_in_hts_universe
phase,hand_seg,09_1_0760,not_in_hts_universe
phase,hand_seg,09_1_0767,not_in_hts_universe
phase,hand_seg,09_1_0770,not_in_hts_universe
phase,hand_seg,09_1_0771,not_in_hts_universe
phase,hand_seg,09_1_0772,not_in_hts_universe
phase,hand_seg,09_1_0774,not_in_hts_universe
phase,hand_seg,09_1_0776,not_in_hts_universe
phase,hand_seg,09_1_0778,not_in_hts_universe
phase,hand_seg,09_1_0781,not_in_hts_universe
phase,hand_seg,09_1_0782,not_in_hts_universe
phase,hand_seg,09_1_0783,not_in_hts_universe
phase,hand_seg,09_1_0785,not_in_hts_universe
phase,hand_seg,09_1_0786,not_in_hts_universe
phase,hand_seg,09_1_0787,not_in_hts_universe
phase,hand_seg,09_1_0797,not_in_hts_universe
phase,hand_seg,09_1_0799,not_in_hts_universe
phase,hand_seg,09_1_0802,not_in_hts_universe
phase,hand_seg,09_1_0804,not_in_hts_universe
phase,hand_seg,09_1_0807,not_in_hts_universe
phase,hand_seg,09_1_0810,not_in_hts_universe
phase,hand_seg,09_1_0813,not_in_hts_universe
phase,hand_seg,09_1_0815,not_in_hts_universe
phase,hand_seg,09_1_0821,not_in_hts_universe
phase,hand_seg,09_1_0826,not_in_hts_universe
phase,hand_seg,09_1_0830,not_in_hts_universe
phase,hand_seg,09_1_0835,not_in_hts_universe
phase,hand_seg,09_1_0839,not_in_hts_universe
phase,hand_seg,09_1_0843,not_in_hts_universe
phase,hand_seg,09_1_0855,not_in_hts_universe
phase,hand_seg,09_1_0859,not_in_hts_universe
phase,hand_seg,09_1_0864,not_in_hts_universe
phase,hand_seg,09_1_0870,not_in_hts_universe
phase,hand_seg,09_1_0878,not_in_hts_universe
phase,hand_seg,09_1_0885,not_in_hts_universe
phase,hand_seg,09_1_0889,not_in_hts_universe
phase,hand_seg,09_1_0891,not_in_hts_universe
phase,hand_seg,09_1_0893,not_in_hts_universe
phase,hand_seg,09_1_0978,not_in_hts_universe
phase,hand_seg,09_1_0987,not_in_hts_universe
phase,hand_seg,09_1_0993,not_in_hts_universe
phase,hand_seg,09_1_0997,not_in_hts_universe
phase,hand_seg,09_1_0999,not_in_hts_universe
phase,hand_seg,09_1_1003,not_in_hts_universe
phase,hand_seg,09_1_1013,not_in_hts_universe
phase,hand_seg,09_1_1014,not_in_hts_universe
phase,hand_seg,09_1_1015,not_in_hts_universe
phase,hand_seg,10_1_0209,not_in_hts_universe
phase,hand_seg,10_1_0228,not_in_hts_universe
phase,hand_seg,10_1_0260,not_in_hts_universe
phase,hand_seg,10_1_0261,not_in_hts_universe
phase,hand_seg,10_1_0281,not_in_hts_universe
phase,hand_seg,10_1_0282,not_in_hts_universe
phase,hand_seg,10_1_0302,not_in_hts_universe
phase,hand_seg,10_1_0332,not_in_hts_universe
phase,hand_seg,10_1_0369,not_in_hts_universe
phase,hand_seg,10_1_0370,not_in_hts_universe
phase,hand_seg,10_1_0371,not_in_hts_universe
phase,hand_seg,10_1_0401,not_in_hts_universe
phase,hand_seg,10_1_0410,not_in_hts_universe
phase,hand_seg,10_1_0423,not_in_hts_universe
phase,hand_seg,10_1_0424,not_in_hts_universe
phase,hand_seg,10_1_0434,not_in_hts_universe
phase,hand_seg,10_1_0447,not_in_hts_universe
phase,hand_seg,10_1_0448,not_in_hts_universe
phase,hand_seg,10_1_0463,not_in_hts_universe
phase,hand_seg,10_1_0482,not_in_hts_universe
phase,hand_seg,10_1_0483,not_in_hts_universe
phase,hand_seg,10_1_0484,not_in_hts_universe
phase,hand_seg,10_1_0504,not_in_hts_universe
phase,hand_seg,10_1_0514,not_in_hts_universe
phase,hand_seg,10_1_0515,not_in_hts_universe
phase,hand_seg,10_1_0516,not_in_hts_universe
phase,hand_seg,10_1_0562,not_in_hts_universe
phase,hand_seg,10_1_0569,not_in_hts_universe
phase,hand_seg,10_1_0612,not_in_hts_universe
phase,hand_seg,10_1_0729,not_in_hts_universe
phase,hand_seg,10_1_0772,not_in_hts_universe
phase,hand_seg,10_1_0779,not_in_hts_universe
phase,hand_seg,10_1_0806,not_in_hts_universe
phase,hand_seg,10_1_0807,not_in_hts_universe
phase,hand_seg,10_1_0808,not_in_hts_universe
phase,hand_seg,10_1_0809,not_in_hts_universe
phase,hand_seg,10_1_0810,not_in_hts_universe
phase,hand_seg,10_1_0816,not_in_hts_universe
phase,hand_seg,10_1_0826,not_in_hts_universe
phase,hand_seg,10_1_0827,not_in_hts_universe
phase,hand_seg,10_1_0828,not_in_hts_universe
phase,hand_seg,10_1_0835,not_in_hts_universe
phase,hand_seg,10_1_0836,not_in_hts_universe
phase,hand_seg,10_1_0837,not_in_hts_universe
phase,hand_seg,10_1_0844,not_in_hts_universe
phase,hand_seg,10_1_0858,not_in_hts_universe
phase,hand_seg,10_1_0871,not_in_hts_universe
phase,hand_seg,10_1_0872,not_in_hts_universe
phase,hand_seg,10_1_0873,not_in_hts_universe
phase,hand_seg,10_1_0874,not_in_hts_universe
phase,hand_seg,10_1_0877,not_in_hts_universe
phase,hand_seg,10_1_0878,not_in_hts_universe
phase,hand_seg,10_1_0885,not_in_hts_universe
phase,hand_seg,10_1_0886,not_in_hts_universe
phase,hand_seg,10_1_0890,not_in_hts_universe
phase,hand_seg,10_1_0901,not_in_hts_universe
phase,hand_seg,10_1_0915,not_in_hts_universe
phase,hand_seg,10_1_0916,not_in_hts_universe
phase,hand_seg,10_1_0923,not_in_hts_universe
phase,hand_seg,10_1_0929,not_in_hts_universe
phase,hand_seg,10_1_0962,not_in_hts_universe
phase,hand_seg,10_1_0970,not_in_hts_universe
phase,hand_seg,10_1_0971,not_in_hts_universe
phase,hand_seg,10_1_0972,not_in_hts_universe
phase,hand_seg,10_1_0973,not_in_hts_universe
phase,hand_seg,10_1_0974,not_in_hts_universe
phase,hand_seg,10_1_0975,not_in_hts_universe
phase,hand_seg,10_1_0976,not_in_hts_universe
phase,hand_seg,10_1_0977,not_in_hts_universe
phase,hand_seg,10_1_0982,not_in_hts_universe
phase,hand_seg,10_1_0985,not_in_hts_universe
phase,hand_seg,10_1_0997,not_in_hts_universe
phase,hand_seg,10_1_0998,not_in_hts_universe
phase,hand_seg,10_1_1031,not_in_hts_universe
phase,hand_seg,10_1_1032,not_in_hts_universe
phase,hand_seg,10_1_1033,not_in_hts_universe
phase,hand_seg,10_1_1034,not_in_hts_universe
phase,hand_seg,10_1_1035,not_in_hts_universe
phase,hand_seg,10_1_1036,not_in_hts_universe
phase,hand_seg,10_1_1065,not_in_hts_universe
phase,hand_seg,10_1_1066,not_in_hts_universe
phase,hand_seg,10_1_1067,not_in_hts_universe
phase,hand_seg,10_1_1068,not_in_hts_universe
phase,hand_seg,10_1_1069,not_in_hts_universe
phase,hand_seg,10_1_1080,not_in_hts_universe
phase,hand_seg,10_1_1084,not_in_hts_universe
phase,hand_seg,10_1_1085,not_in_hts_universe
phase,hand_seg,10_1_1086,not_in_hts_universe
phase,hand_seg,10_1_1087,not_in_hts_universe
phase,hand_seg,10_1_1088,not_in_hts_universe
phase,hand_seg,10_1_1119,not_in_hts_universe
phase,hand_seg,10_1_1142,not_in_hts_universe
phase,hand_seg,10_1_1144,not_in_hts_universe
phase,hand_seg,10_1_1156,not_in_hts_universe
phase,hand_seg,10_1_1419,not_in_hts_universe
phase,hand_seg,10_1_1420,not_in_hts_universe
phase,hand_seg,10_1_1444,not_in_hts_universe
phase,hand_seg,10_1_1445,not_in_hts_universe
phase,hand_seg,10_1_1446,not_in_hts_universe
phase,hand_seg,10_1_1461,not_in_hts_universe
phase,hand_seg,10_1_1462,not_in_hts_universe
phase,hand_seg,10_1_1463,not_in_hts_universe
phase,hand_seg,10_1_1464,not_in_hts_universe
phase,hand_seg,10_1_1480,not_in_hts_universe
phase,hand_seg,10_1_1481,not_in_hts_universe
phase,hand_seg,10_1_1482,not_in_hts_universe
phase,hand_seg,10_1_1493,not_in_hts_universe
phase,hand_seg,10_1_1494,not_in_hts_universe
phase,hand_seg,10_1_1495,not_in_hts_universe
phase,hand_seg,10_1_1523,not_in_hts_universe
phase,hand_seg,10_1_1537,not_in_hts_universe
phase,hand_seg,10_1_1547,not_in_hts_universe
phase,hand_seg,10_1_1548,not_in_hts_universe
phase,hand_seg,10_1_1549,not_in_hts_universe
phase,hand_seg,10_1_1550,not_in_hts_universe
phase,hand_seg,10_1_1561,not_in_hts_universe
phase,hand_seg,10_1_1596,not_in_hts_universe
phase,hand_seg,10_1_1597,not_in_hts_universe
phase,hand_seg,10_1_1598,not_in_hts_universe
phase,hand_seg,10_1_1599,not_in_hts_universe
phase,hand_seg,10_1_1612,not_in_hts_universe
phase,hand_seg,10_1_1613,not_in_hts_universe
phase,hand_seg,10_1_1614,not_in_hts_universe
phase,hand_seg,10_1_1615,not_in_hts_universe
phase,hand_seg,10_1_1616,not_in_hts_universe
phase,hand_seg,10_1_1617,not_in_hts_universe
phase,hand_seg,10_1_1618,not_in_hts_universe
phase,hand_seg,10_1_1619,not_in_hts_universe
phase,hand_seg,10_1_1639,not_in_hts_universe
phase,hand_seg,10_1_1640,not_in_hts_universe
phase,hand_seg,10_1_1641,not_in_hts_universe
phase,hand_seg,10_1_1661,not_in_hts_universe
phase,hand_seg,10_1_1669,not_in_hts_universe
phase,hand_seg,10_1_1670,not_in_hts_universe
phase,hand_seg,10_1_1671,not_in_hts_universe
phase,hand_seg,10_2_0006,not_in_hts_universe
phase,hand_seg,10_2_0007,not_in_hts_universe
phase,hand_seg,10_2_0008,not_in_hts_universe
phase,hand_seg,10_2_0009,not_in_hts_universe
phase,hand_seg,10_2_0012,not_in_hts_universe
phase,hand_seg,10_2_0014,not_in_hts_universe
phase,hand_seg,10_2_0062,not_in_hts_universe
phase,hand_seg,10_2_0063,not_in_hts_universe
phase,hand_seg,10_2_0179,not_in_hts_universe
phase,hand_seg,10_2_0180,not_in_hts_universe
phase,hand_seg,10_2_0181,not_in_hts_universe
phase,hand_seg,10_2_0182,not_in_hts_universe
phase,hand_seg,10_2_0183,not_in_hts_universe
phase,hand_seg,10_2_0184,not_in_hts_universe
phase,hand_seg,10_2_0185,not_in_hts_universe
phase,hand_seg,10_2_0186,not_in_hts_universe
phase,hand_seg,10_2_0187,not_in_hts_universe
phase,hand_seg,10_2_0188,not_in_hts_universe
phase,hand_seg,10_2_0189,not_in_hts_universe
phase,hand_seg,10_2_0190,not_in_hts_universe
phase,hand_seg,10_2_0191,not_in_hts_universe
phase,hand_seg,10_2_0192,not_in_hts_universe
phase,hand_seg,10_2_0193,not_in_hts_universe
phase,hand_seg,10_2_0194,not_in_hts_universe
phase,hand_seg,10_2_0195,not_in_hts_universe
phase,hand_seg,10_2_0196,not_in_hts_universe
phase,hand_seg,10_2_0197,not_in_hts_universe
phase,hand_seg,10_2_0198,not_in_hts_universe
phase,hand_seg,10_2_0199,not_in_hts_universe
phase,hand_seg,10_2_0200,not_in_hts_universe
phase,hand_seg,10_2_0201,not_in_hts_universe
phase,hand_seg,10_2_0202,not_in_hts_universe
phase,hand_seg,10_2_0203,not_in_hts_universe
phase,hand_seg,10_2_0204,not_in_hts_universe
phase,hand_seg,10_2_0205,not_in_hts_universe
phase,hand_seg,10_2_0206,not_in_hts_universe
phase,hand_seg,10_2_0207,not_in_hts_universe
phase,hand_seg,10_2_0208,not_in_hts_universe
phase,hand_seg,10_2_0209,not_in_hts_universe
phase,hand_seg,10_2_0210,not_in_hts_universe
phase,hand_seg,10_2_0211,not_in_hts_universe
phase,hand_seg,10_2_0212,not_in_hts_universe
phase,hand_seg,10_2_0213,not_in_hts_universe
phase,hand_seg,10_2_0214,not_in_hts_universe
phase,hand_seg,10_2_0215,not_in_hts_universe
phase,hand_seg,10_2_0216,not_in_hts_universe
phase,hand_seg,10_2_0217,not_in_hts_universe
phase,hand_seg,10_2_0218,not_in_hts_universe
phase,hand_seg,10_2_0219,not_in_hts_universe
phase,hand_seg,10_2_0220,not_in_hts_universe
phase,hand_seg,10_2_0221,not_in_hts_universe
phase,hand_seg,10_2_0222,not_in_hts_universe
phase,hand_seg,10_2_0223,not_in_hts_universe
phase,hand_seg,10_2_0224,not_in_hts_universe
phase,hand_seg,10_2_0225,not_in_hts_universe
phase,hand_seg,10_2_0226,not_in_hts_universe
phase,hand_seg,10_2_0227,not_in_hts_universe
phase,hand_seg,10_2_0228,not_in_hts_universe
phase,hand_seg,10_2_0229,not_in_hts_universe
phase,hand_seg,10_2_0230,not_in_hts_universe
phase,hand_seg,10_2_0231,not_in_hts_universe
phase,hand_seg,10_2_0236,not_in_hts_universe
phase,hand_seg,10_2_0237,not_in_hts_universe
phase,hand_seg,10_2_0238,not_in_hts_universe
phase,hand_seg,10_2_0239,not_in_hts_universe
phase,hand_seg,10_2_0240,not_in_hts_universe
phase,hand_seg,10_2_0244,not_in_hts_universe
phase,hand_seg,10_2_0245,not_in_hts_universe
phase,hand_seg,10_2_0246,not_in_hts_universe
phase,hand_seg,10_2_0247,not_in_hts_universe
phase,hand_seg,10_2_0248,not_in_hts_universe
phase,hand_seg,10_2_0249,not_in_hts_universe
phase,hand_seg,10_2_0250,not_in_hts_universe
phase,hand_seg,10_2_0254,not_in_hts_universe
phase,hand_seg,10_2_0255,not_in_hts_universe
phase,hand_seg,10_2_0256,not_in_hts_universe
phase,hand_seg,10_2_0257,not_in_hts_universe
phase,hand_seg,10_2_0259,not_in_hts_universe
phase,hand_seg,10_2_0263,not_in_hts_universe
phase,hand_seg,10_2_0264,not_in_hts_universe
phase,hand_seg,10_2_0268,not_in_hts_universe
phase,hand_seg,10_2_0269,not_in_hts_universe
phase,hand_seg,10_2_0270,not_in_hts_universe
phase,hand_seg,10_2_0271,not_in_hts_universe
phase,hand_seg,10_2_0272,not_in_hts_universe
phase,hand_seg,10_2_0273,not_in_hts_universe
phase,hand_seg,10_2_0274,not_in_hts_universe
phase,hand_seg,10_2_0275,not_in_hts_universe
phase,hand_seg,10_2_0277,not_in_hts_universe
phase,hand_seg,10_2_0278,not_in_hts_universe
phase,hand_seg,10_2_0279,not_in_hts_universe
phase,hand_seg,10_2_0280,not_in_hts_universe
phase,hand_seg,10_2_0281,not_in_hts_universe
phase,hand_seg,10_2_0282,not_in_hts_universe
phase,hand_seg,10_2_0283,not_in_hts_universe
phase,hand_seg,10_2_0289,not_in_hts_universe
phase,hand_seg,10_2_0296,not_in_hts_universe
phase,hand_seg,10_2_0297,not_in_hts_universe
phase,hand_seg,10_2_0298,not_in_hts_universe
phase,hand_seg,10_2_0300,not_in_hts_universe
phase,hand_seg,11_1_0010,not_in_hts_universe
phase,hand_seg,11_1_0011,not_in_hts_universe
phase,hand_seg,11_1_0012,not_in_hts_universe
phase,hand_seg,11_1_0013,not_in_hts_universe
phase,hand_seg,11_1_0014,not_in_hts_universe
phase,hand_seg,11_1_0015,not_in_hts_universe
phase,hand_seg,11_1_0016,not_in_hts_universe
phase,hand_seg,11_1_0017,not_in_hts_universe
phase,hand_seg,11_1_0018,not_in_hts_universe
phase,hand_seg,11_1_0019,not_in_hts_universe
phase,hand_seg,11_1_0020,not_in_hts_universe
phase,hand_seg,11_1_0021,not_in_hts_universe
phase,hand_seg,11_1_0022,not_in_hts_universe
phase,hand_seg,11_1_0023,not_in_hts_universe
phase,hand_seg,11_1_0024,not_in_hts_universe
phase,hand_seg,11_1_0025,not_in_hts_universe
phase,hand_seg,11_1_0026,not_in_hts_universe
phase,hand_seg,11_1_0027,not_in_hts_universe
phase,hand_seg,11_1_0028,not_in_hts_universe
phase,hand_seg,11_1_0029,not_in_hts_universe
phase,hand_seg,11_1_0030,not_in_hts_universe
phase,hand_seg,11_1_0031,not_in_hts_universe
phase,hand_seg,11_1_0032,not_in_hts_universe
phase,hand_seg,11_1_0033,not_in_hts_universe
phase,hand_seg,11_1_0034,not_in_hts_universe
phase,hand_seg,11_1_0141,not_in_hts_universe
phase,hand_seg,11_1_0142,not_in_hts_universe
phase,hand_seg,11_1_0143,not_in_hts_universe
phase,hand_seg,11_1_0144,not_in_hts_universe
phase,hand_seg,11_1_0145,not_in_hts_universe
phase,hand_seg,11_1_0146,not_in_hts_universe
phase,hand_seg,11_1_0147,not_in_hts_universe
phase,hand_seg,11_1_0149,not_in_hts_universe
phase,hand_seg,11_1_0150,not_in_hts_universe
phase,hand_seg,11_1_0151,not_in_hts_universe
phase,hand_seg,11_1_0152,not_in_hts_universe
phase,hand_seg,11_1_0153,not_in_hts_universe
phase,hand_seg,11_1_0239,not_in_hts_universe
phase,hand_seg,11_1_0240,not_in_hts_universe
phase,hand_seg,11_1_0241,not_in_hts_universe
phase,hand_seg,11_1_0242,not_in_hts_universe
phase,hand_seg,11_1_0243,not_in_hts_universe
phase,hand_seg,11_1_0244,not_in_hts_universe
phase,hand_seg,11_1_0245,not_in_hts_universe
phase,hand_seg,11_1_0246,not_in_hts_universe
phase,hand_seg,11_1_0316,not_in_hts_universe
phase,hand_seg,11_1_0326,not_in_hts_universe
phase,hand_seg,11_1_0362,not_in_hts_universe
phase,hand_seg,11_1_0384,not_in_hts_universe
phase,hand_seg,11_1_0419,not_in_hts_universe
phase,hand_seg,11_1_0420,not_in_hts_universe
phase,hand_seg,11_1_0421,not_in_hts_universe
phase,hand_seg,11_1_0423,not_in_hts_universe
phase,hand_seg,11_1_0439,not_in_hts_universe
phase,hand_seg,11_1_0440,not_in_hts_universe
phase,hand_seg,11_1_0441,not_in_hts_universe
phase,hand_seg,11_1_0442,not_in_hts_universe
phase,hand_seg,11_1_0453,not_in_hts_universe
phase,hand_seg,11_1_0460,not_in_hts_universe
phase,hand_seg,11_1_0467,not_in_hts_universe
phase,hand_seg,11_1_0516,not_in_hts_universe
phase,hand_seg,11_1_0517,not_in_hts_universe
phase,hand_seg,11_1_0522,not_in_hts_universe
phase,hand_seg,11_1_0696,not_in_hts_universe
phase,hand_seg,11_1_0769,not_in_hts_universe
phase,hand_seg,11_1_0770,not_in_hts_universe
phase,hand_seg,11_1_0787,not_in_hts_universe
phase,hand_seg,11_1_0788,not_in_hts_universe
phase,hand_seg,11_1_0789,not_in_hts_universe
phase,hand_seg,11_1_0797,not_in_hts_universe
phase,hand_seg,11_1_0798,not_in_hts_universe
phase,hand_seg,11_1_0799,not_in_hts_universe
phase,hand_seg,11_1_0801,not_in_hts_universe
phase,hand_seg,11_1_0813,not_in_hts_universe
phase,hand_seg,11_1_0814,not_in_hts_universe
phase,hand_seg,11_1_0815,not_in_hts_universe
phase,hand_seg,11_1_0817,not_in_hts_universe
phase,hand_seg,11_1_0848,not_in_hts_universe
phase,hand_seg,11_1_0877,not_in_hts_universe
phase,hand_seg,11_1_0925,not_in_hts_universe
phase,hand_seg,11_1_0970,not_in_hts_universe
phase,hand_seg,11_1_1061,not_in_hts_universe
phase,hand_seg,11_1_1160,not_in_hts_universe
phase,hand_seg,11_1_1168,not_in_hts_universe
phase,hand_seg,11_1_1206,listed_but_zero_annotation
phase,hand_seg,11_1_1215,not_in_hts_universe
phase,hand_seg,11_1_1217,not_in_hts_universe
phase,hand_seg,11_1_1310,not_in_hts_universe
phase,hand_seg,11_1_1312,not_in_hts_universe
phase,hand_seg,11_1_1316,not_in_hts_universe
phase,hand_seg,11_1_1321,not_in_hts_universe
phase,hand_seg,11_1_1322,not_in_hts_universe
phase,hand_seg,11_1_1323,not_in_hts_universe
phase,hand_seg,11_1_1329,listed_but_zero_annotation
phase,hand_seg,11_1_1330,not_in_hts_universe
phase,hand_seg,11_1_1343,not_in_hts_universe
phase,hand_seg,11_1_1344,not_in_hts_universe
phase,hand_seg,11_1_1345,not_in_hts_universe
phase,hand_seg,11_1_1346,not_in_hts_universe
phase,hand_seg,11_1_1347,not_in_hts_universe
phase,hand_seg,11_1_1348,not_in_hts_universe
phase,hand_seg,11_1_1349,not_in_hts_universe
phase,hand_seg,11_1_1350,not_in_hts_universe
phase,hand_seg,11_1_1351,not_in_hts_universe
phase,hand_seg,11_1_1352,not_in_hts_universe
phase,hand_seg,11_1_1353,not_in_hts_universe
phase,hand_seg,11_1_1354,not_in_hts_universe
phase,hand_seg,11_1_1355,not_in_hts_universe
phase,hand_seg,11_1_1356,not_in_hts_universe
phase,hand_seg,11_1_1357,not_in_hts_universe
phase,hand_seg,11_1_1358,not_in_hts_universe
phase,hand_seg,11_1_1359,not_in_hts_universe
phase,hand_seg,11_1_1360,not_in_hts_universe
phase,hand_seg,12_1_0095,not_in_hts_universe
phase,hand_seg,12_1_0153,not_in_hts_universe
phase,hand_seg,12_1_0168,not_in_hts_universe
phase,hand_seg,12_1_0288,not_in_hts_universe
phase,hand_seg,12_1_0320,not_in_hts_universe
phase,hand_seg,12_1_0345,not_in_hts_universe
phase,hand_seg,12_1_0346,not_in_hts_universe
phase,hand_seg,12_1_0677,not_in_hts_universe
phase,hand_seg,12_1_0835,not_in_hts_universe
phase,hand_seg,12_1_0841,not_in_hts_universe
phase,hand_seg,12_1_1310,listed_but_zero_annotation
phase,hand_seg,13_1_0058,not_in_hts_universe
phase,hand_seg,13_1_0071,not_in_hts_universe
phase,hand_seg,13_1_0158,not_in_hts_universe
phase,hand_seg,13_1_0170,not_in_hts_universe
phase,hand_seg,13_1_0411,not_in_hts_universe
phase,hand_seg,13_1_0473,not_in_hts_universe
phase,hand_seg,13_1_0478,not_in_hts_universe
phase,hand_seg,13_1_0479,not_in_hts_universe
phase,hand_seg,13_1_0482,not_in_hts_universe
phase,hand_seg,13_1_0494,not_in_hts_universe
phase,hand_seg,13_1_0541,not_in_hts_universe
phase,hand_seg,13_1_0605,not_in_hts_universe
phase,hand_seg,13_1_0648,not_in_hts_universe
phase,hand_seg,13_1_0650,not_in_hts_universe
phase,hand_seg,13_1_0719,listed_but_zero_annotation
phase,hand_seg,13_1_0759,not_in_hts_universe
phase,hand_seg,13_1_0800,listed_but_zero_annotation
phase,hand_seg,13_1_0866,not_in_hts_universe
phase,hand_seg,13_1_1001,not_in_hts_universe
phase,hand_seg,13_1_1058,listed_but_zero_annotation
phase,hand_seg,13_1_1070,not_in_hts_universe
phase,hand_seg,13_1_1101,not_in_hts_universe
phase,hand_seg,13_1_1134,not_in_hts_universe
phase,hand_seg,13_1_1178,not_in_hts_universe
phase,hand_seg,14_1_0128,not_in_hts_universe
phase,hand_seg,14_1_0150,not_in_hts_universe
phase,hand_seg,14_1_0151,not_in_hts_universe
phase,hand_seg,14_1_0152,not_in_hts_universe
phase,hand_seg,14_1_0153,not_in_hts_universe
phase,hand_seg,14_1_0154,not_in_hts_universe
phase,hand_seg,14_1_0155,not_in_hts_universe
phase,hand_seg,14_1_0162,not_in_hts_universe
phase,hand_seg,14_1_0163,not_in_hts_universe
phase,hand_seg,14_1_0262,not_in_hts_universe
phase,hand_seg,14_1_0271,not_in_hts_universe
phase,hand_seg,14_1_0300,not_in_hts_universe
phase,hand_seg,14_1_0379,not_in_hts_universe
phase,hand_seg,14_1_0387,not_in_hts_universe
phase,hand_seg,14_1_0416,not_in_hts_universe
phase,hand_seg,14_1_0417,not_in_hts_universe
phase,hand_seg,14_1_0596,not_in_hts_universe
phase,hand_seg,14_1_0620,not_in_hts_universe
phase,hand_seg,14_1_0621,not_in_hts_universe
phase,hand_seg,14_1_0622,not_in_hts_universe
phase,hand_seg,14_1_0704,not_in_hts_universe
phase,hand_seg,14_1_0707,not_in_hts_universe
phase,hand_seg,14_1_0886,not_in_hts_universe
phase,hand_seg,14_1_0957,not_in_hts_universe
phase,hand_seg,14_1_0959,not_in_hts_universe
phase,hand_seg,14_1_0960,not_in_hts_universe
phase,hand_seg,14_1_0961,not_in_hts_universe
phase,hand_seg,14_1_1039,not_in_hts_universe
phase,hand_seg,14_1_1045,not_in_hts_universe
phase,hand_seg,14_1_1105,not_in_hts_universe
phase,hand_seg,14_1_1286,not_in_hts_universe
phase,hand_seg,14_1_1384,not_in_hts_universe
phase,hand_seg,14_1_1432,not_in_hts_universe
phase,hand_seg,14_1_1442,not_in_hts_universe
phase,hand_seg,14_2_0083,not_in_hts_universe
phase,hand_seg,14_2_0390,not_in_hts_universe
phase,hand_seg,14_2_0393,not_in_hts_universe
phase,hand_seg,14_2_0394,not_in_hts_universe
phase,hand_seg,14_2_0401,not_in_hts_universe
phase,hand_seg,14_2_0402,not_in_hts_universe
phase,hand_seg,14_2_0403,not_in_hts_universe
phase,hand_seg,14_2_0404,not_in_hts_universe
phase,hand_seg,14_2_0407,not_in_hts_universe
phase,hand_seg,14_2_0410,not_in_hts_universe
phase,hand_seg,14_2_0423,not_in_hts_universe
phase,hand_seg,14_2_0428,not_in_hts_universe
phase,hand_seg,14_2_0429,not_in_hts_universe
phase,hand_seg,14_2_0430,not_in_hts_universe
phase,hand_seg,15_1_0135,not_in_hts_universe
phase,hand_seg,15_1_0136,not_in_hts_universe
phase,hand_seg,15_1_0137,not_in_hts_universe
phase,hand_seg,15_1_0138,not_in_hts_universe
phase,hand_seg,15_1_0139,not_in_hts_universe
phase,hand_seg,15_1_0140,not_in_hts_universe
phase,hand_seg,15_1_0141,not_in_hts_universe
phase,hand_seg,15_1_0144,not_in_hts_universe
phase,hand_seg,15_1_0194,not_in_hts_universe
phase,hand_seg,15_1_0195,not_in_hts_universe
phase,hand_seg,15_1_0246,not_in_hts_universe
phase,hand_seg,15_1_0247,not_in_hts_universe
phase,hand_seg,15_1_0248,not_in_hts_universe
phase,hand_seg,15_1_0261,not_in_hts_universe
phase,hand_seg,15_1_0276,not_in_hts_universe
phase,hand_seg,15_1_0277,not_in_hts_universe
phase,hand_seg,15_1_0362,not_in_hts_universe
phase,hand_seg,15_1_0363,not_in_hts_universe
phase,hand_seg,15_1_0366,not_in_hts_universe
phase,hand_seg,15_1_0367,not_in_hts_universe
phase,hand_seg,15_1_0368,not_in_hts_universe
phase,hand_seg,15_1_0390,not_in_hts_universe
phase,hand_seg,15_1_0404,not_in_hts_universe
phase,hand_seg,15_1_0449,not_in_hts_universe
phase,hand_seg,15_1_0459,not_in_hts_universe
phase,hand_seg,15_1_0475,not_in_hts_universe
phase,hand_seg,15_1_0476,not_in_hts_universe
phase,hand_seg,15_1_0484,not_in_hts_universe
phase,hand_seg,15_1_0488,not_in_hts_universe
phase,hand_seg,15_1_0506,not_in_hts_universe
phase,hand_seg,15_1_0548,not_in_hts_universe
phase,hand_seg,15_1_0549,not_in_hts_universe
phase,hand_seg,15_1_0550,not_in_hts_universe
phase,hand_seg,15_1_0551,not_in_hts_universe
phase,hand_seg,15_1_0552,not_in_hts_universe
phase,hand_seg,15_1_0556,not_in_hts_universe
phase,hand_seg,15_1_0557,not_in_hts_universe
phase,hand_seg,15_1_0558,not_in_hts_universe
phase,hand_seg,15_1_0559,not_in_hts_universe
phase,hand_seg,15_1_0578,not_in_hts_universe
phase,hand_seg,15_1_0579,not_in_hts_universe
phase,hand_seg,15_1_0580,not_in_hts_universe
phase,hand_seg,15_1_0583,not_in_hts_universe
phase,hand_seg,15_1_0602,not_in_hts_universe
phase,hand_seg,15_1_0634,not_in_hts_universe
phase,hand_seg,15_1_0635,not_in_hts_universe
phase,tool_seg,01_1_0001,not_in_hts_universe
phase,tool_seg,01_1_0002,not_in_hts_universe
phase,tool_seg,01_1_0003,not_in_hts_universe
phase,tool_seg,01_1_0004,not_in_hts_universe
phase,tool_seg,01_1_0005,not_in_hts_universe
phase,tool_seg,01_1_0006,not_in_hts_universe
phase,tool_seg,01_1_0007,not_in_hts_universe
phase,tool_seg,01_1_0008,not_in_hts_universe
phase,tool_seg,01_1_0009,not_in_hts_universe
phase,tool_seg,01_1_0010,not_in_hts_universe
phase,tool_seg,01_1_0011,not_in_hts_universe
phase,tool_seg,01_1_0012,not_in_hts_universe
phase,tool_seg,01_1_0013,not_in_hts_universe
phase,tool_seg,01_1_0014,not_in_hts_universe
phase,tool_seg,01_1_0015,not_in_hts_universe
phase,tool_seg,01_1_0016,not_in_hts_universe
phase,tool_seg,01_1_0122,not_in_hts_universe
phase,tool_seg,01_1_0123,not_in_hts_universe
phase,tool_seg,01_1_0130,not_in_hts_universe
phase,tool_seg,01_1_0142,not_in_hts_universe
phase,tool_seg,01_1_0146,not_in_hts_universe
phase,tool_seg,01_1_0152,not_in_hts_universe
phase,tool_seg,01_1_0273,not_in_hts_universe
phase,tool_seg,01_1_0293,not_in_hts_universe
phase,tool_seg,01_1_0294,not_in_hts_universe
phase,tool_seg,01_1_0360,not_in_hts_universe
phase,tool_seg,01_1_0487,not_in_hts_universe
phase,tool_seg,01_1_0517,not_in_hts_universe
phase,tool_seg,01_1_0531,not_in_hts_universe
phase,tool_seg,01_1_0544,not_in_hts_universe
phase,tool_seg,01_1_0545,not_in_hts_universe
phase,tool_seg,01_1_0546,not_in_hts_universe
phase,tool_seg,01_1_0547,not_in_hts_universe
phase,tool_seg,01_1_0635,not_in_hts_universe
phase,tool_seg,01_1_0636,not_in_hts_universe
phase,tool_seg,01_1_0638,not_in_hts_universe
phase,tool_seg,01_1_0659,not_in_hts_universe
phase,tool_seg,01_1_0688,not_in_hts_universe
phase,tool_seg,01_1_0697,not_in_hts_universe
phase,tool_seg,01_1_0750,not_in_hts_universe
phase,tool_seg,01_1_0751,not_in_hts_universe
phase,tool_seg,01_1_0765,not_in_hts_universe
phase,tool_seg,01_1_0766,not_in_hts_universe
phase,tool_seg,01_1_0774,not_in_hts_universe
phase,tool_seg,01_1_0784,not_in_hts_universe
phase,tool_seg,01_1_0829,not_in_hts_universe
phase,tool_seg,01_1_0830,not_in_hts_universe
phase,tool_seg,01_1_0836,not_in_hts_universe
phase,tool_seg,01_1_0866,not_in_hts_universe
phase,tool_seg,01_1_0870,not_in_hts_universe
phase,tool_seg,01_1_0871,not_in_hts_universe
phase,tool_seg,01_1_0872,not_in_hts_universe
phase,tool_seg,01_1_0933,not_in_hts_universe
phase,tool_seg,01_1_0934,not_in_hts_universe
phase,tool_seg,01_1_0935,not_in_hts_universe
phase,tool_seg,01_1_0956,not_in_hts_universe
phase,tool_seg,01_1_0988,not_in_hts_universe
phase,tool_seg,01_1_0989,not_in_hts_universe
phase,tool_seg,01_1_0990,not_in_hts_universe
phase,tool_seg,01_1_0991,not_in_hts_universe
phase,tool_seg,01_1_0992,not_in_hts_universe
phase,tool_seg,01_1_0993,not_in_hts_universe
phase,tool_seg,01_1_0994,not_in_hts_universe
phase,tool_seg,01_1_0995,not_in_hts_universe
phase,tool_seg,01_1_0996,not_in_hts_universe
phase,tool_seg,01_1_0997,not_in_hts_universe
phase,tool_seg,01_1_0998,not_in_hts_universe
phase,tool_seg,01_1_0999,not_in_hts_universe
phase,tool_seg,01_1_1000,not_in_hts_universe
phase,tool_seg,01_1_1033,not_in_hts_universe
phase,tool_seg,01_1_1034,not_in_hts_universe
phase,tool_seg,01_1_1065,not_in_hts_universe
phase,tool_seg,01_1_1066,not_in_hts_universe
phase,tool_seg,01_1_1094,not_in_hts_universe
phase,tool_seg,01_1_1095,not_in_hts_universe
phase,tool_seg,01_1_1096,not_in_hts_universe
phase,tool_seg,01_1_1097,not_in_hts_universe
phase,tool_seg,01_1_1098,not_in_hts_universe
phase,tool_seg,01_1_1099,not_in_hts_universe
phase,tool_seg,01_1_1111,not_in_hts_universe
phase,tool_seg,01_1_1143,not_in_hts_universe
phase,tool_seg,01_1_1168,not_in_hts_universe
phase,tool_seg,01_1_1169,not_in_hts_universe
phase,tool_seg,01_1_1237,not_in_hts_universe
phase,tool_seg,01_1_1238,not_in_hts_universe
phase,tool_seg,01_1_1262,not_in_hts_universe
phase,tool_seg,02_1_0037,not_in_hts_universe
phase,tool_seg,02_1_0038,not_in_hts_universe
phase,tool_seg,02_1_0039,not_in_hts_universe
phase,tool_seg,02_1_0046,not_in_hts_universe
phase,tool_seg,02_1_0047,not_in_hts_universe
phase,tool_seg,02_1_0048,not_in_hts_universe
phase,tool_seg,02_1_0061,not_in_hts_universe
phase,tool_seg,02_1_0062,not_in_hts_universe
phase,tool_seg,02_1_0063,not_in_hts_universe
phase,tool_seg,02_1_0064,not_in_hts_universe
phase,tool_seg,02_1_0065,not_in_hts_universe
phase,tool_seg,02_1_0066,not_in_hts_universe
phase,tool_seg,02_1_0067,not_in_hts_universe
phase,tool_seg,02_1_0068,not_in_hts_universe
phase,tool_seg,02_1_0069,not_in_hts_universe
phase,tool_seg,02_1_0070,not_in_hts_universe
phase,tool_seg,02_1_0071,not_in_hts_universe
phase,tool_seg,02_1_0072,not_in_hts_universe
phase,tool_seg,02_1_0073,not_in_hts_universe
phase,tool_seg,02_1_0074,not_in_hts_universe
phase,tool_seg,02_1_0075,not_in_hts_universe
phase,tool_seg,02_1_0076,not_in_hts_universe
phase,tool_seg,02_1_0077,not_in_hts_universe
phase,tool_seg,02_1_0079,not_in_hts_universe
phase,tool_seg,02_1_0080,not_in_hts_universe
phase,tool_seg,02_1_0081,not_in_hts_universe
phase,tool_seg,02_1_0082,not_in_hts_universe
phase,tool_seg,02_1_0083,not_in_hts_universe
phase,tool_seg,02_1_0086,not_in_hts_universe
phase,tool_seg,02_1_0087,not_in_hts_universe
phase,tool_seg,02_1_0088,not_in_hts_universe
phase,tool_seg,02_1_0089,not_in_hts_universe
phase,tool_seg,02_1_0091,not_in_hts_universe
phase,tool_seg,02_1_0092,not_in_hts_universe
phase,tool_seg,02_1_0093,not_in_hts_universe
phase,tool_seg,02_1_0094,not_in_hts_universe
phase,tool_seg,02_1_0095,not_in_hts_universe
phase,tool_seg,02_1_0097,not_in_hts_universe
phase,tool_seg,02_1_0098,not_in_hts_universe
phase,tool_seg,02_1_0100,not_in_hts_universe
phase,tool_seg,02_1_0101,not_in_hts_universe
phase,tool_seg,02_1_0102,not_in_hts_universe
phase,tool_seg,02_1_0103,not_in_hts_universe
phase,tool_seg,02_1_0105,not_in_hts_universe
phase,tool_seg,02_1_0122,not_in_hts_universe
phase,tool_seg,02_1_0177,not_in_hts_universe
phase,tool_seg,02_1_0391,not_in_hts_universe
phase,tool_seg,02_1_0392,not_in_hts_universe
phase,tool_seg,02_1_0426,not_in_hts_universe
phase,tool_seg,02_1_0454,not_in_hts_universe
phase,tool_seg,02_1_0482,not_in_hts_universe
phase,tool_seg,02_1_0486,not_in_hts_universe
phase,tool_seg,02_1_0487,not_in_hts_universe
phase,tool_seg,02_1_0488,not_in_hts_universe
phase,tool_seg,02_1_0652,not_in_hts_universe
phase,tool_seg,02_1_0653,not_in_hts_universe
phase,tool_seg,02_1_0654,not_in_hts_universe
phase,tool_seg,02_1_0657,not_in_hts_universe
phase,tool_seg,02_1_0658,not_in_hts_universe
phase,tool_seg,02_1_0662,not_in_hts_universe
phase,tool_seg,02_1_0663,not_in_hts_universe
phase,tool_seg,02_1_0664,not_in_hts_universe
phase,tool_seg,02_1_0665,not_in_hts_universe
phase,tool_seg,02_1_0666,not_in_hts_universe
phase,tool_seg,02_1_0667,not_in_hts_universe
phase,tool_seg,02_1_0668,not_in_hts_universe
phase,tool_seg,02_1_0724,not_in_hts_universe
phase,tool_seg,02_1_0769,not_in_hts_universe
phase,tool_seg,03_2_0139,not_in_hts_universe
phase,tool_seg,03_2_0153,not_in_hts_universe
phase,tool_seg,03_2_0173,not_in_hts_universe
phase,tool_seg,03_2_0179,not_in_hts_universe
phase,tool_seg,03_2_0190,not_in_hts_universe
phase,tool_seg,03_2_0192,not_in_hts_universe
phase,tool_seg,03_2_0193,not_in_hts_universe
phase,tool_seg,03_2_0247,not_in_hts_universe
phase,tool_seg,03_2_0264,listed_but_zero_annotation
phase,tool_seg,03_2_0270,listed_but_zero_annotation
phase,tool_seg,03_2_0307,not_in_hts_universe
phase,tool_seg,03_2_0368,not_in_hts_universe
phase,tool_seg,03_2_0464,not_in_hts_universe
phase,tool_seg,03_2_0484,not_in_hts_universe
phase,tool_seg,03_2_0499,not_in_hts_universe
phase,tool_seg,03_2_0505,not_in_hts_universe
phase,tool_seg,03_2_0510,not_in_hts_universe
phase,tool_seg,03_2_0536,not_in_hts_universe
phase,tool_seg,03_2_0545,not_in_hts_universe
phase,tool_seg,03_2_0546,not_in_hts_universe
phase,tool_seg,03_2_0554,not_in_hts_universe
phase,tool_seg,03_2_0555,not_in_hts_universe
phase,tool_seg,03_2_0564,not_in_hts_universe
phase,tool_seg,03_2_0597,listed_but_zero_annotation
phase,tool_seg,03_2_0598,listed_but_zero_annotation
phase,tool_seg,03_2_0620,not_in_hts_universe
phase,tool_seg,03_2_0621,not_in_hts_universe
phase,tool_seg,03_2_0645,not_in_hts_universe
phase,tool_seg,03_2_0663,not_in_hts_universe
phase,tool_seg,03_2_0665,listed_but_zero_annotation
phase,tool_seg,03_2_0666,listed_but_zero_annotation
phase,tool_seg,03_2_0710,not_in_hts_universe
phase,tool_seg,03_2_0712,not_in_hts_universe
phase,tool_seg,03_2_0713,not_in_hts_universe
phase,tool_seg,03_2_0716,listed_but_zero_annotation
phase,tool_seg,03_2_0751,not_in_hts_universe
phase,tool_seg,03_2_0752,not_in_hts_universe
phase,tool_seg,03_2_0785,not_in_hts_universe
phase,tool_seg,03_2_0786,listed_but_zero_annotation
phase,tool_seg,03_2_0787,listed_but_zero_annotation
phase,tool_seg,03_2_0788,listed_but_zero_annotation
phase,tool_seg,03_2_0791,not_in_hts_universe
phase,tool_seg,03_2_0815,not_in_hts_universe
phase,tool_seg,03_2_0816,not_in_hts_universe
phase,tool_seg,03_2_0817,not_in_hts_universe
phase,tool_seg,03_2_0818,not_in_hts_universe
phase,tool_seg,03_2_0842,not_in_hts_universe
phase,tool_seg,03_2_0843,listed_but_zero_annotation
phase,tool_seg,03_2_0844,listed_but_zero_annotation
phase,tool_seg,03_2_0867,listed_but_zero_annotation
phase,tool_seg,03_2_0868,listed_but_zero_annotation
phase,tool_seg,03_2_0908,not_in_hts_universe
phase,tool_seg,03_2_0909,listed_but_zero_annotation
phase,tool_seg,03_2_0942,not_in_hts_universe
phase,tool_seg,03_2_0943,not_in_hts_universe
phase,tool_seg,03_2_0944,listed_but_zero_annotation
phase,tool_seg,03_2_0946,not_in_hts_universe
phase,tool_seg,03_2_0954,not_in_hts_universe
phase,tool_seg,03_2_0978,not_in_hts_universe
phase,tool_seg,03_2_0979,not_in_hts_universe
phase,tool_seg,03_2_1020,not_in_hts_universe
phase,tool_seg,03_2_1032,not_in_hts_universe
phase,tool_seg,03_2_1033,not_in_hts_universe
phase,tool_seg,03_2_1057,not_in_hts_universe
phase,tool_seg,03_2_1096,not_in_hts_universe
phase,tool_seg,03_2_1097,listed_but_zero_annotation
phase,tool_seg,03_2_1098,listed_but_zero_annotation
phase,tool_seg,03_2_1099,listed_but_zero_annotation
phase,tool_seg,03_2_1100,listed_but_zero_annotation
phase,tool_seg,03_2_1101,not_in_hts_universe
phase,tool_seg,03_2_1102,listed_but_zero_annotation
phase,tool_seg,03_2_1103,listed_but_zero_annotation
phase,tool_seg,03_2_1104,listed_but_zero_annotation
phase,tool_seg,03_2_1213,not_in_hts_universe
phase,tool_seg,03_2_1216,not_in_hts_universe
phase,tool_seg,03_2_1227,not_in_hts_universe
phase,tool_seg,03_2_1240,not_in_hts_universe
phase,tool_seg,03_2_1247,not_in_hts_universe
phase,tool_seg,03_2_1260,not_in_hts_universe
phase,tool_seg,03_2_1272,not_in_hts_universe
phase,tool_seg,03_2_1277,not_in_hts_universe
phase,tool_seg,03_2_1298,not_in_hts_universe
phase,tool_seg,03_2_1301,not_in_hts_universe
phase,tool_seg,03_2_1303,not_in_hts_universe
phase,tool_seg,03_2_1305,not_in_hts_universe
phase,tool_seg,03_2_1312,not_in_hts_universe
phase,tool_seg,03_2_1313,not_in_hts_universe
phase,tool_seg,03_2_1314,not_in_hts_universe
phase,tool_seg,03_2_1316,not_in_hts_universe
phase,tool_seg,03_2_1331,not_in_hts_universe
phase,tool_seg,03_2_1337,not_in_hts_universe
phase,tool_seg,03_2_1354,not_in_hts_universe
phase,tool_seg,03_2_1364,not_in_hts_universe
phase,tool_seg,03_2_1367,not_in_hts_universe
phase,tool_seg,03_2_1371,not_in_hts_universe
phase,tool_seg,03_2_1390,not_in_hts_universe
phase,tool_seg,03_2_1403,not_in_hts_universe
phase,tool_seg,03_2_1415,not_in_hts_universe
phase,tool_seg,03_2_1467,not_in_hts_universe
phase,tool_seg,03_2_1473,not_in_hts_universe
phase,tool_seg,03_2_1475,not_in_hts_universe
phase,tool_seg,03_2_1476,not_in_hts_universe
phase,tool_seg,03_2_1503,not_in_hts_universe
phase,tool_seg,03_2_1504,not_in_hts_universe
phase,tool_seg,03_2_1505,not_in_hts_universe
phase,tool_seg,03_2_1506,not_in_hts_universe
phase,tool_seg,03_2_1507,not_in_hts_universe
phase,tool_seg,03_2_1508,not_in_hts_universe
phase,tool_seg,03_2_1509,not_in_hts_universe
phase,tool_seg,03_2_1510,not_in_hts_universe
phase,tool_seg,03_2_1528,not_in_hts_universe
phase,tool_seg,03_2_1529,not_in_hts_universe
phase,tool_seg,03_2_1530,not_in_hts_universe
phase,tool_seg,03_2_1531,not_in_hts_universe
phase,tool_seg,03_2_1532,not_in_hts_universe
phase,tool_seg,03_2_1533,not_in_hts_universe
phase,tool_seg,03_2_1534,not_in_hts_universe
phase,tool_seg,03_2_1556,not_in_hts_universe
phase,tool_seg,03_2_1557,not_in_hts_universe
phase,tool_seg,03_2_1558,not_in_hts_universe
phase,tool_seg,03_2_1559,not_in_hts_universe
phase,tool_seg,03_2_1560,not_in_hts_universe
phase,tool_seg,03_2_1589,not_in_hts_universe
phase,tool_seg,03_2_1590,not_in_hts_universe
phase,tool_seg,03_2_1591,not_in_hts_universe
phase,tool_seg,03_2_1592,not_in_hts_universe
phase,tool_seg,03_2_1593,not_in_hts_universe
phase,tool_seg,03_2_1594,not_in_hts_universe
phase,tool_seg,03_2_1681,not_in_hts_universe
phase,tool_seg,03_3_0001,not_in_hts_universe
phase,tool_seg,03_3_0002,not_in_hts_universe
phase,tool_seg,03_3_0003,not_in_hts_universe
phase,tool_seg,03_3_0004,not_in_hts_universe
phase,tool_seg,03_3_0005,not_in_hts_universe
phase,tool_seg,03_3_0006,not_in_hts_universe
phase,tool_seg,03_3_0007,not_in_hts_universe
phase,tool_seg,03_3_0008,not_in_hts_universe
phase,tool_seg,03_3_0009,not_in_hts_universe
phase,tool_seg,03_3_0010,not_in_hts_universe
phase,tool_seg,03_3_0011,not_in_hts_universe
phase,tool_seg,03_3_0012,not_in_hts_universe
phase,tool_seg,03_3_0013,not_in_hts_universe
phase,tool_seg,03_3_0014,not_in_hts_universe
phase,tool_seg,03_3_0015,not_in_hts_universe
phase,tool_seg,03_3_0016,not_in_hts_universe
phase,tool_seg,03_3_0017,not_in_hts_universe
phase,tool_seg,03_3_0018,not_in_hts_universe
phase,tool_seg,03_3_0019,not_in_hts_universe
phase,tool_seg,03_3_0020,not_in_hts_universe
phase,tool_seg,03_3_0021,not_in_hts_universe
phase,tool_seg,03_3_0022,not_in_hts_universe
phase,tool_seg,03_3_0023,not_in_hts_universe
phase,tool_seg,03_3_0024,not_in_hts_universe
phase,tool_seg,03_3_0025,not_in_hts_universe
phase,tool_seg,03_3_0026,not_in_hts_universe
phase,tool_seg,03_3_0027,not_in_hts_universe
phase,tool_seg,03_3_0028,not_in_hts_universe
phase,tool_seg,03_3_0029,not_in_hts_universe
phase,tool_seg,03_3_0030,not_in_hts_universe
phase,tool_seg,03_3_0034,not_in_hts_universe
phase,tool_seg,03_3_0035,not_in_hts_universe
phase,tool_seg,03_3_0036,not_in_hts_universe
phase,tool_seg,03_3_0101,not_in_hts_universe
phase,tool_seg,03_3_0102,not_in_hts_universe
phase,tool_seg,03_3_0103,not_in_hts_universe
phase,tool_seg,03_3_0104,not_in_hts_universe
phase,tool_seg,03_3_0105,not_in_hts_universe
phase,tool_seg,03_3_0106,not_in_hts_universe
phase,tool_seg,03_3_0107,not_in_hts_universe
phase,tool_seg,03_3_0108,not_in_hts_universe
phase,tool_seg,03_3_0109,not_in_hts_universe
phase,tool_seg,03_3_0110,not_in_hts_universe
phase,tool_seg,03_3_0113,not_in_hts_universe
phase,tool_seg,03_3_0114,not_in_hts_universe
phase,tool_seg,03_3_0115,not_in_hts_universe
phase,tool_seg,03_3_0116,not_in_hts_universe
phase,tool_seg,03_3_0117,not_in_hts_universe
phase,tool_seg,03_3_0118,not_in_hts_universe
phase,tool_seg,03_3_0119,not_in_hts_universe
phase,tool_seg,03_3_0120,not_in_hts_universe
phase,tool_seg,03_3_0121,not_in_hts_universe
phase,tool_seg,03_3_0122,not_in_hts_universe
phase,tool_seg,03_3_0123,not_in_hts_universe
phase,tool_seg,03_3_0124,not_in_hts_universe
phase,tool_seg,03_3_0125,not_in_hts_universe
phase,tool_seg,03_3_0126,not_in_hts_universe
phase,tool_seg,03_3_0127,not_in_hts_universe
phase,tool_seg,03_3_0128,not_in_hts_universe
phase,tool_seg,03_3_0129,not_in_hts_universe
phase,tool_seg,03_3_0130,not_in_hts_universe
phase,tool_seg,03_3_0131,not_in_hts_universe
phase,tool_seg,03_3_0134,not_in_hts_universe
phase,tool_seg,03_3_0135,not_in_hts_universe
phase,tool_seg,03_3_0136,not_in_hts_universe
phase,tool_seg,03_3_0137,not_in_hts_universe
phase,tool_seg,03_3_0138,not_in_hts_universe
phase,tool_seg,03_3_0139,not_in_hts_universe
phase,tool_seg,03_3_0140,not_in_hts_universe
phase,tool_seg,03_3_0141,not_in_hts_universe
phase,tool_seg,03_3_0142,not_in_hts_universe
phase,tool_seg,03_3_0143,not_in_hts_universe
phase,tool_seg,03_3_0144,not_in_hts_universe
phase,tool_seg,03_3_0145,not_in_hts_universe
phase,tool_seg,03_3_0146,not_in_hts_universe
phase,tool_seg,03_3_0147,not_in_hts_universe
phase,tool_seg,03_3_0148,not_in_hts_universe
phase,tool_seg,03_3_0149,not_in_hts_universe
phase,tool_seg,03_3_0150,not_in_hts_universe
phase,tool_seg,03_3_0151,not_in_hts_universe
phase,tool_seg,03_3_0152,not_in_hts_universe
phase,tool_seg,03_3_0153,not_in_hts_universe
phase,tool_seg,03_3_0154,not_in_hts_universe
phase,tool_seg,03_3_0155,not_in_hts_universe
phase,tool_seg,03_3_0156,not_in_hts_universe
phase,tool_seg,03_3_0159,not_in_hts_universe
phase,tool_seg,03_3_0160,not_in_hts_universe
phase,tool_seg,03_3_0161,not_in_hts_universe
phase,tool_seg,03_3_0162,not_in_hts_universe
phase,tool_seg,03_3_0163,not_in_hts_universe
phase,tool_seg,03_3_0164,not_in_hts_universe
phase,tool_seg,03_3_0165,not_in_hts_universe
phase,tool_seg,03_3_0166,not_in_hts_universe
phase,tool_seg,03_3_0167,not_in_hts_universe
phase,tool_seg,03_3_0168,not_in_hts_universe
phase,tool_seg,03_3_0169,not_in_hts_universe
phase,tool_seg,03_3_0170,not_in_hts_universe
phase,tool_seg,03_3_0171,not_in_hts_universe
phase,tool_seg,03_3_0172,not_in_hts_universe
phase,tool_seg,03_3_0173,not_in_hts_universe
phase,tool_seg,03_3_0174,not_in_hts_universe
phase,tool_seg,03_3_0175,not_in_hts_universe
phase,tool_seg,03_3_0176,not_in_hts_universe
phase,tool_seg,03_3_0177,not_in_hts_universe
phase,tool_seg,03_3_0178,not_in_hts_universe
phase,tool_seg,03_3_0181,not_in_hts_universe
phase,tool_seg,03_3_0182,not_in_hts_universe
phase,tool_seg,03_3_0183,not_in_hts_universe
phase,tool_seg,03_3_0184,not_in_hts_universe
phase,tool_seg,03_3_0185,not_in_hts_universe
phase,tool_seg,03_3_0186,not_in_hts_universe
phase,tool_seg,03_3_0187,not_in_hts_universe
phase,tool_seg,03_3_0188,not_in_hts_universe
phase,tool_seg,03_3_0189,not_in_hts_universe
phase,tool_seg,03_3_0190,not_in_hts_universe
phase,tool_seg,03_3_0191,not_in_hts_universe
phase,tool_seg,03_3_0192,not_in_hts_universe
phase,tool_seg,03_3_0193,not_in_hts_universe
phase,tool_seg,03_3_0194,not_in_hts_universe
phase,tool_seg,03_3_0195,not_in_hts_universe
phase,tool_seg,03_3_0196,not_in_hts_universe
phase,tool_seg,03_3_0197,not_in_hts_universe
phase,tool_seg,03_3_0198,not_in_hts_universe
phase,tool_seg,03_3_0199,not_in_hts_universe
phase,tool_seg,03_3_0200,not_in_hts_universe
phase,tool_seg,03_3_0201,not_in_hts_universe
phase,tool_seg,03_3_0202,not_in_hts_universe
phase,tool_seg,03_3_0203,not_in_hts_universe
phase,tool_seg,03_3_0204,not_in_hts_universe
phase,tool_seg,03_3_0205,not_in_hts_universe
phase,tool_seg,03_3_0206,not_in_hts_universe
phase,tool_seg,03_3_0207,not_in_hts_universe
phase,tool_seg,03_3_0208,not_in_hts_universe
phase,tool_seg,03_3_0209,not_in_hts_universe
phase,tool_seg,03_3_0210,not_in_hts_universe
phase,tool_seg,03_3_0211,not_in_hts_universe
phase,tool_seg,03_3_0212,not_in_hts_universe
phase,tool_seg,03_3_0213,not_in_hts_universe
phase,tool_seg,03_3_0214,not_in_hts_universe
phase,tool_seg,03_3_0215,not_in_hts_universe
phase,tool_seg,03_3_0216,not_in_hts_universe
phase,tool_seg,03_3_0217,not_in_hts_universe
phase,tool_seg,03_3_0218,not_in_hts_universe
phase,tool_seg,03_3_0219,not_in_hts_universe
phase,tool_seg,03_3_0220,not_in_hts_universe
phase,tool_seg,03_3_0221,not_in_hts_universe
phase,tool_seg,03_3_0222,not_in_hts_universe
phase,tool_seg,03_3_0223,not_in_hts_universe
phase,tool_seg,03_3_0224,not_in_hts_universe
phase,tool_seg,03_3_0225,not_in_hts_universe
phase,tool_seg,03_3_0226,not_in_hts_universe
phase,tool_seg,03_3_0227,not_in_hts_universe
phase,tool_seg,03_3_0229,not_in_hts_universe
phase,tool_seg,03_3_0230,not_in_hts_universe
phase,tool_seg,03_3_0231,not_in_hts_universe
phase,tool_seg,03_3_0232,not_in_hts_universe
phase,tool_seg,03_3_0233,not_in_hts_universe
phase,tool_seg,03_3_0234,not_in_hts_universe
phase,tool_seg,03_3_0235,not_in_hts_universe
phase,tool_seg,03_3_0236,not_in_hts_universe
phase,tool_seg,03_3_0237,not_in_hts_universe
phase,tool_seg,03_3_0238,not_in_hts_universe
phase,tool_seg,03_3_0239,not_in_hts_universe
phase,tool_seg,03_3_0240,not_in_hts_universe
phase,tool_seg,03_3_0241,not_in_hts_universe
phase,tool_seg,03_3_0242,not_in_hts_universe
phase,tool_seg,03_3_0243,not_in_hts_universe
phase,tool_seg,03_3_0244,not_in_hts_universe
phase,tool_seg,04_1_0122,not_in_hts_universe
phase,tool_seg,04_1_0123,not_in_hts_universe
phase,tool_seg,04_1_0124,not_in_hts_universe
phase,tool_seg,04_1_0125,not_in_hts_universe
phase,tool_seg,04_1_0126,not_in_hts_universe
phase,tool_seg,04_1_0127,not_in_hts_universe
phase,tool_seg,04_1_0128,not_in_hts_universe
phase,tool_seg,04_1_0129,not_in_hts_universe
phase,tool_seg,04_1_0130,not_in_hts_universe
phase,tool_seg,04_1_0131,not_in_hts_universe
phase,tool_seg,04_1_0132,not_in_hts_universe
phase,tool_seg,04_1_0133,not_in_hts_universe
phase,tool_seg,04_1_0134,not_in_hts_universe
phase,tool_seg,04_1_0135,not_in_hts_universe
phase,tool_seg,04_1_0136,not_in_hts_universe
phase,tool_seg,04_1_0137,not_in_hts_universe
phase,tool_seg,04_1_0138,not_in_hts_universe
phase,tool_seg,04_1_0230,not_in_hts_universe
phase,tool_seg,04_1_0231,not_in_hts_universe
phase,tool_seg,04_1_0232,not_in_hts_universe
phase,tool_seg,04_1_0233,not_in_hts_universe
phase,tool_seg,04_1_0234,not_in_hts_universe
phase,tool_seg,04_1_0235,not_in_hts_universe
phase,tool_seg,04_1_0236,not_in_hts_universe
phase,tool_seg,04_1_0237,not_in_hts_universe
phase,tool_seg,04_1_0238,not_in_hts_universe
phase,tool_seg,04_1_0239,not_in_hts_universe
phase,tool_seg,04_1_0240,not_in_hts_universe
phase,tool_seg,04_1_0241,not_in_hts_universe
phase,tool_seg,04_1_0242,not_in_hts_universe
phase,tool_seg,04_1_0243,not_in_hts_universe
phase,tool_seg,04_1_0244,not_in_hts_universe
phase,tool_seg,04_1_0245,not_in_hts_universe
phase,tool_seg,04_1_0246,not_in_hts_universe
phase,tool_seg,04_1_0247,not_in_hts_universe
phase,tool_seg,04_1_0248,not_in_hts_universe
phase,tool_seg,04_1_0249,not_in_hts_universe
phase,tool_seg,04_1_0250,not_in_hts_universe
phase,tool_seg,04_1_0251,not_in_hts_universe
phase,tool_seg,04_1_0252,not_in_hts_universe
phase,tool_seg,04_1_0253,not_in_hts_universe
phase,tool_seg,04_1_0254,not_in_hts_universe
phase,tool_seg,04_1_0255,not_in_hts_universe
phase,tool_seg,04_1_0256,not_in_hts_universe
phase,tool_seg,04_1_0257,not_in_hts_universe
phase,tool_seg,04_1_0258,not_in_hts_universe
phase,tool_seg,04_1_0259,not_in_hts_universe
phase,tool_seg,04_1_0260,not_in_hts_universe
phase,tool_seg,04_1_0261,not_in_hts_universe
phase,tool_seg,04_1_0262,not_in_hts_universe
phase,tool_seg,04_1_0263,not_in_hts_universe
phase,tool_seg,04_1_0264,not_in_hts_universe
phase,tool_seg,04_1_0265,not_in_hts_universe
phase,tool_seg,04_1_0266,not_in_hts_universe
phase,tool_seg,04_1_0267,not_in_hts_universe
phase,tool_seg,04_1_0268,not_in_hts_universe
phase,tool_seg,04_1_0269,not_in_hts_universe
phase,tool_seg,04_1_0270,not_in_hts_universe
phase,tool_seg,04_1_0271,not_in_hts_universe
phase,tool_seg,04_1_0272,not_in_hts_universe
phase,tool_seg,04_1_0273,not_in_hts_universe
phase,tool_seg,04_1_0274,not_in_hts_universe
phase,tool_seg,04_1_0275,not_in_hts_universe
phase,tool_seg,04_1_0276,not_in_hts_universe
phase,tool_seg,04_1_0277,not_in_hts_universe
phase,tool_seg,04_1_0278,not_in_hts_universe
phase,tool_seg,04_1_0279,not_in_hts_universe
phase,tool_seg,04_1_0280,not_in_hts_universe
phase,tool_seg,04_1_0281,not_in_hts_universe
phase,tool_seg,04_1_0282,not_in_hts_universe
phase,tool_seg,04_1_0283,not_in_hts_universe
phase,tool_seg,04_1_0284,not_in_hts_universe
phase,tool_seg,04_1_0285,not_in_hts_universe
phase,tool_seg,04_1_0286,not_in_hts_universe
phase,tool_seg,04_1_0287,not_in_hts_universe
phase,tool_seg,04_1_0288,not_in_hts_universe
phase,tool_seg,04_1_0289,not_in_hts_universe
phase,tool_seg,04_1_0290,not_in_hts_universe
phase,tool_seg,04_1_0291,not_in_hts_universe
phase,tool_seg,04_1_0292,not_in_hts_universe
phase,tool_seg,04_1_0293,not_in_hts_universe
phase,tool_seg,04_1_0294,not_in_hts_universe
phase,tool_seg,04_1_0295,not_in_hts_universe
phase,tool_seg,04_1_0296,not_in_hts_universe
phase,tool_seg,04_1_0297,not_in_hts_universe
phase,tool_seg,04_1_0298,not_in_hts_universe
phase,tool_seg,04_1_0299,not_in_hts_universe
phase,tool_seg,04_1_0300,not_in_hts_universe
phase,tool_seg,04_1_0301,not_in_hts_universe
phase,tool_seg,04_1_0302,not_in_hts_universe
phase,tool_seg,04_1_0303,not_in_hts_universe
phase,tool_seg,04_1_0304,not_in_hts_universe
phase,tool_seg,04_1_0305,not_in_hts_universe
phase,tool_seg,04_1_0306,not_in_hts_universe
phase,tool_seg,04_1_0307,not_in_hts_universe
phase,tool_seg,04_1_0308,not_in_hts_universe
phase,tool_seg,04_1_0309,not_in_hts_universe
phase,tool_seg,04_1_0310,not_in_hts_universe
phase,tool_seg,04_1_0311,not_in_hts_universe
phase,tool_seg,04_1_0312,not_in_hts_universe
phase,tool_seg,04_1_0313,not_in_hts_universe
phase,tool_seg,04_1_0314,not_in_hts_universe
phase,tool_seg,04_1_0315,not_in_hts_universe
phase,tool_seg,04_1_0316,not_in_hts_universe
phase,tool_seg,04_1_0317,not_in_hts_universe
phase,tool_seg,04_1_0318,not_in_hts_universe
phase,tool_seg,04_1_0319,not_in_hts_universe
phase,tool_seg,04_1_0320,not_in_hts_universe
phase,tool_seg,04_1_0321,not_in_hts_universe
phase,tool_seg,04_1_0322,not_in_hts_universe
phase,tool_seg,04_1_0323,not_in_hts_universe
phase,tool_seg,04_1_0324,not_in_hts_universe
phase,tool_seg,04_1_0325,not_in_hts_universe
phase,tool_seg,04_1_0326,not_in_hts_universe
phase,tool_seg,04_1_0327,not_in_hts_universe
phase,tool_seg,04_1_0328,not_in_hts_universe
phase,tool_seg,04_1_0329,not_in_hts_universe
phase,tool_seg,04_1_0330,not_in_hts_universe
phase,tool_seg,04_1_0331,not_in_hts_universe
phase,tool_seg,04_1_0332,not_in_hts_universe
phase,tool_seg,04_1_0333,not_in_hts_universe
phase,tool_seg,04_1_0334,not_in_hts_universe
phase,tool_seg,04_1_0335,not_in_hts_universe
phase,tool_seg,04_1_0336,not_in_hts_universe
phase,tool_seg,04_1_0337,not_in_hts_universe
phase,tool_seg,04_1_0338,not_in_hts_universe
phase,tool_seg,04_1_0340,not_in_hts_universe
phase,tool_seg,04_1_0341,not_in_hts_universe
phase,tool_seg,04_1_0342,not_in_hts_universe
phase,tool_seg,04_1_0343,not_in_hts_universe
phase,tool_seg,04_1_0344,not_in_hts_universe
phase,tool_seg,04_1_0345,not_in_hts_universe
phase,tool_seg,04_1_0346,not_in_hts_universe
phase,tool_seg,04_1_0347,not_in_hts_universe
phase,tool_seg,04_1_0348,not_in_hts_universe
phase,tool_seg,04_1_0349,not_in_hts_universe
phase,tool_seg,04_1_0350,not_in_hts_universe
phase,tool_seg,04_1_0351,not_in_hts_universe
phase,tool_seg,04_1_0352,not_in_hts_universe
phase,tool_seg,04_1_0353,not_in_hts_universe
phase,tool_seg,04_1_0354,not_in_hts_universe
phase,tool_seg,04_1_0355,not_in_hts_universe
phase,tool_seg,04_1_0356,not_in_hts_universe
phase,tool_seg,04_1_0357,not_in_hts_universe
phase,tool_seg,04_1_0358,not_in_hts_universe
phase,tool_seg,04_1_0359,not_in_hts_universe
phase,tool_seg,04_1_0360,not_in_hts_universe
phase,tool_seg,04_1_0361,not_in_hts_universe
phase,tool_seg,04_1_0362,not_in_hts_universe
phase,tool_seg,04_1_0363,not_in_hts_universe
phase,tool_seg,04_1_0364,not_in_hts_universe
phase,tool_seg,04_1_0365,not_in_hts_universe
phase,tool_seg,04_1_0366,not_in_hts_universe
phase,tool_seg,04_1_0367,not_in_hts_universe
phase,tool_seg,04_1_0368,not_in_hts_universe
phase,tool_seg,04_1_0369,not_in_hts_universe
phase,tool_seg,04_1_0370,not_in_hts_universe
phase,tool_seg,04_1_0371,not_in_hts_universe
phase,tool_seg,04_1_0372,not_in_hts_universe
phase,tool_seg,04_1_0373,not_in_hts_universe
phase,tool_seg,04_1_0374,not_in_hts_universe
phase,tool_seg,04_1_0375,not_in_hts_universe
phase,tool_seg,04_1_0376,not_in_hts_universe
phase,tool_seg,04_1_0377,not_in_hts_universe
phase,tool_seg,04_1_0378,not_in_hts_universe
phase,tool_seg,04_1_0379,not_in_hts_universe
phase,tool_seg,04_1_0380,not_in_hts_universe
phase,tool_seg,04_1_0381,not_in_hts_universe
phase,tool_seg,04_1_0382,not_in_hts_universe
phase,tool_seg,04_1_0383,not_in_hts_universe
phase,tool_seg,04_1_0384,not_in_hts_universe
phase,tool_seg,04_1_0385,not_in_hts_universe
phase,tool_seg,04_1_0386,not_in_hts_universe
phase,tool_seg,04_1_0387,not_in_hts_universe
phase,tool_seg,04_1_0388,not_in_hts_universe
phase,tool_seg,04_1_0389,not_in_hts_universe
phase,tool_seg,04_1_0390,not_in_hts_universe
phase,tool_seg,04_1_0391,not_in_hts_universe
phase,tool_seg,04_1_0392,not_in_hts_universe
phase,tool_seg,04_1_0393,not_in_hts_universe
phase,tool_seg,04_1_0394,not_in_hts_universe
phase,tool_seg,04_1_0395,not_in_hts_universe
phase,tool_seg,04_1_0396,not_in_hts_universe
phase,tool_seg,04_1_0397,not_in_hts_universe
phase,tool_seg,04_1_0398,not_in_hts_universe
phase,tool_seg,04_1_0399,not_in_hts_universe
phase,tool_seg,04_1_0400,not_in_hts_universe
phase,tool_seg,04_1_0508,not_in_hts_universe
phase,tool_seg,04_1_0509,not_in_hts_universe
phase,tool_seg,04_1_0510,not_in_hts_universe
phase,tool_seg,04_1_0553,not_in_hts_universe
phase,tool_seg,04_1_0554,not_in_hts_universe
phase,tool_seg,04_1_0598,not_in_hts_universe
phase,tool_seg,04_1_0599,not_in_hts_universe
phase,tool_seg,04_1_0616,not_in_hts_universe
phase,tool_seg,04_1_0656,not_in_hts_universe
phase,tool_seg,04_1_0667,not_in_hts_universe
phase,tool_seg,04_1_0706,not_in_hts_universe
phase,tool_seg,04_1_0716,not_in_hts_universe
phase,tool_seg,04_1_0800,not_in_hts_universe
phase,tool_seg,04_1_0819,not_in_hts_universe
phase,tool_seg,04_1_0853,not_in_hts_universe
phase,tool_seg,04_1_0862,listed_but_zero_annotation
phase,tool_seg,04_1_0903,not_in_hts_universe
phase,tool_seg,04_1_0937,not_in_hts_universe
phase,tool_seg,04_1_0938,listed_but_zero_annotation
phase,tool_seg,04_1_0939,listed_but_zero_annotation
phase,tool_seg,04_1_0940,listed_but_zero_annotation
phase,tool_seg,04_1_0953,listed_but_zero_annotation
phase,tool_seg,04_1_0954,listed_but_zero_annotation
phase,tool_seg,04_1_0955,listed_but_zero_annotation
phase,tool_seg,04_1_0966,not_in_hts_universe
phase,tool_seg,04_1_1012,not_in_hts_universe
phase,tool_seg,04_1_1013,listed_but_zero_annotation
phase,tool_seg,04_1_1043,not_in_hts_universe
phase,tool_seg,04_1_1059,listed_but_zero_annotation
phase,tool_seg,04_1_1062,listed_but_zero_annotation
phase,tool_seg,04_1_1064,not_in_hts_universe
phase,tool_seg,04_1_1066,listed_but_zero_annotation
phase,tool_seg,04_1_1067,listed_but_zero_annotation
phase,tool_seg,04_1_1068,listed_but_zero_annotation
phase,tool_seg,04_1_1069,listed_but_zero_annotation
phase,tool_seg,04_1_1070,listed_but_zero_annotation
phase,tool_seg,04_1_1071,listed_but_zero_annotation
phase,tool_seg,04_1_1072,listed_but_zero_annotation
phase,tool_seg,04_1_1073,listed_but_zero_annotation
phase,tool_seg,04_1_1074,listed_but_zero_annotation
phase,tool_seg,04_1_1075,listed_but_zero_annotation
phase,tool_seg,04_1_1076,listed_but_zero_annotation
phase,tool_seg,04_1_1077,listed_but_zero_annotation
phase,tool_seg,04_1_1078,listed_but_zero_annotation
phase,tool_seg,04_1_1079,listed_but_zero_annotation
phase,tool_seg,04_1_1080,listed_but_zero_annotation
phase,tool_seg,04_1_1081,listed_but_zero_annotation
phase,tool_seg,04_1_1082,listed_but_zero_annotation
phase,tool_seg,04_1_1083,listed_but_zero_annotation
phase,tool_seg,04_1_1084,listed_but_zero_annotation
phase,tool_seg,04_1_1085,listed_but_zero_annotation
phase,tool_seg,04_1_1086,listed_but_zero_annotation
phase,tool_seg,04_1_1087,listed_but_zero_annotation
phase,tool_seg,04_1_1088,listed_but_zero_annotation
phase,tool_seg,04_1_1089,listed_but_zero_annotation
phase,tool_seg,04_1_1090,listed_but_zero_annotation
phase,tool_seg,04_1_1091,listed_but_zero_annotation
phase,tool_seg,04_1_1092,listed_but_zero_annotation
phase,tool_seg,04_1_1093,listed_but_zero_annotation
phase,tool_seg,04_1_1094,listed_but_zero_annotation
phase,tool_seg,04_1_1100,not_in_hts_universe
phase,tool_seg,04_1_1101,not_in_hts_universe
phase,tool_seg,04_1_1102,not_in_hts_universe
phase,tool_seg,04_1_1103,not_in_hts_universe
phase,tool_seg,04_1_1104,not_in_hts_universe
phase,tool_seg,04_1_1105,not_in_hts_universe
phase,tool_seg,04_1_1106,not_in_hts_universe
phase,tool_seg,04_1_1136,not_in_hts_universe
phase,tool_seg,04_1_1137,listed_but_zero_annotation
phase,tool_seg,04_1_1139,listed_but_zero_annotation
phase,tool_seg,04_1_1140,listed_but_zero_annotation
phase,tool_seg,04_1_1141,listed_but_zero_annotation
phase,tool_seg,04_1_1144,listed_but_zero_annotation
phase,tool_seg,04_1_1145,listed_but_zero_annotation
phase,tool_seg,04_1_1146,listed_but_zero_annotation
phase,tool_seg,04_1_1147,listed_but_zero_annotation
phase,tool_seg,04_1_1148,listed_but_zero_annotation
phase,tool_seg,04_1_1151,not_in_hts_universe
phase,tool_seg,04_1_1155,not_in_hts_universe
phase,tool_seg,04_1_1158,not_in_hts_universe
phase,tool_seg,04_1_1183,not_in_hts_universe
phase,tool_seg,04_1_1184,not_in_hts_universe
phase,tool_seg,04_1_1208,not_in_hts_universe
phase,tool_seg,04_1_1232,not_in_hts_universe
phase,tool_seg,04_1_1235,not_in_hts_universe
phase,tool_seg,04_1_1237,not_in_hts_universe
phase,tool_seg,04_1_1238,not_in_hts_universe
phase,tool_seg,04_1_1239,not_in_hts_universe
phase,tool_seg,04_1_1247,not_in_hts_universe
phase,tool_seg,04_1_1248,not_in_hts_universe
phase,tool_seg,04_1_1267,not_in_hts_universe
phase,tool_seg,04_1_1271,not_in_hts_universe
phase,tool_seg,04_1_1275,not_in_hts_universe
phase,tool_seg,04_1_1276,not_in_hts_universe
phase,tool_seg,04_1_1283,not_in_hts_universe
phase,tool_seg,04_1_1293,listed_but_zero_annotation
phase,tool_seg,04_1_1294,listed_but_zero_annotation
phase,tool_seg,04_1_1295,not_in_hts_universe
phase,tool_seg,04_1_1364,listed_but_zero_annotation
phase,tool_seg,04_1_1498,not_in_hts_universe
phase,tool_seg,04_1_1500,not_in_hts_universe
phase,tool_seg,04_1_1639,not_in_hts_universe
phase,tool_seg,04_2_0050,not_in_hts_universe
phase,tool_seg,04_2_0053,not_in_hts_universe
phase,tool_seg,04_2_0460,not_in_hts_universe
phase,tool_seg,04_2_0461,not_in_hts_universe
phase,tool_seg,04_2_0462,not_in_hts_universe
phase,tool_seg,04_2_0463,not_in_hts_universe
phase,tool_seg,04_2_0464,not_in_hts_universe
phase,tool_seg,04_2_0465,not_in_hts_universe
phase,tool_seg,04_2_0466,not_in_hts_universe
phase,tool_seg,04_2_0467,not_in_hts_universe
phase,tool_seg,04_2_0468,not_in_hts_universe
phase,tool_seg,04_2_0469,not_in_hts_universe
phase,tool_seg,04_2_0470,not_in_hts_universe
phase,tool_seg,04_2_0471,not_in_hts_universe
phase,tool_seg,04_2_0472,not_in_hts_universe
phase,tool_seg,04_2_0473,not_in_hts_universe
phase,tool_seg,04_2_0474,not_in_hts_universe
phase,tool_seg,04_2_0475,not_in_hts_universe
phase,tool_seg,04_2_0476,not_in_hts_universe
phase,tool_seg,04_2_0477,not_in_hts_universe
phase,tool_seg,04_2_0478,not_in_hts_universe
phase,tool_seg,04_2_0479,not_in_hts_universe
phase,tool_seg,04_2_0480,not_in_hts_universe
phase,tool_seg,04_2_0482,not_in_hts_universe
phase,tool_seg,04_2_0483,not_in_hts_universe
phase,tool_seg,04_2_0484,not_in_hts_universe
phase,tool_seg,04_2_0485,not_in_hts_universe
phase,tool_seg,04_2_0486,not_in_hts_universe
phase,tool_seg,04_2_0487,not_in_hts_universe
phase,tool_seg,04_2_0488,not_in_hts_universe
phase,tool_seg,04_2_0489,not_in_hts_universe
phase,tool_seg,04_2_0490,not_in_hts_universe
phase,tool_seg,04_2_0491,not_in_hts_universe
phase,tool_seg,04_2_0492,not_in_hts_universe
phase,tool_seg,04_2_0493,not_in_hts_universe
phase,tool_seg,04_2_0494,not_in_hts_universe
phase,tool_seg,04_2_0495,not_in_hts_universe
phase,tool_seg,04_2_0496,not_in_hts_universe
phase,tool_seg,04_2_0497,not_in_hts_universe
phase,tool_seg,04_2_0498,not_in_hts_universe
phase,tool_seg,04_2_0499,not_in_hts_universe
phase,tool_seg,04_2_0500,not_in_hts_universe
phase,tool_seg,04_2_0501,not_in_hts_universe
phase,tool_seg,04_2_0502,not_in_hts_universe
phase,tool_seg,04_2_0505,not_in_hts_universe
phase,tool_seg,04_2_0506,not_in_hts_universe
phase,tool_seg,04_2_0507,not_in_hts_universe
phase,tool_seg,04_2_0508,not_in_hts_universe
phase,tool_seg,04_2_0509,not_in_hts_universe
phase,tool_seg,04_2_0510,not_in_hts_universe
phase,tool_seg,04_2_0511,not_in_hts_universe
phase,tool_seg,04_2_0512,not_in_hts_universe
phase,tool_seg,04_2_0513,not_in_hts_universe
phase,tool_seg,04_2_0514,not_in_hts_universe
phase,tool_seg,04_2_0515,not_in_hts_universe
phase,tool_seg,04_2_0516,not_in_hts_universe
phase,tool_seg,04_2_0517,not_in_hts_universe
phase,tool_seg,04_2_0518,not_in_hts_universe
phase,tool_seg,04_2_0519,not_in_hts_universe
phase,tool_seg,04_2_0520,not_in_hts_universe
phase,tool_seg,04_2_0521,not_in_hts_universe
phase,tool_seg,04_2_0522,not_in_hts_universe
phase,tool_seg,04_2_0523,not_in_hts_universe
phase,tool_seg,04_2_0524,not_in_hts_universe
phase,tool_seg,04_2_0525,not_in_hts_universe
phase,tool_seg,04_2_0526,not_in_hts_universe
phase,tool_seg,04_2_0527,not_in_hts_universe
phase,tool_seg,04_2_0528,not_in_hts_universe
phase,tool_seg,04_2_0529,not_in_hts_universe
phase,tool_seg,04_2_0530,not_in_hts_universe
phase,tool_seg,04_2_0531,not_in_hts_universe
phase,tool_seg,04_2_0532,not_in_hts_universe
phase,tool_seg,04_2_0533,not_in_hts_universe
phase,tool_seg,04_2_0534,not_in_hts_universe
phase,tool_seg,04_2_0535,not_in_hts_universe
phase,tool_seg,04_2_0536,not_in_hts_universe
phase,tool_seg,05_1_0050,not_in_hts_universe
phase,tool_seg,05_1_0055,not_in_hts_universe
phase,tool_seg,05_1_0069,not_in_hts_universe
phase,tool_seg,05_1_0085,not_in_hts_universe
phase,tool_seg,05_1_0108,not_in_hts_universe
phase,tool_seg,05_1_0148,listed_but_zero_annotation
phase,tool_seg,05_1_0154,listed_but_zero_annotation
phase,tool_seg,05_1_0167,not_in_hts_universe
phase,tool_seg,05_1_0168,not_in_hts_universe
phase,tool_seg,05_1_0184,not_in_hts_universe
phase,tool_seg,05_1_0212,not_in_hts_universe
phase,tool_seg,05_1_0217,not_in_hts_universe
phase,tool_seg,05_1_0218,not_in_hts_universe
phase,tool_seg,05_1_0221,listed_but_zero_annotation
phase,tool_seg,05_1_0230,not_in_hts_universe
phase,tool_seg,05_1_0238,listed_but_zero_annotation
phase,tool_seg,05_1_0240,listed_but_zero_annotation
phase,tool_seg,05_1_0254,not_in_hts_universe
phase,tool_seg,05_1_0267,not_in_hts_universe
phase,tool_seg,05_1_0273,not_in_hts_universe
phase,tool_seg,05_1_0341,not_in_hts_universe
phase,tool_seg,05_1_0571,not_in_hts_universe
phase,tool_seg,05_1_0614,not_in_hts_universe
phase,tool_seg,05_1_0625,not_in_hts_universe
phase,tool_seg,05_1_0640,listed_but_zero_annotation
phase,tool_seg,05_1_0652,listed_but_zero_annotation
phase,tool_seg,05_1_0653,listed_but_zero_annotation
phase,tool_seg,05_1_0658,listed_but_zero_annotation
phase,tool_seg,05_1_0659,listed_but_zero_annotation
phase,tool_seg,05_1_0685,not_in_hts_universe
phase,tool_seg,05_1_0686,listed_but_zero_annotation
phase,tool_seg,05_1_0687,listed_but_zero_annotation
phase,tool_seg,05_1_0688,listed_but_zero_annotation
phase,tool_seg,05_1_0696,listed_but_zero_annotation
phase,tool_seg,05_1_0710,listed_but_zero_annotation
phase,tool_seg,05_1_0719,listed_but_zero_annotation
phase,tool_seg,05_1_0720,listed_but_zero_annotation
phase,tool_seg,05_1_0721,listed_but_zero_annotation
phase,tool_seg,05_1_0722,listed_but_zero_annotation
phase,tool_seg,05_1_0723,listed_but_zero_annotation
phase,tool_seg,05_1_0728,listed_but_zero_annotation
phase,tool_seg,05_1_0729,listed_but_zero_annotation
phase,tool_seg,05_1_0730,listed_but_zero_annotation
phase,tool_seg,05_1_0732,listed_but_zero_annotation
phase,tool_seg,05_1_0736,listed_but_zero_annotation
phase,tool_seg,05_1_0738,not_in_hts_universe
phase,tool_seg,05_1_0740,not_in_hts_universe
phase,tool_seg,05_1_0754,listed_but_zero_annotation
phase,tool_seg,05_1_0756,listed_but_zero_annotation
phase,tool_seg,05_1_0757,listed_but_zero_annotation
phase,tool_seg,05_1_0758,listed_but_zero_annotation
phase,tool_seg,05_1_0759,listed_but_zero_annotation
phase,tool_seg,05_1_0760,listed_but_zero_annotation
phase,tool_seg,05_1_0761,listed_but_zero_annotation
phase,tool_seg,05_1_0766,listed_but_zero_annotation
phase,tool_seg,05_1_0770,listed_but_zero_annotation
phase,tool_seg,05_1_0773,listed_but_zero_annotation
phase,tool_seg,05_1_0814,not_in_hts_universe
phase,tool_seg,05_1_0864,listed_but_zero_annotation
phase,tool_seg,05_1_0885,not_in_hts_universe
phase,tool_seg,05_1_0891,listed_but_zero_annotation
phase,tool_seg,05_1_0892,listed_but_zero_annotation
phase,tool_seg,05_1_0893,listed_but_zero_annotation
phase,tool_seg,05_1_0894,listed_but_zero_annotation
phase,tool_seg,05_1_0896,listed_but_zero_annotation
phase,tool_seg,05_1_0897,listed_but_zero_annotation
phase,tool_seg,05_1_0898,listed_but_zero_annotation
phase,tool_seg,05_1_0903,listed_but_zero_annotation
phase,tool_seg,05_1_0904,listed_but_zero_annotation
phase,tool_seg,05_1_0917,listed_but_zero_annotation
phase,tool_seg,05_1_0918,listed_but_zero_annotation
phase,tool_seg,05_1_0923,not_in_hts_universe
phase,tool_seg,05_1_0924,not_in_hts_universe
phase,tool_seg,05_1_0926,not_in_hts_universe
phase,tool_seg,05_1_0927,not_in_hts_universe
phase,tool_seg,05_1_0928,listed_but_zero_annotation
phase,tool_seg,05_1_0929,listed_but_zero_annotation
phase,tool_seg,05_1_0930,listed_but_zero_annotation
phase,tool_seg,05_1_0931,not_in_hts_universe
phase,tool_seg,05_1_0958,listed_but_zero_annotation
phase,tool_seg,05_1_0959,listed_but_zero_annotation
phase,tool_seg,05_1_0960,listed_but_zero_annotation
phase,tool_seg,05_1_0961,listed_but_zero_annotation
phase,tool_seg,05_1_0962,listed_but_zero_annotation
phase,tool_seg,05_1_0963,listed_but_zero_annotation
phase,tool_seg,05_1_0964,listed_but_zero_annotation
phase,tool_seg,05_1_0965,listed_but_zero_annotation
phase,tool_seg,05_1_0969,listed_but_zero_annotation
phase,tool_seg,05_1_0970,listed_but_zero_annotation
phase,tool_seg,05_1_0971,listed_but_zero_annotation
phase,tool_seg,05_1_0972,not_in_hts_universe
phase,tool_seg,05_1_0974,listed_but_zero_annotation
phase,tool_seg,05_1_0977,not_in_hts_universe
phase,tool_seg,05_1_0980,not_in_hts_universe
phase,tool_seg,05_1_0981,not_in_hts_universe
phase,tool_seg,05_1_0982,not_in_hts_universe
phase,tool_seg,05_1_0983,listed_but_zero_annotation
phase,tool_seg,05_1_0984,listed_but_zero_annotation
phase,tool_seg,05_1_0985,listed_but_zero_annotation
phase,tool_seg,05_1_0991,not_in_hts_universe
phase,tool_seg,05_1_1000,listed_but_zero_annotation
phase,tool_seg,05_1_1001,listed_but_zero_annotation
phase,tool_seg,05_1_1002,listed_but_zero_annotation
phase,tool_seg,05_1_1003,listed_but_zero_annotation
phase,tool_seg,05_1_1004,listed_but_zero_annotation
phase,tool_seg,05_1_1005,listed_but_zero_annotation
phase,tool_seg,05_1_1006,listed_but_zero_annotation
phase,tool_seg,05_1_1007,listed_but_zero_annotation
phase,tool_seg,05_1_1008,listed_but_zero_annotation
phase,tool_seg,05_1_1010,listed_but_zero_annotation
phase,tool_seg,05_1_1011,listed_but_zero_annotation
phase,tool_seg,05_1_1012,listed_but_zero_annotation
phase,tool_seg,05_1_1013,listed_but_zero_annotation
phase,tool_seg,05_1_1015,listed_but_zero_annotation
phase,tool_seg,05_1_1016,listed_but_zero_annotation
phase,tool_seg,05_1_1017,listed_but_zero_annotation
phase,tool_seg,05_1_1018,listed_but_zero_annotation
phase,tool_seg,05_1_1020,listed_but_zero_annotation
phase,tool_seg,05_1_1021,listed_but_zero_annotation
phase,tool_seg,05_1_1022,listed_but_zero_annotation
phase,tool_seg,05_1_1023,listed_but_zero_annotation
phase,tool_seg,05_1_1024,not_in_hts_universe
phase,tool_seg,05_1_1025,not_in_hts_universe
phase,tool_seg,05_1_1026,listed_but_zero_annotation
phase,tool_seg,05_1_1027,not_in_hts_universe
phase,tool_seg,05_1_1028,not_in_hts_universe
phase,tool_seg,05_1_1029,listed_but_zero_annotation
phase,tool_seg,05_1_1031,not_in_hts_universe
phase,tool_seg,05_1_1149,not_in_hts_universe
phase,tool_seg,05_1_1150,listed_but_zero_annotation
phase,tool_seg,05_1_1151,listed_but_zero_annotation
phase,tool_seg,05_1_1152,listed_but_zero_annotation
phase,tool_seg,05_1_1153,listed_but_zero_annotation
phase,tool_seg,05_1_1154,listed_but_zero_annotation
phase,tool_seg,05_1_1155,listed_but_zero_annotation
phase,tool_seg,05_1_1156,listed_but_zero_annotation
phase,tool_seg,05_1_1157,listed_but_zero_annotation
phase,tool_seg,05_1_1158,listed_but_zero_annotation
phase,tool_seg,05_1_1159,listed_but_zero_annotation
phase,tool_seg,05_1_1160,listed_but_zero_annotation
phase,tool_seg,05_1_1161,listed_but_zero_annotation
phase,tool_seg,05_1_1162,listed_but_zero_annotation
phase,tool_seg,05_1_1163,listed_but_zero_annotation
phase,tool_seg,05_1_1164,listed_but_zero_annotation
phase,tool_seg,05_1_1165,listed_but_zero_annotation
phase,tool_seg,05_1_1166,listed_but_zero_annotation
phase,tool_seg,05_1_1167,listed_but_zero_annotation
phase,tool_seg,05_1_1168,listed_but_zero_annotation
phase,tool_seg,05_1_1170,not_in_hts_universe
phase,tool_seg,05_1_1171,listed_but_zero_annotation
phase,tool_seg,05_1_1172,listed_but_zero_annotation
phase,tool_seg,05_1_1173,listed_but_zero_annotation
phase,tool_seg,05_1_1176,not_in_hts_universe
phase,tool_seg,05_1_1177,listed_but_zero_annotation
phase,tool_seg,05_1_1178,listed_but_zero_annotation
phase,tool_seg,05_1_1179,listed_but_zero_annotation
phase,tool_seg,05_1_1180,listed_but_zero_annotation
phase,tool_seg,05_1_1181,listed_but_zero_annotation
phase,tool_seg,05_1_1183,listed_but_zero_annotation
phase,tool_seg,05_1_1184,listed_but_zero_annotation
phase,tool_seg,05_1_1185,listed_but_zero_annotation
phase,tool_seg,05_1_1186,listed_but_zero_annotation
phase,tool_seg,05_1_1187,listed_but_zero_annotation
phase,tool_seg,05_1_1188,listed_but_zero_annotation
phase,tool_seg,05_1_1189,listed_but_zero_annotation
phase,tool_seg,05_1_1190,listed_but_zero_annotation
phase,tool_seg,05_1_1191,not_in_hts_universe
phase,tool_seg,05_1_1194,listed_but_zero_annotation
phase,tool_seg,05_1_1203,not_in_hts_universe
phase,tool_seg,05_1_1204,listed_but_zero_annotation
phase,tool_seg,05_1_1205,listed_but_zero_annotation
phase,tool_seg,05_1_1206,listed_but_zero_annotation
phase,tool_seg,05_1_1207,listed_but_zero_annotation
phase,tool_seg,05_1_1208,listed_but_zero_annotation
phase,tool_seg,05_1_1210,listed_but_zero_annotation
phase,tool_seg,05_1_1211,listed_but_zero_annotation
phase,tool_seg,05_1_1212,listed_but_zero_annotation
phase,tool_seg,05_1_1213,listed_but_zero_annotation
phase,tool_seg,05_1_1214,listed_but_zero_annotation
phase,tool_seg,05_1_1215,not_in_hts_universe
phase,tool_seg,05_1_1351,not_in_hts_universe
phase,tool_seg,05_1_1363,listed_but_zero_annotation
phase,tool_seg,05_1_1364,listed_but_zero_annotation
phase,tool_seg,05_1_1366,listed_but_zero_annotation
phase,tool_seg,05_1_1376,listed_but_zero_annotation
phase,tool_seg,05_1_1378,listed_but_zero_annotation
phase,tool_seg,05_1_1388,listed_but_zero_annotation
phase,tool_seg,05_1_1390,listed_but_zero_annotation
phase,tool_seg,05_1_1393,not_in_hts_universe
phase,tool_seg,05_1_1394,listed_but_zero_annotation
phase,tool_seg,05_1_1406,not_in_hts_universe
phase,tool_seg,05_1_1407,not_in_hts_universe
phase,tool_seg,05_1_1415,listed_but_zero_annotation
phase,tool_seg,05_1_1417,listed_but_zero_annotation
phase,tool_seg,05_1_1418,listed_but_zero_annotation
phase,tool_seg,05_1_1421,listed_but_zero_annotation
phase,tool_seg,05_1_1422,listed_but_zero_annotation
phase,tool_seg,05_1_1423,not_in_hts_universe
phase,tool_seg,05_1_1424,not_in_hts_universe
phase,tool_seg,05_1_1425,listed_but_zero_annotation
phase,tool_seg,05_1_1426,listed_but_zero_annotation
phase,tool_seg,05_1_1431,not_in_hts_universe
phase,tool_seg,05_1_1437,not_in_hts_universe
phase,tool_seg,05_1_1445,listed_but_zero_annotation
phase,tool_seg,05_1_1448,listed_but_zero_annotation
phase,tool_seg,05_1_1459,not_in_hts_universe
phase,tool_seg,05_1_1460,listed_but_zero_annotation
phase,tool_seg,05_1_1461,listed_but_zero_annotation
phase,tool_seg,05_1_1462,listed_but_zero_annotation
phase,tool_seg,05_1_1463,listed_but_zero_annotation
phase,tool_seg,05_1_1464,listed_but_zero_annotation
phase,tool_seg,05_1_1472,listed_but_zero_annotation
phase,tool_seg,05_1_1473,listed_but_zero_annotation
phase,tool_seg,05_1_1474,listed_but_zero_annotation
phase,tool_seg,05_1_1489,not_in_hts_universe
phase,tool_seg,05_1_1490,not_in_hts_universe
phase,tool_seg,05_1_1501,not_in_hts_universe
phase,tool_seg,05_1_1504,not_in_hts_universe
phase,tool_seg,05_1_1505,not_in_hts_universe
phase,tool_seg,05_1_1510,listed_but_zero_annotation
phase,tool_seg,05_1_1515,not_in_hts_universe
phase,tool_seg,05_1_1516,not_in_hts_universe
phase,tool_seg,05_1_1523,listed_but_zero_annotation
phase,tool_seg,05_1_1524,listed_but_zero_annotation
phase,tool_seg,05_1_1525,listed_but_zero_annotation
phase,tool_seg,05_1_1527,listed_but_zero_annotation
phase,tool_seg,05_1_1528,listed_but_zero_annotation
phase,tool_seg,05_1_1529,listed_but_zero_annotation
phase,tool_seg,05_1_1530,listed_but_zero_annotation
phase,tool_seg,05_1_1531,not_in_hts_universe
phase,tool_seg,05_1_1532,not_in_hts_universe
phase,tool_seg,05_1_1533,not_in_hts_universe
phase,tool_seg,05_1_1535,not_in_hts_universe
phase,tool_seg,05_1_1536,not_in_hts_universe
phase,tool_seg,05_1_1537,not_in_hts_universe
phase,tool_seg,05_1_1538,not_in_hts_universe
phase,tool_seg,05_1_1539,listed_but_zero_annotation
phase,tool_seg,05_1_1547,listed_but_zero_annotation
phase,tool_seg,05_1_1550,listed_but_zero_annotation
phase,tool_seg,05_1_1553,listed_but_zero_annotation
phase,tool_seg,05_1_1560,listed_but_zero_annotation
phase,tool_seg,05_1_1561,listed_but_zero_annotation
phase,tool_seg,05_1_1567,listed_but_zero_annotation
phase,tool_seg,05_1_1570,listed_but_zero_annotation
phase,tool_seg,05_1_1571,listed_but_zero_annotation
phase,tool_seg,05_1_1587,listed_but_zero_annotation
phase,tool_seg,05_1_1588,listed_but_zero_annotation
phase,tool_seg,05_1_1590,not_in_hts_universe
phase,tool_seg,05_1_1591,listed_but_zero_annotation
phase,tool_seg,05_1_1594,not_in_hts_universe
phase,tool_seg,05_1_1596,listed_but_zero_annotation
phase,tool_seg,05_1_1605,listed_but_zero_annotation
phase,tool_seg,05_1_1618,not_in_hts_universe
phase,tool_seg,05_1_1621,not_in_hts_universe
phase,tool_seg,05_1_1622,listed_but_zero_annotation
phase,tool_seg,05_1_1623,listed_but_zero_annotation
phase,tool_seg,05_1_1641,listed_but_zero_annotation
phase,tool_seg,05_1_1642,not_in_hts_universe
phase,tool_seg,05_1_1644,listed_but_zero_annotation
phase,tool_seg,05_1_1655,not_in_hts_universe
phase,tool_seg,05_1_1656,not_in_hts_universe
phase,tool_seg,05_1_1657,not_in_hts_universe
phase,tool_seg,05_1_1658,not_in_hts_universe
phase,tool_seg,05_1_1665,listed_but_zero_annotation
phase,tool_seg,05_1_1671,listed_but_zero_annotation
phase,tool_seg,05_1_1672,listed_but_zero_annotation
phase,tool_seg,05_1_1673,listed_but_zero_annotation
phase,tool_seg,05_1_1674,listed_but_zero_annotation
phase,tool_seg,05_1_1675,listed_but_zero_annotation
phase,tool_seg,05_2_0004,listed_but_zero_annotation
phase,tool_seg,05_2_0013,listed_but_zero_annotation
phase,tool_seg,05_2_0014,listed_but_zero_annotation
phase,tool_seg,05_2_0015,listed_but_zero_annotation
phase,tool_seg,05_2_0016,listed_but_zero_annotation
phase,tool_seg,05_2_0028,listed_but_zero_annotation
phase,tool_seg,05_2_0032,listed_but_zero_annotation
phase,tool_seg,05_2_0036,listed_but_zero_annotation
phase,tool_seg,05_2_0043,not_in_hts_universe
phase,tool_seg,05_2_0045,listed_but_zero_annotation
phase,tool_seg,05_2_0046,not_in_hts_universe
phase,tool_seg,05_2_0048,listed_but_zero_annotation
phase,tool_seg,05_2_0049,listed_but_zero_annotation
phase,tool_seg,05_2_0050,listed_but_zero_annotation
phase,tool_seg,05_2_0051,listed_but_zero_annotation
phase,tool_seg,05_2_0052,listed_but_zero_annotation
phase,tool_seg,05_2_0053,listed_but_zero_annotation
phase,tool_seg,05_2_0054,listed_but_zero_annotation
phase,tool_seg,05_2_0055,listed_but_zero_annotation
phase,tool_seg,05_2_0057,listed_but_zero_annotation
phase,tool_seg,05_2_0058,listed_but_zero_annotation
phase,tool_seg,05_2_0059,listed_but_zero_annotation
phase,tool_seg,05_2_0060,listed_but_zero_annotation
phase,tool_seg,05_2_0061,listed_but_zero_annotation
phase,tool_seg,05_2_0062,listed_but_zero_annotation
phase,tool_seg,05_2_0063,listed_but_zero_annotation
phase,tool_seg,05_2_0064,listed_but_zero_annotation
phase,tool_seg,05_2_0065,listed_but_zero_annotation
phase,tool_seg,05_2_0066,listed_but_zero_annotation
phase,tool_seg,05_2_0070,listed_but_zero_annotation
phase,tool_seg,05_2_0071,listed_but_zero_annotation
phase,tool_seg,05_2_0072,listed_but_zero_annotation
phase,tool_seg,05_2_0073,listed_but_zero_annotation
phase,tool_seg,05_2_0074,listed_but_zero_annotation
phase,tool_seg,05_2_0075,listed_but_zero_annotation
phase,tool_seg,05_2_0076,listed_but_zero_annotation
phase,tool_seg,05_2_0077,listed_but_zero_annotation
phase,tool_seg,05_2_0078,listed_but_zero_annotation
phase,tool_seg,05_2_0079,listed_but_zero_annotation
phase,tool_seg,05_2_0080,listed_but_zero_annotation
phase,tool_seg,05_2_0081,listed_but_zero_annotation
phase,tool_seg,05_2_0082,listed_but_zero_annotation
phase,tool_seg,05_2_0083,listed_but_zero_annotation
phase,tool_seg,05_2_0084,not_in_hts_universe
phase,tool_seg,05_2_0085,not_in_hts_universe
phase,tool_seg,05_2_0148,listed_but_zero_annotation
phase,tool_seg,05_2_0161,listed_but_zero_annotation
phase,tool_seg,05_2_0163,listed_but_zero_annotation
phase,tool_seg,05_2_0164,not_in_hts_universe
phase,tool_seg,05_2_0165,listed_but_zero_annotation
phase,tool_seg,05_2_0173,not_in_hts_universe
phase,tool_seg,05_2_0174,not_in_hts_universe
phase,tool_seg,05_2_0175,not_in_hts_universe
phase,tool_seg,05_2_0176,listed_but_zero_annotation
phase,tool_seg,05_2_0177,listed_but_zero_annotation
phase,tool_seg,05_2_0178,not_in_hts_universe
phase,tool_seg,05_2_0179,not_in_hts_universe
phase,tool_seg,05_2_0180,not_in_hts_universe
phase,tool_seg,05_2_0181,listed_but_zero_annotation
phase,tool_seg,05_2_0182,listed_but_zero_annotation
phase,tool_seg,05_2_0183,listed_but_zero_annotation
phase,tool_seg,05_2_0184,listed_but_zero_annotation
phase,tool_seg,05_2_0185,listed_but_zero_annotation
phase,tool_seg,05_2_0186,listed_but_zero_annotation
phase,tool_seg,05_2_0187,listed_but_zero_annotation
phase,tool_seg,05_2_0188,listed_but_zero_annotation
phase,tool_seg,05_2_0189,listed_but_zero_annotation
phase,tool_seg,05_2_0190,not_in_hts_universe
phase,tool_seg,05_2_0191,listed_but_zero_annotation
phase,tool_seg,05_2_0192,listed_but_zero_annotation
phase,tool_seg,05_2_0193,not_in_hts_universe
phase,tool_seg,05_2_0206,listed_but_zero_annotation
phase,tool_seg,05_2_0221,not_in_hts_universe
phase,tool_seg,05_2_0222,listed_but_zero_annotation
phase,tool_seg,05_2_0223,listed_but_zero_annotation
phase,tool_seg,05_2_0224,listed_but_zero_annotation
phase,tool_seg,05_2_0225,listed_but_zero_annotation
phase,tool_seg,05_2_0226,listed_but_zero_annotation
phase,tool_seg,05_2_0227,listed_but_zero_annotation
phase,tool_seg,05_2_0228,listed_but_zero_annotation
phase,tool_seg,05_2_0229,listed_but_zero_annotation
phase,tool_seg,05_2_0230,listed_but_zero_annotation
phase,tool_seg,05_2_0231,listed_but_zero_annotation
phase,tool_seg,05_2_0232,not_in_hts_universe
phase,tool_seg,05_2_0241,listed_but_zero_annotation
phase,tool_seg,06_1_0001,listed_but_zero_annotation
phase,tool_seg,06_1_0002,listed_but_zero_annotation
phase,tool_seg,06_1_0003,listed_but_zero_annotation
phase,tool_seg,06_1_0004,listed_but_zero_annotation
phase,tool_seg,06_1_0005,listed_but_zero_annotation
phase,tool_seg,06_1_0006,listed_but_zero_annotation
phase,tool_seg,06_1_0007,listed_but_zero_annotation
phase,tool_seg,06_1_0008,listed_but_zero_annotation
phase,tool_seg,06_1_0009,listed_but_zero_annotation
phase,tool_seg,06_1_0010,listed_but_zero_annotation
phase,tool_seg,06_1_0011,listed_but_zero_annotation
phase,tool_seg,06_1_0239,not_in_hts_universe
phase,tool_seg,06_1_0248,not_in_hts_universe
phase,tool_seg,06_1_0255,listed_but_zero_annotation
phase,tool_seg,06_1_0258,not_in_hts_universe
phase,tool_seg,06_1_0262,not_in_hts_universe
phase,tool_seg,06_1_0303,listed_but_zero_annotation
phase,tool_seg,06_1_0358,listed_but_zero_annotation
phase,tool_seg,06_1_0383,not_in_hts_universe
phase,tool_seg,06_1_0419,not_in_hts_universe
phase,tool_seg,06_1_0427,not_in_hts_universe
phase,tool_seg,06_1_0436,listed_but_zero_annotation
phase,tool_seg,06_1_0459,not_in_hts_universe
phase,tool_seg,06_1_0491,not_in_hts_universe
phase,tool_seg,06_1_0497,not_in_hts_universe
phase,tool_seg,06_1_0559,not_in_hts_universe
phase,tool_seg,06_1_0686,not_in_hts_universe
phase,tool_seg,06_1_0740,not_in_hts_universe
phase,tool_seg,06_1_0772,not_in_hts_universe
phase,tool_seg,06_1_0830,not_in_hts_universe
phase,tool_seg,06_1_0837,not_in_hts_universe
phase,tool_seg,06_1_0874,not_in_hts_universe
phase,tool_seg,06_1_0885,not_in_hts_universe
phase,tool_seg,06_1_0897,not_in_hts_universe
phase,tool_seg,06_1_0901,not_in_hts_universe
phase,tool_seg,06_1_0935,not_in_hts_universe
phase,tool_seg,06_1_0979,not_in_hts_universe
phase,tool_seg,06_1_0980,listed_but_zero_annotation
phase,tool_seg,06_1_1000,listed_but_zero_annotation
phase,tool_seg,06_1_1001,not_in_hts_universe
phase,tool_seg,06_1_1002,not_in_hts_universe
phase,tool_seg,06_1_1003,not_in_hts_universe
phase,tool_seg,06_1_1004,not_in_hts_universe
phase,tool_seg,06_1_1026,not_in_hts_universe
phase,tool_seg,06_1_1055,not_in_hts_universe
phase,tool_seg,06_1_1064,not_in_hts_universe
phase,tool_seg,06_1_1126,not_in_hts_universe
phase,tool_seg,06_1_1143,not_in_hts_universe
phase,tool_seg,06_1_1183,not_in_hts_universe
phase,tool_seg,06_1_1186,not_in_hts_universe
phase,tool_seg,06_1_1224,not_in_hts_universe
phase,tool_seg,06_1_1227,not_in_hts_universe
phase,tool_seg,06_1_1228,not_in_hts_universe
phase,tool_seg,06_1_1230,not_in_hts_universe
phase,tool_seg,06_1_1231,not_in_hts_universe
phase,tool_seg,06_1_1239,not_in_hts_universe
phase,tool_seg,06_1_1257,not_in_hts_universe
phase,tool_seg,06_1_1258,not_in_hts_universe
phase,tool_seg,06_1_1284,not_in_hts_universe
phase,tool_seg,06_1_1285,not_in_hts_universe
phase,tool_seg,06_1_1286,not_in_hts_universe
phase,tool_seg,06_1_1339,not_in_hts_universe
phase,tool_seg,06_1_1340,not_in_hts_universe
phase,tool_seg,06_1_1341,not_in_hts_universe
phase,tool_seg,06_1_1342,not_in_hts_universe
phase,tool_seg,06_1_1369,not_in_hts_universe
phase,tool_seg,06_1_1370,not_in_hts_universe
phase,tool_seg,06_1_1371,not_in_hts_universe
phase,tool_seg,06_2_0290,not_in_hts_universe
phase,tool_seg,06_2_0299,listed_but_zero_annotation
phase,tool_seg,06_2_0307,listed_but_zero_annotation
phase,tool_seg,06_2_0331,listed_but_zero_annotation
phase,tool_seg,06_2_0335,not_in_hts_universe
phase,tool_seg,06_2_0346,listed_but_zero_annotation
phase,tool_seg,06_2_0355,listed_but_zero_annotation
phase,tool_seg,06_2_0385,listed_but_zero_annotation
phase,tool_seg,06_2_0386,listed_but_zero_annotation
phase,tool_seg,06_2_0436,not_in_hts_universe
phase,tool_seg,06_2_0440,not_in_hts_universe
phase,tool_seg,06_2_0459,not_in_hts_universe
phase,tool_seg,06_2_0481,not_in_hts_universe
phase,tool_seg,06_2_0490,not_in_hts_universe
phase,tool_seg,06_2_0491,not_in_hts_universe
phase,tool_seg,06_2_0513,listed_but_zero_annotation
phase,tool_seg,06_2_0536,not_in_hts_universe
phase,tool_seg,06_2_0537,not_in_hts_universe
phase,tool_seg,06_2_0590,not_in_hts_universe
phase,tool_seg,06_2_0603,not_in_hts_universe
phase,tool_seg,06_2_0635,not_in_hts_universe
phase,tool_seg,06_2_0636,not_in_hts_universe
phase,tool_seg,06_2_0664,not_in_hts_universe
phase,tool_seg,06_2_0673,not_in_hts_universe
phase,tool_seg,06_2_0715,listed_but_zero_annotation
phase,tool_seg,06_2_0741,not_in_hts_universe
phase,tool_seg,07_1_0014,not_in_hts_universe
phase,tool_seg,07_1_0015,not_in_hts_universe
phase,tool_seg,07_1_0016,not_in_hts_universe
phase,tool_seg,07_1_0017,not_in_hts_universe
phase,tool_seg,07_1_0018,not_in_hts_universe
phase,tool_seg,07_1_0019,not_in_hts_universe
phase,tool_seg,07_1_0020,not_in_hts_universe
phase,tool_seg,07_1_0021,not_in_hts_universe
phase,tool_seg,07_1_0022,not_in_hts_universe
phase,tool_seg,07_1_0023,not_in_hts_universe
phase,tool_seg,07_1_0024,not_in_hts_universe
phase,tool_seg,07_1_0025,not_in_hts_universe
phase,tool_seg,07_1_0026,not_in_hts_universe
phase,tool_seg,07_1_0027,not_in_hts_universe
phase,tool_seg,07_1_0028,not_in_hts_universe
phase,tool_seg,07_1_0029,not_in_hts_universe
phase,tool_seg,07_1_0030,not_in_hts_universe
phase,tool_seg,07_1_0031,not_in_hts_universe
phase,tool_seg,07_1_0032,not_in_hts_universe
phase,tool_seg,07_1_0368,not_in_hts_universe
phase,tool_seg,07_1_0369,not_in_hts_universe
phase,tool_seg,07_1_0370,not_in_hts_universe
phase,tool_seg,07_1_0371,not_in_hts_universe
phase,tool_seg,07_1_0372,not_in_hts_universe
phase,tool_seg,07_1_0373,not_in_hts_universe
phase,tool_seg,07_1_0374,not_in_hts_universe
phase,tool_seg,07_1_0375,not_in_hts_universe
phase,tool_seg,07_1_0376,not_in_hts_universe
phase,tool_seg,07_1_0377,not_in_hts_universe
phase,tool_seg,07_1_0378,not_in_hts_universe
phase,tool_seg,07_1_0379,not_in_hts_universe
phase,tool_seg,07_1_0380,not_in_hts_universe
phase,tool_seg,07_1_0381,not_in_hts_universe
phase,tool_seg,07_1_0382,not_in_hts_universe
phase,tool_seg,07_1_0383,not_in_hts_universe
phase,tool_seg,07_1_0384,not_in_hts_universe
phase,tool_seg,07_1_0385,not_in_hts_universe
phase,tool_seg,07_1_0386,not_in_hts_universe
phase,tool_seg,07_1_0387,not_in_hts_universe
phase,tool_seg,07_1_0388,not_in_hts_universe
phase,tool_seg,07_1_0389,not_in_hts_universe
phase,tool_seg,07_1_0390,not_in_hts_universe
phase,tool_seg,07_1_0391,not_in_hts_universe
phase,tool_seg,07_1_0392,not_in_hts_universe
phase,tool_seg,07_1_0393,not_in_hts_universe
phase,tool_seg,07_1_0394,not_in_hts_universe
phase,tool_seg,07_1_0395,not_in_hts_universe
phase,tool_seg,07_1_0396,not_in_hts_universe
phase,tool_seg,07_1_0397,not_in_hts_universe
phase,tool_seg,07_1_0398,not_in_hts_universe
phase,tool_seg,07_1_0399,not_in_hts_universe
phase,tool_seg,07_1_0400,not_in_hts_universe
phase,tool_seg,07_1_0401,not_in_hts_universe
phase,tool_seg,07_1_0402,not_in_hts_universe
phase,tool_seg,07_1_0403,not_in_hts_universe
phase,tool_seg,07_1_0404,not_in_hts_universe
phase,tool_seg,07_1_0405,not_in_hts_universe
phase,tool_seg,07_1_0406,not_in_hts_universe
phase,tool_seg,07_1_0407,not_in_hts_universe
phase,tool_seg,07_1_0408,not_in_hts_universe
phase,tool_seg,07_1_0786,not_in_hts_universe
phase,tool_seg,07_1_0810,not_in_hts_universe
phase,tool_seg,07_1_0811,not_in_hts_universe
phase,tool_seg,07_1_0812,not_in_hts_universe
phase,tool_seg,07_1_0813,not_in_hts_universe
phase,tool_seg,07_1_0814,not_in_hts_universe
phase,tool_seg,07_1_0815,not_in_hts_universe
phase,tool_seg,07_1_0816,not_in_hts_universe
phase,tool_seg,07_1_0817,not_in_hts_universe
phase,tool_seg,07_1_0818,not_in_hts_universe
phase,tool_seg,07_1_0819,not_in_hts_universe
phase,tool_seg,07_1_0820,not_in_hts_universe
phase,tool_seg,07_1_1015,not_in_hts_universe
phase,tool_seg,07_1_1065,not_in_hts_universe
phase,tool_seg,07_1_1241,not_in_hts_universe
phase,tool_seg,07_1_1281,listed_but_zero_annotation
phase,tool_seg,07_1_1629,listed_but_zero_annotation
phase,tool_seg,07_1_1632,listed_but_zero_annotation
phase,tool_seg,07_1_1633,listed_but_zero_annotation
phase,tool_seg,07_1_1675,listed_but_zero_annotation
phase,tool_seg,07_1_1676,listed_but_zero_annotation
phase,tool_seg,07_1_1687,listed_but_zero_annotation
phase,tool_seg,07_1_1688,listed_but_zero_annotation
phase,tool_seg,07_2_0279,listed_but_zero_annotation
phase,tool_seg,07_2_0283,not_in_hts_universe
phase,tool_seg,07_2_0335,listed_but_zero_annotation
phase,tool_seg,07_2_0338,listed_but_zero_annotation
phase,tool_seg,07_2_0346,listed_but_zero_annotation
phase,tool_seg,07_2_0354,listed_but_zero_annotation
phase,tool_seg,07_2_0355,not_in_hts_universe
phase,tool_seg,07_2_0360,listed_but_zero_annotation
phase,tool_seg,07_2_0361,listed_but_zero_annotation
phase,tool_seg,07_2_0365,listed_but_zero_annotation
phase,tool_seg,07_2_0374,listed_but_zero_annotation
phase,tool_seg,07_2_0383,listed_but_zero_annotation
phase,tool_seg,07_2_0389,listed_but_zero_annotation
phase,tool_seg,07_2_0393,listed_but_zero_annotation
phase,tool_seg,07_2_0425,listed_but_zero_annotation
phase,tool_seg,07_2_0426,listed_but_zero_annotation
phase,tool_seg,07_2_0427,listed_but_zero_annotation
phase,tool_seg,07_2_0428,listed_but_zero_annotation
phase,tool_seg,07_2_0429,listed_but_zero_annotation
phase,tool_seg,07_2_0440,listed_but_zero_annotation
phase,tool_seg,08_1_0159,not_in_hts_universe
phase,tool_seg,08_1_0163,not_in_hts_universe
phase,tool_seg,08_1_0167,listed_but_zero_annotation
phase,tool_seg,08_1_0180,not_in_hts_universe
phase,tool_seg,08_1_0221,listed_but_zero_annotation
phase,tool_seg,08_1_0222,listed_but_zero_annotation
phase,tool_seg,08_1_0226,listed_but_zero_annotation
phase,tool_seg,08_1_0230,listed_but_zero_annotation
phase,tool_seg,08_1_0231,listed_but_zero_annotation
phase,tool_seg,08_1_0232,listed_but_zero_annotation
phase,tool_seg,08_1_0234,not_in_hts_universe
phase,tool_seg,08_1_0235,not_in_hts_universe
phase,tool_seg,08_1_0236,not_in_hts_universe
phase,tool_seg,08_1_0240,not_in_hts_universe
phase,tool_seg,08_1_0241,not_in_hts_universe
phase,tool_seg,08_1_0248,not_in_hts_universe
phase,tool_seg,08_1_0250,not_in_hts_universe
phase,tool_seg,08_1_0254,not_in_hts_universe
phase,tool_seg,08_1_0255,not_in_hts_universe
phase,tool_seg,08_1_0317,not_in_hts_universe
phase,tool_seg,08_1_0330,not_in_hts_universe
phase,tool_seg,08_1_0331,listed_but_zero_annotation
phase,tool_seg,08_1_0377,listed_but_zero_annotation
phase,tool_seg,08_1_0378,listed_but_zero_annotation
phase,tool_seg,08_1_0379,listed_but_zero_annotation
phase,tool_seg,08_1_0380,listed_but_zero_annotation
phase,tool_seg,08_1_0381,listed_but_zero_annotation
phase,tool_seg,08_1_0391,listed_but_zero_annotation
phase,tool_seg,08_1_0392,not_in_hts_universe
phase,tool_seg,08_1_0427,not_in_hts_universe
phase,tool_seg,08_1_0441,not_in_hts_universe
phase,tool_seg,08_1_0449,not_in_hts_universe
phase,tool_seg,08_1_0454,not_in_hts_universe
phase,tool_seg,08_1_0468,not_in_hts_universe
phase,tool_seg,08_1_0486,not_in_hts_universe
phase,tool_seg,08_1_0511,not_in_hts_universe
phase,tool_seg,08_1_0521,not_in_hts_universe
phase,tool_seg,08_1_0538,not_in_hts_universe
phase,tool_seg,08_1_0569,not_in_hts_universe
phase,tool_seg,08_1_0570,not_in_hts_universe
phase,tool_seg,08_1_0571,not_in_hts_universe
phase,tool_seg,08_1_0572,not_in_hts_universe
phase,tool_seg,08_1_0594,not_in_hts_universe
phase,tool_seg,08_1_0609,listed_but_zero_annotation
phase,tool_seg,08_1_0622,not_in_hts_universe
phase,tool_seg,08_1_0645,not_in_hts_universe
phase,tool_seg,08_1_0646,not_in_hts_universe
phase,tool_seg,08_1_0647,not_in_hts_universe
phase,tool_seg,08_1_0649,listed_but_zero_annotation
phase,tool_seg,08_1_0654,listed_but_zero_annotation
phase,tool_seg,08_1_0655,listed_but_zero_annotation
phase,tool_seg,08_1_0675,not_in_hts_universe
phase,tool_seg,08_1_0686,not_in_hts_universe
phase,tool_seg,08_1_0687,listed_but_zero_annotation
phase,tool_seg,08_1_0696,not_in_hts_universe
phase,tool_seg,08_1_0697,not_in_hts_universe
phase,tool_seg,08_1_0699,listed_but_zero_annotation
phase,tool_seg,08_1_0702,listed_but_zero_annotation
phase,tool_seg,08_1_0703,listed_but_zero_annotation
phase,tool_seg,08_1_0704,listed_but_zero_annotation
phase,tool_seg,08_1_0711,listed_but_zero_annotation
phase,tool_seg,08_1_0716,not_in_hts_universe
phase,tool_seg,08_1_0719,not_in_hts_universe
phase,tool_seg,08_1_0720,not_in_hts_universe
phase,tool_seg,08_1_0725,not_in_hts_universe
phase,tool_seg,08_1_0726,not_in_hts_universe
phase,tool_seg,08_1_0740,not_in_hts_universe
phase,tool_seg,08_1_0741,not_in_hts_universe
phase,tool_seg,08_1_0768,not_in_hts_universe
phase,tool_seg,08_1_0786,not_in_hts_universe
phase,tool_seg,08_1_0788,listed_but_zero_annotation
phase,tool_seg,08_1_0793,listed_but_zero_annotation
phase,tool_seg,08_1_0822,not_in_hts_universe
phase,tool_seg,08_1_0831,not_in_hts_universe
phase,tool_seg,08_1_0843,not_in_hts_universe
phase,tool_seg,08_1_0847,not_in_hts_universe
phase,tool_seg,08_1_0848,listed_but_zero_annotation
phase,tool_seg,08_1_0853,not_in_hts_universe
phase,tool_seg,08_1_0869,not_in_hts_universe
phase,tool_seg,08_1_0870,not_in_hts_universe
phase,tool_seg,08_1_0871,not_in_hts_universe
phase,tool_seg,08_1_0879,not_in_hts_universe
phase,tool_seg,08_1_0986,not_in_hts_universe
phase,tool_seg,08_1_1004,not_in_hts_universe
phase,tool_seg,08_1_1005,not_in_hts_universe
phase,tool_seg,08_1_1006,not_in_hts_universe
phase,tool_seg,08_1_1018,not_in_hts_universe
phase,tool_seg,08_1_1031,not_in_hts_universe
phase,tool_seg,08_1_1039,not_in_hts_universe
phase,tool_seg,08_1_1056,not_in_hts_universe
phase,tool_seg,08_1_1057,not_in_hts_universe
phase,tool_seg,08_1_1058,not_in_hts_universe
phase,tool_seg,08_1_1069,listed_but_zero_annotation
phase,tool_seg,08_1_1072,not_in_hts_universe
phase,tool_seg,08_1_1085,not_in_hts_universe
phase,tool_seg,08_1_1127,not_in_hts_universe
phase,tool_seg,08_1_1129,not_in_hts_universe
phase,tool_seg,08_1_1134,not_in_hts_universe
phase,tool_seg,08_1_1139,not_in_hts_universe
phase,tool_seg,08_1_1141,not_in_hts_universe
phase,tool_seg,08_1_1150,not_in_hts_universe
phase,tool_seg,08_1_1166,listed_but_zero_annotation
phase,tool_seg,08_1_1172,listed_but_zero_annotation
phase,tool_seg,08_1_1173,not_in_hts_universe
phase,tool_seg,08_1_1176,not_in_hts_universe
phase,tool_seg,08_1_1177,not_in_hts_universe
phase,tool_seg,08_1_1180,not_in_hts_universe
phase,tool_seg,08_1_1189,not_in_hts_universe
phase,tool_seg,08_1_1202,not_in_hts_universe
phase,tool_seg,08_1_1212,not_in_hts_universe
phase,tool_seg,08_1_1222,not_in_hts_universe
phase,tool_seg,08_1_1240,not_in_hts_universe
phase,tool_seg,08_1_1256,not_in_hts_universe
phase,tool_seg,08_1_1270,not_in_hts_universe
phase,tool_seg,08_1_1277,not_in_hts_universe
phase,tool_seg,08_1_1297,not_in_hts_universe
phase,tool_seg,08_1_1301,not_in_hts_universe
phase,tool_seg,08_1_1307,not_in_hts_universe
phase,tool_seg,08_1_1308,not_in_hts_universe
phase,tool_seg,08_1_1310,listed_but_zero_annotation
phase,tool_seg,08_1_1316,not_in_hts_universe
phase,tool_seg,08_1_1323,not_in_hts_universe
phase,tool_seg,08_1_1324,not_in_hts_universe
phase,tool_seg,08_1_1325,not_in_hts_universe
phase,tool_seg,08_1_1327,not_in_hts_universe
phase,tool_seg,08_1_1344,not_in_hts_universe
phase,tool_seg,08_1_1350,not_in_hts_universe
phase,tool_seg,08_1_1351,not_in_hts_universe
phase,tool_seg,08_1_1366,not_in_hts_universe
phase,tool_seg,08_1_1367,not_in_hts_universe
phase,tool_seg,08_1_1374,not_in_hts_universe
phase,tool_seg,08_1_1383,listed_but_zero_annotation
phase,tool_seg,08_1_1384,not_in_hts_universe
phase,tool_seg,08_1_1389,not_in_hts_universe
phase,tool_seg,08_1_1392,not_in_hts_universe
phase,tool_seg,08_1_1393,listed_but_zero_annotation
phase,tool_seg,08_1_1394,listed_but_zero_annotation
phase,tool_seg,08_1_1395,listed_but_zero_annotation
phase,tool_seg,08_1_1396,not_in_hts_universe
phase,tool_seg,08_1_1402,not_in_hts_universe
phase,tool_seg,08_1_1406,not_in_hts_universe
phase,tool_seg,08_1_1407,not_in_hts_universe
phase,tool_seg,08_1_1408,not_in_hts_universe
phase,tool_seg,08_1_1409,not_in_hts_universe
phase,tool_seg,08_1_1410,not_in_hts_universe
phase,tool_seg,08_1_1411,not_in_hts_universe
phase,tool_seg,08_1_1412,not_in_hts_universe
phase,tool_seg,08_1_1413,not_in_hts_universe
phase,tool_seg,08_1_1414,not_in_hts_universe
phase,tool_seg,08_1_1425,not_in_hts_universe
phase,tool_seg,08_1_1431,not_in_hts_universe
phase,tool_seg,08_1_1433,not_in_hts_universe
phase,tool_seg,08_1_1434,not_in_hts_universe
phase,tool_seg,08_1_1455,not_in_hts_universe
phase,tool_seg,08_1_1469,not_in_hts_universe
phase,tool_seg,08_1_1472,listed_but_zero_annotation
phase,tool_seg,08_1_1483,not_in_hts_universe
phase,tool_seg,08_1_1493,listed_but_zero_annotation
phase,tool_seg,08_1_1494,listed_but_zero_annotation
phase,tool_seg,08_1_1495,listed_but_zero_annotation
phase,tool_seg,08_1_1500,listed_but_zero_annotation
phase,tool_seg,08_1_1506,not_in_hts_universe
phase,tool_seg,08_1_1508,not_in_hts_universe
phase,tool_seg,08_1_1513,not_in_hts_universe
phase,tool_seg,08_1_1515,listed_but_zero_annotation
phase,tool_seg,08_1_1516,not_in_hts_universe
phase,tool_seg,08_1_1517,not_in_hts_universe
phase,tool_seg,08_1_1518,not_in_hts_universe
phase,tool_seg,08_1_1529,not_in_hts_universe
phase,tool_seg,08_1_1532,not_in_hts_universe
phase,tool_seg,08_1_1537,not_in_hts_universe
phase,tool_seg,08_1_1544,not_in_hts_universe
phase,tool_seg,08_1_1553,not_in_hts_universe
phase,tool_seg,08_1_1560,not_in_hts_universe
phase,tool_seg,08_1_1561,listed_but_zero_annotation
phase,tool_seg,08_1_1562,listed_but_zero_annotation
phase,tool_seg,08_1_1564,listed_but_zero_annotation
phase,tool_seg,08_1_1566,not_in_hts_universe
phase,tool_seg,08_1_1577,not_in_hts_universe
phase,tool_seg,08_1_1578,not_in_hts_universe
phase,tool_seg,08_1_1579,not_in_hts_universe
phase,tool_seg,08_1_1580,listed_but_zero_annotation
phase,tool_seg,08_1_1583,listed_but_zero_annotation
phase,tool_seg,08_1_1586,not_in_hts_universe
phase,tool_seg,08_1_1587,not_in_hts_universe
phase,tool_seg,08_1_1588,not_in_hts_universe
phase,tool_seg,08_1_1589,not_in_hts_universe
phase,tool_seg,08_1_1590,not_in_hts_universe
phase,tool_seg,08_1_1591,not_in_hts_universe
phase,tool_seg,08_1_1606,not_in_hts_universe
phase,tool_seg,08_1_1626,listed_but_zero_annotation
phase,tool_seg,08_1_1641,listed_but_zero_annotation
phase,tool_seg,08_1_1646,not_in_hts_universe
phase,tool_seg,08_1_1653,not_in_hts_universe
phase,tool_seg,08_1_1659,not_in_hts_universe
phase,tool_seg,08_1_1662,not_in_hts_universe
phase,tool_seg,08_1_1663,not_in_hts_universe
phase,tool_seg,08_2_0204,not_in_hts_universe
phase,tool_seg,08_2_0205,not_in_hts_universe
phase,tool_seg,08_2_0206,listed_but_zero_annotation
phase,tool_seg,08_2_0225,listed_but_zero_annotation
phase,tool_seg,08_2_0237,not_in_hts_universe
phase,tool_seg,08_2_0239,not_in_hts_universe
phase,tool_seg,08_2_0241,not_in_hts_universe
phase,tool_seg,08_2_0254,listed_but_zero_annotation
phase,tool_seg,08_2_0255,not_in_hts_universe
phase,tool_seg,08_2_0280,not_in_hts_universe
phase,tool_seg,08_2_0283,listed_but_zero_annotation
phase,tool_seg,08_2_0291,listed_but_zero_annotation
phase,tool_seg,08_2_0296,listed_but_zero_annotation
phase,tool_seg,08_2_0308,not_in_hts_universe
phase,tool_seg,08_2_0309,not_in_hts_universe
phase,tool_seg,08_2_0314,not_in_hts_universe
phase,tool_seg,08_2_0315,not_in_hts_universe
phase,tool_seg,08_2_0319,not_in_hts_universe
phase,tool_seg,08_2_0330,not_in_hts_universe
phase,tool_seg,08_2_0339,not_in_hts_universe
phase,tool_seg,08_2_0340,listed_but_zero_annotation
phase,tool_seg,08_2_0349,listed_but_zero_annotation
phase,tool_seg,08_2_0350,listed_but_zero_annotation
phase,tool_seg,08_2_0351,listed_but_zero_annotation
phase,tool_seg,08_2_0362,listed_but_zero_annotation
phase,tool_seg,08_2_0365,not_in_hts_universe
phase,tool_seg,08_2_0366,not_in_hts_universe
phase,tool_seg,08_2_0367,not_in_hts_universe
phase,tool_seg,08_2_0380,listed_but_zero_annotation
phase,tool_seg,08_2_0402,not_in_hts_universe
phase,tool_seg,08_2_0408,not_in_hts_universe
phase,tool_seg,08_2_0409,not_in_hts_universe
phase,tool_seg,08_2_0415,not_in_hts_universe
phase,tool_seg,08_2_0417,not_in_hts_universe
phase,tool_seg,08_2_0418,listed_but_zero_annotation
phase,tool_seg,08_2_0421,not_in_hts_universe
phase,tool_seg,08_2_0422,listed_but_zero_annotation
phase,tool_seg,08_2_0427,not_in_hts_universe
phase,tool_seg,08_2_0433,not_in_hts_universe
phase,tool_seg,08_2_0434,not_in_hts_universe
phase,tool_seg,08_2_0435,not_in_hts_universe
phase,tool_seg,08_2_0436,not_in_hts_universe
phase,tool_seg,08_2_0437,not_in_hts_universe
phase,tool_seg,08_2_0438,not_in_hts_universe
phase,tool_seg,08_2_0447,not_in_hts_universe
phase,tool_seg,08_2_0456,not_in_hts_universe
phase,tool_seg,08_2_0463,not_in_hts_universe
phase,tool_seg,08_2_0464,not_in_hts_universe
phase,tool_seg,08_2_0488,not_in_hts_universe
phase,tool_seg,08_2_0489,not_in_hts_universe
phase,tool_seg,08_2_0490,not_in_hts_universe
phase,tool_seg,08_2_0492,not_in_hts_universe
phase,tool_seg,08_2_0494,listed_but_zero_annotation
phase,tool_seg,08_2_0495,listed_but_zero_annotation
phase,tool_seg,08_2_0496,listed_but_zero_annotation
phase,tool_seg,08_2_0499,listed_but_zero_annotation
phase,tool_seg,08_2_0509,not_in_hts_universe
phase,tool_seg,08_2_0510,not_in_hts_universe
phase,tool_seg,08_2_0532,not_in_hts_universe
phase,tool_seg,08_2_0575,not_in_hts_universe
phase,tool_seg,09_1_0169,not_in_hts_universe
phase,tool_seg,09_1_0170,not_in_hts_universe
phase,tool_seg,09_1_0171,not_in_hts_universe
phase,tool_seg,09_1_0172,not_in_hts_universe
phase,tool_seg,09_1_0173,not_in_hts_universe
phase,tool_seg,09_1_0174,not_in_hts_universe
phase,tool_seg,09_1_0175,not_in_hts_universe
phase,tool_seg,09_1_0176,not_in_hts_universe
phase,tool_seg,09_1_0177,not_in_hts_universe
phase,tool_seg,09_1_0178,not_in_hts_universe
phase,tool_seg,09_1_0179,not_in_hts_universe
phase,tool_seg,09_1_0180,not_in_hts_universe
phase,tool_seg,09_1_0181,not_in_hts_universe
phase,tool_seg,09_1_0182,not_in_hts_universe
phase,tool_seg,09_1_0185,not_in_hts_universe
phase,tool_seg,09_1_0186,not_in_hts_universe
phase,tool_seg,09_1_0187,not_in_hts_universe
phase,tool_seg,09_1_0188,not_in_hts_universe
phase,tool_seg,09_1_0224,not_in_hts_universe
phase,tool_seg,09_1_0230,not_in_hts_universe
phase,tool_seg,09_1_0254,not_in_hts_universe
phase,tool_seg,09_1_0262,not_in_hts_universe
phase,tool_seg,09_1_0266,not_in_hts_universe
phase,tool_seg,09_1_0271,not_in_hts_universe
phase,tool_seg,09_1_0280,not_in_hts_universe
phase,tool_seg,09_1_0284,not_in_hts_universe
phase,tool_seg,09_1_0288,not_in_hts_universe
phase,tool_seg,09_1_0289,not_in_hts_universe
phase,tool_seg,09_1_0295,not_in_hts_universe
phase,tool_seg,09_1_0301,not_in_hts_universe
phase,tool_seg,09_1_0304,not_in_hts_universe
phase,tool_seg,09_1_0305,not_in_hts_universe
phase,tool_seg,09_1_0307,not_in_hts_universe
phase,tool_seg,09_1_0309,not_in_hts_universe
phase,tool_seg,09_1_0380,not_in_hts_universe
phase,tool_seg,09_1_0418,not_in_hts_universe
phase,tool_seg,09_1_0419,not_in_hts_universe
phase,tool_seg,09_1_0420,not_in_hts_universe
phase,tool_seg,09_1_0421,not_in_hts_universe
phase,tool_seg,09_1_0422,not_in_hts_universe
phase,tool_seg,09_1_0423,not_in_hts_universe
phase,tool_seg,09_1_0425,not_in_hts_universe
phase,tool_seg,09_1_0426,not_in_hts_universe
phase,tool_seg,09_1_0427,not_in_hts_universe
phase,tool_seg,09_1_0428,not_in_hts_universe
phase,tool_seg,09_1_0429,not_in_hts_universe
phase,tool_seg,09_1_0430,not_in_hts_universe
phase,tool_seg,09_1_0431,not_in_hts_universe
phase,tool_seg,09_1_0432,not_in_hts_universe
phase,tool_seg,09_1_0441,not_in_hts_universe
phase,tool_seg,09_1_0467,not_in_hts_universe
phase,tool_seg,09_1_0475,not_in_hts_universe
phase,tool_seg,09_1_0479,not_in_hts_universe
phase,tool_seg,09_1_0483,not_in_hts_universe
phase,tool_seg,09_1_0487,not_in_hts_universe
phase,tool_seg,09_1_0489,not_in_hts_universe
phase,tool_seg,09_1_0494,not_in_hts_universe
phase,tool_seg,09_1_0503,not_in_hts_universe
phase,tool_seg,09_1_0506,not_in_hts_universe
phase,tool_seg,09_1_0516,not_in_hts_universe
phase,tool_seg,09_1_0525,not_in_hts_universe
phase,tool_seg,09_1_0528,not_in_hts_universe
phase,tool_seg,09_1_0529,not_in_hts_universe
phase,tool_seg,09_1_0533,not_in_hts_universe
phase,tool_seg,09_1_0536,not_in_hts_universe
phase,tool_seg,09_1_0547,not_in_hts_universe
phase,tool_seg,09_1_0552,not_in_hts_universe
phase,tool_seg,09_1_0555,not_in_hts_universe
phase,tool_seg,09_1_0556,not_in_hts_universe
phase,tool_seg,09_1_0558,not_in_hts_universe
phase,tool_seg,09_1_0560,not_in_hts_universe
phase,tool_seg,09_1_0566,not_in_hts_universe
phase,tool_seg,09_1_0569,not_in_hts_universe
phase,tool_seg,09_1_0573,not_in_hts_universe
phase,tool_seg,09_1_0578,not_in_hts_universe
phase,tool_seg,09_1_0584,not_in_hts_universe
phase,tool_seg,09_1_0595,not_in_hts_universe
phase,tool_seg,09_1_0601,not_in_hts_universe
phase,tool_seg,09_1_0610,not_in_hts_universe
phase,tool_seg,09_1_0611,not_in_hts_universe
phase,tool_seg,09_1_0612,not_in_hts_universe
phase,tool_seg,09_1_0621,not_in_hts_universe
phase,tool_seg,09_1_0631,not_in_hts_universe
phase,tool_seg,09_1_0633,not_in_hts_universe
phase,tool_seg,09_1_0641,not_in_hts_universe
phase,tool_seg,09_1_0642,not_in_hts_universe
phase,tool_seg,09_1_0644,not_in_hts_universe
phase,tool_seg,09_1_0651,not_in_hts_universe
phase,tool_seg,09_1_0652,not_in_hts_universe
phase,tool_seg,09_1_0667,not_in_hts_universe
phase,tool_seg,09_1_0668,not_in_hts_universe
phase,tool_seg,09_1_0683,not_in_hts_universe
phase,tool_seg,09_1_0691,not_in_hts_universe
phase,tool_seg,09_1_0704,not_in_hts_universe
phase,tool_seg,09_1_0711,not_in_hts_universe
phase,tool_seg,09_1_0715,not_in_hts_universe
phase,tool_seg,09_1_0719,not_in_hts_universe
phase,tool_seg,09_1_0725,not_in_hts_universe
phase,tool_seg,09_1_0727,not_in_hts_universe
phase,tool_seg,09_1_0728,not_in_hts_universe
phase,tool_seg,09_1_0729,not_in_hts_universe
phase,tool_seg,09_1_0730,not_in_hts_universe
phase,tool_seg,09_1_0734,not_in_hts_universe
phase,tool_seg,09_1_0744,not_in_hts_universe
phase,tool_seg,09_1_0745,not_in_hts_universe
phase,tool_seg,09_1_0750,not_in_hts_universe
phase,tool_seg,09_1_0752,not_in_hts_universe
phase,tool_seg,09_1_0755,not_in_hts_universe
phase,tool_seg,09_1_0760,not_in_hts_universe
phase,tool_seg,09_1_0767,not_in_hts_universe
phase,tool_seg,09_1_0770,not_in_hts_universe
phase,tool_seg,09_1_0771,not_in_hts_universe
phase,tool_seg,09_1_0772,not_in_hts_universe
phase,tool_seg,09_1_0774,not_in_hts_universe
phase,tool_seg,09_1_0776,not_in_hts_universe
phase,tool_seg,09_1_0778,not_in_hts_universe
phase,tool_seg,09_1_0781,not_in_hts_universe
phase,tool_seg,09_1_0782,not_in_hts_universe
phase,tool_seg,09_1_0783,not_in_hts_universe
phase,tool_seg,09_1_0785,not_in_hts_universe
phase,tool_seg,09_1_0786,not_in_hts_universe
phase,tool_seg,09_1_0787,not_in_hts_universe
phase,tool_seg,09_1_0797,not_in_hts_universe
phase,tool_seg,09_1_0799,not_in_hts_universe
phase,tool_seg,09_1_0802,not_in_hts_universe
phase,tool_seg,09_1_0804,not_in_hts_universe
phase,tool_seg,09_1_0807,not_in_hts_universe
phase,tool_seg,09_1_0810,not_in_hts_universe
phase,tool_seg,09_1_0813,not_in_hts_universe
phase,tool_seg,09_1_0815,not_in_hts_universe
phase,tool_seg,09_1_0821,not_in_hts_universe
phase,tool_seg,09_1_0826,not_in_hts_universe
phase,tool_seg,09_1_0830,not_in_hts_universe
phase,tool_seg,09_1_0835,not_in_hts_universe
phase,tool_seg,09_1_0839,not_in_hts_universe
phase,tool_seg,09_1_0843,not_in_hts_universe
phase,tool_seg,09_1_0855,not_in_hts_universe
phase,tool_seg,09_1_0859,not_in_hts_universe
phase,tool_seg,09_1_0864,not_in_hts_universe
phase,tool_seg,09_1_0870,not_in_hts_universe
phase,tool_seg,09_1_0878,not_in_hts_universe
phase,tool_seg,09_1_0885,not_in_hts_universe
phase,tool_seg,09_1_0889,not_in_hts_universe
phase,tool_seg,09_1_0891,not_in_hts_universe
phase,tool_seg,09_1_0893,not_in_hts_universe
phase,tool_seg,09_1_0978,not_in_hts_universe
phase,tool_seg,09_1_0987,not_in_hts_universe
phase,tool_seg,09_1_0993,not_in_hts_universe
phase,tool_seg,09_1_0997,not_in_hts_universe
phase,tool_seg,09_1_0999,not_in_hts_universe
phase,tool_seg,09_1_1003,not_in_hts_universe
phase,tool_seg,09_1_1013,not_in_hts_universe
phase,tool_seg,09_1_1014,not_in_hts_universe
phase,tool_seg,09_1_1015,not_in_hts_universe
phase,tool_seg,10_1_0209,not_in_hts_universe
phase,tool_seg,10_1_0228,not_in_hts_universe
phase,tool_seg,10_1_0260,not_in_hts_universe
phase,tool_seg,10_1_0261,not_in_hts_universe
phase,tool_seg,10_1_0267,listed_but_zero_annotation
phase,tool_seg,10_1_0281,not_in_hts_universe
phase,tool_seg,10_1_0282,not_in_hts_universe
phase,tool_seg,10_1_0302,not_in_hts_universe
phase,tool_seg,10_1_0332,not_in_hts_universe
phase,tool_seg,10_1_0369,not_in_hts_universe
phase,tool_seg,10_1_0370,not_in_hts_universe
phase,tool_seg,10_1_0371,not_in_hts_universe
phase,tool_seg,10_1_0401,not_in_hts_universe
phase,tool_seg,10_1_0410,not_in_hts_universe
phase,tool_seg,10_1_0423,not_in_hts_universe
phase,tool_seg,10_1_0424,not_in_hts_universe
phase,tool_seg,10_1_0434,not_in_hts_universe
phase,tool_seg,10_1_0447,not_in_hts_universe
phase,tool_seg,10_1_0448,not_in_hts_universe
phase,tool_seg,10_1_0463,not_in_hts_universe
phase,tool_seg,10_1_0482,not_in_hts_universe
phase,tool_seg,10_1_0483,not_in_hts_universe
phase,tool_seg,10_1_0484,not_in_hts_universe
phase,tool_seg,10_1_0504,not_in_hts_universe
phase,tool_seg,10_1_0514,not_in_hts_universe
phase,tool_seg,10_1_0515,not_in_hts_universe
phase,tool_seg,10_1_0516,not_in_hts_universe
phase,tool_seg,10_1_0562,not_in_hts_universe
phase,tool_seg,10_1_0569,not_in_hts_universe
phase,tool_seg,10_1_0612,not_in_hts_universe
phase,tool_seg,10_1_0729,not_in_hts_universe
phase,tool_seg,10_1_0772,not_in_hts_universe
phase,tool_seg,10_1_0779,not_in_hts_universe
phase,tool_seg,10_1_0806,not_in_hts_universe
phase,tool_seg,10_1_0807,not_in_hts_universe
phase,tool_seg,10_1_0808,not_in_hts_universe
phase,tool_seg,10_1_0809,not_in_hts_universe
phase,tool_seg,10_1_0810,not_in_hts_universe
phase,tool_seg,10_1_0816,not_in_hts_universe
phase,tool_seg,10_1_0826,not_in_hts_universe
phase,tool_seg,10_1_0827,not_in_hts_universe
phase,tool_seg,10_1_0828,not_in_hts_universe
phase,tool_seg,10_1_0835,not_in_hts_universe
phase,tool_seg,10_1_0836,not_in_hts_universe
phase,tool_seg,10_1_0837,not_in_hts_universe
phase,tool_seg,10_1_0844,not_in_hts_universe
phase,tool_seg,10_1_0858,not_in_hts_universe
phase,tool_seg,10_1_0871,not_in_hts_universe
phase,tool_seg,10_1_0872,not_in_hts_universe
phase,tool_seg,10_1_0873,not_in_hts_universe
phase,tool_seg,10_1_0874,not_in_hts_universe
phase,tool_seg,10_1_0877,not_in_hts_universe
phase,tool_seg,10_1_0878,not_in_hts_universe
phase,tool_seg,10_1_0885,not_in_hts_universe
phase,tool_seg,10_1_0886,not_in_hts_universe
phase,tool_seg,10_1_0890,not_in_hts_universe
phase,tool_seg,10_1_0901,not_in_hts_universe
phase,tool_seg,10_1_0915,not_in_hts_universe
phase,tool_seg,10_1_0916,not_in_hts_universe
phase,tool_seg,10_1_0923,not_in_hts_universe
phase,tool_seg,10_1_0929,not_in_hts_universe
phase,tool_seg,10_1_0962,not_in_hts_universe
phase,tool_seg,10_1_0970,not_in_hts_universe
phase,tool_seg,10_1_0971,not_in_hts_universe
phase,tool_seg,10_1_0972,not_in_hts_universe
phase,tool_seg,10_1_0973,not_in_hts_universe
phase,tool_seg,10_1_0974,not_in_hts_universe
phase,tool_seg,10_1_0975,not_in_hts_universe
phase,tool_seg,10_1_0976,not_in_hts_universe
phase,tool_seg,10_1_0977,not_in_hts_universe
phase,tool_seg,10_1_0982,not_in_hts_universe
phase,tool_seg,10_1_0985,not_in_hts_universe
phase,tool_seg,10_1_0997,not_in_hts_universe
phase,tool_seg,10_1_0998,not_in_hts_universe
phase,tool_seg,10_1_1031,not_in_hts_universe
phase,tool_seg,10_1_1032,not_in_hts_universe
phase,tool_seg,10_1_1033,not_in_hts_universe
phase,tool_seg,10_1_1034,not_in_hts_universe
phase,tool_seg,10_1_1035,not_in_hts_universe
phase,tool_seg,10_1_1036,not_in_hts_universe
phase,tool_seg,10_1_1065,not_in_hts_universe
phase,tool_seg,10_1_1066,not_in_hts_universe
phase,tool_seg,10_1_1067,not_in_hts_universe
phase,tool_seg,10_1_1068,not_in_hts_universe
phase,tool_seg,10_1_1069,not_in_hts_universe
phase,tool_seg,10_1_1080,not_in_hts_universe
phase,tool_seg,10_1_1084,not_in_hts_universe
phase,tool_seg,10_1_1085,not_in_hts_universe
phase,tool_seg,10_1_1086,not_in_hts_universe
phase,tool_seg,10_1_1087,not_in_hts_universe
phase,tool_seg,10_1_1088,not_in_hts_universe
phase,tool_seg,10_1_1108,listed_but_zero_annotation
phase,tool_seg,10_1_1115,listed_but_zero_annotation
phase,tool_seg,10_1_1119,not_in_hts_universe
phase,tool_seg,10_1_1142,not_in_hts_universe
phase,tool_seg,10_1_1144,not_in_hts_universe
phase,tool_seg,10_1_1156,not_in_hts_universe
phase,tool_seg,10_1_1419,not_in_hts_universe
phase,tool_seg,10_1_1420,not_in_hts_universe
phase,tool_seg,10_1_1444,not_in_hts_universe
phase,tool_seg,10_1_1445,not_in_hts_universe
phase,tool_seg,10_1_1446,not_in_hts_universe
phase,tool_seg,10_1_1461,not_in_hts_universe
phase,tool_seg,10_1_1462,not_in_hts_universe
phase,tool_seg,10_1_1463,not_in_hts_universe
phase,tool_seg,10_1_1464,not_in_hts_universe
phase,tool_seg,10_1_1480,not_in_hts_universe
phase,tool_seg,10_1_1481,not_in_hts_universe
phase,tool_seg,10_1_1482,not_in_hts_universe
phase,tool_seg,10_1_1493,not_in_hts_universe
phase,tool_seg,10_1_1494,not_in_hts_universe
phase,tool_seg,10_1_1495,not_in_hts_universe
phase,tool_seg,10_1_1523,not_in_hts_universe
phase,tool_seg,10_1_1537,not_in_hts_universe
phase,tool_seg,10_1_1547,not_in_hts_universe
phase,tool_seg,10_1_1548,not_in_hts_universe
phase,tool_seg,10_1_1549,not_in_hts_universe
phase,tool_seg,10_1_1550,not_in_hts_universe
phase,tool_seg,10_1_1561,not_in_hts_universe
phase,tool_seg,10_1_1596,not_in_hts_universe
phase,tool_seg,10_1_1597,not_in_hts_universe
phase,tool_seg,10_1_1598,not_in_hts_universe
phase,tool_seg,10_1_1599,not_in_hts_universe
phase,tool_seg,10_1_1612,not_in_hts_universe
phase,tool_seg,10_1_1613,not_in_hts_universe
phase,tool_seg,10_1_1614,not_in_hts_universe
phase,tool_seg,10_1_1615,not_in_hts_universe
phase,tool_seg,10_1_1616,not_in_hts_universe
phase,tool_seg,10_1_1617,not_in_hts_universe
phase,tool_seg,10_1_1618,not_in_hts_universe
phase,tool_seg,10_1_1619,not_in_hts_universe
phase,tool_seg,10_1_1639,not_in_hts_universe
phase,tool_seg,10_1_1640,not_in_hts_universe
phase,tool_seg,10_1_1641,not_in_hts_universe
phase,tool_seg,10_1_1661,not_in_hts_universe
phase,tool_seg,10_1_1669,not_in_hts_universe
phase,tool_seg,10_1_1670,not_in_hts_universe
phase,tool_seg,10_1_1671,not_in_hts_universe
phase,tool_seg,10_2_0006,not_in_hts_universe
phase,tool_seg,10_2_0007,not_in_hts_universe
phase,tool_seg,10_2_0008,not_in_hts_universe
phase,tool_seg,10_2_0009,not_in_hts_universe
phase,tool_seg,10_2_0012,not_in_hts_universe
phase,tool_seg,10_2_0014,not_in_hts_universe
phase,tool_seg,10_2_0062,not_in_hts_universe
phase,tool_seg,10_2_0063,not_in_hts_universe
phase,tool_seg,10_2_0179,not_in_hts_universe
phase,tool_seg,10_2_0180,not_in_hts_universe
phase,tool_seg,10_2_0181,not_in_hts_universe
phase,tool_seg,10_2_0182,not_in_hts_universe
phase,tool_seg,10_2_0183,not_in_hts_universe
phase,tool_seg,10_2_0184,not_in_hts_universe
phase,tool_seg,10_2_0185,not_in_hts_universe
phase,tool_seg,10_2_0186,not_in_hts_universe
phase,tool_seg,10_2_0187,not_in_hts_universe
phase,tool_seg,10_2_0188,not_in_hts_universe
phase,tool_seg,10_2_0189,not_in_hts_universe
phase,tool_seg,10_2_0190,not_in_hts_universe
phase,tool_seg,10_2_0191,not_in_hts_universe
phase,tool_seg,10_2_0192,not_in_hts_universe
phase,tool_seg,10_2_0193,not_in_hts_universe
phase,tool_seg,10_2_0194,not_in_hts_universe
phase,tool_seg,10_2_0195,not_in_hts_universe
phase,tool_seg,10_2_0196,not_in_hts_universe
phase,tool_seg,10_2_0197,not_in_hts_universe
phase,tool_seg,10_2_0198,not_in_hts_universe
phase,tool_seg,10_2_0199,not_in_hts_universe
phase,tool_seg,10_2_0200,not_in_hts_universe
phase,tool_seg,10_2_0201,not_in_hts_universe
phase,tool_seg,10_2_0202,not_in_hts_universe
phase,tool_seg,10_2_0203,not_in_hts_universe
phase,tool_seg,10_2_0204,not_in_hts_universe
phase,tool_seg,10_2_0205,not_in_hts_universe
phase,tool_seg,10_2_0206,not_in_hts_universe
phase,tool_seg,10_2_0207,not_in_hts_universe
phase,tool_seg,10_2_0208,not_in_hts_universe
phase,tool_seg,10_2_0209,not_in_hts_universe
phase,tool_seg,10_2_0210,not_in_hts_universe
phase,tool_seg,10_2_0211,not_in_hts_universe
phase,tool_seg,10_2_0212,not_in_hts_universe
phase,tool_seg,10_2_0213,not_in_hts_universe
phase,tool_seg,10_2_0214,not_in_hts_universe
phase,tool_seg,10_2_0215,not_in_hts_universe
phase,tool_seg,10_2_0216,not_in_hts_universe
phase,tool_seg,10_2_0217,not_in_hts_universe
phase,tool_seg,10_2_0218,not_in_hts_universe
phase,tool_seg,10_2_0219,not_in_hts_universe
phase,tool_seg,10_2_0220,not_in_hts_universe
phase,tool_seg,10_2_0221,not_in_hts_universe
phase,tool_seg,10_2_0222,not_in_hts_universe
phase,tool_seg,10_2_0223,not_in_hts_universe
phase,tool_seg,10_2_0224,not_in_hts_universe
phase,tool_seg,10_2_0225,not_in_hts_universe
phase,tool_seg,10_2_0226,not_in_hts_universe
phase,tool_seg,10_2_0227,not_in_hts_universe
phase,tool_seg,10_2_0228,not_in_hts_universe
phase,tool_seg,10_2_0229,not_in_hts_universe
phase,tool_seg,10_2_0230,not_in_hts_universe
phase,tool_seg,10_2_0231,not_in_hts_universe
phase,tool_seg,10_2_0236,not_in_hts_universe
phase,tool_seg,10_2_0237,not_in_hts_universe
phase,tool_seg,10_2_0238,not_in_hts_universe
phase,tool_seg,10_2_0239,not_in_hts_universe
phase,tool_seg,10_2_0240,not_in_hts_universe
phase,tool_seg,10_2_0244,not_in_hts_universe
phase,tool_seg,10_2_0245,not_in_hts_universe
phase,tool_seg,10_2_0246,not_in_hts_universe
phase,tool_seg,10_2_0247,not_in_hts_universe
phase,tool_seg,10_2_0248,not_in_hts_universe
phase,tool_seg,10_2_0249,not_in_hts_universe
phase,tool_seg,10_2_0250,not_in_hts_universe
phase,tool_seg,10_2_0254,not_in_hts_universe
phase,tool_seg,10_2_0255,not_in_hts_universe
phase,tool_seg,10_2_0256,not_in_hts_universe
phase,tool_seg,10_2_0257,not_in_hts_universe
phase,tool_seg,10_2_0259,not_in_hts_universe
phase,tool_seg,10_2_0263,not_in_hts_universe
phase,tool_seg,10_2_0264,not_in_hts_universe
phase,tool_seg,10_2_0268,not_in_hts_universe
phase,tool_seg,10_2_0269,not_in_hts_universe
phase,tool_seg,10_2_0270,not_in_hts_universe
phase,tool_seg,10_2_0271,not_in_hts_universe
phase,tool_seg,10_2_0272,not_in_hts_universe
phase,tool_seg,10_2_0273,not_in_hts_universe
phase,tool_seg,10_2_0274,not_in_hts_universe
phase,tool_seg,10_2_0275,not_in_hts_universe
phase,tool_seg,10_2_0277,not_in_hts_universe
phase,tool_seg,10_2_0278,not_in_hts_universe
phase,tool_seg,10_2_0279,not_in_hts_universe
phase,tool_seg,10_2_0280,not_in_hts_universe
phase,tool_seg,10_2_0281,not_in_hts_universe
phase,tool_seg,10_2_0282,not_in_hts_universe
phase,tool_seg,10_2_0283,not_in_hts_universe
phase,tool_seg,10_2_0289,not_in_hts_universe
phase,tool_seg,10_2_0296,not_in_hts_universe
phase,tool_seg,10_2_0297,not_in_hts_universe
phase,tool_seg,10_2_0298,not_in_hts_universe
phase,tool_seg,10_2_0300,not_in_hts_universe
phase,tool_seg,11_1_0010,not_in_hts_universe
phase,tool_seg,11_1_0011,not_in_hts_universe
phase,tool_seg,11_1_0012,not_in_hts_universe
phase,tool_seg,11_1_0013,not_in_hts_universe
phase,tool_seg,11_1_0014,not_in_hts_universe
phase,tool_seg,11_1_0015,not_in_hts_universe
phase,tool_seg,11_1_0016,not_in_hts_universe
phase,tool_seg,11_1_0017,not_in_hts_universe
phase,tool_seg,11_1_0018,not_in_hts_universe
phase,tool_seg,11_1_0019,not_in_hts_universe
phase,tool_seg,11_1_0020,not_in_hts_universe
phase,tool_seg,11_1_0021,not_in_hts_universe
phase,tool_seg,11_1_0022,not_in_hts_universe
phase,tool_seg,11_1_0023,not_in_hts_universe
phase,tool_seg,11_1_0024,not_in_hts_universe
phase,tool_seg,11_1_0025,not_in_hts_universe
phase,tool_seg,11_1_0026,not_in_hts_universe
phase,tool_seg,11_1_0027,not_in_hts_universe
phase,tool_seg,11_1_0028,not_in_hts_universe
phase,tool_seg,11_1_0029,not_in_hts_universe
phase,tool_seg,11_1_0030,not_in_hts_universe
phase,tool_seg,11_1_0031,not_in_hts_universe
phase,tool_seg,11_1_0032,not_in_hts_universe
phase,tool_seg,11_1_0033,not_in_hts_universe
phase,tool_seg,11_1_0034,not_in_hts_universe
phase,tool_seg,11_1_0141,not_in_hts_universe
phase,tool_seg,11_1_0142,not_in_hts_universe
phase,tool_seg,11_1_0143,not_in_hts_universe
phase,tool_seg,11_1_0144,not_in_hts_universe
phase,tool_seg,11_1_0145,not_in_hts_universe
phase,tool_seg,11_1_0146,not_in_hts_universe
phase,tool_seg,11_1_0147,not_in_hts_universe
phase,tool_seg,11_1_0149,not_in_hts_universe
phase,tool_seg,11_1_0150,not_in_hts_universe
phase,tool_seg,11_1_0151,not_in_hts_universe
phase,tool_seg,11_1_0152,not_in_hts_universe
phase,tool_seg,11_1_0153,not_in_hts_universe
phase,tool_seg,11_1_0239,not_in_hts_universe
phase,tool_seg,11_1_0240,not_in_hts_universe
phase,tool_seg,11_1_0241,not_in_hts_universe
phase,tool_seg,11_1_0242,not_in_hts_universe
phase,tool_seg,11_1_0243,not_in_hts_universe
phase,tool_seg,11_1_0244,not_in_hts_universe
phase,tool_seg,11_1_0245,not_in_hts_universe
phase,tool_seg,11_1_0246,not_in_hts_universe
phase,tool_seg,11_1_0316,not_in_hts_universe
phase,tool_seg,11_1_0326,not_in_hts_universe
phase,tool_seg,11_1_0362,not_in_hts_universe
phase,tool_seg,11_1_0384,not_in_hts_universe
phase,tool_seg,11_1_0419,not_in_hts_universe
phase,tool_seg,11_1_0420,not_in_hts_universe
phase,tool_seg,11_1_0421,not_in_hts_universe
phase,tool_seg,11_1_0423,not_in_hts_universe
phase,tool_seg,11_1_0439,not_in_hts_universe
phase,tool_seg,11_1_0440,not_in_hts_universe
phase,tool_seg,11_1_0441,not_in_hts_universe
phase,tool_seg,11_1_0442,not_in_hts_universe
phase,tool_seg,11_1_0453,not_in_hts_universe
phase,tool_seg,11_1_0460,not_in_hts_universe
phase,tool_seg,11_1_0467,not_in_hts_universe
phase,tool_seg,11_1_0516,not_in_hts_universe
phase,tool_seg,11_1_0517,not_in_hts_universe
phase,tool_seg,11_1_0522,not_in_hts_universe
phase,tool_seg,11_1_0696,not_in_hts_universe
phase,tool_seg,11_1_0769,not_in_hts_universe
phase,tool_seg,11_1_0770,not_in_hts_universe
phase,tool_seg,11_1_0787,not_in_hts_universe
phase,tool_seg,11_1_0788,not_in_hts_universe
phase,tool_seg,11_1_0789,not_in_hts_universe
phase,tool_seg,11_1_0797,not_in_hts_universe
phase,tool_seg,11_1_0798,not_in_hts_universe
phase,tool_seg,11_1_0799,not_in_hts_universe
phase,tool_seg,11_1_0801,not_in_hts_universe
phase,tool_seg,11_1_0813,not_in_hts_universe
phase,tool_seg,11_1_0814,not_in_hts_universe
phase,tool_seg,11_1_0815,not_in_hts_universe
phase,tool_seg,11_1_0817,not_in_hts_universe
phase,tool_seg,11_1_0848,not_in_hts_universe
phase,tool_seg,11_1_0877,not_in_hts_universe
phase,tool_seg,11_1_0925,not_in_hts_universe
phase,tool_seg,11_1_0970,not_in_hts_universe
phase,tool_seg,11_1_1061,not_in_hts_universe
phase,tool_seg,11_1_1160,not_in_hts_universe
phase,tool_seg,11_1_1168,not_in_hts_universe
phase,tool_seg,11_1_1215,not_in_hts_universe
phase,tool_seg,11_1_1217,not_in_hts_universe
phase,tool_seg,11_1_1310,not_in_hts_universe
phase,tool_seg,11_1_1312,not_in_hts_universe
phase,tool_seg,11_1_1316,not_in_hts_universe
phase,tool_seg,11_1_1317,listed_but_zero_annotation
phase,tool_seg,11_1_1318,listed_but_zero_annotation
phase,tool_seg,11_1_1321,not_in_hts_universe
phase,tool_seg,11_1_1322,not_in_hts_universe
phase,tool_seg,11_1_1323,not_in_hts_universe
phase,tool_seg,11_1_1330,not_in_hts_universe
phase,tool_seg,11_1_1343,not_in_hts_universe
phase,tool_seg,11_1_1344,not_in_hts_universe
phase,tool_seg,11_1_1345,not_in_hts_universe
phase,tool_seg,11_1_1346,not_in_hts_universe
phase,tool_seg,11_1_1347,not_in_hts_universe
phase,tool_seg,11_1_1348,not_in_hts_universe
phase,tool_seg,11_1_1349,not_in_hts_universe
phase,tool_seg,11_1_1350,not_in_hts_universe
phase,tool_seg,11_1_1351,not_in_hts_universe
phase,tool_seg,11_1_1352,not_in_hts_universe
phase,tool_seg,11_1_1353,not_in_hts_universe
phase,tool_seg,11_1_1354,not_in_hts_universe
phase,tool_seg,11_1_1355,not_in_hts_universe
phase,tool_seg,11_1_1356,not_in_hts_universe
phase,tool_seg,11_1_1357,not_in_hts_universe
phase,tool_seg,11_1_1358,not_in_hts_universe
phase,tool_seg,11_1_1359,not_in_hts_universe
phase,tool_seg,11_1_1360,not_in_hts_universe
phase,tool_seg,12_1_0095,not_in_hts_universe
phase,tool_seg,12_1_0153,not_in_hts_universe
phase,tool_seg,12_1_0168,not_in_hts_universe
phase,tool_seg,12_1_0288,not_in_hts_universe
phase,tool_seg,12_1_0320,not_in_hts_universe
phase,tool_seg,12_1_0345,not_in_hts_universe
phase,tool_seg,12_1_0346,not_in_hts_universe
phase,tool_seg,12_1_0677,not_in_hts_universe
phase,tool_seg,12_1_0835,not_in_hts_universe
phase,tool_seg,12_1_0838,listed_but_zero_annotation
phase,tool_seg,12_1_0841,not_in_hts_universe
phase,tool_seg,13_1_0058,not_in_hts_universe
phase,tool_seg,13_1_0071,not_in_hts_universe
phase,tool_seg,13_1_0158,not_in_hts_universe
phase,tool_seg,13_1_0170,not_in_hts_universe
phase,tool_seg,13_1_0411,not_in_hts_universe
phase,tool_seg,13_1_0413,listed_but_zero_annotation
phase,tool_seg,13_1_0414,listed_but_zero_annotation
phase,tool_seg,13_1_0473,not_in_hts_universe
phase,tool_seg,13_1_0478,not_in_hts_universe
phase,tool_seg,13_1_0479,not_in_hts_universe
phase,tool_seg,13_1_0482,not_in_hts_universe
phase,tool_seg,13_1_0494,not_in_hts_universe
phase,tool_seg,13_1_0541,not_in_hts_universe
phase,tool_seg,13_1_0605,not_in_hts_universe
phase,tool_seg,13_1_0648,not_in_hts_universe
phase,tool_seg,13_1_0650,not_in_hts_universe
phase,tool_seg,13_1_0676,listed_but_zero_annotation
phase,tool_seg,13_1_0759,not_in_hts_universe
phase,tool_seg,13_1_0866,not_in_hts_universe
phase,tool_seg,13_1_1001,not_in_hts_universe
phase,tool_seg,13_1_1070,not_in_hts_universe
phase,tool_seg,13_1_1101,not_in_hts_universe
phase,tool_seg,13_1_1134,not_in_hts_universe
phase,tool_seg,13_1_1178,not_in_hts_universe
phase,tool_seg,14_1_0128,not_in_hts_universe
phase,tool_seg,14_1_0150,not_in_hts_universe
phase,tool_seg,14_1_0151,not_in_hts_universe
phase,tool_seg,14_1_0152,not_in_hts_universe
phase,tool_seg,14_1_0153,not_in_hts_universe
phase,tool_seg,14_1_0154,not_in_hts_universe
phase,tool_seg,14_1_0155,not_in_hts_universe
phase,tool_seg,14_1_0162,not_in_hts_universe
phase,tool_seg,14_1_0163,not_in_hts_universe
phase,tool_seg,14_1_0262,not_in_hts_universe
phase,tool_seg,14_1_0271,not_in_hts_universe
phase,tool_seg,14_1_0300,not_in_hts_universe
phase,tool_seg,14_1_0379,not_in_hts_universe
phase,tool_seg,14_1_0387,not_in_hts_universe
phase,tool_seg,14_1_0416,not_in_hts_universe
phase,tool_seg,14_1_0417,not_in_hts_universe
phase,tool_seg,14_1_0575,listed_but_zero_annotation
phase,tool_seg,14_1_0596,not_in_hts_universe
phase,tool_seg,14_1_0620,not_in_hts_universe
phase,tool_seg,14_1_0621,not_in_hts_universe
phase,tool_seg,14_1_0622,not_in_hts_universe
phase,tool_seg,14_1_0704,not_in_hts_universe
phase,tool_seg,14_1_0707,not_in_hts_universe
phase,tool_seg,14_1_0886,not_in_hts_universe
phase,tool_seg,14_1_0957,not_in_hts_universe
phase,tool_seg,14_1_0959,not_in_hts_universe
phase,tool_seg,14_1_0960,not_in_hts_universe
phase,tool_seg,14_1_0961,not_in_hts_universe
phase,tool_seg,14_1_0991,listed_but_zero_annotation
phase,tool_seg,14_1_1039,not_in_hts_universe
phase,tool_seg,14_1_1045,not_in_hts_universe
phase,tool_seg,14_1_1105,not_in_hts_universe
phase,tool_seg,14_1_1286,not_in_hts_universe
phase,tool_seg,14_1_1384,not_in_hts_universe
phase,tool_seg,14_1_1432,not_in_hts_universe
phase,tool_seg,14_1_1442,not_in_hts_universe
phase,tool_seg,14_2_0083,not_in_hts_universe
phase,tool_seg,14_2_0390,not_in_hts_universe
phase,tool_seg,14_2_0393,not_in_hts_universe
phase,tool_seg,14_2_0394,not_in_hts_universe
phase,tool_seg,14_2_0401,not_in_hts_universe
phase,tool_seg,14_2_0402,not_in_hts_universe
phase,tool_seg,14_2_0403,not_in_hts_universe
phase,tool_seg,14_2_0404,not_in_hts_universe
phase,tool_seg,14_2_0407,not_in_hts_universe
phase,tool_seg,14_2_0410,not_in_hts_universe
phase,tool_seg,14_2_0423,not_in_hts_universe
phase,tool_seg,14_2_0428,not_in_hts_universe
phase,tool_seg,14_2_0429,not_in_hts_universe
phase,tool_seg,14_2_0430,not_in_hts_universe
phase,tool_seg,14_2_0435,listed_but_zero_annotation
phase,tool_seg,14_2_0436,listed_but_zero_annotation
phase,tool_seg,15_1_0133,listed_but_zero_annotation
phase,tool_seg,15_1_0134,listed_but_zero_annotation
phase,tool_seg,15_1_0135,not_in_hts_universe
phase,tool_seg,15_1_0136,not_in_hts_universe
phase,tool_seg,15_1_0137,not_in_hts_universe
phase,tool_seg,15_1_0138,not_in_hts_universe
phase,tool_seg,15_1_0139,not_in_hts_universe
phase,tool_seg,15_1_0140,not_in_hts_universe
phase,tool_seg,15_1_0141,not_in_hts_universe
phase,tool_seg,15_1_0142,listed_but_zero_annotation
phase,tool_seg,15_1_0143,listed_but_zero_annotation
phase,tool_seg,15_1_0144,not_in_hts_universe
phase,tool_seg,15_1_0194,not_in_hts_universe
phase,tool_seg,15_1_0195,not_in_hts_universe
phase,tool_seg,15_1_0246,not_in_hts_universe
phase,tool_seg,15_1_0247,not_in_hts_universe
phase,tool_seg,15_1_0248,not_in_hts_universe
phase,tool_seg,15_1_0261,not_in_hts_universe
phase,tool_seg,15_1_0276,not_in_hts_universe
phase,tool_seg,15_1_0277,not_in_hts_universe
phase,tool_seg,15_1_0362,not_in_hts_universe
phase,tool_seg,15_1_0363,not_in_hts_universe
phase,tool_seg,15_1_0366,not_in_hts_universe
phase,tool_seg,15_1_0367,not_in_hts_universe
phase,tool_seg,15_1_0368,not_in_hts_universe
phase,tool_seg,15_1_0390,not_in_hts_universe
phase,tool_seg,15_1_0404,not_in_hts_universe
phase,tool_seg,15_1_0449,not_in_hts_universe
phase,tool_seg,15_1_0459,not_in_hts_universe
phase,tool_seg,15_1_0475,not_in_hts_universe
phase,tool_seg,15_1_0476,not_in_hts_universe
phase,tool_seg,15_1_0484,not_in_hts_universe
phase,tool_seg,15_1_0488,not_in_hts_universe
phase,tool_seg,15_1_0506,not_in_hts_universe
phase,tool_seg,15_1_0548,not_in_hts_universe
phase,tool_seg,15_1_0549,not_in_hts_universe
phase,tool_seg,15_1_0550,not_in_hts_universe
phase,tool_seg,15_1_0551,not_in_hts_universe
phase,tool_seg,15_1_0552,not_in_hts_universe
phase,tool_seg,15_1_0556,not_in_hts_universe
phase,tool_seg,15_1_0557,not_in_hts_universe
phase,tool_seg,15_1_0558,not_in_hts_universe
phase,tool_seg,15_1_0559,not_in_hts_universe
phase,tool_seg,15_1_0578,not_in_hts_universe
phase,tool_seg,15_1_0579,not_in_hts_universe
phase,tool_seg,15_1_0580,not_in_hts_universe
phase,tool_seg,15_1_0583,not_in_hts_universe
phase,tool_seg,15_1_0602,not_in_hts_universe
phase,tool_seg,15_1_0634,not_in_hts_universe
phase,tool_seg,15_1_0635,not_in_hts_universe
phase,handtool_seg,01_1_0001,not_in_hts_universe
phase,handtool_seg,01_1_0002,not_in_hts_universe
phase,handtool_seg,01_1_0003,not_in_hts_universe
phase,handtool_seg,01_1_0004,not_in_hts_universe
phase,handtool_seg,01_1_0005,not_in_hts_universe
phase,handtool_seg,01_1_0006,not_in_hts_universe
phase,handtool_seg,01_1_0007,not_in_hts_universe
phase,handtool_seg,01_1_0008,not_in_hts_universe
phase,handtool_seg,01_1_0009,not_in_hts_universe
phase,handtool_seg,01_1_0010,not_in_hts_universe
phase,handtool_seg,01_1_0011,not_in_hts_universe
phase,handtool_seg,01_1_0012,not_in_hts_universe
phase,handtool_seg,01_1_0013,not_in_hts_universe
phase,handtool_seg,01_1_0014,not_in_hts_universe
phase,handtool_seg,01_1_0015,not_in_hts_universe
phase,handtool_seg,01_1_0016,not_in_hts_universe
phase,handtool_seg,01_1_0122,not_in_hts_universe
phase,handtool_seg,01_1_0123,not_in_hts_universe
phase,handtool_seg,01_1_0130,not_in_hts_universe
phase,handtool_seg,01_1_0142,not_in_hts_universe
phase,handtool_seg,01_1_0146,not_in_hts_universe
phase,handtool_seg,01_1_0152,not_in_hts_universe
phase,handtool_seg,01_1_0273,not_in_hts_universe
phase,handtool_seg,01_1_0293,not_in_hts_universe
phase,handtool_seg,01_1_0294,not_in_hts_universe
phase,handtool_seg,01_1_0360,not_in_hts_universe
phase,handtool_seg,01_1_0487,not_in_hts_universe
phase,handtool_seg,01_1_0517,not_in_hts_universe
phase,handtool_seg,01_1_0531,not_in_hts_universe
phase,handtool_seg,01_1_0544,not_in_hts_universe
phase,handtool_seg,01_1_0545,not_in_hts_universe
phase,handtool_seg,01_1_0546,not_in_hts_universe
phase,handtool_seg,01_1_0547,not_in_hts_universe
phase,handtool_seg,01_1_0635,not_in_hts_universe
phase,handtool_seg,01_1_0636,not_in_hts_universe
phase,handtool_seg,01_1_0638,not_in_hts_universe
phase,handtool_seg,01_1_0659,not_in_hts_universe
phase,handtool_seg,01_1_0688,not_in_hts_universe
phase,handtool_seg,01_1_0697,not_in_hts_universe
phase,handtool_seg,01_1_0698,listed_but_zero_annotation
phase,handtool_seg,01_1_0750,not_in_hts_universe
phase,handtool_seg,01_1_0751,not_in_hts_universe
phase,handtool_seg,01_1_0765,not_in_hts_universe
phase,handtool_seg,01_1_0766,not_in_hts_universe
phase,handtool_seg,01_1_0774,not_in_hts_universe
phase,handtool_seg,01_1_0784,not_in_hts_universe
phase,handtool_seg,01_1_0829,not_in_hts_universe
phase,handtool_seg,01_1_0830,not_in_hts_universe
phase,handtool_seg,01_1_0836,not_in_hts_universe
phase,handtool_seg,01_1_0866,not_in_hts_universe
phase,handtool_seg,01_1_0870,not_in_hts_universe
phase,handtool_seg,01_1_0871,not_in_hts_universe
phase,handtool_seg,01_1_0872,not_in_hts_universe
phase,handtool_seg,01_1_0933,not_in_hts_universe
phase,handtool_seg,01_1_0934,not_in_hts_universe
phase,handtool_seg,01_1_0935,not_in_hts_universe
phase,handtool_seg,01_1_0956,not_in_hts_universe
phase,handtool_seg,01_1_0988,not_in_hts_universe
phase,handtool_seg,01_1_0989,not_in_hts_universe
phase,handtool_seg,01_1_0990,not_in_hts_universe
phase,handtool_seg,01_1_0991,not_in_hts_universe
phase,handtool_seg,01_1_0992,not_in_hts_universe
phase,handtool_seg,01_1_0993,not_in_hts_universe
phase,handtool_seg,01_1_0994,not_in_hts_universe
phase,handtool_seg,01_1_0995,not_in_hts_universe
phase,handtool_seg,01_1_0996,not_in_hts_universe
phase,handtool_seg,01_1_0997,not_in_hts_universe
phase,handtool_seg,01_1_0998,not_in_hts_universe
phase,handtool_seg,01_1_0999,not_in_hts_universe
phase,handtool_seg,01_1_1000,not_in_hts_universe
phase,handtool_seg,01_1_1033,not_in_hts_universe
phase,handtool_seg,01_1_1034,not_in_hts_universe
phase,handtool_seg,01_1_1065,not_in_hts_universe
phase,handtool_seg,01_1_1066,not_in_hts_universe
phase,handtool_seg,01_1_1094,not_in_hts_universe
phase,handtool_seg,01_1_1095,not_in_hts_universe
phase,handtool_seg,01_1_1096,not_in_hts_universe
phase,handtool_seg,01_1_1097,not_in_hts_universe
phase,handtool_seg,01_1_1098,not_in_hts_universe
phase,handtool_seg,01_1_1099,not_in_hts_universe
phase,handtool_seg,01_1_1111,not_in_hts_universe
phase,handtool_seg,01_1_1143,not_in_hts_universe
phase,handtool_seg,01_1_1168,not_in_hts_universe
phase,handtool_seg,01_1_1169,not_in_hts_universe
phase,handtool_seg,01_1_1237,not_in_hts_universe
phase,handtool_seg,01_1_1238,not_in_hts_universe
phase,handtool_seg,01_1_1262,not_in_hts_universe
phase,handtool_seg,02_1_0037,not_in_hts_universe
phase,handtool_seg,02_1_0038,not_in_hts_universe
phase,handtool_seg,02_1_0039,not_in_hts_universe
phase,handtool_seg,02_1_0046,not_in_hts_universe
phase,handtool_seg,02_1_0047,not_in_hts_universe
phase,handtool_seg,02_1_0048,not_in_hts_universe
phase,handtool_seg,02_1_0061,not_in_hts_universe
phase,handtool_seg,02_1_0062,not_in_hts_universe
phase,handtool_seg,02_1_0063,not_in_hts_universe
phase,handtool_seg,02_1_0064,not_in_hts_universe
phase,handtool_seg,02_1_0065,not_in_hts_universe
phase,handtool_seg,02_1_0066,not_in_hts_universe
phase,handtool_seg,02_1_0067,not_in_hts_universe
phase,handtool_seg,02_1_0068,not_in_hts_universe
phase,handtool_seg,02_1_0069,not_in_hts_universe
phase,handtool_seg,02_1_0070,not_in_hts_universe
phase,handtool_seg,02_1_0071,not_in_hts_universe
phase,handtool_seg,02_1_0072,not_in_hts_universe
phase,handtool_seg,02_1_0073,not_in_hts_universe
phase,handtool_seg,02_1_0074,not_in_hts_universe
phase,handtool_seg,02_1_0075,not_in_hts_universe
phase,handtool_seg,02_1_0076,not_in_hts_universe
phase,handtool_seg,02_1_0077,not_in_hts_universe
phase,handtool_seg,02_1_0079,not_in_hts_universe
phase,handtool_seg,02_1_0080,not_in_hts_universe
phase,handtool_seg,02_1_0081,not_in_hts_universe
phase,handtool_seg,02_1_0082,not_in_hts_universe
phase,handtool_seg,02_1_0083,not_in_hts_universe
phase,handtool_seg,02_1_0086,not_in_hts_universe
phase,handtool_seg,02_1_0087,not_in_hts_universe
phase,handtool_seg,02_1_0088,not_in_hts_universe
phase,handtool_seg,02_1_0089,not_in_hts_universe
phase,handtool_seg,02_1_0091,not_in_hts_universe
phase,handtool_seg,02_1_0092,not_in_hts_universe
phase,handtool_seg,02_1_0093,not_in_hts_universe
phase,handtool_seg,02_1_0094,not_in_hts_universe
phase,handtool_seg,02_1_0095,not_in_hts_universe
phase,handtool_seg,02_1_0097,not_in_hts_universe
phase,handtool_seg,02_1_0098,not_in_hts_universe
phase,handtool_seg,02_1_0100,not_in_hts_universe
phase,handtool_seg,02_1_0101,not_in_hts_universe
phase,handtool_seg,02_1_0102,not_in_hts_universe
phase,handtool_seg,02_1_0103,not_in_hts_universe
phase,handtool_seg,02_1_0105,not_in_hts_universe
phase,handtool_seg,02_1_0122,not_in_hts_universe
phase,handtool_seg,02_1_0177,not_in_hts_universe
phase,handtool_seg,02_1_0391,not_in_hts_universe
phase,handtool_seg,02_1_0392,not_in_hts_universe
phase,handtool_seg,02_1_0426,not_in_hts_universe
phase,handtool_seg,02_1_0440,listed_but_zero_annotation
phase,handtool_seg,02_1_0454,not_in_hts_universe
phase,handtool_seg,02_1_0482,not_in_hts_universe
phase,handtool_seg,02_1_0486,not_in_hts_universe
phase,handtool_seg,02_1_0487,not_in_hts_universe
phase,handtool_seg,02_1_0488,not_in_hts_universe
phase,handtool_seg,02_1_0652,not_in_hts_universe
phase,handtool_seg,02_1_0653,not_in_hts_universe
phase,handtool_seg,02_1_0654,not_in_hts_universe
phase,handtool_seg,02_1_0657,not_in_hts_universe
phase,handtool_seg,02_1_0658,not_in_hts_universe
phase,handtool_seg,02_1_0662,not_in_hts_universe
phase,handtool_seg,02_1_0663,not_in_hts_universe
phase,handtool_seg,02_1_0664,not_in_hts_universe
phase,handtool_seg,02_1_0665,not_in_hts_universe
phase,handtool_seg,02_1_0666,not_in_hts_universe
phase,handtool_seg,02_1_0667,not_in_hts_universe
phase,handtool_seg,02_1_0668,not_in_hts_universe
phase,handtool_seg,02_1_0724,not_in_hts_universe
phase,handtool_seg,02_1_0769,not_in_hts_universe
phase,handtool_seg,03_2_0139,not_in_hts_universe
phase,handtool_seg,03_2_0153,not_in_hts_universe
phase,handtool_seg,03_2_0170,listed_but_zero_annotation
phase,handtool_seg,03_2_0172,listed_but_zero_annotation
phase,handtool_seg,03_2_0173,not_in_hts_universe
phase,handtool_seg,03_2_0179,not_in_hts_universe
phase,handtool_seg,03_2_0190,not_in_hts_universe
phase,handtool_seg,03_2_0191,listed_but_zero_annotation
phase,handtool_seg,03_2_0192,not_in_hts_universe
phase,handtool_seg,03_2_0193,not_in_hts_universe
phase,handtool_seg,03_2_0247,not_in_hts_universe
phase,handtool_seg,03_2_0307,not_in_hts_universe
phase,handtool_seg,03_2_0368,not_in_hts_universe
phase,handtool_seg,03_2_0464,not_in_hts_universe
phase,handtool_seg,03_2_0484,not_in_hts_universe
phase,handtool_seg,03_2_0499,not_in_hts_universe
phase,handtool_seg,03_2_0505,not_in_hts_universe
phase,handtool_seg,03_2_0510,not_in_hts_universe
phase,handtool_seg,03_2_0536,not_in_hts_universe
phase,handtool_seg,03_2_0538,listed_but_zero_annotation
phase,handtool_seg,03_2_0545,not_in_hts_universe
phase,handtool_seg,03_2_0546,not_in_hts_universe
phase,handtool_seg,03_2_0554,not_in_hts_universe
phase,handtool_seg,03_2_0555,not_in_hts_universe
phase,handtool_seg,03_2_0564,not_in_hts_universe
phase,handtool_seg,03_2_0569,listed_but_zero_annotation
phase,handtool_seg,03_2_0596,listed_but_zero_annotation
phase,handtool_seg,03_2_0598,listed_but_zero_annotation
phase,handtool_seg,03_2_0620,not_in_hts_universe
phase,handtool_seg,03_2_0621,not_in_hts_universe
phase,handtool_seg,03_2_0645,not_in_hts_universe
phase,handtool_seg,03_2_0663,not_in_hts_universe
phase,handtool_seg,03_2_0710,not_in_hts_universe
phase,handtool_seg,03_2_0712,not_in_hts_universe
phase,handtool_seg,03_2_0713,not_in_hts_universe
phase,handtool_seg,03_2_0751,not_in_hts_universe
phase,handtool_seg,03_2_0752,not_in_hts_universe
phase,handtool_seg,03_2_0785,not_in_hts_universe
phase,handtool_seg,03_2_0791,not_in_hts_universe
phase,handtool_seg,03_2_0813,listed_but_zero_annotation
phase,handtool_seg,03_2_0815,not_in_hts_universe
phase,handtool_seg,03_2_0816,not_in_hts_universe
phase,handtool_seg,03_2_0817,not_in_hts_universe
phase,handtool_seg,03_2_0818,not_in_hts_universe
phase,handtool_seg,03_2_0842,not_in_hts_universe
phase,handtool_seg,03_2_0843,listed_but_zero_annotation
phase,handtool_seg,03_2_0844,listed_but_zero_annotation
phase,handtool_seg,03_2_0867,listed_but_zero_annotation
phase,handtool_seg,03_2_0868,listed_but_zero_annotation
phase,handtool_seg,03_2_0897,listed_but_zero_annotation
phase,handtool_seg,03_2_0908,not_in_hts_universe
phase,handtool_seg,03_2_0942,not_in_hts_universe
phase,handtool_seg,03_2_0943,not_in_hts_universe
phase,handtool_seg,03_2_0944,listed_but_zero_annotation
phase,handtool_seg,03_2_0946,not_in_hts_universe
phase,handtool_seg,03_2_0952,listed_but_zero_annotation
phase,handtool_seg,03_2_0954,not_in_hts_universe
phase,handtool_seg,03_2_0978,not_in_hts_universe
phase,handtool_seg,03_2_0979,not_in_hts_universe
phase,handtool_seg,03_2_1020,not_in_hts_universe
phase,handtool_seg,03_2_1032,not_in_hts_universe
phase,handtool_seg,03_2_1033,not_in_hts_universe
phase,handtool_seg,03_2_1057,not_in_hts_universe
phase,handtool_seg,03_2_1076,listed_but_zero_annotation
phase,handtool_seg,03_2_1096,not_in_hts_universe
phase,handtool_seg,03_2_1101,not_in_hts_universe
phase,handtool_seg,03_2_1212,listed_but_zero_annotation
phase,handtool_seg,03_2_1213,not_in_hts_universe
phase,handtool_seg,03_2_1214,listed_but_zero_annotation
phase,handtool_seg,03_2_1216,not_in_hts_universe
phase,handtool_seg,03_2_1227,not_in_hts_universe
phase,handtool_seg,03_2_1240,not_in_hts_universe
phase,handtool_seg,03_2_1247,not_in_hts_universe
phase,handtool_seg,03_2_1260,not_in_hts_universe
phase,handtool_seg,03_2_1272,not_in_hts_universe
phase,handtool_seg,03_2_1277,not_in_hts_universe
phase,handtool_seg,03_2_1278,listed_but_zero_annotation
phase,handtool_seg,03_2_1298,not_in_hts_universe
phase,handtool_seg,03_2_1301,not_in_hts_universe
phase,handtool_seg,03_2_1303,not_in_hts_universe
phase,handtool_seg,03_2_1305,not_in_hts_universe
phase,handtool_seg,03_2_1312,not_in_hts_universe
phase,handtool_seg,03_2_1313,not_in_hts_universe
phase,handtool_seg,03_2_1314,not_in_hts_universe
phase,handtool_seg,03_2_1316,not_in_hts_universe
phase,handtool_seg,03_2_1331,not_in_hts_universe
phase,handtool_seg,03_2_1337,not_in_hts_universe
phase,handtool_seg,03_2_1354,not_in_hts_universe
phase,handtool_seg,03_2_1364,not_in_hts_universe
phase,handtool_seg,03_2_1367,not_in_hts_universe
phase,handtool_seg,03_2_1371,not_in_hts_universe
phase,handtool_seg,03_2_1390,not_in_hts_universe
phase,handtool_seg,03_2_1403,not_in_hts_universe
phase,handtool_seg,03_2_1415,not_in_hts_universe
phase,handtool_seg,03_2_1467,not_in_hts_universe
phase,handtool_seg,03_2_1472,listed_but_zero_annotation
phase,handtool_seg,03_2_1473,not_in_hts_universe
phase,handtool_seg,03_2_1475,not_in_hts_universe
phase,handtool_seg,03_2_1476,not_in_hts_universe
phase,handtool_seg,03_2_1503,not_in_hts_universe
phase,handtool_seg,03_2_1504,not_in_hts_universe
phase,handtool_seg,03_2_1505,not_in_hts_universe
phase,handtool_seg,03_2_1506,not_in_hts_universe
phase,handtool_seg,03_2_1507,not_in_hts_universe
phase,handtool_seg,03_2_1508,not_in_hts_universe
phase,handtool_seg,03_2_1509,not_in_hts_universe
phase,handtool_seg,03_2_1510,not_in_hts_universe
phase,handtool_seg,03_2_1528,not_in_hts_universe
phase,handtool_seg,03_2_1529,not_in_hts_universe
phase,handtool_seg,03_2_1530,not_in_hts_universe
phase,handtool_seg,03_2_1531,not_in_hts_universe
phase,handtool_seg,03_2_1532,not_in_hts_universe
phase,handtool_seg,03_2_1533,not_in_hts_universe
phase,handtool_seg,03_2_1534,not_in_hts_universe
phase,handtool_seg,03_2_1544,listed_but_zero_annotation
phase,handtool_seg,03_2_1556,not_in_hts_universe
phase,handtool_seg,03_2_1557,not_in_hts_universe
phase,handtool_seg,03_2_1558,not_in_hts_universe
phase,handtool_seg,03_2_1559,not_in_hts_universe
phase,handtool_seg,03_2_1560,not_in_hts_universe
phase,handtool_seg,03_2_1589,not_in_hts_universe
phase,handtool_seg,03_2_1590,not_in_hts_universe
phase,handtool_seg,03_2_1591,not_in_hts_universe
phase,handtool_seg,03_2_1592,not_in_hts_universe
phase,handtool_seg,03_2_1593,not_in_hts_universe
phase,handtool_seg,03_2_1594,not_in_hts_universe
phase,handtool_seg,03_2_1681,not_in_hts_universe
phase,handtool_seg,03_3_0001,not_in_hts_universe
phase,handtool_seg,03_3_0002,not_in_hts_universe
phase,handtool_seg,03_3_0003,not_in_hts_universe
phase,handtool_seg,03_3_0004,not_in_hts_universe
phase,handtool_seg,03_3_0005,not_in_hts_universe
phase,handtool_seg,03_3_0006,not_in_hts_universe
phase,handtool_seg,03_3_0007,not_in_hts_universe
phase,handtool_seg,03_3_0008,not_in_hts_universe
phase,handtool_seg,03_3_0009,not_in_hts_universe
phase,handtool_seg,03_3_0010,not_in_hts_universe
phase,handtool_seg,03_3_0011,not_in_hts_universe
phase,handtool_seg,03_3_0012,not_in_hts_universe
phase,handtool_seg,03_3_0013,not_in_hts_universe
phase,handtool_seg,03_3_0014,not_in_hts_universe
phase,handtool_seg,03_3_0015,not_in_hts_universe
phase,handtool_seg,03_3_0016,not_in_hts_universe
phase,handtool_seg,03_3_0017,not_in_hts_universe
phase,handtool_seg,03_3_0018,not_in_hts_universe
phase,handtool_seg,03_3_0019,not_in_hts_universe
phase,handtool_seg,03_3_0020,not_in_hts_universe
phase,handtool_seg,03_3_0021,not_in_hts_universe
phase,handtool_seg,03_3_0022,not_in_hts_universe
phase,handtool_seg,03_3_0023,not_in_hts_universe
phase,handtool_seg,03_3_0024,not_in_hts_universe
phase,handtool_seg,03_3_0025,not_in_hts_universe
phase,handtool_seg,03_3_0026,not_in_hts_universe
phase,handtool_seg,03_3_0027,not_in_hts_universe
phase,handtool_seg,03_3_0028,not_in_hts_universe
phase,handtool_seg,03_3_0029,not_in_hts_universe
phase,handtool_seg,03_3_0030,not_in_hts_universe
phase,handtool_seg,03_3_0034,not_in_hts_universe
phase,handtool_seg,03_3_0035,not_in_hts_universe
phase,handtool_seg,03_3_0036,not_in_hts_universe
phase,handtool_seg,03_3_0101,not_in_hts_universe
phase,handtool_seg,03_3_0102,not_in_hts_universe
phase,handtool_seg,03_3_0103,not_in_hts_universe
phase,handtool_seg,03_3_0104,not_in_hts_universe
phase,handtool_seg,03_3_0105,not_in_hts_universe
phase,handtool_seg,03_3_0106,not_in_hts_universe
phase,handtool_seg,03_3_0107,not_in_hts_universe
phase,handtool_seg,03_3_0108,not_in_hts_universe
phase,handtool_seg,03_3_0109,not_in_hts_universe
phase,handtool_seg,03_3_0110,not_in_hts_universe
phase,handtool_seg,03_3_0113,not_in_hts_universe
phase,handtool_seg,03_3_0114,not_in_hts_universe
phase,handtool_seg,03_3_0115,not_in_hts_universe
phase,handtool_seg,03_3_0116,not_in_hts_universe
phase,handtool_seg,03_3_0117,not_in_hts_universe
phase,handtool_seg,03_3_0118,not_in_hts_universe
phase,handtool_seg,03_3_0119,not_in_hts_universe
phase,handtool_seg,03_3_0120,not_in_hts_universe
phase,handtool_seg,03_3_0121,not_in_hts_universe
phase,handtool_seg,03_3_0122,not_in_hts_universe
phase,handtool_seg,03_3_0123,not_in_hts_universe
phase,handtool_seg,03_3_0124,not_in_hts_universe
phase,handtool_seg,03_3_0125,not_in_hts_universe
phase,handtool_seg,03_3_0126,not_in_hts_universe
phase,handtool_seg,03_3_0127,not_in_hts_universe
phase,handtool_seg,03_3_0128,not_in_hts_universe
phase,handtool_seg,03_3_0129,not_in_hts_universe
phase,handtool_seg,03_3_0130,not_in_hts_universe
phase,handtool_seg,03_3_0131,not_in_hts_universe
phase,handtool_seg,03_3_0134,not_in_hts_universe
phase,handtool_seg,03_3_0135,not_in_hts_universe
phase,handtool_seg,03_3_0136,not_in_hts_universe
phase,handtool_seg,03_3_0137,not_in_hts_universe
phase,handtool_seg,03_3_0138,not_in_hts_universe
phase,handtool_seg,03_3_0139,not_in_hts_universe
phase,handtool_seg,03_3_0140,not_in_hts_universe
phase,handtool_seg,03_3_0141,not_in_hts_universe
phase,handtool_seg,03_3_0142,not_in_hts_universe
phase,handtool_seg,03_3_0143,not_in_hts_universe
phase,handtool_seg,03_3_0144,not_in_hts_universe
phase,handtool_seg,03_3_0145,not_in_hts_universe
phase,handtool_seg,03_3_0146,not_in_hts_universe
phase,handtool_seg,03_3_0147,not_in_hts_universe
phase,handtool_seg,03_3_0148,not_in_hts_universe
phase,handtool_seg,03_3_0149,not_in_hts_universe
phase,handtool_seg,03_3_0150,not_in_hts_universe
phase,handtool_seg,03_3_0151,not_in_hts_universe
phase,handtool_seg,03_3_0152,not_in_hts_universe
phase,handtool_seg,03_3_0153,not_in_hts_universe
phase,handtool_seg,03_3_0154,not_in_hts_universe
phase,handtool_seg,03_3_0155,not_in_hts_universe
phase,handtool_seg,03_3_0156,not_in_hts_universe
phase,handtool_seg,03_3_0159,not_in_hts_universe
phase,handtool_seg,03_3_0160,not_in_hts_universe
phase,handtool_seg,03_3_0161,not_in_hts_universe
phase,handtool_seg,03_3_0162,not_in_hts_universe
phase,handtool_seg,03_3_0163,not_in_hts_universe
phase,handtool_seg,03_3_0164,not_in_hts_universe
phase,handtool_seg,03_3_0165,not_in_hts_universe
phase,handtool_seg,03_3_0166,not_in_hts_universe
phase,handtool_seg,03_3_0167,not_in_hts_universe
phase,handtool_seg,03_3_0168,not_in_hts_universe
phase,handtool_seg,03_3_0169,not_in_hts_universe
phase,handtool_seg,03_3_0170,not_in_hts_universe
phase,handtool_seg,03_3_0171,not_in_hts_universe
phase,handtool_seg,03_3_0172,not_in_hts_universe
phase,handtool_seg,03_3_0173,not_in_hts_universe
phase,handtool_seg,03_3_0174,not_in_hts_universe
phase,handtool_seg,03_3_0175,not_in_hts_universe
phase,handtool_seg,03_3_0176,not_in_hts_universe
phase,handtool_seg,03_3_0177,not_in_hts_universe
phase,handtool_seg,03_3_0178,not_in_hts_universe
phase,handtool_seg,03_3_0181,not_in_hts_universe
phase,handtool_seg,03_3_0182,not_in_hts_universe
phase,handtool_seg,03_3_0183,not_in_hts_universe
phase,handtool_seg,03_3_0184,not_in_hts_universe
phase,handtool_seg,03_3_0185,not_in_hts_universe
phase,handtool_seg,03_3_0186,not_in_hts_universe
phase,handtool_seg,03_3_0187,not_in_hts_universe
phase,handtool_seg,03_3_0188,not_in_hts_universe
phase,handtool_seg,03_3_0189,not_in_hts_universe
phase,handtool_seg,03_3_0190,not_in_hts_universe
phase,handtool_seg,03_3_0191,not_in_hts_universe
phase,handtool_seg,03_3_0192,not_in_hts_universe
phase,handtool_seg,03_3_0193,not_in_hts_universe
phase,handtool_seg,03_3_0194,not_in_hts_universe
phase,handtool_seg,03_3_0195,not_in_hts_universe
phase,handtool_seg,03_3_0196,not_in_hts_universe
phase,handtool_seg,03_3_0197,not_in_hts_universe
phase,handtool_seg,03_3_0198,not_in_hts_universe
phase,handtool_seg,03_3_0199,not_in_hts_universe
phase,handtool_seg,03_3_0200,not_in_hts_universe
phase,handtool_seg,03_3_0201,not_in_hts_universe
phase,handtool_seg,03_3_0202,not_in_hts_universe
phase,handtool_seg,03_3_0203,not_in_hts_universe
phase,handtool_seg,03_3_0204,not_in_hts_universe
phase,handtool_seg,03_3_0205,not_in_hts_universe
phase,handtool_seg,03_3_0206,not_in_hts_universe
phase,handtool_seg,03_3_0207,not_in_hts_universe
phase,handtool_seg,03_3_0208,not_in_hts_universe
phase,handtool_seg,03_3_0209,not_in_hts_universe
phase,handtool_seg,03_3_0210,not_in_hts_universe
phase,handtool_seg,03_3_0211,not_in_hts_universe
phase,handtool_seg,03_3_0212,not_in_hts_universe
phase,handtool_seg,03_3_0213,not_in_hts_universe
phase,handtool_seg,03_3_0214,not_in_hts_universe
phase,handtool_seg,03_3_0215,not_in_hts_universe
phase,handtool_seg,03_3_0216,not_in_hts_universe
phase,handtool_seg,03_3_0217,not_in_hts_universe
phase,handtool_seg,03_3_0218,not_in_hts_universe
phase,handtool_seg,03_3_0219,not_in_hts_universe
phase,handtool_seg,03_3_0220,not_in_hts_universe
phase,handtool_seg,03_3_0221,not_in_hts_universe
phase,handtool_seg,03_3_0222,not_in_hts_universe
phase,handtool_seg,03_3_0223,not_in_hts_universe
phase,handtool_seg,03_3_0224,not_in_hts_universe
phase,handtool_seg,03_3_0225,not_in_hts_universe
phase,handtool_seg,03_3_0226,not_in_hts_universe
phase,handtool_seg,03_3_0227,not_in_hts_universe
phase,handtool_seg,03_3_0229,not_in_hts_universe
phase,handtool_seg,03_3_0230,not_in_hts_universe
phase,handtool_seg,03_3_0231,not_in_hts_universe
phase,handtool_seg,03_3_0232,not_in_hts_universe
phase,handtool_seg,03_3_0233,not_in_hts_universe
phase,handtool_seg,03_3_0234,not_in_hts_universe
phase,handtool_seg,03_3_0235,not_in_hts_universe
phase,handtool_seg,03_3_0236,not_in_hts_universe
phase,handtool_seg,03_3_0237,not_in_hts_universe
phase,handtool_seg,03_3_0238,not_in_hts_universe
phase,handtool_seg,03_3_0239,not_in_hts_universe
phase,handtool_seg,03_3_0240,not_in_hts_universe
phase,handtool_seg,03_3_0241,not_in_hts_universe
phase,handtool_seg,03_3_0242,not_in_hts_universe
phase,handtool_seg,03_3_0243,not_in_hts_universe
phase,handtool_seg,03_3_0244,not_in_hts_universe
phase,handtool_seg,04_1_0122,not_in_hts_universe
phase,handtool_seg,04_1_0123,not_in_hts_universe
phase,handtool_seg,04_1_0124,not_in_hts_universe
phase,handtool_seg,04_1_0125,not_in_hts_universe
phase,handtool_seg,04_1_0126,not_in_hts_universe
phase,handtool_seg,04_1_0127,not_in_hts_universe
phase,handtool_seg,04_1_0128,not_in_hts_universe
phase,handtool_seg,04_1_0129,not_in_hts_universe
phase,handtool_seg,04_1_0130,not_in_hts_universe
phase,handtool_seg,04_1_0131,not_in_hts_universe
phase,handtool_seg,04_1_0132,not_in_hts_universe
phase,handtool_seg,04_1_0133,not_in_hts_universe
phase,handtool_seg,04_1_0134,not_in_hts_universe
phase,handtool_seg,04_1_0135,not_in_hts_universe
phase,handtool_seg,04_1_0136,not_in_hts_universe
phase,handtool_seg,04_1_0137,not_in_hts_universe
phase,handtool_seg,04_1_0138,not_in_hts_universe
phase,handtool_seg,04_1_0230,not_in_hts_universe
phase,handtool_seg,04_1_0231,not_in_hts_universe
phase,handtool_seg,04_1_0232,not_in_hts_universe
phase,handtool_seg,04_1_0233,not_in_hts_universe
phase,handtool_seg,04_1_0234,not_in_hts_universe
phase,handtool_seg,04_1_0235,not_in_hts_universe
phase,handtool_seg,04_1_0236,not_in_hts_universe
phase,handtool_seg,04_1_0237,not_in_hts_universe
phase,handtool_seg,04_1_0238,not_in_hts_universe
phase,handtool_seg,04_1_0239,not_in_hts_universe
phase,handtool_seg,04_1_0240,not_in_hts_universe
phase,handtool_seg,04_1_0241,not_in_hts_universe
phase,handtool_seg,04_1_0242,not_in_hts_universe
phase,handtool_seg,04_1_0243,not_in_hts_universe
phase,handtool_seg,04_1_0244,not_in_hts_universe
phase,handtool_seg,04_1_0245,not_in_hts_universe
phase,handtool_seg,04_1_0246,not_in_hts_universe
phase,handtool_seg,04_1_0247,not_in_hts_universe
phase,handtool_seg,04_1_0248,not_in_hts_universe
phase,handtool_seg,04_1_0249,not_in_hts_universe
phase,handtool_seg,04_1_0250,not_in_hts_universe
phase,handtool_seg,04_1_0251,not_in_hts_universe
phase,handtool_seg,04_1_0252,not_in_hts_universe
phase,handtool_seg,04_1_0253,not_in_hts_universe
phase,handtool_seg,04_1_0254,not_in_hts_universe
phase,handtool_seg,04_1_0255,not_in_hts_universe
phase,handtool_seg,04_1_0256,not_in_hts_universe
phase,handtool_seg,04_1_0257,not_in_hts_universe
phase,handtool_seg,04_1_0258,not_in_hts_universe
phase,handtool_seg,04_1_0259,not_in_hts_universe
phase,handtool_seg,04_1_0260,not_in_hts_universe
phase,handtool_seg,04_1_0261,not_in_hts_universe
phase,handtool_seg,04_1_0262,not_in_hts_universe
phase,handtool_seg,04_1_0263,not_in_hts_universe
phase,handtool_seg,04_1_0264,not_in_hts_universe
phase,handtool_seg,04_1_0265,not_in_hts_universe
phase,handtool_seg,04_1_0266,not_in_hts_universe
phase,handtool_seg,04_1_0267,not_in_hts_universe
phase,handtool_seg,04_1_0268,not_in_hts_universe
phase,handtool_seg,04_1_0269,not_in_hts_universe
phase,handtool_seg,04_1_0270,not_in_hts_universe
phase,handtool_seg,04_1_0271,not_in_hts_universe
phase,handtool_seg,04_1_0272,not_in_hts_universe
phase,handtool_seg,04_1_0273,not_in_hts_universe
phase,handtool_seg,04_1_0274,not_in_hts_universe
phase,handtool_seg,04_1_0275,not_in_hts_universe
phase,handtool_seg,04_1_0276,not_in_hts_universe
phase,handtool_seg,04_1_0277,not_in_hts_universe
phase,handtool_seg,04_1_0278,not_in_hts_universe
phase,handtool_seg,04_1_0279,not_in_hts_universe
phase,handtool_seg,04_1_0280,not_in_hts_universe
phase,handtool_seg,04_1_0281,not_in_hts_universe
phase,handtool_seg,04_1_0282,not_in_hts_universe
phase,handtool_seg,04_1_0283,not_in_hts_universe
phase,handtool_seg,04_1_0284,not_in_hts_universe
phase,handtool_seg,04_1_0285,not_in_hts_universe
phase,handtool_seg,04_1_0286,not_in_hts_universe
phase,handtool_seg,04_1_0287,not_in_hts_universe
phase,handtool_seg,04_1_0288,not_in_hts_universe
phase,handtool_seg,04_1_0289,not_in_hts_universe
phase,handtool_seg,04_1_0290,not_in_hts_universe
phase,handtool_seg,04_1_0291,not_in_hts_universe
phase,handtool_seg,04_1_0292,not_in_hts_universe
phase,handtool_seg,04_1_0293,not_in_hts_universe
phase,handtool_seg,04_1_0294,not_in_hts_universe
phase,handtool_seg,04_1_0295,not_in_hts_universe
phase,handtool_seg,04_1_0296,not_in_hts_universe
phase,handtool_seg,04_1_0297,not_in_hts_universe
phase,handtool_seg,04_1_0298,not_in_hts_universe
phase,handtool_seg,04_1_0299,not_in_hts_universe
phase,handtool_seg,04_1_0300,not_in_hts_universe
phase,handtool_seg,04_1_0301,not_in_hts_universe
phase,handtool_seg,04_1_0302,not_in_hts_universe
phase,handtool_seg,04_1_0303,not_in_hts_universe
phase,handtool_seg,04_1_0304,not_in_hts_universe
phase,handtool_seg,04_1_0305,not_in_hts_universe
phase,handtool_seg,04_1_0306,not_in_hts_universe
phase,handtool_seg,04_1_0307,not_in_hts_universe
phase,handtool_seg,04_1_0308,not_in_hts_universe
phase,handtool_seg,04_1_0309,not_in_hts_universe
phase,handtool_seg,04_1_0310,not_in_hts_universe
phase,handtool_seg,04_1_0311,not_in_hts_universe
phase,handtool_seg,04_1_0312,not_in_hts_universe
phase,handtool_seg,04_1_0313,not_in_hts_universe
phase,handtool_seg,04_1_0314,not_in_hts_universe
phase,handtool_seg,04_1_0315,not_in_hts_universe
phase,handtool_seg,04_1_0316,not_in_hts_universe
phase,handtool_seg,04_1_0317,not_in_hts_universe
phase,handtool_seg,04_1_0318,not_in_hts_universe
phase,handtool_seg,04_1_0319,not_in_hts_universe
phase,handtool_seg,04_1_0320,not_in_hts_universe
phase,handtool_seg,04_1_0321,not_in_hts_universe
phase,handtool_seg,04_1_0322,not_in_hts_universe
phase,handtool_seg,04_1_0323,not_in_hts_universe
phase,handtool_seg,04_1_0324,not_in_hts_universe
phase,handtool_seg,04_1_0325,not_in_hts_universe
phase,handtool_seg,04_1_0326,not_in_hts_universe
phase,handtool_seg,04_1_0327,not_in_hts_universe
phase,handtool_seg,04_1_0328,not_in_hts_universe
phase,handtool_seg,04_1_0329,not_in_hts_universe
phase,handtool_seg,04_1_0330,not_in_hts_universe
phase,handtool_seg,04_1_0331,not_in_hts_universe
phase,handtool_seg,04_1_0332,not_in_hts_universe
phase,handtool_seg,04_1_0333,not_in_hts_universe
phase,handtool_seg,04_1_0334,not_in_hts_universe
phase,handtool_seg,04_1_0335,not_in_hts_universe
phase,handtool_seg,04_1_0336,not_in_hts_universe
phase,handtool_seg,04_1_0337,not_in_hts_universe
phase,handtool_seg,04_1_0338,not_in_hts_universe
phase,handtool_seg,04_1_0340,not_in_hts_universe
phase,handtool_seg,04_1_0341,not_in_hts_universe
phase,handtool_seg,04_1_0342,not_in_hts_universe
phase,handtool_seg,04_1_0343,not_in_hts_universe
phase,handtool_seg,04_1_0344,not_in_hts_universe
phase,handtool_seg,04_1_0345,not_in_hts_universe
phase,handtool_seg,04_1_0346,not_in_hts_universe
phase,handtool_seg,04_1_0347,not_in_hts_universe
phase,handtool_seg,04_1_0348,not_in_hts_universe
phase,handtool_seg,04_1_0349,not_in_hts_universe
phase,handtool_seg,04_1_0350,not_in_hts_universe
phase,handtool_seg,04_1_0351,not_in_hts_universe
phase,handtool_seg,04_1_0352,not_in_hts_universe
phase,handtool_seg,04_1_0353,not_in_hts_universe
phase,handtool_seg,04_1_0354,not_in_hts_universe
phase,handtool_seg,04_1_0355,not_in_hts_universe
phase,handtool_seg,04_1_0356,not_in_hts_universe
phase,handtool_seg,04_1_0357,not_in_hts_universe
phase,handtool_seg,04_1_0358,not_in_hts_universe
phase,handtool_seg,04_1_0359,not_in_hts_universe
phase,handtool_seg,04_1_0360,not_in_hts_universe
phase,handtool_seg,04_1_0361,not_in_hts_universe
phase,handtool_seg,04_1_0362,not_in_hts_universe
phase,handtool_seg,04_1_0363,not_in_hts_universe
phase,handtool_seg,04_1_0364,not_in_hts_universe
phase,handtool_seg,04_1_0365,not_in_hts_universe
phase,handtool_seg,04_1_0366,not_in_hts_universe
phase,handtool_seg,04_1_0367,not_in_hts_universe
phase,handtool_seg,04_1_0368,not_in_hts_universe
phase,handtool_seg,04_1_0369,not_in_hts_universe
phase,handtool_seg,04_1_0370,not_in_hts_universe
phase,handtool_seg,04_1_0371,not_in_hts_universe
phase,handtool_seg,04_1_0372,not_in_hts_universe
phase,handtool_seg,04_1_0373,not_in_hts_universe
phase,handtool_seg,04_1_0374,not_in_hts_universe
phase,handtool_seg,04_1_0375,not_in_hts_universe
phase,handtool_seg,04_1_0376,not_in_hts_universe
phase,handtool_seg,04_1_0377,not_in_hts_universe
phase,handtool_seg,04_1_0378,not_in_hts_universe
phase,handtool_seg,04_1_0379,not_in_hts_universe
phase,handtool_seg,04_1_0380,not_in_hts_universe
phase,handtool_seg,04_1_0381,not_in_hts_universe
phase,handtool_seg,04_1_0382,not_in_hts_universe
phase,handtool_seg,04_1_0383,not_in_hts_universe
phase,handtool_seg,04_1_0384,not_in_hts_universe
phase,handtool_seg,04_1_0385,not_in_hts_universe
phase,handtool_seg,04_1_0386,not_in_hts_universe
phase,handtool_seg,04_1_0387,not_in_hts_universe
phase,handtool_seg,04_1_0388,not_in_hts_universe
phase,handtool_seg,04_1_0389,not_in_hts_universe
phase,handtool_seg,04_1_0390,not_in_hts_universe
phase,handtool_seg,04_1_0391,not_in_hts_universe
phase,handtool_seg,04_1_0392,not_in_hts_universe
phase,handtool_seg,04_1_0393,not_in_hts_universe
phase,handtool_seg,04_1_0394,not_in_hts_universe
phase,handtool_seg,04_1_0395,not_in_hts_universe
phase,handtool_seg,04_1_0396,not_in_hts_universe
phase,handtool_seg,04_1_0397,not_in_hts_universe
phase,handtool_seg,04_1_0398,not_in_hts_universe
phase,handtool_seg,04_1_0399,not_in_hts_universe
phase,handtool_seg,04_1_0400,not_in_hts_universe
phase,handtool_seg,04_1_0508,not_in_hts_universe
phase,handtool_seg,04_1_0509,not_in_hts_universe
phase,handtool_seg,04_1_0510,not_in_hts_universe
phase,handtool_seg,04_1_0553,not_in_hts_universe
phase,handtool_seg,04_1_0554,not_in_hts_universe
phase,handtool_seg,04_1_0598,not_in_hts_universe
phase,handtool_seg,04_1_0599,not_in_hts_universe
phase,handtool_seg,04_1_0616,not_in_hts_universe
phase,handtool_seg,04_1_0656,not_in_hts_universe
phase,handtool_seg,04_1_0667,not_in_hts_universe
phase,handtool_seg,04_1_0706,not_in_hts_universe
phase,handtool_seg,04_1_0716,not_in_hts_universe
phase,handtool_seg,04_1_0800,not_in_hts_universe
phase,handtool_seg,04_1_0819,not_in_hts_universe
phase,handtool_seg,04_1_0853,not_in_hts_universe
phase,handtool_seg,04_1_0903,not_in_hts_universe
phase,handtool_seg,04_1_0937,not_in_hts_universe
phase,handtool_seg,04_1_0966,not_in_hts_universe
phase,handtool_seg,04_1_1012,not_in_hts_universe
phase,handtool_seg,04_1_1018,listed_but_zero_annotation
phase,handtool_seg,04_1_1043,not_in_hts_universe
phase,handtool_seg,04_1_1048,listed_but_zero_annotation
phase,handtool_seg,04_1_1049,listed_but_zero_annotation
phase,handtool_seg,04_1_1053,listed_but_zero_annotation
phase,handtool_seg,04_1_1055,listed_but_zero_annotation
phase,handtool_seg,04_1_1056,listed_but_zero_annotation
phase,handtool_seg,04_1_1057,listed_but_zero_annotation
phase,handtool_seg,04_1_1059,listed_but_zero_annotation
phase,handtool_seg,04_1_1062,listed_but_zero_annotation
phase,handtool_seg,04_1_1064,not_in_hts_universe
phase,handtool_seg,04_1_1100,not_in_hts_universe
phase,handtool_seg,04_1_1101,not_in_hts_universe
phase,handtool_seg,04_1_1102,not_in_hts_universe
phase,handtool_seg,04_1_1103,not_in_hts_universe
phase,handtool_seg,04_1_1104,not_in_hts_universe
phase,handtool_seg,04_1_1105,not_in_hts_universe
phase,handtool_seg,04_1_1106,not_in_hts_universe
phase,handtool_seg,04_1_1136,not_in_hts_universe
phase,handtool_seg,04_1_1151,not_in_hts_universe
phase,handtool_seg,04_1_1155,not_in_hts_universe
phase,handtool_seg,04_1_1158,not_in_hts_universe
phase,handtool_seg,04_1_1183,not_in_hts_universe
phase,handtool_seg,04_1_1184,not_in_hts_universe
phase,handtool_seg,04_1_1208,not_in_hts_universe
phase,handtool_seg,04_1_1232,not_in_hts_universe
phase,handtool_seg,04_1_1235,not_in_hts_universe
phase,handtool_seg,04_1_1237,not_in_hts_universe
phase,handtool_seg,04_1_1238,not_in_hts_universe
phase,handtool_seg,04_1_1239,not_in_hts_universe
phase,handtool_seg,04_1_1247,not_in_hts_universe
phase,handtool_seg,04_1_1248,not_in_hts_universe
phase,handtool_seg,04_1_1249,listed_but_zero_annotation
phase,handtool_seg,04_1_1267,not_in_hts_universe
phase,handtool_seg,04_1_1271,not_in_hts_universe
phase,handtool_seg,04_1_1275,not_in_hts_universe
phase,handtool_seg,04_1_1276,not_in_hts_universe
phase,handtool_seg,04_1_1283,not_in_hts_universe
phase,handtool_seg,04_1_1295,not_in_hts_universe
phase,handtool_seg,04_1_1498,not_in_hts_universe
phase,handtool_seg,04_1_1500,not_in_hts_universe
phase,handtool_seg,04_1_1639,not_in_hts_universe
phase,handtool_seg,04_2_0050,not_in_hts_universe
phase,handtool_seg,04_2_0053,not_in_hts_universe
phase,handtool_seg,04_2_0460,not_in_hts_universe
phase,handtool_seg,04_2_0461,not_in_hts_universe
phase,handtool_seg,04_2_0462,not_in_hts_universe
phase,handtool_seg,04_2_0463,not_in_hts_universe
phase,handtool_seg,04_2_0464,not_in_hts_universe
phase,handtool_seg,04_2_0465,not_in_hts_universe
phase,handtool_seg,04_2_0466,not_in_hts_universe
phase,handtool_seg,04_2_0467,not_in_hts_universe
phase,handtool_seg,04_2_0468,not_in_hts_universe
phase,handtool_seg,04_2_0469,not_in_hts_universe
phase,handtool_seg,04_2_0470,not_in_hts_universe
phase,handtool_seg,04_2_0471,not_in_hts_universe
phase,handtool_seg,04_2_0472,not_in_hts_universe
phase,handtool_seg,04_2_0473,not_in_hts_universe
phase,handtool_seg,04_2_0474,not_in_hts_universe
phase,handtool_seg,04_2_0475,not_in_hts_universe
phase,handtool_seg,04_2_0476,not_in_hts_universe
phase,handtool_seg,04_2_0477,not_in_hts_universe
phase,handtool_seg,04_2_0478,not_in_hts_universe
phase,handtool_seg,04_2_0479,not_in_hts_universe
phase,handtool_seg,04_2_0480,not_in_hts_universe
phase,handtool_seg,04_2_0482,not_in_hts_universe
phase,handtool_seg,04_2_0483,not_in_hts_universe
phase,handtool_seg,04_2_0484,not_in_hts_universe
phase,handtool_seg,04_2_0485,not_in_hts_universe
phase,handtool_seg,04_2_0486,not_in_hts_universe
phase,handtool_seg,04_2_0487,not_in_hts_universe
phase,handtool_seg,04_2_0488,not_in_hts_universe
phase,handtool_seg,04_2_0489,not_in_hts_universe
phase,handtool_seg,04_2_0490,not_in_hts_universe
phase,handtool_seg,04_2_0491,not_in_hts_universe
phase,handtool_seg,04_2_0492,not_in_hts_universe
phase,handtool_seg,04_2_0493,not_in_hts_universe
phase,handtool_seg,04_2_0494,not_in_hts_universe
phase,handtool_seg,04_2_0495,not_in_hts_universe
phase,handtool_seg,04_2_0496,not_in_hts_universe
phase,handtool_seg,04_2_0497,not_in_hts_universe
phase,handtool_seg,04_2_0498,not_in_hts_universe
phase,handtool_seg,04_2_0499,not_in_hts_universe
phase,handtool_seg,04_2_0500,not_in_hts_universe
phase,handtool_seg,04_2_0501,not_in_hts_universe
phase,handtool_seg,04_2_0502,not_in_hts_universe
phase,handtool_seg,04_2_0505,not_in_hts_universe
phase,handtool_seg,04_2_0506,not_in_hts_universe
phase,handtool_seg,04_2_0507,not_in_hts_universe
phase,handtool_seg,04_2_0508,not_in_hts_universe
phase,handtool_seg,04_2_0509,not_in_hts_universe
phase,handtool_seg,04_2_0510,not_in_hts_universe
phase,handtool_seg,04_2_0511,not_in_hts_universe
phase,handtool_seg,04_2_0512,not_in_hts_universe
phase,handtool_seg,04_2_0513,not_in_hts_universe
phase,handtool_seg,04_2_0514,not_in_hts_universe
phase,handtool_seg,04_2_0515,not_in_hts_universe
phase,handtool_seg,04_2_0516,not_in_hts_universe
phase,handtool_seg,04_2_0517,not_in_hts_universe
phase,handtool_seg,04_2_0518,not_in_hts_universe
phase,handtool_seg,04_2_0519,not_in_hts_universe
phase,handtool_seg,04_2_0520,not_in_hts_universe
phase,handtool_seg,04_2_0521,not_in_hts_universe
phase,handtool_seg,04_2_0522,not_in_hts_universe
phase,handtool_seg,04_2_0523,not_in_hts_universe
phase,handtool_seg,04_2_0524,not_in_hts_universe
phase,handtool_seg,04_2_0525,not_in_hts_universe
phase,handtool_seg,04_2_0526,not_in_hts_universe
phase,handtool_seg,04_2_0527,not_in_hts_universe
phase,handtool_seg,04_2_0528,not_in_hts_universe
phase,handtool_seg,04_2_0529,not_in_hts_universe
phase,handtool_seg,04_2_0530,not_in_hts_universe
phase,handtool_seg,04_2_0531,not_in_hts_universe
phase,handtool_seg,04_2_0532,not_in_hts_universe
phase,handtool_seg,04_2_0533,not_in_hts_universe
phase,handtool_seg,04_2_0534,not_in_hts_universe
phase,handtool_seg,04_2_0535,not_in_hts_universe
phase,handtool_seg,04_2_0536,not_in_hts_universe
phase,handtool_seg,05_1_0050,not_in_hts_universe
phase,handtool_seg,05_1_0055,not_in_hts_universe
phase,handtool_seg,05_1_0069,not_in_hts_universe
phase,handtool_seg,05_1_0085,not_in_hts_universe
phase,handtool_seg,05_1_0108,not_in_hts_universe
phase,handtool_seg,05_1_0161,listed_but_zero_annotation
phase,handtool_seg,05_1_0167,not_in_hts_universe
phase,handtool_seg,05_1_0168,not_in_hts_universe
phase,handtool_seg,05_1_0184,not_in_hts_universe
phase,handtool_seg,05_1_0212,not_in_hts_universe
phase,handtool_seg,05_1_0217,not_in_hts_universe
phase,handtool_seg,05_1_0218,not_in_hts_universe
phase,handtool_seg,05_1_0230,not_in_hts_universe
phase,handtool_seg,05_1_0254,not_in_hts_universe
phase,handtool_seg,05_1_0267,not_in_hts_universe
phase,handtool_seg,05_1_0273,not_in_hts_universe
phase,handtool_seg,05_1_0293,listed_but_zero_annotation
phase,handtool_seg,05_1_0341,not_in_hts_universe
phase,handtool_seg,05_1_0548,listed_but_zero_annotation
phase,handtool_seg,05_1_0571,not_in_hts_universe
phase,handtool_seg,05_1_0614,not_in_hts_universe
phase,handtool_seg,05_1_0625,not_in_hts_universe
phase,handtool_seg,05_1_0685,not_in_hts_universe
phase,handtool_seg,05_1_0687,listed_but_zero_annotation
phase,handtool_seg,05_1_0738,not_in_hts_universe
phase,handtool_seg,05_1_0740,not_in_hts_universe
phase,handtool_seg,05_1_0814,not_in_hts_universe
phase,handtool_seg,05_1_0844,listed_but_zero_annotation
phase,handtool_seg,05_1_0885,not_in_hts_universe
phase,handtool_seg,05_1_0923,not_in_hts_universe
phase,handtool_seg,05_1_0924,not_in_hts_universe
phase,handtool_seg,05_1_0926,not_in_hts_universe
phase,handtool_seg,05_1_0927,not_in_hts_universe
phase,handtool_seg,05_1_0931,not_in_hts_universe
phase,handtool_seg,05_1_0972,not_in_hts_universe
phase,handtool_seg,05_1_0977,not_in_hts_universe
phase,handtool_seg,05_1_0980,not_in_hts_universe
phase,handtool_seg,05_1_0981,not_in_hts_universe
phase,handtool_seg,05_1_0982,not_in_hts_universe
phase,handtool_seg,05_1_0991,not_in_hts_universe
phase,handtool_seg,05_1_0999,listed_but_zero_annotation
phase,handtool_seg,05_1_1000,listed_but_zero_annotation
phase,handtool_seg,05_1_1024,not_in_hts_universe
phase,handtool_seg,05_1_1025,not_in_hts_universe
phase,handtool_seg,05_1_1027,not_in_hts_universe
phase,handtool_seg,05_1_1028,not_in_hts_universe
phase,handtool_seg,05_1_1031,not_in_hts_universe
phase,handtool_seg,05_1_1149,not_in_hts_universe
phase,handtool_seg,05_1_1170,not_in_hts_universe
phase,handtool_seg,05_1_1176,not_in_hts_universe
phase,handtool_seg,05_1_1191,not_in_hts_universe
phase,handtool_seg,05_1_1202,listed_but_zero_annotation
phase,handtool_seg,05_1_1203,not_in_hts_universe
phase,handtool_seg,05_1_1215,not_in_hts_universe
phase,handtool_seg,05_1_1351,not_in_hts_universe
phase,handtool_seg,05_1_1363,listed_but_zero_annotation
phase,handtool_seg,05_1_1393,not_in_hts_universe
phase,handtool_seg,05_1_1394,listed_but_zero_annotation
phase,handtool_seg,05_1_1406,not_in_hts_universe
phase,handtool_seg,05_1_1407,not_in_hts_universe
phase,handtool_seg,05_1_1417,listed_but_zero_annotation
phase,handtool_seg,05_1_1423,not_in_hts_universe
phase,handtool_seg,05_1_1424,not_in_hts_universe
phase,handtool_seg,05_1_1426,listed_but_zero_annotation
phase,handtool_seg,05_1_1431,not_in_hts_universe
phase,handtool_seg,05_1_1437,not_in_hts_universe
phase,handtool_seg,05_1_1459,not_in_hts_universe
phase,handtool_seg,05_1_1489,not_in_hts_universe
phase,handtool_seg,05_1_1490,not_in_hts_universe
phase,handtool_seg,05_1_1501,not_in_hts_universe
phase,handtool_seg,05_1_1504,not_in_hts_universe
phase,handtool_seg,05_1_1505,not_in_hts_universe
phase,handtool_seg,05_1_1515,not_in_hts_universe
phase,handtool_seg,05_1_1516,not_in_hts_universe
phase,handtool_seg,05_1_1529,listed_but_zero_annotation
phase,handtool_seg,05_1_1531,not_in_hts_universe
phase,handtool_seg,05_1_1532,not_in_hts_universe
phase,handtool_seg,05_1_1533,not_in_hts_universe
phase,handtool_seg,05_1_1535,not_in_hts_universe
phase,handtool_seg,05_1_1536,not_in_hts_universe
phase,handtool_seg,05_1_1537,not_in_hts_universe
phase,handtool_seg,05_1_1538,not_in_hts_universe
phase,handtool_seg,05_1_1587,listed_but_zero_annotation
phase,handtool_seg,05_1_1590,not_in_hts_universe
phase,handtool_seg,05_1_1594,not_in_hts_universe
phase,handtool_seg,05_1_1618,not_in_hts_universe
phase,handtool_seg,05_1_1621,not_in_hts_universe
phase,handtool_seg,05_1_1622,listed_but_zero_annotation
phase,handtool_seg,05_1_1641,listed_but_zero_annotation
phase,handtool_seg,05_1_1642,not_in_hts_universe
phase,handtool_seg,05_1_1655,not_in_hts_universe
phase,handtool_seg,05_1_1656,not_in_hts_universe
phase,handtool_seg,05_1_1657,not_in_hts_universe
phase,handtool_seg,05_1_1658,not_in_hts_universe
phase,handtool_seg,05_2_0035,listed_but_zero_annotation
phase,handtool_seg,05_2_0036,listed_but_zero_annotation
phase,handtool_seg,05_2_0043,not_in_hts_universe
phase,handtool_seg,05_2_0045,listed_but_zero_annotation
phase,handtool_seg,05_2_0046,not_in_hts_universe
phase,handtool_seg,05_2_0048,listed_but_zero_annotation
phase,handtool_seg,05_2_0084,not_in_hts_universe
phase,handtool_seg,05_2_0085,not_in_hts_universe
phase,handtool_seg,05_2_0163,listed_but_zero_annotation
phase,handtool_seg,05_2_0164,not_in_hts_universe
phase,handtool_seg,05_2_0173,not_in_hts_universe
phase,handtool_seg,05_2_0174,not_in_hts_universe
phase,handtool_seg,05_2_0175,not_in_hts_universe
phase,handtool_seg,05_2_0178,not_in_hts_universe
phase,handtool_seg,05_2_0179,not_in_hts_universe
phase,handtool_seg,05_2_0180,not_in_hts_universe
phase,handtool_seg,05_2_0187,listed_but_zero_annotation
phase,handtool_seg,05_2_0190,not_in_hts_universe
phase,handtool_seg,05_2_0193,not_in_hts_universe
phase,handtool_seg,05_2_0206,listed_but_zero_annotation
phase,handtool_seg,05_2_0221,not_in_hts_universe
phase,handtool_seg,05_2_0231,listed_but_zero_annotation
phase,handtool_seg,05_2_0232,not_in_hts_universe
phase,handtool_seg,06_1_0003,listed_but_zero_annotation
phase,handtool_seg,06_1_0239,not_in_hts_universe
phase,handtool_seg,06_1_0248,not_in_hts_universe
phase,handtool_seg,06_1_0258,not_in_hts_universe
phase,handtool_seg,06_1_0262,not_in_hts_universe
phase,handtool_seg,06_1_0383,not_in_hts_universe
phase,handtool_seg,06_1_0419,not_in_hts_universe
phase,handtool_seg,06_1_0427,not_in_hts_universe
phase,handtool_seg,06_1_0436,listed_but_zero_annotation
phase,handtool_seg,06_1_0459,not_in_hts_universe
phase,handtool_seg,06_1_0491,not_in_hts_universe
phase,handtool_seg,06_1_0497,not_in_hts_universe
phase,handtool_seg,06_1_0559,not_in_hts_universe
phase,handtool_seg,06_1_0686,not_in_hts_universe
phase,handtool_seg,06_1_0740,not_in_hts_universe
phase,handtool_seg,06_1_0772,not_in_hts_universe
phase,handtool_seg,06_1_0773,listed_but_zero_annotation
phase,handtool_seg,06_1_0830,not_in_hts_universe
phase,handtool_seg,06_1_0837,not_in_hts_universe
phase,handtool_seg,06_1_0874,not_in_hts_universe
phase,handtool_seg,06_1_0885,not_in_hts_universe
phase,handtool_seg,06_1_0897,not_in_hts_universe
phase,handtool_seg,06_1_0901,not_in_hts_universe
phase,handtool_seg,06_1_0905,listed_but_zero_annotation
phase,handtool_seg,06_1_0924,listed_but_zero_annotation
phase,handtool_seg,06_1_0935,not_in_hts_universe
phase,handtool_seg,06_1_0979,not_in_hts_universe
phase,handtool_seg,06_1_1000,listed_but_zero_annotation
phase,handtool_seg,06_1_1001,not_in_hts_universe
phase,handtool_seg,06_1_1002,not_in_hts_universe
phase,handtool_seg,06_1_1003,not_in_hts_universe
phase,handtool_seg,06_1_1004,not_in_hts_universe
phase,handtool_seg,06_1_1005,listed_but_zero_annotation
phase,handtool_seg,06_1_1026,not_in_hts_universe
phase,handtool_seg,06_1_1055,not_in_hts_universe
phase,handtool_seg,06_1_1064,not_in_hts_universe
phase,handtool_seg,06_1_1087,listed_but_zero_annotation
phase,handtool_seg,06_1_1126,not_in_hts_universe
phase,handtool_seg,06_1_1143,not_in_hts_universe
phase,handtool_seg,06_1_1183,not_in_hts_universe
phase,handtool_seg,06_1_1186,not_in_hts_universe
phase,handtool_seg,06_1_1224,not_in_hts_universe
phase,handtool_seg,06_1_1227,not_in_hts_universe
phase,handtool_seg,06_1_1228,not_in_hts_universe
phase,handtool_seg,06_1_1230,not_in_hts_universe
phase,handtool_seg,06_1_1231,not_in_hts_universe
phase,handtool_seg,06_1_1232,listed_but_zero_annotation
phase,handtool_seg,06_1_1239,not_in_hts_universe
phase,handtool_seg,06_1_1257,not_in_hts_universe
phase,handtool_seg,06_1_1258,not_in_hts_universe
phase,handtool_seg,06_1_1259,listed_but_zero_annotation
phase,handtool_seg,06_1_1284,not_in_hts_universe
phase,handtool_seg,06_1_1285,not_in_hts_universe
phase,handtool_seg,06_1_1286,not_in_hts_universe
phase,handtool_seg,06_1_1287,listed_but_zero_annotation
phase,handtool_seg,06_1_1288,listed_but_zero_annotation
phase,handtool_seg,06_1_1289,listed_but_zero_annotation
phase,handtool_seg,06_1_1339,not_in_hts_universe
phase,handtool_seg,06_1_1340,not_in_hts_universe
phase,handtool_seg,06_1_1341,not_in_hts_universe
phase,handtool_seg,06_1_1342,not_in_hts_universe
phase,handtool_seg,06_1_1343,listed_but_zero_annotation
phase,handtool_seg,06_1_1369,not_in_hts_universe
phase,handtool_seg,06_1_1370,not_in_hts_universe
phase,handtool_seg,06_1_1371,not_in_hts_universe
phase,handtool_seg,06_2_0290,not_in_hts_universe
phase,handtool_seg,06_2_0299,listed_but_zero_annotation
phase,handtool_seg,06_2_0330,listed_but_zero_annotation
phase,handtool_seg,06_2_0335,not_in_hts_universe
phase,handtool_seg,06_2_0346,listed_but_zero_annotation
phase,handtool_seg,06_2_0370,listed_but_zero_annotation
phase,handtool_seg,06_2_0436,not_in_hts_universe
phase,handtool_seg,06_2_0440,not_in_hts_universe
phase,handtool_seg,06_2_0459,not_in_hts_universe
phase,handtool_seg,06_2_0481,not_in_hts_universe
phase,handtool_seg,06_2_0483,listed_but_zero_annotation
phase,handtool_seg,06_2_0489,listed_but_zero_annotation
phase,handtool_seg,06_2_0490,not_in_hts_universe
phase,handtool_seg,06_2_0491,not_in_hts_universe
phase,handtool_seg,06_2_0536,not_in_hts_universe
phase,handtool_seg,06_2_0537,not_in_hts_universe
phase,handtool_seg,06_2_0579,listed_but_zero_annotation
phase,handtool_seg,06_2_0590,not_in_hts_universe
phase,handtool_seg,06_2_0603,not_in_hts_universe
phase,handtool_seg,06_2_0609,listed_but_zero_annotation
phase,handtool_seg,06_2_0635,not_in_hts_universe
phase,handtool_seg,06_2_0636,not_in_hts_universe
phase,handtool_seg,06_2_0664,not_in_hts_universe
phase,handtool_seg,06_2_0673,not_in_hts_universe
phase,handtool_seg,06_2_0710,listed_but_zero_annotation
phase,handtool_seg,06_2_0715,listed_but_zero_annotation
phase,handtool_seg,06_2_0741,not_in_hts_universe
phase,handtool_seg,07_1_0014,not_in_hts_universe
phase,handtool_seg,07_1_0015,not_in_hts_universe
phase,handtool_seg,07_1_0016,not_in_hts_universe
phase,handtool_seg,07_1_0017,not_in_hts_universe
phase,handtool_seg,07_1_0018,not_in_hts_universe
phase,handtool_seg,07_1_0019,not_in_hts_universe
phase,handtool_seg,07_1_0020,not_in_hts_universe
phase,handtool_seg,07_1_0021,not_in_hts_universe
phase,handtool_seg,07_1_0022,not_in_hts_universe
phase,handtool_seg,07_1_0023,not_in_hts_universe
phase,handtool_seg,07_1_0024,not_in_hts_universe
phase,handtool_seg,07_1_0025,not_in_hts_universe
phase,handtool_seg,07_1_0026,not_in_hts_universe
phase,handtool_seg,07_1_0027,not_in_hts_universe
phase,handtool_seg,07_1_0028,not_in_hts_universe
phase,handtool_seg,07_1_0029,not_in_hts_universe
phase,handtool_seg,07_1_0030,not_in_hts_universe
phase,handtool_seg,07_1_0031,not_in_hts_universe
phase,handtool_seg,07_1_0032,not_in_hts_universe
phase,handtool_seg,07_1_0139,listed_but_zero_annotation
phase,handtool_seg,07_1_0368,not_in_hts_universe
phase,handtool_seg,07_1_0369,not_in_hts_universe
phase,handtool_seg,07_1_0370,not_in_hts_universe
phase,handtool_seg,07_1_0371,not_in_hts_universe
phase,handtool_seg,07_1_0372,not_in_hts_universe
phase,handtool_seg,07_1_0373,not_in_hts_universe
phase,handtool_seg,07_1_0374,not_in_hts_universe
phase,handtool_seg,07_1_0375,not_in_hts_universe
phase,handtool_seg,07_1_0376,not_in_hts_universe
phase,handtool_seg,07_1_0377,not_in_hts_universe
phase,handtool_seg,07_1_0378,not_in_hts_universe
phase,handtool_seg,07_1_0379,not_in_hts_universe
phase,handtool_seg,07_1_0380,not_in_hts_universe
phase,handtool_seg,07_1_0381,not_in_hts_universe
phase,handtool_seg,07_1_0382,not_in_hts_universe
phase,handtool_seg,07_1_0383,not_in_hts_universe
phase,handtool_seg,07_1_0384,not_in_hts_universe
phase,handtool_seg,07_1_0385,not_in_hts_universe
phase,handtool_seg,07_1_0386,not_in_hts_universe
phase,handtool_seg,07_1_0387,not_in_hts_universe
phase,handtool_seg,07_1_0388,not_in_hts_universe
phase,handtool_seg,07_1_0389,not_in_hts_universe
phase,handtool_seg,07_1_0390,not_in_hts_universe
phase,handtool_seg,07_1_0391,not_in_hts_universe
phase,handtool_seg,07_1_0392,not_in_hts_universe
phase,handtool_seg,07_1_0393,not_in_hts_universe
phase,handtool_seg,07_1_0394,not_in_hts_universe
phase,handtool_seg,07_1_0395,not_in_hts_universe
phase,handtool_seg,07_1_0396,not_in_hts_universe
phase,handtool_seg,07_1_0397,not_in_hts_universe
phase,handtool_seg,07_1_0398,not_in_hts_universe
phase,handtool_seg,07_1_0399,not_in_hts_universe
phase,handtool_seg,07_1_0400,not_in_hts_universe
phase,handtool_seg,07_1_0401,not_in_hts_universe
phase,handtool_seg,07_1_0402,not_in_hts_universe
phase,handtool_seg,07_1_0403,not_in_hts_universe
phase,handtool_seg,07_1_0404,not_in_hts_universe
phase,handtool_seg,07_1_0405,not_in_hts_universe
phase,handtool_seg,07_1_0406,not_in_hts_universe
phase,handtool_seg,07_1_0407,not_in_hts_universe
phase,handtool_seg,07_1_0408,not_in_hts_universe
phase,handtool_seg,07_1_0530,listed_but_zero_annotation
phase,handtool_seg,07_1_0554,listed_but_zero_annotation
phase,handtool_seg,07_1_0691,listed_but_zero_annotation
phase,handtool_seg,07_1_0717,listed_but_zero_annotation
phase,handtool_seg,07_1_0718,listed_but_zero_annotation
phase,handtool_seg,07_1_0722,listed_but_zero_annotation
phase,handtool_seg,07_1_0725,listed_but_zero_annotation
phase,handtool_seg,07_1_0764,listed_but_zero_annotation
phase,handtool_seg,07_1_0766,listed_but_zero_annotation
phase,handtool_seg,07_1_0769,listed_but_zero_annotation
phase,handtool_seg,07_1_0770,listed_but_zero_annotation
phase,handtool_seg,07_1_0771,listed_but_zero_annotation
phase,handtool_seg,07_1_0785,listed_but_zero_annotation
phase,handtool_seg,07_1_0786,not_in_hts_universe
phase,handtool_seg,07_1_0794,listed_but_zero_annotation
phase,handtool_seg,07_1_0810,not_in_hts_universe
phase,handtool_seg,07_1_0811,not_in_hts_universe
phase,handtool_seg,07_1_0812,not_in_hts_universe
phase,handtool_seg,07_1_0813,not_in_hts_universe
phase,handtool_seg,07_1_0814,not_in_hts_universe
phase,handtool_seg,07_1_0815,not_in_hts_universe
phase,handtool_seg,07_1_0816,not_in_hts_universe
phase,handtool_seg,07_1_0817,not_in_hts_universe
phase,handtool_seg,07_1_0818,not_in_hts_universe
phase,handtool_seg,07_1_0819,not_in_hts_universe
phase,handtool_seg,07_1_0820,not_in_hts_universe
phase,handtool_seg,07_1_0862,listed_but_zero_annotation
phase,handtool_seg,07_1_0960,listed_but_zero_annotation
phase,handtool_seg,07_1_1015,not_in_hts_universe
phase,handtool_seg,07_1_1046,listed_but_zero_annotation
phase,handtool_seg,07_1_1065,not_in_hts_universe
phase,handtool_seg,07_1_1076,listed_but_zero_annotation
phase,handtool_seg,07_1_1086,listed_but_zero_annotation
phase,handtool_seg,07_1_1098,listed_but_zero_annotation
phase,handtool_seg,07_1_1099,listed_but_zero_annotation
phase,handtool_seg,07_1_1112,listed_but_zero_annotation
phase,handtool_seg,07_1_1116,listed_but_zero_annotation
phase,handtool_seg,07_1_1117,listed_but_zero_annotation
phase,handtool_seg,07_1_1118,listed_but_zero_annotation
phase,handtool_seg,07_1_1122,listed_but_zero_annotation
phase,handtool_seg,07_1_1123,listed_but_zero_annotation
phase,handtool_seg,07_1_1165,listed_but_zero_annotation
phase,handtool_seg,07_1_1193,listed_but_zero_annotation
phase,handtool_seg,07_1_1196,listed_but_zero_annotation
phase,handtool_seg,07_1_1205,listed_but_zero_annotation
phase,handtool_seg,07_1_1206,listed_but_zero_annotation
phase,handtool_seg,07_1_1212,listed_but_zero_annotation
phase,handtool_seg,07_1_1240,listed_but_zero_annotation
phase,handtool_seg,07_1_1241,not_in_hts_universe
phase,handtool_seg,07_1_1242,listed_but_zero_annotation
phase,handtool_seg,07_1_1243,listed_but_zero_annotation
phase,handtool_seg,07_1_1285,listed_but_zero_annotation
phase,handtool_seg,07_1_1306,listed_but_zero_annotation
phase,handtool_seg,07_1_1315,listed_but_zero_annotation
phase,handtool_seg,07_1_1321,listed_but_zero_annotation
phase,handtool_seg,07_1_1345,listed_but_zero_annotation
phase,handtool_seg,07_1_1350,listed_but_zero_annotation
phase,handtool_seg,07_1_1474,listed_but_zero_annotation
phase,handtool_seg,07_1_1475,listed_but_zero_annotation
phase,handtool_seg,07_1_1519,listed_but_zero_annotation
phase,handtool_seg,07_1_1531,listed_but_zero_annotation
phase,handtool_seg,07_1_1532,listed_but_zero_annotation
phase,handtool_seg,07_1_1534,listed_but_zero_annotation
phase,handtool_seg,07_1_1539,listed_but_zero_annotation
phase,handtool_seg,07_1_1540,listed_but_zero_annotation
phase,handtool_seg,07_1_1560,listed_but_zero_annotation
phase,handtool_seg,07_1_1594,listed_but_zero_annotation
phase,handtool_seg,07_1_1602,listed_but_zero_annotation
phase,handtool_seg,07_1_1603,listed_but_zero_annotation
phase,handtool_seg,07_1_1616,listed_but_zero_annotation
phase,handtool_seg,07_1_1628,listed_but_zero_annotation
phase,handtool_seg,07_1_1630,listed_but_zero_annotation
phase,handtool_seg,07_1_1634,listed_but_zero_annotation
phase,handtool_seg,07_1_1639,listed_but_zero_annotation
phase,handtool_seg,07_1_1657,listed_but_zero_annotation
phase,handtool_seg,07_1_1658,listed_but_zero_annotation
phase,handtool_seg,07_1_1659,listed_but_zero_annotation
phase,handtool_seg,07_1_1660,listed_but_zero_annotation
phase,handtool_seg,07_1_1661,listed_but_zero_annotation
phase,handtool_seg,07_1_1662,listed_but_zero_annotation
phase,handtool_seg,07_1_1663,listed_but_zero_annotation
phase,handtool_seg,07_1_1664,listed_but_zero_annotation
phase,handtool_seg,07_1_1665,listed_but_zero_annotation
phase,handtool_seg,07_1_1666,listed_but_zero_annotation
phase,handtool_seg,07_1_1667,listed_but_zero_annotation
phase,handtool_seg,07_1_1669,listed_but_zero_annotation
phase,handtool_seg,07_1_1682,listed_but_zero_annotation
phase,handtool_seg,07_1_1683,listed_but_zero_annotation
phase,handtool_seg,07_1_1684,listed_but_zero_annotation
phase,handtool_seg,07_1_1685,listed_but_zero_annotation
phase,handtool_seg,07_1_1686,listed_but_zero_annotation
phase,handtool_seg,07_1_1689,listed_but_zero_annotation
phase,handtool_seg,07_2_0055,listed_but_zero_annotation
phase,handtool_seg,07_2_0073,listed_but_zero_annotation
phase,handtool_seg,07_2_0095,listed_but_zero_annotation
phase,handtool_seg,07_2_0105,listed_but_zero_annotation
phase,handtool_seg,07_2_0108,listed_but_zero_annotation
phase,handtool_seg,07_2_0109,listed_but_zero_annotation
phase,handtool_seg,07_2_0110,listed_but_zero_annotation
phase,handtool_seg,07_2_0111,listed_but_zero_annotation
phase,handtool_seg,07_2_0130,listed_but_zero_annotation
phase,handtool_seg,07_2_0132,listed_but_zero_annotation
phase,handtool_seg,07_2_0138,listed_but_zero_annotation
phase,handtool_seg,07_2_0160,listed_but_zero_annotation
phase,handtool_seg,07_2_0164,listed_but_zero_annotation
phase,handtool_seg,07_2_0186,listed_but_zero_annotation
phase,handtool_seg,07_2_0188,listed_but_zero_annotation
phase,handtool_seg,07_2_0190,listed_but_zero_annotation
phase,handtool_seg,07_2_0191,listed_but_zero_annotation
phase,handtool_seg,07_2_0192,listed_but_zero_annotation
phase,handtool_seg,07_2_0197,listed_but_zero_annotation
phase,handtool_seg,07_2_0204,listed_but_zero_annotation
phase,handtool_seg,07_2_0227,listed_but_zero_annotation
phase,handtool_seg,07_2_0228,listed_but_zero_annotation
phase,handtool_seg,07_2_0229,listed_but_zero_annotation
phase,handtool_seg,07_2_0230,listed_but_zero_annotation
phase,handtool_seg,07_2_0231,listed_but_zero_annotation
phase,handtool_seg,07_2_0232,listed_but_zero_annotation
phase,handtool_seg,07_2_0233,listed_but_zero_annotation
phase,handtool_seg,07_2_0238,listed_but_zero_annotation
phase,handtool_seg,07_2_0269,listed_but_zero_annotation
phase,handtool_seg,07_2_0270,listed_but_zero_annotation
phase,handtool_seg,07_2_0279,listed_but_zero_annotation
phase,handtool_seg,07_2_0283,not_in_hts_universe
phase,handtool_seg,07_2_0286,listed_but_zero_annotation
phase,handtool_seg,07_2_0289,listed_but_zero_annotation
phase,handtool_seg,07_2_0292,listed_but_zero_annotation
phase,handtool_seg,07_2_0293,listed_but_zero_annotation
phase,handtool_seg,07_2_0355,not_in_hts_universe
phase,handtool_seg,07_2_0374,listed_but_zero_annotation
phase,handtool_seg,07_2_0392,listed_but_zero_annotation
phase,handtool_seg,07_2_0443,listed_but_zero_annotation
phase,handtool_seg,07_2_0457,listed_but_zero_annotation
phase,handtool_seg,07_2_0598,listed_but_zero_annotation
phase,handtool_seg,07_2_0639,listed_but_zero_annotation
phase,handtool_seg,07_2_0667,listed_but_zero_annotation
phase,handtool_seg,07_2_0676,listed_but_zero_annotation
phase,handtool_seg,07_2_0694,listed_but_zero_annotation
phase,handtool_seg,07_2_0702,listed_but_zero_annotation
phase,handtool_seg,07_2_0711,listed_but_zero_annotation
phase,handtool_seg,08_1_0159,not_in_hts_universe
phase,handtool_seg,08_1_0163,not_in_hts_universe
phase,handtool_seg,08_1_0180,not_in_hts_universe
phase,handtool_seg,08_1_0234,not_in_hts_universe
phase,handtool_seg,08_1_0235,not_in_hts_universe
phase,handtool_seg,08_1_0236,not_in_hts_universe
phase,handtool_seg,08_1_0240,not_in_hts_universe
phase,handtool_seg,08_1_0241,not_in_hts_universe
phase,handtool_seg,08_1_0248,not_in_hts_universe
phase,handtool_seg,08_1_0250,not_in_hts_universe
phase,handtool_seg,08_1_0254,not_in_hts_universe
phase,handtool_seg,08_1_0255,not_in_hts_universe
phase,handtool_seg,08_1_0317,not_in_hts_universe
phase,handtool_seg,08_1_0330,not_in_hts_universe
phase,handtool_seg,08_1_0333,listed_but_zero_annotation
phase,handtool_seg,08_1_0335,listed_but_zero_annotation
phase,handtool_seg,08_1_0389,listed_but_zero_annotation
phase,handtool_seg,08_1_0390,listed_but_zero_annotation
phase,handtool_seg,08_1_0391,listed_but_zero_annotation
phase,handtool_seg,08_1_0392,not_in_hts_universe
phase,handtool_seg,08_1_0408,listed_but_zero_annotation
phase,handtool_seg,08_1_0427,not_in_hts_universe
phase,handtool_seg,08_1_0441,not_in_hts_universe
phase,handtool_seg,08_1_0449,not_in_hts_universe
phase,handtool_seg,08_1_0454,not_in_hts_universe
phase,handtool_seg,08_1_0468,not_in_hts_universe
phase,handtool_seg,08_1_0486,not_in_hts_universe
phase,handtool_seg,08_1_0511,not_in_hts_universe
phase,handtool_seg,08_1_0521,not_in_hts_universe
phase,handtool_seg,08_1_0538,not_in_hts_universe
phase,handtool_seg,08_1_0569,not_in_hts_universe
phase,handtool_seg,08_1_0570,not_in_hts_universe
phase,handtool_seg,08_1_0571,not_in_hts_universe
phase,handtool_seg,08_1_0572,not_in_hts_universe
phase,handtool_seg,08_1_0594,not_in_hts_universe
phase,handtool_seg,08_1_0605,listed_but_zero_annotation
phase,handtool_seg,08_1_0606,listed_but_zero_annotation
phase,handtool_seg,08_1_0607,listed_but_zero_annotation
phase,handtool_seg,08_1_0609,listed_but_zero_annotation
phase,handtool_seg,08_1_0614,listed_but_zero_annotation
phase,handtool_seg,08_1_0615,listed_but_zero_annotation
phase,handtool_seg,08_1_0616,listed_but_zero_annotation
phase,handtool_seg,08_1_0617,listed_but_zero_annotation
phase,handtool_seg,08_1_0620,listed_but_zero_annotation
phase,handtool_seg,08_1_0621,listed_but_zero_annotation
phase,handtool_seg,08_1_0622,not_in_hts_universe
phase,handtool_seg,08_1_0623,listed_but_zero_annotation
phase,handtool_seg,08_1_0626,listed_but_zero_annotation
phase,handtool_seg,08_1_0627,listed_but_zero_annotation
phase,handtool_seg,08_1_0645,not_in_hts_universe
phase,handtool_seg,08_1_0646,not_in_hts_universe
phase,handtool_seg,08_1_0647,not_in_hts_universe
phase,handtool_seg,08_1_0649,listed_but_zero_annotation
phase,handtool_seg,08_1_0654,listed_but_zero_annotation
phase,handtool_seg,08_1_0655,listed_but_zero_annotation
phase,handtool_seg,08_1_0657,listed_but_zero_annotation
phase,handtool_seg,08_1_0659,listed_but_zero_annotation
phase,handtool_seg,08_1_0675,not_in_hts_universe
phase,handtool_seg,08_1_0683,listed_but_zero_annotation
phase,handtool_seg,08_1_0686,not_in_hts_universe
phase,handtool_seg,08_1_0687,listed_but_zero_annotation
phase,handtool_seg,08_1_0694,listed_but_zero_annotation
phase,handtool_seg,08_1_0695,listed_but_zero_annotation
phase,handtool_seg,08_1_0696,not_in_hts_universe
phase,handtool_seg,08_1_0697,not_in_hts_universe
phase,handtool_seg,08_1_0699,listed_but_zero_annotation
phase,handtool_seg,08_1_0702,listed_but_zero_annotation
phase,handtool_seg,08_1_0703,listed_but_zero_annotation
phase,handtool_seg,08_1_0704,listed_but_zero_annotation
phase,handtool_seg,08_1_0705,listed_but_zero_annotation
phase,handtool_seg,08_1_0706,listed_but_zero_annotation
phase,handtool_seg,08_1_0711,listed_but_zero_annotation
phase,handtool_seg,08_1_0716,not_in_hts_universe
phase,handtool_seg,08_1_0719,not_in_hts_universe
phase,handtool_seg,08_1_0720,not_in_hts_universe
phase,handtool_seg,08_1_0725,not_in_hts_universe
phase,handtool_seg,08_1_0726,not_in_hts_universe
phase,handtool_seg,08_1_0732,listed_but_zero_annotation
phase,handtool_seg,08_1_0740,not_in_hts_universe
phase,handtool_seg,08_1_0741,not_in_hts_universe
phase,handtool_seg,08_1_0747,listed_but_zero_annotation
phase,handtool_seg,08_1_0748,listed_but_zero_annotation
phase,handtool_seg,08_1_0749,listed_but_zero_annotation
phase,handtool_seg,08_1_0765,listed_but_zero_annotation
phase,handtool_seg,08_1_0768,not_in_hts_universe
phase,handtool_seg,08_1_0786,not_in_hts_universe
phase,handtool_seg,08_1_0788,listed_but_zero_annotation
phase,handtool_seg,08_1_0793,listed_but_zero_annotation
phase,handtool_seg,08_1_0794,listed_but_zero_annotation
phase,handtool_seg,08_1_0795,listed_but_zero_annotation
phase,handtool_seg,08_1_0796,listed_but_zero_annotation
phase,handtool_seg,08_1_0797,listed_but_zero_annotation
phase,handtool_seg,08_1_0798,listed_but_zero_annotation
phase,handtool_seg,08_1_0799,listed_but_zero_annotation
phase,handtool_seg,08_1_0800,listed_but_zero_annotation
phase,handtool_seg,08_1_0822,not_in_hts_universe
phase,handtool_seg,08_1_0831,not_in_hts_universe
phase,handtool_seg,08_1_0843,not_in_hts_universe
phase,handtool_seg,08_1_0847,not_in_hts_universe
phase,handtool_seg,08_1_0848,listed_but_zero_annotation
phase,handtool_seg,08_1_0853,not_in_hts_universe
phase,handtool_seg,08_1_0869,not_in_hts_universe
phase,handtool_seg,08_1_0870,not_in_hts_universe
phase,handtool_seg,08_1_0871,not_in_hts_universe
phase,handtool_seg,08_1_0879,not_in_hts_universe
phase,handtool_seg,08_1_0986,not_in_hts_universe
phase,handtool_seg,08_1_1004,not_in_hts_universe
phase,handtool_seg,08_1_1005,not_in_hts_universe
phase,handtool_seg,08_1_1006,not_in_hts_universe
phase,handtool_seg,08_1_1018,not_in_hts_universe
phase,handtool_seg,08_1_1031,not_in_hts_universe
phase,handtool_seg,08_1_1039,not_in_hts_universe
phase,handtool_seg,08_1_1056,not_in_hts_universe
phase,handtool_seg,08_1_1057,not_in_hts_universe
phase,handtool_seg,08_1_1058,not_in_hts_universe
phase,handtool_seg,08_1_1069,listed_but_zero_annotation
phase,handtool_seg,08_1_1072,not_in_hts_universe
phase,handtool_seg,08_1_1085,not_in_hts_universe
phase,handtool_seg,08_1_1127,not_in_hts_universe
phase,handtool_seg,08_1_1129,not_in_hts_universe
phase,handtool_seg,08_1_1134,not_in_hts_universe
phase,handtool_seg,08_1_1139,not_in_hts_universe
phase,handtool_seg,08_1_1141,not_in_hts_universe
phase,handtool_seg,08_1_1150,not_in_hts_universe
phase,handtool_seg,08_1_1166,listed_but_zero_annotation
phase,handtool_seg,08_1_1173,not_in_hts_universe
phase,handtool_seg,08_1_1176,not_in_hts_universe
phase,handtool_seg,08_1_1177,not_in_hts_universe
phase,handtool_seg,08_1_1180,not_in_hts_universe
phase,handtool_seg,08_1_1189,not_in_hts_universe
phase,handtool_seg,08_1_1202,not_in_hts_universe
phase,handtool_seg,08_1_1212,not_in_hts_universe
phase,handtool_seg,08_1_1213,listed_but_zero_annotation
phase,handtool_seg,08_1_1222,not_in_hts_universe
phase,handtool_seg,08_1_1240,not_in_hts_universe
phase,handtool_seg,08_1_1256,not_in_hts_universe
phase,handtool_seg,08_1_1266,listed_but_zero_annotation
phase,handtool_seg,08_1_1270,not_in_hts_universe
phase,handtool_seg,08_1_1277,not_in_hts_universe
phase,handtool_seg,08_1_1281,listed_but_zero_annotation
phase,handtool_seg,08_1_1290,listed_but_zero_annotation
phase,handtool_seg,08_1_1297,not_in_hts_universe
phase,handtool_seg,08_1_1301,not_in_hts_universe
phase,handtool_seg,08_1_1307,not_in_hts_universe
phase,handtool_seg,08_1_1308,not_in_hts_universe
phase,handtool_seg,08_1_1316,not_in_hts_universe
phase,handtool_seg,08_1_1323,not_in_hts_universe
phase,handtool_seg,08_1_1324,not_in_hts_universe
phase,handtool_seg,08_1_1325,not_in_hts_universe
phase,handtool_seg,08_1_1327,not_in_hts_universe
phase,handtool_seg,08_1_1329,listed_but_zero_annotation
phase,handtool_seg,08_1_1344,not_in_hts_universe
phase,handtool_seg,08_1_1350,not_in_hts_universe
phase,handtool_seg,08_1_1351,not_in_hts_universe
phase,handtool_seg,08_1_1366,not_in_hts_universe
phase,handtool_seg,08_1_1367,not_in_hts_universe
phase,handtool_seg,08_1_1374,not_in_hts_universe
phase,handtool_seg,08_1_1384,not_in_hts_universe
phase,handtool_seg,08_1_1389,not_in_hts_universe
phase,handtool_seg,08_1_1392,not_in_hts_universe
phase,handtool_seg,08_1_1396,not_in_hts_universe
phase,handtool_seg,08_1_1402,not_in_hts_universe
phase,handtool_seg,08_1_1406,not_in_hts_universe
phase,handtool_seg,08_1_1407,not_in_hts_universe
phase,handtool_seg,08_1_1408,not_in_hts_universe
phase,handtool_seg,08_1_1409,not_in_hts_universe
phase,handtool_seg,08_1_1410,not_in_hts_universe
phase,handtool_seg,08_1_1411,not_in_hts_universe
phase,handtool_seg,08_1_1412,not_in_hts_universe
phase,handtool_seg,08_1_1413,not_in_hts_universe
phase,handtool_seg,08_1_1414,not_in_hts_universe
phase,handtool_seg,08_1_1425,not_in_hts_universe
phase,handtool_seg,08_1_1431,not_in_hts_universe
phase,handtool_seg,08_1_1433,not_in_hts_universe
phase,handtool_seg,08_1_1434,not_in_hts_universe
phase,handtool_seg,08_1_1455,not_in_hts_universe
phase,handtool_seg,08_1_1459,listed_but_zero_annotation
phase,handtool_seg,08_1_1469,not_in_hts_universe
phase,handtool_seg,08_1_1483,not_in_hts_universe
phase,handtool_seg,08_1_1506,not_in_hts_universe
phase,handtool_seg,08_1_1508,not_in_hts_universe
phase,handtool_seg,08_1_1513,not_in_hts_universe
phase,handtool_seg,08_1_1515,listed_but_zero_annotation
phase,handtool_seg,08_1_1516,not_in_hts_universe
phase,handtool_seg,08_1_1517,not_in_hts_universe
phase,handtool_seg,08_1_1518,not_in_hts_universe
phase,handtool_seg,08_1_1529,not_in_hts_universe
phase,handtool_seg,08_1_1532,not_in_hts_universe
phase,handtool_seg,08_1_1537,not_in_hts_universe
phase,handtool_seg,08_1_1544,not_in_hts_universe
phase,handtool_seg,08_1_1553,not_in_hts_universe
phase,handtool_seg,08_1_1560,not_in_hts_universe
phase,handtool_seg,08_1_1566,not_in_hts_universe
phase,handtool_seg,08_1_1577,not_in_hts_universe
phase,handtool_seg,08_1_1578,not_in_hts_universe
phase,handtool_seg,08_1_1579,not_in_hts_universe
phase,handtool_seg,08_1_1580,listed_but_zero_annotation
phase,handtool_seg,08_1_1583,listed_but_zero_annotation
phase,handtool_seg,08_1_1586,not_in_hts_universe
phase,handtool_seg,08_1_1587,not_in_hts_universe
phase,handtool_seg,08_1_1588,not_in_hts_universe
phase,handtool_seg,08_1_1589,not_in_hts_universe
phase,handtool_seg,08_1_1590,not_in_hts_universe
phase,handtool_seg,08_1_1591,not_in_hts_universe
phase,handtool_seg,08_1_1606,not_in_hts_universe
phase,handtool_seg,08_1_1626,listed_but_zero_annotation
phase,handtool_seg,08_1_1627,listed_but_zero_annotation
phase,handtool_seg,08_1_1628,listed_but_zero_annotation
phase,handtool_seg,08_1_1646,not_in_hts_universe
phase,handtool_seg,08_1_1653,not_in_hts_universe
phase,handtool_seg,08_1_1659,not_in_hts_universe
phase,handtool_seg,08_1_1662,not_in_hts_universe
phase,handtool_seg,08_1_1663,not_in_hts_universe
phase,handtool_seg,08_2_0204,not_in_hts_universe
phase,handtool_seg,08_2_0205,not_in_hts_universe
phase,handtool_seg,08_2_0225,listed_but_zero_annotation
phase,handtool_seg,08_2_0227,listed_but_zero_annotation
phase,handtool_seg,08_2_0231,listed_but_zero_annotation
phase,handtool_seg,08_2_0237,not_in_hts_universe
phase,handtool_seg,08_2_0239,not_in_hts_universe
phase,handtool_seg,08_2_0241,not_in_hts_universe
phase,handtool_seg,08_2_0254,listed_but_zero_annotation
phase,handtool_seg,08_2_0255,not_in_hts_universe
phase,handtool_seg,08_2_0257,listed_but_zero_annotation
phase,handtool_seg,08_2_0258,listed_but_zero_annotation
phase,handtool_seg,08_2_0259,listed_but_zero_annotation
phase,handtool_seg,08_2_0280,not_in_hts_universe
phase,handtool_seg,08_2_0281,listed_but_zero_annotation
phase,handtool_seg,08_2_0282,listed_but_zero_annotation
phase,handtool_seg,08_2_0283,listed_but_zero_annotation
phase,handtool_seg,08_2_0284,listed_but_zero_annotation
phase,handtool_seg,08_2_0291,listed_but_zero_annotation
phase,handtool_seg,08_2_0296,listed_but_zero_annotation
phase,handtool_seg,08_2_0304,listed_but_zero_annotation
phase,handtool_seg,08_2_0305,listed_but_zero_annotation
phase,handtool_seg,08_2_0307,listed_but_zero_annotation
phase,handtool_seg,08_2_0308,not_in_hts_universe
phase,handtool_seg,08_2_0309,not_in_hts_universe
phase,handtool_seg,08_2_0313,listed_but_zero_annotation
phase,handtool_seg,08_2_0314,not_in_hts_universe
phase,handtool_seg,08_2_0315,not_in_hts_universe
phase,handtool_seg,08_2_0319,not_in_hts_universe
phase,handtool_seg,08_2_0322,listed_but_zero_annotation
phase,handtool_seg,08_2_0323,listed_but_zero_annotation
phase,handtool_seg,08_2_0329,listed_but_zero_annotation
phase,handtool_seg,08_2_0330,not_in_hts_universe
phase,handtool_seg,08_2_0339,not_in_hts_universe
phase,handtool_seg,08_2_0340,listed_but_zero_annotation
phase,handtool_seg,08_2_0349,listed_but_zero_annotation
phase,handtool_seg,08_2_0350,listed_but_zero_annotation
phase,handtool_seg,08_2_0351,listed_but_zero_annotation
phase,handtool_seg,08_2_0354,listed_but_zero_annotation
phase,handtool_seg,08_2_0365,not_in_hts_universe
phase,handtool_seg,08_2_0366,not_in_hts_universe
phase,handtool_seg,08_2_0367,not_in_hts_universe
phase,handtool_seg,08_2_0368,listed_but_zero_annotation
phase,handtool_seg,08_2_0402,not_in_hts_universe
phase,handtool_seg,08_2_0408,not_in_hts_universe
phase,handtool_seg,08_2_0409,not_in_hts_universe
phase,handtool_seg,08_2_0415,not_in_hts_universe
phase,handtool_seg,08_2_0417,not_in_hts_universe
phase,handtool_seg,08_2_0421,not_in_hts_universe
phase,handtool_seg,08_2_0427,not_in_hts_universe
phase,handtool_seg,08_2_0433,not_in_hts_universe
phase,handtool_seg,08_2_0434,not_in_hts_universe
phase,handtool_seg,08_2_0435,not_in_hts_universe
phase,handtool_seg,08_2_0436,not_in_hts_universe
phase,handtool_seg,08_2_0437,not_in_hts_universe
phase,handtool_seg,08_2_0438,not_in_hts_universe
phase,handtool_seg,08_2_0447,not_in_hts_universe
phase,handtool_seg,08_2_0456,not_in_hts_universe
phase,handtool_seg,08_2_0463,not_in_hts_universe
phase,handtool_seg,08_2_0464,not_in_hts_universe
phase,handtool_seg,08_2_0488,not_in_hts_universe
phase,handtool_seg,08_2_0489,not_in_hts_universe
phase,handtool_seg,08_2_0490,not_in_hts_universe
phase,handtool_seg,08_2_0492,not_in_hts_universe
phase,handtool_seg,08_2_0509,not_in_hts_universe
phase,handtool_seg,08_2_0510,not_in_hts_universe
phase,handtool_seg,08_2_0525,listed_but_zero_annotation
phase,handtool_seg,08_2_0532,not_in_hts_universe
phase,handtool_seg,08_2_0546,listed_but_zero_annotation
phase,handtool_seg,08_2_0547,listed_but_zero_annotation
phase,handtool_seg,08_2_0551,listed_but_zero_annotation
phase,handtool_seg,08_2_0575,not_in_hts_universe
phase,handtool_seg,08_2_0607,listed_but_zero_annotation
phase,handtool_seg,09_1_0169,not_in_hts_universe
phase,handtool_seg,09_1_0170,not_in_hts_universe
phase,handtool_seg,09_1_0171,not_in_hts_universe
phase,handtool_seg,09_1_0172,not_in_hts_universe
phase,handtool_seg,09_1_0173,not_in_hts_universe
phase,handtool_seg,09_1_0174,not_in_hts_universe
phase,handtool_seg,09_1_0175,not_in_hts_universe
phase,handtool_seg,09_1_0176,not_in_hts_universe
phase,handtool_seg,09_1_0177,not_in_hts_universe
phase,handtool_seg,09_1_0178,not_in_hts_universe
phase,handtool_seg,09_1_0179,not_in_hts_universe
phase,handtool_seg,09_1_0180,not_in_hts_universe
phase,handtool_seg,09_1_0181,not_in_hts_universe
phase,handtool_seg,09_1_0182,not_in_hts_universe
phase,handtool_seg,09_1_0185,not_in_hts_universe
phase,handtool_seg,09_1_0186,not_in_hts_universe
phase,handtool_seg,09_1_0187,not_in_hts_universe
phase,handtool_seg,09_1_0188,not_in_hts_universe
phase,handtool_seg,09_1_0224,not_in_hts_universe
phase,handtool_seg,09_1_0230,not_in_hts_universe
phase,handtool_seg,09_1_0254,not_in_hts_universe
phase,handtool_seg,09_1_0262,not_in_hts_universe
phase,handtool_seg,09_1_0266,not_in_hts_universe
phase,handtool_seg,09_1_0271,not_in_hts_universe
phase,handtool_seg,09_1_0280,not_in_hts_universe
phase,handtool_seg,09_1_0284,not_in_hts_universe
phase,handtool_seg,09_1_0288,not_in_hts_universe
phase,handtool_seg,09_1_0289,not_in_hts_universe
phase,handtool_seg,09_1_0295,not_in_hts_universe
phase,handtool_seg,09_1_0301,not_in_hts_universe
phase,handtool_seg,09_1_0304,not_in_hts_universe
phase,handtool_seg,09_1_0305,not_in_hts_universe
phase,handtool_seg,09_1_0307,not_in_hts_universe
phase,handtool_seg,09_1_0309,not_in_hts_universe
phase,handtool_seg,09_1_0380,not_in_hts_universe
phase,handtool_seg,09_1_0418,not_in_hts_universe
phase,handtool_seg,09_1_0419,not_in_hts_universe
phase,handtool_seg,09_1_0420,not_in_hts_universe
phase,handtool_seg,09_1_0421,not_in_hts_universe
phase,handtool_seg,09_1_0422,not_in_hts_universe
phase,handtool_seg,09_1_0423,not_in_hts_universe
phase,handtool_seg,09_1_0425,not_in_hts_universe
phase,handtool_seg,09_1_0426,not_in_hts_universe
phase,handtool_seg,09_1_0427,not_in_hts_universe
phase,handtool_seg,09_1_0428,not_in_hts_universe
phase,handtool_seg,09_1_0429,not_in_hts_universe
phase,handtool_seg,09_1_0430,not_in_hts_universe
phase,handtool_seg,09_1_0431,not_in_hts_universe
phase,handtool_seg,09_1_0432,not_in_hts_universe
phase,handtool_seg,09_1_0441,not_in_hts_universe
phase,handtool_seg,09_1_0467,not_in_hts_universe
phase,handtool_seg,09_1_0475,not_in_hts_universe
phase,handtool_seg,09_1_0479,not_in_hts_universe
phase,handtool_seg,09_1_0483,not_in_hts_universe
phase,handtool_seg,09_1_0487,not_in_hts_universe
phase,handtool_seg,09_1_0489,not_in_hts_universe
phase,handtool_seg,09_1_0494,not_in_hts_universe
phase,handtool_seg,09_1_0503,not_in_hts_universe
phase,handtool_seg,09_1_0506,not_in_hts_universe
phase,handtool_seg,09_1_0516,not_in_hts_universe
phase,handtool_seg,09_1_0525,not_in_hts_universe
phase,handtool_seg,09_1_0528,not_in_hts_universe
phase,handtool_seg,09_1_0529,not_in_hts_universe
phase,handtool_seg,09_1_0533,not_in_hts_universe
phase,handtool_seg,09_1_0536,not_in_hts_universe
phase,handtool_seg,09_1_0547,not_in_hts_universe
phase,handtool_seg,09_1_0552,not_in_hts_universe
phase,handtool_seg,09_1_0555,not_in_hts_universe
phase,handtool_seg,09_1_0556,not_in_hts_universe
phase,handtool_seg,09_1_0558,not_in_hts_universe
phase,handtool_seg,09_1_0560,not_in_hts_universe
phase,handtool_seg,09_1_0566,not_in_hts_universe
phase,handtool_seg,09_1_0569,not_in_hts_universe
phase,handtool_seg,09_1_0573,not_in_hts_universe
phase,handtool_seg,09_1_0578,not_in_hts_universe
phase,handtool_seg,09_1_0584,not_in_hts_universe
phase,handtool_seg,09_1_0595,not_in_hts_universe
phase,handtool_seg,09_1_0601,not_in_hts_universe
phase,handtool_seg,09_1_0610,not_in_hts_universe
phase,handtool_seg,09_1_0611,not_in_hts_universe
phase,handtool_seg,09_1_0612,not_in_hts_universe
phase,handtool_seg,09_1_0621,not_in_hts_universe
phase,handtool_seg,09_1_0631,not_in_hts_universe
phase,handtool_seg,09_1_0633,not_in_hts_universe
phase,handtool_seg,09_1_0641,not_in_hts_universe
phase,handtool_seg,09_1_0642,not_in_hts_universe
phase,handtool_seg,09_1_0644,not_in_hts_universe
phase,handtool_seg,09_1_0651,not_in_hts_universe
phase,handtool_seg,09_1_0652,not_in_hts_universe
phase,handtool_seg,09_1_0667,not_in_hts_universe
phase,handtool_seg,09_1_0668,not_in_hts_universe
phase,handtool_seg,09_1_0683,not_in_hts_universe
phase,handtool_seg,09_1_0691,not_in_hts_universe
phase,handtool_seg,09_1_0704,not_in_hts_universe
phase,handtool_seg,09_1_0711,not_in_hts_universe
phase,handtool_seg,09_1_0715,not_in_hts_universe
phase,handtool_seg,09_1_0719,not_in_hts_universe
phase,handtool_seg,09_1_0725,not_in_hts_universe
phase,handtool_seg,09_1_0727,not_in_hts_universe
phase,handtool_seg,09_1_0728,not_in_hts_universe
phase,handtool_seg,09_1_0729,not_in_hts_universe
phase,handtool_seg,09_1_0730,not_in_hts_universe
phase,handtool_seg,09_1_0734,not_in_hts_universe
phase,handtool_seg,09_1_0744,not_in_hts_universe
phase,handtool_seg,09_1_0745,not_in_hts_universe
phase,handtool_seg,09_1_0750,not_in_hts_universe
phase,handtool_seg,09_1_0752,not_in_hts_universe
phase,handtool_seg,09_1_0755,not_in_hts_universe
phase,handtool_seg,09_1_0760,not_in_hts_universe
phase,handtool_seg,09_1_0767,not_in_hts_universe
phase,handtool_seg,09_1_0770,not_in_hts_universe
phase,handtool_seg,09_1_0771,not_in_hts_universe
phase,handtool_seg,09_1_0772,not_in_hts_universe
phase,handtool_seg,09_1_0774,not_in_hts_universe
phase,handtool_seg,09_1_0776,not_in_hts_universe
phase,handtool_seg,09_1_0778,not_in_hts_universe
phase,handtool_seg,09_1_0781,not_in_hts_universe
phase,handtool_seg,09_1_0782,not_in_hts_universe
phase,handtool_seg,09_1_0783,not_in_hts_universe
phase,handtool_seg,09_1_0785,not_in_hts_universe
phase,handtool_seg,09_1_0786,not_in_hts_universe
phase,handtool_seg,09_1_0787,not_in_hts_universe
phase,handtool_seg,09_1_0797,not_in_hts_universe
phase,handtool_seg,09_1_0799,not_in_hts_universe
phase,handtool_seg,09_1_0802,not_in_hts_universe
phase,handtool_seg,09_1_0804,not_in_hts_universe
phase,handtool_seg,09_1_0807,not_in_hts_universe
phase,handtool_seg,09_1_0810,not_in_hts_universe
phase,handtool_seg,09_1_0813,not_in_hts_universe
phase,handtool_seg,09_1_0815,not_in_hts_universe
phase,handtool_seg,09_1_0821,not_in_hts_universe
phase,handtool_seg,09_1_0826,not_in_hts_universe
phase,handtool_seg,09_1_0830,not_in_hts_universe
phase,handtool_seg,09_1_0835,not_in_hts_universe
phase,handtool_seg,09_1_0839,not_in_hts_universe
phase,handtool_seg,09_1_0843,not_in_hts_universe
phase,handtool_seg,09_1_0855,not_in_hts_universe
phase,handtool_seg,09_1_0859,not_in_hts_universe
phase,handtool_seg,09_1_0864,not_in_hts_universe
phase,handtool_seg,09_1_0870,not_in_hts_universe
phase,handtool_seg,09_1_0878,not_in_hts_universe
phase,handtool_seg,09_1_0885,not_in_hts_universe
phase,handtool_seg,09_1_0889,not_in_hts_universe
phase,handtool_seg,09_1_0891,not_in_hts_universe
phase,handtool_seg,09_1_0893,not_in_hts_universe
phase,handtool_seg,09_1_0978,not_in_hts_universe
phase,handtool_seg,09_1_0987,not_in_hts_universe
phase,handtool_seg,09_1_0993,not_in_hts_universe
phase,handtool_seg,09_1_0997,not_in_hts_universe
phase,handtool_seg,09_1_0999,not_in_hts_universe
phase,handtool_seg,09_1_1003,not_in_hts_universe
phase,handtool_seg,09_1_1013,not_in_hts_universe
phase,handtool_seg,09_1_1014,not_in_hts_universe
phase,handtool_seg,09_1_1015,not_in_hts_universe
phase,handtool_seg,10_1_0209,not_in_hts_universe
phase,handtool_seg,10_1_0228,not_in_hts_universe
phase,handtool_seg,10_1_0260,not_in_hts_universe
phase,handtool_seg,10_1_0261,not_in_hts_universe
phase,handtool_seg,10_1_0281,not_in_hts_universe
phase,handtool_seg,10_1_0282,not_in_hts_universe
phase,handtool_seg,10_1_0302,not_in_hts_universe
phase,handtool_seg,10_1_0332,not_in_hts_universe
phase,handtool_seg,10_1_0369,not_in_hts_universe
phase,handtool_seg,10_1_0370,not_in_hts_universe
phase,handtool_seg,10_1_0371,not_in_hts_universe
phase,handtool_seg,10_1_0401,not_in_hts_universe
phase,handtool_seg,10_1_0410,not_in_hts_universe
phase,handtool_seg,10_1_0423,not_in_hts_universe
phase,handtool_seg,10_1_0424,not_in_hts_universe
phase,handtool_seg,10_1_0434,not_in_hts_universe
phase,handtool_seg,10_1_0447,not_in_hts_universe
phase,handtool_seg,10_1_0448,not_in_hts_universe
phase,handtool_seg,10_1_0463,not_in_hts_universe
phase,handtool_seg,10_1_0482,not_in_hts_universe
phase,handtool_seg,10_1_0483,not_in_hts_universe
phase,handtool_seg,10_1_0484,not_in_hts_universe
phase,handtool_seg,10_1_0504,not_in_hts_universe
phase,handtool_seg,10_1_0514,not_in_hts_universe
phase,handtool_seg,10_1_0515,not_in_hts_universe
phase,handtool_seg,10_1_0516,not_in_hts_universe
phase,handtool_seg,10_1_0562,not_in_hts_universe
phase,handtool_seg,10_1_0569,not_in_hts_universe
phase,handtool_seg,10_1_0595,listed_but_zero_annotation
phase,handtool_seg,10_1_0612,not_in_hts_universe
phase,handtool_seg,10_1_0729,not_in_hts_universe
phase,handtool_seg,10_1_0772,not_in_hts_universe
phase,handtool_seg,10_1_0779,not_in_hts_universe
phase,handtool_seg,10_1_0806,not_in_hts_universe
phase,handtool_seg,10_1_0807,not_in_hts_universe
phase,handtool_seg,10_1_0808,not_in_hts_universe
phase,handtool_seg,10_1_0809,not_in_hts_universe
phase,handtool_seg,10_1_0810,not_in_hts_universe
phase,handtool_seg,10_1_0816,not_in_hts_universe
phase,handtool_seg,10_1_0826,not_in_hts_universe
phase,handtool_seg,10_1_0827,not_in_hts_universe
phase,handtool_seg,10_1_0828,not_in_hts_universe
phase,handtool_seg,10_1_0835,not_in_hts_universe
phase,handtool_seg,10_1_0836,not_in_hts_universe
phase,handtool_seg,10_1_0837,not_in_hts_universe
phase,handtool_seg,10_1_0844,not_in_hts_universe
phase,handtool_seg,10_1_0858,not_in_hts_universe
phase,handtool_seg,10_1_0871,not_in_hts_universe
phase,handtool_seg,10_1_0872,not_in_hts_universe
phase,handtool_seg,10_1_0873,not_in_hts_universe
phase,handtool_seg,10_1_0874,not_in_hts_universe
phase,handtool_seg,10_1_0877,not_in_hts_universe
phase,handtool_seg,10_1_0878,not_in_hts_universe
phase,handtool_seg,10_1_0885,not_in_hts_universe
phase,handtool_seg,10_1_0886,not_in_hts_universe
phase,handtool_seg,10_1_0890,not_in_hts_universe
phase,handtool_seg,10_1_0901,not_in_hts_universe
phase,handtool_seg,10_1_0915,not_in_hts_universe
phase,handtool_seg,10_1_0916,not_in_hts_universe
phase,handtool_seg,10_1_0923,not_in_hts_universe
phase,handtool_seg,10_1_0929,not_in_hts_universe
phase,handtool_seg,10_1_0962,not_in_hts_universe
phase,handtool_seg,10_1_0970,not_in_hts_universe
phase,handtool_seg,10_1_0971,not_in_hts_universe
phase,handtool_seg,10_1_0972,not_in_hts_universe
phase,handtool_seg,10_1_0973,not_in_hts_universe
phase,handtool_seg,10_1_0974,not_in_hts_universe
phase,handtool_seg,10_1_0975,not_in_hts_universe
phase,handtool_seg,10_1_0976,not_in_hts_universe
phase,handtool_seg,10_1_0977,not_in_hts_universe
phase,handtool_seg,10_1_0982,not_in_hts_universe
phase,handtool_seg,10_1_0985,not_in_hts_universe
phase,handtool_seg,10_1_0997,not_in_hts_universe
phase,handtool_seg,10_1_0998,not_in_hts_universe
phase,handtool_seg,10_1_1031,not_in_hts_universe
phase,handtool_seg,10_1_1032,not_in_hts_universe
phase,handtool_seg,10_1_1033,not_in_hts_universe
phase,handtool_seg,10_1_1034,not_in_hts_universe
phase,handtool_seg,10_1_1035,not_in_hts_universe
phase,handtool_seg,10_1_1036,not_in_hts_universe
phase,handtool_seg,10_1_1065,not_in_hts_universe
phase,handtool_seg,10_1_1066,not_in_hts_universe
phase,handtool_seg,10_1_1067,not_in_hts_universe
phase,handtool_seg,10_1_1068,not_in_hts_universe
phase,handtool_seg,10_1_1069,not_in_hts_universe
phase,handtool_seg,10_1_1080,not_in_hts_universe
phase,handtool_seg,10_1_1084,not_in_hts_universe
phase,handtool_seg,10_1_1085,not_in_hts_universe
phase,handtool_seg,10_1_1086,not_in_hts_universe
phase,handtool_seg,10_1_1087,not_in_hts_universe
phase,handtool_seg,10_1_1088,not_in_hts_universe
phase,handtool_seg,10_1_1119,not_in_hts_universe
phase,handtool_seg,10_1_1142,not_in_hts_universe
phase,handtool_seg,10_1_1144,not_in_hts_universe
phase,handtool_seg,10_1_1156,not_in_hts_universe
phase,handtool_seg,10_1_1419,not_in_hts_universe
phase,handtool_seg,10_1_1420,not_in_hts_universe
phase,handtool_seg,10_1_1444,not_in_hts_universe
phase,handtool_seg,10_1_1445,not_in_hts_universe
phase,handtool_seg,10_1_1446,not_in_hts_universe
phase,handtool_seg,10_1_1461,not_in_hts_universe
phase,handtool_seg,10_1_1462,not_in_hts_universe
phase,handtool_seg,10_1_1463,not_in_hts_universe
phase,handtool_seg,10_1_1464,not_in_hts_universe
phase,handtool_seg,10_1_1480,not_in_hts_universe
phase,handtool_seg,10_1_1481,not_in_hts_universe
phase,handtool_seg,10_1_1482,not_in_hts_universe
phase,handtool_seg,10_1_1493,not_in_hts_universe
phase,handtool_seg,10_1_1494,not_in_hts_universe
phase,handtool_seg,10_1_1495,not_in_hts_universe
phase,handtool_seg,10_1_1523,not_in_hts_universe
phase,handtool_seg,10_1_1537,not_in_hts_universe
phase,handtool_seg,10_1_1547,not_in_hts_universe
phase,handtool_seg,10_1_1548,not_in_hts_universe
phase,handtool_seg,10_1_1549,not_in_hts_universe
phase,handtool_seg,10_1_1550,not_in_hts_universe
phase,handtool_seg,10_1_1561,not_in_hts_universe
phase,handtool_seg,10_1_1596,not_in_hts_universe
phase,handtool_seg,10_1_1597,not_in_hts_universe
phase,handtool_seg,10_1_1598,not_in_hts_universe
phase,handtool_seg,10_1_1599,not_in_hts_universe
phase,handtool_seg,10_1_1612,not_in_hts_universe
phase,handtool_seg,10_1_1613,not_in_hts_universe
phase,handtool_seg,10_1_1614,not_in_hts_universe
phase,handtool_seg,10_1_1615,not_in_hts_universe
phase,handtool_seg,10_1_1616,not_in_hts_universe
phase,handtool_seg,10_1_1617,not_in_hts_universe
phase,handtool_seg,10_1_1618,not_in_hts_universe
phase,handtool_seg,10_1_1619,not_in_hts_universe
phase,handtool_seg,10_1_1639,not_in_hts_universe
phase,handtool_seg,10_1_1640,not_in_hts_universe
phase,handtool_seg,10_1_1641,not_in_hts_universe
phase,handtool_seg,10_1_1661,not_in_hts_universe
phase,handtool_seg,10_1_1669,not_in_hts_universe
phase,handtool_seg,10_1_1670,not_in_hts_universe
phase,handtool_seg,10_1_1671,not_in_hts_universe
phase,handtool_seg,10_2_0006,not_in_hts_universe
phase,handtool_seg,10_2_0007,not_in_hts_universe
phase,handtool_seg,10_2_0008,not_in_hts_universe
phase,handtool_seg,10_2_0009,not_in_hts_universe
phase,handtool_seg,10_2_0012,not_in_hts_universe
phase,handtool_seg,10_2_0014,not_in_hts_universe
phase,handtool_seg,10_2_0062,not_in_hts_universe
phase,handtool_seg,10_2_0063,not_in_hts_universe
phase,handtool_seg,10_2_0179,not_in_hts_universe
phase,handtool_seg,10_2_0180,not_in_hts_universe
phase,handtool_seg,10_2_0181,not_in_hts_universe
phase,handtool_seg,10_2_0182,not_in_hts_universe
phase,handtool_seg,10_2_0183,not_in_hts_universe
phase,handtool_seg,10_2_0184,not_in_hts_universe
phase,handtool_seg,10_2_0185,not_in_hts_universe
phase,handtool_seg,10_2_0186,not_in_hts_universe
phase,handtool_seg,10_2_0187,not_in_hts_universe
phase,handtool_seg,10_2_0188,not_in_hts_universe
phase,handtool_seg,10_2_0189,not_in_hts_universe
phase,handtool_seg,10_2_0190,not_in_hts_universe
phase,handtool_seg,10_2_0191,not_in_hts_universe
phase,handtool_seg,10_2_0192,not_in_hts_universe
phase,handtool_seg,10_2_0193,not_in_hts_universe
phase,handtool_seg,10_2_0194,not_in_hts_universe
phase,handtool_seg,10_2_0195,not_in_hts_universe
phase,handtool_seg,10_2_0196,not_in_hts_universe
phase,handtool_seg,10_2_0197,not_in_hts_universe
phase,handtool_seg,10_2_0198,not_in_hts_universe
phase,handtool_seg,10_2_0199,not_in_hts_universe
phase,handtool_seg,10_2_0200,not_in_hts_universe
phase,handtool_seg,10_2_0201,not_in_hts_universe
phase,handtool_seg,10_2_0202,not_in_hts_universe
phase,handtool_seg,10_2_0203,not_in_hts_universe
phase,handtool_seg,10_2_0204,not_in_hts_universe
phase,handtool_seg,10_2_0205,not_in_hts_universe
phase,handtool_seg,10_2_0206,not_in_hts_universe
phase,handtool_seg,10_2_0207,not_in_hts_universe
phase,handtool_seg,10_2_0208,not_in_hts_universe
phase,handtool_seg,10_2_0209,not_in_hts_universe
phase,handtool_seg,10_2_0210,not_in_hts_universe
phase,handtool_seg,10_2_0211,not_in_hts_universe
phase,handtool_seg,10_2_0212,not_in_hts_universe
phase,handtool_seg,10_2_0213,not_in_hts_universe
phase,handtool_seg,10_2_0214,not_in_hts_universe
phase,handtool_seg,10_2_0215,not_in_hts_universe
phase,handtool_seg,10_2_0216,not_in_hts_universe
phase,handtool_seg,10_2_0217,not_in_hts_universe
phase,handtool_seg,10_2_0218,not_in_hts_universe
phase,handtool_seg,10_2_0219,not_in_hts_universe
phase,handtool_seg,10_2_0220,not_in_hts_universe
phase,handtool_seg,10_2_0221,not_in_hts_universe
phase,handtool_seg,10_2_0222,not_in_hts_universe
phase,handtool_seg,10_2_0223,not_in_hts_universe
phase,handtool_seg,10_2_0224,not_in_hts_universe
phase,handtool_seg,10_2_0225,not_in_hts_universe
phase,handtool_seg,10_2_0226,not_in_hts_universe
phase,handtool_seg,10_2_0227,not_in_hts_universe
phase,handtool_seg,10_2_0228,not_in_hts_universe
phase,handtool_seg,10_2_0229,not_in_hts_universe
phase,handtool_seg,10_2_0230,not_in_hts_universe
phase,handtool_seg,10_2_0231,not_in_hts_universe
phase,handtool_seg,10_2_0236,not_in_hts_universe
phase,handtool_seg,10_2_0237,not_in_hts_universe
phase,handtool_seg,10_2_0238,not_in_hts_universe
phase,handtool_seg,10_2_0239,not_in_hts_universe
phase,handtool_seg,10_2_0240,not_in_hts_universe
phase,handtool_seg,10_2_0244,not_in_hts_universe
phase,handtool_seg,10_2_0245,not_in_hts_universe
phase,handtool_seg,10_2_0246,not_in_hts_universe
phase,handtool_seg,10_2_0247,not_in_hts_universe
phase,handtool_seg,10_2_0248,not_in_hts_universe
phase,handtool_seg,10_2_0249,not_in_hts_universe
phase,handtool_seg,10_2_0250,not_in_hts_universe
phase,handtool_seg,10_2_0254,not_in_hts_universe
phase,handtool_seg,10_2_0255,not_in_hts_universe
phase,handtool_seg,10_2_0256,not_in_hts_universe
phase,handtool_seg,10_2_0257,not_in_hts_universe
phase,handtool_seg,10_2_0259,not_in_hts_universe
phase,handtool_seg,10_2_0263,not_in_hts_universe
phase,handtool_seg,10_2_0264,not_in_hts_universe
phase,handtool_seg,10_2_0268,not_in_hts_universe
phase,handtool_seg,10_2_0269,not_in_hts_universe
phase,handtool_seg,10_2_0270,not_in_hts_universe
phase,handtool_seg,10_2_0271,not_in_hts_universe
phase,handtool_seg,10_2_0272,not_in_hts_universe
phase,handtool_seg,10_2_0273,not_in_hts_universe
phase,handtool_seg,10_2_0274,not_in_hts_universe
phase,handtool_seg,10_2_0275,not_in_hts_universe
phase,handtool_seg,10_2_0277,not_in_hts_universe
phase,handtool_seg,10_2_0278,not_in_hts_universe
phase,handtool_seg,10_2_0279,not_in_hts_universe
phase,handtool_seg,10_2_0280,not_in_hts_universe
phase,handtool_seg,10_2_0281,not_in_hts_universe
phase,handtool_seg,10_2_0282,not_in_hts_universe
phase,handtool_seg,10_2_0283,not_in_hts_universe
phase,handtool_seg,10_2_0289,not_in_hts_universe
phase,handtool_seg,10_2_0296,not_in_hts_universe
phase,handtool_seg,10_2_0297,not_in_hts_universe
phase,handtool_seg,10_2_0298,not_in_hts_universe
phase,handtool_seg,10_2_0300,not_in_hts_universe
phase,handtool_seg,11_1_0010,not_in_hts_universe
phase,handtool_seg,11_1_0011,not_in_hts_universe
phase,handtool_seg,11_1_0012,not_in_hts_universe
phase,handtool_seg,11_1_0013,not_in_hts_universe
phase,handtool_seg,11_1_0014,not_in_hts_universe
phase,handtool_seg,11_1_0015,not_in_hts_universe
phase,handtool_seg,11_1_0016,not_in_hts_universe
phase,handtool_seg,11_1_0017,not_in_hts_universe
phase,handtool_seg,11_1_0018,not_in_hts_universe
phase,handtool_seg,11_1_0019,not_in_hts_universe
phase,handtool_seg,11_1_0020,not_in_hts_universe
phase,handtool_seg,11_1_0021,not_in_hts_universe
phase,handtool_seg,11_1_0022,not_in_hts_universe
phase,handtool_seg,11_1_0023,not_in_hts_universe
phase,handtool_seg,11_1_0024,not_in_hts_universe
phase,handtool_seg,11_1_0025,not_in_hts_universe
phase,handtool_seg,11_1_0026,not_in_hts_universe
phase,handtool_seg,11_1_0027,not_in_hts_universe
phase,handtool_seg,11_1_0028,not_in_hts_universe
phase,handtool_seg,11_1_0029,not_in_hts_universe
phase,handtool_seg,11_1_0030,not_in_hts_universe
phase,handtool_seg,11_1_0031,not_in_hts_universe
phase,handtool_seg,11_1_0032,not_in_hts_universe
phase,handtool_seg,11_1_0033,not_in_hts_universe
phase,handtool_seg,11_1_0034,not_in_hts_universe
phase,handtool_seg,11_1_0141,not_in_hts_universe
phase,handtool_seg,11_1_0142,not_in_hts_universe
phase,handtool_seg,11_1_0143,not_in_hts_universe
phase,handtool_seg,11_1_0144,not_in_hts_universe
phase,handtool_seg,11_1_0145,not_in_hts_universe
phase,handtool_seg,11_1_0146,not_in_hts_universe
phase,handtool_seg,11_1_0147,not_in_hts_universe
phase,handtool_seg,11_1_0149,not_in_hts_universe
phase,handtool_seg,11_1_0150,not_in_hts_universe
phase,handtool_seg,11_1_0151,not_in_hts_universe
phase,handtool_seg,11_1_0152,not_in_hts_universe
phase,handtool_seg,11_1_0153,not_in_hts_universe
phase,handtool_seg,11_1_0239,not_in_hts_universe
phase,handtool_seg,11_1_0240,not_in_hts_universe
phase,handtool_seg,11_1_0241,not_in_hts_universe
phase,handtool_seg,11_1_0242,not_in_hts_universe
phase,handtool_seg,11_1_0243,not_in_hts_universe
phase,handtool_seg,11_1_0244,not_in_hts_universe
phase,handtool_seg,11_1_0245,not_in_hts_universe
phase,handtool_seg,11_1_0246,not_in_hts_universe
phase,handtool_seg,11_1_0316,not_in_hts_universe
phase,handtool_seg,11_1_0326,not_in_hts_universe
phase,handtool_seg,11_1_0362,not_in_hts_universe
phase,handtool_seg,11_1_0370,listed_but_zero_annotation
phase,handtool_seg,11_1_0384,not_in_hts_universe
phase,handtool_seg,11_1_0419,not_in_hts_universe
phase,handtool_seg,11_1_0420,not_in_hts_universe
phase,handtool_seg,11_1_0421,not_in_hts_universe
phase,handtool_seg,11_1_0423,not_in_hts_universe
phase,handtool_seg,11_1_0439,not_in_hts_universe
phase,handtool_seg,11_1_0440,not_in_hts_universe
phase,handtool_seg,11_1_0441,not_in_hts_universe
phase,handtool_seg,11_1_0442,not_in_hts_universe
phase,handtool_seg,11_1_0453,not_in_hts_universe
phase,handtool_seg,11_1_0460,not_in_hts_universe
phase,handtool_seg,11_1_0467,not_in_hts_universe
phase,handtool_seg,11_1_0516,not_in_hts_universe
phase,handtool_seg,11_1_0517,not_in_hts_universe
phase,handtool_seg,11_1_0522,not_in_hts_universe
phase,handtool_seg,11_1_0696,not_in_hts_universe
phase,handtool_seg,11_1_0769,not_in_hts_universe
phase,handtool_seg,11_1_0770,not_in_hts_universe
phase,handtool_seg,11_1_0787,not_in_hts_universe
phase,handtool_seg,11_1_0788,not_in_hts_universe
phase,handtool_seg,11_1_0789,not_in_hts_universe
phase,handtool_seg,11_1_0790,listed_but_zero_annotation
phase,handtool_seg,11_1_0797,not_in_hts_universe
phase,handtool_seg,11_1_0798,not_in_hts_universe
phase,handtool_seg,11_1_0799,not_in_hts_universe
phase,handtool_seg,11_1_0801,not_in_hts_universe
phase,handtool_seg,11_1_0813,not_in_hts_universe
phase,handtool_seg,11_1_0814,not_in_hts_universe
phase,handtool_seg,11_1_0815,not_in_hts_universe
phase,handtool_seg,11_1_0817,not_in_hts_universe
phase,handtool_seg,11_1_0818,listed_but_zero_annotation
phase,handtool_seg,11_1_0819,listed_but_zero_annotation
phase,handtool_seg,11_1_0848,not_in_hts_universe
phase,handtool_seg,11_1_0877,not_in_hts_universe
phase,handtool_seg,11_1_0925,not_in_hts_universe
phase,handtool_seg,11_1_0970,not_in_hts_universe
phase,handtool_seg,11_1_1061,not_in_hts_universe
phase,handtool_seg,11_1_1160,not_in_hts_universe
phase,handtool_seg,11_1_1168,not_in_hts_universe
phase,handtool_seg,11_1_1206,listed_but_zero_annotation
phase,handtool_seg,11_1_1215,not_in_hts_universe
phase,handtool_seg,11_1_1217,not_in_hts_universe
phase,handtool_seg,11_1_1310,not_in_hts_universe
phase,handtool_seg,11_1_1311,listed_but_zero_annotation
phase,handtool_seg,11_1_1312,not_in_hts_universe
phase,handtool_seg,11_1_1316,not_in_hts_universe
phase,handtool_seg,11_1_1321,not_in_hts_universe
phase,handtool_seg,11_1_1322,not_in_hts_universe
phase,handtool_seg,11_1_1323,not_in_hts_universe
phase,handtool_seg,11_1_1329,listed_but_zero_annotation
phase,handtool_seg,11_1_1330,not_in_hts_universe
phase,handtool_seg,11_1_1343,not_in_hts_universe
phase,handtool_seg,11_1_1344,not_in_hts_universe
phase,handtool_seg,11_1_1345,not_in_hts_universe
phase,handtool_seg,11_1_1346,not_in_hts_universe
phase,handtool_seg,11_1_1347,not_in_hts_universe
phase,handtool_seg,11_1_1348,not_in_hts_universe
phase,handtool_seg,11_1_1349,not_in_hts_universe
phase,handtool_seg,11_1_1350,not_in_hts_universe
phase,handtool_seg,11_1_1351,not_in_hts_universe
phase,handtool_seg,11_1_1352,not_in_hts_universe
phase,handtool_seg,11_1_1353,not_in_hts_universe
phase,handtool_seg,11_1_1354,not_in_hts_universe
phase,handtool_seg,11_1_1355,not_in_hts_universe
phase,handtool_seg,11_1_1356,not_in_hts_universe
phase,handtool_seg,11_1_1357,not_in_hts_universe
phase,handtool_seg,11_1_1358,not_in_hts_universe
phase,handtool_seg,11_1_1359,not_in_hts_universe
phase,handtool_seg,11_1_1360,not_in_hts_universe
phase,handtool_seg,12_1_0003,listed_but_zero_annotation
phase,handtool_seg,12_1_0004,listed_but_zero_annotation
phase,handtool_seg,12_1_0005,listed_but_zero_annotation
phase,handtool_seg,12_1_0006,listed_but_zero_annotation
phase,handtool_seg,12_1_0007,listed_but_zero_annotation
phase,handtool_seg,12_1_0008,listed_but_zero_annotation
phase,handtool_seg,12_1_0009,listed_but_zero_annotation
phase,handtool_seg,12_1_0011,listed_but_zero_annotation
phase,handtool_seg,12_1_0012,listed_but_zero_annotation
phase,handtool_seg,12_1_0013,listed_but_zero_annotation
phase,handtool_seg,12_1_0014,listed_but_zero_annotation
phase,handtool_seg,12_1_0026,listed_but_zero_annotation
phase,handtool_seg,12_1_0027,listed_but_zero_annotation
phase,handtool_seg,12_1_0028,listed_but_zero_annotation
phase,handtool_seg,12_1_0029,listed_but_zero_annotation
phase,handtool_seg,12_1_0030,listed_but_zero_annotation
phase,handtool_seg,12_1_0031,listed_but_zero_annotation
phase,handtool_seg,12_1_0032,listed_but_zero_annotation
phase,handtool_seg,12_1_0033,listed_but_zero_annotation
phase,handtool_seg,12_1_0034,listed_but_zero_annotation
phase,handtool_seg,12_1_0035,listed_but_zero_annotation
phase,handtool_seg,12_1_0036,listed_but_zero_annotation
phase,handtool_seg,12_1_0037,listed_but_zero_annotation
phase,handtool_seg,12_1_0038,listed_but_zero_annotation
phase,handtool_seg,12_1_0084,listed_but_zero_annotation
phase,handtool_seg,12_1_0085,listed_but_zero_annotation
phase,handtool_seg,12_1_0092,listed_but_zero_annotation
phase,handtool_seg,12_1_0093,listed_but_zero_annotation
phase,handtool_seg,12_1_0094,listed_but_zero_annotation
phase,handtool_seg,12_1_0095,not_in_hts_universe
phase,handtool_seg,12_1_0096,listed_but_zero_annotation
phase,handtool_seg,12_1_0153,not_in_hts_universe
phase,handtool_seg,12_1_0162,listed_but_zero_annotation
phase,handtool_seg,12_1_0163,listed_but_zero_annotation
phase,handtool_seg,12_1_0164,listed_but_zero_annotation
phase,handtool_seg,12_1_0168,not_in_hts_universe
phase,handtool_seg,12_1_0234,listed_but_zero_annotation
phase,handtool_seg,12_1_0235,listed_but_zero_annotation
phase,handtool_seg,12_1_0236,listed_but_zero_annotation
phase,handtool_seg,12_1_0237,listed_but_zero_annotation
phase,handtool_seg,12_1_0238,listed_but_zero_annotation
phase,handtool_seg,12_1_0239,listed_but_zero_annotation
phase,handtool_seg,12_1_0240,listed_but_zero_annotation
phase,handtool_seg,12_1_0245,listed_but_zero_annotation
phase,handtool_seg,12_1_0251,listed_but_zero_annotation
phase,handtool_seg,12_1_0278,listed_but_zero_annotation
phase,handtool_seg,12_1_0279,listed_but_zero_annotation
phase,handtool_seg,12_1_0280,listed_but_zero_annotation
phase,handtool_seg,12_1_0281,listed_but_zero_annotation
phase,handtool_seg,12_1_0282,listed_but_zero_annotation
phase,handtool_seg,12_1_0283,listed_but_zero_annotation
phase,handtool_seg,12_1_0284,listed_but_zero_annotation
phase,handtool_seg,12_1_0285,listed_but_zero_annotation
phase,handtool_seg,12_1_0286,listed_but_zero_annotation
phase,handtool_seg,12_1_0287,listed_but_zero_annotation
phase,handtool_seg,12_1_0288,not_in_hts_universe
phase,handtool_seg,12_1_0290,listed_but_zero_annotation
phase,handtool_seg,12_1_0301,listed_but_zero_annotation
phase,handtool_seg,12_1_0302,listed_but_zero_annotation
phase,handtool_seg,12_1_0306,listed_but_zero_annotation
phase,handtool_seg,12_1_0307,listed_but_zero_annotation
phase,handtool_seg,12_1_0309,listed_but_zero_annotation
phase,handtool_seg,12_1_0310,listed_but_zero_annotation
phase,handtool_seg,12_1_0311,listed_but_zero_annotation
phase,handtool_seg,12_1_0312,listed_but_zero_annotation
phase,handtool_seg,12_1_0320,not_in_hts_universe
phase,handtool_seg,12_1_0321,listed_but_zero_annotation
phase,handtool_seg,12_1_0322,listed_but_zero_annotation
phase,handtool_seg,12_1_0323,listed_but_zero_annotation
phase,handtool_seg,12_1_0324,listed_but_zero_annotation
phase,handtool_seg,12_1_0325,listed_but_zero_annotation
phase,handtool_seg,12_1_0326,listed_but_zero_annotation
phase,handtool_seg,12_1_0327,listed_but_zero_annotation
phase,handtool_seg,12_1_0328,listed_but_zero_annotation
phase,handtool_seg,12_1_0329,listed_but_zero_annotation
phase,handtool_seg,12_1_0330,listed_but_zero_annotation
phase,handtool_seg,12_1_0331,listed_but_zero_annotation
phase,handtool_seg,12_1_0332,listed_but_zero_annotation
phase,handtool_seg,12_1_0333,listed_but_zero_annotation
phase,handtool_seg,12_1_0334,listed_but_zero_annotation
phase,handtool_seg,12_1_0335,listed_but_zero_annotation
phase,handtool_seg,12_1_0336,listed_but_zero_annotation
phase,handtool_seg,12_1_0337,listed_but_zero_annotation
phase,handtool_seg,12_1_0338,listed_but_zero_annotation
phase,handtool_seg,12_1_0339,listed_but_zero_annotation
phase,handtool_seg,12_1_0340,listed_but_zero_annotation
phase,handtool_seg,12_1_0345,not_in_hts_universe
phase,handtool_seg,12_1_0346,not_in_hts_universe
phase,handtool_seg,12_1_0347,listed_but_zero_annotation
phase,handtool_seg,12_1_0348,listed_but_zero_annotation
phase,handtool_seg,12_1_0349,listed_but_zero_annotation
phase,handtool_seg,12_1_0350,listed_but_zero_annotation
phase,handtool_seg,12_1_0351,listed_but_zero_annotation
phase,handtool_seg,12_1_0352,listed_but_zero_annotation
phase,handtool_seg,12_1_0378,listed_but_zero_annotation
phase,handtool_seg,12_1_0572,listed_but_zero_annotation
phase,handtool_seg,12_1_0573,listed_but_zero_annotation
phase,handtool_seg,12_1_0575,listed_but_zero_annotation
phase,handtool_seg,12_1_0576,listed_but_zero_annotation
phase,handtool_seg,12_1_0577,listed_but_zero_annotation
phase,handtool_seg,12_1_0677,not_in_hts_universe
phase,handtool_seg,12_1_0835,not_in_hts_universe
phase,handtool_seg,12_1_0836,listed_but_zero_annotation
phase,handtool_seg,12_1_0840,listed_but_zero_annotation
phase,handtool_seg,12_1_0841,not_in_hts_universe
phase,handtool_seg,12_1_0849,listed_but_zero_annotation
phase,handtool_seg,12_1_1044,listed_but_zero_annotation
phase,handtool_seg,12_1_1169,listed_but_zero_annotation
phase,handtool_seg,12_1_1170,listed_but_zero_annotation
phase,handtool_seg,12_1_1174,listed_but_zero_annotation
phase,handtool_seg,12_1_1175,listed_but_zero_annotation
phase,handtool_seg,12_1_1183,listed_but_zero_annotation
phase,handtool_seg,12_1_1184,listed_but_zero_annotation
phase,handtool_seg,12_1_1185,listed_but_zero_annotation
phase,handtool_seg,12_1_1186,listed_but_zero_annotation
phase,handtool_seg,12_1_1187,listed_but_zero_annotation
phase,handtool_seg,12_1_1310,listed_but_zero_annotation
phase,handtool_seg,12_1_1334,listed_but_zero_annotation
phase,handtool_seg,12_1_1588,listed_but_zero_annotation
phase,handtool_seg,12_1_1589,listed_but_zero_annotation
phase,handtool_seg,12_1_1590,listed_but_zero_annotation
phase,handtool_seg,12_1_1591,listed_but_zero_annotation
phase,handtool_seg,12_1_1595,listed_but_zero_annotation
phase,handtool_seg,12_1_1600,listed_but_zero_annotation
phase,handtool_seg,12_1_1601,listed_but_zero_annotation
phase,handtool_seg,12_1_1602,listed_but_zero_annotation
phase,handtool_seg,12_1_1603,listed_but_zero_annotation
phase,handtool_seg,12_1_1604,listed_but_zero_annotation
phase,handtool_seg,12_1_1608,listed_but_zero_annotation
phase,handtool_seg,12_1_1620,listed_but_zero_annotation
phase,handtool_seg,12_1_1621,listed_but_zero_annotation
phase,handtool_seg,12_1_1622,listed_but_zero_annotation
phase,handtool_seg,12_1_1623,listed_but_zero_annotation
phase,handtool_seg,12_1_1624,listed_but_zero_annotation
phase,handtool_seg,13_1_0058,not_in_hts_universe
phase,handtool_seg,13_1_0071,not_in_hts_universe
phase,handtool_seg,13_1_0158,not_in_hts_universe
phase,handtool_seg,13_1_0170,not_in_hts_universe
phase,handtool_seg,13_1_0411,not_in_hts_universe
phase,handtool_seg,13_1_0473,not_in_hts_universe
phase,handtool_seg,13_1_0478,not_in_hts_universe
phase,handtool_seg,13_1_0479,not_in_hts_universe
phase,handtool_seg,13_1_0482,not_in_hts_universe
phase,handtool_seg,13_1_0494,not_in_hts_universe
phase,handtool_seg,13_1_0541,not_in_hts_universe
phase,handtool_seg,13_1_0605,not_in_hts_universe
phase,handtool_seg,13_1_0648,not_in_hts_universe
phase,handtool_seg,13_1_0650,not_in_hts_universe
phase,handtool_seg,13_1_0719,listed_but_zero_annotation
phase,handtool_seg,13_1_0722,listed_but_zero_annotation
phase,handtool_seg,13_1_0756,listed_but_zero_annotation
phase,handtool_seg,13_1_0759,not_in_hts_universe
phase,handtool_seg,13_1_0800,listed_but_zero_annotation
phase,handtool_seg,13_1_0866,not_in_hts_universe
phase,handtool_seg,13_1_0992,listed_but_zero_annotation
phase,handtool_seg,13_1_0993,listed_but_zero_annotation
phase,handtool_seg,13_1_1001,not_in_hts_universe
phase,handtool_seg,13_1_1039,listed_but_zero_annotation
phase,handtool_seg,13_1_1058,listed_but_zero_annotation
phase,handtool_seg,13_1_1069,listed_but_zero_annotation
phase,handtool_seg,13_1_1070,not_in_hts_universe
phase,handtool_seg,13_1_1096,listed_but_zero_annotation
phase,handtool_seg,13_1_1100,listed_but_zero_annotation
phase,handtool_seg,13_1_1101,not_in_hts_universe
phase,handtool_seg,13_1_1134,not_in_hts_universe
phase,handtool_seg,13_1_1154,listed_but_zero_annotation
phase,handtool_seg,13_1_1155,listed_but_zero_annotation
phase,handtool_seg,13_1_1178,not_in_hts_universe
phase,handtool_seg,14_1_0128,not_in_hts_universe
phase,handtool_seg,14_1_0150,not_in_hts_universe
phase,handtool_seg,14_1_0151,not_in_hts_universe
phase,handtool_seg,14_1_0152,not_in_hts_universe
phase,handtool_seg,14_1_0153,not_in_hts_universe
phase,handtool_seg,14_1_0154,not_in_hts_universe
phase,handtool_seg,14_1_0155,not_in_hts_universe
phase,handtool_seg,14_1_0156,listed_but_zero_annotation
phase,handtool_seg,14_1_0157,listed_but_zero_annotation
phase,handtool_seg,14_1_0162,not_in_hts_universe
phase,handtool_seg,14_1_0163,not_in_hts_universe
phase,handtool_seg,14_1_0164,listed_but_zero_annotation
phase,handtool_seg,14_1_0165,listed_but_zero_annotation
phase,handtool_seg,14_1_0262,not_in_hts_universe
phase,handtool_seg,14_1_0271,not_in_hts_universe
phase,handtool_seg,14_1_0300,not_in_hts_universe
phase,handtool_seg,14_1_0379,not_in_hts_universe
phase,handtool_seg,14_1_0387,not_in_hts_universe
phase,handtool_seg,14_1_0416,not_in_hts_universe
phase,handtool_seg,14_1_0417,not_in_hts_universe
phase,handtool_seg,14_1_0596,not_in_hts_universe
phase,handtool_seg,14_1_0620,not_in_hts_universe
phase,handtool_seg,14_1_0621,not_in_hts_universe
phase,handtool_seg,14_1_0622,not_in_hts_universe
phase,handtool_seg,14_1_0704,not_in_hts_universe
phase,handtool_seg,14_1_0707,not_in_hts_universe
phase,handtool_seg,14_1_0886,not_in_hts_universe
phase,handtool_seg,14_1_0957,not_in_hts_universe
phase,handtool_seg,14_1_0959,not_in_hts_universe
phase,handtool_seg,14_1_0960,not_in_hts_universe
phase,handtool_seg,14_1_0961,not_in_hts_universe
phase,handtool_seg,14_1_0991,listed_but_zero_annotation
phase,handtool_seg,14_1_1039,not_in_hts_universe
phase,handtool_seg,14_1_1045,not_in_hts_universe
phase,handtool_seg,14_1_1105,not_in_hts_universe
phase,handtool_seg,14_1_1286,not_in_hts_universe
phase,handtool_seg,14_1_1384,not_in_hts_universe
phase,handtool_seg,14_1_1432,not_in_hts_universe
phase,handtool_seg,14_1_1442,not_in_hts_universe
phase,handtool_seg,14_2_0082,listed_but_zero_annotation
phase,handtool_seg,14_2_0083,not_in_hts_universe
phase,handtool_seg,14_2_0104,listed_but_zero_annotation
phase,handtool_seg,14_2_0107,listed_but_zero_annotation
phase,handtool_seg,14_2_0390,not_in_hts_universe
phase,handtool_seg,14_2_0393,not_in_hts_universe
phase,handtool_seg,14_2_0394,not_in_hts_universe
phase,handtool_seg,14_2_0401,not_in_hts_universe
phase,handtool_seg,14_2_0402,not_in_hts_universe
phase,handtool_seg,14_2_0403,not_in_hts_universe
phase,handtool_seg,14_2_0404,not_in_hts_universe
phase,handtool_seg,14_2_0405,listed_but_zero_annotation
phase,handtool_seg,14_2_0407,not_in_hts_universe
phase,handtool_seg,14_2_0410,not_in_hts_universe
phase,handtool_seg,14_2_0423,not_in_hts_universe
phase,handtool_seg,14_2_0428,not_in_hts_universe
phase,handtool_seg,14_2_0429,not_in_hts_universe
phase,handtool_seg,14_2_0430,not_in_hts_universe
phase,handtool_seg,15_1_0135,not_in_hts_universe
phase,handtool_seg,15_1_0136,not_in_hts_universe
phase,handtool_seg,15_1_0137,not_in_hts_universe
phase,handtool_seg,15_1_0138,not_in_hts_universe
phase,handtool_seg,15_1_0139,not_in_hts_universe
phase,handtool_seg,15_1_0140,not_in_hts_universe
phase,handtool_seg,15_1_0141,not_in_hts_universe
phase,handtool_seg,15_1_0144,not_in_hts_universe
phase,handtool_seg,15_1_0194,not_in_hts_universe
phase,handtool_seg,15_1_0195,not_in_hts_universe
phase,handtool_seg,15_1_0196,listed_but_zero_annotation
phase,handtool_seg,15_1_0197,listed_but_zero_annotation
phase,handtool_seg,15_1_0198,listed_but_zero_annotation
phase,handtool_seg,15_1_0199,listed_but_zero_annotation
phase,handtool_seg,15_1_0200,listed_but_zero_annotation
phase,handtool_seg,15_1_0246,not_in_hts_universe
phase,handtool_seg,15_1_0247,not_in_hts_universe
phase,handtool_seg,15_1_0248,not_in_hts_universe
phase,handtool_seg,15_1_0261,not_in_hts_universe
phase,handtool_seg,15_1_0276,not_in_hts_universe
phase,handtool_seg,15_1_0277,not_in_hts_universe
phase,handtool_seg,15_1_0362,not_in_hts_universe
phase,handtool_seg,15_1_0363,not_in_hts_universe
phase,handtool_seg,15_1_0366,not_in_hts_universe
phase,handtool_seg,15_1_0367,not_in_hts_universe
phase,handtool_seg,15_1_0368,not_in_hts_universe
phase,handtool_seg,15_1_0369,listed_but_zero_annotation
phase,handtool_seg,15_1_0390,not_in_hts_universe
phase,handtool_seg,15_1_0404,not_in_hts_universe
phase,handtool_seg,15_1_0449,not_in_hts_universe
phase,handtool_seg,15_1_0459,not_in_hts_universe
phase,handtool_seg,15_1_0475,not_in_hts_universe
phase,handtool_seg,15_1_0476,not_in_hts_universe
phase,handtool_seg,15_1_0484,not_in_hts_universe
phase,handtool_seg,15_1_0488,not_in_hts_universe
phase,handtool_seg,15_1_0506,not_in_hts_universe
phase,handtool_seg,15_1_0548,not_in_hts_universe
phase,handtool_seg,15_1_0549,not_in_hts_universe
phase,handtool_seg,15_1_0550,not_in_hts_universe
phase,handtool_seg,15_1_0551,not_in_hts_universe
phase,handtool_seg,15_1_0552,not_in_hts_universe
phase,handtool_seg,15_1_0556,not_in_hts_universe
phase,handtool_seg,15_1_0557,not_in_hts_universe
phase,handtool_seg,15_1_0558,not_in_hts_universe
phase,handtool_seg,15_1_0559,not_in_hts_universe
phase,handtool_seg,15_1_0578,not_in_hts_universe
phase,handtool_seg,15_1_0579,not_in_hts_universe
phase,handtool_seg,15_1_0580,not_in_hts_universe
phase,handtool_seg,15_1_0583,not_in_hts_universe
phase,handtool_seg,15_1_0602,not_in_hts_universe
phase,handtool_seg,15_1_0634,not_in_hts_universe
phase,handtool_seg,15_1_0635,not_in_hts_universe
