split,frame,hand_slot,recovered_tool,containment,margin,img_h,img_w
train,13_1_0720,Left Hand Tool,Tweezers,1.0,1.0,1080,1920
train,15_1_0274,Right Hand Tool,Scissors,0.9968,0.9968,1080,1920
train,11_1_1248,Left Hand Tool,Tweezers,1.0,1.0,1080,1920
train,01_1_1266,Left Hand Tool,Tweezers,1.0,1.0,1080,1920
train,11_1_0482,Right Hand Tool,Scissors,1.0,1.0,1080,1920
train,13_1_0517,Right Hand Tool,Needle Holders,1.0,1.0,1080,1920
train,11_1_0369,Two Hands Tool,Scalpel,1.0,1.0,1080,1920
train,13_1_1020,Right Hand Tool,Needle Holders,0.0,0.0,1080,1920
train,06_1_1219,Left Hand Tool,Tweezers,0.9655,0.9655,1080,1920
train,01_1_0458,Right Hand Tool,Gauze,0.9995,0.9533,1080,1920
train,01_1_1167,Left Hand Tool,Tweezers,0.9713,0.9713,1080,1920
train,15_1_0257,Left Hand Tool,Gauze,1.0,1.0,1080,1920
train,11_1_0702,Right Hand Tool,Scissors,1.0,1.0,1080,1920
train,02_1_0672,Left Hand Tool,Tweezers,0.9957,0.9957,1080,1920
train,13_1_0383,Left Hand Tool,Tweezers,1.0,1.0,1080,1920
train,13_1_0517,Left Hand Tool,Tweezers,1.0,1.0,1080,1920
train,01_1_0622,Left Hand Tool,Tweezers,0.9983,0.9693,1080,1920
train,11_1_1129,Left Hand Tool,Tweezers,1.0,0.7222,1080,1920
train,11_1_0552,Right Hand Tool,Scissors,1.0,1.0,1080,1920
train,13_1_0410,Right Hand Tool,Needle Holders,0.9806,0.9806,1080,1920
train,13_1_0537,Left Hand Tool,Tweezers,0.0146,0.0146,1080,1920
train,13_1_0432,Right Hand Tool,Scalpel,1.0,1.0,1080,1920
train,06_1_0423,Right Hand Tool,Scissors,0.9763,0.838,1080,1920
train,08_1_1379,Right Hand Tool,Needle Holders,0.9785,0.5457,1080,1920
train,08_1_1107,Right Hand Tool,Scissors,0.9926,0.7803,1080,1920
train,11_1_0692,Left Hand Tool,Tweezers,1.0,1.0,1080,1920
train,02_1_0422,Left Hand Tool,Tweezers,0.9996,0.9996,1080,1920
train,12_1_0432,Left Hand Tool,Tweezers,1.0,0.6161,1080,1920
train,06_1_1022,Left Hand Tool,Tweezers,0.9997,0.95,1080,1920
train,06_1_0509,Right Hand Tool,Bipolar Forceps,1.0,0.9157,1080,1920
train,08_1_1076,Left Hand Tool,Suction Cannula,0.9971,0.8217,1080,1920
train,12_1_0523,Right Hand Tool,Suction Cannula,1.0,1.0,1080,1920
train,06_1_0922,Right Hand Tool,Scissors,0.999,0.8459,1080,1920
train,06_1_1014,Left Hand Tool,Tweezers,0.9978,0.9948,1080,1920
train,06_1_0644,Right Hand Tool,Scissors,0.9624,0.6915,1080,1920
train,13_1_0433,Left Hand Tool,Forceps,1.0,1.0,1080,1920
train,13_1_1024,Left Hand Tool,Tweezers,0.1825,0.1825,1080,1920
train,01_1_0501,Left Hand Tool,Tweezers,1.0,0.9309,1080,1920
train,15_1_0545,Left Hand Tool,Tweezers,0.9992,0.9986,1080,1920
train,01_1_0450,Left Hand Tool,Tweezers,0.9473,0.9329,1080,1920
train,06_1_0666,Left Hand Tool,Tweezers,1.0,1.0,1080,1920
train,01_1_1029,Right Hand Tool,Needle Holders,0.9957,0.9957,1080,1920
train,06_1_0566,Right Hand Tool,Raspatory,0.9983,0.8761,1080,1920
train,06_1_0374,Left Hand Tool,Suction Cannula,1.0,0.5115,1080,1920
train,06_1_0390,Right Hand Tool,Scissors,1.0,0.6719,1080,1920
train,08_1_1231,Right Hand Tool,Scissors,1.0,0.4438,1080,1920
train,08_1_1457,Left Hand Tool,Tweezers,0.9992,0.6402,1080,1920
train,15_1_0271,Left Hand Tool,Tweezers,1.0,1.0,1080,1920
train,12_1_0359,Left Hand Tool,Gauze,1.0,0.8898,1080,1920
train,11_1_0761,Left Hand Tool,Tweezers,1.0,1.0,1080,1920
train,06_1_0450,Right Hand Tool,Bipolar Forceps,0.9999,0.9949,1080,1920
train,08_1_0382,Left Hand Tool,Suction Cannula,0.9765,0.7861,1080,1920
train,13_1_0490,Left Hand Tool,Scissors,0.0,0.0,1080,1920
train,11_1_0580,Left Hand Tool,Tweezers,1.0,1.0,1080,1920
train,08_1_0670,Right Hand Tool,Scalpel,0.9988,0.8678,1080,1920
train,13_1_0730,Right Hand Tool,Needle Holders,0.0,0.0,1080,1920
train,02_1_0711,Right Hand Tool,Gauze,1.0,0.9987,1080,1920
train,08_1_1524,Right Hand Tool,Needle Holders,0.9984,0.8535,1080,1920
train,13_1_0455,Right Hand Tool,Tweezers,0.0318,0.0318,1080,1920
train,06_1_0591,Left Hand Tool,Suction Cannula,0.9937,0.9937,1080,1920
train,13_1_0869,Right Hand Tool,Needle Holders,1.0,1.0,1080,1920
train,13_1_0849,Right Hand Tool,Needle Holders,0.0452,0.0452,1080,1920
train,01_1_0757,Left Hand Tool,Tweezers,0.9992,0.9919,1080,1920
train,11_1_0889,Right Hand Tool,Bipolar Forceps,1.0,0.7811,1080,1920
train,12_1_0441,Right Hand Tool,Suction Cannula,1.0,1.0,1080,1920
train,15_1_0328,Right Hand Tool,Scalpel,1.0,1.0,1080,1920
train,15_1_0385,Right Hand Tool,Scalpel,1.0,0.9455,1080,1920
train,13_1_0718,Right Hand Tool,Tweezers,0.1196,0.1196,1080,1920
train,11_1_0464,Right Hand Tool,Hook,1.0,1.0,1080,1920
train,02_1_0505,Left Hand Tool,Tweezers,1.0,0.7876,1080,1920
train,06_1_0847,Left Hand Tool,Tweezers,0.9883,0.9477,1080,1920
train,15_1_0460,Two Hands Tool,Raspatory,0.9944,0.9944,1080,1920
train,01_1_0919,Right Hand Tool,Needle Holders,0.9616,0.9444,1080,1920
train,13_1_0797,Right Hand Tool,Needle Holders,1.0,0.9547,1080,1920
train,08_1_1543,Right Hand Tool,Mouth Gag,1.0,0.0045,1080,1920
train,15_1_0329,Left Hand Tool,Tweezers,1.0,1.0,1080,1920
train,06_1_0854,Left Hand Tool,Tweezers,0.9999,0.8392,1080,1920
train,15_1_0591,Right Hand Tool,Raspatory,0.9933,0.9479,1080,1920
train,13_1_1164,Right Hand Tool,Needle Holders,0.3728,0.3728,1080,1920
train,01_1_0376,Right Hand Tool,Scissors,0.9965,0.9067,1080,1920
train,01_1_0955,Right Hand Tool,Needle Holders,1.0,1.0,1080,1920
train,13_1_0243,Right Hand Tool,Scalpel,1.0,1.0,1080,1920
train,13_1_0760,Left Hand Tool,Tweezers,1.0,1.0,1080,1920
train,15_1_0377,Left Hand Tool,Suction Cannula,0.9962,0.9685,1080,1920
train,15_1_0343,Right Hand Tool,Scissors,0.9999,0.9999,1080,1920
train,11_1_0315,Two Hands Tool,Syringe,1.0,1.0,1080,1920
train,01_1_0554,Left Hand Tool,Gauze,1.0,0.9076,1080,1920
train,02_1_0722,Right Hand Tool,Needle Holders,0.9422,0.9422,1080,1920
train,13_1_0828,Left Hand Tool,Tweezers,1.0,1.0,1080,1920
train,11_1_0768,Left Hand Tool,Tweezers,1.0,1.0,1080,1920
train,11_1_1222,Right Hand Tool,Needle Holders,1.0,1.0,1080,1920
train,11_1_0927,Right Hand Tool,Bipolar Forceps,1.0,0.7198,1080,1920
train,02_1_0479,Left Hand Tool,Tweezers,0.9911,0.6681,1080,1920
train,02_1_0423,Left Hand Tool,Tweezers,1.0,1.0,1080,1920
train,02_1_0401,Right Hand Tool,Gauze,1.0,1.0,1080,1920
train,01_1_0240,Right Hand Tool,Syringe,1.0,1.0,1080,1920
train,13_1_1120,Right Hand Tool,Needle Holders,0.0,0.0,1080,1920
train,08_1_1204,Left Hand Tool,Tweezers,0.9932,0.3547,1080,1920
train,13_1_0392,Left Hand Tool,Tweezers,1.0,1.0,1080,1920
train,06_1_1169,Left Hand Tool,Tweezers,0.9798,0.8142,1080,1920
train,11_1_0527,Left Hand Tool,Tweezers,1.0,1.0,1080,1920
train,11_1_0430,Right Hand Tool,Scissors,1.0,0.8908,1080,1920
train,01_1_1271,Left Hand Tool,Tweezers,0.9983,0.9983,1080,1920
train,13_1_0915,Right Hand Tool,Scalpel,0.0,0.0,1080,1920
train,06_1_0891,Right Hand Tool,Scissors,0.8986,0.6787,1080,1920
train,08_1_1108,Left Hand Tool,Suction Cannula,0.9979,0.878,1080,1920
train,08_1_1360,Two Hands Tool,Needle Holders,0.9999,0.9428,1080,1920
train,06_1_1017,Left Hand Tool,Tweezers,1.0,0.8686,1080,1920
train,01_1_1068,Right Hand Tool,Needle Holders,0.9978,0.9978,1080,1920
train,12_1_0540,Right Hand Tool,Suction Cannula,1.0,0.3626,1080,1920
train,15_1_0263,Right Hand Tool,Scissors,1.0,1.0,1080,1920
train,08_1_0857,Right Hand Tool,Scissors,0.9966,0.7092,1080,1920
train,08_1_1242,Right Hand Tool,Tweezers,0.9391,0.0741,1080,1920
train,06_1_0441,Right Hand Tool,Bipolar Forceps,0.9873,0.6314,1080,1920
train,08_1_1322,Left Hand Tool,Forceps,1.0,1.0,1080,1920
train,13_1_1063,Right Hand Tool,Needle Holders,0.0,0.0,1080,1920
train,11_1_1124,Right Hand Tool,Needle Holders,1.0,1.0,1080,1920
train,06_1_0779,Left Hand Tool,Tweezers,0.9771,0.7629,1080,1920
train,13_1_0962,Left Hand Tool,Tweezers,1.0,1.0,1080,1920
train,08_1_1040,Left Hand Tool,Suction Cannula,0.9978,0.7147,1080,1920
train,13_1_0862,Left Hand Tool,Tweezers,1.0,1.0,1080,1920
train,08_1_0836,Right Hand Tool,Scissors,0.9998,0.6869,1080,1920
train,12_1_0529,Left Hand Tool,Forceps,1.0,0.6878,1080,1920
train,13_1_0900,Right Hand Tool,Tweezers,0.0,0.0,1080,1920
train,02_1_0593,Right Hand Tool,Needle Holders,0.9924,0.9717,1080,1920
train,15_1_0397,Right Hand Tool,Raspatory,0.9975,0.9938,1080,1920
train,13_1_1150,Right Hand Tool,Needle Holders,1.0,1.0,1080,1920
train,13_1_0308,Right Hand Tool,Gauze,0.281,0.281,1080,1920
train,06_1_1388,Left Hand Tool,Suction Cannula,1.0,0.3882,1080,1920
train,08_1_1194,Left Hand Tool,Tweezers,0.9985,0.8371,1080,1920
train,01_1_1145,Right Hand Tool,Needle Holders,0.9236,0.923,1080,1920
train,01_1_0938,Right Hand Tool,Needle Holders,0.9423,0.9386,1080,1920
train,12_1_0416,Left Hand Tool,Tweezers,1.0,0.4157,1080,1920
train,06_1_0844,Left Hand Tool,Tweezers,0.9987,0.9074,1080,1920
train,13_1_0682,Right Hand Tool,Needle Holders,1.0,0.8668,1080,1920
train,08_1_0546,Right Hand Tool,Mouth Gag,0.9804,0.0287,1080,1920
train,06_1_1292,Right Hand Tool,Needle Holders,0.9995,0.7288,1080,1920
train,12_1_0418,Left Hand Tool,Tweezers,1.0,0.4748,1080,1920
train,02_1_0410,Right Hand Tool,Scissors,0.9523,0.6998,1080,1920
train,02_1_0427,Right Hand Tool,Scissors,0.9327,0.9327,1080,1920
train,01_1_0376,Left Hand Tool,Tweezers,1.0,0.8123,1080,1920
train,13_1_0683,Left Hand Tool,Needle Holders,0.0,0.0,1080,1920
train,11_1_1001,Right Hand Tool,Bipolar Forceps,1.0,1.0,1080,1920
train,08_1_1512,Left Hand Tool,Forceps,0.9967,0.711,1080,1920
train,08_1_1510,Left Hand Tool,Forceps,0.9982,0.3914,1080,1920
train,01_1_0882,Left Hand Tool,Tweezers,0.9605,0.9605,1080,1920
train,15_1_0258,Right Hand Tool,Scissors,0.9866,0.972,1080,1920
train,08_1_1319,Right Hand Tool,Mouth Gag,0.9894,0.0949,1080,1920
train,13_1_0671,Right Hand Tool,Needle Holders,0.097,0.0503,1080,1920
train,12_1_0203,Left Hand Tool,Suction Cannula,1.0,0.1609,1080,1920
train,02_1_0363,Right Hand Tool,Scalpel,0.9994,0.0126,1080,1920
train,15_1_0352,Two Hands Tool,Tweezers,0.9665,0.9345,1080,1920
train,13_1_1025,Right Hand Tool,Tweezers,0.0603,0.0603,1080,1920
train,08_1_1388,Right Hand Tool,Needle Holders,0.9991,0.6538,1080,1920
train,11_1_1120,Right Hand Tool,Needle Holders,1.0,1.0,1080,1920
train,06_1_0643,Right Hand Tool,Scissors,1.0,0.7613,1080,1920
train,02_1_0725,Right Hand Tool,Needle Holders,0.9992,0.7637,1080,1920
train,01_1_1117,Right Hand Tool,Needle Holders,1.0,1.0,1080,1920
train,13_1_0781,Left Hand Tool,Tweezers,0.9577,0.9577,1080,1920
train,08_1_1047,Left Hand Tool,Suction Cannula,0.9998,0.9998,1080,1920
train,13_1_0623,Left Hand Tool,Tweezers,0.2401,0.2401,1080,1920
train,11_1_0850,Left Hand Tool,Tweezers,1.0,0.8135,1080,1920
train,13_1_0652,Left Hand Tool,Electric Cautery,0.3082,0.3082,1080,1920
train,08_1_0334,Right Hand Tool,Scalpel,0.9993,0.9993,1080,1920
train,06_1_0600,Right Hand Tool,Scissors,0.9912,0.611,1080,1920
train,12_1_0420,Right Hand Tool,Suction Cannula,1.0,0.4501,1080,1920
train,02_1_0700,Right Hand Tool,Gauze,1.0,0.6324,1080,1920
train,06_1_1324,Right Hand Tool,Needle Holders,0.9794,0.154,1080,1920
train,11_1_0393,Left Hand Tool,Tweezers,1.0,1.0,1080,1920
train,01_1_0764,Left Hand Tool,Tweezers,0.9999,0.9999,1080,1920
train,13_1_0265,Right Hand Tool,Bipolar Forceps,0.939,0.7437,1080,1920
train,12_1_1023,Right Hand Tool,Suction Cannula,1.0,1.0,1080,1920
train,01_1_0691,Left Hand Tool,Gauze,1.0,1.0,1080,1920
train,12_1_1596,Left Hand Tool,Tweezers,1.0,1.0,1080,1920
train,13_1_0905,Right Hand Tool,Tweezers,0.0,0.0,1080,1920
train,11_1_0417,Right Hand Tool,Gauze,1.0,1.0,1080,1920
train,13_1_0959,Left Hand Tool,Tweezers,0.6983,0.5968,1080,1920
train,06_1_1037,Left Hand Tool,Tweezers,0.9923,0.9085,1080,1920
train,13_1_0334,Left Hand Tool,Tweezers,1.0,0.7274,1080,1920
train,11_1_0834,Left Hand Tool,Tweezers,1.0,0.2878,1080,1920
train,13_1_1072,Left Hand Tool,Tweezers,0.0,0.0,1080,1920
train,13_1_0953,Left Hand Tool,Tweezers,1.0,1.0,1080,1920
train,11_1_1250,Left Hand Tool,Tweezers,1.0,0.9971,1080,1920
train,06_1_0676,Left Hand Tool,Tweezers,1.0,1.0,1080,1920
train,13_1_0939,Right Hand Tool,Scalpel,1.0,1.0,1080,1920
train,13_1_0998,Left Hand Tool,Needle Holders,0.0,0.0,1080,1920
train,06_1_0420,Right Hand Tool,Scissors,0.915,0.915,1080,1920
train,11_1_0543,Right Hand Tool,Scissors,1.0,0.8931,1080,1920
train,13_1_0949,Right Hand Tool,Electric Cautery,1.0,0.9946,1080,1920
train,08_1_1203,Right Hand Tool,Scissors,1.0,0.2796,1080,1920
train,11_1_0400,Left Hand Tool,Tweezers,1.0,1.0,1080,1920
train,01_1_0777,Left Hand Tool,Gauze,0.987,0.987,1080,1920
train,13_1_0340,Left Hand Tool,Tweezers,0.3946,0.0234,1080,1920
train,01_1_1181,Left Hand Tool,Tweezers,1.0,1.0,1080,1920
train,15_1_0612,Right Hand Tool,Raspatory,0.9991,0.9757,1080,1920
train,06_1_0763,Left Hand Tool,Tweezers,0.9637,0.9637,1080,1920
train,13_1_0935,Left Hand Tool,Scalpel,0.0,0.0,1080,1920
train,13_1_0518,Right Hand Tool,Tweezers,0.0,0.0,1080,1920
train,15_1_0170,Right Hand Tool,Syringe,0.9977,0.9977,1080,1920
train,08_1_1255,Left Hand Tool,Tweezers,0.9998,0.6508,1080,1920
train,01_1_0229,Right Hand Tool,Syringe,1.0,1.0,1080,1920
train,15_1_0438,Right Hand Tool,Raspatory,0.9995,0.9995,1080,1920
train,11_1_1113,Right Hand Tool,Needle Holders,1.0,1.0,1080,1920
train,11_1_0773,Left Hand Tool,Tweezers,1.0,1.0,1080,1920
train,06_1_0997,Left Hand Tool,Suction Cannula,0.9998,0.2523,1080,1920
train,12_1_0620,Right Hand Tool,Suction Cannula,1.0,0.1784,1080,1920
train,02_1_0464,Right Hand Tool,Gauze,0.9914,0.9734,1080,1920
train,11_1_1091,Left Hand Tool,Tweezers,1.0,1.0,1080,1920
train,06_1_0447,Right Hand Tool,Bipolar Forceps,1.0,0.7545,1080,1920
train,06_1_0494,Left Hand Tool,Suction Cannula,1.0,1.0,1080,1920
train,06_1_1122,Left Hand Tool,Tweezers,0.9984,0.8402,1080,1920
train,06_1_1158,Right Hand Tool,Scissors,0.997,0.7761,1080,1920
train,02_1_0633,Right Hand Tool,Gauze,0.9762,0.9363,1080,1920
train,01_1_1055,Left Hand Tool,Tweezers,0.9983,0.9983,1080,1920
train,06_1_1130,Right Hand Tool,Mouth Gag,1.0,0.0048,1080,1920
train,06_1_0519,Left Hand Tool,Suction Cannula,0.9759,0.9759,1080,1920
train,13_1_1164,Left Hand Tool,Tweezers,0.9628,0.9628,1080,1920
train,06_1_1348,Left Hand Tool,Tweezers,1.0,0.719,1080,1920
train,13_1_1109,Right Hand Tool,Needle Holders,1.0,1.0,1080,1920
train,13_1_0481,Left Hand Tool,Tweezers,0.3169,0.3169,1080,1920
train,06_1_0575,Right Hand Tool,Raspatory,1.0,0.9759,1080,1920
train,06_1_0416,Left Hand Tool,Tweezers,0.9889,0.457,1080,1920
train,13_1_0689,Left Hand Tool,Tweezers,0.8495,0.8495,1080,1920
train,13_1_0437,Right Hand Tool,Scalpel,1.0,1.0,1080,1920
train,08_1_1159,Left Hand Tool,Suction Cannula,0.9771,0.7558,1080,1920
train,11_1_1141,Left Hand Tool,Tweezers,1.0,1.0,1080,1920
train,11_1_0617,Left Hand Tool,Tweezers,1.0,0.9802,1080,1920
train,08_1_0752,Left Hand Tool,Suction Cannula,0.9382,0.51,1080,1920
train,13_1_0407,Right Hand Tool,Needle Holders,0.0,0.0,1080,1920
train,06_1_0781,Right Hand Tool,Raspatory,0.9981,0.897,1080,1920
train,01_1_0943,Left Hand Tool,Tweezers,0.9989,0.9989,1080,1920
train,08_1_1573,Left Hand Tool,Suction Cannula,0.9959,0.7566,1080,1920
train,06_1_1359,Right Hand Tool,Needle Holders,0.9998,0.5919,1080,1920
train,02_1_0649,Left Hand Tool,Tweezers,1.0,1.0,1080,1920
train,01_1_1042,Left Hand Tool,Tweezers,0.9999,0.9999,1080,1920
train,06_1_0674,Right Hand Tool,Scissors,0.9794,0.9534,1080,1920
train,08_1_1188,Left Hand Tool,Tweezers,0.9961,0.81,1080,1920
train,13_1_0815,Right Hand Tool,Scalpel,1.0,1.0,1080,1920
train,15_1_0295,Right Hand Tool,Scissors,1.0,1.0,1080,1920
train,13_1_0134,Right Hand Tool,Scalpel,1.0,0.9615,1080,1920
train,08_1_1525,Right Hand Tool,Needle Holders,0.9982,0.5916,1080,1920
train,13_1_0512,Right Hand Tool,Needle Holders,1.0,1.0,1080,1920
train,13_1_0135,Left Hand Tool,Gauze,1.0,0.9606,1080,1920
train,12_1_0680,Left Hand Tool,Gauze,1.0,0.5265,1080,1920
train,13_1_0327,Right Hand Tool,Scalpel,0.2451,0.2451,1080,1920
train,08_1_0821,Right Hand Tool,Scissors,0.8632,0.8082,1080,1920
train,13_1_0409,Left Hand Tool,Tweezers,1.0,1.0,1080,1920
train,01_1_0593,Left Hand Tool,Gauze,1.0,0.8792,1080,1920
train,11_1_0551,Left Hand Tool,Tweezers,1.0,0.9498,1080,1920
train,06_1_1019,Right Hand Tool,Scissors,0.999,0.9761,1080,1920
train,08_1_0360,Left Hand Tool,Suction Cannula,0.9845,0.3173,1080,1920
train,08_1_1017,Left Hand Tool,Suction Cannula,0.999,0.7554,1080,1920
train,06_1_1306,Right Hand Tool,Needle Holders,0.9992,0.9992,1080,1920
train,01_1_0591,Left Hand Tool,Gauze,0.9998,0.9584,1080,1920
train,08_1_1019,Right Hand Tool,Scissors,0.9992,0.7501,1080,1920
train,11_1_0753,Right Hand Tool,Scissors,1.0,0.5103,1080,1920
train,01_1_0565,Left Hand Tool,Gauze,0.9952,0.9952,1080,1920
train,13_1_0451,Left Hand Tool,Tweezers,0.4238,0.4105,1080,1920
train,15_1_0434,Left Hand Tool,Tweezers,1.0,1.0,1080,1920
train,06_1_0850,Right Hand Tool,Scissors,1.0,0.8715,1080,1920
train,06_1_1052,Right Hand Tool,Raspatory,0.9944,0.9341,1080,1920
train,06_1_0506,Left Hand Tool,Suction Cannula,1.0,1.0,1080,1920
train,12_1_0400,Left Hand Tool,Tweezers,1.0,1.0,1080,1920
train,08_1_0453,Right Hand Tool,Mouth Gag,1.0,0.1061,1080,1920
train,15_1_0520,Left Hand Tool,Tweezers,0.9998,0.9998,1080,1920
train,11_1_0532,Left Hand Tool,Gauze,1.0,0.7776,1080,1920
train,02_1_0718,Left Hand Tool,Tweezers,0.994,0.994,1080,1920
train,01_1_0775,Left Hand Tool,Gauze,0.94,0.94,1080,1920
train,13_1_0790,Right Hand Tool,Needle Holders,0.0011,0.0011,1080,1920
train,08_1_1300,Left Hand Tool,Tweezers,0.999,0.7265,1080,1920
train,13_1_0955,Left Hand Tool,Tweezers,1.0,0.9313,1080,1920
train,08_1_1463,Right Hand Tool,Needle Holders,0.9951,0.1337,1080,1920
train,11_1_0433,Left Hand Tool,Tweezers,1.0,1.0,1080,1920
train,13_1_1111,Left Hand Tool,Needle Holders,0.0,0.0,1080,1920
train,13_1_0831,Right Hand Tool,Scalpel,1.0,1.0,1080,1920
train,13_1_0725,Right Hand Tool,Needle Holders,0.8411,0.835,1080,1920
train,02_1_0625,Right Hand Tool,Gauze,0.9981,0.9981,1080,1920
train,11_1_1051,Left Hand Tool,Tweezers,1.0,1.0,1080,1920
train,11_1_1098,Right Hand Tool,Needle Holders,1.0,1.0,1080,1920
train,12_1_0297,Right Hand Tool,Suction Cannula,1.0,0.8012,1080,1920
train,15_1_0249,Left Hand Tool,Gauze,1.0,0.8734,1080,1920
train,01_1_0492,Left Hand Tool,Tweezers,1.0,0.738,1080,1920
train,01_1_0311,Right Hand Tool,Tweezers,1.0,1.0,1080,1920
train,08_1_1232,Left Hand Tool,Tweezers,1.0,0.6984,1080,1920
train,11_1_1267,Left Hand Tool,Needle Holders,1.0,1.0,1080,1920
train,13_1_1061,Right Hand Tool,Needle Holders,1.0,1.0,1080,1920
train,13_1_0623,Right Hand Tool,Scalpel,1.0,1.0,1080,1920
train,12_1_0505,Left Hand Tool,Hook,1.0,1.0,1080,1920
train,08_1_1247,Right Hand Tool,Scissors,0.9936,0.3461,1080,1920
train,06_1_1223,Left Hand Tool,Tweezers,0.991,0.991,1080,1920
train,06_1_1016,Right Hand Tool,Scissors,0.9973,0.9622,1080,1920
train,08_1_0416,Left Hand Tool,Tweezers,0.9793,0.6074,1080,1920
train,01_1_0540,Right Hand Tool,Scissors,0.991,0.9855,1080,1920
train,15_1_0417,Left Hand Tool,Tweezers,0.9983,0.9983,1080,1920
train,08_1_1442,Left Hand Tool,Mouth Gag,1.0,0.8085,1080,1920
train,01_1_0679,Right Hand Tool,Tweezers,0.9872,0.9872,1080,1920
train,02_1_0759,Right Hand Tool,Tweezers,0.9979,0.9965,1080,1920
train,13_1_0213,Left Hand Tool,Tweezers,1.0,0.9614,1080,1920
train,13_1_0833,Right Hand Tool,Scalpel,1.0,1.0,1080,1920
train,01_1_1171,Right Hand Tool,Needle Holders,1.0,1.0,1080,1920
train,13_1_0696,Right Hand Tool,Needle Holders,1.0,1.0,1080,1920
train,15_1_0192,Right Hand Tool,Syringe,1.0,1.0,1080,1920
train,02_1_0445,Right Hand Tool,Gauze,0.9958,0.9958,1080,1920
train,11_1_1096,Right Hand Tool,Needle Holders,1.0,1.0,1080,1920
train,13_1_0192,Right Hand Tool,Electric Cautery,1.0,0.8557,1080,1920
train,06_1_1129,Left Hand Tool,Tweezers,0.9983,0.6348,1080,1920
train,02_1_0376,Right Hand Tool,Scalpel,0.9989,0.7928,1080,1920
train,11_1_1108,Right Hand Tool,Needle Holders,1.0,1.0,1080,1920
train,06_1_0381,Left Hand Tool,Suction Cannula,1.0,0.5364,1080,1920
train,13_1_0785,Right Hand Tool,Needle Holders,0.0,0.0,1080,1920
train,01_1_1062,Left Hand Tool,Tweezers,0.9877,0.9877,1080,1920
train,01_1_0309,Right Hand Tool,Scalpel,1.0,1.0,1080,1920
train,02_1_0765,Two Hands Tool,Tweezers,1.0,0.7776,1080,1920
train,12_1_0494,Two Hands Tool,Suction Cannula,1.0,0.784,1080,1920
train,08_1_0497,Right Hand Tool,Scissors,0.992,0.4819,1080,1920
train,01_1_1209,Left Hand Tool,Tweezers,0.9996,0.9991,1080,1920
train,08_1_0685,Left Hand Tool,Tweezers,0.9857,0.3545,1080,1920
train,01_1_1103,Left Hand Tool,Tweezers,0.9979,0.9957,1080,1920
train,13_1_0627,Left Hand Tool,Tweezers,1.0,1.0,1080,1920
train,12_1_0509,Left Hand Tool,Hook,1.0,0.9858,1080,1920
train,08_1_1608,Right Hand Tool,Needle Holders,0.9986,0.8203,1080,1920
train,12_1_1180,Right Hand Tool,Suction Cannula,1.0,1.0,1080,1920
train,12_1_0426,Left Hand Tool,Hook,1.0,1.0,1080,1920
train,11_1_0853,Right Hand Tool,Bipolar Forceps,1.0,0.6864,1080,1920
train,08_1_0576,Left Hand Tool,Tweezers,0.9911,0.2427,1080,1920
train,15_1_0597,Right Hand Tool,Raspatory,1.0,1.0,1080,1920
train,13_1_0169,Right Hand Tool,Scissors,1.0,1.0,1080,1920
train,11_1_0379,Right Hand Tool,Gauze,1.0,1.0,1080,1920
train,13_1_0672,Left Hand Tool,Needle Holders,0.0,0.0,1080,1920
train,06_1_0456,Left Hand Tool,Tweezers,0.993,0.907,1080,1920
train,01_1_1251,Left Hand Tool,Tweezers,0.9957,0.9917,1080,1920
train,01_1_0410,Left Hand Tool,Tweezers,0.9979,0.7414,1080,1920
train,13_1_0351,Left Hand Tool,Tweezers,1.0,1.0,1080,1920
train,06_1_0305,Two Hands Tool,Syringe,0.9519,0.7853,1080,1920
train,13_1_0764,Left Hand Tool,Tweezers,1.0,1.0,1080,1920
train,02_1_0422,Right Hand Tool,Scissors,0.9921,0.8694,1080,1920
train,11_1_0403,Left Hand Tool,Tweezers,1.0,0.8429,1080,1920
train,08_1_1338,Left Hand Tool,Needle Holders,0.0,0.0,1080,1920
train,15_1_0654,Left Hand Tool,Tweezers,0.9984,0.9984,1080,1920
train,12_1_0487,Two Hands Tool,Suction Cannula,1.0,0.8798,1080,1920
train,13_1_0581,Left Hand Tool,Tweezers,1.0,1.0,1080,1920
train,13_1_0350,Left Hand Tool,Electric Cautery,0.0,0.0,1080,1920
train,13_1_0467,Right Hand Tool,Electric Cautery,1.0,0.9978,1080,1920
train,13_1_0999,Left Hand Tool,Tweezers,1.0,1.0,1080,1920
train,01_1_0642,Left Hand Tool,Gauze,0.9604,0.5152,1080,1920
train,06_1_0682,Left Hand Tool,Tweezers,1.0,1.0,1080,1920
train,01_1_0383,Right Hand Tool,Bipolar Forceps,0.9874,0.9874,1080,1920
train,01_1_0510,Left Hand Tool,Tweezers,0.9905,0.9905,1080,1920
train,13_1_1170,Left Hand Tool,Tweezers,1.0,1.0,1080,1920
train,01_1_0728,Left Hand Tool,Tweezers,0.9998,0.9998,1080,1920
train,12_1_0458,Right Hand Tool,Suction Cannula,1.0,0.8749,1080,1920
train,06_1_0925,Right Hand Tool,Raspatory,0.9974,0.8938,1080,1920
train,13_1_0994,Left Hand Tool,Tweezers,0.3253,0.3253,1080,1920
train,13_1_1025,Left Hand Tool,Tweezers,0.0791,0.0791,1080,1920
train,06_1_0665,Right Hand Tool,Scissors,1.0,0.9527,1080,1920
train,15_1_0643,Right Hand Tool,Raspatory,0.9985,0.9881,1080,1920
train,01_1_0657,Right Hand Tool,Scissors,0.9991,0.9991,1080,1920
train,01_1_1248,Left Hand Tool,Tweezers,0.994,0.994,1080,1920
train,15_1_0661,Left Hand Tool,Tweezers,0.9991,0.9991,1080,1920
train,13_1_1116,Right Hand Tool,Needle Holders,1.0,0.9813,1080,1920
train,01_1_1046,Left Hand Tool,Tweezers,1.0,1.0,1080,1920
train,01_1_0582,Right Hand Tool,Bipolar Forceps,0.948,0.948,1080,1920
train,06_1_0462,Left Hand Tool,Suction Cannula,1.0,0.8907,1080,1920
train,06_1_1401,Right Hand Tool,Scissors,0.9987,0.717,1080,1920
train,02_1_0747,Right Hand Tool,Needle Holders,0.9591,0.5661,1080,1920
train,13_1_0467,Left Hand Tool,Tweezers,1.0,1.0,1080,1920
train,11_1_0636,Right Hand Tool,Scissors,1.0,1.0,1080,1920
train,11_1_0693,Left Hand Tool,Tweezers,1.0,0.9187,1080,1920
train,13_1_0301,Right Hand Tool,Gauze,0.0002,0.0002,1080,1920
train,08_1_1027,Right Hand Tool,Scalpel,0.996,0.9939,1080,1920
train,01_1_0323,Right Hand Tool,Scalpel,1.0,1.0,1080,1920
train,15_1_0172,Left Hand Tool,Gauze,0.9999,0.9999,1080,1920
train,15_1_0609,Right Hand Tool,Raspatory,0.9999,0.9929,1080,1920
train,06_1_1089,Right Hand Tool,Bipolar Forceps,0.9706,0.6571,1080,1920
train,11_1_1062,Right Hand Tool,Needle Holders,1.0,1.0,1080,1920
train,11_1_1102,Left Hand Tool,Tweezers,1.0,1.0,1080,1920
train,11_1_0885,Left Hand Tool,Tweezers,1.0,0.9919,1080,1920
train,06_1_1215,Right Hand Tool,Needle Holders,0.9939,0.9939,1080,1920
train,08_1_0835,Left Hand Tool,Tweezers,1.0,0.9985,1080,1920
train,06_1_0883,Left Hand Tool,Tweezers,1.0,0.937,1080,1920
train,06_1_0671,Right Hand Tool,Scissors,0.946,0.946,1080,1920
train,11_1_0499,Right Hand Tool,Scissors,1.0,0.5826,1080,1920
train,13_1_1095,Right Hand Tool,Tweezers,1.0,1.0,1080,1920
train,11_1_0759,Right Hand Tool,Scissors,1.0,0.6435,1080,1920
train,13_1_1172,Left Hand Tool,Tweezers,1.0,1.0,1080,1920
train,13_1_0804,Right Hand Tool,Needle Holders,0.4005,0.4005,1080,1920
train,01_1_0923,Two Hands Tool,Needle Holders,0.9974,0.9974,1080,1920
train,06_1_0705,Right Hand Tool,Raspatory,0.9999,0.9999,1080,1920
train,11_1_0565,Right Hand Tool,Scissors,1.0,0.9939,1080,1920
train,01_1_0580,Right Hand Tool,Bipolar Forceps,0.9799,0.935,1080,1920
train,06_1_1308,Right Hand Tool,Needle Holders,0.9958,0.7604,1080,1920
train,13_1_0862,Right Hand Tool,Needle Holders,0.8605,0.8605,1080,1920
train,13_1_0332,Right Hand Tool,Scalpel,0.4618,0.4617,1080,1920
train,13_1_1119,Left Hand Tool,Tweezers,1.0,1.0,1080,1920
train,02_1_0670,Left Hand Tool,Tweezers,0.9741,0.9741,1080,1920
train,13_1_0785,Right Hand Tool,Needle Holders,1.0,1.0,1080,1920
train,06_1_1308,Left Hand Tool,Gauze,0.9785,0.7806,1080,1920
train,08_1_1547,Right Hand Tool,Needle Holders,0.9943,0.0,1080,1920
train,08_1_0472,Right Hand Tool,Mouth Gag,0.9949,0.0226,1080,1920
train,13_1_0443,Left Hand Tool,Scalpel,0.0,0.0,1080,1920
train,01_1_0848,Right Hand Tool,Needle Holders,1.0,1.0,1080,1920
train,15_1_0619,Right Hand Tool,Raspatory,0.9988,0.9143,1080,1920
train,11_1_0456,Right Hand Tool,Scissors,1.0,1.0,1080,1920
train,08_1_1601,Left Hand Tool,Tweezers,0.998,0.7954,1080,1920
train,13_1_0792,Left Hand Tool,Tweezers,1.0,1.0,1080,1920
train,02_1_0424,Right Hand Tool,Scissors,0.9739,0.2123,1080,1920
train,11_1_1272,Left Hand Tool,Tweezers,1.0,1.0,1080,1920
train,06_1_1033,Right Hand Tool,Scissors,0.9974,0.9974,1080,1920
train,13_1_0760,Left Hand Tool,Tweezers,0.1824,0.1824,1080,1920
train,01_1_0951,Right Hand Tool,Needle Holders,0.9705,0.9705,1080,1920
train,13_1_0263,Right Hand Tool,Bipolar Forceps,1.0,0.9931,1080,1920
train,11_1_0391,Right Hand Tool,Bipolar Forceps,1.0,0.7107,1080,1920
train,01_1_0397,Right Hand Tool,Bipolar Forceps,1.0,0.852,1080,1920
train,08_1_0244,Right Hand Tool,Syringe,1.0,0.3184,1080,1920
train,01_1_0552,Right Hand Tool,Bipolar Forceps,0.9918,0.9863,1080,1920
train,06_1_1419,Right Hand Tool,Scissors,0.9997,0.7752,1080,1920
train,01_1_0731,Left Hand Tool,Tweezers,1.0,1.0,1080,1920
train,13_1_0921,Right Hand Tool,Scalpel,1.0,1.0,1080,1920
train,11_1_0513,Left Hand Tool,Retractor,1.0,1.0,1080,1920
train,13_1_0754,Left Hand Tool,Needle Holders,0.0,0.0,1080,1920
train,01_1_0754,Left Hand Tool,Gauze,1.0,0.9965,1080,1920
train,13_1_1074,Left Hand Tool,Needle Holders,0.0,0.0,1080,1920
train,12_1_0470,Two Hands Tool,Suction Cannula,1.0,0.8924,1080,1920
train,13_1_0937,Right Hand Tool,Scalpel,1.0,1.0,1080,1920
train,08_1_0523,Right Hand Tool,Scissors,0.9997,0.8562,1080,1920
train,01_1_0397,Left Hand Tool,Tweezers,1.0,0.7908,1080,1920
train,11_1_0931,Right Hand Tool,Bipolar Forceps,1.0,0.6759,1080,1920
train,06_1_1421,Right Hand Tool,Scissors,0.9925,0.8144,1080,1920
train,11_1_0558,Left Hand Tool,Tweezers,1.0,1.0,1080,1920
train,08_1_1043,Right Hand Tool,Scissors,0.9965,0.9965,1080,1920
train,01_1_0442,Right Hand Tool,Scissors,0.9656,0.9595,1080,1920
train,01_1_1258,Left Hand Tool,Tweezers,0.9978,0.9978,1080,1920
train,13_1_1162,Right Hand Tool,Needle Holders,0.0,0.0,1080,1920
train,01_1_1229,Left Hand Tool,Tweezers,0.9847,0.98,1080,1920
train,01_1_0503,Right Hand Tool,Bipolar Forceps,1.0,0.999,1080,1920
train,11_1_1283,Left Hand Tool,Needle Holders,0.0,0.0,1080,1920
train,13_1_0726,Left Hand Tool,Tweezers,1.0,1.0,1080,1920
train,13_1_0916,Right Hand Tool,Scalpel,1.0,1.0,1080,1920
train,06_1_1251,Right Hand Tool,Needle Holders,0.997,0.3342,1080,1920
train,01_1_0326,Right Hand Tool,Scalpel,1.0,1.0,1080,1920
train,01_1_0647,Right Hand Tool,Bipolar Forceps,1.0,0.9873,1080,1920
train,08_1_0401,Right Hand Tool,Scissors,0.9977,0.4632,1080,1920
train,13_1_1076,Left Hand Tool,Tweezers,0.0049,0.0049,1080,1920
train,13_1_0337,Left Hand Tool,Tweezers,1.0,0.1948,1080,1920
train,08_1_1593,Left Hand Tool,Suction Cannula,0.9997,0.7053,1080,1920
train,01_1_1070,Left Hand Tool,Tweezers,0.9975,0.9975,1080,1920
train,08_1_0830,Right Hand Tool,Scissors,0.9999,0.6157,1080,1920
train,02_1_0515,Left Hand Tool,Tweezers,0.9313,0.9313,1080,1920
train,01_1_0640,Left Hand Tool,Gauze,1.0,0.9998,1080,1920
train,01_1_1091,Left Hand Tool,Tweezers,0.9702,0.9702,1080,1920
train,13_1_0769,Left Hand Tool,Tweezers,0.0145,0.0066,1080,1920
train,15_1_0430,Right Hand Tool,Raspatory,0.9986,0.9986,1080,1920
train,01_1_0950,Right Hand Tool,Needle Holders,0.9985,0.9905,1080,1920
train,01_1_1231,Left Hand Tool,Tweezers,1.0,1.0,1080,1920
train,08_1_0611,Left Hand Tool,Tweezers,1.0,0.8351,1080,1920
train,12_1_0513,Right Hand Tool,Suction Cannula,1.0,0.4551,1080,1920
train,15_1_0601,Left Hand Tool,Tweezers,1.0,0.9534,1080,1920
train,06_1_0501,Left Hand Tool,Suction Cannula,1.0,0.9881,1080,1920
train,13_1_0523,Left Hand Tool,Tweezers,1.0,0.7214,1080,1920
train,08_1_0350,Right Hand Tool,Mouth Gag,0.9852,0.0016,1080,1920
train,11_1_0695,Right Hand Tool,Gauze,1.0,0.7364,1080,1920
train,13_1_0469,Right Hand Tool,Electric Cautery,0.3333,0.2313,1080,1920
train,02_1_0634,Right Hand Tool,Gauze,0.9771,0.9771,1080,1920
train,11_1_0447,Left Hand Tool,Tweezers,1.0,1.0,1080,1920
train,01_1_1199,Left Hand Tool,Tweezers,0.9986,0.9986,1080,1920
train,13_1_0203,Two Hands Tool,Tweezers,1.0,0.921,1080,1920
train,06_1_0467,Right Hand Tool,Scalpel,0.9982,0.9594,1080,1920
train,06_1_0981,Right Hand Tool,Raspatory,1.0,0.0364,1080,1920
train,06_1_0432,Right Hand Tool,Mouth Gag,1.0,0.0454,1080,1920
train,15_1_0431,Right Hand Tool,Raspatory,0.9993,0.9993,1080,1920
train,01_1_1239,Right Hand Tool,Needle Holders,0.9935,0.9935,1080,1920
train,11_1_0677,Left Hand Tool,Tweezers,1.0,1.0,1080,1920
train,15_1_0444,Left Hand Tool,Tweezers,0.999,0.999,1080,1920
train,08_1_0773,Left Hand Tool,Tweezers,0.9945,0.9945,1080,1920
train,08_1_1153,Left Hand Tool,Suction Cannula,0.9981,0.98,1080,1920
train,11_1_0323,Right Hand Tool,Syringe,1.0,1.0,1080,1920
train,11_1_0446,Left Hand Tool,Tweezers,1.0,1.0,1080,1920
train,06_1_0377,Right Hand Tool,Scalpel,0.993,0.842,1080,1920
train,13_1_0153,Left Hand Tool,Gauze,1.0,0.6319,1080,1920
train,08_1_0344,Right Hand Tool,Scalpel,0.998,0.998,1080,1920
train,01_1_0882,Right Hand Tool,Needle Holders,1.0,1.0,1080,1920
train,08_1_0451,Left Hand Tool,Suction Cannula,0.9846,0.645,1080,1920
train,08_1_1621,Right Hand Tool,Needle Holders,1.0,0.0522,1080,1920
train,08_1_0401,Left Hand Tool,Tweezers,1.0,0.7431,1080,1920
train,15_1_0466,Two Hands Tool,Raspatory,0.9826,0.9202,1080,1920
train,13_1_0526,Left Hand Tool,Needle Holders,0.0,0.0,1080,1920
train,13_1_1175,Right Hand Tool,Needle Holders,1.0,1.0,1080,1920
train,15_1_0638,Left Hand Tool,Tweezers,1.0,1.0,1080,1920
train,06_1_0703,Left Hand Tool,Tweezers,1.0,1.0,1080,1920
train,13_1_0941,Left Hand Tool,Tweezers,1.0,1.0,1080,1920
train,01_1_0422,Left Hand Tool,Tweezers,1.0,0.7649,1080,1920
train,06_1_1111,Right Hand Tool,Scissors,0.9935,0.9935,1080,1920
train,15_1_0319,Left Hand Tool,Tweezers,0.9939,0.9939,1080,1920
train,11_1_0688,Left Hand Tool,Tweezers,1.0,0.9998,1080,1920
train,13_1_0925,Right Hand Tool,Scalpel,1.0,1.0,1080,1920
train,06_1_0236,Two Hands Tool,Gauze,0.95,0.4845,1080,1920
train,08_1_0508,Right Hand Tool,Scissors,0.989,0.7186,1080,1920
train,11_1_1243,Left Hand Tool,Tweezers,1.0,1.0,1080,1920
train,15_1_0419,Right Hand Tool,Scalpel,0.9997,0.9997,1080,1920
train,11_1_0972,Two Hands Tool,Syringe,1.0,0.9789,1080,1920
train,02_1_0285,Two Hands Tool,Syringe,1.0,0.9986,1080,1920
train,06_1_0307,Two Hands Tool,Mouth Gag,0.982,0.0698,1080,1920
train,13_1_0453,Left Hand Tool,Tweezers,0.9251,0.9251,1080,1920
train,13_1_0338,Left Hand Tool,Tweezers,1.0,0.5069,1080,1920
train,01_1_0548,Right Hand Tool,Bipolar Forceps,1.0,1.0,1080,1920
train,13_1_1078,Right Hand Tool,Needle Holders,1.0,1.0,1080,1920
train,06_1_0568,Left Hand Tool,Suction Cannula,1.0,1.0,1080,1920
train,15_1_0503,Two Hands Tool,Raspatory,0.9995,0.9995,1080,1920
train,08_1_1138,Left Hand Tool,Suction Cannula,0.9374,0.9142,1080,1920
train,06_1_0417,Left Hand Tool,Tweezers,0.9954,0.4665,1080,1920
train,02_1_0512,Left Hand Tool,Tweezers,0.9985,0.2339,1080,1920
train,11_1_0537,Left Hand Tool,Scissors,0.0,0.0,1080,1920
train,01_1_0477,Right Hand Tool,Scalpel,1.0,0.976,1080,1920
train,02_1_0452,Right Hand Tool,Gauze,0.9943,0.9943,1080,1920
train,01_1_0346,Left Hand Tool,Gauze,0.9094,0.5191,1080,1920
train,01_1_0429,Left Hand Tool,Tweezers,0.9653,0.4834,1080,1920
train,15_1_0168,Left Hand Tool,Gauze,1.0,1.0,1080,1920
train,06_1_1457,Left Hand Tool,Suction Cannula,0.8919,0.5082,1080,1920
train,11_1_1041,Right Hand Tool,Needle Holders,1.0,1.0,1080,1920
train,06_1_0684,Left Hand Tool,Tweezers,0.9999,0.9902,1080,1920
train,13_1_0633,Right Hand Tool,Scalpel,0.3786,0.2685,1080,1920
train,01_1_0240,Left Hand Tool,Gauze,0.9829,0.9829,1080,1920
train,11_1_0858,Left Hand Tool,Tweezers,1.0,0.6679,1080,1920
train,06_1_0655,Right Hand Tool,Gauze,0.9973,0.9973,1080,1920
train,02_1_0469,Left Hand Tool,Tweezers,0.9981,0.9981,1080,1920
train,12_1_0818,Left Hand Tool,Retractor,1.0,1.0,1080,1920
train,08_1_0806,Left Hand Tool,Tweezers,0.999,0.7927,1080,1920
train,13_1_0629,Right Hand Tool,Scalpel,1.0,1.0,1080,1920
train,06_1_0588,Right Hand Tool,Raspatory,0.9901,0.8849,1080,1920
train,01_1_0608,Right Hand Tool,Needle Holders,0.9793,0.9695,1080,1920
train,01_1_0498,Right Hand Tool,Bipolar Forceps,0.9904,0.9798,1080,1920
train,06_1_1171,Right Hand Tool,Needle Holders,0.9811,0.8236,1080,1920
train,06_1_0498,Left Hand Tool,Suction Cannula,0.9035,0.9035,1080,1920
train,02_1_0489,Left Hand Tool,Tweezers,0.998,0.9524,1080,1920
train,01_1_1026,Right Hand Tool,Needle Holders,0.9935,0.9935,1080,1920
train,11_1_0646,Left Hand Tool,Tweezers,1.0,0.9965,1080,1920
train,02_1_0520,Left Hand Tool,Tweezers,1.0,0.9976,1080,1920
train,06_1_0418,Right Hand Tool,Scissors,0.9994,0.9255,1080,1920
train,12_1_0527,Right Hand Tool,Suction Cannula,1.0,0.4489,1080,1920
train,08_1_1097,Left Hand Tool,Suction Cannula,0.8671,0.5678,1080,1920
train,13_1_0985,Left Hand Tool,Needle Holders,0.0,0.0,1080,1920
train,01_1_0926,Right Hand Tool,Needle Holders,0.9986,0.9986,1080,1920
train,01_1_1163,Right Hand Tool,Needle Holders,0.9995,0.9995,1080,1920
train,15_1_0617,Left Hand Tool,Tweezers,1.0,1.0,1080,1920
train,13_1_0520,Right Hand Tool,Needle Holders,1.0,1.0,1080,1920
train,01_1_0744,Right Hand Tool,Scissors,0.9567,0.9567,1080,1920
train,01_1_0671,Left Hand Tool,Tweezers,1.0,0.9719,1080,1920
train,08_1_0551,Left Hand Tool,Suction Cannula,0.9979,0.3274,1080,1920
train,15_1_0444,Right Hand Tool,Raspatory,0.9963,0.9963,1080,1920
train,08_1_0485,Right Hand Tool,Mouth Gag,1.0,0.0018,1080,1920
train,06_1_0592,Right Hand Tool,Scissors,0.9918,0.8559,1080,1920
train,15_1_0529,Right Hand Tool,Raspatory,0.9849,0.7032,1080,1920
train,08_1_0624,Left Hand Tool,Suction Cannula,0.9998,0.8399,1080,1920
train,01_1_1130,Right Hand Tool,Needle Holders,0.9953,0.9953,1080,1920
train,11_1_0502,Right Hand Tool,Gauze,1.0,0.3169,1080,1920
train,02_1_0480,Right Hand Tool,Scissors,0.9942,0.6649,1080,1920
train,11_1_0414,Left Hand Tool,Tweezers,1.0,0.9667,1080,1920
train,13_1_1162,Right Hand Tool,Needle Holders,1.0,1.0,1080,1920
train,01_1_0307,Right Hand Tool,Scalpel,1.0,1.0,1080,1920
train,13_1_0856,Right Hand Tool,Needle Holders,0.0,0.0,1080,1920
train,01_1_0682,Right Hand Tool,Scissors,1.0,1.0,1080,1920
train,06_1_1175,Right Hand Tool,Needle Holders,0.9993,0.9298,1080,1920
train,12_1_0645,Right Hand Tool,Suction Cannula,1.0,0.0567,1080,1920
train,11_1_1258,Left Hand Tool,Tweezers,1.0,1.0,1080,1920
train,13_1_0201,Left Hand Tool,Gauze,1.0,0.9951,1080,1920
train,11_1_0774,Left Hand Tool,Tweezers,1.0,1.0,1080,1920
train,11_1_0870,Right Hand Tool,Scissors,1.0,1.0,1080,1920
train,01_1_1104,Right Hand Tool,Needle Holders,0.9965,0.9965,1080,1920
train,13_1_0668,Right Hand Tool,Needle Holders,0.0,0.0,1080,1920
train,02_1_0490,Right Hand Tool,Bipolar Forceps,0.9987,0.6841,1080,1920
train,01_1_1009,Right Hand Tool,Needle Holders,0.9951,0.9951,1080,1920
train,13_1_0602,Left Hand Tool,Tweezers,1.0,1.0,1080,1920
train,11_1_0660,Right Hand Tool,Scissors,1.0,0.8046,1080,1920
train,06_1_1355,Right Hand Tool,Needle Holders,0.9989,0.7438,1080,1920
train,11_1_1275,Right Hand Tool,Needle Holders,1.0,0.9608,1080,1920
train,01_1_0588,Right Hand Tool,Bipolar Forceps,1.0,1.0,1080,1920
train,02_1_0493,Right Hand Tool,Bipolar Forceps,1.0,0.6324,1080,1920
train,06_1_0384,Left Hand Tool,Suction Cannula,1.0,0.4101,1080,1920
train,06_1_1408,Right Hand Tool,Scissors,1.0,0.656,1080,1920
train,01_1_0248,Left Hand Tool,Gauze,0.9953,0.9953,1080,1920
train,13_1_0525,Right Hand Tool,Needle Holders,1.0,1.0,1080,1920
train,11_1_0486,Right Hand Tool,Gauze,1.0,1.0,1080,1920
train,11_1_0990,Left Hand Tool,Tweezers,1.0,1.0,1080,1920
train,13_1_0490,Left Hand Tool,Tweezers,1.0,1.0,1080,1920
train,13_1_0736,Right Hand Tool,Needle Holders,0.0,0.0,1080,1920
train,13_1_0774,Right Hand Tool,Tweezers,0.1264,0.1264,1080,1920
train,06_1_1439,Left Hand Tool,Suction Cannula,0.9683,0.5933,1080,1920
train,01_1_0889,Left Hand Tool,Tweezers,1.0,1.0,1080,1920
train,01_1_0509,Left Hand Tool,Tweezers,0.993,0.993,1080,1920
train,08_1_0644,Left Hand Tool,Tweezers,0.9832,0.8851,1080,1920
train,08_1_1047,Right Hand Tool,Scissors,0.9969,0.3213,1080,1920
train,13_1_1028,Right Hand Tool,Tweezers,0.1031,0.1031,1080,1920
train,06_1_0299,Two Hands Tool,Syringe,0.9966,0.6591,1080,1920
train,15_1_0649,Left Hand Tool,Tweezers,0.9975,0.9962,1080,1920
train,08_1_1342,Left Hand Tool,Needle Holders,0.9997,0.9099,1080,1920
train,11_1_1211,Left Hand Tool,Tweezers,1.0,1.0,1080,1920
train,13_1_0738,Right Hand Tool,Tweezers,0.0,0.0,1080,1920
train,15_1_0350,Right Hand Tool,Scissors,1.0,0.6284,1080,1920
train,08_1_0339,Right Hand Tool,Scalpel,0.9959,0.0,1080,1920
train,01_1_0389,Right Hand Tool,Bipolar Forceps,0.9997,0.9997,1080,1920
train,06_1_1384,Left Hand Tool,Suction Cannula,1.0,0.3052,1080,1920
train,01_1_0689,Left Hand Tool,Tweezers,1.0,0.1459,1080,1920
train,13_1_0704,Left Hand Tool,Needle Holders,0.8032,0.8032,1080,1920
train,06_1_0469,Right Hand Tool,Scalpel,1.0,0.9618,1080,1920
train,08_1_1447,Two Hands Tool,Needle Holders,0.9983,0.3575,1080,1920
train,12_1_0661,Right Hand Tool,Suction Cannula,1.0,0.1803,1080,1920
train,12_1_0476,Two Hands Tool,Suction Cannula,1.0,0.647,1080,1920
train,13_1_0734,Left Hand Tool,Needle Holders,0.0,0.0,1080,1920
train,06_1_0428,Left Hand Tool,Tweezers,0.9873,0.9873,1080,1920
train,01_1_0668,Left Hand Tool,Tweezers,0.9963,0.9963,1080,1920
train,06_1_0648,Right Hand Tool,Scissors,1.0,0.9293,1080,1920
train,01_1_0572,Left Hand Tool,Gauze,0.9987,0.7845,1080,1920
train,06_1_1134,Left Hand Tool,Tweezers,0.9751,0.805,1080,1920
train,08_1_0411,Left Hand Tool,Tweezers,1.0,0.9719,1080,1920
train,11_1_0365,Two Hands Tool,Scalpel,1.0,1.0,1080,1920
train,11_1_0995,Left Hand Tool,Tweezers,1.0,1.0,1080,1920
train,11_1_1067,Right Hand Tool,Needle Holders,1.0,1.0,1080,1920
train,08_1_0820,Right Hand Tool,Scissors,1.0,0.9389,1080,1920
train,02_1_0507,Left Hand Tool,Tweezers,1.0,1.0,1080,1920
train,01_1_0423,Right Hand Tool,Bipolar Forceps,0.9998,0.9998,1080,1920
train,01_1_0661,Left Hand Tool,Gauze,1.0,0.8981,1080,1920
train,08_1_0721,Right Hand Tool,Raspatory,0.9955,0.9641,1080,1920
train,02_1_0283,Right Hand Tool,Syringe,0.9998,0.9998,1080,1920
train,15_1_0384,Right Hand Tool,Scalpel,1.0,1.0,1080,1920
train,12_1_0393,Left Hand Tool,Tweezers,1.0,1.0,1080,1920
train,13_1_1056,Right Hand Tool,Needle Holders,0.0,0.0,1080,1920
train,11_1_0479,Left Hand Tool,Retractor,1.0,1.0,1080,1920
train,01_1_0669,Right Hand Tool,Bipolar Forceps,0.9987,0.9693,1080,1920
train,13_1_0402,Right Hand Tool,Needle Holders,1.0,1.0,1080,1920
train,13_1_0776,Right Hand Tool,Tweezers,0.0158,0.0158,1080,1920
train,11_1_0682,Left Hand Tool,Tweezers,1.0,1.0,1080,1920
train,02_1_0502,Right Hand Tool,Bipolar Forceps,0.9948,0.7345,1080,1920
train,11_1_0562,Left Hand Tool,Tweezers,1.0,1.0,1080,1920
train,15_1_0178,Right Hand Tool,Syringe,1.0,1.0,1080,1920
train,02_1_0460,Right Hand Tool,Gauze,0.9972,0.6507,1080,1920
train,13_1_0851,Left Hand Tool,Tweezers,1.0,1.0,1080,1920
train,12_1_0545,Left Hand Tool,Forceps,1.0,0.3388,1080,1920
train,06_1_0927,Left Hand Tool,Tweezers,1.0,1.0,1080,1920
train,11_1_0432,Right Hand Tool,Scissors,1.0,0.2994,1080,1920
train,15_1_0534,Right Hand Tool,Raspatory,0.9991,0.9899,1080,1920
train,02_1_0432,Right Hand Tool,Scissors,0.9984,0.9984,1080,1920
train,13_1_0632,Left Hand Tool,Tweezers,1.0,1.0,1080,1920
train,06_1_0994,Right Hand Tool,Raspatory,0.9979,0.8839,1080,1920
train,13_1_0953,Left Hand Tool,Tweezers,0.6752,0.6302,1080,1920
train,02_1_0506,Right Hand Tool,Bipolar Forceps,1.0,0.7366,1080,1920
train,08_1_0354,Right Hand Tool,Scalpel,0.9953,0.2971,1080,1920
train,13_1_0138,Left Hand Tool,Gauze,1.0,0.7998,1080,1920
train,08_1_0660,Right Hand Tool,Scalpel,0.9817,0.639,1080,1920
train,11_1_0984,Right Hand Tool,Scissors,1.0,1.0,1080,1920
train,11_1_1045,Left Hand Tool,Tweezers,1.0,1.0,1080,1920
train,06_1_0586,Right Hand Tool,Raspatory,1.0,0.913,1080,1920
train,15_1_0378,Right Hand Tool,Scalpel,0.9996,0.9996,1080,1920
train,12_1_0524,Right Hand Tool,Suction Cannula,1.0,1.0,1080,1920
train,13_1_0717,Right Hand Tool,Tweezers,0.0532,0.0532,1080,1920
train,15_1_0563,Left Hand Tool,Tweezers,1.0,1.0,1080,1920
train,02_1_0389,Left Hand Tool,Gauze,0.9745,0.9745,1080,1920
train,15_1_0176,Right Hand Tool,Syringe,1.0,1.0,1080,1920
train,11_1_0401,Right Hand Tool,Gauze,1.0,1.0,1080,1920
train,06_1_1413,Right Hand Tool,Scissors,0.9948,0.9777,1080,1920
train,02_1_0625,Left Hand Tool,Tweezers,0.8963,0.8963,1080,1920
train,11_1_0635,Right Hand Tool,Tweezers,1.0,0.4007,1080,1920
train,08_1_0739,Left Hand Tool,Suction Cannula,1.0,0.8592,1080,1920
train,01_1_0886,Right Hand Tool,Needle Holders,0.9751,0.9751,1080,1920
train,01_1_0616,Right Hand Tool,Needle Holders,0.9994,0.9994,1080,1920
train,11_1_0602,Left Hand Tool,Tweezers,1.0,1.0,1080,1920
train,02_1_0415,Left Hand Tool,Tweezers,0.9956,0.9956,1080,1920
train,13_1_0309,Left Hand Tool,Tweezers,0.4435,0.4421,1080,1920
train,08_1_0482,Right Hand Tool,Mouth Gag,0.9798,0.0302,1080,1920
train,13_1_0330,Left Hand Tool,Tweezers,1.0,1.0,1080,1920
train,06_1_1147,Right Hand Tool,Needle Holders,0.9989,0.6758,1080,1920
train,08_1_1234,Left Hand Tool,Tweezers,1.0,0.8829,1080,1920
train,08_1_1298,Right Hand Tool,Needle Holders,1.0,0.4859,1080,1920
train,15_1_0581,Left Hand Tool,Tweezers,1.0,0.9983,1080,1920
train,15_1_0399,Right Hand Tool,Raspatory,0.9976,0.9976,1080,1920
train,08_1_1656,Right Hand Tool,Needle Holders,0.9966,0.6175,1080,1920
train,01_1_0735,Right Hand Tool,Scalpel,1.0,1.0,1080,1920
train,06_1_0489,Left Hand Tool,Mouth Gag,1.0,0.011,1080,1920
train,15_1_0305,Right Hand Tool,Scissors,1.0,1.0,1080,1920
train,06_1_1049,Right Hand Tool,Raspatory,0.992,0.992,1080,1920
train,13_1_0743,Right Hand Tool,Needle Holders,0.7952,0.7952,1080,1920
train,12_1_1309,Right Hand Tool,Suction Cannula,1.0,1.0,1080,1920
train,11_1_0736,Left Hand Tool,Tweezers,1.0,0.9796,1080,1920
train,08_1_0515,Left Hand Tool,Suction Cannula,0.9865,0.3133,1080,1920
train,11_1_0732,Right Hand Tool,Scissors,1.0,0.908,1080,1920
train,11_1_0448,Left Hand Tool,Tweezers,1.0,1.0,1080,1920
train,06_1_0912,Right Hand Tool,Scissors,0.9503,0.8841,1080,1920
train,08_1_1391,Right Hand Tool,Mouth Gag,0.9994,0.035,1080,1920
train,06_1_0855,Right Hand Tool,Scissors,0.9916,0.8939,1080,1920
train,02_1_0451,Right Hand Tool,Scissors,0.9682,0.9682,1080,1920
train,08_1_1511,Right Hand Tool,Needle Holders,0.9877,0.9877,1080,1920
train,01_1_0518,Two Hands Tool,Gauze,0.9978,0.943,1080,1920
train,11_1_0965,Right Hand Tool,Syringe,1.0,0.9714,1080,1920
train,13_1_0747,Right Hand Tool,Needle Holders,1.0,0.9599,1080,1920
train,02_1_0677,Left Hand Tool,Tweezers,0.9552,0.9552,1080,1920
train,01_1_0455,Left Hand Tool,Tweezers,1.0,0.8046,1080,1920
train,06_1_1319,Right Hand Tool,Needle Holders,0.9975,0.9975,1080,1920
train,06_1_1254,Right Hand Tool,Needle Holders,1.0,0.5629,1080,1920
train,12_1_0431,Two Hands Tool,Suction Cannula,1.0,0.8713,1080,1920
train,15_1_0517,Left Hand Tool,Tweezers,0.9497,0.9497,1080,1920
train,01_1_0918,Right Hand Tool,Needle Holders,1.0,1.0,1080,1920
train,15_1_0540,Left Hand Tool,Tweezers,1.0,1.0,1080,1920
train,06_1_0881,Left Hand Tool,Tweezers,0.9663,0.9663,1080,1920
train,12_1_0614,Right Hand Tool,Gauze,1.0,0.4304,1080,1920
train,13_1_0059,Left Hand Tool,Syringe,1.0,1.0,1080,1920
train,13_1_0736,Left Hand Tool,Tweezers,0.464,0.464,1080,1920
train,01_1_0741,Left Hand Tool,Tweezers,0.9793,0.9793,1080,1920
train,06_1_0668,Right Hand Tool,Scissors,0.9998,0.9998,1080,1920
train,12_1_1168,Right Hand Tool,Suction Cannula,1.0,1.0,1080,1920
train,06_1_1020,Right Hand Tool,Scissors,0.9982,0.9328,1080,1920
train,02_1_0646,Left Hand Tool,Tweezers,0.999,0.999,1080,1920
train,13_1_0714,Left Hand Tool,Tweezers,0.0,0.0,1080,1920
train,01_1_1260,Right Hand Tool,Needle Holders,0.9988,0.9988,1080,1920
train,13_1_1071,Left Hand Tool,Tweezers,1.0,1.0,1080,1920
train,08_1_0816,Left Hand Tool,Tweezers,1.0,0.9396,1080,1920
train,01_1_1150,Right Hand Tool,Needle Holders,1.0,1.0,1080,1920
train,08_1_0990,Two Hands Tool,Mouth Gag,1.0,0.0028,1080,1920
train,12_1_1176,Two Hands Tool,Suction Cannula,1.0,1.0,1080,1920
train,08_1_0682,Right Hand Tool,Scissors,0.9824,0.1025,1080,1920
train,01_1_0370,Left Hand Tool,Tweezers,1.0,0.86,1080,1920
train,06_1_0566,Left Hand Tool,Suction Cannula,1.0,1.0,1080,1920
train,08_1_1594,Left Hand Tool,Suction Cannula,0.999,0.7887,1080,1920
train,13_1_0333,Left Hand Tool,Tweezers,1.0,0.751,1080,1920
train,08_1_0663,Right Hand Tool,Scalpel,0.999,0.8575,1080,1920
train,06_1_1124,Right Hand Tool,Mouth Gag,0.9969,0.0438,1080,1920
train,06_1_0448,Left Hand Tool,Tweezers,1.0,0.9193,1080,1920
train,01_1_0308,Left Hand Tool,Gauze,1.0,1.0,1080,1920
train,13_1_0200,Left Hand Tool,Tweezers,1.0,0.3176,1080,1920
train,08_1_0495,Right Hand Tool,Mouth Gag,1.0,0.136,1080,1920
train,12_1_0422,Right Hand Tool,Suction Cannula,1.0,0.786,1080,1920
train,02_1_0593,Left Hand Tool,Tweezers,0.9989,0.9908,1080,1920
train,11_1_0597,Right Hand Tool,Scissors,1.0,1.0,1080,1920
train,13_1_0803,Left Hand Tool,Tweezers,1.0,1.0,1080,1920
train,01_1_0617,Right Hand Tool,Needle Holders,0.9937,0.811,1080,1920
train,08_1_0355,Right Hand Tool,Scalpel,0.9631,0.1227,1080,1920
train,11_1_1278,Left Hand Tool,Tweezers,1.0,1.0,1080,1920
train,06_1_1333,Left Hand Tool,Gauze,0.9982,0.5912,1080,1920
train,11_1_0859,Left Hand Tool,Tweezers,1.0,0.6513,1080,1920
train,08_1_0552,Left Hand Tool,Suction Cannula,1.0,0.4252,1080,1920
train,08_1_1074,Left Hand Tool,Suction Cannula,0.9999,0.9224,1080,1920
train,13_1_0509,Right Hand Tool,Needle Holders,1.0,1.0,1080,1920
train,11_1_1244,Right Hand Tool,Needle Holders,1.0,1.0,1080,1920
train,15_1_0588,Right Hand Tool,Raspatory,0.999,0.9886,1080,1920
train,08_1_1318,Left Hand Tool,Forceps,1.0,0.6675,1080,1920
train,13_1_0462,Right Hand Tool,Tweezers,0.2094,0.2094,1080,1920
train,08_1_1104,Right Hand Tool,Scissors,1.0,0.9916,1080,1920
train,15_1_0469,Right Hand Tool,Raspatory,1.0,0.945,1080,1920
train,13_1_0753,Right Hand Tool,Needle Holders,0.173,0.173,1080,1920
train,15_1_0281,Left Hand Tool,Tweezers,0.9268,0.9248,1080,1920
train,01_1_0753,Left Hand Tool,Gauze,0.9994,0.8648,1080,1920
train,11_1_1314,Two Hands Tool,Gauze,1.0,1.0,1080,1920
train,08_1_1337,Right Hand Tool,Needle Holders,1.0,0.6795,1080,1920
train,13_1_0537,Left Hand Tool,Tweezers,1.0,1.0,1080,1920
train,06_1_0889,Right Hand Tool,Scissors,1.0,0.8988,1080,1920
train,12_1_0201,Left Hand Tool,Suction Cannula,1.0,0.2238,1080,1920
train,08_1_0456,Right Hand Tool,Mouth Gag,0.9852,0.0131,1080,1920
train,13_1_0450,Left Hand Tool,Scalpel,0.0119,0.0119,1080,1920
train,13_1_0871,Right Hand Tool,Needle Holders,1.0,1.0,1080,1920
train,06_1_0662,Left Hand Tool,Tweezers,0.9773,0.7095,1080,1920
train,13_1_0224,Left Hand Tool,Tweezers,1.0,1.0,1080,1920
train,08_1_0422,Left Hand Tool,Tweezers,1.0,0.9093,1080,1920
train,13_1_0942,Right Hand Tool,Scalpel,1.0,1.0,1080,1920
train,11_1_0457,Right Hand Tool,Scissors,1.0,1.0,1080,1920
train,13_1_0484,Right Hand Tool,Scissors,1.0,1.0,1080,1920
train,01_1_1025,Right Hand Tool,Needle Holders,1.0,1.0,1080,1920
train,13_1_1077,Left Hand Tool,Needle Holders,0.0,0.0,1080,1920
train,13_1_0947,Right Hand Tool,Gauze,0.0,0.0,1080,1920
train,15_1_0294,Left Hand Tool,Tweezers,1.0,1.0,1080,1920
train,08_1_1356,Two Hands Tool,Needle Holders,1.0,0.1968,1080,1920
train,13_1_0999,Right Hand Tool,Needle Holders,1.0,1.0,1080,1920
train,06_1_0376,Left Hand Tool,Suction Cannula,1.0,0.5041,1080,1920
train,15_1_0533,Left Hand Tool,Tweezers,0.9965,0.9599,1080,1920
train,08_1_1206,Right Hand Tool,Scissors,0.9953,0.0587,1080,1920
train,06_1_0654,Left Hand Tool,Tweezers,0.9386,0.8653,1080,1920
train,08_1_0329,Left Hand Tool,Suction Cannula,0.9945,0.9945,1080,1920
train,12_1_0535,Right Hand Tool,Suction Cannula,1.0,0.3658,1080,1920
train,06_1_0539,Right Hand Tool,Gauze,0.9889,0.7363,1080,1920
train,13_1_1028,Left Hand Tool,Tweezers,1.0,0.9936,1080,1920
train,13_1_0389,Left Hand Tool,Tweezers,1.0,1.0,1080,1920
train,13_1_1111,Right Hand Tool,Needle Holders,0.3378,0.3378,1080,1920
train,13_1_0573,Right Hand Tool,Electric Cautery,1.0,1.0,1080,1920
train,15_1_0577,Left Hand Tool,Tweezers,1.0,0.979,1080,1920
train,06_1_0930,Left Hand Tool,Tweezers,1.0,0.9927,1080,1920
train,01_1_0453,Left Hand Tool,Tweezers,0.9373,0.5094,1080,1920
train,06_1_0545,Left Hand Tool,Suction Cannula,0.9989,0.9884,1080,1920
train,13_1_0432,Left Hand Tool,Tweezers,1.0,1.0,1080,1920
train,11_1_1251,Left Hand Tool,Tweezers,1.0,0.9982,1080,1920
train,13_1_0933,Left Hand Tool,Tweezers,0.3231,0.1079,1080,1920
train,13_1_1097,Right Hand Tool,Needle Holders,1.0,1.0,1080,1920
train,06_1_0706,Right Hand Tool,Raspatory,0.9956,0.9956,1080,1920
train,11_1_0480,Left Hand Tool,Retractor,1.0,1.0,1080,1920
train,12_1_0399,Left Hand Tool,Tweezers,1.0,1.0,1080,1920
train,13_1_0226,Right Hand Tool,Gauze,0.4577,0.4577,1080,1920
train,15_1_0243,Right Hand Tool,Scalpel,1.0,1.0,1080,1920
train,15_1_0266,Right Hand Tool,Scissors,0.9972,0.9937,1080,1920
train,08_1_1505,Right Hand Tool,Needle Holders,1.0,0.9776,1080,1920
train,06_1_1008,Right Hand Tool,Scissors,0.9975,0.9762,1080,1920
train,06_1_0941,Left Hand Tool,Tweezers,1.0,0.8026,1080,1920
train,12_1_0507,Right Hand Tool,Suction Cannula,1.0,0.8262,1080,1920
train,08_1_0453,Left Hand Tool,Suction Cannula,1.0,0.7549,1080,1920
train,06_1_0611,Right Hand Tool,Raspatory,1.0,0.8809,1080,1920
train,11_1_0450,Right Hand Tool,Scissors,1.0,1.0,1080,1920
train,01_1_1012,Left Hand Tool,Tweezers,0.9949,0.9949,1080,1920
train,13_1_0757,Right Hand Tool,Gauze,0.0,0.0,1080,1920
train,11_1_0888,Right Hand Tool,Bipolar Forceps,1.0,0.4033,1080,1920
train,13_1_0678,Right Hand Tool,Needle Holders,0.0,0.0,1080,1920
train,13_1_0729,Left Hand Tool,Tweezers,1.0,1.0,1080,1920
train,15_1_0415,Right Hand Tool,Scalpel,0.9944,0.9944,1080,1920
train,01_1_1009,Left Hand Tool,Tweezers,1.0,1.0,1080,1920
train,12_1_0692,Left Hand Tool,Gauze,1.0,0.711,1080,1920
train,08_1_1436,Right Hand Tool,Needle Holders,0.9987,0.9987,1080,1920
train,06_1_0565,Left Hand Tool,Suction Cannula,1.0,0.9023,1080,1920
train,06_1_0365,Two Hands Tool,Scalpel,1.0,0.8269,1080,1920
train,13_1_0975,Left Hand Tool,Tweezers,0.3332,0.3332,1080,1920
train,15_1_0292,Left Hand Tool,Tweezers,0.9381,0.898,1080,1920
train,11_1_1232,Right Hand Tool,Needle Holders,1.0,1.0,1080,1920
train,08_1_1343,Left Hand Tool,Needle Holders,1.0,0.905,1080,1920
train,11_1_0963,Left Hand Tool,Gauze,1.0,0.5229,1080,1920
train,13_1_0253,Left Hand Tool,Tweezers,1.0,1.0,1080,1920
train,15_1_0640,Left Hand Tool,Tweezers,1.0,1.0,1080,1920
train,01_1_0320,Right Hand Tool,Scalpel,1.0,1.0,1080,1920
train,08_1_1169,Left Hand Tool,Retractor,0.9935,0.7856,1080,1920
train,13_1_0276,Right Hand Tool,Scalpel,1.0,0.8816,1080,1920
train,11_1_0462,Left Hand Tool,Hook,1.0,1.0,1080,1920
train,01_1_0823,Left Hand Tool,Tweezers,1.0,1.0,1080,1920
train,01_1_0746,Left Hand Tool,Tweezers,0.9602,0.9602,1080,1920
train,06_1_1302,Left Hand Tool,Tweezers,0.9879,0.8402,1080,1920
train,02_1_0382,Right Hand Tool,Scalpel,1.0,0.9358,1080,1920
train,01_1_1043,Left Hand Tool,Tweezers,1.0,1.0,1080,1920
train,02_1_0685,Left Hand Tool,Tweezers,0.9957,0.9957,1080,1920
train,02_1_0572,Right Hand Tool,Gauze,0.997,0.997,1080,1920
train,01_1_0431,Right Hand Tool,Bipolar Forceps,1.0,0.9669,1080,1920
train,13_1_0983,Right Hand Tool,Needle Holders,0.0185,0.0095,1080,1920
train,02_1_0481,Right Hand Tool,Scissors,0.9645,0.7603,1080,1920
train,02_1_0744,Right Hand Tool,Needle Holders,1.0,0.7953,1080,1920
train,01_1_0920,Left Hand Tool,Tweezers,1.0,1.0,1080,1920
train,06_1_1198,Right Hand Tool,Needle Holders,0.9978,0.8566,1080,1920
train,13_1_0213,Right Hand Tool,Needle Holders,1.0,1.0,1080,1920
train,11_1_0882,Left Hand Tool,Tweezers,1.0,0.9707,1080,1920
train,13_1_0513,Right Hand Tool,Needle Holders,1.0,0.9942,1080,1920
train,01_1_0876,Left Hand Tool,Tweezers,0.954,0.954,1080,1920
train,12_1_0501,Right Hand Tool,Suction Cannula,1.0,0.5354,1080,1920
train,15_1_0630,Right Hand Tool,Raspatory,0.9938,0.9748,1080,1920
train,01_1_0928,Left Hand Tool,Tweezers,0.9929,0.9929,1080,1920
train,08_1_1341,Right Hand Tool,Needle Holders,1.0,0.6036,1080,1920
train,13_1_0705,Right Hand Tool,Needle Holders,1.0,1.0,1080,1920
train,11_1_0443,Right Hand Tool,Scissors,1.0,1.0,1080,1920
train,11_1_0829,Right Hand Tool,Scissors,1.0,0.9488,1080,1920
train,02_1_0615,Left Hand Tool,Tweezers,0.9953,0.9953,1080,1920
train,06_1_1336,Left Hand Tool,Forceps,1.0,0.5867,1080,1920
train,01_1_1013,Right Hand Tool,Needle Holders,0.999,0.999,1080,1920
train,08_1_1181,Left Hand Tool,Tweezers,0.9981,0.7823,1080,1920
train,06_1_1299,Left Hand Tool,Tweezers,0.9942,0.6595,1080,1920
train,11_1_1213,Right Hand Tool,Needle Holders,1.0,0.971,1080,1920
train,13_1_0454,Left Hand Tool,Tweezers,1.0,1.0,1080,1920
train,02_1_0612,Right Hand Tool,Needle Holders,0.9998,0.8569,1080,1920
train,11_1_0319,Two Hands Tool,Syringe,1.0,1.0,1080,1920
train,13_1_1065,Left Hand Tool,Tweezers,0.0,0.0,1080,1920
train,08_1_0528,Right Hand Tool,Scissors,0.9893,0.6485,1080,1920
train,01_1_0422,Right Hand Tool,Bipolar Forceps,0.9997,0.9997,1080,1920
train,13_1_0608,Left Hand Tool,Tweezers,0.0,0.0,1080,1920
train,06_1_0693,Right Hand Tool,Scissors,0.9997,0.7374,1080,1920
train,11_1_0714,Left Hand Tool,Gauze,1.0,0.9685,1080,1920
train,15_1_0567,Left Hand Tool,Tweezers,1.0,0.9975,1080,1920
train,06_1_1462,Right Hand Tool,Scissors,0.9566,0.9557,1080,1920
train,12_1_0395,Left Hand Tool,Tweezers,1.0,1.0,1080,1920
train,08_1_0661,Right Hand Tool,Scalpel,0.9981,0.9272,1080,1920
train,06_1_0414,Right Hand Tool,Scissors,0.9688,0.9688,1080,1920
train,15_1_0622,Right Hand Tool,Raspatory,0.8752,0.8752,1080,1920
train,06_1_0511,Left Hand Tool,Suction Cannula,1.0,0.9943,1080,1920
train,08_1_1648,Two Hands Tool,Needle Holders,0.9993,0.886,1080,1920
train,13_1_0152,Right Hand Tool,Bipolar Forceps,1.0,1.0,1080,1920
train,13_1_1152,Left Hand Tool,Tweezers,1.0,1.0,1080,1920
train,08_1_1033,Right Hand Tool,Mouth Gag,1.0,0.0009,1080,1920
train,13_1_0536,Left Hand Tool,Tweezers,0.2898,0.2898,1080,1920
train,02_1_0495,Left Hand Tool,Tweezers,1.0,0.8143,1080,1920
train,12_1_0512,Left Hand Tool,Suction Cannula,1.0,0.9895,1080,1920
train,02_1_0739,Right Hand Tool,Needle Holders,1.0,0.8899,1080,1920
train,06_1_0617,Left Hand Tool,Suction Cannula,0.986,0.8792,1080,1920
train,13_1_0816,Left Hand Tool,Tweezers,1.0,1.0,1080,1920
train,06_1_1115,Left Hand Tool,Tweezers,1.0,1.0,1080,1920
train,08_1_0812,Left Hand Tool,Tweezers,0.9993,0.8992,1080,1920
train,13_1_0738,Right Hand Tool,Tweezers,1.0,1.0,1080,1920
train,13_1_0971,Right Hand Tool,Needle Holders,0.3006,0.3006,1080,1920
train,06_1_1181,Left Hand Tool,Tweezers,1.0,1.0,1080,1920
train,06_1_1065,Left Hand Tool,Tweezers,1.0,0.9175,1080,1920
train,13_1_1099,Left Hand Tool,Tweezers,0.2338,0.2338,1080,1920
train,01_1_0643,Right Hand Tool,Bipolar Forceps,0.9968,0.9968,1080,1920
train,06_1_0922,Left Hand Tool,Tweezers,0.9388,0.7126,1080,1920
train,13_1_0402,Left Hand Tool,Tweezers,1.0,1.0,1080,1920
train,01_1_0891,Right Hand Tool,Needle Holders,0.9993,0.9993,1080,1920
train,01_1_0499,Left Hand Tool,Gauze,0.9976,0.9976,1080,1920
train,01_1_1135,Left Hand Tool,Tweezers,1.0,1.0,1080,1920
train,08_1_0701,Left Hand Tool,Tweezers,0.9997,0.8075,1080,1920
train,01_1_0421,Right Hand Tool,Bipolar Forceps,1.0,0.9622,1080,1920
train,13_1_0974,Left Hand Tool,Tweezers,0.8114,0.8114,1080,1920
train,13_1_0707,Right Hand Tool,Needle Holders,1.0,1.0,1080,1920
train,13_1_0704,Left Hand Tool,Tweezers,1.0,1.0,1080,1920
train,11_1_0685,Left Hand Tool,Tweezers,1.0,1.0,1080,1920
train,11_1_0561,Left Hand Tool,Tweezers,1.0,1.0,1080,1920
train,01_1_0910,Right Hand Tool,Needle Holders,0.7483,0.7483,1080,1920
train,11_1_1063,Left Hand Tool,Tweezers,1.0,1.0,1080,1920
train,12_1_1126,Right Hand Tool,Suction Cannula,1.0,1.0,1080,1920
train,15_1_0570,Right Hand Tool,Raspatory,0.9982,0.9936,1080,1920
train,13_1_0436,Right Hand Tool,Scalpel,1.0,1.0,1080,1920
train,13_1_1106,Right Hand Tool,Needle Holders,0.4875,0.4875,1080,1920
train,01_1_1126,Left Hand Tool,Tweezers,0.9985,0.9985,1080,1920
train,13_1_0973,Left Hand Tool,Needle Holders,0.0,0.0,1080,1920
train,08_1_1197,Right Hand Tool,Scissors,1.0,0.2675,1080,1920
train,08_1_0610,Right Hand Tool,Scissors,0.9517,0.4458,1080,1920
train,11_1_0512,Left Hand Tool,Retractor,1.0,1.0,1080,1920
train,06_1_1172,Left Hand Tool,Tweezers,0.9926,0.9926,1080,1920
train,15_1_0380,Right Hand Tool,Scalpel,1.0,1.0,1080,1920
train,08_1_0359,Left Hand Tool,Suction Cannula,0.9959,0.4629,1080,1920
train,11_1_0762,Left Hand Tool,Tweezers,1.0,1.0,1080,1920
train,11_1_0777,Left Hand Tool,Tweezers,1.0,0.9995,1080,1920
train,08_1_1448,Left Hand Tool,Needle Holders,0.0,0.0,1080,1920
train,02_1_0277,Right Hand Tool,Syringe,0.9463,0.9463,1080,1920
train,13_1_0667,Left Hand Tool,Needle Holders,0.0,0.0,1080,1920
train,13_1_0860,Left Hand Tool,Tweezers,0.205,0.205,1080,1920
train,06_1_0745,Right Hand Tool,Raspatory,0.9908,0.9908,1080,1920
train,11_1_1136,Right Hand Tool,Needle Holders,1.0,1.0,1080,1920
train,13_1_0609,Right Hand Tool,Tweezers,0.0,0.0,1080,1920
train,01_1_0730,Left Hand Tool,Tweezers,0.9938,0.9938,1080,1920
train,13_1_0947,Left Hand Tool,Gauze,0.5655,0.3251,1080,1920
train,01_1_1243,Right Hand Tool,Needle Holders,0.9903,0.9903,1080,1920
train,01_1_0646,Left Hand Tool,Gauze,0.9966,0.9966,1080,1920
train,01_1_1162,Right Hand Tool,Needle Holders,0.9892,0.9892,1080,1920
train,06_1_1234,Left Hand Tool,Tweezers,1.0,0.8198,1080,1920
train,13_1_1107,Left Hand Tool,Tweezers,1.0,1.0,1080,1920
train,11_1_0378,Right Hand Tool,Scissors,1.0,1.0,1080,1920
train,01_1_0525,Left Hand Tool,Tweezers,0.9693,0.7545,1080,1920
train,13_1_0603,Right Hand Tool,Needle Holders,0.0,0.0,1080,1920
train,06_1_0918,Right Hand Tool,Scissors,0.9966,0.9932,1080,1920
train,01_1_0754,Right Hand Tool,Bipolar Forceps,1.0,1.0,1080,1920
train,06_1_0970,Two Hands Tool,Scissors,0.9939,0.898,1080,1920
train,06_1_1246,Left Hand Tool,Tweezers,0.9945,0.7688,1080,1920
train,01_1_1071,Right Hand Tool,Needle Holders,0.9795,0.9795,1080,1920
train,13_1_1113,Right Hand Tool,Needle Holders,1.0,1.0,1080,1920
train,08_1_1142,Left Hand Tool,Suction Cannula,0.9335,0.8393,1080,1920
train,08_1_0436,Right Hand Tool,Mouth Gag,0.9593,0.002,1080,1920
train,08_1_0807,Left Hand Tool,Tweezers,1.0,0.8792,1080,1920
train,12_1_0385,Left Hand Tool,Tweezers,1.0,1.0,1080,1920
train,08_1_0370,Right Hand Tool,Bipolar Forceps,0.9974,0.8838,1080,1920
train,06_1_1053,Right Hand Tool,Raspatory,0.9983,0.9983,1080,1920
train,13_1_1174,Left Hand Tool,Needle Holders,0.0,0.0,1080,1920
train,01_1_0248,Right Hand Tool,Syringe,1.0,1.0,1080,1920
train,15_1_0463,Left Hand Tool,Raspatory,0.9757,0.9757,1080,1920
train,13_1_0987,Right Hand Tool,Needle Holders,1.0,0.9997,1080,1920
train,13_1_0174,Left Hand Tool,Tweezers,1.0,0.9467,1080,1920
train,11_1_1000,Right Hand Tool,Bipolar Forceps,1.0,0.2244,1080,1920
train,11_1_0820,Left Hand Tool,Tweezers,1.0,1.0,1080,1920
train,06_1_1222,Left Hand Tool,Tweezers,0.9864,0.9864,1080,1920
train,06_1_1162,Left Hand Tool,Tweezers,0.9989,0.9989,1080,1920
train,08_1_1311,Right Hand Tool,Needle Holders,0.9985,0.3944,1080,1920
train,02_1_0756,Right Hand Tool,Gauze,0.9965,0.9965,1080,1920
train,01_1_1042,Right Hand Tool,Needle Holders,0.9955,0.9955,1080,1920
train,01_1_1105,Left Hand Tool,Tweezers,1.0,1.0,1080,1920
train,15_1_0508,Right Hand Tool,Raspatory,0.9991,0.9945,1080,1920
train,08_1_0852,Right Hand Tool,Raspatory,0.9433,0.8351,1080,1920
train,13_1_1146,Right Hand Tool,Needle Holders,1.0,1.0,1080,1920
train,13_1_1037,Left Hand Tool,Tweezers,1.0,1.0,1080,1920
train,02_1_0365,Left Hand Tool,Gauze,0.991,0.991,1080,1920
train,01_1_0346,Right Hand Tool,Scalpel,1.0,0.7517,1080,1920
train,06_1_1111,Left Hand Tool,Tweezers,1.0,0.9153,1080,1920
train,15_1_0516,Right Hand Tool,Raspatory,0.9974,0.9934,1080,1920
train,13_1_1094,Left Hand Tool,Needle Holders,0.0,0.0,1080,1920
train,08_1_0804,Left Hand Tool,Tweezers,0.9976,0.8477,1080,1920
train,13_1_1027,Right Hand Tool,Tweezers,0.2227,0.2227,1080,1920
train,06_1_0458,Left Hand Tool,Tweezers,0.9917,0.7454,1080,1920
train,06_1_0683,Right Hand Tool,Scissors,0.9247,0.9152,1080,1920
train,01_1_0737,Right Hand Tool,Scalpel,1.0,1.0,1080,1920
train,06_1_0557,Right Hand Tool,Scalpel,0.9972,0.9972,1080,1920
train,02_1_0499,Left Hand Tool,Tweezers,1.0,0.7251,1080,1920
train,02_1_0322,Two Hands Tool,Syringe,0.9998,0.9998,1080,1920
train,06_1_0596,Left Hand Tool,Suction Cannula,0.992,0.9101,1080,1920
train,11_1_0548,Right Hand Tool,Scissors,1.0,0.9739,1080,1920
train,06_1_0245,Two Hands Tool,Gauze,0.998,0.3195,1080,1920
train,13_1_0566,Left Hand Tool,Tweezers,1.0,1.0,1080,1920
train,01_1_1179,Right Hand Tool,Needle Holders,1.0,1.0,1080,1920
train,08_1_0512,Right Hand Tool,Raspatory,0.9286,0.1777,1080,1920
train,15_1_0639,Right Hand Tool,Raspatory,1.0,0.9906,1080,1920
train,11_1_0615,Right Hand Tool,Scissors,1.0,0.9947,1080,1920
train,01_1_0388,Left Hand Tool,Tweezers,1.0,1.0,1080,1920
train,02_1_0513,Right Hand Tool,Bipolar Forceps,0.9846,0.6181,1080,1920
train,01_1_0272,Right Hand Tool,Tweezers,0.9854,0.9854,1080,1920
train,13_1_0829,Right Hand Tool,Scalpel,1.0,1.0,1080,1920
train,06_1_0759,Right Hand Tool,Scissors,0.9967,0.9237,1080,1920
train,11_1_1080,Left Hand Tool,Tweezers,1.0,1.0,1080,1920
train,01_1_1063,Right Hand Tool,Needle Holders,1.0,1.0,1080,1920
train,13_1_0666,Right Hand Tool,Needle Holders,1.0,1.0,1080,1920
train,13_1_0837,Left Hand Tool,Tweezers,0.3369,0.3369,1080,1920
train,01_1_1061,Right Hand Tool,Needle Holders,0.991,0.991,1080,1920
train,08_1_0731,Right Hand Tool,Mouth Gag,0.9938,0.0558,1080,1920
train,13_1_0445,Right Hand Tool,Scalpel,0.0,0.0,1080,1920
train,06_1_0362,Two Hands Tool,Scalpel,0.9923,0.9264,1080,1920
train,13_1_1051,Right Hand Tool,Needle Holders,1.0,1.0,1080,1920
train,13_1_0409,Right Hand Tool,Needle Holders,1.0,1.0,1080,1920
train,06_1_1036,Right Hand Tool,Scissors,0.9756,0.8191,1080,1920
train,13_1_0461,Right Hand Tool,Tweezers,0.0,0.0,1080,1920
train,06_1_0596,Right Hand Tool,Scissors,0.9219,0.8048,1080,1920
train,06_1_1297,Left Hand Tool,Tweezers,0.973,0.6014,1080,1920
train,01_1_0396,Left Hand Tool,Tweezers,1.0,0.871,1080,1920
train,01_1_0441,Left Hand Tool,Tweezers,0.9993,0.6807,1080,1920
train,06_1_0770,Right Hand Tool,Scissors,1.0,0.6101,1080,1920
train,02_1_0399,Left Hand Tool,Tweezers,0.9969,0.9969,1080,1920
train,11_1_0737,Left Hand Tool,Tweezers,1.0,1.0,1080,1920
train,15_1_0291,Left Hand Tool,Tweezers,0.9984,0.9948,1080,1920
train,13_1_1036,Left Hand Tool,Gauze,0.0007,0.0007,1080,1920
train,13_1_1019,Left Hand Tool,Needle Holders,0.0,0.0,1080,1920
train,11_1_0399,Right Hand Tool,Scissors,1.0,0.5188,1080,1920
train,13_1_0519,Left Hand Tool,Tweezers,0.0,0.0,1080,1920
train,01_1_1152,Left Hand Tool,Tweezers,0.9549,0.9549,1080,1920
train,11_1_1056,Right Hand Tool,Needle Holders,1.0,1.0,1080,1920
train,13_1_1103,Left Hand Tool,Tweezers,1.0,1.0,1080,1920
train,12_1_0512,Right Hand Tool,Tweezers,1.0,0.8463,1080,1920
train,06_1_0919,Right Hand Tool,Scissors,0.9952,0.9481,1080,1920
train,13_1_0736,Right Hand Tool,Needle Holders,1.0,1.0,1080,1920
train,11_1_0436,Right Hand Tool,Gauze,1.0,0.9013,1080,1920
train,13_1_1031,Left Hand Tool,Tweezers,1.0,1.0,1080,1920
train,12_1_0624,Left Hand Tool,Gauze,1.0,0.378,1080,1920
train,15_1_0387,Left Hand Tool,Suction Cannula,0.9805,0.9746,1080,1920
train,13_1_0449,Two Hands Tool,Scalpel,1.0,1.0,1080,1920
train,02_1_0611,Left Hand Tool,Tweezers,0.992,0.992,1080,1920
train,06_1_0303,Two Hands Tool,Mouth Gag,0.122,0.122,1080,1920
train,13_1_0661,Right Hand Tool,Needle Holders,1.0,1.0,1080,1920
train,06_1_0485,Right Hand Tool,Scissors,0.9964,0.7075,1080,1920
train,08_1_1263,Left Hand Tool,Retractor,1.0,0.292,1080,1920
train,01_1_0680,Left Hand Tool,Tweezers,1.0,1.0,1080,1920
train,15_1_0260,Right Hand Tool,Scissors,0.976,0.976,1080,1920
train,01_1_1067,Left Hand Tool,Tweezers,1.0,1.0,1080,1920
train,08_1_0358,Right Hand Tool,Scissors,0.9977,0.0,1080,1920
train,15_1_0337,Right Hand Tool,Scalpel,0.9991,0.9991,1080,1920
train,13_1_0285,Left Hand Tool,Tweezers,1.0,1.0,1080,1920
train,02_1_0413,Left Hand Tool,Tweezers,0.999,0.999,1080,1920
train,06_1_0688,Right Hand Tool,Raspatory,1.0,1.0,1080,1920
train,06_1_0451,Left Hand Tool,Tweezers,1.0,0.9857,1080,1920
train,06_1_1009,Right Hand Tool,Scissors,0.9916,0.9735,1080,1920
train,15_1_0565,Right Hand Tool,Raspatory,0.9947,0.9947,1080,1920
train,06_1_1265,Left Hand Tool,Tweezers,1.0,0.9708,1080,1920
train,06_1_0767,Right Hand Tool,Scissors,1.0,1.0,1080,1920
train,06_1_0534,Left Hand Tool,Suction Cannula,0.9996,0.9853,1080,1920
train,06_1_0498,Right Hand Tool,Scissors,1.0,0.7662,1080,1920
train,11_1_1065,Left Hand Tool,Tweezers,1.0,1.0,1080,1920
train,01_1_0825,Left Hand Tool,Tweezers,0.9989,0.9989,1080,1920
train,08_1_1067,Left Hand Tool,Suction Cannula,1.0,0.8716,1080,1920
train,13_1_0483,Left Hand Tool,Tweezers,0.1159,0.1159,1080,1920
train,01_1_1107,Left Hand Tool,Tweezers,0.9896,0.9896,1080,1920
train,13_1_1082,Left Hand Tool,Tweezers,1.0,1.0,1080,1920
train,13_1_0677,Right Hand Tool,Needle Holders,0.2777,0.2777,1080,1920
train,08_1_1634,Left Hand Tool,Tweezers,0.9563,0.9563,1080,1920
train,06_1_0739,Right Hand Tool,Scissors,1.0,0.9485,1080,1920
train,13_1_0923,Right Hand Tool,Scalpel,1.0,1.0,1080,1920
train,08_1_1596,Right Hand Tool,Needle Holders,0.9929,0.1119,1080,1920
train,15_1_0403,Right Hand Tool,Raspatory,0.9975,0.9975,1080,1920
train,11_1_0935,Left Hand Tool,Retractor,1.0,1.0,1080,1920
train,11_1_0497,Right Hand Tool,Gauze,1.0,0.2028,1080,1920
train,06_1_1166,Right Hand Tool,Needle Holders,0.9995,0.5738,1080,1920
train,15_1_0185,Right Hand Tool,Syringe,1.0,1.0,1080,1920
train,13_1_0817,Left Hand Tool,Tweezers,0.9954,0.9954,1080,1920
train,01_1_0309,Left Hand Tool,Gauze,1.0,1.0,1080,1920
train,11_1_1185,Left Hand Tool,Tweezers,1.0,1.0,1080,1920
train,06_1_0876,Right Hand Tool,Scalpel,0.9767,0.3663,1080,1920
train,13_1_0956,Left Hand Tool,Gauze,0.2221,0.2221,1080,1920
train,13_1_0332,Right Hand Tool,Scalpel,1.0,1.0,1080,1920
train,01_1_0656,Right Hand Tool,Scissors,0.9246,0.9202,1080,1920
train,02_1_0472,Right Hand Tool,Gauze,0.994,0.9534,1080,1920
train,13_1_1177,Left Hand Tool,Needle Holders,0.0906,0.023,1080,1920
train,15_1_0461,Two Hands Tool,Raspatory,0.9973,0.9973,1080,1920
train,01_1_0975,Right Hand Tool,Needle Holders,1.0,1.0,1080,1920
train,11_1_0756,Right Hand Tool,Scissors,1.0,0.7595,1080,1920
train,02_1_0463,Left Hand Tool,Tweezers,0.9992,0.9621,1080,1920
train,13_1_1093,Left Hand Tool,Tweezers,0.2398,0.2398,1080,1920
train,11_1_0638,Left Hand Tool,Tweezers,1.0,0.9959,1080,1920
train,06_1_0839,Right Hand Tool,Scissors,0.9795,0.9795,1080,1920
train,11_1_0608,Left Hand Tool,Tweezers,1.0,0.9964,1080,1920
train,13_1_0685,Left Hand Tool,Needle Holders,0.0,0.0,1080,1920
train,11_1_1256,Left Hand Tool,Tweezers,1.0,1.0,1080,1920
train,08_1_0474,Left Hand Tool,Suction Cannula,0.9974,0.8163,1080,1920
train,13_1_0567,Left Hand Tool,Tweezers,0.6446,0.6329,1080,1920
train,06_1_1322,Right Hand Tool,Needle Holders,0.9961,0.3902,1080,1920
train,01_1_0979,Left Hand Tool,Tweezers,0.9972,0.9972,1080,1920
train,02_1_0447,Left Hand Tool,Tweezers,0.9972,0.9593,1080,1920
train,01_1_0718,Left Hand Tool,Tweezers,1.0,1.0,1080,1920
train,12_1_0533,Right Hand Tool,Suction Cannula,1.0,0.7086,1080,1920
train,13_1_0827,Right Hand Tool,Scalpel,1.0,1.0,1080,1920
train,12_1_0432,Right Hand Tool,Suction Cannula,1.0,0.9168,1080,1920
train,13_1_0849,Right Hand Tool,Needle Holders,1.0,1.0,1080,1920
train,15_1_0651,Right Hand Tool,Raspatory,0.9965,0.9792,1080,1920
train,01_1_1059,Left Hand Tool,Tweezers,0.9982,0.9982,1080,1920
train,08_1_0595,Right Hand Tool,Mouth Gag,1.0,0.0009,1080,1920
train,11_1_0414,Right Hand Tool,Gauze,1.0,0.3238,1080,1920
train,01_1_0412,Left Hand Tool,Tweezers,0.9987,0.709,1080,1920
train,13_1_0333,Right Hand Tool,Tweezers,0.1795,0.0688,1080,1920
train,01_1_0783,Left Hand Tool,Gauze,0.9624,0.4983,1080,1920
train,02_1_0424,Left Hand Tool,Tweezers,0.9997,0.9997,1080,1920
train,11_1_0513,Right Hand Tool,Scissors,1.0,0.372,1080,1920
train,06_1_0647,Right Hand Tool,Scissors,0.9913,0.8864,1080,1920
train,13_1_0178,Right Hand Tool,Electric Cautery,1.0,0.6504,1080,1920
train,01_1_0913,Left Hand Tool,Tweezers,1.0,1.0,1080,1920
train,13_1_0765,Right Hand Tool,Needle Holders,0.0,0.0,1080,1920
train,13_1_0780,Left Hand Tool,Tweezers,1.0,1.0,1080,1920
train,01_1_0712,Right Hand Tool,Scissors,0.9771,0.9381,1080,1920
train,13_1_1059,Right Hand Tool,Needle Holders,0.0,0.0,1080,1920
train,01_1_1023,Right Hand Tool,Needle Holders,0.9978,0.9978,1080,1920
train,11_1_0756,Left Hand Tool,Tweezers,1.0,1.0,1080,1920
train,06_1_0691,Right Hand Tool,Raspatory,0.9976,0.9126,1080,1920
train,15_1_0283,Right Hand Tool,Scissors,0.9992,0.997,1080,1920
train,01_1_1202,Right Hand Tool,Needle Holders,1.0,1.0,1080,1920
train,01_1_0741,Right Hand Tool,Scissors,0.9538,0.9538,1080,1920
train,12_1_1036,Right Hand Tool,Suction Cannula,1.0,1.0,1080,1920
train,01_1_1191,Left Hand Tool,Tweezers,1.0,1.0,1080,1920
train,13_1_0308,Left Hand Tool,Tweezers,1.0,1.0,1080,1920
train,13_1_1098,Right Hand Tool,Needle Holders,1.0,1.0,1080,1920
train,13_1_0763,Left Hand Tool,Tweezers,0.077,0.077,1080,1920
train,12_1_0644,Right Hand Tool,Suction Cannula,1.0,0.1355,1080,1920
train,13_1_0967,Right Hand Tool,Electric Cautery,0.3493,0.3493,1080,1920
train,01_1_0915,Right Hand Tool,Needle Holders,0.9968,0.9968,1080,1920
train,02_1_0407,Left Hand Tool,Tweezers,0.9999,0.9937,1080,1920
train,13_1_0703,Left Hand Tool,Tweezers,1.0,0.9977,1080,1920
train,13_1_0244,Right Hand Tool,Scalpel,1.0,0.9968,1080,1920
train,15_1_0641,Right Hand Tool,Raspatory,1.0,0.941,1080,1920
train,06_1_1176,Left Hand Tool,Tweezers,0.9756,0.8639,1080,1920
train,02_1_0318,Two Hands Tool,Syringe,0.9976,0.9976,1080,1920
train,06_1_0244,Two Hands Tool,Gauze,0.9944,0.3188,1080,1920
train,01_1_0846,Left Hand Tool,Tweezers,1.0,1.0,1080,1920
train,12_1_0649,Two Hands Tool,Gauze,1.0,0.2262,1080,1920
train,13_1_0179,Right Hand Tool,Electric Cautery,1.0,0.6181,1080,1920
train,01_1_0974,Left Hand Tool,Tweezers,0.9997,0.9997,1080,1920
train,06_1_0697,Right Hand Tool,Scissors,0.935,0.8894,1080,1920
train,13_1_0437,Left Hand Tool,Tweezers,1.0,1.0,1080,1920
train,13_1_0568,Right Hand Tool,Electric Cautery,1.0,0.9926,1080,1920
train,08_1_0867,Left Hand Tool,Suction Cannula,0.9889,0.5532,1080,1920
train,06_1_0653,Right Hand Tool,Scissors,0.9987,0.9968,1080,1920
train,13_1_0786,Left Hand Tool,Needle Holders,0.0,0.0,1080,1920
train,08_1_1450,Two Hands Tool,Needle Holders,0.9985,0.2807,1080,1920
train,11_1_0781,Left Hand Tool,Tweezers,1.0,0.6938,1080,1920
train,02_1_0453,Left Hand Tool,Tweezers,0.9429,0.9429,1080,1920
train,02_1_0712,Left Hand Tool,Tweezers,0.9987,0.9567,1080,1920
train,06_1_0545,Right Hand Tool,Raspatory,0.9996,0.9313,1080,1920
train,13_1_0573,Right Hand Tool,Electric Cautery,0.5528,0.4406,1080,1920
train,12_1_1041,Right Hand Tool,Suction Cannula,1.0,1.0,1080,1920
train,06_1_1306,Left Hand Tool,Tweezers,0.9951,0.9951,1080,1920
train,01_1_0453,Right Hand Tool,Scissors,1.0,0.7009,1080,1920
train,02_1_0731,Left Hand Tool,Tweezers,0.9949,0.9949,1080,1920
train,06_1_0680,Right Hand Tool,Scissors,0.9992,0.9975,1080,1920
train,15_1_0386,Right Hand Tool,Scalpel,0.9996,0.9982,1080,1920
train,13_1_0801,Right Hand Tool,Needle Holders,0.0,0.0,1080,1920
train,15_1_0482,Two Hands Tool,Scalpel,1.0,1.0,1080,1920
train,13_1_1152,Right Hand Tool,Needle Holders,1.0,0.9854,1080,1920
train,15_1_0442,Left Hand Tool,Tweezers,0.9995,0.9995,1080,1920
train,15_1_0182,Left Hand Tool,Gauze,1.0,1.0,1080,1920
train,13_1_0985,Left Hand Tool,Tweezers,1.0,0.9386,1080,1920
train,11_1_0697,Right Hand Tool,Gauze,1.0,1.0,1080,1920
train,12_1_0408,Left Hand Tool,Tweezers,1.0,1.0,1080,1920
train,15_1_0375,Right Hand Tool,Scalpel,1.0,1.0,1080,1920
train,06_1_1047,Left Hand Tool,Tweezers,1.0,0.8196,1080,1920
train,13_1_1039,Left Hand Tool,Gauze,0.1133,0.1133,1080,1920
train,02_1_0752,Right Hand Tool,Needle Holders,1.0,0.9973,1080,1920
train,13_1_1127,Left Hand Tool,Needle Holders,0.3983,0.3983,1080,1920
train,12_1_0648,Right Hand Tool,Suction Cannula,1.0,0.1878,1080,1920
train,13_1_0755,Left Hand Tool,Tweezers,1.0,1.0,1080,1920
train,13_1_1111,Right Hand Tool,Needle Holders,1.0,1.0,1080,1920
train,06_1_0401,Left Hand Tool,Suction Cannula,1.0,0.4363,1080,1920
train,11_1_1123,Left Hand Tool,Tweezers,1.0,0.6786,1080,1920
train,12_1_1033,Right Hand Tool,Suction Cannula,1.0,1.0,1080,1920
train,15_1_0423,Right Hand Tool,Scalpel,1.0,0.9823,1080,1920
train,01_1_0604,Right Hand Tool,Needle Holders,1.0,1.0,1080,1920
train,01_1_0840,Right Hand Tool,Needle Holders,0.8843,0.8843,1080,1920
train,08_1_1054,Right Hand Tool,Scissors,0.9989,0.9981,1080,1920
train,08_1_0476,Left Hand Tool,Suction Cannula,0.9769,0.8114,1080,1920
train,11_1_0443,Left Hand Tool,Tweezers,1.0,1.0,1080,1920
train,02_1_0523,Left Hand Tool,Tweezers,0.9904,0.9904,1080,1920
train,11_1_0676,Right Hand Tool,Gauze,1.0,0.7765,1080,1920
train,13_1_0761,Right Hand Tool,Tweezers,0.0,0.0,1080,1920
train,06_1_1389,Right Hand Tool,Scissors,0.9957,0.7749,1080,1920
train,13_1_0813,Left Hand Tool,Tweezers,1.0,1.0,1080,1920
train,08_1_1220,Right Hand Tool,Scissors,0.998,0.6661,1080,1920
train,02_1_0686,Left Hand Tool,Tweezers,1.0,1.0,1080,1920
train,15_1_0441,Left Hand Tool,Tweezers,1.0,1.0,1080,1920
train,13_1_0907,Left Hand Tool,Tweezers,1.0,1.0,1080,1920
train,06_1_1041,Left Hand Tool,Tweezers,1.0,0.7329,1080,1920
train,08_1_0756,Left Hand Tool,Suction Cannula,1.0,0.3598,1080,1920
train,11_1_1090,Right Hand Tool,Needle Holders,1.0,1.0,1080,1920
train,11_1_0536,Left Hand Tool,Gauze,1.0,1.0,1080,1920
train,01_1_0649,Right Hand Tool,Bipolar Forceps,0.9997,0.9997,1080,1920
train,13_1_0778,Left Hand Tool,Tweezers,1.0,1.0,1080,1920
train,15_1_0306,Left Hand Tool,Tweezers,0.9999,0.9897,1080,1920
train,11_1_0740,Left Hand Tool,Tweezers,1.0,1.0,1080,1920
train,01_1_1250,Right Hand Tool,Needle Holders,0.9857,0.9857,1080,1920
train,06_1_1449,Left Hand Tool,Suction Cannula,0.9995,0.733,1080,1920
train,13_1_0385,Right Hand Tool,Tweezers,0.5971,0.5971,1080,1920
train,06_1_0473,Right Hand Tool,Scalpel,1.0,0.7826,1080,1920
train,15_1_0342,Right Hand Tool,Scissors,1.0,0.9999,1080,1920
train,12_1_0521,Left Hand Tool,Tweezers,1.0,1.0,1080,1920
train,12_1_0386,Left Hand Tool,Tweezers,1.0,1.0,1080,1920
train,13_1_0346,Left Hand Tool,Tweezers,1.0,1.0,1080,1920
train,13_1_0437,Left Hand Tool,Scalpel,0.0,0.0,1080,1920
train,13_1_0266,Right Hand Tool,Bipolar Forceps,1.0,1.0,1080,1920
train,08_1_0450,Left Hand Tool,Suction Cannula,0.9983,0.6389,1080,1920
train,11_1_1166,Right Hand Tool,Scissors,1.0,1.0,1080,1920
train,01_1_0584,Right Hand Tool,Bipolar Forceps,1.0,1.0,1080,1920
train,11_1_1071,Left Hand Tool,Tweezers,1.0,1.0,1080,1920
train,06_1_0862,Left Hand Tool,Tweezers,0.9976,0.8342,1080,1920
train,01_1_0806,Left Hand Tool,Tweezers,0.9998,0.9998,1080,1920
train,08_1_1234,Right Hand Tool,Scissors,0.9997,0.1143,1080,1920
train,08_1_0328,Two Hands Tool,Scalpel,0.9986,0.5936,1080,1920
train,13_1_0313,Right Hand Tool,Needle Holders,1.0,1.0,1080,1920
train,11_1_1240,Left Hand Tool,Tweezers,1.0,1.0,1080,1920
train,06_1_1357,Left Hand Tool,Tweezers,0.9778,0.9778,1080,1920
train,02_1_0586,Right Hand Tool,Gauze,1.0,0.3788,1080,1920
train,11_1_1142,Left Hand Tool,Tweezers,1.0,1.0,1080,1920
train,01_1_0808,Left Hand Tool,Tweezers,0.9994,0.9994,1080,1920
train,13_1_0515,Right Hand Tool,Needle Holders,0.9776,0.9776,1080,1920
train,02_1_0403,Left Hand Tool,Tweezers,1.0,1.0,1080,1920
train,02_1_0512,Right Hand Tool,Bipolar Forceps,0.9884,0.7134,1080,1920
train,15_1_0537,Left Hand Tool,Tweezers,0.9997,0.9997,1080,1920
train,06_1_1412,Left Hand Tool,Suction Cannula,0.9099,0.6907,1080,1920
train,13_1_0652,Left Hand Tool,Tweezers,1.0,1.0,1080,1920
train,06_1_0555,Left Hand Tool,Suction Cannula,1.0,1.0,1080,1920
train,15_1_0605,Right Hand Tool,Raspatory,0.9942,0.9288,1080,1920
train,06_1_0597,Right Hand Tool,Scissors,0.9977,0.9151,1080,1920
train,08_1_1607,Right Hand Tool,Needle Holders,0.9966,0.7842,1080,1920
train,13_1_0826,Left Hand Tool,Tweezers,1.0,1.0,1080,1920
train,08_1_1271,Left Hand Tool,Retractor,0.9873,0.7352,1080,1920
train,06_1_0672,Left Hand Tool,Tweezers,1.0,1.0,1080,1920
train,13_1_0182,Right Hand Tool,Electric Cautery,1.0,0.6194,1080,1920
train,13_1_0259,Right Hand Tool,Scissors,1.0,0.999,1080,1920
train,13_1_0737,Right Hand Tool,Tweezers,0.0019,0.0019,1080,1920
train,13_1_0512,Left Hand Tool,Tweezers,1.0,1.0,1080,1920
train,01_1_1170,Left Hand Tool,Tweezers,1.0,1.0,1080,1920
train,11_1_0602,Right Hand Tool,Scissors,1.0,1.0,1080,1920
train,12_1_0471,Two Hands Tool,Suction Cannula,1.0,0.8523,1080,1920
train,11_1_0842,Right Hand Tool,Suction Cannula,1.0,0.8647,1080,1920
train,01_1_0753,Right Hand Tool,Bipolar Forceps,0.9789,0.9789,1080,1920
train,15_1_0258,Left Hand Tool,Tweezers,1.0,0.9993,1080,1920
train,15_1_0318,Left Hand Tool,Tweezers,1.0,1.0,1080,1920
train,01_1_0486,Left Hand Tool,Tweezers,0.9423,0.5129,1080,1920
train,01_1_0441,Right Hand Tool,Scissors,0.9914,0.9712,1080,1920
train,08_1_0581,Left Hand Tool,Tweezers,0.9903,0.9017,1080,1920
train,12_1_0528,Right Hand Tool,Suction Cannula,1.0,0.9997,1080,1920
train,08_1_0718,Left Hand Tool,Tweezers,0.996,0.7975,1080,1920
train,01_1_1203,Left Hand Tool,Tweezers,1.0,1.0,1080,1920
train,13_1_0465,Right Hand Tool,Electric Cautery,1.0,1.0,1080,1920
train,06_1_1217,Left Hand Tool,Tweezers,0.9954,0.9954,1080,1920
train,01_1_0735,Left Hand Tool,Tweezers,0.9643,0.9602,1080,1920
train,13_1_0938,Left Hand Tool,Tweezers,0.6576,0.6576,1080,1920
train,13_1_0991,Left Hand Tool,Tweezers,1.0,1.0,1080,1920
train,06_1_0660,Right Hand Tool,Mouth Gag,1.0,0.0633,1080,1920
train,02_1_0421,Right Hand Tool,Scissors,0.9605,0.7169,1080,1920
train,08_1_0819,Right Hand Tool,Scissors,0.9936,0.8083,1080,1920
train,08_1_0860,Right Hand Tool,Scissors,0.9994,0.6527,1080,1920
train,13_1_0167,Right Hand Tool,Scissors,1.0,0.958,1080,1920
train,11_1_1142,Right Hand Tool,Needle Holders,1.0,1.0,1080,1920
train,15_1_0321,Left Hand Tool,Tweezers,0.9967,0.9967,1080,1920
train,15_1_0667,Left Hand Tool,Tweezers,1.0,0.4494,1080,1920
train,01_1_1223,Left Hand Tool,Tweezers,0.9563,0.9563,1080,1920
train,11_1_0682,Right Hand Tool,Gauze,1.0,0.6669,1080,1920
train,01_1_1062,Right Hand Tool,Needle Holders,0.9989,0.9989,1080,1920
train,13_1_0219,Left Hand Tool,Tweezers,1.0,0.9993,1080,1920
train,02_1_0471,Right Hand Tool,Gauze,0.9998,0.991,1080,1920
train,13_1_0536,Right Hand Tool,Tweezers,0.4222,0.4222,1080,1920
train,06_1_1191,Right Hand Tool,Needle Holders,1.0,0.4325,1080,1920
train,13_1_1022,Left Hand Tool,Needle Holders,0.0,0.0,1080,1920
train,01_1_1171,Left Hand Tool,Tweezers,0.9364,0.9283,1080,1920
train,08_1_0514,Right Hand Tool,Mouth Gag,1.0,0.0252,1080,1920
train,01_1_1116,Left Hand Tool,Tweezers,0.9986,0.9986,1080,1920
train,08_1_1232,Right Hand Tool,Scissors,0.9708,0.6373,1080,1920
train,08_1_1340,Right Hand Tool,Needle Holders,1.0,0.765,1080,1920
train,11_1_0435,Left Hand Tool,Tweezers,1.0,1.0,1080,1920
train,12_1_1173,Right Hand Tool,Suction Cannula,1.0,1.0,1080,1920
train,13_1_0450,Left Hand Tool,Tweezers,1.0,1.0,1080,1920
train,01_1_0900,Right Hand Tool,Needle Holders,0.999,0.999,1080,1920
train,15_1_0432,Left Hand Tool,Tweezers,0.998,0.998,1080,1920
train,13_1_0227,Left Hand Tool,Gauze,1.0,0.3654,1080,1920
train,01_1_1076,Left Hand Tool,Tweezers,0.999,0.999,1080,1920
train,08_1_1624,Left Hand Tool,Tweezers,0.9957,0.9957,1080,1920
train,13_1_0813,Left Hand Tool,Tweezers,1.0,1.0,1080,1920
train,01_1_0626,Left Hand Tool,Gauze,1.0,1.0,1080,1920
train,13_1_1047,Left Hand Tool,Tweezers,1.0,1.0,1080,1920
train,12_1_0492,Two Hands Tool,Suction Cannula,1.0,0.8046,1080,1920
train,11_1_0504,Left Hand Tool,Retractor,1.0,1.0,1080,1920
train,15_1_0628,Right Hand Tool,Raspatory,0.9915,0.9915,1080,1920
train,13_1_1061,Right Hand Tool,Needle Holders,0.0,0.0,1080,1920
train,08_1_0537,Left Hand Tool,Suction Cannula,0.9959,0.5701,1080,1920
train,15_1_0489,Left Hand Tool,Raspatory,1.0,1.0,1080,1920
train,13_1_1095,Left Hand Tool,Tweezers,0.0,0.0,1080,1920
train,11_1_1187,Right Hand Tool,Needle Holders,1.0,1.0,1080,1920
train,11_1_0418,Left Hand Tool,Hook,1.0,0.6196,1080,1920
train,06_1_0996,Left Hand Tool,Suction Cannula,0.9987,0.3326,1080,1920
train,02_1_0681,Left Hand Tool,Tweezers,1.0,1.0,1080,1920
train,15_1_0263,Left Hand Tool,Tweezers,1.0,0.9779,1080,1920
train,13_1_0684,Right Hand Tool,Needle Holders,0.2977,0.2076,1080,1920
train,06_1_0569,Left Hand Tool,Suction Cannula,0.9929,0.8422,1080,1920
train,11_1_1110,Right Hand Tool,Needle Holders,1.0,1.0,1080,1920
train,13_1_0863,Left Hand Tool,Tweezers,1.0,0.9939,1080,1920
train,13_1_0263,Right Hand Tool,Bipolar Forceps,0.9688,0.9036,1080,1920
train,01_1_0944,Right Hand Tool,Needle Holders,0.9978,0.9978,1080,1920
train,01_1_0302,Left Hand Tool,Scalpel,1.0,1.0,1080,1920
train,13_1_0228,Left Hand Tool,Tweezers,1.0,0.3045,1080,1920
train,12_1_0479,Right Hand Tool,Suction Cannula,1.0,0.8522,1080,1920
train,11_1_0438,Left Hand Tool,Tweezers,1.0,1.0,1080,1920
train,11_1_0470,Left Hand Tool,Retractor,1.0,1.0,1080,1920
train,06_1_0533,Right Hand Tool,Scissors,0.9797,0.6783,1080,1920
train,01_1_0633,Right Hand Tool,Scissors,1.0,1.0,1080,1920
train,13_1_0465,Left Hand Tool,Tweezers,1.0,1.0,1080,1920
train,06_1_1396,Right Hand Tool,Scissors,0.9976,0.2706,1080,1920
train,13_1_0995,Right Hand Tool,Needle Holders,1.0,1.0,1080,1920
train,11_1_0437,Right Hand Tool,Gauze,1.0,0.7066,1080,1920
train,08_1_1095,Right Hand Tool,Scissors,1.0,0.8812,1080,1920
train,08_1_1362,Two Hands Tool,Needle Holders,0.9963,0.8257,1080,1920
train,15_1_0636,Right Hand Tool,Raspatory,0.9864,0.9818,1080,1920
train,11_1_0751,Right Hand Tool,Scissors,1.0,0.5517,1080,1920
train,11_1_1149,Right Hand Tool,Needle Holders,1.0,1.0,1080,1920
train,12_1_0637,Two Hands Tool,Suction Cannula,1.0,0.0719,1080,1920
train,08_1_0772,Right Hand Tool,Scissors,0.9989,0.8816,1080,1920
train,01_1_0524,Left Hand Tool,Gauze,1.0,0.8987,1080,1920
train,08_1_1214,Right Hand Tool,Scissors,1.0,0.5742,1080,1920
train,13_1_0973,Left Hand Tool,Tweezers,1.0,1.0,1080,1920
train,13_1_0839,Right Hand Tool,Gauze,1.0,1.0,1080,1920
train,06_1_0831,Left Hand Tool,Suction Cannula,0.9989,0.8809,1080,1920
train,01_1_0378,Right Hand Tool,Scissors,0.9769,0.9499,1080,1920
train,01_1_0971,Left Hand Tool,Tweezers,0.9993,0.9993,1080,1920
train,08_1_1612,Left Hand Tool,Needle Holders,0.9936,0.9936,1080,1920
train,13_1_0524,Right Hand Tool,Needle Holders,0.0,0.0,1080,1920
train,06_1_0920,Left Hand Tool,Gauze,0.9984,0.7122,1080,1920
train,13_1_0384,Right Hand Tool,Tweezers,0.0,0.0,1080,1920
train,06_1_1281,Left Hand Tool,Forceps,1.0,1.0,1080,1920
train,01_1_0493,Left Hand Tool,Tweezers,1.0,0.749,1080,1920
train,12_1_0086,Left Hand Tool,Suction Cannula,1.0,1.0,1080,1920
train,15_1_0468,Two Hands Tool,Raspatory,0.9744,0.9577,1080,1920
train,15_1_0319,Right Hand Tool,Scalpel,1.0,0.7902,1080,1920
train,08_1_1655,Two Hands Tool,Needle Holders,0.9994,0.4279,1080,1920
train,01_1_1268,Left Hand Tool,Tweezers,1.0,1.0,1080,1920
train,08_1_0529,Right Hand Tool,Scissors,0.9829,0.887,1080,1920
train,13_1_0446,Left Hand Tool,Scalpel,0.0309,0.0309,1080,1920
train,06_1_1417,Right Hand Tool,Scissors,0.9923,0.3703,1080,1920
train,02_1_0435,Left Hand Tool,Tweezers,0.9992,0.9992,1080,1920
train,13_1_1142,Right Hand Tool,Needle Holders,1.0,1.0,1080,1920
train,06_1_0598,Right Hand Tool,Scissors,1.0,0.7696,1080,1920
train,06_1_0888,Left Hand Tool,Tweezers,1.0,0.9992,1080,1920
train,08_1_1280,Two Hands Tool,Needle Holders,0.9979,0.817,1080,1920
train,15_1_0259,Right Hand Tool,Scissors,0.979,0.979,1080,1920
train,11_1_0445,Right Hand Tool,Scissors,1.0,1.0,1080,1920
train,06_1_1473,Right Hand Tool,Bipolar Forceps,1.0,0.8244,1080,1920
train,01_1_1150,Left Hand Tool,Tweezers,0.9933,0.9933,1080,1920
train,02_1_0446,Right Hand Tool,Gauze,0.9986,0.9402,1080,1920
train,15_1_0415,Left Hand Tool,Tweezers,0.9991,0.9991,1080,1920
train,08_1_1218,Left Hand Tool,Tweezers,1.0,0.7164,1080,1920
train,01_1_1155,Right Hand Tool,Needle Holders,0.9981,0.9981,1080,1920
train,08_1_0864,Left Hand Tool,Suction Cannula,1.0,0.501,1080,1920
train,01_1_0806,Right Hand Tool,Needle Holders,0.9936,0.9936,1080,1920
train,01_1_0379,Right Hand Tool,Scissors,0.8776,0.1973,1080,1920
train,13_1_0583,Right Hand Tool,Scalpel,1.0,1.0,1080,1920
train,15_1_0393,Left Hand Tool,Suction Cannula,0.999,0.999,1080,1920
train,15_1_0443,Right Hand Tool,Raspatory,0.9983,0.9983,1080,1920
train,08_1_1443,Two Hands Tool,Needle Holders,0.9962,0.2512,1080,1920
train,02_1_0416,Left Hand Tool,Tweezers,0.9997,0.9997,1080,1920
train,06_1_0392,Left Hand Tool,Suction Cannula,0.9998,0.4127,1080,1920
train,11_1_0380,Right Hand Tool,Scissors,1.0,1.0,1080,1920
train,08_1_0873,Right Hand Tool,Raspatory,1.0,1.0,1080,1920
train,08_1_1192,Left Hand Tool,Tweezers,1.0,0.838,1080,1920
train,01_1_1029,Left Hand Tool,Tweezers,0.9957,0.9957,1080,1920
train,13_1_1123,Two Hands Tool,Needle Holders,0.0,0.0,1080,1920
train,06_1_1159,Right Hand Tool,Needle Holders,0.972,0.972,1080,1920
train,13_1_0447,Left Hand Tool,Scalpel,0.0,0.0,1080,1920
train,06_1_1008,Left Hand Tool,Tweezers,0.9921,0.9757,1080,1920
train,02_1_0505,Right Hand Tool,Bipolar Forceps,0.9969,0.9969,1080,1920
train,11_1_1062,Left Hand Tool,Needle Holders,0.1237,0.1237,1080,1920
train,11_1_0611,Left Hand Tool,Tweezers,1.0,1.0,1080,1920
train,11_1_0445,Left Hand Tool,Tweezers,1.0,1.0,1080,1920
train,08_1_1496,Left Hand Tool,Needle Holders,0.9916,0.9916,1080,1920
train,02_1_0405,Left Hand Tool,Tweezers,0.9993,0.9993,1080,1920
train,13_1_0527,Right Hand Tool,Needle Holders,0.6123,0.6123,1080,1920
train,15_1_0582,Right Hand Tool,Raspatory,0.9973,0.9631,1080,1920
train,06_1_0481,Right Hand Tool,Scissors,1.0,0.2711,1080,1920
train,06_1_0513,Left Hand Tool,Suction Cannula,1.0,1.0,1080,1920
train,12_1_1125,Right Hand Tool,Suction Cannula,1.0,1.0,1080,1920
train,13_1_0480,Left Hand Tool,Tweezers,1.0,1.0,1080,1920
train,13_1_0173,Left Hand Tool,Tweezers,1.0,0.9126,1080,1920
train,12_1_0634,Right Hand Tool,Suction Cannula,1.0,1.0,1080,1920
train,01_1_0637,Left Hand Tool,Tweezers,0.9445,0.9445,1080,1920
train,11_1_0475,Right Hand Tool,Scissors,1.0,1.0,1080,1920
train,13_1_0348,Right Hand Tool,Electric Cautery,1.0,1.0,1080,1920
train,11_1_0886,Left Hand Tool,Tweezers,1.0,1.0,1080,1920
train,01_1_1270,Right Hand Tool,Needle Holders,0.9987,0.9987,1080,1920
train,01_1_0901,Right Hand Tool,Needle Holders,0.9993,0.9993,1080,1920
train,06_1_1057,Left Hand Tool,Tweezers,0.9948,0.9882,1080,1920
train,13_1_0869,Left Hand Tool,Needle Holders,0.0,0.0,1080,1920
train,01_1_0579,Left Hand Tool,Gauze,1.0,0.8737,1080,1920
train,08_1_0738,Right Hand Tool,Mouth Gag,0.9952,0.0138,1080,1920
train,11_1_0515,Left Hand Tool,Retractor,1.0,1.0,1080,1920
train,11_1_0527,Right Hand Tool,Scissors,1.0,0.965,1080,1920
train,01_1_0629,Right Hand Tool,Needle Holders,1.0,1.0,1080,1920
train,13_1_0914,Left Hand Tool,Tweezers,1.0,1.0,1080,1920
train,13_1_0823,Right Hand Tool,Scalpel,1.0,1.0,1080,1920
train,06_1_0508,Right Hand Tool,Bipolar Forceps,0.9868,0.9205,1080,1920
train,01_1_0847,Right Hand Tool,Needle Holders,0.9924,0.9924,1080,1920
train,02_1_0277,Left Hand Tool,Gauze,0.9944,0.9944,1080,1920
train,13_1_1047,Two Hands Tool,Tweezers,0.2564,0.2564,1080,1920
train,13_1_0202,Left Hand Tool,Tweezers,1.0,0.3434,1080,1920
train,06_1_0642,Right Hand Tool,Scissors,0.9961,0.8283,1080,1920
train,01_1_1217,Right Hand Tool,Needle Holders,0.9649,0.9649,1080,1920
train,13_1_1020,Left Hand Tool,Tweezers,1.0,1.0,1080,1920
train,12_1_0509,Right Hand Tool,Suction Cannula,1.0,0.6784,1080,1920
train,13_1_0822,Left Hand Tool,Tweezers,0.0482,0.0482,1080,1920
train,11_1_0629,Right Hand Tool,Scissors,1.0,1.0,1080,1920
train,08_1_1160,Left Hand Tool,Suction Cannula,0.9901,0.6735,1080,1920
train,13_1_0327,Right Hand Tool,Scalpel,1.0,1.0,1080,1920
train,06_1_0880,Left Hand Tool,Tweezers,0.9749,0.9749,1080,1920
train,02_1_0645,Left Hand Tool,Tweezers,1.0,1.0,1080,1920
train,08_1_0838,Right Hand Tool,Scissors,0.9936,0.4181,1080,1920
train,06_1_0681,Right Hand Tool,Scissors,0.8842,0.8547,1080,1920
train,01_1_0425,Right Hand Tool,Bipolar Forceps,1.0,1.0,1080,1920
train,08_1_1117,Left Hand Tool,Suction Cannula,0.9951,0.8007,1080,1920
train,13_1_0311,Left Hand Tool,Tweezers,0.5835,0.4537,1080,1920
train,01_1_0972,Left Hand Tool,Tweezers,1.0,1.0,1080,1920
train,13_1_1141,Left Hand Tool,Tweezers,1.0,1.0,1080,1920
train,06_1_1203,Left Hand Tool,Tweezers,1.0,0.8532,1080,1920
train,08_1_0805,Right Hand Tool,Scissors,1.0,0.3428,1080,1920
train,01_1_0384,Right Hand Tool,Bipolar Forceps,1.0,0.9329,1080,1920
train,02_1_0636,Left Hand Tool,Tweezers,0.9935,0.9935,1080,1920
train,13_1_0516,Left Hand Tool,Tweezers,1.0,0.9978,1080,1920
train,13_1_0493,Left Hand Tool,Tweezers,1.0,1.0,1080,1920
train,01_1_0966,Right Hand Tool,Tweezers,1.0,1.0,1080,1920
train,13_1_1133,Right Hand Tool,Needle Holders,0.0,0.0,1080,1920
train,01_1_0650,Right Hand Tool,Scissors,1.0,1.0,1080,1920
train,06_1_1447,Right Hand Tool,Bipolar Forceps,0.8803,0.7582,1080,1920
train,06_1_1015,Right Hand Tool,Scissors,1.0,0.8797,1080,1920
train,13_1_0674,Right Hand Tool,Needle Holders,0.516,0.516,1080,1920
train,13_1_1169,Left Hand Tool,Tweezers,1.0,1.0,1080,1920
train,13_1_1082,Right Hand Tool,Needle Holders,1.0,0.999,1080,1920
train,06_1_1368,Right Hand Tool,Gauze,0.9406,0.9406,1080,1920
train,01_1_0567,Left Hand Tool,Gauze,0.8272,0.5011,1080,1920
train,11_1_0657,Right Hand Tool,Scissors,1.0,0.3608,1080,1920
train,13_1_0959,Right Hand Tool,Scissors,1.0,0.9973,1080,1920
train,12_1_0389,Left Hand Tool,Tweezers,1.0,1.0,1080,1920
train,08_1_0841,Left Hand Tool,Tweezers,1.0,0.9222,1080,1920
train,13_1_0684,Right Hand Tool,Needle Holders,1.0,1.0,1080,1920
train,11_1_1132,Right Hand Tool,Needle Holders,1.0,1.0,1080,1920
train,13_1_1127,Right Hand Tool,Needle Holders,1.0,1.0,1080,1920
train,08_1_1208,Left Hand Tool,Tweezers,0.9998,0.7162,1080,1920
train,01_1_0467,Right Hand Tool,Scissors,1.0,0.9722,1080,1920
train,06_1_0490,Left Hand Tool,Suction Cannula,0.997,0.8135,1080,1920
train,11_1_1144,Left Hand Tool,Tweezers,1.0,1.0,1080,1920
train,13_1_1078,Left Hand Tool,Needle Holders,0.0,0.0,1080,1920
train,11_1_0592,Left Hand Tool,Tweezers,1.0,1.0,1080,1920
train,12_1_0464,Two Hands Tool,Suction Cannula,1.0,0.861,1080,1920
train,08_1_0757,Left Hand Tool,Suction Cannula,1.0,0.4978,1080,1920
train,06_1_1296,Right Hand Tool,Needle Holders,0.9782,0.8657,1080,1920
train,08_1_1112,Left Hand Tool,Suction Cannula,0.9941,0.8345,1080,1920
train,11_1_0477,Left Hand Tool,Retractor,1.0,1.0,1080,1920
train,08_1_0731,Left Hand Tool,Suction Cannula,0.9966,0.8205,1080,1920
train,13_1_0212,Right Hand Tool,Needle Holders,1.0,1.0,1080,1920
train,13_1_0508,Right Hand Tool,Needle Holders,0.6998,0.6998,1080,1920
train,11_1_1134,Left Hand Tool,Tweezers,1.0,1.0,1080,1920
train,01_1_0373,Right Hand Tool,Scissors,0.9992,0.9496,1080,1920
train,08_1_0402,Right Hand Tool,Mouth Gag,1.0,0.0135,1080,1920
train,13_1_0792,Right Hand Tool,Needle Holders,1.0,1.0,1080,1920
train,06_1_1331,Left Hand Tool,Tweezers,1.0,1.0,1080,1920
train,13_1_0438,Left Hand Tool,Scalpel,0.0,0.0,1080,1920
train,08_1_1622,Right Hand Tool,Needle Holders,1.0,0.1716,1080,1920
train,11_1_1123,Right Hand Tool,Needle Holders,1.0,0.9743,1080,1920
train,06_1_0899,Right Hand Tool,Scissors,0.9076,0.9076,1080,1920
train,12_1_0822,Left Hand Tool,Gauze,1.0,0.9986,1080,1920
train,11_1_0618,Left Hand Tool,Tweezers,1.0,1.0,1080,1920
train,01_1_0953,Right Hand Tool,Needle Holders,1.0,1.0,1080,1920
train,06_1_0913,Right Hand Tool,Scissors,0.9963,0.9959,1080,1920
train,02_1_0431,Right Hand Tool,Scissors,0.9814,0.9792,1080,1920
train,13_1_1136,Left Hand Tool,Tweezers,1.0,1.0,1080,1920
train,13_1_0784,Right Hand Tool,Needle Holders,1.0,1.0,1080,1920
train,13_1_1055,Left Hand Tool,Tweezers,0.1921,0.1794,1080,1920
train,06_1_0449,Left Hand Tool,Tweezers,0.9932,0.9718,1080,1920
train,06_1_1405,Right Hand Tool,Scissors,0.9875,0.5808,1080,1920
train,13_1_0708,Right Hand Tool,Needle Holders,1.0,1.0,1080,1920
train,06_1_1464,Right Hand Tool,Scissors,0.9775,0.6081,1080,1920
train,11_1_0560,Left Hand Tool,Tweezers,1.0,0.9992,1080,1920
train,15_1_0393,Right Hand Tool,Raspatory,0.98,0.8801,1080,1920
train,12_1_0243,Left Hand Tool,Gauze,1.0,0.3637,1080,1920
train,13_1_0870,Left Hand Tool,Needle Holders,0.0,0.0,1080,1920
train,13_1_0416,Left Hand Tool,Tweezers,1.0,1.0,1080,1920
train,08_1_1032,Left Hand Tool,Suction Cannula,0.9727,0.4009,1080,1920
train,12_1_1029,Right Hand Tool,Suction Cannula,1.0,0.5602,1080,1920
train,11_1_0884,Right Hand Tool,Bipolar Forceps,1.0,0.5602,1080,1920
train,13_1_1163,Left Hand Tool,Tweezers,1.0,0.9987,1080,1920
train,06_1_0385,Left Hand Tool,Suction Cannula,1.0,0.37,1080,1920
train,13_1_0853,Left Hand Tool,Tweezers,1.0,1.0,1080,1920
train,11_1_1242,Right Hand Tool,Needle Holders,1.0,1.0,1080,1920
train,11_1_0840,Right Hand Tool,Suction Cannula,1.0,1.0,1080,1920
train,15_1_0312,Left Hand Tool,Tweezers,1.0,1.0,1080,1920
train,12_1_0298,Right Hand Tool,Suction Cannula,1.0,0.8527,1080,1920
train,01_1_0523,Left Hand Tool,Tweezers,1.0,0.5029,1080,1920
train,02_1_0670,Right Hand Tool,Needle Holders,0.9382,0.4049,1080,1920
train,13_1_1085,Left Hand Tool,Needle Holders,0.0119,0.0119,1080,1920
train,08_1_0447,Left Hand Tool,Suction Cannula,0.9911,0.6493,1080,1920
train,06_1_0437,Right Hand Tool,Bipolar Forceps,0.9887,0.7641,1080,1920
train,11_1_0530,Right Hand Tool,Scissors,1.0,1.0,1080,1920
train,06_1_0848,Right Hand Tool,Scissors,0.9932,0.8596,1080,1920
train,06_1_0653,Left Hand Tool,Tweezers,0.9949,0.9894,1080,1920
train,08_1_1193,Right Hand Tool,Scissors,0.9972,0.2446,1080,1920
train,02_1_0321,Two Hands Tool,Syringe,0.9815,0.9815,1080,1920
train,06_1_0764,Left Hand Tool,Tweezers,0.8782,0.8782,1080,1920
train,08_1_1184,Left Hand Tool,Tweezers,0.9852,0.7494,1080,1920
train,13_1_0301,Right Hand Tool,Bipolar Forceps,1.0,0.9848,1080,1920
train,11_1_0519,Left Hand Tool,Retractor,1.0,1.0,1080,1920
train,08_1_1421,Two Hands Tool,Needle Holders,0.9981,0.6301,1080,1920
train,01_1_0610,Right Hand Tool,Needle Holders,0.9997,0.9489,1080,1920
train,11_1_1220,Left Hand Tool,Tweezers,1.0,1.0,1080,1920
train,01_1_0537,Left Hand Tool,Tweezers,1.0,0.8484,1080,1920
train,06_1_1476,Right Hand Tool,Bipolar Forceps,1.0,0.9399,1080,1920
train,13_1_0700,Left Hand Tool,Needle Holders,0.0,0.0,1080,1920
train,13_1_0607,Left Hand Tool,Tweezers,1.0,1.0,1080,1920
train,01_1_0255,Right Hand Tool,Syringe,0.9111,0.9111,1080,1920
train,06_1_1197,Left Hand Tool,Tweezers,0.9946,0.7087,1080,1920
train,06_1_0530,Left Hand Tool,Suction Cannula,0.8837,0.8745,1080,1920
train,01_1_0301,Right Hand Tool,Scalpel,1.0,1.0,1080,1920
train,13_1_0781,Left Hand Tool,Tweezers,1.0,1.0,1080,1920
train,11_1_0564,Left Hand Tool,Tweezers,1.0,1.0,1080,1920
train,06_1_1456,Right Hand Tool,Bipolar Forceps,0.9985,0.9985,1080,1920
train,02_1_0632,Right Hand Tool,Gauze,0.9802,0.9802,1080,1920
train,01_1_0260,Two Hands Tool,Syringe,1.0,1.0,1080,1920
train,02_1_0710,Left Hand Tool,Tweezers,1.0,0.9736,1080,1920
train,08_1_0664,Right Hand Tool,Scalpel,0.9983,0.7949,1080,1920
train,13_1_0538,Left Hand Tool,Scissors,0.0,0.0,1080,1920
train,15_1_0538,Right Hand Tool,Raspatory,0.9987,0.9987,1080,1920
train,08_1_1295,Right Hand Tool,Needle Holders,1.0,0.1245,1080,1920
train,12_1_0468,Two Hands Tool,Suction Cannula,1.0,1.0,1080,1920
train,06_1_0864,Right Hand Tool,Scalpel,0.9961,0.677,1080,1920
train,02_1_0613,Left Hand Tool,Tweezers,0.9909,0.9909,1080,1920
train,13_1_0694,Right Hand Tool,Needle Holders,1.0,1.0,1080,1920
train,13_1_1112,Right Hand Tool,Needle Holders,1.0,1.0,1080,1920
train,06_1_1312,Left Hand Tool,Gauze,0.9948,0.9636,1080,1920
train,13_1_0263,Left Hand Tool,Tweezers,1.0,1.0,1080,1920
train,13_1_0332,Left Hand Tool,Tweezers,1.0,0.7621,1080,1920
train,13_1_0490,Right Hand Tool,Tweezers,0.8037,0.8037,1080,1920
train,13_1_1104,Right Hand Tool,Needle Holders,0.1992,0.1992,1080,1920
train,11_1_0658,Left Hand Tool,Tweezers,1.0,0.9812,1080,1920
train,06_1_1145,Two Hands Tool,Needle Holders,0.9981,0.9981,1080,1920
train,06_1_0393,Right Hand Tool,Scissors,0.9798,0.677,1080,1920
train,13_1_0871,Left Hand Tool,Tweezers,1.0,1.0,1080,1920
train,11_1_0936,Left Hand Tool,Retractor,1.0,1.0,1080,1920
train,06_1_0867,Right Hand Tool,Mouth Gag,1.0,0.0317,1080,1920
train,13_1_0211,Right Hand Tool,Needle Holders,1.0,0.9947,1080,1920
train,12_1_0685,Left Hand Tool,Gauze,1.0,0.5074,1080,1920
train,01_1_0675,Right Hand Tool,Needle Holders,0.9983,0.9983,1080,1920
train,11_1_1205,Right Hand Tool,Needle Holders,1.0,1.0,1080,1920
train,11_1_0731,Left Hand Tool,Tweezers,1.0,1.0,1080,1920
train,11_1_0709,Right Hand Tool,Scissors,1.0,0.1343,1080,1920
train,08_1_0558,Right Hand Tool,Mouth Gag,0.9945,0.0484,1080,1920
train,11_1_0657,Left Hand Tool,Tweezers,1.0,1.0,1080,1920
train,12_1_0292,Right Hand Tool,Suction Cannula,1.0,0.9987,1080,1920
train,13_1_0313,Left Hand Tool,Tweezers,1.0,0.4982,1080,1920
train,13_1_0767,Right Hand Tool,Needle Holders,0.0,0.0,1080,1920
train,12_1_1610,Right Hand Tool,Scissors,1.0,1.0,1080,1920
train,08_1_1119,Left Hand Tool,Suction Cannula,0.9267,0.7617,1080,1920
train,11_1_1143,Right Hand Tool,Needle Holders,1.0,1.0,1080,1920
train,11_1_1156,Left Hand Tool,Tweezers,1.0,0.5632,1080,1920
train,01_1_0574,Right Hand Tool,Bipolar Forceps,1.0,1.0,1080,1920
train,15_1_0326,Right Hand Tool,Scalpel,1.0,1.0,1080,1920
train,12_1_1307,Right Hand Tool,Suction Cannula,1.0,1.0,1080,1920
train,06_1_0392,Right Hand Tool,Scissors,0.9862,0.702,1080,1920
train,06_1_0546,Right Hand Tool,Raspatory,0.9917,0.9345,1080,1920
train,13_1_0513,Left Hand Tool,Tweezers,0.2963,0.2963,1080,1920
train,06_1_0514,Left Hand Tool,Suction Cannula,0.9519,0.9519,1080,1920
train,01_1_0940,Right Hand Tool,Needle Holders,0.9535,0.9535,1080,1920
train,01_1_0963,Right Hand Tool,Tweezers,0.9997,0.9997,1080,1920
train,13_1_0189,Left Hand Tool,Tweezers,1.0,0.7103,1080,1920
train,15_1_0572,Right Hand Tool,Raspatory,1.0,0.9073,1080,1920
train,06_1_0382,Right Hand Tool,Raspatory,1.0,0.9264,1080,1920
train,13_1_0145,Left Hand Tool,Gauze,1.0,1.0,1080,1920
train,01_1_0981,Left Hand Tool,Tweezers,1.0,1.0,1080,1920
train,15_1_0622,Left Hand Tool,Tweezers,0.9997,0.9997,1080,1920
train,08_1_1051,Left Hand Tool,Suction Cannula,0.9895,0.8513,1080,1920
train,13_1_0979,Left Hand Tool,Tweezers,1.0,0.9925,1080,1920
train,06_1_0613,Left Hand Tool,Suction Cannula,0.9889,0.797,1080,1920
train,01_1_0506,Right Hand Tool,Scissors,0.9933,0.9933,1080,1920
train,01_1_0504,Right Hand Tool,Scissors,1.0,1.0,1080,1920
train,15_1_0523,Right Hand Tool,Raspatory,0.9974,0.9948,1080,1920
train,11_1_0469,Right Hand Tool,Scissors,1.0,0.8789,1080,1920
train,11_1_0807,Right Hand Tool,Gauze,0.0034,0.0034,1080,1920
train,13_1_0930,Left Hand Tool,Tweezers,0.3892,0.3892,1080,1920
train,06_1_0635,Left Hand Tool,Tweezers,0.9859,0.8817,1080,1920
train,13_1_0136,Left Hand Tool,Gauze,1.0,0.5255,1080,1920
train,13_1_0995,Left Hand Tool,Tweezers,1.0,1.0,1080,1920
train,13_1_0945,Left Hand Tool,Tweezers,0.9825,0.9825,1080,1920
train,06_1_0659,Left Hand Tool,Tweezers,0.8435,0.7335,1080,1920
train,12_1_0415,Left Hand Tool,Tweezers,1.0,0.6403,1080,1920
train,01_1_1178,Left Hand Tool,Tweezers,1.0,1.0,1080,1920
train,15_1_0354,Right Hand Tool,Scalpel,1.0,0.9579,1080,1920
train,11_1_1122,Right Hand Tool,Needle Holders,1.0,1.0,1080,1920
train,13_1_0287,Right Hand Tool,Electric Cautery,1.0,0.819,1080,1920
train,08_1_0358,Left Hand Tool,Suction Cannula,0.9862,0.1793,1080,1920
train,02_1_0699,Right Hand Tool,Gauze,0.9433,0.4672,1080,1920
train,13_1_0706,Right Hand Tool,Needle Holders,1.0,1.0,1080,1920
train,02_1_0304,Two Hands Tool,Syringe,0.9969,0.993,1080,1920
train,13_1_0604,Left Hand Tool,Tweezers,1.0,1.0,1080,1920
train,11_1_0880,Right Hand Tool,Bipolar Forceps,1.0,0.7033,1080,1920
train,06_1_0562,Right Hand Tool,Raspatory,1.0,0.8697,1080,1920
train,08_1_0509,Right Hand Tool,Scissors,0.9965,0.8136,1080,1920
train,08_1_1118,Left Hand Tool,Suction Cannula,0.9994,0.8903,1080,1920
train,13_1_0707,Right Hand Tool,Needle Holders,0.5979,0.5979,1080,1920
train,06_1_1420,Left Hand Tool,Suction Cannula,0.9742,0.9259,1080,1920
train,13_1_0933,Right Hand Tool,Scalpel,1.0,1.0,1080,1920
train,06_1_0661,Left Hand Tool,Tweezers,1.0,0.9937,1080,1920
train,08_1_0745,Left Hand Tool,Suction Cannula,0.9942,0.7693,1080,1920
train,01_1_1154,Left Hand Tool,Tweezers,1.0,1.0,1080,1920
train,06_1_1060,Right Hand Tool,Bipolar Forceps,0.987,0.8909,1080,1920
train,12_1_0545,Right Hand Tool,Suction Cannula,1.0,0.4405,1080,1920
train,08_1_0859,Left Hand Tool,Suction Cannula,1.0,0.8579,1080,1920
train,06_1_0430,Right Hand Tool,Scissors,1.0,0.0054,1080,1920
train,06_1_1435,Left Hand Tool,Suction Cannula,0.9934,0.939,1080,1920
train,15_1_0671,Right Hand Tool,Raspatory,0.9987,0.9746,1080,1920
train,15_1_0386,Left Hand Tool,Suction Cannula,0.9515,0.9515,1080,1920
train,06_1_0378,Left Hand Tool,Suction Cannula,0.9968,0.5123,1080,1920
train,06_1_0929,Right Hand Tool,Gauze,0.944,0.944,1080,1920
train,13_1_0584,Left Hand Tool,Tweezers,1.0,1.0,1080,1920
train,06_1_1113,Right Hand Tool,Scissors,0.9852,0.0699,1080,1920
train,06_1_1210,Left Hand Tool,Tweezers,0.9765,0.8721,1080,1920
train,13_1_0718,Right Hand Tool,Needle Holders,1.0,1.0,1080,1920
train,01_1_0585,Left Hand Tool,Gauze,1.0,0.9281,1080,1920
train,11_1_0458,Left Hand Tool,Tweezers,1.0,1.0,1080,1920
train,06_1_0425,Right Hand Tool,Scissors,0.9694,0.9398,1080,1920
train,08_1_0753,Left Hand Tool,Suction Cannula,0.9623,0.4928,1080,1920
train,08_1_0448,Right Hand Tool,Mouth Gag,0.984,0.1011,1080,1920
train,01_1_0742,Left Hand Tool,Tweezers,0.9997,0.9997,1080,1920
train,11_1_0540,Left Hand Tool,Scissors,0.0,0.0,1080,1920
train,06_1_1015,Left Hand Tool,Tweezers,0.9965,0.9577,1080,1920
train,01_1_1208,Right Hand Tool,Needle Holders,0.9995,0.9995,1080,1920
train,13_1_0329,Right Hand Tool,Scalpel,1.0,1.0,1080,1920
train,13_1_1126,Right Hand Tool,Needle Holders,1.0,1.0,1080,1920
train,13_1_0690,Left Hand Tool,Needle Holders,0.0,0.0,1080,1920
train,12_1_0504,Right Hand Tool,Suction Cannula,1.0,0.0101,1080,1920
train,01_1_1241,Right Hand Tool,Needle Holders,0.9991,0.9991,1080,1920
train,01_1_0762,Left Hand Tool,Tweezers,1.0,1.0,1080,1920
train,15_1_0332,Right Hand Tool,Scalpel,0.999,0.999,1080,1920
train,08_1_0410,Left Hand Tool,Tweezers,0.9928,0.6234,1080,1920
train,06_1_0372,Right Hand Tool,Scalpel,1.0,0.663,1080,1920
train,02_1_0398,Left Hand Tool,Tweezers,0.9997,0.9997,1080,1920
train,08_1_1137,Left Hand Tool,Suction Cannula,0.979,0.9768,1080,1920
train,08_1_0882,Left Hand Tool,Suction Cannula,0.9533,0.8747,1080,1920
train,08_1_0665,Right Hand Tool,Scalpel,0.9975,0.7873,1080,1920
train,12_1_0469,Two Hands Tool,Suction Cannula,1.0,0.9273,1080,1920
train,13_1_0330,Right Hand Tool,Scalpel,1.0,1.0,1080,1920
train,08_1_1381,Left Hand Tool,Forceps,1.0,0.7,1080,1920
train,13_1_0404,Left Hand Tool,Needle Holders,0.83,0.7023,1080,1920
train,13_1_0579,Left Hand Tool,Tweezers,1.0,1.0,1080,1920
train,11_1_0780,Right Hand Tool,Scissors,1.0,0.8797,1080,1920
train,13_1_0836,Left Hand Tool,Tweezers,0.2692,0.2692,1080,1920
train,01_1_1073,Right Hand Tool,Needle Holders,0.9786,0.9732,1080,1920
train,13_1_0539,Right Hand Tool,Scissors,0.0,0.0,1080,1920
train,11_1_1076,Left Hand Tool,Tweezers,1.0,1.0,1080,1920
train,02_1_0477,Left Hand Tool,Tweezers,0.9485,0.6051,1080,1920
train,15_1_0540,Right Hand Tool,Raspatory,0.9987,0.9877,1080,1920
train,08_1_0574,Right Hand Tool,Scissors,0.9818,0.9761,1080,1920
train,01_1_1100,Right Hand Tool,Needle Holders,1.0,1.0,1080,1920
train,13_1_1063,Right Hand Tool,Needle Holders,1.0,1.0,1080,1920
train,02_1_0729,Right Hand Tool,Needle Holders,0.9735,0.9735,1080,1920
train,06_1_1441,Right Hand Tool,Bipolar Forceps,0.9919,0.7365,1080,1920
train,15_1_0351,Two Hands Tool,Tweezers,0.9997,0.9908,1080,1920
train,13_1_0436,Right Hand Tool,Scalpel,1.0,1.0,1080,1920
train,11_1_0553,Right Hand Tool,Tweezers,1.0,1.0,1080,1920
train,01_1_0449,Right Hand Tool,Gauze,1.0,0.7629,1080,1920
train,11_1_0607,Left Hand Tool,Tweezers,1.0,1.0,1080,1920
train,08_1_1100,Right Hand Tool,Scissors,0.9973,0.696,1080,1920
train,01_1_0851,Left Hand Tool,Tweezers,0.9984,0.9984,1080,1920
train,01_1_1050,Right Hand Tool,Needle Holders,0.985,0.985,1080,1920
train,02_1_0365,Right Hand Tool,Scalpel,1.0,0.0,1080,1920
train,15_1_0313,Left Hand Tool,Tweezers,1.0,0.8662,1080,1920
train,06_1_0535,Left Hand Tool,Suction Cannula,1.0,0.9985,1080,1920
train,13_1_1176,Right Hand Tool,Needle Holders,1.0,1.0,1080,1920
train,08_1_1083,Right Hand Tool,Scalpel,0.9985,0.0567,1080,1920
train,06_1_1091,Right Hand Tool,Bipolar Forceps,0.9982,0.6129,1080,1920
train,15_1_0286,Right Hand Tool,Scissors,1.0,1.0,1080,1920
train,13_1_1071,Right Hand Tool,Needle Holders,0.034,0.034,1080,1920
train,13_1_0985,Right Hand Tool,Needle Holders,1.0,1.0,1080,1920
train,08_1_0631,Left Hand Tool,Tweezers,0.9971,0.7678,1080,1920
train,01_1_0468,Right Hand Tool,Scissors,0.9548,0.6746,1080,1920
train,15_1_0275,Left Hand Tool,Tweezers,1.0,0.9972,1080,1920
train,12_1_0531,Left Hand Tool,Forceps,1.0,0.5013,1080,1920
train,13_1_0967,Left Hand Tool,Tweezers,1.0,1.0,1080,1920
train,02_1_0466,Left Hand Tool,Tweezers,0.9966,0.9388,1080,1920
train,13_1_1066,Left Hand Tool,Tweezers,0.2025,0.2025,1080,1920
train,13_1_0538,Right Hand Tool,Scissors,1.0,1.0,1080,1920
train,01_1_0854,Left Hand Tool,Tweezers,0.9992,0.9992,1080,1920
train,11_1_1273,Left Hand Tool,Forceps,1.0,1.0,1080,1920
train,12_1_1612,Right Hand Tool,Scissors,1.0,1.0,1080,1920
train,01_1_1207,Right Hand Tool,Needle Holders,0.9989,0.9989,1080,1920
train,15_1_0575,Left Hand Tool,Tweezers,0.9988,0.9333,1080,1920
train,13_1_1159,Two Hands Tool,Needle Holders,0.1306,0.1306,1080,1920
train,11_1_0703,Left Hand Tool,Tweezers,1.0,0.9993,1080,1920
train,15_1_0547,Right Hand Tool,Raspatory,0.9956,0.8326,1080,1920
train,11_1_0869,Right Hand Tool,Scissors,1.0,1.0,1080,1920
train,08_1_1098,Left Hand Tool,Suction Cannula,0.9988,0.9988,1080,1920
train,08_1_0734,Right Hand Tool,Raspatory,0.9047,0.7618,1080,1920
train,01_1_0494,Right Hand Tool,Bipolar Forceps,1.0,0.9436,1080,1920
train,13_1_1110,Right Hand Tool,Needle Holders,1.0,1.0,1080,1920
train,15_1_0255,Right Hand Tool,Scissors,0.9936,0.9931,1080,1920
train,12_1_0473,Left Hand Tool,Tweezers,1.0,0.6379,1080,1920
train,08_1_1224,Left Hand Tool,Tweezers,0.9756,0.6027,1080,1920
train,13_1_0986,Right Hand Tool,Needle Holders,1.0,0.9813,1080,1920
train,01_1_0533,Left Hand Tool,Gauze,1.0,0.9991,1080,1920
train,13_1_0733,Left Hand Tool,Tweezers,0.0849,0.0849,1080,1920
train,13_1_1019,Right Hand Tool,Needle Holders,0.0,0.0,1080,1920
train,15_1_0615,Left Hand Tool,Tweezers,1.0,1.0,1080,1920
train,06_1_1027,Left Hand Tool,Tweezers,0.9499,0.7739,1080,1920
train,11_1_0843,Left Hand Tool,Gauze,1.0,0.6462,1080,1920
train,13_1_0872,Left Hand Tool,Tweezers,1.0,1.0,1080,1920
train,15_1_0239,Left Hand Tool,Gauze,1.0,1.0,1080,1920
train,15_1_0446,Left Hand Tool,Tweezers,1.0,1.0,1080,1920
train,13_1_0148,Left Hand Tool,Gauze,1.0,0.9576,1080,1920
train,06_1_1332,Right Hand Tool,Needle Holders,0.9984,0.6923,1080,1920
train,11_1_0541,Right Hand Tool,Scissors,1.0,1.0,1080,1920
train,01_1_0551,Right Hand Tool,Bipolar Forceps,0.9992,0.9985,1080,1920
train,06_1_0751,Left Hand Tool,Tweezers,0.9476,0.873,1080,1920
train,02_1_0640,Left Hand Tool,Tweezers,1.0,1.0,1080,1920
train,02_1_0756,Left Hand Tool,Tweezers,0.9292,0.9292,1080,1920
train,13_1_0752,Left Hand Tool,Tweezers,1.0,1.0,1080,1920
train,01_1_1027,Right Hand Tool,Needle Holders,1.0,1.0,1080,1920
train,13_1_0187,Right Hand Tool,Scissors,1.0,0.976,1080,1920
train,01_1_0484,Left Hand Tool,Tweezers,1.0,1.0,1080,1920
train,11_1_1125,Right Hand Tool,Needle Holders,1.0,1.0,1080,1920
train,11_1_0655,Left Hand Tool,Tweezers,1.0,0.9999,1080,1920
train,13_1_0522,Left Hand Tool,Needle Holders,0.0,0.0,1080,1920
train,08_1_0863,Left Hand Tool,Suction Cannula,0.9991,0.7532,1080,1920
train,13_1_0730,Left Hand Tool,Tweezers,1.0,1.0,1080,1920
train,06_1_1338,Left Hand Tool,Forceps,1.0,0.7635,1080,1920
train,11_1_1264,Left Hand Tool,Tweezers,1.0,1.0,1080,1920
train,15_1_0623,Left Hand Tool,Tweezers,1.0,1.0,1080,1920
train,06_1_0530,Right Hand Tool,Scissors,0.9939,0.83,1080,1920
train,01_1_1242,Right Hand Tool,Needle Holders,0.9988,0.9988,1080,1920
train,13_1_0903,Right Hand Tool,Tweezers,0.0,0.0,1080,1920
train,08_1_1048,Right Hand Tool,Scissors,1.0,0.5566,1080,1920
train,01_1_1152,Right Hand Tool,Needle Holders,0.9984,0.9984,1080,1920
train,11_1_1259,Right Hand Tool,Needle Holders,1.0,1.0,1080,1920
train,11_1_0840,Left Hand Tool,Tweezers,1.0,0.5552,1080,1920
train,15_1_0395,Left Hand Tool,Suction Cannula,0.9742,0.9742,1080,1920
train,01_1_1130,Left Hand Tool,Tweezers,0.9966,0.9966,1080,1920
train,15_1_0389,Right Hand Tool,Scalpel,0.9914,0.9914,1080,1920
train,02_1_0441,Right Hand Tool,Gauze,0.9969,0.9969,1080,1920
train,13_1_0865,Right Hand Tool,Needle Holders,1.0,1.0,1080,1920
train,01_1_1225,Left Hand Tool,Tweezers,0.9904,0.9904,1080,1920
train,06_1_0859,Right Hand Tool,Scissors,1.0,0.9533,1080,1920
train,15_1_0282,Left Hand Tool,Tweezers,0.9998,0.9997,1080,1920
train,06_1_0692,Right Hand Tool,Raspatory,1.0,0.9483,1080,1920
train,12_1_1153,Right Hand Tool,Suction Cannula,1.0,1.0,1080,1920
train,02_1_0602,Left Hand Tool,Tweezers,1.0,1.0,1080,1920
train,01_1_0458,Left Hand Tool,Gauze,0.9985,0.5386,1080,1920
train,08_1_1227,Left Hand Tool,Tweezers,1.0,0.8595,1080,1920
train,08_1_1271,Right Hand Tool,Needle Holders,0.9925,0.924,1080,1920
train,01_1_0647,Left Hand Tool,Gauze,1.0,1.0,1080,1920
train,11_1_0827,Left Hand Tool,Gauze,1.0,0.4292,1080,1920
train,12_1_0686,Left Hand Tool,Gauze,1.0,0.4985,1080,1920
train,02_1_0698,Left Hand Tool,Tweezers,1.0,1.0,1080,1920
train,01_1_1196,Left Hand Tool,Tweezers,1.0,1.0,1080,1920
train,12_1_0687,Right Hand Tool,Suction Cannula,1.0,0.0,1080,1920
train,11_1_0743,Right Hand Tool,Scissors,1.0,1.0,1080,1920
train,01_1_0261,Left Hand Tool,Syringe,1.0,1.0,1080,1920
train,06_1_1351,Left Hand Tool,Tweezers,0.922,0.5873,1080,1920
train,13_1_0517,Right Hand Tool,Tweezers,0.0,0.0,1080,1920
train,12_1_0632,Left Hand Tool,Gauze,1.0,0.0641,1080,1920
train,01_1_0894,Left Hand Tool,Tweezers,0.97,0.97,1080,1920
train,15_1_0441,Right Hand Tool,Raspatory,0.9989,0.9952,1080,1920
train,01_1_0662,Left Hand Tool,Tweezers,1.0,0.9106,1080,1920
train,13_1_0962,Right Hand Tool,Gauze,0.0,0.0,1080,1920
train,01_1_0852,Right Hand Tool,Needle Holders,1.0,1.0,1080,1920
train,01_1_0347,Right Hand Tool,Scalpel,1.0,0.7236,1080,1920
train,13_1_0238,Right Hand Tool,Scissors,1.0,1.0,1080,1920
train,13_1_1055,Right Hand Tool,Needle Holders,1.0,1.0,1080,1920
train,01_1_0885,Left Hand Tool,Tweezers,0.9924,0.9924,1080,1920
train,01_1_1217,Left Hand Tool,Tweezers,1.0,1.0,1080,1920
train,13_1_0150,Right Hand Tool,Bipolar Forceps,1.0,1.0,1080,1920
train,13_1_1027,Right Hand Tool,Needle Holders,1.0,1.0,1080,1920
train,11_1_0651,Left Hand Tool,Tweezers,1.0,0.9887,1080,1920
train,06_1_0359,Two Hands Tool,Scalpel,1.0,0.6666,1080,1920
train,13_1_1092,Right Hand Tool,Needle Holders,0.5652,0.5652,1080,1920
train,08_1_1077,Right Hand Tool,Scalpel,0.9956,0.223,1080,1920
train,01_1_0648,Right Hand Tool,Bipolar Forceps,0.9998,0.9998,1080,1920
train,13_1_0492,Right Hand Tool,Scissors,0.0,0.0,1080,1920
train,06_1_0522,Left Hand Tool,Suction Cannula,0.9391,0.9391,1080,1920
train,08_1_0473,Right Hand Tool,Mouth Gag,0.9764,0.0013,1080,1920
train,13_1_0471,Left Hand Tool,Tweezers,1.0,1.0,1080,1920
train,13_1_1127,Right Hand Tool,Needle Holders,0.0,0.0,1080,1920
train,11_1_0989,Right Hand Tool,Scissors,1.0,1.0,1080,1920
train,01_1_0651,Right Hand Tool,Scissors,0.9828,0.9658,1080,1920
train,13_1_0315,Left Hand Tool,Tweezers,0.2222,0.2138,1080,1920
train,06_1_1221,Right Hand Tool,Needle Holders,1.0,0.852,1080,1920
train,13_1_1142,Right Hand Tool,Needle Holders,1.0,1.0,1080,1920
train,08_1_0818,Right Hand Tool,Scissors,1.0,0.9079,1080,1920
train,08_1_1156,Right Hand Tool,Raspatory,0.9983,0.8535,1080,1920
train,13_1_0630,Left Hand Tool,Scalpel,0.0,0.0,1080,1920
train,15_1_0483,Two Hands Tool,Scalpel,1.0,1.0,1080,1920
train,02_1_0402,Left Hand Tool,Tweezers,1.0,0.9993,1080,1920
train,08_1_0443,Left Hand Tool,Suction Cannula,1.0,0.67,1080,1920
train,06_1_0783,Left Hand Tool,Tweezers,0.9566,0.8527,1080,1920
train,13_1_1121,Right Hand Tool,Needle Holders,0.0,0.0,1080,1920
train,13_1_0701,Left Hand Tool,Needle Holders,0.0402,0.0402,1080,1920
train,11_1_0832,Right Hand Tool,Scissors,1.0,0.9399,1080,1920
train,13_1_0826,Left Hand Tool,Tweezers,0.0249,0.0249,1080,1920
train,13_1_0987,Right Hand Tool,Needle Holders,0.9963,0.9963,1080,1920
train,08_1_1144,Right Hand Tool,Scissors,0.9977,0.9977,1080,1920
train,06_1_1032,Right Hand Tool,Scissors,0.9997,0.9226,1080,1920
train,13_1_0728,Left Hand Tool,Tweezers,0.0643,0.0643,1080,1920
train,11_1_0454,Right Hand Tool,Gauze,1.0,1.0,1080,1920
train,06_1_0595,Right Hand Tool,Scissors,1.0,0.8248,1080,1920
train,06_1_0776,Left Hand Tool,Gauze,0.99,0.5057,1080,1920
train,06_1_1035,Left Hand Tool,Tweezers,0.9963,0.935,1080,1920
train,12_1_1592,Two Hands Tool,Scissors,1.0,1.0,1080,1920
train,11_1_0642,Right Hand Tool,Bipolar Forceps,1.0,0.7708,1080,1920
train,13_1_0299,Left Hand Tool,Tweezers,1.0,0.509,1080,1920
train,06_1_0749,Right Hand Tool,Scissors,1.0,1.0,1080,1920
train,12_1_0819,Left Hand Tool,Retractor,1.0,1.0,1080,1920
train,06_1_1443,Left Hand Tool,Suction Cannula,0.9441,0.5696,1080,1920
train,13_1_0815,Left Hand Tool,Tweezers,1.0,1.0,1080,1920
train,11_1_1078,Right Hand Tool,Needle Holders,1.0,1.0,1080,1920
train,08_1_0488,Left Hand Tool,Suction Cannula,0.9969,0.5593,1080,1920
train,01_1_0444,Right Hand Tool,Scissors,0.9694,0.9181,1080,1920
train,06_1_1046,Right Hand Tool,Raspatory,0.9967,0.9967,1080,1920
train,11_1_0481,Left Hand Tool,Retractor,1.0,1.0,1080,1920
train,11_1_1157,Left Hand Tool,Tweezers,1.0,1.0,1080,1920
train,11_1_0582,Right Hand Tool,Scissors,1.0,1.0,1080,1920
train,13_1_0762,Right Hand Tool,Needle Holders,1.0,1.0,1080,1920
train,01_1_0344,Two Hands Tool,Scalpel,1.0,0.9809,1080,1920
train,01_1_0857,Right Hand Tool,Needle Holders,0.9813,0.9813,1080,1920
train,01_1_0873,Right Hand Tool,Needle Holders,0.9986,0.9986,1080,1920
train,08_1_0419,Right Hand Tool,Scissors,0.9492,0.4412,1080,1920
train,13_1_0873,Right Hand Tool,Needle Holders,0.2767,0.2767,1080,1920
train,13_1_0681,Right Hand Tool,Gauze,0.1252,0.1252,1080,1920
train,01_1_0892,Left Hand Tool,Tweezers,1.0,1.0,1080,1920
train,08_1_0562,Right Hand Tool,Mouth Gag,1.0,0.0166,1080,1920
train,13_1_0638,Left Hand Tool,Tweezers,0.0831,0.0831,1080,1920
train,06_1_0554,Left Hand Tool,Suction Cannula,1.0,1.0,1080,1920
train,08_1_1219,Left Hand Tool,Tweezers,0.9956,0.7913,1080,1920
train,13_1_0935,Right Hand Tool,Scalpel,0.2556,0.2362,1080,1920
train,01_1_0482,Left Hand Tool,Tweezers,1.0,1.0,1080,1920
train,08_1_0351,Right Hand Tool,Scalpel,0.9938,0.0,1080,1920
train,06_1_0933,Right Hand Tool,Raspatory,0.9797,0.8736,1080,1920
train,06_1_1242,Left Hand Tool,Tweezers,0.9953,0.916,1080,1920
train,12_1_0544,Left Hand Tool,Forceps,1.0,0.2604,1080,1920
train,01_1_1028,Left Hand Tool,Tweezers,0.9994,0.9994,1080,1920
train,08_1_1170,Two Hands Tool,Retractor,1.0,0.703,1080,1920
train,11_1_0632,Right Hand Tool,Gauze,1.0,1.0,1080,1920
train,06_1_0572,Left Hand Tool,Suction Cannula,0.9984,0.9558,1080,1920
train,11_1_0623,Right Hand Tool,Scissors,1.0,1.0,1080,1920
train,08_1_0596,Right Hand Tool,Scissors,1.0,0.5822,1080,1920
train,02_1_0609,Right Hand Tool,Needle Holders,1.0,1.0,1080,1920
train,13_1_1060,Left Hand Tool,Tweezers,1.0,1.0,1080,1920
train,06_1_0904,Left Hand Tool,Tweezers,1.0,1.0,1080,1920
train,12_1_0467,Left Hand Tool,Suction Cannula,1.0,0.8365,1080,1920
train,06_1_0540,Left Hand Tool,Suction Cannula,0.9998,0.9823,1080,1920
train,08_1_1448,Right Hand Tool,Needle Holders,0.9848,0.5913,1080,1920
train,15_1_0189,Right Hand Tool,Syringe,1.0,1.0,1080,1920
train,12_1_0503,Left Hand Tool,Hook,1.0,1.0,1080,1920
train,13_1_1036,Two Hands Tool,Needle Holders,1.0,0.9939,1080,1920
train,11_1_0694,Right Hand Tool,Scissors,1.0,0.7559,1080,1920
train,01_1_0578,Left Hand Tool,Gauze,1.0,0.9291,1080,1920
train,12_1_0480,Two Hands Tool,Suction Cannula,1.0,0.8792,1080,1920
train,02_1_0395,Left Hand Tool,Tweezers,0.9985,0.9985,1080,1920
train,08_1_0763,Right Hand Tool,Mouth Gag,0.9862,0.0046,1080,1920
train,12_1_0473,Right Hand Tool,Suction Cannula,1.0,0.8617,1080,1920
train,13_1_0922,Right Hand Tool,Scalpel,1.0,1.0,1080,1920
train,12_1_0546,Left Hand Tool,Forceps,1.0,0.2499,1080,1920
train,06_1_0609,Two Hands Tool,Raspatory,1.0,0.8809,1080,1920
train,02_1_0720,Right Hand Tool,Needle Holders,0.9104,0.9104,1080,1920
train,02_1_0438,Right Hand Tool,Gauze,1.0,0.6147,1080,1920
train,08_1_0587,Right Hand Tool,Scissors,0.9952,0.0,1080,1920
train,13_1_0319,Right Hand Tool,Gauze,0.1274,0.1034,1080,1920
train,06_1_1036,Left Hand Tool,Tweezers,0.9818,0.9753,1080,1920
train,15_1_0186,Left Hand Tool,Gauze,0.9994,0.9172,1080,1920
train,12_1_0478,Two Hands Tool,Suction Cannula,1.0,0.8813,1080,1920
train,11_1_0630,Right Hand Tool,Scissors,1.0,1.0,1080,1920
train,13_1_0824,Left Hand Tool,Tweezers,0.3963,0.3963,1080,1920
train,15_1_0609,Left Hand Tool,Tweezers,1.0,0.9953,1080,1920
train,13_1_0812,Right Hand Tool,Scalpel,0.7047,0.7047,1080,1920
train,08_1_0418,Right Hand Tool,Scissors,0.9998,0.9452,1080,1920
train,02_1_0758,Right Hand Tool,Tweezers,0.9858,0.9858,1080,1920
train,01_1_0609,Right Hand Tool,Needle Holders,1.0,1.0,1080,1920
train,13_1_0933,Left Hand Tool,Tweezers,1.0,0.9179,1080,1920
train,13_1_0849,Left Hand Tool,Tweezers,0.8274,0.8274,1080,1920
train,12_1_0474,Two Hands Tool,Suction Cannula,1.0,0.9025,1080,1920
train,08_1_0750,Left Hand Tool,Suction Cannula,0.9945,0.6431,1080,1920
train,13_1_0960,Left Hand Tool,Tweezers,1.0,1.0,1080,1920
train,11_1_1203,Right Hand Tool,Needle Holders,1.0,1.0,1080,1920
train,15_1_0532,Right Hand Tool,Raspatory,0.9987,0.9946,1080,1920
train,13_1_0486,Right Hand Tool,Scissors,0.0,0.0,1080,1920
train,13_1_0522,Right Hand Tool,Tweezers,0.0768,0.0768,1080,1920
train,06_1_0641,Left Hand Tool,Suction Cannula,0.9574,0.9574,1080,1920
train,13_1_1064,Right Hand Tool,Needle Holders,1.0,1.0,1080,1920
train,01_1_1044,Left Hand Tool,Tweezers,0.996,0.996,1080,1920
train,06_1_0657,Right Hand Tool,Scissors,0.9948,0.9948,1080,1920
train,11_1_1131,Left Hand Tool,Tweezers,1.0,1.0,1080,1920
train,13_1_0780,Right Hand Tool,Needle Holders,1.0,1.0,1080,1920
train,13_1_0932,Right Hand Tool,Scalpel,0.1995,0.1995,1080,1920
train,15_1_0648,Left Hand Tool,Tweezers,1.0,1.0,1080,1920
train,01_1_0587,Right Hand Tool,Bipolar Forceps,0.9991,0.974,1080,1920
train,06_1_1291,Right Hand Tool,Gauze,0.9987,0.9799,1080,1920
train,13_1_0383,Right Hand Tool,Tweezers,0.0,0.0,1080,1920
train,13_1_0928,Right Hand Tool,Scalpel,1.0,1.0,1080,1920
train,12_1_0247,Left Hand Tool,Gauze,1.0,0.6233,1080,1920
train,08_1_1273,Left Hand Tool,Retractor,0.9968,0.0109,1080,1920
train,06_1_1462,Left Hand Tool,Suction Cannula,0.9606,0.8808,1080,1920
train,11_1_1106,Right Hand Tool,Needle Holders,1.0,1.0,1080,1920
train,13_1_0389,Right Hand Tool,Tweezers,0.0,0.0,1080,1920
train,11_1_1219,Right Hand Tool,Needle Holders,1.0,1.0,1080,1920
train,15_1_0364,Right Hand Tool,Scalpel,0.9981,0.9981,1080,1920
train,01_1_0418,Left Hand Tool,Tweezers,0.9492,0.6169,1080,1920
train,08_1_1105,Right Hand Tool,Scissors,0.9978,0.9938,1080,1920
train,13_1_0704,Right Hand Tool,Needle Holders,1.0,1.0,1080,1920
train,06_1_1048,Left Hand Tool,Tweezers,1.0,0.7942,1080,1920
train,15_1_0625,Left Hand Tool,Tweezers,1.0,1.0,1080,1920
train,08_1_0781,Left Hand Tool,Tweezers,0.9853,0.5248,1080,1920
train,13_1_1124,Left Hand Tool,Needle Holders,0.0,0.0,1080,1920
train,11_1_0974,Right Hand Tool,Syringe,1.0,1.0,1080,1920
train,02_1_0742,Left Hand Tool,Tweezers,0.9813,0.9114,1080,1920
train,06_1_1302,Right Hand Tool,Mouth Gag,0.9938,0.0426,1080,1920
train,08_1_0423,Left Hand Tool,Tweezers,0.9962,0.8278,1080,1920
train,08_1_1596,Left Hand Tool,Suction Cannula,1.0,0.9199,1080,1920
train,13_1_0437,Right Hand Tool,Scalpel,0.2589,0.2589,1080,1920
train,08_1_0227,Left Hand Tool,Mouth Gag,1.0,0.0051,1080,1920
train,11_1_0624,Left Hand Tool,Tweezers,1.0,0.9484,1080,1920
train,15_1_0278,Right Hand Tool,Scissors,1.0,1.0,1080,1920
train,12_1_0541,Right Hand Tool,Suction Cannula,1.0,0.3618,1080,1920
train,13_1_1026,Left Hand Tool,Tweezers,1.0,1.0,1080,1920
train,08_1_0544,Right Hand Tool,Raspatory,0.9995,0.8994,1080,1920
train,02_1_0598,Left Hand Tool,Tweezers,1.0,1.0,1080,1920
train,01_1_0667,Right Hand Tool,Bipolar Forceps,1.0,0.959,1080,1920
train,01_1_0433,Left Hand Tool,Tweezers,1.0,0.8021,1080,1920
train,08_1_1548,Right Hand Tool,Needle Holders,1.0,0.0306,1080,1920
train,06_1_0692,Left Hand Tool,Tweezers,1.0,1.0,1080,1920
train,06_1_1390,Right Hand Tool,Scissors,0.9775,0.9079,1080,1920
train,02_1_0589,Right Hand Tool,Needle Holders,0.9398,0.9393,1080,1920
train,01_1_1267,Right Hand Tool,Needle Holders,0.9987,0.9987,1080,1920
train,08_1_0422,Right Hand Tool,Scissors,1.0,0.7714,1080,1920
train,01_1_0609,Left Hand Tool,Gauze,1.0,0.9959,1080,1920
train,01_1_0475,Right Hand Tool,Scissors,1.0,1.0,1080,1920
train,11_1_0508,Right Hand Tool,Scissors,1.0,0.2166,1080,1920
train,13_1_0832,Left Hand Tool,Tweezers,1.0,1.0,1080,1920
train,08_1_0784,Left Hand Tool,Tweezers,0.9997,0.9958,1080,1920
train,08_1_1022,Left Hand Tool,Suction Cannula,0.9632,0.7669,1080,1920
train,08_1_1225,Left Hand Tool,Tweezers,1.0,0.6632,1080,1920
train,13_1_0932,Left Hand Tool,Tweezers,0.462,0.462,1080,1920
train,11_1_0540,Right Hand Tool,Scissors,1.0,1.0,1080,1920
train,01_1_0768,Left Hand Tool,Gauze,1.0,0.7123,1080,1920
train,08_1_0813,Left Hand Tool,Tweezers,0.9999,0.9275,1080,1920
train,06_1_1226,Right Hand Tool,Scissors,0.991,0.4324,1080,1920
train,12_1_0610,Right Hand Tool,Suction Cannula,1.0,0.2658,1080,1920
train,11_1_0938,Right Hand Tool,Bipolar Forceps,1.0,0.5212,1080,1920
train,12_1_0643,Left Hand Tool,Tweezers,1.0,1.0,1080,1920
train,11_1_0546,Left Hand Tool,Tweezers,1.0,1.0,1080,1920
train,11_1_0320,Right Hand Tool,Syringe,1.0,1.0,1080,1920
train,06_1_0936,Left Hand Tool,Tweezers,1.0,0.5216,1080,1920
train,13_1_0956,Left Hand Tool,Tweezers,1.0,1.0,1080,1920
train,11_1_0529,Left Hand Tool,Tweezers,1.0,1.0,1080,1920
train,12_1_0460,Two Hands Tool,Suction Cannula,1.0,0.8649,1080,1920
train,08_1_1326,Right Hand Tool,Needle Holders,1.0,0.5883,1080,1920
train,02_1_0437,Left Hand Tool,Tweezers,0.993,0.9928,1080,1920
train,02_1_0418,Right Hand Tool,Gauze,0.998,0.5919,1080,1920
train,08_1_1027,Left Hand Tool,Suction Cannula,0.9987,0.9427,1080,1920
train,01_1_0470,Left Hand Tool,Tweezers,1.0,0.052,1080,1920
train,15_1_0619,Left Hand Tool,Tweezers,0.9967,0.9967,1080,1920
train,13_1_0630,Right Hand Tool,Scalpel,1.0,1.0,1080,1920
train,01_1_1256,Right Hand Tool,Needle Holders,0.9864,0.9744,1080,1920
train,13_1_0743,Left Hand Tool,Tweezers,1.0,1.0,1080,1920
train,11_1_0404,Left Hand Tool,Hook,1.0,1.0,1080,1920
train,13_1_0731,Left Hand Tool,Tweezers,1.0,1.0,1080,1920
train,02_1_0406,Left Hand Tool,Tweezers,0.9979,0.9979,1080,1920
train,08_1_0588,Right Hand Tool,Mouth Gag,1.0,0.0009,1080,1920
train,12_1_0630,Left Hand Tool,Gauze,1.0,0.1139,1080,1920
train,13_1_1171,Left Hand Tool,Tweezers,1.0,1.0,1080,1920
train,06_1_1114,Left Hand Tool,Tweezers,0.9679,0.8171,1080,1920
train,08_1_0522,Left Hand Tool,Suction Cannula,0.6101,0.3515,1080,1920
train,13_1_0710,Right Hand Tool,Needle Holders,0.3133,0.3133,1080,1920
train,11_1_0808,Right Hand Tool,Gauze,0.06,0.06,1080,1920
train,11_1_1237,Left Hand Tool,Tweezers,1.0,1.0,1080,1920
train,01_1_0325,Right Hand Tool,Scalpel,1.0,1.0,1080,1920
train,13_1_0994,Left Hand Tool,Tweezers,1.0,1.0,1080,1920
train,15_1_0555,Right Hand Tool,Raspatory,0.9991,0.9109,1080,1920
train,01_1_1203,Right Hand Tool,Needle Holders,1.0,1.0,1080,1920
train,01_1_0953,Left Hand Tool,Tweezers,0.9942,0.9942,1080,1920
train,02_1_0478,Left Hand Tool,Tweezers,1.0,0.679,1080,1920
train,06_1_1234,Right Hand Tool,Needle Holders,0.9887,0.7374,1080,1920
train,13_1_0455,Right Hand Tool,Scalpel,1.0,1.0,1080,1920
train,08_1_1152,Left Hand Tool,Suction Cannula,0.9575,0.6147,1080,1920
train,08_1_1317,Right Hand Tool,Needle Holders,0.9985,0.5294,1080,1920
train,06_1_0393,Left Hand Tool,Suction Cannula,1.0,0.4395,1080,1920
train,13_1_0652,Right Hand Tool,Electric Cautery,1.0,1.0,1080,1920
train,01_1_0386,Right Hand Tool,Bipolar Forceps,0.9791,0.8927,1080,1920
train,06_1_0606,Right Hand Tool,Raspatory,1.0,0.9114,1080,1920
train,12_1_0612,Right Hand Tool,Suction Cannula,1.0,0.1552,1080,1920
train,12_1_1157,Right Hand Tool,Suction Cannula,1.0,1.0,1080,1920
train,08_1_1086,Left Hand Tool,Suction Cannula,0.9896,0.9116,1080,1920
train,01_1_1263,Right Hand Tool,Needle Holders,0.9994,0.9994,1080,1920
train,15_1_0322,Right Hand Tool,Scalpel,1.0,1.0,1080,1920
train,08_1_1477,Right Hand Tool,Needle Holders,0.9984,0.6103,1080,1920
train,06_1_1092,Right Hand Tool,Bipolar Forceps,0.9991,0.5743,1080,1920
train,06_1_0296,Two Hands Tool,Syringe,1.0,0.1078,1080,1920
train,11_1_1145,Right Hand Tool,Needle Holders,1.0,1.0,1080,1920
train,15_1_0632,Right Hand Tool,Raspatory,0.9978,0.9895,1080,1920
train,13_1_0156,Right Hand Tool,Bipolar Forceps,1.0,0.9659,1080,1920
train,08_1_0431,Right Hand Tool,Raspatory,0.9991,0.7464,1080,1920
train,13_1_0571,Left Hand Tool,Tweezers,0.2359,0.2359,1080,1920
train,06_1_1136,Left Hand Tool,Tweezers,0.9977,0.926,1080,1920
train,11_1_1121,Right Hand Tool,Needle Holders,1.0,1.0,1080,1920
train,01_1_0301,Left Hand Tool,Gauze,1.0,1.0,1080,1920
train,01_1_0372,Left Hand Tool,Tweezers,1.0,0.8733,1080,1920
train,13_1_0722,Left Hand Tool,Tweezers,0.0,0.0,1080,1920
train,13_1_0777,Two Hands Tool,Tweezers,0.3204,0.3204,1080,1920
train,12_1_0439,Right Hand Tool,Suction Cannula,1.0,1.0,1080,1920
train,15_1_0273,Right Hand Tool,Scissors,0.9979,0.9979,1080,1920
train,13_1_0243,Left Hand Tool,Tweezers,1.0,1.0,1080,1920
train,15_1_0325,Right Hand Tool,Scalpel,0.9935,0.9935,1080,1920
train,06_1_1171,Left Hand Tool,Tweezers,0.9708,0.9708,1080,1920
train,06_1_0430,Left Hand Tool,Tweezers,0.9791,0.6774,1080,1920
train,12_1_0491,Two Hands Tool,Suction Cannula,1.0,0.7552,1080,1920
train,01_1_0512,Right Hand Tool,Scissors,1.0,1.0,1080,1920
train,06_1_0613,Right Hand Tool,Raspatory,1.0,0.9811,1080,1920
train,02_1_0478,Right Hand Tool,Gauze,0.9988,0.9402,1080,1920
train,11_1_0785,Left Hand Tool,Gauze,1.0,0.4613,1080,1920
train,13_1_0393,Left Hand Tool,Tweezers,0.87,0.87,1080,1920
train,01_1_1128,Right Hand Tool,Needle Holders,0.9999,0.9999,1080,1920
train,01_1_0447,Left Hand Tool,Tweezers,1.0,0.8533,1080,1920
train,08_1_1046,Right Hand Tool,Scissors,0.9906,0.2827,1080,1920
train,01_1_0843,Left Hand Tool,Tweezers,1.0,1.0,1080,1920
train,12_1_0299,Left Hand Tool,Gauze,1.0,0.9703,1080,1920
train,01_1_0670,Right Hand Tool,Bipolar Forceps,1.0,0.9779,1080,1920
train,13_1_0925,Left Hand Tool,Tweezers,1.0,1.0,1080,1920
train,13_1_0737,Right Hand Tool,Needle Holders,1.0,1.0,1080,1920
train,08_1_1615,Right Hand Tool,Needle Holders,0.998,0.1699,1080,1920
train,13_1_0488,Left Hand Tool,Tweezers,0.3351,0.3351,1080,1920
train,06_1_1268,Left Hand Tool,Tweezers,0.9715,0.5464,1080,1920
train,06_1_1471,Right Hand Tool,Bipolar Forceps,0.947,0.4233,1080,1920
train,13_1_0310,Right Hand Tool,Gauze,0.1957,0.0733,1080,1920
train,01_1_0563,Left Hand Tool,Gauze,0.9332,0.9146,1080,1920
train,13_1_0931,Right Hand Tool,Scalpel,0.9322,0.8788,1080,1920
train,06_1_0770,Left Hand Tool,Tweezers,0.9891,0.9595,1080,1920
train,08_1_1640,Right Hand Tool,Needle Holders,0.9976,0.965,1080,1920
train,13_1_0338,Left Hand Tool,Electric Cautery,0.4683,0.4683,1080,1920
train,01_1_0684,Right Hand Tool,Needle Holders,0.9119,0.9119,1080,1920
train,06_1_1116,Right Hand Tool,Mouth Gag,1.0,0.037,1080,1920
train,01_1_0415,Right Hand Tool,Bipolar Forceps,0.9664,0.9664,1080,1920
train,01_1_0593,Right Hand Tool,Bipolar Forceps,0.9995,0.9995,1080,1920
train,06_1_0521,Right Hand Tool,Bipolar Forceps,0.9955,0.7365,1080,1920
train,02_1_0620,Right Hand Tool,Needle Holders,1.0,1.0,1080,1920
train,08_1_1231,Left Hand Tool,Tweezers,0.9953,0.7063,1080,1920
train,11_1_0674,Right Hand Tool,Scissors,1.0,0.0369,1080,1920
train,11_1_0659,Left Hand Tool,Tweezers,1.0,0.8622,1080,1920
train,13_1_0789,Right Hand Tool,Needle Holders,0.0,0.0,1080,1920
train,02_1_0480,Left Hand Tool,Tweezers,0.9916,0.8979,1080,1920
train,06_1_1250,Right Hand Tool,Needle Holders,0.999,0.117,1080,1920
train,01_1_0519,Right Hand Tool,Scissors,1.0,1.0,1080,1920
train,08_1_0529,Left Hand Tool,Suction Cannula,0.9688,0.5197,1080,1920
train,08_1_1223,Left Hand Tool,Tweezers,1.0,0.6846,1080,1920
train,13_1_1107,Right Hand Tool,Needle Holders,1.0,1.0,1080,1920
train,01_1_1184,Right Hand Tool,Needle Holders,0.9995,0.9995,1080,1920
train,11_1_1139,Left Hand Tool,Tweezers,1.0,1.0,1080,1920
train,08_1_1082,Left Hand Tool,Suction Cannula,0.9797,0.8975,1080,1920
train,01_1_0448,Right Hand Tool,Scissors,1.0,1.0,1080,1920
train,01_1_0846,Right Hand Tool,Needle Holders,0.9972,0.9972,1080,1920
train,15_1_0645,Right Hand Tool,Raspatory,0.9985,0.9977,1080,1920
train,01_1_0662,Right Hand Tool,Bipolar Forceps,1.0,0.9274,1080,1920
train,13_1_0870,Right Hand Tool,Tweezers,0.0387,0.0387,1080,1920
train,13_1_0952,Left Hand Tool,Gauze,0.117,0.1017,1080,1920
train,15_1_0589,Right Hand Tool,Raspatory,1.0,0.9965,1080,1920
train,12_1_0535,Left Hand Tool,Tweezers,1.0,1.0,1080,1920
train,06_1_1382,Two Hands Tool,Scissors,0.9994,0.8605,1080,1920
train,06_1_0449,Right Hand Tool,Bipolar Forceps,1.0,0.7231,1080,1920
train,06_1_0504,Right Hand Tool,Scissors,1.0,0.6482,1080,1920
train,13_1_0394,Right Hand Tool,Tweezers,0.0,0.0,1080,1920
train,06_1_0472,Right Hand Tool,Scalpel,0.9884,0.9884,1080,1920
train,06_1_1262,Left Hand Tool,Tweezers,0.9972,0.9085,1080,1920
train,08_1_1151,Left Hand Tool,Suction Cannula,0.9996,0.772,1080,1920
train,11_1_0553,Left Hand Tool,Tweezers,0.0,0.0,1080,1920
train,06_1_0556,Left Hand Tool,Suction Cannula,0.9678,0.8751,1080,1920
train,13_1_0567,Left Hand Tool,Tweezers,1.0,1.0,1080,1920
train,02_1_0290,Right Hand Tool,Syringe,0.9999,0.9973,1080,1920
train,08_1_1209,Left Hand Tool,Tweezers,0.9951,0.752,1080,1920
train,13_1_0906,Right Hand Tool,Tweezers,0.0,0.0,1080,1920
train,01_1_0403,Left Hand Tool,Tweezers,0.9452,0.6957,1080,1920
train,08_1_1482,Right Hand Tool,Needle Holders,0.9996,0.6746,1080,1920
train,01_1_0726,Right Hand Tool,Scalpel,1.0,1.0,1080,1920
train,08_1_1107,Left Hand Tool,Suction Cannula,0.9996,0.8013,1080,1920
train,01_1_1214,Left Hand Tool,Tweezers,0.999,0.999,1080,1920
train,02_1_0603,Left Hand Tool,Tweezers,1.0,1.0,1080,1920
train,13_1_0892,Right Hand Tool,Needle Holders,1.0,1.0,1080,1920
train,15_1_0519,Right Hand Tool,Raspatory,0.9995,0.9332,1080,1920
train,11_1_0862,Right Hand Tool,Scissors,1.0,1.0,1080,1920
train,13_1_0571,Left Hand Tool,Tweezers,1.0,1.0,1080,1920
train,15_1_0416,Left Hand Tool,Tweezers,1.0,1.0,1080,1920
train,12_1_0495,Two Hands Tool,Suction Cannula,1.0,0.8265,1080,1920
train,11_1_0751,Left Hand Tool,Tweezers,1.0,1.0,1080,1920
train,06_1_0997,Right Hand Tool,Raspatory,0.9988,0.9648,1080,1920
train,13_1_1018,Left Hand Tool,Tweezers,0.2341,0.2341,1080,1920
train,12_1_0443,Left Hand Tool,Tweezers,1.0,1.0,1080,1920
train,13_1_0692,Right Hand Tool,Tweezers,0.0215,0.0215,1080,1920
train,08_1_1187,Right Hand Tool,Scissors,0.9933,0.3553,1080,1920
train,01_1_1091,Right Hand Tool,Needle Holders,0.9687,0.9687,1080,1920
train,02_1_0687,Left Hand Tool,Tweezers,0.9996,0.9996,1080,1920
train,08_1_1063,Two Hands Tool,Scissors,0.9178,0.6513,1080,1920
train,08_1_1099,Right Hand Tool,Scissors,0.9859,0.9505,1080,1920
train,06_1_0364,Two Hands Tool,Scalpel,0.9974,0.7284,1080,1920
train,02_1_0404,Right Hand Tool,Gauze,0.9822,0.9669,1080,1920
train,01_1_0461,Left Hand Tool,Tweezers,1.0,0.9243,1080,1920
train,08_1_1287,Right Hand Tool,Needle Holders,0.9998,0.7832,1080,1920
train,01_1_0436,Right Hand Tool,Scissors,0.9534,0.9273,1080,1920
train,06_1_1240,Right Hand Tool,Needle Holders,0.9983,0.9983,1080,1920
train,06_1_0301,Two Hands Tool,Syringe,1.0,0.7779,1080,1920
train,01_1_0587,Left Hand Tool,Gauze,1.0,0.9484,1080,1920
train,02_1_0276,Two Hands Tool,Syringe,0.9919,0.9919,1080,1920
train,13_1_0404,Right Hand Tool,Needle Holders,1.0,0.9576,1080,1920
train,11_1_1093,Right Hand Tool,Needle Holders,1.0,1.0,1080,1920
train,12_1_1134,Right Hand Tool,Suction Cannula,1.0,1.0,1080,1920
train,13_1_0316,Left Hand Tool,Tweezers,1.0,1.0,1080,1920
train,15_1_0456,Two Hands Tool,Raspatory,0.9387,0.9387,1080,1920
train,01_1_0960,Right Hand Tool,Tweezers,1.0,1.0,1080,1920
train,11_1_1087,Left Hand Tool,Tweezers,1.0,1.0,1080,1920
train,02_1_0599,Right Hand Tool,Gauze,1.0,1.0,1080,1920
train,02_1_0301,Two Hands Tool,Syringe,0.9995,0.9995,1080,1920
train,01_1_0657,Left Hand Tool,Gauze,0.9883,0.9883,1080,1920
train,15_1_0240,Right Hand Tool,Scalpel,0.9976,0.9976,1080,1920
train,15_1_0457,Two Hands Tool,Raspatory,0.9974,0.9974,1080,1920
train,15_1_0377,Right Hand Tool,Scalpel,0.999,0.999,1080,1920
train,13_1_0806,Right Hand Tool,Needle Holders,1.0,1.0,1080,1920
train,13_1_0253,Right Hand Tool,Scalpel,1.0,1.0,1080,1920
train,06_1_0685,Right Hand Tool,Scissors,0.9341,0.93,1080,1920
train,08_1_1381,Right Hand Tool,Needle Holders,0.9999,0.8187,1080,1920
train,06_1_0431,Left Hand Tool,Tweezers,0.9571,0.8371,1080,1920
train,13_1_1106,Right Hand Tool,Needle Holders,1.0,1.0,1080,1920
train,02_1_0590,Right Hand Tool,Needle Holders,0.9826,0.9665,1080,1920
train,06_1_0418,Left Hand Tool,Tweezers,0.9978,0.6309,1080,1920
train,08_1_0253,Right Hand Tool,Syringe,1.0,0.1084,1080,1920
train,11_1_0415,Left Hand Tool,Hook,1.0,0.7461,1080,1920
train,06_1_0756,Left Hand Tool,Tweezers,1.0,0.5055,1080,1920
train,01_1_0894,Right Hand Tool,Needle Holders,1.0,1.0,1080,1920
train,12_1_0831,Left Hand Tool,Gauze,1.0,1.0,1080,1920
train,06_1_0561,Right Hand Tool,Raspatory,0.9875,0.8425,1080,1920
train,13_1_0861,Right Hand Tool,Needle Holders,1.0,1.0,1080,1920
train,13_1_1165,Right Hand Tool,Needle Holders,0.487,0.487,1080,1920
train,06_1_1299,Right Hand Tool,Needle Holders,0.999,0.7137,1080,1920
train,06_1_0604,Right Hand Tool,Scissors,0.9993,0.7481,1080,1920
train,08_1_0470,Right Hand Tool,Raspatory,0.9986,0.9986,1080,1920
train,12_1_0427,Left Hand Tool,Tweezers,1.0,0.9715,1080,1920
train,08_1_1192,Right Hand Tool,Scissors,1.0,0.3332,1080,1920
train,06_1_0405,Right Hand Tool,Scissors,0.9834,0.9834,1080,1920
train,08_1_0237,Right Hand Tool,Syringe,0.9933,0.232,1080,1920
train,13_1_1102,Right Hand Tool,Needle Holders,0.2366,0.2366,1080,1920
train,13_1_1135,Left Hand Tool,Tweezers,1.0,1.0,1080,1920
train,15_1_0288,Right Hand Tool,Scissors,1.0,0.9269,1080,1920
train,13_1_0246,Left Hand Tool,Tweezers,1.0,1.0,1080,1920
train,06_1_1303,Left Hand Tool,Tweezers,0.9993,0.7209,1080,1920
train,13_1_0626,Left Hand Tool,Tweezers,1.0,1.0,1080,1920
train,13_1_0838,Left Hand Tool,Tweezers,1.0,1.0,1080,1920
train,01_1_1038,Right Hand Tool,Needle Holders,0.9999,0.9999,1080,1920
train,06_1_1391,Right Hand Tool,Scissors,0.9986,0.7759,1080,1920
train,15_1_0400,Left Hand Tool,Suction Cannula,0.9911,0.9883,1080,1920
train,15_1_0510,Right Hand Tool,Raspatory,0.9993,0.9962,1080,1920
train,11_1_0481,Right Hand Tool,Scissors,1.0,1.0,1080,1920
train,13_1_0901,Left Hand Tool,Tweezers,0.0,0.0,1080,1920
train,15_1_0554,Left Hand Tool,Tweezers,0.9987,0.9932,1080,1920
train,01_1_1208,Left Hand Tool,Tweezers,0.9899,0.9899,1080,1920
train,15_1_0539,Right Hand Tool,Raspatory,0.9876,0.6936,1080,1920
train,13_1_0879,Left Hand Tool,Needle Holders,0.0,0.0,1080,1920
train,11_1_0794,Right Hand Tool,Gauze,1.0,1.0,1080,1920
train,01_1_1035,Right Hand Tool,Needle Holders,0.9987,0.9987,1080,1920
train,15_1_0546,Left Hand Tool,Tweezers,1.0,0.9998,1080,1920
train,12_1_0485,Two Hands Tool,Suction Cannula,1.0,0.8774,1080,1920
train,13_1_1022,Two Hands Tool,Needle Holders,1.0,1.0,1080,1920
train,13_1_0922,Left Hand Tool,Tweezers,1.0,1.0,1080,1920
train,13_1_0732,Right Hand Tool,Needle Holders,0.0,0.0,1080,1920
train,11_1_1144,Right Hand Tool,Needle Holders,1.0,1.0,1080,1920
train,13_1_0709,Left Hand Tool,Tweezers,0.2632,0.2632,1080,1920
train,08_1_1052,Right Hand Tool,Scissors,0.9834,0.6187,1080,1920
train,06_1_0775,Left Hand Tool,Gauze,0.9964,0.4565,1080,1920
train,13_1_1026,Right Hand Tool,Tweezers,0.2064,0.2064,1080,1920
train,01_1_0567,Right Hand Tool,Bipolar Forceps,0.9997,0.9702,1080,1920
train,02_1_0682,Left Hand Tool,Tweezers,0.9984,0.9984,1080,1920
train,11_1_0694,Left Hand Tool,Tweezers,1.0,0.954,1080,1920
train,13_1_0175,Right Hand Tool,Electric Cautery,1.0,0.8446,1080,1920
train,12_1_0546,Right Hand Tool,Suction Cannula,1.0,0.7492,1080,1920
train,01_1_1145,Left Hand Tool,Tweezers,1.0,1.0,1080,1920
train,08_1_1233,Left Hand Tool,Tweezers,1.0,0.7138,1080,1920
train,15_1_0397,Left Hand Tool,Suction Cannula,0.9477,0.8917,1080,1920
train,08_1_0490,Right Hand Tool,Scissors,0.7611,0.163,1080,1920
train,08_1_1046,Left Hand Tool,Suction Cannula,0.9967,0.9925,1080,1920
train,08_1_0505,Left Hand Tool,Suction Cannula,0.9983,0.3509,1080,1920
train,11_1_0871,Left Hand Tool,Tweezers,1.0,1.0,1080,1920
train,13_1_0687,Left Hand Tool,Tweezers,1.0,1.0,1080,1920
train,06_1_0873,Left Hand Tool,Tweezers,0.9967,0.9759,1080,1920
train,02_1_0418,Left Hand Tool,Tweezers,1.0,1.0,1080,1920
train,01_1_0959,Right Hand Tool,Tweezers,0.9973,0.9973,1080,1920
train,15_1_0614,Left Hand Tool,Tweezers,1.0,1.0,1080,1920
train,13_1_0788,Right Hand Tool,Needle Holders,1.0,1.0,1080,1920
train,06_1_1038,Left Hand Tool,Tweezers,0.9932,0.8742,1080,1920
train,12_1_1132,Right Hand Tool,Suction Cannula,1.0,1.0,1080,1920
train,01_1_0909,Right Hand Tool,Needle Holders,0.9982,0.9982,1080,1920
train,13_1_0319,Left Hand Tool,Tweezers,1.0,1.0,1080,1920
train,11_1_0415,Right Hand Tool,Gauze,1.0,1.0,1080,1920
train,13_1_1159,Left Hand Tool,Tweezers,1.0,1.0,1080,1920
train,06_1_0369,Two Hands Tool,Scalpel,0.981,0.9534,1080,1920
train,11_1_0623,Left Hand Tool,Tweezers,1.0,1.0,1080,1920
train,11_1_0525,Left Hand Tool,Tweezers,1.0,1.0,1080,1920
train,06_1_0574,Left Hand Tool,Suction Cannula,0.9998,0.9323,1080,1920
train,13_1_1170,Right Hand Tool,Needle Holders,0.0,0.0,1080,1920
train,11_1_0677,Right Hand Tool,Gauze,1.0,0.8558,1080,1920
train,06_1_1325,Two Hands Tool,Needle Holders,0.9942,0.829,1080,1920
train,01_1_0959,Left Hand Tool,Tweezers,0.9979,0.9979,1080,1920
train,01_1_0884,Left Hand Tool,Tweezers,0.9715,0.971,1080,1920
train,06_1_0652,Left Hand Tool,Tweezers,0.9904,0.9889,1080,1920
train,06_1_0999,Right Hand Tool,Raspatory,0.996,0.8443,1080,1920
train,08_1_1265,Left Hand Tool,Retractor,0.9968,0.2179,1080,1920
train,02_1_0706,Left Hand Tool,Tweezers,0.9258,0.9258,1080,1920
train,06_1_1444,Left Hand Tool,Suction Cannula,0.9916,0.8683,1080,1920
train,13_1_1143,Left Hand Tool,Tweezers,1.0,1.0,1080,1920
train,13_1_0125,Left Hand Tool,Gauze,1.0,1.0,1080,1920
train,11_1_1143,Left Hand Tool,Tweezers,1.0,0.9996,1080,1920
train,11_1_0804,Right Hand Tool,Gauze,0.0239,0.0239,1080,1920
train,12_1_0647,Right Hand Tool,Suction Cannula,1.0,0.1766,1080,1920
train,11_1_0775,Right Hand Tool,Scissors,1.0,0.2079,1080,1920
train,06_1_0312,Right Hand Tool,Syringe,0.91,0.91,1080,1920
train,11_1_1140,Left Hand Tool,Tweezers,1.0,1.0,1080,1920
train,15_1_0323,Right Hand Tool,Scalpel,1.0,1.0,1080,1920
train,01_1_1261,Right Hand Tool,Needle Holders,0.9764,0.9764,1080,1920
train,08_1_0690,Left Hand Tool,Suction Cannula,0.9999,0.7398,1080,1920
train,13_1_0599,Right Hand Tool,Needle Holders,0.0876,0.0751,1080,1920
train,08_1_1011,Right Hand Tool,Bipolar Forceps,0.9987,0.8701,1080,1920
train,13_1_1053,Right Hand Tool,Tweezers,0.178,0.178,1080,1920
train,15_1_0631,Left Hand Tool,Tweezers,1.0,1.0,1080,1920
train,01_1_0449,Left Hand Tool,Tweezers,1.0,0.9653,1080,1920
train,08_1_0772,Left Hand Tool,Tweezers,0.9997,0.78,1080,1920
train,08_1_0477,Left Hand Tool,Suction Cannula,0.9937,0.8189,1080,1920
train,02_1_0700,Left Hand Tool,Tweezers,0.9948,0.9933,1080,1920
train,15_1_0594,Left Hand Tool,Tweezers,1.0,1.0,1080,1920
train,06_1_1361,Right Hand Tool,Needle Holders,0.9947,0.6277,1080,1920
train,15_1_0631,Right Hand Tool,Raspatory,1.0,0.9871,1080,1920
train,13_1_0585,Left Hand Tool,Tweezers,1.0,1.0,1080,1920
train,15_1_0253,Left Hand Tool,Tweezers,1.0,1.0,1080,1920
train,12_1_0690,Left Hand Tool,Scissors,1.0,1.0,1080,1920
train,08_1_1466,Right Hand Tool,Mouth Gag,0.9995,0.0607,1080,1920
train,06_1_0403,Right Hand Tool,Scissors,0.9945,0.7469,1080,1920
train,11_1_0874,Right Hand Tool,Suction Cannula,1.0,0.8218,1080,1920
train,06_1_1018,Right Hand Tool,Scissors,0.9985,0.9217,1080,1920
train,01_1_0748,Left Hand Tool,Tweezers,1.0,1.0,1080,1920
train,01_1_0641,Left Hand Tool,Gauze,1.0,1.0,1080,1920
train,11_1_0589,Left Hand Tool,Tweezers,1.0,1.0,1080,1920
train,06_1_0243,Two Hands Tool,Gauze,0.9905,0.4654,1080,1920
train,11_1_0795,Right Hand Tool,Gauze,1.0,1.0,1080,1920
train,11_1_0985,Left Hand Tool,Tweezers,1.0,1.0,1080,1920
train,13_1_1165,Left Hand Tool,Tweezers,1.0,1.0,1080,1920
train,15_1_0279,Right Hand Tool,Scissors,1.0,0.9937,1080,1920
train,01_1_0954,Left Hand Tool,Tweezers,1.0,1.0,1080,1920
train,13_1_0463,Left Hand Tool,Tweezers,1.0,1.0,1080,1920
train,06_1_1464,Left Hand Tool,Suction Cannula,0.9967,0.0037,1080,1920
train,13_1_0905,Right Hand Tool,Tweezers,0.0,0.0,1080,1920
train,13_1_1067,Right Hand Tool,Needle Holders,1.0,1.0,1080,1920
train,01_1_0713,Right Hand Tool,Tweezers,1.0,1.0,1080,1920
train,13_1_0188,Left Hand Tool,Tweezers,1.0,0.9796,1080,1920
train,08_1_0509,Left Hand Tool,Suction Cannula,0.9325,0.57,1080,1920
train,12_1_1598,Right Hand Tool,Scissors,1.0,1.0,1080,1920
train,06_1_1252,Left Hand Tool,Tweezers,0.9887,0.8151,1080,1920
train,06_1_1387,Right Hand Tool,Scissors,1.0,0.9083,1080,1920
train,15_1_0273,Left Hand Tool,Tweezers,1.0,0.9852,1080,1920
train,13_1_0492,Left Hand Tool,Tweezers,1.0,1.0,1080,1920
train,06_1_0447,Left Hand Tool,Tweezers,1.0,0.9288,1080,1920
train,11_1_0862,Left Hand Tool,Tweezers,1.0,0.9881,1080,1920
train,02_1_0646,Right Hand Tool,Gauze,0.9896,0.9888,1080,1920
train,02_1_0642,Right Hand Tool,Gauze,0.9986,0.9924,1080,1920
train,15_1_0307,Right Hand Tool,Scissors,0.9959,0.642,1080,1920
train,13_1_0580,Right Hand Tool,Forceps,0.1055,0.0534,1080,1920
train,02_1_0616,Right Hand Tool,Needle Holders,1.0,0.8354,1080,1920
train,11_1_1257,Right Hand Tool,Needle Holders,0.3519,0.3407,1080,1920
train,12_1_0169,Left Hand Tool,Needle Holders,1.0,1.0,1080,1920
train,02_1_0367,Right Hand Tool,Scalpel,0.9854,0.9384,1080,1920
train,08_1_1440,Left Hand Tool,Needle Holders,0.0,0.0,1080,1920
train,08_1_1227,Right Hand Tool,Scissors,1.0,0.4592,1080,1920
train,13_1_0487,Right Hand Tool,Scissors,0.0,0.0,1080,1920
train,06_1_1354,Left Hand Tool,Tweezers,0.9562,0.9246,1080,1920
train,01_1_1221,Right Hand Tool,Needle Holders,0.9847,0.9847,1080,1920
train,11_1_0820,Right Hand Tool,Scissors,1.0,0.594,1080,1920
train,13_1_1145,Right Hand Tool,Needle Holders,1.0,1.0,1080,1920
train,13_1_0877,Right Hand Tool,Needle Holders,1.0,1.0,1080,1920
train,12_1_0640,Right Hand Tool,Suction Cannula,1.0,0.1026,1080,1920
train,13_1_1141,Right Hand Tool,Needle Holders,0.292,0.292,1080,1920
train,01_1_1082,Left Hand Tool,Tweezers,0.99,0.99,1080,1920
train,13_1_0194,Right Hand Tool,Electric Cautery,1.0,0.8374,1080,1920
train,11_1_0581,Right Hand Tool,Scissors,1.0,1.0,1080,1920
train,08_1_1003,Left Hand Tool,Suction Cannula,0.9838,0.8488,1080,1920
train,08_1_1530,Left Hand Tool,Needle Holders,0.9832,0.9598,1080,1920
train,12_1_1025,Right Hand Tool,Suction Cannula,1.0,1.0,1080,1920
train,01_1_0814,Right Hand Tool,Needle Holders,1.0,1.0,1080,1920
train,11_1_1053,Right Hand Tool,Needle Holders,1.0,1.0,1080,1920
train,11_1_0733,Right Hand Tool,Scissors,1.0,1.0,1080,1920
train,11_1_1075,Right Hand Tool,Needle Holders,1.0,1.0,1080,1920
train,13_1_0855,Right Hand Tool,Needle Holders,1.0,0.9774,1080,1920
train,08_1_0580,Right Hand Tool,Scissors,1.0,0.93,1080,1920
train,13_1_0735,Left Hand Tool,Tweezers,1.0,1.0,1080,1920
train,11_1_0727,Right Hand Tool,Scissors,1.0,0.6817,1080,1920
train,08_1_1146,Left Hand Tool,Suction Cannula,0.9786,0.4931,1080,1920
train,08_1_1087,Right Hand Tool,Scissors,0.9994,0.9982,1080,1920
train,13_1_0967,Right Hand Tool,Electric Cautery,1.0,1.0,1080,1920
train,06_1_1432,Right Hand Tool,Bipolar Forceps,0.9988,0.7863,1080,1920
train,06_1_1202,Right Hand Tool,Needle Holders,0.9977,0.7749,1080,1920
train,13_1_0318,Left Hand Tool,Tweezers,1.0,1.0,1080,1920
train,13_1_0678,Left Hand Tool,Needle Holders,0.0,0.0,1080,1920
train,02_1_0605,Left Hand Tool,Tweezers,1.0,1.0,1080,1920
train,13_1_0707,Left Hand Tool,Tweezers,1.0,1.0,1080,1920
train,08_1_0395,Left Hand Tool,Tweezers,0.9988,0.8806,1080,1920
train,11_1_1146,Right Hand Tool,Needle Holders,1.0,0.9943,1080,1920
train,11_1_1250,Right Hand Tool,Needle Holders,1.0,1.0,1080,1920
train,06_1_0578,Right Hand Tool,Raspatory,1.0,1.0,1080,1920
train,12_1_0529,Right Hand Tool,Suction Cannula,1.0,0.4201,1080,1920
train,11_1_0964,Left Hand Tool,Gauze,1.0,0.5485,1080,1920
train,11_1_0653,Left Hand Tool,Tweezers,1.0,1.0,1080,1920
train,01_1_0338,Right Hand Tool,Scalpel,0.9767,0.6961,1080,1920
train,06_1_0591,Right Hand Tool,Scissors,0.9967,0.9659,1080,1920
train,02_1_0696,Right Hand Tool,Needle Holders,1.0,1.0,1080,1920
train,06_1_0575,Left Hand Tool,Suction Cannula,0.9977,0.9101,1080,1920
train,02_1_0313,Two Hands Tool,Syringe,0.9971,0.997,1080,1920
train,11_1_1319,Right Hand Tool,Gauze,1.0,1.0,1080,1920
train,13_1_1104,Right Hand Tool,Needle Holders,1.0,1.0,1080,1920
train,06_1_0746,Right Hand Tool,Raspatory,0.9933,0.9933,1080,1920
train,01_1_0845,Left Hand Tool,Tweezers,0.9944,0.9944,1080,1920
train,13_1_1060,Right Hand Tool,Needle Holders,0.0,0.0,1080,1920
train,06_1_1432,Left Hand Tool,Suction Cannula,0.9512,0.4832,1080,1920
train,13_1_0784,Left Hand Tool,Tweezers,1.0,1.0,1080,1920
train,06_1_0761,Right Hand Tool,Scissors,0.9917,0.9917,1080,1920
train,08_1_1457,Right Hand Tool,Needle Holders,0.9965,0.3885,1080,1920
train,02_1_0420,Left Hand Tool,Tweezers,1.0,1.0,1080,1920
train,01_1_0589,Right Hand Tool,Bipolar Forceps,0.9926,0.9926,1080,1920
train,01_1_1049,Right Hand Tool,Needle Holders,0.9838,0.9838,1080,1920
train,01_1_0977,Right Hand Tool,Needle Holders,1.0,1.0,1080,1920
train,01_1_0339,Right Hand Tool,Scalpel,0.9911,0.7903,1080,1920
train,15_1_0439,Right Hand Tool,Raspatory,1.0,0.9962,1080,1920
train,13_1_1144,Left Hand Tool,Tweezers,1.0,1.0,1080,1920
train,12_1_0816,Left Hand Tool,Suction Cannula,1.0,1.0,1080,1920
train,02_1_0416,Right Hand Tool,Gauze,0.9971,0.8073,1080,1920
train,06_1_1397,Right Hand Tool,Scissors,0.9631,0.1005,1080,1920
train,01_1_0875,Left Hand Tool,Tweezers,0.9971,0.9971,1080,1920
train,13_1_0489,Left Hand Tool,Tweezers,0.1882,0.1882,1080,1920
train,13_1_0580,Right Hand Tool,Scalpel,1.0,1.0,1080,1920
train,01_1_1174,Left Hand Tool,Tweezers,1.0,1.0,1080,1920
train,01_1_0556,Right Hand Tool,Bipolar Forceps,1.0,0.9821,1080,1920
train,06_1_0982,Right Hand Tool,Raspatory,0.9576,0.5276,1080,1920
train,11_1_0665,Right Hand Tool,Bipolar Forceps,1.0,1.0,1080,1920
train,01_1_1147,Right Hand Tool,Needle Holders,0.9716,0.9709,1080,1920
train,06_1_0601,Left Hand Tool,Suction Cannula,0.9638,0.9255,1080,1920
train,06_1_1161,Left Hand Tool,Raspatory,1.0,0.8387,1080,1920
train,13_1_0662,Left Hand Tool,Tweezers,1.0,1.0,1080,1920
train,06_1_1307,Left Hand Tool,Tweezers,0.8996,0.8197,1080,1920
train,08_1_1116,Left Hand Tool,Suction Cannula,0.9985,0.6078,1080,1920
train,13_1_0903,Right Hand Tool,Tweezers,0.0,0.0,1080,1920
train,13_1_1029,Right Hand Tool,Needle Holders,1.0,1.0,1080,1920
train,01_1_0817,Right Hand Tool,Needle Holders,1.0,1.0,1080,1920
train,08_1_1507,Right Hand Tool,Needle Holders,0.998,0.5259,1080,1920
train,01_1_0377,Left Hand Tool,Tweezers,1.0,0.9639,1080,1920
train,01_1_0810,Left Hand Tool,Tweezers,0.9989,0.9989,1080,1920
train,15_1_0617,Right Hand Tool,Raspatory,0.9946,0.931,1080,1920
train,13_1_0805,Right Hand Tool,Needle Holders,1.0,1.0,1080,1920
train,13_1_0829,Left Hand Tool,Tweezers,1.0,1.0,1080,1920
train,13_1_0194,Left Hand Tool,Tweezers,1.0,0.4467,1080,1920
train,06_1_1163,Right Hand Tool,Needle Holders,1.0,0.9623,1080,1920
train,06_1_0737,Left Hand Tool,Tweezers,0.9912,0.9191,1080,1920
train,06_1_1090,Right Hand Tool,Bipolar Forceps,0.9978,0.5668,1080,1920
train,08_1_1235,Right Hand Tool,Scissors,1.0,0.6398,1080,1920
train,01_1_1025,Left Hand Tool,Tweezers,0.9997,0.9997,1080,1920
train,08_1_0828,Left Hand Tool,Tweezers,1.0,0.9666,1080,1920
train,15_1_0630,Left Hand Tool,Tweezers,1.0,0.9847,1080,1920
train,06_1_1266,Right Hand Tool,Needle Holders,0.9993,0.6035,1080,1920
train,11_1_1232,Left Hand Tool,Tweezers,1.0,1.0,1080,1920
train,01_1_1156,Left Hand Tool,Tweezers,0.9705,0.9705,1080,1920
train,06_1_1193,Right Hand Tool,Needle Holders,0.9837,0.6862,1080,1920
train,02_1_0757,Right Hand Tool,Gauze,0.9925,0.9925,1080,1920
train,13_1_0602,Right Hand Tool,Needle Holders,0.0,0.0,1080,1920
train,06_1_0926,Left Hand Tool,Tweezers,1.0,1.0,1080,1920
train,13_1_1097,Right Hand Tool,Needle Holders,0.0,0.0,1080,1920
train,01_1_0618,Left Hand Tool,Tweezers,1.0,1.0,1080,1920
train,12_1_0300,Right Hand Tool,Suction Cannula,1.0,1.0,1080,1920
train,12_1_0500,Right Hand Tool,Suction Cannula,1.0,0.9909,1080,1920
train,01_1_1087,Left Hand Tool,Tweezers,1.0,1.0,1080,1920
train,08_1_1268,Right Hand Tool,Needle Holders,1.0,0.0,1080,1920
train,08_1_1118,Right Hand Tool,Bipolar Forceps,0.9993,0.8684,1080,1920
train,06_1_1446,Left Hand Tool,Suction Cannula,0.9933,0.722,1080,1920
train,08_1_0535,Right Hand Tool,Scissors,0.9645,0.9312,1080,1920
train,13_1_1110,Left Hand Tool,Tweezers,1.0,1.0,1080,1920
train,12_1_0827,Left Hand Tool,Gauze,1.0,0.9776,1080,1920
train,08_1_0593,Left Hand Tool,Suction Cannula,0.9448,0.609,1080,1920
train,15_1_0611,Left Hand Tool,Tweezers,1.0,1.0,1080,1920
train,08_1_1321,Right Hand Tool,Needle Holders,0.9996,0.7971,1080,1920
train,01_1_0387,Right Hand Tool,Bipolar Forceps,0.9953,0.8714,1080,1920
train,02_1_0606,Right Hand Tool,Needle Holders,0.9993,0.7462,1080,1920
train,06_1_0571,Right Hand Tool,Raspatory,1.0,0.9041,1080,1920
train,15_1_0626,Left Hand Tool,Tweezers,1.0,1.0,1080,1920
train,08_1_1636,Left Hand Tool,Tweezers,0.9999,0.7895,1080,1920
train,12_1_0611,Right Hand Tool,Suction Cannula,1.0,0.2672,1080,1920
train,13_1_0471,Right Hand Tool,Electric Cautery,0.1659,0.1659,1080,1920
train,08_1_1635,Right Hand Tool,Needle Holders,0.9434,0.9309,1080,1920
train,06_1_1434,Left Hand Tool,Suction Cannula,0.8069,0.3492,1080,1920
train,15_1_0320,Right Hand Tool,Retractor,0.9702,0.9609,1080,1920
train,01_1_0583,Right Hand Tool,Bipolar Forceps,0.9922,0.9922,1080,1920
train,08_1_1418,Right Hand Tool,Needle Holders,0.999,0.6068,1080,1920
train,13_1_0317,Right Hand Tool,Gauze,0.0023,0.0023,1080,1920
train,01_1_0469,Left Hand Tool,Tweezers,1.0,0.5828,1080,1920
train,02_1_0508,Right Hand Tool,Bipolar Forceps,1.0,0.6917,1080,1920
train,06_1_1150,Right Hand Tool,Needle Holders,0.9983,0.8134,1080,1920
train,02_1_0671,Right Hand Tool,Needle Holders,1.0,0.4059,1080,1920
train,13_1_0883,Right Hand Tool,Needle Holders,1.0,0.9999,1080,1920
train,12_1_0438,Left Hand Tool,Tweezers,1.0,1.0,1080,1920
train,13_1_0822,Right Hand Tool,Scalpel,1.0,1.0,1080,1920
train,11_1_0500,Left Hand Tool,Retractor,1.0,1.0,1080,1920
train,06_1_1170,Right Hand Tool,Needle Holders,0.9967,0.9875,1080,1920
train,11_1_0685,Right Hand Tool,Gauze,1.0,0.7004,1080,1920
train,11_1_0830,Right Hand Tool,Scissors,1.0,0.9593,1080,1920
train,08_1_0639,Left Hand Tool,Suction Cannula,1.0,0.6883,1080,1920
train,13_1_0940,Right Hand Tool,Scalpel,1.0,1.0,1080,1920
train,01_1_0427,Left Hand Tool,Tweezers,0.9967,0.6058,1080,1920
train,06_1_0911,Right Hand Tool,Scissors,0.9937,0.6476,1080,1920
train,13_1_0743,Right Hand Tool,Needle Holders,1.0,1.0,1080,1920
train,01_1_0822,Left Hand Tool,Tweezers,1.0,1.0,1080,1920
train,06_1_1297,Right Hand Tool,Needle Holders,0.9918,0.8257,1080,1920
train,13_1_0951,Right Hand Tool,Electric Cautery,1.0,1.0,1080,1920
train,13_1_0215,Right Hand Tool,Needle Holders,1.0,0.9569,1080,1920
train,15_1_0359,Right Hand Tool,Scalpel,0.9992,0.9992,1080,1920
train,02_1_0291,Right Hand Tool,Syringe,0.9998,0.9902,1080,1920
train,13_1_0637,Right Hand Tool,Scalpel,0.175,0.175,1080,1920
train,01_1_0377,Right Hand Tool,Scissors,0.9818,0.9499,1080,1920
train,06_1_1166,Left Hand Tool,Tweezers,1.0,0.8442,1080,1920
train,01_1_0574,Left Hand Tool,Gauze,1.0,0.7332,1080,1920
train,02_1_0768,Right Hand Tool,Gauze,1.0,1.0,1080,1920
train,06_1_0929,Left Hand Tool,Tweezers,0.9997,0.9992,1080,1920
train,15_1_0561,Right Hand Tool,Raspatory,0.9991,0.9977,1080,1920
train,13_1_0983,Left Hand Tool,Tweezers,1.0,1.0,1080,1920
train,11_1_1194,Right Hand Tool,Needle Holders,1.0,1.0,1080,1920
train,13_1_0134,Left Hand Tool,Gauze,1.0,0.9919,1080,1920
train,08_1_0396,Left Hand Tool,Tweezers,0.9999,0.9043,1080,1920
train,13_1_0433,Right Hand Tool,Scalpel,1.0,1.0,1080,1920
train,02_1_0377,Left Hand Tool,Gauze,1.0,0.9074,1080,1920
train,13_1_0831,Left Hand Tool,Tweezers,0.0226,0.0226,1080,1920
train,13_1_0861,Left Hand Tool,Tweezers,1.0,1.0,1080,1920
train,13_1_0742,Right Hand Tool,Needle Holders,1.0,1.0,1080,1920
train,08_1_1633,Right Hand Tool,Needle Holders,1.0,0.0324,1080,1920
train,13_1_1106,Left Hand Tool,Tweezers,0.048,0.048,1080,1920
train,01_1_1084,Right Hand Tool,Needle Holders,0.958,0.958,1080,1920
train,08_1_0755,Left Hand Tool,Suction Cannula,0.9952,0.7069,1080,1920
train,15_1_0398,Left Hand Tool,Suction Cannula,1.0,1.0,1080,1920
train,08_1_0425,Left Hand Tool,Tweezers,0.6089,0.6058,1080,1920
train,13_1_0489,Left Hand Tool,Tweezers,1.0,1.0,1080,1920
train,13_1_0788,Left Hand Tool,Tweezers,1.0,1.0,1080,1920
train,15_1_0412,Left Hand Tool,Tweezers,1.0,1.0,1080,1920
train,15_1_0428,Right Hand Tool,Raspatory,1.0,1.0,1080,1920
train,06_1_0774,Left Hand Tool,Tweezers,0.9274,0.8035,1080,1920
train,13_1_0531,Right Hand Tool,Needle Holders,1.0,1.0,1080,1920
train,15_1_0371,Right Hand Tool,Scalpel,1.0,0.9999,1080,1920
train,01_1_0571,Right Hand Tool,Bipolar Forceps,0.9989,0.9841,1080,1920
train,08_1_0435,Left Hand Tool,Suction Cannula,0.9366,0.5364,1080,1920
train,01_1_0503,Left Hand Tool,Gauze,1.0,1.0,1080,1920
train,08_1_1470,Right Hand Tool,Needle Holders,0.9984,0.9984,1080,1920
train,11_1_0871,Right Hand Tool,Scissors,1.0,1.0,1080,1920
train,13_1_0828,Right Hand Tool,Scalpel,1.0,1.0,1080,1920
train,13_1_0353,Right Hand Tool,Electric Cautery,1.0,1.0,1080,1920
train,01_1_1195,Right Hand Tool,Needle Holders,0.9944,0.9944,1080,1920
train,06_1_0532,Right Hand Tool,Scissors,0.972,0.7051,1080,1920
train,08_1_1105,Left Hand Tool,Suction Cannula,0.9919,0.9206,1080,1920
train,08_1_1484,Left Hand Tool,Needle Holders,1.0,0.9019,1080,1920
train,02_1_0762,Two Hands Tool,Tweezers,1.0,0.9989,1080,1920
train,01_1_0259,Right Hand Tool,Syringe,1.0,1.0,1080,1920
train,06_1_1211,Right Hand Tool,Needle Holders,0.9951,0.7408,1080,1920
train,08_1_0784,Right Hand Tool,Scissors,0.9973,0.8459,1080,1920
train,12_1_0518,Left Hand Tool,Tweezers,1.0,1.0,1080,1920
train,01_1_0474,Left Hand Tool,Tweezers,0.9982,0.8222,1080,1920
train,11_1_1163,Right Hand Tool,Scissors,1.0,0.9971,1080,1920
train,02_1_0524,Left Hand Tool,Tweezers,0.9925,0.9925,1080,1920
train,11_1_0367,Two Hands Tool,Scalpel,1.0,1.0,1080,1920
train,13_1_0299,Right Hand Tool,Bipolar Forceps,1.0,0.9184,1080,1920
train,13_1_0981,Right Hand Tool,Needle Holders,1.0,0.9554,1080,1920
train,06_1_0425,Left Hand Tool,Tweezers,0.9971,0.9898,1080,1920
train,08_1_1607,Left Hand Tool,Tweezers,0.9978,0.6476,1080,1920
train,06_1_1194,Right Hand Tool,Needle Holders,0.9273,0.7718,1080,1920
train,01_1_1071,Left Hand Tool,Tweezers,1.0,1.0,1080,1920
train,01_1_0246,Right Hand Tool,Syringe,1.0,1.0,1080,1920
train,06_1_0856,Right Hand Tool,Scissors,0.9983,0.9983,1080,1920
train,08_1_1334,Right Hand Tool,Needle Holders,1.0,0.6674,1080,1920
train,06_1_1448,Left Hand Tool,Suction Cannula,1.0,0.9494,1080,1920
train,13_1_0724,Left Hand Tool,Tweezers,1.0,1.0,1080,1920
train,13_1_0861,Left Hand Tool,Tweezers,0.0332,0.0332,1080,1920
train,08_1_1378,Left Hand Tool,Forceps,0.9605,0.754,1080,1920
train,11_1_1220,Right Hand Tool,Needle Holders,1.0,1.0,1080,1920
train,01_1_1250,Left Hand Tool,Tweezers,0.9859,0.9859,1080,1920
train,11_1_1044,Right Hand Tool,Needle Holders,1.0,1.0,1080,1920
train,11_1_1050,Right Hand Tool,Needle Holders,1.0,1.0,1080,1920
train,15_1_0304,Right Hand Tool,Scissors,0.895,0.895,1080,1920
train,11_1_0706,Right Hand Tool,Gauze,1.0,0.4328,1080,1920
train,01_1_0310,Left Hand Tool,Gauze,0.9993,0.9993,1080,1920
train,11_1_0864,Left Hand Tool,Tweezers,1.0,1.0,1080,1920
train,12_1_0391,Left Hand Tool,Tweezers,1.0,1.0,1080,1920
train,01_1_0439,Right Hand Tool,Scissors,0.9865,0.9783,1080,1920
train,11_1_0487,Right Hand Tool,Scissors,1.0,1.0,1080,1920
train,13_1_0805,Right Hand Tool,Tweezers,0.4201,0.3974,1080,1920
train,01_1_0327,Left Hand Tool,Gauze,1.0,0.9209,1080,1920
train,11_1_0397,Right Hand Tool,Gauze,1.0,0.0524,1080,1920
train,13_1_0392,Right Hand Tool,Tweezers,0.0,0.0,1080,1920
train,06_1_1062,Left Hand Tool,Tweezers,1.0,0.857,1080,1920
train,08_1_1104,Left Hand Tool,Suction Cannula,0.9447,0.8688,1080,1920
train,11_1_0664,Left Hand Tool,Tweezers,1.0,0.9517,1080,1920
train,13_1_0729,Left Hand Tool,Needle Holders,0.0,0.0,1080,1920
train,11_1_0765,Right Hand Tool,Scissors,1.0,0.9021,1080,1920
train,01_1_1186,Right Hand Tool,Needle Holders,0.9979,0.9979,1080,1920
train,08_1_1201,Right Hand Tool,Scissors,1.0,0.2768,1080,1920
train,01_1_0306,Right Hand Tool,Scalpel,1.0,1.0,1080,1920
train,02_1_0731,Right Hand Tool,Gauze,0.9997,0.9997,1080,1920
train,11_1_1119,Right Hand Tool,Needle Holders,1.0,1.0,1080,1920
train,01_1_1060,Right Hand Tool,Needle Holders,1.0,1.0,1080,1920
train,13_1_0912,Right Hand Tool,Scalpel,1.0,1.0,1080,1920
train,13_1_1025,Right Hand Tool,Needle Holders,1.0,1.0,1080,1920
train,11_1_0636,Left Hand Tool,Tweezers,1.0,1.0,1080,1920
train,08_1_0714,Left Hand Tool,Tweezers,1.0,0.7827,1080,1920
train,06_1_1455,Right Hand Tool,Bipolar Forceps,0.9926,0.972,1080,1920
train,08_1_1036,Right Hand Tool,Scalpel,0.9993,0.4392,1080,1920
train,06_1_1123,Right Hand Tool,Scissors,0.9311,0.034,1080,1920
train,11_1_0608,Right Hand Tool,Scissors,1.0,0.9959,1080,1920
train,15_1_0268,Left Hand Tool,Tweezers,0.9994,0.9994,1080,1920
train,01_1_1244,Left Hand Tool,Tweezers,1.0,1.0,1080,1920
train,11_1_1079,Left Hand Tool,Tweezers,1.0,1.0,1080,1920
train,01_1_1125,Right Hand Tool,Needle Holders,0.9985,0.9985,1080,1920
train,01_1_1019,Left Hand Tool,Tweezers,0.8532,0.8532,1080,1920
train,01_1_0551,Left Hand Tool,Gauze,1.0,0.8353,1080,1920
train,13_1_0705,Left Hand Tool,Tweezers,1.0,1.0,1080,1920
train,06_1_0587,Left Hand Tool,Suction Cannula,0.9995,0.883,1080,1920
train,12_1_0087,Left Hand Tool,Suction Cannula,1.0,0.9736,1080,1920
train,06_1_0633,Left Hand Tool,Tweezers,1.0,0.9584,1080,1920
train,01_1_1199,Right Hand Tool,Needle Holders,0.9987,0.9987,1080,1920
train,11_1_1042,Right Hand Tool,Needle Holders,1.0,1.0,1080,1920
train,08_1_0409,Two Hands Tool,Gauze,0.995,0.294,1080,1920
train,06_1_0928,Right Hand Tool,Raspatory,0.9977,0.9977,1080,1920
train,13_1_1066,Right Hand Tool,Needle Holders,0.0,0.0,1080,1920
train,13_1_0476,Right Hand Tool,Scissors,1.0,1.0,1080,1920
train,13_1_0202,Right Hand Tool,Electric Cautery,1.0,0.9481,1080,1920
train,06_1_0978,Right Hand Tool,Scissors,0.996,0.4255,1080,1920
train,13_1_1085,Right Hand Tool,Needle Holders,1.0,1.0,1080,1920
train,11_1_0634,Left Hand Tool,Tweezers,1.0,1.0,1080,1920
train,13_1_0742,Left Hand Tool,Tweezers,1.0,1.0,1080,1920
train,06_1_1419,Left Hand Tool,Suction Cannula,0.9992,0.962,1080,1920
train,11_1_1105,Right Hand Tool,Needle Holders,1.0,1.0,1080,1920
train,11_1_0649,Right Hand Tool,Bipolar Forceps,1.0,0.7687,1080,1920
train,11_1_0409,Left Hand Tool,Tweezers,1.0,1.0,1080,1920
train,13_1_1092,Left Hand Tool,Needle Holders,0.0,0.0,1080,1920
train,13_1_0284,Left Hand Tool,Tweezers,1.0,1.0,1080,1920
train,11_1_1151,Left Hand Tool,Tweezers,1.0,0.5381,1080,1920
train,13_1_1120,Right Hand Tool,Needle Holders,1.0,1.0,1080,1920
train,06_1_1221,Left Hand Tool,Raspatory,0.6005,0.5688,1080,1920
train,08_1_1419,Right Hand Tool,Needle Holders,1.0,0.8285,1080,1920
train,13_1_0315,Right Hand Tool,Tweezers,0.0,0.0,1080,1920
train,06_1_0876,Left Hand Tool,Gauze,0.9868,0.9868,1080,1920
train,08_1_1467,Right Hand Tool,Needle Holders,0.8949,0.8343,1080,1920
train,12_1_0204,Left Hand Tool,Suction Cannula,1.0,0.1683,1080,1920
train,06_1_1477,Right Hand Tool,Bipolar Forceps,0.9872,0.7915,1080,1920
train,02_1_0420,Right Hand Tool,Scissors,0.9775,0.6888,1080,1920
train,12_1_0388,Left Hand Tool,Tweezers,1.0,1.0,1080,1920
train,11_1_0839,Right Hand Tool,Suction Cannula,1.0,1.0,1080,1920
train,13_1_1102,Left Hand Tool,Tweezers,1.0,0.9628,1080,1920
train,02_1_0476,Right Hand Tool,Scissors,0.9904,0.657,1080,1920
train,08_1_0832,Right Hand Tool,Scissors,1.0,0.8269,1080,1920
train,13_1_1037,Right Hand Tool,Needle Holders,1.0,0.8781,1080,1920
train,13_1_0697,Left Hand Tool,Tweezers,1.0,1.0,1080,1920
train,13_1_0442,Left Hand Tool,Tweezers,1.0,1.0,1080,1920
train,06_1_1437,Right Hand Tool,Bipolar Forceps,0.9535,0.875,1080,1920
train,06_1_0547,Left Hand Tool,Suction Cannula,0.9705,0.9705,1080,1920
train,13_1_0829,Left Hand Tool,Scalpel,0.8333,0.8333,1080,1920
train,02_1_0408,Right Hand Tool,Scissors,1.0,0.0355,1080,1920
train,12_1_0397,Left Hand Tool,Tweezers,1.0,1.0,1080,1920
train,11_1_0584,Left Hand Tool,Tweezers,1.0,0.0916,1080,1920
train,11_1_1190,Left Hand Tool,Tweezers,1.0,1.0,1080,1920
train,15_1_0425,Left Hand Tool,Tweezers,1.0,1.0,1080,1920
train,02_1_0437,Right Hand Tool,Scissors,0.9818,0.6082,1080,1920
train,06_1_0578,Left Hand Tool,Suction Cannula,1.0,1.0,1080,1920
train,12_1_0437,Right Hand Tool,Suction Cannula,1.0,1.0,1080,1920
train,13_1_1064,Right Hand Tool,Needle Holders,0.0,0.0,1080,1920
train,01_1_0874,Right Hand Tool,Needle Holders,0.9684,0.9684,1080,1920
train,08_1_1165,Right Hand Tool,Raspatory,1.0,0.0971,1080,1920
train,13_1_0802,Left Hand Tool,Needle Holders,0.0,0.0,1080,1920
train,13_1_1031,Left Hand Tool,Tweezers,0.0847,0.0847,1080,1920
train,02_1_0415,Right Hand Tool,Gauze,0.9983,0.7661,1080,1920
train,13_1_0606,Right Hand Tool,Tweezers,0.0,0.0,1080,1920
train,08_1_0346,Right Hand Tool,Scalpel,0.9972,0.9972,1080,1920
train,13_1_1008,Left Hand Tool,Tweezers,1.0,1.0,1080,1920
train,08_1_0667,Right Hand Tool,Scalpel,1.0,0.2351,1080,1920
train,01_1_0434,Right Hand Tool,Scissors,0.9962,0.9962,1080,1920
train,15_1_0509,Right Hand Tool,Raspatory,0.9992,0.998,1080,1920
train,15_1_0571,Right Hand Tool,Raspatory,1.0,0.9875,1080,1920
train,01_1_0961,Right Hand Tool,Tweezers,0.9999,0.9999,1080,1920
train,15_1_0349,Left Hand Tool,Tweezers,0.9938,0.9938,1080,1920
train,11_1_1068,Right Hand Tool,Needle Holders,1.0,1.0,1080,1920
train,15_1_0286,Left Hand Tool,Tweezers,0.9974,0.9951,1080,1920
train,12_1_0097,Left Hand Tool,Suction Cannula,1.0,1.0,1080,1920
train,06_1_0363,Two Hands Tool,Scalpel,0.9989,0.9002,1080,1920
train,08_1_1034,Left Hand Tool,Suction Cannula,0.5661,0.2943,1080,1920
train,08_1_1131,Left Hand Tool,Suction Cannula,0.8728,0.5969,1080,1920
train,06_1_1415,Left Hand Tool,Suction Cannula,0.8278,0.8278,1080,1920
train,08_1_0534,Left Hand Tool,Suction Cannula,0.9995,0.4539,1080,1920
train,13_1_0752,Right Hand Tool,Gauze,0.2328,0.14,1080,1920
train,08_1_0833,Right Hand Tool,Scissors,0.9919,0.5846,1080,1920
train,13_1_1175,Left Hand Tool,Tweezers,0.8743,0.8743,1080,1920
train,11_1_0325,Two Hands Tool,Syringe,1.0,1.0,1080,1920
train,01_1_1216,Left Hand Tool,Tweezers,1.0,1.0,1080,1920
train,01_1_0921,Left Hand Tool,Tweezers,1.0,1.0,1080,1920
train,01_1_1220,Left Hand Tool,Tweezers,0.9818,0.9818,1080,1920
train,06_1_0462,Right Hand Tool,Scalpel,1.0,0.9474,1080,1920
train,06_1_1012,Right Hand Tool,Scissors,0.9902,0.8467,1080,1920
train,15_1_0592,Right Hand Tool,Raspatory,0.9986,0.9986,1080,1920
train,11_1_0426,Right Hand Tool,Scissors,1.0,1.0,1080,1920
train,06_1_0580,Left Hand Tool,Suction Cannula,0.9963,0.829,1080,1920
train,11_1_0488,Left Hand Tool,Retractor,1.0,1.0,1080,1920
train,08_1_1084,Right Hand Tool,Mouth Gag,1.0,0.0018,1080,1920
train,13_1_1067,Left Hand Tool,Needle Holders,0.0,0.0,1080,1920
train,06_1_1187,Right Hand Tool,Needle Holders,0.9809,0.9809,1080,1920
train,11_1_0549,Left Hand Tool,Tweezers,1.0,1.0,1080,1920
train,08_1_1426,Right Hand Tool,Needle Holders,0.9986,0.9986,1080,1920
train,06_1_1220,Left Hand Tool,Tweezers,0.9281,0.9281,1080,1920
train,11_1_0438,Right Hand Tool,Gauze,1.0,0.7053,1080,1920
train,13_1_0472,Left Hand Tool,Tweezers,1.0,1.0,1080,1920
train,06_1_0518,Left Hand Tool,Suction Cannula,1.0,0.9851,1080,1920
train,01_1_0896,Right Hand Tool,Needle Holders,0.9999,0.9999,1080,1920
train,06_1_1427,Right Hand Tool,Scissors,0.986,0.8649,1080,1920
train,15_1_0507,Right Hand Tool,Scalpel,0.9962,0.7126,1080,1920
train,06_1_1134,Right Hand Tool,Scissors,0.9951,0.9951,1080,1920
train,13_1_0740,Right Hand Tool,Needle Holders,0.8517,0.8517,1080,1920
train,02_1_0366,Right Hand Tool,Scalpel,0.9924,0.6087,1080,1920
train,11_1_1164,Right Hand Tool,Scissors,1.0,0.9958,1080,1920
train,13_1_0804,Left Hand Tool,Tweezers,0.0971,0.0971,1080,1920
train,08_1_1273,Right Hand Tool,Needle Holders,0.9976,0.2456,1080,1920
train,06_1_1474,Right Hand Tool,Bipolar Forceps,0.9194,0.5562,1080,1920
train,01_1_1056,Left Hand Tool,Tweezers,0.9906,0.9906,1080,1920
train,13_1_0990,Right Hand Tool,Needle Holders,1.0,0.9341,1080,1920
train,12_1_0552,Right Hand Tool,Suction Cannula,1.0,0.8687,1080,1920
train,12_1_0414,Right Hand Tool,Suction Cannula,1.0,0.575,1080,1920
train,11_1_1261,Left Hand Tool,Tweezers,1.0,1.0,1080,1920
train,12_1_0550,Left Hand Tool,Forceps,1.0,0.2574,1080,1920
train,08_1_0501,Left Hand Tool,Suction Cannula,1.0,0.2907,1080,1920
train,01_1_1245,Right Hand Tool,Needle Holders,0.981,0.9762,1080,1920
train,15_1_0659,Left Hand Tool,Tweezers,0.9996,0.9974,1080,1920
train,13_1_0867,Right Hand Tool,Needle Holders,1.0,1.0,1080,1920
train,15_1_0330,Left Hand Tool,Tweezers,1.0,1.0,1080,1920
train,15_1_0481,Two Hands Tool,Scalpel,1.0,1.0,1080,1920
train,01_1_0958,Right Hand Tool,Tweezers,1.0,1.0,1080,1920
train,06_1_1279,Left Hand Tool,Raspatory,0.9967,0.9967,1080,1920
train,01_1_0781,Left Hand Tool,Gauze,0.9462,0.7411,1080,1920
train,06_1_0835,Left Hand Tool,Tweezers,1.0,1.0,1080,1920
train,13_1_0914,Left Hand Tool,Tweezers,0.195,0.195,1080,1920
train,01_1_1072,Left Hand Tool,Tweezers,0.9948,0.9948,1080,1920
train,13_1_1175,Left Hand Tool,Tweezers,1.0,1.0,1080,1920
train,02_1_0606,Left Hand Tool,Tweezers,0.9967,0.9967,1080,1920
train,06_1_0375,Left Hand Tool,Suction Cannula,0.8392,0.307,1080,1920
train,06_1_0679,Right Hand Tool,Scissors,0.9913,0.9861,1080,1920
train,15_1_0334,Right Hand Tool,Scalpel,1.0,1.0,1080,1920
train,13_1_0530,Two Hands Tool,Needle Holders,1.0,1.0,1080,1920
train,08_1_1090,Left Hand Tool,Suction Cannula,0.9923,0.9332,1080,1920
train,13_1_0800,Right Hand Tool,Needle Holders,0.0,0.0,1080,1920
train,06_1_0890,Right Hand Tool,Scissors,0.9734,0.7135,1080,1920
train,12_1_0456,Left Hand Tool,Suction Cannula,1.0,1.0,1080,1920
train,12_1_0543,Right Hand Tool,Forceps,1.0,0.416,1080,1920
train,13_1_0741,Left Hand Tool,Tweezers,0.377,0.377,1080,1920
train,02_1_0310,Two Hands Tool,Syringe,1.0,1.0,1080,1920
train,06_1_0891,Left Hand Tool,Tweezers,0.9901,0.9901,1080,1920
train,13_1_0196,Right Hand Tool,Electric Cautery,1.0,0.7484,1080,1920
train,06_1_0881,Right Hand Tool,Suction Cannula,0.9681,0.5853,1080,1920
train,08_1_0681,Left Hand Tool,Mouth Gag,0.9883,0.0105,1080,1920
train,06_1_1328,Right Hand Tool,Needle Holders,0.9999,0.7036,1080,1920
train,01_1_0541,Right Hand Tool,Scissors,0.9134,0.8927,1080,1920
train,13_1_1089,Left Hand Tool,Needle Holders,0.0,0.0,1080,1920
train,11_1_0716,Right Hand Tool,Scissors,1.0,0.7809,1080,1920
train,11_1_0371,Two Hands Tool,Scalpel,1.0,1.0,1080,1920
train,13_1_0858,Left Hand Tool,Tweezers,1.0,1.0,1080,1920
train,15_1_0445,Left Hand Tool,Tweezers,1.0,1.0,1080,1920
train,08_1_0553,Right Hand Tool,Mouth Gag,0.9922,0.0097,1080,1920
train,08_1_0374,Right Hand Tool,Bipolar Forceps,0.9865,0.8785,1080,1920
train,06_1_1123,Left Hand Tool,Tweezers,0.9983,0.8312,1080,1920
train,01_1_0413,Right Hand Tool,Bipolar Forceps,0.9562,0.741,1080,1920
train,01_1_0645,Right Hand Tool,Bipolar Forceps,0.9996,0.9948,1080,1920
train,13_1_0984,Right Hand Tool,Needle Holders,1.0,0.9977,1080,1920
train,01_1_1014,Right Hand Tool,Needle Holders,0.9604,0.9604,1080,1920
train,13_1_0331,Left Hand Tool,Gauze,0.7371,0.7309,1080,1920
train,06_1_0574,Right Hand Tool,Raspatory,0.9444,0.8721,1080,1920
train,06_1_0585,Left Hand Tool,Suction Cannula,0.9532,0.9532,1080,1920
train,06_1_0612,Left Hand Tool,Suction Cannula,0.9879,0.8687,1080,1920
train,08_1_0555,Right Hand Tool,Raspatory,0.9967,0.0,1080,1920
train,13_1_0249,Right Hand Tool,Scalpel,1.0,1.0,1080,1920
train,01_1_0629,Left Hand Tool,Tweezers,1.0,0.579,1080,1920
train,08_1_0495,Left Hand Tool,Suction Cannula,0.9908,0.4267,1080,1920
train,12_1_1172,Right Hand Tool,Suction Cannula,1.0,1.0,1080,1920
train,13_1_1124,Right Hand Tool,Needle Holders,1.0,1.0,1080,1920
train,15_1_0656,Left Hand Tool,Tweezers,1.0,0.997,1080,1920
train,02_1_0458,Right Hand Tool,Gauze,0.9965,0.9053,1080,1920
train,11_1_0890,Right Hand Tool,Bipolar Forceps,1.0,0.7397,1080,1920
train,01_1_1114,Left Hand Tool,Tweezers,1.0,1.0,1080,1920
train,06_1_1388,Right Hand Tool,Scissors,0.891,0.8553,1080,1920
train,13_1_1161,Two Hands Tool,Tweezers,0.569,0.2688,1080,1920
train,06_1_0865,Right Hand Tool,Mouth Gag,1.0,0.0377,1080,1920
train,13_1_0948,Left Hand Tool,Tweezers,1.0,0.9752,1080,1920
train,02_1_0381,Left Hand Tool,Gauze,0.9998,0.8839,1080,1920
train,01_1_1147,Left Hand Tool,Tweezers,0.9803,0.976,1080,1920
train,06_1_0366,Left Hand Tool,Suction Cannula,0.8418,0.4086,1080,1920
train,11_1_1248,Right Hand Tool,Needle Holders,1.0,1.0,1080,1920
train,02_1_0603,Right Hand Tool,Needle Holders,0.9835,0.8898,1080,1920
train,11_1_0494,Left Hand Tool,Retractor,1.0,1.0,1080,1920
train,06_1_1217,Right Hand Tool,Needle Holders,0.9933,0.6765,1080,1920
train,08_1_0545,Left Hand Tool,Suction Cannula,1.0,0.4191,1080,1920
train,06_1_1277,Left Hand Tool,Tweezers,0.9952,0.8244,1080,1920
train,15_1_0181,Right Hand Tool,Syringe,1.0,1.0,1080,1920
train,01_1_1022,Left Hand Tool,Tweezers,0.9889,0.9889,1080,1920
train,06_1_0526,Left Hand Tool,Suction Cannula,0.9817,0.9817,1080,1920
train,11_1_0731,Right Hand Tool,Scissors,1.0,0.8955,1080,1920
train,01_1_0844,Left Hand Tool,Tweezers,0.9926,0.9926,1080,1920
train,01_1_1213,Two Hands Tool,Needle Holders,0.997,0.997,1080,1920
train,13_1_0695,Left Hand Tool,Tweezers,1.0,1.0,1080,1920
train,06_1_1030,Two Hands Tool,Tweezers,0.9923,0.8902,1080,1920
train,12_1_1315,Right Hand Tool,Suction Cannula,1.0,1.0,1080,1920
train,13_1_0132,Left Hand Tool,Gauze,1.0,0.8933,1080,1920
train,08_1_1252,Left Hand Tool,Tweezers,0.9997,0.7403,1080,1920
train,13_1_0338,Right Hand Tool,Electric Cautery,1.0,1.0,1080,1920
train,01_1_0513,Left Hand Tool,Tweezers,0.9959,0.9959,1080,1920
train,02_1_0467,Right Hand Tool,Scissors,1.0,0.6861,1080,1920
train,13_1_0524,Left Hand Tool,Tweezers,1.0,1.0,1080,1920
train,06_1_1016,Left Hand Tool,Tweezers,0.9985,0.8289,1080,1920
train,01_1_0541,Left Hand Tool,Tweezers,1.0,0.8657,1080,1920
train,11_1_1107,Left Hand Tool,Tweezers,1.0,1.0,1080,1920
train,06_1_0501,Right Hand Tool,Scissors,1.0,0.7337,1080,1920
train,06_1_0531,Left Hand Tool,Suction Cannula,0.9852,0.9781,1080,1920
train,15_1_0584,Left Hand Tool,Tweezers,1.0,1.0,1080,1920
train,01_1_0880,Right Hand Tool,Needle Holders,0.9987,0.9987,1080,1920
train,11_1_0597,Left Hand Tool,Tweezers,1.0,1.0,1080,1920
train,08_1_0412,Left Hand Tool,Tweezers,1.0,0.7727,1080,1920
train,13_1_0316,Left Hand Tool,Gauze,0.1374,0.0858,1080,1920
train,08_1_0864,Right Hand Tool,Scissors,1.0,0.5531,1080,1920
train,11_1_1249,Right Hand Tool,Needle Holders,1.0,1.0,1080,1920
train,08_1_0519,Right Hand Tool,Raspatory,0.9972,0.9972,1080,1920
train,01_1_0303,Left Hand Tool,Gauze,0.996,0.996,1080,1920
train,13_1_0220,Left Hand Tool,Tweezers,1.0,1.0,1080,1920
train,12_1_1182,Two Hands Tool,Suction Cannula,1.0,1.0,1080,1920
train,11_1_0406,Right Hand Tool,Gauze,1.0,0.9624,1080,1920
train,11_1_0753,Left Hand Tool,Tweezers,1.0,1.0,1080,1920
train,15_1_0529,Left Hand Tool,Tweezers,1.0,1.0,1080,1920
train,02_1_0709,Right Hand Tool,Needle Holders,0.9992,0.9935,1080,1920
train,13_1_0436,Left Hand Tool,Tweezers,1.0,1.0,1080,1920
train,06_1_1438,Left Hand Tool,Suction Cannula,0.9782,0.7019,1080,1920
train,06_1_0757,Left Hand Tool,Tweezers,1.0,1.0,1080,1920
train,08_1_1368,Right Hand Tool,Needle Holders,0.998,0.3799,1080,1920
train,12_1_0277,Left Hand Tool,Suction Cannula,1.0,0.9788,1080,1920
train,02_1_0417,Left Hand Tool,Tweezers,0.9936,0.9918,1080,1920
train,13_1_0975,Right Hand Tool,Needle Holders,0.0,0.0,1080,1920
train,13_1_1084,Right Hand Tool,Needle Holders,1.0,1.0,1080,1920
train,01_1_0859,Right Hand Tool,Needle Holders,0.9949,0.9936,1080,1920
train,06_1_0421,Right Hand Tool,Scissors,0.9995,0.7173,1080,1920
train,06_1_1270,Right Hand Tool,Needle Holders,0.9994,0.5218,1080,1920
train,15_1_0361,Left Hand Tool,Tweezers,1.0,1.0,1080,1920
train,12_1_0680,Right Hand Tool,Suction Cannula,1.0,0.3066,1080,1920
train,12_1_0420,Left Hand Tool,Tweezers,1.0,0.9386,1080,1920
train,08_1_0589,Left Hand Tool,Mouth Gag,0.9873,0.0134,1080,1920
train,06_1_1316,Right Hand Tool,Needle Holders,0.9997,0.1852,1080,1920
train,01_1_1018,Right Hand Tool,Needle Holders,1.0,1.0,1080,1920
train,01_1_1253,Right Hand Tool,Needle Holders,0.9814,0.9756,1080,1920
train,15_1_0325,Left Hand Tool,Tweezers,1.0,1.0,1080,1920
train,12_1_0628,Right Hand Tool,Suction Cannula,1.0,0.0129,1080,1920
train,15_1_0652,Right Hand Tool,Raspatory,0.9983,0.8886,1080,1920
train,01_1_1183,Right Hand Tool,Needle Holders,0.9983,0.9983,1080,1920
train,01_1_0979,Right Hand Tool,Needle Holders,0.9982,0.9982,1080,1920
train,06_1_1274,Left Hand Tool,Tweezers,0.9647,0.9647,1080,1920
train,06_1_0508,Left Hand Tool,Suction Cannula,0.981,0.981,1080,1920
train,13_1_0906,Left Hand Tool,Tweezers,1.0,1.0,1080,1920
train,13_1_1074,Right Hand Tool,Needle Holders,1.0,1.0,1080,1920
train,01_1_1215,Two Hands Tool,Tweezers,0.9553,0.9553,1080,1920
train,06_1_0570,Left Hand Tool,Suction Cannula,0.9681,0.721,1080,1920
train,13_1_0815,Right Hand Tool,Scalpel,0.4598,0.4598,1080,1920
train,06_1_0658,Left Hand Tool,Tweezers,0.9305,0.8906,1080,1920
train,01_1_0726,Left Hand Tool,Tweezers,0.9991,0.9991,1080,1920
train,12_1_0511,Two Hands Tool,Suction Cannula,1.0,0.9051,1080,1920
train,06_1_1051,Left Hand Tool,Tweezers,1.0,0.8128,1080,1920
train,02_1_0445,Left Hand Tool,Tweezers,0.9622,0.938,1080,1920
train,13_1_0631,Left Hand Tool,Tweezers,1.0,1.0,1080,1920
train,13_1_1176,Left Hand Tool,Needle Holders,0.0,0.0,1080,1920
train,01_1_0899,Right Hand Tool,Needle Holders,0.999,0.999,1080,1920
train,06_1_0553,Right Hand Tool,Raspatory,0.9953,0.9269,1080,1920
train,13_1_0918,Left Hand Tool,Tweezers,0.245,0.245,1080,1920
train,11_1_1082,Right Hand Tool,Needle Holders,1.0,1.0,1080,1920
train,11_1_1273,Right Hand Tool,Needle Holders,1.0,1.0,1080,1920
train,13_1_0522,Right Hand Tool,Needle Holders,1.0,0.934,1080,1920
train,08_1_1531,Right Hand Tool,Scissors,0.9988,0.3323,1080,1920
train,06_1_0539,Left Hand Tool,Suction Cannula,1.0,0.9777,1080,1920
train,15_1_0308,Right Hand Tool,Scissors,0.9697,0.8748,1080,1920
train,02_1_0741,Left Hand Tool,Tweezers,0.9938,0.944,1080,1920
train,06_1_1255,Right Hand Tool,Needle Holders,1.0,0.5749,1080,1920
train,06_1_1313,Right Hand Tool,Needle Holders,0.9993,0.9908,1080,1920
train,13_1_0798,Left Hand Tool,Needle Holders,0.0,0.0,1080,1920
train,08_1_1403,Left Hand Tool,Needle Holders,1.0,0.9983,1080,1920
train,13_1_0951,Left Hand Tool,Tweezers,0.1187,0.1187,1080,1920
train,01_1_0720,Right Hand Tool,Scalpel,0.9705,0.9705,1080,1920
train,01_1_0863,Left Hand Tool,Tweezers,0.9884,0.9884,1080,1920
train,08_1_0510,Right Hand Tool,Scissors,0.9944,0.7815,1080,1920
train,13_1_0793,Left Hand Tool,Tweezers,0.0325,0.0325,1080,1920
train,13_1_1140,Right Hand Tool,Needle Holders,1.0,1.0,1080,1920
train,13_1_0408,Right Hand Tool,Needle Holders,1.0,0.992,1080,1920
train,13_1_0831,Left Hand Tool,Tweezers,1.0,1.0,1080,1920
train,06_1_0611,Left Hand Tool,Suction Cannula,0.9907,0.9085,1080,1920
train,02_1_0457,Left Hand Tool,Tweezers,0.95,0.8887,1080,1920
train,01_1_0627,Right Hand Tool,Needle Holders,0.9959,0.9959,1080,1920
train,08_1_1375,Right Hand Tool,Needle Holders,0.964,0.5952,1080,1920
train,06_1_1407,Right Hand Tool,Scissors,0.9857,0.74,1080,1920
train,08_1_0582,Left Hand Tool,Tweezers,0.994,0.994,1080,1920
train,15_1_0581,Right Hand Tool,Raspatory,1.0,0.7727,1080,1920
train,02_1_0293,Two Hands Tool,Syringe,0.9936,0.9936,1080,1920
train,11_1_0648,Right Hand Tool,Bipolar Forceps,1.0,0.9034,1080,1920
train,13_1_0752,Right Hand Tool,Needle Holders,1.0,0.9742,1080,1920
train,15_1_0421,Right Hand Tool,Scalpel,0.9997,0.9646,1080,1920
train,01_1_0329,Left Hand Tool,Gauze,0.9986,0.9986,1080,1920
train,12_1_0830,Left Hand Tool,Gauze,1.0,0.9347,1080,1920
train,13_1_0455,Left Hand Tool,Tweezers,0.0755,0.0755,1080,1920
train,06_1_0776,Right Hand Tool,Raspatory,1.0,0.9921,1080,1920
train,08_1_0418,Left Hand Tool,Tweezers,1.0,0.9326,1080,1920
train,02_1_0636,Right Hand Tool,Gauze,0.99,0.963,1080,1920
train,08_1_1551,Right Hand Tool,Needle Holders,1.0,0.0671,1080,1920
train,12_1_1035,Right Hand Tool,Suction Cannula,1.0,1.0,1080,1920
train,08_1_0729,Right Hand Tool,Mouth Gag,0.9912,0.0025,1080,1920
train,13_1_0757,Left Hand Tool,Gauze,0.0,0.0,1080,1920
train,06_1_0903,Left Hand Tool,Tweezers,0.9273,0.9273,1080,1920
train,15_1_0661,Right Hand Tool,Raspatory,0.999,0.999,1080,1920
train,13_1_0938,Right Hand Tool,Scalpel,0.0308,0.0308,1080,1920
train,12_1_0292,Left Hand Tool,Gauze,1.0,0.9784,1080,1920
train,02_1_0617,Right Hand Tool,Needle Holders,0.9827,0.8963,1080,1920
train,06_1_1384,Right Hand Tool,Scissors,0.9958,0.9151,1080,1920
train,15_1_0412,Right Hand Tool,Scalpel,0.9964,0.9964,1080,1920
train,01_1_1051,Left Hand Tool,Tweezers,1.0,1.0,1080,1920
train,13_1_0384,Left Hand Tool,Tweezers,1.0,1.0,1080,1920
train,13_1_0665,Right Hand Tool,Needle Holders,1.0,1.0,1080,1920
train,15_1_0435,Left Hand Tool,Tweezers,1.0,1.0,1080,1920
train,06_1_0405,Left Hand Tool,Suction Cannula,1.0,1.0,1080,1920
train,13_1_0405,Left Hand Tool,Tweezers,1.0,1.0,1080,1920
train,15_1_0336,Left Hand Tool,Tweezers,0.9988,0.9988,1080,1920
train,01_1_0365,Left Hand Tool,Gauze,1.0,0.36,1080,1920
train,06_1_0753,Right Hand Tool,Scissors,0.8972,0.8404,1080,1920
train,13_1_0693,Left Hand Tool,Tweezers,0.5349,0.5349,1080,1920
train,08_1_0400,Left Hand Tool,Tweezers,0.9973,0.8418,1080,1920
train,11_1_0994,Left Hand Tool,Tweezers,1.0,1.0,1080,1920
train,11_1_1211,Right Hand Tool,Needle Holders,1.0,1.0,1080,1920
train,12_1_0502,Left Hand Tool,Hook,1.0,0.9984,1080,1920
train,13_1_0762,Left Hand Tool,Needle Holders,0.0,0.0,1080,1920
train,06_1_0696,Left Hand Tool,Tweezers,0.9492,0.9492,1080,1920
train,12_1_0171,Right Hand Tool,Scissors,1.0,1.0,1080,1920
train,13_1_1007,Right Hand Tool,Scalpel,1.0,1.0,1080,1920
train,15_1_0173,Right Hand Tool,Syringe,0.9846,0.9819,1080,1920
train,01_1_0401,Left Hand Tool,Tweezers,0.9366,0.4943,1080,1920
train,11_1_0470,Right Hand Tool,Scissors,1.0,1.0,1080,1920
train,08_1_1509,Left Hand Tool,Forceps,1.0,0.1996,1080,1920
train,01_1_1200,Right Hand Tool,Needle Holders,1.0,1.0,1080,1920
train,13_1_1033,Right Hand Tool,Needle Holders,1.0,1.0,1080,1920
train,13_1_0779,Right Hand Tool,Needle Holders,1.0,1.0,1080,1920
train,13_1_0268,Right Hand Tool,Gauze,0.431,0.431,1080,1920
train,01_1_0566,Right Hand Tool,Bipolar Forceps,1.0,0.9983,1080,1920
train,15_1_0174,Right Hand Tool,Syringe,0.9851,0.9803,1080,1920
train,12_1_0276,Left Hand Tool,Suction Cannula,1.0,1.0,1080,1920
train,12_1_0293,Left Hand Tool,Gauze,1.0,0.9943,1080,1920
train,06_1_0360,Two Hands Tool,Scalpel,1.0,0.4694,1080,1920
train,15_1_0607,Left Hand Tool,Tweezers,1.0,1.0,1080,1920
train,02_1_0522,Right Hand Tool,Gauze,0.9978,0.5331,1080,1920
train,11_1_0720,Right Hand Tool,Scissors,1.0,0.7397,1080,1920
train,11_1_0638,Right Hand Tool,Gauze,1.0,1.0,1080,1920
train,15_1_0298,Right Hand Tool,Scissors,0.9644,0.9305,1080,1920
train,13_1_0687,Right Hand Tool,Needle Holders,0.6852,0.6852,1080,1920
train,11_1_0802,Right Hand Tool,Suction Cannula,0.0,0.0,1080,1920
train,11_1_0554,Right Hand Tool,Tweezers,1.0,0.9264,1080,1920
train,06_1_1363,Left Hand Tool,Tweezers,0.9913,0.841,1080,1920
train,08_1_0534,Right Hand Tool,Scissors,1.0,0.1249,1080,1920
train,01_1_0620,Right Hand Tool,Needle Holders,1.0,1.0,1080,1920
train,08_1_1017,Right Hand Tool,Scissors,0.9992,0.8181,1080,1920
train,02_1_0489,Right Hand Tool,Bipolar Forceps,0.9997,0.5674,1080,1920
train,08_1_0553,Left Hand Tool,Suction Cannula,0.9981,0.4663,1080,1920
train,15_1_0381,Right Hand Tool,Scalpel,1.0,1.0,1080,1920
train,13_1_1079,Left Hand Tool,Tweezers,0.0027,0.0027,1080,1920
train,15_1_0292,Right Hand Tool,Scissors,0.9997,0.9968,1080,1920
train,13_1_0665,Left Hand Tool,Tweezers,1.0,1.0,1080,1920
train,01_1_1011,Right Hand Tool,Needle Holders,1.0,1.0,1080,1920
train,08_1_1156,Left Hand Tool,Suction Cannula,1.0,0.6452,1080,1920
train,15_1_0491,Right Hand Tool,Scissors,0.9974,0.9974,1080,1920
train,11_1_0805,Left Hand Tool,Gauze,0.6591,0.6582,1080,1920
train,11_1_1104,Right Hand Tool,Needle Holders,1.0,1.0,1080,1920
train,02_1_0412,Left Hand Tool,Tweezers,1.0,1.0,1080,1920
train,01_1_0770,Left Hand Tool,Tweezers,1.0,0.6081,1080,1920
train,01_1_0962,Left Hand Tool,Tweezers,1.0,1.0,1080,1920
train,12_1_0380,Left Hand Tool,Tweezers,1.0,1.0,1080,1920
train,13_1_1093,Left Hand Tool,Tweezers,1.0,1.0,1080,1920
train,11_1_1147,Left Hand Tool,Tweezers,1.0,1.0,1080,1920
train,11_1_0600,Right Hand Tool,Scissors,1.0,1.0,1080,1920
train,08_1_0595,Left Hand Tool,Tweezers,1.0,0.8678,1080,1920
train,11_1_0741,Left Hand Tool,Tweezers,1.0,1.0,1080,1920
train,08_1_1102,Left Hand Tool,Suction Cannula,0.9941,0.8801,1080,1920
train,08_1_0387,Right Hand Tool,Bipolar Forceps,0.9984,0.583,1080,1920
train,11_1_1147,Right Hand Tool,Needle Holders,1.0,1.0,1080,1920
train,01_1_1211,Left Hand Tool,Tweezers,1.0,1.0,1080,1920
train,11_1_1262,Right Hand Tool,Needle Holders,1.0,1.0,1080,1920
train,15_1_0663,Left Hand Tool,Tweezers,0.9847,0.9741,1080,1920
train,13_1_0856,Right Hand Tool,Needle Holders,1.0,1.0,1080,1920
train,02_1_0504,Right Hand Tool,Bipolar Forceps,1.0,0.6104,1080,1920
train,15_1_0350,Left Hand Tool,Tweezers,0.9999,0.7829,1080,1920
train,01_1_0459,Right Hand Tool,Scissors,0.9489,0.6238,1080,1920
train,01_1_0568,Right Hand Tool,Bipolar Forceps,0.9991,0.9938,1080,1920
train,12_1_0694,Left Hand Tool,Gauze,1.0,0.8765,1080,1920
train,12_1_0387,Left Hand Tool,Tweezers,1.0,1.0,1080,1920
train,02_1_0590,Left Hand Tool,Tweezers,0.9942,0.9942,1080,1920
train,15_1_0389,Left Hand Tool,Suction Cannula,0.9983,0.9983,1080,1920
train,15_1_0629,Right Hand Tool,Raspatory,0.9988,0.9981,1080,1920
train,02_1_0503,Left Hand Tool,Tweezers,1.0,0.9133,1080,1920
train,06_1_0413,Right Hand Tool,Scissors,0.9965,0.9965,1080,1920
train,11_1_1082,Left Hand Tool,Tweezers,1.0,1.0,1080,1920
train,13_1_0298,Right Hand Tool,Gauze,0.0016,0.0016,1080,1920
train,06_1_0829,Right Hand Tool,Raspatory,1.0,0.3493,1080,1920
train,02_1_0588,Right Hand Tool,Needle Holders,1.0,0.8007,1080,1920
train,08_1_1161,Right Hand Tool,Raspatory,0.9933,0.45,1080,1920
train,08_1_0394,Left Hand Tool,Tweezers,0.9951,0.8018,1080,1920
train,01_1_0613,Left Hand Tool,Tweezers,0.9991,0.9991,1080,1920
train,08_1_1382,Left Hand Tool,Forceps,1.0,1.0,1080,1920
train,13_1_0797,Left Hand Tool,Tweezers,1.0,1.0,1080,1920
train,13_1_0839,Left Hand Tool,Tweezers,1.0,0.6625,1080,1920
train,02_1_0494,Left Hand Tool,Tweezers,1.0,0.8471,1080,1920
train,13_1_0440,Left Hand Tool,Scalpel,0.0525,0.0525,1080,1920
train,12_1_0621,Right Hand Tool,Suction Cannula,1.0,0.2197,1080,1920
train,06_1_0630,Left Hand Tool,Tweezers,0.9766,0.9378,1080,1920
train,08_1_0877,Right Hand Tool,Raspatory,0.9978,0.9185,1080,1920
train,13_1_0585,Left Hand Tool,Tweezers,0.2762,0.2762,1080,1920
train,13_1_0261,Right Hand Tool,Gauze,0.0,0.0,1080,1920
train,13_1_0713,Left Hand Tool,Tweezers,1.0,1.0,1080,1920
train,01_1_1151,Right Hand Tool,Needle Holders,0.9976,0.9976,1080,1920
train,08_1_0338,Right Hand Tool,Scalpel,1.0,0.0105,1080,1920
train,08_1_0413,Left Hand Tool,Tweezers,0.99,0.5041,1080,1920
train,01_1_0464,Left Hand Tool,Tweezers,0.9892,0.7718,1080,1920
train,06_1_1174,Right Hand Tool,Needle Holders,0.9999,0.8336,1080,1920
train,13_1_0298,Right Hand Tool,Bipolar Forceps,1.0,1.0,1080,1920
train,15_1_0531,Left Hand Tool,Tweezers,1.0,1.0,1080,1920
train,11_1_0614,Right Hand Tool,Scissors,1.0,1.0,1080,1920
train,06_1_1254,Left Hand Tool,Tweezers,0.9103,0.9103,1080,1920
train,01_1_1040,Right Hand Tool,Needle Holders,0.997,0.997,1080,1920
train,01_1_0553,Left Hand Tool,Gauze,1.0,0.8106,1080,1920
train,11_1_0689,Left Hand Tool,Tweezers,1.0,0.9729,1080,1920
train,15_1_0342,Left Hand Tool,Tweezers,0.9632,0.9111,1080,1920
train,13_1_0391,Right Hand Tool,Tweezers,0.0,0.0,1080,1920
train,11_1_1064,Right Hand Tool,Needle Holders,1.0,1.0,1080,1920
train,06_1_1238,Right Hand Tool,Needle Holders,0.9952,0.9952,1080,1920
train,15_1_0290,Left Hand Tool,Tweezers,0.9945,0.9907,1080,1920
train,02_1_0307,Two Hands Tool,Syringe,1.0,0.7338,1080,1920
train,02_1_0491,Left Hand Tool,Tweezers,0.9974,0.7704,1080,1920
train,08_1_0349,Right Hand Tool,Mouth Gag,0.9925,0.0049,1080,1920
train,02_1_0414,Right Hand Tool,Gauze,1.0,0.7088,1080,1920
train,12_1_0638,Left Hand Tool,Gauze,1.0,0.1283,1080,1920
train,13_1_0294,Right Hand Tool,Bipolar Forceps,1.0,1.0,1080,1920
train,13_1_0983,Right Hand Tool,Needle Holders,1.0,1.0,1080,1920
train,15_1_0479,Two Hands Tool,Scalpel,0.9996,0.978,1080,1920
train,08_1_0837,Right Hand Tool,Scissors,1.0,0.4412,1080,1920
train,13_1_1000,Right Hand Tool,Needle Holders,1.0,1.0,1080,1920
train,08_1_1007,Left Hand Tool,Suction Cannula,0.9965,0.9203,1080,1920
train,12_1_0433,Two Hands Tool,Suction Cannula,1.0,0.8166,1080,1920
train,15_1_0376,Left Hand Tool,Suction Cannula,0.983,0.9644,1080,1920
train,15_1_0183,Left Hand Tool,Gauze,1.0,1.0,1080,1920
train,11_1_0975,Left Hand Tool,Gauze,1.0,1.0,1080,1920
train,01_1_0387,Left Hand Tool,Tweezers,1.0,0.987,1080,1920
train,11_1_1214,Right Hand Tool,Needle Holders,1.0,1.0,1080,1920
train,02_1_0685,Right Hand Tool,Needle Holders,0.9695,0.5593,1080,1920
train,12_1_0274,Left Hand Tool,Suction Cannula,1.0,1.0,1080,1920
train,13_1_0626,Left Hand Tool,Scalpel,0.0038,0.0038,1080,1920
train,12_1_1327,Right Hand Tool,Suction Cannula,1.0,1.0,1080,1920
train,02_1_0740,Right Hand Tool,Needle Holders,0.9918,0.9715,1080,1920
train,13_1_0155,Right Hand Tool,Bipolar Forceps,1.0,0.9598,1080,1920
train,01_1_0812,Right Hand Tool,Needle Holders,0.9911,0.9911,1080,1920
train,08_1_1221,Left Hand Tool,Tweezers,0.9504,0.5324,1080,1920
train,08_1_0743,Left Hand Tool,Suction Cannula,0.9998,0.8813,1080,1920
train,02_1_0464,Left Hand Tool,Tweezers,0.9959,0.9959,1080,1920
train,06_1_1458,Right Hand Tool,Scissors,0.9754,0.9731,1080,1920
train,13_1_0827,Right Hand Tool,Scalpel,0.0895,0.0895,1080,1920
train,11_1_1152,Right Hand Tool,Needle Holders,1.0,1.0,1080,1920
train,06_1_1011,Left Hand Tool,Tweezers,1.0,0.9499,1080,1920
train,11_1_1268,Left Hand Tool,Tweezers,1.0,1.0,1080,1920
train,02_1_0498,Right Hand Tool,Bipolar Forceps,0.9996,0.7142,1080,1920
train,08_1_0412,Right Hand Tool,Scissors,0.9877,0.255,1080,1920
train,01_1_0628,Right Hand Tool,Needle Holders,0.9961,0.9961,1080,1920
train,02_1_0566,Left Hand Tool,Gauze,0.9751,0.91,1080,1920
train,01_1_1198,Left Hand Tool,Tweezers,0.9635,0.9635,1080,1920
train,06_1_0603,Left Hand Tool,Suction Cannula,0.9855,0.729,1080,1920
train,06_1_1067,Left Hand Tool,Tweezers,0.9911,0.9057,1080,1920
train,13_1_0634,Right Hand Tool,Scalpel,1.0,1.0,1080,1920
train,12_1_0452,Two Hands Tool,Suction Cannula,1.0,1.0,1080,1920
train,01_1_0538,Left Hand Tool,Gauze,0.9774,0.9494,1080,1920
train,06_1_0240,Two Hands Tool,Gauze,0.9836,0.3358,1080,1920
train,12_1_0552,Left Hand Tool,Tweezers,1.0,0.9403,1080,1920
train,12_1_0531,Right Hand Tool,Suction Cannula,1.0,0.7149,1080,1920
train,15_1_0305,Left Hand Tool,Tweezers,0.9996,0.9962,1080,1920
train,12_1_1302,Right Hand Tool,Suction Cannula,1.0,1.0,1080,1920
train,11_1_1118,Right Hand Tool,Needle Holders,1.0,1.0,1080,1920
train,13_1_1049,Left Hand Tool,Tweezers,0.0094,0.0094,1080,1920
train,12_1_0508,Two Hands Tool,Suction Cannula,1.0,0.7144,1080,1920
train,11_1_1257,Left Hand Tool,Tweezers,1.0,1.0,1080,1920
train,13_1_0779,Left Hand Tool,Tweezers,1.0,1.0,1080,1920
train,06_1_1207,Right Hand Tool,Needle Holders,0.82,0.82,1080,1920
train,13_1_0656,Right Hand Tool,Electric Cautery,1.0,1.0,1080,1920
train,12_1_0636,Left Hand Tool,Gauze,1.0,0.573,1080,1920
train,06_1_0309,Two Hands Tool,Syringe,1.0,0.5702,1080,1920
train,01_1_0417,Right Hand Tool,Bipolar Forceps,1.0,1.0,1080,1920
train,01_1_1189,Right Hand Tool,Gauze,0.9825,0.3187,1080,1920
train,08_1_0496,Right Hand Tool,Mouth Gag,1.0,0.0206,1080,1920
train,12_1_0090,Left Hand Tool,Suction Cannula,1.0,1.0,1080,1920
train,01_1_0482,Right Hand Tool,Scalpel,1.0,1.0,1080,1920
train,12_1_0297,Left Hand Tool,Gauze,1.0,0.9618,1080,1920
train,13_1_0582,Left Hand Tool,Tweezers,0.0,0.0,1080,1920
train,02_1_0446,Left Hand Tool,Tweezers,0.9935,0.8624,1080,1920
train,13_1_0741,Right Hand Tool,Needle Holders,1.0,1.0,1080,1920
train,12_1_0390,Left Hand Tool,Tweezers,1.0,1.0,1080,1920
train,13_1_1128,Left Hand Tool,Scissors,1.0,0.9599,1080,1920
train,11_1_1165,Right Hand Tool,Scissors,1.0,1.0,1080,1920
train,01_1_1005,Right Hand Tool,Needle Holders,0.9477,0.9359,1080,1920
train,11_1_0930,Right Hand Tool,Bipolar Forceps,1.0,0.9073,1080,1920
train,12_1_0429,Two Hands Tool,Suction Cannula,1.0,0.9009,1080,1920
train,08_1_1539,Left Hand Tool,Needle Holders,0.9897,0.1059,1080,1920
train,01_1_1016,Right Hand Tool,Needle Holders,0.9961,0.9961,1080,1920
train,08_1_1143,Right Hand Tool,Scissors,1.0,0.7773,1080,1920
train,12_1_1178,Right Hand Tool,Suction Cannula,1.0,1.0,1080,1920
train,15_1_0334,Left Hand Tool,Tweezers,1.0,1.0,1080,1920
train,13_1_1129,Left Hand Tool,Needle Holders,0.0,0.0,1080,1920
train,08_1_1188,Right Hand Tool,Scissors,0.9994,0.4011,1080,1920
train,06_1_1029,Left Hand Tool,Tweezers,0.9789,0.9718,1080,1920
train,02_1_0396,Left Hand Tool,Tweezers,0.9947,0.9947,1080,1920
train,13_1_1057,Left Hand Tool,Tweezers,1.0,1.0,1080,1920
train,13_1_1123,Right Hand Tool,Needle Holders,1.0,1.0,1080,1920
train,13_1_0977,Right Hand Tool,Needle Holders,1.0,1.0,1080,1920
train,11_1_0704,Right Hand Tool,Gauze,1.0,1.0,1080,1920
train,12_1_0543,Left Hand Tool,Forceps,1.0,0.3711,1080,1920
train,08_1_0656,Left Hand Tool,Tweezers,0.9907,0.6353,1080,1920
train,13_1_1053,Right Hand Tool,Needle Holders,1.0,1.0,1080,1920
train,01_1_0756,Right Hand Tool,Bipolar Forceps,1.0,1.0,1080,1920
train,11_1_0321,Two Hands Tool,Syringe,1.0,1.0,1080,1920
train,12_1_0296,Right Hand Tool,Suction Cannula,1.0,0.6818,1080,1920
train,11_1_0474,Left Hand Tool,Retractor,1.0,1.0,1080,1920
train,08_1_1026,Right Hand Tool,Scalpel,0.9985,0.9162,1080,1920
train,13_1_0939,Left Hand Tool,Tweezers,1.0,1.0,1080,1920
train,02_1_0755,Right Hand Tool,Needle Holders,1.0,1.0,1080,1920
train,13_1_0474,Left Hand Tool,Tweezers,1.0,1.0,1080,1920
train,11_1_1081,Left Hand Tool,Tweezers,1.0,1.0,1080,1920
train,08_1_0680,Right Hand Tool,Scissors,0.9814,0.0512,1080,1920
train,11_1_0408,Left Hand Tool,Tweezers,1.0,1.0,1080,1920
train,13_1_0171,Left Hand Tool,Gauze,1.0,1.0,1080,1920
train,13_1_1085,Left Hand Tool,Tweezers,1.0,1.0,1080,1920
train,01_1_0955,Left Hand Tool,Tweezers,1.0,1.0,1080,1920
train,13_1_0880,Left Hand Tool,Tweezers,1.0,1.0,1080,1920
train,13_1_0781,Right Hand Tool,Needle Holders,1.0,1.0,1080,1920
train,01_1_1249,Right Hand Tool,Needle Holders,0.9988,0.9988,1080,1920
train,13_1_1030,Left Hand Tool,Needle Holders,0.0,0.0,1080,1920
train,15_1_0607,Right Hand Tool,Raspatory,0.9977,0.7383,1080,1920
train,01_1_0499,Right Hand Tool,Bipolar Forceps,0.997,0.7147,1080,1920
train,11_1_0876,Left Hand Tool,Tweezers,1.0,0.8808,1080,1920
train,06_1_1293,Right Hand Tool,Gauze,0.9935,0.9935,1080,1920
train,13_1_0853,Left Hand Tool,Tweezers,0.4867,0.4867,1080,1920
train,15_1_0509,Left Hand Tool,Tweezers,1.0,1.0,1080,1920
train,06_1_1559,Right Hand Tool,Scissors,0.9977,0.5763,1080,1920
train,01_1_0412,Right Hand Tool,Bipolar Forceps,1.0,0.7566,1080,1920
train,13_1_0876,Left Hand Tool,Tweezers,1.0,0.9959,1080,1920
train,13_1_0515,Left Hand Tool,Tweezers,1.0,1.0,1080,1920
train,01_1_0782,Left Hand Tool,Gauze,0.892,0.3109,1080,1920
train,06_1_1117,Left Hand Tool,Tweezers,0.9896,0.5825,1080,1920
train,15_1_0562,Left Hand Tool,Tweezers,1.0,1.0,1080,1920
train,02_1_0492,Right Hand Tool,Bipolar Forceps,0.9988,0.6295,1080,1920
train,13_1_0957,Left Hand Tool,Tweezers,1.0,1.0,1080,1920
train,15_1_0398,Right Hand Tool,Raspatory,0.9973,0.9973,1080,1920
train,01_1_1129,Left Hand Tool,Tweezers,0.9936,0.9936,1080,1920
train,13_1_0954,Right Hand Tool,Electric Cautery,0.8866,0.8866,1080,1920
train,08_1_1158,Left Hand Tool,Suction Cannula,1.0,0.7642,1080,1920
train,01_1_0945,Right Hand Tool,Needle Holders,1.0,1.0,1080,1920
train,02_1_0610,Left Hand Tool,Tweezers,0.9949,0.9949,1080,1920
train,13_1_1119,Right Hand Tool,Needle Holders,0.0002,0.0002,1080,1920
train,11_1_0736,Right Hand Tool,Scissors,1.0,0.9783,1080,1920
train,08_1_0524,Right Hand Tool,Scissors,0.9963,0.6023,1080,1920
train,06_1_1261,Left Hand Tool,Tweezers,0.9947,0.795,1080,1920
train,11_1_0588,Right Hand Tool,Scissors,1.0,0.9799,1080,1920
train,15_1_0329,Right Hand Tool,Scalpel,1.0,1.0,1080,1920
train,13_1_0447,Right Hand Tool,Scalpel,0.0,0.0,1080,1920
train,15_1_0645,Left Hand Tool,Tweezers,1.0,1.0,1080,1920
train,11_1_1324,Two Hands Tool,Gauze,1.0,1.0,1080,1920
train,11_1_1128,Right Hand Tool,Needle Holders,1.0,1.0,1080,1920
train,06_1_1028,Right Hand Tool,Gauze,1.0,1.0,1080,1920
train,06_1_0867,Left Hand Tool,Tweezers,0.9392,0.9392,1080,1920
train,02_1_0509,Right Hand Tool,Bipolar Forceps,0.9975,0.78,1080,1920
train,13_1_0708,Right Hand Tool,Needle Holders,0.6286,0.6286,1080,1920
train,08_1_0728,Right Hand Tool,Mouth Gag,0.9855,0.0113,1080,1920
train,13_1_0211,Left Hand Tool,Tweezers,1.0,1.0,1080,1920
train,01_1_1015,Right Hand Tool,Needle Holders,0.9985,0.9985,1080,1920
train,01_1_0711,Left Hand Tool,Tweezers,0.9977,0.9977,1080,1920
train,01_1_0352,Left Hand Tool,Gauze,1.0,0.949,1080,1920
train,15_1_0293,Right Hand Tool,Scissors,0.9533,0.8429,1080,1920
train,13_1_0935,Left Hand Tool,Tweezers,1.0,1.0,1080,1920
train,02_1_0615,Right Hand Tool,Needle Holders,0.9975,0.6219,1080,1920
train,02_1_0627,Right Hand Tool,Needle Holders,0.9953,0.9953,1080,1920
train,11_1_0531,Right Hand Tool,Scissors,1.0,1.0,1080,1920
train,08_1_1657,Right Hand Tool,Needle Holders,0.9912,0.6857,1080,1920
train,02_1_0728,Right Hand Tool,Needle Holders,0.9825,0.9825,1080,1920
train,06_1_0984,Right Hand Tool,Raspatory,1.0,0.5404,1080,1920
train,11_1_0590,Right Hand Tool,Scissors,1.0,0.9342,1080,1920
train,01_1_0558,Right Hand Tool,Bipolar Forceps,0.9956,0.995,1080,1920
train,08_1_1186,Left Hand Tool,Tweezers,1.0,0.8582,1080,1920
train,11_1_1252,Left Hand Tool,Tweezers,1.0,1.0,1080,1920
train,13_1_0312,Right Hand Tool,Needle Holders,1.0,1.0,1080,1920
train,13_1_0341,Left Hand Tool,Tweezers,1.0,0.6916,1080,1920
train,08_1_1576,Right Hand Tool,Forceps,0.9975,0.622,1080,1920
train,02_1_0757,Left Hand Tool,Tweezers,0.9165,0.9165,1080,1920
train,15_1_0331,Left Hand Tool,Tweezers,1.0,1.0,1080,1920
train,13_1_0309,Right Hand Tool,Gauze,0.3849,0.3849,1080,1920
train,01_1_1026,Left Hand Tool,Tweezers,1.0,1.0,1080,1920
train,01_1_0592,Left Hand Tool,Gauze,1.0,0.8906,1080,1920
train,11_1_0609,Right Hand Tool,Scissors,1.0,1.0,1080,1920
train,01_1_1167,Right Hand Tool,Needle Holders,1.0,1.0,1080,1920
train,13_1_0127,Right Hand Tool,Scalpel,1.0,0.9535,1080,1920
train,12_1_1039,Right Hand Tool,Suction Cannula,1.0,1.0,1080,1920
train,13_1_0701,Right Hand Tool,Needle Holders,0.0,0.0,1080,1920
train,08_1_1100,Left Hand Tool,Suction Cannula,0.9991,0.9881,1080,1920
train,06_1_1233,Right Hand Tool,Needle Holders,0.987,0.7731,1080,1920
train,01_1_1269,Right Hand Tool,Needle Holders,0.9419,0.9419,1080,1920
train,11_1_0738,Left Hand Tool,Gauze,1.0,0.8854,1080,1920
train,02_1_0471,Left Hand Tool,Tweezers,1.0,1.0,1080,1920
train,13_1_0754,Left Hand Tool,Tweezers,1.0,1.0,1080,1920
train,11_1_0510,Right Hand Tool,Scissors,1.0,0.1446,1080,1920
train,01_1_0877,Right Hand Tool,Needle Holders,0.9855,0.9832,1080,1920
train,13_1_0636,Left Hand Tool,Tweezers,1.0,1.0,1080,1920
train,13_1_0975,Right Hand Tool,Needle Holders,1.0,1.0,1080,1920
train,01_1_0331,Right Hand Tool,Scalpel,1.0,1.0,1080,1920
train,02_1_0594,Left Hand Tool,Tweezers,1.0,1.0,1080,1920
train,06_1_0288,Two Hands Tool,Syringe,0.9961,0.8402,1080,1920
train,01_1_0532,Right Hand Tool,Scissors,1.0,1.0,1080,1920
train,01_1_0404,Right Hand Tool,Bipolar Forceps,0.9996,0.8595,1080,1920
train,08_1_0685,Right Hand Tool,Scissors,1.0,0.7159,1080,1920
train,06_1_0694,Left Hand Tool,Tweezers,0.9989,0.9989,1080,1920
train,06_1_0603,Right Hand Tool,Scissors,0.9197,0.5249,1080,1920
train,01_1_0734,Right Hand Tool,Scalpel,0.9993,0.9993,1080,1920
train,01_1_0542,Right Hand Tool,Scissors,0.9829,0.8672,1080,1920
train,11_1_1071,Right Hand Tool,Needle Holders,1.0,1.0,1080,1920
train,06_1_0687,Left Hand Tool,Tweezers,1.0,1.0,1080,1920
train,01_1_0607,Right Hand Tool,Needle Holders,0.9986,0.9986,1080,1920
train,12_1_0658,Right Hand Tool,Suction Cannula,1.0,0.1123,1080,1920
train,11_1_0702,Left Hand Tool,Tweezers,1.0,0.978,1080,1920
train,01_1_1047,Right Hand Tool,Needle Holders,0.9965,0.9965,1080,1920
train,15_1_0298,Left Hand Tool,Tweezers,1.0,0.7745,1080,1920
train,06_1_1422,Right Hand Tool,Scissors,0.9913,0.8192,1080,1920
train,13_1_1142,Left Hand Tool,Tweezers,1.0,1.0,1080,1920
train,11_1_1084,Right Hand Tool,Needle Holders,1.0,1.0,1080,1920
train,11_1_0521,Left Hand Tool,Gauze,1.0,0.941,1080,1920
train,06_1_0739,Left Hand Tool,Tweezers,0.9959,0.9875,1080,1920
train,01_1_0759,Left Hand Tool,Gauze,0.8982,0.7949,1080,1920
train,08_1_1625,Left Hand Tool,Tweezers,0.9972,0.9972,1080,1920
train,08_1_0691,Left Hand Tool,Tweezers,0.9857,0.0077,1080,1920
train,13_1_0277,Right Hand Tool,Scalpel,1.0,0.914,1080,1920
train,06_1_0689,Left Hand Tool,Tweezers,1.0,1.0,1080,1920
train,11_1_1137,Left Hand Tool,Tweezers,1.0,1.0,1080,1920
train,06_1_1243,Right Hand Tool,Needle Holders,0.9988,0.354,1080,1920
train,15_1_0181,Left Hand Tool,Gauze,1.0,1.0,1080,1920
train,06_1_1366,Right Hand Tool,Gauze,0.9704,0.9704,1080,1920
train,13_1_0775,Left Hand Tool,Tweezers,0.6453,0.6453,1080,1920
train,01_1_0317,Right Hand Tool,Scalpel,0.9983,0.9983,1080,1920
train,13_1_1098,Right Hand Tool,Needle Holders,0.1027,0.1027,1080,1920
train,06_1_0380,Right Hand Tool,Raspatory,1.0,0.9895,1080,1920
train,08_1_0775,Left Hand Tool,Tweezers,0.8438,0.8366,1080,1920
train,11_1_0596,Left Hand Tool,Gauze,1.0,0.9993,1080,1920
train,13_1_0917,Left Hand Tool,Tweezers,1.0,1.0,1080,1920
train,11_1_1075,Left Hand Tool,Tweezers,1.0,1.0,1080,1920
train,11_1_0364,Right Hand Tool,Scalpel,1.0,1.0,1080,1920
train,11_1_0466,Left Hand Tool,Tweezers,1.0,0.9959,1080,1920
train,13_1_0165,Right Hand Tool,Scissors,1.0,1.0,1080,1920
train,08_1_0540,Left Hand Tool,Suction Cannula,0.9809,0.3796,1080,1920
train,13_1_0812,Left Hand Tool,Tweezers,1.0,1.0,1080,1920
train,08_1_0166,Right Hand Tool,Gauze,1.0,0.9313,1080,1920
train,13_1_0942,Left Hand Tool,Tweezers,1.0,1.0,1080,1920
train,01_1_1158,Right Hand Tool,Needle Holders,0.9945,0.9911,1080,1920
train,11_1_0727,Left Hand Tool,Tweezers,1.0,1.0,1080,1920
train,11_1_1131,Right Hand Tool,Needle Holders,1.0,1.0,1080,1920
train,08_1_1052,Left Hand Tool,Suction Cannula,0.9985,0.9472,1080,1920
train,01_1_0300,Right Hand Tool,Scalpel,1.0,1.0,1080,1920
train,08_1_0494,Right Hand Tool,Mouth Gag,1.0,0.0342,1080,1920
train,11_1_0385,Right Hand Tool,Tweezers,1.0,1.0,1080,1920
train,11_1_0622,Right Hand Tool,Scissors,1.0,0.9953,1080,1920
train,08_1_1651,Right Hand Tool,Needle Holders,0.9905,0.7253,1080,1920
train,06_1_1300,Right Hand Tool,Needle Holders,0.9849,0.5663,1080,1920
train,15_1_0590,Right Hand Tool,Raspatory,1.0,0.9987,1080,1920
train,15_1_0243,Left Hand Tool,Gauze,1.0,1.0,1080,1920
train,13_1_0489,Right Hand Tool,Tweezers,0.0,0.0,1080,1920
train,01_1_1172,Right Hand Tool,Needle Holders,0.9321,0.9282,1080,1920
train,15_1_0190,Right Hand Tool,Syringe,1.0,1.0,1080,1920
train,06_1_1137,Left Hand Tool,Tweezers,0.9962,0.7829,1080,1920
train,13_1_0931,Left Hand Tool,Tweezers,1.0,1.0,1080,1920
train,06_1_1442,Left Hand Tool,Suction Cannula,0.9739,0.5247,1080,1920
train,06_1_1353,Left Hand Tool,Tweezers,0.9995,0.8944,1080,1920
train,08_1_0421,Right Hand Tool,Scissors,0.9946,0.5826,1080,1920
train,11_1_0730,Right Hand Tool,Scissors,1.0,0.6951,1080,1920
train,13_1_0511,Left Hand Tool,Tweezers,0.0404,0.0404,1080,1920
train,11_1_1040,Left Hand Tool,Tweezers,1.0,1.0,1080,1920
train,13_1_0709,Right Hand Tool,Needle Holders,0.0,0.0,1080,1920
train,02_1_0287,Right Hand Tool,Syringe,1.0,0.9551,1080,1920
train,01_1_0403,Right Hand Tool,Tweezers,0.9703,0.1995,1080,1920
train,01_1_1256,Left Hand Tool,Tweezers,0.9943,0.9935,1080,1920
train,06_1_0750,Left Hand Tool,Tweezers,0.996,0.743,1080,1920
train,06_1_1387,Left Hand Tool,Suction Cannula,1.0,0.3627,1080,1920
train,01_1_1183,Left Hand Tool,Tweezers,0.9997,0.9997,1080,1920
train,11_1_0771,Two Hands Tool,Gauze,1.0,0.6479,1080,1920
train,11_1_1066,Right Hand Tool,Needle Holders,1.0,1.0,1080,1920
train,13_1_1068,Right Hand Tool,Needle Holders,0.5208,0.5208,1080,1920
train,01_1_0683,Left Hand Tool,Tweezers,1.0,1.0,1080,1920
train,11_1_0864,Right Hand Tool,Scissors,1.0,0.9958,1080,1920
train,06_1_0987,Right Hand Tool,Raspatory,0.956,0.55,1080,1920
train,02_1_0697,Left Hand Tool,Tweezers,0.9911,0.9911,1080,1920
train,11_1_0869,Left Hand Tool,Gauze,1.0,0.7611,1080,1920
train,01_1_0892,Right Hand Tool,Needle Holders,1.0,1.0,1080,1920
train,13_1_0955,Right Hand Tool,Electric Cautery,1.0,1.0,1080,1920
train,06_1_1347,Left Hand Tool,Tweezers,0.9997,0.8837,1080,1920
train,08_1_1230,Left Hand Tool,Tweezers,1.0,0.1509,1080,1920
train,02_1_0449,Left Hand Tool,Tweezers,0.9539,0.9539,1080,1920
train,13_1_0960,Right Hand Tool,Scissors,1.0,1.0,1080,1920
train,02_1_0600,Left Hand Tool,Tweezers,0.997,0.9872,1080,1920
train,15_1_0504,Two Hands Tool,Raspatory,0.9996,0.9996,1080,1920
train,01_1_1178,Right Hand Tool,Needle Holders,0.9998,0.9998,1080,1920
train,11_1_1134,Right Hand Tool,Needle Holders,1.0,1.0,1080,1920
train,06_1_0424,Left Hand Tool,Tweezers,1.0,0.9879,1080,1920
train,15_1_0168,Right Hand Tool,Syringe,0.998,0.998,1080,1920
train,15_1_0332,Left Hand Tool,Tweezers,0.9977,0.9977,1080,1920
train,13_1_0198,Left Hand Tool,Tweezers,1.0,0.3025,1080,1920
train,13_1_0145,Right Hand Tool,Bipolar Forceps,1.0,0.9858,1080,1920
train,13_1_0795,Right Hand Tool,Needle Holders,0.0,0.0,1080,1920
train,13_1_1152,Right Hand Tool,Needle Holders,0.0,0.0,1080,1920
train,08_1_1550,Right Hand Tool,Needle Holders,1.0,0.1427,1080,1920
train,08_1_1250,Left Hand Tool,Tweezers,1.0,0.8092,1080,1920
train,11_1_0721,Right Hand Tool,Scissors,1.0,0.8607,1080,1920
train,08_1_0825,Left Hand Tool,Tweezers,1.0,0.9252,1080,1920
train,06_1_0677,Right Hand Tool,Scissors,0.9887,0.9887,1080,1920
train,13_1_0516,Right Hand Tool,Needle Holders,0.975,0.8751,1080,1920
train,06_1_1012,Left Hand Tool,Tweezers,0.9694,0.923,1080,1920
train,01_1_1175,Right Hand Tool,Needle Holders,0.9927,0.9816,1080,1920
train,12_1_0413,Right Hand Tool,Suction Cannula,1.0,0.5652,1080,1920
train,01_1_0736,Left Hand Tool,Tweezers,0.921,0.9162,1080,1920
train,13_1_0936,Left Hand Tool,Tweezers,0.5367,0.3889,1080,1920
train,12_1_0645,Left Hand Tool,Tweezers,1.0,1.0,1080,1920
train,06_1_0923,Left Hand Tool,Tweezers,0.9114,0.7186,1080,1920
train,02_1_0638,Left Hand Tool,Tweezers,1.0,1.0,1080,1920
train,06_1_0476,Two Hands Tool,Scalpel,0.8566,0.8566,1080,1920
train,06_1_0410,Right Hand Tool,Scissors,1.0,1.0,1080,1920
train,06_1_0616,Right Hand Tool,Raspatory,1.0,0.9133,1080,1920
train,02_1_0317,Two Hands Tool,Syringe,0.991,0.991,1080,1920
train,11_1_0496,Right Hand Tool,Gauze,1.0,0.9202,1080,1920
train,13_1_1023,Right Hand Tool,Needle Holders,1.0,1.0,1080,1920
train,11_1_0570,Left Hand Tool,Tweezers,1.0,1.0,1080,1920
train,11_1_0473,Right Hand Tool,Scissors,1.0,1.0,1080,1920
train,13_1_0311,Left Hand Tool,Tweezers,1.0,0.5437,1080,1920
train,11_1_0749,Right Hand Tool,Scissors,1.0,1.0,1080,1920
train,11_1_0701,Right Hand Tool,Scissors,1.0,1.0,1080,1920
train,13_1_0491,Left Hand Tool,Tweezers,0.0,0.0,1080,1920
train,11_1_0836,Right Hand Tool,Scissors,1.0,0.8061,1080,1920
train,06_1_0742,Left Hand Tool,Tweezers,0.9691,0.9691,1080,1920
train,01_1_0488,Left Hand Tool,Tweezers,0.998,0.6742,1080,1920
train,01_1_0448,Left Hand Tool,Tweezers,1.0,0.8611,1080,1920
train,06_1_0429,Left Hand Tool,Tweezers,0.9956,0.9237,1080,1920
train,13_1_0720,Left Hand Tool,Tweezers,0.4469,0.4469,1080,1920
train,11_1_0992,Right Hand Tool,Bipolar Forceps,1.0,0.5847,1080,1920
train,15_1_0576,Left Hand Tool,Tweezers,0.9996,0.986,1080,1920
train,13_1_1052,Right Hand Tool,Needle Holders,1.0,1.0,1080,1920
train,08_1_0778,Left Hand Tool,Tweezers,1.0,0.7688,1080,1920
train,13_1_1097,Left Hand Tool,Tweezers,1.0,1.0,1080,1920
train,13_1_1174,Left Hand Tool,Tweezers,1.0,1.0,1080,1920
train,11_1_0988,Right Hand Tool,Scissors,1.0,1.0,1080,1920
train,13_1_0312,Left Hand Tool,Tweezers,0.4311,0.3088,1080,1920
train,13_1_0383,Right Hand Tool,Tweezers,0.0,0.0,1080,1920
train,08_1_0578,Right Hand Tool,Scissors,0.9952,0.0,1080,1920
train,13_1_0891,Right Hand Tool,Needle Holders,0.2572,0.2572,1080,1920
train,08_1_0868,Left Hand Tool,Suction Cannula,0.9586,0.6832,1080,1920
train,01_1_0605,Left Hand Tool,Gauze,1.0,0.9988,1080,1920
train,06_1_0871,Left Hand Tool,Tweezers,0.9916,0.7681,1080,1920
train,11_1_1233,Left Hand Tool,Tweezers,1.0,1.0,1080,1920
train,15_1_0380,Left Hand Tool,Suction Cannula,0.9783,0.9624,1080,1920
train,11_1_0535,Left Hand Tool,Gauze,1.0,1.0,1080,1920
train,08_1_0689,Right Hand Tool,Scissors,0.9998,0.2055,1080,1920
train,08_1_1081,Right Hand Tool,Scalpel,1.0,0.6483,1080,1920
train,11_1_0875,Right Hand Tool,Suction Cannula,1.0,0.8654,1080,1920
train,15_1_0451,Right Hand Tool,Raspatory,0.988,0.988,1080,1920
train,13_1_0919,Right Hand Tool,Scalpel,0.5951,0.5828,1080,1920
train,06_1_0246,Two Hands Tool,Gauze,0.9994,0.451,1080,1920
train,06_1_0558,Right Hand Tool,Scalpel,0.9966,0.9784,1080,1920
train,08_1_0323,Two Hands Tool,Scalpel,0.9998,0.8525,1080,1920
train,06_1_0524,Left Hand Tool,Suction Cannula,0.9421,0.9421,1080,1920
train,13_1_0566,Right Hand Tool,Electric Cautery,0.0,0.0,1080,1920
train,11_1_0680,Left Hand Tool,Tweezers,1.0,1.0,1080,1920
train,08_1_0498,Right Hand Tool,Scissors,0.9962,0.7756,1080,1920
train,12_1_1313,Right Hand Tool,Suction Cannula,1.0,1.0,1080,1920
train,12_1_0450,Left Hand Tool,Suction Cannula,1.0,1.0,1080,1920
train,01_1_0435,Left Hand Tool,Tweezers,0.974,0.5623,1080,1920
train,06_1_1236,Right Hand Tool,Needle Holders,0.9788,0.6005,1080,1920
train,01_1_1041,Left Hand Tool,Tweezers,1.0,1.0,1080,1920
train,01_1_1077,Left Hand Tool,Tweezers,0.9392,0.9392,1080,1920
train,13_1_0520,Right Hand Tool,Tweezers,0.0078,0.0078,1080,1920
train,12_1_0688,Left Hand Tool,Gauze,1.0,0.7819,1080,1920
train,11_1_0893,Left Hand Tool,Tweezers,1.0,0.8661,1080,1920
train,02_1_0753,Right Hand Tool,Needle Holders,1.0,1.0,1080,1920
train,13_1_0826,Right Hand Tool,Scalpel,1.0,1.0,1080,1920
train,06_1_0861,Right Hand Tool,Scissors,0.9974,0.7256,1080,1920
train,11_1_1066,Left Hand Tool,Tweezers,1.0,1.0,1080,1920
train,12_1_0679,Left Hand Tool,Gauze,1.0,0.9033,1080,1920
train,01_1_1141,Right Hand Tool,Needle Holders,1.0,1.0,1080,1920
train,06_1_1151,Right Hand Tool,Needle Holders,0.9992,0.5859,1080,1920
train,13_1_0732,Left Hand Tool,Tweezers,0.3617,0.3617,1080,1920
train,06_1_0835,Right Hand Tool,Raspatory,0.9838,0.9838,1080,1920
train,13_1_0782,Right Hand Tool,Needle Holders,1.0,1.0,1080,1920
train,13_1_1165,Left Hand Tool,Needle Holders,0.0,0.0,1080,1920
train,06_1_1411,Right Hand Tool,Scissors,0.9982,0.9484,1080,1920
train,13_1_1090,Right Hand Tool,Needle Holders,1.0,0.9788,1080,1920
train,13_1_0130,Right Hand Tool,Scalpel,1.0,0.9949,1080,1920
train,01_1_1133,Two Hands Tool,Needle Holders,0.9951,0.9951,1080,1920
train,13_1_0387,Right Hand Tool,Tweezers,0.0,0.0,1080,1920
train,11_1_0832,Left Hand Tool,Tweezers,1.0,0.7501,1080,1920
train,01_1_0749,Left Hand Tool,Tweezers,0.9971,0.99,1080,1920
train,13_1_0929,Left Hand Tool,Tweezers,1.0,1.0,1080,1920
train,06_1_1465,Right Hand Tool,Scissors,0.9653,0.1824,1080,1920
train,13_1_1109,Left Hand Tool,Tweezers,0.0154,0.0154,1080,1920
train,11_1_0940,Right Hand Tool,Gauze,1.0,0.7774,1080,1920
train,11_1_1049,Right Hand Tool,Needle Holders,1.0,1.0,1080,1920
train,06_1_1436,Left Hand Tool,Suction Cannula,0.9999,0.9676,1080,1920
train,12_1_0172,Right Hand Tool,Scissors,1.0,1.0,1080,1920
train,15_1_0383,Right Hand Tool,Scalpel,0.998,0.998,1080,1920
train,06_1_1253,Right Hand Tool,Needle Holders,0.9342,0.0721,1080,1920
train,11_1_0563,Right Hand Tool,Scissors,1.0,0.9548,1080,1920
train,01_1_1117,Left Hand Tool,Tweezers,0.9991,0.9991,1080,1920
train,13_1_0940,Left Hand Tool,Tweezers,0.8885,0.8885,1080,1920
train,08_1_0525,Right Hand Tool,Scissors,0.9924,0.4283,1080,1920
train,13_1_0537,Right Hand Tool,Tweezers,0.5661,0.5661,1080,1920
train,01_1_0809,Right Hand Tool,Needle Holders,1.0,1.0,1080,1920
train,15_1_0472,Two Hands Tool,Raspatory,0.9993,0.9677,1080,1920
train,11_1_0475,Left Hand Tool,Retractor,1.0,1.0,1080,1920
train,15_1_0543,Right Hand Tool,Raspatory,0.9979,0.8616,1080,1920
train,01_1_0318,Right Hand Tool,Scalpel,1.0,1.0,1080,1920
train,13_1_0408,Right Hand Tool,Needle Holders,0.9833,0.9833,1080,1920
train,06_1_0390,Left Hand Tool,Suction Cannula,1.0,0.4128,1080,1920
train,06_1_0746,Left Hand Tool,Tweezers,0.9683,0.9568,1080,1920
train,02_1_0600,Right Hand Tool,Needle Holders,0.9978,0.9934,1080,1920
train,06_1_0583,Right Hand Tool,Scalpel,0.9792,0.8182,1080,1920
train,01_1_0875,Right Hand Tool,Needle Holders,0.9923,0.9923,1080,1920
train,06_1_1053,Left Hand Tool,Tweezers,0.9952,0.8447,1080,1920
train,01_1_0535,Left Hand Tool,Tweezers,1.0,1.0,1080,1920
train,13_1_1000,Left Hand Tool,Tweezers,0.4177,0.4177,1080,1920
train,13_1_0337,Left Hand Tool,Electric Cautery,0.5655,0.5655,1080,1920
train,13_1_0435,Right Hand Tool,Scalpel,1.0,1.0,1080,1920
train,01_1_1259,Right Hand Tool,Needle Holders,0.9985,0.9985,1080,1920
train,01_1_0465,Right Hand Tool,Scissors,0.9985,0.8953,1080,1920
train,11_1_0701,Left Hand Tool,Tweezers,1.0,0.9921,1080,1920
train,08_1_0834,Right Hand Tool,Scissors,1.0,0.6724,1080,1920
train,13_1_0408,Left Hand Tool,Tweezers,1.0,1.0,1080,1920
train,13_1_0629,Left Hand Tool,Tweezers,1.0,1.0,1080,1920
train,01_1_1018,Left Hand Tool,Tweezers,0.8802,0.8802,1080,1920
train,06_1_0928,Left Hand Tool,Tweezers,0.9882,0.9882,1080,1920
train,15_1_0675,Left Hand Tool,Tweezers,0.9985,0.9729,1080,1920
train,01_1_0768,Right Hand Tool,Bipolar Forceps,1.0,1.0,1080,1920
train,11_1_1218,Right Hand Tool,Needle Holders,1.0,1.0,1080,1920
train,06_1_1304,Left Hand Tool,Tweezers,0.9948,0.7547,1080,1920
train,01_1_1242,Left Hand Tool,Tweezers,1.0,1.0,1080,1920
train,13_1_0929,Right Hand Tool,Scalpel,1.0,1.0,1080,1920
train,13_1_0573,Left Hand Tool,Tweezers,1.0,1.0,1080,1920
train,01_1_0908,Right Hand Tool,Needle Holders,0.9703,0.9703,1080,1920
train,11_1_1072,Left Hand Tool,Tweezers,1.0,1.0,1080,1920
train,01_1_0651,Left Hand Tool,Tweezers,1.0,0.9871,1080,1920
train,13_1_0540,Right Hand Tool,Scissors,1.0,0.1668,1080,1920
train,06_1_1474,Left Hand Tool,Suction Cannula,1.0,0.7893,1080,1920
train,01_1_1003,Left Hand Tool,Tweezers,1.0,1.0,1080,1920
train,13_1_1138,Right Hand Tool,Needle Holders,1.0,1.0,1080,1920
train,01_1_0437,Right Hand Tool,Scissors,0.9819,0.9533,1080,1920
train,11_1_0772,Left Hand Tool,Tweezers,1.0,1.0,1080,1920
train,01_1_0960,Left Hand Tool,Tweezers,1.0,1.0,1080,1920
train,13_1_1127,Left Hand Tool,Needle Holders,0.0,0.0,1080,1920
train,12_1_1304,Right Hand Tool,Suction Cannula,1.0,1.0,1080,1920
train,12_1_1039,Left Hand Tool,Tweezers,1.0,0.5643,1080,1920
train,12_1_1181,Right Hand Tool,Suction Cannula,1.0,1.0,1080,1920
train,13_1_0152,Left Hand Tool,Gauze,1.0,1.0,1080,1920
train,13_1_0331,Left Hand Tool,Tweezers,1.0,1.0,1080,1920
train,11_1_0865,Left Hand Tool,Tweezers,1.0,1.0,1080,1920
train,01_1_1272,Right Hand Tool,Needle Holders,1.0,1.0,1080,1920
train,08_1_0854,Left Hand Tool,Suction Cannula,1.0,0.9058,1080,1920
train,12_1_0690,Right Hand Tool,Suction Cannula,1.0,0.8208,1080,1920
train,01_1_0461,Right Hand Tool,Scissors,0.9537,0.6228,1080,1920
train,13_1_0750,Right Hand Tool,Gauze,0.0,0.0,1080,1920
train,06_1_0836,Right Hand Tool,Raspatory,0.9859,0.9114,1080,1920
train,11_1_0889,Left Hand Tool,Tweezers,1.0,1.0,1080,1920
train,08_1_0708,Right Hand Tool,Scissors,0.9421,0.0,1080,1920
train,12_1_1156,Right Hand Tool,Suction Cannula,1.0,1.0,1080,1920
train,02_1_0364,Two Hands Tool,Gauze,1.0,1.0,1080,1920
train,12_1_0639,Two Hands Tool,Gauze,1.0,0.1252,1080,1920
train,02_1_0730,Left Hand Tool,Tweezers,0.9802,0.9802,1080,1920
train,01_1_0727,Right Hand Tool,Scalpel,0.9986,0.9986,1080,1920
train,13_1_0656,Left Hand Tool,Tweezers,1.0,1.0,1080,1920
train,11_1_1039,Right Hand Tool,Needle Holders,1.0,1.0,1080,1920
train,13_1_0924,Left Hand Tool,Tweezers,1.0,1.0,1080,1920
train,08_1_1111,Left Hand Tool,Suction Cannula,1.0,0.9564,1080,1920
train,13_1_0851,Right Hand Tool,Needle Holders,0.0,0.0,1080,1920
train,13_1_0340,Left Hand Tool,Tweezers,1.0,0.1028,1080,1920
train,11_1_1281,Left Hand Tool,Tweezers,1.0,1.0,1080,1920
train,13_1_0989,Left Hand Tool,Tweezers,1.0,0.5952,1080,1920
train,13_1_0346,Right Hand Tool,Gauze,0.0,0.0,1080,1920
train,13_1_0806,Left Hand Tool,Tweezers,1.0,1.0,1080,1920
train,11_1_0498,Right Hand Tool,Gauze,1.0,0.0824,1080,1920
train,06_1_0370,Two Hands Tool,Scalpel,1.0,1.0,1080,1920
train,15_1_0424,Right Hand Tool,Scalpel,1.0,0.9964,1080,1920
train,06_1_1208,Right Hand Tool,Needle Holders,0.986,0.7844,1080,1920
train,11_1_1202,Right Hand Tool,Needle Holders,0.34,0.34,1080,1920
train,15_1_0490,Right Hand Tool,Scissors,0.9403,0.9403,1080,1920
train,15_1_0326,Left Hand Tool,Tweezers,0.9997,0.9997,1080,1920
train,06_1_0861,Left Hand Tool,Tweezers,0.9963,0.8405,1080,1920
train,06_1_0937,Right Hand Tool,Scissors,0.9955,0.927,1080,1920
train,15_1_0280,Left Hand Tool,Tweezers,0.9925,0.9872,1080,1920
train,15_1_0553,Left Hand Tool,Tweezers,1.0,0.9957,1080,1920
train,13_1_1166,Right Hand Tool,Needle Holders,1.0,1.0,1080,1920
train,08_1_0603,Right Hand Tool,Scissors,0.9501,0.0108,1080,1920
train,11_1_0766,Right Hand Tool,Scissors,1.0,1.0,1080,1920
train,02_1_0743,Right Hand Tool,Needle Holders,0.9911,0.9609,1080,1920
train,13_1_1007,Left Hand Tool,Tweezers,0.0005,0.0005,1080,1920
train,06_1_1275,Left Hand Tool,Tweezers,0.9961,0.9961,1080,1920
train,15_1_0383,Left Hand Tool,Suction Cannula,0.9889,0.9704,1080,1920
train,15_1_0650,Right Hand Tool,Raspatory,1.0,1.0,1080,1920
train,08_1_0637,Left Hand Tool,Tweezers,0.958,0.0,1080,1920
train,13_1_0954,Left Hand Tool,Gauze,0.2148,0.1974,1080,1920
train,06_1_0584,Right Hand Tool,Scalpel,1.0,0.9609,1080,1920
train,12_1_0534,Right Hand Tool,Suction Cannula,1.0,0.3081,1080,1920
train,01_1_0729,Right Hand Tool,Scalpel,1.0,1.0,1080,1920
train,15_1_0585,Left Hand Tool,Tweezers,1.0,1.0,1080,1920
train,06_1_0907,Left Hand Tool,Tweezers,0.9934,0.7549,1080,1920
train,01_1_0505,Left Hand Tool,Tweezers,0.8252,0.7761,1080,1920
train,01_1_0491,Right Hand Tool,Bipolar Forceps,0.9999,0.9344,1080,1920
train,13_1_0314,Right Hand Tool,Gauze,0.0813,0.0813,1080,1920
train,13_1_0907,Left Hand Tool,Tweezers,0.1854,0.1854,1080,1920
train,08_1_1037,Right Hand Tool,Scalpel,1.0,0.0294,1080,1920
train,15_1_0470,Two Hands Tool,Raspatory,1.0,1.0,1080,1920
train,11_1_0804,Left Hand Tool,Gauze,0.8112,0.8112,1080,1920
train,13_1_0509,Left Hand Tool,Tweezers,1.0,0.9645,1080,1920
train,11_1_0683,Right Hand Tool,Gauze,1.0,0.8355,1080,1920
train,15_1_0242,Left Hand Tool,Gauze,1.0,0.9986,1080,1920
train,15_1_0515,Left Hand Tool,Tweezers,0.9974,0.9974,1080,1920
train,02_1_0582,Left Hand Tool,Tweezers,0.9793,0.9793,1080,1920
train,01_1_0842,Right Hand Tool,Needle Holders,1.0,1.0,1080,1920
train,08_1_0469,Right Hand Tool,Raspatory,1.0,1.0,1080,1920
train,06_1_1276,Right Hand Tool,Needle Holders,1.0,0.2968,1080,1920
train,13_1_0337,Right Hand Tool,Electric Cautery,1.0,0.9989,1080,1920
train,11_1_1210,Right Hand Tool,Needle Holders,1.0,1.0,1080,1920
train,13_1_1073,Left Hand Tool,Needle Holders,0.0,0.0,1080,1920
train,12_1_0091,Left Hand Tool,Suction Cannula,1.0,1.0,1080,1920
train,06_1_0443,Left Hand Tool,Tweezers,0.9911,0.96,1080,1920
train,11_1_0585,Right Hand Tool,Scissors,1.0,0.9773,1080,1920
train,08_1_1229,Left Hand Tool,Tweezers,0.9997,0.9997,1080,1920
train,01_1_1022,Right Hand Tool,Needle Holders,0.9516,0.9516,1080,1920
train,06_1_1307,Right Hand Tool,Needle Holders,0.9989,0.8128,1080,1920
train,13_1_0470,Left Hand Tool,Tweezers,0.0153,0.0153,1080,1920
train,02_1_0702,Right Hand Tool,Gauze,1.0,0.7633,1080,1920
train,01_1_0839,Right Hand Tool,Needle Holders,1.0,1.0,1080,1920
train,13_1_0452,Right Hand Tool,Scalpel,0.0,0.0,1080,1920
train,08_1_1191,Left Hand Tool,Tweezers,0.998,0.8625,1080,1920
train,06_1_1200,Right Hand Tool,Needle Holders,0.9843,0.9843,1080,1920
train,06_1_0489,Right Hand Tool,Raspatory,1.0,1.0,1080,1920
train,06_1_0648,Left Hand Tool,Tweezers,0.978,0.9169,1080,1920
train,08_1_1042,Left Hand Tool,Suction Cannula,0.9999,0.8812,1080,1920
train,12_1_0834,Right Hand Tool,Suction Cannula,1.0,1.0,1080,1920
train,13_1_1093,Right Hand Tool,Needle Holders,0.0,0.0,1080,1920
train,06_1_0771,Right Hand Tool,Scissors,0.9604,0.7779,1080,1920
train,08_1_0817,Left Hand Tool,Tweezers,1.0,0.931,1080,1920
train,13_1_0454,Right Hand Tool,Scalpel,0.0,0.0,1080,1920
train,13_1_0796,Right Hand Tool,Needle Holders,1.0,1.0,1080,1920
train,08_1_1109,Right Hand Tool,Scissors,0.987,0.6462,1080,1920
train,08_1_0504,Left Hand Tool,Suction Cannula,0.9993,0.3615,1080,1920
train,06_1_0552,Right Hand Tool,Raspatory,1.0,0.9646,1080,1920
train,13_1_0854,Left Hand Tool,Tweezers,1.0,1.0,1080,1920
train,08_1_1585,Left Hand Tool,Suction Cannula,1.0,0.8699,1080,1920
train,15_1_0311,Right Hand Tool,Scissors,0.9958,0.7186,1080,1920
train,06_1_0536,Left Hand Tool,Suction Cannula,1.0,0.9896,1080,1920
train,15_1_0174,Left Hand Tool,Gauze,1.0,1.0,1080,1920
train,13_1_0940,Right Hand Tool,Scalpel,0.6748,0.6291,1080,1920
train,01_1_1154,Right Hand Tool,Needle Holders,0.9972,0.9972,1080,1920
train,01_1_0610,Left Hand Tool,Gauze,0.9984,0.9674,1080,1920
train,06_1_1560,Right Hand Tool,Scissors,0.9968,0.5206,1080,1920
train,13_1_0724,Left Hand Tool,Tweezers,0.5457,0.3494,1080,1920
train,15_1_0295,Left Hand Tool,Tweezers,0.9995,0.9944,1080,1920
train,13_1_0603,Left Hand Tool,Tweezers,1.0,1.0,1080,1920
train,01_1_1128,Left Hand Tool,Tweezers,1.0,1.0,1080,1920
train,15_1_0563,Right Hand Tool,Raspatory,1.0,0.9897,1080,1920
train,13_1_0568,Left Hand Tool,Tweezers,1.0,1.0,1080,1920
train,08_1_0809,Left Hand Tool,Tweezers,0.9988,0.8756,1080,1920
train,08_1_0164,Right Hand Tool,Gauze,1.0,0.8326,1080,1920
train,13_1_0859,Right Hand Tool,Needle Holders,1.0,1.0,1080,1920
train,06_1_1163,Left Hand Tool,Tweezers,1.0,0.8539,1080,1920
train,01_1_0271,Two Hands Tool,Syringe,0.974,0.974,1080,1920
train,02_1_0715,Right Hand Tool,Gauze,1.0,1.0,1080,1920
train,06_1_1271,Left Hand Tool,Tweezers,0.9686,0.8729,1080,1920
train,02_1_0679,Right Hand Tool,Gauze,0.8591,0.1432,1080,1920
train,13_1_0671,Right Hand Tool,Needle Holders,1.0,1.0,1080,1920
train,12_1_0304,Left Hand Tool,Gauze,1.0,1.0,1080,1920
train,11_1_1193,Right Hand Tool,Needle Holders,1.0,0.9855,1080,1920
train,06_1_0233,Left Hand Tool,Gauze,0.9997,0.9139,1080,1920
train,06_1_0910,Left Hand Tool,Tweezers,0.9989,0.7837,1080,1920
train,01_1_1249,Left Hand Tool,Tweezers,0.9981,0.9981,1080,1920
train,13_1_0312,Left Hand Tool,Tweezers,1.0,0.5075,1080,1920
train,13_1_0816,Right Hand Tool,Scalpel,1.0,1.0,1080,1920
train,01_1_0368,Right Hand Tool,Scissors,0.9367,0.892,1080,1920
train,13_1_0440,Left Hand Tool,Tweezers,1.0,1.0,1080,1920
train,11_1_0745,Right Hand Tool,Hook,1.0,0.7515,1080,1920
train,08_1_1354,Right Hand Tool,Needle Holders,1.0,0.0567,1080,1920
train,13_1_1100,Left Hand Tool,Needle Holders,0.0,0.0,1080,1920
train,01_1_0961,Left Hand Tool,Tweezers,1.0,1.0,1080,1920
train,01_1_0693,Left Hand Tool,Tweezers,0.9903,0.3899,1080,1920
train,08_1_1272,Two Hands Tool,Needle Holders,0.9968,0.9968,1080,1920
train,13_1_0850,Right Hand Tool,Needle Holders,0.1388,0.1388,1080,1920
train,06_1_1028,Left Hand Tool,Tweezers,0.9971,0.9839,1080,1920
train,13_1_0250,Left Hand Tool,Tweezers,1.0,1.0,1080,1920
train,13_1_0508,Left Hand Tool,Tweezers,1.0,1.0,1080,1920
train,13_1_0851,Left Hand Tool,Tweezers,0.7727,0.7727,1080,1920
train,13_1_1073,Right Hand Tool,Needle Holders,0.0,0.0,1080,1920
train,13_1_0854,Right Hand Tool,Needle Holders,1.0,1.0,1080,1920
train,02_1_0644,Left Hand Tool,Tweezers,1.0,0.9988,1080,1920
train,13_1_0402,Left Hand Tool,Tweezers,0.0637,0.0637,1080,1920
train,11_1_0782,Two Hands Tool,Scissors,1.0,0.817,1080,1920
train,11_1_0806,Right Hand Tool,Gauze,0.1313,0.1313,1080,1920
train,02_1_0455,Right Hand Tool,Gauze,0.9986,0.8264,1080,1920
train,11_1_0604,Left Hand Tool,Tweezers,1.0,1.0,1080,1920
train,01_1_0426,Left Hand Tool,Tweezers,0.9644,0.5587,1080,1920
train,08_1_0483,Right Hand Tool,Raspatory,0.9866,0.0,1080,1920
train,02_1_0571,Right Hand Tool,Syringe,0.9988,0.8914,1080,1920
train,15_1_0285,Left Hand Tool,Tweezers,0.9999,0.9896,1080,1920
train,12_1_0530,Left Hand Tool,Forceps,1.0,0.544,1080,1920
train,13_1_0754,Right Hand Tool,Needle Holders,1.0,0.9595,1080,1920
train,08_1_0437,Right Hand Tool,Raspatory,0.9951,0.0,1080,1920
train,13_1_0950,Left Hand Tool,Gauze,0.0733,0.0674,1080,1920
train,08_1_1264,Left Hand Tool,Retractor,0.9974,0.4285,1080,1920
train,12_1_0500,Left Hand Tool,Hook,1.0,1.0,1080,1920
train,06_1_1159,Left Hand Tool,Raspatory,0.9568,0.8412,1080,1920
train,15_1_0521,Right Hand Tool,Raspatory,0.9205,0.9205,1080,1920
train,11_1_0587,Left Hand Tool,Tweezers,1.0,1.0,1080,1920
train,02_1_0284,Two Hands Tool,Syringe,1.0,0.9977,1080,1920
train,01_1_0375,Right Hand Tool,Scissors,0.9503,0.9334,1080,1920
train,13_1_0157,Right Hand Tool,Bipolar Forceps,1.0,1.0,1080,1920
train,11_1_1223,Right Hand Tool,Needle Holders,1.0,1.0,1080,1920
train,15_1_0639,Left Hand Tool,Tweezers,1.0,1.0,1080,1920
train,13_1_0279,Left Hand Tool,Tweezers,1.0,0.1146,1080,1920
train,13_1_0636,Left Hand Tool,Tweezers,0.2872,0.2738,1080,1920
train,06_1_0768,Right Hand Tool,Scissors,0.9802,0.9798,1080,1920
train,01_1_0776,Left Hand Tool,Gauze,1.0,1.0,1080,1920
train,06_1_1265,Right Hand Tool,Needle Holders,1.0,0.4907,1080,1920
train,15_1_0284,Right Hand Tool,Scissors,0.9912,0.9912,1080,1920
train,13_1_1102,Right Hand Tool,Needle Holders,1.0,0.9847,1080,1920
train,02_1_0596,Left Hand Tool,Tweezers,1.0,1.0,1080,1920
train,06_1_0540,Right Hand Tool,Gauze,0.9948,0.5245,1080,1920
train,15_1_0373,Left Hand Tool,Suction Cannula,0.9971,0.9937,1080,1920
train,01_1_1017,Left Hand Tool,Tweezers,1.0,1.0,1080,1920
train,06_1_0999,Left Hand Tool,Gauze,0.9833,0.1798,1080,1920
train,12_1_0675,Left Hand Tool,Tweezers,1.0,0.9686,1080,1920
train,01_1_0507,Left Hand Tool,Tweezers,1.0,1.0,1080,1920
train,01_1_0746,Right Hand Tool,Scissors,0.9983,0.9983,1080,1920
train,11_1_0725,Left Hand Tool,Tweezers,1.0,0.9991,1080,1920
train,13_1_0987,Left Hand Tool,Tweezers,1.0,1.0,1080,1920
train,06_1_0832,Left Hand Tool,Tweezers,0.9893,0.9893,1080,1920
train,06_1_0994,Left Hand Tool,Suction Cannula,0.9956,0.4292,1080,1920
train,11_1_0866,Left Hand Tool,Tweezers,1.0,0.9992,1080,1920
train,13_1_0960,Left Hand Tool,Gauze,0.0646,0.0646,1080,1920
train,01_1_0832,Left Hand Tool,Tweezers,0.9803,0.9803,1080,1920
train,12_1_0293,Right Hand Tool,Suction Cannula,1.0,1.0,1080,1920
train,11_1_0872,Right Hand Tool,Scissors,1.0,0.9779,1080,1920
train,02_1_0637,Right Hand Tool,Gauze,0.9969,0.8411,1080,1920
train,01_1_0519,Left Hand Tool,Tweezers,0.8722,0.5364,1080,1920
train,06_1_1466,Right Hand Tool,Scissors,0.9942,0.474,1080,1920
train,15_1_0338,Right Hand Tool,Scalpel,1.0,1.0,1080,1920
train,08_1_0824,Left Hand Tool,Tweezers,1.0,0.9516,1080,1920
train,08_1_0519,Left Hand Tool,Suction Cannula,0.9881,0.4139,1080,1920
train,12_1_1034,Right Hand Tool,Suction Cannula,1.0,1.0,1080,1920
train,12_1_0679,Right Hand Tool,Suction Cannula,1.0,0.8514,1080,1920
train,08_1_1460,Right Hand Tool,Needle Holders,0.9215,0.9208,1080,1920
train,06_1_1352,Left Hand Tool,Tweezers,0.9513,0.7327,1080,1920
train,06_1_0864,Left Hand Tool,Suction Cannula,0.9578,0.7702,1080,1920
train,08_1_0471,Left Hand Tool,Suction Cannula,0.9973,0.8784,1080,1920
train,13_1_1108,Right Hand Tool,Needle Holders,0.0,0.0,1080,1920
train,11_1_1247,Left Hand Tool,Tweezers,1.0,1.0,1080,1920
train,15_1_0615,Right Hand Tool,Raspatory,0.9985,0.9985,1080,1920
train,11_1_0929,Right Hand Tool,Bipolar Forceps,1.0,0.7721,1080,1920
train,06_1_1437,Left Hand Tool,Suction Cannula,0.9969,0.9005,1080,1920
train,06_1_0862,Right Hand Tool,Scissors,0.8838,0.8417,1080,1920
train,01_1_0828,Left Hand Tool,Tweezers,1.0,1.0,1080,1920
train,12_1_0417,Right Hand Tool,Suction Cannula,1.0,0.696,1080,1920
train,11_1_0718,Left Hand Tool,Tweezers,1.0,1.0,1080,1920
train,08_1_1446,Two Hands Tool,Needle Holders,0.9821,0.2922,1080,1920
train,01_1_1078,Left Hand Tool,Tweezers,1.0,1.0,1080,1920
train,01_1_0965,Left Hand Tool,Tweezers,1.0,1.0,1080,1920
train,08_1_0348,Right Hand Tool,Scalpel,0.996,0.8361,1080,1920
train,13_1_1112,Right Hand Tool,Needle Holders,0.0,0.0,1080,1920
train,06_1_1185,Right Hand Tool,Needle Holders,0.9756,0.9756,1080,1920
train,15_1_0659,Right Hand Tool,Raspatory,0.9985,0.996,1080,1920
train,13_1_1117,Left Hand Tool,Tweezers,1.0,0.9983,1080,1920
train,15_1_0280,Right Hand Tool,Scissors,0.9965,0.9965,1080,1920
train,11_1_0928,Left Hand Tool,Retractor,1.0,1.0,1080,1920
train,08_1_1203,Left Hand Tool,Tweezers,1.0,0.8402,1080,1920
train,13_1_0328,Left Hand Tool,Tweezers,1.0,1.0,1080,1920
train,13_1_0860,Right Hand Tool,Needle Holders,0.4343,0.4343,1080,1920
train,13_1_1080,Left Hand Tool,Tweezers,1.0,1.0,1080,1920
train,02_1_0732,Left Hand Tool,Tweezers,0.9985,0.9985,1080,1920
train,12_1_0691,Right Hand Tool,Suction Cannula,1.0,0.7462,1080,1920
train,15_1_0514,Right Hand Tool,Raspatory,1.0,0.6968,1080,1920
train,13_1_0763,Right Hand Tool,Needle Holders,0.2165,0.2165,1080,1920
train,12_1_0554,Left Hand Tool,Forceps,1.0,0.5472,1080,1920
train,02_1_0708,Right Hand Tool,Needle Holders,1.0,1.0,1080,1920
train,06_1_0479,Right Hand Tool,Scissors,0.9732,0.6005,1080,1920
train,01_1_0300,Left Hand Tool,Gauze,1.0,1.0,1080,1920
train,13_1_1109,Right Hand Tool,Tweezers,0.0442,0.0442,1080,1920
train,06_1_0672,Right Hand Tool,Scissors,0.9968,0.9968,1080,1920
train,01_1_0554,Right Hand Tool,Bipolar Forceps,0.9998,0.9998,1080,1920
train,01_1_0588,Left Hand Tool,Gauze,1.0,0.9072,1080,1920
train,02_1_0497,Left Hand Tool,Tweezers,0.9998,0.9689,1080,1920
train,02_1_0599,Left Hand Tool,Tweezers,1.0,0.9969,1080,1920
train,01_1_1030,Left Hand Tool,Tweezers,1.0,1.0,1080,1920
train,02_1_0371,Right Hand Tool,Scalpel,1.0,1.0,1080,1920
train,06_1_1560,Left Hand Tool,Gauze,0.9557,0.2093,1080,1920
train,13_1_0887,Two Hands Tool,Needle Holders,0.9985,0.9985,1080,1920
train,01_1_0592,Right Hand Tool,Bipolar Forceps,1.0,1.0,1080,1920
train,13_1_1059,Two Hands Tool,Needle Holders,1.0,1.0,1080,1920
train,06_1_0753,Left Hand Tool,Tweezers,0.8902,0.8902,1080,1920
train,01_1_0270,Two Hands Tool,Syringe,1.0,1.0,1080,1920
train,11_1_1154,Right Hand Tool,Needle Holders,1.0,1.0,1080,1920
train,01_1_1084,Left Hand Tool,Tweezers,1.0,1.0,1080,1920
train,06_1_0679,Left Hand Tool,Tweezers,1.0,1.0,1080,1920
train,13_1_0398,Left Hand Tool,Tweezers,0.8529,0.8529,1080,1920
train,13_1_0796,Left Hand Tool,Needle Holders,0.0,0.0,1080,1920
train,11_1_0570,Right Hand Tool,Gauze,1.0,1.0,1080,1920
train,08_1_1184,Right Hand Tool,Scissors,0.9993,0.5195,1080,1920
train,01_1_0888,Right Hand Tool,Needle Holders,0.9989,0.9989,1080,1920
train,08_1_0406,Left Hand Tool,Tweezers,0.9997,0.8751,1080,1920
train,13_1_0893,Left Hand Tool,Tweezers,1.0,1.0,1080,1920
train,15_1_0524,Left Hand Tool,Tweezers,0.9991,0.9705,1080,1920
train,13_1_0629,Left Hand Tool,Scalpel,0.0,0.0,1080,1920
train,01_1_0686,Right Hand Tool,Needle Holders,0.9993,0.9993,1080,1920
train,13_1_0521,Right Hand Tool,Tweezers,0.2071,0.2071,1080,1920
train,13_1_0750,Left Hand Tool,Tweezers,1.0,1.0,1080,1920
train,13_1_0567,Right Hand Tool,Electric Cautery,1.0,1.0,1080,1920
train,13_1_0439,Left Hand Tool,Tweezers,1.0,1.0,1080,1920
train,01_1_1224,Left Hand Tool,Tweezers,0.9992,0.9992,1080,1920
train,02_1_0618,Right Hand Tool,Needle Holders,0.9984,0.8423,1080,1920
train,13_1_1052,Right Hand Tool,Tweezers,0.4562,0.4562,1080,1920
train,02_1_0444,Right Hand Tool,Gauze,0.9941,0.9941,1080,1920
train,13_1_0197,Left Hand Tool,Tweezers,1.0,0.5641,1080,1920
train,08_1_1479,Right Hand Tool,Needle Holders,1.0,0.6874,1080,1920
train,01_1_1048,Left Hand Tool,Tweezers,1.0,1.0,1080,1920
train,13_1_0539,Right Hand Tool,Scissors,1.0,1.0,1080,1920
train,08_1_1125,Right Hand Tool,Scissors,0.9786,0.6532,1080,1920
train,01_1_0252,Right Hand Tool,Syringe,1.0,1.0,1080,1920
train,13_1_1076,Right Hand Tool,Needle Holders,1.0,0.9868,1080,1920
train,13_1_0753,Right Hand Tool,Needle Holders,1.0,0.8587,1080,1920
train,08_1_1475,Right Hand Tool,Needle Holders,0.999,0.4026,1080,1920
train,01_1_0318,Left Hand Tool,Gauze,0.9958,0.9958,1080,1920
train,11_1_1063,Right Hand Tool,Needle Holders,1.0,1.0,1080,1920
train,11_1_0515,Right Hand Tool,Gauze,1.0,0.304,1080,1920
train,15_1_0553,Right Hand Tool,Raspatory,1.0,0.8495,1080,1920
train,11_1_0724,Left Hand Tool,Tweezers,1.0,0.9972,1080,1920
train,06_1_0289,Two Hands Tool,Syringe,1.0,0.8172,1080,1920
train,11_1_0456,Left Hand Tool,Tweezers,1.0,1.0,1080,1920
train,13_1_0477,Left Hand Tool,Tweezers,0.0153,0.0153,1080,1920
train,08_1_1251,Left Hand Tool,Tweezers,0.999,0.776,1080,1920
train,02_1_0692,Right Hand Tool,Needle Holders,1.0,1.0,1080,1920
train,01_1_0463,Left Hand Tool,Tweezers,0.9355,0.6337,1080,1920
train,11_1_0934,Left Hand Tool,Retractor,1.0,1.0,1080,1920
train,11_1_0999,Left Hand Tool,Tweezers,1.0,1.0,1080,1920
train,02_1_0611,Right Hand Tool,Needle Holders,0.9449,0.9449,1080,1920
train,12_1_0661,Left Hand Tool,Gauze,1.0,0.1596,1080,1920
train,13_1_0945,Right Hand Tool,Scalpel,1.0,1.0,1080,1920
train,11_1_1159,Left Hand Tool,Tweezers,1.0,1.0,1080,1920
train,08_1_1032,Right Hand Tool,Scalpel,1.0,0.1354,1080,1920
train,12_1_0660,Left Hand Tool,Gauze,1.0,0.2297,1080,1920
train,01_1_1127,Right Hand Tool,Needle Holders,1.0,1.0,1080,1920
train,08_1_0597,Left Hand Tool,Tweezers,0.9826,0.0959,1080,1920
train,01_1_0447,Right Hand Tool,Scissors,0.9698,0.9648,1080,1920
train,06_1_1346,Right Hand Tool,Gauze,0.9992,0.0016,1080,1920
train,12_1_0662,Left Hand Tool,Needle Holders,1.0,1.0,1080,1920
train,13_1_0388,Left Hand Tool,Tweezers,1.0,1.0,1080,1920
train,06_1_0892,Right Hand Tool,Scissors,0.9932,0.9819,1080,1920
train,15_1_0346,Right Hand Tool,Scissors,0.996,0.9693,1080,1920
train,01_1_0537,Right Hand Tool,Scissors,0.9889,0.8599,1080,1920
train,06_1_1152,Left Hand Tool,Tweezers,0.9826,0.7097,1080,1920
train,13_1_1055,Right Hand Tool,Needle Holders,0.0,0.0,1080,1920
train,13_1_0952,Left Hand Tool,Tweezers,1.0,1.0,1080,1920
train,11_1_0856,Left Hand Tool,Tweezers,1.0,0.9602,1080,1920
train,13_1_1025,Left Hand Tool,Tweezers,1.0,1.0,1080,1920
train,11_1_0389,Left Hand Tool,Tweezers,1.0,1.0,1080,1920
train,06_1_0466,Right Hand Tool,Scalpel,1.0,0.8801,1080,1920
train,08_1_0443,Right Hand Tool,Raspatory,0.9956,0.1014,1080,1920
train,13_1_0755,Right Hand Tool,Needle Holders,1.0,1.0,1080,1920
train,13_1_0439,Right Hand Tool,Scalpel,0.9963,0.9963,1080,1920
train,01_1_0583,Left Hand Tool,Gauze,0.9997,0.9824,1080,1920
train,11_1_0821,Right Hand Tool,Gauze,1.0,0.7589,1080,1920
train,01_1_0713,Left Hand Tool,Tweezers,1.0,0.7585,1080,1920
train,06_1_0375,Right Hand Tool,Scalpel,1.0,0.8937,1080,1920
train,01_1_0512,Left Hand Tool,Tweezers,0.9996,0.9996,1080,1920
train,13_1_0718,Left Hand Tool,Tweezers,0.0,0.0,1080,1920
train,11_1_0610,Right Hand Tool,Scissors,1.0,1.0,1080,1920
train,06_1_1394,Right Hand Tool,Scissors,0.9964,0.7957,1080,1920
train,06_1_0676,Right Hand Tool,Scissors,0.9946,0.9946,1080,1920
train,13_1_0409,Left Hand Tool,Needle Holders,0.474,0.0355,1080,1920
train,08_1_1226,Left Hand Tool,Tweezers,0.9967,0.6766,1080,1920
train,01_1_0677,Right Hand Tool,Needle Holders,0.9992,0.9992,1080,1920
train,11_1_0502,Left Hand Tool,Retractor,1.0,1.0,1080,1920
train,02_1_0706,Right Hand Tool,Needle Holders,0.9703,0.9651,1080,1920
train,08_1_1157,Left Hand Tool,Suction Cannula,0.9952,0.7439,1080,1920
train,12_1_0510,Left Hand Tool,Hook,1.0,1.0,1080,1920
train,06_1_1364,Right Hand Tool,Needle Holders,0.9997,0.7329,1080,1920
train,01_1_1002,Right Hand Tool,Needle Holders,0.9044,0.9044,1080,1920
train,13_1_0752,Left Hand Tool,Tweezers,0.1097,0.1097,1080,1920
train,11_1_0699,Right Hand Tool,Scissors,1.0,0.9607,1080,1920
train,12_1_0379,Left Hand Tool,Tweezers,1.0,1.0,1080,1920
train,11_1_1133,Left Hand Tool,Tweezers,1.0,1.0,1080,1920
train,06_1_0361,Two Hands Tool,Scalpel,1.0,0.8637,1080,1920
train,06_1_0915,Right Hand Tool,Scissors,0.9975,0.9975,1080,1920
train,12_1_1030,Right Hand Tool,Suction Cannula,1.0,0.4692,1080,1920
train,13_1_0463,Right Hand Tool,Electric Cautery,1.0,1.0,1080,1920
train,01_1_1257,Right Hand Tool,Needle Holders,0.9979,0.9979,1080,1920
train,12_1_0824,Right Hand Tool,Suction Cannula,1.0,0.7509,1080,1920
train,01_1_0858,Right Hand Tool,Needle Holders,0.9966,0.9966,1080,1920
train,01_1_1075,Left Hand Tool,Tweezers,0.9923,0.9898,1080,1920
train,13_1_0491,Right Hand Tool,Scissors,1.0,1.0,1080,1920
train,06_1_1273,Right Hand Tool,Needle Holders,0.9228,0.3367,1080,1920
train,11_1_0842,Left Hand Tool,Gauze,1.0,0.7881,1080,1920
train,13_1_1135,Right Hand Tool,Needle Holders,1.0,1.0,1080,1920
train,15_1_0664,Left Hand Tool,Tweezers,0.9966,0.9923,1080,1920
train,01_1_0731,Right Hand Tool,Scalpel,0.9988,0.9988,1080,1920
train,08_1_1106,Right Hand Tool,Scissors,0.9973,0.6849,1080,1920
train,01_1_0819,Left Hand Tool,Tweezers,0.9998,0.9998,1080,1920
train,08_1_1051,Right Hand Tool,Scissors,0.9851,0.2846,1080,1920
train,01_1_0553,Right Hand Tool,Bipolar Forceps,0.9998,0.9972,1080,1920
train,13_1_0393,Right Hand Tool,Tweezers,0.0,0.0,1080,1920
train,13_1_0663,Two Hands Tool,Needle Holders,0.2214,0.2214,1080,1920
train,13_1_1060,Right Hand Tool,Needle Holders,1.0,1.0,1080,1920
train,11_1_1284,Left Hand Tool,Scissors,0.5436,0.5436,1080,1920
train,08_1_1076,Right Hand Tool,Scalpel,0.9676,0.2545,1080,1920
train,08_1_0855,Left Hand Tool,Suction Cannula,0.9958,0.7964,1080,1920
train,08_1_0424,Right Hand Tool,Scissors,0.9754,0.9462,1080,1920
train,13_1_1038,Right Hand Tool,Gauze,0.0524,0.0524,1080,1920
train,06_1_0677,Left Hand Tool,Tweezers,1.0,1.0,1080,1920
train,01_1_0504,Left Hand Tool,Tweezers,1.0,1.0,1080,1920
train,11_1_0554,Left Hand Tool,Gauze,1.0,1.0,1080,1920
train,15_1_0336,Right Hand Tool,Scalpel,1.0,1.0,1080,1920
train,06_1_0707,Right Hand Tool,Raspatory,0.9966,0.9966,1080,1920
train,13_1_0682,Left Hand Tool,Gauze,0.479,0.1518,1080,1920
train,13_1_1035,Two Hands Tool,Needle Holders,1.0,0.9799,1080,1920
train,02_1_0384,Right Hand Tool,Scalpel,0.9965,0.5966,1080,1920
train,01_1_0573,Right Hand Tool,Bipolar Forceps,1.0,1.0,1080,1920
train,06_1_0573,Right Hand Tool,Raspatory,0.9216,0.8439,1080,1920
train,11_1_1241,Left Hand Tool,Tweezers,1.0,1.0,1080,1920
train,06_1_0382,Left Hand Tool,Suction Cannula,1.0,0.479,1080,1920
train,06_1_0690,Right Hand Tool,Raspatory,0.9955,0.9717,1080,1920
train,13_1_0751,Left Hand Tool,Tweezers,1.0,1.0,1080,1920
train,01_1_0745,Right Hand Tool,Scissors,0.9781,0.9781,1080,1920
train,13_1_0747,Left Hand Tool,Tweezers,1.0,0.3151,1080,1920
train,02_1_0470,Left Hand Tool,Tweezers,0.9979,0.9979,1080,1920
train,15_1_0179,Right Hand Tool,Syringe,1.0,1.0,1080,1920
train,11_1_1162,Left Hand Tool,Tweezers,1.0,1.0,1080,1920
train,11_1_1287,Left Hand Tool,Tweezers,1.0,1.0,1080,1920
train,13_1_1051,Right Hand Tool,Tweezers,0.2037,0.2037,1080,1920
train,06_1_0373,Left Hand Tool,Suction Cannula,1.0,0.5169,1080,1920
train,13_1_1077,Left Hand Tool,Tweezers,1.0,1.0,1080,1920
train,08_1_0758,Left Hand Tool,Suction Cannula,0.9959,0.6931,1080,1920
train,11_1_0810,Right Hand Tool,Suction Cannula,0.0,0.0,1080,1920
train,08_1_1130,Two Hands Tool,Scissors,0.9989,0.9989,1080,1920
train,11_1_0786,Left Hand Tool,Gauze,1.0,0.5557,1080,1920
train,13_1_0600,Left Hand Tool,Tweezers,1.0,1.0,1080,1920
train,02_1_0456,Left Hand Tool,Tweezers,0.983,0.9507,1080,1920
train,11_1_0867,Left Hand Tool,Tweezers,1.0,0.4475,1080,1920
train,13_1_0955,Left Hand Tool,Tweezers,0.0372,0.0372,1080,1920
train,13_1_0971,Right Hand Tool,Needle Holders,1.0,1.0,1080,1920
train,15_1_0178,Left Hand Tool,Gauze,1.0,1.0,1080,1920
train,12_1_0496,Two Hands Tool,Suction Cannula,1.0,0.4668,1080,1920
train,06_1_1204,Left Hand Tool,Tweezers,0.9913,0.9049,1080,1920
train,13_1_1042,Left Hand Tool,Gauze,0.0081,0.0081,1080,1920
train,08_1_0428,Left Hand Tool,Tweezers,1.0,0.9133,1080,1920
train,06_1_0634,Left Hand Tool,Tweezers,0.9919,0.8041,1080,1920
train,13_1_0278,Right Hand Tool,Scalpel,1.0,1.0,1080,1920
train,15_1_0191,Left Hand Tool,Gauze,0.8609,0.8609,1080,1920
train,02_1_0494,Right Hand Tool,Bipolar Forceps,0.9951,0.6647,1080,1920
train,08_1_1288,Left Hand Tool,Retractor,0.976,0.2501,1080,1920
train,11_1_0583,Left Hand Tool,Tweezers,1.0,1.0,1080,1920
train,06_1_0378,Right Hand Tool,Scalpel,1.0,0.8805,1080,1920
train,01_1_1010,Left Hand Tool,Tweezers,0.9877,0.9877,1080,1920
train,13_1_0861,Right Hand Tool,Needle Holders,0.4231,0.4231,1080,1920
train,08_1_1030,Right Hand Tool,Scalpel,0.9967,0.7291,1080,1920
train,13_1_0286,Right Hand Tool,Electric Cautery,1.0,0.6237,1080,1920
train,06_1_0439,Right Hand Tool,Bipolar Forceps,0.9947,0.5439,1080,1920
train,01_1_0543,Left Hand Tool,Tweezers,0.9984,0.9984,1080,1920
train,13_1_1048,Two Hands Tool,Tweezers,0.3666,0.3666,1080,1920
train,13_1_0434,Right Hand Tool,Scalpel,1.0,1.0,1080,1920
train,01_1_1125,Left Hand Tool,Tweezers,1.0,1.0,1080,1920
train,13_1_1045,Left Hand Tool,Tweezers,1.0,1.0,1080,1920
train,08_1_1193,Left Hand Tool,Tweezers,1.0,0.7973,1080,1920
train,02_1_0674,Right Hand Tool,Gauze,0.971,0.2696,1080,1920
train,11_1_0579,Right Hand Tool,Scissors,1.0,1.0,1080,1920
train,01_1_1246,Right Hand Tool,Needle Holders,0.9944,0.9944,1080,1920
train,08_1_0861,Right Hand Tool,Scissors,0.9949,0.8198,1080,1920
train,13_1_0347,Right Hand Tool,Gauze,0.0,0.0,1080,1920
train,08_1_1466,Left Hand Tool,Forceps,0.9979,0.6975,1080,1920
train,01_1_0341,Right Hand Tool,Scalpel,0.9766,0.9114,1080,1920
train,08_1_0479,Right Hand Tool,Raspatory,1.0,0.9888,1080,1920
train,15_1_0629,Left Hand Tool,Tweezers,0.9985,0.9961,1080,1920
train,06_1_0428,Right Hand Tool,Scissors,0.9799,0.9799,1080,1920
train,13_1_0599,Right Hand Tool,Needle Holders,1.0,0.995,1080,1920
train,11_1_0830,Left Hand Tool,Tweezers,1.0,0.1635,1080,1920
train,08_1_0489,Right Hand Tool,Scissors,0.9855,0.4336,1080,1920
train,01_1_0632,Left Hand Tool,Tweezers,1.0,1.0,1080,1920
train,08_1_1595,Right Hand Tool,Needle Holders,0.9624,0.9624,1080,1920
train,08_1_0618,Left Hand Tool,Tweezers,0.9966,0.8701,1080,1920
train,15_1_0649,Right Hand Tool,Raspatory,0.9992,0.9955,1080,1920
train,12_1_0200,Left Hand Tool,Suction Cannula,1.0,0.2747,1080,1920
train,01_1_1059,Right Hand Tool,Needle Holders,0.9958,0.9958,1080,1920
train,13_1_0540,Right Hand Tool,Scissors,0.0,0.0,1080,1920
train,13_1_0300,Right Hand Tool,Gauze,0.161,0.161,1080,1920
train,11_1_0464,Left Hand Tool,Tweezers,1.0,1.0,1080,1920
train,15_1_0624,Left Hand Tool,Tweezers,1.0,1.0,1080,1920
train,13_1_0717,Right Hand Tool,Needle Holders,1.0,0.9998,1080,1920
train,01_1_0962,Right Hand Tool,Tweezers,1.0,1.0,1080,1920
train,06_1_0398,Left Hand Tool,Suction Cannula,1.0,0.5048,1080,1920
train,13_1_1056,Right Hand Tool,Needle Holders,1.0,0.9637,1080,1920
train,11_1_0639,Left Hand Tool,Tweezers,1.0,0.7764,1080,1920
train,12_1_0444,Left Hand Tool,Tweezers,1.0,1.0,1080,1920
train,06_1_0579,Left Hand Tool,Suction Cannula,1.0,0.9675,1080,1920
train,01_1_1202,Left Hand Tool,Tweezers,0.9852,0.9852,1080,1920
train,11_1_0719,Right Hand Tool,Scissors,1.0,0.6537,1080,1920
train,11_1_0512,Right Hand Tool,Scissors,1.0,0.4077,1080,1920
train,11_1_0857,Left Hand Tool,Tweezers,1.0,0.6313,1080,1920
train,01_1_0667,Left Hand Tool,Tweezers,0.9965,0.9965,1080,1920
train,15_1_0515,Right Hand Tool,Raspatory,0.9958,0.9193,1080,1920
train,15_1_0436,Right Hand Tool,Raspatory,0.9988,0.9987,1080,1920
train,15_1_0535,Left Hand Tool,Tweezers,1.0,0.892,1080,1920
train,01_1_0964,Left Hand Tool,Tweezers,0.9962,0.9962,1080,1920
train,01_1_0972,Right Hand Tool,Needle Holders,1.0,1.0,1080,1920
train,01_1_0534,Left Hand Tool,Tweezers,0.9358,0.9358,1080,1920
train,06_1_1222,Right Hand Tool,Needle Holders,1.0,0.7601,1080,1920
train,06_1_0519,Right Hand Tool,Bipolar Forceps,0.9847,0.931,1080,1920
train,08_1_0590,Right Hand Tool,Scissors,0.9843,0.1968,1080,1920
train,11_1_1077,Right Hand Tool,Needle Holders,1.0,1.0,1080,1920
train,13_1_1034,Right Hand Tool,Needle Holders,1.0,1.0,1080,1920
train,08_1_1592,Left Hand Tool,Suction Cannula,0.998,0.8132,1080,1920
train,08_1_1404,Left Hand Tool,Needle Holders,0.9922,0.9671,1080,1920
train,15_1_0434,Right Hand Tool,Raspatory,0.9982,0.9982,1080,1920
train,13_1_0827,Left Hand Tool,Tweezers,1.0,1.0,1080,1920
train,08_1_0518,Right Hand Tool,Raspatory,0.999,0.9967,1080,1920
train,01_1_0946,Right Hand Tool,Needle Holders,0.947,0.947,1080,1920
train,08_1_0554,Right Hand Tool,Mouth Gag,0.9824,0.021,1080,1920
train,12_1_0528,Left Hand Tool,Forceps,1.0,0.4716,1080,1920
train,08_1_0555,Left Hand Tool,Suction Cannula,0.987,0.4657,1080,1920
train,01_1_0712,Left Hand Tool,Tweezers,1.0,1.0,1080,1920
train,13_1_0262,Right Hand Tool,Bipolar Forceps,0.9886,0.9886,1080,1920
train,15_1_0665,Left Hand Tool,Tweezers,0.9926,0.9926,1080,1920
train,15_1_0270,Right Hand Tool,Scissors,0.9993,0.9993,1080,1920
train,13_1_1167,Left Hand Tool,Needle Holders,0.3097,0.0035,1080,1920
train,02_1_0707,Left Hand Tool,Tweezers,1.0,0.9997,1080,1920
train,13_1_0987,Left Hand Tool,Tweezers,0.0,0.0,1080,1920
train,11_1_0824,Left Hand Tool,Tweezers,1.0,0.2059,1080,1920
train,15_1_0568,Left Hand Tool,Tweezers,0.998,0.998,1080,1920
train,11_1_0521,Right Hand Tool,Scissors,1.0,1.0,1080,1920
train,01_1_0760,Left Hand Tool,Tweezers,0.999,0.7282,1080,1920
train,08_1_0550,Right Hand Tool,Mouth Gag,0.9807,0.0639,1080,1920
train,13_1_0692,Right Hand Tool,Needle Holders,1.0,1.0,1080,1920
train,06_1_0912,Left Hand Tool,Tweezers,0.9851,0.9851,1080,1920
train,13_1_0493,Right Hand Tool,Scissors,1.0,1.0,1080,1920
train,15_1_0667,Right Hand Tool,Raspatory,0.9983,0.9983,1080,1920
train,13_1_0571,Right Hand Tool,Tweezers,0.5659,0.4719,1080,1920
train,13_1_0855,Left Hand Tool,Tweezers,0.064,0.064,1080,1920
train,01_1_1035,Left Hand Tool,Tweezers,0.9836,0.9836,1080,1920
train,15_1_0435,Right Hand Tool,Raspatory,0.9977,0.9977,1080,1920
train,13_1_1162,Left Hand Tool,Tweezers,1.0,1.0,1080,1920
train,13_1_0934,Left Hand Tool,Tweezers,1.0,1.0,1080,1920
train,08_1_0329,Right Hand Tool,Scalpel,0.9973,0.8319,1080,1920
train,01_1_0500,Left Hand Tool,Gauze,0.9944,0.9327,1080,1920
train,15_1_0586,Left Hand Tool,Tweezers,0.9835,0.9835,1080,1920
train,08_1_0582,Right Hand Tool,Scissors,1.0,0.5004,1080,1920
train,11_1_1047,Left Hand Tool,Tweezers,1.0,1.0,1080,1920
train,06_1_1052,Left Hand Tool,Tweezers,1.0,0.847,1080,1920
train,15_1_0335,Left Hand Tool,Tweezers,1.0,0.9976,1080,1920
train,06_1_0852,Right Hand Tool,Scissors,0.9881,0.8626,1080,1920
train,11_1_0829,Left Hand Tool,Gauze,1.0,0.4744,1080,1920
train,02_1_0627,Left Hand Tool,Tweezers,1.0,1.0,1080,1920
train,01_1_0968,Right Hand Tool,Needle Holders,1.0,1.0,1080,1920
train,01_1_0816,Right Hand Tool,Needle Holders,0.9978,0.9978,1080,1920
train,13_1_1031,Right Hand Tool,Needle Holders,1.0,1.0,1080,1920
train,02_1_0609,Left Hand Tool,Tweezers,0.8003,0.8003,1080,1920
train,13_1_1137,Right Hand Tool,Needle Holders,1.0,1.0,1080,1920
train,13_1_0382,Left Hand Tool,Tweezers,1.0,1.0,1080,1920
train,02_1_0648,Left Hand Tool,Tweezers,0.9984,0.9984,1080,1920
train,08_1_1111,Right Hand Tool,Scissors,0.9944,0.7577,1080,1920
train,11_1_0991,Left Hand Tool,Gauze,1.0,0.9998,1080,1920
train,13_1_0837,Right Hand Tool,Scissors,0.5464,0.5464,1080,1920
train,02_1_0620,Left Hand Tool,Tweezers,0.9946,0.9946,1080,1920
train,02_1_0294,Two Hands Tool,Syringe,0.9891,0.9891,1080,1920
train,06_1_1153,Left Hand Tool,Needle Holders,1.0,0.5241,1080,1920
train,13_1_0471,Left Hand Tool,Tweezers,0.4542,0.4542,1080,1920
train,13_1_0452,Left Hand Tool,Tweezers,0.6904,0.6678,1080,1920
train,13_1_0923,Right Hand Tool,Scalpel,0.0049,0.0049,1080,1920
train,13_1_0448,Left Hand Tool,Scalpel,0.0,0.0,1080,1920
train,11_1_0777,Right Hand Tool,Gauze,1.0,0.2793,1080,1920
train,15_1_0301,Left Hand Tool,Tweezers,0.9989,0.9989,1080,1920
train,01_1_0468,Left Hand Tool,Tweezers,1.0,0.9352,1080,1920
train,11_1_0392,Left Hand Tool,Tweezers,1.0,0.9823,1080,1920
train,11_1_0452,Right Hand Tool,Scissors,1.0,0.4555,1080,1920
train,11_1_0675,Left Hand Tool,Tweezers,1.0,1.0,1080,1920
train,02_1_0472,Left Hand Tool,Tweezers,1.0,1.0,1080,1920
train,06_1_1393,Right Hand Tool,Scissors,0.9985,0.8152,1080,1920
train,15_1_0307,Left Hand Tool,Tweezers,1.0,0.2574,1080,1920
train,13_1_0782,Left Hand Tool,Tweezers,0.148,0.148,1080,1920
train,13_1_0702,Left Hand Tool,Needle Holders,0.0,0.0,1080,1920
train,13_1_0486,Left Hand Tool,Scissors,0.0,0.0,1080,1920
train,11_1_0681,Right Hand Tool,Gauze,1.0,0.7791,1080,1920
train,01_1_0854,Right Hand Tool,Needle Holders,1.0,1.0,1080,1920
train,08_1_1050,Left Hand Tool,Suction Cannula,0.9998,0.9029,1080,1920
train,15_1_0299,Left Hand Tool,Tweezers,1.0,1.0,1080,1920
train,12_1_0663,Left Hand Tool,Gauze,1.0,0.1026,1080,1920
train,12_1_1128,Right Hand Tool,Suction Cannula,1.0,1.0,1080,1920
train,08_1_0502,Right Hand Tool,Mouth Gag,1.0,0.0074,1080,1920
train,13_1_0767,Left Hand Tool,Tweezers,1.0,1.0,1080,1920
train,11_1_0678,Right Hand Tool,Gauze,1.0,0.905,1080,1920
train,11_1_1054,Right Hand Tool,Needle Holders,1.0,1.0,1080,1920
train,11_1_0689,Right Hand Tool,Scissors,1.0,0.6096,1080,1920
train,01_1_0375,Left Hand Tool,Tweezers,1.0,0.9775,1080,1920
train,12_1_0616,Right Hand Tool,Gauze,1.0,0.454,1080,1920
train,13_1_0794,Left Hand Tool,Tweezers,0.0368,0.0368,1080,1920
train,01_1_0552,Left Hand Tool,Gauze,0.9748,0.8817,1080,1920
train,06_1_1066,Right Hand Tool,Bipolar Forceps,0.9984,0.5365,1080,1920
train,02_1_0684,Left Hand Tool,Tweezers,0.9405,0.9405,1080,1920
train,06_1_0415,Right Hand Tool,Scissors,0.9849,0.8389,1080,1920
train,11_1_0461,Left Hand Tool,Tweezers,1.0,1.0,1080,1920
train,06_1_0695,Left Hand Tool,Tweezers,0.946,0.946,1080,1920
train,06_1_0768,Left Hand Tool,Tweezers,0.995,0.9539,1080,1920
train,11_1_1129,Right Hand Tool,Needle Holders,1.0,1.0,1080,1920
train,15_1_0306,Right Hand Tool,Scissors,0.9771,0.9733,1080,1920
train,01_1_0683,Right Hand Tool,Needle Holders,1.0,1.0,1080,1920
train,11_1_0833,Left Hand Tool,Tweezers,1.0,0.2633,1080,1920
train,11_1_0610,Left Hand Tool,Tweezers,1.0,1.0,1080,1920
train,02_1_0474,Left Hand Tool,Tweezers,1.0,0.9998,1080,1920
train,08_1_0530,Right Hand Tool,Scissors,0.9588,0.7564,1080,1920
train,13_1_0855,Left Hand Tool,Tweezers,1.0,0.9981,1080,1920
train,08_1_0475,Right Hand Tool,Mouth Gag,1.0,0.001,1080,1920
train,06_1_1349,Right Hand Tool,Needle Holders,0.9954,0.6905,1080,1920
train,01_1_1260,Left Hand Tool,Tweezers,1.0,1.0,1080,1920
train,11_1_1269,Left Hand Tool,Tweezers,1.0,1.0,1080,1920
train,01_1_0481,Right Hand Tool,Scalpel,1.0,1.0,1080,1920
train,08_1_0475,Left Hand Tool,Suction Cannula,1.0,0.8372,1080,1920
train,11_1_0870,Left Hand Tool,Tweezers,1.0,1.0,1080,1920
train,13_1_0821,Right Hand Tool,Scalpel,0.9324,0.9324,1080,1920
train,08_1_0709,Left Hand Tool,Tweezers,0.9639,0.0265,1080,1920
train,15_1_0662,Right Hand Tool,Raspatory,0.9979,0.9977,1080,1920
train,06_1_1129,Right Hand Tool,Scissors,0.9986,0.9545,1080,1920
train,01_1_0738,Left Hand Tool,Tweezers,0.9909,0.9892,1080,1920
train,12_1_1038,Right Hand Tool,Suction Cannula,1.0,1.0,1080,1920
train,06_1_0287,Right Hand Tool,Syringe,0.9471,0.9471,1080,1920
train,01_1_1045,Left Hand Tool,Tweezers,0.9672,0.9672,1080,1920
train,06_1_1468,Left Hand Tool,Mouth Gag,0.9994,0.0342,1080,1920
train,01_1_0526,Left Hand Tool,Tweezers,1.0,1.0,1080,1920
train,11_1_1060,Right Hand Tool,Needle Holders,1.0,1.0,1080,1920
train,01_1_1164,Left Hand Tool,Tweezers,0.9994,0.9994,1080,1920
train,02_1_0529,Left Hand Tool,Tweezers,0.9739,0.9739,1080,1920
train,08_1_0692,Left Hand Tool,Mouth Gag,1.0,0.0297,1080,1920
train,15_1_0242,Right Hand Tool,Scalpel,0.9986,0.9986,1080,1920
train,13_1_0314,Left Hand Tool,Tweezers,0.4326,0.2791,1080,1920
train,11_1_1048,Right Hand Tool,Needle Holders,1.0,1.0,1080,1920
train,06_1_1472,Left Hand Tool,Suction Cannula,1.0,0.9614,1080,1920
train,01_1_0890,Right Hand Tool,Needle Holders,0.9974,0.9974,1080,1920
train,02_1_0308,Two Hands Tool,Syringe,0.994,0.9541,1080,1920
train,15_1_0632,Left Hand Tool,Tweezers,1.0,1.0,1080,1920
train,01_1_0443,Left Hand Tool,Tweezers,0.9981,0.5292,1080,1920
train,13_1_0673,Left Hand Tool,Needle Holders,0.0,0.0,1080,1920
train,11_1_1279,Right Hand Tool,Needle Holders,1.0,1.0,1080,1920
train,11_1_0684,Right Hand Tool,Gauze,1.0,1.0,1080,1920
train,01_1_0408,Right Hand Tool,Bipolar Forceps,0.997,0.9116,1080,1920
train,01_1_0650,Left Hand Tool,Tweezers,0.9994,0.9994,1080,1920
train,01_1_0473,Left Hand Tool,Tweezers,1.0,0.995,1080,1920
train,11_1_1149,Left Hand Tool,Tweezers,1.0,0.7388,1080,1920
train,13_1_0921,Left Hand Tool,Tweezers,0.2557,0.2557,1080,1920
train,11_1_1184,Left Hand Tool,Tweezers,1.0,1.0,1080,1920
train,08_1_1068,Right Hand Tool,Scissors,0.9977,0.9903,1080,1920
train,13_1_1118,Right Hand Tool,Needle Holders,1.0,1.0,1080,1920
train,11_1_0630,Left Hand Tool,Tweezers,1.0,0.9994,1080,1920
train,15_1_0566,Right Hand Tool,Raspatory,0.9993,0.9975,1080,1920
train,11_1_0537,Right Hand Tool,Scissors,1.0,1.0,1080,1920
train,12_1_0618,Right Hand Tool,Suction Cannula,1.0,0.1246,1080,1920
train,06_1_0454,Right Hand Tool,Bipolar Forceps,0.9992,0.7609,1080,1920
train,01_1_0479,Right Hand Tool,Scalpel,1.0,1.0,1080,1920
train,11_1_1065,Right Hand Tool,Needle Holders,1.0,1.0,1080,1920
train,01_1_0684,Left Hand Tool,Tweezers,0.999,0.999,1080,1920
train,06_1_0857,Left Hand Tool,Tweezers,1.0,0.9752,1080,1920
train,08_1_0872,Left Hand Tool,Suction Cannula,0.855,0.7123,1080,1920
train,02_1_0443,Right Hand Tool,Gauze,0.9955,0.9955,1080,1920
train,01_1_0978,Right Hand Tool,Needle Holders,1.0,1.0,1080,1920
train,01_1_0729,Left Hand Tool,Tweezers,1.0,1.0,1080,1920
train,13_1_0715,Left Hand Tool,Tweezers,0.0,0.0,1080,1920
train,01_1_0455,Right Hand Tool,Scissors,0.9878,0.5268,1080,1920
train,06_1_1198,Left Hand Tool,Tweezers,0.9869,0.6478,1080,1920
train,06_1_0552,Left Hand Tool,Suction Cannula,1.0,0.9827,1080,1920
train,13_1_0334,Right Hand Tool,Scalpel,0.1396,0.0605,1080,1920
train,13_1_0462,Left Hand Tool,Tweezers,1.0,1.0,1080,1920
train,13_1_0299,Right Hand Tool,Gauze,0.0,0.0,1080,1920
train,08_1_1241,Right Hand Tool,Tweezers,1.0,0.2093,1080,1920
train,02_1_0167,Right Hand Tool,Skewer,0.0,0.0,1080,1920
train,15_1_0560,Left Hand Tool,Tweezers,0.9994,0.9994,1080,1920
train,15_1_0492,Two Hands Tool,Raspatory,1.0,1.0,1080,1920
train,08_1_1365,Two Hands Tool,Needle Holders,0.9976,0.7024,1080,1920
train,13_1_0138,Right Hand Tool,Scalpel,1.0,0.9662,1080,1920
train,01_1_0727,Left Hand Tool,Tweezers,1.0,1.0,1080,1920
train,13_1_1156,Left Hand Tool,Tweezers,1.0,1.0,1080,1920
train,12_1_1133,Right Hand Tool,Suction Cannula,1.0,1.0,1080,1920
val,10_1_0695,Right Hand Tool,Scissors,1.0,0.9927,1080,1920
val,09_1_0577,Left Hand Tool,Gauze,1.0,0.8036,1080,1920
val,10_1_0927,Left Hand Tool,Tweezers,0.031,0.0306,1080,1920
val,10_1_0604,Left Hand Tool,Suction Cannula,0.9982,0.8845,1080,1920
val,10_1_0534,Left Hand Tool,Tweezers,0.9879,0.7391,1080,1920
val,09_1_0675,Left Hand Tool,Forceps,0.9176,0.4669,1080,1920
val,10_1_0495,Left Hand Tool,Suction Cannula,1.0,0.9086,1080,1920
val,09_1_0791,Left Hand Tool,Gauze,1.0,0.9268,1080,1920
val,09_1_0524,Right Hand Tool,Scalpel,0.9999,0.9999,1080,1920
val,10_1_0489,Right Hand Tool,Scissors,0.9787,0.8766,1080,1920
val,10_1_0481,Right Hand Tool,Raspatory,0.9993,0.8517,1080,1920
val,09_1_0661,Right Hand Tool,Scissors,0.9938,0.7976,1080,1920
val,09_1_0632,Left Hand Tool,Gauze,1.0,0.9725,1080,1920
val,10_1_0550,Left Hand Tool,Tweezers,1.0,0.6759,1080,1920
val,10_1_0882,Right Hand Tool,Needle Holders,0.9971,0.8952,1080,1920
val,10_1_1187,Two Hands Tool,Bipolar Forceps,0.9982,0.8641,1080,1920
val,10_1_0969,Left Hand Tool,Suction Cannula,0.9964,0.8384,1080,1920
val,10_1_1628,Left Hand Tool,Tweezers,1.0,0.599,1080,1920
val,10_1_1423,Left Hand Tool,Tweezers,1.0,0.9301,1080,1920
val,09_1_0990,Right Hand Tool,Scissors,1.0,1.0,1080,1920
val,09_1_0581,Right Hand Tool,Scalpel,1.0,0.9584,1080,1920
val,10_1_1112,Two Hands Tool,Needle Holders,0.9976,0.9976,1080,1920
val,09_1_0402,Two Hands Tool,Syringe,0.9982,0.9982,1080,1920
val,09_1_0648,Left Hand Tool,Tweezers,1.0,0.6849,1080,1920
val,10_1_0357,Left Hand Tool,Suction Cannula,1.0,0.5945,1080,1920
val,10_1_0459,Right Hand Tool,Raspatory,0.9991,0.9721,1080,1920
val,09_1_0674,Left Hand Tool,Gauze,0.9901,0.9821,1080,1920
val,10_1_1472,Left Hand Tool,Tweezers,0.9719,0.9719,1080,1920
val,09_1_0521,Right Hand Tool,Scalpel,0.9963,0.9963,1080,1920
val,10_1_1391,Left Hand Tool,Tweezers,1.0,0.8769,1080,1920
val,10_1_0960,Right Hand Tool,Scissors,0.9995,0.7667,1080,1920
val,10_1_1426,Left Hand Tool,Mouth Gag,0.3743,0.1448,1080,1920
val,09_1_0998,Right Hand Tool,Scissors,0.9989,0.9989,1080,1920
val,10_1_1584,Right Hand Tool,Needle Holders,0.9988,0.792,1080,1920
val,10_1_1390,Left Hand Tool,Tweezers,0.9966,0.8231,1080,1920
val,10_1_1506,Left Hand Tool,Tweezers,1.0,0.8865,1080,1920
val,09_1_0554,Right Hand Tool,Scalpel,0.9998,0.9998,1080,1920
val,09_1_0453,Two Hands Tool,Syringe,0.9961,0.9961,1080,1920
val,10_1_0849,Right Hand Tool,Needle Holders,0.9999,0.4277,1080,1920
val,09_1_0587,Left Hand Tool,Gauze,0.9924,0.4976,1080,1920
val,10_1_0579,Right Hand Tool,Scissors,0.9973,0.9353,1080,1920
val,09_1_0539,Two Hands Tool,Scalpel,0.9997,0.9997,1080,1920
val,09_1_0697,Left Hand Tool,Forceps,0.8949,0.5415,1080,1920
val,10_1_0697,Right Hand Tool,Scissors,1.0,0.9803,1080,1920
val,10_1_1468,Right Hand Tool,Needle Holders,0.9987,0.7939,1080,1920
val,09_1_0449,Two Hands Tool,Syringe,0.993,0.993,1080,1920
val,10_1_0895,Right Hand Tool,Needle Holders,0.9922,0.6883,1080,1920
val,09_1_0414,Two Hands Tool,Syringe,1.0,1.0,1080,1920
val,10_1_1441,Right Hand Tool,Needle Holders,0.9996,0.9996,1080,1920
val,10_1_0892,Left Hand Tool,Tweezers,1.0,1.0,1080,1920
val,10_1_0462,Left Hand Tool,Suction Cannula,0.9782,0.9154,1080,1920
val,10_1_0590,Right Hand Tool,Bipolar Forceps,0.9882,0.5791,1080,1920
val,10_1_0983,Left Hand Tool,Suction Cannula,1.0,1.0,1080,1920
val,09_1_0762,Left Hand Tool,Hook,0.8282,0.8113,1080,1920
val,09_1_0832,Left Hand Tool,Gauze,1.0,1.0,1080,1920
val,10_1_1024,Right Hand Tool,Needle Holders,0.9965,0.9965,1080,1920
val,10_1_1501,Right Hand Tool,Needle Holders,0.999,0.7615,1080,1920
val,10_1_0450,Left Hand Tool,Suction Cannula,1.0,0.9937,1080,1920
val,10_1_0493,Left Hand Tool,Suction Cannula,1.0,0.6645,1080,1920
val,09_1_0387,Two Hands Tool,Syringe,1.0,1.0,1080,1920
val,09_1_1016,Right Hand Tool,Forceps,1.0,0.9504,1080,1920
val,10_1_0275,Two Hands Tool,Syringe,0.9971,0.8419,1080,1920
val,10_1_1438,Right Hand Tool,Needle Holders,1.0,0.4978,1080,1920
val,10_1_0513,Right Hand Tool,Raspatory,0.9866,0.9765,1080,1920
val,10_1_1540,Left Hand Tool,Tweezers,1.0,0.9249,1080,1920
val,09_1_0559,Left Hand Tool,Gauze,0.9982,0.9982,1080,1920
val,09_1_0664,Right Hand Tool,Hook,1.0,0.8976,1080,1920
val,10_1_0398,Left Hand Tool,Suction Cannula,0.9997,0.6107,1080,1920
val,09_1_0638,Right Hand Tool,Scalpel,1.0,1.0,1080,1920
val,10_1_0461,Left Hand Tool,Suction Cannula,0.9518,0.9168,1080,1920
val,10_1_0768,Left Hand Tool,Tweezers,1.0,1.0,1080,1920
val,10_1_0389,Left Hand Tool,Suction Cannula,0.9989,0.6085,1080,1920
val,10_1_0335,Left Hand Tool,Suction Cannula,0.9849,0.5305,1080,1920
val,10_1_0856,Left Hand Tool,Tweezers,0.8802,0.876,1080,1920
val,10_1_0719,Left Hand Tool,Tweezers,0.9993,0.8709,1080,1920
val,10_1_0411,Left Hand Tool,Suction Cannula,1.0,0.8758,1080,1920
val,09_1_0658,Right Hand Tool,Hook,0.9999,0.999,1080,1920
val,10_1_1517,Left Hand Tool,Tweezers,1.0,0.9818,1080,1920
val,10_1_0624,Right Hand Tool,Raspatory,1.0,0.7874,1080,1920
val,10_1_0888,Left Hand Tool,Tweezers,1.0,0.7093,1080,1920
val,10_1_0900,Right Hand Tool,Needle Holders,0.9946,0.6478,1080,1920
val,10_1_1405,Right Hand Tool,Needle Holders,1.0,0.5208,1080,1920
val,10_1_1506,Right Hand Tool,Needle Holders,1.0,0.066,1080,1920
val,10_1_1099,Right Hand Tool,Needle Holders,0.9996,0.7409,1080,1920
val,10_1_1150,Right Hand Tool,Mouth Gag,1.0,0.0104,1080,1920
val,09_1_0557,Right Hand Tool,Scalpel,1.0,1.0,1080,1920
val,10_1_0733,Right Hand Tool,Scissors,0.9995,0.4905,1080,1920
val,10_1_1450,Left Hand Tool,Tweezers,1.0,0.7939,1080,1920
val,09_1_0616,Right Hand Tool,Scalpel,0.9962,0.9962,1080,1920
val,10_1_0764,Right Hand Tool,Needle Holders,0.9987,0.884,1080,1920
val,10_1_0437,Right Hand Tool,Scissors,0.989,0.6393,1080,1920
val,09_1_0749,Two Hands Tool,Scissors,0.9932,0.9932,1080,1920
val,09_1_0854,Right Hand Tool,Electric Cautery,0.9996,0.7077,1080,1920
val,10_1_0625,Right Hand Tool,Raspatory,1.0,1.0,1080,1920
val,09_1_0803,Left Hand Tool,Gauze,1.0,0.7738,1080,1920
val,10_1_0889,Right Hand Tool,Needle Holders,1.0,0.6722,1080,1920
val,10_1_1440,Right Hand Tool,Needle Holders,1.0,0.9578,1080,1920
val,10_1_0749,Left Hand Tool,Tweezers,0.9987,0.807,1080,1920
val,10_1_1578,Left Hand Tool,Tweezers,0.9978,0.8815,1080,1920
val,09_1_0398,Two Hands Tool,Syringe,1.0,1.0,1080,1920
val,09_1_0985,Right Hand Tool,Scissors,1.0,1.0,1080,1920
val,10_1_1095,Left Hand Tool,Mouth Gag,0.8042,0.8042,1080,1920
val,09_1_0792,Left Hand Tool,Gauze,1.0,0.8382,1080,1920
val,10_1_0475,Right Hand Tool,Raspatory,0.9992,0.9386,1080,1920
val,10_1_0967,Right Hand Tool,Mouth Gag,1.0,0.0018,1080,1920
val,09_1_0649,Right Hand Tool,Scissors,0.9986,0.8936,1080,1920
val,10_1_1082,Right Hand Tool,Mouth Gag,1.0,0.0402,1080,1920
val,10_1_0405,Left Hand Tool,Suction Cannula,0.9984,0.8754,1080,1920
val,09_1_0702,Right Hand Tool,Scissors,0.999,0.999,1080,1920
val,10_1_0512,Left Hand Tool,Suction Cannula,1.0,0.7339,1080,1920
val,10_1_0896,Left Hand Tool,Tweezers,0.9998,0.9315,1080,1920
val,09_1_0442,Two Hands Tool,Syringe,1.0,1.0,1080,1920
val,09_1_0662,Left Hand Tool,Tweezers,0.9954,0.9954,1080,1920
val,10_1_0710,Left Hand Tool,Tweezers,1.0,0.8488,1080,1920
val,10_1_0503,Left Hand Tool,Suction Cannula,1.0,0.8733,1080,1920
val,10_1_0981,Left Hand Tool,Suction Cannula,1.0,1.0,1080,1920
val,10_1_1076,Right Hand Tool,Needle Holders,0.9944,0.5055,1080,1920
val,10_1_0744,Left Hand Tool,Tweezers,0.9978,0.8771,1080,1920
val,10_1_1606,Right Hand Tool,Needle Holders,0.9978,0.9978,1080,1920
val,10_1_0522,Left Hand Tool,Tweezers,1.0,0.7567,1080,1920
val,09_1_0499,Right Hand Tool,Scalpel,1.0,0.1142,1080,1920
val,10_1_0510,Left Hand Tool,Suction Cannula,0.9323,0.4363,1080,1920
val,09_1_0828,Right Hand Tool,Electric Cautery,0.9989,0.9989,1080,1920
val,10_1_0722,Right Hand Tool,Scissors,1.0,0.3936,1080,1920
val,10_1_0471,Left Hand Tool,Suction Cannula,1.0,0.6011,1080,1920
val,09_1_0445,Two Hands Tool,Syringe,0.9984,0.9984,1080,1920
val,09_1_0669,Left Hand Tool,Gauze,1.0,0.781,1080,1920
val,10_1_0788,Left Hand Tool,Tweezers,1.0,0.8519,1080,1920
val,10_1_1011,Left Hand Tool,Tweezers,0.9938,0.876,1080,1920
val,10_1_1496,Right Hand Tool,Needle Holders,1.0,0.7629,1080,1920
val,10_1_1008,Right Hand Tool,Needle Holders,0.9977,0.62,1080,1920
val,10_1_1656,Left Hand Tool,Tweezers,0.6931,0.3883,1080,1920
val,10_1_1534,Right Hand Tool,Needle Holders,1.0,0.8184,1080,1920
val,10_1_0404,Left Hand Tool,Suction Cannula,0.9952,0.9952,1080,1920
val,09_1_0614,Left Hand Tool,Gauze,0.985,0.9428,1080,1920
val,10_1_1525,Right Hand Tool,Needle Holders,0.9986,0.4438,1080,1920
val,09_1_0626,Left Hand Tool,Gauze,0.9995,0.9995,1080,1920
val,09_1_0871,Left Hand Tool,Gauze,0.9945,0.9945,1080,1920
val,09_1_0867,Left Hand Tool,Gauze,1.0,1.0,1080,1920
val,10_1_0471,Right Hand Tool,Bipolar Forceps,0.9967,0.8674,1080,1920
val,10_1_1607,Left Hand Tool,Tweezers,1.0,0.2969,1080,1920
val,10_1_0519,Left Hand Tool,Tweezers,1.0,1.0,1080,1920
val,10_1_1021,Right Hand Tool,Needle Holders,0.9981,0.4132,1080,1920
val,10_1_0939,Left Hand Tool,Tweezers,1.0,1.0,1080,1920
val,09_1_0473,Two Hands Tool,Scalpel,0.9948,0.9948,1080,1920
val,10_1_0822,Left Hand Tool,Tweezers,0.9982,0.9982,1080,1920
val,10_1_0528,Left Hand Tool,Tweezers,1.0,0.7126,1080,1920
val,10_1_0616,Right Hand Tool,Raspatory,0.9987,0.92,1080,1920
val,09_1_0549,Right Hand Tool,Scalpel,1.0,1.0,1080,1920
val,10_1_1574,Left Hand Tool,Tweezers,1.0,0.7516,1080,1920
val,10_1_0950,Right Hand Tool,Needle Holders,0.9989,0.704,1080,1920
val,10_1_0699,Left Hand Tool,Tweezers,0.9891,0.82,1080,1920
val,09_1_0975,Right Hand Tool,Electric Cautery,0.9959,0.9959,1080,1920
val,09_1_0698,Right Hand Tool,Scissors,0.9886,0.9562,1080,1920
val,10_1_0577,Right Hand Tool,Scissors,0.9919,0.865,1080,1920
val,10_1_1398,Left Hand Tool,Tweezers,0.9997,0.9901,1080,1920
val,10_1_0580,Left Hand Tool,Tweezers,1.0,0.9463,1080,1920
val,09_1_0500,Right Hand Tool,Scalpel,0.9993,0.9993,1080,1920
val,10_1_0725,Right Hand Tool,Scissors,0.9997,0.1614,1080,1920
val,10_1_0268,Two Hands Tool,Syringe,1.0,0.7652,1080,1920
val,10_1_0338,Right Hand Tool,Scalpel,0.9998,0.9706,1080,1920
val,10_1_1106,Right Hand Tool,Needle Holders,0.9989,0.9989,1080,1920
val,09_1_0841,Right Hand Tool,Electric Cautery,0.9975,0.5749,1080,1920
val,10_1_0838,Left Hand Tool,Tweezers,0.9957,0.7069,1080,1920
val,09_1_0788,Right Hand Tool,Electric Cautery,0.9997,0.9601,1080,1920
val,09_1_0541,Left Hand Tool,Gauze,1.0,0.7817,1080,1920
val,09_1_0868,Left Hand Tool,Gauze,1.0,1.0,1080,1920
val,09_1_1002,Right Hand Tool,Scissors,0.9998,0.9998,1080,1920
val,10_1_0934,Right Hand Tool,Needle Holders,0.9808,0.8278,1080,1920
val,10_1_1608,Left Hand Tool,Tweezers,0.9922,0.9922,1080,1920
val,10_1_1498,Right Hand Tool,Needle Holders,1.0,0.6184,1080,1920
val,09_1_0535,Right Hand Tool,Scalpel,0.999,0.999,1080,1920
val,10_1_0553,Left Hand Tool,Tweezers,1.0,0.8815,1080,1920
val,10_1_0568,Left Hand Tool,Tweezers,1.0,1.0,1080,1920
val,10_1_0767,Left Hand Tool,Tweezers,0.999,0.999,1080,1920
val,10_1_0395,Right Hand Tool,Scissors,1.0,0.6837,1080,1920
val,09_1_0780,Left Hand Tool,Hook,0.9867,0.8392,1080,1920
val,10_1_1414,Left Hand Tool,Tweezers,0.9996,0.7402,1080,1920
val,10_1_0580,Right Hand Tool,Scissors,0.9975,0.9164,1080,1920
val,10_1_0834,Left Hand Tool,Tweezers,1.0,0.4257,1080,1920
val,09_1_1010,Right Hand Tool,Electric Cautery,0.9983,0.9983,1080,1920
val,10_1_0527,Right Hand Tool,Scissors,1.0,0.6191,1080,1920
val,10_1_0713,Left Hand Tool,Tweezers,1.0,0.8315,1080,1920
val,10_1_0775,Left Hand Tool,Tweezers,1.0,0.9098,1080,1920
val,10_1_1555,Right Hand Tool,Needle Holders,1.0,0.4707,1080,1920
val,10_1_0288,Two Hands Tool,Mouth Gag,1.0,0.0064,1080,1920
val,09_1_0549,Left Hand Tool,Gauze,1.0,1.0,1080,1920
val,10_1_1440,Left Hand Tool,Tweezers,0.9981,0.925,1080,1920
val,10_1_1524,Left Hand Tool,Tweezers,1.0,0.8845,1080,1920
val,10_1_0496,Right Hand Tool,Scissors,1.0,0.8727,1080,1920
val,09_1_1004,Left Hand Tool,Tweezers,0.9995,0.9995,1080,1920
val,10_1_0436,Left Hand Tool,Suction Cannula,0.9957,0.8858,1080,1920
val,10_1_1448,Left Hand Tool,Tweezers,1.0,0.9378,1080,1920
val,09_1_0833,Left Hand Tool,Forceps,0.9727,0.849,1080,1920
val,09_1_0697,Right Hand Tool,Scissors,0.9981,0.8315,1080,1920
val,10_1_1569,Right Hand Tool,Needle Holders,0.9995,0.7692,1080,1920
val,09_1_0662,Right Hand Tool,Scissors,0.9894,0.4669,1080,1920
val,09_1_0877,Right Hand Tool,Electric Cautery,0.9982,0.7511,1080,1920
val,10_1_0571,Left Hand Tool,Tweezers,0.977,0.7739,1080,1920
val,10_1_0293,Two Hands Tool,Syringe,0.9764,0.4976,1080,1920
val,10_1_0748,Right Hand Tool,Needle Holders,0.9987,0.9987,1080,1920
val,10_1_1019,Left Hand Tool,Tweezers,0.8789,0.8789,1080,1920
val,10_1_1588,Right Hand Tool,Needle Holders,0.9996,0.6367,1080,1920
val,10_1_0880,Right Hand Tool,Needle Holders,0.9874,0.9866,1080,1920
val,09_1_1016,Left Hand Tool,Tweezers,0.9845,0.9845,1080,1920
val,10_1_0262,Two Hands Tool,Syringe,0.9982,0.9239,1080,1920
val,10_1_1620,Right Hand Tool,Needle Holders,0.9993,0.9993,1080,1920
val,10_1_0693,Left Hand Tool,Tweezers,0.9985,0.4984,1080,1920
val,09_1_0699,Left Hand Tool,Gauze,0.9948,0.9864,1080,1920
val,10_1_0969,Right Hand Tool,Scissors,0.979,0.674,1080,1920
val,10_1_0897,Left Hand Tool,Tweezers,0.9998,0.8344,1080,1920
val,10_1_0581,Left Hand Tool,Tweezers,1.0,0.9305,1080,1920
val,10_1_0500,Right Hand Tool,Scissors,1.0,0.8936,1080,1920
val,09_1_0507,Right Hand Tool,Scalpel,0.9976,0.9976,1080,1920
val,10_1_1655,Right Hand Tool,Needle Holders,0.9999,0.6315,1080,1920
val,09_1_0984,Right Hand Tool,Scissors,1.0,1.0,1080,1920
val,09_1_0716,Right Hand Tool,Gauze,0.9586,0.9584,1080,1920
val,10_1_0450,Right Hand Tool,Raspatory,0.9983,0.8975,1080,1920
val,10_1_1414,Right Hand Tool,Needle Holders,0.9947,0.9738,1080,1920
val,10_1_0542,Right Hand Tool,Scissors,1.0,0.6863,1080,1920
val,10_1_0686,Right Hand Tool,Scissors,0.9957,0.7934,1080,1920
val,10_1_1608,Right Hand Tool,Needle Holders,0.9983,0.6257,1080,1920
val,10_1_0966,Right Hand Tool,Mouth Gag,1.0,0.0068,1080,1920
val,10_1_0988,Right Hand Tool,Needle Holders,0.9994,0.6318,1080,1920
val,10_1_0917,Left Hand Tool,Tweezers,1.0,1.0,1080,1920
val,10_1_0993,Left Hand Tool,Tweezers,0.9971,0.6654,1080,1920
val,10_1_1413,Right Hand Tool,Needle Holders,0.9977,0.9676,1080,1920
val,10_1_0728,Left Hand Tool,Tweezers,1.0,0.8302,1080,1920
val,10_1_0429,Right Hand Tool,Raspatory,0.9993,0.9993,1080,1920
val,10_1_1117,Right Hand Tool,Needle Holders,0.9994,0.7322,1080,1920
val,10_1_1005,Right Hand Tool,Needle Holders,0.9998,0.346,1080,1920
val,10_1_0455,Left Hand Tool,Suction Cannula,0.9981,0.908,1080,1920
val,10_1_1629,Right Hand Tool,Needle Holders,1.0,1.0,1080,1920
val,10_1_1525,Left Hand Tool,Tweezers,0.992,0.8766,1080,1920
val,10_1_0558,Right Hand Tool,Tweezers,1.0,0.419,1080,1920
val,10_1_0715,Right Hand Tool,Scissors,0.9983,0.921,1080,1920
val,09_1_0784,Right Hand Tool,Forceps,0.9946,0.4416,1080,1920
val,09_1_0886,Left Hand Tool,Gauze,1.0,0.5119,1080,1920
val,09_1_0979,Left Hand Tool,Tweezers,1.0,1.0,1080,1920
val,09_1_0551,Two Hands Tool,Scalpel,1.0,1.0,1080,1920
val,09_1_0562,Left Hand Tool,Gauze,1.0,1.0,1080,1920
val,10_1_0794,Left Hand Tool,Tweezers,0.9992,0.8599,1080,1920
val,10_1_0883,Left Hand Tool,Tweezers,0.9688,0.9688,1080,1920
val,10_1_0832,Left Hand Tool,Tweezers,1.0,0.8373,1080,1920
val,10_1_0628,Left Hand Tool,Suction Cannula,0.973,0.973,1080,1920
val,10_1_1169,Left Hand Tool,Forceps,1.0,1.0,1080,1920
val,09_1_0605,Right Hand Tool,Scalpel,1.0,1.0,1080,1920
val,10_1_1459,Left Hand Tool,Tweezers,0.9934,0.9934,1080,1920
val,09_1_0775,Right Hand Tool,Gauze,0.9982,0.4914,1080,1920
val,10_1_0954,Left Hand Tool,Tweezers,1.0,0.6427,1080,1920
val,10_1_0518,Left Hand Tool,Tweezers,1.0,1.0,1080,1920
val,10_1_0346,Right Hand Tool,Bipolar Forceps,0.9987,0.9795,1080,1920
val,10_1_1101,Right Hand Tool,Needle Holders,0.9953,0.2657,1080,1920
val,09_1_0681,Left Hand Tool,Forceps,0.9916,0.9916,1080,1920
val,10_1_1092,Left Hand Tool,Needle Holders,0.0,0.0,1080,1920
val,10_1_0853,Two Hands Tool,Needle Holders,1.0,0.5801,1080,1920
val,10_1_1515,Left Hand Tool,Tweezers,1.0,1.0,1080,1920
val,10_1_0849,Left Hand Tool,Tweezers,0.9925,0.7543,1080,1920
val,10_1_1422,Left Hand Tool,Tweezers,0.9949,0.6221,1080,1920
val,10_1_0608,Left Hand Tool,Suction Cannula,1.0,0.9517,1080,1920
val,10_1_0713,Right Hand Tool,Scissors,1.0,0.6796,1080,1920
val,10_1_0540,Right Hand Tool,Scissors,1.0,0.6769,1080,1920
val,10_1_0492,Left Hand Tool,Suction Cannula,1.0,0.7055,1080,1920
val,10_1_0750,Left Hand Tool,Tweezers,1.0,0.9556,1080,1920
val,09_1_1018,Right Hand Tool,Scissors,0.985,0.9848,1080,1920
val,10_1_1580,Right Hand Tool,Needle Holders,0.9931,0.3556,1080,1920
val,10_1_1677,Left Hand Tool,Mouth Gag,0.3218,0.3215,1080,1920
val,10_1_1027,Left Hand Tool,Tweezers,1.0,0.774,1080,1920
val,10_1_1681,Left Hand Tool,Mouth Gag,0.1474,0.1405,1080,1920
val,10_1_0349,Left Hand Tool,Suction Cannula,0.9993,0.6261,1080,1920
val,10_1_0607,Left Hand Tool,Suction Cannula,1.0,0.8692,1080,1920
val,09_1_0846,Right Hand Tool,Electric Cautery,0.999,0.7831,1080,1920
val,10_1_1426,Right Hand Tool,Needle Holders,0.9993,0.9993,1080,1920
val,10_1_0995,Left Hand Tool,Tweezers,1.0,0.9399,1080,1920
val,10_1_1447,Right Hand Tool,Needle Holders,0.9955,0.8935,1080,1920
val,10_1_0710,Right Hand Tool,Scissors,0.9953,0.7287,1080,1920
val,09_1_0634,Right Hand Tool,Scalpel,0.9975,0.7265,1080,1920
val,10_1_0820,Two Hands Tool,Needle Holders,1.0,1.0,1080,1920
val,10_1_0921,Left Hand Tool,Tweezers,1.0,1.0,1080,1920
val,09_1_0624,Right Hand Tool,Scalpel,0.9975,0.9975,1080,1920
val,09_1_0571,Right Hand Tool,Scalpel,1.0,0.9986,1080,1920
val,10_1_1522,Two Hands Tool,Gauze,0.9996,0.7495,1080,1920
val,10_1_0750,Right Hand Tool,Needle Holders,0.9981,0.7921,1080,1920
val,10_1_0737,Right Hand Tool,Bipolar Forceps,0.9981,0.7553,1080,1920
val,09_1_0851,Left Hand Tool,Gauze,1.0,1.0,1080,1920
val,10_1_0760,Left Hand Tool,Tweezers,1.0,0.9864,1080,1920
val,09_1_0472,Two Hands Tool,Scalpel,1.0,1.0,1080,1920
val,10_1_1659,Two Hands Tool,Needle Holders,0.9994,0.5446,1080,1920
val,10_1_0702,Left Hand Tool,Tweezers,1.0,0.8001,1080,1920
val,10_1_1647,Left Hand Tool,Tweezers,0.9992,0.9932,1080,1920
val,10_1_1474,Right Hand Tool,Needle Holders,0.9826,0.9219,1080,1920
val,10_1_0979,Left Hand Tool,Needle Holders,1.0,0.0,1080,1920
val,09_1_0818,Right Hand Tool,Electric Cautery,0.9968,0.8687,1080,1920
val,09_1_0692,Right Hand Tool,Scissors,0.9984,0.5318,1080,1920
val,10_1_0786,Left Hand Tool,Tweezers,0.9972,0.8597,1080,1920
val,09_1_0709,Right Hand Tool,Gauze,1.0,1.0,1080,1920
val,10_1_1575,Right Hand Tool,Needle Holders,0.9983,0.759,1080,1920
val,10_1_0829,Right Hand Tool,Needle Holders,0.9948,0.6843,1080,1920
val,09_1_0406,Right Hand Tool,Syringe,1.0,1.0,1080,1920
val,10_1_1456,Left Hand Tool,Tweezers,1.0,1.0,1080,1920
val,09_1_0883,Left Hand Tool,Tweezers,1.0,0.9963,1080,1920
val,09_1_0589,Two Hands Tool,Gauze,1.0,0.7607,1080,1920
val,10_1_1073,Left Hand Tool,Mouth Gag,1.0,0.9001,1080,1920
val,09_1_0518,Right Hand Tool,Scalpel,0.9973,0.9973,1080,1920
val,10_1_0512,Right Hand Tool,Raspatory,1.0,0.9734,1080,1920
val,09_1_0742,Right Hand Tool,Scissors,0.9905,0.9905,1080,1920
val,10_1_1459,Right Hand Tool,Needle Holders,1.0,0.9076,1080,1920
val,10_1_0718,Right Hand Tool,Scissors,0.9974,0.7118,1080,1920
val,10_1_1083,Right Hand Tool,Scissors,1.0,0.8474,1080,1920
val,10_1_0932,Right Hand Tool,Needle Holders,0.9969,0.7176,1080,1920
val,10_1_0791,Left Hand Tool,Tweezers,1.0,0.8482,1080,1920
val,10_1_0790,Right Hand Tool,Needle Holders,1.0,0.5562,1080,1920
val,10_1_0353,Left Hand Tool,Suction Cannula,0.9953,0.5886,1080,1920
val,10_1_0845,Left Hand Tool,Tweezers,1.0,0.9369,1080,1920
val,10_1_1576,Right Hand Tool,Needle Holders,0.9992,0.83,1080,1920
val,10_1_1636,Right Hand Tool,Needle Holders,0.9865,0.8919,1080,1920
val,10_1_0375,Left Hand Tool,Suction Cannula,0.994,0.5302,1080,1920
val,09_1_0542,Right Hand Tool,Gauze,0.9938,0.8641,1080,1920
val,10_1_0610,Right Hand Tool,Scissors,0.9959,0.9959,1080,1920
val,09_1_1011,Left Hand Tool,Tweezers,0.9946,0.9946,1080,1920
val,10_1_1517,Right Hand Tool,Needle Holders,1.0,0.633,1080,1920
val,10_1_0925,Right Hand Tool,Needle Holders,1.0,0.5672,1080,1920
val,10_1_1652,Right Hand Tool,Needle Holders,1.0,0.6188,1080,1920
val,10_1_0456,Right Hand Tool,Raspatory,0.9966,0.9966,1080,1920
val,10_1_0435,Right Hand Tool,Scissors,1.0,0.9869,1080,1920
val,10_1_0840,Left Hand Tool,Tweezers,1.0,0.8387,1080,1920
val,09_1_0713,Right Hand Tool,Scissors,0.999,0.2743,1080,1920
val,10_1_0887,Left Hand Tool,Tweezers,0.9981,0.9981,1080,1920
val,10_1_0443,Right Hand Tool,Scissors,1.0,0.9775,1080,1920
val,10_1_0596,Right Hand Tool,Bipolar Forceps,0.987,0.6475,1080,1920
val,09_1_0575,Left Hand Tool,Gauze,1.0,0.4599,1080,1920
val,09_1_0478,Two Hands Tool,Scalpel,0.9994,0.9994,1080,1920
val,10_1_0995,Right Hand Tool,Needle Holders,0.9912,0.687,1080,1920
val,09_1_0838,Left Hand Tool,Gauze,1.0,1.0,1080,1920
val,09_1_0654,Right Hand Tool,Scissors,1.0,0.8773,1080,1920
val,10_1_0909,Right Hand Tool,Needle Holders,1.0,0.7283,1080,1920
val,10_1_1182,Two Hands Tool,Bipolar Forceps,0.9946,0.8306,1080,1920
val,10_1_0891,Left Hand Tool,Mouth Gag,0.0921,0.087,1080,1920
val,10_1_0555,Left Hand Tool,Suction Cannula,1.0,0.5481,1080,1920
val,10_1_1489,Left Hand Tool,Tweezers,0.9817,0.9817,1080,1920
val,10_1_1476,Right Hand Tool,Needle Holders,1.0,0.5892,1080,1920
val,10_1_0432,Right Hand Tool,Raspatory,0.9983,0.9869,1080,1920
val,10_1_1629,Left Hand Tool,Tweezers,0.5659,0.5659,1080,1920
val,10_1_1174,Right Hand Tool,Mouth Gag,1.0,0.0503,1080,1920
val,10_1_0743,Right Hand Tool,Needle Holders,0.9863,0.9863,1080,1920
val,09_1_0388,Two Hands Tool,Syringe,1.0,1.0,1080,1920
val,10_1_0333,Left Hand Tool,Suction Cannula,0.9972,0.6406,1080,1920
val,10_1_1175,Left Hand Tool,Forceps,0.9974,0.9974,1080,1920
val,10_1_1039,Left Hand Tool,Needle Holders,1.0,0.0,1080,1920
val,10_1_1427,Right Hand Tool,Needle Holders,0.9947,0.771,1080,1920
val,10_1_0904,Left Hand Tool,Needle Holders,0.0,0.0,1080,1920
val,10_1_1643,Right Hand Tool,Needle Holders,0.9992,0.3893,1080,1920
val,10_1_0788,Right Hand Tool,Needle Holders,0.9812,0.7319,1080,1920
val,10_1_0461,Right Hand Tool,Raspatory,0.9972,0.9972,1080,1920
val,09_1_0853,Right Hand Tool,Electric Cautery,0.9983,0.7235,1080,1920
val,10_1_0430,Left Hand Tool,Suction Cannula,0.9883,0.9791,1080,1920
val,10_1_1453,Left Hand Tool,Tweezers,0.9976,0.6673,1080,1920
val,09_1_0678,Right Hand Tool,Scissors,0.9971,0.9807,1080,1920
val,09_1_1007,Right Hand Tool,Electric Cautery,0.9986,0.9986,1080,1920
val,10_1_0451,Left Hand Tool,Suction Cannula,1.0,0.9767,1080,1920
val,10_1_1577,Right Hand Tool,Needle Holders,0.9984,0.8024,1080,1920
val,10_1_0875,Left Hand Tool,Tweezers,0.9885,0.9885,1080,1920
val,10_1_0296,Two Hands Tool,Syringe,1.0,0.59,1080,1920
val,10_1_0703,Left Hand Tool,Tweezers,0.9508,0.7666,1080,1920
val,10_1_0454,Right Hand Tool,Raspatory,0.9951,0.9791,1080,1920
val,09_1_0511,Two Hands Tool,Scalpel,1.0,1.0,1080,1920
val,09_1_0845,Right Hand Tool,Electric Cautery,0.9989,0.9989,1080,1920
val,09_1_0686,Right Hand Tool,Scissors,0.9996,0.9996,1080,1920
val,10_1_1602,Right Hand Tool,Needle Holders,1.0,1.0,1080,1920
val,10_1_0692,Left Hand Tool,Tweezers,1.0,0.8197,1080,1920
val,09_1_0602,Left Hand Tool,Gauze,0.9976,0.9597,1080,1920
val,10_1_1663,Right Hand Tool,Needle Holders,0.9994,0.7331,1080,1920
val,10_1_0342,Right Hand Tool,Scalpel,0.9995,0.9451,1080,1920
val,09_1_0544,Left Hand Tool,Scalpel,0.9983,0.0142,1080,1920
val,10_1_1562,Left Hand Tool,Tweezers,1.0,0.8411,1080,1920
val,09_1_0743,Two Hands Tool,Scissors,1.0,1.0,1080,1920
val,09_1_0603,Left Hand Tool,Gauze,0.9997,0.9989,1080,1920
val,09_1_0510,Two Hands Tool,Scalpel,1.0,1.0,1080,1920
val,10_1_0979,Right Hand Tool,Needle Holders,0.9989,0.3732,1080,1920
val,10_1_0964,Left Hand Tool,Suction Cannula,1.0,0.77,1080,1920
val,10_1_1153,Left Hand Tool,Suction Cannula,1.0,0.4282,1080,1920
val,09_1_0795,Left Hand Tool,Forceps,0.9974,0.6815,1080,1920
val,10_1_0711,Left Hand Tool,Tweezers,0.9956,0.2505,1080,1920
val,09_1_0718,Left Hand Tool,Forceps,0.9977,0.9977,1080,1920
val,09_1_0808,Right Hand Tool,Electric Cautery,0.9975,0.8254,1080,1920
val,09_1_0856,Left Hand Tool,Gauze,1.0,1.0,1080,1920
val,09_1_0788,Left Hand Tool,Gauze,1.0,0.9175,1080,1920
val,09_1_0562,Right Hand Tool,Gauze,0.9904,0.9776,1080,1920
val,09_1_0996,Left Hand Tool,Tweezers,1.0,1.0,1080,1920
val,10_1_1092,Right Hand Tool,Needle Holders,0.9992,0.6816,1080,1920
val,10_1_0445,Right Hand Tool,Scissors,0.9971,0.7969,1080,1920
val,09_1_0607,Right Hand Tool,Scalpel,0.9997,0.9997,1080,1920
val,10_1_0508,Left Hand Tool,Suction Cannula,1.0,0.6593,1080,1920
val,09_1_0726,Right Hand Tool,Hook,0.998,0.5984,1080,1920
val,10_1_0753,Left Hand Tool,Tweezers,1.0,0.847,1080,1920
val,10_1_0839,Right Hand Tool,Needle Holders,0.9993,0.6297,1080,1920
val,09_1_0988,Left Hand Tool,Tweezers,0.9857,0.9857,1080,1920
val,09_1_0522,Left Hand Tool,Gauze,1.0,1.0,1080,1920
val,10_1_1022,Right Hand Tool,Needle Holders,1.0,0.2476,1080,1920
val,10_1_0851,Right Hand Tool,Needle Holders,0.9993,0.8466,1080,1920
val,10_1_1200,Left Hand Tool,Suction Cannula,1.0,0.7942,1080,1920
val,09_1_0672,Left Hand Tool,Gauze,1.0,0.9744,1080,1920
val,10_1_1557,Left Hand Tool,Tweezers,1.0,1.0,1080,1920
val,10_1_1603,Left Hand Tool,Tweezers,0.9999,0.6847,1080,1920
val,09_1_0576,Left Hand Tool,Gauze,0.9953,0.2606,1080,1920
val,10_1_1004,Right Hand Tool,Needle Holders,0.9731,0.5894,1080,1920
val,09_1_0446,Two Hands Tool,Syringe,0.9941,0.9941,1080,1920
val,09_1_0684,Left Hand Tool,Gauze,1.0,0.7682,1080,1920
val,09_1_0500,Left Hand Tool,Tweezers,0.9464,0.5365,1080,1920
val,10_1_1391,Right Hand Tool,Needle Holders,0.9999,0.902,1080,1920
val,10_1_1586,Left Hand Tool,Tweezers,1.0,0.1754,1080,1920
val,10_1_0491,Right Hand Tool,Scissors,0.999,0.876,1080,1920
val,09_1_0597,Right Hand Tool,Scalpel,0.9992,0.9981,1080,1920
val,10_1_1655,Left Hand Tool,Tweezers,1.0,1.0,1080,1920
val,09_1_0979,Right Hand Tool,Electric Cautery,0.9993,0.9993,1080,1920
val,10_1_0884,Left Hand Tool,Tweezers,0.8581,0.8581,1080,1920
val,09_1_1021,Right Hand Tool,Forceps,0.9998,0.9881,1080,1920
val,10_1_0769,Right Hand Tool,Needle Holders,0.9983,0.9776,1080,1920
val,09_1_0548,Left Hand Tool,Gauze,0.9837,0.7386,1080,1920
val,10_1_0547,Right Hand Tool,Scissors,0.9996,0.6535,1080,1920
val,09_1_0404,Two Hands Tool,Syringe,0.992,0.992,1080,1920
val,09_1_1017,Left Hand Tool,Tweezers,0.9988,0.9988,1080,1920
val,09_1_0764,Right Hand Tool,Scissors,0.9703,0.694,1080,1920
val,10_1_1556,Left Hand Tool,Tweezers,0.9999,0.9999,1080,1920
val,09_1_0812,Right Hand Tool,Electric Cautery,0.9977,0.8303,1080,1920
val,09_1_0488,Right Hand Tool,Scalpel,1.0,1.0,1080,1920
val,10_1_0784,Left Hand Tool,Tweezers,1.0,0.8402,1080,1920
val,10_1_1591,Left Hand Tool,Tweezers,1.0,1.0,1080,1920
val,09_1_0880,Right Hand Tool,Electric Cautery,0.998,0.9131,1080,1920
val,10_1_0986,Left Hand Tool,Tweezers,1.0,0.9049,1080,1920
val,09_1_0806,Right Hand Tool,Electric Cautery,0.9983,0.9125,1080,1920
val,10_1_0354,Left Hand Tool,Suction Cannula,1.0,0.6147,1080,1920
val,09_1_1009,Right Hand Tool,Electric Cautery,0.9973,0.9973,1080,1920
val,10_1_0294,Two Hands Tool,Syringe,1.0,0.2829,1080,1920
val,10_1_0526,Left Hand Tool,Tweezers,0.9987,0.7571,1080,1920
val,09_1_0592,Left Hand Tool,Gauze,1.0,0.4868,1080,1920
val,10_1_0554,Left Hand Tool,Tweezers,1.0,0.8957,1080,1920
val,10_1_1565,Right Hand Tool,Needle Holders,0.9995,0.7168,1080,1920
val,10_1_0432,Left Hand Tool,Suction Cannula,1.0,1.0,1080,1920
val,09_1_0523,Right Hand Tool,Scalpel,0.9989,0.9989,1080,1920
val,10_1_0380,Right Hand Tool,Scalpel,0.9976,0.9976,1080,1920
val,10_1_0545,Left Hand Tool,Suction Cannula,0.9974,0.5433,1080,1920
val,10_1_0340,Right Hand Tool,Scalpel,0.9986,0.9336,1080,1920
val,09_1_0607,Left Hand Tool,Gauze,1.0,1.0,1080,1920
val,10_1_0525,Left Hand Tool,Tweezers,1.0,0.6805,1080,1920
val,10_1_1605,Right Hand Tool,Needle Holders,0.9976,0.6566,1080,1920
val,10_1_0382,Left Hand Tool,Suction Cannula,1.0,0.6647,1080,1920
val,10_1_0762,Right Hand Tool,Needle Holders,0.9999,0.9809,1080,1920
val,10_1_1170,Right Hand Tool,Scissors,0.9968,0.1875,1080,1920
val,09_1_0873,Two Hands Tool,Electric Cautery,0.9986,0.8256,1080,1920
val,10_1_0440,Left Hand Tool,Suction Cannula,0.9997,0.932,1080,1920
val,10_1_1113,Left Hand Tool,Suction Cannula,1.0,1.0,1080,1920
val,10_1_0896,Right Hand Tool,Needle Holders,0.9944,0.665,1080,1920
val,10_1_0566,Left Hand Tool,Tweezers,1.0,1.0,1080,1920
val,09_1_0401,Two Hands Tool,Syringe,0.9996,0.9996,1080,1920
val,10_1_1515,Right Hand Tool,Needle Holders,0.9716,0.7701,1080,1920
val,10_1_1457,Left Hand Tool,Tweezers,1.0,1.0,1080,1920
val,09_1_0673,Left Hand Tool,Gauze,0.9978,0.9978,1080,1920
val,10_1_1664,Right Hand Tool,Needle Holders,0.999,0.5976,1080,1920
val,09_1_0492,Two Hands Tool,Scalpel,0.9963,0.9963,1080,1920
val,10_1_1631,Left Hand Tool,Tweezers,1.0,1.0,1080,1920
val,10_1_0745,Left Hand Tool,Tweezers,1.0,0.8405,1080,1920
val,09_1_0784,Left Hand Tool,Gauze,1.0,0.567,1080,1920
val,10_1_0608,Right Hand Tool,Scissors,1.0,0.8403,1080,1920
val,09_1_1007,Left Hand Tool,Tweezers,1.0,1.0,1080,1920
val,10_1_0457,Left Hand Tool,Suction Cannula,1.0,0.9743,1080,1920
val,10_1_0349,Right Hand Tool,Bipolar Forceps,0.9974,0.8194,1080,1920
val,09_1_0543,Left Hand Tool,Scalpel,1.0,0.0114,1080,1920
val,09_1_0828,Left Hand Tool,Forceps,1.0,0.9927,1080,1920
val,10_1_0598,Right Hand Tool,Bipolar Forceps,0.9867,0.9233,1080,1920
val,09_1_0714,Right Hand Tool,Gauze,0.9864,0.3147,1080,1920
val,09_1_0571,Left Hand Tool,Gauze,0.99,0.697,1080,1920
val,10_1_0511,Right Hand Tool,Raspatory,0.9978,0.9978,1080,1920
val,10_1_0941,Left Hand Tool,Tweezers,1.0,1.0,1080,1920
val,10_1_1576,Left Hand Tool,Tweezers,0.9979,0.8231,1080,1920
val,09_1_0666,Right Hand Tool,Scissors,0.9992,0.8072,1080,1920
val,10_1_1519,Right Hand Tool,Needle Holders,0.9996,0.6597,1080,1920
val,10_1_0280,Two Hands Tool,Syringe,0.9588,0.5101,1080,1920
val,10_1_1600,Left Hand Tool,Tweezers,1.0,0.8909,1080,1920
val,10_1_0591,Right Hand Tool,Bipolar Forceps,0.9739,0.5091,1080,1920
val,10_1_1543,Right Hand Tool,Needle Holders,0.9987,0.641,1080,1920
val,10_1_1660,Left Hand Tool,Tweezers,1.0,1.0,1080,1920
val,10_1_0351,Right Hand Tool,Scissors,1.0,0.9636,1080,1920
val,10_1_1592,Right Hand Tool,Needle Holders,0.9999,0.9458,1080,1920
val,10_1_1530,Left Hand Tool,Tweezers,0.9997,0.9174,1080,1920
val,09_1_0532,Left Hand Tool,Gauze,0.9997,0.9997,1080,1920
val,10_1_0506,Right Hand Tool,Raspatory,1.0,1.0,1080,1920
val,09_1_0989,Left Hand Tool,Tweezers,0.9886,0.9886,1080,1920
val,10_1_1005,Left Hand Tool,Tweezers,1.0,0.8209,1080,1920
val,10_1_1603,Right Hand Tool,Needle Holders,0.9381,0.3616,1080,1920
val,10_1_0560,Right Hand Tool,Scissors,0.999,0.3475,1080,1920
val,10_1_1077,Left Hand Tool,Mouth Gag,1.0,0.6698,1080,1920
val,09_1_0816,Right Hand Tool,Electric Cautery,0.998,0.8903,1080,1920
val,10_1_1433,Left Hand Tool,Tweezers,0.9998,0.76,1080,1920
val,10_1_1529,Left Hand Tool,Tweezers,1.0,0.879,1080,1920
val,09_1_0722,Left Hand Tool,Gauze,1.0,0.6986,1080,1920
val,10_1_0924,Right Hand Tool,Needle Holders,0.9992,0.7675,1080,1920
val,10_1_0966,Left Hand Tool,Suction Cannula,0.9976,0.8299,1080,1920
val,10_1_0366,Two Hands Tool,Scissors,0.9981,0.791,1080,1920
val,10_1_1095,Right Hand Tool,Needle Holders,0.9966,0.9275,1080,1920
val,10_1_1410,Left Hand Tool,Tweezers,1.0,1.0,1080,1920
val,10_1_0842,Right Hand Tool,Needle Holders,0.9983,0.7193,1080,1920
val,10_1_1666,Left Hand Tool,Tweezers,0.9985,0.6901,1080,1920
val,10_1_0726,Left Hand Tool,Tweezers,1.0,0.8395,1080,1920
val,10_1_0442,Right Hand Tool,Scissors,0.9799,0.4507,1080,1920
val,10_1_0491,Left Hand Tool,Suction Cannula,1.0,0.6425,1080,1920
val,10_1_1030,Left Hand Tool,Tweezers,1.0,1.0,1080,1920
val,10_1_1526,Left Hand Tool,Tweezers,1.0,0.8708,1080,1920
val,10_1_0852,Left Hand Tool,Suction Cannula,0.9982,0.6433,1080,1920
val,10_1_0731,Right Hand Tool,Scissors,0.9909,0.4368,1080,1920
val,10_1_0691,Left Hand Tool,Tweezers,1.0,1.0,1080,1920
val,10_1_1200,Right Hand Tool,Bipolar Forceps,0.9978,0.6264,1080,1920
val,10_1_1425,Right Hand Tool,Needle Holders,0.9976,0.9976,1080,1920
val,09_1_0814,Left Hand Tool,Gauze,1.0,0.7165,1080,1920
val,10_1_0766,Left Hand Tool,Tweezers,1.0,1.0,1080,1920
val,10_1_1003,Left Hand Tool,Tweezers,0.9437,0.7927,1080,1920
val,10_1_0412,Left Hand Tool,Suction Cannula,1.0,0.8616,1080,1920
val,10_1_0879,Right Hand Tool,Needle Holders,0.9993,0.9375,1080,1920
val,09_1_0720,Right Hand Tool,Forceps,0.9795,0.2394,1080,1920
val,10_1_1193,Two Hands Tool,Bipolar Forceps,0.9914,0.7931,1080,1920
val,10_1_0333,Right Hand Tool,Scalpel,1.0,0.971,1080,1920
val,09_1_0865,Left Hand Tool,Gauze,1.0,1.0,1080,1920
val,09_1_0588,Left Hand Tool,Gauze,0.9999,0.3783,1080,1920
val,09_1_0994,Right Hand Tool,Scissors,1.0,1.0,1080,1920
val,10_1_0755,Right Hand Tool,Needle Holders,0.9985,0.9985,1080,1920
val,09_1_0534,Right Hand Tool,Scalpel,0.9994,0.9994,1080,1920
val,09_1_0736,Left Hand Tool,Hook,0.9883,0.7397,1080,1920
val,09_1_0844,Left Hand Tool,Gauze,0.9734,0.9676,1080,1920
val,09_1_0733,Left Hand Tool,Gauze,1.0,0.5282,1080,1920
val,10_1_0534,Right Hand Tool,Scissors,1.0,0.6475,1080,1920
val,09_1_0677,Right Hand Tool,Scissors,0.9921,0.9921,1080,1920
val,10_1_0408,Right Hand Tool,Raspatory,1.0,0.9293,1080,1920
val,10_1_0507,Left Hand Tool,Suction Cannula,0.9968,0.8177,1080,1920
val,10_1_1404,Right Hand Tool,Needle Holders,0.9993,0.7304,1080,1920
val,10_1_1680,Two Hands Tool,Needle Holders,1.0,0.63,1080,1920
val,10_1_0706,Left Hand Tool,Tweezers,1.0,0.8423,1080,1920
val,10_1_0802,Right Hand Tool,Needle Holders,0.9975,0.7337,1080,1920
val,10_1_1037,Right Hand Tool,Needle Holders,0.9983,0.6655,1080,1920
val,10_1_1448,Right Hand Tool,Needle Holders,0.9982,0.6544,1080,1920
val,09_1_0869,Left Hand Tool,Gauze,1.0,0.3492,1080,1920
val,09_1_0581,Left Hand Tool,Gauze,1.0,0.9323,1080,1920
val,09_1_0515,Right Hand Tool,Scalpel,0.9994,0.9994,1080,1920
val,10_1_0610,Left Hand Tool,Suction Cannula,0.964,0.8202,1080,1920
val,09_1_0570,Left Hand Tool,Gauze,1.0,1.0,1080,1920
val,10_1_1499,Right Hand Tool,Needle Holders,0.9997,0.498,1080,1920
val,10_1_0265,Two Hands Tool,Syringe,1.0,0.8638,1080,1920
val,10_1_0374,Left Hand Tool,Suction Cannula,1.0,0.5933,1080,1920
val,10_1_0992,Left Hand Tool,Tweezers,0.9792,0.4022,1080,1920
val,10_1_1009,Right Hand Tool,Needle Holders,0.999,0.5378,1080,1920
val,10_1_0751,Right Hand Tool,Needle Holders,0.9983,0.7479,1080,1920
val,09_1_0735,Right Hand Tool,Forceps,1.0,0.9697,1080,1920
val,09_1_0527,Right Hand Tool,Scalpel,1.0,1.0,1080,1920
val,09_1_0671,Right Hand Tool,Scissors,0.9729,0.9729,1080,1920
val,10_1_0921,Right Hand Tool,Raspatory,1.0,0.7741,1080,1920
val,10_1_0502,Right Hand Tool,Scissors,1.0,0.9976,1080,1920
val,09_1_0731,Left Hand Tool,Gauze,0.9998,0.9687,1080,1920
val,10_1_0498,Right Hand Tool,Scissors,0.9994,0.9837,1080,1920
val,10_1_1531,Right Hand Tool,Needle Holders,1.0,1.0,1080,1920
val,10_1_1578,Right Hand Tool,Needle Holders,0.9995,0.6345,1080,1920
val,10_1_1389,Left Hand Tool,Tweezers,1.0,0.7503,1080,1920
val,09_1_0655,Left Hand Tool,Tweezers,1.0,0.9844,1080,1920
val,10_1_0899,Left Hand Tool,Tweezers,0.999,0.999,1080,1920
val,10_1_0694,Left Hand Tool,Tweezers,1.0,0.4988,1080,1920
val,10_1_1605,Left Hand Tool,Tweezers,1.0,1.0,1080,1920
val,10_1_0335,Right Hand Tool,Scalpel,0.9992,0.4225,1080,1920
val,10_1_0716,Right Hand Tool,Scissors,0.9997,0.5905,1080,1920
val,10_1_1451,Left Hand Tool,Tweezers,0.9997,0.6713,1080,1920
val,10_1_1149,Left Hand Tool,Suction Cannula,0.9904,0.3352,1080,1920
val,10_1_1627,Right Hand Tool,Needle Holders,0.9746,0.8465,1080,1920
val,09_1_0615,Right Hand Tool,Scalpel,0.9982,0.9982,1080,1920
val,10_1_0814,Left Hand Tool,Tweezers,1.0,0.835,1080,1920
val,10_1_1075,Right Hand Tool,Needle Holders,0.9988,0.7208,1080,1920
val,09_1_0625,Right Hand Tool,Scalpel,0.9971,0.9971,1080,1920
val,10_1_0396,Left Hand Tool,Suction Cannula,1.0,0.6371,1080,1920
val,10_1_0904,Right Hand Tool,Needle Holders,0.9984,0.6703,1080,1920
val,09_1_0840,Right Hand Tool,Electric Cautery,0.9964,0.5434,1080,1920
val,10_1_0895,Left Hand Tool,Tweezers,0.9991,0.9161,1080,1920
val,09_1_0587,Right Hand Tool,Scalpel,0.997,0.3827,1080,1920
val,09_1_0860,Left Hand Tool,Gauze,1.0,1.0,1080,1920
val,10_1_0422,Right Hand Tool,Scissors,0.9978,0.9936,1080,1920
val,10_1_0579,Left Hand Tool,Tweezers,1.0,0.9175,1080,1920
val,09_1_0534,Left Hand Tool,Gauze,0.9991,0.9991,1080,1920
val,09_1_0396,Two Hands Tool,Syringe,0.9981,0.9981,1080,1920
val,09_1_0764,Left Hand Tool,Hook,0.91,0.6684,1080,1920
val,10_1_0958,Left Hand Tool,Tweezers,0.9998,0.6298,1080,1920
val,10_1_0510,Right Hand Tool,Raspatory,0.9976,0.9976,1080,1920
val,10_1_0400,Right Hand Tool,Scissors,0.9912,0.8424,1080,1920
val,09_1_1009,Left Hand Tool,Tweezers,0.9978,0.9978,1080,1920
val,10_1_0425,Left Hand Tool,Suction Cannula,0.9999,0.936,1080,1920
val,10_1_0522,Right Hand Tool,Scissors,0.9979,0.6243,1080,1920
val,10_1_1192,Left Hand Tool,Suction Cannula,0.984,0.4567,1080,1920
val,10_1_0936,Right Hand Tool,Needle Holders,0.9957,0.6933,1080,1920
val,10_1_1194,Two Hands Tool,Bipolar Forceps,0.9826,0.8578,1080,1920
val,10_1_0957,Two Hands Tool,Tweezers,0.997,0.4911,1080,1920
val,09_1_0640,Right Hand Tool,Scalpel,1.0,0.988,1080,1920
val,09_1_0592,Right Hand Tool,Scalpel,0.997,0.6321,1080,1920
val,09_1_0679,Left Hand Tool,Forceps,0.9331,0.6582,1080,1920
val,09_1_0594,Right Hand Tool,Scalpel,0.9995,0.9478,1080,1920
val,09_1_0385,Two Hands Tool,Syringe,1.0,1.0,1080,1920
val,10_1_0490,Right Hand Tool,Scissors,0.9991,0.9029,1080,1920
val,10_1_0765,Right Hand Tool,Needle Holders,0.9989,0.9563,1080,1920
val,10_1_1443,Left Hand Tool,Mouth Gag,0.7963,0.5306,1080,1920
val,10_1_0918,Right Hand Tool,Raspatory,0.9973,0.9973,1080,1920
val,10_1_0897,Right Hand Tool,Needle Holders,0.9975,0.3522,1080,1920
val,10_1_0487,Left Hand Tool,Suction Cannula,1.0,0.6153,1080,1920
val,10_1_0438,Left Hand Tool,Suction Cannula,0.9864,0.8712,1080,1920
val,10_1_1533,Left Hand Tool,Tweezers,0.9996,0.9996,1080,1920
val,10_1_1037,Left Hand Tool,Needle Holders,0.9943,0.1322,1080,1920
val,09_1_0779,Right Hand Tool,Gauze,0.9999,0.9999,1080,1920
val,10_1_1471,Right Hand Tool,Needle Holders,0.9999,0.9845,1080,1920
val,10_1_0758,Left Hand Tool,Tweezers,0.9988,0.9988,1080,1920
val,10_1_0546,Right Hand Tool,Scissors,0.9989,0.6111,1080,1920
val,09_1_1006,Right Hand Tool,Electric Cautery,0.9964,0.9964,1080,1920
val,10_1_0479,Left Hand Tool,Suction Cannula,0.9954,0.8552,1080,1920
val,10_1_0594,Left Hand Tool,Suction Cannula,0.9988,0.9988,1080,1920
val,09_1_0485,Two Hands Tool,Scalpel,1.0,1.0,1080,1920
val,09_1_0496,Right Hand Tool,Scalpel,0.9994,0.9994,1080,1920
val,10_1_0959,Right Hand Tool,Mouth Gag,1.0,0.0013,1080,1920
val,10_1_0749,Right Hand Tool,Needle Holders,0.9982,0.977,1080,1920
val,09_1_0842,Right Hand Tool,Electric Cautery,0.9975,0.5776,1080,1920
val,10_1_1190,Two Hands Tool,Bipolar Forceps,0.9947,0.8601,1080,1920
val,10_1_0861,Left Hand Tool,Tweezers,1.0,0.9229,1080,1920
val,10_1_0478,Right Hand Tool,Raspatory,0.999,0.9653,1080,1920
val,10_1_1487,Right Hand Tool,Tweezers,0.9959,0.7932,1080,1920
val,10_1_0554,Right Hand Tool,Scissors,1.0,0.6621,1080,1920
val,10_1_0775,Right Hand Tool,Scissors,1.0,0.5285,1080,1920
val,10_1_0517,Right Hand Tool,Scissors,1.0,1.0,1080,1920
val,09_1_0576,Right Hand Tool,Scalpel,0.9996,0.9132,1080,1920
val,09_1_0747,Left Hand Tool,Hook,0.9862,0.9862,1080,1920
val,09_1_0620,Left Hand Tool,Gauze,1.0,1.0,1080,1920
val,09_1_0675,Right Hand Tool,Scissors,1.0,0.7722,1080,1920
val,10_1_1399,Right Hand Tool,Needle Holders,1.0,1.0,1080,1920
val,10_1_1008,Left Hand Tool,Tweezers,0.9997,0.7923,1080,1920
val,10_1_0477,Left Hand Tool,Suction Cannula,0.9991,0.7219,1080,1920
val,10_1_1074,Right Hand Tool,Needle Holders,0.9978,0.8328,1080,1920
val,09_1_0696,Right Hand Tool,Scissors,0.9893,0.7655,1080,1920
val,10_1_0906,Right Hand Tool,Needle Holders,0.9994,0.7233,1080,1920
val,10_1_0613,Left Hand Tool,Suction Cannula,1.0,0.9735,1080,1920
val,10_1_1566,Left Hand Tool,Tweezers,1.0,0.9541,1080,1920
val,10_1_0746,Left Hand Tool,Tweezers,1.0,0.829,1080,1920
val,10_1_0352,Two Hands Tool,Scissors,0.9888,0.8145,1080,1920
val,10_1_1553,Left Hand Tool,Tweezers,0.9958,0.9958,1080,1920
val,10_1_0457,Right Hand Tool,Raspatory,0.999,0.9866,1080,1920
val,10_1_0285,Two Hands Tool,Mouth Gag,1.0,0.0259,1080,1920
val,09_1_0844,Right Hand Tool,Electric Cautery,0.9985,0.7672,1080,1920
val,09_1_0559,Right Hand Tool,Scalpel,0.9967,0.9967,1080,1920
val,10_1_0459,Left Hand Tool,Suction Cannula,0.9998,0.972,1080,1920
val,10_1_0784,Right Hand Tool,Scissors,0.9993,0.7844,1080,1920
val,10_1_1587,Left Hand Tool,Tweezers,1.0,0.0247,1080,1920
val,10_1_0688,Right Hand Tool,Scissors,0.9988,0.929,1080,1920
val,10_1_1394,Left Hand Tool,Tweezers,0.9869,0.9869,1080,1920
val,10_1_0855,Left Hand Tool,Tweezers,1.0,0.3819,1080,1920
val,10_1_0965,Right Hand Tool,Scissors,0.9997,0.5109,1080,1920
val,09_1_0818,Left Hand Tool,Gauze,0.9715,0.6993,1080,1920
val,09_1_0703,Left Hand Tool,Forceps,0.9967,0.3686,1080,1920
val,10_1_1485,Left Hand Tool,Tweezers,0.9961,0.7254,1080,1920
val,09_1_0450,Two Hands Tool,Syringe,0.9982,0.9982,1080,1920
val,09_1_0881,Right Hand Tool,Electric Cautery,0.9995,0.8185,1080,1920
val,10_1_0521,Left Hand Tool,Tweezers,1.0,0.6601,1080,1920
val,10_1_1532,Right Hand Tool,Needle Holders,0.9986,0.7064,1080,1920
val,10_1_1408,Left Hand Tool,Tweezers,1.0,0.761,1080,1920
val,10_1_0444,Left Hand Tool,Suction Cannula,1.0,1.0,1080,1920
val,09_1_0395,Two Hands Tool,Syringe,0.9976,0.9976,1080,1920
val,10_1_0543,Left Hand Tool,Tweezers,0.9991,0.8764,1080,1920
val,10_1_0941,Right Hand Tool,Needle Holders,0.995,0.7811,1080,1920
val,10_1_0724,Right Hand Tool,Mouth Gag,1.0,0.002,1080,1920
val,09_1_0598,Left Hand Tool,Gauze,0.9988,0.9455,1080,1920
val,10_1_0931,Left Hand Tool,Tweezers,1.0,1.0,1080,1920
val,09_1_0737,Left Hand Tool,Gauze,0.9938,0.329,1080,1920
val,10_1_1389,Right Hand Tool,Needle Holders,0.9992,0.9992,1080,1920
val,09_1_0820,Left Hand Tool,Gauze,1.0,0.7079,1080,1920
val,09_1_1000,Left Hand Tool,Tweezers,0.9997,0.9997,1080,1920
val,10_1_0738,Right Hand Tool,Bipolar Forceps,0.9977,0.2831,1080,1920
val,10_1_0367,Two Hands Tool,Scissors,0.9977,0.7947,1080,1920
val,10_1_0733,Left Hand Tool,Tweezers,1.0,0.8344,1080,1920
val,10_1_0720,Left Hand Tool,Tweezers,0.9985,0.8686,1080,1920
val,10_1_0609,Right Hand Tool,Scissors,0.9988,0.7863,1080,1920
val,09_1_0838,Right Hand Tool,Electric Cautery,0.9959,0.5872,1080,1920
val,10_1_1681,Right Hand Tool,Needle Holders,0.9978,0.8823,1080,1920
val,10_1_1434,Right Hand Tool,Needle Holders,0.9978,0.7807,1080,1920
val,10_1_1497,Left Hand Tool,Tweezers,0.9961,0.8979,1080,1920
val,10_1_0621,Right Hand Tool,Raspatory,0.9977,0.9119,1080,1920
val,10_1_1390,Right Hand Tool,Needle Holders,1.0,0.7919,1080,1920
val,10_1_0832,Right Hand Tool,Needle Holders,0.9954,0.5964,1080,1920
val,09_1_0550,Left Hand Tool,Gauze,0.9993,0.6882,1080,1920
val,10_1_0509,Right Hand Tool,Raspatory,1.0,1.0,1080,1920
val,10_1_1171,Left Hand Tool,Forceps,0.9971,0.9971,1080,1920
val,09_1_0689,Left Hand Tool,Forceps,0.9936,0.9936,1080,1920
val,09_1_0706,Left Hand Tool,Gauze,1.0,0.4679,1080,1920
val,10_1_1455,Right Hand Tool,Needle Holders,0.9996,0.8241,1080,1920
val,10_1_0761,Left Hand Tool,Tweezers,0.9964,0.9964,1080,1920
val,10_1_0558,Left Hand Tool,Tweezers,1.0,0.827,1080,1920
val,09_1_0847,Right Hand Tool,Electric Cautery,0.9993,0.8367,1080,1920
val,09_1_0882,Right Hand Tool,Electric Cautery,0.9987,0.8583,1080,1920
val,10_1_1108,Left Hand Tool,Mouth Gag,0.1224,0.1224,1080,1920
val,09_1_0884,Left Hand Tool,Gauze,0.9947,0.1043,1080,1920
val,10_1_0912,Right Hand Tool,Needle Holders,0.9847,0.6219,1080,1920
val,09_1_0723,Two Hands Tool,Gauze,0.9975,0.7231,1080,1920
val,10_1_0963,Right Hand Tool,Scissors,0.9993,0.8328,1080,1920
val,09_1_0603,Right Hand Tool,Scalpel,1.0,1.0,1080,1920
val,10_1_0545,Right Hand Tool,Scissors,1.0,1.0,1080,1920
val,10_1_0926,Left Hand Tool,Mouth Gag,0.0117,0.0117,1080,1920
val,10_1_0393,Left Hand Tool,Suction Cannula,1.0,0.8179,1080,1920
val,09_1_0806,Left Hand Tool,Gauze,1.0,0.9072,1080,1920
val,10_1_1645,Two Hands Tool,Needle Holders,0.9993,0.3742,1080,1920
val,10_1_0949,Left Hand Tool,Tweezers,0.9999,0.9479,1080,1920
val,10_1_0541,Right Hand Tool,Scissors,1.0,0.668,1080,1920
val,10_1_1018,Left Hand Tool,Tweezers,1.0,1.0,1080,1920
val,10_1_1563,Right Hand Tool,Needle Holders,0.9974,0.5642,1080,1920
val,09_1_0521,Left Hand Tool,Gauze,1.0,1.0,1080,1920
val,10_1_0221,Right Hand Tool,Skewer,0.0174,0.0174,1080,1920
val,10_1_1437,Right Hand Tool,Needle Holders,0.9948,0.9948,1080,1920
val,10_1_0561,Left Hand Tool,Tweezers,1.0,0.8765,1080,1920
val,10_1_0818,Left Hand Tool,Tweezers,1.0,1.0,1080,1920
val,09_1_0520,Right Hand Tool,Scalpel,0.9819,0.9819,1080,1920
val,10_1_0989,Left Hand Tool,Tweezers,1.0,0.9646,1080,1920
val,09_1_0613,Right Hand Tool,Scalpel,1.0,1.0,1080,1920
val,10_1_0500,Left Hand Tool,Suction Cannula,1.0,0.8155,1080,1920
val,10_1_0774,Left Hand Tool,Tweezers,1.0,0.9021,1080,1920
val,10_1_1423,Right Hand Tool,Needle Holders,0.9997,0.7847,1080,1920
val,10_1_0548,Left Hand Tool,Tweezers,1.0,0.7574,1080,1920
val,10_1_0989,Right Hand Tool,Needle Holders,0.9979,0.6763,1080,1920
val,10_1_0576,Left Hand Tool,Tweezers,0.954,0.7547,1080,1920
val,09_1_0763,Left Hand Tool,Hook,0.9963,0.9963,1080,1920
val,10_1_1093,Right Hand Tool,Needle Holders,0.9987,0.7312,1080,1920
val,10_1_0497,Left Hand Tool,Suction Cannula,1.0,0.6137,1080,1920
val,10_1_0470,Left Hand Tool,Suction Cannula,1.0,0.6534,1080,1920
val,10_1_0490,Left Hand Tool,Suction Cannula,0.9925,0.4851,1080,1920
val,10_1_0935,Right Hand Tool,Needle Holders,1.0,0.791,1080,1920
val,10_1_1024,Left Hand Tool,Tweezers,1.0,0.7282,1080,1920
val,09_1_0530,Left Hand Tool,Gauze,0.9983,0.9983,1080,1920
val,10_1_0854,Left Hand Tool,Tweezers,1.0,1.0,1080,1920
val,10_1_0533,Left Hand Tool,Tweezers,1.0,0.71,1080,1920
val,10_1_0797,Right Hand Tool,Needle Holders,0.9981,0.9981,1080,1920
val,10_1_1452,Right Hand Tool,Needle Holders,1.0,0.9164,1080,1920
val,09_1_0670,Right Hand Tool,Scissors,0.9926,0.9926,1080,1920
val,10_1_0355,Left Hand Tool,Suction Cannula,0.9927,0.5552,1080,1920
val,10_1_0406,Right Hand Tool,Raspatory,1.0,0.9988,1080,1920
val,09_1_0676,Left Hand Tool,Forceps,0.9991,0.6364,1080,1920
val,10_1_0898,Right Hand Tool,Needle Holders,0.9763,0.8101,1080,1920
val,09_1_0546,Left Hand Tool,Gauze,0.9966,0.6006,1080,1920
val,09_1_0649,Left Hand Tool,Tweezers,1.0,0.9693,1080,1920
val,10_1_0876,Left Hand Tool,Tweezers,1.0,1.0,1080,1920
val,09_1_0495,Left Hand Tool,Gauze,0.999,0.7548,1080,1920
val,10_1_0549,Right Hand Tool,Scissors,1.0,0.7644,1080,1920
val,10_1_0861,Right Hand Tool,Needle Holders,1.0,0.6263,1080,1920
val,10_1_0537,Left Hand Tool,Suction Cannula,0.9991,0.7223,1080,1920
val,10_1_1539,Left Hand Tool,Tweezers,1.0,0.8572,1080,1920
val,10_1_0556,Right Hand Tool,Scissors,0.9951,0.6984,1080,1920
val,10_1_1456,Right Hand Tool,Needle Holders,1.0,0.9018,1080,1920
val,10_1_1178,Left Hand Tool,Forceps,0.9713,0.9688,1080,1920
val,10_1_0614,Left Hand Tool,Suction Cannula,0.9708,0.9708,1080,1920
val,10_1_0227,Right Hand Tool,Skewer,0.0,0.0,1080,1920
val,09_1_0879,Left Hand Tool,Gauze,1.0,0.5823,1080,1920
val,10_1_0564,Right Hand Tool,Raspatory,1.0,0.7904,1080,1920
val,10_1_1114,Right Hand Tool,Needle Holders,1.0,0.8902,1080,1920
val,10_1_0435,Left Hand Tool,Suction Cannula,1.0,0.9121,1080,1920
val,10_1_0955,Left Hand Tool,Tweezers,1.0,0.6502,1080,1920
val,10_1_0707,Right Hand Tool,Scissors,0.9867,0.9867,1080,1920
val,10_1_0405,Right Hand Tool,Raspatory,0.9942,0.9942,1080,1920
val,10_1_0924,Left Hand Tool,Tweezers,0.9766,0.9766,1080,1920
val,10_1_0549,Left Hand Tool,Tweezers,1.0,0.8171,1080,1920
val,10_1_1431,Right Hand Tool,Needle Holders,1.0,0.7131,1080,1920
val,09_1_0695,Right Hand Tool,Scissors,0.9945,0.9722,1080,1920
val,10_1_1425,Left Hand Tool,Tweezers,1.0,1.0,1080,1920
val,10_1_0933,Right Hand Tool,Needle Holders,0.9932,0.7651,1080,1920
val,10_1_0693,Right Hand Tool,Scissors,0.9997,0.9604,1080,1920
val,10_1_1624,Right Hand Tool,Needle Holders,0.9986,0.3103,1080,1920
val,09_1_0822,Left Hand Tool,Forceps,0.9979,0.9979,1080,1920
val,10_1_1475,Left Hand Tool,Tweezers,1.0,1.0,1080,1920
val,10_1_0277,Two Hands Tool,Syringe,1.0,0.6312,1080,1920
val,10_1_0385,Left Hand Tool,Suction Cannula,1.0,0.646,1080,1920
val,10_1_1511,Right Hand Tool,Mouth Gag,1.0,0.0027,1080,1920
val,10_1_0687,Left Hand Tool,Tweezers,0.9794,0.355,1080,1920
val,10_1_1014,Left Hand Tool,Tweezers,1.0,1.0,1080,1920
val,10_1_0714,Right Hand Tool,Scissors,1.0,0.8739,1080,1920
val,10_1_0409,Right Hand Tool,Raspatory,1.0,0.9032,1080,1920
val,10_1_0291,Two Hands Tool,Syringe,0.9904,0.6675,1080,1920
val,09_1_0470,Right Hand Tool,Scalpel,1.0,1.0,1080,1920
val,09_1_0452,Two Hands Tool,Syringe,0.9963,0.9963,1080,1920
val,10_1_0496,Left Hand Tool,Suction Cannula,1.0,0.5714,1080,1920
val,10_1_0592,Right Hand Tool,Bipolar Forceps,0.9973,0.9763,1080,1920
val,10_1_0348,Left Hand Tool,Electric Cautery,1.0,0.6235,1080,1920
val,10_1_0819,Left Hand Tool,Tweezers,1.0,1.0,1080,1920
val,09_1_0527,Left Hand Tool,Gauze,0.9591,0.9591,1080,1920
val,10_1_0771,Left Hand Tool,Tweezers,1.0,0.9833,1080,1920
val,10_1_0561,Right Hand Tool,Scissors,0.9992,0.6131,1080,1920
val,09_1_0499,Left Hand Tool,Tweezers,1.0,0.0,1080,1920
val,10_1_1668,Two Hands Tool,Needle Holders,1.0,0.4368,1080,1920
val,09_1_0705,Left Hand Tool,Gauze,1.0,0.7707,1080,1920
val,10_1_0754,Right Hand Tool,Needle Holders,0.9889,0.3861,1080,1920
val,10_1_0271,Two Hands Tool,Syringe,0.9972,0.8204,1080,1920
val,10_1_1543,Left Hand Tool,Tweezers,0.9984,0.9984,1080,1920
val,09_1_0582,Left Hand Tool,Gauze,0.9988,0.9619,1080,1920
val,10_1_1023,Right Hand Tool,Needle Holders,0.9838,0.1977,1080,1920
val,09_1_0590,Right Hand Tool,Scalpel,0.9898,0.5883,1080,1920
val,10_1_0446,Left Hand Tool,Suction Cannula,1.0,1.0,1080,1920
val,10_1_1658,Right Hand Tool,Needle Holders,1.0,0.5869,1080,1920
val,09_1_0617,Left Hand Tool,Gauze,1.0,1.0,1080,1920
val,10_1_0953,Left Hand Tool,Tweezers,1.0,0.8079,1080,1920
val,10_1_0715,Left Hand Tool,Tweezers,1.0,0.5133,1080,1920
val,10_1_0552,Right Hand Tool,Scissors,1.0,0.6961,1080,1920
val,10_1_1512,Left Hand Tool,Tweezers,1.0,0.8038,1080,1920
val,09_1_0618,Left Hand Tool,Gauze,1.0,1.0,1080,1920
val,10_1_0584,Left Hand Tool,Tweezers,1.0,0.9579,1080,1920
val,10_1_1027,Right Hand Tool,Scissors,1.0,0.7986,1080,1920
val,10_1_1473,Right Hand Tool,Needle Holders,0.9995,0.9017,1080,1920
val,10_1_0721,Right Hand Tool,Scissors,0.8651,0.865,1080,1920
val,09_1_0805,Left Hand Tool,Gauze,1.0,0.7414,1080,1920
val,10_1_0994,Right Hand Tool,Needle Holders,0.9956,0.7119,1080,1920
val,09_1_0793,Left Hand Tool,Gauze,1.0,0.7445,1080,1920
val,10_1_0770,Left Hand Tool,Tweezers,1.0,1.0,1080,1920
val,10_1_1513,Left Hand Tool,Needle Holders,0.0,0.0,1080,1920
val,09_1_0809,Left Hand Tool,Gauze,1.0,0.7912,1080,1920
val,10_1_0551,Right Hand Tool,Scissors,1.0,0.7891,1080,1920
val,09_1_0540,Two Hands Tool,Scalpel,0.9993,0.9993,1080,1920
val,09_1_1005,Right Hand Tool,Electric Cautery,0.9982,0.9982,1080,1920
val,09_1_0753,Two Hands Tool,Scissors,0.9978,0.9948,1080,1920
val,09_1_0690,Right Hand Tool,Scissors,0.9983,0.9983,1080,1920
val,10_1_0563,Right Hand Tool,Raspatory,0.998,0.8287,1080,1920
val,10_1_1012,Left Hand Tool,Tweezers,0.997,0.997,1080,1920
val,09_1_0985,Left Hand Tool,Tweezers,1.0,1.0,1080,1920
val,09_1_0881,Left Hand Tool,Gauze,1.0,1.0,1080,1920
val,09_1_1000,Right Hand Tool,Scissors,0.9583,0.9574,1080,1920
val,09_1_0410,Two Hands Tool,Syringe,1.0,1.0,1080,1920
val,10_1_1097,Left Hand Tool,Scissors,1.0,1.0,1080,1920
val,10_1_0430,Right Hand Tool,Raspatory,1.0,0.9257,1080,1920
val,09_1_0845,Left Hand Tool,Gauze,0.8896,0.8828,1080,1920
val,10_1_1016,Left Hand Tool,Tweezers,1.0,0.9208,1080,1920
val,09_1_0458,Two Hands Tool,Syringe,1.0,1.0,1080,1920
val,10_1_0374,Right Hand Tool,Bipolar Forceps,0.9954,0.7387,1080,1920
val,10_1_0889,Left Hand Tool,Tweezers,1.0,0.9949,1080,1920
val,09_1_0820,Right Hand Tool,Electric Cautery,0.9979,0.8335,1080,1920
val,10_1_0532,Left Hand Tool,Tweezers,0.9975,0.6404,1080,1920
val,10_1_0611,Left Hand Tool,Suction Cannula,0.989,0.9577,1080,1920
val,10_1_1544,Right Hand Tool,Needle Holders,0.9771,0.6201,1080,1920
val,09_1_0739,Right Hand Tool,Scissors,0.9942,0.9942,1080,1920
val,10_1_0393,Right Hand Tool,Scissors,1.0,0.7804,1080,1920
val,10_1_0905,Left Hand Tool,Needle Holders,0.0,0.0,1080,1920
val,10_1_0444,Right Hand Tool,Scissors,0.9838,0.6578,1080,1920
val,09_1_0882,Left Hand Tool,Gauze,0.9789,0.9789,1080,1920
val,09_1_0982,Left Hand Tool,Tweezers,1.0,1.0,1080,1920
val,10_1_1392,Left Hand Tool,Tweezers,0.9941,0.8754,1080,1920
val,09_1_0407,Right Hand Tool,Syringe,0.996,0.996,1080,1920
val,10_1_1106,Left Hand Tool,Needle Holders,0.0,0.0,1080,1920
val,09_1_0609,Left Hand Tool,Gauze,0.9996,0.9843,1080,1920
val,10_1_0745,Right Hand Tool,Needle Holders,0.9998,0.7643,1080,1920
val,10_1_1551,Left Hand Tool,Tweezers,0.9971,0.4424,1080,1920
val,10_1_0918,Left Hand Tool,Tweezers,1.0,1.0,1080,1920
val,10_1_1020,Left Hand Tool,Tweezers,1.0,0.9131,1080,1920
val,10_1_1654,Right Hand Tool,Needle Holders,1.0,0.2895,1080,1920
val,09_1_0563,Right Hand Tool,Scalpel,0.9973,0.9659,1080,1920
val,10_1_0813,Left Hand Tool,Tweezers,0.9972,0.9972,1080,1920
val,10_1_1191,Two Hands Tool,Bipolar Forceps,0.9975,0.8307,1080,1920
val,09_1_0504,Two Hands Tool,Scalpel,1.0,1.0,1080,1920
val,09_1_0557,Left Hand Tool,Gauze,1.0,1.0,1080,1920
val,10_1_1498,Left Hand Tool,Tweezers,0.998,0.9535,1080,1920
val,09_1_0399,Two Hands Tool,Syringe,1.0,1.0,1080,1920
val,10_1_0791,Right Hand Tool,Needle Holders,0.9974,0.7385,1080,1920
val,10_1_0724,Left Hand Tool,Tweezers,0.9996,0.8751,1080,1920
val,10_1_1634,Left Hand Tool,Tweezers,1.0,0.5997,1080,1920
val,10_1_0532,Right Hand Tool,Scissors,1.0,0.7225,1080,1920
val,10_1_0565,Left Hand Tool,Tweezers,1.0,1.0,1080,1920
val,10_1_1503,Left Hand Tool,Tweezers,1.0,0.8917,1080,1920
val,10_1_0380,Left Hand Tool,Suction Cannula,1.0,0.7321,1080,1920
val,10_1_1648,Left Hand Tool,Tweezers,1.0,1.0,1080,1920
val,10_1_0978,Left Hand Tool,Needle Holders,1.0,0.0,1080,1920
val,10_1_0951,Left Hand Tool,Tweezers,1.0,0.7827,1080,1920
val,10_1_1505,Right Hand Tool,Needle Holders,1.0,0.5425,1080,1920
val,10_1_0803,Right Hand Tool,Needle Holders,1.0,0.7888,1080,1920
val,10_1_0959,Left Hand Tool,Tweezers,1.0,0.8344,1080,1920
val,10_1_1488,Right Hand Tool,Needle Holders,0.9824,0.7324,1080,1920
val,10_1_0910,Left Hand Tool,Tweezers,0.9996,0.8816,1080,1920
val,10_1_1147,Two Hands Tool,Scalpel,1.0,0.0,1080,1920
val,10_1_1591,Right Hand Tool,Needle Holders,1.0,0.6452,1080,1920
val,10_1_0486,Right Hand Tool,Scissors,0.9975,0.8617,1080,1920
val,10_1_1105,Right Hand Tool,Needle Holders,0.9989,0.9989,1080,1920
val,10_1_1170,Left Hand Tool,Forceps,0.9986,0.9982,1080,1920
val,10_1_0339,Left Hand Tool,Suction Cannula,0.9981,0.5789,1080,1920
val,10_1_0407,Left Hand Tool,Suction Cannula,0.9836,0.9573,1080,1920
val,10_1_1682,Right Hand Tool,Needle Holders,1.0,0.8796,1080,1920
val,10_1_0396,Right Hand Tool,Scissors,0.9968,0.8034,1080,1920
val,09_1_0648,Right Hand Tool,Scissors,1.0,1.0,1080,1920
val,10_1_1011,Right Hand Tool,Needle Holders,0.9999,0.9455,1080,1920
val,10_1_0739,Left Hand Tool,Tweezers,0.9632,0.8194,1080,1920
val,10_1_0392,Right Hand Tool,Scissors,1.0,0.9325,1080,1920
val,09_1_0686,Left Hand Tool,Forceps,0.8578,0.8578,1080,1920
val,09_1_0790,Left Hand Tool,Tweezers,1.0,0.867,1080,1920
val,10_1_0732,Right Hand Tool,Scissors,0.9963,0.1166,1080,1920
val,10_1_0441,Right Hand Tool,Scissors,0.9853,0.4989,1080,1920
val,10_1_0698,Right Hand Tool,Scissors,0.9551,0.9542,1080,1920
val,09_1_0726,Left Hand Tool,Gauze,0.9995,0.9379,1080,1920
val,09_1_0980,Right Hand Tool,Electric Cautery,0.998,0.998,1080,1920
val,10_1_1001,Right Hand Tool,Needle Holders,0.9991,0.6348,1080,1920
val,10_1_0412,Right Hand Tool,Scissors,0.9968,0.4874,1080,1920
val,10_1_0597,Left Hand Tool,Suction Cannula,1.0,1.0,1080,1920
val,10_1_1094,Left Hand Tool,Mouth Gag,0.4779,0.4779,1080,1920
val,10_1_1589,Left Hand Tool,Tweezers,0.9974,0.537,1080,1920
val,09_1_0986,Left Hand Tool,Tweezers,1.0,1.0,1080,1920
val,09_1_0608,Left Hand Tool,Gauze,0.9984,0.9983,1080,1920
val,09_1_0454,Two Hands Tool,Syringe,1.0,1.0,1080,1920
val,10_1_1176,Left Hand Tool,Forceps,0.9494,0.9424,1080,1920
val,09_1_0629,Right Hand Tool,Scalpel,0.9979,0.9979,1080,1920
val,10_1_0336,Right Hand Tool,Scalpel,1.0,0.7765,1080,1920
val,09_1_0980,Left Hand Tool,Tweezers,1.0,1.0,1080,1920
val,10_1_0503,Right Hand Tool,Scissors,1.0,0.8574,1080,1920
val,10_1_0930,Left Hand Tool,Tweezers,1.0,1.0,1080,1920
val,10_1_0517,Left Hand Tool,Tweezers,0.998,0.998,1080,1920
val,10_1_1431,Left Hand Tool,Tweezers,0.9949,0.6825,1080,1920
val,10_1_1075,Left Hand Tool,Mouth Gag,1.0,0.6819,1080,1920
val,10_1_0875,Right Hand Tool,Needle Holders,0.996,0.8158,1080,1920
val,10_1_1510,Right Hand Tool,Needle Holders,0.9948,0.2553,1080,1920
val,10_1_0599,Left Hand Tool,Suction Cannula,0.9161,0.9161,1080,1920
val,10_1_1585,Left Hand Tool,Tweezers,0.9953,0.6835,1080,1920
val,09_1_0599,Left Hand Tool,Gauze,0.9911,0.9911,1080,1920
val,09_1_0636,Right Hand Tool,Scalpel,0.9973,0.9973,1080,1920
val,09_1_0872,Left Hand Tool,Gauze,0.9988,0.418,1080,1920
val,10_1_0540,Left Hand Tool,Tweezers,1.0,0.8681,1080,1920
val,10_1_0696,Right Hand Tool,Scissors,0.9966,0.9511,1080,1920
val,10_1_1185,Two Hands Tool,Bipolar Forceps,0.9978,0.8577,1080,1920
val,09_1_0766,Right Hand Tool,Gauze,1.0,0.633,1080,1920
val,10_1_1624,Left Hand Tool,Tweezers,1.0,0.4449,1080,1920
val,10_1_0725,Left Hand Tool,Tweezers,0.9988,0.8445,1080,1920
val,09_1_0757,Right Hand Tool,Scissors,0.9985,0.9985,1080,1920
val,09_1_0580,Right Hand Tool,Scalpel,0.9962,0.9547,1080,1920
val,09_1_0588,Right Hand Tool,Scalpel,0.9996,0.6637,1080,1920
val,10_1_0689,Right Hand Tool,Scissors,0.9969,0.8139,1080,1920
val,10_1_0598,Left Hand Tool,Suction Cannula,0.9941,0.9941,1080,1920
val,10_1_1172,Right Hand Tool,Scissors,0.9926,0.4482,1080,1920
val,09_1_0646,Right Hand Tool,Scissors,0.9802,0.9363,1080,1920
val,10_1_1656,Right Hand Tool,Needle Holders,1.0,0.5754,1080,1920
val,10_1_0823,Right Hand Tool,Needle Holders,1.0,0.7265,1080,1920
val,10_1_0334,Two Hands Tool,Scalpel,1.0,0.5828,1080,1920
val,09_1_1012,Left Hand Tool,Tweezers,0.9976,0.9976,1080,1920
val,10_1_1606,Left Hand Tool,Tweezers,0.9991,0.6434,1080,1920
val,10_1_0622,Left Hand Tool,Suction Cannula,1.0,1.0,1080,1920
val,10_1_0700,Left Hand Tool,Tweezers,0.9981,0.8556,1080,1920
val,10_1_0543,Right Hand Tool,Scissors,0.9859,0.7062,1080,1920
val,10_1_0964,Right Hand Tool,Scissors,0.9898,0.7351,1080,1920
val,09_1_0602,Right Hand Tool,Scalpel,0.9999,0.9999,1080,1920
val,10_1_1458,Left Hand Tool,Tweezers,0.9914,0.1534,1080,1920
val,09_1_0455,Two Hands Tool,Syringe,1.0,1.0,1080,1920
val,09_1_0593,Right Hand Tool,Scalpel,1.0,0.675,1080,1920
val,10_1_0776,Right Hand Tool,Scissors,1.0,0.533,1080,1920
val,10_1_1004,Left Hand Tool,Tweezers,1.0,0.8513,1080,1920
val,09_1_0570,Right Hand Tool,Scalpel,1.0,0.9999,1080,1920
val,10_1_1154,Left Hand Tool,Suction Cannula,1.0,0.3888,1080,1920
val,10_1_0505,Right Hand Tool,Raspatory,0.9984,0.7868,1080,1920
val,09_1_0768,Left Hand Tool,Hook,0.9953,0.9953,1080,1920
val,09_1_0990,Left Hand Tool,Tweezers,1.0,1.0,1080,1920
val,10_1_0802,Left Hand Tool,Tweezers,1.0,1.0,1080,1920
val,10_1_0354,Right Hand Tool,Scissors,0.9922,0.6771,1080,1920
val,10_1_0956,Right Hand Tool,Scissors,0.9982,0.8849,1080,1920
val,09_1_0416,Two Hands Tool,Syringe,1.0,1.0,1080,1920
val,09_1_0653,Left Hand Tool,Tweezers,0.9988,0.9988,1080,1920
val,09_1_0623,Left Hand Tool,Gauze,0.9829,0.9811,1080,1920
val,10_1_1398,Right Hand Tool,Needle Holders,0.991,0.991,1080,1920
val,09_1_0721,Left Hand Tool,Forceps,0.9916,0.933,1080,1920
val,10_1_0574,Left Hand Tool,Tweezers,1.0,0.9812,1080,1920
val,09_1_0817,Left Hand Tool,Gauze,0.997,0.6968,1080,1920
val,10_1_0381,Left Hand Tool,Suction Cannula,1.0,0.6115,1080,1920
val,09_1_0632,Right Hand Tool,Scalpel,1.0,1.0,1080,1920
val,10_1_1429,Right Hand Tool,Needle Holders,0.9971,0.6911,1080,1920
val,09_1_0766,Left Hand Tool,Tweezers,1.0,0.4675,1080,1920
val,09_1_0685,Right Hand Tool,Scissors,1.0,1.0,1080,1920
val,10_1_0705,Right Hand Tool,Scissors,0.9961,0.6646,1080,1920
val,10_1_1199,Right Hand Tool,Suction Cannula,0.994,0.8654,1080,1920
val,10_1_0774,Right Hand Tool,Scissors,0.9983,0.5713,1080,1920
val,09_1_0493,Two Hands Tool,Scalpel,1.0,1.0,1080,1920
val,10_1_1118,Right Hand Tool,Needle Holders,0.9995,0.804,1080,1920
val,10_1_1528,Left Hand Tool,Tweezers,1.0,0.9112,1080,1920
val,10_1_0944,Left Hand Tool,Tweezers,1.0,0.8368,1080,1920
val,09_1_0605,Left Hand Tool,Gauze,0.9996,0.9996,1080,1920
val,10_1_0626,Right Hand Tool,Raspatory,1.0,0.9039,1080,1920
val,10_1_0389,Right Hand Tool,Bipolar Forceps,0.9906,0.7526,1080,1920
val,10_1_1022,Left Hand Tool,Tweezers,1.0,0.9484,1080,1920
val,10_1_0627,Right Hand Tool,Raspatory,0.9981,0.9666,1080,1920
val,10_1_0945,Right Hand Tool,Needle Holders,0.9987,0.9987,1080,1920
val,09_1_0700,Left Hand Tool,Forceps,0.9922,0.2707,1080,1920
val,10_1_0529,Right Hand Tool,Scissors,1.0,0.6719,1080,1920
val,10_1_1415,Left Hand Tool,Tweezers,1.0,1.0,1080,1920
val,10_1_0416,Left Hand Tool,Suction Cannula,0.9968,0.8818,1080,1920
val,10_1_0759,Right Hand Tool,Needle Holders,0.9983,0.8301,1080,1920
val,09_1_0579,Right Hand Tool,Scalpel,1.0,0.98,1080,1920
val,09_1_0636,Left Hand Tool,Gauze,0.9977,0.9977,1080,1920
val,09_1_0456,Right Hand Tool,Syringe,0.9971,0.9971,1080,1920
val,10_1_1155,Two Hands Tool,Scalpel,0.9966,0.9179,1080,1920
val,10_1_1184,Two Hands Tool,Bipolar Forceps,0.9961,0.8484,1080,1920
val,10_1_0415,Right Hand Tool,Scissors,0.9958,0.9055,1080,1920
val,09_1_0384,Right Hand Tool,Syringe,1.0,1.0,1080,1920
val,09_1_0700,Right Hand Tool,Scissors,0.9878,0.3926,1080,1920
val,10_1_0571,Right Hand Tool,Scissors,0.9696,0.5005,1080,1920
val,10_1_0427,Left Hand Tool,Suction Cannula,1.0,1.0,1080,1920
val,09_1_1005,Left Hand Tool,Tweezers,1.0,1.0,1080,1920
val,10_1_1421,Right Hand Tool,Needle Holders,1.0,0.3806,1080,1920
val,10_1_1542,Right Hand Tool,Needle Holders,0.9996,0.4196,1080,1920
val,10_1_0829,Left Hand Tool,Tweezers,0.9837,0.5956,1080,1920
val,10_1_0792,Right Hand Tool,Needle Holders,0.9982,0.6943,1080,1920
val,10_1_0449,Left Hand Tool,Suction Cannula,1.0,0.8619,1080,1920
val,10_1_1508,Right Hand Tool,Needle Holders,0.9954,0.5926,1080,1920
val,09_1_0413,Two Hands Tool,Syringe,1.0,1.0,1080,1920
val,09_1_0996,Right Hand Tool,Scissors,1.0,1.0,1080,1920
val,10_1_0862,Left Hand Tool,Tweezers,0.9525,0.9525,1080,1920
val,09_1_0583,Left Hand Tool,Gauze,0.9986,0.9343,1080,1920
val,10_1_0383,Right Hand Tool,Scalpel,1.0,0.7211,1080,1920
val,10_1_0578,Left Hand Tool,Tweezers,1.0,0.8408,1080,1920
val,10_1_0943,Right Hand Tool,Needle Holders,1.0,0.3894,1080,1920
val,09_1_0403,Two Hands Tool,Syringe,0.9984,0.9984,1080,1920
val,10_1_1545,Left Hand Tool,Tweezers,1.0,1.0,1080,1920
val,10_1_1432,Left Hand Tool,Tweezers,0.9996,0.653,1080,1920
val,10_1_0782,Left Hand Tool,Tweezers,0.9996,0.924,1080,1920
val,09_1_0638,Left Hand Tool,Gauze,1.0,1.0,1080,1920
val,10_1_1475,Right Hand Tool,Needle Holders,0.9954,0.8342,1080,1920
val,10_1_0589,Right Hand Tool,Bipolar Forceps,0.9967,0.8105,1080,1920
val,09_1_0829,Left Hand Tool,Gauze,0.9974,0.9974,1080,1920
val,10_1_0589,Left Hand Tool,Suction Cannula,1.0,0.9483,1080,1920
val,09_1_0791,Right Hand Tool,Electric Cautery,1.0,0.9684,1080,1920
val,10_1_1442,Right Hand Tool,Needle Holders,0.9972,0.7147,1080,1920
val,10_1_0426,Left Hand Tool,Suction Cannula,1.0,1.0,1080,1920
val,10_1_0625,Left Hand Tool,Suction Cannula,0.9937,0.9937,1080,1920
val,10_1_1397,Right Hand Tool,Needle Holders,0.9999,0.8304,1080,1920
val,10_1_1581,Left Hand Tool,Tweezers,0.9995,0.9837,1080,1920
val,09_1_0798,Right Hand Tool,Electric Cautery,0.9989,0.9081,1080,1920
val,10_1_1486,Left Hand Tool,Tweezers,1.0,1.0,1080,1920
val,10_1_0264,Two Hands Tool,Syringe,1.0,0.8996,1080,1920
val,10_1_0531,Left Hand Tool,Tweezers,0.9947,0.7581,1080,1920
val,10_1_0899,Right Hand Tool,Needle Holders,0.9996,0.8076,1080,1920
val,09_1_0664,Left Hand Tool,Tweezers,0.9994,0.9994,1080,1920
val,10_1_1178,Right Hand Tool,Mouth Gag,1.0,0.0035,1080,1920
val,10_1_1030,Right Hand Tool,Scissors,1.0,0.2997,1080,1920
val,10_1_0854,Right Hand Tool,Needle Holders,1.0,0.6079,1080,1920
val,09_1_0501,Two Hands Tool,Scalpel,0.9995,0.9995,1080,1920
val,10_1_0738,Left Hand Tool,Tweezers,0.9666,0.8074,1080,1920
val,10_1_0905,Right Hand Tool,Needle Holders,1.0,0.7594,1080,1920
val,10_1_0523,Right Hand Tool,Scissors,0.9965,0.6719,1080,1920
val,09_1_0874,Left Hand Tool,Gauze,0.9839,0.3911,1080,1920
val,10_1_0539,Left Hand Tool,Suction Cannula,0.9992,0.7305,1080,1920
val,09_1_0794,Right Hand Tool,Electric Cautery,0.9983,0.9266,1080,1920
val,09_1_0660,Right Hand Tool,Scissors,1.0,0.7525,1080,1920
val,09_1_0670,Left Hand Tool,Gauze,1.0,0.8607,1080,1920
val,09_1_0574,Right Hand Tool,Scalpel,1.0,0.8307,1080,1920
val,10_1_0763,Left Hand Tool,Tweezers,0.9998,0.5012,1080,1920
val,10_1_0704,Right Hand Tool,Scissors,0.9966,0.84,1080,1920
val,10_1_0226,Right Hand Tool,Skewer,0.0,0.0,1080,1920
val,10_1_1504,Left Hand Tool,Tweezers,1.0,1.0,1080,1920
val,10_1_0576,Right Hand Tool,Scissors,0.9986,0.8607,1080,1920
val,10_1_1627,Left Hand Tool,Tweezers,1.0,0.4403,1080,1920
val,09_1_0848,Left Hand Tool,Gauze,1.0,0.9381,1080,1920
val,10_1_0841,Left Hand Tool,Tweezers,0.9999,0.7863,1080,1920
val,10_1_0419,Left Hand Tool,Suction Cannula,0.9918,0.9274,1080,1920
val,10_1_0453,Left Hand Tool,Suction Cannula,0.9995,0.9977,1080,1920
val,09_1_0477,Two Hands Tool,Scalpel,0.9986,0.9986,1080,1920
val,10_1_0276,Two Hands Tool,Syringe,0.9974,0.8186,1080,1920
val,09_1_0657,Right Hand Tool,Hook,0.9995,0.9973,1080,1920
val,09_1_0688,Right Hand Tool,Scissors,0.9946,0.9946,1080,1920
val,09_1_0568,Right Hand Tool,Scalpel,0.9987,0.9987,1080,1920
val,10_1_0893,Right Hand Tool,Needle Holders,1.0,0.7594,1080,1920
val,09_1_0777,Left Hand Tool,Hook,1.0,1.0,1080,1920
val,10_1_0607,Right Hand Tool,Scissors,0.9845,0.661,1080,1920
val,10_1_0792,Left Hand Tool,Tweezers,1.0,0.8607,1080,1920
val,10_1_0363,Right Hand Tool,Scissors,0.9601,0.9601,1080,1920
val,10_1_0903,Right Hand Tool,Tweezers,0.9996,0.5755,1080,1920
val,10_1_0353,Right Hand Tool,Scissors,0.9532,0.6727,1080,1920
val,10_1_1601,Right Hand Tool,Needle Holders,1.0,0.7467,1080,1920
val,10_1_1635,Right Hand Tool,Needle Holders,1.0,0.6386,1080,1920
val,10_1_0398,Right Hand Tool,Scissors,0.987,0.8002,1080,1920
val,10_1_0428,Left Hand Tool,Suction Cannula,0.9872,0.9768,1080,1920
val,10_1_1430,Right Hand Tool,Needle Holders,0.9022,0.5694,1080,1920
val,10_1_0732,Left Hand Tool,Tweezers,0.9963,0.8289,1080,1920
val,09_1_0693,Left Hand Tool,Forceps,0.9599,0.2502,1080,1920
val,09_1_0837,Left Hand Tool,Gauze,0.9664,0.9414,1080,1920
val,10_1_0497,Right Hand Tool,Scissors,1.0,0.8573,1080,1920
val,10_1_1600,Right Hand Tool,Needle Holders,0.9995,0.9003,1080,1920
val,10_1_0388,Right Hand Tool,Bipolar Forceps,0.9932,0.805,1080,1920
val,10_1_1077,Right Hand Tool,Needle Holders,0.9982,0.6123,1080,1920
val,09_1_0682,Right Hand Tool,Scissors,1.0,0.4789,1080,1920
val,10_1_1541,Left Hand Tool,Tweezers,0.9998,0.9454,1080,1920
val,10_1_0440,Right Hand Tool,Scissors,0.9739,0.5328,1080,1920
val,10_1_0709,Left Hand Tool,Tweezers,1.0,0.8608,1080,1920
val,10_1_0536,Right Hand Tool,Scissors,1.0,0.6349,1080,1920
val,10_1_0850,Left Hand Tool,Tweezers,0.9996,0.8173,1080,1920
val,10_1_0474,Right Hand Tool,Raspatory,0.9981,0.9218,1080,1920
val,09_1_0630,Right Hand Tool,Scalpel,0.9983,0.9983,1080,1920
val,10_1_0740,Right Hand Tool,Bipolar Forceps,1.0,0.1512,1080,1920
val,09_1_0484,Right Hand Tool,Scalpel,0.9996,0.9996,1080,1920
val,10_1_0567,Left Hand Tool,Tweezers,1.0,0.7906,1080,1920
val,10_1_1571,Right Hand Tool,Needle Holders,0.9874,0.7098,1080,1920
val,10_1_1590,Left Hand Tool,Tweezers,0.9998,0.8793,1080,1920
val,09_1_0659,Left Hand Tool,Tweezers,1.0,0.9888,1080,1920
val,10_1_0783,Left Hand Tool,Tweezers,1.0,0.8582,1080,1920
val,10_1_1527,Left Hand Tool,Tweezers,0.9806,0.815,1080,1920
val,10_1_1415,Right Hand Tool,Needle Holders,1.0,0.9714,1080,1920
val,10_1_0263,Two Hands Tool,Syringe,1.0,0.89,1080,1920
val,09_1_0491,Left Hand Tool,Tweezers,0.9947,0.9947,1080,1920
val,10_1_1429,Left Hand Tool,Tweezers,0.9971,0.755,1080,1920
val,09_1_0792,Right Hand Tool,Electric Cautery,0.9976,0.9242,1080,1920
val,09_1_0801,Left Hand Tool,Gauze,0.9948,0.9144,1080,1920
val,10_1_0948,Right Hand Tool,Needle Holders,0.9987,0.7122,1080,1920
val,10_1_0996,Left Hand Tool,Tweezers,1.0,0.8443,1080,1920
val,09_1_0522,Right Hand Tool,Scalpel,1.0,1.0,1080,1920
val,10_1_1555,Left Hand Tool,Tweezers,1.0,1.0,1080,1920
val,10_1_0292,Two Hands Tool,Syringe,0.9972,0.6835,1080,1920
val,10_1_1665,Left Hand Tool,Tweezers,0.9991,0.6793,1080,1920
val,10_1_0823,Left Hand Tool,Tweezers,1.0,1.0,1080,1920
val,10_1_0731,Left Hand Tool,Suction Cannula,0.9973,0.8768,1080,1920
val,09_1_0796,Left Hand Tool,Gauze,1.0,0.6854,1080,1920
val,10_1_1441,Left Hand Tool,Tweezers,0.9976,0.7078,1080,1920
val,10_1_0574,Right Hand Tool,Scissors,0.9987,0.8615,1080,1920
val,10_1_0462,Right Hand Tool,Raspatory,0.9853,0.3364,1080,1920
val,09_1_0622,Right Hand Tool,Scalpel,1.0,1.0,1080,1920
val,10_1_1010,Left Hand Tool,Tweezers,1.0,0.943,1080,1920
val,09_1_0709,Left Hand Tool,Forceps,0.9813,0.6765,1080,1920
val,10_1_0602,Left Hand Tool,Suction Cannula,0.9972,0.941,1080,1920
val,09_1_0887,Left Hand Tool,Gauze,0.9928,0.9928,1080,1920
val,10_1_0628,Right Hand Tool,Raspatory,0.9972,0.9375,1080,1920
val,10_1_1570,Left Hand Tool,Tweezers,0.9984,0.7817,1080,1920
val,10_1_0927,Right Hand Tool,Needle Holders,0.9983,0.8039,1080,1920
val,09_1_0634,Left Hand Tool,Gauze,1.0,1.0,1080,1920
val,10_1_0403,Right Hand Tool,Raspatory,0.9992,0.8196,1080,1920
val,10_1_1516,Right Hand Tool,Needle Holders,0.9776,0.9747,1080,1920
val,10_1_1489,Right Hand Tool,Needle Holders,0.999,0.8183,1080,1920
val,10_1_0859,Right Hand Tool,Needle Holders,1.0,0.6425,1080,1920
val,09_1_0476,Two Hands Tool,Scalpel,1.0,1.0,1080,1920
val,10_1_1674,Right Hand Tool,Needle Holders,1.0,0.796,1080,1920
val,10_1_0992,Right Hand Tool,Needle Holders,1.0,0.3979,1080,1920
val,10_1_0883,Right Hand Tool,Needle Holders,0.9982,0.871,1080,1920
val,10_1_1392,Right Hand Tool,Needle Holders,0.9431,0.7421,1080,1920
val,10_1_0344,Right Hand Tool,Bipolar Forceps,0.9989,0.9223,1080,1920
val,09_1_0872,Right Hand Tool,Electric Cautery,0.9986,0.7683,1080,1920
val,10_1_1406,Left Hand Tool,Tweezers,0.9754,0.9754,1080,1920
val,09_1_0591,Two Hands Tool,Gauze,0.9995,0.4579,1080,1920
val,10_1_1458,Right Hand Tool,Needle Holders,0.9932,0.6953,1080,1920
val,10_1_0494,Right Hand Tool,Scissors,0.9994,0.8757,1080,1920
val,10_1_0769,Left Hand Tool,Needle Holders,0.0,0.0,1080,1920
val,10_1_0822,Right Hand Tool,Needle Holders,0.9995,0.7583,1080,1920
val,10_1_0606,Left Hand Tool,Suction Cannula,1.0,0.9597,1080,1920
val,09_1_0866,Right Hand Tool,Electric Cautery,0.9987,0.8253,1080,1920
val,10_1_0795,Right Hand Tool,Needle Holders,0.9958,0.883,1080,1920
val,09_1_0819,Right Hand Tool,Electric Cautery,0.9977,0.9158,1080,1920
val,10_1_0526,Right Hand Tool,Scissors,0.9996,0.5943,1080,1920
val,10_1_0765,Left Hand Tool,Tweezers,1.0,1.0,1080,1920
val,09_1_0981,Right Hand Tool,Electric Cautery,0.9981,0.9981,1080,1920
val,09_1_0805,Right Hand Tool,Electric Cautery,0.9937,0.7923,1080,1920
val,10_1_0723,Left Hand Tool,Tweezers,0.9985,0.8937,1080,1920
val,09_1_0637,Left Hand Tool,Gauze,1.0,1.0,1080,1920
val,10_1_0400,Left Hand Tool,Suction Cannula,1.0,0.6194,1080,1920
val,10_1_0392,Left Hand Tool,Suction Cannula,1.0,0.6679,1080,1920
val,10_1_0707,Left Hand Tool,Tweezers,1.0,0.8172,1080,1920
val,10_1_1017,Left Hand Tool,Tweezers,0.997,0.997,1080,1920
val,10_1_0360,Two Hands Tool,Bipolar Forceps,0.9927,0.8406,1080,1920
val,10_1_0912,Left Hand Tool,Tweezers,1.0,1.0,1080,1920
val,10_1_1199,Left Hand Tool,Gauze,1.0,0.0,1080,1920
val,09_1_0685,Left Hand Tool,Forceps,0.8322,0.8322,1080,1920
val,09_1_0586,Two Hands Tool,Gauze,1.0,0.4802,1080,1920
val,10_1_0783,Right Hand Tool,Needle Holders,0.9994,0.6821,1080,1920
val,10_1_0700,Right Hand Tool,Scissors,0.994,0.5632,1080,1920
val,10_1_0219,Right Hand Tool,Skewer,0.0,0.0,1080,1920
val,10_1_1652,Left Hand Tool,Tweezers,0.9988,0.9863,1080,1920
val,10_1_0556,Left Hand Tool,Tweezers,1.0,0.7973,1080,1920
val,09_1_0616,Left Hand Tool,Gauze,0.993,0.993,1080,1920
val,10_1_0727,Left Hand Tool,Tweezers,1.0,0.8281,1080,1920
val,09_1_0880,Left Hand Tool,Gauze,0.9988,0.5872,1080,1920
val,10_1_0711,Right Hand Tool,Scissors,0.9972,0.9059,1080,1920
val,10_1_1673,Left Hand Tool,Mouth Gag,0.0846,0.0846,1080,1920
val,10_1_1416,Left Hand Tool,Tweezers,0.9741,0.699,1080,1920
val,09_1_0702,Left Hand Tool,Forceps,1.0,0.6746,1080,1920
val,09_1_0834,Right Hand Tool,Electric Cautery,0.9977,0.6162,1080,1920
val,10_1_0588,Left Hand Tool,Suction Cannula,0.9991,0.6439,1080,1920
val,10_1_0337,Left Hand Tool,Suction Cannula,1.0,0.5669,1080,1920
val,10_1_0803,Left Hand Tool,Tweezers,1.0,1.0,1080,1920
val,09_1_0639,Left Hand Tool,Gauze,0.9991,0.9698,1080,1920
val,10_1_1604,Left Hand Tool,Tweezers,0.9655,0.5665,1080,1920
val,09_1_0541,Right Hand Tool,Gauze,0.996,0.735,1080,1920
val,10_1_1511,Left Hand Tool,Tweezers,1.0,0.8684,1080,1920
val,10_1_0472,Left Hand Tool,Suction Cannula,1.0,0.5759,1080,1920
val,10_1_0544,Right Hand Tool,Scissors,0.9933,0.9857,1080,1920
val,10_1_0932,Left Hand Tool,Tweezers,1.0,1.0,1080,1920
val,10_1_1409,Right Hand Tool,Needle Holders,0.9989,0.8958,1080,1920
val,10_1_1002,Right Hand Tool,Needle Holders,1.0,0.786,1080,1920
val,10_1_1503,Right Hand Tool,Needle Holders,0.9396,0.8527,1080,1920
val,10_1_0705,Left Hand Tool,Tweezers,0.9982,0.8558,1080,1920
val,09_1_0660,Left Hand Tool,Tweezers,0.9914,0.9914,1080,1920
val,10_1_0341,Right Hand Tool,Scalpel,1.0,0.9508,1080,1920
val,10_1_0768,Right Hand Tool,Needle Holders,0.9979,0.9979,1080,1920
val,10_1_0928,Right Hand Tool,Needle Holders,0.9988,0.8208,1080,1920
val,10_1_0624,Left Hand Tool,Suction Cannula,1.0,1.0,1080,1920
val,10_1_0781,Left Hand Tool,Tweezers,1.0,1.0,1080,1920
val,10_1_1421,Left Hand Tool,Tweezers,1.0,0.758,1080,1920
val,10_1_0570,Right Hand Tool,Scissors,1.0,0.792,1080,1920
val,10_1_1545,Right Hand Tool,Needle Holders,0.9717,0.583,1080,1920
val,09_1_0716,Left Hand Tool,Gauze,0.9642,0.5952,1080,1920
val,09_1_0989,Right Hand Tool,Gauze,1.0,1.0,1080,1920
val,09_1_0678,Left Hand Tool,Forceps,0.9431,0.5811,1080,1920
val,10_1_0373,Right Hand Tool,Bipolar Forceps,0.9992,0.9885,1080,1920
val,10_1_0898,Left Hand Tool,Tweezers,0.9989,0.9195,1080,1920
val,09_1_0742,Left Hand Tool,Hook,1.0,1.0,1080,1920
val,10_1_0269,Two Hands Tool,Syringe,1.0,0.7424,1080,1920
val,10_1_0385,Right Hand Tool,Scalpel,0.996,0.7263,1080,1920
val,10_1_0793,Right Hand Tool,Needle Holders,1.0,0.4457,1080,1920
val,10_1_1631,Right Hand Tool,Needle Holders,0.9836,0.8865,1080,1920
val,10_1_1499,Left Hand Tool,Tweezers,0.9971,0.9408,1080,1920
val,10_1_1452,Left Hand Tool,Tweezers,1.0,0.7256,1080,1920
val,09_1_0981,Left Hand Tool,Tweezers,0.9971,0.9971,1080,1920
val,10_1_0479,Right Hand Tool,Raspatory,1.0,1.0,1080,1920
val,10_1_1467,Left Hand Tool,Tweezers,1.0,0.7709,1080,1920
val,09_1_0876,Right Hand Tool,Electric Cautery,0.9986,0.9852,1080,1920
val,10_1_1500,Left Hand Tool,Tweezers,0.9947,0.9472,1080,1920
val,10_1_1411,Right Hand Tool,Needle Holders,0.9985,0.7203,1080,1920
val,09_1_0532,Right Hand Tool,Scalpel,0.9797,0.9765,1080,1920
val,10_1_1509,Right Hand Tool,Needle Holders,0.9779,0.5471,1080,1920
val,10_1_1409,Left Hand Tool,Tweezers,0.9995,0.7226,1080,1920
val,09_1_1008,Right Hand Tool,Electric Cautery,0.9981,0.9981,1080,1920
val,10_1_1657,Right Hand Tool,Needle Holders,1.0,0.5472,1080,1920
val,10_1_0298,Two Hands Tool,Syringe,0.9989,0.9166,1080,1920
val,10_1_0520,Right Hand Tool,Scissors,0.9974,0.971,1080,1920
val,09_1_0663,Left Hand Tool,Tweezers,0.9866,0.9866,1080,1920
val,10_1_0379,Left Hand Tool,Suction Cannula,1.0,0.8762,1080,1920
val,10_1_0847,Left Hand Tool,Tweezers,0.9989,0.9648,1080,1920
val,10_1_0934,Left Hand Tool,Tweezers,1.0,0.7695,1080,1920
val,10_1_0718,Left Hand Tool,Tweezers,0.9948,0.8755,1080,1920
val,09_1_0720,Left Hand Tool,Gauze,0.9572,0.5605,1080,1920
val,10_1_0489,Left Hand Tool,Suction Cannula,1.0,0.8877,1080,1920
val,10_1_0289,Two Hands Tool,Mouth Gag,1.0,0.0488,1080,1920
val,10_1_0428,Right Hand Tool,Raspatory,0.9992,0.9984,1080,1920
val,10_1_0846,Right Hand Tool,Needle Holders,0.9991,0.6609,1080,1920
val,10_1_1018,Right Hand Tool,Needle Holders,0.9997,0.5956,1080,1920
val,10_1_0952,Left Hand Tool,Tweezers,1.0,0.7956,1080,1920
val,10_1_1662,Left Hand Tool,Tweezers,1.0,0.9086,1080,1920
val,10_1_0414,Right Hand Tool,Scissors,1.0,0.9729,1080,1920
val,09_1_0796,Right Hand Tool,Electric Cautery,0.9986,0.9256,1080,1920
val,10_1_0591,Left Hand Tool,Suction Cannula,1.0,1.0,1080,1920
val,10_1_0436,Right Hand Tool,Scissors,0.9749,0.5524,1080,1920
val,09_1_0884,Right Hand Tool,Electric Cautery,0.9968,0.8635,1080,1920
val,10_1_0337,Right Hand Tool,Scalpel,1.0,0.6065,1080,1920
val,09_1_0405,Two Hands Tool,Syringe,1.0,1.0,1080,1920
val,10_1_1003,Right Hand Tool,Needle Holders,0.9924,0.7054,1080,1920
val,10_1_0357,Right Hand Tool,Bipolar Forceps,0.9992,0.9892,1080,1920
val,09_1_0583,Right Hand Tool,Scalpel,1.0,1.0,1080,1920
val,09_1_0689,Right Hand Tool,Scissors,1.0,1.0,1080,1920
val,10_1_0762,Left Hand Tool,Tweezers,0.9857,0.6491,1080,1920
val,10_1_1100,Left Hand Tool,Scissors,0.9986,0.7971,1080,1920
val,10_1_0345,Two Hands Tool,Bipolar Forceps,0.9952,0.8226,1080,1920
val,10_1_1402,Left Hand Tool,Tweezers,1.0,1.0,1080,1920
val,10_1_0266,Two Hands Tool,Syringe,1.0,0.7791,1080,1920
val,10_1_1528,Right Hand Tool,Needle Holders,0.9996,0.4325,1080,1920
val,10_1_1644,Left Hand Tool,Tweezers,0.9756,0.9756,1080,1920
val,10_1_0559,Right Hand Tool,Scissors,1.0,0.3782,1080,1920
val,10_1_1642,Two Hands Tool,Needle Holders,0.9999,0.3777,1080,1920
val,10_1_0856,Right Hand Tool,Needle Holders,0.9973,0.4947,1080,1920
val,09_1_0890,Right Hand Tool,Electric Cautery,0.9982,0.9982,1080,1920
val,10_1_0409,Left Hand Tool,Suction Cannula,0.9999,0.947,1080,1920
val,10_1_0787,Left Hand Tool,Tweezers,1.0,0.8611,1080,1920
val,09_1_0710,Right Hand Tool,Forceps,0.9981,0.8719,1080,1920
val,10_1_0938,Left Hand Tool,Tweezers,1.0,0.7619,1080,1920
val,09_1_0613,Left Hand Tool,Gauze,0.9998,0.9998,1080,1920
val,10_1_0852,Right Hand Tool,Needle Holders,0.9987,0.9987,1080,1920
val,10_1_0372,Left Hand Tool,Bipolar Forceps,1.0,0.5664,1080,1920
val,10_1_0699,Right Hand Tool,Scissors,0.9983,0.9924,1080,1920
val,09_1_0983,Left Hand Tool,Tweezers,1.0,1.0,1080,1920
val,10_1_0935,Left Hand Tool,Tweezers,1.0,0.4584,1080,1920
val,10_1_1542,Left Hand Tool,Tweezers,1.0,1.0,1080,1920
val,10_1_1570,Right Hand Tool,Needle Holders,0.9991,0.775,1080,1920
val,09_1_0619,Left Hand Tool,Gauze,1.0,1.0,1080,1920
val,09_1_0417,Two Hands Tool,Syringe,1.0,1.0,1080,1920
val,09_1_0800,Right Hand Tool,Electric Cautery,0.9982,0.9529,1080,1920
val,10_1_1574,Right Hand Tool,Needle Holders,0.9997,0.678,1080,1920
val,10_1_0882,Left Hand Tool,Tweezers,0.9527,0.9527,1080,1920
val,10_1_0721,Left Hand Tool,Tweezers,1.0,0.8499,1080,1920
val,10_1_0839,Left Hand Tool,Tweezers,0.9886,0.8762,1080,1920
val,09_1_0708,Left Hand Tool,Forceps,0.9966,0.1422,1080,1920
val,10_1_0746,Right Hand Tool,Needle Holders,0.9952,0.8024,1080,1920
val,10_1_1572,Left Hand Tool,Tweezers,1.0,0.6834,1080,1920
val,09_1_0995,Left Hand Tool,Tweezers,0.9992,0.9992,1080,1920
val,09_1_0860,Right Hand Tool,Electric Cautery,0.9995,0.9033,1080,1920
val,09_1_0775,Left Hand Tool,Hook,0.6413,0.6413,1080,1920
val,10_1_1538,Right Hand Tool,Needle Holders,0.9993,0.4498,1080,1920
val,10_1_1579,Left Hand Tool,Tweezers,0.9965,0.8804,1080,1920
val,10_1_0723,Right Hand Tool,Scissors,1.0,0.0,1080,1920
val,09_1_0712,Left Hand Tool,Forceps,0.9381,0.2532,1080,1920
val,10_1_0575,Right Hand Tool,Scissors,0.9983,0.9247,1080,1920
val,10_1_1649,Left Hand Tool,Tweezers,0.9997,0.9997,1080,1920
val,09_1_0687,Right Hand Tool,Scissors,0.9995,0.9793,1080,1920
val,09_1_0673,Right Hand Tool,Scissors,0.9959,0.7175,1080,1920
val,10_1_0937,Left Hand Tool,Tweezers,0.9952,0.821,1080,1920
val,09_1_0682,Left Hand Tool,Gauze,1.0,0.9746,1080,1920
val,10_1_0351,Left Hand Tool,Suction Cannula,1.0,0.736,1080,1920
val,09_1_0639,Right Hand Tool,Scalpel,0.9975,0.9583,1080,1920
val,10_1_1107,Left Hand Tool,Needle Holders,0.6976,0.6975,1080,1920
val,10_1_0695,Left Hand Tool,Tweezers,1.0,0.512,1080,1920
val,10_1_0881,Right Hand Tool,Needle Holders,0.9994,0.8727,1080,1920
val,10_1_0386,Right Hand Tool,Scalpel,0.999,0.6878,1080,1920
val,09_1_0853,Left Hand Tool,Gauze,0.9997,0.9997,1080,1920
val,10_1_0902,Right Hand Tool,Needle Holders,0.9991,0.6332,1080,1920
val,10_1_0499,Right Hand Tool,Scissors,1.0,0.8628,1080,1920
val,10_1_0766,Right Hand Tool,Needle Holders,0.9995,0.907,1080,1920
val,10_1_0603,Left Hand Tool,Suction Cannula,0.9789,0.8969,1080,1920
val,09_1_0794,Left Hand Tool,Gauze,1.0,0.8294,1080,1920
val,10_1_0620,Left Hand Tool,Suction Cannula,1.0,0.8063,1080,1920
val,09_1_1006,Left Hand Tool,Tweezers,0.9992,0.9992,1080,1920
val,10_1_0796,Right Hand Tool,Needle Holders,0.9962,0.6955,1080,1920
val,10_1_1467,Right Hand Tool,Needle Holders,0.998,0.8619,1080,1920
val,10_1_1582,Left Hand Tool,Tweezers,1.0,0.8973,1080,1920
val,09_1_0836,Left Hand Tool,Gauze,1.0,1.0,1080,1920
val,10_1_0397,Right Hand Tool,Scissors,0.9986,0.8328,1080,1920
val,10_1_0536,Left Hand Tool,Suction Cannula,0.9951,0.7095,1080,1920
val,10_1_0578,Right Hand Tool,Scissors,0.9984,0.9264,1080,1920
val,10_1_0879,Left Hand Tool,Tweezers,0.9866,0.9866,1080,1920
val,10_1_1513,Right Hand Tool,Needle Holders,0.9985,0.9985,1080,1920
val,10_1_1168,Right Hand Tool,Scissors,0.9953,0.8069,1080,1920
val,10_1_0787,Right Hand Tool,Needle Holders,0.9985,0.7018,1080,1920
val,10_1_0501,Right Hand Tool,Scissors,1.0,0.8862,1080,1920
val,09_1_1008,Left Hand Tool,Tweezers,1.0,1.0,1080,1920
val,10_1_0761,Right Hand Tool,Needle Holders,0.9917,0.984,1080,1920
val,10_1_0622,Right Hand Tool,Raspatory,0.9953,0.9155,1080,1920
val,10_1_0347,Right Hand Tool,Bipolar Forceps,0.9992,0.9936,1080,1920
val,10_1_0399,Right Hand Tool,Scissors,0.9782,0.8435,1080,1920
val,09_1_0640,Left Hand Tool,Gauze,0.9966,0.9862,1080,1920
val,10_1_0413,Left Hand Tool,Suction Cannula,1.0,0.9775,1080,1920
val,10_1_1098,Right Hand Tool,Needle Holders,0.9729,0.4513,1080,1920
val,10_1_0737,Left Hand Tool,Tweezers,1.0,0.8343,1080,1920
val,10_1_1657,Left Hand Tool,Mouth Gag,0.9949,0.4642,1080,1920
val,09_1_0606,Right Hand Tool,Scalpel,1.0,1.0,1080,1920
val,10_1_1554,Left Hand Tool,Tweezers,0.9996,0.9996,1080,1920
val,09_1_0823,Right Hand Tool,Electric Cautery,0.9969,0.9969,1080,1920
val,09_1_0620,Right Hand Tool,Scalpel,0.9934,0.9934,1080,1920
val,09_1_1017,Right Hand Tool,Forceps,0.9986,0.9898,1080,1920
val,10_1_1483,Left Hand Tool,Tweezers,0.9993,0.7276,1080,1920
val,10_1_0452,Right Hand Tool,Raspatory,0.999,0.8931,1080,1920
val,09_1_0710,Left Hand Tool,Forceps,1.0,0.279,1080,1920
val,09_1_0386,Two Hands Tool,Syringe,1.0,1.0,1080,1920
val,10_1_0621,Left Hand Tool,Suction Cannula,0.8852,0.8852,1080,1920
val,10_1_1403,Left Hand Tool,Tweezers,0.9998,0.8153,1080,1920
val,10_1_0475,Left Hand Tool,Suction Cannula,1.0,0.7442,1080,1920
val,10_1_0776,Left Hand Tool,Tweezers,1.0,0.9341,1080,1920
val,10_1_0891,Right Hand Tool,Needle Holders,0.9994,0.5702,1080,1920
val,10_1_0568,Right Hand Tool,Raspatory,0.9541,0.9541,1080,1920
val,10_1_1186,Two Hands Tool,Suction Cannula,0.9991,0.8335,1080,1920
val,10_1_1632,Left Hand Tool,Tweezers,0.9466,0.9466,1080,1920
val,10_1_1401,Left Hand Tool,Tweezers,1.0,0.9441,1080,1920
val,10_1_0893,Left Hand Tool,Tweezers,0.9921,0.7819,1080,1920
val,10_1_0960,Left Hand Tool,Tweezers,0.9994,0.6777,1080,1920
val,10_1_1071,Two Hands Tool,Needle Holders,0.9982,0.6516,1080,1920
val,10_1_1644,Right Hand Tool,Needle Holders,0.9991,0.3757,1080,1920
val,10_1_1571,Left Hand Tool,Tweezers,0.9966,0.8158,1080,1920
val,10_1_1470,Right Hand Tool,Needle Holders,0.9974,0.7133,1080,1920
val,09_1_0825,Left Hand Tool,Gauze,0.9965,0.993,1080,1920
val,10_1_0716,Left Hand Tool,Tweezers,0.9998,0.842,1080,1920
val,10_1_0755,Left Hand Tool,Tweezers,0.9941,0.8969,1080,1920
val,10_1_1653,Right Hand Tool,Needle Holders,0.9956,0.5971,1080,1920
val,10_1_0739,Right Hand Tool,Bipolar Forceps,0.9962,0.2066,1080,1920
val,10_1_1188,Two Hands Tool,Bipolar Forceps,1.0,0.8327,1080,1920
val,10_1_1014,Right Hand Tool,Needle Holders,0.9989,0.9856,1080,1920
val,10_1_1667,Left Hand Tool,Tweezers,0.9949,0.7845,1080,1920
val,09_1_0795,Right Hand Tool,Electric Cautery,1.0,0.9827,1080,1920
val,10_1_0620,Right Hand Tool,Raspatory,0.9984,0.9416,1080,1920
val,10_1_0988,Left Hand Tool,Tweezers,0.9743,0.9043,1080,1920
val,10_1_0222,Right Hand Tool,Skewer,0.189,0.189,1080,1920
val,10_1_1594,Left Hand Tool,Tweezers,0.9998,0.9998,1080,1920
val,10_1_0740,Left Hand Tool,Tweezers,0.9995,0.9025,1080,1920
val,10_1_1402,Right Hand Tool,Needle Holders,0.9999,0.8517,1080,1920
val,10_1_0914,Left Hand Tool,Tweezers,0.9395,0.9395,1080,1920
val,10_1_0399,Left Hand Tool,Suction Cannula,0.9969,0.6025,1080,1920
val,10_1_0952,Right Hand Tool,Needle Holders,0.9996,0.2551,1080,1920
val,09_1_0627,Left Hand Tool,Gauze,0.9994,0.9994,1080,1920
val,09_1_0754,Two Hands Tool,Scissors,0.9936,0.9936,1080,1920
val,10_1_0552,Left Hand Tool,Tweezers,1.0,0.8535,1080,1920
val,10_1_1540,Right Hand Tool,Needle Holders,1.0,0.479,1080,1920
val,09_1_0411,Two Hands Tool,Syringe,1.0,1.0,1080,1920
val,09_1_0629,Left Hand Tool,Gauze,0.9981,0.9981,1080,1920
val,09_1_0606,Left Hand Tool,Gauze,1.0,1.0,1080,1920
val,10_1_0583,Left Hand Tool,Tweezers,1.0,0.8944,1080,1920
val,10_1_0800,Right Hand Tool,Needle Holders,1.0,0.8391,1080,1920
val,09_1_0869,Right Hand Tool,Electric Cautery,0.9988,0.7613,1080,1920
val,10_1_0411,Right Hand Tool,Scissors,0.9962,0.9962,1080,1920
val,09_1_0596,Left Hand Tool,Gauze,1.0,0.8427,1080,1920
val,10_1_0538,Right Hand Tool,Scissors,1.0,0.8911,1080,1920
val,10_1_0743,Left Hand Tool,Tweezers,1.0,0.8665,1080,1920
val,09_1_1022,Right Hand Tool,Forceps,0.9993,0.9993,1080,1920
val,10_1_1487,Left Hand Tool,Tweezers,1.0,1.0,1080,1920
val,10_1_0443,Left Hand Tool,Suction Cannula,0.9995,0.8839,1080,1920
val,10_1_0953,Right Hand Tool,Needle Holders,0.9987,0.874,1080,1920
val,10_1_0530,Right Hand Tool,Scissors,1.0,0.7191,1080,1920
val,10_1_1424,Right Hand Tool,Needle Holders,0.9996,0.8852,1080,1920
val,10_1_0215,Right Hand Tool,Skewer,0.0117,0.0117,1080,1920
val,10_1_0819,Right Hand Tool,Needle Holders,1.0,0.8268,1080,1920
val,09_1_0825,Right Hand Tool,Electric Cautery,0.9984,0.9915,1080,1920
val,10_1_0452,Left Hand Tool,Suction Cannula,0.9935,0.9916,1080,1920
val,10_1_0422,Left Hand Tool,Suction Cannula,1.0,1.0,1080,1920
val,09_1_0790,Right Hand Tool,Electric Cautery,0.999,0.9525,1080,1920
val,09_1_0408,Two Hands Tool,Syringe,1.0,1.0,1080,1920
val,10_1_1169,Right Hand Tool,Scissors,1.0,0.3269,1080,1920
val,10_1_0786,Right Hand Tool,Needle Holders,0.998,0.7732,1080,1920
val,10_1_0384,Left Hand Tool,Suction Cannula,1.0,0.588,1080,1920
val,10_1_0394,Left Hand Tool,Suction Cannula,1.0,0.6457,1080,1920
val,10_1_0984,Right Hand Tool,Needle Holders,0.9996,0.3681,1080,1920
val,10_1_0225,Right Hand Tool,Skewer,0.0,0.0,1080,1920
val,09_1_0759,Two Hands Tool,Scissors,0.9921,0.9868,1080,1920
val,10_1_1102,Left Hand Tool,Scissors,1.0,0.5315,1080,1920
val,10_1_0847,Right Hand Tool,Needle Holders,0.999,0.6305,1080,1920
val,10_1_1626,Right Hand Tool,Needle Holders,0.9991,0.3219,1080,1920
val,10_1_1653,Left Hand Tool,Tweezers,0.9998,0.9998,1080,1920
val,09_1_0890,Left Hand Tool,Gauze,0.9996,0.12,1080,1920
val,09_1_0665,Left Hand Tool,Tweezers,0.9975,0.9975,1080,1920
val,10_1_0601,Left Hand Tool,Suction Cannula,0.9858,0.8783,1080,1920
val,10_1_0942,Right Hand Tool,Needle Holders,1.0,0.5828,1080,1920
val,09_1_0597,Left Hand Tool,Gauze,0.9928,0.8899,1080,1920
val,10_1_0509,Left Hand Tool,Suction Cannula,1.0,1.0,1080,1920
val,10_1_0535,Right Hand Tool,Scissors,1.0,0.6502,1080,1920
val,09_1_0676,Right Hand Tool,Scissors,1.0,0.5751,1080,1920
val,09_1_0679,Right Hand Tool,Scissors,0.9962,0.9962,1080,1920
val,10_1_1632,Right Hand Tool,Needle Holders,0.9907,0.6176,1080,1920
val,10_1_0990,Left Hand Tool,Tweezers,1.0,0.9783,1080,1920
val,09_1_0827,Left Hand Tool,Gauze,0.8845,0.8845,1080,1920
val,09_1_0789,Left Hand Tool,Gauze,0.9992,0.9244,1080,1920
val,10_1_0223,Right Hand Tool,Skewer,0.0408,0.0408,1080,1920
val,10_1_0702,Right Hand Tool,Scissors,0.9759,0.9759,1080,1920
val,10_1_0756,Left Hand Tool,Tweezers,0.9739,0.9739,1080,1920
val,10_1_1424,Left Hand Tool,Tweezers,1.0,0.9455,1080,1920
val,10_1_1154,Right Hand Tool,Scalpel,0.9956,0.8402,1080,1920
val,09_1_0624,Left Hand Tool,Gauze,1.0,1.0,1080,1920
val,09_1_0850,Right Hand Tool,Electric Cautery,0.9991,0.6736,1080,1920
val,10_1_0530,Left Hand Tool,Tweezers,1.0,0.6947,1080,1920
val,10_1_0961,Left Hand Tool,Tweezers,0.999,0.6535,1080,1920
val,10_1_0701,Right Hand Tool,Scissors,0.998,0.998,1080,1920
val,10_1_0480,Right Hand Tool,Raspatory,0.9982,0.8803,1080,1920
val,10_1_0566,Right Hand Tool,Raspatory,0.9986,0.8263,1080,1920
val,10_1_0524,Left Hand Tool,Tweezers,0.9981,0.7308,1080,1920
val,09_1_0751,Left Hand Tool,Hook,1.0,0.9524,1080,1920
val,10_1_0375,Right Hand Tool,Bipolar Forceps,0.9973,0.7558,1080,1920
val,09_1_0977,Left Hand Tool,Tweezers,0.9972,0.9972,1080,1920
val,10_1_0888,Right Hand Tool,Needle Holders,0.9995,0.8275,1080,1920
val,09_1_0708,Right Hand Tool,Gauze,1.0,0.9997,1080,1920
val,10_1_0575,Left Hand Tool,Tweezers,0.9608,0.8127,1080,1920
val,10_1_0860,Right Hand Tool,Needle Holders,0.9988,0.5983,1080,1920
val,09_1_0747,Right Hand Tool,Scissors,1.0,1.0,1080,1920
val,09_1_0491,Right Hand Tool,Scalpel,1.0,1.0,1080,1920
val,09_1_0841,Left Hand Tool,Gauze,1.0,1.0,1080,1920
val,10_1_0286,Two Hands Tool,Mouth Gag,1.0,0.0008,1080,1920
val,10_1_1189,Two Hands Tool,Bipolar Forceps,0.9978,0.8502,1080,1920
val,10_1_0213,Right Hand Tool,Skewer,0.0,0.0,1080,1920
val,10_1_1006,Left Hand Tool,Tweezers,1.0,0.8391,1080,1920
val,10_1_0812,Two Hands Tool,Needle Holders,0.9992,0.6797,1080,1920
val,10_1_1585,Right Hand Tool,Needle Holders,0.9912,0.7435,1080,1920
val,10_1_0488,Left Hand Tool,Suction Cannula,1.0,0.6858,1080,1920
val,09_1_1004,Right Hand Tool,Electric Cautery,0.9981,0.9981,1080,1920
val,10_1_0218,Right Hand Tool,Skewer,0.079,0.079,1080,1920
val,09_1_0857,Right Hand Tool,Electric Cautery,0.9897,0.7114,1080,1920
val,10_1_1016,Right Hand Tool,Needle Holders,0.9912,0.8158,1080,1920
val,10_1_0922,Right Hand Tool,Raspatory,0.9879,0.9668,1080,1920
val,09_1_0440,Two Hands Tool,Syringe,0.9986,0.9986,1080,1920
val,09_1_0481,Two Hands Tool,Scalpel,0.9997,0.9997,1080,1920
val,09_1_0988,Right Hand Tool,Scissors,0.9282,0.9282,1080,1920
val,09_1_0451,Two Hands Tool,Syringe,1.0,1.0,1080,1920
val,09_1_0656,Right Hand Tool,Scissors,1.0,0.8051,1080,1920
val,09_1_0545,Right Hand Tool,Scalpel,0.9883,0.8176,1080,1920
val,10_1_0778,Left Hand Tool,Tweezers,1.0,0.8867,1080,1920
val,10_1_1593,Right Hand Tool,Needle Holders,0.9926,0.5199,1080,1920
val,10_1_0439,Left Hand Tool,Suction Cannula,0.9891,0.9192,1080,1920
val,09_1_0531,Left Hand Tool,Gauze,0.9922,0.9922,1080,1920
val,10_1_1573,Right Hand Tool,Needle Holders,0.9966,0.4838,1080,1920
val,10_1_0811,Two Hands Tool,Needle Holders,0.999,0.6982,1080,1920
val,10_1_0686,Left Hand Tool,Tweezers,0.9832,0.5072,1080,1920
val,10_1_1557,Right Hand Tool,Needle Holders,1.0,0.753,1080,1920
val,09_1_0596,Right Hand Tool,Scalpel,0.9974,0.9679,1080,1920
val,09_1_0526,Right Hand Tool,Scalpel,0.9996,0.9996,1080,1920
val,10_1_1580,Left Hand Tool,Tweezers,0.9986,0.9378,1080,1920
val,10_1_1395,Right Hand Tool,Needle Holders,0.999,0.2246,1080,1920
val,09_1_0572,Right Hand Tool,Scalpel,1.0,0.9815,1080,1920
val,10_1_0763,Right Hand Tool,Needle Holders,0.9984,0.8825,1080,1920
val,10_1_0978,Right Hand Tool,Needle Holders,0.9994,0.5073,1080,1920
val,10_1_1412,Left Hand Tool,Tweezers,1.0,1.0,1080,1920
val,10_1_1647,Right Hand Tool,Needle Holders,0.9994,0.3586,1080,1920
val,09_1_0524,Left Hand Tool,Gauze,1.0,1.0,1080,1920
val,09_1_1019,Left Hand Tool,Tweezers,0.9914,0.9914,1080,1920
val,10_1_0688,Left Hand Tool,Tweezers,0.9844,0.7663,1080,1920
val,09_1_0765,Right Hand Tool,Gauze,1.0,1.0,1080,1920
val,09_1_0717,Right Hand Tool,Gauze,1.0,0.4296,1080,1920
val,10_1_0876,Right Hand Tool,Needle Holders,0.9976,0.8658,1080,1920
val,10_1_1400,Left Hand Tool,Tweezers,1.0,1.0,1080,1920
val,10_1_1565,Left Hand Tool,Tweezers,1.0,0.9484,1080,1920
val,09_1_0626,Right Hand Tool,Scalpel,0.9977,0.9977,1080,1920
val,09_1_0400,Two Hands Tool,Syringe,1.0,1.0,1080,1920
val,10_1_0703,Right Hand Tool,Scissors,0.8092,0.6817,1080,1920
val,09_1_0622,Left Hand Tool,Gauze,0.9859,0.9859,1080,1920
val,10_1_1117,Left Hand Tool,Suction Cannula,1.0,1.0,1080,1920
val,10_1_1469,Right Hand Tool,Needle Holders,0.9964,0.7838,1080,1920
val,09_1_0816,Left Hand Tool,Gauze,0.9945,0.7025,1080,1920
val,09_1_0412,Two Hands Tool,Syringe,0.996,0.996,1080,1920
val,10_1_0429,Left Hand Tool,Suction Cannula,0.9838,0.9676,1080,1920
val,10_1_1682,Left Hand Tool,Mouth Gag,0.9999,0.9999,1080,1920
val,09_1_0780,Right Hand Tool,Scissors,0.9161,0.9161,1080,1920
val,09_1_0808,Left Hand Tool,Gauze,1.0,0.7485,1080,1920
val,10_1_0842,Left Hand Tool,Tweezers,1.0,0.8202,1080,1920
val,10_1_0720,Right Hand Tool,Scissors,0.8885,0.7435,1080,1920
val,10_1_0993,Right Hand Tool,Needle Holders,0.9986,0.9986,1080,1920
val,10_1_0485,Right Hand Tool,Scissors,0.9808,0.9808,1080,1920
val,10_1_1508,Left Hand Tool,Tweezers,1.0,0.8727,1080,1920
val,10_1_1666,Right Hand Tool,Tweezers,0.9987,0.5629,1080,1920
val,10_1_1556,Right Hand Tool,Needle Holders,0.9993,0.4043,1080,1920
val,09_1_0850,Left Hand Tool,Gauze,0.9994,0.9994,1080,1920
val,10_1_0946,Left Hand Tool,Tweezers,0.9975,0.9378,1080,1920
val,10_1_0991,Left Hand Tool,Tweezers,1.0,0.9897,1080,1920
val,10_1_0950,Left Hand Tool,Tweezers,0.8973,0.8973,1080,1920
val,10_1_0454,Left Hand Tool,Suction Cannula,0.9639,0.8519,1080,1920
val,10_1_0741,Right Hand Tool,Bipolar Forceps,0.9796,0.1568,1080,1920
val,09_1_0877,Left Hand Tool,Gauze,0.9965,0.5145,1080,1920
val,10_1_0764,Left Hand Tool,Tweezers,0.999,0.999,1080,1920
val,09_1_0831,Left Hand Tool,Gauze,0.9999,0.9862,1080,1920
val,09_1_0486,Two Hands Tool,Scalpel,1.0,1.0,1080,1920
val,09_1_0645,Left Hand Tool,Tweezers,0.9997,0.4263,1080,1920
val,10_1_0486,Left Hand Tool,Suction Cannula,1.0,0.6225,1080,1920
val,09_1_0698,Left Hand Tool,Forceps,0.9979,0.3953,1080,1920
val,10_1_1183,Two Hands Tool,Bipolar Forceps,0.9949,0.8131,1080,1920
val,09_1_0851,Right Hand Tool,Electric Cautery,0.9998,0.7724,1080,1920
val,10_1_1145,Two Hands Tool,Scalpel,0.9963,0.8046,1080,1920
val,10_1_0408,Left Hand Tool,Raspatory,0.9866,0.9198,1080,1920
val,09_1_0975,Left Hand Tool,Tweezers,0.9932,0.9932,1080,1920
val,09_1_0561,Left Hand Tool,Gauze,0.9997,0.9997,1080,1920
val,10_1_0834,Right Hand Tool,Needle Holders,0.9992,0.4186,1080,1920
val,10_1_0539,Right Hand Tool,Scissors,0.9923,0.716,1080,1920
val,10_1_1153,Right Hand Tool,Mouth Gag,1.0,0.0028,1080,1920
val,10_1_1195,Two Hands Tool,Bipolar Forceps,0.9816,0.8864,1080,1920
val,09_1_0490,Two Hands Tool,Scalpel,0.9997,0.9997,1080,1920
val,10_1_1449,Right Hand Tool,Needle Holders,1.0,0.8993,1080,1920
val,10_1_1621,Right Hand Tool,Needle Holders,0.9987,0.9987,1080,1920
val,10_1_0794,Right Hand Tool,Needle Holders,0.9992,0.8065,1080,1920
val,10_1_1551,Right Hand Tool,Needle Holders,1.0,0.2328,1080,1920
val,10_1_0917,Right Hand Tool,Raspatory,0.9969,0.8457,1080,1920
val,10_1_0476,Left Hand Tool,Suction Cannula,1.0,0.824,1080,1920
val,10_1_0418,Right Hand Tool,Scissors,1.0,0.9544,1080,1920
val,10_1_0295,Two Hands Tool,Syringe,0.9802,0.7334,1080,1920
val,09_1_0886,Right Hand Tool,Electric Cautery,0.9979,0.7776,1080,1920
val,10_1_0594,Right Hand Tool,Bipolar Forceps,1.0,0.6881,1080,1920
val,10_1_1403,Right Hand Tool,Needle Holders,0.9791,0.7072,1080,1920
val,10_1_1534,Left Hand Tool,Tweezers,1.0,1.0,1080,1920
val,09_1_0992,Right Hand Tool,Scissors,0.9991,0.9991,1080,1920
val,10_1_0830,Right Hand Tool,Needle Holders,0.9993,0.6392,1080,1920
val,09_1_0822,Right Hand Tool,Electric Cautery,0.997,0.8563,1080,1920
val,10_1_1177,Two Hands Tool,Forceps,0.9911,0.9893,1080,1920
val,10_1_0407,Right Hand Tool,Raspatory,1.0,1.0,1080,1920
val,10_1_0943,Left Hand Tool,Tweezers,1.0,0.7538,1080,1920
val,10_1_0800,Left Hand Tool,Tweezers,0.9442,0.9442,1080,1920
val,09_1_0836,Right Hand Tool,Electric Cautery,0.9948,0.621,1080,1920
val,09_1_0883,Right Hand Tool,Electric Cautery,0.9985,0.8852,1080,1920
val,09_1_0746,Two Hands Tool,Scissors,0.9811,0.9811,1080,1920
val,09_1_0614,Right Hand Tool,Scalpel,1.0,1.0,1080,1920
val,09_1_0650,Right Hand Tool,Scissors,1.0,0.8875,1080,1920
val,10_1_0801,Left Hand Tool,Tweezers,0.9377,0.9377,1080,1920
val,10_1_0402,Right Hand Tool,Raspatory,0.9954,0.9157,1080,1920
val,10_1_1428,Right Hand Tool,Needle Holders,0.9995,0.7288,1080,1920
val,09_1_0777,Right Hand Tool,Gauze,0.9954,0.9524,1080,1920
val,10_1_1465,Right Hand Tool,Needle Holders,0.9979,0.8823,1080,1920
val,10_1_1496,Left Hand Tool,Tweezers,0.9563,0.7535,1080,1920
val,10_1_1520,Two Hands Tool,Needle Holders,1.0,0.5301,1080,1920
val,10_1_1079,Left Hand Tool,Mouth Gag,0.9997,0.7494,1080,1920
val,10_1_0965,Left Hand Tool,Suction Cannula,1.0,0.818,1080,1920
val,10_1_0455,Right Hand Tool,Raspatory,0.9979,0.9752,1080,1920
val,10_1_1172,Left Hand Tool,Forceps,0.9478,0.9478,1080,1920
val,09_1_0628,Left Hand Tool,Gauze,0.9997,0.9997,1080,1920
val,10_1_1039,Right Hand Tool,Needle Holders,1.0,0.737,1080,1920
val,10_1_1149,Right Hand Tool,Scalpel,1.0,0.0,1080,1920
val,10_1_1151,Left Hand Tool,Suction Cannula,1.0,0.3819,1080,1920
val,10_1_0919,Right Hand Tool,Raspatory,0.9876,0.9876,1080,1920
val,10_1_1099,Left Hand Tool,Scissors,1.0,0.8658,1080,1920
val,10_1_0592,Left Hand Tool,Suction Cannula,1.0,1.0,1080,1920
val,10_1_1078,Left Hand Tool,Mouth Gag,1.0,0.8893,1080,1920
val,09_1_0722,Right Hand Tool,Scissors,0.9996,0.3706,1080,1920
val,10_1_0949,Right Hand Tool,Needle Holders,0.9927,0.8253,1080,1920
val,09_1_0635,Left Hand Tool,Gauze,0.9901,0.9602,1080,1920
val,10_1_0846,Left Hand Tool,Tweezers,0.9972,0.9371,1080,1920
val,09_1_0848,Right Hand Tool,Electric Cautery,0.9991,0.7932,1080,1920
val,10_1_0881,Left Hand Tool,Tweezers,0.9537,0.9537,1080,1920
val,10_1_1435,Left Hand Tool,Tweezers,1.0,1.0,1080,1920
val,10_1_1171,Right Hand Tool,Scissors,0.9771,0.166,1080,1920
val,10_1_1174,Left Hand Tool,Forceps,0.9789,0.9789,1080,1920
val,09_1_0579,Left Hand Tool,Gauze,1.0,0.7491,1080,1920
val,09_1_1022,Left Hand Tool,Tweezers,1.0,1.0,1080,1920
val,10_1_0831,Left Hand Tool,Tweezers,1.0,0.8359,1080,1920
val,09_1_0824,Left Hand Tool,Gauze,1.0,0.9998,1080,1920
val,09_1_0701,Left Hand Tool,Forceps,0.9748,0.6619,1080,1920
val,10_1_0717,Left Hand Tool,Tweezers,0.9997,0.8741,1080,1920
val,10_1_0555,Right Hand Tool,Scissors,0.9996,0.621,1080,1920
val,09_1_0801,Right Hand Tool,Electric Cautery,0.9974,0.9512,1080,1920
val,10_1_0900,Left Hand Tool,Tweezers,1.0,1.0,1080,1920
val,09_1_0707,Right Hand Tool,Scissors,0.9397,0.0255,1080,1920
val,09_1_0628,Right Hand Tool,Scalpel,0.9974,0.9974,1080,1920
val,10_1_1630,Left Hand Tool,Mouth Gag,0.056,0.0457,1080,1920
val,09_1_0741,Left Hand Tool,Hook,1.0,0.8583,1080,1920
val,09_1_0748,Left Hand Tool,Hook,0.9954,0.9954,1080,1920
val,09_1_0856,Right Hand Tool,Electric Cautery,1.0,0.7099,1080,1920
val,09_1_0497,Two Hands Tool,Scalpel,1.0,1.0,1080,1920
val,09_1_0669,Right Hand Tool,Scissors,1.0,1.0,1080,1920
val,10_1_1073,Right Hand Tool,Needle Holders,0.9988,0.6036,1080,1920
val,09_1_0630,Left Hand Tool,Gauze,1.0,0.9991,1080,1920
val,10_1_0961,Right Hand Tool,Mouth Gag,1.0,0.0026,1080,1920
val,10_1_1432,Right Hand Tool,Needle Holders,0.9952,0.5944,1080,1920
val,10_1_1649,Right Hand Tool,Needle Holders,0.9994,0.5198,1080,1920
val,10_1_1676,Left Hand Tool,Mouth Gag,0.3267,0.323,1080,1920
val,10_1_1399,Left Hand Tool,Tweezers,1.0,1.0,1080,1920
val,10_1_1427,Left Hand Tool,Tweezers,0.9758,0.9758,1080,1920
val,10_1_0860,Left Hand Tool,Tweezers,1.0,1.0,1080,1920
val,10_1_0433,Left Hand Tool,Suction Cannula,0.995,0.995,1080,1920
val,10_1_0752,Right Hand Tool,Needle Holders,0.9991,0.7799,1080,1920
val,09_1_0847,Left Hand Tool,Gauze,0.9978,0.9978,1080,1920
val,10_1_0936,Left Hand Tool,Tweezers,0.9926,0.5202,1080,1920
val,10_1_0216,Right Hand Tool,Skewer,0.0,0.0,1080,1920
val,10_1_0704,Left Hand Tool,Tweezers,0.9992,0.8271,1080,1920
val,09_1_1018,Left Hand Tool,Tweezers,0.9967,0.9967,1080,1920
val,10_1_1553,Right Hand Tool,Needle Holders,1.0,0.5247,1080,1920
val,10_1_0421,Right Hand Tool,Scissors,0.9542,0.8735,1080,1920
val,10_1_1558,Right Hand Tool,Needle Holders,1.0,0.7097,1080,1920
val,10_1_0417,Left Hand Tool,Suction Cannula,0.9989,0.8861,1080,1920
val,10_1_0722,Left Hand Tool,Tweezers,0.9975,0.9087,1080,1920
val,10_1_0818,Right Hand Tool,Needle Holders,1.0,0.5792,1080,1920
val,10_1_0851,Left Hand Tool,Tweezers,1.0,1.0,1080,1920
val,10_1_1472,Right Hand Tool,Needle Holders,0.9908,0.7159,1080,1920
val,10_1_0274,Two Hands Tool,Syringe,0.9982,0.8789,1080,1920
val,10_1_0403,Left Hand Tool,Suction Cannula,1.0,0.5793,1080,1920
val,10_1_0425,Right Hand Tool,Raspatory,1.0,1.0,1080,1920
val,09_1_0748,Right Hand Tool,Scissors,1.0,0.999,1080,1920
val,10_1_0903,Left Hand Tool,Tweezers,0.0,0.0,1080,1920
val,10_1_0848,Left Hand Tool,Tweezers,1.0,0.9577,1080,1920
val,09_1_0765,Left Hand Tool,Scissors,0.8924,0.2468,1080,1920
val,10_1_0919,Left Hand Tool,Tweezers,1.0,1.0,1080,1920
val,10_1_0922,Left Hand Tool,Tweezers,1.0,1.0,1080,1920
val,10_1_0361,Two Hands Tool,Bipolar Forceps,0.9969,0.9163,1080,1920
val,10_1_1530,Right Hand Tool,Needle Holders,0.9785,0.4304,1080,1920
val,10_1_0290,Two Hands Tool,Syringe,1.0,0.0,1080,1920
val,09_1_0868,Right Hand Tool,Electric Cautery,0.9986,0.776,1080,1920
val,10_1_0404,Right Hand Tool,Raspatory,0.9876,0.9871,1080,1920
val,10_1_0925,Left Hand Tool,Tweezers,0.0,0.0,1080,1920
val,10_1_0833,Right Hand Tool,Needle Holders,1.0,0.5507,1080,1920
val,09_1_0756,Right Hand Tool,Scissors,0.9988,0.9988,1080,1920
val,09_1_0654,Left Hand Tool,Tweezers,1.0,0.9864,1080,1920
val,10_1_0758,Right Hand Tool,Needle Holders,0.999,0.8191,1080,1920
val,09_1_0600,Right Hand Tool,Scalpel,0.9999,0.9999,1080,1920
val,10_1_0815,Left Hand Tool,Tweezers,1.0,0.8598,1080,1920
val,09_1_0840,Left Hand Tool,Gauze,1.0,1.0,1080,1920
val,10_1_0535,Left Hand Tool,Suction Cannula,1.0,0.6994,1080,1920
val,10_1_0880,Left Hand Tool,Tweezers,0.9615,0.9615,1080,1920
val,10_1_1622,Right Hand Tool,Needle Holders,0.9995,0.9995,1080,1920
val,10_1_0947,Right Hand Tool,Needle Holders,0.9973,0.7155,1080,1920
val,10_1_0284,Two Hands Tool,Mouth Gag,1.0,0.11,1080,1920
val,10_1_1651,Right Hand Tool,Needle Holders,1.0,1.0,1080,1920
val,10_1_1586,Right Hand Tool,Needle Holders,0.9985,0.8331,1080,1920
val,10_1_0551,Left Hand Tool,Tweezers,1.0,0.811,1080,1920
val,10_1_0220,Right Hand Tool,Skewer,0.1039,0.1039,1080,1920
val,10_1_0346,Left Hand Tool,Suction Cannula,1.0,0.6151,1080,1920
val,10_1_0431,Right Hand Tool,Raspatory,0.9991,0.9762,1080,1920
val,09_1_0976,Left Hand Tool,Tweezers,1.0,1.0,1080,1920
val,09_1_0471,Right Hand Tool,Scalpel,1.0,1.0,1080,1920
val,10_1_0744,Right Hand Tool,Needle Holders,0.9979,0.6393,1080,1920
val,09_1_0706,Right Hand Tool,Scissors,0.9803,0.9803,1080,1920
val,10_1_0884,Right Hand Tool,Needle Holders,0.9914,0.8233,1080,1920
val,10_1_0734,Right Hand Tool,Scissors,1.0,0.6848,1080,1920
val,09_1_0553,Left Hand Tool,Gauze,1.0,1.0,1080,1920
val,10_1_0548,Right Hand Tool,Scissors,1.0,0.7054,1080,1920
val,10_1_0485,Left Hand Tool,Suction Cannula,1.0,0.9353,1080,1920
val,09_1_0437,Two Hands Tool,Syringe,0.9916,0.9916,1080,1920
val,09_1_0986,Right Hand Tool,Scissors,0.9982,0.9982,1080,1920
val,10_1_1637,Two Hands Tool,Needle Holders,1.0,0.5312,1080,1920
val,09_1_0692,Left Hand Tool,Forceps,0.9986,0.4732,1080,1920
val,10_1_1663,Left Hand Tool,Tweezers,1.0,0.3073,1080,1920
val,10_1_0902,Left Hand Tool,Tweezers,1.0,1.0,1080,1920
val,10_1_0698,Left Hand Tool,Tweezers,0.9995,0.8873,1080,1920
val,10_1_0987,Left Hand Tool,Tweezers,1.0,0.8526,1080,1920
val,10_1_1667,Right Hand Tool,Needle Holders,0.9857,0.4212,1080,1920
val,10_1_0364,Two Hands Tool,Scissors,0.9979,0.8935,1080,1920
val,10_1_1625,Right Hand Tool,Needle Holders,0.9928,0.3997,1080,1920
val,10_1_1021,Left Hand Tool,Tweezers,1.0,0.9651,1080,1920
val,10_1_1397,Left Hand Tool,Tweezers,1.0,0.9979,1080,1920
val,10_1_0416,Right Hand Tool,Scissors,1.0,1.0,1080,1920
val,09_1_0655,Right Hand Tool,Scissors,0.9971,0.9017,1080,1920
val,10_1_0606,Right Hand Tool,Scissors,1.0,0.6487,1080,1920
val,10_1_1474,Left Hand Tool,Tweezers,0.9997,0.6517,1080,1920
val,10_1_0747,Right Hand Tool,Needle Holders,0.9869,0.7771,1080,1920
val,09_1_0866,Left Hand Tool,Gauze,1.0,1.0,1080,1920
val,10_1_1143,Right Hand Tool,Scalpel,0.9973,0.7824,1080,1920
val,10_1_0593,Left Hand Tool,Suction Cannula,0.9824,0.9824,1080,1920
val,10_1_1577,Left Hand Tool,Tweezers,1.0,0.8613,1080,1920
val,10_1_0388,Left Hand Tool,Bipolar Forceps,1.0,0.563,1080,1920
val,10_1_0712,Left Hand Tool,Suction Cannula,0.9996,0.7143,1080,1920
val,10_1_0426,Right Hand Tool,Raspatory,0.9995,0.9987,1080,1920
val,09_1_0382,Two Hands Tool,Syringe,0.9926,0.9926,1080,1920
val,10_1_0840,Right Hand Tool,Needle Holders,0.9982,0.6913,1080,1920
val,10_1_0821,Right Hand Tool,Needle Holders,0.9999,0.7263,1080,1920
val,10_1_0542,Left Hand Tool,Suction Cannula,1.0,0.6205,1080,1920
val,10_1_0719,Right Hand Tool,Scissors,0.895,0.8803,1080,1920
val,09_1_0439,Two Hands Tool,Syringe,0.9981,0.9981,1080,1920
val,09_1_0852,Right Hand Tool,Electric Cautery,0.9998,0.7889,1080,1920
val,10_1_1111,Right Hand Tool,Needle Holders,1.0,0.8028,1080,1920
val,10_1_0270,Two Hands Tool,Syringe,0.9958,0.0815,1080,1920
val,10_1_0458,Left Hand Tool,Suction Cannula,0.997,0.99,1080,1920
val,09_1_0627,Right Hand Tool,Scalpel,0.9995,0.9995,1080,1920
val,09_1_0608,Right Hand Tool,Scalpel,1.0,1.0,1080,1920
val,10_1_0983,Right Hand Tool,Needle Holders,0.9991,0.6319,1080,1920
val,10_1_1514,Right Hand Tool,Needle Holders,0.9947,0.5503,1080,1920
val,09_1_0393,Two Hands Tool,Syringe,1.0,1.0,1080,1920
val,10_1_1152,Two Hands Tool,Scalpel,0.9968,0.9184,1080,1920
val,09_1_0694,Left Hand Tool,Forceps,0.9561,0.2973,1080,1920
val,10_1_1405,Left Hand Tool,Tweezers,1.0,0.9775,1080,1920
val,10_1_1449,Left Hand Tool,Tweezers,1.0,0.834,1080,1920
val,10_1_1019,Right Hand Tool,Needle Holders,1.0,0.47,1080,1920
val,09_1_0517,Two Hands Tool,Scalpel,0.9986,0.9986,1080,1920
val,10_1_0359,Left Hand Tool,Suction Cannula,1.0,0.8191,1080,1920
val,10_1_0451,Right Hand Tool,Raspatory,0.9987,0.9475,1080,1920
val,09_1_0647,Right Hand Tool,Scissors,0.9922,0.9191,1080,1920
val,10_1_0920,Left Hand Tool,Tweezers,1.0,1.0,1080,1920
val,09_1_0701,Right Hand Tool,Gauze,0.998,0.7634,1080,1920
val,09_1_0617,Right Hand Tool,Scalpel,0.9988,0.9988,1080,1920
val,09_1_0834,Left Hand Tool,Forceps,0.9821,0.619,1080,1920
val,10_1_1533,Right Hand Tool,Needle Holders,0.9993,0.9993,1080,1920
val,09_1_0862,Left Hand Tool,Gauze,0.9997,0.9997,1080,1920
val,10_1_0283,Right Hand Tool,Syringe,0.8012,0.8012,1080,1920
val,10_1_0217,Right Hand Tool,Skewer,0.0,0.0,1080,1920
val,10_1_0528,Right Hand Tool,Scissors,0.9948,0.7337,1080,1920
val,10_1_0586,Right Hand Tool,Scissors,0.9983,0.6407,1080,1920
val,10_1_0538,Left Hand Tool,Suction Cannula,1.0,0.7279,1080,1920
val,10_1_0278,Two Hands Tool,Syringe,0.9923,0.7228,1080,1920
val,09_1_0829,Right Hand Tool,Electric Cautery,0.9965,0.9965,1080,1920
val,09_1_0436,Two Hands Tool,Syringe,0.999,0.999,1080,1920
val,10_1_0359,Right Hand Tool,Bipolar Forceps,0.9978,0.8191,1080,1920
val,10_1_0458,Right Hand Tool,Raspatory,0.9992,0.9992,1080,1920
val,09_1_0677,Left Hand Tool,Gauze,0.9442,0.4878,1080,1920
val,10_1_0519,Right Hand Tool,Scissors,1.0,1.0,1080,1920
val,10_1_0567,Right Hand Tool,Raspatory,0.9969,0.9774,1080,1920
val,09_1_0615,Left Hand Tool,Gauze,0.9932,0.9932,1080,1920
val,10_1_1196,Two Hands Tool,Bipolar Forceps,0.9836,0.9256,1080,1920
val,10_1_1564,Left Hand Tool,Tweezers,1.0,0.5511,1080,1920
val,09_1_0809,Right Hand Tool,Electric Cautery,0.9979,0.8742,1080,1920
val,09_1_0609,Right Hand Tool,Scalpel,1.0,1.0,1080,1920
val,09_1_1010,Left Hand Tool,Tweezers,0.9991,0.9991,1080,1920
val,10_1_0525,Right Hand Tool,Scissors,1.0,0.6371,1080,1920
val,09_1_0593,Left Hand Tool,Gauze,1.0,0.6134,1080,1920
val,10_1_1173,Left Hand Tool,Forceps,0.9528,0.9528,1080,1920
val,09_1_0823,Left Hand Tool,Forceps,0.9793,0.3757,1080,1920
val,09_1_0721,Right Hand Tool,Gauze,0.9933,0.9894,1080,1920
val,09_1_0732,Right Hand Tool,Forceps,1.0,1.0,1080,1920
val,09_1_0736,Right Hand Tool,Scissors,0.9965,0.9965,1080,1920
val,10_1_1009,Left Hand Tool,Tweezers,1.0,0.8648,1080,1920
val,10_1_1113,Right Hand Tool,Needle Holders,1.0,0.6628,1080,1920
val,10_1_1490,Left Hand Tool,Tweezers,1.0,1.0,1080,1920
val,10_1_1470,Left Hand Tool,Tweezers,1.0,0.759,1080,1920
val,10_1_0449,Right Hand Tool,Raspatory,0.9982,0.7618,1080,1920
val,10_1_0498,Left Hand Tool,Suction Cannula,1.0,0.6996,1080,1920
val,10_1_0437,Left Hand Tool,Suction Cannula,0.9994,0.9907,1080,1920
val,09_1_0735,Left Hand Tool,Hook,1.0,0.9295,1080,1920
val,09_1_0564,Left Hand Tool,Gauze,1.0,0.7391,1080,1920
val,10_1_0597,Right Hand Tool,Bipolar Forceps,0.993,0.7591,1080,1920
val,09_1_1020,Left Hand Tool,Tweezers,0.9984,0.9328,1080,1920
val,10_1_1070,Two Hands Tool,Needle Holders,0.9993,0.7335,1080,1920
val,10_1_0511,Left Hand Tool,Suction Cannula,1.0,0.6212,1080,1920
val,09_1_0546,Right Hand Tool,Scalpel,1.0,0.9585,1080,1920
val,10_1_1401,Right Hand Tool,Needle Holders,0.9986,0.8247,1080,1920
val,10_1_0582,Left Hand Tool,Tweezers,1.0,0.9296,1080,1920
val,10_1_1473,Left Hand Tool,Tweezers,0.9951,0.9951,1080,1920
val,09_1_0867,Right Hand Tool,Electric Cautery,0.9987,0.8039,1080,1920
val,09_1_0480,Right Hand Tool,Scalpel,1.0,1.0,1080,1920
val,09_1_0713,Left Hand Tool,Gauze,0.9697,0.5203,1080,1920
val,10_1_0476,Right Hand Tool,Raspatory,0.9993,0.9425,1080,1920
val,10_1_0690,Right Hand Tool,Scissors,0.9882,0.9845,1080,1920
val,09_1_0696,Left Hand Tool,Forceps,0.96,0.4182,1080,1920
val,10_1_0616,Left Hand Tool,Suction Cannula,0.978,0.9219,1080,1920
val,10_1_1563,Left Hand Tool,Tweezers,1.0,0.8262,1080,1920
val,10_1_0838,Right Hand Tool,Needle Holders,0.9986,0.6249,1080,1920
val,10_1_1607,Right Hand Tool,Needle Holders,0.9325,0.4593,1080,1920
val,10_1_1100,Right Hand Tool,Needle Holders,1.0,0.4089,1080,1920
val,10_1_1407,Right Hand Tool,Needle Holders,0.9982,0.9982,1080,1920
val,10_1_1582,Right Hand Tool,Needle Holders,0.9849,0.4747,1080,1920
val,09_1_0535,Left Hand Tool,Gauze,1.0,1.0,1080,1920
val,10_1_0420,Right Hand Tool,Scissors,0.9858,0.9182,1080,1920
val,09_1_0409,Two Hands Tool,Syringe,1.0,1.0,1080,1920
val,10_1_0348,Right Hand Tool,Bipolar Forceps,0.9678,0.956,1080,1920
val,09_1_0690,Left Hand Tool,Forceps,0.8147,0.0202,1080,1920
val,10_1_0830,Left Hand Tool,Tweezers,1.0,0.8844,1080,1920
val,09_1_0854,Left Hand Tool,Gauze,0.9985,0.9985,1080,1920
val,10_1_0481,Left Hand Tool,Suction Cannula,1.0,0.8853,1080,1920
val,10_1_1519,Left Hand Tool,Tweezers,1.0,1.0,1080,1920
val,10_1_0939,Right Hand Tool,Needle Holders,0.9993,0.696,1080,1920
val,09_1_0498,Two Hands Tool,Scalpel,1.0,0.9624,1080,1920
val,10_1_0696,Left Hand Tool,Tweezers,1.0,1.0,1080,1920
val,10_1_0439,Right Hand Tool,Scissors,0.9737,0.3945,1080,1920
val,10_1_0981,Right Hand Tool,Needle Holders,1.0,0.4823,1080,1920
val,09_1_0769,Left Hand Tool,Hook,0.9972,0.9938,1080,1920
val,10_1_0477,Right Hand Tool,Raspatory,0.9993,0.9644,1080,1920
val,10_1_1552,Right Hand Tool,Needle Holders,1.0,0.477,1080,1920
val,10_1_1198,Right Hand Tool,Bipolar Forceps,0.9964,0.9164,1080,1920
val,10_1_0984,Left Hand Tool,Mouth Gag,1.0,1.0,1080,1920
val,10_1_0741,Left Hand Tool,Tweezers,0.9955,0.8543,1080,1920
val,09_1_0992,Left Hand Tool,Tweezers,1.0,1.0,1080,1920
val,09_1_0672,Right Hand Tool,Scissors,0.9485,0.9485,1080,1920
val,10_1_1407,Left Hand Tool,Tweezers,1.0,0.7635,1080,1920
val,10_1_1531,Left Hand Tool,Tweezers,1.0,1.0,1080,1920
val,10_1_1635,Left Hand Tool,Mouth Gag,0.4359,0.0142,1080,1920
val,10_1_0502,Left Hand Tool,Suction Cannula,1.0,0.8122,1080,1920
val,09_1_0738,Right Hand Tool,Scissors,0.9969,0.7543,1080,1920
val,09_1_0604,Left Hand Tool,Gauze,0.9996,0.9996,1080,1920
val,10_1_1078,Right Hand Tool,Needle Holders,0.9913,0.6803,1080,1920
val,10_1_1393,Left Hand Tool,Tweezers,1.0,0.8208,1080,1920
val,10_1_0908,Right Hand Tool,Needle Holders,0.9988,0.6833,1080,1920
val,10_1_1198,Left Hand Tool,Suction Cannula,1.0,0.6063,1080,1920
val,09_1_1011,Right Hand Tool,Electric Cautery,0.9982,0.9982,1080,1920
val,10_1_1436,Left Hand Tool,Tweezers,0.9979,0.9721,1080,1920
val,09_1_0858,Left Hand Tool,Gauze,1.0,1.0,1080,1920
val,09_1_0733,Right Hand Tool,Hook,1.0,0.9933,1080,1920
val,10_1_1588,Left Hand Tool,Needle Holders,1.0,0.4079,1080,1920
val,09_1_0647,Left Hand Tool,Tweezers,0.9984,0.9048,1080,1920
val,09_1_0554,Left Hand Tool,Gauze,1.0,1.0,1080,1920
val,09_1_0739,Left Hand Tool,Gauze,0.9962,0.5521,1080,1920
val,10_1_1497,Right Hand Tool,Needle Holders,1.0,0.7766,1080,1920
val,10_1_1023,Left Hand Tool,Tweezers,1.0,0.6804,1080,1920
val,09_1_0738,Left Hand Tool,Gauze,1.0,0.4265,1080,1920
val,10_1_0946,Right Hand Tool,Needle Holders,0.9994,0.8679,1080,1920
val,10_1_1096,Two Hands Tool,Needle Holders,1.0,0.0713,1080,1920
val,09_1_0717,Left Hand Tool,Gauze,0.9971,0.546,1080,1920
val,09_1_0694,Right Hand Tool,Scissors,0.9967,0.9252,1080,1920
val,10_1_1404,Left Hand Tool,Tweezers,0.9998,0.7609,1080,1920
val,10_1_1468,Left Hand Tool,Tweezers,0.9983,0.7576,1080,1920
val,10_1_0601,Right Hand Tool,Gauze,0.9903,0.9903,1080,1920
val,09_1_0761,Two Hands Tool,Scissors,0.9973,0.9966,1080,1920
val,10_1_1507,Right Hand Tool,Needle Holders,0.896,0.1714,1080,1920
val,10_1_1579,Right Hand Tool,Needle Holders,0.9974,0.6489,1080,1920
val,09_1_0390,Two Hands Tool,Syringe,1.0,1.0,1080,1920
val,10_1_1626,Left Hand Tool,Tweezers,1.0,0.441,1080,1920
val,10_1_1476,Left Hand Tool,Tweezers,0.9892,0.6969,1080,1920
val,10_1_1527,Right Hand Tool,Needle Holders,0.9958,0.4657,1080,1920
val,10_1_1466,Right Hand Tool,Needle Holders,0.9997,0.7683,1080,1920
val,09_1_0811,Right Hand Tool,Electric Cautery,0.9976,0.8491,1080,1920
val,09_1_0763,Right Hand Tool,Gauze,1.0,0.9961,1080,1920
val,10_1_1118,Left Hand Tool,Suction Cannula,1.0,1.0,1080,1920
val,10_1_1665,Right Hand Tool,Needle Holders,0.9987,0.5591,1080,1920
val,10_1_1554,Right Hand Tool,Needle Holders,0.938,0.938,1080,1920
val,10_1_0940,Right Hand Tool,Needle Holders,0.9999,0.603,1080,1920
val,10_1_0573,Left Hand Tool,Tweezers,1.0,0.8537,1080,1920
val,10_1_1433,Right Hand Tool,Needle Holders,0.99,0.7073,1080,1920
val,10_1_1412,Right Hand Tool,Needle Holders,0.9993,0.8753,1080,1920
val,10_1_0968,Left Hand Tool,Suction Cannula,0.9995,0.8111,1080,1920
val,10_1_0394,Right Hand Tool,Scissors,1.0,0.5483,1080,1920
val,10_1_1529,Right Hand Tool,Needle Holders,0.9917,0.4404,1080,1920
val,10_1_0799,Right Hand Tool,Needle Holders,1.0,0.6124,1080,1920
val,09_1_0564,Right Hand Tool,Scalpel,0.9989,0.7826,1080,1920
val,10_1_1094,Right Hand Tool,Needle Holders,0.9991,0.6449,1080,1920
val,09_1_0645,Right Hand Tool,Scissors,1.0,1.0,1080,1920
val,10_1_0564,Left Hand Tool,Tweezers,1.0,0.9118,1080,1920
val,09_1_0998,Left Hand Tool,Tweezers,0.9947,0.9947,1080,1920
val,09_1_0457,Right Hand Tool,Syringe,0.9145,0.9145,1080,1920
val,09_1_0714,Left Hand Tool,Gauze,0.9967,0.5456,1080,1920
val,10_1_0911,Left Hand Tool,Tweezers,1.0,0.1324,1080,1920
val,10_1_0627,Left Hand Tool,Suction Cannula,1.0,1.0,1080,1920
val,09_1_0773,Left Hand Tool,Hook,0.9941,0.9941,1080,1920
val,10_1_0796,Left Hand Tool,Tweezers,1.0,0.849,1080,1920
val,10_1_1507,Left Hand Tool,Tweezers,0.9962,0.8934,1080,1920
val,09_1_0604,Right Hand Tool,Scalpel,0.9993,0.9993,1080,1920
val,10_1_0618,Left Hand Tool,Suction Cannula,0.9974,0.7943,1080,1920
val,10_1_0701,Left Hand Tool,Tweezers,0.9836,0.7411,1080,1920
val,10_1_0524,Right Hand Tool,Scissors,1.0,0.6355,1080,1920
val,10_1_0777,Left Hand Tool,Tweezers,1.0,0.9309,1080,1920
val,10_1_0907,Right Hand Tool,Needle Holders,0.996,0.7203,1080,1920
val,09_1_0819,Left Hand Tool,Gauze,0.9999,0.8708,1080,1920
val,09_1_0635,Right Hand Tool,Scalpel,0.9793,0.9793,1080,1920
val,09_1_0599,Right Hand Tool,Scalpel,0.9894,0.9894,1080,1920
val,10_1_1025,Left Hand Tool,Tweezers,0.9991,0.8447,1080,1920
val,10_1_0709,Right Hand Tool,Scissors,0.9967,0.5472,1080,1920
val,10_1_1015,Left Hand Tool,Tweezers,0.995,0.7842,1080,1920
val,10_1_0967,Left Hand Tool,Suction Cannula,1.0,0.8143,1080,1920
val,10_1_0930,Right Hand Tool,Needle Holders,0.977,0.676,1080,1920
val,10_1_0855,Right Hand Tool,Needle Holders,0.9971,0.5242,1080,1920
val,09_1_0553,Right Hand Tool,Scalpel,1.0,1.0,1080,1920
val,10_1_1568,Right Hand Tool,Needle Holders,0.9992,0.8088,1080,1920
val,10_1_0397,Left Hand Tool,Suction Cannula,0.9974,0.6106,1080,1920
val,10_1_1026,Left Hand Tool,Tweezers,1.0,0.8194,1080,1920
val,10_1_0438,Right Hand Tool,Scissors,0.9731,0.4622,1080,1920
val,10_1_1594,Right Hand Tool,Needle Holders,0.9947,0.8562,1080,1920
val,10_1_1453,Right Hand Tool,Needle Holders,0.9983,0.8297,1080,1920
val,10_1_1672,Left Hand Tool,Mouth Gag,0.3996,0.3845,1080,1920
val,10_1_1544,Left Hand Tool,Tweezers,1.0,1.0,1080,1920
val,09_1_0538,Right Hand Tool,Scalpel,0.9997,0.9997,1080,1920
val,09_1_0863,Left Hand Tool,Gauze,1.0,1.0,1080,1920
val,10_1_0347,Left Hand Tool,Suction Cannula,0.9874,0.6094,1080,1920
val,10_1_0272,Two Hands Tool,Syringe,0.9956,0.8033,1080,1920
val,09_1_0681,Right Hand Tool,Scissors,0.9988,0.8599,1080,1920
val,09_1_0567,Two Hands Tool,Gauze,1.0,0.9768,1080,1920
val,09_1_0625,Left Hand Tool,Gauze,1.0,1.0,1080,1920
val,09_1_0514,Two Hands Tool,Scalpel,1.0,1.0,1080,1920
val,10_1_0759,Left Hand Tool,Tweezers,1.0,0.3538,1080,1920
val,10_1_0585,Left Hand Tool,Tweezers,1.0,0.7607,1080,1920
val,09_1_0585,Two Hands Tool,Gauze,0.9967,0.8695,1080,1920
val,10_1_1439,Right Hand Tool,Needle Holders,0.9993,0.6143,1080,1920
val,10_1_0689,Left Hand Tool,Tweezers,0.9995,0.89,1080,1920
val,10_1_0492,Right Hand Tool,Scissors,0.9997,0.8338,1080,1920
val,09_1_0474,Two Hands Tool,Scalpel,1.0,1.0,1080,1920
val,10_1_1013,Right Hand Tool,Needle Holders,0.9924,0.5091,1080,1920
val,10_1_1107,Right Hand Tool,Needle Holders,0.9995,0.766,1080,1920
val,10_1_1572,Right Hand Tool,Needle Holders,0.9992,0.6011,1080,1920
val,10_1_0753,Right Hand Tool,Needle Holders,0.9976,0.8169,1080,1920
val,10_1_0586,Left Hand Tool,Suction Cannula,0.9949,0.8478,1080,1920
val,10_1_1679,Left Hand Tool,Mouth Gag,0.0895,0.0895,1080,1920
val,10_1_1422,Right Hand Tool,Needle Holders,1.0,0.3645,1080,1920
val,09_1_0861,Right Hand Tool,Electric Cautery,0.9987,0.7891,1080,1920
val,10_1_0342,Left Hand Tool,Suction Cannula,1.0,0.6078,1080,1920
val,09_1_0863,Right Hand Tool,Electric Cautery,0.999,0.8529,1080,1920
val,09_1_0699,Right Hand Tool,Scissors,0.9873,0.9873,1080,1920
val,10_1_1567,Left Hand Tool,Tweezers,1.0,1.0,1080,1920
val,10_1_0757,Right Hand Tool,Needle Holders,0.9985,0.9985,1080,1920
val,10_1_0619,Right Hand Tool,Raspatory,1.0,0.8119,1080,1920
val,10_1_0355,Right Hand Tool,Scissors,0.9863,0.7368,1080,1920
val,09_1_0468,Right Hand Tool,Scalpel,1.0,1.0,1080,1920
val,10_1_0609,Left Hand Tool,Suction Cannula,0.9823,0.9823,1080,1920
val,10_1_0845,Right Hand Tool,Needle Holders,1.0,0.7009,1080,1920
val,10_1_1664,Left Hand Tool,Tweezers,1.0,0.3772,1080,1920
val,10_1_1416,Right Hand Tool,Needle Holders,0.9995,0.9995,1080,1920
val,10_1_0395,Left Hand Tool,Suction Cannula,0.9857,0.5535,1080,1920
val,09_1_1019,Right Hand Tool,Forceps,0.9992,0.9992,1080,1920
val,09_1_0871,Right Hand Tool,Electric Cautery,0.999,0.8658,1080,1920
val,10_1_0386,Left Hand Tool,Suction Cannula,1.0,0.6932,1080,1920
val,10_1_1104,Right Hand Tool,Needle Holders,0.9994,0.9994,1080,1920
val,10_1_1484,Left Hand Tool,Tweezers,1.0,0.7202,1080,1920
val,09_1_0737,Right Hand Tool,Forceps,1.0,0.9927,1080,1920
val,10_1_1567,Right Hand Tool,Needle Holders,1.0,0.8062,1080,1920
val,09_1_0741,Right Hand Tool,Scissors,0.9938,0.9917,1080,1920
val,10_1_0968,Right Hand Tool,Needle Holders,0.9691,0.5193,1080,1920
val,09_1_0590,Left Hand Tool,Gauze,0.9982,0.4961,1080,1920
val,10_1_0402,Left Hand Tool,Suction Cannula,1.0,0.5583,1080,1920
val,09_1_0444,Two Hands Tool,Syringe,0.9982,0.9982,1080,1920
val,09_1_0650,Left Hand Tool,Tweezers,0.9982,0.991,1080,1920
val,10_1_1526,Right Hand Tool,Needle Holders,0.9977,0.4917,1080,1920
val,10_1_0833,Left Hand Tool,Tweezers,0.9645,0.7573,1080,1920
val,10_1_1098,Left Hand Tool,Scissors,1.0,0.8023,1080,1920
val,10_1_1148,Two Hands Tool,Scalpel,0.9971,0.8696,1080,1920
val,09_1_0858,Right Hand Tool,Electric Cautery,0.9992,0.6381,1080,1920
val,09_1_0544,Right Hand Tool,Gauze,0.9956,0.9411,1080,1920
val,10_1_0544,Left Hand Tool,Tweezers,1.0,0.8615,1080,1920
val,10_1_0340,Left Hand Tool,Suction Cannula,0.9995,0.5669,1080,1920
val,10_1_0521,Right Hand Tool,Scissors,0.9633,0.9633,1080,1920
val,10_1_0994,Left Hand Tool,Tweezers,1.0,0.9989,1080,1920
val,10_1_0518,Right Hand Tool,Scissors,0.9967,0.9967,1080,1920
val,10_1_1601,Left Hand Tool,Tweezers,1.0,0.9384,1080,1920
val,10_1_1516,Left Hand Tool,Tweezers,0.9985,0.9985,1080,1920
val,10_1_1465,Left Hand Tool,Tweezers,1.0,0.8872,1080,1920
val,10_1_1469,Left Hand Tool,Tweezers,0.9998,0.8016,1080,1920
val,10_1_0717,Right Hand Tool,Scissors,0.9999,0.999,1080,1920
val,10_1_1500,Right Hand Tool,Needle Holders,0.9999,0.7997,1080,1920
val,10_1_0605,Left Hand Tool,Suction Cannula,1.0,0.8526,1080,1920
val,10_1_0559,Left Hand Tool,Tweezers,0.9837,0.6799,1080,1920
val,10_1_1634,Right Hand Tool,Needle Holders,1.0,0.453,1080,1920
val,10_1_0859,Left Hand Tool,Needle Holders,0.0,0.0,1080,1920
val,10_1_1651,Left Hand Tool,Tweezers,1.0,1.0,1080,1920
val,09_1_0789,Right Hand Tool,Electric Cautery,0.9982,0.9903,1080,1920
val,10_1_0926,Right Hand Tool,Needle Holders,1.0,0.3861,1080,1920
val,10_1_0940,Left Hand Tool,Tweezers,1.0,1.0,1080,1920
val,10_1_0415,Left Hand Tool,Suction Cannula,1.0,0.8589,1080,1920
val,09_1_0435,Two Hands Tool,Syringe,1.0,1.0,1080,1920
val,10_1_1587,Right Hand Tool,Needle Holders,1.0,0.7832,1080,1920
val,10_1_1434,Left Hand Tool,Tweezers,0.9988,0.9961,1080,1920
val,09_1_0857,Left Hand Tool,Gauze,1.0,1.0,1080,1920
val,10_1_1521,Two Hands Tool,Needle Holders,1.0,0.5487,1080,1920
val,10_1_0999,Right Hand Tool,Needle Holders,0.9995,0.698,1080,1920
val,10_1_1584,Left Hand Tool,Tweezers,1.0,0.9902,1080,1920
val,10_1_1590,Right Hand Tool,Needle Holders,1.0,0.9189,1080,1920
val,10_1_1636,Left Hand Tool,Tweezers,0.9657,0.9373,1080,1920
val,10_1_1428,Left Hand Tool,Tweezers,1.0,0.7797,1080,1920
val,10_1_1097,Right Hand Tool,Needle Holders,1.0,0.0858,1080,1920
val,10_1_1646,Two Hands Tool,Needle Holders,1.0,0.4799,1080,1920
val,09_1_0680,Right Hand Tool,Scissors,0.9965,0.9965,1080,1920
val,10_1_0937,Right Hand Tool,Needle Holders,0.9975,0.9975,1080,1920
val,10_1_1566,Right Hand Tool,Needle Holders,0.9992,0.8152,1080,1920
val,09_1_0637,Right Hand Tool,Scalpel,0.9977,0.9977,1080,1920
val,10_1_0501,Left Hand Tool,Suction Cannula,1.0,0.8219,1080,1920
val,09_1_0849,Right Hand Tool,Electric Cautery,0.9992,0.8632,1080,1920
val,09_1_0811,Left Hand Tool,Gauze,1.0,0.8076,1080,1920
val,10_1_0487,Right Hand Tool,Scissors,0.9644,0.8086,1080,1920
val,09_1_0892,Right Hand Tool,Electric Cautery,0.9944,0.1735,1080,1920
val,10_1_0406,Left Hand Tool,Suction Cannula,0.9661,0.9454,1080,1920
val,09_1_0565,Right Hand Tool,Scalpel,1.0,0.0021,1080,1920
val,09_1_0509,Left Hand Tool,Gauze,0.9599,0.5351,1080,1920
val,10_1_0550,Right Hand Tool,Scissors,0.9882,0.7503,1080,1920
val,09_1_0800,Left Hand Tool,Gauze,0.9808,0.7361,1080,1920
val,10_1_0493,Right Hand Tool,Scissors,0.9982,0.7494,1080,1920
val,10_1_1593,Left Hand Tool,Tweezers,1.0,1.0,1080,1920
val,10_1_0767,Right Hand Tool,Needle Holders,1.0,0.967,1080,1920
val,10_1_0958,Right Hand Tool,Scissors,1.0,0.3482,1080,1920
val,10_1_1477,Right Hand Tool,Needle Holders,1.0,0.7921,1080,1920
val,10_1_0708,Right Hand Tool,Scissors,0.967,0.6239,1080,1920
val,10_1_0813,Right Hand Tool,Needle Holders,0.9992,0.7394,1080,1920
val,10_1_1477,Left Hand Tool,Tweezers,1.0,1.0,1080,1920
val,10_1_0730,Left Hand Tool,Tweezers,1.0,0.1963,1080,1920
val,10_1_0618,Right Hand Tool,Raspatory,1.0,0.9029,1080,1920
val,10_1_0913,Right Hand Tool,Needle Holders,0.9994,0.6296,1080,1920
val,09_1_0653,Right Hand Tool,Scissors,0.999,0.9444,1080,1920
val,09_1_0991,Left Hand Tool,Tweezers,0.9997,0.9997,1080,1920
val,10_1_0341,Left Hand Tool,Suction Cannula,0.9997,0.578,1080,1920
val,10_1_0363,Left Hand Tool,Suction Cannula,1.0,0.6409,1080,1920
val,10_1_0690,Left Hand Tool,Tweezers,1.0,0.8946,1080,1920
val,09_1_0658,Left Hand Tool,Tweezers,1.0,1.0,1080,1920
val,10_1_1622,Left Hand Tool,Tweezers,1.0,0.4498,1080,1920
val,09_1_0383,Right Hand Tool,Syringe,0.9979,0.9979,1080,1920
val,09_1_0756,Left Hand Tool,Hook,0.9931,0.9931,1080,1920
val,10_1_0617,Right Hand Tool,Raspatory,0.9979,0.7069,1080,1920
val,09_1_0563,Left Hand Tool,Gauze,1.0,0.8998,1080,1920
val,10_1_0752,Left Hand Tool,Tweezers,0.9994,0.814,1080,1920
val,10_1_1013,Left Hand Tool,Tweezers,0.9952,0.9812,1080,1920
val,10_1_0590,Left Hand Tool,Suction Cannula,1.0,1.0,1080,1920
val,10_1_1621,Left Hand Tool,Tweezers,1.0,0.3652,1080,1920
val,10_1_1539,Right Hand Tool,Needle Holders,0.9654,0.6212,1080,1920
val,10_1_1151,Right Hand Tool,Mouth Gag,1.0,0.0066,1080,1920
val,10_1_1509,Left Hand Tool,Tweezers,1.0,0.865,1080,1920
val,10_1_0460,Right Hand Tool,Raspatory,0.9983,0.9983,1080,1920
val,10_1_0470,Right Hand Tool,Bipolar Forceps,0.9972,0.8653,1080,1920
val,10_1_0734,Left Hand Tool,Tweezers,1.0,0.8685,1080,1920
val,10_1_0527,Left Hand Tool,Tweezers,1.0,0.6927,1080,1920
val,10_1_1025,Right Hand Tool,Needle Holders,0.999,0.999,1080,1920
val,09_1_0751,Right Hand Tool,Scissors,0.9984,0.9984,1080,1920
val,10_1_0687,Right Hand Tool,Scissors,0.9966,0.9694,1080,1920
val,09_1_0769,Right Hand Tool,Gauze,0.9999,0.5125,1080,1920
val,10_1_0520,Left Hand Tool,Tweezers,0.9999,0.8136,1080,1920
val,10_1_1454,Left Hand Tool,Tweezers,1.0,1.0,1080,1920
val,09_1_0443,Two Hands Tool,Syringe,0.9988,0.9988,1080,1920
val,09_1_0687,Left Hand Tool,Forceps,0.9948,0.8227,1080,1920
val,10_1_0785,Left Hand Tool,Tweezers,1.0,0.8553,1080,1920
val,10_1_1146,Two Hands Tool,Scalpel,0.9885,0.6465,1080,1920
val,10_1_0951,Right Hand Tool,Needle Holders,1.0,0.3463,1080,1920
val,10_1_0365,Two Hands Tool,Scissors,0.9954,0.8643,1080,1920
val,10_1_1091,Left Hand Tool,Needle Holders,0.0,0.0,1080,1920
val,09_1_0803,Right Hand Tool,Electric Cautery,0.9977,0.8453,1080,1920
val,09_1_0543,Right Hand Tool,Gauze,0.9956,0.9604,1080,1920
val,10_1_0843,Left Hand Tool,Tweezers,1.0,0.8288,1080,1920
val,10_1_1583,Right Hand Tool,Needle Holders,0.9993,0.7446,1080,1920
val,10_1_1396,Left Hand Tool,Tweezers,1.0,1.0,1080,1920
val,10_1_1541,Right Hand Tool,Needle Holders,0.9611,0.9149,1080,1920
val,09_1_0991,Right Hand Tool,Scissors,0.9969,0.9969,1080,1920
val,10_1_0914,Right Hand Tool,Needle Holders,1.0,0.6519,1080,1920
val,10_1_0584,Right Hand Tool,Scissors,0.9982,0.9196,1080,1920
val,10_1_0773,Left Hand Tool,Tweezers,1.0,0.9256,1080,1920
val,10_1_0980,Right Hand Tool,Needle Holders,0.9977,0.759,1080,1920
val,09_1_0572,Left Hand Tool,Gauze,1.0,0.6007,1080,1920
val,10_1_1630,Right Hand Tool,Needle Holders,0.9996,0.9996,1080,1920
val,10_1_1589,Right Hand Tool,Needle Holders,0.9968,0.9968,1080,1920
val,10_1_0585,Right Hand Tool,Scissors,0.9994,0.5791,1080,1920
val,10_1_0615,Right Hand Tool,Raspatory,0.997,0.9238,1080,1920
val,10_1_1079,Right Hand Tool,Needle Holders,0.9958,0.2914,1080,1920
val,10_1_0557,Right Hand Tool,Scissors,1.0,0.5109,1080,1920
val,10_1_0379,Right Hand Tool,Scalpel,1.0,1.0,1080,1920
val,10_1_0513,Left Hand Tool,Suction Cannula,1.0,0.7316,1080,1920
val,09_1_0618,Right Hand Tool,Scalpel,0.9966,0.9966,1080,1920
val,10_1_0445,Left Hand Tool,Suction Cannula,0.9997,0.9981,1080,1920
val,10_1_1583,Left Hand Tool,Tweezers,0.9994,0.9994,1080,1920
val,10_1_0494,Left Hand Tool,Suction Cannula,1.0,0.9449,1080,1920
val,10_1_0499,Left Hand Tool,Suction Cannula,1.0,0.818,1080,1920
val,09_1_0888,Two Hands Tool,Electric Cautery,0.9981,0.7872,1080,1920
val,10_1_0757,Left Hand Tool,Tweezers,0.9995,0.9995,1080,1920
val,10_1_1076,Left Hand Tool,Mouth Gag,1.0,0.7834,1080,1920
val,09_1_0438,Two Hands Tool,Syringe,0.9986,0.9986,1080,1920
val,09_1_0831,Right Hand Tool,Electric Cautery,1.0,0.9998,1080,1920
val,09_1_0582,Right Hand Tool,Scalpel,1.0,0.9586,1080,1920
val,10_1_1110,Left Hand Tool,Suction Cannula,1.0,1.0,1080,1920
val,10_1_0336,Left Hand Tool,Suction Cannula,1.0,0.5416,1080,1920
val,09_1_0994,Left Hand Tool,Tweezers,1.0,1.0,1080,1920
val,10_1_1569,Left Hand Tool,Tweezers,1.0,0.7926,1080,1920
val,10_1_0777,Right Hand Tool,Scissors,1.0,0.5084,1080,1920
val,10_1_0507,Right Hand Tool,Raspatory,0.9879,0.9359,1080,1920
val,10_1_0850,Right Hand Tool,Needle Holders,0.9989,0.6584,1080,1920
val,10_1_0619,Left Hand Tool,Suction Cannula,1.0,0.917,1080,1920
val,09_1_0705,Right Hand Tool,Scissors,0.9983,0.3859,1080,1920
val,09_1_0674,Right Hand Tool,Scissors,0.999,0.6382,1080,1920
val,10_1_1678,Right Hand Tool,Needle Holders,0.9991,0.775,1080,1920
val,09_1_0824,Right Hand Tool,Electric Cautery,1.0,1.0,1080,1920
val,10_1_0572,Left Hand Tool,Tweezers,1.0,0.9262,1080,1920
val,10_1_0339,Right Hand Tool,Scalpel,0.9982,0.9496,1080,1920
val,10_1_0273,Two Hands Tool,Syringe,0.9982,0.9023,1080,1920
val,10_1_0456,Left Hand Tool,Suction Cannula,1.0,0.9996,1080,1920
val,10_1_1654,Left Hand Tool,Needle Holders,0.9819,0.0857,1080,1920
val,10_1_1012,Right Hand Tool,Needle Holders,0.9985,0.9966,1080,1920
val,09_1_0732,Left Hand Tool,Gauze,1.0,1.0,1080,1920
val,09_1_0814,Right Hand Tool,Electric Cautery,0.9975,0.8272,1080,1920
val,10_1_0537,Right Hand Tool,Scissors,1.0,0.6799,1080,1920
val,09_1_0817,Right Hand Tool,Electric Cautery,0.9975,0.8706,1080,1920
val,10_1_1168,Left Hand Tool,Forceps,0.9941,0.9941,1080,1920
val,10_1_0789,Right Hand Tool,Needle Holders,0.9951,0.7092,1080,1920
val,10_1_0506,Left Hand Tool,Suction Cannula,0.9961,0.7372,1080,1920
val,10_1_0560,Left Hand Tool,Tweezers,1.0,0.7993,1080,1920
val,10_1_0381,Right Hand Tool,Scalpel,1.0,0.7633,1080,1920
val,10_1_1658,Left Hand Tool,Mouth Gag,0.3064,0.1367,1080,1920
val,10_1_0478,Left Hand Tool,Suction Cannula,1.0,0.7963,1080,1920
val,10_1_1450,Right Hand Tool,Needle Holders,0.9918,0.887,1080,1920
val,10_1_0691,Right Hand Tool,Scissors,0.9994,0.9994,1080,1920
val,09_1_0394,Two Hands Tool,Syringe,0.9886,0.9886,1080,1920
val,09_1_0793,Right Hand Tool,Electric Cautery,0.9996,0.9338,1080,1920
val,09_1_0656,Left Hand Tool,Tweezers,0.999,0.9961,1080,1920
val,09_1_0666,Left Hand Tool,Tweezers,0.9994,0.9241,1080,1920
val,09_1_0526,Left Hand Tool,Gauze,1.0,1.0,1080,1920
val,09_1_0598,Right Hand Tool,Scalpel,0.998,0.9842,1080,1920
val,10_1_0799,Left Hand Tool,Tweezers,0.9631,0.9631,1080,1920
val,10_1_1395,Left Hand Tool,Tweezers,0.9992,0.9639,1080,1920
val,10_1_0728,Right Hand Tool,Scissors,0.9974,0.7573,1080,1920
val,10_1_0785,Right Hand Tool,Needle Holders,0.9914,0.7252,1080,1920
val,10_1_0596,Left Hand Tool,Suction Cannula,0.9961,0.9961,1080,1920
val,09_1_0875,Left Hand Tool,Forceps,0.9888,0.9259,1080,1920
val,10_1_0748,Left Hand Tool,Tweezers,1.0,0.8271,1080,1920
val,09_1_0520,Left Hand Tool,Gauze,1.0,1.0,1080,1920
val,10_1_0287,Two Hands Tool,Mouth Gag,1.0,0.0891,1080,1920
val,10_1_0441,Left Hand Tool,Suction Cannula,1.0,0.9208,1080,1920
val,10_1_0947,Left Hand Tool,Tweezers,1.0,0.739,1080,1920
val,10_1_1538,Left Hand Tool,Tweezers,1.0,0.89,1080,1920
val,10_1_1505,Left Hand Tool,Tweezers,1.0,1.0,1080,1920
val,10_1_1679,Right Hand Tool,Needle Holders,0.9994,0.7622,1080,1920
val,10_1_0573,Right Hand Tool,Scissors,0.9778,0.8436,1080,1920
val,10_1_0442,Left Hand Tool,Suction Cannula,0.9997,0.9069,1080,1920
val,09_1_0861,Left Hand Tool,Gauze,0.999,0.999,1080,1920
val,10_1_1510,Left Hand Tool,Tweezers,1.0,0.8472,1080,1920
val,09_1_0495,Right Hand Tool,Scalpel,1.0,1.0,1080,1920
val,10_1_0814,Right Hand Tool,Needle Holders,0.9989,0.0885,1080,1920
val,09_1_0846,Left Hand Tool,Gauze,0.9978,0.9299,1080,1920
val,09_1_0837,Right Hand Tool,Electric Cautery,0.9974,0.5374,1080,1920
val,09_1_0407,Left Hand Tool,Tweezers,0.9636,0.9569,1080,1920
val,10_1_1028,Two Hands Tool,Scissors,0.993,0.0292,1080,1920
val,10_1_1592,Left Hand Tool,Tweezers,1.0,0.6229,1080,1920
val,10_1_0990,Right Hand Tool,Needle Holders,0.9997,0.5189,1080,1920
val,10_1_0626,Left Hand Tool,Suction Cannula,0.9932,0.9932,1080,1920
val,09_1_0519,Left Hand Tool,Gauze,0.9804,0.9804,1080,1920
val,10_1_0383,Left Hand Tool,Suction Cannula,1.0,0.6135,1080,1920
val,09_1_0740,Left Hand Tool,Hook,0.9169,0.9164,1080,1920
val,10_1_0841,Right Hand Tool,Needle Holders,1.0,0.546,1080,1920
val,10_1_0931,Right Hand Tool,Needle Holders,0.9996,0.6672,1080,1920
val,10_1_1457,Right Hand Tool,Needle Holders,1.0,0.8947,1080,1920
val,10_1_1430,Left Hand Tool,Tweezers,0.995,0.7156,1080,1920
val,09_1_0594,Left Hand Tool,Gauze,0.9963,0.9627,1080,1920
val,10_1_0384,Right Hand Tool,Scalpel,0.9945,0.7765,1080,1920
val,10_1_1518,Right Hand Tool,Needle Holders,0.9834,0.9134,1080,1920
val,09_1_0575,Right Hand Tool,Scalpel,0.9961,0.9381,1080,1920
val,09_1_0695,Left Hand Tool,Forceps,0.9316,0.2122,1080,1920
val,10_1_1581,Right Hand Tool,Needle Holders,0.9997,0.8447,1080,1920
val,09_1_0513,Two Hands Tool,Scalpel,1.0,1.0,1080,1920
val,10_1_1447,Left Hand Tool,Tweezers,1.0,0.9199,1080,1920
val,10_1_1435,Right Hand Tool,Needle Holders,0.9995,0.9995,1080,1920
val,10_1_0338,Left Hand Tool,Suction Cannula,0.9966,0.5764,1080,1920
val,10_1_0751,Left Hand Tool,Tweezers,1.0,0.8317,1080,1920
val,09_1_0865,Right Hand Tool,Electric Cautery,0.9985,0.8411,1080,1920
val,09_1_0977,Right Hand Tool,Electric Cautery,0.996,0.996,1080,1920
val,10_1_1483,Right Hand Tool,Needle Holders,0.9988,0.8667,1080,1920
val,10_1_0433,Right Hand Tool,Raspatory,1.0,1.0,1080,1920
val,09_1_0447,Two Hands Tool,Syringe,1.0,1.0,1080,1920
val,09_1_0712,Right Hand Tool,Scissors,1.0,0.4949,1080,1920
val,09_1_0537,Left Hand Tool,Tweezers,0.997,0.9776,1080,1920
val,09_1_0548,Right Hand Tool,Scalpel,1.0,0.3061,1080,1920
val,10_1_1111,Left Hand Tool,Suction Cannula,1.0,1.0,1080,1920
val,10_1_1620,Left Hand Tool,Tweezers,0.9974,0.6787,1080,1920
val,09_1_1002,Left Hand Tool,Tweezers,0.9985,0.9985,1080,1920
val,10_1_1394,Right Hand Tool,Needle Holders,1.0,0.8588,1080,1920
val,10_1_0427,Right Hand Tool,Raspatory,0.9962,0.9936,1080,1920
val,10_1_0793,Left Hand Tool,Tweezers,1.0,0.8825,1080,1920
val,10_1_1010,Right Hand Tool,Needle Holders,1.0,0.2881,1080,1920
val,10_1_1406,Right Hand Tool,Needle Holders,1.0,1.0,1080,1920
val,10_1_0694,Right Hand Tool,Scissors,0.9987,0.9916,1080,1920
val,10_1_1411,Left Hand Tool,Tweezers,1.0,0.9709,1080,1920
val,10_1_0372,Right Hand Tool,Bipolar Forceps,0.9983,0.9278,1080,1920
val,09_1_0833,Right Hand Tool,Gauze,0.9997,0.9997,1080,1920
val,10_1_0279,Two Hands Tool,Syringe,0.9884,0.7139,1080,1920
val,09_1_0684,Right Hand Tool,Forceps,0.997,0.997,1080,1920
val,10_1_1628,Right Hand Tool,Needle Holders,0.9956,0.7263,1080,1920
val,10_1_0446,Right Hand Tool,Scissors,0.9975,0.6447,1080,1920
val,10_1_1604,Right Hand Tool,Needle Holders,0.9963,0.8263,1080,1920
val,10_1_1485,Right Hand Tool,Needle Holders,0.9997,0.8661,1080,1920
val,10_1_1038,Right Hand Tool,Needle Holders,0.9995,0.645,1080,1920
val,09_1_0768,Right Hand Tool,Gauze,1.0,0.4288,1080,1920
val,10_1_0553,Right Hand Tool,Scissors,1.0,0.7101,1080,1920
val,10_1_0615,Left Hand Tool,Suction Cannula,0.9466,0.9466,1080,1920
val,09_1_0448,Two Hands Tool,Syringe,0.9993,0.9993,1080,1920
val,09_1_0874,Right Hand Tool,Electric Cautery,0.9984,0.7904,1080,1920
val,10_1_1443,Right Hand Tool,Needle Holders,1.0,0.6288,1080,1920
val,09_1_0502,Two Hands Tool,Scalpel,1.0,1.0,1080,1920
val,10_1_0894,Right Hand Tool,Tweezers,1.0,0.9766,1080,1920
val,10_1_1675,Left Hand Tool,Mouth Gag,0.032,0.032,1080,1920
val,10_1_0944,Right Hand Tool,Needle Holders,0.998,0.0926,1080,1920
val,10_1_0460,Left Hand Tool,Suction Cannula,0.9959,0.9908,1080,1920
val,09_1_0509,Right Hand Tool,Scalpel,0.9746,0.7232,1080,1920
val,10_1_0505,Left Hand Tool,Suction Cannula,1.0,0.7119,1080,1920
val,09_1_0657,Left Hand Tool,Tweezers,0.998,0.998,1080,1920
val,10_1_0488,Right Hand Tool,Scissors,0.9813,0.8362,1080,1920
val,10_1_0583,Right Hand Tool,Scissors,0.9944,0.8342,1080,1920
val,10_1_1552,Left Hand Tool,Tweezers,0.9941,0.4237,1080,1920
val,10_1_0420,Left Hand Tool,Suction Cannula,0.9926,0.9485,1080,1920
val,10_1_1633,Right Hand Tool,Needle Holders,1.0,0.2532,1080,1920
val,10_1_1002,Left Hand Tool,Tweezers,1.0,0.7031,1080,1920
val,10_1_1575,Left Hand Tool,Tweezers,1.0,0.7818,1080,1920
val,09_1_0665,Right Hand Tool,Scissors,1.0,0.8507,1080,1920
val,10_1_0453,Right Hand Tool,Raspatory,0.9993,0.9993,1080,1920
val,10_1_0798,Two Hands Tool,Needle Holders,0.9996,0.6786,1080,1920
val,10_1_0692,Right Hand Tool,Scissors,0.997,0.9901,1080,1920
val,10_1_0611,Right Hand Tool,Scissors,0.9941,0.8755,1080,1920
val,10_1_0577,Left Hand Tool,Tweezers,0.9988,0.8384,1080,1920
val,10_1_0431,Left Hand Tool,Suction Cannula,0.9988,0.9988,1080,1920
val,10_1_1442,Left Hand Tool,Mouth Gag,0.3666,0.3541,1080,1920
val,10_1_1072,Two Hands Tool,Needle Holders,0.9958,0.7061,1080,1920
val,10_1_1518,Left Hand Tool,Tweezers,1.0,0.9316,1080,1920
val,10_1_1484,Right Hand Tool,Needle Holders,0.9966,0.8143,1080,1920
val,10_1_0533,Right Hand Tool,Scissors,1.0,0.8349,1080,1920
val,09_1_0995,Right Hand Tool,Scissors,1.0,1.0,1080,1920
val,10_1_1633,Left Hand Tool,Tweezers,0.9992,0.7491,1080,1920
val,09_1_0740,Right Hand Tool,Scissors,0.9978,0.9978,1080,1920
val,10_1_1438,Left Hand Tool,Needle Holders,0.9091,0.6234,1080,1920
val,09_1_0565,Left Hand Tool,Gauze,1.0,0.8637,1080,1920
val,10_1_1678,Left Hand Tool,Tweezers,0.9969,0.9774,1080,1920
val,10_1_1007,Left Hand Tool,Tweezers,1.0,0.7671,1080,1920
val,09_1_0508,Two Hands Tool,Scalpel,1.0,1.0,1080,1920
val,10_1_1081,Left Hand Tool,Mouth Gag,0.9746,0.8821,1080,1920
val,10_1_1623,Left Hand Tool,Tweezers,1.0,0.4866,1080,1920
val,10_1_1674,Left Hand Tool,Mouth Gag,0.0734,0.0734,1080,1920
val,10_1_0815,Right Hand Tool,Needle Holders,0.991,0.0536,1080,1920
val,10_1_1479,Right Hand Tool,Needle Holders,1.0,0.7743,1080,1920
val,10_1_0942,Left Hand Tool,Tweezers,0.9321,0.9321,1080,1920
val,10_1_0563,Left Hand Tool,Tweezers,0.9997,0.9285,1080,1920
val,09_1_0779,Left Hand Tool,Hook,1.0,0.6991,1080,1920
val,09_1_0469,Right Hand Tool,Scalpel,1.0,1.0,1080,1920
val,10_1_1101,Left Hand Tool,Scissors,0.9936,0.6026,1080,1920
val,09_1_0574,Left Hand Tool,Gauze,1.0,0.3385,1080,1920
val,10_1_0508,Right Hand Tool,Raspatory,0.9949,0.92,1080,1920
val,10_1_1104,Left Hand Tool,Mouth Gag,0.3381,0.3178,1080,1920
val,10_1_0546,Left Hand Tool,Tweezers,1.0,0.8284,1080,1920
val,10_1_0714,Left Hand Tool,Suction Cannula,0.9992,0.7514,1080,1920
val,09_1_0623,Right Hand Tool,Scalpel,0.9995,0.9995,1080,1920
val,09_1_0392,Two Hands Tool,Syringe,1.0,1.0,1080,1920
val,10_1_0224,Right Hand Tool,Skewer,0.0017,0.0017,1080,1920
val,09_1_0849,Left Hand Tool,Gauze,1.0,1.0,1080,1920
val,10_1_0414,Left Hand Tool,Suction Cannula,1.0,0.8518,1080,1920
val,09_1_0842,Left Hand Tool,Gauze,1.0,1.0,1080,1920
val,09_1_1020,Right Hand Tool,Forceps,0.9962,0.994,1080,1920
val,10_1_0617,Left Hand Tool,Suction Cannula,1.0,0.882,1080,1920
val,09_1_0773,Right Hand Tool,Gauze,0.9932,0.4204,1080,1920
val,10_1_0474,Left Hand Tool,Suction Cannula,1.0,0.7185,1080,1920
val,09_1_0680,Left Hand Tool,Forceps,0.9926,0.9926,1080,1920
val,09_1_0646,Left Hand Tool,Tweezers,0.9914,0.2343,1080,1920
val,10_1_0469,Right Hand Tool,Bipolar Forceps,0.9991,0.9991,1080,1920
val,09_1_0397,Two Hands Tool,Syringe,1.0,1.0,1080,1920
val,09_1_0482,Two Hands Tool,Scalpel,0.9997,0.9997,1080,1920
val,10_1_0382,Right Hand Tool,Scalpel,1.0,0.729,1080,1920
val,10_1_1110,Right Hand Tool,Needle Holders,0.9986,0.8363,1080,1920
val,10_1_1197,Two Hands Tool,Bipolar Forceps,0.9788,0.9637,1080,1920
val,10_1_0843,Right Hand Tool,Needle Holders,0.9975,0.7661,1080,1920
val,10_1_0391,Left Hand Tool,Suction Cannula,1.0,0.7239,1080,1920
val,10_1_1455,Left Hand Tool,Tweezers,0.9955,0.9955,1080,1920
val,09_1_0530,Right Hand Tool,Scalpel,0.8977,0.8977,1080,1920
val,10_1_0547,Left Hand Tool,Tweezers,0.999,0.8347,1080,1920
val,10_1_0613,Right Hand Tool,Raspatory,1.0,1.0,1080,1920
val,10_1_1074,Left Hand Tool,Mouth Gag,0.9904,0.6976,1080,1920
val,10_1_0712,Right Hand Tool,Scissors,1.0,0.6324,1080,1920
val,09_1_0707,Left Hand Tool,Scissors,0.9569,0.1131,1080,1920
val,10_1_1413,Left Hand Tool,Tweezers,1.0,1.0,1080,1920
val,10_1_1150,Left Hand Tool,Suction Cannula,1.0,0.3319,1080,1920
val,10_1_1573,Left Hand Tool,Tweezers,0.9976,0.6599,1080,1920
val,10_1_0760,Right Hand Tool,Needle Holders,0.9998,0.9194,1080,1920
val,10_1_0358,Right Hand Tool,Bipolar Forceps,0.9988,0.7689,1080,1920
val,10_1_1501,Left Hand Tool,Tweezers,1.0,0.9248,1080,1920
val,09_1_0391,Two Hands Tool,Syringe,0.9982,0.9982,1080,1920
val,10_1_0541,Left Hand Tool,Tweezers,1.0,0.8588,1080,1920
val,09_1_0757,Left Hand Tool,Hook,0.9968,0.9968,1080,1920
val,10_1_1466,Left Hand Tool,Mouth Gag,0.2115,0.2115,1080,1920
val,10_1_1020,Right Hand Tool,Needle Holders,0.9985,0.651,1080,1920
val,10_1_0418,Left Hand Tool,Suction Cannula,1.0,0.9223,1080,1920
val,09_1_1001,Right Hand Tool,Scissors,1.0,1.0,1080,1920
val,10_1_0821,Left Hand Tool,Tweezers,1.0,1.0,1080,1920
val,10_1_1524,Right Hand Tool,Needle Holders,1.0,0.4146,1080,1920
val,09_1_0984,Left Hand Tool,Tweezers,1.0,1.0,1080,1920
val,09_1_0434,Two Hands Tool,Syringe,0.9975,0.9975,1080,1920
val,09_1_0659,Right Hand Tool,Scissors,0.9915,0.9915,1080,1920
val,10_1_0910,Right Hand Tool,Needle Holders,0.9959,0.9959,1080,1920
val,10_1_0956,Left Hand Tool,Tweezers,1.0,0.576,1080,1920
val,10_1_0572,Right Hand Tool,Scissors,0.9991,0.9991,1080,1920
val,09_1_0433,Right Hand Tool,Syringe,0.9999,0.9999,1080,1920
val,10_1_0887,Right Hand Tool,Needle Holders,0.9849,0.9849,1080,1920
val,10_1_0754,Left Hand Tool,Tweezers,1.0,0.8157,1080,1920
val,10_1_1568,Left Hand Tool,Tweezers,0.9992,0.5688,1080,1920
val,09_1_1012,Right Hand Tool,Electric Cautery,0.9825,0.9825,1080,1920
val,10_1_0582,Right Hand Tool,Scissors,0.9873,0.8814,1080,1920
val,10_1_0913,Left Hand Tool,Tweezers,0.9997,0.9997,1080,1920
val,10_1_0495,Right Hand Tool,Scissors,1.0,0.86,1080,1920
val,10_1_1408,Right Hand Tool,Needle Holders,0.9993,0.8484,1080,1920
val,10_1_0531,Right Hand Tool,Scissors,0.9991,0.6423,1080,1920
val,10_1_0469,Left Hand Tool,Suction Cannula,1.0,1.0,1080,1920
val,10_1_0358,Left Hand Tool,Suction Cannula,1.0,0.6864,1080,1920
val,09_1_0519,Right Hand Tool,Scalpel,0.9977,0.9977,1080,1920
val,10_1_0480,Left Hand Tool,Suction Cannula,1.0,0.7894,1080,1920
val,09_1_0580,Left Hand Tool,Gauze,0.9993,0.7889,1080,1920
val,09_1_0812,Left Hand Tool,Gauze,1.0,0.6989,1080,1920
val,10_1_0726,Right Hand Tool,Scissors,1.0,0.0533,1080,1920
val,09_1_0671,Left Hand Tool,Gauze,1.0,0.6762,1080,1920
val,10_1_1675,Right Hand Tool,Needle Holders,0.999,0.8227,1080,1920
val,10_1_1029,Right Hand Tool,Scissors,0.9226,0.8197,1080,1920
val,10_1_0697,Left Hand Tool,Tweezers,1.0,0.9225,1080,1920
val,09_1_0550,Right Hand Tool,Scalpel,0.9965,0.9965,1080,1920
val,10_1_0413,Right Hand Tool,Scissors,0.9984,0.8296,1080,1920
val,10_1_0945,Left Hand Tool,Tweezers,1.0,0.7346,1080,1920
val,09_1_0724,Two Hands Tool,Gauze,0.9899,0.8137,1080,1920
val,09_1_0827,Right Hand Tool,Electric Cautery,0.9983,0.9983,1080,1920
val,09_1_0389,Two Hands Tool,Syringe,1.0,1.0,1080,1920
val,09_1_0832,Right Hand Tool,Electric Cautery,0.9971,0.671,1080,1920
val,10_1_1091,Right Hand Tool,Needle Holders,0.9977,0.7492,1080,1920
val,10_1_0933,Left Hand Tool,Tweezers,0.9938,0.5464,1080,1920
val,09_1_0731,Right Hand Tool,Forceps,1.0,1.0,1080,1920
val,10_1_0214,Right Hand Tool,Skewer,0.1998,0.1998,1080,1920
val,10_1_0614,Right Hand Tool,Raspatory,0.9937,0.8926,1080,1920
val,09_1_1001,Left Hand Tool,Tweezers,1.0,1.0,1080,1920
val,09_1_0852,Left Hand Tool,Gauze,0.9996,0.9996,1080,1920
val,10_1_1116,Two Hands Tool,Needle Holders,0.9976,0.9976,1080,1920
val,09_1_0415,Two Hands Tool,Syringe,1.0,1.0,1080,1920
val,10_1_0991,Right Hand Tool,Needle Holders,0.8807,0.4229,1080,1920
val,10_1_1564,Right Hand Tool,Needle Holders,0.9992,0.7071,1080,1920
val,10_1_0747,Left Hand Tool,Tweezers,0.9949,0.8794,1080,1920
val,10_1_0708,Left Hand Tool,Tweezers,1.0,0.8422,1080,1920
val,10_1_1648,Right Hand Tool,Needle Holders,0.9984,0.3941,1080,1920
val,10_1_0557,Left Hand Tool,Tweezers,1.0,0.8662,1080,1920
val,10_1_1514,Left Hand Tool,Tweezers,0.7789,0.7789,1080,1920
val,09_1_0983,Right Hand Tool,Scissors,1.0,1.0,1080,1920
val,10_1_0730,Right Hand Tool,Scissors,0.9946,0.6537,1080,1920
val,10_1_0297,Two Hands Tool,Syringe,1.0,0.7436,1080,1920
val,09_1_0577,Right Hand Tool,Scalpel,0.9938,0.9252,1080,1920
val,10_1_0472,Right Hand Tool,Bipolar Forceps,0.9947,0.7841,1080,1920
val,10_1_0727,Right Hand Tool,Scissors,1.0,0.3737,1080,1920
val,10_1_1439,Left Hand Tool,Tweezers,1.0,1.0,1080,1920
val,09_1_0758,Two Hands Tool,Scissors,0.9978,0.9965,1080,1920
val,09_1_0600,Left Hand Tool,Gauze,0.9948,0.9948,1080,1920
val,10_1_1089,Right Hand Tool,Needle Holders,0.9992,0.7015,1080,1920
val,10_1_0373,Left Hand Tool,Suction Cannula,1.0,0.5894,1080,1920
val,09_1_0531,Right Hand Tool,Scalpel,0.9999,0.9999,1080,1920
val,10_1_1081,Right Hand Tool,Scissors,0.9562,0.6467,1080,1920
val,10_1_1007,Right Hand Tool,Needle Holders,0.997,0.3603,1080,1920
val,09_1_0862,Right Hand Tool,Electric Cautery,0.9995,0.826,1080,1920
val,10_1_1643,Left Hand Tool,Tweezers,0.9784,0.9784,1080,1920
val,10_1_1623,Right Hand Tool,Needle Holders,1.0,0.536,1080,1920
val,10_1_1173,Right Hand Tool,Scissors,0.9931,0.276,1080,1920
val,09_1_0505,Right Hand Tool,Scalpel,0.9988,0.9988,1080,1920
val,10_1_0421,Left Hand Tool,Suction Cannula,0.9993,0.9724,1080,1920
val,10_1_1393,Right Hand Tool,Needle Holders,0.9968,0.983,1080,1920
val,10_1_0801,Right Hand Tool,Needle Holders,0.9994,0.7669,1080,1920
val,09_1_0381,Right Hand Tool,Syringe,1.0,1.0,1080,1920
val,09_1_0619,Right Hand Tool,Scalpel,0.9968,0.9968,1080,1920
val,10_1_0570,Left Hand Tool,Tweezers,1.0,0.7014,1080,1920
val,10_1_1558,Left Hand Tool,Tweezers,0.2318,0.0113,1080,1920
val,10_1_1625,Left Hand Tool,Tweezers,1.0,0.3332,1080,1920
val,10_1_1504,Right Hand Tool,Needle Holders,0.9992,0.9992,1080,1920
val,10_1_0938,Right Hand Tool,Needle Holders,1.0,0.8169,1080,1920
val,09_1_0976,Right Hand Tool,Electric Cautery,0.9978,0.9978,1080,1920
val,09_1_0879,Right Hand Tool,Electric Cautery,0.9984,0.9984,1080,1920
val,10_1_1175,Right Hand Tool,Mouth Gag,1.0,0.0529,1080,1920
val,09_1_0688,Left Hand Tool,Forceps,0.9618,0.7606,1080,1920
val,10_1_0790,Left Hand Tool,Tweezers,1.0,0.8311,1080,1920
val,10_1_1006,Right Hand Tool,Needle Holders,1.0,0.5154,1080,1920
val,09_1_0875,Right Hand Tool,Electric Cautery,0.9987,0.9987,1080,1920
val,09_1_0703,Right Hand Tool,Scissors,0.9992,0.9808,1080,1920
val,10_1_0419,Right Hand Tool,Scissors,0.9744,0.865,1080,1920
val,09_1_0523,Left Hand Tool,Gauze,1.0,1.0,1080,1920
val,09_1_1021,Left Hand Tool,Tweezers,0.9983,0.9983,1080,1920
val,10_1_0581,Right Hand Tool,Scissors,0.9982,0.9398,1080,1920
val,09_1_0512,Two Hands Tool,Scalpel,1.0,1.0,1080,1920
val,10_1_0529,Left Hand Tool,Tweezers,0.9898,0.7113,1080,1920
val,10_1_1029,Left Hand Tool,Tweezers,1.0,1.0,1080,1920
val,10_1_0593,Right Hand Tool,Bipolar Forceps,1.0,0.7351,1080,1920
val,10_1_0948,Left Hand Tool,Tweezers,1.0,0.9252,1080,1920
val,10_1_1562,Right Hand Tool,Needle Holders,0.9999,0.8012,1080,1920
val,10_1_0417,Right Hand Tool,Scissors,0.9832,0.8208,1080,1920
val,10_1_1093,Left Hand Tool,Mouth Gag,0.8249,0.8249,1080,1920
test,04_1_0836,Right Hand Tool,Forceps,0.96,0.96,1080,1920
test,07_1_1006,Right Hand Tool,Bipolar Forceps,0.9036,0.6891,1080,1920
test,04_1_1521,Left Hand Tool,Tweezers,0.9908,0.9908,1080,1920
test,04_1_0699,Left Hand Tool,Forceps,1.0,0.8008,1080,1920
test,07_1_1201,Right Hand Tool,Tweezers,0.9207,0.9207,1080,1920
test,05_2_0028,Two Hands Tool,Mouth Gag,0.479,0.479,1080,1920
test,07_1_0711,Left Hand Tool,Tweezers,1.0,1.0,1080,1920
test,04_1_1608,Left Hand Tool,Needle Holders,0.9136,0.9136,1080,1920
test,04_1_1660,Left Hand Tool,Tweezers,1.0,1.0,1080,1920
test,07_1_1620,Right Hand Tool,Suction Cannula,0.9149,0.5563,1080,1920
test,04_1_1206,Left Hand Tool,Retractor,0.9723,0.9694,1080,1920
test,04_1_1017,Right Hand Tool,Forceps,0.9603,0.9603,1080,1920
test,04_1_0691,Left Hand Tool,Forceps,0.9517,0.7832,1080,1920
test,07_1_0995,Right Hand Tool,Bipolar Forceps,0.975,0.7852,1080,1920
test,07_1_1199,Right Hand Tool,Tweezers,0.9644,0.9644,1080,1920
test,07_1_0624,Two Hands Tool,Forceps,1.0,1.0,1080,1920
test,07_1_1433,Right Hand Tool,Needle Holders,0.9816,0.9816,1080,1920
test,04_1_1573,Right Hand Tool,Needle Holders,0.9718,0.9718,1080,1920
test,04_1_1401,Right Hand Tool,Gauze,1.0,1.0,1080,1920
test,04_1_1424,Left Hand Tool,Tweezers,0.9674,0.9674,1080,1920
test,07_1_0468,Left Hand Tool,Gauze,0.9997,0.9997,1080,1920
test,07_1_1586,Left Hand Tool,Tweezers,0.0323,0.0323,1080,1920
test,07_1_0359,Right Hand Tool,Scissors,0.9957,0.0,1080,1920
test,04_1_1634,Left Hand Tool,Tweezers,0.9993,0.9989,1080,1920
test,04_1_0780,Left Hand Tool,Gauze,0.9979,0.5924,1080,1920
test,04_1_1119,Right Hand Tool,Scalpel,1.0,1.0,1080,1920
test,07_1_1104,Right Hand Tool,Syringe,0.9141,0.9141,1080,1920
test,07_1_1336,Left Hand Tool,Tweezers,1.0,1.0,1080,1920
test,07_1_0735,Left Hand Tool,Tweezers,0.9649,0.9649,1080,1920
test,07_1_1274,Right Hand Tool,Needle Holders,1.0,1.0,1080,1920
test,05_2_0017,Right Hand Tool,Mouth Gag,0.1239,0.1239,1080,1920
test,07_1_0333,Right Hand Tool,Scissors,0.97,0.3672,1080,1920
test,07_1_0335,Left Hand Tool,Tweezers,0.9973,0.1141,1080,1920
test,04_1_1504,Right Hand Tool,Needle Holders,0.9086,0.9086,1080,1920
test,04_1_0795,Right Hand Tool,Electric Cautery,0.9959,0.7343,1080,1920
test,04_1_1269,Right Hand Tool,Retractor,0.9864,0.9861,1080,1920
test,07_1_1183,Right Hand Tool,Needle Holders,0.964,0.964,1080,1920
test,04_1_1517,Left Hand Tool,Tweezers,0.9831,0.9831,1080,1920
test,04_1_1526,Right Hand Tool,Needle Holders,0.9122,0.9122,1080,1920
test,07_1_1623,Right Hand Tool,Suction Cannula,0.92,0.92,1080,1920
test,07_1_1414,Left Hand Tool,Tweezers,0.9672,0.9672,1080,1920
test,07_1_0267,Right Hand Tool,Scalpel,0.9955,0.929,1080,1920
test,04_1_1429,Left Hand Tool,Tweezers,0.8565,0.8565,1080,1920
test,04_1_1191,Left Hand Tool,Retractor,0.9495,0.9495,1080,1920
test,04_1_0925,Two Hands Tool,Forceps,0.9985,0.9985,1080,1920
test,07_1_0299,Right Hand Tool,Scalpel,0.994,0.9429,1080,1920
test,04_1_1662,Right Hand Tool,Needle Holders,0.9976,0.9976,1080,1920
test,07_1_1399,Right Hand Tool,Scissors,0.9885,0.9816,1080,1920
test,07_1_1644,Two Hands Tool,Suction Cannula,0.135,0.0709,1080,1920
test,07_1_0631,Left Hand Tool,Forceps,0.9954,0.9954,1080,1920
test,07_1_1300,Left Hand Tool,Tweezers,0.9987,0.7917,1080,1920
test,04_1_1194,Right Hand Tool,Electric Cautery,0.9978,0.9955,1080,1920
test,07_1_1446,Left Hand Tool,Forceps,0.9062,0.9062,1080,1920
test,04_1_1282,Right Hand Tool,Retractor,0.0,0.0,1080,1920
test,07_1_1264,Left Hand Tool,Tweezers,0.9896,0.9896,1080,1920
test,04_1_1446,Right Hand Tool,Needle Holders,1.0,0.9894,1080,1920
test,04_1_0778,Two Hands Tool,Forceps,0.9865,0.9238,1080,1920
test,04_1_1046,Right Hand Tool,Forceps,1.0,1.0,1080,1920
test,07_1_1454,Left Hand Tool,Tweezers,0.9838,0.9838,1080,1920
test,04_1_1663,Left Hand Tool,Tweezers,0.9922,0.9922,1080,1920
test,04_1_1654,Right Hand Tool,Needle Holders,0.9997,0.9997,1080,1920
test,07_1_1197,Right Hand Tool,Tweezers,0.9786,0.9786,1080,1920
test,07_1_1175,Right Hand Tool,Needle Holders,0.9863,0.9863,1080,1920
test,07_1_0949,Two Hands Tool,Scalpel,0.9505,0.9505,1080,1920
test,07_1_0148,Left Hand Tool,Gauze,1.0,1.0,1080,1920
test,07_1_0940,Left Hand Tool,Gauze,0.991,0.6787,1080,1920
test,07_1_1466,Left Hand Tool,Tweezers,0.9812,0.9812,1080,1920
test,07_1_0259,Two Hands Tool,Gauze,1.0,1.0,1080,1920
test,07_1_0320,Right Hand Tool,Scissors,0.9997,0.1698,1080,1920
test,07_1_0479,Left Hand Tool,Tweezers,0.9902,0.9902,1080,1920
test,07_1_1277,Left Hand Tool,Tweezers,1.0,0.9995,1080,1920
test,07_1_0796,Left Hand Tool,Tweezers,0.9994,0.8684,1080,1920
test,07_1_1095,Right Hand Tool,Syringe,1.0,0.4452,1080,1920
test,07_1_1522,Right Hand Tool,Forceps,0.961,0.961,1080,1920
test,07_1_1008,Left Hand Tool,Tweezers,0.9914,0.9914,1080,1920
test,04_1_1637,Left Hand Tool,Tweezers,0.9634,0.9634,1080,1920
test,04_1_1499,Right Hand Tool,Needle Holders,0.9578,0.9578,1080,1920
test,04_1_0809,Left Hand Tool,Tweezers,0.9982,0.234,1080,1920
test,07_1_1113,Two Hands Tool,Syringe,0.9983,0.8108,1080,1920
test,07_1_0418,Right Hand Tool,Scissors,0.9978,0.3566,1080,1920
test,04_1_0821,Right Hand Tool,Electric Cautery,0.9996,0.9827,1080,1920
test,07_1_1498,Left Hand Tool,Tweezers,0.0059,0.0058,1080,1920
test,07_1_0346,Left Hand Tool,Tweezers,0.9829,0.2862,1080,1920
test,04_1_1683,Left Hand Tool,Tweezers,0.9948,0.9948,1080,1920
test,07_1_0741,Right Hand Tool,Scissors,0.963,0.4844,1080,1920
test,07_1_0995,Left Hand Tool,Tweezers,0.9946,0.859,1080,1920
test,07_1_1672,Left Hand Tool,Forceps,0.8599,0.8599,1080,1920
test,04_1_1405,Right Hand Tool,Needle Holders,0.9765,0.9765,1080,1920
test,04_1_0724,Right Hand Tool,Forceps,0.9517,0.9517,1080,1920
test,07_1_0508,Left Hand Tool,Tweezers,1.0,1.0,1080,1920
test,07_1_1003,Right Hand Tool,Bipolar Forceps,0.9385,0.4713,1080,1920
test,07_1_0347,Left Hand Tool,Tweezers,0.9939,0.1438,1080,1920
test,07_1_1410,Right Hand Tool,Scissors,0.9934,0.9835,1080,1920
test,07_1_0264,Left Hand Tool,Gauze,0.9973,0.7164,1080,1920
test,04_1_0643,Left Hand Tool,Electric Cautery,1.0,1.0,1080,1920
test,07_1_1181,Left Hand Tool,Tweezers,0.996,0.996,1080,1920
test,04_1_1524,Left Hand Tool,Tweezers,1.0,1.0,1080,1920
test,07_1_0271,Left Hand Tool,Gauze,1.0,0.5275,1080,1920
test,04_1_0586,Left Hand Tool,Gauze,0.9998,0.2586,1080,1920
test,07_1_1160,Right Hand Tool,Needle Holders,0.9797,0.9797,1080,1920
test,07_1_0409,Left Hand Tool,Tweezers,0.9843,0.4773,1080,1920
test,04_1_1578,Right Hand Tool,Needle Holders,0.9951,0.9951,1080,1920
test,07_1_1331,Right Hand Tool,Needle Holders,0.962,0.962,1080,1920
test,07_1_0973,Left Hand Tool,Forceps,0.9559,0.9496,1080,1920
test,07_1_0266,Left Hand Tool,Gauze,0.9998,0.6492,1080,1920
test,04_1_1040,Right Hand Tool,Electric Cautery,0.9996,0.9996,1080,1920
test,07_1_1269,Right Hand Tool,Needle Holders,0.9973,0.9973,1080,1920
test,07_1_0488,Right Hand Tool,Scissors,0.9997,0.9997,1080,1920
test,07_1_0708,Right Hand Tool,Gauze,0.978,0.1658,1080,1920
test,07_1_1390,Right Hand Tool,Scissors,0.987,0.9858,1080,1920
test,04_1_1466,Left Hand Tool,Needle Holders,0.0,0.0,1080,1920
test,04_1_1281,Left Hand Tool,Retractor,0.4778,0.4778,1080,1920
test,04_1_0807,Right Hand Tool,Forceps,0.9911,0.9911,1080,1920
test,04_1_0533,Two Hands Tool,Syringe,1.0,1.0,1080,1920
test,07_1_1455,Right Hand Tool,Needle Holders,1.0,1.0,1080,1920
test,04_1_1410,Right Hand Tool,Needle Holders,0.9981,0.9981,1080,1920
test,07_1_1619,Left Hand Tool,Forceps,0.8418,0.069,1080,1920
test,07_1_1268,Left Hand Tool,Tweezers,0.9544,0.9544,1080,1920
test,07_1_1489,Left Hand Tool,Tweezers,0.9955,0.9843,1080,1920
test,07_1_0528,Right Hand Tool,Forceps,0.9954,0.5391,1080,1920
test,07_1_0521,Left Hand Tool,Tweezers,0.9973,0.9687,1080,1920
test,04_1_1612,Left Hand Tool,Tweezers,0.9891,0.923,1080,1920
test,07_1_0512,Left Hand Tool,Tweezers,0.9187,0.9187,1080,1920
test,04_1_1682,Right Hand Tool,Needle Holders,0.9951,0.8013,1080,1920
test,04_1_0914,Two Hands Tool,Forceps,0.9335,0.9266,1080,1920
test,07_1_0760,Right Hand Tool,Needle Holders,0.9917,0.3621,1080,1920
test,04_1_0732,Right Hand Tool,Forceps,0.976,0.9424,1080,1920
test,04_1_0750,Left Hand Tool,Retractor,0.9891,0.9891,1080,1920
test,07_1_1127,Two Hands Tool,Gauze,0.975,0.975,1080,1920
test,07_1_1270,Left Hand Tool,Tweezers,0.9954,0.6332,1080,1920
test,07_1_1168,Left Hand Tool,Tweezers,0.9915,0.9915,1080,1920
test,04_1_1482,Left Hand Tool,Tweezers,0.9894,0.9894,1080,1920
test,07_1_1440,Right Hand Tool,Needle Holders,0.9983,0.9983,1080,1920
test,07_1_1041,Left Hand Tool,Tweezers,1.0,0.9775,1080,1920
test,07_1_0461,Left Hand Tool,Gauze,0.9902,0.2766,1080,1920
test,04_1_0512,Right Hand Tool,Syringe,1.0,1.0,1080,1920
test,07_1_1128,Two Hands Tool,Gauze,0.9863,0.9863,1080,1920
test,04_1_1422,Left Hand Tool,Tweezers,0.9499,0.9499,1080,1920
test,07_1_0552,Right Hand Tool,Forceps,0.9501,0.1118,1080,1920
test,04_1_1372,Right Hand Tool,Needle Holders,0.9575,0.9575,1080,1920
test,05_2_0029,Right Hand Tool,Mouth Gag,0.2509,0.2509,1080,1920
test,07_1_1352,Left Hand Tool,Forceps,0.995,0.995,1080,1920
test,07_1_0491,Left Hand Tool,Tweezers,0.9964,0.8851,1080,1920
test,04_1_0726,Right Hand Tool,Gauze,0.9811,0.9811,1080,1920
test,04_1_0658,Right Hand Tool,Electric Cautery,0.9982,0.9982,1080,1920
test,07_1_0447,Left Hand Tool,Gauze,0.9994,0.8653,1080,1920
test,04_1_1402,Left Hand Tool,Tweezers,1.0,1.0,1080,1920
test,07_1_0527,Right Hand Tool,Scissors,0.9901,0.9901,1080,1920
test,04_1_0922,Right Hand Tool,Forceps,0.9896,0.9896,1080,1920
test,04_1_1443,Right Hand Tool,Needle Holders,0.9997,0.9997,1080,1920
test,07_1_0295,Left Hand Tool,Gauze,1.0,0.451,1080,1920
test,04_1_0824,Right Hand Tool,Forceps,0.9784,0.9784,1080,1920
test,07_1_1397,Left Hand Tool,Tweezers,1.0,1.0,1080,1920
test,07_1_1231,Left Hand Tool,Tweezers,1.0,1.0,1080,1920
test,04_1_1000,Right Hand Tool,Electric Cautery,1.0,0.9913,1080,1920
test,04_1_0557,Left Hand Tool,Gauze,0.9949,0.9949,1080,1920
test,04_1_1611,Left Hand Tool,Tweezers,1.0,1.0,1080,1920
test,07_1_1040,Left Hand Tool,Tweezers,0.9922,0.964,1080,1920
test,07_1_0855,Right Hand Tool,Needle Holders,1.0,0.9697,1080,1920
test,04_1_0518,Right Hand Tool,Syringe,1.0,1.0,1080,1920
test,07_1_1308,Right Hand Tool,Tweezers,0.909,0.909,1080,1920
test,07_1_1204,Left Hand Tool,Forceps,0.0,0.0,1080,1920
test,04_1_0713,Left Hand Tool,Gauze,0.9791,0.8015,1080,1920
test,07_1_0513,Left Hand Tool,Tweezers,1.0,1.0,1080,1920
test,07_1_0356,Left Hand Tool,Gauze,0.9999,0.6782,1080,1920
test,04_1_0623,Left Hand Tool,Tweezers,0.9901,0.7994,1080,1920
test,07_1_1190,Left Hand Tool,Tweezers,0.9973,0.9973,1080,1920
test,07_1_1184,Left Hand Tool,Tweezers,0.9778,0.9778,1080,1920
test,07_1_0342,Right Hand Tool,Hook,1.0,0.4596,1080,1920
test,04_1_1011,Left Hand Tool,Forceps,0.9063,0.8703,1080,1920
test,07_1_1546,Right Hand Tool,Forceps,0.9894,0.9668,1080,1920
test,04_1_1393,Right Hand Tool,Needle Holders,0.9467,0.9467,1080,1920
test,04_1_0535,Two Hands Tool,Syringe,0.9976,0.9976,1080,1920
test,04_1_1633,Left Hand Tool,Tweezers,1.0,1.0,1080,1920
test,07_1_1467,Right Hand Tool,Needle Holders,1.0,1.0,1080,1920
test,04_1_1386,Right Hand Tool,Needle Holders,0.9994,0.9994,1080,1920
test,07_1_1463,Left Hand Tool,Tweezers,1.0,0.7818,1080,1920
test,05_2_0031,Right Hand Tool,Mouth Gag,0.1521,0.1407,1080,1920
test,04_1_0615,Right Hand Tool,Retractor,0.9964,0.9964,1080,1920
test,05_2_0004,Right Hand Tool,Mouth Gag,0.3514,0.3514,1080,1920
test,07_1_0547,Right Hand Tool,Scissors,1.0,1.0,1080,1920
test,04_1_0642,Right Hand Tool,Forceps,1.0,1.0,1080,1920
test,07_1_1453,Left Hand Tool,Tweezers,0.9834,0.9834,1080,1920
test,07_1_0931,Left Hand Tool,Scalpel,0.9785,0.9785,1080,1920
test,04_1_1566,Right Hand Tool,Needle Holders,0.9208,0.9142,1080,1920
test,07_1_1190,Right Hand Tool,Needle Holders,0.9917,0.9917,1080,1920
test,04_1_1406,Left Hand Tool,Tweezers,0.9948,0.994,1080,1920
test,07_1_1442,Left Hand Tool,Tweezers,0.9894,0.9894,1080,1920
test,07_1_1088,Right Hand Tool,Gauze,0.9987,0.7519,1080,1920
test,04_1_0980,Right Hand Tool,Forceps,0.9977,0.9977,1080,1920
test,07_1_1450,Left Hand Tool,Tweezers,0.9931,0.9588,1080,1920
test,07_1_0700,Left Hand Tool,Tweezers,0.9966,0.9816,1080,1920
test,07_1_0558,Left Hand Tool,Gauze,0.9958,0.9009,1080,1920
test,04_1_1606,Left Hand Tool,Needle Holders,0.0096,0.0096,1080,1920
test,07_1_0282,Right Hand Tool,Scalpel,0.9927,0.7065,1080,1920
test,04_1_0606,Right Hand Tool,Retractor,0.959,0.959,1080,1920
test,07_1_1436,Right Hand Tool,Needle Holders,0.7869,0.7869,1080,1920
test,07_1_1391,Left Hand Tool,Tweezers,0.983,0.983,1080,1920
test,04_1_1390,Right Hand Tool,Needle Holders,0.9859,0.9859,1080,1920
test,07_1_1036,Left Hand Tool,Forceps,0.9941,0.8193,1080,1920
test,04_1_0689,Left Hand Tool,Forceps,0.9997,0.9482,1080,1920
test,04_1_1391,Two Hands Tool,Needle Holders,0.9712,0.9712,1080,1920
test,07_1_1649,Left Hand Tool,Tweezers,0.0541,0.0208,1080,1920
test,07_1_0687,Right Hand Tool,Bipolar Forceps,0.9988,0.9863,1080,1920
test,05_2_0040,Right Hand Tool,Tweezers,1.0,0.6135,1080,1920
test,04_1_1571,Left Hand Tool,Tweezers,0.9986,0.9986,1080,1920
test,07_1_1219,Right Hand Tool,Needle Holders,0.7746,0.743,1080,1920
test,07_1_0733,Left Hand Tool,Tweezers,0.9784,0.9784,1080,1920
test,04_1_1024,Right Hand Tool,Forceps,0.98,0.98,1080,1920
test,05_2_0239,Right Hand Tool,Tweezers,0.963,0.4598,1080,1920
test,04_1_1374,Right Hand Tool,Needle Holders,0.9997,0.9997,1080,1920
test,05_2_0167,Right Hand Tool,Tweezers,0.9986,0.7256,1080,1920
test,07_1_0774,Right Hand Tool,Forceps,0.9907,0.1054,1080,1920
test,07_1_0352,Left Hand Tool,Tweezers,0.9978,0.6984,1080,1920
test,07_1_0998,Left Hand Tool,Tweezers,0.9926,0.8693,1080,1920
test,04_1_0665,Right Hand Tool,Electric Cautery,0.9996,0.9996,1080,1920
test,07_1_1028,Left Hand Tool,Tweezers,0.9919,0.9919,1080,1920
test,07_1_1388,Left Hand Tool,Tweezers,0.9862,0.9862,1080,1920
test,07_1_1119,Left Hand Tool,Gauze,0.986,0.8832,1080,1920
test,07_1_0939,Right Hand Tool,Scalpel,0.9965,0.7455,1080,1920
test,04_1_0839,Two Hands Tool,Forceps,0.9286,0.9286,1080,1920
test,07_1_0343,Left Hand Tool,Tweezers,0.9994,0.1552,1080,1920
test,07_1_0793,Left Hand Tool,Forceps,1.0,1.0,1080,1920
test,07_1_0476,Left Hand Tool,Tweezers,0.9992,0.9992,1080,1920
test,07_1_1005,Right Hand Tool,Gauze,0.9839,0.3899,1080,1920
test,04_1_1214,Right Hand Tool,Electric Cautery,0.9926,0.3738,1080,1920
test,07_1_0500,Left Hand Tool,Tweezers,0.9995,0.9995,1080,1920
test,07_1_0507,Left Hand Tool,Tweezers,0.9989,0.8615,1080,1920
test,04_1_1536,Left Hand Tool,Tweezers,0.9856,0.9856,1080,1920
test,07_1_1170,Right Hand Tool,Needle Holders,1.0,1.0,1080,1920
test,07_1_1042,Right Hand Tool,Bipolar Forceps,0.9941,0.4075,1080,1920
test,04_1_1382,Left Hand Tool,Tweezers,0.9874,0.9874,1080,1920
test,05_2_0156,Two Hands Tool,Tweezers,0.9897,0.4836,1080,1920
test,07_1_0484,Left Hand Tool,Tweezers,0.9981,0.9981,1080,1920
test,04_1_1415,Left Hand Tool,Needle Holders,0.8419,0.6381,1080,1920
test,04_1_1539,Right Hand Tool,Needle Holders,0.9984,0.9984,1080,1920
test,04_1_1671,Left Hand Tool,Tweezers,0.9977,0.9977,1080,1920
test,04_1_1464,Left Hand Tool,Gauze,0.0,0.0,1080,1920
test,07_1_0417,Left Hand Tool,Tweezers,0.9499,0.384,1080,1920
test,04_1_0771,Right Hand Tool,Forceps,0.9977,0.9658,1080,1920
test,04_1_0868,Right Hand Tool,Electric Cautery,0.9884,0.9884,1080,1920
test,04_1_1610,Right Hand Tool,Gauze,0.9814,0.9814,1080,1920
test,04_1_1029,Two Hands Tool,Forceps,0.9979,0.9979,1080,1920
test,07_1_0484,Right Hand Tool,Scissors,0.954,0.954,1080,1920
test,04_1_0608,Left Hand Tool,Retractor,0.9799,0.9799,1080,1920
test,07_1_1514,Left Hand Tool,Forceps,0.9392,0.3691,1080,1920
test,07_1_0324,Left Hand Tool,Tweezers,0.9897,0.0146,1080,1920
test,07_1_0851,Left Hand Tool,Forceps,0.964,0.964,1080,1920
test,04_1_1623,Right Hand Tool,Needle Holders,0.9871,0.9871,1080,1920
test,04_1_1539,Left Hand Tool,Tweezers,0.9991,0.9991,1080,1920
test,04_1_1576,Left Hand Tool,Tweezers,0.9424,0.9424,1080,1920
test,07_1_1069,Left Hand Tool,Tweezers,1.0,1.0,1080,1920
test,04_1_0948,Right Hand Tool,Forceps,1.0,1.0,1080,1920
test,07_1_1035,Right Hand Tool,Bipolar Forceps,0.9613,0.3653,1080,1920
test,07_1_1121,Left Hand Tool,Gauze,0.9978,0.7955,1080,1920
test,07_1_0346,Right Hand Tool,Hook,0.999,0.8166,1080,1920
test,07_1_1523,Left Hand Tool,Forceps,0.8666,0.8666,1080,1920
test,07_1_1202,Left Hand Tool,Tweezers,0.0,0.0,1080,1920
test,04_1_1007,Left Hand Tool,Electric Cautery,0.9992,0.9992,1080,1920
test,04_1_1502,Right Hand Tool,Tweezers,0.9695,0.9695,1080,1920
test,04_1_1121,Right Hand Tool,Scalpel,0.9984,0.9984,1080,1920
test,04_1_0855,Left Hand Tool,Forceps,0.9966,0.9573,1080,1920
test,07_1_0852,Right Hand Tool,Needle Holders,0.9971,0.9522,1080,1920
test,04_1_1621,Left Hand Tool,Tweezers,0.9935,0.9935,1080,1920
test,07_1_1575,Right Hand Tool,Forceps,0.9506,0.9506,1080,1920
test,05_2_0027,Left Hand Tool,Tweezers,0.9964,0.9964,1080,1920
test,04_1_1475,Right Hand Tool,Needle Holders,0.9928,0.9928,1080,1920
test,04_1_0635,Left Hand Tool,Electric Cautery,0.9996,0.9996,1080,1920
test,04_1_1522,Left Hand Tool,Tweezers,0.9947,0.9947,1080,1920
test,07_1_1550,Right Hand Tool,Forceps,0.9591,0.9591,1080,1920
test,07_1_1286,Left Hand Tool,Tweezers,0.9453,0.9453,1080,1920
test,07_1_0532,Two Hands Tool,Forceps,0.9893,0.587,1080,1920
test,04_1_1196,Left Hand Tool,Retractor,0.8888,0.8888,1080,1920
test,07_1_1580,Left Hand Tool,Forceps,0.8626,0.8626,1080,1920
test,07_1_0732,Left Hand Tool,Tweezers,0.9966,0.9966,1080,1920
test,04_1_1643,Right Hand Tool,Needle Holders,0.9945,0.9945,1080,1920
test,07_1_1465,Right Hand Tool,Needle Holders,0.992,0.992,1080,1920
test,04_1_1464,Right Hand Tool,Needle Holders,0.949,0.949,1080,1920
test,07_1_1415,Left Hand Tool,Tweezers,0.9734,0.9734,1080,1920
test,04_1_1426,Left Hand Tool,Needle Holders,0.0771,0.0222,1080,1920
test,04_1_1392,Right Hand Tool,Needle Holders,0.987,0.987,1080,1920
test,04_1_0693,Right Hand Tool,Electric Cautery,0.997,0.997,1080,1920
test,04_1_1485,Right Hand Tool,Needle Holders,0.0023,0.0023,1080,1920
test,07_1_1484,Left Hand Tool,Tweezers,0.9981,0.9981,1080,1920
test,07_1_1448,Left Hand Tool,Tweezers,0.9995,0.9995,1080,1920
test,04_1_1387,Left Hand Tool,Needle Holders,0.3921,0.3921,1080,1920
test,07_1_1378,Left Hand Tool,Tweezers,1.0,1.0,1080,1920
test,04_1_1528,Right Hand Tool,Needle Holders,0.98,0.98,1080,1920
test,04_1_0842,Right Hand Tool,Electric Cautery,1.0,1.0,1080,1920
test,07_1_1593,Right Hand Tool,Forceps,0.9796,0.9796,1080,1920
test,07_1_1239,Right Hand Tool,Forceps,0.0,0.0,1080,1920
test,04_1_0790,Two Hands Tool,Forceps,0.9472,0.9472,1080,1920
test,07_1_1291,Left Hand Tool,Tweezers,0.9993,0.9993,1080,1920
test,04_1_1222,Left Hand Tool,Tweezers,1.0,1.0,1080,1920
test,04_1_1291,Left Hand Tool,Gauze,0.0,0.0,1080,1920
test,07_1_1643,Right Hand Tool,Suction Cannula,0.9806,0.9806,1080,1920
test,04_1_1221,Left Hand Tool,Retractor,0.9883,0.5785,1080,1920
test,07_1_1257,Left Hand Tool,Tweezers,0.9988,0.9988,1080,1920
test,07_1_0562,Right Hand Tool,Bipolar Forceps,0.9206,0.9206,1080,1920
test,04_1_1360,Right Hand Tool,Needle Holders,0.9554,0.9554,1080,1920
test,07_1_0577,Two Hands Tool,Gauze,0.9987,0.9987,1080,1920
test,07_1_1524,Left Hand Tool,Forceps,0.0002,0.0002,1080,1920
test,04_1_1543,Right Hand Tool,Needle Holders,0.893,0.893,1080,1920
test,04_1_0964,Left Hand Tool,Forceps,0.9374,0.9374,1080,1920
test,04_1_0601,Left Hand Tool,Retractor,0.8932,0.8209,1080,1920
test,07_1_1233,Right Hand Tool,Forceps,0.9558,0.9558,1080,1920
test,04_1_0847,Left Hand Tool,Forceps,0.9946,0.9946,1080,1920
test,07_1_0284,Left Hand Tool,Gauze,1.0,0.6489,1080,1920
test,07_1_1261,Right Hand Tool,Needle Holders,0.9977,0.984,1080,1920
test,04_1_0734,Right Hand Tool,Forceps,0.983,0.9804,1080,1920
test,07_1_0354,Left Hand Tool,Tweezers,0.9995,0.9995,1080,1920
test,04_1_1669,Right Hand Tool,Needle Holders,0.9918,0.9918,1080,1920
test,05_2_0014,Left Hand Tool,Mouth Gag,0.2221,0.2221,1080,1920
test,05_2_0024,Left Hand Tool,Tweezers,0.9887,0.9887,1080,1920
test,04_1_1626,Left Hand Tool,Tweezers,0.9953,0.9953,1080,1920
test,04_1_1674,Left Hand Tool,Tweezers,0.0,0.0,1080,1920
test,04_1_1419,Right Hand Tool,Needle Holders,0.8711,0.8586,1080,1920
test,04_1_1465,Right Hand Tool,Needle Holders,0.9548,0.9548,1080,1920
test,07_1_0298,Left Hand Tool,Gauze,1.0,0.4762,1080,1920
test,07_1_1541,Right Hand Tool,Forceps,0.993,0.993,1080,1920
test,05_2_0018,Right Hand Tool,Mouth Gag,0.1818,0.1818,1080,1920
test,04_1_1126,Two Hands Tool,Scalpel,1.0,1.0,1080,1920
test,07_1_0322,Right Hand Tool,Hook,0.9999,0.8098,1080,1920
test,07_1_0360,Right Hand Tool,Gauze,0.9979,0.6952,1080,1920
test,04_1_0629,Left Hand Tool,Tweezers,0.9881,0.9881,1080,1920
test,04_1_0912,Right Hand Tool,Forceps,0.9882,0.9882,1080,1920
test,07_1_0293,Left Hand Tool,Gauze,1.0,0.5408,1080,1920
test,07_1_0295,Right Hand Tool,Scalpel,0.9898,0.9864,1080,1920
test,07_1_1496,Right Hand Tool,Needle Holders,0.999,0.999,1080,1920
test,07_1_0696,Left Hand Tool,Tweezers,0.9829,0.7488,1080,1920
test,07_1_0481,Left Hand Tool,Tweezers,1.0,1.0,1080,1920
test,07_1_0573,Left Hand Tool,Gauze,0.9832,0.948,1080,1920
test,04_1_0637,Left Hand Tool,Electric Cautery,1.0,1.0,1080,1920
test,07_1_0971,Left Hand Tool,Forceps,0.9975,0.8404,1080,1920
test,04_1_1538,Left Hand Tool,Tweezers,0.9954,0.9954,1080,1920
test,04_1_1430,Right Hand Tool,Needle Holders,0.9881,0.9881,1080,1920
test,04_1_0750,Right Hand Tool,Forceps,0.9792,0.9792,1080,1920
test,04_1_1243,Right Hand Tool,Retractor,0.1519,0.1519,1080,1920
test,07_1_0699,Left Hand Tool,Tweezers,0.884,0.7707,1080,1920
test,04_1_1407,Right Hand Tool,Needle Holders,0.9175,0.9141,1080,1920
test,04_1_0904,Right Hand Tool,Forceps,1.0,0.9949,1080,1920
test,04_1_1585,Left Hand Tool,Tweezers,1.0,1.0,1080,1920
test,07_1_0727,Left Hand Tool,Tweezers,0.9984,0.9984,1080,1920
test,04_1_1565,Left Hand Tool,Tweezers,1.0,1.0,1080,1920
test,07_1_1313,Left Hand Tool,Needle Holders,0.9795,0.9795,1080,1920
test,04_1_0539,Two Hands Tool,Syringe,0.9992,0.9992,1080,1920
test,04_1_1415,Right Hand Tool,Needle Holders,0.9528,0.9355,1080,1920
test,04_1_1255,Right Hand Tool,Retractor,0.0,0.0,1080,1920
test,07_1_0955,Left Hand Tool,Gauze,0.994,0.994,1080,1920
test,07_1_1167,Left Hand Tool,Tweezers,0.9985,0.9985,1080,1920
test,04_1_0804,Two Hands Tool,Forceps,1.0,1.0,1080,1920
test,04_1_0574,Right Hand Tool,Scalpel,0.991,0.991,1080,1920
test,04_1_1224,Left Hand Tool,Tweezers,0.9943,0.9943,1080,1920
test,04_1_0852,Two Hands Tool,Forceps,0.9059,0.9059,1080,1920
test,04_1_0525,Right Hand Tool,Syringe,1.0,1.0,1080,1920
test,07_1_0427,Right Hand Tool,Bipolar Forceps,1.0,1.0,1080,1920
test,07_1_1681,Two Hands Tool,Forceps,0.0993,0.0993,1080,1920
test,07_1_0474,Right Hand Tool,Scissors,0.889,0.889,1080,1920
test,07_1_0439,Right Hand Tool,Bipolar Forceps,0.9649,0.8385,1080,1920
test,07_1_1017,Right Hand Tool,Bipolar Forceps,0.8416,0.5276,1080,1920
test,07_1_0866,Right Hand Tool,Tweezers,0.9946,0.9389,1080,1920
test,05_2_0052,Right Hand Tool,Mouth Gag,0.6561,0.6561,1080,1920
test,04_1_0734,Left Hand Tool,Retractor,1.0,1.0,1080,1920
test,07_1_1492,Right Hand Tool,Needle Holders,0.9864,0.9864,1080,1920
test,07_1_0330,Right Hand Tool,Hook,0.998,0.8021,1080,1920
test,07_1_0494,Right Hand Tool,Scissors,0.9902,0.9902,1080,1920
test,04_1_1470,Left Hand Tool,Tweezers,1.0,1.0,1080,1920
test,04_1_1409,Right Hand Tool,Needle Holders,0.9865,0.9865,1080,1920
test,07_1_0479,Right Hand Tool,Scissors,0.9711,0.9711,1080,1920
test,05_2_0194,Right Hand Tool,Tweezers,0.9741,0.8372,1080,1920
test,04_1_1273,Right Hand Tool,Syringe,1.0,1.0,1080,1920
test,04_1_1488,Right Hand Tool,Gauze,1.0,1.0,1080,1920
test,05_2_0055,Right Hand Tool,Mouth Gag,0.0,0.0,1080,1920
test,07_1_0482,Left Hand Tool,Tweezers,1.0,1.0,1080,1920
test,07_1_1215,Right Hand Tool,Needle Holders,0.9876,0.9876,1080,1920
test,07_1_0534,Right Hand Tool,Forceps,0.9786,0.9786,1080,1920
test,04_1_0897,Left Hand Tool,Forceps,0.9345,0.8126,1080,1920
test,04_1_1185,Left Hand Tool,Retractor,0.9815,0.9815,1080,1920
test,04_1_0611,Right Hand Tool,Retractor,0.9323,0.9323,1080,1920
test,04_1_1458,Left Hand Tool,Tweezers,1.0,1.0,1080,1920
test,07_1_0413,Left Hand Tool,Tweezers,0.9992,0.2137,1080,1920
test,07_1_1585,Right Hand Tool,Forceps,0.9771,0.9436,1080,1920
test,04_1_1134,Two Hands Tool,Electric Cautery,1.0,1.0,1080,1920
test,07_1_1025,Right Hand Tool,Bipolar Forceps,0.9968,0.9729,1080,1920
test,04_1_0742,Two Hands Tool,Forceps,1.0,1.0,1080,1920
test,04_1_1207,Left Hand Tool,Retractor,0.9991,0.9991,1080,1920
test,07_1_0288,Left Hand Tool,Gauze,1.0,0.6375,1080,1920
test,04_1_1531,Right Hand Tool,Needle Holders,0.9852,0.9852,1080,1920
test,07_1_0362,Left Hand Tool,Tweezers,1.0,0.6562,1080,1920
test,05_2_0159,Right Hand Tool,Tweezers,0.9992,0.4615,1080,1920
test,04_1_1501,Left Hand Tool,Tweezers,0.9897,0.9897,1080,1920
test,04_1_0582,Left Hand Tool,Gauze,0.9691,0.9691,1080,1920
test,05_2_0214,Right Hand Tool,Tweezers,0.9976,0.6515,1080,1920
test,07_1_0586,Left Hand Tool,Tweezers,1.0,0.8285,1080,1920
test,04_1_1598,Left Hand Tool,Needle Holders,0.9794,0.9184,1080,1920
test,07_1_0350,Left Hand Tool,Tweezers,0.9993,0.9822,1080,1920
test,04_1_1563,Right Hand Tool,Needle Holders,0.9777,0.9777,1080,1920
test,07_1_0345,Left Hand Tool,Tweezers,0.9959,0.1042,1080,1920
test,04_1_1540,Left Hand Tool,Tweezers,0.9848,0.9848,1080,1920
test,07_1_0944,Right Hand Tool,Scalpel,0.9971,0.9085,1080,1920
test,07_1_1409,Right Hand Tool,Scissors,0.993,0.993,1080,1920
test,05_2_0154,Two Hands Tool,Tweezers,0.9979,0.6026,1080,1920
test,07_1_0782,Left Hand Tool,Tweezers,0.9999,0.9999,1080,1920
test,04_1_1528,Left Hand Tool,Tweezers,0.9994,0.9994,1080,1920
test,04_1_1135,Right Hand Tool,Electric Cautery,0.998,0.998,1080,1920
test,04_1_1277,Right Hand Tool,Syringe,0.2108,0.2108,1080,1920
test,07_1_1468,Left Hand Tool,Tweezers,1.0,1.0,1080,1920
test,04_1_1469,Right Hand Tool,Needle Holders,0.9459,0.9459,1080,1920
test,04_1_0777,Two Hands Tool,Forceps,0.9931,0.8559,1080,1920
test,04_1_1555,Right Hand Tool,Needle Holders,0.9471,0.9471,1080,1920
test,07_1_0327,Right Hand Tool,Hook,1.0,0.9023,1080,1920
test,04_1_1399,Right Hand Tool,Gauze,0.9927,0.8733,1080,1920
test,04_1_0659,Right Hand Tool,Electric Cautery,1.0,1.0,1080,1920
test,07_1_0336,Left Hand Tool,Tweezers,0.9989,0.1483,1080,1920
test,07_1_1316,Left Hand Tool,Forceps,0.9901,0.9901,1080,1920
test,07_1_1005,Left Hand Tool,Tweezers,0.9966,0.9966,1080,1920
test,05_2_0049,Two Hands Tool,Mouth Gag,0.5555,0.5555,1080,1920
test,07_1_1440,Left Hand Tool,Tweezers,0.9742,0.9742,1080,1920
test,04_1_0774,Right Hand Tool,Forceps,1.0,1.0,1080,1920
test,04_1_1455,Right Hand Tool,Needle Holders,0.9985,0.9985,1080,1920
test,07_1_1264,Right Hand Tool,Needle Holders,1.0,1.0,1080,1920
test,07_1_0483,Left Hand Tool,Tweezers,0.994,0.9643,1080,1920
test,04_1_0809,Right Hand Tool,Forceps,0.9997,0.9997,1080,1920
test,07_1_0708,Left Hand Tool,Tweezers,0.9829,0.9474,1080,1920
test,07_1_0432,Right Hand Tool,Bipolar Forceps,0.9995,0.9995,1080,1920
test,07_1_0524,Right Hand Tool,Scissors,0.9717,0.9717,1080,1920
test,07_1_0171,Left Hand Tool,Gauze,0.9718,0.2799,1080,1920
test,04_1_1444,Left Hand Tool,Tweezers,0.9942,0.9942,1080,1920
test,04_1_0663,Right Hand Tool,Gauze,0.9949,0.9949,1080,1920
test,04_1_1428,Right Hand Tool,Needle Holders,1.0,1.0,1080,1920
test,07_1_0536,Right Hand Tool,Gauze,1.0,1.0,1080,1920
test,04_1_1506,Left Hand Tool,Tweezers,0.9891,0.9891,1080,1920
test,04_1_1041,Left Hand Tool,Forceps,0.9981,0.8061,1080,1920
test,04_1_1045,Left Hand Tool,Gauze,0.9898,0.9898,1080,1920
test,04_1_0736,Right Hand Tool,Forceps,0.9791,0.9247,1080,1920
test,05_2_0081,Two Hands Tool,Mouth Gag,0.0189,0.0189,1080,1920
test,07_1_1341,Right Hand Tool,Needle Holders,0.9982,0.9982,1080,1920
test,04_1_1622,Left Hand Tool,Tweezers,0.9991,0.9991,1080,1920
test,04_1_0997,Right Hand Tool,Electric Cautery,0.9818,0.4933,1080,1920
test,07_1_0827,Right Hand Tool,Gauze,0.9991,0.9991,1080,1920
test,04_1_1530,Left Hand Tool,Tweezers,0.9958,0.9958,1080,1920
test,07_1_1495,Left Hand Tool,Tweezers,0.9981,0.9967,1080,1920
test,04_1_0725,Left Hand Tool,Forceps,0.979,0.9767,1080,1920
test,04_1_1650,Left Hand Tool,Tweezers,1.0,0.9555,1080,1920
test,07_1_1066,Left Hand Tool,Tweezers,0.9979,0.9979,1080,1920
test,04_1_1166,Two Hands Tool,Forceps,0.9984,0.9984,1080,1920
test,07_1_1406,Left Hand Tool,Tweezers,0.9813,0.9813,1080,1920
test,04_1_0992,Left Hand Tool,Forceps,0.9955,0.9955,1080,1920
test,04_1_0826,Left Hand Tool,Gauze,0.91,0.0475,1080,1920
test,07_1_1501,Left Hand Tool,Tweezers,0.0,0.0,1080,1920
test,07_1_0857,Left Hand Tool,Tweezers,0.9921,0.9921,1080,1920
test,07_1_1490,Left Hand Tool,Tweezers,1.0,1.0,1080,1920
test,07_1_0938,Right Hand Tool,Scalpel,0.9951,0.6814,1080,1920
test,04_1_0856,Left Hand Tool,Forceps,0.9872,0.9293,1080,1920
test,07_1_1349,Left Hand Tool,Tweezers,0.0,0.0,1080,1920
test,07_1_1009,Left Hand Tool,Tweezers,0.9999,0.9999,1080,1920
test,07_1_0313,Left Hand Tool,Tweezers,0.9955,0.4056,1080,1920
test,07_1_0587,Right Hand Tool,Scissors,0.9936,0.9936,1080,1920
test,04_1_1451,Left Hand Tool,Tweezers,0.9905,0.9905,1080,1920
test,07_1_0358,Left Hand Tool,Gauze,1.0,0.8271,1080,1920
test,04_1_0899,Two Hands Tool,Forceps,0.9274,0.9274,1080,1920
test,07_1_0971,Right Hand Tool,Gauze,0.9797,0.3935,1080,1920
test,04_1_1376,Left Hand Tool,Tweezers,0.9997,0.9997,1080,1920
test,04_1_0580,Two Hands Tool,Scalpel,1.0,1.0,1080,1920
test,04_1_1200,Right Hand Tool,Electric Cautery,0.9845,0.9845,1080,1920
test,04_1_1209,Right Hand Tool,Electric Cautery,0.985,0.8521,1080,1920
test,04_1_1680,Right Hand Tool,Needle Holders,0.9886,0.9886,1080,1920
test,07_1_1489,Right Hand Tool,Needle Holders,1.0,1.0,1080,1920
test,04_1_1558,Right Hand Tool,Needle Holders,0.9158,0.9158,1080,1920
test,07_1_0411,Right Hand Tool,Hook,1.0,0.7254,1080,1920
test,04_1_1505,Right Hand Tool,Needle Holders,0.8947,0.8947,1080,1920
test,07_1_1469,Right Hand Tool,Needle Holders,0.9961,0.9961,1080,1920
test,07_1_1180,Left Hand Tool,Tweezers,0.7876,0.7766,1080,1920
test,05_2_0022,Right Hand Tool,Mouth Gag,0.5293,0.5293,1080,1920
test,04_1_0590,Left Hand Tool,Gauze,0.9869,0.498,1080,1920
test,07_1_0442,Left Hand Tool,Gauze,1.0,0.8304,1080,1920
test,04_1_1493,Right Hand Tool,Needle Holders,0.7109,0.4913,1080,1920
test,04_1_0876,Right Hand Tool,Forceps,0.9973,0.9973,1080,1920
test,07_1_0365,Right Hand Tool,Scissors,0.9985,0.9985,1080,1920
test,04_1_0723,Right Hand Tool,Forceps,0.9318,0.9318,1080,1920
test,07_1_1382,Right Hand Tool,Scissors,0.9994,0.9994,1080,1920
test,07_1_1679,Two Hands Tool,Forceps,0.0044,0.0044,1080,1920
test,04_1_0607,Left Hand Tool,Retractor,0.977,0.977,1080,1920
test,07_1_1491,Left Hand Tool,Tweezers,0.9816,0.9816,1080,1920
test,07_1_1454,Right Hand Tool,Needle Holders,0.9801,0.9801,1080,1920
test,04_1_1460,Right Hand Tool,Needle Holders,0.9707,0.9707,1080,1920
test,04_1_1033,Left Hand Tool,Gauze,0.9181,0.8317,1080,1920
test,07_1_1381,Right Hand Tool,Scissors,1.0,1.0,1080,1920
test,07_1_1249,Left Hand Tool,Tweezers,1.0,1.0,1080,1920
test,07_1_1480,Left Hand Tool,Forceps,0.9584,0.9584,1080,1920
test,04_1_1456,Right Hand Tool,Needle Holders,0.917,0.9114,1080,1920
test,07_1_0569,Left Hand Tool,Tweezers,0.9958,0.9958,1080,1920
test,04_1_1512,Left Hand Tool,Tweezers,1.0,1.0,1080,1920
test,07_1_0858,Left Hand Tool,Tweezers,0.9994,0.9994,1080,1920
test,07_1_0775,Right Hand Tool,Forceps,0.9663,0.0735,1080,1920
test,04_1_0626,Right Hand Tool,Electric Cautery,1.0,1.0,1080,1920
test,04_1_1225,Right Hand Tool,Electric Cautery,0.9981,0.9981,1080,1920
test,04_1_1670,Right Hand Tool,Needle Holders,0.9723,0.9723,1080,1920
test,07_1_0324,Right Hand Tool,Scissors,0.9943,0.9022,1080,1920
test,04_1_1645,Right Hand Tool,Needle Holders,0.9991,0.9991,1080,1920
test,04_1_0531,Two Hands Tool,Syringe,0.9981,0.9981,1080,1920
test,07_1_0526,Right Hand Tool,Suction Cannula,0.9645,0.9645,1080,1920
test,07_1_1317,Right Hand Tool,Forceps,0.0,0.0,1080,1920
test,07_1_1173,Right Hand Tool,Needle Holders,0.9976,0.9976,1080,1920
test,04_1_1280,Right Hand Tool,Gauze,0.9959,0.9221,1080,1920
test,05_2_0153,Two Hands Tool,Tweezers,0.9935,0.548,1080,1920
test,07_1_1561,Left Hand Tool,Needle Holders,0.9996,0.9996,1080,1920
test,05_2_0060,Left Hand Tool,Mouth Gag,1.0,1.0,1080,1920
test,07_1_0447,Right Hand Tool,Scissors,0.9431,0.7971,1080,1920
test,07_1_1342,Left Hand Tool,Tweezers,0.9976,0.9976,1080,1920
test,04_1_1363,Right Hand Tool,Needle Holders,0.9568,0.9464,1080,1920
test,07_1_1491,Right Hand Tool,Needle Holders,0.9924,0.9924,1080,1920
test,04_1_1274,Left Hand Tool,Syringe,0.4515,0.4515,1080,1920
test,07_1_0283,Left Hand Tool,Gauze,0.9793,0.5584,1080,1920
test,07_1_1073,Left Hand Tool,Tweezers,0.9865,0.9865,1080,1920
test,04_1_1393,Left Hand Tool,Needle Holders,0.2962,0.2962,1080,1920
test,07_1_0358,Right Hand Tool,Scissors,0.993,0.0,1080,1920
test,04_1_1655,Right Hand Tool,Needle Holders,0.9491,0.9026,1080,1920
test,07_1_0519,Left Hand Tool,Tweezers,0.9065,0.9065,1080,1920
test,07_1_1167,Right Hand Tool,Needle Holders,0.997,0.997,1080,1920
test,07_1_1439,Left Hand Tool,Tweezers,0.9874,0.9874,1080,1920
test,07_1_1516,Right Hand Tool,Tweezers,0.1399,0.1399,1080,1920
test,07_1_1215,Left Hand Tool,Tweezers,1.0,1.0,1080,1920
test,07_1_0859,Right Hand Tool,Needle Holders,0.9548,0.8484,1080,1920
test,04_1_1641,Left Hand Tool,Tweezers,0.9578,0.9578,1080,1920
test,07_1_1404,Right Hand Tool,Scissors,0.9617,0.9403,1080,1920
test,07_1_0446,Right Hand Tool,Scissors,0.9951,0.992,1080,1920
test,04_1_0931,Left Hand Tool,Forceps,1.0,1.0,1080,1920
test,07_1_1109,Left Hand Tool,Hook,1.0,0.3987,1080,1920
test,04_1_0934,Right Hand Tool,Electric Cautery,0.9933,0.9933,1080,1920
test,04_1_1030,Right Hand Tool,Forceps,0.9977,0.9977,1080,1920
test,07_1_0437,Right Hand Tool,Bipolar Forceps,0.9973,0.9973,1080,1920
test,04_1_1411,Right Hand Tool,Needle Holders,0.9698,0.9131,1080,1920
test,04_1_1199,Right Hand Tool,Electric Cautery,0.9644,0.9644,1080,1920
test,07_1_1272,Left Hand Tool,Tweezers,0.9926,0.687,1080,1920
test,07_1_1314,Left Hand Tool,Gauze,0.0,0.0,1080,1920
test,05_2_0234,Two Hands Tool,Tweezers,0.9713,0.9713,1080,1920
test,07_1_0361,Left Hand Tool,Tweezers,1.0,0.9248,1080,1920
test,07_1_1067,Right Hand Tool,Bipolar Forceps,0.9674,0.6147,1080,1920
test,07_1_1551,Right Hand Tool,Forceps,0.9897,0.9897,1080,1920
test,04_1_0998,Right Hand Tool,Electric Cautery,0.9956,0.9956,1080,1920
test,04_1_1620,Right Hand Tool,Needle Holders,0.9642,0.9489,1080,1920
test,07_1_1192,Right Hand Tool,Needle Holders,0.9952,0.4039,1080,1920
test,07_1_0628,Two Hands Tool,Forceps,0.5937,0.5937,1080,1920
test,07_1_0516,Right Hand Tool,Scissors,0.9124,0.9124,1080,1920
test,07_1_0633,Right Hand Tool,Scissors,0.9982,0.8745,1080,1920
test,04_1_0578,Right Hand Tool,Scalpel,1.0,1.0,1080,1920
test,04_1_1619,Right Hand Tool,Needle Holders,0.9042,0.9042,1080,1920
test,04_1_1561,Right Hand Tool,Needle Holders,0.8354,0.7631,1080,1920
test,07_1_0617,Right Hand Tool,Forceps,1.0,1.0,1080,1920
test,04_1_0519,Right Hand Tool,Syringe,1.0,1.0,1080,1920
test,07_1_1578,Right Hand Tool,Forceps,0.9345,0.9345,1080,1920
test,04_1_0728,Two Hands Tool,Forceps,0.9625,0.9625,1080,1920
test,07_1_0852,Left Hand Tool,Tweezers,1.0,0.4871,1080,1920
test,07_1_1038,Left Hand Tool,Tweezers,0.9918,0.8773,1080,1920
test,04_1_1402,Right Hand Tool,Needle Holders,0.9216,0.9216,1080,1920
test,07_1_1102,Right Hand Tool,Syringe,0.9357,0.9357,1080,1920
test,04_1_1643,Left Hand Tool,Tweezers,0.9998,0.9998,1080,1920
test,04_1_1555,Left Hand Tool,Tweezers,1.0,1.0,1080,1920
test,04_1_1652,Right Hand Tool,Needle Holders,1.0,1.0,1080,1920
test,05_2_0150,Two Hands Tool,Tweezers,1.0,0.2641,1080,1920
test,07_1_0730,Left Hand Tool,Tweezers,0.9883,0.9735,1080,1920
test,05_2_0016,Two Hands Tool,Mouth Gag,0.1586,0.1586,1080,1920
test,04_1_0869,Right Hand Tool,Electric Cautery,0.997,0.997,1080,1920
test,04_1_0749,Right Hand Tool,Forceps,0.9982,0.9937,1080,1920
test,04_1_0766,Right Hand Tool,Forceps,0.9725,0.9725,1080,1920
test,04_1_1454,Left Hand Tool,Tweezers,0.9904,0.9904,1080,1920
test,07_1_0560,Right Hand Tool,Bipolar Forceps,0.9971,0.995,1080,1920
test,04_1_0965,Left Hand Tool,Forceps,0.9376,0.9376,1080,1920
test,04_1_0907,Left Hand Tool,Retractor,0.9991,0.9991,1080,1920
test,04_1_0783,Right Hand Tool,Forceps,0.9977,0.9977,1080,1920
test,04_1_1508,Right Hand Tool,Needle Holders,0.977,0.977,1080,1920
test,07_1_1316,Right Hand Tool,Forceps,0.0,0.0,1080,1920
test,04_1_1535,Right Hand Tool,Needle Holders,0.89,0.8703,1080,1920
test,07_1_1064,Right Hand Tool,Bipolar Forceps,0.9905,0.6445,1080,1920
test,07_1_0570,Right Hand Tool,Bipolar Forceps,0.9974,0.7413,1080,1920
test,07_1_1302,Right Hand Tool,Needle Holders,0.9905,0.9905,1080,1920
test,07_1_0437,Left Hand Tool,Gauze,1.0,1.0,1080,1920
test,07_1_1270,Right Hand Tool,Needle Holders,0.999,0.999,1080,1920
test,04_1_1624,Right Hand Tool,Needle Holders,0.9847,0.9847,1080,1920
test,07_1_0710,Right Hand Tool,Scissors,0.8497,0.8497,1080,1920
test,04_1_1027,Two Hands Tool,Forceps,1.0,0.3449,1080,1920
test,07_1_1599,Right Hand Tool,Forceps,0.999,0.999,1080,1920
test,04_1_1433,Right Hand Tool,Needle Holders,0.9674,0.8913,1080,1920
test,07_1_1465,Left Hand Tool,Tweezers,0.9826,0.9826,1080,1920
test,04_1_0965,Right Hand Tool,Electric Cautery,0.9902,0.9902,1080,1920
test,07_1_1500,Right Hand Tool,Tweezers,1.0,1.0,1080,1920
test,07_1_0729,Right Hand Tool,Scissors,0.9709,0.9709,1080,1920
test,04_1_0856,Right Hand Tool,Electric Cautery,0.9979,0.9841,1080,1920
test,07_1_1186,Right Hand Tool,Needle Holders,0.988,0.988,1080,1920
test,04_1_0741,Left Hand Tool,Tweezers,0.9822,0.0474,1080,1920
test,07_1_1400,Left Hand Tool,Tweezers,1.0,1.0,1080,1920
test,07_1_0315,Left Hand Tool,Tweezers,0.9952,0.4766,1080,1920
test,04_1_0887,Left Hand Tool,Retractor,0.9932,0.9932,1080,1920
test,07_1_1045,Right Hand Tool,Bipolar Forceps,1.0,0.2617,1080,1920
test,07_1_0712,Left Hand Tool,Tweezers,0.9539,0.9539,1080,1920
test,04_1_1398,Left Hand Tool,Tweezers,0.8507,0.8507,1080,1920
test,07_1_0152,Left Hand Tool,Gauze,0.9999,0.9999,1080,1920
test,04_1_1476,Right Hand Tool,Needle Holders,0.9664,0.857,1080,1920
test,07_1_1572,Right Hand Tool,Forceps,0.9959,0.9959,1080,1920
test,04_1_1419,Left Hand Tool,Tweezers,0.9535,0.9535,1080,1920
test,07_1_0616,Left Hand Tool,Forceps,0.956,0.5907,1080,1920
test,04_1_1564,Right Hand Tool,Needle Holders,0.9583,0.923,1080,1920
test,04_1_1256,Right Hand Tool,Retractor,0.0,0.0,1080,1920
test,04_1_0780,Right Hand Tool,Forceps,0.9997,0.9997,1080,1920
test,04_1_1683,Right Hand Tool,Needle Holders,0.9972,0.9972,1080,1920
test,07_1_1524,Right Hand Tool,Gauze,0.9718,0.9718,1080,1920
test,07_1_1164,Left Hand Tool,Tweezers,0.9946,0.9946,1080,1920
test,04_1_0631,Right Hand Tool,Forceps,1.0,1.0,1080,1920
test,04_1_0661,Left Hand Tool,Forceps,0.9661,0.6784,1080,1920
test,07_1_0961,Left Hand Tool,Forceps,0.9849,0.9849,1080,1920
test,04_1_0769,Right Hand Tool,Forceps,0.9909,0.9909,1080,1920
test,07_1_1554,Left Hand Tool,Forceps,0.9447,0.9447,1080,1920
test,04_1_1044,Right Hand Tool,Forceps,1.0,1.0,1080,1920
test,07_1_1182,Left Hand Tool,Tweezers,0.987,0.5183,1080,1920
test,04_1_0517,Two Hands Tool,Syringe,1.0,1.0,1080,1920
test,07_1_1480,Right Hand Tool,Forceps,0.9924,0.9924,1080,1920
test,07_1_1106,Left Hand Tool,Gauze,0.9758,0.7153,1080,1920
test,07_1_1247,Right Hand Tool,Needle Holders,0.9813,0.9813,1080,1920
test,04_1_1268,Right Hand Tool,Retractor,0.9764,0.9764,1080,1920
test,07_1_0355,Right Hand Tool,Gauze,0.9978,0.0104,1080,1920
test,07_1_0292,Right Hand Tool,Scalpel,0.9954,0.9954,1080,1920
test,05_2_0057,Two Hands Tool,Mouth Gag,0.5899,0.5899,1080,1920
test,07_1_0697,Right Hand Tool,Scissors,0.9921,0.1854,1080,1920
test,04_1_1042,Left Hand Tool,Forceps,0.9996,0.83,1080,1920
test,07_1_1468,Right Hand Tool,Needle Holders,0.992,0.992,1080,1920
test,07_1_1378,Right Hand Tool,Scissors,0.9977,0.9977,1080,1920
test,07_1_1154,Left Hand Tool,Tweezers,0.9596,0.9596,1080,1920
test,07_1_0583,Left Hand Tool,Tweezers,0.9894,0.9894,1080,1920
test,04_1_1474,Right Hand Tool,Needle Holders,0.9677,0.9677,1080,1920
test,07_1_1030,Right Hand Tool,Bipolar Forceps,0.9993,0.9453,1080,1920
test,04_1_0607,Right Hand Tool,Retractor,1.0,1.0,1080,1920
test,07_1_0574,Right Hand Tool,Bipolar Forceps,0.9993,0.8873,1080,1920
test,07_1_0729,Left Hand Tool,Tweezers,0.9933,0.9933,1080,1920
test,04_1_0919,Two Hands Tool,Forceps,0.9637,0.9637,1080,1920
test,04_1_0949,Right Hand Tool,Forceps,0.9999,0.9999,1080,1920
test,07_1_0711,Right Hand Tool,Scissors,0.9993,0.8971,1080,1920
test,07_1_1230,Left Hand Tool,Tweezers,0.9953,0.9953,1080,1920
test,04_1_0956,Right Hand Tool,Forceps,0.9983,0.9983,1080,1920
test,04_1_1514,Left Hand Tool,Tweezers,0.9985,0.9985,1080,1920
test,07_1_1218,Left Hand Tool,Tweezers,0.9948,0.9948,1080,1920
test,04_1_1110,Right Hand Tool,Scalpel,0.9991,0.9991,1080,1920
test,07_1_0854,Left Hand Tool,Tweezers,0.9446,0.9446,1080,1920
test,07_1_0730,Right Hand Tool,Scissors,0.9891,0.8901,1080,1920
test,07_1_0163,Left Hand Tool,Gauze,0.9184,0.2375,1080,1920
test,04_1_1625,Left Hand Tool,Tweezers,1.0,1.0,1080,1920
test,07_1_1071,Left Hand Tool,Tweezers,0.9963,0.9963,1080,1920
test,04_1_1488,Left Hand Tool,Tweezers,0.9866,0.9866,1080,1920
test,07_1_0688,Right Hand Tool,Bipolar Forceps,0.9992,0.662,1080,1920
test,07_1_1521,Right Hand Tool,Forceps,0.2377,0.1268,1080,1920
test,04_1_0960,Two Hands Tool,Forceps,0.9995,0.9995,1080,1920
test,07_1_1419,Left Hand Tool,Tweezers,1.0,1.0,1080,1920
test,07_1_0334,Right Hand Tool,Hook,1.0,0.6431,1080,1920
test,07_1_1292,Left Hand Tool,Tweezers,0.9987,0.9987,1080,1920
test,04_1_1437,Right Hand Tool,Needle Holders,0.9934,0.9934,1080,1920
test,07_1_0762,Right Hand Tool,Needle Holders,1.0,1.0,1080,1920
test,07_1_0357,Left Hand Tool,Gauze,1.0,0.7714,1080,1920
test,04_1_1491,Right Hand Tool,Gauze,0.6569,0.5638,1080,1920
test,07_1_0430,Left Hand Tool,Gauze,1.0,0.7683,1080,1920
test,07_1_1189,Left Hand Tool,Tweezers,0.9962,0.9962,1080,1920
test,04_1_1032,Right Hand Tool,Forceps,0.9974,0.9974,1080,1920
test,04_1_1655,Left Hand Tool,Tweezers,1.0,1.0,1080,1920
test,07_1_1259,Right Hand Tool,Needle Holders,0.9997,0.9997,1080,1920
test,04_1_0592,Left Hand Tool,Tweezers,0.9897,0.541,1080,1920
test,07_1_0416,Left Hand Tool,Tweezers,0.9961,0.3033,1080,1920
test,04_1_1677,Right Hand Tool,Needle Holders,0.9777,0.9777,1080,1920
test,04_1_1553,Right Hand Tool,Needle Holders,0.9983,0.9983,1080,1920
test,04_1_1006,Two Hands Tool,Forceps,0.9951,0.9951,1080,1920
test,07_1_1478,Left Hand Tool,Gauze,0.0,0.0,1080,1920
test,04_1_0681,Two Hands Tool,Forceps,0.9413,0.9413,1080,1920
test,07_1_1502,Left Hand Tool,Forceps,0.9383,0.9383,1080,1920
test,07_1_0410,Left Hand Tool,Tweezers,0.9964,0.3082,1080,1920
test,04_1_0559,Left Hand Tool,Gauze,0.98,0.7351,1080,1920
test,07_1_1392,Left Hand Tool,Tweezers,0.9911,0.9911,1080,1920
test,04_1_1590,Left Hand Tool,Tweezers,0.9129,0.9129,1080,1920
test,07_1_0685,Right Hand Tool,Bipolar Forceps,0.9803,0.9768,1080,1920
test,07_1_1002,Right Hand Tool,Bipolar Forceps,0.9771,0.7926,1080,1920
test,04_1_1476,Left Hand Tool,Tweezers,0.9801,0.8166,1080,1920
test,04_1_1557,Left Hand Tool,Tweezers,0.9536,0.9536,1080,1920
test,04_1_0690,Right Hand Tool,Electric Cautery,0.9845,0.9601,1080,1920
test,07_1_0318,Left Hand Tool,Gauze,0.9998,0.9126,1080,1920
test,04_1_1156,Left Hand Tool,Gauze,0.9999,0.9999,1080,1920
test,07_1_1338,Two Hands Tool,Needle Holders,0.9748,0.9748,1080,1920
test,04_1_1547,Left Hand Tool,Tweezers,0.9653,0.9653,1080,1920
test,07_1_0732,Right Hand Tool,Gauze,1.0,0.1736,1080,1920
test,04_1_1605,Right Hand Tool,Needle Holders,1.0,1.0,1080,1920
test,04_1_1432,Right Hand Tool,Needle Holders,0.9573,0.9573,1080,1920
test,07_1_0270,Right Hand Tool,Scalpel,0.9911,0.9172,1080,1920
test,07_1_0426,Left Hand Tool,Gauze,0.9995,0.5708,1080,1920
test,05_2_0198,Right Hand Tool,Tweezers,1.0,1.0,1080,1920
test,07_1_1490,Right Hand Tool,Needle Holders,0.9862,0.9862,1080,1920
test,04_1_0906,Left Hand Tool,Retractor,1.0,1.0,1080,1920
test,04_1_1240,Left Hand Tool,Retractor,0.8827,0.6982,1080,1920
test,07_1_1476,Left Hand Tool,Forceps,0.998,0.998,1080,1920
test,07_1_0935,Left Hand Tool,Suction Cannula,1.0,1.0,1080,1920
test,07_1_0943,Left Hand Tool,Suction Cannula,1.0,0.9929,1080,1920
test,07_1_0489,Right Hand Tool,Scissors,0.9231,0.9231,1080,1920
test,04_1_1572,Left Hand Tool,Tweezers,1.0,1.0,1080,1920
test,07_1_1556,Left Hand Tool,Needle Holders,0.9964,0.9964,1080,1920
test,04_1_1360,Left Hand Tool,Tweezers,1.0,1.0,1080,1920
test,07_1_1166,Right Hand Tool,Needle Holders,0.9963,0.9963,1080,1920
test,07_1_0264,Right Hand Tool,Scalpel,0.9958,0.9499,1080,1920
test,07_1_0783,Right Hand Tool,Needle Holders,0.9983,0.111,1080,1920
test,04_1_1675,Right Hand Tool,Needle Holders,1.0,1.0,1080,1920
test,04_1_0896,Right Hand Tool,Scissors,0.9189,0.2505,1080,1920
test,07_1_0983,Left Hand Tool,Gauze,0.9999,0.9999,1080,1920
test,04_1_1580,Left Hand Tool,Tweezers,0.9614,0.9614,1080,1920
test,07_1_1583,Left Hand Tool,Forceps,0.1445,0.1231,1080,1920
test,04_1_1228,Right Hand Tool,Electric Cautery,0.991,0.4489,1080,1920
test,04_1_0845,Left Hand Tool,Forceps,0.9681,0.9681,1080,1920
test,07_1_0635,Right Hand Tool,Forceps,0.9973,0.9973,1080,1920
test,07_1_0510,Right Hand Tool,Suction Cannula,0.9816,0.9816,1080,1920
test,04_1_1490,Right Hand Tool,Gauze,0.1028,0.093,1080,1920
test,04_1_1524,Right Hand Tool,Needle Holders,0.9909,0.9909,1080,1920
test,04_1_1484,Left Hand Tool,Tweezers,0.9964,0.9964,1080,1920
test,07_1_1432,Right Hand Tool,Needle Holders,0.9839,0.9839,1080,1920
test,04_1_1536,Right Hand Tool,Needle Holders,0.9506,0.9506,1080,1920
test,07_1_1470,Right Hand Tool,Needle Holders,0.9964,0.9964,1080,1920
test,04_1_0695,Right Hand Tool,Electric Cautery,1.0,1.0,1080,1920
test,05_2_0021,Right Hand Tool,Mouth Gag,0.4448,0.4448,1080,1920
test,07_1_0287,Right Hand Tool,Scalpel,0.9937,0.9937,1080,1920
test,07_1_0488,Left Hand Tool,Tweezers,0.9952,0.9729,1080,1920
test,04_1_1614,Right Hand Tool,Needle Holders,0.9784,0.9784,1080,1920
test,07_1_1267,Right Hand Tool,Needle Holders,0.9998,0.9998,1080,1920
test,07_1_1217,Right Hand Tool,Needle Holders,0.9499,0.9499,1080,1920
test,04_1_1604,Left Hand Tool,Tweezers,1.0,1.0,1080,1920
test,07_1_1460,Left Hand Tool,Tweezers,0.997,0.997,1080,1920
test,04_1_0748,Right Hand Tool,Forceps,0.9676,0.9676,1080,1920
test,07_1_0773,Right Hand Tool,Gauze,0.9937,0.7561,1080,1920
test,04_1_1001,Right Hand Tool,Electric Cautery,0.9983,0.8285,1080,1920
test,07_1_1498,Right Hand Tool,Needle Holders,1.0,1.0,1080,1920
test,07_1_1027,Right Hand Tool,Bipolar Forceps,1.0,0.5144,1080,1920
test,05_2_0009,Right Hand Tool,Mouth Gag,0.3192,0.3192,1080,1920
test,07_1_1635,Right Hand Tool,Suction Cannula,0.9908,0.9908,1080,1920
test,04_1_1359,Left Hand Tool,Tweezers,0.9337,0.9337,1080,1920
test,05_2_0031,Left Hand Tool,Tweezers,0.99,0.6168,1080,1920
test,07_1_1432,Left Hand Tool,Tweezers,0.991,0.991,1080,1920
test,04_1_1554,Right Hand Tool,Needle Holders,0.9725,0.9725,1080,1920
test,07_1_0473,Left Hand Tool,Tweezers,0.9947,0.9424,1080,1920
test,04_1_1109,Right Hand Tool,Scalpel,0.9971,0.9971,1080,1920
test,04_1_1015,Right Hand Tool,Forceps,0.9719,0.9719,1080,1920
test,05_2_0162,Right Hand Tool,Tweezers,0.9968,0.6976,1080,1920
test,07_1_1109,Right Hand Tool,Gauze,0.9235,0.6578,1080,1920
test,05_2_0008,Left Hand Tool,Tweezers,0.9722,0.5854,1080,1920
test,04_1_1031,Right Hand Tool,Forceps,0.9988,0.9988,1080,1920
test,04_1_1457,Left Hand Tool,Tweezers,0.9744,0.9744,1080,1920
test,07_1_0529,Left Hand Tool,Forceps,0.948,0.7062,1080,1920
test,04_1_0981,Right Hand Tool,Forceps,0.9993,0.9993,1080,1920
test,04_1_1202,Left Hand Tool,Retractor,0.9445,0.8331,1080,1920
test,07_1_1179,Left Hand Tool,Tweezers,0.9905,0.9905,1080,1920
test,07_1_0689,Left Hand Tool,Tweezers,1.0,0.9203,1080,1920
test,07_1_0261,Right Hand Tool,Scalpel,1.0,0.9962,1080,1920
test,07_1_0297,Left Hand Tool,Gauze,0.9972,0.5148,1080,1920
test,04_1_0843,Left Hand Tool,Forceps,0.9982,0.9982,1080,1920
test,07_1_0350,Right Hand Tool,Scissors,0.9985,0.5485,1080,1920
test,07_1_0323,Right Hand Tool,Scissors,0.9942,0.9942,1080,1920
test,07_1_1462,Right Hand Tool,Needle Holders,0.9993,0.9993,1080,1920
test,07_1_1021,Left Hand Tool,Tweezers,0.985,0.985,1080,1920
test,04_1_1471,Right Hand Tool,Needle Holders,0.947,0.947,1080,1920
test,04_1_1618,Left Hand Tool,Tweezers,0.9914,0.9914,1080,1920
test,04_1_1197,Right Hand Tool,Electric Cautery,0.9709,0.252,1080,1920
test,07_1_1389,Right Hand Tool,Scissors,0.9985,0.9949,1080,1920
test,07_1_0984,Right Hand Tool,Bipolar Forceps,1.0,1.0,1080,1920
test,07_1_1621,Left Hand Tool,Suction Cannula,0.1198,0.0995,1080,1920
test,07_1_1308,Left Hand Tool,Gauze,0.0,0.0,1080,1920
test,04_1_0979,Right Hand Tool,Forceps,0.9956,0.9956,1080,1920
test,04_1_1479,Right Hand Tool,Needle Holders,0.9908,0.9908,1080,1920
test,04_1_1212,Left Hand Tool,Tweezers,0.991,0.991,1080,1920
test,04_1_1368,Left Hand Tool,Tweezers,0.9834,0.3769,1080,1920
test,04_1_1644,Left Hand Tool,Tweezers,0.9945,0.9945,1080,1920
test,04_1_0927,Left Hand Tool,Forceps,0.9764,0.9764,1080,1920
test,04_1_1047,Left Hand Tool,Gauze,0.9131,0.9131,1080,1920
test,07_1_1447,Right Hand Tool,Needle Holders,0.9969,0.8513,1080,1920
test,04_1_0743,Right Hand Tool,Gauze,0.9518,0.9518,1080,1920
test,07_1_1496,Left Hand Tool,Tweezers,0.9981,0.994,1080,1920
test,04_1_1441,Right Hand Tool,Needle Holders,0.9979,0.9979,1080,1920
test,07_1_1379,Left Hand Tool,Tweezers,1.0,1.0,1080,1920
test,07_1_0686,Right Hand Tool,Bipolar Forceps,0.9972,0.4078,1080,1920
test,04_1_1585,Right Hand Tool,Needle Holders,0.9637,0.9637,1080,1920
test,07_1_1029,Left Hand Tool,Tweezers,0.9996,0.9996,1080,1920
test,07_1_1573,Left Hand Tool,Needle Holders,0.0395,0.0395,1080,1920
test,04_1_0559,Right Hand Tool,Syringe,0.996,0.996,1080,1920
test,04_1_1510,Right Hand Tool,Needle Holders,0.9948,0.9948,1080,1920
test,07_1_0518,Left Hand Tool,Forceps,0.9845,0.9845,1080,1920
test,07_1_0500,Right Hand Tool,Bipolar Forceps,0.9924,0.9923,1080,1920
test,04_1_1430,Left Hand Tool,Tweezers,0.9963,0.9963,1080,1920
test,04_1_1654,Left Hand Tool,Tweezers,0.9988,0.9988,1080,1920
test,07_1_0421,Left Hand Tool,Tweezers,1.0,0.3276,1080,1920
test,04_1_1439,Right Hand Tool,Needle Holders,0.1665,0.1665,1080,1920
test,04_1_0638,Right Hand Tool,Forceps,1.0,1.0,1080,1920
test,04_1_1002,Right Hand Tool,Electric Cautery,1.0,0.843,1080,1920
test,04_1_0663,Left Hand Tool,Forceps,0.9958,0.9958,1080,1920
test,04_1_0694,Left Hand Tool,Forceps,0.9395,0.7447,1080,1920
test,04_1_0782,Right Hand Tool,Forceps,0.9665,0.9665,1080,1920
test,07_1_0509,Right Hand Tool,Scissors,1.0,1.0,1080,1920
test,04_1_1193,Left Hand Tool,Retractor,1.0,1.0,1080,1920
test,04_1_0548,Two Hands Tool,Syringe,1.0,1.0,1080,1920
test,07_1_1674,Right Hand Tool,Forceps,0.0,0.0,1080,1920
test,04_1_1014,Right Hand Tool,Forceps,0.9896,0.9896,1080,1920
test,05_2_0005,Left Hand Tool,Tweezers,0.9275,0.9275,1080,1920
test,07_1_0957,Left Hand Tool,Gauze,0.9993,0.9691,1080,1920
test,04_1_1589,Left Hand Tool,Tweezers,0.9935,0.9935,1080,1920
test,07_1_1029,Right Hand Tool,Bipolar Forceps,0.9982,0.457,1080,1920
test,07_1_1380,Right Hand Tool,Scissors,0.9272,0.9272,1080,1920
test,04_1_1591,Left Hand Tool,Tweezers,0.9792,0.9792,1080,1920
test,04_1_1473,Right Hand Tool,Needle Holders,0.9846,0.9846,1080,1920
test,04_1_1216,Right Hand Tool,Electric Cautery,0.9999,0.519,1080,1920
test,04_1_1592,Left Hand Tool,Tweezers,0.9862,0.9862,1080,1920
test,04_1_0835,Two Hands Tool,Forceps,1.0,1.0,1080,1920
test,04_1_1652,Left Hand Tool,Tweezers,0.9646,0.9646,1080,1920
test,04_1_0549,Left Hand Tool,Gauze,1.0,1.0,1080,1920
test,07_1_0309,Left Hand Tool,Gauze,0.9992,0.5171,1080,1920
test,04_1_1544,Right Hand Tool,Needle Holders,0.8843,0.8843,1080,1920
test,04_1_0984,Right Hand Tool,Scissors,0.9918,0.7756,1080,1920
test,04_1_1292,Right Hand Tool,Gauze,1.0,1.0,1080,1920
test,05_2_0015,Two Hands Tool,Mouth Gag,0.227,0.227,1080,1920
test,04_1_0746,Right Hand Tool,Forceps,0.9725,0.9607,1080,1920
test,04_1_1008,Right Hand Tool,Electric Cautery,0.9972,0.9972,1080,1920
test,04_1_1395,Right Hand Tool,Needle Holders,0.9946,0.9946,1080,1920
test,07_1_1606,Right Hand Tool,Forceps,1.0,1.0,1080,1920
test,07_1_0620,Right Hand Tool,Forceps,0.8494,0.8494,1080,1920
test,05_2_0210,Two Hands Tool,Tweezers,0.9973,0.901,1080,1920
test,04_1_1573,Left Hand Tool,Tweezers,1.0,1.0,1080,1920
test,07_1_0853,Right Hand Tool,Needle Holders,0.9934,0.9111,1080,1920
test,04_1_0688,Right Hand Tool,Electric Cautery,0.9992,0.9992,1080,1920
test,07_1_0483,Right Hand Tool,Scissors,0.9056,0.9056,1080,1920
test,07_1_0328,Left Hand Tool,Gauze,0.9979,0.0,1080,1920
test,04_1_0815,Two Hands Tool,Forceps,0.9774,0.9774,1080,1920
test,04_1_0814,Right Hand Tool,Forceps,0.949,0.949,1080,1920
test,04_1_1595,Left Hand Tool,Tweezers,1.0,1.0,1080,1920
test,07_1_1555,Left Hand Tool,Needle Holders,0.9762,0.9762,1080,1920
test,07_1_1155,Left Hand Tool,Tweezers,0.993,0.993,1080,1920
test,04_1_0936,Right Hand Tool,Electric Cautery,0.9986,0.9986,1080,1920
test,07_1_1231,Right Hand Tool,Needle Holders,0.9775,0.9775,1080,1920
test,07_1_0715,Left Hand Tool,Tweezers,0.989,0.9877,1080,1920
test,07_1_1296,Right Hand Tool,Needle Holders,0.9862,0.9862,1080,1920
test,04_1_1607,Right Hand Tool,Needle Holders,0.9859,0.9859,1080,1920
test,07_1_0313,Right Hand Tool,Scissors,0.9982,0.3889,1080,1920
test,04_1_0962,Two Hands Tool,Forceps,0.9704,0.9704,1080,1920
test,04_1_1537,Left Hand Tool,Tweezers,0.9981,0.9981,1080,1920
test,04_1_1198,Right Hand Tool,Electric Cautery,0.99,0.99,1080,1920
test,05_2_0054,Right Hand Tool,Mouth Gag,0.4309,0.4309,1080,1920
test,07_1_1319,Right Hand Tool,Forceps,0.0543,0.0389,1080,1920
test,04_1_1370,Left Hand Tool,Tweezers,0.9898,0.9898,1080,1920
test,05_2_0026,Right Hand Tool,Mouth Gag,0.4611,0.4611,1080,1920
test,07_1_0272,Right Hand Tool,Scalpel,0.9915,0.9915,1080,1920
test,07_1_1650,Left Hand Tool,Forceps,0.0269,0.0128,1080,1920
test,07_1_0136,Left Hand Tool,Syringe,0.952,0.952,1080,1920
test,04_1_1619,Left Hand Tool,Tweezers,0.9855,0.9855,1080,1920
test,04_1_1656,Left Hand Tool,Tweezers,0.9988,0.9988,1080,1920
test,07_1_0366,Right Hand Tool,Gauze,1.0,0.739,1080,1920
test,07_1_1652,Left Hand Tool,Needle Holders,0.5428,0.3926,1080,1920
test,07_1_0700,Right Hand Tool,Forceps,0.9991,0.9991,1080,1920
test,07_1_0441,Left Hand Tool,Gauze,1.0,0.8553,1080,1920
test,04_1_1005,Two Hands Tool,Forceps,0.9969,0.9969,1080,1920
test,07_1_1645,Left Hand Tool,Needle Holders,0.9858,0.9858,1080,1920
test,05_2_0017,Left Hand Tool,Tweezers,0.9557,0.9557,1080,1920
test,04_1_1230,Left Hand Tool,Retractor,0.992,0.992,1080,1920
test,07_1_0757,Right Hand Tool,Forceps,0.9812,0.0714,1080,1920
test,04_1_0989,Two Hands Tool,Forceps,0.9944,0.9944,1080,1920
test,04_1_1478,Right Hand Tool,Needle Holders,0.9018,0.9018,1080,1920
test,07_1_1563,Left Hand Tool,Needle Holders,0.7132,0.6899,1080,1920
test,07_1_0712,Right Hand Tool,Scissors,0.9887,0.9538,1080,1920
test,07_1_0693,Left Hand Tool,Tweezers,0.9988,0.8944,1080,1920
test,04_1_0857,Left Hand Tool,Forceps,0.9961,0.9255,1080,1920
test,05_2_0005,Right Hand Tool,Mouth Gag,0.2497,0.2497,1080,1920
test,07_1_1004,Right Hand Tool,Bipolar Forceps,0.9311,0.5513,1080,1920
test,04_1_0524,Left Hand Tool,Gauze,1.0,1.0,1080,1920
test,04_1_1400,Right Hand Tool,Gauze,0.9961,0.9961,1080,1920
test,04_1_1378,Right Hand Tool,Needle Holders,0.9907,0.9907,1080,1920
test,04_1_1680,Left Hand Tool,Tweezers,0.9703,0.9703,1080,1920
test,07_1_1334,Left Hand Tool,Tweezers,0.9982,0.9982,1080,1920
test,07_1_0362,Right Hand Tool,Scissors,1.0,1.0,1080,1920
test,04_1_1375,Left Hand Tool,Tweezers,0.957,0.957,1080,1920
test,07_1_1587,Right Hand Tool,Forceps,0.9994,0.9994,1080,1920
test,07_1_1418,Left Hand Tool,Tweezers,1.0,1.0,1080,1920
test,07_1_0359,Left Hand Tool,Gauze,0.9997,0.6575,1080,1920
test,07_1_0448,Left Hand Tool,Tweezers,1.0,0.7136,1080,1920
test,07_1_0546,Right Hand Tool,Scissors,0.8619,0.8619,1080,1920
test,04_1_1002,Left Hand Tool,Forceps,1.0,0.8,1080,1920
test,07_1_0529,Right Hand Tool,Forceps,0.9988,0.9988,1080,1920
test,04_1_1453,Right Hand Tool,Needle Holders,0.9852,0.9852,1080,1920
test,05_2_0155,Two Hands Tool,Tweezers,0.9844,0.4722,1080,1920
test,04_1_1541,Right Hand Tool,Needle Holders,0.9611,0.9611,1080,1920
test,04_1_1552,Right Hand Tool,Needle Holders,0.9982,0.9982,1080,1920
test,04_1_1514,Right Hand Tool,Needle Holders,0.9722,0.9722,1080,1920
test,04_1_1580,Right Hand Tool,Tweezers,0.0,0.0,1080,1920
test,07_1_1168,Right Hand Tool,Needle Holders,0.9981,0.5753,1080,1920
test,07_1_1207,Right Hand Tool,Tweezers,0.9774,0.9774,1080,1920
test,04_1_1289,Right Hand Tool,Gauze,0.9968,0.9968,1080,1920
test,04_1_0747,Left Hand Tool,Retractor,0.9747,0.6391,1080,1920
test,07_1_1324,Two Hands Tool,Forceps,0.0,0.0,1080,1920
test,04_1_0820,Left Hand Tool,Forceps,0.9931,0.9931,1080,1920
test,07_1_1445,Right Hand Tool,Needle Holders,0.9687,0.9467,1080,1920
test,04_1_1525,Left Hand Tool,Tweezers,1.0,1.0,1080,1920
test,04_1_1033,Right Hand Tool,Forceps,0.956,0.956,1080,1920
test,04_1_0803,Two Hands Tool,Forceps,0.9738,0.9738,1080,1920
test,04_1_1472,Left Hand Tool,Tweezers,1.0,1.0,1080,1920
test,07_1_1176,Left Hand Tool,Tweezers,0.9953,0.9953,1080,1920
test,04_1_0867,Right Hand Tool,Electric Cautery,0.9864,0.9864,1080,1920
test,04_1_1582,Right Hand Tool,Needle Holders,1.0,1.0,1080,1920
test,07_1_0723,Left Hand Tool,Forceps,0.7731,0.7731,1080,1920
test,07_1_1591,Right Hand Tool,Forceps,0.9396,0.9396,1080,1920
test,04_1_1565,Right Hand Tool,Needle Holders,0.9852,0.9852,1080,1920
test,04_1_1445,Right Hand Tool,Needle Holders,0.9974,0.997,1080,1920
test,07_1_0723,Right Hand Tool,Tweezers,0.9954,0.9954,1080,1920
test,04_1_1269,Left Hand Tool,Retractor,0.4828,0.4773,1080,1920
test,04_1_1127,Two Hands Tool,Scalpel,0.994,0.994,1080,1920
test,04_1_0560,Right Hand Tool,Syringe,0.999,0.999,1080,1920
test,07_1_1604,Left Hand Tool,Forceps,0.0,0.0,1080,1920
test,05_2_0199,Right Hand Tool,Tweezers,0.9896,0.6896,1080,1920
test,04_1_1216,Left Hand Tool,Tweezers,1.0,1.0,1080,1920
test,04_1_0547,Two Hands Tool,Syringe,1.0,1.0,1080,1920
test,04_1_1257,Left Hand Tool,Syringe,0.2313,0.2313,1080,1920
test,07_1_0781,Right Hand Tool,Needle Holders,0.9981,0.3577,1080,1920
test,04_1_0526,Right Hand Tool,Syringe,1.0,1.0,1080,1920
test,04_1_1629,Left Hand Tool,Tweezers,0.9951,0.9951,1080,1920
test,07_1_0806,Left Hand Tool,Forceps,0.944,0.1089,1080,1920
test,07_1_1610,Right Hand Tool,Forceps,0.9094,0.9094,1080,1920
test,04_1_0825,Right Hand Tool,Forceps,0.9285,0.9285,1080,1920
test,07_1_0634,Left Hand Tool,Scissors,0.9969,0.0253,1080,1920
test,04_1_0704,Right Hand Tool,Electric Cautery,0.9416,0.9416,1080,1920
test,04_1_1642,Right Hand Tool,Needle Holders,0.9942,0.9942,1080,1920
test,07_1_1194,Right Hand Tool,Tweezers,1.0,1.0,1080,1920
test,07_1_0755,Right Hand Tool,Needle Holders,1.0,0.9986,1080,1920
test,04_1_1186,Left Hand Tool,Retractor,0.9754,0.9754,1080,1920
test,04_1_0614,Left Hand Tool,Retractor,1.0,1.0,1080,1920
test,04_1_1404,Right Hand Tool,Needle Holders,0.8303,0.8303,1080,1920
test,04_1_0795,Left Hand Tool,Forceps,0.9831,0.9681,1080,1920
test,04_1_0669,Two Hands Tool,Forceps,0.9996,0.9996,1080,1920
test,07_1_0706,Right Hand Tool,Gauze,0.9962,0.5782,1080,1920
test,07_1_0438,Left Hand Tool,Gauze,0.9991,0.8562,1080,1920
test,07_1_0271,Right Hand Tool,Scalpel,0.9968,0.9968,1080,1920
test,04_1_0529,Two Hands Tool,Syringe,1.0,1.0,1080,1920
test,04_1_0837,Two Hands Tool,Forceps,0.899,0.899,1080,1920
test,04_1_0995,Right Hand Tool,Electric Cautery,0.997,0.997,1080,1920
test,07_1_1253,Right Hand Tool,Needle Holders,0.9957,0.9957,1080,1920
test,07_1_1024,Left Hand Tool,Tweezers,0.9161,0.9149,1080,1920
test,07_1_1181,Right Hand Tool,Needle Holders,0.9877,0.9877,1080,1920
test,07_1_1464,Left Hand Tool,Tweezers,0.9988,0.4146,1080,1920
test,04_1_1383,Left Hand Tool,Tweezers,0.9972,0.9972,1080,1920
test,05_2_0220,Right Hand Tool,Tweezers,0.9984,0.2922,1080,1920
test,07_1_0744,Left Hand Tool,Forceps,0.9589,0.8352,1080,1920
test,04_1_0773,Right Hand Tool,Forceps,0.9978,0.863,1080,1920
test,04_1_1495,Left Hand Tool,Tweezers,0.9965,0.9965,1080,1920
test,07_1_0622,Left Hand Tool,Forceps,0.9775,0.9775,1080,1920
test,04_1_0619,Right Hand Tool,Electric Cautery,0.9984,0.9984,1080,1920
test,07_1_1553,Left Hand Tool,Forceps,0.1977,0.0142,1080,1920
test,07_1_0520,Left Hand Tool,Tweezers,0.8512,0.8512,1080,1920
test,04_1_1571,Right Hand Tool,Needle Holders,0.9997,0.9997,1080,1920
test,04_1_0894,Right Hand Tool,Scissors,0.9878,0.4348,1080,1920
test,04_1_1412,Right Hand Tool,Needle Holders,0.9969,0.9969,1080,1920
test,04_1_1644,Right Hand Tool,Needle Holders,0.9364,0.9364,1080,1920
test,07_1_1613,Left Hand Tool,Forceps,0.9616,0.9616,1080,1920
test,04_1_0864,Left Hand Tool,Forceps,0.9931,0.8431,1080,1920
test,07_1_0992,Left Hand Tool,Tweezers,0.9986,0.9576,1080,1920
test,04_1_1511,Right Hand Tool,Needle Holders,0.8252,0.8086,1080,1920
test,07_1_1072,Left Hand Tool,Tweezers,0.9978,0.9978,1080,1920
test,04_1_1616,Right Hand Tool,Needle Holders,1.0,1.0,1080,1920
test,07_1_1557,Left Hand Tool,Needle Holders,0.9987,0.9987,1080,1920
test,04_1_1229,Left Hand Tool,Tweezers,0.9858,0.1543,1080,1920
test,04_1_1460,Left Hand Tool,Tweezers,0.9904,0.9904,1080,1920
test,07_1_1229,Left Hand Tool,Tweezers,1.0,1.0,1080,1920
test,04_1_1494,Left Hand Tool,Tweezers,0.9927,0.9927,1080,1920
test,07_1_1222,Left Hand Tool,Needle Holders,0.4673,0.4673,1080,1920
test,04_1_0605,Left Hand Tool,Retractor,1.0,1.0,1080,1920
test,05_2_0200,Right Hand Tool,Tweezers,0.9979,0.8252,1080,1920
test,07_1_0331,Left Hand Tool,Tweezers,0.9955,0.2036,1080,1920
test,07_1_0621,Right Hand Tool,Forceps,0.9754,0.1113,1080,1920
test,07_1_0496,Right Hand Tool,Scissors,0.9638,0.9638,1080,1920
test,07_1_0936,Right Hand Tool,Scalpel,0.9454,0.9454,1080,1920
test,07_1_0948,Left Hand Tool,Suction Cannula,0.9553,0.9055,1080,1920
test,04_1_0514,Two Hands Tool,Syringe,1.0,1.0,1080,1920
test,07_1_1504,Right Hand Tool,Tweezers,0.0756,0.0756,1080,1920
test,07_1_1016,Left Hand Tool,Tweezers,0.9835,0.9835,1080,1920
test,04_1_1670,Left Hand Tool,Needle Holders,0.0,0.0,1080,1920
test,04_1_1517,Right Hand Tool,Needle Holders,0.9848,0.9848,1080,1920
test,04_1_1605,Left Hand Tool,Tweezers,0.9909,0.9909,1080,1920
test,04_1_0678,Right Hand Tool,Gauze,0.9982,0.8188,1080,1920
test,04_1_0930,Right Hand Tool,Retractor,0.8925,0.7603,1080,1920
test,07_1_1383,Right Hand Tool,Scissors,0.9976,0.9976,1080,1920
test,04_1_0788,Two Hands Tool,Forceps,0.9753,0.9753,1080,1920
test,07_1_0262,Left Hand Tool,Gauze,1.0,0.9908,1080,1920
test,04_1_0831,Two Hands Tool,Forceps,0.9959,0.9959,1080,1920
test,07_1_0448,Right Hand Tool,Scissors,0.9945,0.8464,1080,1920
test,07_1_1558,Left Hand Tool,Needle Holders,0.9934,0.9934,1080,1920
test,05_2_0002,Left Hand Tool,Tweezers,0.971,0.971,1080,1920
test,04_1_1023,Right Hand Tool,Forceps,0.9865,0.9865,1080,1920
test,07_1_1258,Left Hand Tool,Tweezers,0.9928,0.9928,1080,1920
test,04_1_1440,Left Hand Tool,Tweezers,0.994,0.994,1080,1920
test,04_1_0895,Right Hand Tool,Forceps,0.9959,0.9646,1080,1920
test,04_1_0753,Two Hands Tool,Forceps,0.9896,0.9896,1080,1920
test,04_1_0733,Left Hand Tool,Retractor,1.0,1.0,1080,1920
test,04_1_0851,Two Hands Tool,Forceps,0.9978,0.9978,1080,1920
test,04_1_0860,Right Hand Tool,Forceps,0.864,0.864,1080,1920
test,07_1_1275,Left Hand Tool,Tweezers,0.9369,0.9369,1080,1920
test,04_1_0589,Right Hand Tool,Scalpel,0.9997,0.9997,1080,1920
test,07_1_1169,Left Hand Tool,Tweezers,0.9899,0.7875,1080,1920
test,04_1_1438,Left Hand Tool,Tweezers,0.9755,0.9755,1080,1920
test,07_1_1636,Right Hand Tool,Suction Cannula,0.9266,0.9266,1080,1920
test,04_1_0620,Left Hand Tool,Tweezers,0.9872,0.9872,1080,1920
test,07_1_0466,Left Hand Tool,Tweezers,0.9917,0.9685,1080,1920
test,04_1_1242,Right Hand Tool,Retractor,1.0,1.0,1080,1920
test,04_1_1226,Right Hand Tool,Electric Cautery,0.9916,0.9624,1080,1920
test,04_1_1279,Left Hand Tool,Syringe,0.1963,0.1963,1080,1920
test,04_1_0611,Left Hand Tool,Retractor,0.9069,0.9069,1080,1920
test,04_1_0660,Right Hand Tool,Electric Cautery,0.9992,0.9992,1080,1920
test,04_1_0926,Right Hand Tool,Retractor,0.9849,0.9849,1080,1920
test,07_1_0262,Right Hand Tool,Scalpel,1.0,0.9811,1080,1920
test,04_1_0880,Right Hand Tool,Forceps,0.9985,0.9985,1080,1920
test,04_1_1273,Left Hand Tool,Syringe,0.5427,0.5427,1080,1920
test,04_1_0838,Two Hands Tool,Forceps,0.9831,0.9831,1080,1920
test,07_1_0135,Left Hand Tool,Syringe,0.9737,0.9737,1080,1920
test,07_1_0549,Left Hand Tool,Tweezers,0.9789,0.7327,1080,1920
test,04_1_0866,Right Hand Tool,Electric Cautery,0.9981,0.9981,1080,1920
test,07_1_1062,Right Hand Tool,Bipolar Forceps,0.9742,0.6338,1080,1920
test,07_1_0160,Left Hand Tool,Gauze,0.9607,0.1369,1080,1920
test,04_1_1272,Right Hand Tool,Syringe,0.9982,0.9982,1080,1920
test,04_1_0999,Left Hand Tool,Forceps,0.9537,0.9527,1080,1920
test,07_1_0721,Left Hand Tool,Tweezers,0.9827,0.9824,1080,1920
test,04_1_1225,Left Hand Tool,Tweezers,0.9989,0.9989,1080,1920
test,07_1_1307,Right Hand Tool,Tweezers,0.7725,0.7725,1080,1920
test,04_1_1206,Right Hand Tool,Electric Cautery,0.9901,0.9901,1080,1920
test,07_1_0988,Right Hand Tool,Bipolar Forceps,0.9966,0.9869,1080,1920
test,07_1_0322,Left Hand Tool,Tweezers,0.9947,0.0645,1080,1920
test,07_1_1550,Left Hand Tool,Needle Holders,0.2708,0.0718,1080,1920
test,07_1_0546,Left Hand Tool,Tweezers,0.9259,0.9259,1080,1920
test,07_1_1068,Left Hand Tool,Tweezers,0.9993,0.9974,1080,1920
test,07_1_1262,Left Hand Tool,Tweezers,0.9905,0.9872,1080,1920
test,07_1_1032,Left Hand Tool,Tweezers,1.0,1.0,1080,1920
test,05_2_0209,Two Hands Tool,Tweezers,0.9946,0.4037,1080,1920
test,07_1_0423,Left Hand Tool,Gauze,0.9997,0.6841,1080,1920
test,04_1_0941,Right Hand Tool,Forceps,0.9996,0.9996,1080,1920
test,07_1_1227,Right Hand Tool,Needle Holders,0.9989,0.9989,1080,1920
test,04_1_0671,Left Hand Tool,Gauze,0.9991,0.9991,1080,1920
test,04_1_0620,Right Hand Tool,Electric Cautery,1.0,1.0,1080,1920
test,04_1_1418,Right Hand Tool,Needle Holders,0.9972,0.9972,1080,1920
test,04_1_0764,Left Hand Tool,Retractor,1.0,0.0962,1080,1920
test,04_1_0603,Left Hand Tool,Retractor,1.0,1.0,1080,1920
test,04_1_0952,Two Hands Tool,Forceps,0.9445,0.9445,1080,1920
test,07_1_0140,Left Hand Tool,Gauze,0.9854,0.5125,1080,1920
test,04_1_0618,Left Hand Tool,Tweezers,0.9994,0.9994,1080,1920
test,04_1_1241,Right Hand Tool,Retractor,1.0,1.0,1080,1920
test,07_1_0549,Right Hand Tool,Scissors,0.9479,0.9479,1080,1920
test,05_2_0169,Two Hands Tool,Tweezers,0.9936,0.5224,1080,1920
test,07_1_0314,Right Hand Tool,Hook,0.999,0.7752,1080,1920
test,04_1_1397,Right Hand Tool,Needle Holders,0.8644,0.8644,1080,1920
test,04_1_1461,Right Hand Tool,Needle Holders,0.9165,0.9165,1080,1920
test,07_1_1025,Left Hand Tool,Tweezers,1.0,0.982,1080,1920
test,07_1_0294,Left Hand Tool,Gauze,1.0,0.4115,1080,1920
test,07_1_0946,Left Hand Tool,Gauze,0.9949,0.8858,1080,1920
test,07_1_0420,Left Hand Tool,Tweezers,1.0,0.311,1080,1920
test,07_1_0783,Left Hand Tool,Tweezers,0.9968,0.9826,1080,1920
test,04_1_1224,Right Hand Tool,Electric Cautery,0.9983,0.9983,1080,1920
test,07_1_0760,Left Hand Tool,Tweezers,0.9844,0.9844,1080,1920
test,07_1_0332,Left Hand Tool,Gauze,0.9997,0.0,1080,1920
test,07_1_1552,Left Hand Tool,Needle Holders,0.1095,0.081,1080,1920
test,04_1_1122,Right Hand Tool,Scalpel,0.9916,0.9916,1080,1920
test,04_1_1204,Left Hand Tool,Forceps,0.9925,0.9925,1080,1920
test,04_1_1591,Right Hand Tool,Needle Holders,1.0,1.0,1080,1920
test,04_1_1513,Left Hand Tool,Tweezers,0.9812,0.9812,1080,1920
test,04_1_1513,Right Hand Tool,Needle Holders,0.9557,0.9557,1080,1920
test,04_1_0609,Right Hand Tool,Retractor,0.9557,0.9557,1080,1920
test,04_1_1477,Left Hand Tool,Tweezers,1.0,0.426,1080,1920
test,04_1_1472,Right Hand Tool,Needle Holders,1.0,1.0,1080,1920
test,07_1_0435,Right Hand Tool,Bipolar Forceps,0.9994,0.9676,1080,1920
test,04_1_0846,Left Hand Tool,Forceps,0.9595,0.9595,1080,1920
test,04_1_1409,Left Hand Tool,Tweezers,0.988,0.9849,1080,1920
test,04_1_0628,Right Hand Tool,Electric Cautery,0.9904,0.9904,1080,1920
test,07_1_0487,Right Hand Tool,Gauze,0.9935,0.9935,1080,1920
test,04_1_0975,Right Hand Tool,Forceps,0.992,0.992,1080,1920
test,07_1_0505,Left Hand Tool,Tweezers,0.9987,0.9987,1080,1920
test,05_2_0151,Two Hands Tool,Tweezers,0.9495,0.5377,1080,1920
test,04_1_1262,Left Hand Tool,Syringe,0.1149,0.1149,1080,1920
test,07_1_1605,Right Hand Tool,Forceps,0.1076,0.0041,1080,1920
test,07_1_0619,Right Hand Tool,Forceps,1.0,1.0,1080,1920
test,04_1_0799,Left Hand Tool,Forceps,1.0,0.9354,1080,1920
test,04_1_1039,Right Hand Tool,Electric Cautery,1.0,1.0,1080,1920
test,07_1_0495,Right Hand Tool,Suction Cannula,1.0,1.0,1080,1920
test,04_1_0537,Right Hand Tool,Syringe,1.0,1.0,1080,1920
test,07_1_0433,Left Hand Tool,Gauze,0.9999,0.9265,1080,1920
test,04_1_1516,Right Hand Tool,Needle Holders,0.9808,0.9808,1080,1920
test,07_1_0438,Right Hand Tool,Bipolar Forceps,0.9989,0.8769,1080,1920
test,07_1_1493,Right Hand Tool,Needle Holders,0.9974,0.9974,1080,1920
test,07_1_0552,Left Hand Tool,Tweezers,1.0,1.0,1080,1920
test,07_1_0469,Left Hand Tool,Forceps,0.9952,0.7128,1080,1920
test,05_2_0197,Right Hand Tool,Tweezers,1.0,0.998,1080,1920
test,07_1_1075,Right Hand Tool,Bipolar Forceps,0.9994,0.9948,1080,1920
test,04_1_1227,Right Hand Tool,Electric Cautery,0.9976,0.9976,1080,1920
test,07_1_0477,Left Hand Tool,Tweezers,0.9958,0.9958,1080,1920
test,07_1_0630,Left Hand Tool,Forceps,0.9939,0.9591,1080,1920
test,07_1_1341,Left Hand Tool,Tweezers,0.9999,0.9999,1080,1920
test,07_1_0933,Right Hand Tool,Scalpel,0.9927,0.9927,1080,1920
test,04_1_0639,Right Hand Tool,Forceps,0.9985,0.9985,1080,1920
test,07_1_0956,Left Hand Tool,Forceps,0.9887,0.9887,1080,1920
test,04_1_1270,Right Hand Tool,Retractor,0.9967,0.9967,1080,1920
test,04_1_1371,Right Hand Tool,Needle Holders,0.991,0.986,1080,1920
test,07_1_0754,Left Hand Tool,Tweezers,0.9933,0.8602,1080,1920
test,04_1_1240,Right Hand Tool,Retractor,0.9927,0.9874,1080,1920
test,07_1_1449,Right Hand Tool,Needle Holders,0.9968,0.8374,1080,1920
test,04_1_0961,Two Hands Tool,Forceps,0.9694,0.9694,1080,1920
test,07_1_0631,Right Hand Tool,Forceps,0.9803,0.5337,1080,1920
test,07_1_1418,Right Hand Tool,Scissors,0.9963,0.9735,1080,1920
test,04_1_1593,Right Hand Tool,Needle Holders,0.9852,0.9704,1080,1920
test,07_1_1620,Left Hand Tool,Forceps,0.9707,0.4227,1080,1920
test,07_1_1339,Left Hand Tool,Tweezers,0.9782,0.9782,1080,1920
test,04_1_1279,Right Hand Tool,Syringe,0.9996,0.9996,1080,1920
test,07_1_1106,Right Hand Tool,Syringe,0.9968,0.405,1080,1920
test,07_1_0441,Right Hand Tool,Bipolar Forceps,0.9939,0.7144,1080,1920
test,04_1_1487,Right Hand Tool,Needle Holders,0.9737,0.8507,1080,1920
test,07_1_0545,Right Hand Tool,Suction Cannula,0.9983,0.9983,1080,1920
test,07_1_0581,Left Hand Tool,Gauze,0.9932,0.9932,1080,1920
test,07_1_1155,Right Hand Tool,Needle Holders,0.9877,0.9877,1080,1920
test,07_1_1010,Right Hand Tool,Bipolar Forceps,1.0,0.9986,1080,1920
test,04_1_1381,Right Hand Tool,Needle Holders,0.9997,0.9997,1080,1920
test,07_1_1600,Right Hand Tool,Forceps,1.0,1.0,1080,1920
test,07_1_0476,Right Hand Tool,Scissors,0.9925,0.9925,1080,1920
test,05_2_0063,Left Hand Tool,Mouth Gag,1.0,1.0,1080,1920
test,07_1_1457,Left Hand Tool,Tweezers,0.9994,0.9994,1080,1920
test,04_1_1449,Left Hand Tool,Tweezers,0.9983,0.9978,1080,1920
test,05_2_0056,Right Hand Tool,Tweezers,0.0,0.0,1080,1920
test,07_1_1262,Right Hand Tool,Needle Holders,0.9988,0.9928,1080,1920
test,04_1_0841,Left Hand Tool,Forceps,0.9861,0.3935,1080,1920
test,07_1_0336,Right Hand Tool,Scissors,0.9845,0.8059,1080,1920
test,04_1_1659,Right Hand Tool,Needle Holders,0.9606,0.9606,1080,1920
test,07_1_1103,Two Hands Tool,Syringe,1.0,1.0,1080,1920
test,04_1_0755,Two Hands Tool,Forceps,0.941,0.941,1080,1920
test,04_1_1615,Left Hand Tool,Tweezers,0.9922,0.9922,1080,1920
test,04_1_0629,Right Hand Tool,Electric Cautery,1.0,1.0,1080,1920
test,07_1_1482,Left Hand Tool,Tweezers,0.977,0.977,1080,1920
test,04_1_0760,Two Hands Tool,Forceps,0.9824,0.9824,1080,1920
test,04_1_1124,Right Hand Tool,Scalpel,1.0,1.0,1080,1920
test,05_2_0215,Right Hand Tool,Tweezers,0.9444,0.3768,1080,1920
test,07_1_1394,Left Hand Tool,Tweezers,0.9853,0.9853,1080,1920
test,07_1_1256,Left Hand Tool,Tweezers,0.9818,0.9818,1080,1920
test,07_1_0679,Left Hand Tool,Tweezers,0.9779,0.9779,1080,1920
test,07_1_1299,Left Hand Tool,Tweezers,1.0,0.9089,1080,1920
test,07_1_0754,Right Hand Tool,Needle Holders,0.9968,0.9968,1080,1920
test,07_1_0511,Left Hand Tool,Tweezers,0.982,0.8729,1080,1920
test,07_1_0571,Right Hand Tool,Bipolar Forceps,0.9952,0.7482,1080,1920
test,07_1_1237,Right Hand Tool,Gauze,0.9869,0.9869,1080,1920
test,07_1_1256,Right Hand Tool,Needle Holders,0.9953,0.9953,1080,1920
test,04_1_1624,Left Hand Tool,Tweezers,0.9794,0.9794,1080,1920
test,07_1_1307,Left Hand Tool,Tweezers,0.0,0.0,1080,1920
test,07_1_1007,Left Hand Tool,Tweezers,0.9951,0.9951,1080,1920
test,07_1_0542,Left Hand Tool,Tweezers,0.9349,0.8839,1080,1920
test,05_2_0059,Two Hands Tool,Mouth Gag,0.5296,0.5296,1080,1920
test,04_1_0600,Right Hand Tool,Retractor,1.0,1.0,1080,1920
test,04_1_0583,Two Hands Tool,Scalpel,0.9994,0.9994,1080,1920
test,07_1_0962,Left Hand Tool,Forceps,0.9274,0.9274,1080,1920
test,07_1_1208,Right Hand Tool,Tweezers,0.9856,0.9856,1080,1920
test,04_1_0673,Right Hand Tool,Forceps,0.9999,0.9999,1080,1920
test,05_2_0051,Right Hand Tool,Mouth Gag,0.8123,0.8123,1080,1920
test,07_1_1547,Right Hand Tool,Forceps,0.9925,0.9925,1080,1920
test,07_1_1348,Left Hand Tool,Tweezers,0.9851,0.9851,1080,1920
test,04_1_1450,Right Hand Tool,Needle Holders,0.9663,0.9663,1080,1920
test,05_2_0009,Left Hand Tool,Tweezers,0.9979,0.9979,1080,1920
test,07_1_1346,Two Hands Tool,Tweezers,0.0114,0.0114,1080,1920
test,04_1_1448,Left Hand Tool,Tweezers,0.9978,0.9978,1080,1920
test,04_1_1373,Left Hand Tool,Tweezers,0.9596,0.9596,1080,1920
test,07_1_0541,Right Hand Tool,Scissors,0.9273,0.9125,1080,1920
test,04_1_1493,Left Hand Tool,Tweezers,0.9876,0.9876,1080,1920
test,04_1_1470,Right Hand Tool,Needle Holders,0.9705,0.9705,1080,1920
test,04_1_0737,Right Hand Tool,Forceps,0.9794,0.9483,1080,1920
test,07_1_0293,Right Hand Tool,Scalpel,0.9935,0.9148,1080,1920
test,07_1_0683,Right Hand Tool,Bipolar Forceps,0.9966,0.8684,1080,1920
test,04_1_0685,Right Hand Tool,Gauze,0.9969,0.9969,1080,1920
test,07_1_1024,Right Hand Tool,Bipolar Forceps,1.0,0.6801,1080,1920
test,04_1_1252,Right Hand Tool,Retractor,0.0,0.0,1080,1920
test,04_1_1471,Left Hand Tool,Tweezers,1.0,1.0,1080,1920
test,07_1_0585,Right Hand Tool,Scissors,1.0,1.0,1080,1920
test,04_1_0650,Right Hand Tool,Forceps,0.9931,0.9931,1080,1920
test,07_1_0321,Right Hand Tool,Hook,0.9161,0.5733,1080,1920
test,07_1_0728,Right Hand Tool,Scissors,0.9901,0.7711,1080,1920
test,07_1_1562,Right Hand Tool,Forceps,0.9761,0.9761,1080,1920
test,04_1_1650,Right Hand Tool,Needle Holders,0.9854,0.9854,1080,1920
test,07_1_1544,Left Hand Tool,Tweezers,0.0169,0.0158,1080,1920
test,07_1_0928,Left Hand Tool,Forceps,0.997,0.3623,1080,1920
test,07_1_0299,Left Hand Tool,Gauze,0.9982,0.4099,1080,1920
test,04_1_0714,Right Hand Tool,Gauze,0.9998,0.9475,1080,1920
test,07_1_1022,Left Hand Tool,Tweezers,1.0,0.9579,1080,1920
test,04_1_1638,Right Hand Tool,Needle Holders,0.984,0.984,1080,1920
test,07_1_1571,Right Hand Tool,Needle Holders,0.9692,0.9692,1080,1920
test,04_1_0935,Left Hand Tool,Forceps,0.9902,0.9902,1080,1920
test,04_1_1559,Left Hand Tool,Tweezers,0.995,0.995,1080,1920
test,04_1_1535,Left Hand Tool,Tweezers,0.9808,0.9808,1080,1920
test,07_1_0342,Left Hand Tool,Tweezers,0.9957,0.0348,1080,1920
test,07_1_1163,Right Hand Tool,Needle Holders,0.9922,0.9922,1080,1920
test,07_1_1293,Left Hand Tool,Tweezers,1.0,1.0,1080,1920
test,04_1_0759,Two Hands Tool,Forceps,0.9827,0.9378,1080,1920
test,07_1_0561,Right Hand Tool,Bipolar Forceps,0.977,0.9168,1080,1920
test,07_1_1023,Right Hand Tool,Bipolar Forceps,0.9945,0.9743,1080,1920
test,07_1_0312,Right Hand Tool,Hook,0.9964,0.7404,1080,1920
test,04_1_0532,Two Hands Tool,Syringe,1.0,1.0,1080,1920
test,07_1_0517,Right Hand Tool,Scissors,0.9928,0.9928,1080,1920
test,04_1_1576,Right Hand Tool,Needle Holders,0.9814,0.9814,1080,1920
test,04_1_1542,Right Hand Tool,Needle Holders,0.9622,0.9457,1080,1920
test,04_1_1258,Left Hand Tool,Syringe,0.1676,0.1676,1080,1920
test,04_1_0588,Left Hand Tool,Gauze,0.9972,0.2705,1080,1920
test,07_1_1172,Left Hand Tool,Tweezers,0.9959,0.9959,1080,1920
test,04_1_0739,Left Hand Tool,Retractor,1.0,1.0,1080,1920
test,04_1_0818,Two Hands Tool,Forceps,1.0,1.0,1080,1920
test,07_1_0826,Right Hand Tool,Forceps,0.9732,0.0722,1080,1920
test,04_1_1203,Left Hand Tool,Retractor,0.9608,0.9445,1080,1920
test,04_1_0817,Right Hand Tool,Forceps,0.9628,0.9628,1080,1920
test,04_1_1578,Left Hand Tool,Tweezers,0.998,0.998,1080,1920
test,04_1_1378,Left Hand Tool,Tweezers,0.9957,0.9957,1080,1920
test,07_1_0999,Left Hand Tool,Tweezers,0.9714,0.9401,1080,1920
test,04_1_1608,Right Hand Tool,Needle Holders,0.9896,0.9896,1080,1920
test,04_1_0741,Right Hand Tool,Gauze,0.9884,0.9877,1080,1920
test,07_1_1435,Left Hand Tool,Tweezers,0.9931,0.9931,1080,1920
test,04_1_1548,Right Hand Tool,Needle Holders,0.9514,0.9227,1080,1920
test,04_1_1553,Left Hand Tool,Tweezers,0.9842,0.9842,1080,1920
test,07_1_0266,Right Hand Tool,Scalpel,0.9942,0.9353,1080,1920
test,07_1_1001,Left Hand Tool,Tweezers,1.0,0.9152,1080,1920
test,04_1_1410,Left Hand Tool,Tweezers,1.0,1.0,1080,1920
test,04_1_0653,Two Hands Tool,Forceps,0.9608,0.9608,1080,1920
test,04_1_0894,Left Hand Tool,Retractor,0.916,0.916,1080,1920
test,04_1_1603,Right Hand Tool,Needle Holders,0.9949,0.9949,1080,1920
test,07_1_0353,Right Hand Tool,Scissors,0.9963,0.0,1080,1920
test,04_1_0811,Right Hand Tool,Forceps,1.0,1.0,1080,1920
test,07_1_0570,Left Hand Tool,Gauze,1.0,0.8652,1080,1920
test,05_2_0002,Right Hand Tool,Mouth Gag,0.5313,0.5313,1080,1920
test,07_1_0937,Left Hand Tool,Gauze,0.9997,0.5925,1080,1920
test,07_1_1411,Left Hand Tool,Tweezers,0.926,0.926,1080,1920
test,07_1_0741,Left Hand Tool,Tweezers,0.974,0.9291,1080,1920
test,07_1_0289,Right Hand Tool,Scalpel,1.0,1.0,1080,1920
test,07_1_1161,Left Hand Tool,Tweezers,1.0,1.0,1080,1920
test,04_1_0683,Left Hand Tool,Forceps,0.9939,0.9939,1080,1920
test,07_1_0417,Right Hand Tool,Scissors,0.9979,0.5767,1080,1920
test,05_2_0196,Right Hand Tool,Tweezers,0.9989,0.9907,1080,1920
test,07_1_1347,Right Hand Tool,Gauze,0.9909,0.9909,1080,1920
test,04_1_0823,Right Hand Tool,Forceps,0.9997,0.9997,1080,1920
test,05_2_0218,Right Hand Tool,Tweezers,0.9984,0.5828,1080,1920
test,07_1_0466,Right Hand Tool,Scissors,1.0,1.0,1080,1920
test,07_1_0974,Left Hand Tool,Forceps,0.9664,0.953,1080,1920
test,04_1_0642,Left Hand Tool,Electric Cautery,1.0,1.0,1080,1920
test,07_1_0763,Right Hand Tool,Forceps,0.9959,0.9959,1080,1920
test,07_1_0702,Right Hand Tool,Gauze,0.9753,0.6584,1080,1920
test,07_1_0703,Left Hand Tool,Tweezers,0.9927,0.9927,1080,1920
test,07_1_0534,Left Hand Tool,Forceps,0.9996,0.8001,1080,1920
test,04_1_1518,Right Hand Tool,Needle Holders,0.9829,0.9829,1080,1920
test,04_1_0783,Left Hand Tool,Gauze,0.9687,0.9687,1080,1920
test,04_1_0833,Right Hand Tool,Forceps,1.0,1.0,1080,1920
test,04_1_0916,Two Hands Tool,Forceps,0.9097,0.8448,1080,1920
test,07_1_1293,Right Hand Tool,Needle Holders,0.9966,0.9966,1080,1920
test,04_1_0657,Right Hand Tool,Electric Cautery,0.9985,0.9985,1080,1920
test,04_1_1367,Right Hand Tool,Needle Holders,0.9939,0.6401,1080,1920
test,04_1_1521,Right Hand Tool,Needle Holders,0.9664,0.9664,1080,1920
test,04_1_0612,Right Hand Tool,Retractor,0.9407,0.9407,1080,1920
test,07_1_1578,Left Hand Tool,Forceps,0.1707,0.0672,1080,1920
test,07_1_0418,Left Hand Tool,Tweezers,0.9986,0.3546,1080,1920
test,07_1_1627,Right Hand Tool,Suction Cannula,0.9979,0.9979,1080,1920
test,07_1_1506,Right Hand Tool,Tweezers,0.1196,0.0945,1080,1920
test,04_1_1468,Right Hand Tool,Needle Holders,0.8711,0.8711,1080,1920
test,04_1_0563,Left Hand Tool,Gauze,0.9932,0.9932,1080,1920
test,04_1_1454,Right Hand Tool,Needle Holders,0.9894,0.9894,1080,1920
test,07_1_0701,Right Hand Tool,Scissors,0.9988,0.9671,1080,1920
test,07_1_1483,Right Hand Tool,Needle Holders,0.9675,0.9675,1080,1920
test,04_1_1009,Left Hand Tool,Forceps,0.9901,0.9889,1080,1920
test,07_1_0705,Right Hand Tool,Gauze,0.9816,0.7864,1080,1920
test,04_1_1435,Left Hand Tool,Tweezers,0.9735,0.9735,1080,1920
test,07_1_1383,Left Hand Tool,Tweezers,1.0,1.0,1080,1920
test,07_1_0433,Right Hand Tool,Bipolar Forceps,0.997,0.9932,1080,1920
test,07_1_1624,Right Hand Tool,Suction Cannula,0.9801,0.9801,1080,1920
test,07_1_0692,Right Hand Tool,Gauze,0.9985,0.8566,1080,1920
test,04_1_0511,Two Hands Tool,Syringe,0.9739,0.9739,1080,1920
test,04_1_1290,Two Hands Tool,Gauze,0.0212,0.0212,1080,1920
test,07_1_1445,Left Hand Tool,Tweezers,1.0,1.0,1080,1920
test,07_1_1159,Left Hand Tool,Tweezers,0.9917,0.9917,1080,1920
test,04_1_1011,Right Hand Tool,Electric Cautery,1.0,0.9994,1080,1920
test,04_1_0698,Right Hand Tool,Electric Cautery,0.999,0.999,1080,1920
test,04_1_1404,Left Hand Tool,Tweezers,0.9992,0.9992,1080,1920
test,04_1_1510,Left Hand Tool,Tweezers,0.9993,0.9993,1080,1920
test,04_1_0542,Two Hands Tool,Syringe,0.9976,0.9976,1080,1920
test,04_1_1052,Right Hand Tool,Forceps,0.8836,0.8836,1080,1920
test,07_1_1337,Right Hand Tool,Needle Holders,0.9979,0.9979,1080,1920
test,04_1_0613,Right Hand Tool,Retractor,1.0,1.0,1080,1920
test,07_1_1395,Right Hand Tool,Scissors,0.9822,0.9794,1080,1920
test,07_1_1549,Two Hands Tool,Tweezers,0.1866,0.0284,1080,1920
test,04_1_1398,Right Hand Tool,Needle Holders,0.9696,0.9696,1080,1920
test,07_1_1265,Right Hand Tool,Needle Holders,0.9919,0.9735,1080,1920
test,07_1_0364,Left Hand Tool,Gauze,0.9998,0.9413,1080,1920
test,07_1_0562,Left Hand Tool,Gauze,0.9747,0.9747,1080,1920
test,07_1_0864,Right Hand Tool,Tweezers,0.9937,0.9937,1080,1920
test,07_1_1635,Left Hand Tool,Forceps,0.8685,0.3248,1080,1920
test,04_1_0982,Two Hands Tool,Forceps,0.9302,0.9302,1080,1920
test,04_1_1592,Right Hand Tool,Needle Holders,0.9793,0.9778,1080,1920
test,07_1_1392,Right Hand Tool,Scissors,0.9997,0.9997,1080,1920
test,07_1_1043,Right Hand Tool,Bipolar Forceps,0.9987,0.4711,1080,1920
test,04_1_1377,Left Hand Tool,Tweezers,0.9788,0.9788,1080,1920
test,07_1_0467,Left Hand Tool,Gauze,0.9835,0.9835,1080,1920
test,07_1_1415,Right Hand Tool,Scissors,0.9771,0.9701,1080,1920
test,04_1_1465,Left Hand Tool,Tweezers,0.9635,0.9635,1080,1920
test,04_1_1636,Right Hand Tool,Needle Holders,0.9961,0.9961,1080,1920
test,07_1_0258,Two Hands Tool,Gauze,0.9998,0.9998,1080,1920
test,04_1_0573,Right Hand Tool,Scalpel,0.9979,0.9979,1080,1920
test,07_1_0861,Right Hand Tool,Needle Holders,0.9933,0.9933,1080,1920
test,07_1_0440,Left Hand Tool,Gauze,1.0,0.8334,1080,1920
test,07_1_0265,Right Hand Tool,Scalpel,0.9802,0.891,1080,1920
test,05_2_0064,Left Hand Tool,Mouth Gag,1.0,1.0,1080,1920
test,04_1_0745,Left Hand Tool,Retractor,0.9971,0.9971,1080,1920
test,04_1_0991,Two Hands Tool,Forceps,0.9891,0.9891,1080,1920
test,04_1_0600,Left Hand Tool,Retractor,0.9467,0.9467,1080,1920
test,07_1_1290,Left Hand Tool,Tweezers,0.995,0.995,1080,1920
test,04_1_1599,Right Hand Tool,Tweezers,0.9921,0.9921,1080,1920
test,05_2_0212,Right Hand Tool,Tweezers,0.9985,0.7094,1080,1920
test,07_1_0544,Left Hand Tool,Tweezers,0.9944,0.9944,1080,1920
test,04_1_0666,Right Hand Tool,Electric Cautery,0.9981,0.9981,1080,1920
test,07_1_0414,Left Hand Tool,Tweezers,0.9972,0.1367,1080,1920
test,04_1_1516,Left Hand Tool,Tweezers,0.9976,0.9976,1080,1920
test,04_1_0797,Left Hand Tool,Forceps,0.9555,0.9555,1080,1920
test,07_1_1337,Left Hand Tool,Tweezers,1.0,1.0,1080,1920
test,07_1_0149,Left Hand Tool,Gauze,1.0,1.0,1080,1920
test,07_1_0683,Left Hand Tool,Tweezers,1.0,1.0,1080,1920
test,07_1_1007,Right Hand Tool,Bipolar Forceps,0.9651,0.7087,1080,1920
test,07_1_1351,Right Hand Tool,Tweezers,0.9885,0.9885,1080,1920
test,07_1_0335,Right Hand Tool,Hook,0.9978,0.7531,1080,1920
test,04_1_1214,Left Hand Tool,Tweezers,0.9066,0.9066,1080,1920
test,07_1_1207,Left Hand Tool,Gauze,0.0,0.0,1080,1920
test,04_1_0985,Right Hand Tool,Forceps,0.9933,0.9248,1080,1920
test,07_1_0280,Right Hand Tool,Scalpel,1.0,0.7776,1080,1920
test,07_1_0926,Right Hand Tool,Scalpel,0.9933,0.9793,1080,1920
test,07_1_0150,Left Hand Tool,Gauze,0.9983,0.9983,1080,1920
test,04_1_0709,Left Hand Tool,Gauze,0.9999,0.7914,1080,1920
test,07_1_1511,Left Hand Tool,Forceps,0.9076,0.0434,1080,1920
test,04_1_1227,Left Hand Tool,Tweezers,0.9996,0.9996,1080,1920
test,04_1_1195,Left Hand Tool,Retractor,0.9807,0.9807,1080,1920
test,07_1_0278,Left Hand Tool,Gauze,0.9869,0.6018,1080,1920
test,04_1_1038,Left Hand Tool,Forceps,0.9837,0.9837,1080,1920
test,04_1_1420,Right Hand Tool,Needle Holders,0.923,0.9179,1080,1920
test,07_1_1655,Left Hand Tool,Forceps,0.9691,0.9691,1080,1920
test,04_1_1579,Right Hand Tool,Needle Holders,0.989,0.989,1080,1920
test,07_1_0285,Left Hand Tool,Gauze,0.9879,0.7893,1080,1920
test,07_1_0968,Right Hand Tool,Gauze,0.9901,0.5598,1080,1920
test,04_1_0854,Right Hand Tool,Electric Cautery,0.9933,0.9933,1080,1920
test,04_1_1241,Left Hand Tool,Retractor,0.9876,0.979,1080,1920
test,07_1_0544,Right Hand Tool,Scissors,1.0,0.9973,1080,1920
test,04_1_0774,Left Hand Tool,Retractor,0.9767,0.5644,1080,1920
test,07_1_1608,Left Hand Tool,Forceps,0.909,0.1104,1080,1920
test,07_1_1238,Left Hand Tool,Forceps,0.2487,0.2256,1080,1920
test,07_1_1413,Right Hand Tool,Scissors,0.9624,0.9601,1080,1920
test,04_1_1569,Left Hand Tool,Tweezers,0.9991,0.9991,1080,1920
test,07_1_0425,Left Hand Tool,Gauze,0.991,0.5773,1080,1920
test,04_1_0719,Two Hands Tool,Forceps,1.0,1.0,1080,1920
test,04_1_0828,Right Hand Tool,Forceps,1.0,1.0,1080,1920
test,07_1_1417,Left Hand Tool,Tweezers,1.0,1.0,1080,1920
test,07_1_0942,Right Hand Tool,Scalpel,0.9977,0.8708,1080,1920
test,07_1_0434,Left Hand Tool,Gauze,1.0,0.931,1080,1920
test,07_1_0159,Left Hand Tool,Gauze,0.9708,0.2807,1080,1920
test,04_1_1431,Left Hand Tool,Tweezers,0.9802,0.9686,1080,1920
test,07_1_1436,Left Hand Tool,Tweezers,0.9819,0.9819,1080,1920
test,07_1_1543,Left Hand Tool,Forceps,0.9973,0.9973,1080,1920
test,07_1_0932,Right Hand Tool,Scalpel,0.9938,0.9938,1080,1920
test,05_2_0026,Left Hand Tool,Tweezers,0.9845,0.9845,1080,1920
test,07_1_0759,Right Hand Tool,Needle Holders,0.9767,0.0961,1080,1920
test,07_1_0588,Right Hand Tool,Scissors,0.9982,0.9982,1080,1920
test,07_1_0492,Left Hand Tool,Tweezers,1.0,0.9412,1080,1920
test,07_1_0981,Left Hand Tool,Gauze,1.0,1.0,1080,1920
test,07_1_1485,Left Hand Tool,Tweezers,0.9888,0.9888,1080,1920
test,04_1_1556,Left Hand Tool,Tweezers,0.9873,0.9873,1080,1920
test,04_1_1475,Left Hand Tool,Tweezers,0.9906,0.9906,1080,1920
test,07_1_1126,Right Hand Tool,Gauze,0.99,0.99,1080,1920
test,07_1_0998,Right Hand Tool,Bipolar Forceps,0.9992,0.8861,1080,1920
test,04_1_1231,Left Hand Tool,Retractor,0.9829,0.9829,1080,1920
test,07_1_1267,Left Hand Tool,Tweezers,0.9756,0.9756,1080,1920
test,07_1_0583,Right Hand Tool,Scissors,0.9813,0.9813,1080,1920
test,04_1_1424,Right Hand Tool,Needle Holders,0.9629,0.9629,1080,1920
test,07_1_1263,Right Hand Tool,Needle Holders,0.9757,0.9757,1080,1920
test,07_1_1326,Right Hand Tool,Forceps,0.001,0.001,1080,1920
test,04_1_0909,Right Hand Tool,Forceps,1.0,1.0,1080,1920
test,07_1_0948,Right Hand Tool,Scalpel,0.9854,0.9854,1080,1920
test,07_1_0709,Left Hand Tool,Tweezers,0.9751,0.9751,1080,1920
test,07_1_0308,Right Hand Tool,Scissors,0.9924,0.9876,1080,1920
test,04_1_1385,Left Hand Tool,Tweezers,0.5379,0.5379,1080,1920
test,07_1_0327,Left Hand Tool,Gauze,0.9957,0.0147,1080,1920
test,04_1_1362,Right Hand Tool,Needle Holders,0.9891,0.9832,1080,1920
test,07_1_1384,Left Hand Tool,Tweezers,1.0,1.0,1080,1920
test,07_1_0434,Right Hand Tool,Bipolar Forceps,0.9992,0.962,1080,1920
test,07_1_1208,Left Hand Tool,Tweezers,0.0004,0.0004,1080,1920
test,07_1_0294,Right Hand Tool,Scalpel,0.9952,0.9137,1080,1920
test,04_1_0522,Left Hand Tool,Gauze,0.9942,0.9942,1080,1920
test,07_1_0716,Right Hand Tool,Scissors,0.9969,0.8808,1080,1920
test,07_1_1502,Right Hand Tool,Tweezers,0.9533,0.9533,1080,1920
test,07_1_0859,Left Hand Tool,Tweezers,0.9924,0.9924,1080,1920
test,07_1_0692,Left Hand Tool,Tweezers,0.8682,0.8007,1080,1920
test,04_1_1594,Left Hand Tool,Tweezers,0.9989,0.9989,1080,1920
test,07_1_1093,Right Hand Tool,Syringe,0.9992,0.997,1080,1920
test,07_1_0147,Left Hand Tool,Gauze,1.0,1.0,1080,1920
test,04_1_0889,Right Hand Tool,Forceps,1.0,1.0,1080,1920
test,04_1_0723,Left Hand Tool,Tweezers,0.8828,0.8646,1080,1920
test,04_1_0655,Two Hands Tool,Forceps,0.9783,0.8769,1080,1920
test,04_1_1665,Right Hand Tool,Needle Holders,0.9731,0.9731,1080,1920
test,04_1_1492,Right Hand Tool,Gauze,0.3444,0.2461,1080,1920
test,04_1_0577,Right Hand Tool,Scalpel,0.9532,0.9532,1080,1920
test,07_1_1641,Right Hand Tool,Suction Cannula,0.962,0.962,1080,1920
test,07_1_0469,Right Hand Tool,Scissors,0.9922,0.9922,1080,1920
test,07_1_1417,Right Hand Tool,Scissors,0.9537,0.9537,1080,1920
test,04_1_1442,Left Hand Tool,Tweezers,0.9982,0.9982,1080,1920
test,07_1_1037,Left Hand Tool,Tweezers,1.0,1.0,1080,1920
test,04_1_0770,Right Hand Tool,Forceps,0.9788,0.9788,1080,1920
test,04_1_0923,Two Hands Tool,Forceps,0.9663,0.801,1080,1920
test,04_1_0693,Left Hand Tool,Forceps,0.9188,0.7847,1080,1920
test,07_1_1401,Left Hand Tool,Tweezers,0.979,0.979,1080,1920
test,04_1_1477,Right Hand Tool,Needle Holders,0.9491,0.9315,1080,1920
test,07_1_0364,Right Hand Tool,Tweezers,0.9963,0.0504,1080,1920
test,04_1_0971,Right Hand Tool,Forceps,0.9157,0.9157,1080,1920
test,04_1_0767,Two Hands Tool,Forceps,0.9974,0.9974,1080,1920
test,04_1_0973,Right Hand Tool,Forceps,0.9996,0.9996,1080,1920
test,04_1_1423,Left Hand Tool,Tweezers,0.9835,0.9835,1080,1920
test,04_1_1403,Left Hand Tool,Tweezers,0.9913,0.9913,1080,1920
test,07_1_0475,Left Hand Tool,Tweezers,0.9997,0.9997,1080,1920
test,04_1_0794,Left Hand Tool,Forceps,0.997,0.997,1080,1920
test,07_1_1545,Right Hand Tool,Forceps,0.9985,0.9821,1080,1920
test,07_1_1250,Right Hand Tool,Needle Holders,0.989,0.989,1080,1920
test,07_1_0780,Right Hand Tool,Needle Holders,0.9992,0.8111,1080,1920
test,07_1_1236,Right Hand Tool,Gauze,0.0243,0.0243,1080,1920
test,07_1_0695,Right Hand Tool,Gauze,1.0,0.9114,1080,1920
test,04_1_1046,Left Hand Tool,Gauze,0.9951,0.9951,1080,1920
test,07_1_0775,Left Hand Tool,Forceps,0.9896,0.9896,1080,1920
test,07_1_0344,Left Hand Tool,Tweezers,0.9981,0.3286,1080,1920
test,04_1_0844,Two Hands Tool,Forceps,0.9952,0.9952,1080,1920
test,07_1_0936,Left Hand Tool,Gauze,1.0,0.9978,1080,1920
test,07_1_0947,Right Hand Tool,Scalpel,0.9506,0.9506,1080,1920
test,07_1_0443,Right Hand Tool,Bipolar Forceps,0.9731,0.1053,1080,1920
test,07_1_1521,Left Hand Tool,Forceps,0.8095,0.8095,1080,1920
test,07_1_0517,Left Hand Tool,Tweezers,0.9928,0.9928,1080,1920
test,07_1_0340,Right Hand Tool,Hook,0.9998,0.7622,1080,1920
test,07_1_1555,Right Hand Tool,Forceps,0.9574,0.9574,1080,1920
test,04_1_0934,Left Hand Tool,Forceps,0.9916,0.9742,1080,1920
test,07_1_0701,Left Hand Tool,Tweezers,0.9932,0.8951,1080,1920
test,07_1_1344,Left Hand Tool,Tweezers,0.9935,0.9935,1080,1920
test,07_1_1452,Right Hand Tool,Needle Holders,0.988,0.8131,1080,1920
test,04_1_1417,Right Hand Tool,Needle Holders,0.9613,0.9586,1080,1920
test,05_2_0033,Left Hand Tool,Tweezers,0.9049,0.892,1080,1920
test,07_1_1320,Two Hands Tool,Gauze,0.0,0.0,1080,1920
test,04_1_1542,Left Hand Tool,Tweezers,0.9937,0.9937,1080,1920
test,04_1_1587,Left Hand Tool,Tweezers,1.0,1.0,1080,1920
test,04_1_1586,Right Hand Tool,Needle Holders,0.9963,0.9963,1080,1920
test,04_1_0720,Two Hands Tool,Forceps,0.9855,0.9855,1080,1920
test,07_1_0277,Right Hand Tool,Scalpel,0.9994,0.9961,1080,1920
test,07_1_0480,Left Hand Tool,Tweezers,0.9468,0.9468,1080,1920
test,04_1_0762,Right Hand Tool,Forceps,0.9965,0.9965,1080,1920
test,07_1_1471,Left Hand Tool,Tweezers,0.9957,0.9824,1080,1920
test,07_1_1575,Left Hand Tool,Forceps,0.0974,0.0456,1080,1920
test,04_1_0731,Right Hand Tool,Forceps,0.9999,0.9904,1080,1920
test,04_1_0735,Right Hand Tool,Forceps,0.9582,0.9191,1080,1920
test,07_1_1174,Right Hand Tool,Needle Holders,0.9949,0.9949,1080,1920
test,04_1_1217,Right Hand Tool,Retractor,1.0,0.4,1080,1920
test,07_1_1154,Right Hand Tool,Needle Holders,0.9975,0.9975,1080,1920
test,04_1_1564,Left Hand Tool,Tweezers,0.9779,0.9779,1080,1920
test,04_1_0859,Right Hand Tool,Forceps,1.0,1.0,1080,1920
test,07_1_1175,Left Hand Tool,Tweezers,1.0,1.0,1080,1920
test,07_1_1171,Left Hand Tool,Tweezers,0.999,0.8562,1080,1920
test,04_1_1204,Right Hand Tool,Electric Cautery,0.9993,0.9993,1080,1920
test,07_1_0679,Right Hand Tool,Scissors,0.9977,0.9977,1080,1920
test,07_1_0724,Right Hand Tool,Tweezers,0.9975,0.9975,1080,1920
test,05_2_0037,Two Hands Tool,Gauze,0.9964,0.8989,1080,1920
test,04_1_0757,Two Hands Tool,Forceps,0.9826,0.9826,1080,1920
test,04_1_0935,Right Hand Tool,Electric Cautery,0.9984,0.9984,1080,1920
test,04_1_1272,Left Hand Tool,Syringe,0.3672,0.3672,1080,1920
test,04_1_0657,Left Hand Tool,Forceps,0.9997,0.6663,1080,1920
test,04_1_0740,Right Hand Tool,Forceps,0.9519,0.9519,1080,1920
test,04_1_1383,Right Hand Tool,Needle Holders,0.9956,0.9956,1080,1920
test,07_1_0784,Left Hand Tool,Tweezers,1.0,0.5583,1080,1920
test,07_1_0572,Right Hand Tool,Bipolar Forceps,0.9963,0.8321,1080,1920
test,07_1_0523,Right Hand Tool,Scissors,0.9937,0.9937,1080,1920
test,04_1_1507,Left Hand Tool,Tweezers,0.9981,0.9981,1080,1920
test,04_1_1661,Left Hand Tool,Tweezers,0.9873,0.9873,1080,1920
test,04_1_1458,Right Hand Tool,Needle Holders,0.9824,0.9824,1080,1920
test,07_1_1019,Right Hand Tool,Bipolar Forceps,1.0,0.9176,1080,1920
test,07_1_1452,Left Hand Tool,Tweezers,0.9802,0.9802,1080,1920
test,05_2_0013,Left Hand Tool,Mouth Gag,0.2203,0.2203,1080,1920
test,04_1_1416,Left Hand Tool,Tweezers,1.0,0.7971,1080,1920
test,07_1_0338,Right Hand Tool,Scissors,0.9981,0.2849,1080,1920
test,04_1_1374,Left Hand Tool,Tweezers,0.9983,0.9983,1080,1920
test,04_1_1260,Left Hand Tool,Retractor,0.1191,0.1186,1080,1920
test,04_1_0541,Two Hands Tool,Syringe,1.0,1.0,1080,1920
test,07_1_0467,Right Hand Tool,Scissors,0.8675,0.8675,1080,1920
test,04_1_1187,Left Hand Tool,Retractor,0.9587,0.9587,1080,1920
test,07_1_0950,Right Hand Tool,Scalpel,0.9953,0.9828,1080,1920
test,07_1_0451,Right Hand Tool,Scissors,0.9911,0.3368,1080,1920
test,04_1_0770,Left Hand Tool,Retractor,0.9207,0.2378,1080,1920
test,04_1_1379,Right Hand Tool,Needle Holders,1.0,1.0,1080,1920
test,04_1_1377,Right Hand Tool,Needle Holders,0.9962,0.9962,1080,1920
test,04_1_1220,Left Hand Tool,Retractor,0.9987,0.9987,1080,1920
test,05_2_0078,Two Hands Tool,Mouth Gag,0.089,0.089,1080,1920
test,07_1_0175,Left Hand Tool,Gauze,1.0,0.9797,1080,1920
test,04_1_1467,Right Hand Tool,Needle Holders,1.0,1.0,1080,1920
test,04_1_1546,Left Hand Tool,Tweezers,0.9962,0.9962,1080,1920
test,04_1_0721,Right Hand Tool,Forceps,0.9949,0.9949,1080,1920
test,07_1_1443,Right Hand Tool,Needle Holders,0.9978,0.9978,1080,1920
test,07_1_0965,Left Hand Tool,Forceps,0.9535,0.9535,1080,1920
test,07_1_1237,Left Hand Tool,Tweezers,1.0,1.0,1080,1920
test,07_1_1225,Left Hand Tool,Tweezers,1.0,1.0,1080,1920
test,04_1_1663,Right Hand Tool,Needle Holders,0.994,0.994,1080,1920
test,07_1_1183,Left Hand Tool,Tweezers,0.9831,0.9831,1080,1920
test,07_1_0574,Left Hand Tool,Gauze,1.0,0.911,1080,1920
test,07_1_0276,Left Hand Tool,Gauze,0.9551,0.5136,1080,1920
test,04_1_1207,Right Hand Tool,Electric Cautery,0.9442,0.9442,1080,1920
test,04_1_0888,Right Hand Tool,Forceps,0.989,0.989,1080,1920
test,07_1_0955,Right Hand Tool,Forceps,0.9565,0.9565,1080,1920
test,07_1_0940,Right Hand Tool,Scalpel,0.9956,0.7329,1080,1920
test,07_1_1282,Left Hand Tool,Tweezers,0.9648,0.9648,1080,1920
test,07_1_0531,Two Hands Tool,Forceps,0.9844,0.9364,1080,1920
test,07_1_1438,Right Hand Tool,Needle Holders,0.0934,0.0934,1080,1920
test,04_1_1021,Right Hand Tool,Forceps,0.9727,0.9727,1080,1920
test,05_2_0080,Two Hands Tool,Mouth Gag,0.0023,0.0023,1080,1920
test,04_1_0773,Left Hand Tool,Gauze,0.9981,0.9803,1080,1920
test,07_1_0490,Left Hand Tool,Tweezers,0.9827,0.8252,1080,1920
test,04_1_1229,Right Hand Tool,Electric Cautery,0.9692,0.9692,1080,1920
test,07_1_1227,Left Hand Tool,Tweezers,1.0,0.9592,1080,1920
test,04_1_1520,Left Hand Tool,Tweezers,0.9999,0.9999,1080,1920
test,04_1_0758,Two Hands Tool,Forceps,1.0,1.0,1080,1920
test,04_1_0990,Two Hands Tool,Forceps,0.9985,0.9985,1080,1920
test,07_1_0169,Left Hand Tool,Gauze,0.8989,0.2318,1080,1920
test,04_1_0904,Left Hand Tool,Retractor,0.9198,0.9198,1080,1920
test,07_1_1220,Left Hand Tool,Tweezers,0.9807,0.975,1080,1920
test,04_1_0901,Left Hand Tool,Forceps,0.993,0.9813,1080,1920
test,07_1_0738,Right Hand Tool,Forceps,0.9883,0.0045,1080,1920
test,07_1_0747,Left Hand Tool,Forceps,0.9912,0.9912,1080,1920
test,07_1_0738,Left Hand Tool,Tweezers,0.9905,0.9905,1080,1920
test,04_1_0703,Right Hand Tool,Electric Cautery,1.0,1.0,1080,1920
test,05_2_0040,Left Hand Tool,Gauze,0.9924,0.8943,1080,1920
test,04_1_1199,Left Hand Tool,Retractor,0.9352,0.9352,1080,1920
test,07_1_1280,Left Hand Tool,Needle Holders,0.0,0.0,1080,1920
test,04_1_1609,Left Hand Tool,Needle Holders,0.9733,0.9733,1080,1920
test,07_1_0704,Left Hand Tool,Tweezers,0.9676,0.9344,1080,1920
test,04_1_0882,Right Hand Tool,Retractor,0.9989,0.9461,1080,1920
test,04_1_0527,Right Hand Tool,Syringe,0.989,0.989,1080,1920
test,07_1_1074,Right Hand Tool,Bipolar Forceps,0.9869,0.2412,1080,1920
test,07_1_1158,Right Hand Tool,Needle Holders,0.9834,0.9834,1080,1920
test,07_1_1391,Right Hand Tool,Scissors,0.9991,0.9991,1080,1920
test,05_2_0203,Right Hand Tool,Tweezers,0.9773,0.7393,1080,1920
test,04_1_0664,Right Hand Tool,Electric Cautery,0.9961,0.9961,1080,1920
test,07_1_0410,Right Hand Tool,Scissors,0.9969,0.4647,1080,1920
test,07_1_1411,Right Hand Tool,Scissors,0.9904,0.9904,1080,1920
test,07_1_1300,Right Hand Tool,Needle Holders,1.0,0.9968,1080,1920
test,04_1_1616,Left Hand Tool,Tweezers,0.9954,0.9954,1080,1920
test,04_1_0929,Two Hands Tool,Forceps,0.933,0.8863,1080,1920
test,04_1_0963,Two Hands Tool,Forceps,0.9662,0.9651,1080,1920
test,07_1_0950,Left Hand Tool,Gauze,1.0,0.8016,1080,1920
test,07_1_1332,Right Hand Tool,Needle Holders,0.9982,0.9982,1080,1920
test,04_1_1370,Right Hand Tool,Needle Holders,0.9697,0.9697,1080,1920
test,04_1_0930,Left Hand Tool,Forceps,0.9814,0.9731,1080,1920
test,04_1_1602,Right Hand Tool,Needle Holders,0.9993,0.9993,1080,1920
test,04_1_1627,Left Hand Tool,Tweezers,0.9921,0.9869,1080,1920
test,07_1_0749,Right Hand Tool,Tweezers,1.0,0.6919,1080,1920
test,04_1_1657,Right Hand Tool,Needle Holders,0.978,0.9649,1080,1920
test,05_2_0168,Two Hands Tool,Tweezers,0.9996,0.4129,1080,1920
test,07_1_1500,Left Hand Tool,Tweezers,0.0,0.0,1080,1920
test,04_1_1541,Left Hand Tool,Tweezers,1.0,1.0,1080,1920
test,04_1_1594,Right Hand Tool,Needle Holders,0.9546,0.9546,1080,1920
test,07_1_1226,Left Hand Tool,Tweezers,1.0,1.0,1080,1920
test,04_1_1489,Right Hand Tool,Tweezers,0.0,0.0,1080,1920
test,07_1_0789,Left Hand Tool,Forceps,0.9772,0.963,1080,1920
test,04_1_1515,Left Hand Tool,Tweezers,0.9987,0.9987,1080,1920
test,07_1_1177,Left Hand Tool,Tweezers,0.9988,0.9988,1080,1920
test,07_1_0828,Right Hand Tool,Gauze,1.0,1.0,1080,1920
test,07_1_1247,Left Hand Tool,Tweezers,0.9902,0.9902,1080,1920
test,04_1_0627,Left Hand Tool,Tweezers,0.9945,0.9945,1080,1920
test,04_1_0905,Left Hand Tool,Retractor,0.9973,0.9973,1080,1920
test,07_1_0273,Left Hand Tool,Gauze,1.0,0.4693,1080,1920
test,04_1_1596,Left Hand Tool,Tweezers,0.9913,0.9913,1080,1920
test,07_1_0509,Left Hand Tool,Tweezers,0.9963,0.9963,1080,1920
test,04_1_1128,Two Hands Tool,Scalpel,0.957,0.957,1080,1920
test,04_1_0733,Right Hand Tool,Forceps,0.987,0.987,1080,1920
test,04_1_1455,Left Hand Tool,Tweezers,0.9725,0.9725,1080,1920
test,07_1_0325,Left Hand Tool,Gauze,0.998,0.0085,1080,1920
test,04_1_1201,Left Hand Tool,Retractor,0.9527,0.9527,1080,1920
test,04_1_1676,Right Hand Tool,Needle Holders,0.9917,0.9917,1080,1920
test,07_1_1218,Right Hand Tool,Needle Holders,0.9265,0.9265,1080,1920
test,07_1_0478,Left Hand Tool,Tweezers,0.996,0.996,1080,1920
test,05_2_0041,Right Hand Tool,Tweezers,0.9856,0.3122,1080,1920
test,07_1_0576,Two Hands Tool,Gauze,0.9996,0.9639,1080,1920
test,04_1_0588,Right Hand Tool,Scalpel,0.9799,0.9799,1080,1920
test,04_1_1549,Right Hand Tool,Needle Holders,0.9493,0.9081,1080,1920
test,07_1_0337,Right Hand Tool,Hook,1.0,0.4637,1080,1920
test,04_1_1167,Right Hand Tool,Forceps,0.9152,0.9152,1080,1920
test,04_1_1550,Left Hand Tool,Tweezers,0.9768,0.9768,1080,1920
test,04_1_1484,Right Hand Tool,Needle Holders,0.9972,0.9972,1080,1920
test,04_1_1606,Right Hand Tool,Needle Holders,0.9758,0.9758,1080,1920
test,04_1_1368,Right Hand Tool,Tweezers,0.0854,0.0113,1080,1920
test,07_1_1073,Right Hand Tool,Bipolar Forceps,0.9981,0.7254,1080,1920
test,07_1_0317,Right Hand Tool,Scissors,0.9936,0.2055,1080,1920
test,04_1_0660,Left Hand Tool,Forceps,0.9165,0.5568,1080,1920
test,04_1_1583,Right Hand Tool,Tweezers,0.0,0.0,1080,1920
test,07_1_0323,Left Hand Tool,Gauze,0.9975,0.0008,1080,1920
test,04_1_0640,Right Hand Tool,Forceps,1.0,1.0,1080,1920
test,07_1_0987,Right Hand Tool,Bipolar Forceps,0.9435,0.9434,1080,1920
test,04_1_1632,Right Hand Tool,Needle Holders,0.9632,0.9632,1080,1920
test,07_1_1451,Left Hand Tool,Tweezers,0.9726,0.9726,1080,1920
test,07_1_0143,Left Hand Tool,Gauze,0.9512,0.9512,1080,1920
test,04_1_1560,Right Hand Tool,Needle Holders,0.8981,0.8975,1080,1920
test,04_1_1588,Right Hand Tool,Needle Holders,0.9849,0.9849,1080,1920
test,04_1_0746,Left Hand Tool,Retractor,1.0,1.0,1080,1920
test,04_1_0913,Right Hand Tool,Forceps,0.951,0.951,1080,1920
test,04_1_1403,Right Hand Tool,Needle Holders,0.9872,0.9872,1080,1920
test,07_1_0992,Right Hand Tool,Bipolar Forceps,0.9818,0.6851,1080,1920
test,04_1_1051,Right Hand Tool,Forceps,0.9103,0.9103,1080,1920
test,04_1_1581,Left Hand Tool,Needle Holders,0.0,0.0,1080,1920
test,04_1_0999,Right Hand Tool,Electric Cautery,0.9997,0.9912,1080,1920
test,04_1_1268,Left Hand Tool,Retractor,0.2769,0.2243,1080,1920
test,07_1_1009,Right Hand Tool,Bipolar Forceps,0.9974,0.6254,1080,1920
test,05_2_0053,Two Hands Tool,Mouth Gag,0.2412,0.2412,1080,1920
test,07_1_0688,Left Hand Tool,Tweezers,0.9987,0.9197,1080,1920
test,07_1_1586,Right Hand Tool,Forceps,0.9806,0.879,1080,1920
test,07_1_0132,Left Hand Tool,Syringe,0.837,0.837,1080,1920
test,04_1_1587,Right Hand Tool,Needle Holders,1.0,1.0,1080,1920
test,04_1_1373,Right Hand Tool,Needle Holders,0.9996,0.9996,1080,1920
test,07_1_0706,Left Hand Tool,Tweezers,0.9588,0.9588,1080,1920
test,04_1_0526,Left Hand Tool,Gauze,0.9998,0.9998,1080,1920
test,07_1_0694,Left Hand Tool,Tweezers,0.9685,0.91,1080,1920
test,04_1_0686,Left Hand Tool,Forceps,0.9982,0.7784,1080,1920
test,04_1_0738,Right Hand Tool,Forceps,0.9958,0.9958,1080,1920
test,07_1_0499,Right Hand Tool,Bipolar Forceps,1.0,0.9753,1080,1920
test,07_1_1504,Left Hand Tool,Forceps,0.991,0.991,1080,1920
test,04_1_1453,Left Hand Tool,Tweezers,0.9946,0.9946,1080,1920
test,04_1_0622,Right Hand Tool,Electric Cautery,0.9949,0.9949,1080,1920
test,07_1_0276,Right Hand Tool,Scalpel,1.0,0.976,1080,1920
test,04_1_1684,Left Hand Tool,Tweezers,0.9917,0.9917,1080,1920
test,04_1_1407,Left Hand Tool,Tweezers,0.999,0.9955,1080,1920
test,07_1_0510,Left Hand Tool,Tweezers,0.9998,0.9998,1080,1920
test,07_1_1120,Two Hands Tool,Gauze,0.9968,0.7491,1080,1920
test,05_2_0236,Right Hand Tool,Tweezers,0.9692,0.5551,1080,1920
test,04_1_1188,Right Hand Tool,Electric Cautery,0.9811,0.9811,1080,1920
test,07_1_1288,Right Hand Tool,Needle Holders,0.9993,0.9993,1080,1920
test,07_1_0316,Right Hand Tool,Hook,1.0,0.7156,1080,1920
test,05_2_0079,Two Hands Tool,Mouth Gag,0.9984,0.9984,1080,1920
test,07_1_1295,Right Hand Tool,Needle Holders,0.9966,0.9966,1080,1920
test,04_1_1679,Right Hand Tool,Needle Holders,0.9991,0.9991,1080,1920
test,05_2_0034,Left Hand Tool,Scissors,0.9657,0.7562,1080,1920
test,07_1_1335,Left Hand Tool,Tweezers,0.9982,0.9931,1080,1920
test,04_1_0967,Right Hand Tool,Forceps,0.9453,0.9242,1080,1920
test,07_1_1455,Left Hand Tool,Tweezers,0.981,0.981,1080,1920
test,04_1_0610,Right Hand Tool,Retractor,0.9991,0.9991,1080,1920
test,07_1_0282,Left Hand Tool,Gauze,0.9918,0.7079,1080,1920
test,07_1_0492,Right Hand Tool,Scissors,0.9233,0.8466,1080,1920
test,07_1_1408,Right Hand Tool,Scissors,0.9984,0.9915,1080,1920
test,07_1_1557,Right Hand Tool,Forceps,0.9539,0.9539,1080,1920
test,04_1_1185,Right Hand Tool,Electric Cautery,0.9972,0.9972,1080,1920
test,04_1_0521,Right Hand Tool,Syringe,1.0,1.0,1080,1920
test,07_1_0334,Left Hand Tool,Tweezers,1.0,0.0,1080,1920
test,07_1_0996,Left Hand Tool,Tweezers,0.9406,0.8168,1080,1920
test,04_1_0864,Right Hand Tool,Scissors,0.9905,0.6621,1080,1920
test,04_1_0820,Right Hand Tool,Electric Cautery,0.999,0.999,1080,1920
test,04_1_1260,Right Hand Tool,Syringe,0.1297,0.1297,1080,1920
test,05_2_0032,Two Hands Tool,Mouth Gag,0.3702,0.3702,1080,1920
test,04_1_1028,Two Hands Tool,Forceps,0.9525,0.9525,1080,1920
test,07_1_0482,Right Hand Tool,Scissors,0.9565,0.9565,1080,1920
test,04_1_1039,Left Hand Tool,Forceps,0.9928,0.9928,1080,1920
test,07_1_0514,Left Hand Tool,Tweezers,0.9975,0.9975,1080,1920
test,04_1_0590,Right Hand Tool,Scalpel,0.9901,0.9901,1080,1920
test,05_2_0149,Right Hand Tool,Tweezers,0.9568,0.5745,1080,1920
test,07_1_1163,Left Hand Tool,Tweezers,0.9904,0.9904,1080,1920
test,07_1_0289,Left Hand Tool,Gauze,0.9997,0.6186,1080,1920
test,04_1_1489,Left Hand Tool,Tweezers,1.0,1.0,1080,1920
test,07_1_0345,Right Hand Tool,Hook,0.9808,0.775,1080,1920
test,07_1_0972,Left Hand Tool,Forceps,0.9819,0.4661,1080,1920
test,04_1_0870,Right Hand Tool,Forceps,0.999,0.999,1080,1920
test,07_1_1331,Left Hand Tool,Tweezers,0.9897,0.9893,1080,1920
test,07_1_1405,Right Hand Tool,Scissors,0.9944,0.8438,1080,1920
test,07_1_1114,Right Hand Tool,Syringe,0.9986,0.6023,1080,1920
test,07_1_0511,Right Hand Tool,Scissors,0.9646,0.9642,1080,1920
test,07_1_1401,Right Hand Tool,Scissors,1.0,1.0,1080,1920
test,04_1_1168,Right Hand Tool,Forceps,0.9638,0.9638,1080,1920
test,07_1_0556,Left Hand Tool,Gauze,0.9769,0.7979,1080,1920
test,04_1_0737,Left Hand Tool,Retractor,0.9864,0.9679,1080,1920
test,07_1_0475,Right Hand Tool,Scissors,1.0,1.0,1080,1920
test,07_1_1472,Left Hand Tool,Tweezers,0.9929,0.8794,1080,1920
test,07_1_0414,Right Hand Tool,Scissors,1.0,0.7762,1080,1920
test,07_1_0629,Right Hand Tool,Forceps,0.9971,0.6681,1080,1920
test,04_1_1635,Left Hand Tool,Tweezers,1.0,1.0,1080,1920
test,07_1_0734,Left Hand Tool,Tweezers,0.9883,0.9883,1080,1920
test,04_1_1545,Right Hand Tool,Needle Holders,0.9697,0.9697,1080,1920
test,04_1_0644,Two Hands Tool,Forceps,0.9945,0.9945,1080,1920
test,07_1_0736,Right Hand Tool,Scissors,1.0,0.8878,1080,1920
test,04_1_1261,Left Hand Tool,Syringe,0.3164,0.3164,1080,1920
test,07_1_0710,Left Hand Tool,Tweezers,0.9945,0.9945,1080,1920
test,07_1_1574,Two Hands Tool,Needle Holders,0.1613,0.1595,1080,1920
test,05_2_0050,Two Hands Tool,Mouth Gag,0.5747,0.5747,1080,1920
test,07_1_1505,Right Hand Tool,Tweezers,1.0,1.0,1080,1920
test,05_2_0066,Right Hand Tool,Mouth Gag,0.2604,0.2604,1080,1920
test,04_1_0768,Right Hand Tool,Forceps,0.9929,0.9929,1080,1920
test,07_1_1552,Right Hand Tool,Forceps,0.9933,0.9933,1080,1920
test,07_1_0460,Left Hand Tool,Gauze,0.9749,0.5521,1080,1920
test,04_1_0908,Right Hand Tool,Forceps,0.9801,0.9801,1080,1920
test,07_1_0773,Left Hand Tool,Tweezers,0.9954,0.9954,1080,1920
test,07_1_1263,Left Hand Tool,Tweezers,0.9917,0.9917,1080,1920
test,07_1_1008,Right Hand Tool,Bipolar Forceps,0.9476,0.6775,1080,1920
test,07_1_1199,Left Hand Tool,Tweezers,0.0134,0.0001,1080,1920
test,07_1_0349,Left Hand Tool,Tweezers,0.9967,0.9548,1080,1920
test,04_1_0911,Left Hand Tool,Retractor,0.9929,0.9929,1080,1920
test,07_1_0982,Left Hand Tool,Gauze,0.9765,0.9612,1080,1920
test,04_1_1054,Right Hand Tool,Forceps,0.9771,0.9771,1080,1920
test,07_1_1031,Right Hand Tool,Bipolar Forceps,0.9699,0.4258,1080,1920
test,07_1_0137,Left Hand Tool,Syringe,0.9703,0.9703,1080,1920
test,07_1_1343,Left Hand Tool,Tweezers,1.0,0.996,1080,1920
test,07_1_0585,Left Hand Tool,Tweezers,1.0,1.0,1080,1920
test,04_1_1446,Left Hand Tool,Tweezers,0.9781,0.5168,1080,1920
test,04_1_0915,Two Hands Tool,Forceps,0.9157,0.8945,1080,1920
test,07_1_1075,Left Hand Tool,Tweezers,0.9837,0.9837,1080,1920
test,04_1_0822,Two Hands Tool,Forceps,0.9981,0.9981,1080,1920
test,04_1_0797,Right Hand Tool,Electric Cautery,0.9982,0.8578,1080,1920
test,07_1_0428,Left Hand Tool,Gauze,0.9976,0.732,1080,1920
test,04_1_0943,Right Hand Tool,Forceps,0.9955,0.9955,1080,1920
test,07_1_0969,Right Hand Tool,Gauze,0.9795,0.2979,1080,1920
test,07_1_0925,Right Hand Tool,Scalpel,0.9657,0.9657,1080,1920
test,04_1_0562,Right Hand Tool,Syringe,1.0,1.0,1080,1920
test,04_1_0604,Left Hand Tool,Retractor,0.9505,0.9505,1080,1920
test,04_1_1401,Left Hand Tool,Tweezers,0.9614,0.9614,1080,1920
test,07_1_1226,Right Hand Tool,Needle Holders,0.9975,0.9975,1080,1920
test,04_1_1220,Right Hand Tool,Electric Cautery,1.0,1.0,1080,1920
test,04_1_0523,Left Hand Tool,Gauze,1.0,1.0,1080,1920
test,07_1_1259,Left Hand Tool,Tweezers,1.0,1.0,1080,1920
test,07_1_0419,Left Hand Tool,Tweezers,0.9964,0.4064,1080,1920
test,07_1_0968,Left Hand Tool,Gauze,0.9948,0.0189,1080,1920
test,07_1_1333,Right Hand Tool,Needle Holders,0.9992,0.9992,1080,1920
test,04_1_1497,Left Hand Tool,Tweezers,0.9975,0.9975,1080,1920
test,07_1_0634,Right Hand Tool,Scissors,0.9947,0.9046,1080,1920
test,07_1_1336,Right Hand Tool,Needle Holders,0.9967,0.9967,1080,1920
test,04_1_1116,Right Hand Tool,Scalpel,0.9974,0.9974,1080,1920
test,04_1_1213,Right Hand Tool,Retractor,1.0,0.1246,1080,1920
test,07_1_1310,Right Hand Tool,Tweezers,0.8895,0.8895,1080,1920
test,04_1_0722,Right Hand Tool,Forceps,0.8885,0.8885,1080,1920
test,07_1_1004,Left Hand Tool,Tweezers,0.9864,0.9864,1080,1920
test,04_1_0845,Right Hand Tool,Electric Cautery,0.9974,0.9974,1080,1920
test,04_1_0891,Right Hand Tool,Forceps,0.9953,0.9953,1080,1920
test,04_1_0789,Two Hands Tool,Forceps,0.9907,0.9907,1080,1920
test,07_1_0567,Left Hand Tool,Tweezers,1.0,1.0,1080,1920
test,04_1_0528,Two Hands Tool,Syringe,0.9984,0.9984,1080,1920
test,04_1_1408,Left Hand Tool,Tweezers,0.993,0.993,1080,1920
test,07_1_0569,Right Hand Tool,Gauze,0.9979,0.8986,1080,1920
test,04_1_0751,Left Hand Tool,Forceps,1.0,1.0,1080,1920
test,07_1_1188,Left Hand Tool,Tweezers,0.9926,0.9926,1080,1920
test,04_1_1607,Left Hand Tool,Tweezers,0.9702,0.9702,1080,1920
test,07_1_0451,Left Hand Tool,Tweezers,1.0,0.7541,1080,1920
test,04_1_0743,Left Hand Tool,Tweezers,0.9963,0.3643,1080,1920
test,04_1_1412,Left Hand Tool,Tweezers,0.9894,0.9894,1080,1920
test,07_1_1333,Left Hand Tool,Tweezers,0.9974,0.9974,1080,1920
test,07_1_0761,Left Hand Tool,Tweezers,0.9489,0.9489,1080,1920
test,04_1_1642,Left Hand Tool,Tweezers,0.9886,0.9886,1080,1920
test,07_1_0716,Left Hand Tool,Tweezers,0.996,0.996,1080,1920
test,07_1_0432,Left Hand Tool,Gauze,1.0,0.7761,1080,1920
test,07_1_1458,Right Hand Tool,Needle Holders,0.9984,0.9984,1080,1920
test,04_1_1371,Left Hand Tool,Tweezers,1.0,1.0,1080,1920
test,07_1_1604,Right Hand Tool,Forceps,0.9563,0.9563,1080,1920
test,07_1_1527,Right Hand Tool,Scissors,0.2886,0.2348,1080,1920
test,07_1_0472,Right Hand Tool,Scissors,0.9902,0.9902,1080,1920
test,07_1_0719,Left Hand Tool,Tweezers,0.9995,0.9995,1080,1920
test,04_1_0891,Left Hand Tool,Retractor,1.0,1.0,1080,1920
test,07_1_1416,Left Hand Tool,Tweezers,0.9962,0.9962,1080,1920
test,04_1_0530,Right Hand Tool,Syringe,0.9981,0.9981,1080,1920
test,04_1_1559,Right Hand Tool,Needle Holders,0.9876,0.9876,1080,1920
test,07_1_1388,Right Hand Tool,Scissors,0.9888,0.9888,1080,1920
test,07_1_1017,Left Hand Tool,Tweezers,0.9746,0.9614,1080,1920
test,04_1_1462,Left Hand Tool,Tweezers,0.9826,0.9826,1080,1920
test,07_1_1317,Left Hand Tool,Forceps,0.9493,0.9493,1080,1920
test,07_1_1289,Left Hand Tool,Tweezers,1.0,1.0,1080,1920
test,07_1_0269,Right Hand Tool,Scalpel,0.9944,0.8459,1080,1920
test,07_1_0429,Right Hand Tool,Bipolar Forceps,0.9995,0.9898,1080,1920
test,07_1_1071,Right Hand Tool,Bipolar Forceps,0.9984,0.6968,1080,1920
test,07_1_1225,Right Hand Tool,Needle Holders,0.935,0.935,1080,1920
test,04_1_0550,Two Hands Tool,Syringe,0.9967,0.9967,1080,1920
test,05_2_0023,Right Hand Tool,Mouth Gag,0.2764,0.2764,1080,1920
test,04_1_0696,Right Hand Tool,Electric Cautery,0.9983,0.2914,1080,1920
test,05_2_0024,Right Hand Tool,Mouth Gag,0.3391,0.3391,1080,1920
test,04_1_0945,Right Hand Tool,Forceps,0.9986,0.9986,1080,1920
test,04_1_1263,Left Hand Tool,Syringe,0.182,0.182,1080,1920
test,07_1_1656,Left Hand Tool,Forceps,0.9612,0.9612,1080,1920
test,07_1_1185,Right Hand Tool,Needle Holders,0.9934,0.9934,1080,1920
test,07_1_0523,Left Hand Tool,Tweezers,1.0,1.0,1080,1920
test,07_1_0166,Left Hand Tool,Gauze,0.9476,0.2774,1080,1920
test,07_1_0412,Left Hand Tool,Tweezers,0.9967,0.2514,1080,1920
test,04_1_0922,Left Hand Tool,Retractor,1.0,1.0,1080,1920
test,04_1_1540,Right Hand Tool,Needle Holders,0.9913,0.9913,1080,1920
test,07_1_0315,Right Hand Tool,Hook,0.9828,0.8929,1080,1920
test,05_2_0233,Right Hand Tool,Tweezers,0.9878,0.4847,1080,1920
test,07_1_1503,Left Hand Tool,Gauze,0.0,0.0,1080,1920
test,07_1_0704,Right Hand Tool,Scissors,0.9997,0.9996,1080,1920
test,04_1_0602,Right Hand Tool,Retractor,1.0,1.0,1080,1920
test,05_2_0065,Right Hand Tool,Mouth Gag,0.4911,0.4911,1080,1920
test,04_1_0564,Right Hand Tool,Syringe,0.999,0.999,1080,1920
test,04_1_1483,Left Hand Tool,Tweezers,0.9914,0.9914,1080,1920
test,07_1_1406,Right Hand Tool,Scissors,0.9619,0.9619,1080,1920
test,04_1_1042,Right Hand Tool,Electric Cautery,0.9973,0.9973,1080,1920
test,04_1_1667,Left Hand Tool,Needle Holders,0.876,0.4182,1080,1920
test,07_1_0731,Left Hand Tool,Tweezers,0.9583,0.9583,1080,1920
test,04_1_1466,Right Hand Tool,Needle Holders,1.0,1.0,1080,1920
test,04_1_0972,Right Hand Tool,Forceps,1.0,1.0,1080,1920
test,07_1_1537,Right Hand Tool,Forceps,0.0942,0.0002,1080,1920
test,05_2_0030,Right Hand Tool,Mouth Gag,0.3634,0.3634,1080,1920
test,07_1_1326,Left Hand Tool,Forceps,1.0,1.0,1080,1920
test,04_1_0544,Two Hands Tool,Syringe,1.0,1.0,1080,1920
test,04_1_0705,Right Hand Tool,Electric Cautery,0.9993,0.8986,1080,1920
test,07_1_0964,Left Hand Tool,Forceps,0.9874,0.9874,1080,1920
test,04_1_0883,Right Hand Tool,Retractor,0.989,0.5743,1080,1920
test,04_1_0731,Left Hand Tool,Retractor,1.0,0.9741,1080,1920
test,07_1_1403,Left Hand Tool,Tweezers,1.0,1.0,1080,1920
test,04_1_0808,Right Hand Tool,Forceps,0.9744,0.9744,1080,1920
test,07_1_0286,Right Hand Tool,Scalpel,0.9869,0.8725,1080,1920
test,07_1_0720,Left Hand Tool,Tweezers,0.9996,0.9996,1080,1920
test,04_1_1628,Right Hand Tool,Needle Holders,0.976,0.976,1080,1920
test,04_1_0950,Right Hand Tool,Forceps,1.0,1.0,1080,1920
test,07_1_0142,Left Hand Tool,Gauze,0.9952,0.6593,1080,1920
test,04_1_0892,Two Hands Tool,Forceps,1.0,1.0,1080,1920
test,07_1_0153,Left Hand Tool,Gauze,0.9791,0.1635,1080,1920
test,07_1_0970,Left Hand Tool,Forceps,0.9974,0.9079,1080,1920
test,04_1_1022,Right Hand Tool,Forceps,1.0,1.0,1080,1920
test,04_1_0684,Left Hand Tool,Forceps,0.9912,0.9912,1080,1920
test,07_1_0332,Right Hand Tool,Scissors,1.0,1.0,1080,1920
test,04_1_1113,Right Hand Tool,Scalpel,0.9993,0.9993,1080,1920
test,04_1_1219,Left Hand Tool,Retractor,0.9929,0.7098,1080,1920
test,07_1_0506,Left Hand Tool,Tweezers,0.9861,0.9861,1080,1920
test,07_1_1536,Right Hand Tool,Tweezers,0.0,0.0,1080,1920
test,07_1_1202,Right Hand Tool,Tweezers,0.9685,0.9685,1080,1920
test,04_1_0649,Two Hands Tool,Forceps,0.9989,0.9989,1080,1920
test,04_1_1123,Right Hand Tool,Scalpel,0.9974,0.9974,1080,1920
test,07_1_0759,Left Hand Tool,Tweezers,0.9805,0.9805,1080,1920
test,04_1_1529,Left Hand Tool,Tweezers,0.9956,0.9956,1080,1920
test,04_1_0632,Left Hand Tool,Electric Cautery,1.0,1.0,1080,1920
test,07_1_1671,Two Hands Tool,Forceps,0.1085,0.1085,1080,1920
test,07_1_1309,Left Hand Tool,Forceps,0.0669,0.0669,1080,1920
test,07_1_0619,Left Hand Tool,Forceps,0.8769,0.723,1080,1920
test,07_1_1652,Right Hand Tool,Needle Holders,0.9413,0.8303,1080,1920
test,04_1_0591,Right Hand Tool,Scalpel,0.9961,0.9961,1080,1920
test,07_1_1195,Left Hand Tool,Forceps,0.9943,0.9943,1080,1920
test,07_1_0286,Left Hand Tool,Gauze,1.0,0.5931,1080,1920
test,07_1_0485,Right Hand Tool,Scissors,0.9709,0.9709,1080,1920
test,07_1_1198,Left Hand Tool,Tweezers,0.0299,0.0299,1080,1920
test,04_1_1537,Right Hand Tool,Needle Holders,0.9815,0.9815,1080,1920
test,07_1_0587,Left Hand Tool,Tweezers,0.9923,0.9923,1080,1920
test,04_1_1568,Right Hand Tool,Needle Holders,0.9742,0.9633,1080,1920
test,07_1_0726,Left Hand Tool,Forceps,0.7869,0.7869,1080,1920
test,07_1_0158,Left Hand Tool,Gauze,0.9849,0.1319,1080,1920
test,07_1_1016,Right Hand Tool,Bipolar Forceps,0.9992,0.9992,1080,1920
test,07_1_1587,Left Hand Tool,Tweezers,0.1413,0.1302,1080,1920
test,04_1_1648,Left Hand Tool,Tweezers,0.9693,0.9693,1080,1920
test,04_1_1221,Right Hand Tool,Electric Cautery,0.9982,0.3989,1080,1920
test,07_1_1313,Right Hand Tool,Needle Holders,0.9982,0.9982,1080,1920
test,04_1_1035,Two Hands Tool,Forceps,0.9954,0.9954,1080,1920
test,07_1_1162,Left Hand Tool,Tweezers,0.9995,0.9995,1080,1920
test,07_1_1472,Right Hand Tool,Needle Holders,0.996,0.996,1080,1920
test,04_1_0850,Right Hand Tool,Forceps,0.9982,0.9982,1080,1920
test,04_1_1622,Right Hand Tool,Needle Holders,0.9898,0.9898,1080,1920
test,04_1_0848,Left Hand Tool,Forceps,0.9987,0.9987,1080,1920
test,04_1_0829,Two Hands Tool,Forceps,0.9698,0.9698,1080,1920
test,04_1_0589,Left Hand Tool,Gauze,0.9962,0.4215,1080,1920
test,07_1_1101,Right Hand Tool,Syringe,0.9948,0.6098,1080,1920
test,07_1_1513,Left Hand Tool,Forceps,0.0019,0.0003,1080,1920
test,07_1_1236,Left Hand Tool,Tweezers,0.9833,0.9833,1080,1920
test,07_1_1545,Left Hand Tool,Tweezers,0.011,0.011,1080,1920
test,04_1_1223,Left Hand Tool,Tweezers,0.9956,0.8379,1080,1920
test,07_1_0543,Right Hand Tool,Scissors,0.9514,0.9514,1080,1920
test,07_1_0588,Left Hand Tool,Tweezers,0.9975,0.9975,1080,1920
test,04_1_1431,Right Hand Tool,Needle Holders,0.9864,0.9778,1080,1920
test,07_1_1512,Left Hand Tool,Forceps,0.9926,0.7753,1080,1920
test,04_1_1438,Right Hand Tool,Needle Holders,0.3762,0.3762,1080,1920
test,04_1_1675,Left Hand Tool,Needle Holders,0.1012,0.1012,1080,1920
test,07_1_1520,Two Hands Tool,Forceps,0.9942,0.9884,1080,1920
test,07_1_0463,Left Hand Tool,Gauze,0.9424,0.7487,1080,1920
test,04_1_1000,Left Hand Tool,Forceps,0.9375,0.9233,1080,1920
test,04_1_0764,Right Hand Tool,Forceps,0.8599,0.8599,1080,1920
test,07_1_1299,Right Hand Tool,Needle Holders,0.9983,0.9983,1080,1920
test,04_1_0624,Left Hand Tool,Tweezers,0.9957,0.9957,1080,1920
test,04_1_1163,Right Hand Tool,Forceps,0.9801,0.9801,1080,1920
test,07_1_1286,Right Hand Tool,Suction Cannula,1.0,1.0,1080,1920
test,04_1_0744,Left Hand Tool,Tweezers,0.973,0.2517,1080,1920
test,04_1_1441,Left Hand Tool,Tweezers,0.9961,0.9961,1080,1920
test,05_2_0058,Two Hands Tool,Mouth Gag,0.4391,0.4391,1080,1920
test,04_1_0821,Left Hand Tool,Forceps,0.9947,0.974,1080,1920
test,07_1_0506,Right Hand Tool,Scissors,1.0,0.8947,1080,1920
test,07_1_0489,Left Hand Tool,Tweezers,0.9966,0.915,1080,1920
test,04_1_0689,Right Hand Tool,Electric Cautery,0.9879,0.8699,1080,1920
test,07_1_1274,Left Hand Tool,Tweezers,0.9858,0.947,1080,1920
test,07_1_1260,Left Hand Tool,Tweezers,0.9954,0.8563,1080,1920
test,07_1_1036,Right Hand Tool,Bipolar Forceps,0.9992,0.6461,1080,1920
test,07_1_0318,Right Hand Tool,Scissors,1.0,0.59,1080,1920
test,07_1_0963,Left Hand Tool,Forceps,0.9466,0.9466,1080,1920
test,04_1_1143,Right Hand Tool,Gauze,0.9932,0.9932,1080,1920
test,04_1_1369,Right Hand Tool,Needle Holders,0.8692,0.8692,1080,1920
test,05_2_0063,Right Hand Tool,Mouth Gag,0.7024,0.7024,1080,1920
test,07_1_0424,Left Hand Tool,Gauze,1.0,0.9648,1080,1920
test,05_2_0069,Two Hands Tool,Tweezers,0.9984,0.9984,1080,1920
test,07_1_1253,Left Hand Tool,Tweezers,0.9979,0.9979,1080,1920
test,04_1_0697,Left Hand Tool,Forceps,0.9895,0.988,1080,1920
test,07_1_0478,Right Hand Tool,Scissors,0.9096,0.9096,1080,1920
test,07_1_0499,Left Hand Tool,Tweezers,0.9945,0.9945,1080,1920
test,07_1_0944,Left Hand Tool,Suction Cannula,0.9898,0.9898,1080,1920
test,04_1_0875,Right Hand Tool,Forceps,0.9926,0.9926,1080,1920
test,04_1_1665,Left Hand Tool,Tweezers,0.996,0.996,1080,1920
test,04_1_1444,Right Hand Tool,Needle Holders,1.0,1.0,1080,1920
test,07_1_0627,Right Hand Tool,Forceps,1.0,1.0,1080,1920
test,04_1_1567,Left Hand Tool,Tweezers,1.0,1.0,1080,1920
test,04_1_1485,Left Hand Tool,Tweezers,0.9872,0.9872,1080,1920
test,05_2_0064,Right Hand Tool,Mouth Gag,0.6234,0.6234,1080,1920
test,04_1_1217,Left Hand Tool,Tweezers,0.9869,0.9869,1080,1920
test,04_1_1525,Right Hand Tool,Needle Holders,0.9534,0.9448,1080,1920
test,04_1_1459,Left Hand Tool,Tweezers,0.9953,0.9953,1080,1920
test,04_1_0621,Right Hand Tool,Electric Cautery,1.0,1.0,1080,1920
test,04_1_0576,Right Hand Tool,Scalpel,0.9924,0.9924,1080,1920
test,04_1_1507,Right Hand Tool,Needle Holders,0.9152,0.9152,1080,1920
test,07_1_1121,Right Hand Tool,Syringe,0.9967,0.5441,1080,1920
test,07_1_1678,Two Hands Tool,Gauze,0.0,0.0,1080,1920
test,04_1_1481,Left Hand Tool,Tweezers,0.9595,0.9543,1080,1920
test,07_1_0737,Left Hand Tool,Tweezers,0.992,0.992,1080,1920
test,07_1_1272,Right Hand Tool,Needle Holders,0.998,0.998,1080,1920
test,07_1_0928,Right Hand Tool,Scalpel,0.9882,0.9865,1080,1920
test,05_2_0010,Left Hand Tool,Tweezers,0.9848,0.9848,1080,1920
test,05_2_0012,Left Hand Tool,Tweezers,0.9509,0.4894,1080,1920
test,05_2_0020,Left Hand Tool,Tweezers,1.0,1.0,1080,1920
test,04_1_0834,Two Hands Tool,Forceps,0.9074,0.9074,1080,1920
test,04_1_0762,Left Hand Tool,Retractor,0.9816,0.2382,1080,1920
test,04_1_0843,Right Hand Tool,Electric Cautery,0.9994,0.9994,1080,1920
test,07_1_1339,Right Hand Tool,Needle Holders,0.9996,0.9996,1080,1920
test,04_1_0983,Two Hands Tool,Forceps,0.9677,0.9677,1080,1920
test,07_1_1302,Left Hand Tool,Tweezers,0.9995,0.9995,1080,1920
test,07_1_1063,Right Hand Tool,Bipolar Forceps,0.9742,0.5084,1080,1920
test,07_1_1651,Left Hand Tool,Forceps,0.9299,0.9299,1080,1920
test,07_1_0970,Right Hand Tool,Forceps,0.9902,0.8204,1080,1920
test,07_1_0938,Left Hand Tool,Gauze,1.0,0.6276,1080,1920
test,04_1_0806,Two Hands Tool,Forceps,0.9022,0.9022,1080,1920
test,07_1_1006,Left Hand Tool,Tweezers,0.9798,0.8856,1080,1920
test,07_1_0561,Left Hand Tool,Gauze,1.0,0.8491,1080,1920
test,04_1_1205,Right Hand Tool,Electric Cautery,0.9901,0.9901,1080,1920
test,07_1_0515,Left Hand Tool,Tweezers,0.9983,0.9983,1080,1920
test,04_1_1437,Left Hand Tool,Tweezers,0.9834,0.9834,1080,1920
test,04_1_1520,Right Hand Tool,Needle Holders,0.9037,0.9033,1080,1920
test,04_1_1365,Right Hand Tool,Needle Holders,0.9954,0.9922,1080,1920
test,07_1_1478,Right Hand Tool,Gauze,0.9998,0.7538,1080,1920
test,04_1_0692,Left Hand Tool,Forceps,0.9091,0.6794,1080,1920
test,05_2_0019,Left Hand Tool,Tweezers,0.9912,0.9912,1080,1920
test,04_1_1557,Right Hand Tool,Needle Holders,1.0,1.0,1080,1920
test,04_1_1192,Right Hand Tool,Electric Cautery,0.9814,0.9814,1080,1920
test,04_1_0752,Two Hands Tool,Forceps,0.9734,0.9734,1080,1920
test,07_1_1166,Left Hand Tool,Forceps,0.9862,0.9862,1080,1920
test,04_1_1620,Left Hand Tool,Tweezers,0.9983,0.9982,1080,1920
test,04_1_0887,Right Hand Tool,Forceps,0.9752,0.9752,1080,1920
test,07_1_1485,Right Hand Tool,Needle Holders,0.0702,0.0117,1080,1920
test,04_1_1366,Right Hand Tool,Needle Holders,0.9966,0.9495,1080,1920
test,04_1_1617,Right Hand Tool,Needle Holders,0.9623,0.9623,1080,1920
test,04_1_1483,Right Hand Tool,Needle Holders,0.9614,0.9614,1080,1920
test,07_1_0446,Left Hand Tool,Tweezers,0.9922,0.2578,1080,1920
test,07_1_1228,Left Hand Tool,Tweezers,0.9997,0.9997,1080,1920
test,07_1_1178,Left Hand Tool,Tweezers,0.9961,0.9961,1080,1920
test,04_1_1623,Left Hand Tool,Tweezers,0.989,0.989,1080,1920
test,04_1_0609,Left Hand Tool,Retractor,1.0,1.0,1080,1920
test,04_1_1160,Right Hand Tool,Forceps,0.9925,0.9925,1080,1920
test,04_1_1658,Right Hand Tool,Needle Holders,0.9982,0.9982,1080,1920
test,07_1_1463,Right Hand Tool,Needle Holders,0.9983,0.9983,1080,1920
test,04_1_0523,Right Hand Tool,Syringe,1.0,1.0,1080,1920
test,04_1_1189,Left Hand Tool,Retractor,0.9982,0.0863,1080,1920
test,04_1_0605,Right Hand Tool,Retractor,0.755,0.755,1080,1920
test,07_1_0582,Left Hand Tool,Tweezers,1.0,1.0,1080,1920
test,07_1_0165,Left Hand Tool,Gauze,0.9503,0.3512,1080,1920
test,07_1_1437,Left Hand Tool,Tweezers,0.9891,0.9891,1080,1920
test,07_1_0698,Right Hand Tool,Scissors,1.0,0.4923,1080,1920
test,04_1_0913,Left Hand Tool,Retractor,0.9969,0.9969,1080,1920
test,07_1_1585,Left Hand Tool,Needle Holders,0.0388,0.0388,1080,1920
test,07_1_0865,Left Hand Tool,Forceps,0.9989,0.9989,1080,1920
test,07_1_1609,Right Hand Tool,Forceps,0.9532,0.9532,1080,1920
test,07_1_1022,Right Hand Tool,Bipolar Forceps,1.0,0.4989,1080,1920
test,07_1_1209,Left Hand Tool,Tweezers,0.0,0.0,1080,1920
test,07_1_1461,Left Hand Tool,Tweezers,0.9773,0.9773,1080,1920
test,04_1_1254,Two Hands Tool,Retractor,0.0,0.0,1080,1920
test,04_1_0841,Right Hand Tool,Electric Cautery,1.0,0.2087,1080,1920
test,05_2_0158,Right Hand Tool,Tweezers,0.9938,0.4584,1080,1920
test,07_1_0625,Two Hands Tool,Forceps,0.9939,0.9939,1080,1920
test,07_1_1003,Left Hand Tool,Tweezers,0.9905,0.9905,1080,1920
test,07_1_1559,Right Hand Tool,Forceps,0.9903,0.9903,1080,1920
test,07_1_1459,Right Hand Tool,Needle Holders,0.9989,0.9958,1080,1920
test,04_1_1196,Right Hand Tool,Electric Cautery,0.9895,0.9895,1080,1920
test,04_1_0890,Two Hands Tool,Forceps,0.9742,0.9484,1080,1920
test,07_1_0823,Left Hand Tool,Forceps,0.9314,0.9314,1080,1920
test,07_1_0278,Right Hand Tool,Scalpel,0.9983,0.9921,1080,1920
test,07_1_0735,Right Hand Tool,Gauze,0.9906,0.7166,1080,1920
test,07_1_1449,Left Hand Tool,Tweezers,0.9981,0.9265,1080,1920
test,05_2_0160,Right Hand Tool,Tweezers,0.9915,0.3659,1080,1920
test,07_1_1561,Right Hand Tool,Forceps,0.9898,0.9898,1080,1920
test,04_1_1568,Left Hand Tool,Tweezers,0.9999,0.9999,1080,1920
test,07_1_0429,Left Hand Tool,Gauze,1.0,0.8209,1080,1920
test,04_1_1282,Left Hand Tool,Retractor,0.9938,0.9938,1080,1920
test,07_1_0932,Left Hand Tool,Suction Cannula,0.9784,0.9784,1080,1920
test,07_1_0582,Right Hand Tool,Scissors,0.9617,0.9617,1080,1920
test,07_1_0713,Right Hand Tool,Scissors,1.0,1.0,1080,1920
test,05_2_0166,Right Hand Tool,Tweezers,0.9959,0.8918,1080,1920
test,04_1_1673,Right Hand Tool,Needle Holders,0.9505,0.9505,1080,1920
test,05_2_0205,Two Hands Tool,Tweezers,0.9867,0.9445,1080,1920
test,04_1_1245,Right Hand Tool,Retractor,0.0892,0.0892,1080,1920
test,07_1_1031,Left Hand Tool,Tweezers,0.9998,0.9998,1080,1920
test,04_1_0858,Right Hand Tool,Forceps,0.9239,0.9239,1080,1920
test,07_1_1393,Right Hand Tool,Scissors,0.9801,0.9732,1080,1920
test,07_1_0933,Left Hand Tool,Forceps,0.9917,0.6186,1080,1920
test,04_1_1597,Left Hand Tool,Needle Holders,1.0,1.0,1080,1920
test,07_1_0617,Left Hand Tool,Forceps,0.8653,0.3354,1080,1920
test,07_1_0296,Right Hand Tool,Scalpel,0.9959,0.9959,1080,1920
test,07_1_1466,Right Hand Tool,Needle Holders,0.9973,0.9872,1080,1920
test,04_1_0675,Right Hand Tool,Forceps,0.9972,0.9972,1080,1920
test,07_1_1677,Two Hands Tool,Forceps,0.0094,0.0094,1080,1920
test,04_1_1618,Right Hand Tool,Needle Holders,0.992,0.992,1080,1920
test,07_1_0972,Right Hand Tool,Gauze,1.0,0.9262,1080,1920
test,07_1_1034,Right Hand Tool,Bipolar Forceps,0.9571,0.3848,1080,1920
test,04_1_1231,Right Hand Tool,Electric Cautery,0.9462,0.6572,1080,1920
test,07_1_0684,Right Hand Tool,Bipolar Forceps,1.0,0.4753,1080,1920
test,04_1_0648,Two Hands Tool,Forceps,0.9475,0.1601,1080,1920
test,04_1_0996,Right Hand Tool,Electric Cautery,0.9933,0.9933,1080,1920
test,04_1_1420,Left Hand Tool,Tweezers,0.9829,0.9829,1080,1920
test,04_1_1421,Right Hand Tool,Needle Holders,0.9442,0.9442,1080,1920
test,07_1_0616,Right Hand Tool,Forceps,0.9783,0.9783,1080,1920
test,07_1_0860,Left Hand Tool,Tweezers,0.9905,0.9501,1080,1920
test,07_1_1042,Left Hand Tool,Tweezers,0.9989,0.9989,1080,1920
test,07_1_0551,Left Hand Tool,Tweezers,0.9903,0.9903,1080,1920
test,04_1_0718,Right Hand Tool,Forceps,0.9669,0.9669,1080,1920
test,07_1_0465,Right Hand Tool,Gauze,0.9961,0.9363,1080,1920
test,04_1_1201,Right Hand Tool,Electric Cautery,0.9881,0.1893,1080,1920
test,04_1_0691,Right Hand Tool,Electric Cautery,0.9762,0.9563,1080,1920
test,04_1_1132,Right Hand Tool,Electric Cautery,1.0,1.0,1080,1920
test,05_2_0208,Two Hands Tool,Mouth Gag,0.987,0.097,1080,1920
test,07_1_0170,Left Hand Tool,Gauze,0.8675,0.1626,1080,1920
test,07_1_1294,Left Hand Tool,Needle Holders,0.1548,0.1388,1080,1920
test,04_1_0884,Right Hand Tool,Forceps,0.9952,0.9952,1080,1920
test,07_1_0543,Left Hand Tool,Tweezers,0.9833,0.6994,1080,1920
test,04_1_0895,Left Hand Tool,Retractor,0.9992,0.9992,1080,1920
test,04_1_0608,Right Hand Tool,Retractor,1.0,1.0,1080,1920
test,07_1_1402,Right Hand Tool,Scissors,0.9982,0.9982,1080,1920
test,04_1_0924,Two Hands Tool,Forceps,0.9827,0.9827,1080,1920
test,04_1_0970,Right Hand Tool,Forceps,0.996,0.996,1080,1920
test,04_1_1566,Left Hand Tool,Tweezers,0.9996,0.9996,1080,1920
test,04_1_1508,Left Hand Tool,Tweezers,0.9949,0.9949,1080,1920
test,04_1_0682,Two Hands Tool,Forceps,0.9799,0.7993,1080,1920
test,07_1_1407,Left Hand Tool,Tweezers,0.9475,0.9475,1080,1920
test,04_1_1369,Left Hand Tool,Tweezers,0.9899,0.9899,1080,1920
test,04_1_1664,Right Hand Tool,Needle Holders,0.9907,0.9907,1080,1920
test,04_1_0854,Left Hand Tool,Forceps,0.9826,0.9459,1080,1920
test,04_1_0842,Left Hand Tool,Forceps,0.8834,0.8834,1080,1920
test,07_1_0491,Right Hand Tool,Scissors,1.0,1.0,1080,1920
test,04_1_1561,Left Hand Tool,Tweezers,0.9925,0.9925,1080,1920
test,05_2_0067,Right Hand Tool,Mouth Gag,0.082,0.082,1080,1920
test,04_1_0635,Right Hand Tool,Forceps,0.9392,0.9392,1080,1920
test,04_1_0735,Left Hand Tool,Retractor,0.9924,0.9304,1080,1920
test,07_1_1413,Left Hand Tool,Tweezers,1.0,1.0,1080,1920
test,07_1_1174,Left Hand Tool,Tweezers,1.0,1.0,1080,1920
test,04_1_1429,Right Hand Tool,Needle Holders,0.9704,0.9704,1080,1920
test,07_1_1558,Right Hand Tool,Forceps,0.9986,0.9986,1080,1920
test,07_1_1396,Right Hand Tool,Scissors,0.9812,0.9812,1080,1920
test,04_1_1205,Left Hand Tool,Retractor,0.9726,0.9726,1080,1920
test,04_1_1463,Right Hand Tool,Needle Holders,0.9146,0.9146,1080,1920
test,07_1_1250,Left Hand Tool,Tweezers,0.9989,0.9989,1080,1920
test,07_1_1203,Right Hand Tool,Tweezers,0.9724,0.9724,1080,1920
test,07_1_0947,Left Hand Tool,Suction Cannula,0.9577,0.955,1080,1920
test,04_1_0549,Right Hand Tool,Syringe,0.9992,0.9992,1080,1920
test,07_1_0809,Left Hand Tool,Forceps,0.9712,0.0012,1080,1920
test,07_1_0366,Left Hand Tool,Tweezers,0.9983,0.2507,1080,1920
test,04_1_0654,Right Hand Tool,Forceps,0.9996,0.9996,1080,1920
test,04_1_0886,Two Hands Tool,Forceps,0.9922,0.9922,1080,1920
test,07_1_1107,Two Hands Tool,Gauze,0.9672,0.8895,1080,1920
test,07_1_0269,Left Hand Tool,Gauze,0.9852,0.4155,1080,1920
test,07_1_0684,Left Hand Tool,Tweezers,0.9764,0.8888,1080,1920
test,07_1_0311,Right Hand Tool,Scissors,0.9623,0.0972,1080,1920
test,05_2_0195,Right Hand Tool,Tweezers,0.9963,0.9465,1080,1920
test,04_1_1440,Right Hand Tool,Needle Holders,1.0,1.0,1080,1920
test,07_1_1595,Left Hand Tool,Suction Cannula,0.1379,0.0774,1080,1920
test,07_1_1668,Right Hand Tool,Suction Cannula,0.9153,0.9153,1080,1920
test,04_1_0697,Right Hand Tool,Electric Cautery,0.9943,0.9943,1080,1920
test,04_1_0874,Right Hand Tool,Forceps,0.9516,0.9516,1080,1920
test,07_1_0548,Right Hand Tool,Scissors,0.8866,0.8866,1080,1920
test,07_1_1572,Left Hand Tool,Needle Holders,0.9947,0.9036,1080,1920
test,05_2_0216,Right Hand Tool,Tweezers,0.9959,0.288,1080,1920
test,04_1_0877,Right Hand Tool,Forceps,0.9908,0.9908,1080,1920
test,04_1_1629,Right Hand Tool,Needle Holders,0.9617,0.9617,1080,1920
test,04_1_0540,Right Hand Tool,Syringe,1.0,1.0,1080,1920
test,04_1_0846,Right Hand Tool,Electric Cautery,1.0,1.0,1080,1920
test,07_1_0490,Right Hand Tool,Scissors,0.9534,0.9534,1080,1920
test,07_1_1234,Left Hand Tool,Tweezers,0.9923,0.9923,1080,1920
test,04_1_0686,Right Hand Tool,Electric Cautery,0.9986,0.9986,1080,1920
test,07_1_0865,Right Hand Tool,Tweezers,0.9697,0.9697,1080,1920
test,04_1_1019,Right Hand Tool,Forceps,0.9962,0.9962,1080,1920
test,04_1_0798,Left Hand Tool,Forceps,0.9907,0.9764,1080,1920
test,04_1_1597,Right Hand Tool,Gauze,0.9574,0.9574,1080,1920
test,04_1_0879,Right Hand Tool,Forceps,0.9759,0.9759,1080,1920
test,04_1_0865,Right Hand Tool,Electric Cautery,0.9981,0.9981,1080,1920
test,04_1_0869,Left Hand Tool,Forceps,0.9545,0.9545,1080,1920
test,07_1_1397,Right Hand Tool,Scissors,0.9601,0.9252,1080,1920
test,04_1_1501,Right Hand Tool,Needle Holders,0.9593,0.9593,1080,1920
test,07_1_1289,Right Hand Tool,Needle Holders,0.5882,0.5882,1080,1920
test,07_1_0796,Right Hand Tool,Forceps,0.9962,0.9962,1080,1920
test,04_1_0911,Right Hand Tool,Forceps,0.9036,0.9036,1080,1920
test,07_1_0765,Two Hands Tool,Tweezers,0.0095,0.0084,1080,1920
test,07_1_0724,Left Hand Tool,Forceps,0.9488,0.9488,1080,1920
test,04_1_0893,Right Hand Tool,Forceps,0.9257,0.8787,1080,1920
test,07_1_0746,Right Hand Tool,Suction Cannula,0.994,0.994,1080,1920
test,04_1_0647,Left Hand Tool,Forceps,0.9268,0.3691,1080,1920
test,04_1_1447,Left Hand Tool,Tweezers,0.9889,0.9889,1080,1920
test,07_1_0307,Left Hand Tool,Tweezers,0.9982,0.7211,1080,1920
test,04_1_0817,Left Hand Tool,Gauze,0.9251,0.9251,1080,1920
test,07_1_0307,Right Hand Tool,Hook,1.0,0.9363,1080,1920
test,05_2_0008,Right Hand Tool,Mouth Gag,0.4121,0.4121,1080,1920
test,07_1_0344,Right Hand Tool,Hook,0.9952,0.7195,1080,1920
test,04_1_0626,Left Hand Tool,Tweezers,0.9991,0.9991,1080,1920
test,07_1_0333,Left Hand Tool,Gauze,0.9954,0.0,1080,1920
test,04_1_1529,Right Hand Tool,Needle Holders,0.971,0.971,1080,1920
test,04_1_0520,Right Hand Tool,Syringe,1.0,1.0,1080,1920
test,07_1_0739,Left Hand Tool,Tweezers,0.9791,0.906,1080,1920
test,04_1_0997,Left Hand Tool,Forceps,0.9501,0.6904,1080,1920
test,04_1_1649,Right Hand Tool,Needle Holders,0.9656,0.9265,1080,1920
test,07_1_0559,Left Hand Tool,Gauze,1.0,0.8809,1080,1920
test,07_1_0340,Left Hand Tool,Tweezers,0.9948,0.154,1080,1920
test,04_1_0633,Right Hand Tool,Forceps,1.0,1.0,1080,1920
test,04_1_1200,Left Hand Tool,Retractor,0.9748,0.9185,1080,1920
test,07_1_0138,Left Hand Tool,Syringe,0.9943,0.9943,1080,1920
test,04_1_1480,Left Hand Tool,Tweezers,0.9408,0.9408,1080,1920
test,04_1_1191,Right Hand Tool,Electric Cautery,0.9978,0.9978,1080,1920
test,04_1_0810,Two Hands Tool,Forceps,0.99,0.99,1080,1920
test,04_1_1425,Left Hand Tool,Tweezers,0.9769,0.9374,1080,1920
test,07_1_1173,Left Hand Tool,Tweezers,0.9991,0.956,1080,1920
test,07_1_1554,Right Hand Tool,Forceps,0.9678,0.9678,1080,1920
test,04_1_1425,Right Hand Tool,Needle Holders,0.991,0.969,1080,1920
test,07_1_0354,Right Hand Tool,Scissors,0.9834,0.0272,1080,1920
test,07_1_1446,Right Hand Tool,Tweezers,0.969,0.6155,1080,1920
test,07_1_0558,Right Hand Tool,Bipolar Forceps,0.9978,0.9806,1080,1920
test,07_1_1026,Left Hand Tool,Tweezers,0.9904,0.9808,1080,1920
test,07_1_1223,Left Hand Tool,Tweezers,0.9916,0.9916,1080,1920
test,04_1_1554,Left Hand Tool,Tweezers,0.9965,0.9965,1080,1920
test,07_1_1577,Left Hand Tool,Needle Holders,0.0,0.0,1080,1920
test,07_1_0155,Left Hand Tool,Gauze,0.995,0.6769,1080,1920
test,04_1_0781,Right Hand Tool,Forceps,0.959,0.959,1080,1920
test,04_1_0696,Left Hand Tool,Forceps,0.9965,0.803,1080,1920
test,04_1_0986,Right Hand Tool,Forceps,0.9997,0.7787,1080,1920
test,07_1_0551,Right Hand Tool,Forceps,0.9992,0.5153,1080,1920
test,04_1_0684,Right Hand Tool,Gauze,0.9919,0.9919,1080,1920
test,04_1_1451,Right Hand Tool,Needle Holders,0.9536,0.9536,1080,1920
test,04_1_1197,Left Hand Tool,Retractor,0.9857,0.9857,1080,1920
test,07_1_0360,Left Hand Tool,Tweezers,0.994,0.9861,1080,1920
test,07_1_1157,Right Hand Tool,Needle Holders,1.0,0.7868,1080,1920
test,04_1_1448,Right Hand Tool,Needle Holders,0.9791,0.9791,1080,1920
test,04_1_0816,Two Hands Tool,Forceps,0.9676,0.9676,1080,1920
test,04_1_1435,Right Hand Tool,Needle Holders,0.9541,0.642,1080,1920
test,07_1_1224,Left Hand Tool,Tweezers,0.9983,0.9983,1080,1920
test,04_1_1265,Left Hand Tool,Syringe,0.1567,0.1567,1080,1920
test,07_1_1186,Left Hand Tool,Tweezers,1.0,1.0,1080,1920
test,04_1_1108,Right Hand Tool,Scalpel,0.9966,0.9966,1080,1920
test,07_1_0141,Left Hand Tool,Gauze,0.9888,0.9463,1080,1920
test,07_1_0937,Right Hand Tool,Scalpel,0.9941,0.6285,1080,1920
test,04_1_0610,Left Hand Tool,Retractor,0.9881,0.9881,1080,1920
test,07_1_1437,Right Hand Tool,Needle Holders,0.8078,0.8078,1080,1920
test,07_1_0421,Right Hand Tool,Scissors,0.99,0.2186,1080,1920
test,07_1_0855,Left Hand Tool,Forceps,0.9906,0.9906,1080,1920
test,07_1_1556,Right Hand Tool,Forceps,0.9836,0.9836,1080,1920
test,04_1_1467,Left Hand Tool,Tweezers,0.9398,0.9398,1080,1920
test,04_1_0634,Left Hand Tool,Electric Cautery,1.0,1.0,1080,1920
test,04_1_1278,Left Hand Tool,Retractor,0.262,0.2536,1080,1920
test,07_1_1486,Left Hand Tool,Tweezers,0.999,0.9954,1080,1920
test,07_1_1255,Left Hand Tool,Tweezers,0.959,0.959,1080,1920
test,07_1_0556,Right Hand Tool,Bipolar Forceps,0.9974,0.9618,1080,1920
test,07_1_0274,Right Hand Tool,Scalpel,0.9916,0.9916,1080,1920
test,07_1_1303,Left Hand Tool,Needle Holders,0.1664,0.1664,1080,1920
test,07_1_1398,Right Hand Tool,Scissors,0.9798,0.9781,1080,1920
test,07_1_1089,Right Hand Tool,Suction Cannula,0.997,0.9847,1080,1920
test,04_1_0976,Right Hand Tool,Forceps,0.9742,0.9742,1080,1920
test,04_1_1009,Right Hand Tool,Electric Cautery,0.993,0.9881,1080,1920
test,04_1_1490,Left Hand Tool,Tweezers,0.988,0.988,1080,1920
test,05_2_0003,Left Hand Tool,Tweezers,0.9914,0.9914,1080,1920
test,07_1_0742,Left Hand Tool,Tweezers,0.9337,0.9337,1080,1920
test,07_1_1275,Right Hand Tool,Needle Holders,1.0,1.0,1080,1920
test,07_1_1655,Right Hand Tool,Suction Cannula,1.0,1.0,1080,1920
test,07_1_0787,Right Hand Tool,Gauze,0.4505,0.4505,1080,1920
test,04_1_0901,Right Hand Tool,Electric Cautery,0.9999,0.9977,1080,1920
test,04_1_0964,Right Hand Tool,Electric Cautery,0.9979,0.9979,1080,1920
test,04_1_1590,Right Hand Tool,Needle Holders,0.9929,0.9929,1080,1920
test,04_1_1631,Right Hand Tool,Needle Holders,1.0,1.0,1080,1920
test,04_1_0659,Left Hand Tool,Gauze,1.0,0.9573,1080,1920
test,04_1_1461,Left Hand Tool,Tweezers,0.998,0.998,1080,1920
test,04_1_1222,Right Hand Tool,Electric Cautery,0.9886,0.9886,1080,1920
test,07_1_1067,Left Hand Tool,Tweezers,0.9954,0.9954,1080,1920
test,07_1_0982,Right Hand Tool,Bipolar Forceps,0.9971,0.9969,1080,1920
test,07_1_1390,Left Hand Tool,Tweezers,0.9879,0.9879,1080,1920
test,04_1_1512,Right Hand Tool,Needle Holders,0.9563,0.9563,1080,1920
test,04_1_1486,Right Hand Tool,Needle Holders,1.0,1.0,1080,1920
test,07_1_0578,Two Hands Tool,Gauze,0.9996,0.9996,1080,1920
test,05_2_0060,Right Hand Tool,Mouth Gag,0.5104,0.5104,1080,1920
test,04_1_1552,Left Hand Tool,Tweezers,0.9574,0.9574,1080,1920
test,04_1_0802,Left Hand Tool,Gauze,0.9968,0.1868,1080,1920
test,07_1_0829,Right Hand Tool,Tweezers,0.8407,0.8407,1080,1920
test,04_1_1621,Right Hand Tool,Needle Holders,0.9898,0.9898,1080,1920
test,04_1_0702,Right Hand Tool,Electric Cautery,0.9924,0.9924,1080,1920
test,05_2_0025,Left Hand Tool,Tweezers,0.9988,0.9988,1080,1920
test,07_1_0758,Left Hand Tool,Tweezers,0.9933,0.9926,1080,1920
test,07_1_1646,Left Hand Tool,Needle Holders,0.042,0.0122,1080,1920
test,07_1_0436,Left Hand Tool,Gauze,1.0,0.9409,1080,1920
test,04_1_1416,Right Hand Tool,Needle Holders,0.9862,0.9862,1080,1920
test,07_1_0929,Left Hand Tool,Forceps,0.9945,0.7724,1080,1920
test,07_1_0986,Right Hand Tool,Bipolar Forceps,0.9924,0.9886,1080,1920
test,04_1_1010,Right Hand Tool,Electric Cautery,1.0,0.997,1080,1920
test,07_1_1673,Left Hand Tool,Forceps,0.9342,0.9342,1080,1920
test,04_1_1575,Right Hand Tool,Needle Holders,0.9994,0.9994,1080,1920
test,04_1_0619,Left Hand Tool,Tweezers,0.9778,0.9778,1080,1920
test,04_1_1452,Left Hand Tool,Tweezers,0.9859,0.9859,1080,1920
test,04_1_1574,Left Hand Tool,Tweezers,0.9999,0.9999,1080,1920
test,04_1_0556,Right Hand Tool,Syringe,0.9997,0.7538,1080,1920
test,04_1_1245,Left Hand Tool,Retractor,0.9842,0.9842,1080,1920
test,07_1_0411,Left Hand Tool,Tweezers,0.9995,0.2658,1080,1920
test,05_2_0019,Right Hand Tool,Mouth Gag,0.0659,0.0659,1080,1920
test,07_1_0572,Left Hand Tool,Gauze,1.0,0.9027,1080,1920
test,07_1_0697,Left Hand Tool,Tweezers,0.9517,0.8514,1080,1920
test,07_1_0695,Left Hand Tool,Tweezers,0.9963,0.9463,1080,1920
test,04_1_1389,Right Hand Tool,Needle Holders,0.9626,0.9626,1080,1920
test,07_1_0280,Left Hand Tool,Gauze,0.9899,0.6382,1080,1920
test,07_1_1389,Left Hand Tool,Tweezers,1.0,1.0,1080,1920
test,07_1_1344,Right Hand Tool,Needle Holders,1.0,1.0,1080,1920
test,07_1_0285,Right Hand Tool,Scalpel,0.9743,0.9383,1080,1920
test,07_1_1637,Right Hand Tool,Gauze,0.0042,0.0042,1080,1920
test,04_1_1436,Left Hand Tool,Tweezers,0.9656,0.9656,1080,1920
test,04_1_0785,Two Hands Tool,Forceps,0.9436,0.9436,1080,1920
test,04_1_0823,Left Hand Tool,Gauze,0.9901,0.9901,1080,1920
test,07_1_0779,Left Hand Tool,Tweezers,0.9815,0.7677,1080,1920
test,07_1_1311,Right Hand Tool,Tweezers,1.0,1.0,1080,1920
test,07_1_0983,Right Hand Tool,Bipolar Forceps,0.9999,0.9999,1080,1920
test,04_1_0525,Left Hand Tool,Gauze,1.0,1.0,1080,1920
test,07_1_0984,Left Hand Tool,Gauze,0.9988,0.9988,1080,1920
test,04_1_0694,Right Hand Tool,Electric Cautery,0.9969,0.9969,1080,1920
test,07_1_1580,Right Hand Tool,Forceps,1.0,1.0,1080,1920
test,04_1_1218,Right Hand Tool,Electric Cautery,0.9936,0.9894,1080,1920
test,05_2_0039,Right Hand Tool,Tweezers,0.9444,0.8561,1080,1920
test,04_1_0782,Left Hand Tool,Gauze,0.9553,0.9553,1080,1920
test,07_1_1018,Left Hand Tool,Tweezers,0.9975,0.8527,1080,1920
test,07_1_1403,Right Hand Tool,Scissors,0.9967,0.9967,1080,1920
test,04_1_0586,Right Hand Tool,Scalpel,0.9961,0.9961,1080,1920
test,04_1_0796,Right Hand Tool,Electric Cautery,0.9972,0.9308,1080,1920
test,04_1_0799,Right Hand Tool,Electric Cautery,0.9989,0.8341,1080,1920
test,04_1_0640,Left Hand Tool,Electric Cautery,1.0,1.0,1080,1920
test,04_1_0813,Right Hand Tool,Forceps,1.0,1.0,1080,1920
test,07_1_0268,Right Hand Tool,Scalpel,0.9954,0.9393,1080,1920
test,07_1_0474,Left Hand Tool,Tweezers,1.0,1.0,1080,1920
test,07_1_1252,Right Hand Tool,Needle Holders,0.9963,0.9963,1080,1920
test,04_1_0968,Right Hand Tool,Forceps,0.9766,0.9766,1080,1920
test,04_1_1194,Left Hand Tool,Retractor,0.9915,0.9884,1080,1920
test,05_2_0062,Right Hand Tool,Mouth Gag,0.6604,0.6604,1080,1920
test,04_1_1278,Right Hand Tool,Syringe,1.0,1.0,1080,1920
test,07_1_0863,Left Hand Tool,Forceps,0.0568,0.0568,1080,1920
test,07_1_0689,Right Hand Tool,Bipolar Forceps,0.9942,0.4198,1080,1920
test,04_1_0926,Left Hand Tool,Forceps,0.9574,0.9574,1080,1920
test,07_1_0579,Two Hands Tool,Gauze,0.9994,0.9994,1080,1920
test,04_1_0695,Left Hand Tool,Forceps,0.997,0.997,1080,1920
test,07_1_1654,Right Hand Tool,Suction Cannula,0.9549,0.9154,1080,1920
test,07_1_0281,Two Hands Tool,Gauze,1.0,0.4928,1080,1920
test,07_1_1000,Left Hand Tool,Tweezers,0.9961,0.9961,1080,1920
test,04_1_0612,Left Hand Tool,Retractor,0.9979,0.9979,1080,1920
test,05_2_0001,Left Hand Tool,Tweezers,0.996,0.996,1080,1920
test,07_1_1617,Left Hand Tool,Forceps,0.2563,0.2563,1080,1920
test,07_1_0291,Right Hand Tool,Scalpel,0.9752,0.827,1080,1920
test,07_1_1000,Right Hand Tool,Bipolar Forceps,1.0,0.8772,1080,1920
test,04_1_1226,Left Hand Tool,Tweezers,0.9974,0.9927,1080,1920
test,04_1_0802,Right Hand Tool,Forceps,0.9984,0.9984,1080,1920
test,04_1_1579,Left Hand Tool,Tweezers,0.9897,0.9897,1080,1920
test,07_1_1213,Left Hand Tool,Tweezers,0.9884,0.8571,1080,1920
test,04_1_1459,Right Hand Tool,Needle Holders,0.9925,0.9925,1080,1920
test,07_1_1162,Right Hand Tool,Needle Holders,0.9777,0.9777,1080,1920
test,07_1_1039,Left Hand Tool,Tweezers,0.9845,0.9492,1080,1920
test,07_1_0319,Right Hand Tool,Scissors,0.9788,0.3174,1080,1920
test,04_1_1481,Right Hand Tool,Needle Holders,0.9593,0.8883,1080,1920
test,04_1_1480,Right Hand Tool,Needle Holders,1.0,1.0,1080,1920
test,04_1_1478,Left Hand Tool,Tweezers,0.9863,0.5481,1080,1920
test,04_1_0520,Left Hand Tool,Gauze,1.0,1.0,1080,1920
test,05_2_0217,Right Hand Tool,Tweezers,0.9978,0.6397,1080,1920
test,04_1_1396,Right Hand Tool,Needle Holders,1.0,1.0,1080,1920
test,07_1_1271,Left Hand Tool,Tweezers,0.9888,0.9888,1080,1920
test,07_1_0277,Left Hand Tool,Gauze,0.9681,0.5312,1080,1920
test,07_1_1573,Right Hand Tool,Forceps,1.0,1.0,1080,1920
test,04_1_0647,Right Hand Tool,Forceps,0.9973,0.1495,1080,1920
test,07_1_0329,Left Hand Tool,Gauze,0.9954,0.001,1080,1920
test,04_1_1633,Right Hand Tool,Needle Holders,0.9632,0.9631,1080,1920
test,07_1_1323,Left Hand Tool,Forceps,0.9626,0.9626,1080,1920
test,04_1_1638,Left Hand Tool,Tweezers,1.0,1.0,1080,1920
test,07_1_0177,Left Hand Tool,Gauze,0.9689,0.4129,1080,1920
test,07_1_0548,Left Hand Tool,Tweezers,0.9892,0.9756,1080,1920
test,07_1_0774,Left Hand Tool,Tweezers,0.9847,0.9835,1080,1920
test,04_1_0705,Left Hand Tool,Gauze,0.9998,0.7702,1080,1920
test,04_1_1515,Right Hand Tool,Needle Holders,0.9799,0.9799,1080,1920
test,07_1_0721,Right Hand Tool,Scissors,0.9736,0.9736,1080,1920
test,04_1_1599,Left Hand Tool,Needle Holders,0.9958,0.9958,1080,1920
test,07_1_0312,Left Hand Tool,Tweezers,0.9819,0.485,1080,1920
test,04_1_1405,Left Hand Tool,Tweezers,0.9642,0.9628,1080,1920
test,07_1_1536,Left Hand Tool,Forceps,0.9695,0.9662,1080,1920
test,04_1_0840,Right Hand Tool,Electric Cautery,0.9965,0.9965,1080,1920
test,04_1_1533,Left Hand Tool,Tweezers,0.9719,0.9719,1080,1920
test,07_1_1291,Right Hand Tool,Needle Holders,0.1674,0.1613,1080,1920
test,07_1_1515,Left Hand Tool,Forceps,0.589,0.42,1080,1920
test,04_1_1487,Left Hand Tool,Tweezers,0.9851,0.9851,1080,1920
test,04_1_1582,Left Hand Tool,Tweezers,0.9978,0.9978,1080,1920
test,04_1_1583,Left Hand Tool,Tweezers,0.944,0.944,1080,1920
test,04_1_1635,Right Hand Tool,Needle Holders,0.9794,0.9794,1080,1920
test,07_1_1582,Right Hand Tool,Forceps,1.0,0.9949,1080,1920
test,07_1_0678,Right Hand Tool,Scissors,0.9517,0.9517,1080,1920
test,04_1_0687,Right Hand Tool,Forceps,0.9734,0.9734,1080,1920
test,04_1_0524,Right Hand Tool,Syringe,1.0,1.0,1080,1920
test,07_1_1182,Right Hand Tool,Needle Holders,0.9859,0.9859,1080,1920
test,04_1_0527,Left Hand Tool,Gauze,1.0,1.0,1080,1920
test,07_1_1464,Right Hand Tool,Needle Holders,0.9965,0.9965,1080,1920
test,04_1_0638,Left Hand Tool,Electric Cautery,0.9951,0.9951,1080,1920
test,04_1_1495,Right Hand Tool,Needle Holders,0.0419,0.0261,1080,1920
test,07_1_0477,Right Hand Tool,Scissors,0.9514,0.9514,1080,1920
test,07_1_1544,Right Hand Tool,Forceps,0.9782,0.9782,1080,1920
test,07_1_1614,Left Hand Tool,Forceps,0.9857,0.9857,1080,1920
test,07_1_0353,Left Hand Tool,Tweezers,0.9937,0.9937,1080,1920
test,04_1_0658,Left Hand Tool,Forceps,0.9942,0.696,1080,1920
test,07_1_1002,Left Hand Tool,Tweezers,0.9998,0.9998,1080,1920
test,07_1_1234,Right Hand Tool,Forceps,0.0,0.0,1080,1920
test,04_1_1003,Two Hands Tool,Forceps,0.9403,0.9403,1080,1920
test,05_2_0238,Right Hand Tool,Mouth Gag,0.9876,0.0879,1080,1920
test,04_1_0791,Two Hands Tool,Forceps,1.0,1.0,1080,1920
test,04_1_0652,Two Hands Tool,Forceps,0.9803,0.9803,1080,1920
test,05_2_0213,Right Hand Tool,Tweezers,0.9916,0.4639,1080,1920
test,07_1_1280,Right Hand Tool,Tweezers,0.7541,0.7541,1080,1920
test,07_1_0504,Right Hand Tool,Scissors,1.0,1.0,1080,1920
test,04_1_0516,Two Hands Tool,Syringe,0.9981,0.9981,1080,1920
test,04_1_0744,Right Hand Tool,Gauze,1.0,1.0,1080,1920
test,07_1_1311,Left Hand Tool,Forceps,0.9127,0.9127,1080,1920
test,04_1_1641,Right Hand Tool,Needle Holders,0.9839,0.9839,1080,1920
test,04_1_0575,Two Hands Tool,Scalpel,0.9966,0.9966,1080,1920
test,07_1_1195,Right Hand Tool,Tweezers,0.8508,0.8508,1080,1920
test,04_1_1050,Right Hand Tool,Forceps,0.9681,0.9681,1080,1920
test,04_1_0885,Right Hand Tool,Forceps,0.9109,0.9109,1080,1920
test,04_1_1604,Right Hand Tool,Needle Holders,0.9263,0.9263,1080,1920
test,05_2_0204,Right Hand Tool,Tweezers,0.9985,0.9369,1080,1920
test,04_1_1497,Right Hand Tool,Needle Holders,1.0,1.0,1080,1920
test,04_1_1678,Right Hand Tool,Needle Holders,0.9135,0.8595,1080,1920
test,07_1_1386,Right Hand Tool,Scissors,0.9687,0.9387,1080,1920
test,04_1_1382,Right Hand Tool,Needle Holders,0.9809,0.9809,1080,1920
test,07_1_1245,Right Hand Tool,Needle Holders,0.9626,0.9626,1080,1920
test,07_1_1589,Right Hand Tool,Forceps,0.9957,0.9957,1080,1920
test,07_1_0495,Left Hand Tool,Tweezers,0.9806,0.9706,1080,1920
test,07_1_0797,Right Hand Tool,Gauze,0.975,0.8039,1080,1920
test,07_1_1216,Left Hand Tool,Tweezers,1.0,1.0,1080,1920
test,04_1_0729,Left Hand Tool,Tweezers,0.9852,0.7219,1080,1920
test,07_1_1340,Right Hand Tool,Needle Holders,0.9986,0.9986,1080,1920
test,07_1_1431,Right Hand Tool,Needle Holders,0.9977,0.9977,1080,1920
test,04_1_0779,Left Hand Tool,Gauze,1.0,0.3732,1080,1920
test,05_2_0023,Left Hand Tool,Tweezers,0.9949,0.9949,1080,1920
test,04_1_1612,Right Hand Tool,Needle Holders,0.9749,0.9749,1080,1920
test,07_1_0146,Left Hand Tool,Gauze,0.9983,0.9983,1080,1920
test,07_1_0260,Right Hand Tool,Scalpel,1.0,0.999,1080,1920
test,07_1_0420,Right Hand Tool,Scissors,0.9973,0.3856,1080,1920
test,04_1_1359,Right Hand Tool,Needle Holders,0.533,0.533,1080,1920
test,04_1_0592,Right Hand Tool,Scalpel,0.9931,0.9931,1080,1920
test,04_1_0826,Right Hand Tool,Forceps,0.9837,0.9837,1080,1920
test,07_1_0958,Left Hand Tool,Gauze,0.9995,0.9653,1080,1920
test,07_1_0791,Right Hand Tool,Forceps,0.8714,0.2639,1080,1920
test,04_1_0688,Left Hand Tool,Forceps,1.0,1.0,1080,1920
test,04_1_1538,Right Hand Tool,Needle Holders,0.9531,0.9523,1080,1920
test,04_1_1387,Right Hand Tool,Needle Holders,0.9976,0.9976,1080,1920
test,04_1_1001,Left Hand Tool,Forceps,0.966,0.7946,1080,1920
test,04_1_0974,Right Hand Tool,Forceps,1.0,0.9972,1080,1920
test,04_1_1628,Left Hand Tool,Tweezers,0.9807,0.9807,1080,1920
test,05_2_0042,Two Hands Tool,Gauze,0.9866,0.3699,1080,1920
test,07_1_1551,Left Hand Tool,Forceps,0.1256,0.1228,1080,1920
test,07_1_1033,Right Hand Tool,Bipolar Forceps,0.9998,0.6054,1080,1920
test,05_2_0235,Right Hand Tool,Tweezers,0.9841,0.8318,1080,1920
test,04_1_0893,Left Hand Tool,Retractor,1.0,1.0,1080,1920
test,07_1_1278,Right Hand Tool,Needle Holders,0.9801,0.9642,1080,1920
test,07_1_1487,Left Hand Tool,Tweezers,0.9814,0.9814,1080,1920
test,07_1_0763,Left Hand Tool,Forceps,0.9883,0.9883,1080,1920
test,04_1_1560,Left Hand Tool,Tweezers,1.0,1.0,1080,1920
test,04_1_1008,Left Hand Tool,Forceps,0.9972,0.9972,1080,1920
test,04_1_1422,Right Hand Tool,Needle Holders,0.9754,0.9754,1080,1920
test,07_1_1179,Right Hand Tool,Needle Holders,0.9961,0.9961,1080,1920
test,04_1_1532,Left Hand Tool,Tweezers,0.9965,0.9965,1080,1920
test,07_1_1584,Right Hand Tool,Forceps,0.9188,0.9188,1080,1920
test,04_1_0779,Right Hand Tool,Forceps,1.0,0.613,1080,1920
test,07_1_0951,Right Hand Tool,Scalpel,0.9981,0.9981,1080,1920
test,07_1_1416,Right Hand Tool,Scissors,0.9588,0.6335,1080,1920
test,04_1_0579,Right Hand Tool,Scalpel,0.9982,0.9982,1080,1920
test,07_1_1450,Right Hand Tool,Needle Holders,0.9804,0.7299,1080,1920
test,04_1_1418,Left Hand Tool,Tweezers,0.9648,0.8662,1080,1920
test,04_1_1061,Right Hand Tool,Forceps,0.8778,0.8778,1080,1920
test,04_1_1291,Right Hand Tool,Gauze,0.9763,0.9763,1080,1920
test,04_1_0765,Right Hand Tool,Forceps,1.0,1.0,1080,1920
test,04_1_1503,Right Hand Tool,Needle Holders,0.9026,0.9026,1080,1920
test,07_1_1214,Left Hand Tool,Tweezers,0.9986,0.9751,1080,1920
test,07_1_1211,Left Hand Tool,Tweezers,0.9952,0.9952,1080,1920
test,07_1_1322,Left Hand Tool,Gauze,0.9986,0.9038,1080,1920
test,04_1_0624,Right Hand Tool,Electric Cautery,0.9999,0.9999,1080,1920
test,07_1_1020,Left Hand Tool,Tweezers,0.9985,0.9985,1080,1920
test,04_1_0978,Right Hand Tool,Forceps,1.0,1.0,1080,1920
test,07_1_1265,Left Hand Tool,Tweezers,1.0,0.9998,1080,1920
test,07_1_0778,Right Hand Tool,Needle Holders,0.9987,0.9849,1080,1920
test,07_1_0329,Right Hand Tool,Scissors,0.967,0.0961,1080,1920
test,07_1_0861,Left Hand Tool,Forceps,0.9979,0.9979,1080,1920
test,04_1_1445,Left Hand Tool,Tweezers,0.9681,0.6928,1080,1920
test,07_1_0790,Right Hand Tool,Forceps,0.9907,0.2384,1080,1920
test,07_1_0935,Right Hand Tool,Scalpel,1.0,1.0,1080,1920
test,04_1_0994,Two Hands Tool,Forceps,0.971,0.971,1080,1920
test,04_1_0761,Two Hands Tool,Forceps,0.9813,0.9813,1080,1920
test,07_1_0485,Left Hand Tool,Tweezers,1.0,1.0,1080,1920
test,07_1_0275,Right Hand Tool,Scalpel,0.9917,0.8879,1080,1920
test,04_1_0614,Right Hand Tool,Retractor,0.9223,0.9223,1080,1920
test,04_1_0933,Left Hand Tool,Forceps,0.9941,0.9941,1080,1920
test,04_1_0812,Two Hands Tool,Forceps,0.9456,0.9456,1080,1920
test,04_1_1436,Right Hand Tool,Needle Holders,0.2575,0.2575,1080,1920
test,04_1_1375,Right Hand Tool,Needle Holders,0.9791,0.9791,1080,1920
test,07_1_1400,Right Hand Tool,Scissors,0.9845,0.9845,1080,1920
test,04_1_0699,Right Hand Tool,Gauze,0.9997,0.978,1080,1920
test,07_1_0435,Left Hand Tool,Gauze,0.9998,0.8379,1080,1920
test,04_1_1659,Left Hand Tool,Tweezers,0.9992,0.9992,1080,1920
test,07_1_1238,Right Hand Tool,Gauze,0.9734,0.9734,1080,1920
test,07_1_0338,Left Hand Tool,Tweezers,0.9971,0.142,1080,1920
test,07_1_0856,Right Hand Tool,Needle Holders,0.9985,0.9941,1080,1920
test,07_1_1276,Left Hand Tool,Tweezers,1.0,0.9866,1080,1920
test,07_1_1170,Left Hand Tool,Tweezers,0.9863,0.856,1080,1920
test,07_1_0993,Right Hand Tool,Bipolar Forceps,1.0,0.648,1080,1920
test,04_1_0551,Two Hands Tool,Syringe,0.9999,0.9999,1080,1920
test,07_1_0308,Left Hand Tool,Tweezers,1.0,0.602,1080,1920
test,04_1_0545,Two Hands Tool,Syringe,1.0,1.0,1080,1920
test,04_1_0710,Left Hand Tool,Gauze,0.9993,0.8516,1080,1920
test,07_1_1494,Right Hand Tool,Needle Holders,0.9814,0.9814,1080,1920
test,04_1_1637,Right Hand Tool,Needle Holders,0.9592,0.9307,1080,1920
test,07_1_1583,Right Hand Tool,Forceps,0.9392,0.9392,1080,1920
test,04_1_0692,Right Hand Tool,Electric Cautery,0.9863,0.9863,1080,1920
test,04_1_0677,Right Hand Tool,Forceps,1.0,0.7665,1080,1920
test,07_1_0853,Left Hand Tool,Tweezers,0.9946,0.9554,1080,1920
test,04_1_1450,Left Hand Tool,Tweezers,0.9819,0.9819,1080,1920
test,07_1_0951,Left Hand Tool,Gauze,0.8815,0.6546,1080,1920
test,07_1_0567,Right Hand Tool,Gauze,0.9528,0.9528,1080,1920
test,07_1_1266,Left Hand Tool,Tweezers,0.9944,0.9943,1080,1920
test,07_1_1235,Right Hand Tool,Forceps,0.8779,0.8779,1080,1920
test,07_1_1459,Left Hand Tool,Tweezers,0.9891,0.9656,1080,1920
test,07_1_1584,Left Hand Tool,Forceps,0.1646,0.1471,1080,1920
test,07_1_0516,Left Hand Tool,Tweezers,0.9647,0.9647,1080,1920
test,04_1_1627,Right Hand Tool,Needle Holders,0.9937,0.9935,1080,1920
test,04_1_1417,Left Hand Tool,Tweezers,0.9821,0.8688,1080,1920
test,07_1_1297,Right Hand Tool,Needle Holders,0.9875,0.9875,1080,1920
test,05_2_0020,Right Hand Tool,Mouth Gag,0.2303,0.2303,1080,1920
test,07_1_0501,Left Hand Tool,Tweezers,0.9995,0.9995,1080,1920
test,07_1_1257,Right Hand Tool,Needle Holders,0.9963,0.9963,1080,1920
test,07_1_1187,Left Hand Tool,Tweezers,1.0,1.0,1080,1920
test,07_1_0260,Left Hand Tool,Gauze,0.9855,0.9855,1080,1920
test,07_1_0560,Left Hand Tool,Gauze,0.9973,0.8582,1080,1920
test,04_1_0515,Two Hands Tool,Syringe,0.9947,0.9947,1080,1920
test,04_1_1452,Right Hand Tool,Needle Holders,0.9899,0.9899,1080,1920
test,07_1_0985,Left Hand Tool,Gauze,1.0,1.0,1080,1920
test,05_2_0044,Left Hand Tool,Suction Cannula,1.0,0.8151,1080,1920
test,07_1_1028,Right Hand Tool,Bipolar Forceps,0.9709,0.7365,1080,1920
test,07_1_0713,Left Hand Tool,Tweezers,0.9765,0.9765,1080,1920
test,04_1_1423,Right Hand Tool,Needle Holders,0.9956,0.9956,1080,1920
test,04_1_0623,Right Hand Tool,Electric Cautery,1.0,1.0,1080,1920
test,07_1_0493,Right Hand Tool,Scissors,0.9918,0.9918,1080,1920
test,04_1_0558,Right Hand Tool,Syringe,1.0,1.0,1080,1920
test,07_1_1224,Right Hand Tool,Needle Holders,0.9834,0.9834,1080,1920
test,07_1_0966,Left Hand Tool,Forceps,0.9681,0.9681,1080,1920
test,04_1_1492,Left Hand Tool,Tweezers,1.0,1.0,1080,1920
test,04_1_0674,Right Hand Tool,Forceps,0.9991,0.9991,1080,1920
test,04_1_1679,Left Hand Tool,Tweezers,1.0,1.0,1080,1920
test,07_1_1395,Left Hand Tool,Tweezers,0.9769,0.9769,1080,1920
test,04_1_1494,Right Hand Tool,Needle Holders,0.1026,0.1026,1080,1920
test,04_1_1447,Right Hand Tool,Needle Holders,0.9778,0.9778,1080,1920
test,04_1_1657,Left Hand Tool,Tweezers,0.9955,0.9936,1080,1920
test,04_1_1414,Right Hand Tool,Needle Holders,0.9952,0.9952,1080,1920
test,04_1_0857,Right Hand Tool,Electric Cautery,0.9979,0.9979,1080,1920
test,07_1_1019,Left Hand Tool,Tweezers,0.9934,0.9062,1080,1920
test,07_1_1252,Left Hand Tool,Tweezers,0.9905,0.9905,1080,1920
test,07_1_1590,Right Hand Tool,Forceps,0.9947,0.9947,1080,1920
test,07_1_0632,Two Hands Tool,Forceps,1.0,1.0,1080,1920
test,04_1_0603,Right Hand Tool,Retractor,1.0,1.0,1080,1920
test,04_1_0701,Right Hand Tool,Electric Cautery,1.0,1.0,1080,1920
test,07_1_0361,Right Hand Tool,Scissors,0.9913,0.0,1080,1920
test,04_1_1626,Right Hand Tool,Needle Holders,1.0,1.0,1080,1920
test,07_1_0550,Left Hand Tool,Tweezers,0.9712,0.9712,1080,1920
test,07_1_1640,Right Hand Tool,Suction Cannula,0.9977,0.9844,1080,1920
test,07_1_1251,Left Hand Tool,Tweezers,0.9826,0.9826,1080,1920
test,04_1_1563,Left Hand Tool,Tweezers,0.9939,0.9939,1080,1920
test,07_1_1385,Left Hand Tool,Tweezers,1.0,1.0,1080,1920
test,07_1_0321,Left Hand Tool,Tweezers,0.9987,0.3429,1080,1920
test,04_1_0738,Left Hand Tool,Retractor,0.9903,0.9903,1080,1920
test,04_1_0668,Right Hand Tool,Forceps,1.0,1.0,1080,1920
test,07_1_0707,Right Hand Tool,Gauze,0.9978,0.8486,1080,1920
test,04_1_1645,Left Hand Tool,Tweezers,0.9837,0.9837,1080,1920
test,07_1_0279,Left Hand Tool,Gauze,0.9976,0.7346,1080,1920
test,04_1_1526,Left Hand Tool,Tweezers,0.992,0.992,1080,1920
test,05_2_0171,Two Hands Tool,Tweezers,0.9779,0.7683,1080,1920
test,07_1_0156,Left Hand Tool,Gauze,0.9968,0.6865,1080,1920
test,04_1_1408,Right Hand Tool,Needle Holders,0.968,0.968,1080,1920
test,04_1_1531,Left Hand Tool,Tweezers,0.9998,0.9998,1080,1920
test,04_1_1164,Two Hands Tool,Forceps,0.9803,0.9803,1080,1920
test,07_1_0486,Right Hand Tool,Gauze,0.9748,0.8747,1080,1920
test,07_1_0504,Left Hand Tool,Tweezers,0.9917,0.9917,1080,1920
test,05_2_0006,Left Hand Tool,Tweezers,0.982,0.982,1080,1920
test,07_1_1294,Right Hand Tool,Needle Holders,0.9929,0.9929,1080,1920
test,07_1_0748,Left Hand Tool,Forceps,0.9727,0.9727,1080,1920
test,04_1_1253,Two Hands Tool,Retractor,0.0,0.0,1080,1920
test,07_1_0851,Right Hand Tool,Needle Holders,0.9984,0.9339,1080,1920
test,04_1_0898,Left Hand Tool,Forceps,0.92,0.8809,1080,1920
test,07_1_0969,Left Hand Tool,Forceps,0.9922,0.9612,1080,1920
test,07_1_1526,Two Hands Tool,Scissors,0.1915,0.0889,1080,1920
test,04_1_1265,Right Hand Tool,Syringe,0.9977,0.9977,1080,1920
test,07_1_1021,Right Hand Tool,Bipolar Forceps,0.9912,0.9912,1080,1920
test,04_1_1026,Two Hands Tool,Forceps,1.0,1.0,1080,1920
test,07_1_0481,Right Hand Tool,Scissors,0.9384,0.9384,1080,1920
test,05_2_0061,Right Hand Tool,Mouth Gag,0.3959,0.3959,1080,1920
test,07_1_0449,Right Hand Tool,Scissors,0.9914,0.7488,1080,1920
test,07_1_1063,Left Hand Tool,Tweezers,0.9988,0.9988,1080,1920
test,07_1_0273,Right Hand Tool,Scalpel,0.9946,0.9946,1080,1920
test,04_1_1562,Right Hand Tool,Needle Holders,0.8643,0.8072,1080,1920
test,07_1_1261,Left Hand Tool,Tweezers,0.9989,0.9177,1080,1920
test,04_1_0712,Left Hand Tool,Gauze,0.9915,0.9186,1080,1920
test,07_1_0430,Right Hand Tool,Bipolar Forceps,0.9995,0.9963,1080,1920
test,07_1_0925,Left Hand Tool,Forceps,1.0,0.6879,1080,1920
test,07_1_0946,Right Hand Tool,Scalpel,0.9981,0.9317,1080,1920
test,04_1_0585,Left Hand Tool,Tweezers,1.0,0.0,1080,1920
test,07_1_1492,Left Hand Tool,Tweezers,1.0,1.0,1080,1920
test,04_1_1044,Left Hand Tool,Gauze,1.0,1.0,1080,1920
test,07_1_0356,Right Hand Tool,Gauze,0.9984,0.004,1080,1920
test,07_1_1444,Right Hand Tool,Needle Holders,0.9873,0.817,1080,1920
test,07_1_1198,Right Hand Tool,Tweezers,0.9605,0.9605,1080,1920
test,07_1_0133,Left Hand Tool,Syringe,0.9886,0.9886,1080,1920
test,04_1_1427,Right Hand Tool,Needle Holders,1.0,1.0,1080,1920
test,04_1_0513,Right Hand Tool,Syringe,0.9979,0.9979,1080,1920
test,07_1_0686,Left Hand Tool,Tweezers,0.9904,0.8899,1080,1920
test,07_1_0326,Left Hand Tool,Gauze,1.0,0.7091,1080,1920
test,04_1_1550,Right Hand Tool,Needle Holders,0.9825,0.9825,1080,1920
test,07_1_0782,Right Hand Tool,Needle Holders,1.0,1.0,1080,1920
test,04_1_1666,Left Hand Tool,Tweezers,0.9999,0.9999,1080,1920
test,04_1_1649,Left Hand Tool,Tweezers,0.9811,0.9811,1080,1920
test,04_1_1215,Left Hand Tool,Tweezers,0.9973,0.9973,1080,1920
test,07_1_0263,Left Hand Tool,Gauze,0.9993,0.552,1080,1920
test,07_1_0178,Left Hand Tool,Gauze,0.9924,0.3394,1080,1920
test,04_1_1186,Right Hand Tool,Electric Cautery,0.997,0.997,1080,1920
test,07_1_0808,Left Hand Tool,Forceps,0.9276,0.1703,1080,1920
test,04_1_1020,Right Hand Tool,Forceps,0.9994,0.9994,1080,1920
test,04_1_1007,Right Hand Tool,Forceps,0.991,0.9784,1080,1920
test,07_1_1266,Right Hand Tool,Needle Holders,0.9989,0.9989,1080,1920
test,07_1_0487,Left Hand Tool,Tweezers,0.994,0.7595,1080,1920
test,07_1_1228,Right Hand Tool,Needle Holders,0.9528,0.9528,1080,1920
test,07_1_1158,Left Hand Tool,Tweezers,0.9562,0.9219,1080,1920
test,07_1_0757,Left Hand Tool,Tweezers,1.0,0.3369,1080,1920
test,04_1_1509,Left Hand Tool,Tweezers,0.9997,0.9997,1080,1920
test,05_2_0068,Left Hand Tool,Tweezers,0.9144,0.8505,1080,1920
test,07_1_0261,Left Hand Tool,Gauze,0.9999,0.9999,1080,1920
test,04_1_1390,Left Hand Tool,Needle Holders,0.0,0.0,1080,1920
test,04_1_1426,Right Hand Tool,Needle Holders,0.9985,0.9985,1080,1920
test,04_1_1381,Left Hand Tool,Tweezers,0.996,0.996,1080,1920
test,07_1_0934,Right Hand Tool,Scalpel,0.9958,0.9958,1080,1920
test,04_1_0518,Left Hand Tool,Gauze,0.9995,0.9995,1080,1920
test,04_1_1584,Right Hand Tool,Needle Holders,0.9847,0.9847,1080,1920
test,04_1_1361,Right Hand Tool,Needle Holders,0.9813,0.9813,1080,1920
test,04_1_0628,Left Hand Tool,Tweezers,0.9992,0.9992,1080,1920
test,07_1_1298,Right Hand Tool,Needle Holders,0.9878,0.9878,1080,1920
test,07_1_0776,Right Hand Tool,Gauze,0.9816,0.7378,1080,1920
test,07_1_1656,Right Hand Tool,Suction Cannula,0.9946,0.9946,1080,1920
test,07_1_1467,Left Hand Tool,Tweezers,0.9929,0.9929,1080,1920
test,04_1_1281,Right Hand Tool,Retractor,0.9941,0.9941,1080,1920
test,04_1_0885,Left Hand Tool,Retractor,1.0,1.0,1080,1920
test,04_1_1595,Right Hand Tool,Needle Holders,0.959,0.959,1080,1920
test,07_1_0167,Left Hand Tool,Gauze,0.9901,0.4615,1080,1920
test,07_1_1462,Left Hand Tool,Needle Holders,0.0,0.0,1080,1920
test,04_1_1556,Right Hand Tool,Needle Holders,0.9695,0.931,1080,1920
test,04_1_1669,Left Hand Tool,Tweezers,0.9945,0.9945,1080,1920
test,07_1_0746,Left Hand Tool,Forceps,1.0,1.0,1080,1920
test,04_1_0959,Right Hand Tool,Forceps,0.9808,0.9808,1080,1920
test,07_1_0779,Right Hand Tool,Forceps,0.9828,0.7506,1080,1920
test,07_1_1595,Right Hand Tool,Suction Cannula,0.9836,0.9785,1080,1920
test,04_1_1115,Right Hand Tool,Scalpel,0.9991,0.9991,1080,1920
test,07_1_0472,Left Hand Tool,Tweezers,0.9987,0.9967,1080,1920
test,07_1_1537,Left Hand Tool,Forceps,0.8661,0.3182,1080,1920
test,07_1_1382,Left Hand Tool,Tweezers,0.965,0.965,1080,1920
test,07_1_1011,Right Hand Tool,Bipolar Forceps,0.9624,0.6753,1080,1920
test,07_1_1312,Right Hand Tool,Tweezers,0.9142,0.9142,1080,1920
test,07_1_1495,Right Hand Tool,Needle Holders,1.0,1.0,1080,1920
test,07_1_0778,Left Hand Tool,Tweezers,1.0,1.0,1080,1920
test,04_1_1651,Left Hand Tool,Tweezers,1.0,0.9974,1080,1920
test,05_2_0219,Right Hand Tool,Tweezers,0.9793,0.8049,1080,1920
test,04_1_0730,Right Hand Tool,Forceps,0.9987,0.9874,1080,1920
test,07_1_1622,Right Hand Tool,Suction Cannula,0.9502,0.9502,1080,1920
test,04_1_1572,Right Hand Tool,Needle Holders,1.0,1.0,1080,1920
test,04_1_0798,Right Hand Tool,Electric Cautery,0.9983,0.8962,1080,1920
test,07_1_0272,Left Hand Tool,Gauze,0.9997,0.4562,1080,1920
test,07_1_0788,Left Hand Tool,Forceps,0.9698,0.9698,1080,1920
test,07_1_1653,Left Hand Tool,Forceps,0.9403,0.9403,1080,1920
test,07_1_0687,Left Hand Tool,Tweezers,0.9987,0.8803,1080,1920
test,04_1_0717,Right Hand Tool,Forceps,1.0,1.0,1080,1920
test,04_1_0606,Left Hand Tool,Retractor,0.9927,0.9927,1080,1920
test,07_1_1385,Right Hand Tool,Scissors,1.0,1.0,1080,1920
test,04_1_1506,Right Hand Tool,Needle Holders,0.9541,0.9541,1080,1920
test,04_1_0906,Right Hand Tool,Forceps,1.0,1.0,1080,1920
test,07_1_0941,Left Hand Tool,Gauze,0.9753,0.8452,1080,1920
test,04_1_0873,Right Hand Tool,Forceps,0.9963,0.9963,1080,1920
test,04_1_0863,Two Hands Tool,Forceps,0.9937,0.9937,1080,1920
test,07_1_1488,Left Hand Tool,Tweezers,0.9997,0.9997,1080,1920
test,04_1_0784,Left Hand Tool,Gauze,0.9613,0.9613,1080,1920
test,07_1_1412,Right Hand Tool,Tweezers,0.0574,0.0033,1080,1920
test,04_1_0840,Left Hand Tool,Forceps,0.9986,0.5584,1080,1920
test,04_1_1376,Right Hand Tool,Needle Holders,0.9846,0.9846,1080,1920
test,07_1_1232,Right Hand Tool,Needle Holders,0.931,0.931,1080,1920
test,04_1_1549,Left Hand Tool,Tweezers,0.9968,0.9968,1080,1920
test,07_1_1271,Right Hand Tool,Needle Holders,0.9844,0.9844,1080,1920
test,04_1_1389,Left Hand Tool,Tweezers,0.9607,0.9607,1080,1920
test,04_1_0687,Left Hand Tool,Forceps,0.9997,0.7281,1080,1920
test,07_1_1438,Left Hand Tool,Tweezers,0.9544,0.9544,1080,1920
test,04_1_1504,Left Hand Tool,Tweezers,0.9983,0.9983,1080,1920
test,04_1_1589,Right Hand Tool,Needle Holders,1.0,1.0,1080,1920
test,04_1_1257,Right Hand Tool,Syringe,0.46,0.46,1080,1920
test,04_1_1647,Right Hand Tool,Needle Holders,0.9946,0.9946,1080,1920
test,07_1_0507,Right Hand Tool,Scissors,1.0,1.0,1080,1920
test,07_1_1470,Left Hand Tool,Tweezers,0.991,0.991,1080,1920
test,04_1_0584,Two Hands Tool,Scalpel,0.9952,0.9952,1080,1920
test,04_1_0969,Right Hand Tool,Forceps,0.9674,0.9506,1080,1920
test,04_1_1133,Two Hands Tool,Electric Cautery,1.0,1.0,1080,1920
test,04_1_1129,Two Hands Tool,Scalpel,0.977,0.977,1080,1920
test,07_1_0781,Left Hand Tool,Tweezers,0.9969,0.9969,1080,1920
test,07_1_1070,Left Hand Tool,Tweezers,1.0,1.0,1080,1920
test,07_1_0994,Right Hand Tool,Bipolar Forceps,0.9863,0.7372,1080,1920
test,04_1_1558,Left Hand Tool,Tweezers,0.9307,0.9307,1080,1920
test,04_1_1025,Right Hand Tool,Forceps,0.964,0.964,1080,1920
test,07_1_1559,Left Hand Tool,Needle Holders,0.9988,0.9988,1080,1920
test,04_1_1372,Left Hand Tool,Tweezers,0.9152,0.9152,1080,1920
test,05_2_0039,Left Hand Tool,Gauze,0.9864,0.7685,1080,1920
test,04_1_0587,Right Hand Tool,Scalpel,0.9961,0.9961,1080,1920
test,07_1_0330,Left Hand Tool,Tweezers,1.0,0.0028,1080,1920
test,04_1_0754,Right Hand Tool,Forceps,0.9919,0.9919,1080,1920
test,04_1_0732,Left Hand Tool,Retractor,0.9632,0.9561,1080,1920
test,04_1_0910,Left Hand Tool,Retractor,0.9993,0.9993,1080,1920
test,07_1_1305,Right Hand Tool,Tweezers,0.9955,0.9955,1080,1920
test,07_1_0162,Left Hand Tool,Gauze,0.9972,0.8777,1080,1920
test,04_1_1653,Right Hand Tool,Needle Holders,0.9672,0.9672,1080,1920
test,04_1_1159,Right Hand Tool,Forceps,0.9997,0.9997,1080,1920
test,07_1_0547,Left Hand Tool,Tweezers,0.9947,0.9945,1080,1920
test,04_1_0902,Right Hand Tool,Electric Cautery,0.9993,0.9993,1080,1920
test,07_1_1387,Left Hand Tool,Tweezers,1.0,1.0,1080,1920
test,04_1_1289,Left Hand Tool,Gauze,0.0,0.0,1080,1920
test,07_1_1177,Right Hand Tool,Needle Holders,0.9823,0.9823,1080,1920
test,07_1_1074,Left Hand Tool,Tweezers,0.9541,0.9541,1080,1920
test,04_1_0917,Two Hands Tool,Forceps,0.9786,0.9786,1080,1920
test,04_1_0781,Left Hand Tool,Retractor,1.0,1.0,1080,1920
test,05_2_0067,Left Hand Tool,Tweezers,0.9721,0.9721,1080,1920
test,05_2_0021,Left Hand Tool,Tweezers,1.0,1.0,1080,1920
test,07_1_0678,Left Hand Tool,Tweezers,0.973,0.9727,1080,1920
test,07_1_1171,Right Hand Tool,Needle Holders,1.0,1.0,1080,1920
test,07_1_1542,Two Hands Tool,Tweezers,0.0666,0.0666,1080,1920
test,07_1_0621,Left Hand Tool,Forceps,0.9371,0.0055,1080,1920
test,04_1_1215,Right Hand Tool,Electric Cautery,0.9961,0.9961,1080,1920
test,04_1_0685,Left Hand Tool,Forceps,0.9874,0.5814,1080,1920
test,07_1_1191,Right Hand Tool,Needle Holders,0.9753,0.9753,1080,1920
test,07_1_0699,Right Hand Tool,Scissors,0.9961,0.747,1080,1920
test,04_1_1380,Two Hands Tool,Needle Holders,0.9032,0.9032,1080,1920
test,04_1_0666,Left Hand Tool,Forceps,0.9779,0.9779,1080,1920
test,04_1_1161,Two Hands Tool,Forceps,0.9618,0.9618,1080,1920
test,04_1_0736,Left Hand Tool,Retractor,0.9804,0.958,1080,1920
test,05_2_0010,Right Hand Tool,Tweezers,0.9969,0.8764,1080,1920
test,04_1_0832,Right Hand Tool,Forceps,0.9878,0.9878,1080,1920
test,07_1_0347,Right Hand Tool,Hook,0.9999,0.8535,1080,1920
test,07_1_1092,Right Hand Tool,Gauze,0.9974,0.9974,1080,1920
test,07_1_1297,Left Hand Tool,Tweezers,0.9366,0.9366,1080,1920
test,07_1_0533,Left Hand Tool,Forceps,0.9627,0.4295,1080,1920
test,04_1_1384,Left Hand Tool,Tweezers,0.9992,0.9992,1080,1920
test,04_1_1047,Right Hand Tool,Forceps,0.9869,0.9869,1080,1920
test,07_1_0519,Right Hand Tool,Suction Cannula,0.9781,0.9781,1080,1920
test,07_1_0698,Left Hand Tool,Tweezers,0.9986,0.9986,1080,1920
test,07_1_0997,Left Hand Tool,Tweezers,0.921,0.7945,1080,1920
test,07_1_1223,Right Hand Tool,Needle Holders,0.8629,0.8629,1080,1920
test,07_1_0505,Right Hand Tool,Scissors,0.9993,0.9993,1080,1920
test,07_1_1379,Right Hand Tool,Scissors,1.0,1.0,1080,1920
test,07_1_0172,Left Hand Tool,Gauze,0.9966,0.9966,1080,1920
test,07_1_1471,Right Hand Tool,Needle Holders,0.8683,0.8672,1080,1920
test,07_1_1409,Left Hand Tool,Tweezers,0.967,0.967,1080,1920
test,07_1_1044,Left Hand Tool,Tweezers,0.9827,0.595,1080,1920
test,07_1_1469,Left Hand Tool,Tweezers,0.9857,0.9857,1080,1920
test,07_1_0419,Right Hand Tool,Scissors,0.997,0.3349,1080,1920
test,07_1_0535,Left Hand Tool,Forceps,0.9965,0.8036,1080,1920
test,04_1_1522,Right Hand Tool,Needle Holders,0.9997,0.9997,1080,1920
test,07_1_0939,Left Hand Tool,Gauze,1.0,0.6611,1080,1920
test,04_1_1682,Left Hand Tool,Tweezers,1.0,1.0,1080,1920
test,07_1_1222,Right Hand Tool,Needle Holders,0.998,0.998,1080,1920
test,07_1_0694,Right Hand Tool,Gauze,0.9942,0.9094,1080,1920
test,07_1_1347,Left Hand Tool,Forceps,0.9981,0.9981,1080,1920
test,04_1_1570,Left Hand Tool,Tweezers,0.9999,0.9882,1080,1920
test,04_1_0884,Left Hand Tool,Retractor,0.9961,0.9961,1080,1920
test,07_1_0743,Right Hand Tool,Gauze,1.0,0.3987,1080,1920
test,04_1_1169,Right Hand Tool,Forceps,0.9278,0.9278,1080,1920
test,04_1_1010,Left Hand Tool,Forceps,0.9801,0.9588,1080,1920
test,07_1_0151,Left Hand Tool,Gauze,1.0,1.0,1080,1920
test,07_1_0290,Right Hand Tool,Scalpel,1.0,1.0,1080,1920
test,05_2_0172,Right Hand Tool,Tweezers,0.9327,0.6163,1080,1920
test,04_1_1660,Right Hand Tool,Needle Holders,0.9996,0.9996,1080,1920
test,07_1_0580,Two Hands Tool,Gauze,0.9787,0.9787,1080,1920
test,04_1_0562,Left Hand Tool,Gauze,0.915,0.915,1080,1920
test,04_1_1266,Two Hands Tool,Syringe,0.0713,0.0713,1080,1920
test,04_1_1630,Right Hand Tool,Needle Holders,0.9647,0.9647,1080,1920
test,07_1_0703,Right Hand Tool,Gauze,0.9981,0.7505,1080,1920
test,07_1_0526,Left Hand Tool,Tweezers,0.8879,0.8107,1080,1920
test,07_1_1562,Left Hand Tool,Needle Holders,1.0,1.0,1080,1920
test,07_1_1172,Right Hand Tool,Needle Holders,0.9992,0.9992,1080,1920
test,07_1_1626,Right Hand Tool,Suction Cannula,0.8792,0.8792,1080,1920
test,04_1_1297,Two Hands Tool,Gauze,0.9517,0.9517,1080,1920
test,04_1_0801,Right Hand Tool,Forceps,0.9325,0.9325,1080,1920
test,07_1_0728,Left Hand Tool,Tweezers,0.9998,0.9998,1080,1920
test,07_1_1381,Left Hand Tool,Tweezers,0.9797,0.9797,1080,1920
test,04_1_0700,Left Hand Tool,Forceps,0.9986,0.7638,1080,1920
test,07_1_1229,Right Hand Tool,Forceps,0.0259,0.0228,1080,1920
test,04_1_0558,Left Hand Tool,Gauze,0.9948,0.9948,1080,1920
test,07_1_0626,Left Hand Tool,Forceps,0.9794,0.9794,1080,1920
test,07_1_1642,Right Hand Tool,Suction Cannula,0.8816,0.8816,1080,1920
test,07_1_1064,Left Hand Tool,Tweezers,0.988,0.988,1080,1920
test,07_1_1535,Left Hand Tool,Tweezers,0.0208,0.016,1080,1920
test,04_1_0729,Right Hand Tool,Forceps,0.9971,0.867,1080,1920
test,07_1_0518,Right Hand Tool,Scissors,0.976,0.976,1080,1920
test,07_1_1041,Right Hand Tool,Bipolar Forceps,0.9975,0.6163,1080,1920
test,07_1_0459,Left Hand Tool,Gauze,0.9987,0.9764,1080,1920
test,04_1_0627,Right Hand Tool,Electric Cautery,1.0,1.0,1080,1920
test,07_1_1610,Left Hand Tool,Forceps,0.9238,0.3357,1080,1920
test,07_1_0857,Right Hand Tool,Needle Holders,0.9603,0.6543,1080,1920
test,07_1_0680,Left Hand Tool,Tweezers,0.9914,0.9702,1080,1920
test,04_1_1117,Right Hand Tool,Scalpel,1.0,1.0,1080,1920
test,04_1_1681,Right Hand Tool,Needle Holders,0.9763,0.9763,1080,1920
test,04_1_1270,Left Hand Tool,Retractor,0.2206,0.1815,1080,1920
test,07_1_1443,Left Hand Tool,Tweezers,1.0,1.0,1080,1920
test,04_1_0631,Left Hand Tool,Electric Cautery,1.0,1.0,1080,1920
test,07_1_0975,Left Hand Tool,Forceps,0.9831,0.9831,1080,1920
test,04_1_0998,Left Hand Tool,Forceps,0.997,0.9962,1080,1920
test,07_1_0501,Right Hand Tool,Bipolar Forceps,0.9995,0.9994,1080,1920
test,04_1_1388,Right Hand Tool,Needle Holders,0.9957,0.9957,1080,1920
test,04_1_1584,Left Hand Tool,Tweezers,0.9967,0.9967,1080,1920
test,04_1_1615,Right Hand Tool,Needle Holders,0.5293,0.5293,1080,1920
test,07_1_0860,Right Hand Tool,Needle Holders,1.0,0.8033,1080,1920
test,07_1_1564,Left Hand Tool,Needle Holders,0.9815,0.9655,1080,1920
test,07_1_0265,Left Hand Tool,Gauze,0.9965,0.6324,1080,1920
test,07_1_0427,Left Hand Tool,Gauze,0.9425,0.6072,1080,1920
test,04_1_1673,Left Hand Tool,Tweezers,0.994,0.994,1080,1920
test,07_1_1239,Left Hand Tool,Tweezers,0.9933,0.9933,1080,1920
test,07_1_1529,Right Hand Tool,Forceps,0.9924,0.9924,1080,1920
test,04_1_1519,Right Hand Tool,Needle Holders,0.9683,0.9683,1080,1920
test,07_1_1330,Right Hand Tool,Needle Holders,0.9962,0.9962,1080,1920
test,04_1_0664,Left Hand Tool,Forceps,0.9809,0.9809,1080,1920
test,04_1_1684,Right Hand Tool,Needle Holders,0.9829,0.9829,1080,1920
test,07_1_0450,Left Hand Tool,Tweezers,0.9962,0.7073,1080,1920
test,07_1_0958,Right Hand Tool,Forceps,0.9847,0.9847,1080,1920
test,07_1_1643,Left Hand Tool,Forceps,0.0235,0.0132,1080,1920
test,04_1_0765,Left Hand Tool,Gauze,0.9999,0.9999,1080,1920
test,07_1_1125,Right Hand Tool,Gauze,0.9975,0.981,1080,1920
test,07_1_0705,Left Hand Tool,Tweezers,0.9945,0.9522,1080,1920
test,04_1_1532,Right Hand Tool,Needle Holders,0.9659,0.9611,1080,1920
test,07_1_0365,Left Hand Tool,Tweezers,0.9963,0.0621,1080,1920
test,05_2_0038,Left Hand Tool,Gauze,0.9848,0.1162,1080,1920
test,04_1_1243,Left Hand Tool,Retractor,0.9665,0.9665,1080,1920
test,04_1_1203,Right Hand Tool,Electric Cautery,0.996,0.9031,1080,1920
test,04_1_1228,Left Hand Tool,Retractor,0.9769,0.9769,1080,1920
test,07_1_1340,Left Hand Tool,Tweezers,0.9992,0.9987,1080,1920
test,07_1_1601,Right Hand Tool,Forceps,0.9741,0.9741,1080,1920
test,05_2_0025,Right Hand Tool,Mouth Gag,0.3354,0.3354,1080,1920
test,07_1_1412,Left Hand Tool,Tweezers,0.9811,0.9811,1080,1920
test,04_1_0622,Left Hand Tool,Tweezers,0.9974,0.9974,1080,1920
test,05_2_0001,Right Hand Tool,Mouth Gag,0.3114,0.3114,1080,1920
test,04_1_1041,Right Hand Tool,Electric Cautery,0.9949,0.9949,1080,1920
test,07_1_0755,Left Hand Tool,Needle Holders,1.0,0.9599,1080,1920
test,07_1_0493,Left Hand Tool,Tweezers,1.0,0.9696,1080,1920
test,07_1_1221,Left Hand Tool,Tweezers,0.9852,0.9852,1080,1920
test,07_1_1219,Left Hand Tool,Tweezers,0.986,0.986,1080,1920
test,07_1_0620,Left Hand Tool,Forceps,0.9504,0.5066,1080,1920
test,05_2_0006,Right Hand Tool,Mouth Gag,0.3342,0.3342,1080,1920
test,07_1_1045,Left Hand Tool,Tweezers,0.9988,0.8779,1080,1920
test,04_1_1399,Left Hand Tool,Tweezers,0.9678,0.9678,1080,1920
test,04_1_0898,Right Hand Tool,Retractor,0.9868,0.9868,1080,1920
test,04_1_0993,Two Hands Tool,Forceps,0.9744,0.9744,1080,1920
test,04_1_1630,Left Hand Tool,Tweezers,1.0,1.0,1080,1920
test,07_1_0290,Left Hand Tool,Gauze,1.0,0.7522,1080,1920
test,04_1_0896,Left Hand Tool,Forceps,0.8964,0.6091,1080,1920
test,07_1_0161,Left Hand Tool,Gauze,0.9961,0.9961,1080,1920
test,07_1_0680,Right Hand Tool,Forceps,0.9932,0.9932,1080,1920
test,04_1_0564,Left Hand Tool,Gauze,0.9988,0.9988,1080,1920
test,05_2_0034,Right Hand Tool,Mouth Gag,0.3209,0.2387,1080,1920
test,07_1_0758,Right Hand Tool,Needle Holders,0.9933,0.2994,1080,1920
test,07_1_1607,Right Hand Tool,Forceps,0.9506,0.9506,1080,1920
test,07_1_1159,Right Hand Tool,Needle Holders,0.9993,0.9993,1080,1920
test,04_1_1588,Left Hand Tool,Tweezers,0.9901,0.9901,1080,1920
test,07_1_0756,Left Hand Tool,Tweezers,0.9722,0.8094,1080,1920
test,07_1_0943,Right Hand Tool,Scalpel,0.9972,0.9874,1080,1920
test,07_1_1157,Left Hand Tool,Tweezers,0.9879,0.9879,1080,1920
test,07_1_0945,Right Hand Tool,Scalpel,0.9978,0.8691,1080,1920
test,04_1_1277,Left Hand Tool,Syringe,0.0381,0.0038,1080,1920
test,04_1_1651,Right Hand Tool,Needle Holders,0.9767,0.9767,1080,1920
test,07_1_1260,Right Hand Tool,Needle Holders,0.9937,0.9937,1080,1920
test,04_1_0977,Right Hand Tool,Forceps,0.999,0.999,1080,1920
test,04_1_0951,Right Hand Tool,Forceps,0.9794,0.9794,1080,1920
test,04_1_0787,Two Hands Tool,Forceps,0.9343,0.9343,1080,1920
test,04_1_1045,Right Hand Tool,Forceps,0.9685,0.9685,1080,1920
test,07_1_1654,Left Hand Tool,Forceps,0.9962,0.9962,1080,1920
test,07_1_1034,Left Hand Tool,Tweezers,0.9989,0.9989,1080,1920
test,07_1_0311,Left Hand Tool,Tweezers,0.9992,0.4162,1080,1920
test,07_1_1402,Left Hand Tool,Tweezers,0.9902,0.9902,1080,1920
test,07_1_1258,Right Hand Tool,Needle Holders,0.9826,0.9826,1080,1920
test,07_1_1431,Left Hand Tool,Tweezers,1.0,1.0,1080,1920
test,07_1_1035,Left Hand Tool,Tweezers,1.0,1.0,1080,1920
test,04_1_1259,Two Hands Tool,Syringe,0.1135,0.1135,1080,1920
test,07_1_0557,Left Hand Tool,Gauze,0.9995,0.9481,1080,1920
test,04_1_1527,Right Hand Tool,Needle Holders,0.9749,0.9749,1080,1920
test,07_1_1447,Left Hand Tool,Tweezers,0.9999,0.9999,1080,1920
test,07_1_1408,Left Hand Tool,Tweezers,1.0,1.0,1080,1920
test,04_1_1413,Right Hand Tool,Needle Holders,0.9878,0.9878,1080,1920
test,07_1_1541,Left Hand Tool,Tweezers,0.022,0.022,1080,1920
test,07_1_0734,Right Hand Tool,Gauze,0.9935,0.0692,1080,1920
test,07_1_0328,Right Hand Tool,Scissors,1.0,0.1954,1080,1920
test,07_1_0431,Left Hand Tool,Gauze,0.9995,0.715,1080,1920
test,07_1_1483,Left Hand Tool,Tweezers,1.0,1.0,1080,1920
test,07_1_1156,Right Hand Tool,Needle Holders,0.9993,0.9993,1080,1920
test,07_1_0776,Left Hand Tool,Tweezers,1.0,0.606,1080,1920
test,07_1_0159,Right Hand Tool,Syringe,0.8914,0.8914,1080,1920
test,07_1_0792,Right Hand Tool,Forceps,0.6915,0.6915,1080,1920
test,04_1_1600,Left Hand Tool,Needle Holders,0.9777,0.8337,1080,1920
test,07_1_1161,Right Hand Tool,Needle Holders,0.9965,0.9965,1080,1920
test,07_1_0942,Left Hand Tool,Gauze,1.0,0.5621,1080,1920
test,07_1_1458,Left Hand Tool,Tweezers,0.9744,0.9744,1080,1920
test,07_1_0740,Right Hand Tool,Gauze,0.9906,0.942,1080,1920
test,07_1_0792,Left Hand Tool,Tweezers,1.0,1.0,1080,1920
test,07_1_1033,Left Hand Tool,Tweezers,0.9896,0.9896,1080,1920
test,04_1_1112,Right Hand Tool,Scalpel,1.0,1.0,1080,1920
test,07_1_0314,Left Hand Tool,Tweezers,0.9959,0.4897,1080,1920
test,04_1_1015,Left Hand Tool,Gauze,0.9994,0.9986,1080,1920
test,04_1_0908,Left Hand Tool,Retractor,1.0,1.0,1080,1920
test,07_1_1187,Right Hand Tool,Needle Holders,0.9572,0.9572,1080,1920
test,07_1_1248,Right Hand Tool,Needle Holders,0.9996,0.9996,1080,1920
test,04_1_1545,Left Hand Tool,Tweezers,0.9987,0.9987,1080,1920
test,04_1_1264,Right Hand Tool,Syringe,0.0187,0.0187,1080,1920
test,07_1_1094,Right Hand Tool,Syringe,1.0,0.6554,1080,1920
test,07_1_1296,Left Hand Tool,Needle Holders,0.1497,0.1497,1080,1920
test,07_1_1528,Left Hand Tool,Scissors,0.9976,0.9976,1080,1920
test,07_1_0465,Left Hand Tool,Tweezers,0.9967,0.9967,1080,1920
test,07_1_0927,Left Hand Tool,Forceps,0.9992,0.6807,1080,1920
test,07_1_0772,Right Hand Tool,Forceps,0.9959,0.9959,1080,1920
test,05_2_0240,Right Hand Tool,Tweezers,0.9148,0.9148,1080,1920
test,04_1_1190,Right Hand Tool,Gauze,0.9954,0.8191,1080,1920
test,04_1_1523,Left Hand Tool,Tweezers,0.9984,0.9984,1080,1920
test,04_1_0995,Left Hand Tool,Forceps,0.9225,0.9225,1080,1920
test,04_1_1596,Right Hand Tool,Needle Holders,0.9743,0.9743,1080,1920
test,04_1_1443,Left Hand Tool,Tweezers,0.993,0.993,1080,1920
test,05_2_0202,Two Hands Tool,Tweezers,1.0,0.5976,1080,1920
test,04_1_0918,Two Hands Tool,Forceps,0.9244,0.8538,1080,1920
test,07_1_0337,Left Hand Tool,Tweezers,1.0,0.1221,1080,1920
test,07_1_0780,Left Hand Tool,Tweezers,0.9889,0.9889,1080,1920
test,07_1_0279,Right Hand Tool,Scalpel,0.9934,0.9934,1080,1920
test,04_1_0521,Left Hand Tool,Gauze,0.9633,0.9633,1080,1920
test,07_1_1497,Left Hand Tool,Tweezers,0.9725,0.9725,1080,1920
test,04_1_0763,Right Hand Tool,Forceps,0.839,0.839,1080,1920
test,04_1_0538,Two Hands Tool,Syringe,0.9977,0.9977,1080,1920
test,07_1_0144,Left Hand Tool,Gauze,0.9228,0.9228,1080,1920
test,05_2_0201,Right Hand Tool,Tweezers,0.9962,0.6824,1080,1920
test,04_1_0601,Right Hand Tool,Retractor,1.0,1.0,1080,1920
test,05_2_0041,Left Hand Tool,Gauze,0.993,0.3334,1080,1920
test,04_1_0793,Two Hands Tool,Forceps,0.9906,0.9906,1080,1920
test,07_1_0134,Left Hand Tool,Syringe,0.9496,0.9496,1080,1920
test,04_1_0641,Left Hand Tool,Electric Cautery,1.0,1.0,1080,1920
test,07_1_0283,Right Hand Tool,Scalpel,0.9928,0.9928,1080,1920
test,07_1_1538,Left Hand Tool,Forceps,0.9742,0.9742,1080,1920
test,04_1_1118,Right Hand Tool,Scalpel,1.0,1.0,1080,1920
test,04_1_1284,Right Hand Tool,Gauze,0.0,0.0,1080,1920
test,04_1_1274,Right Hand Tool,Syringe,1.0,1.0,1080,1920
test,07_1_1203,Left Hand Tool,Forceps,0.9387,0.9387,1080,1920
test,04_1_0745,Right Hand Tool,Forceps,0.9933,0.9933,1080,1920
test,04_1_1125,Right Hand Tool,Scalpel,1.0,1.0,1080,1920
test,07_1_0985,Right Hand Tool,Bipolar Forceps,0.9937,0.9937,1080,1920
test,07_1_1477,Two Hands Tool,Forceps,0.0,0.0,1080,1920
test,07_1_1309,Right Hand Tool,Tweezers,0.969,0.969,1080,1920
test,04_1_1397,Left Hand Tool,Tweezers,0.9579,0.9579,1080,1920
test,04_1_0944,Right Hand Tool,Forceps,0.9802,0.9802,1080,1920
test,07_1_0772,Left Hand Tool,Tweezers,0.9829,0.8824,1080,1920
test,04_1_0643,Right Hand Tool,Forceps,1.0,1.0,1080,1920
test,07_1_0788,Right Hand Tool,Forceps,0.0606,0.0532,1080,1920
test,07_1_1407,Right Hand Tool,Scissors,0.9719,0.9625,1080,1920
test,04_1_1400,Left Hand Tool,Tweezers,0.9794,0.9794,1080,1920
test,07_1_1609,Left Hand Tool,Forceps,0.883,0.129,1080,1920
test,04_1_0641,Right Hand Tool,Forceps,0.9931,0.9931,1080,1920
test,04_1_0543,Two Hands Tool,Syringe,0.9972,0.9972,1080,1920
test,04_1_0585,Right Hand Tool,Scalpel,0.9774,0.9774,1080,1920
test,04_1_1646,Left Hand Tool,Tweezers,0.9769,0.9769,1080,1920
test,07_1_0412,Right Hand Tool,Scissors,1.0,0.8974,1080,1920
test,04_1_0582,Right Hand Tool,Scalpel,0.9977,0.9977,1080,1920
test,05_2_0157,Right Hand Tool,Tweezers,0.9784,0.8885,1080,1920
test,07_1_1295,Left Hand Tool,Tweezers,0.9874,0.9874,1080,1920
test,07_1_0343,Right Hand Tool,Scissors,0.9642,0.5078,1080,1920
test,05_2_0003,Right Hand Tool,Mouth Gag,0.4911,0.4911,1080,1920
test,07_1_1456,Left Hand Tool,Tweezers,0.9954,0.9954,1080,1920
test,04_1_1546,Right Hand Tool,Needle Holders,0.9507,0.9258,1080,1920
test,07_1_1581,Right Hand Tool,Forceps,0.99,0.99,1080,1920
test,07_1_0571,Left Hand Tool,Gauze,1.0,0.8086,1080,1920
test,04_1_1016,Right Hand Tool,Forceps,0.9784,0.9784,1080,1920
test,07_1_0748,Right Hand Tool,Tweezers,0.9799,0.8779,1080,1920
test,07_1_0486,Left Hand Tool,Tweezers,0.996,0.996,1080,1920
test,04_1_0905,Right Hand Tool,Forceps,0.996,0.996,1080,1920
test,04_1_1575,Left Hand Tool,Tweezers,0.7856,0.7856,1080,1920
test,04_1_0756,Two Hands Tool,Forceps,0.8948,0.8948,1080,1920
test,07_1_0743,Left Hand Tool,Tweezers,0.9277,0.7559,1080,1920
test,04_1_1523,Right Hand Tool,Needle Holders,0.9901,0.9901,1080,1920
test,04_1_0671,Right Hand Tool,Gauze,0.993,0.9885,1080,1920
test,07_1_0623,Two Hands Tool,Forceps,0.9999,0.9999,1080,1920
test,07_1_1032,Right Hand Tool,Bipolar Forceps,0.8793,0.3921,1080,1920
test,04_1_1213,Left Hand Tool,Tweezers,0.9612,0.9612,1080,1920
test,07_1_1020,Right Hand Tool,Bipolar Forceps,0.9722,0.3256,1080,1920
test,04_1_1646,Right Hand Tool,Needle Holders,0.9812,0.9812,1080,1920
test,04_1_1519,Left Hand Tool,Tweezers,0.9932,0.9932,1080,1920
test,07_1_0545,Left Hand Tool,Tweezers,1.0,0.9318,1080,1920
test,04_1_1544,Left Hand Tool,Tweezers,0.9936,0.9936,1080,1920
test,05_2_0068,Right Hand Tool,Mouth Gag,0.7365,0.7365,1080,1920
test,04_1_1230,Right Hand Tool,Electric Cautery,1.0,1.0,1080,1920
test,04_1_1251,Left Hand Tool,Retractor,0.0,0.0,1080,1920
test,07_1_1461,Right Hand Tool,Needle Holders,0.9985,0.9985,1080,1920
test,07_1_0739,Right Hand Tool,Scissors,1.0,0.3657,1080,1920
test,07_1_0415,Left Hand Tool,Tweezers,0.9964,0.467,1080,1920
test,07_1_1189,Right Hand Tool,Needle Holders,0.997,0.997,1080,1920
test,07_1_1394,Right Hand Tool,Scissors,0.9893,0.9763,1080,1920
test,04_1_1570,Right Hand Tool,Needle Holders,0.9995,0.9518,1080,1920
test,07_1_0310,Left Hand Tool,Tweezers,0.999,0.3368,1080,1920
test,05_2_0033,Right Hand Tool,Mouth Gag,0.4339,0.4339,1080,1920
test,07_1_1027,Left Hand Tool,Tweezers,1.0,1.0,1080,1920
test,04_1_0902,Left Hand Tool,Forceps,0.9372,0.8764,1080,1920
test,07_1_0154,Left Hand Tool,Gauze,0.9651,0.1534,1080,1920
test,04_1_0958,Right Hand Tool,Forceps,0.9833,0.9833,1080,1920
test,07_1_1115,Two Hands Tool,Gauze,0.9912,0.7846,1080,1920
test,04_1_0591,Left Hand Tool,Gauze,0.9909,0.5004,1080,1920
test,04_1_0621,Left Hand Tool,Tweezers,0.9996,0.9996,1080,1920
test,07_1_1246,Left Hand Tool,Tweezers,0.9615,0.9615,1080,1920
test,04_1_0988,Two Hands Tool,Forceps,1.0,1.0,1080,1920
test,07_1_0747,Right Hand Tool,Suction Cannula,0.9868,0.9868,1080,1920
test,04_1_0613,Left Hand Tool,Retractor,0.9815,0.9815,1080,1920
test,07_1_0557,Right Hand Tool,Bipolar Forceps,0.9975,0.9975,1080,1920
test,07_1_1030,Left Hand Tool,Tweezers,0.9973,0.9973,1080,1920
test,04_1_1036,Left Hand Tool,Forceps,0.9861,0.9861,1080,1920
test,07_1_1547,Left Hand Tool,Needle Holders,0.3492,0.3262,1080,1920
test,07_1_1248,Left Hand Tool,Tweezers,0.9954,0.9954,1080,1920
test,07_1_1176,Right Hand Tool,Needle Holders,0.9993,0.9993,1080,1920
test,07_1_0864,Left Hand Tool,Forceps,0.7641,0.7641,1080,1920
test,04_1_0661,Right Hand Tool,Electric Cautery,1.0,0.9929,1080,1920
test,04_1_1574,Right Hand Tool,Needle Holders,0.9955,0.9955,1080,1920
test,07_1_0924,Left Hand Tool,Forceps,0.9748,0.9748,1080,1920
test,07_1_0994,Left Hand Tool,Tweezers,1.0,0.929,1080,1920
test,07_1_0959,Left Hand Tool,Forceps,0.9636,0.8053,1080,1920
test,04_1_1060,Right Hand Tool,Forceps,0.9877,0.9877,1080,1920
test,07_1_1273,Right Hand Tool,Needle Holders,0.9996,0.9996,1080,1920
test,07_1_0310,Right Hand Tool,Scissors,0.9682,0.6168,1080,1920
test,07_1_0176,Left Hand Tool,Gauze,0.8422,0.3225,1080,1920
test,05_2_0237,Right Hand Tool,Tweezers,0.9764,0.604,1080,1920
test,07_1_1444,Left Hand Tool,Tweezers,0.982,0.982,1080,1920
test,07_1_0325,Right Hand Tool,Scissors,1.0,1.0,1080,1920
test,04_1_0625,Left Hand Tool,Tweezers,0.9979,0.9979,1080,1920
test,07_1_0945,Left Hand Tool,Gauze,0.9916,0.6644,1080,1920
test,07_1_1638,Right Hand Tool,Suction Cannula,0.894,0.894,1080,1920
test,07_1_0473,Right Hand Tool,Scissors,0.9875,0.9875,1080,1920
test,07_1_1010,Left Hand Tool,Tweezers,0.9791,0.9791,1080,1920
test,07_1_0275,Left Hand Tool,Gauze,0.9612,0.5587,1080,1920
test,04_1_0679,Right Hand Tool,Forceps,0.8198,0.4755,1080,1920
test,04_1_0636,Left Hand Tool,Electric Cautery,1.0,0.9997,1080,1920
test,07_1_0440,Right Hand Tool,Bipolar Forceps,0.9767,0.5759,1080,1920
test,07_1_0287,Left Hand Tool,Gauze,0.9997,0.6053,1080,1920
test,04_1_0921,Two Hands Tool,Forceps,0.8697,0.7098,1080,1920
test,04_1_0552,Two Hands Tool,Syringe,0.9998,0.9998,1080,1920
test,07_1_0415,Right Hand Tool,Hook,0.979,0.7977,1080,1920
test,07_1_0464,Right Hand Tool,Gauze,0.9343,0.5349,1080,1920
test,04_1_0763,Left Hand Tool,Retractor,0.9729,0.3595,1080,1920
test,07_1_1217,Left Hand Tool,Tweezers,1.0,1.0,1080,1920
test,07_1_1622,Left Hand Tool,Needle Holders,0.9914,0.9914,1080,1920
test,04_1_1473,Left Hand Tool,Tweezers,1.0,1.0,1080,1920
test,07_1_0866,Left Hand Tool,Forceps,0.0259,0.0259,1080,1920
test,07_1_1209,Right Hand Tool,Tweezers,0.9677,0.9677,1080,1920
test,07_1_0508,Right Hand Tool,Scissors,0.9177,0.9177,1080,1920
test,07_1_0263,Right Hand Tool,Scalpel,0.996,0.9913,1080,1920
test,04_1_0932,Right Hand Tool,Electric Cautery,0.9735,0.9735,1080,1920
test,04_1_1004,Two Hands Tool,Forceps,0.9986,0.9986,1080,1920
test,04_1_0522,Right Hand Tool,Syringe,1.0,1.0,1080,1920
test,04_1_1600,Right Hand Tool,Tweezers,0.9837,0.889,1080,1920
test,07_1_0296,Left Hand Tool,Gauze,1.0,0.4866,1080,1920
test,07_1_0930,Left Hand Tool,Scalpel,0.9901,0.9901,1080,1920
test,07_1_0854,Right Hand Tool,Needle Holders,0.9996,0.9916,1080,1920
test,04_1_1111,Two Hands Tool,Scalpel,1.0,1.0,1080,1920
test,07_1_0991,Left Hand Tool,Bipolar Forceps,1.0,1.0,1080,1920
test,07_1_0164,Left Hand Tool,Gauze,0.9513,0.2485,1080,1920
test,04_1_1038,Right Hand Tool,Electric Cautery,1.0,1.0,1080,1920
test,04_1_0561,Right Hand Tool,Syringe,1.0,1.0,1080,1920
test,07_1_0528,Left Hand Tool,Tweezers,0.9905,0.9905,1080,1920
test,07_1_0822,Left Hand Tool,Forceps,0.9139,0.9139,1080,1920
test,07_1_1543,Right Hand Tool,Tweezers,0.1427,0.1427,1080,1920
test,07_1_0309,Right Hand Tool,Scissors,0.9846,0.7224,1080,1920
test,05_2_0071,Right Hand Tool,Mouth Gag,0.0483,0.0483,1080,1920
test,04_1_0947,Right Hand Tool,Forceps,1.0,1.0,1080,1920
test,04_1_1034,Two Hands Tool,Forceps,0.9968,0.8179,1080,1920
test,05_2_0152,Two Hands Tool,Tweezers,0.9968,0.4874,1080,1920
test,04_1_0942,Right Hand Tool,Forceps,0.9421,0.9421,1080,1920
test,07_1_1216,Right Hand Tool,Needle Holders,0.7166,0.7166,1080,1920
test,07_1_1269,Left Hand Tool,Tweezers,0.9687,0.9687,1080,1920
test,07_1_0559,Right Hand Tool,Bipolar Forceps,1.0,1.0,1080,1920
test,07_1_1529,Left Hand Tool,Scissors,0.9564,0.9564,1080,1920
test,04_1_0910,Right Hand Tool,Forceps,0.95,0.95,1080,1920
test,04_1_1255,Left Hand Tool,Retractor,0.114,0.114,1080,1920
test,07_1_0742,Right Hand Tool,Gauze,1.0,0.416,1080,1920
test,07_1_1284,Right Hand Tool,Gauze,0.9329,0.9329,1080,1920
test,07_1_0367,Left Hand Tool,Tweezers,0.9887,0.3489,1080,1920
test,07_1_0761,Right Hand Tool,Needle Holders,0.9991,0.6534,1080,1920
test,04_1_0557,Right Hand Tool,Syringe,0.9998,0.9998,1080,1920
test,07_1_0541,Left Hand Tool,Tweezers,1.0,0.9808,1080,1920
test,04_1_0751,Right Hand Tool,Gauze,0.9961,0.9961,1080,1920
test,07_1_0581,Right Hand Tool,Scissors,0.9961,0.9961,1080,1920
test,04_1_1218,Left Hand Tool,Retractor,0.9722,0.7544,1080,1920
test,04_1_0563,Right Hand Tool,Syringe,0.9996,0.9996,1080,1920
test,04_1_0747,Right Hand Tool,Forceps,0.9373,0.8086,1080,1920
test,04_1_1411,Left Hand Tool,Tweezers,0.9924,0.7584,1080,1920
test,07_1_1527,Left Hand Tool,Scissors,0.9945,0.9945,1080,1920
test,04_1_0680,Right Hand Tool,Gauze,0.9993,0.8728,1080,1920
test,07_1_0450,Right Hand Tool,Scissors,0.9671,0.6646,1080,1920
test,07_1_0537,Right Hand Tool,Gauze,0.9568,0.8997,1080,1920
test,07_1_0527,Left Hand Tool,Tweezers,0.9818,0.9818,1080,1920
test,04_1_0730,Left Hand Tool,Retractor,0.9983,0.9857,1080,1920
test,05_2_0170,Two Hands Tool,Tweezers,0.9716,0.6799,1080,1920
test,04_1_1394,Right Hand Tool,Needle Holders,1.0,1.0,1080,1920
test,07_1_0821,Left Hand Tool,Forceps,0.8709,0.8709,1080,1920
test,07_1_0824,Right Hand Tool,Gauze,1.0,0.6932,1080,1920
test,04_1_1534,Left Hand Tool,Tweezers,0.9956,0.9956,1080,1920
test,07_1_0413,Right Hand Tool,Hook,0.9881,0.9446,1080,1920
test,07_1_0856,Left Hand Tool,Tweezers,0.9771,0.9771,1080,1920
test,07_1_0986,Left Hand Tool,Gauze,0.9543,0.9543,1080,1920
test,04_1_1581,Right Hand Tool,Needle Holders,0.9826,0.9826,1080,1920
test,04_1_0651,Right Hand Tool,Forceps,0.9725,0.9725,1080,1920
test,07_1_0633,Left Hand Tool,Scissors,0.9968,0.0382,1080,1920
test,07_1_1647,Left Hand Tool,Needle Holders,0.0124,0.0106,1080,1920
test,07_1_0997,Right Hand Tool,Bipolar Forceps,0.9564,0.6767,1080,1920
test,04_1_0711,Left Hand Tool,Gauze,0.9966,0.8901,1080,1920
test,04_1_1672,Left Hand Tool,Tweezers,0.0,0.0,1080,1920
test,07_1_0714,Right Hand Tool,Scissors,1.0,0.7938,1080,1920
test,04_1_1631,Left Hand Tool,Tweezers,0.9922,0.9922,1080,1920
test,04_1_0861,Two Hands Tool,Forceps,0.9634,0.9634,1080,1920
test,07_1_1114,Left Hand Tool,Gauze,0.9747,0.8004,1080,1920
test,07_1_0292,Left Hand Tool,Gauze,1.0,0.6341,1080,1920
test,04_1_1530,Right Hand Tool,Needle Holders,0.9429,0.9429,1080,1920
test,04_1_1120,Right Hand Tool,Scalpel,1.0,1.0,1080,1920
test,07_1_0463,Right Hand Tool,Scissors,0.9942,0.4726,1080,1920
test,04_1_0604,Right Hand Tool,Retractor,0.8996,0.8996,1080,1920
test,07_1_0745,Right Hand Tool,Gauze,0.9981,0.9981,1080,1920
test,07_1_1178,Right Hand Tool,Needle Holders,0.9941,0.9941,1080,1920
test,07_1_1448,Right Hand Tool,Needle Holders,0.9813,0.8209,1080,1920
test,07_1_1435,Right Hand Tool,Needle Holders,0.1922,0.1922,1080,1920
test,04_1_1543,Left Hand Tool,Tweezers,0.9903,0.9903,1080,1920
test,04_1_0775,Two Hands Tool,Forceps,0.9735,0.7122,1080,1920
test,04_1_0674,Left Hand Tool,Gauze,0.9991,0.505,1080,1920
test,04_1_1190,Left Hand Tool,Retractor,0.8849,0.8849,1080,1920
test,05_2_0007,Right Hand Tool,Mouth Gag,0.3504,0.3504,1080,1920
test,04_1_0700,Right Hand Tool,Electric Cautery,0.9973,0.6108,1080,1920
test,04_1_1598,Right Hand Tool,Gauze,0.9844,0.8433,1080,1920
test,07_1_0409,Right Hand Tool,Scissors,0.9962,0.4822,1080,1920
test,04_1_0636,Right Hand Tool,Forceps,1.0,1.0,1080,1920
test,04_1_0519,Left Hand Tool,Gauze,0.9996,0.9996,1080,1920
test,07_1_1387,Right Hand Tool,Scissors,0.9639,0.9353,1080,1920
test,04_1_1601,Right Hand Tool,Tweezers,0.966,0.8665,1080,1920
test,04_1_1421,Left Hand Tool,Tweezers,0.9939,0.9939,1080,1920
test,04_1_1479,Left Hand Tool,Tweezers,0.9744,0.9599,1080,1920
test,07_1_0941,Right Hand Tool,Scalpel,0.9936,0.8989,1080,1920
test,07_1_1343,Right Hand Tool,Needle Holders,0.9993,0.9912,1080,1920
test,07_1_0168,Left Hand Tool,Gauze,0.9528,0.1262,1080,1920
test,07_1_1184,Right Hand Tool,Needle Holders,0.908,0.908,1080,1920
test,04_1_0581,Two Hands Tool,Scalpel,0.9931,0.9931,1080,1920
test,04_1_0634,Right Hand Tool,Forceps,0.9976,0.9976,1080,1920
test,04_1_1192,Left Hand Tool,Retractor,0.9589,0.9589,1080,1920
test,07_1_1399,Left Hand Tool,Tweezers,0.9991,0.9989,1080,1920
test,07_1_0480,Right Hand Tool,Scissors,0.9466,0.9466,1080,1920
test,04_1_1611,Right Hand Tool,Needle Holders,0.9465,0.9465,1080,1920
test,04_1_0536,Two Hands Tool,Syringe,1.0,1.0,1080,1920
test,04_1_1037,Right Hand Tool,Electric Cautery,0.9956,0.9956,1080,1920
test,07_1_0967,Right Hand Tool,Forceps,0.9565,0.9565,1080,1920
test,04_1_0701,Left Hand Tool,Forceps,0.9882,0.9882,1080,1920
test,07_1_0709,Right Hand Tool,Gauze,0.9511,0.6408,1080,1920
test,04_1_1211,Right Hand Tool,Gauze,0.9995,0.8851,1080,1920
test,04_1_0855,Right Hand Tool,Electric Cautery,1.0,0.9833,1080,1920
test,04_1_1491,Left Hand Tool,Tweezers,0.9992,0.9992,1080,1920
test,07_1_0288,Right Hand Tool,Scalpel,0.9926,0.897,1080,1920
test,07_1_1453,Right Hand Tool,Needle Holders,0.9959,0.9959,1080,1920
test,07_1_0157,Left Hand Tool,Gauze,0.9964,0.8533,1080,1920
test,04_1_1668,Two Hands Tool,Needle Holders,0.9903,0.9886,1080,1920
test,07_1_1072,Right Hand Tool,Bipolar Forceps,0.9916,0.2149,1080,1920
test,07_1_1525,Two Hands Tool,Forceps,0.0902,0.0522,1080,1920
test,07_1_1414,Right Hand Tool,Scissors,0.9946,0.9946,1080,1920
test,04_1_1640,Left Hand Tool,Tweezers,0.9678,0.9678,1080,1920
test,07_1_0367,Right Hand Tool,Suction Cannula,0.9933,0.2488,1080,1920
test,07_1_0825,Right Hand Tool,Forceps,0.9651,0.0966,1080,1920
test,07_1_1068,Right Hand Tool,Bipolar Forceps,0.9968,0.7612,1080,1920
test,04_1_1474,Left Hand Tool,Tweezers,0.9777,0.9777,1080,1920
test,04_1_1162,Right Hand Tool,Forceps,0.9955,0.9955,1080,1920
test,07_1_1605,Left Hand Tool,Forceps,0.8513,0.1031,1080,1920
test,04_1_0849,Right Hand Tool,Forceps,0.9977,0.9977,1080,1920
test,04_1_0830,Two Hands Tool,Forceps,0.99,0.99,1080,1920
test,07_1_1200,Right Hand Tool,Tweezers,0.9832,0.9832,1080,1920
test,07_1_0298,Right Hand Tool,Scalpel,0.9983,0.9983,1080,1920
test,04_1_1509,Right Hand Tool,Needle Holders,0.9265,0.9265,1080,1920
test,04_1_1672,Right Hand Tool,Needle Holders,0.9904,0.9904,1080,1920
test,07_1_1670,Left Hand Tool,Forceps,0.9822,0.9822,1080,1920
test,07_1_0355,Left Hand Tool,Tweezers,0.9993,0.9993,1080,1920
test,04_1_1219,Right Hand Tool,Retractor,0.9833,0.2462,1080,1920
test,04_1_0704,Left Hand Tool,Gauze,0.989,0.8872,1080,1920
test,04_1_0786,Two Hands Tool,Forceps,0.9737,0.9737,1080,1920
test,04_1_1567,Right Hand Tool,Needle Holders,0.9372,0.9074,1080,1920
test,04_1_0587,Left Hand Tool,Gauze,0.9969,0.3016,1080,1920
test,04_1_0867,Left Hand Tool,Forceps,0.9779,0.9779,1080,1920
test,07_1_1018,Right Hand Tool,Bipolar Forceps,0.9949,0.6784,1080,1920
test,07_1_0618,Left Hand Tool,Forceps,0.9784,0.3255,1080,1920
test,04_1_1210,Left Hand Tool,Tweezers,0.9976,0.9976,1080,1920
test,05_2_0011,Right Hand Tool,Mouth Gag,0.2239,0.2239,1080,1920
test,07_1_0696,Right Hand Tool,Scissors,0.9856,0.5167,1080,1920
test,04_1_1503,Left Hand Tool,Tweezers,0.9406,0.9406,1080,1920
test,04_1_0534,Two Hands Tool,Syringe,1.0,1.0,1080,1920
test,04_1_0707,Left Hand Tool,Gauze,0.9999,0.9999,1080,1920
test,07_1_1642,Left Hand Tool,Forceps,0.9628,0.9628,1080,1920
test,04_1_0928,Two Hands Tool,Forceps,0.8613,0.8251,1080,1920
test,04_1_1577,Left Hand Tool,Tweezers,0.991,0.991,1080,1920
test,07_1_0993,Left Hand Tool,Tweezers,0.9963,0.9911,1080,1920
test,07_1_1433,Left Hand Tool,Tweezers,0.9951,0.9951,1080,1920
test,07_1_0987,Left Hand Tool,Gauze,0.9655,0.9655,1080,1920
test,04_1_1534,Right Hand Tool,Needle Holders,0.9666,0.9666,1080,1920
test,07_1_0431,Right Hand Tool,Bipolar Forceps,0.9971,0.9971,1080,1920
test,04_1_0718,Left Hand Tool,Tweezers,0.8655,0.8209,1080,1920
test,07_1_0707,Left Hand Tool,Tweezers,0.9908,0.9908,1080,1920
test,07_1_0988,Left Hand Tool,Gauze,1.0,0.9981,1080,1920
test,04_1_1482,Right Hand Tool,Needle Holders,0.9937,0.9937,1080,1920
test,07_1_1548,Left Hand Tool,Needle Holders,0.1693,0.0648,1080,1920
test,04_1_1414,Left Hand Tool,Tweezers,0.9918,0.9918,1080,1920
test,04_1_0625,Right Hand Tool,Electric Cautery,0.9992,0.9992,1080,1920
test,07_1_0174,Left Hand Tool,Gauze,0.9071,0.9038,1080,1920
test,07_1_0690,Left Hand Tool,Tweezers,0.9369,0.7219,1080,1920
test,07_1_1169,Right Hand Tool,Needle Holders,0.9917,0.9917,1080,1920
test,04_1_0579,Left Hand Tool,Gauze,0.9804,0.9804,1080,1920
test,04_1_0530,Left Hand Tool,Gauze,0.9994,0.9994,1080,1920
test,04_1_0632,Right Hand Tool,Forceps,0.9704,0.9704,1080,1920
test,07_1_0339,Right Hand Tool,Hook,0.9977,0.7613,1080,1920
test,07_1_1298,Left Hand Tool,Tweezers,1.0,1.0,1080,1920
test,04_1_0827,Right Hand Tool,Forceps,1.0,1.0,1080,1920
test,04_1_0957,Right Hand Tool,Forceps,0.9992,0.9992,1080,1920
test,07_1_0927,Right Hand Tool,Scalpel,0.9707,0.9703,1080,1920
test,04_1_0637,Right Hand Tool,Forceps,0.9906,0.9906,1080,1920
test,07_1_0715,Right Hand Tool,Scissors,0.9978,0.7827,1080,1920
test,07_1_1648,Left Hand Tool,Needle Holders,0.0352,0.0277,1080,1920
test,04_1_0866,Left Hand Tool,Forceps,0.9971,0.9971,1080,1920
test,04_1_1486,Left Hand Tool,Tweezers,0.9613,0.4174,1080,1920
test,07_1_1608,Right Hand Tool,Forceps,0.9959,0.9959,1080,1920
test,04_1_1632,Left Hand Tool,Tweezers,0.9973,0.9973,1080,1920
test,05_2_0029,Left Hand Tool,Tweezers,0.9704,0.9704,1080,1920
test,07_1_1410,Left Hand Tool,Tweezers,0.9974,0.9974,1080,1920
test,07_1_0790,Left Hand Tool,Tweezers,0.2437,0.2437,1080,1920
test,04_1_0986,Left Hand Tool,Scissors,0.9835,0.7214,1080,1920
test,07_1_0756,Right Hand Tool,Needle Holders,0.9514,0.431,1080,1920
test,07_1_0348,Left Hand Tool,Tweezers,0.9959,0.9959,1080,1920
test,05_2_0022,Left Hand Tool,Tweezers,1.0,1.0,1080,1920
test,07_1_0858,Right Hand Tool,Needle Holders,0.9684,0.6659,1080,1920
test,04_1_1457,Right Hand Tool,Needle Holders,0.8615,0.8615,1080,1920
test,04_1_0662,Left Hand Tool,Forceps,0.9398,0.6624,1080,1920
test,04_1_1533,Right Hand Tool,Needle Holders,0.9895,0.9895,1080,1920
test,07_1_1393,Left Hand Tool,Tweezers,0.9931,0.9931,1080,1920
test,05_2_0207,Two Hands Tool,Tweezers,0.993,0.7517,1080,1920
test,07_1_1301,Right Hand Tool,Needle Holders,0.9985,0.9985,1080,1920
test,07_1_0443,Left Hand Tool,Gauze,0.9299,0.6271,1080,1920
test,07_1_1290,Right Hand Tool,Needle Holders,0.8533,0.8533,1080,1920
test,04_1_0618,Right Hand Tool,Electric Cautery,1.0,1.0,1080,1920
test,07_1_0926,Left Hand Tool,Forceps,0.9968,0.5591,1080,1920
test,07_1_0268,Left Hand Tool,Gauze,1.0,0.6417,1080,1920
test,04_1_0871,Right Hand Tool,Hook,1.0,1.0,1080,1920
test,07_1_1039,Right Hand Tool,Bipolar Forceps,0.9978,0.629,1080,1920
test,07_1_1319,Left Hand Tool,Forceps,0.9642,0.9642,1080,1920
test,07_1_1380,Left Hand Tool,Tweezers,0.9909,0.9909,1080,1920
test,04_1_0740,Left Hand Tool,Tweezers,0.966,0.265,1080,1920
test,07_1_0513,Right Hand Tool,Bipolar Forceps,0.998,0.9956,1080,1920
test,07_1_1011,Left Hand Tool,Tweezers,0.9975,0.9975,1080,1920
test,05_2_0007,Left Hand Tool,Tweezers,0.9823,0.9823,1080,1920
test,04_1_1569,Right Hand Tool,Needle Holders,0.9633,0.9592,1080,1920
test,04_1_1442,Right Hand Tool,Needle Holders,1.0,1.0,1080,1920
test,04_1_0727,Right Hand Tool,Forceps,0.9429,0.9429,1080,1920
test,07_1_1043,Left Hand Tool,Tweezers,0.9855,0.6059,1080,1920
test,04_1_1634,Right Hand Tool,Needle Holders,0.9957,0.9881,1080,1920
test,04_1_1388,Left Hand Tool,Tweezers,0.9547,0.9547,1080,1920
test,04_1_0878,Right Hand Tool,Forceps,0.9864,0.9864,1080,1920
test,04_1_0725,Right Hand Tool,Gauze,0.9861,0.9861,1080,1920
test,04_1_1413,Left Hand Tool,Tweezers,0.9999,0.9999,1080,1920
test,04_1_1640,Right Hand Tool,Needle Holders,1.0,1.0,1080,1920
test,07_1_1201,Left Hand Tool,Forceps,0.0,0.0,1080,1920
test,07_1_1570,Right Hand Tool,Forceps,0.1365,0.1365,1080,1920
test,07_1_1493,Left Hand Tool,Tweezers,0.9272,0.9272,1080,1920
test,07_1_0584,Right Hand Tool,Scissors,0.9972,0.9972,1080,1920
test,04_1_0676,Right Hand Tool,Forceps,0.9993,0.7082,1080,1920
test,04_1_0776,Two Hands Tool,Forceps,0.9915,0.5353,1080,1920
test,07_1_0416,Right Hand Tool,Scissors,1.0,0.7815,1080,1920
test,07_1_0976,Left Hand Tool,Forceps,0.9486,0.888,1080,1920
test,04_1_0665,Left Hand Tool,Forceps,1.0,1.0,1080,1920
test,07_1_0291,Left Hand Tool,Gauze,0.9999,0.5894,1080,1920
test,07_1_0522,Right Hand Tool,Scissors,0.986,0.986,1080,1920
test,04_1_0615,Left Hand Tool,Retractor,0.9871,0.9871,1080,1920
test,07_1_0425,Right Hand Tool,Bipolar Forceps,0.9902,0.8906,1080,1920
test,07_1_1484,Right Hand Tool,Needle Holders,0.9916,0.9916,1080,1920
test,07_1_0320,Left Hand Tool,Tweezers,0.9968,0.2186,1080,1920
test,07_1_0702,Left Hand Tool,Tweezers,0.9943,0.9894,1080,1920
test,04_1_0690,Left Hand Tool,Forceps,0.9963,0.6436,1080,1920
test,04_1_0672,Two Hands Tool,Forceps,1.0,1.0,1080,1920
test,04_1_1681,Left Hand Tool,Tweezers,0.9849,0.9849,1080,1920
test,04_1_0556,Left Hand Tool,Gauze,0.9916,0.9916,1080,1920
test,07_1_1249,Right Hand Tool,Needle Holders,0.9962,0.9962,1080,1920
test,04_1_1678,Left Hand Tool,Tweezers,0.9912,0.8688,1080,1920
test,07_1_1523,Right Hand Tool,Forceps,0.9969,0.9642,1080,1920
test,04_1_1601,Left Hand Tool,Needle Holders,0.9104,0.8843,1080,1920
test,04_1_1648,Right Hand Tool,Needle Holders,0.9809,0.9809,1080,1920
test,04_1_0602,Left Hand Tool,Retractor,0.9426,0.9417,1080,1920
test,07_1_1276,Right Hand Tool,Needle Holders,0.9978,0.9899,1080,1920
test,07_1_1288,Left Hand Tool,Tweezers,1.0,1.0,1080,1920
test,07_1_0733,Right Hand Tool,Scissors,0.9912,0.5265,1080,1920
test,07_1_0274,Left Hand Tool,Gauze,0.9779,0.5169,1080,1920
test,07_1_1563,Right Hand Tool,Forceps,0.926,0.926,1080,1920
test,04_1_1593,Left Hand Tool,Tweezers,0.9977,0.9945,1080,1920
test,07_1_1037,Right Hand Tool,Bipolar Forceps,0.9906,0.5523,1080,1920
test,07_1_0749,Left Hand Tool,Forceps,0.9185,0.9185,1080,1920
test,04_1_0670,Right Hand Tool,Forceps,0.9972,0.9972,1080,1920
test,04_1_1198,Left Hand Tool,Retractor,0.9994,0.9994,1080,1920
test,04_1_1456,Left Hand Tool,Tweezers,0.9916,0.9916,1080,1920
test,04_1_1656,Right Hand Tool,Needle Holders,0.981,0.981,1080,1920
test,07_1_0339,Left Hand Tool,Tweezers,0.9986,0.2045,1080,1920
test,04_1_1384,Right Hand Tool,Needle Holders,0.9902,0.9902,1080,1920
test,07_1_1546,Left Hand Tool,Tweezers,0.0115,0.0019,1080,1920
test,07_1_0736,Left Hand Tool,Tweezers,0.9898,0.9898,1080,1920
test,05_2_0061,Left Hand Tool,Mouth Gag,1.0,1.0,1080,1920
test,07_1_1494,Left Hand Tool,Tweezers,0.9961,0.9961,1080,1920
test,07_1_1442,Right Hand Tool,Needle Holders,1.0,1.0,1080,1920
test,05_2_0038,Right Hand Tool,Tweezers,1.0,0.5892,1080,1920
test,04_1_0796,Left Hand Tool,Forceps,1.0,1.0,1080,1920
test,04_1_0769,Left Hand Tool,Tweezers,0.9903,0.1804,1080,1920
test,04_1_0987,Two Hands Tool,Forceps,1.0,1.0,1080,1920
test,05_2_0047,Left Hand Tool,Tweezers,0.9863,0.9863,1080,1920
test,07_1_1530,Left Hand Tool,Forceps,0.9869,0.9858,1080,1920
test,04_1_1165,Right Hand Tool,Forceps,0.9979,0.9979,1080,1920
test,07_1_1069,Right Hand Tool,Gauze,0.4944,0.4944,1080,1920
test,07_1_0685,Left Hand Tool,Forceps,0.9181,0.8873,1080,1920
test,07_1_0515,Right Hand Tool,Scissors,0.9322,0.9322,1080,1920
test,07_1_1404,Left Hand Tool,Tweezers,1.0,1.0,1080,1920
test,04_1_0754,Left Hand Tool,Retractor,1.0,1.0,1080,1920
test,04_1_0633,Left Hand Tool,Electric Cautery,1.0,1.0,1080,1920
test,07_1_0460,Right Hand Tool,Forceps,0.9935,0.1826,1080,1920
test,04_1_1674,Right Hand Tool,Needle Holders,0.9858,0.9858,1080,1920
test,04_1_0920,Left Hand Tool,Retractor,0.9911,0.9911,1080,1920
test,05_2_0211,Two Hands Tool,Tweezers,0.9883,0.5982,1080,1920
test,07_1_0550,Right Hand Tool,Scissors,0.9936,0.9936,1080,1920
test,04_1_1662,Left Hand Tool,Tweezers,0.0128,0.0128,1080,1920
test,04_1_1617,Left Hand Tool,Tweezers,0.9858,0.9858,1080,1920
test,07_1_1386,Left Hand Tool,Tweezers,1.0,1.0,1080,1920
test,07_1_1419,Right Hand Tool,Scissors,0.9496,0.9367,1080,1920
test,04_1_0936,Left Hand Tool,Forceps,0.9702,0.9643,1080,1920
test,07_1_1160,Left Hand Tool,Tweezers,0.9855,0.9855,1080,1920
test,04_1_0698,Left Hand Tool,Forceps,0.9932,0.9932,1080,1920
test,07_1_1384,Right Hand Tool,Scissors,0.9829,0.9757,1080,1920
test,07_1_0584,Left Hand Tool,Tweezers,1.0,1.0,1080,1920
test,04_1_0560,Left Hand Tool,Gauze,1.0,0.9756,1080,1920
test,05_2_0030,Left Hand Tool,Tweezers,0.9899,0.9826,1080,1920
test,04_1_1114,Right Hand Tool,Scalpel,0.9906,0.9906,1080,1920
test,04_1_0792,Two Hands Tool,Forceps,0.9588,0.9588,1080,1920
test,04_1_0749,Left Hand Tool,Retractor,1.0,0.9211,1080,1920
test,07_1_0737,Right Hand Tool,Gauze,0.9969,0.7193,1080,1920
test,04_1_1671,Right Hand Tool,Needle Holders,0.9995,0.9995,1080,1920
test,07_1_1188,Right Hand Tool,Needle Holders,0.996,0.996,1080,1920
test,04_1_0546,Two Hands Tool,Syringe,1.0,1.0,1080,1920
test,04_1_0772,Right Hand Tool,Forceps,0.9888,0.7771,1080,1920
test,07_1_1235,Left Hand Tool,Tweezers,0.9485,0.9485,1080,1920
test,04_1_1653,Left Hand Tool,Tweezers,0.9998,0.9998,1080,1920
test,07_1_0573,Right Hand Tool,Bipolar Forceps,0.9918,0.8129,1080,1920
test,07_1_0270,Left Hand Tool,Gauze,0.9968,0.4792,1080,1920
test,07_1_1396,Left Hand Tool,Tweezers,0.9729,0.9729,1080,1920
test,07_1_0145,Left Hand Tool,Gauze,0.8963,0.8963,1080,1920
test,07_1_0503,Left Hand Tool,Tweezers,1.0,1.0,1080,1920
test,07_1_0494,Left Hand Tool,Tweezers,1.0,1.0,1080,1920
test,04_1_0932,Left Hand Tool,Forceps,0.9967,0.9967,1080,1920
test,07_1_1332,Left Hand Tool,Tweezers,0.9496,0.9496,1080,1920
test,07_1_1066,Right Hand Tool,Gauze,0.9999,0.4101,1080,1920
test,07_1_1405,Left Hand Tool,Tweezers,0.9979,0.9979,1080,1920
test,04_1_1242,Left Hand Tool,Retractor,0.9732,0.9732,1080,1920
test,04_1_1449,Right Hand Tool,Needle Holders,0.9785,0.9785,1080,1920
test,07_1_1062,Left Hand Tool,Tweezers,0.976,0.7638,1080,1920
test,07_1_1156,Left Hand Tool,Tweezers,0.9798,0.9798,1080,1920
test,05_2_0056,Left Hand Tool,Tweezers,0.9803,0.9803,1080,1920
test,04_1_1548,Left Hand Tool,Tweezers,1.0,1.0,1080,1920
test,07_1_1653,Right Hand Tool,Suction Cannula,0.9941,0.9455,1080,1920
test,07_1_1273,Left Hand Tool,Tweezers,0.9812,0.6329,1080,1920
test,04_1_1518,Left Hand Tool,Tweezers,1.0,1.0,1080,1920
test,07_1_1582,Left Hand Tool,Forceps,0.0509,0.0486,1080,1920
test,04_1_0933,Right Hand Tool,Electric Cautery,0.9985,0.9985,1080,1920
test,04_1_1551,Right Hand Tool,Needle Holders,1.0,1.0,1080,1920
test,04_1_1658,Left Hand Tool,Tweezers,0.9982,0.9982,1080,1920
test,07_1_1501,Right Hand Tool,Tweezers,1.0,1.0,1080,1920
test,04_1_1562,Left Hand Tool,Tweezers,1.0,1.0,1080,1920
test,04_1_0708,Left Hand Tool,Gauze,0.9986,0.8342,1080,1920
test,07_1_1548,Right Hand Tool,Forceps,0.9842,0.9842,1080,1920
test,07_1_0439,Left Hand Tool,Gauze,0.9995,0.8611,1080,1920
test,07_1_1518,Left Hand Tool,Forceps,0.9573,0.9573,1080,1920
test,07_1_0520,Right Hand Tool,Gauze,0.9118,0.9118,1080,1920
test,07_1_0714,Left Hand Tool,Tweezers,0.994,0.994,1080,1920
test,07_1_0341,Right Hand Tool,Hook,0.9937,0.7305,1080,1920
test,07_1_1040,Right Hand Tool,Bipolar Forceps,0.9959,0.6205,1080,1920
test,07_1_1351,Left Hand Tool,Forceps,0.96,0.96,1080,1920
test,07_1_0267,Left Hand Tool,Gauze,0.9998,0.5837,1080,1920
test,07_1_0449,Left Hand Tool,Tweezers,1.0,0.7082,1080,1920
test,04_1_1202,Right Hand Tool,Gauze,0.9977,0.8887,1080,1920
test,04_1_0561,Left Hand Tool,Gauze,0.99,0.99,1080,1920
test,04_1_1602,Left Hand Tool,Needle Holders,0.0,0.0,1080,1920
test,07_1_0542,Right Hand Tool,Scissors,1.0,1.0,1080,1920
test,07_1_1301,Left Hand Tool,Tweezers,1.0,1.0,1080,1920
test,07_1_0173,Left Hand Tool,Gauze,0.9865,0.9865,1080,1920
test,07_1_0284,Right Hand Tool,Scalpel,0.8854,0.8304,1080,1920
test,07_1_1023,Left Hand Tool,Tweezers,0.9941,0.9941,1080,1920
test,07_1_0428,Right Hand Tool,Bipolar Forceps,0.9992,0.9699,1080,1920
test,04_1_0784,Right Hand Tool,Forceps,0.9426,0.9426,1080,1920
test,07_1_1277,Right Hand Tool,Needle Holders,0.9987,0.9886,1080,1920
test,04_1_0907,Right Hand Tool,Forceps,1.0,1.0,1080,1920
test,07_1_1268,Right Hand Tool,Needle Holders,0.9998,0.9998,1080,1920
test,07_1_0693,Right Hand Tool,Scissors,0.972,0.5938,1080,1920
test,04_1_1037,Left Hand Tool,Forceps,1.0,1.0,1080,1920
test,07_1_1026,Right Hand Tool,Bipolar Forceps,0.9854,0.9242,1080,1920
test,04_1_0897,Right Hand Tool,Gauze,0.9934,0.9934,1080,1920
test,04_1_1264,Left Hand Tool,Syringe,0.0,0.0,1080,1920
test,07_1_0553,Right Hand Tool,Gauze,0.976,0.976,1080,1920
test,04_1_1511,Left Hand Tool,Tweezers,0.9985,0.9985,1080,1920
test,04_1_1625,Right Hand Tool,Needle Holders,0.9018,0.9018,1080,1920
test,04_1_1527,Left Hand Tool,Tweezers,0.9823,0.9823,1080,1920
test,07_1_1001,Right Hand Tool,Bipolar Forceps,0.9913,0.5755,1080,1920
test,07_1_1254,Left Hand Tool,Tweezers,0.9678,0.9678,1080,1920
test,07_1_0740,Left Hand Tool,Tweezers,0.9972,0.989,1080,1920
test,05_2_0018,Left Hand Tool,Tweezers,1.0,1.0,1080,1920
test,07_1_1185,Left Hand Tool,Tweezers,1.0,1.0,1080,1920
test,04_1_1666,Right Hand Tool,Needle Holders,0.9829,0.9829,1080,1920
test,04_1_0847,Right Hand Tool,Electric Cautery,1.0,0.9885,1080,1920
test,04_1_1406,Right Hand Tool,Needle Holders,0.9865,0.9843,1080,1920
test,07_1_0341,Left Hand Tool,Tweezers,0.9971,0.186,1080,1920
