{
  "epoch": 5,
  "phase_accuracy": 0.601980198019802,
  "phase_edit_score": 4.918188455125738,
  "phase_macro_f1": 0.2980187091469526,
  "phase_seg_f1_10": 0.0708848556391717,
  "phase_seg_f1_25": 0.05143180364959913,
  "phase_seg_f1_50": 0.013280212483399735,
  "train_loss": 0.9693940305137061
}
