{
  "anesthesia": 0.11214953271028037,
  "closure": 0.7083333333333334,
  "design": 0.019047619047619046,
  "disinfection": 0.0,
  "dissection": 0.6589673913043478,
  "dressing": 0.0,
  "hemostasis": 0.06060606060606061,
  "incision": 0.5270270270270271,
  "irrigation": 0.0
}
