{
  "epoch": 9,
  "mAP": 0.276,
  "val/AP_common": 0.2670833333333333,
  "val/AP_rare": 0.12966666666666668,
  "val/mAP": 0.276,
  "val/mAP_50": 0.411,
  "val/mAP_75": 0.295
}
